date,O3,NO,NO2,NOx,CO,PM10,station,day_of_week,quarter_num,year
2021-01-01,14.168777916666665,21.13648625,29.890934166666668,62.29976208333334,0.3305843333333333,21.254,London Marylebone Road,4,1,2021
2021-01-02,21.778473333333334,11.243935833333333,24.353094583333334,41.59355541666667,0.24331662499999998,,London Marylebone Road,5,1,2021
2021-01-03,25.285104583333332,6.264511250000001,16.727747083333334,26.333196666666666,0.12014429166666667,36.681,London Marylebone Road,6,1,2021
2021-01-04,35.14580208333333,3.9826683333333333,13.439897916666666,19.54657125,0.132457875,25.736,London Marylebone Road,0,1,2021
2021-01-05,29.900159583333334,6.389799166666666,15.996389583333332,25.793944999999997,0.09888245833333333,,London Marylebone Road,1,1,2021
2021-01-06,19.011815000000002,10.700645652173913,22.537950434782605,38.94537521739131,0.18876375,,London Marylebone Road,2,1,2021
2021-01-07,7.240649583333333,54.855488333333334,46.88085208333334,130.99142833333335,0.34415141666666665,,London Marylebone Road,3,1,2021
2021-01-08,4.689202916666667,40.403775,40.75550666666667,102.70709708333334,0.275775125,,London Marylebone Road,4,1,2021
2021-01-09,12.358095416666666,40.67346333333333,41.303106666666665,103.66821416666666,0.40743304166666666,,London Marylebone Road,5,1,2021
2021-01-10,10.437233749999999,31.936141666666668,40.6046575,89.57272458333334,0.23508395833333331,,London Marylebone Road,6,1,2021
2021-01-11,19.97001695652174,44.96445583333334,47.32020166666666,116.26473750000001,0.3958339583333333,,London Marylebone Road,0,1,2021
2021-01-12,30.735860000000002,16.31206166666667,35.204805416666666,60.21628416666667,0.3285422083333333,,London Marylebone Road,1,1,2021
2021-01-13,5.310779583333333,88.47427125,58.36058791666667,194.01924250000002,0.4498663333333333,19.5,London Marylebone Road,2,1,2021
2021-01-14,18.226701666666667,22.533928333333332,42.11095875,76.66249875,0.27533070833333334,5.966,London Marylebone Road,3,1,2021
2021-01-15,11.249373749999998,39.16749458333333,41.44181458333333,101.49780166666666,0.3097499166666667,16.875,London Marylebone Road,4,1,2021
2021-01-16,13.998312083333333,40.13592416666666,43.246508750000004,104.78740041666667,0.3196276666666667,13.25,London Marylebone Road,5,1,2021
2021-01-17,30.142693750000003,18.03462083333333,34.49488916666667,62.147588750000004,0.24307054166666667,,London Marylebone Road,6,1,2021
2021-01-18,18.614754166666668,59.39507166666667,50.58435125,141.65552375000001,0.41277241666666664,,London Marylebone Road,0,1,2021
2021-01-19,35.57841565217391,32.8810625,34.11775041666667,84.53467500000001,0.23401708333333335,8.583,London Marylebone Road,1,1,2021
2021-01-20,37.74982260869565,28.881877826086956,31.574270000000002,75.85919739130435,0.2152723043478261,10.583,London Marylebone Road,2,1,2021
2021-01-21,28.206587916666667,46.989123750000005,47.647566250000004,119.69655125000001,0.4126718333333333,14.958,London Marylebone Road,3,1,2021
2021-01-22,13.719746666666666,68.56150875,58.154262499999994,163.28044458333332,0.33362749999999997,18.216,London Marylebone Road,4,1,2021
2021-01-23,21.342211666666667,31.3920225,44.66687166666667,92.80063416666667,0.324223875,15.25,London Marylebone Road,5,1,2021
2021-01-24,17.72639,28.83029458333333,49.07803125,93.28386541666667,0.27162225,12.375,London Marylebone Road,6,1,2021
2021-01-25,19.414419166666665,47.272365416666666,52.96078958333334,125.4440725,0.33258858333333335,15.145,London Marylebone Road,0,1,2021
2021-01-26,15.077514500000001,54.5277215,55.010344499999995,138.6183495,0.33292471428571424,15.062,London Marylebone Road,1,1,2021
2021-01-27,5.585881666666666,68.87112833333333,52.24660583333334,157.84753041666667,0.30158541666666666,,London Marylebone Road,2,1,2021
2021-01-28,13.593627916666668,57.350342500000004,51.752210416666664,139.68817333333334,0.28601675,11.608,London Marylebone Road,3,1,2021
2021-01-29,26.520635833333333,38.682508750000004,46.26711875,105.57946916666667,0.389461,,London Marylebone Road,4,1,2021
2021-01-30,24.864482499999998,19.398932916666666,30.257210416666666,60.00182458333333,0.20866854166666668,,London Marylebone Road,5,1,2021
2021-01-31,22.055950416666665,25.351143333333336,32.642563333333335,71.51377333333333,0.193506875,,London Marylebone Road,6,1,2021
2021-02-01,13.732218333333334,21.781320833333336,30.7913575,64.18891666666667,0.20647204166666666,7.629,London Marylebone Road,0,1,2021
2021-02-02,20.744887083333335,63.662215833333335,52.19914666666667,149.81318375,0.310880375,,London Marylebone Road,1,1,2021
2021-02-03,20.184770869565217,57.877030000000005,60.355556521739125,149.09909826086957,0.40601269565217385,45.847,London Marylebone Road,2,1,2021
2021-02-04,13.181322916666666,58.84174333333333,57.85192541666667,148.07467041666666,0.22128133333333333,,London Marylebone Road,3,1,2021
2021-02-05,18.938362083333335,54.55042875,59.75340500000001,143.39622958333334,0.325560875,,London Marylebone Road,4,1,2021
2021-02-06,19.550930833333332,15.00381,29.083572083333333,52.089093749999996,0.145618625,,London Marylebone Road,5,1,2021
2021-02-07,61.208396666666665,1.8755775000000001,7.968253333333333,10.844097916666668,0.194924375,,London Marylebone Road,6,1,2021
2021-02-08,53.737687916666665,4.374355416666666,17.066999166666665,23.774252083333334,0.12524629166666668,,London Marylebone Road,0,1,2021
2021-02-09,43.412018749999994,21.136457500000002,34.85685375,67.2656375,0.12809983333333333,,London Marylebone Road,1,1,2021
2021-02-10,45.65787541666666,7.811163333333333,28.837253750000002,40.81420166666667,0.18323204166666665,,London Marylebone Road,2,1,2021
2021-02-11,25.4160725,52.66613791666666,56.06626083333333,136.81987875000002,0.2955572083333333,,London Marylebone Road,3,1,2021
2021-02-12,29.337484166666666,49.54130583333333,53.13540583333333,129.0976825,0.18101250000000002,,London Marylebone Road,4,1,2021
2021-02-13,36.60862375,34.169698333333336,41.89934291666667,94.29214999999999,0.19821408333333335,21.079,London Marylebone Road,5,1,2021
2021-02-14,36.8996625,25.786601666666666,37.30967833333333,76.84858291666667,0.332695,23.5,London Marylebone Road,6,1,2021
2021-02-15,13.842399166666667,79.62402208333333,56.771064583333334,178.85952875,0.412916125,13.029,London Marylebone Road,0,1,2021
2021-02-16,19.762281666666667,80.73611958333333,56.79400125,180.5876570833333,0.3654729583333333,17.012,London Marylebone Road,1,1,2021
2021-02-17,26.27093304347826,64.81572434782608,53.41342043478261,152.79614565217392,0.25964445454545454,16.639,London Marylebone Road,2,1,2021
2021-02-18,31.181151,34.721021111111114,42.58828333333334,95.82643777777778,0.17550300000000002,16.667,London Marylebone Road,3,1,2021
2021-02-19,20.738651333333333,58.472039333333335,60.93225066666666,150.58812600000002,0.27919140000000003,18.792,London Marylebone Road,4,1,2021
2021-02-20,26.537959999999998,32.592155416666664,49.20491333333334,99.17885374999999,0.31431712500000003,38.625,London Marylebone Road,5,1,2021
2021-02-21,23.148042083333333,31.843227083333332,51.20518166666667,100.03078125,0.33999545833333333,25.542,London Marylebone Road,6,1,2021
2021-02-22,3.183419166666667,92.24554666666667,63.78059583333334,205.22179500000001,0.3584450416666667,33.042,London Marylebone Road,0,1,2021
2021-02-23,24.61017,49.90022041666666,53.05917041666667,129.57177458333334,0.25858995833333337,15.875,London Marylebone Road,1,1,2021
2021-02-24,25.633659166666664,53.38224208333333,53.28429,135.13591958333333,0.236694,22.13,London Marylebone Road,2,1,2021
2021-02-25,30.41294375,25.455479166666667,48.70890125,87.74008958333333,0.35718441666666667,22.545,London Marylebone Road,3,1,2021
2021-02-26,21.4024975,50.78706875,57.05185,134.92427125,0.33142191666666665,29.433,London Marylebone Road,4,1,2021
2021-02-27,22.3954975,46.16736791666667,55.87156833333333,126.66054374999999,0.3408358333333333,30.014,London Marylebone Road,5,1,2021
2021-02-28,33.500735416666664,9.9052475,33.33995125,48.52778625,0.17407429166666666,24.181,London Marylebone Road,6,1,2021
2021-03-01,22.766918750000002,35.83819166666667,41.69780291666667,96.64892875,0.24316604166666667,7.838,London Marylebone Road,0,1,2021
2021-03-02,13.00254125,24.556687083333333,35.08143375,72.73449583333333,0.17714241666666666,24.423,London Marylebone Road,1,1,2021
2021-03-03,1.3131134782608695,53.95741130434782,48.88050260869565,131.61404652173914,0.17079625,50.514,London Marylebone Road,2,1,2021
2021-03-04,30.92711375,9.384331666666666,29.385737083333336,43.77484208333333,0.17441045833333332,,London Marylebone Road,3,1,2021
2021-03-05,52.19656416666667,7.207245833333334,26.54759,37.59854583333333,0.23009591666666665,,London Marylebone Road,4,1,2021
2021-03-06,43.90401458333333,8.310474166666667,32.65384916666667,45.39639875,0.14667304166666667,,London Marylebone Road,5,1,2021
2021-03-07,42.015723333333334,14.361283333333333,37.47703125,59.497356249999996,0.25749716666666667,,London Marylebone Road,6,1,2021
2021-03-08,9.733197083333334,72.76879541666666,69.359795,180.93705666666665,0.47784258333333335,,London Marylebone Road,0,1,2021
2021-03-09,21.123931250000002,41.265656666666665,58.001194999999996,121.27431916666667,0.34806462499999996,,London Marylebone Road,1,1,2021
2021-03-10,36.6564375,38.57703875,44.45041791666667,103.60105083333333,0.36697650000000004,,London Marylebone Road,2,1,2021
2021-03-11,40.07476625,29.122928333333334,41.777915416666666,86.43244791666666,0.45531645833333334,,London Marylebone Road,3,1,2021
2021-03-12,38.50038083333333,36.72924125,47.0511975,103.36858124999999,0.282503,,London Marylebone Road,4,1,2021
2021-03-13,48.17813833333333,15.774400833333333,34.012165,58.19924291666666,0.36495929166666663,,London Marylebone Road,5,1,2021
2021-03-14,43.437659583333335,11.747026666666669,32.33207708333333,50.34393208333333,0.22236291666666666,,London Marylebone Road,6,1,2021
2021-03-15,57.528132916666664,5.575541666666666,28.500475833333336,37.049522083333336,0.15625504166666668,,London Marylebone Road,0,1,2021
2021-03-16,38.96881583333333,15.388822083333332,32.612838333333336,56.208703750000005,0.289647625,,London Marylebone Road,1,1,2021
2021-03-17,43.45258909090909,9.207488636363637,25.98770272727273,40.10565409090909,0.16060295454545456,,London Marylebone Road,2,1,2021
2021-03-18,34.91920833333334,8.472107916666667,28.364320000000003,41.35470458333334,0.2819969583333333,,London Marylebone Road,3,1,2021
2021-03-19,51.12318375,7.425540833333333,25.69747083333333,37.083138749999996,0.32784162499999997,,London Marylebone Road,4,1,2021
2021-03-20,33.31987541666667,10.896798095238095,31.831453809523808,48.53964047619048,0.2599226666666667,12.715,London Marylebone Road,5,1,2021
2021-03-21,47.851065,11.47743,47.02825,64.62672,0.21522875,11.435,London Marylebone Road,6,1,2021
2021-03-22,26.56498625,28.505298235294116,54.07760764705883,97.78512176470588,0.19199981818181816,24.167,London Marylebone Road,0,1,2021
2021-03-23,20.241110833333334,58.230314166666666,65.21304958333333,154.49828583333334,,29.268,London Marylebone Road,1,1,2021
2021-03-24,25.85055291666667,54.6486325,62.22218916666666,146.01559,,31.055,London Marylebone Road,2,1,2021
2021-03-25,27.180326250000004,49.02700875,59.12184583333333,134.29554291666668,0.2486393,19.153,London Marylebone Road,3,1,2021
2021-03-26,35.96556291666666,39.5373825,53.550084999999996,114.17322791666668,0.32771283333333334,19.069,London Marylebone Road,4,1,2021
2021-03-27,45.61075458333334,20.82235208333333,39.38259583333333,71.309755,0.24556633333333333,22.444,London Marylebone Road,5,1,2021
2021-03-28,59.32010458333334,14.07144125,28.24248916666667,49.81839666666667,0.15471570833333334,32.069,London Marylebone Road,6,1,2021
2021-03-29,35.62740375,40.08477166666667,59.816505416666665,121.27896375,0.32213725,24.924,London Marylebone Road,0,1,2021
2021-03-30,14.30806125,64.68224541666667,95.03451125,194.21256625,0.3999517083333333,26.376,London Marylebone Road,1,1,2021
2021-03-31,5.555422608695652,93.33097608695653,99.75553434782609,242.86103478260867,0.4311489333333334,46.028,London Marylebone Road,2,1,2021
2021-04-01,48.230110833333335,9.498455,28.079224166666666,42.64331791666667,0.14220082608695653,7.171,London Marylebone Road,3,2,2021
2021-04-02,71.57702958333333,2.6128454166666666,13.29407,17.30037625,0.13395391666666667,16.733,London Marylebone Road,4,2,2021
2021-04-03,74.47495125,2.06272875,13.465346666666667,16.628150416666667,0.167660625,17.931,London Marylebone Road,5,2,2021
2021-04-04,55.214367083333336,9.719305833333333,35.97048541666667,50.87321291666667,0.16560295833333333,,London Marylebone Road,6,2,2021
2021-04-05,62.37532708333333,3.93822,16.724436666666666,22.762955714285713,0.4798915833333333,,London Marylebone Road,0,2,2021
2021-04-06,52.79760454545454,6.105422857142857,22.885881428571427,32.24739785714286,0.19064458333333334,,London Marylebone Road,1,2,2021
2021-04-07,36.98974583333334,19.605784347826088,44.717219130434785,74.77900173913044,0.20622712499999998,,London Marylebone Road,2,2,2021
2021-04-08,26.54835375,,,,0.3087002916666667,,London Marylebone Road,3,2,2021
2021-04-09,32.166111666666666,,,,0.317808875,,London Marylebone Road,4,2,2021
2021-04-10,54.743853333333334,,,,0.24598616666666664,,London Marylebone Road,5,2,2021
2021-04-11,54.43548958333333,,,,0.19587775,,London Marylebone Road,6,2,2021
2021-04-12,30.117053333333335,34.55453333333333,64.18515000000001,117.16802416666667,0.396158375,,London Marylebone Road,0,2,2021
2021-04-13,15.845027916666666,103.02162125000001,98.17602666666666,256.14030833333334,0.4742240833333333,25.615,London Marylebone Road,1,2,2021
2021-04-14,41.17216043478261,21.838599583333334,50.70834708333334,84.19373041666667,0.2177725652173913,18.698,London Marylebone Road,2,2,2021
2021-04-15,53.639289999999995,8.087925416666666,30.794484166666667,43.19579708333333,0.154893125,10.365,London Marylebone Road,3,2,2021
2021-04-16,46.69938041666666,14.87755,42.24621208333333,65.05813791666667,0.24024125,14.637,London Marylebone Road,4,2,2021
2021-04-17,51.48906,13.7324125,39.3912225,60.44729541666666,0.21879866666666667,,London Marylebone Road,5,2,2021
2021-04-18,50.767005833333336,11.799707083333333,43.46328333333333,61.55591375,0.26227675,,London Marylebone Road,6,2,2021
2021-04-19,28.767184166666667,30.326630416666664,65.8801975,112.38038291666668,0.21494945833333334,,London Marylebone Road,0,2,2021
2021-04-20,31.399707916666667,28.375052916666665,67.96208875,111.46989708333332,0.226398375,,London Marylebone Road,1,2,2021
2021-04-21,35.90804833333333,28.695675416666663,57.21996875,101.21939041666667,0.303331125,,London Marylebone Road,2,2,2021
2021-04-22,41.83070416666667,38.50491291666667,51.18923125,110.22927166666666,0.22324454166666666,24.99,London Marylebone Road,3,2,2021
2021-04-23,33.47232458333333,36.703419583333336,58.63569125,114.9134825,0.2866684583333333,21.125,London Marylebone Road,4,2,2021
2021-04-24,48.67121869565217,20.961830833333334,44.527279166666666,76.66830416666667,0.193920875,19.375,London Marylebone Road,5,2,2021
2021-04-25,63.36952272727273,9.335220833333333,21.709327083333335,36.02313041666667,0.17198591666666666,13.708,London Marylebone Road,6,2,2021
2021-04-26,62.08567333333334,16.872469166666665,32.66891208333333,58.53967,0.14309954166666666,16.042,London Marylebone Road,0,2,2021
2021-04-27,39.715816249999996,34.47063416666666,62.71104125,115.565275,0.36927925,28.875,London Marylebone Road,1,2,2021
2021-04-28,59.17171333333334,10.846678636363636,32.16812818181818,48.79947045454546,0.15903257142857144,,London Marylebone Road,2,2,2021
2021-04-29,65.44371583333333,7.026440833333333,22.999468750000002,33.77319333333333,0.30611958333333333,11.0,London Marylebone Road,3,2,2021
2021-04-30,48.394340416666665,18.088940416666667,40.38214208333333,68.11813041666666,0.2698661666666667,16.708,London Marylebone Road,4,2,2021
2021-05-01,61.915900416666666,4.518165416666666,23.83720166666667,30.764955,0.16505266666666665,7.671,London Marylebone Road,5,2,2021
2021-05-02,46.19214125,14.746072499999999,41.2469775,63.85730708333333,0.2890810833333333,14.942,London Marylebone Road,6,2,2021
2021-05-03,42.70798,18.09016958333333,31.501146666666667,59.23901708333333,0.310205,15.242,London Marylebone Road,0,2,2021
2021-05-04,47.62466,17.029062083333333,30.486738333333335,56.5976025,0.40307554166666665,,London Marylebone Road,1,2,2021
2021-05-05,32.37444739130435,32.649408333333334,40.594092499999995,90.65581875,0.41544629166666663,9.333,London Marylebone Road,2,2,2021
2021-05-06,36.11316291666667,33.031159583333334,37.76271416666667,88.40978666666666,0.5562381666666667,,London Marylebone Road,3,2,2021
2021-05-07,37.292565833333335,29.771251250000002,47.20478333333333,92.85339666666665,0.43943858333333335,,London Marylebone Road,4,2,2021
2021-05-08,31.732324583333334,31.778813749999998,30.980363333333333,79.70719791666667,0.18871162500000002,,London Marylebone Road,5,2,2021
2021-05-09,24.86101791666667,27.934434999999997,32.35875,75.19095208333333,0.10302025,,London Marylebone Road,6,2,2021
2021-05-10,37.4089825,40.98702291666667,43.58826333333334,106.43415499999999,0.18897283333333334,,London Marylebone Road,0,2,2021
2021-05-11,33.743269166666664,48.730747916666665,53.93887375,128.65831208333333,0.25582516666666666,,London Marylebone Road,1,2,2021
2021-05-12,36.53505,50.31738,56.580205652173916,133.7324456521739,0.3263718695652174,,London Marylebone Road,2,2,2021
2021-05-13,26.647447083333333,36.14688291666666,50.01540083333333,105.43984708333333,0.175467375,16.958,London Marylebone Road,3,2,2021
2021-05-14,45.93925294117647,10.13411625,31.5124225,47.05118166666667,0.22577729166666669,11.203,London Marylebone Road,4,2,2021
2021-05-15,49.09422,35.721365,46.74123375,101.51322875,0.23820579166666667,11.333,London Marylebone Road,5,2,2021
2021-05-16,30.46696434782609,27.073172916666667,38.29001125,79.80163166666667,0.229015875,13.0,London Marylebone Road,6,2,2021
2021-05-17,26.226824999999998,26.61344625,41.643537083333335,82.45025166666666,0.44013416666666666,10.29,London Marylebone Road,0,2,2021
2021-05-18,16.609350833333334,63.59315208333334,56.45834333333334,153.96648291666668,0.2632565416666667,16.0,London Marylebone Road,1,2,2021
2021-05-19,38.48305666666666,18.9575575,37.661359999999995,66.72921083333334,0.5605278333333333,9.042,London Marylebone Road,2,2,2021
2021-05-20,25.891185909090908,61.49806791666666,48.26961458333333,142.56533625,0.25436929166666666,20.229,London Marylebone Road,3,2,2021
2021-05-21,36.54972291666667,49.86378666666667,43.11199208333333,119.5687325,0.19106983333333336,17.188,London Marylebone Road,4,2,2021
2021-05-22,28.375667916666668,29.916105416666667,41.65337041666667,87.52409125000001,0.4934210833333333,9.813,London Marylebone Road,5,2,2021
2021-05-23,40.89244791666667,28.846263750000002,40.997604583333334,85.22792708333334,0.2694543333333333,,London Marylebone Road,6,2,2021
2021-05-24,33.4931125,48.84685083333334,55.35537583333333,130.25283583333334,0.3427479583333333,,London Marylebone Road,0,2,2021
2021-05-25,23.014302083333334,47.69618333333333,48.72997708333333,121.863105,0.3198940416666667,13.646,London Marylebone Road,1,2,2021
2021-05-26,32.206302916666665,26.603697083333333,39.46755916666667,80.259325,0.49893562500000005,,London Marylebone Road,2,2,2021
2021-05-27,30.641618750000003,35.20135208333333,54.909763749999996,108.88441541666667,0.51428375,15.354,London Marylebone Road,3,2,2021
2021-05-28,24.024625416666666,42.43185041666667,67.68091666666668,132.74218,0.258933,,London Marylebone Road,4,2,2021
2021-05-29,43.77859041666667,20.96172625,44.815929583333336,76.95679541666667,0.18727141666666666,,London Marylebone Road,5,2,2021
2021-05-30,58.350664583333334,13.47387125,28.681451666666664,49.34109916666667,0.110623,,London Marylebone Road,6,2,2021
2021-05-31,54.28014826086957,13.52095875,36.42915375,57.161,,,London Marylebone Road,0,2,2021
2021-06-01,63.079167619047624,16.78368,48.94347166666666,74.67808916666667,,10.129,London Marylebone Road,1,2,2021
2021-06-02,58.88909041666667,21.209589166666667,60.885754999999996,93.40667083333334,,12.525,London Marylebone Road,2,2,2021
2021-06-03,38.17954291666667,30.491200833333334,48.45710916666667,95.20963375000001,,13.514,London Marylebone Road,3,2,2021
2021-06-04,28.835095,9.861376250000001,22.91233791666667,38.0329025,,,London Marylebone Road,4,2,2021
2021-06-05,25.01277,9.22405,15.45126,29.5946,,13.5,London Marylebone Road,5,2,2021
2021-06-06,27.282522173913044,25.453926666666664,36.18783,75.21664,,,London Marylebone Road,6,2,2021
2021-06-07,28.448427916666663,34.57085173913043,43.177740434782606,96.18564217391304,,,London Marylebone Road,0,2,2021
2021-06-08,28.66047125,34.92378291666667,47.29216125,100.84121499999999,,,London Marylebone Road,1,2,2021
2021-06-09,26.294071739130434,40.14679869565217,50.66175782608696,112.2193247826087,,,London Marylebone Road,2,2,2021
2021-06-10,12.596472083333333,52.084435000000006,35.84031708333333,115.70200291666667,,,London Marylebone Road,3,2,2021
2021-06-11,14.98438125,44.087095833333336,34.26411708333333,101.86338958333333,,,London Marylebone Road,4,2,2021
2021-06-12,43.54090791666667,9.18559375,24.85424958333333,38.93862958333333,,,London Marylebone Road,5,2,2021
2021-06-13,48.97988291666667,13.510184166666667,37.98242041666666,58.697743333333335,,,London Marylebone Road,6,2,2021
2021-06-14,46.20461458333333,16.068815416666666,34.84039875,59.47890458333333,,,London Marylebone Road,0,2,2021
2021-06-15,40.48915041666667,17.30804125,36.66656416666667,63.20519041666666,,,London Marylebone Road,1,2,2021
2021-06-16,32.16640928571429,44.45447708333333,62.88634083333333,131.04892208333334,,,London Marylebone Road,2,2,2021
2021-06-17,29.98189315789474,9.401174736842105,24.15308157894737,38.56801631578948,,,London Marylebone Road,3,2,2021
2021-06-18,32.53898181818182,8.932672727272728,18.412889090909093,32.109460909090906,,,London Marylebone Road,4,2,2021
2021-06-19,32.71354291666667,10.131497083333333,22.62668791666667,38.16143208333333,,,London Marylebone Road,5,2,2021
2021-06-20,34.95801045454545,4.042294166666666,14.050324166666668,20.24842125,,,London Marylebone Road,6,2,2021
2021-06-21,44.90551863636364,3.217366666666667,16.321884166666667,21.255111666666668,,,London Marylebone Road,0,2,2021
2021-06-22,43.70167333333333,4.432570416666667,14.709917083333332,21.506431250000002,,,London Marylebone Road,1,2,2021
2021-06-23,39.194340454545454,10.269333181818181,30.202267727272726,45.94836,,,London Marylebone Road,2,2,2021
2021-06-24,19.785149999999998,27.22519708333333,41.932576250000004,83.677295,,,London Marylebone Road,3,2,2021
2021-06-25,25.488832083333335,36.028895416666664,36.71175791666666,91.95529291666666,,,London Marylebone Road,4,2,2021
2021-06-26,31.19112875,17.428874166666667,30.38204958333333,57.105951250000004,,,London Marylebone Road,5,2,2021
2021-06-27,49.22103083333334,3.3199920833333336,17.33006333333333,22.4206475,,,London Marylebone Road,6,2,2021
2021-06-28,29.200279166666665,7.143548333333334,19.19467375,30.147959166666666,,,London Marylebone Road,0,2,2021
2021-06-29,28.357650833333334,7.7654125,18.149564166666668,30.056363333333334,,,London Marylebone Road,1,2,2021
2021-06-30,34.784081666666665,10.346540833333334,21.372909583333335,37.23738458333333,,,London Marylebone Road,2,2,2021
2021-07-01,37.652206666666665,12.3170875,30.599999999999998,49.4859375,,25.379,London Marylebone Road,3,3,2021
2021-07-02,22.925603749999997,52.43857083333333,58.16390625,138.53671875,,12.233,London Marylebone Road,4,3,2021
2021-07-03,29.810768749999998,27.627695,34.3453125,76.6753125,,22.139,London Marylebone Road,5,3,2021
2021-07-04,21.59513708333333,31.489127916666664,29.46046875,77.7590625,,12.808,London Marylebone Road,6,3,2021
2021-07-05,17.711837499999998,82.72717250000001,56.6578125,183.52031250000002,,18.167,London Marylebone Road,0,3,2021
2021-07-06,20.642479565217393,70.64395375,49.0875,157.39875,0.6306083333333333,,London Marylebone Road,1,3,2021
2021-07-07,19.063273478260868,77.50835590909091,48.64704545454545,167.47414772727274,0.6327173913043478,,London Marylebone Road,2,3,2021
2021-07-08,16.14022375,101.1872125,70.2365625,225.36421875,0.7106470833333334,,London Marylebone Road,3,3,2021
2021-07-09,13.778645416666668,109.55451666666666,71.02546875,238.99875,0.7824394166666666,,London Marylebone Road,4,3,2021
2021-07-10,16.248324166666666,37.92831416666667,41.95546875,100.08749999999999,0.6150856666666666,,London Marylebone Road,5,3,2021
2021-07-11,22.7010875,26.738993750000002,34.265625,75.256875,0.5573607500000001,,London Marylebone Road,6,3,2021
2021-07-12,19.175350833333333,20.45572,36.178125,67.55109374999999,0.42541808333333336,,London Marylebone Road,0,3,2021
2021-07-13,38.19270875,7.421435,20.39203125,31.7634375,0.33373733333333333,,London Marylebone Road,1,3,2021
2021-07-14,32.87583133333333,7.821610416666666,17.451562499999998,29.44453125,0.35605116666666664,,London Marylebone Road,2,3,2021
2021-07-15,,8.289347916666667,15.148593750000002,27.83484375,0.3482898333333333,,London Marylebone Road,3,3,2021
2021-07-16,,7.03165375,18.14484375,28.8946875,0.40019374999999996,,London Marylebone Road,4,3,2021
2021-07-17,,10.2590425,23.91421875,39.62859375,0.42881366666666665,,London Marylebone Road,5,3,2021
2021-07-18,,16.4955425,33.0703125,58.38703125,0.5054568333333334,,London Marylebone Road,6,3,2021
2021-07-19,,17.78758260869565,41.01896739130434,68.30119565217392,0.43733426086956523,,London Marylebone Road,0,3,2021
2021-07-20,,27.69006,58.81734375,101.29078125000001,0.4603440833333334,,London Marylebone Road,1,3,2021
2021-07-21,,14.186681739130435,46.016413043478266,67.76902173913044,0.372544,,London Marylebone Road,2,3,2021
2021-07-22,40.34384307692308,20.33099,46.9040625,78.06984375,,,London Marylebone Road,3,3,2021
2021-07-23,37.20317416666666,17.755044347826086,27.465163043478263,54.63097826086957,,,London Marylebone Road,4,3,2021
2021-07-24,38.0679775,8.709088823529411,21.330000000000002,34.706250000000004,,,London Marylebone Road,5,3,2021
2021-07-25,36.31342458333334,,,,,,London Marylebone Road,6,3,2021
2021-07-26,30.3246615,36.54589,55.8928125,111.945,0.564637,,London Marylebone Road,0,3,2021
2021-07-27,31.523744583333336,40.901045833333335,52.306875,115.04484375,0.5132181666666666,,London Marylebone Road,1,3,2021
2021-07-28,18.950834583333332,48.3640575,43.174687500000005,117.3159375,0.45791866666666664,,London Marylebone Road,2,3,2021
2021-07-29,17.87814583333333,52.56330083333333,45.20671875,125.78671874999999,0.6185445217391304,,London Marylebone Road,3,3,2021
2021-07-30,20.015207916666665,40.92183416666666,39.32578125,102.08765625000001,0.5127330833333333,,London Marylebone Road,4,3,2021
2021-07-31,21.087896666666666,36.878503333333335,46.441875,103.00406249999999,0.611205,,London Marylebone Road,5,3,2021
2021-08-01,24.1978625,19.946405833333333,25.723125,56.3071875,0.3371329166666667,,London Marylebone Road,6,3,2021
2021-08-02,23.965030833333334,34.15003458333333,44.29828125,96.66890625,0.47974741666666665,8.324,London Marylebone Road,0,3,2021
2021-08-03,32.213924166666665,31.052572916666666,47.27859375,94.89187500000001,0.46422475,42.889,London Marylebone Road,1,3,2021
2021-08-04,33.70129913043478,26.76814260869565,53.78282608695652,94.82673913043477,0.48643313043478265,18.406,London Marylebone Road,2,3,2021
2021-08-05,24.912988333333335,35.86507208333334,48.29859375,103.306875,0.46616508333333334,13.833,London Marylebone Road,3,3,2021
2021-08-06,19.7075375,43.44241958333333,41.166562500000005,107.77734375,0.46422475,,London Marylebone Road,4,3,2021
2021-08-07,20.722018333333335,31.91009166666667,37.692187499999996,86.6203125,0.43463466666666667,,London Marylebone Road,5,3,2021
2021-08-08,26.06883125,25.02915333333333,29.9146875,68.27625,0.43803025,,London Marylebone Road,6,3,2021
2021-08-09,15.3169975,44.00370458333333,39.835781250000004,107.323125,0.4341495833333333,,London Marylebone Road,0,3,2021
2021-08-10,14.559538636363635,46.10852333333333,44.25843750000001,114.96515625,0.48653858333333333,,London Marylebone Road,1,3,2021
2021-08-11,17.903092083333334,45.93701958333333,48.928125,119.371875,0.5161286666666667,,London Marylebone Road,2,3,2021
2021-08-12,14.726602916666666,52.85433749999999,42.7603125,123.79453124999999,0.4477319166666667,,London Marylebone Road,3,3,2021
2021-08-13,14.211047083333334,53.50397291666667,46.40203125,128.43234375,0.6276978333333333,,London Marylebone Road,4,3,2021
2021-08-14,21.387251666666668,36.629043333333335,42.7603125,98.93203125000001,0.5132181666666666,,London Marylebone Road,5,3,2021
2021-08-15,25.717315909090907,27.26909625,37.413281250000004,79.23328124999999,0.4666501666666667,,London Marylebone Road,6,3,2021
2021-08-16,35.27182826086957,11.963685833333335,27.60375,45.963750000000005,0.413291,,London Marylebone Road,0,3,2021
2021-08-17,12.057354166666668,38.37526333333333,46.162968750000005,104.98828125,0.48556841666666667,,London Marylebone Road,1,3,2021
2021-08-18,14.082700434782609,39.62075565217391,46.76478260869565,107.55733695652174,0.4920010434782609,,London Marylebone Road,2,3,2021
2021-08-19,17.728468333333335,46.711385,48.5615625,120.19265625000001,0.5466889166666666,,London Marylebone Road,3,3,2021
2021-08-20,11.1260275,51.284818333333334,46.64109375,125.30859375,0.52534525,,London Marylebone Road,4,3,2021
2021-08-21,15.998861666666665,29.60778375,39.7640625,85.14609374999999,0.43997058333333333,,London Marylebone Road,5,3,2021
2021-08-22,26.06883125,10.4461375,23.14921875,39.1265625,0.308513,,London Marylebone Road,6,3,2021
2021-08-23,42.10095458333333,5.259448333333333,18.14484375,26.233125,0.3094831666666667,,London Marylebone Road,0,3,2021
2021-08-24,42.824395833333334,9.250808333333334,25.404375,39.62859375,0.3715738333333333,,London Marylebone Road,1,3,2021
2021-08-25,39.148981666666664,7.670895000000001,20.23265625,31.96265625,0.33276716666666667,,London Marylebone Road,2,3,2021
2021-08-26,43.96360791666667,7.9879170833333335,16.24828125,28.49625,0.3870965,,London Marylebone Road,3,3,2021
2021-08-27,42.16747791666666,8.419275,19.666875,32.57625,0.4055296666666666,,London Marylebone Road,4,3,2021
2021-08-28,35.914284583333334,6.527536666666666,20.00953125,30.02625,0.4108655833333333,,London Marylebone Road,5,3,2021
2021-08-29,42.10927,7.4838,19.093125,30.552187500000002,0.45743358333333334,,London Marylebone Road,6,3,2021
2021-08-30,51.650616666666664,2.8999725,9.809531250000001,14.24015625,0.3541108333333333,,London Marylebone Road,0,3,2021
2021-08-31,46.81579583333333,5.171097916666667,16.1765625,24.10546875,0.37448433333333336,,London Marylebone Road,1,3,2021
2021-09-01,44.77309565217391,4.333011739130435,17.204184782608696,23.87298913043478,0.3846921739130435,20.296,London Marylebone Road,2,3,2021
2021-09-02,49.792714999999994,4.355155833333334,17.754375,24.41625,0.3982534166666667,10.9,London Marylebone Road,3,3,2021
2021-09-03,46.017515833333334,13.226577083333334,37.26984375,57.534375000000004,0.4535529166666667,,London Marylebone Road,4,3,2021
2021-09-04,46.599595,11.67784625,34.13015625,52.02796874999999,0.4317241666666667,14.595,London Marylebone Road,5,3,2021
2021-09-05,37.938257,5.4257550000000005,19.278,27.559125,0.34926,10.625,London Marylebone Road,6,3,2021
2021-09-06,,,,,,,London Marylebone Road,0,3,2021
2021-09-07,,,,,,,London Marylebone Road,1,3,2021
2021-09-08,,,,,,,London Marylebone Road,2,3,2021
2021-09-09,,,,,,,London Marylebone Road,3,3,2021
2021-09-10,,,,,,,London Marylebone Road,4,3,2021
2021-09-11,,,,,,,London Marylebone Road,5,3,2021
2021-09-12,,,,,,,London Marylebone Road,6,3,2021
2021-09-13,,,,,,,London Marylebone Road,0,3,2021
2021-09-14,4.67564,54.57828428571429,53.42705357142857,137.09892857142856,0.5189005714285714,,London Marylebone Road,1,3,2021
2021-09-15,27.306382173913043,27.218255217391302,37.51826086956522,79.22739130434783,0.453025652173913,,London Marylebone Road,2,3,2021
2021-09-16,10.735202916666665,83.6626475,70.125,198.41390625,0.6199365,,London Marylebone Road,3,3,2021
2021-09-17,14.285885833333333,77.94585583333334,74.2209375,193.76015625,0.5908315000000001,,London Marylebone Road,4,3,2021
2021-09-18,16.506102083333335,40.05911833333334,68.085,129.508125,0.5636668333333333,,London Marylebone Road,5,3,2021
2021-09-19,17.395851666666665,19.156449166666665,38.640468750000004,68.02125,0.41183575,,London Marylebone Road,6,3,2021
2021-09-20,26.54281,15.856301250000001,28.9584375,53.287031250000005,0.41280591666666666,,London Marylebone Road,0,3,2021
2021-09-21,12.123877499999999,44.086857916666666,48.29859375,115.90546875,0.6209066666666666,,London Marylebone Road,1,3,2021
2021-09-22,8.15742375,83.95888125,69.40781249999999,198.15890625,0.7164680833333333,,London Marylebone Road,2,3,2021
2021-09-23,9.95355375,76.79210333333333,61.1840625,178.91437499999998,0.6762061666666667,,London Marylebone Road,3,3,2021
2021-09-24,11.250758750000001,88.47514666666666,62.06859375,197.71265625,0.7077365833333333,,London Marylebone Road,4,3,2021
2021-09-25,9.768426315789474,41.14530875,37.68421875,100.76484375,0.59519725,,London Marylebone Road,5,3,2021
2021-09-26,23.5991525,33.86939208333333,45.70875,97.665,0.5098225833333333,,London Marylebone Road,6,3,2021
2021-09-27,30.166581052631578,38.46881083333333,46.4896875,105.4584375,0.5437784166666667,,London Marylebone Road,0,3,2021
2021-09-28,25.112558333333336,46.25923875,48.92015625,119.85000000000001,0.5757939166666667,,London Marylebone Road,1,3,2021
2021-09-29,18.412501739130438,36.86042652173913,44.57788043478261,101.07146739130435,0.7319274782608696,,London Marylebone Road,2,3,2021
2021-09-30,15.450044166666666,61.75174416666667,50.2509375,144.90375,0.7528493333333334,,London Marylebone Road,3,3,2021
2021-10-01,12.833886153846153,66.03014307692307,71.33625,172.59576923076924,0.6465787692307692,17.796,London Marylebone Road,4,4,2021
2021-10-02,17.595421666666667,41.21806791666666,51.82875000000001,115.03687500000001,0.46373966666666666,13.635,London Marylebone Road,5,4,2021
2021-10-03,23.615783333333336,37.78799291666667,42.194531250000004,100.12734375000001,0.51661375,,London Marylebone Road,6,4,2021
2021-10-04,21.162735416666667,55.42169666666666,56.85703125,141.84375,0.4952700833333334,11.656,London Marylebone Road,0,4,2021
2021-10-05,22.734349166666664,53.51956416666667,51.286875,133.3490625,0.5088524166666667,19.046,London Marylebone Road,1,4,2021
2021-10-06,21.636714166666668,34.70092541666667,46.0434375,99.2428125,0.6121751666666667,,London Marylebone Road,2,4,2021
2021-10-07,7.2427279166666665,79.31268874999999,53.99625,175.62328125,0.5193344347826087,,London Marylebone Road,3,4,2021
2021-10-08,6.41118625,63.60190583333334,46.00359375,143.533125,0.45306783333333334,,London Marylebone Road,4,4,2021
2021-10-09,14.901226666666666,20.84550125,48.099375,80.038125,0.52825575,,London Marylebone Road,5,4,2021
2021-10-10,16.198431666666668,26.006204999999998,34.14609375,74.03765625,0.5505695833333334,,London Marylebone Road,6,4,2021
2021-10-11,18.377070833333335,22.887955,35.89125,71.049375,0.5505695833333334,,London Marylebone Road,0,4,2021
2021-10-12,12.473125000000001,37.93351125,38.656406249999996,96.86015624999999,0.5243750833333333,,London Marylebone Road,1,4,2021
2021-10-13,8.533993333333333,65.41521545454545,50.95943181818182,151.27875,0.6530103636363637,,London Marylebone Road,2,4,2021
2021-10-14,5.928892083333333,87.94504416666666,59.9409375,194.79609374999998,0.6844525833333334,,London Marylebone Road,3,4,2021
2021-10-15,21.15442,26.775373333333334,43.318125,84.38109375,0.5772491666666667,,London Marylebone Road,4,4,2021
2021-10-16,4.673264166666667,68.15974791666666,59.67796875,164.15625,0.7795289166666667,,London Marylebone Road,5,4,2021
2021-10-17,13.8202225,45.69795375,50.60953125,120.67078125,0.61848125,,London Marylebone Road,6,4,2021
2021-10-18,9.695775833333334,59.1532025,49.2309375,139.95515625,0.4952700833333334,,London Marylebone Road,0,4,2021
2021-10-19,16.805457083333334,38.9469425,32.64796875,92.34984374999999,0.296871,,London Marylebone Road,1,4,2021
2021-10-20,27.083312083333336,42.35103208333333,43.485468749999995,108.43078125,0.3924324166666667,,London Marylebone Road,2,4,2021
2021-10-21,29.303528333333333,34.53981583333333,39.4453125,92.42953125000001,0.6645641666666667,,London Marylebone Road,3,4,2021
2021-10-22,10.286170416666666,70.92979333333334,61.78968750000001,170.53125,0.7935963333333333,,London Marylebone Road,4,4,2021
2021-10-23,14.194416249999998,53.65988541666667,57.3590625,139.62046875000001,0.7324758333333333,,London Marylebone Road,5,4,2021
2021-10-24,25.42854416666667,35.69876541666667,48.41015625,103.1634375,0.60101825,,London Marylebone Road,6,4,2021
2021-10-25,14.29420125,70.76348666666667,57.4546875,165.94921875,0.60683925,,London Marylebone Road,0,4,2021
2021-10-26,20.164885416666667,61.54386083333333,51.1753125,145.5253125,0.552995,,London Marylebone Road,1,4,2021
2021-10-27,26.803118695652174,44.1815352173913,46.95603260869565,114.69179347826088,0.4651738260869565,,London Marylebone Road,2,4,2021
2021-10-28,16.28990125,61.98561291666667,57.829218749999995,152.8725,0.5796745833333333,,London Marylebone Road,3,4,2021
2021-10-29,21.387251666666668,56.27401833333334,59.48671875,145.764375,0.57482375,,London Marylebone Road,4,4,2021
2021-10-30,18.33549375,49.40347416666666,52.80890625,128.57578125,0.5403828333333334,,London Marylebone Road,5,4,2021
2021-10-31,32.52159458333333,33.16778583333333,40.50515625,91.39359375,0.47877725,,London Marylebone Road,6,4,2021
2021-11-01,21.062950416666666,68.40401083333333,56.96859375,161.86125,0.6252724166666667,,London Marylebone Road,0,4,2021
2021-11-02,3.4176362499999997,99.14995583333332,61.78968750000001,213.80953125,0.8537466666666668,31.411,London Marylebone Road,1,4,2021
2021-11-03,16.198431666666668,66.84488583333334,39.0946875,141.62859375000002,0.7591554166666666,,London Marylebone Road,2,4,2021
2021-11-04,34.30940916666666,14.634986666666668,26.480156249999997,48.8803125,0.48653858333333333,7.615,London Marylebone Road,3,4,2021
2021-11-05,2.4530479166666668,101.44706666666667,65.06484375000001,220.60687499999997,1.0996839166666665,18.833,London Marylebone Road,4,4,2021
2021-11-06,16.356424583333332,52.51133000000001,49.66921875,130.18546875,0.5854955833333334,,London Marylebone Road,5,4,2021
2021-11-07,28.322309166666667,25.25262791666667,39.437343750000004,78.18140625,1.0007269166666666,,London Marylebone Road,6,4,2021
2021-11-08,5.346812916666667,95.50680041666668,61.0246875,207.474375,0.7945665000000001,,London Marylebone Road,0,4,2021
2021-11-09,11.741368333333334,78.19531583333334,59.39109375,179.296875,0.5200093333333333,,London Marylebone Road,1,4,2021
2021-11-10,9.848345652173913,90.07132913043479,57.0008152173913,195.14152173913044,0.4100571111111111,,London Marylebone Road,2,4,2021
2021-11-11,6.9350575,87.69038708333333,62.22,196.70062499999997,0.5547666086956522,,London Marylebone Road,3,4,2021
2021-11-12,13.071835,66.34596583333334,56.195625,157.93265625,0.4826579166666667,,London Marylebone Road,4,4,2021
2021-11-13,28.471986666666666,16.147337916666668,29.68359375,54.45046875,0.61266025,,London Marylebone Road,5,4,2021
2021-11-14,27.781807083333334,6.886135416666666,18.36796875,28.910625,0.3453793333333333,,London Marylebone Road,6,4,2021
2021-11-15,5.987100000000001,26.338818333333336,40.87171875,81.24140625,0.5452336666666667,,London Marylebone Road,0,4,2021
2021-11-16,3.26795875,101.60817625,62.897343750000005,218.6784375,0.8493809166666667,,London Marylebone Road,1,4,2021
2021-11-17,5.6711141666666665,78.51233791666667,59.662031250000005,180.061875,0.9333003333333334,,London Marylebone Road,2,4,2021
2021-11-18,4.024661666666667,101.6861325,69.11296875000001,225.0375,0.675236,,London Marylebone Road,3,4,2021
2021-11-19,8.822657083333334,67.30222916666666,57.39890625,160.57828125,0.6669895833333334,,London Marylebone Road,4,4,2021
2021-11-20,20.056785,40.95821375,54.0759375,116.85375,0.8028129166666665,,London Marylebone Road,5,4,2021
2021-11-21,41.577083333333334,8.065873333333334,17.563125,29.92265625,0.48362808333333335,,London Marylebone Road,6,4,2021
2021-11-22,29.403313333333333,9.983597083333335,23.6990625,39.007031250000004,0.5030314166666666,,London Marylebone Road,0,4,2021
2021-11-23,3.2346970833333333,73.12815958333333,53.10375,165.2240625,0.8023278333333334,,London Marylebone Road,1,4,2021
2021-11-24,6.950242173913043,113.37957,63.628043478260864,237.49923913043477,1.0088046086956521,,London Marylebone Road,2,4,2021
2021-11-25,18.14423916666667,31.515113333333332,41.25421875,89.57671875,0.6281829166666667,,London Marylebone Road,3,4,2021
2021-11-26,18.88431125,59.74567,54.67359375,146.25046875,0.8193057499999999,,London Marylebone Road,4,4,2021
2021-11-27,49.50167541666667,7.7176687500000005,15.02109375,26.8865625,0.4695606666666667,,London Marylebone Road,5,4,2021
2021-11-28,44.28790916666667,9.687363333333334,24.20109375,39.0628125,0.7601255833333332,,London Marylebone Road,6,4,2021
2021-11-29,6.926742083333333,120.29688791666666,67.75828125,252.19500000000002,1.0278915833333333,,London Marylebone Road,0,4,2021
2021-11-30,13.030257916666665,86.47426958333334,58.044375,190.67625,0.5534800833333333,,London Marylebone Road,1,4,2021
2021-12-01,35.5733525,22.763225000000002,34.2178125,69.105,0.75818525,8.629,London Marylebone Road,2,4,2021
2021-12-02,25.395282499999997,43.86858041666667,45.35015625,112.62234375000001,1.0177048333333334,30.332,London Marylebone Road,3,4,2021
2021-12-03,8.398570833333332,130.99248541666665,74.46,275.31234375,0.9352406666666667,,London Marylebone Road,4,4,2021
2021-12-04,14.89291125,54.00289291666667,52.47421875,135.26953125,1.0167346666666666,16.781,London Marylebone Road,5,4,2021
2021-12-05,40.03041583333333,7.7176687500000005,16.2721875,28.073906250000004,0.5845254166666667,21.583,London Marylebone Road,6,4,2021
2021-12-06,8.55656375,89.10919083333333,60.72984375000001,197.35406250000003,0.88915775,,London Marylebone Road,0,4,2021
2021-12-07,15.150689166666666,78.79298041666667,70.7784375,191.62453125000002,0.6960945833333333,,London Marylebone Road,1,4,2021
2021-12-08,24.47453909090909,77.92790227272727,64.06005681818182,183.55653409090908,0.7413837272727274,,London Marylebone Road,2,4,2021
2021-12-09,11.508536666666666,112.10108749999999,74.18906249999999,246.07500000000002,0.8052383333333334,,London Marylebone Road,3,4,2021
2021-12-10,35.024535,21.209297083333336,35.00671875,67.5590625,0.9517335,,London Marylebone Road,4,4,2021
2021-12-11,5.496490416666667,94.42580708333332,67.85390625000001,212.64609375,0.8037830833333334,,London Marylebone Road,5,4,2021
2021-12-12,17.204597083333333,60.62397708333333,52.76109375000001,145.74046875,0.40019374999999996,,London Marylebone Road,6,4,2021
2021-12-13,17.271120416666665,76.50106666666666,55.52625,172.82625,0.44967225000000005,,London Marylebone Road,0,4,2021
2021-12-14,9.9286075,96.52023166666667,57.54234374999999,205.55390624999998,0.5117629166666667,,London Marylebone Road,1,4,2021
2021-12-15,10.494055833333332,92.16507583333333,63.24,204.52593749999997,0.5753088333333333,,London Marylebone Road,2,4,2021
2021-12-16,24.455640416666668,26.702614166666667,46.0753125,87.01078125,0.46616508333333334,,London Marylebone Road,3,4,2021
2021-12-17,29.378367083333334,16.765790833333334,30.70359375,56.42671875,0.424933,,London Marylebone Road,4,4,2021
2021-12-18,20.34782458333333,35.47009375,38.257968749999996,92.64468749999999,0.44288108333333337,,London Marylebone Road,5,4,2021
2021-12-19,16.023807916666666,11.272473750000001,27.38859375,44.65687500000001,0.5064270000000001,,London Marylebone Road,6,4,2021
2021-12-20,40.52102541666667,12.618518333333334,31.16578125,50.49796874999999,0.529711,,London Marylebone Road,0,4,2021
2021-12-21,23.91513833333333,45.84347208333333,50.7290625,121.029375,0.7693421666666667,,London Marylebone Road,1,4,2021
2021-12-22,4.307385833333334,78.5094004347826,59.14614130434782,179.52554347826086,0.9410616666666667,,London Marylebone Road,2,4,2021
2021-12-23,4.2491779166666666,84.02644333333333,53.805,182.64374999999998,0.7004603333333334,,London Marylebone Road,3,4,2021
2021-12-24,13.14667375,51.51349,52.76109374999999,131.73140625,0.5675475,,London Marylebone Road,4,4,2021
2021-12-25,16.298216666666665,40.35535208333334,34.87921875,96.74859375,0.57773425,,London Marylebone Road,5,4,2021
2021-12-26,2.6858795833333335,51.02496416666667,37.98703125,116.22421874999999,0.7771035,,London Marylebone Road,6,4,2021
2021-12-27,20.397717083333333,39.56539541666667,49.78078125,110.3990625,0.45015733333333335,,London Marylebone Road,0,4,2021
2021-12-28,32.36360166666667,20.227048333333332,33.95484375,64.98515625,0.7775885833333334,,London Marylebone Road,1,4,2021
2021-12-29,17.345959166666667,40.594417916666664,43.64484375,105.86484374999999,0.45258275,,London Marylebone Road,2,4,2021
2021-12-30,27.083312083333336,34.342326666666665,30.87890625,83.5125,0.250303,,London Marylebone Road,3,4,2021
2021-12-31,27.349405416666666,32.409011666666665,33.60421875,83.28937499999999,0.3182146666666667,,London Marylebone Road,4,4,2021
2022-01-01,19.965315416666666,33.25613625,34.89515625,85.87921875,0.26728091666666665,,London Marylebone Road,5,1,2022
2022-01-02,39.18224333333333,23.15300625,34.41703125,69.9178125,0.29735608333333335,,London Marylebone Road,6,1,2022
2022-01-03,33.735645416666664,32.5233475,44.927812499999995,94.8121875,0.395828,,London Marylebone Road,0,1,2022
2022-01-04,26.368186249999997,22.009647916666665,38.48109375,72.23671875,0.57191325,,London Marylebone Road,1,1,2022
2022-01-05,20.78379,25.046971904761904,43.35,81.74571428571429,0.9854610588235294,24.74,London Marylebone Road,2,1,2022
2022-01-06,9.321582083333334,76.73493541666666,63.853593749999995,181.50421874999998,0.56318175,13.19,London Marylebone Road,3,1,2022
2022-01-07,23.30811291666667,55.3489375,60.004687499999996,144.87984375,0.5631817499999999,16.27,London Marylebone Road,4,1,2022
2022-01-08,25.204027916666664,35.485685,48.88828125,103.31484375000001,0.48605349999999997,14.86,London Marylebone Road,5,1,2022
2022-01-09,19.566175416666667,48.457605,56.57015625,130.87875,0.5825850833333334,18.57,London Marylebone Road,6,1,2022
2022-01-10,4.432117083333334,84.52016625,67.61484374999999,197.17875,0.52825575,20.33,London Marylebone Road,0,1,2022
2022-01-11,13.77033,58.986895833333335,47.955937500000005,138.40125,0.26291516666666664,14.97,London Marylebone Road,1,1,2022
2022-01-12,4.6400025000000005,119.83954458333334,68.7384375,252.47390625,0.6699000833333333,25.72,London Marylebone Road,2,1,2022
2022-01-13,1.6048754166666666,150.78817583333333,76.4521875,307.6415625,0.7940814166666667,,London Marylebone Road,3,1,2022
2022-01-14,1.87096875,161.42660541666666,80.325,327.82640625,0.9599799166666667,,London Marylebone Road,4,1,2022
2022-01-15,1.92086125,84.86837083333333,60.72984374999999,190.87546874999998,0.55445025,,London Marylebone Road,5,1,2022
2022-01-16,11.267389583333333,35.21023958333333,45.98765624999999,99.96,0.62721275,,London Marylebone Road,6,1,2022
2022-01-17,7.5337675,133.86127541666667,73.06546875,278.32453125,0.7344161666666666,,London Marylebone Road,0,1,2022
2022-01-18,2.635987083333333,165.35040333333333,74.72296874999999,328.24875000000003,0.8193057499999999,,London Marylebone Road,1,1,2022
2022-01-19,16.331478333333333,38.30837913043478,47.272010869565214,106.01902173913044,0.3730501739130435,,London Marylebone Road,2,1,2022
2022-01-20,31.748260833333333,12.6289125,34.273593749999996,53.5978125,0.39097716666666665,,London Marylebone Road,3,1,2022
2022-01-21,7.418797826086957,82.8717459090909,69.43244318181819,196.49198863636363,0.7845695652173914,,London Marylebone Road,4,1,2022
2022-01-22,28.646610416666665,16.921703333333333,39.301875,65.27203125,0.45840375,,London Marylebone Road,5,1,2022
2022-01-23,28.846180416666666,37.39821166666667,45.262499999999996,102.59765625,0.37690975,,London Marylebone Road,6,1,2022
2022-01-24,17.38753625,38.12580333333333,47.90015625,106.3509375,0.33955833333333335,,London Marylebone Road,0,1,2022
2022-01-25,13.978215416666666,39.88761458333333,44.39390624999999,105.538125,0.5403828333333334,,London Marylebone Road,1,1,2022
2022-01-26,9.9485645,67.915485,56.7151875,160.8890625,0.5751147999999999,,London Marylebone Road,2,1,2022
2022-01-27,17.994561666666666,49.55938666666666,52.1475,128.1534375,0.44142583333333335,,London Marylebone Road,3,1,2022
2022-01-28,6.876849583333333,85.62194791666667,65.79796875,197.06718750000002,0.5204944166666666,,London Marylebone Road,4,1,2022
2022-01-29,34.30940916666667,17.264710833333332,34.2178125,60.658125000000005,0.3405285,,London Marylebone Road,5,1,2022
2022-01-30,22.15227,35.96901375,52.0678125,107.24343749999998,0.60974975,,London Marylebone Road,6,1,2022
2022-01-31,50.5411025,11.636269583333332,26.225156249999998,44.02734375,0.7004603333333334,,London Marylebone Road,0,1,2022
2022-02-01,27.74854541666667,25.19546,42.05109375,80.7075,0.6393398333333333,,London Marylebone Road,1,1,2022
2022-02-02,15.392920869565216,50.03842217391305,50.14076086956521,126.89021739130435,0.5137665217391304,,London Marylebone Road,2,1,2022
2022-02-03,21.021373333333333,63.877351250000004,59.327343750000004,157.2871875,0.36041691666666664,,London Marylebone Road,3,1,2022
2022-02-04,33.81879958333334,32.87674916666666,45.84421875,96.2465625,0.5161286666666667,,London Marylebone Road,4,1,2022
2022-02-05,26.027254166666665,41.197279583333334,48.991875,112.15218750000001,0.42590316666666667,24.33,London Marylebone Road,5,1,2022
2022-02-06,48.212785833333335,13.429263333333333,25.8346875,46.4259375,0.5015761666666666,17.37,London Marylebone Road,6,1,2022
2022-02-07,19.990261666666665,62.780766666666665,57.614062499999996,153.93234375,0.63594425,,London Marylebone Road,0,1,2022
2022-02-08,28.156000833333334,56.481901666666666,55.940625000000004,142.52906249999998,0.3007516666666667,19.08,London Marylebone Road,1,1,2022
2022-02-09,21.67829125,65.98217,59.39906250000001,160.58625,0.32258041666666665,24.73,London Marylebone Road,2,1,2022
2022-02-10,21.974874444444442,34.959047222222225,52.4025,105.963125,0.8666822222222222,15.77,London Marylebone Road,3,1,2022
2022-02-11,10.85161875,70.11904833333334,70.9696875,178.49203125,0.58937625,20.09,London Marylebone Road,4,1,2022
2022-02-12,20.888326666666668,46.65421708333333,56.31515625,127.83468750000002,0.4098954166666667,16.3,London Marylebone Road,5,1,2022
2022-02-13,26.22682416666667,37.75161333333333,46.2665625,104.1675,0.28862458333333335,,London Marylebone Road,6,1,2022
2022-02-14,24.32259375,45.78110708333333,54.681562500000005,124.88625,0.5981077499999999,,London Marylebone Road,0,1,2022
2022-02-15,18.426963333333333,64.09562875,66.57890625,164.889375,0.4050445833333333,,London Marylebone Road,1,1,2022
2022-02-16,27.474136666666666,48.433201304347826,48.21163043478261,122.47483695652173,0.1940333333333333,,London Marylebone Road,2,1,2022
2022-02-17,32.12245458333333,45.67196833333333,53.81296875,123.82640624999999,0.5384425,,London Marylebone Road,3,1,2022
2022-02-18,42.50841,23.657123333333335,35.64421875,71.88609375,0.35944675000000004,,London Marylebone Road,4,1,2022
2022-02-19,30.284747499999998,43.49439041666667,51.7809375,118.48734375,0.47489658333333334,,London Marylebone Road,5,1,2022
2022-02-20,47.12346625,23.376480833333332,33.0703125,68.91375000000001,0.23478033333333334,,London Marylebone Road,6,1,2022
2022-02-21,47.1484125,15.981709130434782,31.464782608695653,55.95309782608695,0.46859049999999997,,London Marylebone Road,0,1,2022
2022-02-22,25.312128333333334,47.79237833333334,58.96078125,132.2175,0.38030533333333333,,London Marylebone Road,1,1,2022
2022-02-23,21.520298333333333,66.92284208333334,68.8021875,171.4396875,0.30705775,,London Marylebone Road,2,1,2022
2022-02-24,30.176647083333336,56.684587916666665,60.68203125,147.58921875000001,0.5073971666666667,,London Marylebone Road,3,1,2022
2022-02-25,27.923169166666668,59.13761125,57.86109375,148.51359375,0.535532,,London Marylebone Road,4,1,2022
2022-02-26,18.069400416666667,58.42561083333334,70.3959375,159.980625,0.45306783333333334,,London Marylebone Road,5,1,2022
2022-02-27,27.840014999999998,46.17088833333333,56.50640625,127.34859375,0.3647826666666667,,London Marylebone Road,6,1,2022
2022-02-28,14.518717500000001,78.04460041666667,72.42,192.07078125,0.2585494166666667,,London Marylebone Road,0,1,2022
2022-03-01,20.015207916666668,24.317152916666668,39.32578125,76.595625,0.12757691666666668,,London Marylebone Road,1,1,2022
2022-03-02,10.286170416666666,90.02252173913044,81.0816847826087,219.1392391304348,0.37690975000000004,,London Marylebone Road,2,1,2022
2022-03-03,7.966169166666667,101.74330041666667,81.89484374999999,237.8671875,0.4026191666666667,,London Marylebone Road,3,1,2022
2022-03-04,27.282882083333334,21.120946666666665,43.03921875,75.41625,0.21489191666666665,,London Marylebone Road,4,1,2022
2022-03-05,49.67629916666667,6.901726666666666,18.2803125,28.88671875,0.2134366666666667,23.4,London Marylebone Road,5,1,2022
2022-03-06,59.372074999999995,5.805142083333333,17.91375,26.8228125,0.30608758333333336,15.31,London Marylebone Road,6,1,2022
2022-03-07,38.092923750000004,38.09462083333333,49.8046875,108.215625,0.413291,10.53,London Marylebone Road,0,1,2022
2022-03-08,23.83198416666667,55.43728791666666,67.543125,152.5378125,0.53116625,16.64,London Marylebone Road,1,1,2022
2022-03-09,21.736499166666665,59.55337791666667,67.033125,158.33906249999998,0.3104533333333333,21.07,London Marylebone Road,2,1,2022
2022-03-10,22.842449583333334,61.491890000000005,67.7821875,162.0684375,0.3366478333333333,24.49,London Marylebone Road,3,1,2022
2022-03-11,26.110408333333336,51.65381125,62.69015625,141.93140625,0.29347541666666666,15.8,London Marylebone Road,4,1,2022
2022-03-12,36.3716325,32.44539125,50.33859375,100.09546875000001,0.26243008333333334,17.26,London Marylebone Road,5,1,2022
2022-03-13,30.833564999999997,36.784955833333335,53.892656249999995,110.29546875,0.28862458333333335,14.529,London Marylebone Road,6,1,2022
2022-03-14,15.3169975,67.45814166666666,72.85828125,176.29265625000002,0.4098954166666667,23.477,London Marylebone Road,0,1,2022
2022-03-15,14.069685,48.312086666666666,70.20468749999999,144.298125,0.38418599999999997,24.203,London Marylebone Road,1,1,2022
2022-03-16,17.370905416666666,55.33131260869565,47.72934782608696,132.61940217391304,0.3760872173913043,23.821,London Marylebone Road,2,1,2022
2022-03-17,16.572625416666664,63.98649,70.70671875000001,168.83390625,0.7416924166666666,24.225,London Marylebone Road,3,1,2022
2022-03-18,25.137504583333335,38.6663,57.7575,117.06890625,0.36187216666666666,26.988,London Marylebone Road,4,1,2022
2022-03-19,42.90754999999999,11.994868333333335,34.711875,53.12765625,0.3458644166666667,33.369,London Marylebone Road,5,1,2022
2022-03-20,45.36059791666667,12.883569583333333,39.6684375,59.39109375,0.48120266666666667,32.418,London Marylebone Road,6,1,2022
2022-03-21,19.449759583333336,39.49783333333333,78.2690625,138.8315625,0.6179961666666667,51.332,London Marylebone Road,0,1,2022
2022-03-22,18.9092575,32.902734583333334,70.91390625000001,121.40390624999999,0.3633274166666667,54.323,London Marylebone Road,1,1,2022
2022-03-23,16.531048333333334,40.885454583333335,91.01109375,153.69328125,0.4443363333333334,,London Marylebone Road,2,1,2022
2022-03-24,23.125173750000002,56.819712083333336,96.86015625,183.95859375,0.6252724166666667,,London Marylebone Road,3,1,2022
2022-03-25,34.55887166666667,27.357446666666664,74.83453125,116.73421875000001,0.4443363333333334,,London Marylebone Road,4,1,2022
2022-03-26,58.856519166666665,20.00357375,53.900625,84.564375,0.35265558333333336,,London Marylebone Road,5,1,2022
2022-03-27,33.145250833333336,19.249996666666664,38.0746875,67.58296875,0.20324991666666667,,London Marylebone Road,6,1,2022
2022-03-28,19.799007083333333,29.05169583333333,60.11625,104.6615625,0.2857140833333333,,London Marylebone Road,0,1,2022
2022-03-29,39.93894625,13.164212083333332,34.225781250000004,54.41859374999999,0.19597366666666668,,London Marylebone Road,1,1,2022
2022-03-30,57.82323826086956,7.429569565217391,28.637608695652172,40.05440217391305,0.2308153043478261,,London Marylebone Road,2,1,2022
2022-03-31,61.550714166666666,7.2447341666666665,18.5990625,29.74734375,0.44967224999999994,,London Marylebone Road,3,1,2022
2022-04-01,64.25322458333333,7.068033333333333,19.06125,29.90671875,0.46859049999999997,,London Marylebone Road,4,2,2022
2022-04-02,53.00246583333333,7.010865416666667,28.24921875,39.007031250000004,0.47538166666666665,,London Marylebone Road,5,2,2022
2022-04-03,48.961173333333335,9.702954583333334,35.1740625,50.05171875,0.6073243333333334,,London Marylebone Road,6,2,2022
2022-04-04,25.96904625,49.21637916666666,52.22718750000001,127.70718749999999,0.6102348333333333,,London Marylebone Road,0,2,2022
2022-04-05,26.709118333333333,39.31593541666667,48.545625,108.8053125,0.4603440833333334,,London Marylebone Road,1,2,2022
2022-04-06,33.99342333333333,55.04750666666666,55.087968749999995,139.50890625,0.28086325,14.45,London Marylebone Road,2,2,2022
2022-04-07,47.08188916666666,22.061618749999997,37.413281250000004,71.24859375,0.5597861666666667,13.14,London Marylebone Road,3,2,2022
2022-04-08,40.055362083333335,20.008770833333333,39.20625,69.901875,0.45791866666666664,14.4,London Marylebone Road,4,2,2022
2022-04-09,43.41479041666667,12.104007083333334,34.49671875,53.071875,0.7295653333333334,17.31,London Marylebone Road,5,2,2022
2022-04-10,36.58783333333333,28.838615416666666,54.689531249999995,98.93203125000001,0.5365021666666666,13.22,London Marylebone Road,6,2,2022
2022-04-11,23.815353333333334,53.743038750000004,78.56390625,160.96078125,0.49235958333333335,21.26,London Marylebone Road,0,2,2022
2022-04-12,22.20929,44.12843458333333,62.992968749999996,130.64765624999998,0.29832625,22.0,London Marylebone Road,1,2,2022
2022-04-13,21.631652608695653,40.52098086956522,55.96141304347826,118.12597826086957,0.3649513913043478,17.91,London Marylebone Road,2,2,2022
2022-04-14,20.34782458333333,37.80358416666667,58.0603125,116.0409375,0.4569485,17.83,London Marylebone Road,3,2,2022
2022-04-15,23.063350434782606,28.0330675,58.3790625,101.37046875,0.37351416666666665,23.21,London Marylebone Road,4,2,2022
2022-04-16,27.00847333333333,17.685674583333334,52.10765625,79.27312500000001,0.3036621666666667,33.82,London Marylebone Road,5,2,2022
2022-04-17,41.96790791666667,13.013496666666667,46.441875,66.41953124999999,0.4360899166666667,23.08,London Marylebone Road,6,2,2022
2022-04-18,50.11701625,11.314050416666667,38.56078125,55.900781249999994,0.5549353333333333,17.23,London Marylebone Road,0,2,2022
2022-04-19,53.434867499999996,10.1343125,28.34484375,43.8759375,0.337618,19.1,London Marylebone Road,1,2,2022
2022-04-20,53.75085333333333,14.629789583333334,36.616406250000004,59.0484375,0.36041691666666664,20.47,London Marylebone Road,2,2,2022
2022-04-21,53.97066956521739,22.347458333333332,39.1265625,73.4240625,0.34295391666666664,20.83,London Marylebone Road,3,2,2022
2022-04-22,59.28060541666667,10.997028333333333,26.58375,43.445625,0.28716933333333333,18.61,London Marylebone Road,4,2,2022
2022-04-23,64.87688083333333,4.323973333333334,16.989375,23.627343749999998,0.24836266666666665,27.27,London Marylebone Road,5,2,2022
2022-04-24,73.79751521739131,2.8220162500000003,13.411406249999999,17.7225,0.29590083333333334,17.89,London Marylebone Road,6,2,2022
2022-04-25,57.20175125,6.31445625,21.706875,31.4128125,0.29541575000000003,15.59,London Marylebone Road,0,2,2022
2022-04-26,54.80010772727273,7.925552083333334,28.105781250000003,40.26609375,0.36526774999999995,,London Marylebone Road,1,2,2022
2022-04-27,51.588845000000006,9.371019130434782,31.065652173913044,45.434347826086956,0.36393904347826084,14.17,London Marylebone Road,2,2,2022
2022-04-28,55.0314275,17.659689166666666,40.26609375,67.35984375,0.36817825,19.56,London Marylebone Road,3,2,2022
2022-04-29,58.09981625,5.929872083333334,25.8346875,34.92703125,0.35702133333333336,14.95,London Marylebone Road,4,2,2022
2022-04-30,54.623972083333335,10.18108625,37.55671875,53.15953124999999,0.4186269166666667,16.61,London Marylebone Road,5,2,2022
2022-05-01,44.39600958333333,20.08153,48.5934375,79.36874999999999,0.5122479999999999,,London Marylebone Road,6,2,2022
2022-05-02,43.747407083333336,15.882286666666666,44.8003125,69.14484374999999,0.4186269166666667,,London Marylebone Road,0,2,2022
2022-05-03,33.685752916666665,14.520650833333333,33.9309375,56.17171875,0.3104533333333333,,London Marylebone Road,1,2,2022
2022-05-04,24.888042083333332,53.8521775,57.5025,140.0746875,0.39437275,,London Marylebone Road,2,2,2022
2022-05-05,34.691918333333334,18.953762916666665,39.620625,68.6746875,0.4981805833333333,,London Marylebone Road,3,2,2022
2022-05-06,22.7010875,48.44721083333334,56.9128125,131.18953125,0.390007,12.76,London Marylebone Road,4,2,2022
2022-05-07,30.043600416666667,13.73589125,25.9621875,47.015625,0.19645875000000002,10.44,London Marylebone Road,5,2,2022
2022-05-08,55.99601583333333,9.022136666666666,26.46421875,40.29796875,0.31336383333333334,11.72,London Marylebone Road,6,2,2022
2022-05-09,36.138800833333335,33.34448666666667,61.72593749999999,112.82156249999998,0.35653625,19.38,London Marylebone Road,0,2,2022
2022-05-10,35.49851375,40.3189725,49.55765625,111.37124999999999,0.32355058333333336,15.97,London Marylebone Road,1,2,2022
2022-05-11,23.607467916666664,47.89632,52.139531250000005,125.57953125,0.33907325,16.1,London Marylebone Road,2,2,2022
2022-05-12,19.782376250000002,51.71097916666667,57.4228125,136.7278125,0.41523133333333334,14.65,London Marylebone Road,3,2,2022
2022-05-13,31.374067083333333,41.12452041666666,54.64171875,117.6984375,0.37448433333333336,,London Marylebone Road,4,2,2022
2022-05-14,43.26511291666667,20.18547166666667,44.4496875,75.41625,0.3453793333333333,,London Marylebone Road,5,2,2022
2022-05-15,37.6688375,13.647540833333332,47.955937500000005,68.88984375,0.267766,,London Marylebone Road,6,2,2022
2022-05-16,26.426394166666668,39.56539541666667,52.848749999999995,113.5228125,0.26291516666666664,,London Marylebone Road,0,2,2022
2022-05-17,27.831699583333332,38.006270416666666,56.54624999999999,114.83765625,0.26243008333333334,,London Marylebone Road,1,2,2022
2022-05-18,34.32604,39.78367291666667,53.486250000000005,114.4790625,0.3424688333333333,,London Marylebone Road,2,2,2022
2022-05-19,33.50281375,31.951668333333334,52.1315625,101.13937499999999,0.30705775,16.53,London Marylebone Road,3,2,2022
2022-05-20,29.727614583333335,48.670685416666664,59.2396875,133.86703125,0.3599318333333333,19.08,London Marylebone Road,4,2,2022
2022-05-21,32.413494166666666,23.256947916666665,40.74421875,76.39640625,0.33082683333333335,19.68,London Marylebone Road,5,2,2022
2022-05-22,38.91615,21.318435833333336,41.676562499999996,74.364375,0.33325224999999997,17.5,London Marylebone Road,6,2,2022
2022-05-23,30.351270833333334,23.59475833333333,40.69640625,76.85859375,0.29250525,14.37,London Marylebone Road,0,2,2022
2022-05-24,25.287182083333335,32.668865833333335,43.74046875,93.82406250000001,0.3056025,11.58,London Marylebone Road,1,2,2022
2022-05-25,22.559725416666666,42.84204347826087,50.66461956521739,116.36315217391304,0.3285068695652174,15.24,London Marylebone Road,2,2,2022
2022-05-26,18.4103325,50.15185416666666,46.25062500000001,123.1490625,0.27552733333333335,15.93,London Marylebone Road,3,2,2022
2022-05-27,50.923611666666666,9.339158750000001,22.70296875,36.99890625,0.2706765,14.43,London Marylebone Road,4,2,2022
2022-05-28,53.40992125,4.672177916666667,13.9453125,21.133125,0.32112516666666663,9.68,London Marylebone Road,5,2,2022
2022-05-29,53.02741208333333,4.547447916666667,12.7978125,19.7784375,0.35265558333333336,8.46,London Marylebone Road,6,2,2022
2022-05-30,20.896642083333333,48.19255375,57.677812499999995,131.58796875,0.43706008333333335,16.74,London Marylebone Road,0,2,2022
2022-05-31,20.430978749999998,50.44808791666667,58.410937499999996,135.76359375,0.38127550000000004,14.75,London Marylebone Road,1,2,2022
2022-06-01,23.407897916666666,30.340572499999997,43.334062499999995,89.83968750000001,0.3880666666666667,,London Marylebone Road,2,2,2022
2022-06-02,38.05134666666667,15.54447625,48.306562500000005,72.14109375,0.3647826666666667,,London Marylebone Road,3,2,2022
2022-06-03,65.74999958333333,5.519302499999999,27.165468750000002,35.64421875,0.2789229166666667,,London Marylebone Road,4,2,2022
2022-06-04,67.7041225,3.04029375,11.9371875,16.56703125,0.23284000000000002,,London Marylebone Road,5,2,2022
2022-06-05,32.26381666666666,9.380735416666667,21.515625,35.9071875,0.19839908333333334,,London Marylebone Road,6,2,2022
2022-06-06,18.451909583333332,52.70362208333333,55.478437500000005,136.3134375,0.31481908333333336,14.31,London Marylebone Road,0,2,2022
2022-06-07,23.166750833333335,40.064315416666666,46.94390625,108.35109375,0.27310191666666667,13.38,London Marylebone Road,1,2,2022
2022-06-08,24.460340434782612,34.6478247826087,45.01858695652174,98.16114130434784,0.26067956521739133,16.77,London Marylebone Road,2,2,2022
2022-06-09,17.83656875,54.04446958333333,51.3825,134.24156250000001,0.3167594166666667,19.19,London Marylebone Road,3,2,2022
2022-06-10,23.41621333333333,48.603123333333336,49.03968749999999,123.5634375,0.2857140833333333,22.2,London Marylebone Road,4,2,2022
2022-06-11,31.157866249999998,24.784890416666666,39.1584375,77.16140625,0.29153508333333333,10.57,London Marylebone Road,5,2,2022
2022-06-12,41.89306916666667,12.561350416666668,27.938437500000003,47.21484375,0.2920201666666667,12.52,London Marylebone Road,6,2,2022
2022-06-13,46.31687083333333,12.805613333333334,32.2575,51.86859375,0.314334,13.47,London Marylebone Road,0,2,2022
2022-06-14,40.570917916666666,39.22238791666667,64.3078125,124.42406249999999,0.37302908333333334,20.0,London Marylebone Road,1,2,2022
2022-06-15,50.707410833333334,31.64504041666667,77.9025,126.41624999999999,0.36526775000000006,25.73,London Marylebone Road,2,2,2022
2022-06-16,39.11572,49.65813125,93.32203125000001,169.479375,0.3832158333333333,25.21,London Marylebone Road,3,2,2022
2022-06-17,55.81307666666667,35.40253166666667,85.71984375,139.98703125,0.34004341666666665,31.66,London Marylebone Road,4,2,2022
2022-06-18,40.096939166666665,5.841521666666666,20.368125,29.3409375,0.13436808333333333,17.83,London Marylebone Road,5,2,2022
2022-06-19,42.46683291666667,4.963214583333333,14.57484375,22.22484375,0.23914608333333331,11.75,London Marylebone Road,6,2,2022
2022-06-20,41.65192208333333,10.3214075,25.770937500000002,41.596875000000004,0.26048975,15.36,London Marylebone Road,0,2,2022
2022-06-21,32.912419166666666,30.205448333333333,56.12390625,102.3984375,0.3521705,19.1,London Marylebone Road,1,2,2022
2022-06-22,37.44432125,20.356975416666668,45.93984375,77.169375,0.27746766666666667,17.52,London Marylebone Road,2,2,2022
2022-06-23,47.1484125,13.772270833333332,43.06312500000001,64.17234375,0.23041458333333334,,London Marylebone Road,3,2,2022
2022-06-24,39.53980625,42.0028275,52.02796874999999,116.43140625000001,0.29590083333333334,16.89,London Marylebone Road,4,2,2022
2022-06-25,35.10768916666667,26.661037500000003,39.620625,80.50828125,0.32840141666666667,18.62,London Marylebone Road,5,2,2022
2022-06-26,39.11572,22.711254166666667,35.83546875,70.6509375,0.3647826666666667,15.06,London Marylebone Road,6,2,2022
2022-06-27,24.289332083333335,47.67284541666667,46.760625000000005,119.81812500000001,0.32937158333333333,16.88,London Marylebone Road,0,2,2022
2022-06-28,25.478436666666667,48.821400833333335,51.900468749999995,126.7190625,0.36041691666666664,17.98,London Marylebone Road,1,2,2022
2022-06-29,21.021373333333333,50.328555,50.3784375,127.53984374999999,0.2939605,17.75,London Marylebone Road,2,2,2022
2022-06-30,20.7053875,46.91407125,49.565625000000004,121.49953125,0.314334,16.85,London Marylebone Road,3,2,2022
2022-07-01,23.840299583333334,46.85690333333333,45.868125,117.73828125,0.36623791666666666,,London Marylebone Road,4,3,2022
2022-07-02,31.673422083333335,29.966382499999998,37.708125,83.671875,0.33373733333333333,,London Marylebone Road,5,3,2022
2022-07-03,32.188977916666666,14.369935416666666,24.750937500000003,46.78453124999999,0.27746766666666667,,London Marylebone Road,6,3,2022
2022-07-04,29.51141375,23.360889583333332,35.931093749999995,71.75859375,0.424933,14.56,London Marylebone Road,0,3,2022
2022-07-05,38.575217916666666,11.028210833333333,23.02171875,39.9075,0.27795275,,London Marylebone Road,1,3,2022
2022-07-06,23.67399125,19.300611739130435,26.91635869565217,56.47695652173913,0.22474121739130434,13.35,London Marylebone Road,2,3,2022
2022-07-07,33.893638333333335,14.20362875,27.213281249999998,48.99984375,0.22507866666666668,11.63,London Marylebone Road,3,3,2022
2022-07-08,44.12160083333333,10.14990375,26.99015625,42.52921875,0.21925766666666668,17.72,London Marylebone Road,4,3,2022
2022-07-09,39.73106083333334,10.809933333333333,23.90625,40.4653125,0.20761566666666667,19.18,London Marylebone Road,5,3,2022
2022-07-10,54.174939583333334,14.82727875,36.53671875,59.271562499999995,0.27310191666666667,17.65,London Marylebone Road,6,3,2022
2022-07-11,48.595295,26.240073750000004,60.77765625,101.0278125,0.320155,18.97,London Marylebone Road,0,3,2022
2022-07-12,40.25493208333334,30.117097916666665,61.0725,107.25140625,0.2769825833333333,23.66,London Marylebone Road,1,3,2022
2022-07-13,60.35329416666667,8.845435833333333,27.763125,41.341875,0.186272,16.62,London Marylebone Road,2,3,2022
2022-07-14,44.91988083333334,8.034690833333334,20.75859375,33.0703125,0.26388533333333336,14.05,London Marylebone Road,3,3,2022
2022-07-15,39.348551666666665,15.4977025,29.500312500000003,53.25515625,0.32161025,12.85,London Marylebone Road,4,3,2022
2022-07-16,44.52905625,13.959365833333335,35.88328125,57.279374999999995,0.31093841666666666,15.76,London Marylebone Road,5,3,2022
2022-07-17,53.50139083333334,14.8740525,45.4696875,68.26828125,0.40019374999999996,17.4,London Marylebone Road,6,3,2022
2022-07-18,43.107119999999995,25.551831428571433,86.88214285714287,126.05196428571428,0.4645712380952381,30.38,London Marylebone Road,0,3,2022
2022-07-19,48.58697958333334,20.980625416666665,74.48390625,106.62984375,0.39922358333333335,39.97,London Marylebone Road,1,3,2022
2022-07-20,44.73838782608696,24.875500434782612,41.235163043478266,79.3770652173913,0.24600052173913045,28.04,London Marylebone Road,2,3,2022
2022-07-21,33.8770075,11.017816666666667,23.292656249999997,40.202343750000004,0.18869741666666665,18.78,London Marylebone Road,3,3,2022
2022-07-22,35.656506666666665,22.092801249999997,36.17015625,70.04531250000001,0.244482,17.6,London Marylebone Road,4,3,2022
2022-07-23,35.182527916666665,22.815195833333334,36.249843750000004,71.2246875,0.27601241666666665,15.73,London Marylebone Road,5,3,2022
2022-07-24,36.75414166666666,15.975834166666667,22.54359375,47.079375,0.23963116666666665,14.66,London Marylebone Road,6,3,2022
2022-07-25,28.76302625,26.603869583333335,30.663750000000004,71.4796875,0.238661,14.35,London Marylebone Road,0,3,2022
2022-07-26,42.78281875,10.451334583333333,21.268593749999997,37.31765625,0.22022783333333332,13.39,London Marylebone Road,1,3,2022
2022-07-27,32.03930041666667,25.377357916666668,39.89953125,78.83484375,0.30463233333333334,15.1,London Marylebone Road,2,3,2022
2022-07-28,42.541671666666666,22.040830416666665,43.35796875,77.14546875,0.33082683333333335,20.18,London Marylebone Road,3,3,2022
2022-07-29,57.625837499999996,10.061553333333334,34.425000000000004,49.87640625,0.28474391666666665,19.09,London Marylebone Road,4,3,2022
2022-07-30,40.579233333333335,22.685268750000002,44.664843749999996,79.4484375,0.3080279166666667,18.75,London Marylebone Road,5,3,2022
2022-07-31,23.91513833333333,16.459162916666667,20.00953125,45.27046875,0.16153275,10.71,London Marylebone Road,6,3,2022
2022-08-01,35.79786875,22.747633750000002,36.82359375,71.686875,0.30414725000000004,,London Marylebone Road,0,3,2022
2022-08-02,17.78667625,31.57228125,24.153281250000003,72.579375,0.23381016666666665,,London Marylebone Road,1,3,2022
2022-08-03,11.259074166666666,34.862035,29.1496875,82.588125,0.21489191666666665,,London Marylebone Road,2,3,2022
2022-08-04,41.02826583333333,11.007422499999999,20.37609375,37.28578125,0.2832886666666667,14.96,London Marylebone Road,3,3,2022
2022-08-05,49.40189041666667,6.335244583333334,15.602812499999999,25.316718750000003,0.3706036666666667,,London Marylebone Road,4,3,2022
2022-08-06,48.62855666666667,6.397609583333334,20.878125,30.67171875,0.41668658333333336,14.4,London Marylebone Road,5,3,2022
2022-08-07,53.651068333333335,6.626281250000001,29.404687499999998,39.556875,0.42929875,13.29,London Marylebone Road,6,3,2022
2022-08-08,45.61006041666667,9.349552916666667,29.1975,43.51734375,0.3206400833333333,17.73,London Marylebone Road,0,3,2022
2022-08-09,21.5036675,7.03165375,24.55171875,35.3334375,0.23866099999999998,15.09,London Marylebone Road,1,3,2022
2022-08-10,57.795472,15.95410090909091,55.14954545454545,79.62954545454545,0.34926,19.9,London Marylebone Road,2,3,2022
2022-08-11,58.831572916666666,11.6934375,44.84015625,62.7778125,0.3119085833333333,16.97,London Marylebone Road,3,3,2022
2022-08-12,71.53752958333332,10.165495,47.40609375,63.016875,0.33955833333333335,34.91,London Marylebone Road,4,3,2022
2022-08-13,72.80978833333333,7.46820875,46.81640625,58.267500000000005,0.31481908333333336,24.8,London Marylebone Road,5,3,2022
2022-08-14,78.28964791666667,6.78219375,48.163125,58.562343750000004,0.3342224166666667,22.85,London Marylebone Road,6,3,2022
2022-08-15,60.54454875,21.349618333333336,57.57421875,90.2859375,0.24787758333333332,28.2,London Marylebone Road,0,3,2022
2022-08-16,37.56073708333333,26.021796249999998,50.521875,90.429375,0.139704,28.75,London Marylebone Road,1,3,2022
2022-08-17,34.642025833333335,4.157666666666667,27.4921875,33.84328125,,24.1,London Marylebone Road,2,3,2022
2022-08-18,29.095642916666666,24.1664375,43.99546874999999,81.03421875,,20.77,London Marylebone Road,3,3,2022
2022-08-19,20.073415833333332,31.515113333333332,39.13453125,87.42515625,,16.04,London Marylebone Road,4,3,2022
2022-08-20,21.694922083333335,27.622497916666664,34.9190625,77.24109375,,19.39,London Marylebone Road,5,3,2022
2022-08-21,27.96474625,21.318435833333336,31.723593750000003,64.4353125,,20.57,London Marylebone Road,6,3,2022
2022-08-22,18.277285833333334,34.680137083333335,40.568906250000005,93.76828124999999,,17.31,London Marylebone Road,0,3,2022
2022-08-23,10.194700833333334,34.976370833333334,30.560156250000002,84.21375,,10.7,London Marylebone Road,1,3,2022
2022-08-24,13.09678125,35.77672166666667,37.524843749999995,92.39765625,,12.56,London Marylebone Road,2,3,2022
2022-08-25,9.662514166666666,12.436620416666665,21.499687500000004,40.58484375,,10.29,London Marylebone Road,3,3,2022
2022-08-26,25.644745,18.57437583333333,36.265781249999996,64.74609375,,17.5,London Marylebone Road,4,3,2022
2022-08-27,29.170481666666664,15.60684125,36.20203125,60.14015625,,15.37,London Marylebone Road,5,3,2022
2022-08-28,35.34883625,8.055479166666666,23.922187500000003,36.27375,,11.49,London Marylebone Road,6,3,2022
2022-08-29,43.64762208333334,3.180615,15.88171875,20.75859375,,9.39,London Marylebone Road,0,3,2022
2022-08-30,45.46869833333333,3.928995,15.945468750000002,21.98578125,,12.05,London Marylebone Road,1,3,2022
2022-08-31,44.76441869565217,5.498966086956521,20.230923913043476,28.67086956521739,,13.63,London Marylebone Road,2,3,2022
2022-09-01,44.786834166666665,6.319653333333334,28.2890625,37.9790625,,,London Marylebone Road,3,3,2022
2022-09-02,34.60876416666667,14.458285833333333,42.991406250000004,65.15249999999999,0.3450265454545454,,London Marylebone Road,4,3,2022
2022-09-03,37.21148958333333,21.926494583333334,51.1275,84.755625,0.3182146666666667,,London Marylebone Road,5,3,2022
2022-09-04,36.06396208333333,16.952885833333333,34.672031249999996,60.666093749999995,0.3031770833333333,12.11,London Marylebone Road,6,3,2022
2022-09-05,17.9114075,38.068635416666666,46.672968749999995,105.0440625,0.33858816666666663,,London Marylebone Road,0,3,2022
2022-09-06,20.264670416666664,33.36007791666667,44.19468749999999,95.34609375000001,0.3123936666666667,20.43,London Marylebone Road,1,3,2022
2022-09-07,19.5079675,37.86075208333333,44.79234374999999,102.82875,0.32452074999999997,11.37,London Marylebone Road,2,3,2022
2022-09-08,15.466675,43.63471166666667,48.76078125,115.68234374999999,0.36381250000000004,16.58,London Marylebone Road,3,3,2022
2022-09-09,12.456494166666666,28.240950833333333,43.45359375,86.72390624999998,0.3458644166666667,16.5,London Marylebone Road,4,3,2022
2022-09-10,21.985961666666668,13.257759583333334,31.141875,51.4621875,0.28474391666666665,16.18,London Marylebone Road,5,3,2022
2022-09-11,25.470121250000002,18.725091250000002,39.7640625,68.4834375,0.3172445,17.13,London Marylebone Road,6,3,2022
2022-09-12,20.88001125,41.40516291666666,56.09203125,119.55515625,0.36526774999999995,42.4,London Marylebone Road,0,3,2022
2022-09-13,19.399867083333334,12.280707916666666,27.635625,46.441875,0.24254166666666666,12.6,London Marylebone Road,1,3,2022
2022-09-14,26.043885,10.027207391304348,28.39646739130435,43.754673913043476,0.21259304347826086,14.0,London Marylebone Road,2,3,2022
2022-09-15,23.208327916666665,11.885729583333335,28.671562500000004,46.888125,0.22362341666666666,14.43,London Marylebone Road,3,3,2022
2022-09-16,37.057654375,9.99399125,23.0775,38.3775,0.20907091666666666,8.95,London Marylebone Road,4,3,2022
2022-09-17,29.97707708333333,9.100092916666666,26.551875,40.52109375,0.21489191666666665,11.81,London Marylebone Road,5,3,2022
2022-09-18,30.50926375,8.569990416666666,23.93015625,37.0546875,0.2027648333333333,9.69,London Marylebone Road,6,3,2022
2022-09-19,33.694068333333334,6.2313029166666665,19.69078125,29.25328125,0.17220458333333333,9.15,London Marylebone Road,0,3,2022
2022-09-20,19.840584166666666,19.249996666666664,37.492968749999996,67.00125,0.20616041666666665,11.35,London Marylebone Road,1,3,2022
2022-09-21,9.645883333333334,64.64651958333333,62.38734375000001,161.4946875,0.39097716666666665,21.94,London Marylebone Road,2,3,2022
2022-09-22,18.50299,48.946130833333335,61.78968750000001,136.839375,0.29105,19.71,London Marylebone Road,3,3,2022
2022-09-23,26.75069541666667,19.769705,31.5721875,61.853437500000005,0.18481675,13.45,London Marylebone Road,4,3,2022
2022-09-24,30.750410833333333,5.981842916666667,15.746250000000002,24.9103125,0.2527284166666667,9.13,London Marylebone Road,5,3,2022
2022-09-25,32.396863333333336,12.836795833333333,24.28078125,43.94765625,0.33131191666666665,10.31,London Marylebone Road,6,3,2022
2022-09-26,31.40732875,13.008299583333333,24.025781249999998,43.99546874999999,0.30026658333333334,12.18,London Marylebone Road,0,3,2022
2022-09-27,19.973630833333335,27.341855416666665,40.2421875,82.17375,0.3924324166666667,15.09,London Marylebone Road,1,3,2022
2022-09-28,11.638559545454546,39.76052227272727,43.05732954545454,104.0313068181818,0.47943872727272724,16.74,London Marylebone Road,2,3,2022
2022-09-29,9.238427916666668,46.53988125,47.04750000000001,118.38375,0.5782193333333333,18.22,London Marylebone Road,3,3,2022
2022-09-30,10.0283925,55.46327333333334,45.74859375,130.77515625,0.5757939166666667,18.73,London Marylebone Road,4,3,2022
2022-10-01,15.682875833333334,32.18034,40.967343750000005,90.301875,0.5224347500000001,,London Marylebone Road,5,4,2022
2022-10-02,21.82796875,14.868855416666667,28.464375,51.286875,0.42735841666666663,,London Marylebone Road,6,4,2022
2022-10-03,6.91011125,65.61317708333333,54.824999999999996,155.4065625,0.5626966666666667,,London Marylebone Road,0,4,2022
2022-10-04,18.568325416666667,36.831729583333335,43.31015625,99.82453125,0.343439,15.77,London Marylebone Road,1,4,2022
2022-10-05,27.848330416666666,29.867637916666666,38.78390625,84.564375,0.38855175,,London Marylebone Road,2,4,2022
2022-10-06,17.071550416666668,45.40691708333333,46.1390625,115.75406249999999,0.5151585,21.11,London Marylebone Road,3,4,2022
2022-10-07,20.55571,35.83388958333334,41.469375,96.421875,0.5117629166666667,16.03,London Marylebone Road,4,4,2022
2022-10-08,11.367174583333332,41.166097083333334,45.19078125000001,108.3271875,0.7479985,19.15,London Marylebone Road,5,4,2022
2022-10-09,11.367174583333332,38.40124875,49.900312500000005,108.79734375,0.58355525,14.47,London Marylebone Road,6,4,2022
2022-10-10,24.638579583333335,13.730694166666666,31.843125,52.9125,0.42735841666666663,15.4,London Marylebone Road,0,4,2022
2022-10-11,6.951688333333333,83.55350875,60.90515625,189.01874999999998,0.7644913333333333,21.33,London Marylebone Road,1,4,2022
2022-10-12,8.234431739130434,66.02013130434783,62.50548913043478,163.7349456521739,0.6600507826086957,35.08,London Marylebone Road,2,4,2022
2022-10-13,8.9307575,41.30641833333333,50.362500000000004,113.73,0.5583309166666667,19.93,London Marylebone Road,3,4,2022
2022-10-14,6.577494583333333,67.0735575,59.56640625,162.42703125,1.082706,24.35,London Marylebone Road,4,4,2022
2022-10-15,20.855065,32.034821666666666,41.843906249999996,90.93140625000001,,16.05,London Marylebone Road,5,4,2022
2022-10-16,27.71528375,21.7342025,33.76359375,67.1128125,,18.16,London Marylebone Road,6,4,2022
2022-10-17,13.525403181818183,45.635588750000004,52.39453125,122.36015625,,23.71,London Marylebone Road,0,4,2022
2022-10-18,10.818357083333334,49.12802875,52.434374999999996,127.79484375,,23.76,London Marylebone Road,1,4,2022
2022-10-19,16.098646666666667,27.248307916666665,42.9196875,84.72375,,28.98,London Marylebone Road,2,4,2022
2022-10-20,3.3012204166666663,59.67810791666667,53.836875,145.35,,26.68,London Marylebone Road,3,4,2022
2022-10-21,11.932622916666666,41.82092958333333,51.03187500000001,115.1484375,,24.73,London Marylebone Road,4,4,2022
2022-10-22,21.32904375,27.243110833333333,38.81578125,80.58796875,,19.35,London Marylebone Road,5,4,2022
2022-10-23,17.354274583333332,20.382960833333332,36.879375,68.1328125,,13.86,London Marylebone Road,6,4,2022
2022-10-24,27.14152,35.844283749999995,44.29828125,99.23484375,,15.28,London Marylebone Road,0,4,2022
2022-10-25,18.925888333333333,35.563641249999996,43.94765625,98.45390625,,18.16,London Marylebone Road,1,4,2022
2022-10-26,15.002457826086957,37.061079130434784,46.0995652173913,102.94239130434784,,22.14,London Marylebone Road,2,4,2022
2022-10-27,7.924592083333334,47.490947500000004,48.5934375,121.40390624999999,,22.11,London Marylebone Road,3,4,2022
2022-10-28,11.5251675,47.54811541666667,55.5740625,128.5040625,,23.0,London Marylebone Road,4,4,2022
2022-10-29,12.315132083333333,40.08510375,53.46234375,114.95718749999999,,26.2,London Marylebone Road,5,4,2022
2022-10-30,19.73248375,25.263022083333336,40.18640625,78.89859375,,16.76,London Marylebone Road,6,4,2022
2022-10-31,16.847034166666667,28.19937416666667,41.533125,84.755625,,19.61,London Marylebone Road,0,4,2022
2022-11-01,32.172347083333335,29.60778375,37.014843750000004,82.39687500000001,,,London Marylebone Road,1,4,2022
2022-11-02,25.869261249999997,34.04089583333333,40.34578125,92.533125,,,London Marylebone Road,2,4,2022
2022-11-03,13.271405,45.8070925,57.19171875,127.41234375,,18.865,London Marylebone Road,3,4,2022
2022-11-04,12.373339999999999,29.68574,42.97546875,88.52484375,,29.25,London Marylebone Road,4,4,2022
2022-11-05,12.223662500000001,36.74857625,45.28640625,101.64140625,,,London Marylebone Road,5,4,2022
2022-11-06,22.742664583333333,26.993650833333334,38.728125,80.14171875000001,,21.04,London Marylebone Road,6,4,2022
2022-11-07,25.96904625,36.5770725,44.50546875,100.58953125,,19.91,London Marylebone Road,0,4,2022
2022-11-08,29.7858225,42.075586666666666,43.75640625,108.27140625,,22.42,London Marylebone Road,1,4,2022
2022-11-09,17.570475416666667,51.29001541666667,51.7490625,130.39265625,,14.78,London Marylebone Road,2,4,2022
2022-11-10,20.655495,50.1102775,50.68921875,127.5159375,,29.32,London Marylebone Road,3,4,2022
2022-11-11,20.5058175,43.20335375,45.3103125,111.53859375,,17.7,London Marylebone Road,4,4,2022
2022-11-12,8.689610416666666,26.775373333333334,36.1303125,77.2171875,,38.78,London Marylebone Road,5,4,2022
2022-11-13,5.288605,37.065598333333334,35.66015625,92.50125000000001,,24.27,London Marylebone Road,6,4,2022
2022-11-14,3.2430125000000003,62.19349625,42.776250000000005,138.1621875,,29.95,London Marylebone Road,0,4,2022
2022-11-15,20.622233333333334,36.59266375,45.4696875,101.585625,,14.9,London Marylebone Road,1,4,2022
2022-11-16,20.8051725,39.86162916666667,49.820625,110.91703125,,11.8,London Marylebone Road,2,4,2022
2022-11-17,13.404451666666667,58.986895833333335,55.66171875,146.12296875,,13.39,London Marylebone Road,3,4,2022
2022-11-18,17.53721375,43.021455833333334,50.545781250000005,116.53500000000001,,16.49,London Marylebone Road,4,4,2022
2022-11-19,19.300082083333333,21.474348333333335,39.716249999999995,72.63515625000001,,19.85,London Marylebone Road,5,4,2022
2022-11-20,16.747249166666666,23.30891875,45.38999999999999,81.11390625,,15.72,London Marylebone Road,6,4,2022
2022-11-21,17.404167083333334,32.393420416666665,45.74859375,95.40984375,,16.1,London Marylebone Road,0,4,2022
2022-11-22,13.404451666666667,69.15758791666667,54.793124999999996,160.83328125,,18.49,London Marylebone Road,1,4,2022
2022-11-23,14.915688260869565,49.54492521739131,56.03625,132.02070652173913,,18.95,London Marylebone Road,2,4,2022
2022-11-24,20.655495,53.493578750000005,58.363125,140.36953125,,25.26,London Marylebone Road,3,4,2022
2022-11-25,13.080150416666667,71.15326791666666,55.70953125,164.83359375,,30.53,London Marylebone Road,4,4,2022
2022-11-26,18.701372083333336,25.80351875,43.29421875,82.86703125,,23.12,London Marylebone Road,5,4,2022
2022-11-27,16.2150625,33.80702708333333,45.079218749999995,96.931875,,14.98,London Marylebone Road,6,4,2022
2022-11-28,9.55441375,52.62566583333333,59.207812499999996,139.899375,,23.48,London Marylebone Road,0,4,2022
2022-11-29,12.315132083333333,21.276859166666668,34.59234375,67.2403125,,23.09,London Marylebone Road,1,4,2022
2022-11-30,8.199000833333333,25.11750375,44.39390624999999,82.89093749999999,,27.88,London Marylebone Road,2,4,2022
2022-12-01,9.263374166666667,16.8073675,35.1103125,60.87328125,,,London Marylebone Road,3,4,2022
2022-12-02,14.202731666666667,10.529290833333333,24.5596875,40.72828125,,,London Marylebone Road,4,4,2022
2022-12-03,36.94539625,3.3365275000000003,15.555,20.686875,,16.359,London Marylebone Road,5,4,2022
2022-12-04,20.4060325,6.293667916666667,17.95359375,27.619687499999998,,26.56,London Marylebone Road,6,4,2022
2022-12-05,16.863665,7.9515375,22.30453125,34.48078125,,,London Marylebone Road,0,4,2022
2022-12-06,23.183381666666666,12.67568625,29.739375,49.15921875,,16.65,London Marylebone Road,1,4,2022
2022-12-07,15.67926043478261,30.087045217391307,44.14548913043478,90.23673913043478,,22.96,London Marylebone Road,2,4,2022
2022-12-08,3.4342670833333333,61.803715000000004,65.20031250000001,159.95671875,,25.5,London Marylebone Road,3,4,2022
2022-12-09,4.881149583333333,64.60494291666667,60.275625,159.30328125,,17.02,London Marylebone Road,4,4,2022
2022-12-10,1.0810041666666665,89.12478208333334,70.8103125,207.48234375,,24.57,London Marylebone Road,5,4,2022
2022-12-11,2.095485,71.34036291666666,56.865,166.20421875,,24.51,London Marylebone Road,6,4,2022
2022-12-12,8.30710125,41.57146958333333,48.226875,111.98484375,,20.67,London Marylebone Road,0,4,2022
2022-12-13,2.5528329166666666,40.33976083333334,61.64625,123.515625,0.4901282,34.38,London Marylebone Road,1,4,2022
2022-12-14,17.728468333333335,14.406315,38.0746875,60.1640625,0.30026658333333334,23.34,London Marylebone Road,2,4,2022
2022-12-15,11.333912916666668,37.003233333333334,59.51859375,116.2321875,0.39728325000000003,26.73,London Marylebone Road,3,4,2022
2022-12-16,6.352978333333334,121.48701999999999,71.83828125000001,258.1396875,0.7751631666666666,50.4,London Marylebone Road,4,4,2022
2022-12-17,3.01849625,90.58516250000001,73.06546875,211.99265625,0.7334459999999999,33.2,London Marylebone Road,5,4,2022
2022-12-18,13.778645416666665,19.369529583333335,36.5925,66.331875,0.3832158333333333,20.46,London Marylebone Road,6,4,2022
2022-12-19,25.06266583333333,21.925364782608696,25.76054347826087,59.37896739130434,0.227019,10.4,London Marylebone Road,0,4,2022
2022-12-20,17.479005833333336,44.37789458333333,52.07578125,120.12093750000001,0.38612633333333335,21.65,London Marylebone Road,1,4,2022
2022-12-21,14.127892916666667,45.157457083333334,57.885,127.10953124999999,0.41474625000000004,19.7,London Marylebone Road,2,4,2022
2022-12-22,12.99699625,41.91447708333333,51.6215625,115.85765624999999,0.42444791666666665,16.66,London Marylebone Road,3,4,2022
2022-12-23,20.173200833333333,30.174265833333333,44.68875,90.97125,0.3613870833333333,12.92,London Marylebone Road,4,4,2022
2022-12-24,22.95886541666667,25.507285,42.8240625,81.93468750000001,0.28910966666666665,24.22,London Marylebone Road,5,4,2022
2022-12-25,31.44890583333333,13.169409166666666,33.827343750000004,54.05203125,0.21586208333333334,10.71,London Marylebone Road,6,4,2022
2022-12-26,35.55672166666667,16.968477083333333,33.93890625,59.9728125,0.3017218333333333,11.37,London Marylebone Road,0,4,2022
2022-12-27,36.98697333333333,14.629789583333334,33.373125,55.80515625,0.23186983333333333,11.63,London Marylebone Road,1,4,2022
2022-12-28,43.996869583333336,12.0052625,23.77875,42.2025,0.19694383333333332,7.77,London Marylebone Road,2,4,2022
2022-12-29,35.50682916666667,20.55446458333333,32.04234375,63.55875,0.32743125,17.54,London Marylebone Road,3,4,2022
2022-12-30,34.708549166666664,15.534082083333333,30.1378125,53.95640624999999,0.30026658333333334,12.28,London Marylebone Road,4,4,2022
2022-12-31,46.524756249999996,10.6955975,20.93390625,37.33359375,0.25175825,14.04,London Marylebone Road,5,4,2022
2023-01-01,40.77048791666667,14.136066666666666,32.831250000000004,54.5221875,0.3182146666666667,22.0,London Marylebone Road,6,1,2023
2023-01-02,21.886176666666668,25.621620833333335,48.195,87.47296875,0.471501,37.0,London Marylebone Road,0,1,2023
2023-01-03,28.61334875,18.137820833333333,40.82390625,68.61093749999999,0.28668425000000003,9.7,London Marylebone Road,1,1,2023
2023-01-04,35.627583478260874,18.373271304347828,33.46875,61.64902173913043,0.2864944347826087,5.6,London Marylebone Road,2,1,2023
2023-01-05,30.94998083333333,21.4847425,36.96703125,69.8859375,0.32355058333333336,10.3,London Marylebone Road,3,1,2023
2023-01-06,30.301378333333332,36.7018025,47.18296874999999,103.49015625,0.3589616666666667,11.2,London Marylebone Road,4,1,2023
2023-01-07,40.04704666666667,18.44964583333333,32.098125,60.39515625000001,0.3405285,13.5,London Marylebone Road,5,1,2023
2023-01-08,39.148981666666664,20.263427916666668,39.174375,70.2684375,0.38758158333333337,14.4,London Marylebone Road,6,1,2023
2023-01-09,23.000442500000002,39.98635916666667,53.41453125,114.72609375,0.5132181666666666,10.1,London Marylebone Road,0,1,2023
2023-01-10,24.937934583333334,36.166502916666666,44.146875,99.60140625000001,0.3405285,18.5,London Marylebone Road,1,1,2023
2023-01-11,28.671556666666664,51.918862499999996,52.553906250000004,132.19359375000002,0.39194733333333337,13.8,London Marylebone Road,2,1,2023
2023-01-12,31.9312,46.456727916666665,46.2665625,117.51515625,0.37982025,15.3,London Marylebone Road,3,1,2023
2023-01-13,28.471986666666666,45.31856666666667,53.23921875,122.71078125000001,0.4695606666666667,21.4,London Marylebone Road,4,1,2023
2023-01-14,32.2804475,28.4696225,43.43765625,87.04265625,0.3982534166666667,10.8,London Marylebone Road,5,1,2023
2023-01-15,35.85607666666667,27.279490416666665,41.68453125,83.55234374999999,0.41038050000000004,12.8,London Marylebone Road,6,1,2023
2023-01-16,30.883457500000002,14.697351666666668,34.1221875,56.633906249999995,0.3788500833333333,12.3,London Marylebone Road,0,1,2023
2023-01-17,1.4635133333333332,88.483462,73.40175,209.06493749999998,0.8182662857142857,33.3,London Marylebone Road,1,1,2023
2023-01-18,6.26150875,63.29527791666666,60.49078125,157.53421875,0.6839675000000001,20.9,London Marylebone Road,2,1,2023
2023-01-19,6.7271720833333335,65.29095791666667,59.7496875,159.853125,0.66213875,23.0,London Marylebone Road,3,1,2023
2023-01-20,17.528898333333334,25.559255833333335,43.79624999999999,82.970625,0.49332975,15.2,London Marylebone Road,4,1,2023
2023-01-21,13.080150416666667,29.987170833333334,46.2984375,92.28609375,0.5321364166666667,29.1,London Marylebone Road,5,1,2023
2023-01-22,5.4299670833333336,79.96232416666668,62.03671875,184.65984375000002,0.8886726666666666,42.0,London Marylebone Road,6,1,2023
2023-01-23,5.18882,117.01752833333335,69.9815625,249.40593750000002,0.9265091666666666,38.5,London Marylebone Road,0,1,2023
2023-01-24,21.628398750000002,16.734608333333334,39.86765625,65.52703125000001,0.33276716666666667,23.5,London Marylebone Road,1,1,2023
2023-01-25,2.935342083333333,111.38389000000001,58.474687499999995,229.26890625,0.7358714166666668,39.0,London Marylebone Road,2,1,2023
2023-01-26,36.80403416666667,12.380808260869566,27.689673913043475,46.665000000000006,0.2585494166666667,13.2,London Marylebone Road,3,1,2023
2023-01-27,34.10152375,8.502428333333333,30.17765625,43.26234375000001,0.29541575000000003,16.0,London Marylebone Road,4,1,2023
2023-01-28,27.731914583333335,20.071135833333333,41.0071875,71.79843749999999,0.4220225,29.0,London Marylebone Road,5,1,2023
2023-01-29,14.585240833333332,34.47225375,43.469531249999996,96.33421874999999,0.4603440833333334,19.0,London Marylebone Road,6,1,2023
2023-01-30,21.32072833333333,33.240545000000004,45.05531249999999,95.98359375,0.5098225833333333,30.1,London Marylebone Road,0,1,2023
2023-01-31,16.16517,45.292581250000005,52.34671875,121.80234374999999,0.49624025,28.6,London Marylebone Road,1,1,2023
2023-02-01,21.128389130434783,34.512248695652175,45.65885869565217,98.55195652173914,0.4920010434782609,14.3,London Marylebone Road,2,1,2023
2023-02-02,19.39155166666667,51.59664333333333,51.9084375,131.01421875,0.46422475,23.3,London Marylebone Road,3,1,2023
2023-02-03,21.761445416666664,32.611697916666664,45.65296875000001,95.66484375,0.51661375,19.3,London Marylebone Road,4,1,2023
2023-02-04,16.472840416666667,30.033944583333334,49.37437499999999,95.4496875,0.5593010833333333,11.9,London Marylebone Road,5,1,2023
2023-02-05,38.6666875,6.4547775,23.59546875,33.4846875,0.3676931666666667,17.0,London Marylebone Road,6,1,2023
2023-02-06,5.41333625,80.513215,66.586875,190.03078125000002,0.6315785,16.6,London Marylebone Road,0,1,2023
2023-02-07,2.3615783333333336,106.80006250000001,65.90953125,229.65140625,0.75527475,22.9,London Marylebone Road,1,1,2023
2023-02-08,1.7462375,142.08825833333333,72.44390625,290.29359375,0.8474405833333334,9.2,London Marylebone Road,2,1,2023
2023-02-09,10.485740416666667,69.34468291666666,57.2475,163.5825,0.61266025,13.8,London Marylebone Road,3,1,2023
2023-02-10,4.008030833333334,88.66743874999999,68.09296875,204.06375,0.6592282500000001,18.6,London Marylebone Road,4,1,2023
2023-02-11,18.718002916666666,29.394703333333336,44.63296875,89.69625,0.3967981666666667,8.4,London Marylebone Road,5,1,2023
2023-02-12,28.71313375,18.13262375,34.1221875,61.92515624999999,0.3017218333333333,26.1,London Marylebone Road,6,1,2023
2023-02-13,16.93850375,35.610414999999996,46.2984375,100.90828125,0.38176058333333335,40.9,London Marylebone Road,0,1,2023
2023-02-14,3.1265966666666665,101.04689125,68.31609375000001,223.26046875,0.7145277499999999,63.4,London Marylebone Road,1,1,2023
2023-02-15,12.414917083333334,60.09907166666667,61.33546875,153.4621875,0.5389275833333333,56.3,London Marylebone Road,2,1,2023
2023-02-16,21.046319583333332,47.646860000000004,47.64515625000001,120.68671875,0.3531406666666667,10.7,London Marylebone Road,3,1,2023
2023-02-17,23.266535833333332,37.44498541666667,41.851875,99.27468749999998,0.31869975,12.9,London Marylebone Road,4,1,2023
2023-02-18,31.848045833333334,23.017882083333333,39.33375,74.61140625,0.29735608333333335,14.1,London Marylebone Road,5,1,2023
2023-02-19,29.56130625,21.692625833333334,39.86765625,73.12921874999999,0.3482898333333333,17.6,London Marylebone Road,6,1,2023
2023-02-20,21.021373333333333,45.91623125,46.58531249999999,117.02109374999999,0.2832886666666667,17.0,London Marylebone Road,0,1,2023
2023-02-21,17.296066666666665,42.98507625,43.74046875,109.67390625,0.3031770833333333,25.1,London Marylebone Road,1,1,2023
2023-02-22,14.867965,34.804867083333335,42.46546875,95.848125,0.28910966666666665,26.0,London Marylebone Road,2,1,2023
2023-02-23,42.58324875,6.896529583333333,25.69921875,36.2896875,0.17220458333333333,14.7,London Marylebone Road,3,1,2023
2023-02-24,24.77994166666667,35.87026916666667,44.64890625,99.6571875,0.36235725,26.9,London Marylebone Road,4,1,2023
2023-02-25,50.85708833333334,3.918600833333333,16.26421875,22.27265625,0.16541341666666667,13.6,London Marylebone Road,5,1,2023
2023-02-26,47.33135166666667,3.2533741666666667,20.025468749999998,24.982031250000002,0.18966758333333333,13.1,London Marylebone Road,6,1,2023
2023-02-27,44.44590208333333,4.750134166666666,24.9103125,32.2096875,0.19451841666666667,12.7,London Marylebone Road,0,1,2023
2023-02-28,45.792999583333334,5.025579583333333,22.20890625,29.898750000000003,0.22556374999999998,9.3,London Marylebone Road,1,1,2023
2023-03-01,42.820780434782606,5.998379090909091,24.506079545454543,33.69477272727273,0.33528959999999997,11.5,London Marylebone Road,2,1,2023
2023-03-02,44.17149333333333,5.306222083333333,24.551718750000003,32.671875,0.19386460869565217,16.8,London Marylebone Road,3,1,2023
2023-03-03,49.01938125,5.545287916666666,25.021874999999998,33.49265625,0.19839908333333334,11.8,London Marylebone Road,4,1,2023
2023-03-04,54.657233749999996,5.638835416666667,19.89,28.528125,0.2182875,18.1,London Marylebone Road,5,1,2023
2023-03-05,34.841595833333336,11.495948333333333,32.5603125,50.17124999999999,0.2653405833333333,22.7,London Marylebone Road,6,1,2023
2023-03-06,14.003161666666665,41.30641833333333,52.96828125,116.28796875,0.3613870833333333,16.1,London Marylebone Road,0,1,2023
2023-03-07,24.92961916666667,29.945594166666666,46.86421875,92.77218750000002,0.33276716666666667,20.7,London Marylebone Road,1,1,2023
2023-03-08,19.017357916666665,24.421094583333332,49.167187500000004,86.58046875000001,0.3250058333333333,10.4,London Marylebone Road,2,1,2023
2023-03-09,18.64316416666667,40.6307975,49.94015625,112.26375,0.3822456666666667,17.4,London Marylebone Road,3,1,2023
2023-03-10,37.70209916666666,9.6977575,31.269375,46.1390625,0.3182146666666667,15.3,London Marylebone Road,4,1,2023
2023-03-11,29.53636,2.61933,42.26625,46.2825,0.430754,15.9,London Marylebone Road,5,1,2023
2023-03-12,,,,,,17.0,London Marylebone Road,6,1,2023
2023-03-13,41.41984636363637,30.95571818181818,41.13613636363636,88.58352272727272,0.590566909090909,,London Marylebone Road,0,1,2023
2023-03-14,40.853642083333334,20.9234575,33.39703125,65.47921875,0.27601241666666665,12.8,London Marylebone Road,1,1,2023
2023-03-15,14.635133333333334,54.34974173913043,55.653749999999995,139.00548913043477,0.3948578333333333,21.4,London Marylebone Road,2,1,2023
2023-03-16,27.01678875,29.79487875,42.43359375,88.07859375,0.3254909166666667,18.6,London Marylebone Road,3,1,2023
2023-03-17,21.561875416666666,36.29643,46.13109375,101.83265625,0.31530416666666666,15.2,London Marylebone Road,4,1,2023
2023-03-18,23.590837083333337,26.900103333333334,46.059374999999996,87.32953125,0.314334,14.5,London Marylebone Road,5,1,2023
2023-03-19,37.51916,16.126549583333333,33.7875,58.49859375,0.24011625,13.8,London Marylebone Road,6,1,2023
2023-03-20,30.675572083333336,26.515519166666667,37.492968749999996,78.1415625,0.20907091666666666,17.1,London Marylebone Road,0,1,2023
2023-03-21,42.38367875,8.000538571428573,21.119464285714287,33.35946428571428,0.12078575,18.0,London Marylebone Road,1,1,2023
2023-03-22,44.983078,22.900427999999998,35.935874999999996,71.049375,0.20140660000000002,18.2,London Marylebone Road,2,1,2023
2023-03-23,47.955007916666666,24.92001458333333,35.301562499999996,73.52765624999999,0.16929408333333332,23.3,London Marylebone Road,3,1,2023
2023-03-24,40.91185,25.580044166666667,37.23,76.44421875,0.16056258333333331,18.4,London Marylebone Road,4,1,2023
2023-03-25,43.63930666666667,19.187631666666665,34.06640625,63.4790625,0.18530183333333336,19.2,London Marylebone Road,5,1,2023
2023-03-26,53.642752916666666,6.085784583333333,19.9378125,29.301093749999996,0.122241,11.6,London Marylebone Road,6,1,2023
2023-03-27,49.82597666666666,11.480357083333333,28.105781250000003,45.6928125,0.22022783333333332,12.9,London Marylebone Road,0,1,2023
2023-03-28,33.83543041666667,26.380394999999996,38.36953125,78.81890625,0.24108641666666666,15.9,London Marylebone Road,1,1,2023
2023-03-29,26.34324,22.841181249999998,30.43265625,65.4075,0.1775405,19.1,London Marylebone Road,2,1,2023
2023-03-30,,,,,,26.7,London Marylebone Road,3,1,2023
2023-03-31,,,,,,10.3,London Marylebone Road,4,1,2023
2023-04-01,,,,,,19.0,London Marylebone Road,5,2,2023
2023-04-02,,,,,,25.1,London Marylebone Road,6,2,2023
2023-04-03,,,,,,12.3,London Marylebone Road,0,2,2023
2023-04-04,,,,,,26.7,London Marylebone Road,1,2,2023
2023-04-05,,,,,,27.7,London Marylebone Road,2,2,2023
2023-04-06,,,,,,12.6,London Marylebone Road,3,2,2023
2023-04-07,51.35089615384615,5.958256153846154,29.011153846153846,38.191153846153846,0.26597492307692305,16.1,London Marylebone Road,4,2,2023
2023-04-08,36.76245708333334,13.7203,37.843593750000004,58.88109375,0.30463233333333334,14.7,London Marylebone Road,5,2,2023
2023-04-09,45.90110000000001,11.4439775,36.098437499999996,53.645625,0.3114235,18.6,London Marylebone Road,6,2,2023
2023-04-10,45.89278458333334,11.916912083333335,32.18578125,50.43421875000001,0.24302674999999999,18.5,London Marylebone Road,0,2,2023
2023-04-11,41.38582875,23.490816666666664,40.60875,76.6115625,0.2832886666666667,15.6,London Marylebone Road,1,2,2023
2023-04-12,46.28288608695652,20.71060304347826,40.98570652173913,72.72489130434782,0.2885191304347826,9.8,London Marylebone Road,2,2,2023
2023-04-13,39.148981666666664,25.502087916666667,47.685,86.74781250000001,0.31287875000000004,17.1,London Marylebone Road,3,2,2023
2023-04-14,37.41105958333333,17.467397083333335,40.77609375,67.58296875,0.28280358333333333,13.3,London Marylebone Road,4,2,2023
2023-04-15,48.894650000000006,7.946340416666666,30.59203125,42.808125,0.24981791666666667,12.9,London Marylebone Road,5,2,2023
2023-04-16,39.598014166666665,14.531044999999999,44.64890625,66.9375,0.30705774999999996,14.6,London Marylebone Road,6,2,2023
2023-04-17,38.89120375,15.752359583333332,39.21421875,63.38343750000001,0.26243008333333334,24.3,London Marylebone Road,0,2,2023
2023-04-18,59.84605375,3.903009583333333,21.06140625,27.022031249999998,0.22265325,23.6,London Marylebone Road,1,2,2023
2023-04-19,53.50970625,10.789145,27.91453125,44.45765625000001,0.21052616666666668,21.6,London Marylebone Road,2,2,2023
2023-04-20,67.92032333333334,2.8220162500000003,21.324375,25.651406249999997,0.16104766666666667,16.3,London Marylebone Road,3,2,2023
2023-04-21,39.47328291666667,20.611632500000002,45.44578125,77.07375,0.19839908333333334,25.0,London Marylebone Road,4,2,2023
2023-04-22,26.434709583333333,47.55850958333334,64.01296875,136.94296875,0.4011639166666667,32.6,London Marylebone Road,5,2,2023
2023-04-23,49.08590458333333,11.199714583333334,36.8315625,54.05203125,0.14358466666666667,11.8,London Marylebone Road,6,2,2023
2023-04-24,44.978088750000005,9.947217499999999,31.21359375,46.47375,0.17851066666666668,14.6,London Marylebone Road,0,2,2023
2023-04-25,56.01264666666667,7.909960833333333,29.1178125,41.2621875,0.3676931666666667,15.7,London Marylebone Road,1,2,2023
2023-04-26,41.410775,24.046904583333333,53.2153125,90.05484374999999,0.44142583333333335,22.8,London Marylebone Road,2,2,2023
2023-04-27,34.03500041666667,26.125737916666665,55.940625000000004,95.9915625,0.38612633333333335,29.3,London Marylebone Road,3,2,2023
2023-04-28,23.366320833333333,30.922645833333334,39.405468750000004,86.8275,0.18093608333333333,12.0,London Marylebone Road,4,2,2023
2023-04-29,34.642025833333335,17.545353333333335,54.1715625,81.058125,0.24545216666666667,19.9,London Marylebone Road,5,2,2023
2023-04-30,45.32733625,16.027805,45.525468749999995,70.10109375,0.2527284166666667,24.6,London Marylebone Road,6,2,2023
2023-05-01,49.80103041666666,6.262485416666667,27.29296875,36.90328125,0.12418133333333332,20.9,London Marylebone Road,0,2,2023
2023-05-02,41.37751333333333,19.047310416666665,41.7084375,70.92984375,0.19112283333333333,21.9,London Marylebone Road,1,2,2023
2023-05-03,45.826261249999995,18.964157083333333,47.3025,76.404375,0.227019,21.6,London Marylebone Road,2,2,2023
2023-05-04,36.1720625,21.729005416666666,51.02390625,84.33328125,0.24205658333333332,27.0,London Marylebone Road,3,2,2023
2023-05-05,30.45105583333333,39.46665083333333,53.844843749999995,114.37546875,0.21877258333333335,17.3,London Marylebone Road,4,2,2023
2023-05-06,25.154135416666666,20.8610925,42.68859375,74.69109375000001,0.19936925000000003,10.2,London Marylebone Road,5,2,2023
2023-05-07,25.80273791666667,17.748039583333334,36.71203125,63.9253125,0.209556,14.1,London Marylebone Road,6,2,2023
2023-05-08,26.601017916666667,18.236565416666668,33.66796875,61.60640625,0.20422008333333333,10.5,London Marylebone Road,0,2,2023
2023-05-09,19.23355875,30.579638333333335,47.1590625,94.03125,0.17851066666666668,22.6,London Marylebone Road,1,2,2023
2023-05-10,17.29317434782609,32.212878260869566,51.55434782608695,100.98,0.22372886956521737,18.2,London Marylebone Road,2,2,2023
2023-05-11,22.260370416666664,23.210626086956523,47.6295652173913,83.24364130434783,0.22071291666666668,15.7,London Marylebone Road,3,2,2023
2023-05-12,45.66826833333334,4.292790833333333,18.4396875,25.01390625,0.06936691666666667,9.8,London Marylebone Road,4,2,2023
2023-05-13,61.4176675,2.9727316666666668,15.62671875,20.1928125,0.09216583333333334,14.8,London Marylebone Road,5,2,2023
2023-05-14,51.39759041666667,7.847595833333333,30.862968749999997,42.887812499999995,0.13776366666666667,14.1,London Marylebone Road,6,2,2023
2023-05-15,47.46439833333333,5.732382916666666,22.41609375,31.24546875,0.10962883333333334,10.2,London Marylebone Road,0,2,2023
2023-05-16,39.373497916666665,9.359947083333333,32.44875,46.7925,0.151346,16.5,London Marylebone Road,1,2,2023
2023-05-17,37.53579083333333,13.356504166666667,42.0909375,62.57859375,0.1600775,19.3,London Marylebone Road,2,2,2023
2023-05-18,35.390413333333335,24.259985,49.47796875,86.7159375,0.19112283333333335,19.6,London Marylebone Road,3,2,2023
2023-05-19,45.019665833333335,12.20794875,38.8715625,57.598125,0.1484355,18.0,London Marylebone Road,4,2,2023
2023-05-20,64.23659375,2.0840304166666668,16.224375,19.43578125,0.11253933333333332,13.1,London Marylebone Road,5,2,2023
2023-05-21,65.97451583333333,1.85535875,13.20421875,16.057031249999998,0.11011391666666666,11.7,London Marylebone Road,6,2,2023
2023-05-22,59.73795333333334,5.644032500000001,21.037499999999998,29.6915625,0.12854708333333334,12.9,London Marylebone Road,0,2,2023
2023-05-23,42.38367875,21.14986956521739,36.3375,68.74190217391305,0.16929408333333332,15.1,London Marylebone Road,1,2,2023
2023-05-24,47.33135166666667,9.365144166666667,32.16984375,46.52953125,0.16541341666666667,20.4,London Marylebone Road,2,2,2023
2023-05-25,48.395725,6.527536666666666,27.308906250000003,37.349531250000005,0.13921891666666666,17.6,London Marylebone Road,3,2,2023
2023-05-26,50.956873333333334,11.77885043478261,29.003478260869567,47.0475,0.15377141666666666,26.0,London Marylebone Road,4,2,2023
2023-05-27,48.0464775,8.866224166666667,31.492500000000003,45.0871875,0.18239133333333335,22.0,London Marylebone Road,5,2,2023
2023-05-28,57.575945,2.4738116666666667,17.427656250000002,21.18890625,0.157167,13.6,London Marylebone Road,6,2,2023
2023-05-29,61.40103666666667,2.0008770833333336,12.08859375,15.140625,0.12612166666666666,15.3,London Marylebone Road,0,2,2023
2023-05-30,59.596591249999996,2.7440599999999997,13.738124999999998,17.92171875,0.128062,13.1,London Marylebone Road,1,2,2023
2023-05-31,50.923611666666666,3.0143083333333336,14.375625,18.9975,0.12272608333333333,9.0,London Marylebone Road,2,2,2023
2023-06-01,59.67143000000001,4.147272500000001,16.50328125,22.862343749999997,0.13242774999999998,9.4,London Marylebone Road,3,2,2023
2023-06-02,64.13680875,3.2897537499999996,14.39953125,19.411875,0.14115925,48.9,London Marylebone Road,4,2,2023
2023-06-03,55.28920541666667,3.72630875,18.4715625,24.20109375,0.14892058333333333,21.4,London Marylebone Road,5,2,2023
2023-06-04,52.129347083333336,4.869667083333334,19.802343750000002,27.285,0.16250291666666666,9.8,London Marylebone Road,6,2,2023
2023-06-05,56.2288475,3.7782795833333336,16.017187500000002,21.82640625,0.133883,15.0,London Marylebone Road,0,2,2023
2023-06-06,59.05608916666667,3.22738875,14.758125,19.69875,0.13921891666666666,10.3,London Marylebone Road,1,2,2023
2023-06-07,53.46740608695652,10.999998095238094,29.470714285714287,46.32803571428572,0.17899575,17.9,London Marylebone Road,2,2,2023
2023-06-08,56.03759291666666,8.68432625,24.4321875,37.73203125,0.18093608333333333,8.4,London Marylebone Road,3,2,2023
2023-06-09,60.5196025,10.830721666666667,32.8471875,49.47,0.19597366666666668,35.1,London Marylebone Road,4,2,2023
2023-06-10,71.46269083333333,7.707274583333334,42.21046875,54.03609375,0.25369858333333334,16.9,London Marylebone Road,5,2,2023
2023-06-11,67.24677458333333,9.708151666666668,55.96453125,70.83421875,0.31869975,16.1,London Marylebone Road,6,2,2023
2023-06-12,50.02554666666666,19.28637625,61.30359375,90.88359375,0.33034175,26.1,London Marylebone Road,0,2,2023
2023-06-13,76.50183333333334,7.338281666666667,36.31359375,47.573437500000004,0.209556,22.8,London Marylebone Road,1,2,2023
2023-06-14,66.93910416666667,13.715102916666666,45.50953125,66.53109375,0.23138475,24.2,London Marylebone Road,2,2,2023
2023-06-15,65.00161208333334,12.150780833333334,45.876093749999995,64.53093750000001,0.227019,22.3,London Marylebone Road,3,2,2023
2023-06-16,64.49437166666667,11.812970416666666,50.458125,68.5790625,0.23089966666666664,21.0,London Marylebone Road,4,2,2023
2023-06-17,54.391140416666666,13.528007916666667,58.80140625000001,79.5121875,0.26728091666666665,24.0,London Marylebone Road,5,2,2023
2023-06-18,31.6817375,16.942491666666665,50.27484375,76.25296875,0.2881395,22.9,London Marylebone Road,6,2,2023
2023-06-19,18.476855833333335,21.214494166666665,29.962500000000002,62.48296875,0.15474158333333335,16.5,London Marylebone Road,0,2,2023
2023-06-20,20.087154347826086,35.0179475,58.108125,111.76968749999999,0.24593725,16.0,London Marylebone Road,1,2,2023
2023-06-21,25.628114166666666,38.0738325,55.59796875,113.985,0.24642233333333333,15.3,London Marylebone Road,2,2,2023
2023-06-22,39.71443,13.803453333333335,38.7121875,59.88515625,0.16638358333333333,15.6,London Marylebone Road,3,2,2023
2023-06-23,17.770045416666665,39.3211325,65.92546875000001,126.21703125,0.26679583333333334,19.1,London Marylebone Road,4,2,2023
2023-06-24,19.291766666666664,26.993650833333334,44.282343749999995,85.65609375000001,0.221198,14.7,London Marylebone Road,5,2,2023
2023-06-25,42.66640291666667,13.533205,40.44140625,61.1521875,0.19597366666666668,17.9,London Marylebone Road,6,2,2023
2023-06-26,33.61922958333333,18.953762916666665,40.40953125,69.47953125,0.14649516666666665,,London Marylebone Road,0,2,2023
2023-06-27,22.185531666666666,35.83388958333333,53.3109375,108.279375,0.20324991666666667,,London Marylebone Road,1,2,2023
2023-06-28,13.013627083333333,44.970362083333335,51.2071875,120.1528125,0.2658256666666667,,London Marylebone Road,2,2,2023
2023-06-29,25.154135416666666,11.423189166666667,29.8828125,47.43796875,0.13339791666666667,,London Marylebone Road,3,2,2023
2023-06-30,16.65975652173913,38.58314666666667,47.398125,106.5421875,0.20130958333333335,,London Marylebone Road,4,2,2023
2023-07-01,21.187681666666666,21.053384583333333,29.6915625,61.98890625000001,0.2047051666666667,12.8,London Marylebone Road,5,3,2023
2023-07-02,32.13077,18.43405458333333,33.68390625,61.933125,0.2047051666666667,52.8,London Marylebone Road,6,3,2023
2023-07-03,22.2021625,36.010590416666666,42.8559375,98.11125,0.20324991666666667,19.1,London Marylebone Road,0,3,2023
2023-07-04,17.262805,50.13106583333334,50.13140625,127.02984375,0.24011625,11.7,London Marylebone Road,1,3,2023
2023-07-05,14.395070869565219,35.29859,43.28070652173913,97.43771739130435,0.2191733043478261,12.6,London Marylebone Road,2,3,2023
2023-07-06,18.169185416666668,48.27051,53.932500000000005,127.95421875,0.2527284166666667,18.5,London Marylebone Road,3,3,2023
2023-07-07,20.688756666666666,31.146120416666665,68.49140625,116.26406250000001,0.26388533333333336,23.6,London Marylebone Road,4,3,2023
2023-07-08,17.794991666666668,25.949037083333334,55.69359375,95.47359375,0.24157150000000002,12.2,London Marylebone Road,5,3,2023
2023-07-09,23.208327916666665,26.026993333333333,38.242031250000004,78.16546875,0.21101124999999998,32.9,London Marylebone Road,6,3,2023
2023-07-10,23.856930416666668,32.393420416666665,41.724375,91.40953125,0.17608525,18.3,London Marylebone Road,0,3,2023
2023-07-11,23.399582499999998,30.849886666666666,36.01078125,83.31328125,0.18190625000000002,15.7,London Marylebone Road,1,3,2023
2023-07-12,15.496023529411767,42.951142352941176,44.56125,110.42999999999999,0.19448988235294118,14.3,London Marylebone Road,2,3,2023
2023-07-13,17.681901999999997,54.299126666666666,60.29475,143.52675,0.27164666666666665,14.1,London Marylebone Road,3,3,2023
2023-07-14,14.89291125,39.37310333333333,43.35,103.71328125000001,0.23429524999999998,14.1,London Marylebone Road,4,3,2023
2023-07-15,28.330624583333332,23.18418875,25.30078125,60.87328125,0.17657033333333336,18.4,London Marylebone Road,5,3,2023
2023-07-16,32.29707833333333,22.066815833333333,26.543906250000003,60.36328125,0.1940333333333333,15.9,London Marylebone Road,6,3,2023
2023-07-17,16.331478333333333,41.94565958333333,42.808125,107.10796875,0.22410850000000002,15.5,London Marylebone Road,0,3,2023
2023-07-18,18.418647916666668,43.951733749999995,48.928125,116.31984375,0.24690741666666668,16.8,London Marylebone Road,1,3,2023
2023-07-19,28.896072916666668,19.405909166666667,28.3528125,58.108125,0.20130958333333335,11.7,London Marylebone Road,2,3,2023
2023-07-20,35.52346,11.683043333333332,23.715,41.596875000000004,0.18481675,10.4,London Marylebone Road,3,3,2023
2023-07-21,21.900638260869563,26.063372916666665,37.36546875,77.32078125,0.24302674999999999,16.7,London Marylebone Road,4,3,2023
2023-07-22,21.146104583333333,25.881475,28.2253125,67.91765625000001,0.23186983333333333,10.6,London Marylebone Road,5,3,2023
2023-07-23,23.840299583333334,20.933851666666666,24.29671875,56.39484375,0.2740720833333333,9.8,London Marylebone Road,6,3,2023
2023-07-24,26.847416842105265,11.022193157894737,18.058026315789476,34.96855263157895,0.17462999999999998,10.5,London Marylebone Road,0,3,2023
2023-07-25,27.31614375,14.3751325,24.8146875,46.8403125,0.168809,11.8,London Marylebone Road,1,3,2023
2023-07-26,13.886745833333334,41.22846208333333,46.9359375,110.16796875,0.27552733333333335,13.1,London Marylebone Road,2,3,2023
2023-07-27,10.094915833333333,38.84819791666667,30.855,90.42140625,0.28134833333333337,11.1,London Marylebone Road,3,3,2023
2023-07-28,10.560579166666667,42.30425833333333,33.405,98.31046875,0.22168308333333334,8.9,London Marylebone Road,4,3,2023
2023-07-29,20.988111666666665,28.45403125,35.29359375,78.96234375,0.2745571666666667,12.8,London Marylebone Road,5,3,2023
2023-07-30,22.94223458333333,25.138292083333337,27.50015625,66.06093750000001,0.2522433333333333,12.3,London Marylebone Road,6,3,2023
2023-07-31,17.121442916666666,34.311144166666665,38.67234375,91.29,0.2813483333333333,11.7,London Marylebone Road,0,3,2023
2023-08-01,20.946534583333335,27.196337083333333,32.9428125,74.619375,0.26437041666666666,11.4,London Marylebone Road,1,3,2023
2023-08-02,14.659323636363636,28.359066363636362,32.773295454545455,76.24789772727273,0.24024854545454544,49.2,London Marylebone Road,2,3,2023
2023-08-03,32.29707833333333,8.455654583333333,17.74640625,30.70359375,0.16783883333333335,15.2,London Marylebone Road,3,3,2023
2023-08-04,22.193847083333335,14.723337083333334,26.177343750000002,48.74484375,0.18772725,21.1,London Marylebone Road,4,3,2023
2023-08-05,24.106392916666668,20.065260869565215,24.621358695652173,55.412608695652175,0.20324991666666667,11.2,London Marylebone Road,5,3,2023
2023-08-06,32.64632583333333,7.98272,15.268125,27.508124999999996,0.17220458333333333,16.7,London Marylebone Road,6,3,2023
2023-08-07,18.518432916666665,34.758093333333335,41.8996875,95.20265625,0.24157150000000002,20.6,London Marylebone Road,0,3,2023
2023-08-08,8.514986666666667,60.06269208333333,52.139531250000005,144.22640625,0.308513,11.9,London Marylebone Road,1,3,2023
2023-08-09,18.493486666666666,29.25957916666667,41.365781250000005,86.21390625,0.25806433333333334,31.1,London Marylebone Road,2,3,2023
2023-08-10,19.765745416666665,52.79716958333333,66.89765625,147.87609375,0.2997815,20.4,London Marylebone Road,3,3,2023
2023-08-11,21.32904375,45.92662541666667,45.4378125,115.84171875,0.28765441666666663,14.9,London Marylebone Road,4,3,2023
2023-08-12,29.95213083333333,21.973268333333333,26.265,59.9728125,0.23526541666666667,31.0,London Marylebone Road,5,3,2023
2023-08-13,31.099658333333334,19.187631666666665,24.703125,54.09984375,0.23769083333333332,,London Marylebone Road,6,3,2023
2023-08-14,19.250189583333334,30.922645833333334,38.058749999999996,85.46484375,0.24399691666666667,13.9,London Marylebone Road,0,3,2023
2023-08-15,16.065385,33.37566916666667,40.2740625,91.44140625,0.26873616666666666,13.6,London Marylebone Road,1,3,2023
2023-08-16,29.276051304347824,16.865665217391303,38.64081521739131,64.50114130434783,0.23537086956521738,15.4,London Marylebone Road,2,3,2023
2023-08-17,34.442455833333334,16.08497291666667,29.8828125,54.538125,0.19645875000000002,18.6,London Marylebone Road,3,3,2023
2023-08-18,24.738364583333333,21.541910416666667,39.525,72.53953125,0.27213175,30.7,London Marylebone Road,4,3,2023
2023-08-19,26.077146666666668,22.835984166666666,29.6596875,64.674375,0.28765441666666663,16.8,London Marylebone Road,5,3,2023
2023-08-20,25.628114166666666,22.149969166666665,29.1815625,63.1603125,0.2832886666666667,15.3,London Marylebone Road,6,3,2023
2023-08-21,23.258220416666664,32.159551666666665,37.5965625,86.89921874999999,0.26388533333333336,13.4,London Marylebone Road,0,3,2023
2023-08-22,23.9982925,30.366557916666665,41.50125,88.04671875000001,0.24933283333333334,12.9,London Marylebone Road,1,3,2023
2023-08-23,29.866084347826085,24.78330869565217,47.0475,85.08130434782608,0.2566301739130435,16.2,London Marylebone Road,2,3,2023
2023-08-24,17.678575833333333,41.73257916666667,62.12437500000001,126.05765625,0.28086325,19.1,London Marylebone Road,3,3,2023
2023-08-25,32.51327916666667,24.95119708333333,38.1384375,76.404375,0.15377141666666666,11.8,London Marylebone Road,4,3,2023
2023-08-26,16.98839625,37.25789041666667,39.72421875,96.8521875,0.24496708333333336,12.4,London Marylebone Road,5,3,2023
2023-08-27,24.463955833333333,16.984068333333333,27.35671875,53.41453125,0.12078574999999998,9.9,London Marylebone Road,6,3,2023
2023-08-28,32.98725791666667,8.954574583333335,20.5434375,34.28953125,0.22895933333333332,9.8,London Marylebone Road,0,3,2023
2023-08-29,20.55571,35.641597499999996,43.66078125000001,98.33437500000001,0.4516125833333333,12.3,London Marylebone Road,1,3,2023
2023-08-30,23.91513833333333,17.115125217391302,31.84728260869565,58.11505434782609,0.4069638260869565,12.5,London Marylebone Road,2,3,2023
2023-08-31,15.025957916666668,43.42163125,47.6371875,114.20015625,0.4899341666666667,14.6,London Marylebone Road,3,3,2023
2023-09-01,14.976065416666666,16.282462083333332,28.910625,53.884687500000005,0.39970866666666666,16.4,London Marylebone Road,4,3,2023
2023-09-02,32.3802325,11.282867916666667,25.46015625,42.75234375,0.39146225,42.8,London Marylebone Road,5,3,2023
2023-09-03,45.93436166666667,10.77355375,32.95875,49.4859375,0.4220225,14.2,London Marylebone Road,6,3,2023
2023-09-04,38.11787,20.82991,50.59359375,82.58015625,0.44967225000000005,21.7,London Marylebone Road,0,3,2023
2023-09-05,42.092639166666665,17.288662608695653,54.53951086956522,81.04010869565218,0.47974741666666665,11.6,London Marylebone Road,1,3,2023
2023-09-06,47.2481975,12.774430833333334,64.77796875,84.3890625,0.5170988333333334,23.6,London Marylebone Road,2,3,2023
2023-09-07,51.66368375,16.334432916666668,68.93765625,93.999375,0.5491143333333334,17.7,London Marylebone Road,3,3,2023
2023-09-08,26.343239999999998,36.743379166666664,91.72031249999999,148.06734375,0.6699000833333333,12.2,London Marylebone Road,4,3,2023
2023-09-09,42.076008333333334,24.628977916666667,85.36921875,123.1171875,0.6529643478260869,35.0,London Marylebone Road,5,3,2023
2023-09-10,39.282028333333336,18.662726250000002,61.765781249999996,90.3975,,30.6,London Marylebone Road,6,3,2023
2023-09-11,29.819084166666666,32.81958125,49.748906250000005,100.055625,,15.2,London Marylebone Road,0,3,2023
2023-09-12,19.017357916666665,37.21111666666667,44.4496875,101.51390625,,17.2,London Marylebone Road,1,3,2023
2023-09-13,30.438763478260867,16.572820869565216,29.086630434782606,54.51456521739131,,13.7,London Marylebone Road,2,3,2023
2023-09-14,22.035854166666667,49.980350416666674,64.25203125,140.84765625,,15.9,London Marylebone Road,3,3,2023
2023-09-15,22.55141,34.56580125,63.4153125,116.375625,0.3313492307692308,20.6,London Marylebone Road,4,3,2023
2023-09-16,42.026115833333336,14.021730833333335,40.48921875,61.965,0.261945,19.7,London Marylebone Road,5,3,2023
2023-09-17,46.799164999999995,15.539279166666667,34.9509375,58.78546875,0.25175825,32.3,London Marylebone Road,6,3,2023
2023-09-18,21.778076249999998,42.8759375,48.76078125,114.51890625,0.28280358333333333,16.1,London Marylebone Road,0,3,2023
2023-09-19,27.89822291666667,33.5211875,34.57640625,85.98281250000001,0.2920201666666667,17.3,London Marylebone Road,1,3,2023
2023-09-20,31.673422083333335,34.170822916666665,42.1546875,94.53328125,0.3031770833333333,16.4,London Marylebone Road,2,3,2023
2023-09-21,15.400151666666666,56.949639166666664,60.084375,147.44578125,0.3516854166666667,16.5,London Marylebone Road,3,3,2023
2023-09-22,15.9157075,43.87213631578947,48.8291447368421,116.08875,0.28959475,13.7,London Marylebone Road,4,3,2023
2023-09-23,17.819937916666667,39.42507416666667,51.06375,111.530625,0.32985666666666663,15.3,London Marylebone Road,5,3,2023
2023-09-24,29.22037416666667,26.666234583333335,40.26609375,81.121875,0.27552733333333335,17.0,London Marylebone Road,6,3,2023
2023-09-25,25.411913333333334,40.500870416666665,49.111406249999995,111.211875,0.27164666666666665,21.4,London Marylebone Road,0,3,2023
2023-09-26,23.748829999999998,40.05911833333334,50.19515625,111.594375,0.28280358333333333,19.8,London Marylebone Road,1,3,2023
2023-09-27,26.06883125,34.72374739130435,47.180543478260866,100.42288043478261,0.26067956521739133,22.4,London Marylebone Road,2,3,2023
2023-09-28,26.51786375,46.82052375,49.14328125,120.94171875,0.3254909166666667,25.8,London Marylebone Road,3,3,2023
2023-09-29,20.314562916666667,29.337535416666668,43.7484375,88.708125,0.25806433333333334,15.9,London Marylebone Road,4,3,2023
2023-09-30,22.717718333333334,31.1825,43.11890625,90.94734375,0.2997815,20.4,London Marylebone Road,5,3,2023
2023-10-01,29.619514166666665,21.708217083333334,38.5846875,71.84625,0.29153508333333333,14.8,London Marylebone Road,6,4,2023
2023-10-02,10.05333875,50.80668666666667,49.3584375,127.25296875,0.279408,45.0,London Marylebone Road,0,4,2023
2023-10-03,20.796857083333332,33.73426791666667,46.7446875,98.45390625,0.29590083333333334,9.6,London Marylebone Road,1,4,2023
2023-10-04,18.726318333333335,47.11156041666666,59.0803125,131.31703124999999,0.331797,10.8,London Marylebone Road,2,4,2023
2023-10-05,25.486752083333332,52.241081666666666,61.71,141.78796875,0.33228208333333337,15.9,London Marylebone Road,3,4,2023
2023-10-06,27.232989583333335,43.83220083333333,60.18,127.404375,0.3250058333333333,26.8,London Marylebone Road,4,4,2023
2023-10-07,26.675856666666665,32.35184375,53.685468750000005,103.29890625,0.34101358333333337,17.9,London Marylebone Road,5,4,2023
2023-10-08,17.4124825,32.544135833333335,64.32375,114.2240625,0.4098954166666667,,London Marylebone Road,6,4,2023
2023-10-09,11.458644166666666,59.51180125,77.55984375,168.8259375,0.4778070833333334,34.3,London Marylebone Road,0,4,2023
2023-10-10,23.407897916666666,43.4372225,64.34765625,130.9425,0.337618,26.0,London Marylebone Road,1,4,2023
2023-10-11,25.445175000000003,36.67604304347826,51.21342391304348,107.42429347826086,0.285229,13.8,London Marylebone Road,2,4,2023
2023-10-12,8.697925833333334,38.936548333333334,44.01140625,103.7053125,0.29541575000000003,22.7,London Marylebone Road,3,4,2023
2023-10-13,28.03126958333333,21.489939583333335,36.0346875,68.96953125,0.2066455,16.7,London Marylebone Road,4,4,2023
2023-10-14,30.13507,19.41110625,36.91125,66.6984375,0.32209533333333334,13.4,London Marylebone Road,5,4,2023
2023-10-15,24.573140869565215,19.270785,32.377031249999995,61.92515624999999,0.36817825,11.7,London Marylebone Road,6,4,2023
2023-10-16,12.3234475,26.489533750000003,53.92453125,94.573125,0.3764246666666667,15.7,London Marylebone Road,0,4,2023
2023-10-17,21.977646250000003,28.287724583333333,53.087812500000005,96.48562500000001,0.31384891666666664,19.1,London Marylebone Road,1,4,2023
2023-10-18,12.198716249999999,28.77105333333333,43.732499999999995,87.8315625,0.35702133333333336,17.5,London Marylebone Road,2,4,2023
2023-10-19,17.121442916666666,33.66670583333333,52.553906250000004,104.20734375,0.31578924999999997,15.0,London Marylebone Road,3,4,2023
2023-10-20,12.082300416666667,42.39260875,53.685468750000005,118.67062499999999,0.3992235833333333,13.0,London Marylebone Road,4,4,2023
2023-10-21,12.456494166666667,31.561887083333332,43.41375,91.75218749999999,0.3497450833333333,9.9,London Marylebone Road,5,4,2023
2023-10-22,9.9785,33.96293958333333,47.175000000000004,99.23484375,0.4341495833333333,13.1,London Marylebone Road,6,4,2023
2023-10-23,6.81032625,37.31505833333333,58.96875,116.14453125,0.3982534166666667,19.6,London Marylebone Road,0,4,2023
2023-10-24,8.390255416666667,46.52948708333333,67.04109375,138.369375,0.44967225000000005,16.9,London Marylebone Road,1,4,2023
2023-10-25,8.720341304347826,21.71435909090909,44.29176136363637,77.58664772727273,0.3698047058823529,17.0,London Marylebone Road,2,4,2023
2023-10-26,9.571044583333334,47.22589625,53.095781249999995,125.48390625,0.33664783333333337,16.8,London Marylebone Road,3,4,2023
2023-10-27,11.217497083333333,45.80189541666667,55.5103125,125.73890625,0.3633274166666667,14.7,London Marylebone Road,4,4,2023
2023-10-28,22.002592500000002,23.095838333333333,39.24609375,74.6671875,0.27358699999999997,12.5,London Marylebone Road,5,4,2023
2023-10-29,29.01248875,21.193705833333333,35.37328125,67.86984375,0.2595195833333333,10.3,London Marylebone Road,6,4,2023
2023-10-30,13.213197083333334,46.95564791666666,51.653437499999995,123.66703125,0.3545959166666666,18.2,London Marylebone Road,0,4,2023
2023-10-31,7.944786666666666,52.168322499999995,47.84437500000001,127.82671875,0.38370091666666667,15.4,London Marylebone Road,1,4,2023
2023-11-01,26.401447916666665,26.522133636363638,34.48585227272727,75.13517045454545,0.2465066956521739,16.2,London Marylebone Road,2,4,2023
2023-11-02,27.682022083333333,31.425723499999997,38.7759375,86.9900625,0.2595195833333333,22.2,London Marylebone Road,3,4,2023
2023-11-03,19.4081825,44.138828749999995,41.62078125,109.28343749999999,0.3473196666666667,,London Marylebone Road,4,4,2023
2023-11-04,22.010907916666667,23.77145916666667,36.8315625,73.28859375,0.337618,16.3,London Marylebone Road,5,4,2023
2023-11-05,20.36445541666667,20.086727083333333,29.603906249999998,60.42703125,0.33034175,15.7,London Marylebone Road,6,4,2023
2023-11-06,20.015207916666665,39.52856391304348,42.75684782608696,103.34983695652173,0.32452074999999997,30.6,London Marylebone Road,0,4,2023
2023-11-07,13.678860416666666,51.77334416666667,53.71734375,133.10999999999999,0.37496941666666667,16.9,London Marylebone Road,1,4,2023
2023-11-08,15.250474166666665,39.15979695652174,58.3229347826087,118.34217391304347,0.3381241739130435,,London Marylebone Road,2,4,2023
2023-11-09,17.12975833333333,43.82180666666667,58.2196875,125.42812500000001,0.38273074999999995,16.6,London Marylebone Road,3,4,2023
2023-11-10,18.518432916666665,30.891463333333334,48.864374999999995,96.21468750000001,0.37448433333333336,28.6,London Marylebone Road,4,4,2023
2023-11-11,7.7499683333333325,55.40090833333334,57.271406250000005,142.21828125,0.5301960833333333,20.8,London Marylebone Road,5,4,2023
2023-11-12,7.425667083333334,26.588278333333335,49.15921875,89.92734374999999,0.45258275,23.0,London Marylebone Road,6,4,2023
2023-11-13,27.174781666666664,25.299401666666668,42.54515625,81.313125,0.3119085833333333,18.1,London Marylebone Road,0,4,2023
2023-11-14,18.98409625,43.30209833333333,53.39859375,119.78625,0.38612633333333335,21.7,London Marylebone Road,1,4,2023
2023-11-15,13.105096666666666,46.207267916666666,57.79734375,128.66343750000001,0.38127550000000004,18.2,London Marylebone Road,2,4,2023
2023-11-16,5.721006666666667,29.10366666666667,52.697343749999995,97.33828125000001,0.31530416666666666,23.8,London Marylebone Road,3,4,2023
2023-11-17,7.5005058333333325,61.48669291666667,64.96921875,159.2315625,0.41620149999999995,24.1,London Marylebone Road,4,4,2023
2023-11-18,24.247754999999998,22.706057083333334,34.9509375,69.76640625,0.22847425,12.3,London Marylebone Road,5,4,2023
2023-11-19,36.413209583333334,16.194111666666668,29.9465625,54.78515625,0.23138475,18.9,London Marylebone Road,6,4,2023
2023-11-20,27.9398,18.174200416666668,33.628125000000004,61.502812500000005,0.2367206666666667,13.8,London Marylebone Road,0,4,2023
2023-11-21,24.114708333333336,8.3880925,12.27984375,25.1334375,0.20227975,7.5,London Marylebone Road,1,4,2023
2023-11-22,6.325501304347825,67.82058173913043,45.99978260869565,150.04809782608694,0.40848234782608694,21.3,London Marylebone Road,2,4,2023
2023-11-23,14.302516666666667,37.41380291666667,43.724531250000005,101.09156250000001,0.27552733333333335,15.2,London Marylebone Road,3,4,2023
2023-11-24,46.79084958333333,5.415360833333334,16.734375,25.029843749999998,0.24933283333333334,12.2,London Marylebone Road,4,4,2023
2023-11-25,18.767895416666665,34.03569875,44.6728125,96.8521875,0.4360899166666667,21.4,London Marylebone Road,5,4,2023
2023-11-26,4.307385833333334,53.337666250000005,52.880625,134.67984375,0.5956823333333333,,London Marylebone Road,6,4,2023
2023-11-27,22.95886541666667,21.427574583333335,28.902656250000003,61.7578125,0.28619916666666667,,London Marylebone Road,0,4,2023
2023-11-28,19.641014166666668,33.058647083333334,35.27765625,85.97484374999999,0.38564125,15.7,London Marylebone Road,1,4,2023
2023-11-29,7.924592083333334,28.81263,44.0353125,88.19015625000002,0.4341495833333333,23.2,London Marylebone Road,2,4,2023
2023-11-30,8.6314025,13.491628333333333,33.89109375,54.55406249999999,0.41523133333333334,16.7,London Marylebone Road,3,4,2023
2023-12-01,12.115562083333332,16.344827083333332,26.846718749999997,51.9084375,0.42056725,14.0,London Marylebone Road,4,4,2023
2023-12-02,9.695775833333334,61.81410916666667,40.72828125,135.5165625,0.6223619166666666,21.5,London Marylebone Road,5,4,2023
2023-12-03,11.799576250000001,36.56148125,44.067187499999996,100.12734375000001,0.5234049166666667,,London Marylebone Road,6,4,2023
2023-12-04,28.37220166666667,16.57869583333333,23.4440625,48.912187499999995,0.3589616666666667,16.3,London Marylebone Road,0,4,2023
2023-12-05,23.998292499999998,11.84935,28.33232142857143,46.47375,0.1363777142857143,12.4,London Marylebone Road,1,4,2023
2023-12-06,7.3380353846153845,65.55374956521739,57.73255434782609,158.23027173913042,0.29642323076923077,28.4,London Marylebone Road,2,4,2023
2023-12-07,18.785610869565218,32.097186666666666,42.106875,91.34578125,0.2546054782608696,15.3,London Marylebone Road,3,4,2023
2023-12-08,14.89291125,55.697142083333326,62.30765625,147.7246875,0.32694616666666665,,London Marylebone Road,4,4,2023
2023-12-09,33.12030458333333,24.40030625,44.625,82.0303125,0.2682510833333333,13.1,London Marylebone Road,5,4,2023
2023-12-10,31.008188750000002,24.971985416666666,45.07921875,83.36109375,0.30996825,12.1,London Marylebone Road,6,4,2023
2023-12-11,21.902807499999998,49.070860833333334,61.87734375,137.11828125,0.34683458333333334,20.3,London Marylebone Road,0,4,2023
2023-12-12,15.1174275,52.39179708333333,65.42343749999999,145.7484375,0.3356776666666667,14.0,London Marylebone Road,1,4,2023
2023-12-13,24.17291625,12.556153333333333,23.64328125,42.87984375,0.2008245,7.3,London Marylebone Road,2,4,2023
2023-12-14,6.66064875,100.04905125,61.741875,215.15625,0.4491871666666667,23.4,London Marylebone Road,3,4,2023
2023-12-15,2.3698937499999997,93.34481375,72.07734375,215.21203125,0.43026891666666667,37.7,London Marylebone Road,4,4,2023
2023-12-16,20.023523333333333,35.80270708333333,46.059374999999996,100.97203125,0.23429524999999998,12.7,London Marylebone Road,5,4,2023
2023-12-17,33.05378125,23.98973666666667,37.2778125,74.02968750000001,0.24981791666666667,18.4,London Marylebone Road,6,4,2023
2023-12-18,36.138800833333335,28.05905291666667,41.788125,84.79546875,0.20858583333333333,22.8,London Marylebone Road,0,4,2023
2023-12-19,30.808618749999997,20.751953750000002,39.015,70.81828125,0.2134366666666667,12.0,London Marylebone Road,1,4,2023
2023-12-20,16.63083333333333,40.422914166666665,54.46640625,116.4553125,0.29155617391304345,15.9,London Marylebone Road,2,4,2023
2023-12-21,40.29650916666667,14.177643333333334,31.2215625,52.92046875,0.17268966666666666,10.7,London Marylebone Road,3,4,2023
2023-12-22,39.1656125,14.151657916666666,34.56046875,56.29125,0.19888416666666667,8.6,London Marylebone Road,4,4,2023
2023-12-23,39.74769166666667,16.848944166666666,36.63234375,62.46703125,0.221198,8.6,London Marylebone Road,5,4,2023
2023-12-24,46.12561625,11.386809583333333,22.894218750000004,40.35375,0.197914,5.1,London Marylebone Road,6,4,2023
2023-12-25,41.26941291666667,13.709905833333332,27.32484375,48.36234375,0.25757925,4.9,London Marylebone Road,0,4,2023
2023-12-26,28.313993749999998,21.469829130434782,41.78396739130435,74.70391304347827,0.30899808333333334,17.9,London Marylebone Road,1,4,2023
2023-12-27,37.08675833333333,13.216182916666668,30.297187500000003,50.5378125,0.23526541666666667,14.1,London Marylebone Road,2,4,2023
2023-12-28,49.451782916666666,14.977994166666667,27.86671875,50.80875,0.2066455,24.7,London Marylebone Road,3,4,2023
2023-12-29,33.81048416666667,23.262145,38.6484375,74.3165625,0.25806433333333334,13.5,London Marylebone Road,4,4,2023
2023-12-30,35.706399166666664,14.941614583333333,33.7715625,56.673750000000005,0.22653391666666667,13.8,London Marylebone Road,5,4,2023
2023-12-31,46.42497125,16.220097083333332,28.815,53.6775,0.21780241666666667,9.8,London Marylebone Road,6,4,2023
2024-01-01,33.01220416666667,21.666640416666667,39.4771875,72.69890625000001,0.22071291666666668,14.3,London Marylebone Road,0,1,2024
2024-01-02,43.323320833333334,17.33747,33.6440625,60.2278125,0.15522666666666665,28.8,London Marylebone Road,1,1,2024
2024-01-03,29.510329130434783,24.918884782608696,44.48641304347826,82.68652173913043,0.18222260869565216,13.2,London Marylebone Road,2,1,2024
2024-01-04,27.756860833333334,28.5319875,46.0115625,89.76,0.26631075,11.1,London Marylebone Road,3,1,2024
2024-01-05,26.334924583333333,12.415832083333333,30.41671875,49.446093749999996,0.26873616666666666,24.4,London Marylebone Road,4,1,2024
2024-01-06,29.336789999999997,8.689523333333334,21.8503125,35.15015625,0.2595195833333333,10.2,London Marylebone Road,5,1,2024
2024-01-07,53.983685,4.401929583333334,15.19640625,21.9459375,0.2134366666666667,12.7,London Marylebone Road,6,1,2024
2024-01-08,51.40590583333333,4.734542916666666,17.6428125,24.90234375,0.20179466666666668,24.0,London Marylebone Road,0,1,2024
2024-01-09,48.47056375,5.914280833333334,21.1171875,30.17765625,0.22895933333333332,27.8,London Marylebone Road,1,1,2024
2024-01-10,47.14009708333333,4.921637916666667,24.64734375,32.2096875,0.22604883333333334,9.5,London Marylebone Road,2,1,2024
2024-01-11,33.943530833333334,7.166777916666667,27.7471875,38.76,0.2653405833333333,25.9,London Marylebone Road,3,1,2024
2024-01-12,45.14439708333333,8.87142125,24.352500000000003,37.963125,0.23526541666666667,15.5,London Marylebone Road,4,1,2024
2024-01-13,21.81133791666667,33.96293958333333,46.88015625,98.99578125,0.3963130833333333,27.3,London Marylebone Road,5,1,2024
2024-01-14,27.864961249999997,16.313644583333332,34.4409375,59.470781249999995,0.32840141666666667,19.2,London Marylebone Road,6,1,2024
2024-01-15,26.409763333333334,23.677911666666663,49.73296875,86.0625,0.40455949999999996,32.2,London Marylebone Road,0,1,2024
2024-01-16,8.922442083333333,69.27192375,80.7075,186.8990625,0.5442635,55.4,London Marylebone Road,1,1,2024
2024-01-17,18.293916666666664,32.706375217391304,54.72244565217392,104.85489130434782,0.44821700000000003,28.4,London Marylebone Road,2,1,2024
2024-01-18,15.973915416666665,56.066135,65.57484375,151.52578125,0.5185540833333333,42.6,London Marylebone Road,3,1,2024
2024-01-19,5.995415416666667,80.27934625,80.68359375,203.76093749999998,0.6015033333333334,39.7,London Marylebone Road,4,1,2024
2024-01-20,32.54654083333333,27.357446666666664,46.00359375,87.94312500000001,0.41183575,27.7,London Marylebone Road,5,1,2024
2024-01-21,50.39974041666667,12.30149625,21.595312500000002,40.40953125,0.29590083333333334,21.0,London Marylebone Road,6,1,2024
2024-01-22,39.21075333333334,28.85231681818182,44.62210227272727,88.86170454545454,0.22729619047619048,26.8,London Marylebone Road,0,1,2024
2024-01-23,30.6838875,30.392543333333332,43.03921875,89.664375,0.19742891666666665,16.5,London Marylebone Road,1,1,2024
2024-01-24,33.02051958333333,39.95517666666667,55.741406250000004,117.00515625000001,0.29735608333333335,42.4,London Marylebone Road,2,1,2024
2024-01-25,19.23355875,43.12020041666667,52.6734375,118.76625,0.24787758333333332,22.5,London Marylebone Road,3,1,2024
2024-01-26,30.24317041666667,39.794809523809526,52.36607142857143,113.37482142857144,0.34260742857142856,21.6,London Marylebone Road,4,1,2024
2024-01-27,19.050619583333333,34.612575,56.681718749999995,109.75359375,0.35556608333333334,31.6,London Marylebone Road,5,1,2024
2024-01-28,14.14452375,23.189385833333333,46.09921875,81.65578125,0.39728325000000003,23.7,London Marylebone Road,6,1,2024
2024-01-29,12.273555,35.04913,44.7046875,98.45390625,0.3439240833333333,30.7,London Marylebone Road,0,1,2024
2024-01-30,32.9789425,18.220974166666668,36.34546875,64.29984375,0.25321350000000004,12.6,London Marylebone Road,1,1,2024
2024-01-31,29.70989913043478,33.38967869565217,49.76657608695652,100.9633695652174,0.29408704347826087,22.0,London Marylebone Road,2,1,2024
2024-02-01,28.829549583333332,33.87458916666667,55.51828125,107.44265625000001,0.33519258333333335,10.7,London Marylebone Road,3,1,2024
2024-02-02,26.892057500000004,35.2050425,49.4540625,103.41046875,0.33325224999999997,15.8,London Marylebone Road,4,1,2024
2024-02-03,29.120589166666665,26.250467916666665,46.60125,86.859375,0.3230655,10.2,London Marylebone Road,5,1,2024
2024-02-04,35.0744275,17.9923025,33.34921875,60.945,0.28619916666666667,12.3,London Marylebone Road,6,1,2024
2024-02-05,38.4671175,26.536307500000003,38.042812500000004,78.75515625,0.26922125,33.0,London Marylebone Road,0,1,2024
2024-02-06,41.71844541666667,22.815195833333334,33.875156249999996,68.8340625,0.2585494166666667,15.1,London Marylebone Road,1,1,2024
2024-02-07,38.00145416666667,16.142140833333332,39.971250000000005,64.71421875,0.2706765,14.3,London Marylebone Road,2,1,2024
2024-02-08,19.474705833333335,44.071266666666666,55.23140625,122.79843749999999,0.34780475000000005,21.8,London Marylebone Road,3,1,2024
2024-02-09,32.75442625,28.98933083333333,50.163281250000004,94.5890625,0.2939605,15.6,London Marylebone Road,4,1,2024
2024-02-10,27.224674166666663,24.5406275,49.103437500000005,86.74781250000001,0.3356776666666667,9.9,London Marylebone Road,5,1,2024
2024-02-11,23.41621333333333,17.327075833333335,42.776250000000005,69.36,0.36623791666666666,12.1,London Marylebone Road,6,1,2024
2024-02-12,24.139654583333336,37.231905,57.36703125,114.4471875,0.38418599999999997,12.6,London Marylebone Road,0,1,2024
2024-02-13,31.149550833333333,33.027464583333334,53.31890625,103.92843749999999,0.34295391666666664,13.8,London Marylebone Road,1,1,2024
2024-02-14,28.46041739130435,38.33888375,45.63703125,104.45437500000001,0.2647289565217391,14.2,London Marylebone Road,2,1,2024
2024-02-15,13.920007499999999,42.465367916666665,53.84484375,118.94156249999999,0.3754545,19.1,London Marylebone Road,3,1,2024
2024-02-16,18.102662083333332,42.647265833333336,62.2359375,127.63546875000002,0.43220925000000004,17.4,London Marylebone Road,4,1,2024
2024-02-17,28.00632333333333,38.09462083333333,55.143750000000004,113.53078125,0.37690975,12.0,London Marylebone Road,5,1,2024
2024-02-18,32.471702083333334,16.505936666666667,35.4928125,60.801562499999996,0.32161025,10.0,London Marylebone Road,6,1,2024
2024-02-19,21.894492083333333,35.44930541666667,53.231249999999996,107.58609374999999,0.40358933333333336,19.4,London Marylebone Road,0,1,2024
2024-02-20,24.214493333333333,45.81228958333333,53.99625,124.25671875,0.46422475,24.1,London Marylebone Road,1,1,2024
2024-02-21,36.08890833333333,33.60434083333333,49.47,101.01187499999999,0.36866333333333334,12.5,London Marylebone Road,2,1,2024
2024-02-22,33.90195375,36.234065,54.84890625,110.40703125,0.3706036666666666,10.7,London Marylebone Road,3,1,2024
2024-02-23,23.732199166666664,67.45294458333333,76.47609375,179.87062500000002,0.5209795,14.3,London Marylebone Road,4,1,2024
2024-02-24,17.844884166666667,43.94133958333333,63.7021875,131.07796875,0.5227812380952381,20.5,London Marylebone Road,5,1,2024
2024-02-25,26.584387083333336,37.87114625,45.358125,103.4503125,,21.0,London Marylebone Road,6,1,2024
2024-02-26,64.560895,4.765725416666666,12.68625,20.041406249999998,,8.3,London Marylebone Road,0,1,2024
2024-02-27,24.4972175,41.69619958333333,56.02828125,119.99343749999998,,16.4,London Marylebone Road,1,1,2024
2024-02-28,25.406128695652175,37.06181863636363,53.071875,109.88181818181819,,20.3,London Marylebone Road,2,1,2024
2024-02-29,49.16074333333333,27.092395416666665,47.23078125,88.7559375,,10.8,London Marylebone Road,3,1,2024
2024-03-01,40.72095695652174,29.815667083333334,51.350625,97.09125,,16.0,London Marylebone Road,4,1,2024
2024-03-02,42.21737041666667,21.692625833333334,45.549375,78.81890625,,11.8,London Marylebone Road,5,1,2024
2024-03-03,24.94625,26.437562916666668,54.30703125,94.828125,,17.2,London Marylebone Road,6,1,2024
2024-03-04,28.52983304347826,36.34320375,53.97234375,109.68984375000001,,11.6,London Marylebone Road,0,1,2024
2024-03-05,39.373497916666665,12.353467083333333,31.548281250000002,50.497968750000005,,12.4,London Marylebone Road,1,1,2024
2024-03-06,31.9312,35.719553749999996,54.9365625,109.70578124999999,,9.6,London Marylebone Road,2,1,2024
2024-03-07,28.02656956521739,21.692625833333334,43.82015625,77.08171875000001,,17.2,London Marylebone Road,3,1,2024
2024-03-08,25.14582,19.293463181818183,40.79710227272727,70.35392045454546,,15.9,London Marylebone Road,4,1,2024
2024-03-09,31.440590416666666,17.737645416666666,45.230625,72.4678125,,12.8,London Marylebone Road,5,1,2024
2024-03-10,27.241305,14.790899166666668,37.90734375,60.5784375,,17.4,London Marylebone Road,6,1,2024
2024-03-11,28.072846666666667,12.852387083333333,29.46046875,49.151250000000005,,21.0,London Marylebone Road,0,1,2024
2024-03-12,16.2150625,40.869863333333335,47.93203125,110.61421875,,18.9,London Marylebone Road,1,1,2024
2024-03-13,32.15680086956522,28.308286956521737,37.6679347826087,81.06505434782609,,,London Marylebone Road,2,1,2024
2024-03-14,26.9918425,31.515113333333332,40.847812499999996,89.17828125,,16.7,London Marylebone Road,3,1,2024
2024-03-15,43.14038166666666,23.054261666666665,38.56875,73.91015625,,18.3,London Marylebone Road,4,1,2024
2024-03-16,33.83543041666667,20.382960833333332,41.198437500000004,72.42,,11.2,London Marylebone Road,5,1,2024
2024-03-17,29.95213083333333,21.037793333333333,36.9909375,69.2325,,12.7,London Marylebone Road,6,1,2024
2024-03-18,34.98295791666667,30.797915833333334,45.724687499999995,92.91562499999999,0.23284,18.5,London Marylebone Road,0,1,2024
2024-03-19,37.01191958333333,28.589155416666667,44.77640625,88.6284375,0.19936925000000003,14.7,London Marylebone Road,1,1,2024
2024-03-20,27.499082916666666,33.69269125,51.31078125,102.94828125,0.22879060869565218,23.3,London Marylebone Road,2,1,2024
2024-03-21,26.185247083333334,41.83652083333333,47.62921875,111.82546874999998,0.2419511304347826,18.1,London Marylebone Road,3,1,2024
2024-03-22,32.52991,25.6631975,44.09109375,83.44078125,0.21056834782608697,18.1,London Marylebone Road,4,1,2024
2024-03-23,38.383963333333334,15.683441739130433,37.1025,61.15842391304348,0.20095104347826087,12.4,London Marylebone Road,5,1,2024
2024-03-24,46.84074208333333,12.764036666666668,31.094062499999996,50.68125,0.21360539130434783,13.7,London Marylebone Road,6,1,2024
2024-03-25,34.83798043478261,26.723402500000002,53.709375,94.71656250000001,0.22980295652173913,21.5,London Marylebone Road,0,1,2024
2024-03-26,21.295782083333332,38.858592083333335,59.4946875,119.06906249999999,0.29541575000000003,24.7,London Marylebone Road,1,1,2024
2024-03-27,42.31751695652174,21.6718375,44.186718750000004,77.41640625000001,0.24545216666666667,13.6,London Marylebone Road,2,1,2024
2024-03-28,52.45364833333334,21.56269875,36.863437499999996,69.93375,0.23041458333333334,13.9,London Marylebone Road,3,1,2024
2024-03-29,54.21651666666667,13.741088333333332,33.26953125,54.346875000000004,0.23526541666666667,12.8,London Marylebone Road,4,1,2024
2024-03-30,42.325470833333334,17.701265833333334,48.39421875,75.51984374999999,0.2857140833333333,14.5,London Marylebone Road,5,1,2024
2024-03-31,39.97220791666667,7.9619316666666675,28.528125,40.7521875,0.2609748333333333,28.3,London Marylebone Road,6,1,2024
2024-04-01,49.55988333333334,13.793059166666666,32.77546875,53.9165625,0.21586208333333334,14.9,London Marylebone Road,0,2,2024
2024-04-02,42.250632083333336,26.884512083333334,44.927812499999995,86.18203125000001,0.23587704347826086,15.4,London Marylebone Road,1,2,2024
2024-04-03,39.95557708333333,27.39382625,44.864062499999996,86.859375,0.24205658333333332,18.9,London Marylebone Road,2,2,2024
2024-04-04,41.610345,30.784551904761905,47.621249999999996,94.83267857142857,0.24701286956521737,17.5,London Marylebone Road,3,2,2024
2024-04-05,41.93464625,21.417180416666667,35.054531250000004,67.8778125,0.2221681666666667,12.7,London Marylebone Road,4,2,2024
2024-04-06,61.525767916666666,10.654020833333334,25.3884375,41.73234375,0.209556,16.4,London Marylebone Road,5,2,2024
2024-04-07,63.60462208333333,14.104884166666666,25.085624999999997,46.696875,0.221198,21.2,London Marylebone Road,6,2,2024
2024-04-08,43.206905,18.03907625,36.297656249999996,63.91734374999999,0.23769083333333332,18.1,London Marylebone Road,0,2,2024
2024-04-09,49.42683666666666,22.201939999999997,35.24578125,69.264375,0.2414449565217391,11.8,London Marylebone Road,1,2,2024
2024-04-10,33.05378125,29.14146363636364,37.84142045454546,82.4809090909091,0.2590345,19.2,London Marylebone Road,2,2,2024
2024-04-11,26.06051583333333,35.88066333333334,37.11046875,92.11078125,0.24254166666666666,28.2,London Marylebone Road,3,2,2024
2024-04-12,32.54654083333333,30.600426666666667,36.688125,83.608125,0.24351183333333334,24.2,London Marylebone Road,4,2,2024
2024-04-13,37.860092083333335,19.338347083333336,33.15,62.793749999999996,0.22459358333333335,12.6,London Marylebone Road,5,2,2024
2024-04-14,49.1441125,14.17244625,32.895,54.64171875,0.22022783333333332,12.6,London Marylebone Road,6,2,2024
2024-04-15,58.54884875,15.851104166666667,29.3728125,53.685468750000005,0.18966758333333333,13.4,London Marylebone Road,0,2,2024
2024-04-16,63.055804583333334,6.922515,18.0571875,28.67953125,0.15522666666666665,8.8,London Marylebone Road,1,2,2024
2024-04-17,56.636302916666665,8.3880925,21.6909375,34.56046875,0.18578691666666666,8.4,London Marylebone Road,2,2,2024
2024-04-18,49.38525958333333,20.195865833333333,35.29359375,66.23625,0.23486469565217388,12.3,London Marylebone Road,3,2,2024
2024-04-19,49.84260750000001,10.867779130434783,23.15788043478261,39.81326086956521,0.1766546956521739,11.5,London Marylebone Road,4,2,2024
2024-04-20,63.804192083333334,6.506748333333333,15.6665625,25.651406249999997,0.20130958333333335,13.3,London Marylebone Road,5,2,2024
2024-04-21,68.66039541666667,5.030776666666667,11.32359375,19.06921875,0.18578691666666666,13.8,London Marylebone Road,6,2,2024
2024-04-22,61.49250625,7.944758695652174,19.92326086956522,32.08010869565217,0.2191733043478261,12.3,London Marylebone Road,0,2,2024
2024-04-23,50.948557916666665,11.885729583333335,25.30875,43.525312500000005,0.23138475,11.0,London Marylebone Road,1,2,2024
2024-04-24,62.88118083333333,8.258165416666666,21.8025,34.456875000000004,0.23790173913043478,12.2,London Marylebone Road,2,2,2024
2024-04-25,26.309978333333333,30.735550833333335,54.824999999999996,101.94421875,0.3545959166666666,22.3,London Marylebone Road,3,2,2024
2024-04-26,43.34826708333333,14.681760416666668,38.14640625,60.65015625,0.31578924999999997,15.8,London Marylebone Road,4,2,2024
2024-04-27,63.13064333333333,4.479885833333333,15.65859375,22.54359375,0.24108641666666666,9.9,London Marylebone Road,5,2,2024
2024-04-28,48.686764583333336,14.848067083333333,28.209374999999998,50.96812499999999,0.31869975,7.7,London Marylebone Road,6,2,2024
2024-04-29,45.70984541666667,22.129180833333333,42.29015625,76.245,0.3104533333333333,13.8,London Marylebone Road,0,2,2024
2024-04-30,40.92016541666667,21.03259625,42.2184375,74.45203125,0.30996825,15.4,London Marylebone Road,1,2,2024
2024-05-01,32.06424666666667,17.379046666666667,38.95125,65.59078125,0.325976,11.8,London Marylebone Road,2,2,2024
2024-05-02,39.42339041666667,18.220974166666668,33.277499999999996,61.2159375,0.35556608333333334,28.7,London Marylebone Road,3,2,2024
2024-05-03,26.53449458333333,45.204230833333334,54.97640625,124.27265625,0.401649,11.8,London Marylebone Road,4,2,2024
2024-05-04,41.751707083333336,20.66360333333333,41.46140625,73.14515625,0.35653625,20.2,London Marylebone Road,5,2,2024
2024-05-05,31.440590416666666,24.473065416666667,46.513593750000005,84.0065625,0.4186269166666667,14.2,London Marylebone Road,6,2,2024
2024-05-06,37.835145833333335,6.491157083333333,24.177187500000002,34.14609375,0.2881395,21.2,London Marylebone Road,0,2,2024
2024-05-07,59.72963791666667,5.7012004166666665,21.8503125,30.599999999999998,0.244482,12.4,London Marylebone Road,1,2,2024
2024-05-08,44.22138583333333,12.6289125,31.88296875,51.27890625,0.2949306666666667,17.9,London Marylebone Road,2,2,2024
2024-05-09,48.4456175,23.797444583333334,45.39796875,81.886875,0.3366478333333333,18.7,London Marylebone Road,3,2,2024
2024-05-10,42.43357125,20.64010347826087,50.73114130434783,82.37054347826087,0.34683458333333334,15.2,London Marylebone Road,4,2,2024
2024-05-11,53.84232291666667,12.524970833333334,35.731875,54.91265625,0.30608758333333336,41.4,London Marylebone Road,5,2,2024
2024-05-12,59.579960416666665,12.197554583333334,39.365625,58.03640625,0.3206400833333333,8.9,London Marylebone Road,6,2,2024
2024-05-13,43.589414166666664,27.794001666666663,38.91140625,81.5203125,0.29832624999999996,16.1,London Marylebone Road,0,2,2024
2024-05-14,23.02538875,78.96968125,64.83375,185.926875,0.3880666666666667,13.3,London Marylebone Road,1,2,2024
2024-05-15,19.665960416666667,64.23075291666667,68.76234375,167.248125,0.3633274166666667,15.8,London Marylebone Road,2,2,2024
2024-05-16,14.069685,28.78664458333333,43.54125,87.64828125000001,0.32403566666666667,19.3,London Marylebone Road,3,2,2024
2024-05-17,32.920734583333335,25.455314166666668,40.40953125,79.45640625,0.28716933333333333,13.5,London Marylebone Road,4,2,2024
2024-05-18,52.57837958333334,5.851915833333333,21.1171875,30.11390625,0.22507866666666665,15.6,London Marylebone Road,5,2,2024
2024-05-19,85.76520749999999,2.9623375000000003,11.78578125,16.3040625,0.1891825,23.0,London Marylebone Road,6,2,2024
2024-05-20,72.85968083333334,4.91124375,16.3040625,23.81859375,0.180451,18.8,London Marylebone Road,0,2,2024
2024-05-21,38.575217916666666,10.529290833333333,24.153281250000003,40.29796875,0.20713058333333334,18.0,London Marylebone Road,1,2,2024
2024-05-22,12.77248,41.248211000000005,34.15725,97.44187500000001,0.27591540000000003,16.5,London Marylebone Road,2,2,2024
2024-05-23,27.001821,28.513278000000003,43.146,86.904,0.30734880000000003,14.0,London Marylebone Road,3,2,2024
2024-05-24,33.02051958333333,28.947754166666666,39.46125,83.83921875,0.2764975,16.8,London Marylebone Road,4,2,2024
2024-05-25,30.093492916666666,19.6137925,43.923750000000005,73.98984374999999,0.30511741666666664,18.3,London Marylebone Road,5,2,2024
2024-05-26,36.75414166666667,20.881880833333334,31.50046875,63.48703125,0.24933283333333334,11.2,London Marylebone Road,6,2,2024
2024-05-27,43.93034624999999,16.36041833333333,26.6634375,51.757031250000004,0.21198141666666667,11.6,London Marylebone Road,0,2,2024
2024-05-28,26.700802916666664,29.4050975,31.77140625,76.87453125,0.19451841666666667,14.7,London Marylebone Road,1,2,2024
2024-05-29,37.72704541666667,17.550550416666667,27.874687500000004,54.76921875,0.151346,11.8,London Marylebone Road,2,2,2024
2024-05-30,50.35816333333333,5.550484999999999,15.475312500000001,23.985937500000002,0.08634483333333333,7.5,London Marylebone Road,3,2,2024
2024-05-31,56.104116250000004,3.9549804166666664,8.518593749999999,14.52703125,0.11593491666666667,9.6,London Marylebone Road,4,2,2024
2024-06-01,58.46569458333334,3.1546295833333335,8.932968749999999,13.76203125,0.11981558333333332,8.9,London Marylebone Road,5,2,2024
2024-06-02,70.47315625,2.0216654166666665,10.95703125,14.056875,0.13824875,26.8,London Marylebone Road,6,2,2024
2024-06-03,32.28876291666666,7.2031575,17.1646875,28.1934375,0.12806199999999998,41.3,London Marylebone Road,0,2,2024
2024-06-04,19.549544583333333,36.291232916666665,33.564375,89.18624999999999,0.22362341666666666,14.6,London Marylebone Road,1,2,2024
2024-06-05,31.53206,16.906584545454546,31.947443181818183,57.853125,0.19368054545454544,18.7,London Marylebone Road,2,2,2024
2024-06-06,27.731914583333335,25.507285,38.67234375,77.79890625,0.238661,23.2,London Marylebone Road,3,2,2024
2024-06-07,26.917003750000003,30.818704166666667,43.40578125,90.6684375,0.2697063333333333,9.0,London Marylebone Road,4,2,2024
2024-06-08,41.95127708333333,13.304533333333334,21.635156249999998,42.01921875,0.18772725,17.9,London Marylebone Road,5,2,2024
2024-06-09,36.03901583333333,12.89396375,25.04578125,44.82421875,0.22410850000000002,25.9,London Marylebone Road,6,2,2024
2024-06-10,37.31959,11.147743749999998,18.2165625,35.30953125,0.18384658333333334,12.1,London Marylebone Road,0,2,2024
2024-06-11,35.706399166666664,7.06283625,19.89796875,30.751406250000002,0.18093608333333333,36.4,London Marylebone Road,1,2,2024
2024-06-12,21.420513333333332,28.92176875,47.24671874999999,91.60078125,0.30414725,19.2,London Marylebone Road,2,2,2024
2024-06-13,33.7772225,33.11061791666666,39.51703125,90.29390625,0.2949306666666667,19.1,London Marylebone Road,3,2,2024
2024-06-14,30.301378333333332,31.457945416666664,33.55640625,81.7753125,0.27310191666666667,13.8,London Marylebone Road,4,2,2024
2024-06-15,34.392563333333335,28.854206666666666,31.7315625,75.98203124999999,0.29007983333333337,14.3,London Marylebone Road,5,2,2024
2024-06-16,40.43787125,18.652332083333334,29.7871875,58.38703125,0.27261683333333336,15.6,London Marylebone Road,6,2,2024
2024-06-17,34.4757175,31.499522083333332,42.01125,90.301875,0.30608758333333336,16.6,London Marylebone Road,0,2,2024
2024-06-18,49.52662166666667,6.0805875,17.98546875,27.308906250000003,0.21392175,12.7,London Marylebone Road,1,2,2024
2024-06-19,48.794864999999994,2.1827750000000004,7.191,10.59525,0.21780241666666667,12.1,London Marylebone Road,2,2,2024
2024-06-20,40.37966333333333,,,,0.25127316666666666,14.5,London Marylebone Road,3,2,2024
2024-06-21,34.24288583333333,,,,0.33325224999999997,22.1,London Marylebone Road,4,2,2024
2024-06-22,33.63586041666667,,,,0.28280358333333333,12.6,London Marylebone Road,5,2,2024
2024-06-23,33.26166666666666,,,,0.2939605,14.0,London Marylebone Road,6,2,2024
2024-06-24,34.026685,,,,0.28280358333333333,16.7,London Marylebone Road,0,2,2024
2024-06-25,55.22268208333333,,,,0.2789229166666667,19.5,London Marylebone Road,1,2,2024
2024-06-26,70.22369375,,,,0.2706765,21.3,London Marylebone Road,2,2,2024
2024-06-27,40.25493208333334,,,,0.28765441666666663,21.9,London Marylebone Road,3,2,2024
2024-06-28,23.125173750000002,,,,0.3007516666666667,21.2,London Marylebone Road,4,2,2024
2024-06-29,46.948842500000005,,,,0.22459358333333335,17.7,London Marylebone Road,5,2,2024
2024-06-30,42.94081166666667,,,,0.1251515,10.1,London Marylebone Road,6,2,2024
2024-07-01,35.34883625,,,,0.13194266666666668,10.4,London Marylebone Road,0,3,2024
2024-07-02,37.99087090909091,14.510256666666665,30.329062500000003,52.5778125,0.16832391666666666,18.4,London Marylebone Road,1,3,2024
2024-07-03,22.525379130434782,36.42116,41.88375,97.74538043478262,0.24093878260869564,45.0,London Marylebone Road,2,3,2024
2024-07-04,29.26195125,25.086321249999997,36.40921875,74.88234375,0.2124665,22.2,London Marylebone Road,3,3,2024
2024-07-05,16.555994583333334,38.33888375,30.7434375,89.54484375,0.24739250000000002,14.5,London Marylebone Road,4,3,2024
2024-07-06,21.944384583333335,23.012685,31.524375000000003,66.80203125,0.23526541666666667,22.5,London Marylebone Road,5,3,2024
2024-07-07,27.607183333333335,23.4180575,26.71921875,62.610468749999995,0.2595195833333333,12.2,London Marylebone Road,6,3,2024
2024-07-08,19.458075,38.811818333333335,39.27,98.8125,0.261945,22.8,London Marylebone Road,0,3,2024
2024-07-09,12.77248,34.93479416666667,34.75171875,88.29375,0.29105,20.0,London Marylebone Road,1,3,2024
2024-07-10,27.183097083333333,28.80223583333333,35.00671875,79.16953124999999,0.27116158333333334,16.9,London Marylebone Road,2,3,2024
2024-07-11,33.85206125,16.2460825,26.46421875,51.358593750000004,0.20179466666666668,33.7,London Marylebone Road,3,3,2024
2024-07-12,42.566617916666665,4.56823625,10.27171875,17.2603125,0.16977916666666668,5.3,London Marylebone Road,4,3,2024
2024-07-13,32.50496375,14.45308875,25.850624999999997,48.035625,0.23817591666666668,10.3,London Marylebone Road,5,3,2024
2024-07-14,32.230555,21.71861125,37.389375,70.6828125,0.3031770833333333,12.4,London Marylebone Road,6,3,2024
2024-07-15,27.9398,23.644469565217392,45.692119565217396,81.96309782608695,0.3007516666666667,15.7,London Marylebone Road,0,3,2024
2024-07-16,28.2890475,24.48345958333333,40.85578125,78.40453125,0.2832886666666667,18.7,London Marylebone Road,1,3,2024
2024-07-17,27.474136666666666,26.637989565217392,42.74021739130435,83.60119565217391,0.29007983333333337,15.8,London Marylebone Road,2,3,2024
2024-07-18,34.883172916666666,25.101912499999997,50.43421875000001,88.92328125,0.29105,20.5,London Marylebone Road,3,3,2024
2024-07-19,41.369197916666664,18.028682083333333,55.62984375,83.2734375,0.3114235,23.5,London Marylebone Road,4,3,2024
2024-07-20,19.682591249999998,31.473536666666664,28.838906249999997,77.0896875,0.26631075,16.1,London Marylebone Road,5,3,2024
2024-07-21,31.15786625,10.685203333333334,19.786406250000002,36.14625,0.23284,9.2,London Marylebone Road,6,3,2024
2024-07-22,27.14152,25.6008325,26.58375,65.82187499999999,,14.2,London Marylebone Road,0,3,2024
2024-07-23,30.517579166666668,12.0676275,20.049375,38.56078125,,11.5,London Marylebone Road,1,3,2024
2024-07-24,22.368470833333333,27.133972083333333,37.76390625,79.36875,,16.1,London Marylebone Road,2,3,2024
2024-07-25,18.651479583333334,32.81958125,29.803124999999998,80.10984375,,11.7,London Marylebone Road,3,3,2024
2024-07-26,19.258505,35.0803125,37.014843750000004,90.7959375,,19.5,London Marylebone Road,4,3,2024
2024-07-27,30.45105583333333,13.67352625,26.09765625,47.071406249999995,,14.1,London Marylebone Road,5,3,2024
2024-07-28,34.209624166666664,16.800588695652173,33.61010869565217,59.37065217391305,,15.7,London Marylebone Road,6,3,2024
2024-07-29,47.780384166666664,14.655775,43.573125000000005,66.03703125,,20.8,London Marylebone Road,0,3,2024
2024-07-30,82.44735625,6.044207916666667,36.99890625,46.258593749999996,,24.2,London Marylebone Road,1,3,2024
2024-07-31,77.9884852173913,9.387288260869566,30.126032608695656,44.53630434782609,,22.2,London Marylebone Road,2,3,2024
2024-08-01,52.5368025,7.702077500000001,30.831093749999997,42.6646875,,11.4,London Marylebone Road,3,3,2024
2024-08-02,33.627545000000005,24.99797083333333,42.776250000000005,81.0740625,,18.3,London Marylebone Road,4,3,2024
2024-08-03,34.625395,16.401995,24.830625,49.97203125000001,,42.1,London Marylebone Road,5,3,2024
2024-08-04,31.0830275,18.667923333333334,22.6471875,51.2709375,,19.7,London Marylebone Road,6,3,2024
2024-08-05,28.771341666666668,24.13005791666667,23.954062500000003,60.95296875,,16.8,London Marylebone Road,0,3,2024
2024-08-06,20.813487916666666,31.97765375,33.74765625,82.80328125,,12.3,London Marylebone Road,1,3,2024
2024-08-07,25.212343333333333,29.846849583333334,35.4928125,81.2334375,,13.9,London Marylebone Road,2,3,2024
2024-08-08,27.823384166666667,30.153477499999997,26.870625,73.1053125,,20.5,London Marylebone Road,3,3,2024
2024-08-09,26.16861625,25.746350833333334,31.030312499999997,70.48359375,,11.9,London Marylebone Road,4,3,2024
2024-08-10,25.578221666666664,24.68614583333333,27.65953125,65.5190625,,15.2,London Marylebone Road,5,3,2024
2024-08-11,40.346401666666665,11.080181666666666,24.29671875,41.30203125,,31.1,London Marylebone Road,6,3,2024
2024-08-12,34.417509583333334,17.737645416666666,40.4175,67.59093750000001,,4.8,London Marylebone Road,0,3,2024
2024-08-13,27.51344590909091,26.029181578947366,31.69717105263158,71.59796052631579,,24.7,London Marylebone Road,1,3,2024
2024-08-14,23.523229130434782,18.94269086956522,31.680978260869566,60.73434782608696,,18.3,London Marylebone Road,2,3,2024
2024-08-15,22.55141,26.484336666666668,26.12953125,66.70640625,,17.0,London Marylebone Road,3,3,2024
2024-08-16,25.578221666666668,19.490418260869568,33.51032608695652,63.42016304347826,,16.0,London Marylebone Road,4,3,2024
2024-08-17,39.914,9.084501666666666,25.531875,39.429375,,16.9,London Marylebone Road,5,3,2024
2024-08-18,38.42554041666667,8.59077875,22.12125,35.29359375,,19.1,London Marylebone Road,6,3,2024
2024-08-19,25.14582,27.0352275,32.09015625,73.535625,,34.4,London Marylebone Road,0,3,2024
2024-08-20,31.47385208333333,18.54319333333333,25.53984375,53.95640624999999,,16.2,London Marylebone Road,1,3,2024
2024-08-21,27.03341958333333,25.756745,29.5959375,69.105,0.22929678260869563,22.0,London Marylebone Road,2,3,2024
2024-08-22,37.19485875,19.021325,21.5475,50.6653125,0.17851066666666668,16.8,London Marylebone Road,3,3,2024
2024-08-23,36.93708083333333,23.77145916666667,32.233593750000004,68.68265625,0.2047051666666667,16.2,London Marylebone Road,4,3,2024
2024-08-24,28.61334875,19.284342608695653,33.08625,62.66347826086957,0.25466875,12.6,London Marylebone Road,5,3,2024
2024-08-25,33.951846249999996,17.85265913043478,22.96663043478261,50.37358695652174,0.197914,16.6,London Marylebone Road,6,3,2024
2024-08-26,40.11357,17.32187875,27.2053125,53.75718749999999,0.21489191666666665,22.4,London Marylebone Road,0,3,2024
2024-08-27,32.62137958333333,23.70954608695652,41.70913043478261,78.05494565217391,0.3599318333333333,19.8,London Marylebone Road,1,3,2024
2024-08-28,31.30645913043478,20.341836086956523,52.62701086956522,83.81739130434782,0.36311952380952384,26.0,London Marylebone Road,2,3,2024
2024-08-29,29.577937083333335,18.563981666666667,33.22171875,61.678125,0.24399691666666667,20.1,London Marylebone Road,3,3,2024
2024-08-30,40.72891083333334,10.487714166666667,26.07375,42.1546875,0.2507880833333333,22.4,London Marylebone Road,4,3,2024
2024-08-31,53.32676708333333,4.427915,12.0965625,18.86203125,0.18821233333333334,20.3,London Marylebone Road,5,3,2024
2024-09-01,45.30239,7.120004166666667,24.432187499999998,35.3653125,0.25466875,15.9,London Marylebone Road,6,3,2024
2024-09-02,28.11442375,23.282933333333332,32.61609375,68.26828125,0.30026658333333334,15.2,London Marylebone Road,0,3,2024
2024-09-03,26.002307916666666,22.861969583333334,25.404375,60.458906250000005,0.279408,21.5,London Marylebone Road,1,3,2024
2024-09-04,32.59643333333333,7.120004166666667,15.395625,26.312812500000003,0.2682510833333333,10.9,London Marylebone Road,2,3,2024
2024-09-05,37.52747541666667,6.163740833333333,18.36,27.78703125,0.2614599166666667,19.3,London Marylebone Road,3,3,2024
2024-09-06,10.361009166666667,37.47616791666667,34.337343749999995,91.79203125,0.4283285833333333,16.4,London Marylebone Road,4,3,2024
2024-09-07,14.876280416666667,19.608595416666667,40.7203125,70.7784375,0.42396283333333334,12.5,London Marylebone Road,5,3,2024
2024-09-08,31.232705,17.21274,37.4371875,63.8296875,0.3934025833333334,19.7,London Marylebone Road,6,3,2024
2024-09-09,31.224389583333334,9.98382304347826,21.852391304347826,37.144076086956524,0.31530416666666666,17.6,London Marylebone Road,0,3,2024
2024-09-10,24.389117083333332,30.97981375,31.4765625,78.97031249999999,0.37351416666666665,11.5,London Marylebone Road,1,3,2024
2024-09-11,23.989977083333333,16.88705611111111,26.488125,52.391875,0.37507486956521735,27.3,London Marylebone Road,2,3,2024
2024-09-12,31.640160416666664,13.304533333333334,18.5990625,38.99109375,0.35071525,10.2,London Marylebone Road,3,3,2024
2024-09-13,30.268116666666668,25.309795833333336,30.32109375,69.12890625,0.4564634166666666,16.7,London Marylebone Road,4,3,2024
2024-09-14,24.488902083333333,30.501682083333332,42.5690625,89.33765625000001,0.49332975,21.8,London Marylebone Road,5,3,2024
2024-09-15,34.40087875,16.677440416666666,32.55234375,58.116093750000005,0.37448433333333336,15.9,London Marylebone Road,6,3,2024
2024-09-16,33.54439083333333,6.626281250000001,15.45140625,25.60359375,0.28183341666666667,11.0,London Marylebone Road,0,3,2024
2024-09-17,32.47289,2.5480557142857143,9.617142857142857,13.578750000000001,0.2062297142857143,11.6,London Marylebone Road,1,3,2024
2024-09-18,62.08441272727273,4.36555,16.047613636363636,22.741363636363637,0.20849763636363636,24.3,London Marylebone Road,2,3,2024
2024-09-19,59.347128749999996,3.9861629166666668,15.913593749999999,22.025625,0.23235491666666666,36.7,London Marylebone Road,3,3,2024
2024-09-20,62.19931666666667,8.102252916666666,25.021874999999998,37.47703125,0.27601241666666665,35.4,London Marylebone Road,4,3,2024
2024-09-21,36.24690125,16.00701666666667,40.704375,65.28796875,0.3230655,34.1,London Marylebone Road,5,3,2024
2024-09-22,28.38051708333333,15.107921249999999,30.400781249999998,53.5659375,0.3031770833333333,21.2,London Marylebone Road,6,3,2024
2024-09-23,35.23242041666666,29.129652083333337,40.959375,85.61625,0.331797,13.7,London Marylebone Road,0,3,2024
2024-09-24,39.647906666666664,17.753236666666666,37.71609375,64.92937500000001,0.2857140833333333,14.3,London Marylebone Road,1,3,2024
2024-09-25,29.644460416666664,37.50215333333333,49.01578125,106.53421875,0.3075428333333333,13.8,London Marylebone Road,2,3,2024
2024-09-26,22.243739583333333,39.52381875,49.3425,109.89703125,0.3075428333333333,13.2,London Marylebone Road,3,3,2024
2024-09-27,37.41105958333333,9.541845,23.659218749999997,38.2659375,0.21877258333333335,10.6,London Marylebone Road,4,3,2024
2024-09-28,21.37893625,32.90793166666666,40.61671875,91.066875,0.40358933333333336,19.4,London Marylebone Road,5,3,2024
2024-09-29,30.376217083333334,24.078087083333333,33.60421875,70.5234375,0.3870965,13.5,London Marylebone Road,6,3,2024
2024-09-30,21.195997083333335,34.7061225,34.0425,87.24984375000001,0.3347075,8.3,London Marylebone Road,0,3,2024
2024-10-01,24.014923333333332,22.752830833333334,28.018124999999998,62.897343750000005,0.44627666666666665,15.5,London Marylebone Road,1,4,2024
2024-10-02,38.97435791666667,3.49244,12.3834375,17.7384375,0.3870965,16.0,London Marylebone Road,2,4,2024
2024-10-03,29.877292083333334,15.887483750000001,36.83953125,61.168125,0.5277706666666667,20.1,London Marylebone Road,3,4,2024
2024-10-04,13.811907083333333,49.580175,62.0925,138.114375,0.6034436666666666,15.5,London Marylebone Road,4,4,2024
2024-10-05,29.7858225,19.764507916666666,41.0390625,71.33624999999999,0.5466889166666666,22.2,London Marylebone Road,5,4,2024
2024-10-06,26.260085833333335,18.891397916666666,28.607812499999998,57.598125,0.5190391666666666,9.8,London Marylebone Road,6,4,2024
2024-10-07,23.665675833333335,38.65590583333333,47.34234375,106.621875,0.5263154166666667,12.1,London Marylebone Road,0,4,2024
2024-10-08,26.160300833333334,34.22799083333333,46.21078125,98.685,0.5040015833333333,18.9,London Marylebone Road,1,4,2024
2024-10-09,32.230555,23.904775652173914,32.52913043478261,69.19923913043478,0.4793466956521739,18.9,London Marylebone Road,2,4,2024
2024-10-10,39.282028333333336,9.786107916666667,24.93421875,39.9234375,0.45888883333333336,14.2,London Marylebone Road,3,4,2024
2024-10-11,12.140508333333335,62.936679166666664,61.3434375,157.81312499999999,0.6572879166666666,36.5,London Marylebone Road,4,4,2024
2024-10-12,26.135354583333335,25.330584166666668,44.322187500000005,83.161875,0.488964,9.6,London Marylebone Road,5,4,2024
2024-10-13,22.434994166666666,24.81087583333333,37.7878125,75.85453125,0.4717540869565217,15.7,London Marylebone Road,6,4,2024
2024-10-14,16.198431666666668,26.437562916666668,44.63296875,85.138125,0.4516125833333333,18.7,London Marylebone Road,0,4,2024
2024-10-15,5.96215375,38.676694166666664,40.545,99.84046875,0.4850833333333333,31.2,London Marylebone Road,1,4,2024
2024-10-16,13.380693333333332,26.156920416666665,31.37296875,71.45578125,0.36429758333333334,24.8,London Marylebone Road,2,4,2024
2024-10-17,16.223377916666667,43.75944166666667,46.70484375,113.8415625,0.40601475,20.7,London Marylebone Road,3,4,2024
2024-10-18,13.961584583333334,44.580580833333336,43.485468749999995,111.84140624999999,0.41620150000000006,19.3,London Marylebone Road,4,4,2024
2024-10-19,25.004457916666667,19.478668333333335,39.10265625,68.96953125,0.3347075,15.8,London Marylebone Road,5,4,2024
2024-10-20,37.08675833333333,13.954168750000001,24.4959375,45.9,0.250303,21.6,London Marylebone Road,6,4,2024
2024-10-21,16.847034166666667,45.27179291666667,43.45359375,112.87734375000001,0.34925999999999996,31.0,London Marylebone Road,0,4,2024
2024-10-22,14.660079583333333,42.90712,43.56515625,109.35515625,0.325976,24.0,London Marylebone Road,1,4,2024
2024-10-23,22.386547826086954,32.326762173913046,40.32048913043479,89.82929347826087,0.28750678260869567,21.8,London Marylebone Road,2,4,2024
2024-10-24,16.256639583333335,30.714762500000003,33.95484375,81.09796874999999,0.37108875,22.0,London Marylebone Road,3,4,2024
2024-10-25,5.355128333333333,41.270038750000005,38.9671875,102.223125,0.45888883333333336,25.9,London Marylebone Road,4,4,2024
2024-10-26,3.733622083333333,51.316000833333334,44.29828125,122.99765624999999,0.53116625,24.7,London Marylebone Road,5,4,2024
2024-10-27,16.78882625,26.624657916666667,33.58828125,74.40421875,0.4142611666666667,16.4,London Marylebone Road,6,4,2024
2024-10-28,24.688472083333334,29.79487875,31.157812500000002,76.850625,0.3288865,14.5,London Marylebone Road,0,4,2024
2024-10-29,7.292620416666666,38.1361975,34.48078125,92.97140624999999,0.35265558333333336,15.1,London Marylebone Road,1,4,2024
2024-10-30,15.782660833333333,12.02085375,23.80265625,42.2184375,0.27310191666666667,14.7,London Marylebone Road,2,4,2024
2024-10-31,5.255343333333333,42.89152875,42.09890625,107.8809375,0.4341495833333333,27.8,London Marylebone Road,3,4,2024
2024-11-01,17.977930833333335,21.276859166666668,31.7315625,64.37953125,0.33858816666666663,13.9,London Marylebone Road,4,4,2024
2024-11-02,18.493486666666666,20.918260416666666,27.3965625,59.470781249999995,0.32112516666666663,19.2,London Marylebone Road,5,4,2024
2024-11-03,15.632983333333334,22.960714166666666,26.169375000000002,61.399218749999996,0.38855175,48.6,London Marylebone Road,6,4,2024
2024-11-04,10.660364166666666,36.29643,33.60421875,89.25796874999999,0.41135066666666664,13.0,London Marylebone Road,0,4,2024
2024-11-05,8.855918749999999,28.9061775,32.91890625,77.265,0.4273584166666667,27.5,London Marylebone Road,1,4,2024
2024-11-06,3.9628900000000002,41.38201227272727,36.798238636363635,100.25846590909092,0.48525972727272726,9.7,London Marylebone Road,2,4,2024
2024-11-07,4.573479166666667,35.69356833333333,36.098437499999996,90.84375,0.38952191666666663,14.4,London Marylebone Road,3,4,2024
2024-11-08,7.417351666666666,32.28947875,37.42125,86.93109375,0.3807904166666667,13.8,London Marylebone Road,4,4,2024
2024-11-09,12.77248,14.655775,27.4284375,49.884375,0.3056025,12.5,London Marylebone Road,5,4,2024
2024-11-10,8.356993749999999,43.021455833333334,33.261562500000004,99.25875,0.43511974999999997,22.3,London Marylebone Road,6,4,2024
2024-11-11,22.942234583333335,15.321001666666668,26.52796875,50.03578124999999,0.20033941666666666,19.6,London Marylebone Road,0,4,2024
2024-11-12,43.22353583333333,4.4435062499999995,13.228125,20.0653125,0.12466641666666667,11.9,London Marylebone Road,1,4,2024
2024-11-13,24.954565416666668,20.351778333333332,28.5440625,59.74171875,0.2066455,24.3,London Marylebone Road,2,4,2024
2024-11-14,28.61334875,10.518896666666667,23.67515625,39.7959375,0.14940566666666666,23.6,London Marylebone Road,3,4,2024
2024-11-15,23.15012,44.82484375000001,45.613125,114.3515625,0.28862458333333335,33.9,London Marylebone Road,4,4,2024
2024-11-16,10.768464583333333,43.33847791666667,43.99546874999999,110.43890625,0.3119085833333333,25.8,London Marylebone Road,5,4,2024
2024-11-17,25.661375833333334,19.884040833333334,33.8990625,64.41140625,0.19839908333333334,13.0,London Marylebone Road,6,4,2024
2024-11-18,21.420513333333332,19.062901666666665,36.40125,65.59078125,0.17268966666666666,11.0,London Marylebone Road,0,4,2024
2024-11-19,30.24317041666667,13.731146086956523,25.827065217391304,46.88119565217391,0.23132147826086957,7.3,London Marylebone Road,1,4,2024
2024-11-20,14.958678636363636,32.50350409090909,44.25698863636364,94.11238636363636,0.35878527272727273,21.1,London Marylebone Road,2,4,2024
2024-11-21,10.35269375,43.43202541666667,48.47390625,115.0528125,0.4166865833333333,27.2,London Marylebone Road,3,4,2024
2024-11-22,19.923738333333333,33.30810708333333,45.73265625,96.804375,0.3458644166666667,28.3,London Marylebone Road,4,4,2024
2024-11-23,31.074712083333335,17.2439225,28.671562499999997,55.13578125,0.27116158333333334,14.4,London Marylebone Road,5,4,2024
2024-11-24,39.97220791666667,8.751888333333333,12.43125,25.87453125,0.21586208333333334,26.2,London Marylebone Road,6,4,2024
2024-11-25,27.74854541666667,46.378771666666665,45.2465625,116.39953125,0.34634950000000003,20.3,London Marylebone Road,0,4,2024
2024-11-26,17.14638916666667,68.40401083333333,61.89328125,166.7540625,0.44967225000000005,,London Marylebone Road,1,4,2024
2024-11-27,25.328759166666668,25.884186521739128,34.898967391304346,74.57918478260869,0.3366478333333333,13.2,London Marylebone Road,2,4,2024
2024-11-28,7.342512916666667,65.80546916666667,56.1159375,157.00828125,0.5059419166666667,,London Marylebone Road,3,4,2024
2024-11-29,12.547963750000001,51.29001541666667,56.79328125,135.41296875,0.43706008333333335,24.2,London Marylebone Road,4,4,2024
2024-11-30,6.793695416666666,52.25147583333333,43.61296875,123.73078125,0.41523133333333334,22.9,London Marylebone Road,5,4,2024
2024-12-01,20.8051725,36.010590416666666,36.815625000000004,92.04703124999999,0.3647826666666667,11.5,London Marylebone Road,6,4,2024
2024-12-02,28.704818333333332,31.109740833333333,32.44875,80.15765625,0.27164666666666665,17.9,London Marylebone Road,0,4,2024
2024-12-03,22.476571250000003,27.20673125,37.1821875,78.9225,0.3424688333333334,,London Marylebone Road,1,4,2024
2024-12-04,5.856945652173914,71.23167608695653,57.72423913043478,166.9446195652174,0.5198406086956522,17.0,London Marylebone Road,2,4,2024
2024-12-05,29.045750416666667,33.65111458333333,36.71203125,88.30171875,0.31966991666666666,20.8,London Marylebone Road,3,4,2024
2024-12-06,26.808903333333333,36.87330625,39.97921875,96.5175,0.34634950000000003,19.3,London Marylebone Road,4,4,2024
2024-12-07,55.829707500000005,5.649229583333334,12.00890625,20.66296875,0.2682510833333333,10.7,London Marylebone Road,5,4,2024
2024-12-08,43.980238750000005,2.7336658333333332,4.335,8.53453125,0.2507880833333333,24.1,London Marylebone Road,6,4,2024
2024-12-09,41.78496875,2.2815195833333335,6.3590625,9.85734375,0.2706765,8.5,London Marylebone Road,0,4,2024
2024-12-10,46.998735,2.13600125,9.58640625,12.845625,0.25321350000000004,12.6,London Marylebone Road,1,4,2024
2024-12-11,49.451782916666666,3.6119729166666663,15.555,21.14109375,0.26437041666666666,16.2,London Marylebone Road,2,4,2024
2024-12-12,27.7901225,9.666575,26.28890625,41.09484375,0.3056025,10.1,London Marylebone Road,3,4,2024
2024-12-13,4.049607916666667,46.441136666666665,44.5771875,115.78593749999999,0.5268005,26.8,London Marylebone Road,4,4,2024
2024-12-14,14.1195775,34.10326083333333,46.2984375,98.58140625,0.44045566666666663,20.0,London Marylebone Road,5,4,2024
2024-12-15,18.560010000000002,31.130529166666665,43.89984375,91.6246875,0.40698491666666664,10.7,London Marylebone Road,6,4,2024
2024-12-16,29.56130625,29.88842625,42.242343749999996,88.0546875,0.35605116666666664,11.9,London Marylebone Road,0,4,2024
2024-12-17,18.16087,27.93432291666667,42.09890625,84.92296875,0.38176058333333335,14.4,London Marylebone Road,1,4,2024
2024-12-18,39.72350136363636,16.60042909090909,27.157500000000002,52.61982954545454,0.30427954545454544,14.0,London Marylebone Road,2,4,2024
2024-12-19,42.3587325,12.561350416666668,29.9784375,49.23890625000001,0.29250525,10.0,London Marylebone Road,3,4,2024
2024-12-20,19.524598333333333,39.77847583333333,51.72515625,112.69406249999999,0.40844016666666666,15.8,London Marylebone Road,4,4,2024
2024-12-21,26.883742083333335,25.138292083333337,39.37359375,77.9184375,0.35362575,16.6,London Marylebone Road,5,4,2024
2024-12-22,54.14167791666667,7.837201666666666,19.9696875,31.9865625,0.3104533333333333,14.6,London Marylebone Road,6,4,2024
2024-12-23,37.219805,21.417180416666667,33.428906250000004,66.268125,0.4360899166666667,22.8,London Marylebone Road,0,4,2024
2024-12-24,13.653914166666667,31.348806666666665,38.154375,86.22984375,0.4457915833333333,15.2,London Marylebone Road,1,4,2024
2024-12-25,31.13292,17.96112,29.82703125,57.375,0.41183575,11.2,London Marylebone Road,2,4,2024
2024-12-26,20.281301250000002,23.095838333333333,29.77921875,65.19234375,0.4394855,13.6,London Marylebone Road,3,4,2024
2024-12-27,7.8996458333333335,40.298184166666665,41.7084375,103.49015625,0.5127330833333333,18.1,London Marylebone Road,4,4,2024
2024-12-28,8.514986666666667,28.95814833333333,30.25734375,74.6353125,0.4710159166666667,11.3,London Marylebone Road,5,4,2024
2024-12-29,20.139939166666668,30.163871666666665,34.64015625,80.84296875,0.49332975,9.7,London Marylebone Road,6,4,2024
2024-12-30,38.55858708333333,19.96719416666667,31.325156250000003,61.95703125,0.44288108333333337,7.2,London Marylebone Road,0,4,2024
2024-12-31,46.17550875,12.602927083333334,20.878125,40.194375,0.43123908333333333,10.6,London Marylebone Road,1,4,2024
2025-01-01,50.35237869565218,14.202211363636364,23.593295454545455,45.352329545454545,0.26725982608695653,9.3,London Marylebone Road,2,1,2025
2025-01-02,29.544675416666664,13.081058749999999,28.4484375,48.4978125,0.162988,19.1,London Marylebone Road,3,1,2025
2025-01-03,9.080435,42.63167458333333,55.223437499999996,120.583125,0.26388533333333336,21.3,London Marylebone Road,4,1,2025
2025-01-04,17.503952083333335,28.27733041666667,44.7046875,88.07859375,0.27116158333333334,29.8,London Marylebone Road,5,1,2025
2025-01-05,35.3737825,15.045556249999999,28.137656250000003,51.21515625,0.2595195833333333,35.2,London Marylebone Road,6,1,2025
2025-01-06,34.73349541666666,20.04515041666667,28.77515625,59.50265625,0.2570941666666667,16.6,London Marylebone Road,0,1,2025
2025-01-07,19.491336666666665,33.7706475,44.019375,95.81625000000001,0.227019,21.3,London Marylebone Road,1,1,2025
2025-01-08,9.5294675,38.77024166666667,49.39828125,108.885,0.27261683333333336,10.0,London Marylebone Road,2,1,2025
2025-01-09,13.703806666666667,33.18337708333333,46.67296875,97.55343749999999,0.26000466666666666,16.3,London Marylebone Road,3,1,2025
2025-01-10,2.9686037499999998,55.458076250000005,61.94109375,146.98359374999998,0.4094103333333334,25.0,London Marylebone Road,4,1,2025
2025-01-11,1.4053054166666668,106.36350750000001,68.7065625,231.7790625,0.675236,14.3,London Marylebone Road,5,1,2025
2025-01-12,2.3449475,103.11013333333334,67.72640625,225.86625,0.8765455833333333,10.5,London Marylebone Road,6,1,2025
2025-01-13,21.17936625,30.813507083333334,45.262499999999996,92.50921875,0.22653391666666667,28.4,London Marylebone Road,0,1,2025
2025-01-14,13.911692083333334,46.25923875,48.418125,119.32406250000001,0.25563891666666666,26.9,London Marylebone Road,1,1,2025
2025-01-15,5.544575217391304,43.86157565217391,42.715271739130436,109.9604347826087,0.279408,24.5,London Marylebone Road,2,1,2025
2025-01-16,19.441444166666667,30.756339166666667,38.1065625,85.27359375,0.30996825,23.7,London Marylebone Road,3,1,2025
2025-01-17,23.017073333333332,32.5857125,36.17015625,86.17406249999999,0.3589616666666667,46.5,London Marylebone Road,4,1,2025
2025-01-18,15.04258875,21.318435833333336,36.58453125,69.2803125,0.40019374999999996,44.9,London Marylebone Road,5,1,2025
2025-01-19,20.38108625,20.268625,28.72734375,59.79750000000001,0.41765674999999997,38.8,London Marylebone Road,6,1,2025
2025-01-20,7.475559583333333,51.918862499999996,45.11109375,124.71890624999999,0.5505695833333334,30.2,London Marylebone Road,0,1,2025
2025-01-21,8.8309725,44.648142916666664,46.19484375,114.63046874999999,0.52389,40.4,London Marylebone Road,1,1,2025
2025-01-22,9.446313333333334,23.66232041666667,38.95921875,75.23296875,0.4564634166666666,36.4,London Marylebone Road,2,1,2025
2025-01-23,19.73248375,36.02098458333334,46.18687499999999,101.3784375,0.46810541666666666,21.0,London Marylebone Road,3,1,2025
2025-01-24,37.75199166666667,22.695662916666667,33.428906250000004,68.244375,0.42541808333333336,37.8,London Marylebone Road,4,1,2025
2025-01-25,29.794137916666667,26.499927916666667,39.71625,80.3728125,0.4792623333333333,23.4,London Marylebone Road,5,1,2025
2025-01-26,42.20073958333334,14.316834782608694,28.579402173913042,50.56483695652174,0.4535318260869565,16.0,London Marylebone Road,6,1,2025
2025-01-27,53.12032782608696,18.843824615384616,25.068461538461538,53.96192307692308,,14.8,London Marylebone Road,0,1,2025
2025-01-28,36.45781045454545,23.524078,26.526375,62.6056875,,13.2,London Marylebone Road,1,1,2025
2025-01-29,18.73354913043478,24.642309565217396,38.42461956521739,76.23391304347827,,22.4,London Marylebone Road,2,1,2025
2025-01-30,27.848330416666666,35.43891125,39.4771875,93.76828124999999,,18.1,London Marylebone Road,3,1,2025
2025-01-31,21.81133791666667,38.853395,46.60125,106.19156249999999,,14.1,London Marylebone Road,4,1,2025
2025-02-01,31.265966666666667,25.611226666666667,35.99484375,75.26484375,,13.9,London Marylebone Road,5,1,2025
2025-02-02,17.029973333333334,35.17386,47.708906250000005,101.6334375,,31.2,London Marylebone Road,6,1,2025
2025-02-03,11.250758750000001,55.08388625,50.93625,135.373125,,35.3,London Marylebone Road,0,1,2025
2025-02-04,23.422260909090905,42.21071083333333,43.828125,108.56625000000001,,26.9,London Marylebone Road,1,1,2025
2025-02-05,19.033988750000002,44.34671208333333,48.39421875,116.36765625,,24.0,London Marylebone Road,2,1,2025
2025-02-06,36.887188333333334,9.718545833333334,22.5515625,37.445156250000004,,15.8,London Marylebone Road,3,1,2025
2025-02-07,37.70209916666666,10.664415,18.73453125,35.11828125,0.1558236923076923,13.0,London Marylebone Road,4,1,2025
2025-02-08,14.277570416666668,24.280773333333332,29.04609375,66.3,0.23769083333333332,11.3,London Marylebone Road,5,1,2025
2025-02-09,20.422663333333333,9.458691666666667,22.926093750000003,37.39734375,0.2279891666666667,16.0,London Marylebone Road,6,1,2025
2025-02-10,34.75012625,5.06715625,14.120624999999999,21.898124999999997,0.180451,25.5,London Marylebone Road,0,1,2025
2025-02-11,16.348109166666667,15.315804583333334,19.06125,42.5371875,0.29590083333333334,12.5,London Marylebone Road,1,1,2025
2025-02-12,9.695775833333334,13.382489583333333,19.85015625,40.37765625,0.29256852173913045,14.9,London Marylebone Road,2,1,2025
2025-02-13,40.853642083333334,9.344355833333333,20.9259375,35.27765625,0.244482,32.8,London Marylebone Road,3,1,2025
2025-02-14,32.97062708333333,31.457945416666664,44.81625,93.0590625,0.42299266666666663,34.2,London Marylebone Road,4,1,2025
2025-02-15,28.56345625,21.323632916666664,33.7715625,66.4753125,0.32937158333333333,34.2,London Marylebone Road,5,1,2025
2025-02-16,31.989407916666664,16.57349875,30.408749999999998,55.8609375,0.22459358333333335,30.7,London Marylebone Road,6,1,2025
2025-02-17,24.307626000000003,34.867232083333334,44.23453125,97.72078125,0.26388533333333336,34.3,London Marylebone Road,0,1,2025
2025-02-18,15.21166888888889,22.770154444444447,40.375,75.31,0.27164666666666665,49.1,London Marylebone Road,1,1,2025
2025-02-19,9.90592909090909,35.29859,39.3975,93.55602272727273,0.40641163636363636,45.8,London Marylebone Road,2,1,2025
2025-02-20,32.629695,22.321472916666664,29.81109375,64.02890625,0.2134366666666667,12.2,London Marylebone Road,3,1,2025
2025-02-21,31.95614625,19.187631666666665,26.480156249999997,55.91671875,0.203735,15.4,London Marylebone Road,4,1,2025
2025-02-22,27.85664583333333,22.628100833333335,37.1821875,71.9259375,0.2527284166666667,19.2,London Marylebone Road,5,1,2025
2025-02-23,48.72002625,9.988794166666667,19.65890625,34.95890625,0.15619683333333334,14.9,London Marylebone Road,6,1,2025
2025-02-24,42.73292625,24.706934166666667,35.88328125,73.76671875000001,0.21295158333333333,14.9,London Marylebone Road,0,1,2025
2025-02-25,36.4714175,18.673120416666666,37.9790625,66.586875,0.215377,19.4,London Marylebone Road,1,1,2025
2025-02-26,25.65776043478261,33.18902608695652,46.29913043478261,97.19657608695653,0.31332165217391306,20.6,London Marylebone Road,2,1,2025
2025-02-27,40.71228,10.747568333333334,25.786875,42.29015625,0.20324991666666667,12.9,London Marylebone Road,3,1,2025
2025-02-28,24.54711,22.035633333333333,43.89984375,77.6475,0.30123675,25.9,London Marylebone Road,4,1,2025
2025-03-01,33.03715041666667,11.527130833333333,41.405625,59.09625,0.2614599166666667,25.4,London Marylebone Road,5,1,2025
2025-03-02,21.062950416666666,29.27517041666667,52.66546875,97.52953125,0.4297838333333333,30.0,London Marylebone Road,6,1,2025
2025-03-03,16.356424583333332,47.449370833333326,59.70984375,132.46453125,0.4870236666666667,49.0,London Marylebone Road,0,1,2025
2025-03-04,16.36474,52.105957499999995,62.88140625,142.79203125,0.49429991666666667,42.4,London Marylebone Road,1,1,2025
2025-03-05,21.520298333333333,38.54157,59.128125000000004,118.25625000000001,0.45549325,16.1,London Marylebone Road,2,1,2025
2025-03-06,23.965030833333334,43.068229583333334,62.913281250000004,128.96625,0.4792623333333333,18.0,London Marylebone Road,3,1,2025
2025-03-07,33.26166666666666,23.594758333333335,42.4096875,78.60375,0.3497450833333333,11.8,London Marylebone Road,4,1,2025
2025-03-08,32.446755833333334,14.17244625,48.52171875,70.26046875,0.3545959166666666,12.9,London Marylebone Road,5,1,2025
2025-03-09,40.030415833333336,11.371218333333333,46.52953125,63.9571875,0.39776833333333333,13.4,London Marylebone Road,6,1,2025
2025-03-10,42.841026666666664,7.036850833333333,27.707343750000003,38.505,0.35653625,11.6,London Marylebone Road,0,1,2025
2025-03-11,64.95171958333333,4.822893333333334,16.670625,24.10546875,0.22313833333333333,17.6,London Marylebone Road,1,1,2025
2025-03-12,40.93679625,10.97624,26.891413043478263,43.75467391304348,0.2551116521739131,15.7,London Marylebone Road,2,1,2025
2025-03-13,49.96733875,8.440063333333333,22.27265625,35.221875000000004,0.24739250000000002,10.2,London Marylebone Road,3,1,2025
2025-03-14,44.47916375,9.4482975,28.591874999999998,43.0790625,0.26631075,16.0,London Marylebone Road,4,1,2025
2025-03-15,63.89710782608695,2.9675345833333338,12.55078125,17.053124999999998,0.23235491666666666,11.4,London Marylebone Road,5,1,2025
2025-03-16,63.687776250000006,2.125607083333333,11.020781249999999,14.28796875,0.25466875,8.0,London Marylebone Road,6,1,2025
2025-03-17,55.854653750000004,9.848472916666667,24.1453125,39.254062499999996,0.27795275,23.6,London Marylebone Road,0,1,2025
2025-03-18,33.99342333333333,21.443165833333335,43.62890625,76.53984375,0.36817825,38.2,London Marylebone Road,1,1,2025
2025-03-19,17.969615416666667,32.78320166666666,58.9209375,109.14796875,0.4375451666666667,48.3,London Marylebone Road,2,1,2025
2025-03-20,18.975780833333335,34.363115,68.499375,121.1728125,0.45064241666666666,42.1,London Marylebone Road,3,1,2025
2025-03-21,19.025673333333334,36.972050833333334,57.39890625,114.0965625,0.40795508333333336,59.2,London Marylebone Road,4,1,2025
2025-03-22,33.29492833333333,16.51633083333333,36.28171875,61.60640625,0.3579915,27.9,London Marylebone Road,5,1,2025
2025-03-23,30.65568739130435,5.97144875,22.5675,31.73953125,0.33810308333333333,45.7,London Marylebone Road,6,1,2025
2025-03-24,49.600820769230765,12.467802916666669,29.675625,48.768750000000004,0.3516854166666667,55.3,London Marylebone Road,0,1,2025
2025-03-25,23.77377625,24.956394166666666,36.52875,74.810625,0.38612633333333335,41.6,London Marylebone Road,1,1,2025
2025-03-26,23.93176916666667,27.638089166666663,43.21453125,85.60031249999999,0.372544,27.4,London Marylebone Road,2,1,2025
2025-03-27,23.47116739130435,36.399467826086955,44.785760869565216,100.57255434782608,0.3355933043478261,25.3,London Marylebone Road,3,1,2025
2025-03-28,53.02741208333333,12.343072916666666,23.90625,42.808125,0.16783883333333335,12.8,London Marylebone Road,4,1,2025
2025-03-29,47.2481975,13.746285416666666,29.38875,50.45015625,0.20858583333333333,18.8,London Marylebone Road,5,1,2025
2025-03-30,60.627702916666664,4.47468875,13.674375,20.5434375,0.16250291666666666,16.9,London Marylebone Road,6,1,2025
2025-03-31,42.317155416666665,15.970637083333335,36.39328125,60.849375,0.23672066666666666,20.5,London Marylebone Road,0,1,2025
2025-04-01,43.955292500000006,17.628506666666667,32.45671875,59.50265625,0.2522433333333333,22.6,London Marylebone Road,1,2,2025
2025-04-02,48.40404041666667,9.827684583333333,26.07375,41.150625,0.2362355833333333,19.1,London Marylebone Road,2,2,2025
2025-04-03,37.95987708333333,17.815601666666666,43.389843750000004,70.69078125,0.31336383333333334,53.9,London Marylebone Road,3,2,2025
2025-04-04,51.01508125,10.950254583333333,37.87546875,54.6496875,0.28862458333333335,39.0,London Marylebone Road,4,2,2025
2025-04-05,68.65208,2.780439583333333,11.475,15.746249999999998,0.2134366666666667,11.9,London Marylebone Road,5,2,2025
2025-04-06,59.513437083333336,5.36339,16.32,24.56765625,0.227019,19.9,London Marylebone Road,6,2,2025
2025-04-07,46.10898541666666,14.60900125,33.564375,55.96453125,0.2768771304347826,22.9,London Marylebone Road,0,2,2025
2025-04-08,43.98855416666667,15.419746250000001,38.608593750000004,62.2678125,0.32258041666666665,12.0,London Marylebone Road,1,2,2025
2025-04-09,50.3415325,5.093141666666667,19.9059375,27.699375,0.2572327619047619,13.6,London Marylebone Road,2,2,2025
2025-04-10,51.9380925,12.8160075,32.85515625,52.4821875,0.33082683333333335,,London Marylebone Road,3,2,2025
2025-04-11,30.850195833333334,33.0222675,55.7175,106.37484375000001,0.4200821666666667,17.4,London Marylebone Road,4,2,2025
2025-04-12,37.18654333333333,16.09017,51.51,76.213125,0.38176058333333335,14.2,London Marylebone Road,5,2,2025
2025-04-13,45.019665833333335,14.629789583333332,33.875156249999996,56.275312500000005,0.33907325,23.5,London Marylebone Road,6,2,2025
2025-04-14,38.0480205,24.25478791666667,39.7003125,76.89046875,0.33082683333333335,19.8,London Marylebone Road,0,2,2025
2025-04-15,32.50496375,17.784419166666666,33.7875,61.04859375,0.35944675000000004,20.6,London Marylebone Road,1,2,2025
2025-04-16,52.11928105263158,22.363049583333332,33.0225,67.288125,0.320155,19.3,London Marylebone Road,2,2,2025
2025-04-17,36.18869333333333,23.30891875,44.69671875,80.4365625,0.3773948333333333,21.4,London Marylebone Road,3,2,2025
2025-04-18,44.32948625,14.01653375,33.38109375,54.920625,0.3589616666666667,20.8,London Marylebone Road,4,2,2025
2025-04-19,48.916824444444444,10.576064583333332,25.659375,41.89171875,0.2997815,18.0,London Marylebone Road,5,2,2025
2025-04-20,54.02044789473684,7.431829166666667,20.31234375,31.68375,0.3031770833333333,17.7,London Marylebone Road,6,2,2025
2025-04-21,33.07041208333333,12.405437916666665,30.1378125,49.19109375,0.34489425,26.3,London Marylebone Road,0,2,2025
2025-04-22,31.872992083333333,33.614735,42.94359375,94.48546875,0.39970866666666666,21.1,London Marylebone Road,1,2,2025
2025-04-23,42.7578725,17.07241875,35.99484375,62.18812500000001,0.3458644166666667,12.4,London Marylebone Road,2,2,2025
2025-04-24,55.846338333333335,7.270719583333334,19.11703125,30.28125,0.302692,16.7,London Marylebone Road,3,2,2025
2025-04-25,38.28273217391304,19.63141739130435,40.686358695652174,70.77913043478262,0.3497661739130435,21.7,London Marylebone Road,4,2,2025
2025-04-26,39.53980625,13.616358333333332,35.468906249999996,56.34703124999999,0.38030533333333333,29.1,London Marylebone Road,5,2,2025
2025-04-27,41.103104583333334,13.512416666666667,38.72015625,59.45484375,0.4011639166666667,27.8,London Marylebone Road,6,2,2025
2025-04-28,44.36274791666667,31.01099625,51.796875,99.37828125,0.43220925000000004,25.9,London Marylebone Road,0,2,2025
2025-04-29,46.68987666666667,20.913063333333334,53.82093750000001,85.87921875,0.390007,30.4,London Marylebone Road,1,2,2025
2025-04-30,47.67228375,18.439251666666667,54.78515625,83.0503125,0.3822456666666667,34.3,London Marylebone Road,2,2,2025
2025-05-01,46.6494875,21.968071249999998,61.901250000000005,95.593125,0.4457915833333333,6.0,London Marylebone Road,3,2,2025
2025-05-02,64.59415666666666,10.789145,35.158125,51.733125,0.35362575,27.9,London Marylebone Road,4,2,2025
2025-05-03,61.06842,4.1888491666666665,14.25609375,20.654999999999998,0.3094831666666667,67.5,London Marylebone Road,5,2,2025
2025-05-04,58.67358000000001,2.5621620833333334,6.151875,10.06453125,0.285229,15.1,London Marylebone Road,6,2,2025
2025-05-05,50.80719583333333,2.8064250000000004,6.31125,10.62234375,0.2697063333333333,11.3,London Marylebone Road,0,2,2025
2025-05-06,56.844188333333335,4.339564583333334,12.23203125,18.89390625,0.27213175,15.1,London Marylebone Road,1,2,2025
2025-05-07,50.673426086956525,5.092237826086957,15.100434782608696,22.908423913043475,0.292062347826087,15.6,London Marylebone Road,2,2,2025
2025-05-08,62.315732499999996,4.4487033333333335,10.92515625,17.76234375,0.302692,15.5,London Marylebone Road,3,2,2025
2025-05-09,55.470481500000005,12.790022083333334,28.2571875,47.88421875,0.3754545,17.1,London Marylebone Road,4,2,2025
2025-05-10,67.27726444444444,7.504588333333333,26.424374999999998,37.891406249999996,0.35265558333333336,14.5,London Marylebone Road,5,2,2025
2025-05-11,73.97394666666666,5.9610545833333335,29.84296875,38.975156250000005,0.38952191666666663,20.7,London Marylebone Road,6,2,2025
2025-05-12,39.052220454545456,17.574457000000002,42.199312500000005,69.1273125,0.34774147826086954,18.7,London Marylebone Road,0,2,2025
2025-05-13,61.06842,11.065332857142858,33.13178571428572,50.09839285714286,0.2306224761904762,21.7,London Marylebone Road,1,2,2025
2025-05-14,70.25695541666667,7.421435,18.65484375,30.034218749999997,0.16104766666666667,18.2,London Marylebone Road,2,2,2025
2025-05-15,64.4112175,3.934192083333333,10.59046875,16.614843750000002,0.13824875,23.8,London Marylebone Road,3,2,2025
2025-05-16,65.05982,4.978805833333333,11.46703125,19.08515625,0.13824875,20.8,London Marylebone Road,4,2,2025
2025-05-17,71.96993125,1.534179,3.3277499999999995,5.680124999999999,0.14746533333333334,14.1,London Marylebone Road,5,2,2025
2025-05-18,70.09064708333334,,,,0.15086091666666668,19.6,London Marylebone Road,6,2,2025
2025-05-19,57.101966250000004,14.240912173913044,26.833206521739132,48.66065217391304,0.20227974999999998,22.0,London Marylebone Road,0,2,2025
2025-05-20,55.44719833333334,11.215305833333334,25.245,42.41765625,0.20713058333333334,15.0,London Marylebone Road,1,2,2025
2025-05-21,48.981419565217394,9.495749130434783,27.465163043478263,42.02510869565217,0.20095104347826087,20.4,London Marylebone Road,2,2,2025
2025-05-22,42.94912708333334,8.907800833333333,20.1928125,33.8353125,0.18966758333333333,23.4,London Marylebone Road,3,2,2025
2025-05-23,32.920734583333335,29.9352,44.03739130434783,89.92907608695653,0.28474391666666665,26.6,London Marylebone Road,4,2,2025
2025-05-24,21.295782083333332,11.86716857142857,18.7425,36.93857142857143,0.285229,16.8,London Marylebone Road,5,2,2025
2025-05-25,38.79973416666667,15.862402173913042,24.854184782608694,49.18451086956522,0.24884775,14.7,London Marylebone Road,6,2,2025
2025-05-26,47.83027666666666,17.60252125,23.6671875,50.67328125,0.24108641666666666,18.8,London Marylebone Road,0,2,2025
2025-05-27,31.73163,34.61777208333333,29.603906249999998,82.64390625,0.26679583333333334,15.1,London Marylebone Road,1,2,2025
2025-05-28,36.81234958333334,17.425820416666667,28.9425,55.6378125,0.2357505,14.9,London Marylebone Road,2,2,2025
2025-05-29,21.336636086956524,37.112372083333334,27.51609375,84.436875,0.27213175,17.5,London Marylebone Road,3,2,2025
2025-05-30,15.533198333333333,38.4480225,28.56,87.52078125000001,0.27358699999999997,15.6,London Marylebone Road,4,2,2025
2025-05-31,24.854780416666667,22.570932916666667,25.6434375,60.267656249999995,0.25369858333333334,14.5,London Marylebone Road,5,2,2025
2025-06-01,45.11945083333333,13.491628333333333,24.31265625,45.03140625,0.25515383333333336,12.2,London Marylebone Road,6,2,2025
2025-06-02,47.3479825,17.690871666666666,24.56765625,51.701249999999995,0.24399691666666667,22.7,London Marylebone Road,0,2,2025
2025-06-03,39.52317541666667,27.560132916666664,31.30921875,73.5515625,0.27788947826086957,48.7,London Marylebone Road,1,2,2025
2025-06-04,25.998528181818184,35.74327956521739,38.29989130434783,93.09717391304348,0.3274945217391304,16.2,London Marylebone Road,2,2,2025
2025-06-05,21.9028075,38.15698583333333,38.54484375,97.01156250000001,0.33664783333333337,12.4,London Marylebone Road,3,2,2025
2025-06-06,29.636145,30.985010833333334,32.5921875,80.10984375,0.3094831666666667,18.4,London Marylebone Road,4,2,2025
2025-06-07,26.759010833333335,22.253910833333332,27.03796875,61.16015625,0.28474391666666665,8.8,London Marylebone Road,5,2,2025
2025-06-08,37.46095208333333,10.789145,19.2525,35.80359375,0.24254166666666666,19.7,London Marylebone Road,6,2,2025
2025-06-09,39.6645375,31.270850416666665,35.500781249999996,83.44875,0.39146225,17.7,London Marylebone Road,0,2,2025
2025-06-10,37.55242166666667,20.008770833333333,23.45203125,54.12375,0.28377375,22.8,London Marylebone Road,1,2,2025
2025-06-11,37.386113333333334,23.63362347826087,38.26663043478261,74.47940217391304,0.32646108333333335,19.5,London Marylebone Road,2,2,2025
2025-06-12,46.33350166666667,24.156043333333333,48.553593750000005,85.5684375,0.4360899166666667,19.5,London Marylebone Road,3,2,2025
2025-06-13,38.126185416666665,25.01356208333333,41.031093750000004,79.39265625,0.32209533333333334,22.8,London Marylebone Road,4,2,2025
2025-06-14,50.01723125,14.03483652173913,24.87913043478261,46.407228260869566,0.30463233333333334,19.3,London Marylebone Road,5,2,2025
2025-06-15,37.479246,,,,0.3031981739130435,16.0,London Marylebone Road,6,2,2025
2025-06-16,45.47345,20.126886363636363,46.14340909090909,77.03897727272727,0.29153508333333333,15.8,London Marylebone Road,0,2,2025
2025-06-17,36.33005541666667,26.853329583333334,45.127031249999995,86.3334375,0.31530416666666666,17.1,London Marylebone Road,1,2,2025
2025-06-18,47.08984304347826,14.474103043478262,35.805326086956526,58.040217391304346,0.292062347826087,17.1,London Marylebone Road,2,2,2025
2025-06-19,62.2159475,21.874523749999998,60.522656250000004,94.08703125,0.3366478333333333,27.4,London Marylebone Road,3,2,2025
2025-06-20,53.16877416666667,25.1642775,69.65484375,108.25546874999999,0.33858816666666663,32.3,London Marylebone Road,4,2,2025
2025-06-21,56.69451083333333,12.11440125,52.888593750000005,71.431875,0.3036621666666667,24.7,London Marylebone Road,5,2,2025
2025-06-22,51.62210666666667,9.336931428571429,27.458035714285717,41.801785714285714,0.25515383333333336,18.3,London Marylebone Road,6,2,2025
2025-06-23,42.22568583333334,21.441087,36.2323125,69.1081875,0.26000466666666666,17.9,London Marylebone Road,0,2,2025
2025-06-24,25.702952916666664,35.15826875,34.48875,88.4053125,0.3007516666666667,18.7,London Marylebone Road,1,2,2025
2025-06-25,20.622233333333334,39.72130791666667,36.15421875,97.06734375,0.30608758333333336,14.1,London Marylebone Road,2,2,2025
2025-06-26,24.597002500000002,31.333215416666665,34.058437500000004,82.09406249999999,0.29153508333333333,17.5,London Marylebone Road,3,2,2025
2025-06-27,30.767041666666668,33.96293958333333,36.5128125,88.580625,0.29347541666666666,16.2,London Marylebone Road,4,2,2025
2025-06-28,19.591121666666666,22.430611666666668,23.635312499999998,58.03640625,0.261945,10.0,London Marylebone Road,5,2,2025
2025-06-29,27.21827769230769,8.242574166666667,17.849999999999998,30.4725,0.23138475,10.9,London Marylebone Road,6,2,2025
2025-06-30,36.00575416666667,21.25087375,39.405468750000004,71.98171875,0.3007516666666667,23.4,London Marylebone Road,0,2,2025
2025-07-01,58.673579999999994,10.783947916666667,39.67640625,56.20359375,0.2585494166666667,15.6,London Marylebone Road,1,3,2025
2025-07-02,40.11357,5.571273333333334,14.566875000000001,23.0775,0.20550660869565215,19.2,London Marylebone Road,2,3,2025
2025-07-03,45.238890454545455,16.96328,31.141875,57.14390625000001,0.24981791666666667,32.0,London Marylebone Road,3,3,2025
2025-07-04,32.58811791666667,30.896660416666666,43.29421875,90.64453125,0.3104533333333333,25.7,London Marylebone Road,4,3,2025
2025-07-05,27.407613333333334,26.271256250000004,27.53203125,67.81406249999999,0.29347541666666666,12.6,London Marylebone Road,5,3,2025
2025-07-06,28.904388333333333,10.971042916666667,18.591093750000002,35.40515625,0.2357505,10.9,London Marylebone Road,6,3,2025
2025-07-07,46.08403916666666,4.828090416666667,13.4353125,20.85421875,0.2047051666666667,11.4,London Marylebone Road,0,3,2025
2025-07-08,55.20279739130435,5.825930416666666,19.65890625,28.567968750000002,0.22507866666666665,19.2,London Marylebone Road,1,3,2025
2025-07-09,39.132350833333334,12.026050833333334,32.2096875,50.63343749999999,0.22750408333333336,13.7,London Marylebone Road,2,3,2025
2025-07-10,43.606045,11.594692916666666,34.775625,52.53,0.21780241666666667,20.0,London Marylebone Road,3,3,2025
2025-07-11,49.959023333333334,19.868449583333334,51.26296875,81.69562499999999,0.29153508333333333,15.3,London Marylebone Road,4,3,2025
2025-07-12,38.41288652173913,10.352590000000001,30.894843749999996,46.760625000000005,0.24157150000000002,13.2,London Marylebone Road,5,3,2025
2025-07-13,55.041405999999995,6.9692887500000005,23.43609375,34.05046875,0.21634716666666667,15.1,London Marylebone Road,6,3,2025
2025-07-14,38.337396999999996,23.813035833333334,32.74359375,69.20859374999999,0.2566090833333333,22.4,London Marylebone Road,0,3,2025
2025-07-15,31.878681578947365,19.923976315789474,24.27868421052632,54.778026315789475,0.21796411111111114,26.2,London Marylebone Road,1,3,2025
2025-07-16,41.46717521739131,8.443678695652174,20.655,33.59347826086957,0.1417286956521739,17.1,London Marylebone Road,2,3,2025
2025-07-17,21.628398750000002,30.044338749999998,38.72015625,84.76359375,0.24302674999999999,18.8,London Marylebone Road,3,3,2025
2025-07-18,26.842164999999998,30.449711249999996,34.73578125,81.4246875,0.23332508333333332,16.7,London Marylebone Road,4,3,2025
2025-07-19,23.83198416666667,20.09192416666667,37.23796875,67.989375,0.22362341666666666,9.8,London Marylebone Road,5,3,2025
2025-07-20,32.2804475,18.40287208333333,25.79484375,54.00421875,0.28086325,11.8,London Marylebone Road,6,3,2025
2025-07-21,,5.176295,15.4434375,23.40421875,0.21683225,12.4,London Marylebone Road,0,3,2025
2025-07-22,35.77745818181818,9.23002,22.264687499999997,36.385312500000005,0.14922927272727274,12.4,London Marylebone Road,1,3,2025
2025-07-23,38.69163375,5.44134625,9.96890625,18.3121875,0.07906858333333333,17.7,London Marylebone Road,2,3,2025
2025-07-24,34.94969625,6.231302916666667,8.90109375,18.41578125,0.05723983333333333,12.2,London Marylebone Road,3,3,2025
2025-07-25,38.71658,23.89618916666667,32.91890625,69.52734375,0.19112283333333333,18.5,London Marylebone Road,4,3,2025
2025-07-26,28.03126958333333,18.537996250000003,24.0496875,52.45828125,0.16735375,12.9,London Marylebone Road,5,3,2025
2025-07-27,41.593714166666665,5.37898125,9.7378125,17.977500000000003,0.09465452173913044,11.0,London Marylebone Road,6,3,2025
2025-07-28,39.057512083333336,9.845874375,21.99375,37.078593749999996,0.15033365217391303,13.8,London Marylebone Road,0,3,2025
2025-07-29,30.791987916666667,22.305881666666668,27.340781250000003,61.52671874999999,0.19548858333333333,14.3,London Marylebone Road,1,3,2025
2025-07-30,32.10006692307692,8.112873043478261,19.18320652173913,31.614456521739132,0.16551886956521739,13.0,London Marylebone Road,2,3,2025
2025-07-31,,37.19032833333333,25.723125,82.70765625,0.22653391666666667,14.9,London Marylebone Road,3,3,2025
2025-08-01,,6.7250258333333335,9.98484375,20.272499999999997,0.1251515,,London Marylebone Road,4,3,2025
2025-08-02,,9.921232083333333,18.11296875,33.2934375,0.15862225,30.8,London Marylebone Road,5,3,2025
2025-08-03,,19.696945833333334,24.54375,54.745312500000004,0.19548858333333333,37.2,London Marylebone Road,6,3,2025
2025-08-04,,23.62594083333333,17.53921875,53.749218750000004,0.1494056666666667,32.9,London Marylebone Road,0,3,2025
2025-08-05,32.696218333333334,11.83375875,17.3559375,35.500781249999996,0.1426145,12.9,London Marylebone Road,1,3,2025
2025-08-06,32.679587500000004,27.2846875,28.82296875,70.635,0.24545216666666667,13.4,London Marylebone Road,2,3,2025
2025-08-07,42.816080416666665,23.56877291666667,25.276875,61.3753125,0.2066455,19.6,London Marylebone Road,3,3,2025
2025-08-08,32.629695,23.236159583333333,29.61984375,65.2321875,0.23284000000000002,18.4,London Marylebone Road,4,3,2025
2025-08-09,35.04948125,16.4955425,24.34453125,49.5815625,0.17317475000000002,16.2,London Marylebone Road,5,3,2025
2025-08-10,42.807764999999996,15.63802375,26.169375,50.1234375,0.261945,16.8,London Marylebone Road,6,3,2025
2025-08-11,55.37235958333333,12.34827,37.0228125,55.940625000000004,0.2609748333333333,24.2,London Marylebone Road,0,3,2025
2025-08-12,68.63544916666667,9.188443333333334,35.413125,49.501875000000005,0.2522433333333333,18.8,London Marylebone Road,1,3,2025
2025-08-13,35.49851375,24.09887541666667,38.82375,75.7509375,0.2997815,31.7,London Marylebone Road,2,3,2025
2025-08-14,30.93335,27.030030416666666,25.428281249999998,66.84984375,0.20567533333333332,17.3,London Marylebone Road,3,3,2025
2025-08-15,39.97220791666667,8.071070416666666,14.7740625,27.11765625,0.14115925,14.6,London Marylebone Road,4,3,2025
2025-08-16,51.73020708333333,3.7367029166666668,11.0446875,16.7821875,0.133883,,London Marylebone Road,5,3,2025
2025-08-17,45.85952291666666,7.941143333333334,15.045,27.16546875,0.1426145,14.5,London Marylebone Road,6,3,2025
2025-08-18,47.86353833333333,6.553522083333333,14.805937499999999,24.83859375,0.13048741666666666,11.7,London Marylebone Road,0,3,2025
2025-08-19,59.486115,5.36339,15.778125000000001,23.99390625,0.14018908333333333,19.4,London Marylebone Road,1,3,2025
2025-08-20,50.93373478260869,3.7256308695652174,8.47320652173913,14.160815217391304,0.12249408695652174,15.9,London Marylebone Road,2,3,2025
2025-08-21,49.01106583333333,3.4092866666666666,9.1321875,14.3596875,0.11884541666666666,14.6,London Marylebone Road,3,3,2025
2025-08-22,42.69134916666667,12.779627916666668,25.30078125,44.85609374999999,0.19209299999999999,15.3,London Marylebone Road,4,3,2025
2025-08-23,43.33995166666667,10.731977083333334,21.635156249999998,38.058749999999996,0.19354825,,London Marylebone Road,5,3,2025
2025-08-24,40.67901833333333,14.82727875,26.8546875,49.565625000000004,0.23526541666666667,13.9,London Marylebone Road,6,3,2025
2025-08-25,52.653218333333335,11.807773333333332,28.05,46.1390625,0.244482,16.2,London Marylebone Road,0,3,2025
2025-08-26,31.307543749999997,28.23055666666667,33.428906250000004,76.66734375,0.2551116521739131,22.4,London Marylebone Road,1,3,2025
2025-08-27,34.47354826086956,21.94163391304348,22.11016304347826,55.77847826086956,0.21512391304347825,22.4,London Marylebone Road,2,3,2025
2025-08-28,29.26195125,27.118380833333333,22.51171875,64.100625,0.22265325,17.7,London Marylebone Road,3,3,2025
2025-08-29,24.106392916666664,26.567490000000003,25.372500000000002,66.05296875,0.24060133333333333,13.9,London Marylebone Road,4,3,2025
2025-08-30,23.474421250000002,23.21537125,16.989375,52.5778125,0.23672066666666666,12.7,London Marylebone Road,5,3,2025
2025-08-31,34.58381791666667,17.16596625,17.17265625,43.46156250000001,0.21489191666666665,19.9,London Marylebone Road,6,3,2025
2025-09-01,28.654925833333333,21.651049166666667,22.041562499999998,55.223437499999996,0.24642233333333333,27.3,London Marylebone Road,0,3,2025
2025-09-02,20.738649166666665,53.27010416666667,32.7196875,114.37546875,0.314334,24.1,London Marylebone Road,1,3,2025
2025-09-03,23.881876666666667,52.589286249999994,27.5240625,108.11203124999999,0.27746766666666667,49.8,London Marylebone Road,2,3,2025
2025-09-04,20.223093333333335,65.19221333333333,41.37375,141.3178125,0.2992964166666667,16.9,London Marylebone Road,3,3,2025
2025-09-05,17.977930833333335,44.216784999999994,30.926718750000003,98.67703125000001,0.308513,25.8,London Marylebone Road,4,3,2025
2025-09-06,30.900088333333333,21.7342025,26.543906250000003,59.85328125,0.24981791666666667,18.3,London Marylebone Road,5,3,2025
2025-09-07,36.71256458333333,19.291573333333332,20.113125,49.68515625,0.2507880833333333,22.9,London Marylebone Road,6,3,2025
2025-09-08,27.21635875,60.228998749999995,36.95109375,129.24515625,0.28668425000000003,16.1,London Marylebone Road,0,3,2025
2025-09-09,26.81721875,43.48399625,33.707812499999996,100.374375,0.31336383333333334,17.9,London Marylebone Road,1,3,2025
2025-09-10,23.615783333333336,40.65113391304348,29.43586956521739,91.75010869565217,0.2839635652173913,20.6,London Marylebone Road,2,3,2025
2025-09-11,22.07743125,39.3834975,23.81859375,84.17390625,0.2764975,20.8,London Marylebone Road,3,3,2025
2025-09-12,23.873561249999998,51.69019083333333,28.82296875,108.04828125,0.26873616666666666,16.2,London Marylebone Road,4,3,2025
2025-09-13,28.9875425,23.859809583333334,21.8503125,58.410937499999996,0.25563891666666666,12.7,London Marylebone Road,5,3,2025
2025-09-14,26.14367,20.41414333333333,17.34796875,48.6253125,0.2566090833333333,13.1,London Marylebone Road,6,3,2025
2025-09-15,39.44002125,20.393355,17.02125,48.29859375,0.20519025,19.1,London Marylebone Road,0,3,2025
2025-09-16,29.9853925,20.247836666666668,21.12515625,52.16343749999999,0.23041458333333334,16.5,London Marylebone Road,1,3,2025
2025-09-17,30.542525416666667,23.6051525,19.730625,55.90875,0.21683224999999998,13.3,London Marylebone Road,2,3,2025
2025-09-18,24.14797,27.606906666666664,18.52734375,60.80953125,0.209556,12.0,London Marylebone Road,3,3,2025
2025-09-19,28.305678333333333,28.86460083333333,29.34890625,73.60734375,0.3075428333333333,19.0,London Marylebone Road,4,3,2025
2025-09-20,36.45478666666667,19.733325416666666,19.5871875,49.844531249999996,0.2221681666666667,13.7,London Marylebone Road,5,3,2025
2025-09-21,44.86523666666667,3.5236225,8.22375,13.586718750000001,0.13339791666666667,8.7,London Marylebone Road,6,3,2025
2025-09-22,39.65622208333333,4.937229166666667,12.973125000000001,20.51953125,0.151346,13.7,London Marylebone Road,0,3,2025
2025-09-23,40.23830125,3.88222125,13.522968749999999,19.475625,0.14795041666666667,11.4,London Marylebone Road,1,3,2025
2025-09-24,33.88255111111111,4.906046666666667,13.108593749999999,20.615156250000002,0.14780278260869564,11.9,London Marylebone Road,2,3,2025
2025-09-25,35.46644,4.41232375,13.5628125,20.34421875,0.16250291666666666,14.3,London Marylebone Road,3,3,2025
2025-09-26,21.395567083333333,25.023956249999998,23.826562499999998,62.14828125,0.30370434782608696,21.1,London Marylebone Road,4,3,2025
2025-09-27,20.713702916666666,24.90442333333333,25.20515625,63.37546875,0.34828983333333335,16.8,London Marylebone Road,5,3,2025
2025-09-28,15.574775416666666,27.06641,23.7628125,65.24015625,0.38176058333333335,16.3,London Marylebone Road,6,3,2025
2025-09-29,16.597571666666667,32.4298,22.76671875,72.47578125,0.41183575,19.0,London Marylebone Road,0,3,2025
2025-09-30,10.618787083333332,41.65982,35.2059375,99.01968749999999,0.4375451666666667,25.1,London Marylebone Road,1,3,2025
2025-10-01,23.133489166666667,39.33672375,50.394375,110.67,0.27310191666666667,32.5,London Marylebone Road,2,4,2025
2025-10-02,27.914853750000002,33.65631166666667,42.744375,94.35000000000001,0.24351183333333334,43.2,London Marylebone Road,3,4,2025
2025-10-03,27.731914583333335,30.059929999999998,30.9346875,76.9940625,0.16541341666666667,74.9,London Marylebone Road,4,4,2025
2025-10-04,37.677152916666664,19.4266975,25.30078125,55.0640625,0.13921891666666666,,London Marylebone Road,5,4,2025
2025-10-05,36.08890833333333,10.591655833333332,21.2446875,37.461093749999996,0.0902255,19.5,London Marylebone Road,6,4,2025
2025-10-06,16.580940833333333,39.804461249999996,40.44140625,101.42625,0.19063775000000002,15.2,London Marylebone Road,0,4,2025
2025-10-07,18.476855833333335,39.154825833333334,42.35390625,102.33468749999999,0.20130958333333335,10.3,London Marylebone Road,1,4,2025
2025-10-08,17.229543333333332,21.645852083333335,32.70375,65.8378125,0.13679349999999998,23.3,London Marylebone Road,2,4,2025
2025-10-09,22.61793333333333,24.8524525,38.46515625,76.53984375,0.13485316666666666,12.4,London Marylebone Road,3,4,2025
2025-10-10,29.619514166666665,10.971042916666667,23.11734375,39.93140625,0.09992716666666666,15.3,London Marylebone Road,4,4,2025
2025-10-11,26.218508749999998,12.374255416666665,28.209374999999998,47.1271875,0.14989075,12.1,London Marylebone Road,5,4,2025
2025-10-12,27.382667083333335,8.897406666666667,22.599375,36.23390625,0.14989075,27.4,London Marylebone Road,6,4,2025
2025-10-13,27.374351666666666,6.335244583333334,15.698437499999999,25.3725,0.06548625,9.7,London Marylebone Road,0,4,2025
2025-10-14,34.666972083333334,5.97144875,11.62640625,20.7665625,0.054814416666666664,6.0,London Marylebone Road,1,4,2025
2025-10-15,40.17177791666666,4.916440833333334,15.22828125,22.76671875,0.0669415,6.6,London Marylebone Road,2,4,2025
2025-10-16,35.74797625,9.385932500000001,21.595312500000002,36.01078125,0.11156916666666666,11.5,London Marylebone Road,3,4,2025
2025-10-17,36.2718475,10.7579625,24.735,41.214375,0.13485316666666666,15.0,London Marylebone Road,4,4,2025
2025-10-18,32.10582375,21.994056666666665,30.57609375,64.26796875,0.21586208333333334,19.2,London Marylebone Road,5,4,2025
2025-10-19,28.796287916666667,17.9299375,19.57125,47.02359375,0.21974275,14.6,London Marylebone Road,6,4,2025
2025-10-20,22.060800416666666,32.90793166666666,31.73953125,82.18171875,0.238661,16.7,London Marylebone Road,0,4,2025
2025-10-21,19.403646818181816,41.1920825,29.0540625,92.1825,0.3191848333333333,21.1,London Marylebone Road,1,4,2025
2025-10-22,12.373339999999999,40.201021304347826,29.635434782608694,91.25119565217392,0.30876608695652175,17.5,London Marylebone Road,2,4,2025
2025-10-23,26.54281,10.051159166666666,17.053125,32.464687500000004,0.20130958333333335,7.1,London Marylebone Road,3,4,2025
2025-10-24,29.22037416666667,32.310267083333336,30.91875,80.4365625,0.29638591666666664,15.0,London Marylebone Road,4,4,2025
2025-10-25,29.752560833333334,13.366898333333333,22.782656250000002,43.29421875,0.2357505,9.4,London Marylebone Road,5,4,2025
2025-10-26,29.71857608695652,20.783136250000002,25.651406249999997,57.52640625,0.26873616666666666,7.9,London Marylebone Road,6,4,2025
2025-10-27,32.396863333333336,17.519367916666667,26.249062499999997,53.06390625,0.24593725,15.7,London Marylebone Road,0,4,2025
2025-10-28,31.415644166666667,32.78839875,34.871249999999996,85.12218750000001,0.29638591666666664,16.0,London Marylebone Road,1,4,2025
2025-10-29,23.358005416666668,40.797104166666664,38.6484375,101.203125,0.33907325,12.5,London Marylebone Road,2,4,2025
2025-10-30,20.771910833333333,41.6286375,36.88734375,100.693125,0.325976,19.4,London Marylebone Road,3,4,2025
2025-10-31,27.540660000000003,30.590032499999996,32.74359375,79.62375,0.28619916666666667,14.1,London Marylebone Road,4,4,2025
2025-11-01,38.31744,24.59259833333333,29.611874999999998,67.31203125,0.28765441666666663,53.0,London Marylebone Road,5,4,2025
2025-11-02,27.756860833333334,23.459634166666664,34.43296875,70.3959375,0.30123675,32.7,London Marylebone Road,6,4,2025
2025-11-03,40.00546958333333,23.017882083333333,27.48421875,62.7459375,0.22410850000000002,18.7,London Marylebone Road,0,4,2025
2025-11-04,32.9789425,25.668394583333335,27.08578125,66.4275,0.24108641666666666,34.4,London Marylebone Road,1,4,2025
2025-11-05,26.243455,29.273588695652176,33.45211956521739,78.34597826086956,0.27384008695652173,20.5,London Marylebone Road,2,4,2025
2025-11-06,16.644138,36.3899775,35.75578125,91.52906250000001,0.28474391666666665,21.8,London Marylebone Road,3,4,2025
2025-11-07,23.424528749999997,26.146526249999997,26.9503125,66.9853125,0.23769083333333332,25.3,London Marylebone Road,4,4,2025
2025-11-08,20.33119375,29.57660125,34.79953125,80.10984375,0.27746766666666667,28.7,London Marylebone Road,5,4,2025
2025-11-09,20.84204956521739,25.04994166666667,29.22140625,67.59093750000001,0.26437041666666666,17.1,London Marylebone Road,6,4,2025
2025-11-10,26.983527083333332,31.826938333333334,31.64390625,80.42859375,0.19354825,19.7,London Marylebone Road,0,4,2025
2025-11-11,27.21635875,28.381272083333332,31.2853125,74.7628125,0.15862225,18.5,London Marylebone Road,1,4,2025
2025-11-12,22.06911583333333,31.837332500000002,30.855,79.63171875,0.18384658333333334,22.0,London Marylebone Road,2,4,2025
2025-11-13,26.576071666666667,26.598672500000003,33.8990625,74.65124999999999,0.1426145,24.0,London Marylebone Road,3,4,2025
2025-11-14,5.16387375,63.29527791666666,41.3578125,138.41718749999998,0.3031981739130435,29.5,London Marylebone Road,4,4,2025
2025-11-15,13.803591666666668,15.523687916666667,22.583437500000002,46.33828125,0.21149633333333331,15.2,London Marylebone Road,5,4,2025
2025-11-16,46.599595,3.679535,7.19578125,12.83765625,0.17365983333333335,8.9,London Marylebone Road,6,4,2025
2025-11-17,37.635575833333334,10.908677916666667,19.619062500000002,36.34546875,0.24254166666666666,14.3,London Marylebone Road,0,4,2025
2025-11-18,14.418932500000002,57.022398333333335,44.61703125,132.01828125,0.4443363333333334,22.5,London Marylebone Road,1,4,2025
2025-11-19,43.263305217391306,9.566248695652174,17.129347826086956,31.78907608695652,0.23840791304347825,6.5,London Marylebone Road,2,4,2025
2025-11-20,34.80327260869565,15.321001666666666,26.60765625,50.06765625,0.2905649166666667,13.2,London Marylebone Road,3,4,2025
2025-11-21,26.052200416666665,33.19896833333333,33.34921875,84.245625,0.3807904166666667,20.9,London Marylebone Road,4,4,2025
2025-11-22,26.850480416666667,25.4137375,37.8834375,76.8028125,0.3405285,15.3,London Marylebone Road,5,4,2025
2025-11-23,31.116289166666665,25.470905416666668,28.67953125,67.7025,0.32698834782608693,12.2,London Marylebone Road,6,4,2025
2025-11-24,33.198035652173914,19.479572173913045,21.453260869565216,51.313206521739126,0.267766,10.0,London Marylebone Road,0,4,2025
2025-11-25,36.3716325,6.589901666666666,18.2803125,28.3846875,0.23769083333333332,9.7,London Marylebone Road,1,4,2025
2025-11-26,15.250474166666665,55.36452875,43.605,128.488125,0.41474625000000004,29.0,London Marylebone Road,2,4,2025
2025-11-27,33.9767925,31.50991625,28.0340625,76.340625,0.24787758333333332,8.6,London Marylebone Road,3,4,2025
2025-11-28,32.59643333333333,33.78623875,30.265312500000004,82.014375,0.27116158333333334,28.4,London Marylebone Road,4,4,2025
2025-11-29,32.61306416666667,29.119257916666665,31.125937500000003,75.79078125,0.28086325,13.9,London Marylebone Road,5,4,2025
2025-11-30,28.06453125,26.375197916666668,35.32546875,75.77484375,0.2944455833333333,12.0,London Marylebone Road,6,4,2025
2025-12-01,42.12590083333333,21.037793333333333,23.659218749999997,55.8928125,0.17608525,45.0,London Marylebone Road,0,4,2025
2025-12-02,29.993707916666665,36.727787916666664,38.728125,95.01140625,0.24787758333333335,29.4,London Marylebone Road,1,4,2025
2025-12-03,19.297551304347827,41.070187272727274,48.099375,111.06409090909091,0.29263754545454546,15.0,London Marylebone Road,2,4,2025
2025-12-04,23.9982925,40.5684325,35.7796875,97.92,0.2769825833333333,46.2,London Marylebone Road,3,4,2025
2025-12-05,24.17291625,40.53725,40.34578125,102.45421875,0.28619916666666667,23.5,London Marylebone Road,4,4,2025
2025-12-06,41.335936249999996,24.4782625,27.11765625,64.610625,0.2299295,29.6,London Marylebone Road,5,4,2025
2025-12-07,35.415359583333334,19.546230416666667,27.739218750000003,57.69375,0.23769083333333332,18.0,London Marylebone Road,6,4,2025
2025-12-08,37.311274583333336,25.507285,29.31703125,68.371875,0.21052616666666668,28.6,London Marylebone Road,0,4,2025
2025-12-09,35.49019833333333,24.57700708333333,25.085624999999997,62.75390625,0.19985433333333336,14.5,London Marylebone Road,1,4,2025
2025-12-10,34.367617083333336,39.05088416666667,34.24171875,94.126875,0.26194500000000004,22.9,London Marylebone Road,2,4,2025
2025-12-11,26.684172083333333,39.17561416666667,37.97109375,98.00765625000001,0.27261683333333336,21.4,London Marylebone Road,3,4,2025
2025-12-12,18.826103333333332,37.45537958333333,34.68,92.07890625,0.2949306666666667,15.7,London Marylebone Road,4,4,2025
2025-12-13,13.903376666666666,48.821400833333335,46.322343749999995,121.156875,0.38903683333333333,21.0,London Marylebone Road,5,4,2025
2025-12-14,30.226539583333334,20.294610416666668,25.659375,56.79328125,0.28086325,14.2,London Marylebone Road,6,4,2025
2025-12-15,24.472271250000002,28.791841666666667,24.153281250000003,68.2603125,0.26873616666666666,19.4,London Marylebone Road,0,4,2025
2025-12-16,20.788541666666667,20.46091708333333,23.810625,55.1596875,0.24593725,15.8,London Marylebone Road,1,4,2025
2025-12-17,16.2150625,43.49439041666667,33.110156249999996,99.7846875,0.3584765833333334,21.9,London Marylebone Road,2,4,2025
2025-12-18,33.836186363636365,24.07289,23.182826086956524,60.06913043478261,0.2546054782608696,7.4,London Marylebone Road,3,4,2025
2025-12-19,29.96044625,34.139640416666666,36.78375,89.0746875,0.343439,20.2,London Marylebone Road,4,4,2025
2025-12-20,25.88589208333333,22.908743333333334,33.12609375,68.22046875,0.3706036666666667,19.1,London Marylebone Road,5,4,2025
2025-12-21,9.00559625,26.156920416666665,31.970625000000002,72.069375,0.3764246666666667,17.3,London Marylebone Road,6,4,2025
2025-12-22,4.132762083333334,43.5619525,35.69203125,102.43828125,0.488964,27.4,London Marylebone Road,0,4,2025
2025-12-23,21.57850625,7.509785416666666,18.328125,29.82703125,0.3599318333333333,22.8,London Marylebone Road,1,4,2025
2025-12-24,51.53063708333334,4.3967325,9.3075,16.017187500000002,0.15571175,13.2,London Marylebone Road,2,4,2025
2025-12-25,58.68189541666666,3.7730824999999997,8.542499999999999,14.27203125,0.17948083333333334,14.1,London Marylebone Road,3,4,2025
2025-12-26,34.04331583333333,5.4725287499999995,14.375625,22.750781250000003,0.3031770833333333,17.0,London Marylebone Road,4,4,2025
2025-12-27,46.70769541666667,4.28759375,14.98921875,21.53953125,0.2920201666666667,11.1,London Marylebone Road,5,4,2025
2025-12-28,70.11559333333334,3.61717,12.7978125,18.33609375,0.28910966666666665,21.8,London Marylebone Road,6,4,2025
2025-12-29,60.66096458333334,3.356370909090909,16.291022727272725,21.42,0.32840141666666667,15.3,London Marylebone Road,0,4,2025
2025-12-30,47.09852,3.954980416666667,19.72265625,25.770937500000002,0.3599318333333333,11.8,London Marylebone Road,1,4,2025
