date,status_raw,pm25,status_code,pm25_imputed,iqr_outlier,domain_outlier,outlier,iqr_lower,iqr_upper
2022-04-07,V ugm-3 (GRAV EMFAB),5.53,V,False,False,False,False,-7.4999999999999964,22.599999999999994
2022-04-08,V ugm-3 (GRAV EMFAB),6.72,V,False,False,False,False,-7.4999999999999964,22.599999999999994
2022-04-09,V ugm-3 (GRAV EMFAB),5.62,V,False,False,False,False,-7.4999999999999964,22.599999999999994
2022-04-10,V ugm-3 (GRAV EMFAB),8.36,V,False,False,False,False,-7.4999999999999964,22.599999999999994
2022-04-11,V ugm-3 (GRAV EMFAB),15.9,V,False,False,False,False,-7.4999999999999964,22.599999999999994
2022-04-12,V ugm-3 (GRAV EMFAB),15.02,V,False,False,False,False,-7.4999999999999964,22.599999999999994
2022-04-13,V ugm-3 (GRAV EMFAB),9.36,V,False,False,False,False,-7.4999999999999964,22.599999999999994
2022-04-14,V ugm-3 (GRAV EMFAB),9.04,V,False,False,False,False,-7.4999999999999964,22.599999999999994
2022-04-15,V ugm-3 (GRAV EMFAB),15.99,V,False,False,False,False,-7.4999999999999964,22.599999999999994
2022-04-16,V ugm-3 (GRAV EMFAB),25.59,V,False,True,False,True,-7.4999999999999964,22.599999999999994
2022-04-17,V ugm-3 (GRAV EMFAB),16.25,V,False,False,False,False,-7.4999999999999964,22.599999999999994
2022-04-18,V ugm-3 (GRAV EMFAB),8.49,V,False,False,False,False,-7.4999999999999964,22.599999999999994
2022-04-19,V ugm-3 (GRAV EMFAB),8.54,V,False,False,False,False,-7.4999999999999964,22.599999999999994
2022-04-20,V ugm-3 (GRAV EMFAB),13.95,V,False,False,False,False,-7.4999999999999964,22.599999999999994
2022-04-21,V ugm-3 (GRAV EMFAB),12.8,V,False,False,False,False,-7.4999999999999964,22.599999999999994
2022-04-22,V ugm-3 (GRAV EMFAB),10.63,V,False,False,False,False,-7.4999999999999964,22.599999999999994
2022-04-23,V ugm-3 (GRAV EMFAB),17.31,V,False,False,False,False,-7.4999999999999964,22.599999999999994
2022-04-24,V ugm-3 (GRAV EMFAB),10.0,V,False,False,False,False,-7.4999999999999964,22.599999999999994
2022-04-25,V ugm-3 (GRAV EMFAB),7.74,V,False,False,False,False,-7.4999999999999964,22.599999999999994
2022-04-26,V ugm-3 (GRAV EMFAB),8.49,V,False,False,False,False,-7.4999999999999964,22.599999999999994
2022-04-27,V ugm-3 (GRAV EMFAB),6.03,V,False,False,False,False,-7.4999999999999964,22.599999999999994
2022-04-28,V ugm-3 (GRAV EMFAB),9.52,V,False,False,False,False,-7.4999999999999964,22.599999999999994
2022-04-29,V ugm-3 (GRAV EMFAB),7.15,V,False,False,False,False,-7.4999999999999964,22.599999999999994
2022-04-30,V ugm-3 (GRAV EMFAB),9.17,V,False,False,False,False,-7.4999999999999964,22.599999999999994
2022-05-01,V ugm-3 (GRAV EMFAB),13.99,V,False,False,False,False,-7.4999999999999964,22.599999999999994
2022-05-02,V ugm-3 (GRAV EMFAB),16.16,V,False,False,False,False,-7.4999999999999964,22.599999999999994
2022-05-03,V ugm-3 (GRAV EMFAB),14.4,V,False,False,False,False,-7.4999999999999964,22.599999999999994
2022-05-04,V ugm-3 (GRAV EMFAB),16.93,V,False,False,False,False,-7.4999999999999964,22.599999999999994
2022-05-05,V ugm-3 (GRAV EMFAB),7.79,V,False,False,False,False,-7.4999999999999964,22.599999999999994
2022-05-06,V ugm-3 (GRAV EMFAB),8.89,V,False,False,False,False,-7.4999999999999964,22.599999999999994
2022-05-07,V ugm-3 (GRAV EMFAB),6.08,V,False,False,False,False,-7.4999999999999964,22.599999999999994
2022-05-08,V ugm-3 (GRAV EMFAB),6.62,V,False,False,False,False,-7.4999999999999964,22.599999999999994
2022-05-09,V ugm-3 (GRAV EMFAB),10.08,V,False,False,False,False,-7.4999999999999964,22.599999999999994
2022-05-10,V ugm-3 (GRAV EMFAB),8.61,V,False,False,False,False,-7.4999999999999964,22.599999999999994
2022-05-11,V ugm-3 (GRAV EMFAB),6.95,V,False,False,False,False,-7.4999999999999964,22.599999999999994
2022-05-12,V ugm-3 (GRAV EMFAB),7.93,V,False,False,False,False,-7.4999999999999964,22.599999999999994
2022-05-13,V ugm-3 (GRAV EMFAB),8.27,V,False,False,False,False,-7.4999999999999964,22.599999999999994
2022-05-14,V ugm-3 (GRAV EMFAB),10.04,V,False,False,False,False,-7.4999999999999964,22.599999999999994
2022-05-15,V ugm-3 (GRAV EMFAB),16.43,V,False,False,False,False,-7.4999999999999964,22.599999999999994
2022-05-16,V ugm-3 (GRAV EMFAB),8.69,V,False,False,False,False,-7.4999999999999964,22.599999999999994
2022-05-17,V ugm-3 (GRAV EMFAB),7.9,V,False,False,False,False,-7.4999999999999964,22.599999999999994
2022-05-18,V ugm-3 (GRAV EMFAB),6.46,V,False,False,False,False,-7.4999999999999964,22.599999999999994
2022-05-19,V ugm-3 (GRAV EMFAB),7.22,V,False,False,False,False,-7.4999999999999964,22.599999999999994
2022-05-20,V ugm-3 (GRAV EMFAB),7.81,V,False,False,False,False,-7.4999999999999964,22.599999999999994
2022-05-21,V ugm-3 (GRAV EMFAB),7.57,V,False,False,False,False,-7.4999999999999964,22.599999999999994
2022-05-22,V ugm-3 (GRAV EMFAB),7.79,V,False,False,False,False,-7.4999999999999964,22.599999999999994
2022-05-23,V ugm-3 (GRAV EMFAB),6.63,V,False,False,False,False,-7.4999999999999964,22.599999999999994
2022-05-24,V ugm-3 (GRAV EMFAB),5.0,V,False,False,False,False,-7.4999999999999964,22.599999999999994
2022-05-25,V ugm-3 (GRAV EMFAB),6.47,V,False,False,False,False,-7.4999999999999964,22.599999999999994
2022-05-26,V ugm-3 (GRAV EMFAB),6.56,V,False,False,False,False,-7.4999999999999964,22.599999999999994
2022-05-27,V ugm-3 (GRAV EMFAB),5.97,V,False,False,False,False,-7.4999999999999964,22.599999999999994
2022-05-28,V ugm-3 (GRAV EMFAB),4.56,V,False,False,False,False,-7.4999999999999964,22.599999999999994
2022-05-29,V ugm-3 (GRAV EMFAB),3.92,V,False,False,False,False,-7.4999999999999964,22.599999999999994
2022-05-30,V ugm-3 (GRAV EMFAB),8.15,V,False,False,False,False,-7.4999999999999964,22.599999999999994
2022-05-31,V ugm-3 (GRAV EMFAB),6.95,V,False,False,False,False,-7.4999999999999964,22.599999999999994
2022-06-01,V ugm-3 (GRAV EMFAB),7.07,V,False,False,False,False,-7.4999999999999964,22.599999999999994
2022-06-02,V ugm-3 (GRAV EMFAB),9.3,V,False,False,False,False,-7.4999999999999964,22.599999999999994
2022-06-03,V ugm-3 (GRAV EMFAB),8.33,V,False,False,False,False,-7.4999999999999964,22.599999999999994
2022-06-04,V ugm-3 (GRAV EMFAB),6.55,V,False,False,False,False,-7.4999999999999964,22.599999999999994
2022-06-05,V ugm-3 (GRAV EMFAB),7.08,V,False,False,False,False,-7.4999999999999964,22.599999999999994
2022-06-06,V ugm-3 (GRAV EMFAB),7.17,V,False,False,False,False,-7.4999999999999964,22.599999999999994
2022-06-07,V ugm-3 (GRAV EMFAB),6.85,V,False,False,False,False,-7.4999999999999964,22.599999999999994
2022-06-08,V ugm-3 (GRAV EMFAB),6.26,V,False,False,False,False,-7.4999999999999964,22.599999999999994
2022-06-09,V ugm-3 (GRAV EMFAB),7.55,V,False,False,False,False,-7.4999999999999964,22.599999999999994
2022-06-10,V ugm-3 (GRAV EMFAB),8.5,V,False,False,False,False,-7.4999999999999964,22.599999999999994
2022-06-11,V ugm-3 (GRAV EMFAB),7.35,V,False,False,False,False,-7.4999999999999964,22.599999999999994
2022-06-12,V ugm-3 (GRAV EMFAB),6.73,V,False,False,False,False,-7.4999999999999964,22.599999999999994
2022-06-13,V ugm-3 (GRAV EMFAB),6.6,V,False,False,False,False,-7.4999999999999964,22.599999999999994
2022-06-14,V ugm-3 (GRAV EMFAB),9.92,V,False,False,False,False,-7.4999999999999964,22.599999999999994
2022-06-15,V ugm-3 (GRAV EMFAB),13.67,V,False,False,False,False,-7.4999999999999964,22.599999999999994
2022-06-16,V ugm-3 (GRAV EMFAB),13.37,V,False,False,False,False,-7.4999999999999964,22.599999999999994
2022-06-17,V ugm-3 (GRAV EMFAB),11.495,V,True,False,False,False,-7.4999999999999964,22.599999999999994
2022-06-18,V ugm-3 (GRAV EMFAB),9.62,V,False,False,False,False,-7.4999999999999964,22.599999999999994
2022-06-19,V ugm-3 (GRAV EMFAB),5.44,V,False,False,False,False,-7.4999999999999964,22.599999999999994
2022-06-20,V ugm-3 (GRAV EMFAB),6.91,V,False,False,False,False,-7.4999999999999964,22.599999999999994
2022-06-21,V ugm-3 (GRAV EMFAB),8.42,V,False,False,False,False,-7.4999999999999964,22.599999999999994
2022-06-22,V ugm-3 (GRAV EMFAB),8.45,V,False,False,False,False,-7.4999999999999964,22.599999999999994
2022-06-23,V ugm-3 (GRAV EMFAB),11.36,V,False,False,False,False,-7.4999999999999964,22.599999999999994
2022-06-24,V ugm-3 (GRAV EMFAB),8.9,V,False,False,False,False,-7.4999999999999964,22.599999999999994
2022-06-25,V ugm-3 (GRAV EMFAB),6.02,V,False,False,False,False,-7.4999999999999964,22.599999999999994
2022-06-26,V ugm-3 (GRAV EMFAB),5.56,V,False,False,False,False,-7.4999999999999964,22.599999999999994
2022-06-27,V ugm-3 (GRAV EMFAB),6.3,V,False,False,False,False,-7.4999999999999964,22.599999999999994
2022-06-28,V ugm-3 (GRAV EMFAB),6.68,V,False,False,False,False,-7.4999999999999964,22.599999999999994
2022-06-29,V ugm-3 (GRAV EMFAB),6.82,V,False,False,False,False,-7.4999999999999964,22.599999999999994
2022-06-30,V ugm-3 (GRAV EMFAB),6.49,V,False,False,False,False,-7.4999999999999964,22.599999999999994
2022-07-01,V ugm-3 (GRAV EMFAB),6.99,V,False,False,False,False,-7.4999999999999964,22.599999999999994
2022-07-02,V ugm-3 (GRAV EMFAB),5.69,V,False,False,False,False,-7.4999999999999964,22.599999999999994
2022-07-03,V ugm-3 (GRAV EMFAB),5.24,V,False,False,False,False,-7.4999999999999964,22.599999999999994
2022-07-04,V ugm-3 (GRAV EMFAB),6.87,V,False,False,False,False,-7.4999999999999964,22.599999999999994
2022-07-05,V ugm-3 (GRAV EMFAB),5.4,V,False,False,False,False,-7.4999999999999964,22.599999999999994
2022-07-06,V ugm-3 (GRAV EMFAB),7.01,V,False,False,False,False,-7.4999999999999964,22.599999999999994
2022-07-07,V ugm-3 (GRAV EMFAB),5.62,V,False,False,False,False,-7.4999999999999964,22.599999999999994
2022-07-08,V ugm-3 (GRAV EMFAB),7.64,V,False,False,False,False,-7.4999999999999964,22.599999999999994
2022-07-09,V ugm-3 (GRAV EMFAB),5.88,V,False,False,False,False,-7.4999999999999964,22.599999999999994
2022-07-10,V ugm-3 (GRAV EMFAB),8.45,V,False,False,False,False,-7.4999999999999964,22.599999999999994
2022-07-11,V ugm-3 (GRAV EMFAB),10.3,V,False,False,False,False,-7.4999999999999964,22.599999999999994
2022-07-12,V ugm-3 (GRAV EMFAB),12.04,V,False,False,False,False,-7.4999999999999964,22.599999999999994
2022-07-13,V ugm-3 (GRAV EMFAB),8.82,V,False,False,False,False,-7.4999999999999964,22.599999999999994
2022-07-14,V ugm-3 (GRAV EMFAB),5.96,V,False,False,False,False,-7.4999999999999964,22.599999999999994
2022-07-15,V ugm-3 (GRAV EMFAB),6.63,V,True,False,False,False,-7.4999999999999964,22.599999999999994
2022-07-16,V ugm-3 (GRAV EMFAB),7.3,V,False,False,False,False,-7.4999999999999964,22.599999999999994
2022-07-17,V ugm-3 (GRAV EMFAB),8.75,V,False,False,False,False,-7.4999999999999964,22.599999999999994
2022-07-18,V ugm-3 (GRAV EMFAB),13.57,V,False,False,False,False,-7.4999999999999964,22.599999999999994
2022-07-19,V ugm-3 (GRAV EMFAB),19.36,V,False,False,False,False,-7.4999999999999964,22.599999999999994
2022-07-20,V ugm-3 (GRAV EMFAB),17.37,V,False,False,False,False,-7.4999999999999964,22.599999999999994
2022-07-21,V ugm-3 (GRAV EMFAB),7.25,V,False,False,False,False,-7.4999999999999964,22.599999999999994
2022-07-22,V ugm-3 (GRAV EMFAB),5.82,V,False,False,False,False,-7.4999999999999964,22.599999999999994
2022-07-23,V ugm-3 (GRAV EMFAB),6.87,V,False,False,False,False,-7.4999999999999964,22.599999999999994
2022-07-24,V ugm-3 (GRAV EMFAB),6.59,V,False,False,False,False,-7.4999999999999964,22.599999999999994
2022-07-25,V ugm-3 (GRAV EMFAB),5.14,V,False,False,False,False,-7.4999999999999964,22.599999999999994
2022-07-26,V ugm-3 (GRAV EMFAB),5.24,V,False,False,False,False,-7.4999999999999964,22.599999999999994
2022-07-27,V ugm-3 (GRAV EMFAB),5.61,V,False,False,False,False,-7.4999999999999964,22.599999999999994
2022-07-28,V ugm-3 (GRAV EMFAB),7.18,V,False,False,False,False,-7.4999999999999964,22.599999999999994
2022-07-29,V ugm-3 (GRAV EMFAB),7.19,V,False,False,False,False,-7.4999999999999964,22.599999999999994
2022-07-30,V ugm-3 (GRAV EMFAB),8.55,V,False,False,False,False,-7.4999999999999964,22.599999999999994
2022-07-31,V ugm-3 (GRAV EMFAB),4.93,V,False,False,False,False,-7.4999999999999964,22.599999999999994
2022-08-01,V ugm-3 (GRAV EMFAB),6.8,V,False,False,False,False,-7.4999999999999964,22.599999999999994
2022-08-02,V ugm-3 (GRAV EMFAB),6.84,V,False,False,False,False,-7.4999999999999964,22.599999999999994
2022-08-03,V ugm-3 (GRAV EMFAB),6.57,V,False,False,False,False,-7.4999999999999964,22.599999999999994
2022-08-04,V ugm-3 (GRAV EMFAB),5.5,V,False,False,False,False,-7.4999999999999964,22.599999999999994
2022-08-05,V ugm-3 (GRAV EMFAB),4.64,V,False,False,False,False,-7.4999999999999964,22.599999999999994
2022-08-06,V ugm-3 (GRAV EMFAB),9.06,V,False,False,False,False,-7.4999999999999964,22.599999999999994
2022-08-07,V ugm-3 (GRAV EMFAB),8.94,V,False,False,False,False,-7.4999999999999964,22.599999999999994
2022-08-08,V ugm-3 (GRAV EMFAB),7.55,V,False,False,False,False,-7.4999999999999964,22.599999999999994
2022-08-09,V ugm-3 (GRAV EMFAB),7.57,V,False,False,False,False,-7.4999999999999964,22.599999999999994
2022-08-10,V ugm-3 (GRAV EMFAB),8.49,V,False,False,False,False,-7.4999999999999964,22.599999999999994
2022-08-11,V ugm-3 (GRAV EMFAB),11.91,V,False,False,False,False,-7.4999999999999964,22.599999999999994
2022-08-12,V ugm-3 (GRAV EMFAB),13.83,V,False,False,False,False,-7.4999999999999964,22.599999999999994
2022-08-13,V ugm-3 (GRAV EMFAB),14.32,V,False,False,False,False,-7.4999999999999964,22.599999999999994
2022-08-14,V ugm-3 (GRAV EMFAB),14.59,V,False,False,False,False,-7.4999999999999964,22.599999999999994
2022-08-15,V ugm-3 (GRAV EMFAB),16.51,V,False,False,False,False,-7.4999999999999964,22.599999999999994
2022-08-16,V ugm-3 (GRAV EMFAB),16.38,V,False,False,False,False,-7.4999999999999964,22.599999999999994
2022-08-17,V ugm-3 (GRAV EMFAB),17.79,V,False,False,False,False,-7.4999999999999964,22.599999999999994
2022-08-18,V ugm-3 (GRAV EMFAB),8.66,V,False,False,False,False,-7.4999999999999964,22.599999999999994
2022-08-19,V ugm-3 (GRAV EMFAB),6.89,V,False,False,False,False,-7.4999999999999964,22.599999999999994
2022-08-20,V ugm-3 (GRAV EMFAB),7.43,V,False,False,False,False,-7.4999999999999964,22.599999999999994
2022-08-21,V ugm-3 (GRAV EMFAB),7.8,V,False,False,False,False,-7.4999999999999964,22.599999999999994
2022-08-22,V ugm-3 (GRAV EMFAB),7.19,V,False,False,False,False,-7.4999999999999964,22.599999999999994
2022-08-23,V ugm-3 (GRAV EMFAB),5.7,V,False,False,False,False,-7.4999999999999964,22.599999999999994
2022-08-24,V ugm-3 (GRAV EMFAB),6.74,V,False,False,False,False,-7.4999999999999964,22.599999999999994
2022-08-25,V ugm-3 (GRAV EMFAB),5.86,V,False,False,False,False,-7.4999999999999964,22.599999999999994
2022-08-26,V ugm-3 (GRAV EMFAB),8.6,V,False,False,False,False,-7.4999999999999964,22.599999999999994
2022-08-27,V ugm-3 (GRAV EMFAB),7.1,V,False,False,False,False,-7.4999999999999964,22.599999999999994
2022-08-28,V ugm-3 (GRAV EMFAB),4.12,V,False,False,False,False,-7.4999999999999964,22.599999999999994
2022-08-29,V ugm-3 (GRAV EMFAB),3.88,V,False,False,False,False,-7.4999999999999964,22.599999999999994
2022-08-30,V ugm-3 (GRAV EMFAB),4.43,V,False,False,False,False,-7.4999999999999964,22.599999999999994
2022-08-31,V ugm-3 (GRAV EMFAB),5.22,V,False,False,False,False,-7.4999999999999964,22.599999999999994
2022-09-01,V ugm-3 (GRAV EMFAB),7.73,V,False,False,False,False,-7.4999999999999964,22.599999999999994
2022-09-02,V ugm-3 (GRAV EMFAB),11.83,V,False,False,False,False,-7.4999999999999964,22.599999999999994
2022-09-03,V ugm-3 (GRAV EMFAB),11.76,V,False,False,False,False,-7.4999999999999964,22.599999999999994
2022-09-04,V ugm-3 (GRAV EMFAB),7.5,V,False,False,False,False,-7.4999999999999964,22.599999999999994
2022-09-05,V ugm-3 (GRAV EMFAB),7.51,V,False,False,False,False,-7.4999999999999964,22.599999999999994
2022-09-06,V ugm-3 (GRAV EMFAB),6.85,V,False,False,False,False,-7.4999999999999964,22.599999999999994
2022-09-07,V ugm-3 (GRAV EMFAB),6.49,V,False,False,False,False,-7.4999999999999964,22.599999999999994
2022-09-08,V ugm-3 (GRAV EMFAB),5.6,V,False,False,False,False,-7.4999999999999964,22.599999999999994
2022-09-09,V ugm-3 (GRAV EMFAB),7.9,V,False,False,False,False,-7.4999999999999964,22.599999999999994
2022-09-10,V ugm-3 (GRAV EMFAB),7.4,V,False,False,False,False,-7.4999999999999964,22.599999999999994
2022-09-11,V ugm-3 (GRAV EMFAB),7.82,V,False,False,False,False,-7.4999999999999964,22.599999999999994
2022-09-12,V ugm-3 (GRAV EMFAB),8.59,V,False,False,False,False,-7.4999999999999964,22.599999999999994
2022-09-13,V ugm-3 (GRAV EMFAB),5.85,V,False,False,False,False,-7.4999999999999964,22.599999999999994
2022-09-14,V ugm-3 (GRAV EMFAB),6.33,V,False,False,False,False,-7.4999999999999964,22.599999999999994
2022-09-15,V ugm-3 (GRAV EMFAB),6.11,V,False,False,False,False,-7.4999999999999964,22.599999999999994
2022-09-16,V ugm-3 (GRAV EMFAB),3.75,V,False,False,False,False,-7.4999999999999964,22.599999999999994
2022-09-17,V ugm-3 (GRAV EMFAB),5.31,V,False,False,False,False,-7.4999999999999964,22.599999999999994
2022-09-18,V ugm-3 (GRAV EMFAB),4.41,V,False,False,False,False,-7.4999999999999964,22.599999999999994
2022-09-19,V ugm-3 (GRAV EMFAB),3.83,V,False,False,False,False,-7.4999999999999964,22.599999999999994
2022-09-20,V ugm-3 (GRAV EMFAB),6.21,V,False,False,False,False,-7.4999999999999964,22.599999999999994
2022-09-21,V ugm-3 (GRAV EMFAB),10.99,V,False,False,False,False,-7.4999999999999964,22.599999999999994
2022-09-22,V ugm-3 (GRAV EMFAB),9.01,V,False,False,False,False,-7.4999999999999964,22.599999999999994
2022-09-23,V ugm-3 (GRAV EMFAB),6.52,V,False,False,False,False,-7.4999999999999964,22.599999999999994
2022-09-24,V ugm-3 (GRAV EMFAB),3.73,V,False,False,False,False,-7.4999999999999964,22.599999999999994
2022-09-25,V ugm-3 (GRAV EMFAB),4.44,V,False,False,False,False,-7.4999999999999964,22.599999999999994
2022-09-26,V ugm-3 (GRAV EMFAB),4.69,V,False,False,False,False,-7.4999999999999964,22.599999999999994
2022-09-27,V ugm-3 (GRAV EMFAB),5.73,V,False,False,False,False,-7.4999999999999964,22.599999999999994
2022-09-28,V ugm-3 (GRAV EMFAB),7.64,V,False,False,False,False,-7.4999999999999964,22.599999999999994
2022-09-29,V ugm-3 (GRAV EMFAB),10.21,V,False,False,False,False,-7.4999999999999964,22.599999999999994
2022-09-30,V ugm-3 (GRAV EMFAB),9.65,V,False,False,False,False,-7.4999999999999964,22.599999999999994
2022-10-01,V ugm-3 (GRAV EMFAB),7.05,V,False,False,False,False,-7.4999999999999964,22.599999999999994
2022-10-02,V ugm-3 (GRAV EMFAB),5.91,V,False,False,False,False,-7.4999999999999964,22.599999999999994
2022-10-03,V ugm-3 (GRAV EMFAB),11.41,V,False,False,False,False,-7.4999999999999964,22.599999999999994
2022-10-04,V ugm-3 (GRAV EMFAB),5.34,V,False,False,False,False,-7.4999999999999964,22.599999999999994
2022-10-05,V ugm-3 (GRAV EMFAB),5.09,V,False,False,False,False,-7.4999999999999964,22.599999999999994
2022-10-06,V ugm-3 (GRAV EMFAB),6.96,V,False,False,False,False,-7.4999999999999964,22.599999999999994
2022-10-07,V ugm-3 (GRAV EMFAB),6.05,V,False,False,False,False,-7.4999999999999964,22.599999999999994
2022-10-08,V ugm-3 (GRAV EMFAB),7.49,V,False,False,False,False,-7.4999999999999964,22.599999999999994
2022-10-09,V ugm-3 (GRAV EMFAB),7.49,V,False,False,False,False,-7.4999999999999964,22.599999999999994
2022-10-10,V ugm-3 (GRAV EMFAB),6.16,V,False,False,False,False,-7.4999999999999964,22.599999999999994
2022-10-11,V ugm-3 (GRAV EMFAB),11.41,V,False,False,False,False,-7.4999999999999964,22.599999999999994
2022-10-12,V ugm-3 (GRAV EMFAB),11.02,V,False,False,False,False,-7.4999999999999964,22.599999999999994
2022-10-13,V ugm-3 (GRAV EMFAB),10.35,V,False,False,False,False,-7.4999999999999964,22.599999999999994
2022-10-14,V ugm-3 (GRAV EMFAB),11.28,V,False,False,False,False,-7.4999999999999964,22.599999999999994
2022-10-15,V ugm-3 (GRAV EMFAB),6.56,V,False,False,False,False,-7.4999999999999964,22.599999999999994
2022-10-16,V ugm-3 (GRAV EMFAB),5.9,V,False,False,False,False,-7.4999999999999964,22.599999999999994
2022-10-17,V ugm-3 (GRAV EMFAB),8.03,V,False,False,False,False,-7.4999999999999964,22.599999999999994
2022-10-18,V ugm-3 (GRAV EMFAB),9.2,V,False,False,False,False,-7.4999999999999964,22.599999999999994
2022-10-19,V ugm-3 (GRAV EMFAB),9.62,V,False,False,False,False,-7.4999999999999964,22.599999999999994
2022-10-20,V ugm-3 (GRAV EMFAB),12.82,V,False,False,False,False,-7.4999999999999964,22.599999999999994
2022-10-21,V ugm-3 (GRAV EMFAB),8.72,V,False,False,False,False,-7.4999999999999964,22.599999999999994
2022-10-22,V ugm-3 (GRAV EMFAB),6.46,V,False,False,False,False,-7.4999999999999964,22.599999999999994
2022-10-23,V ugm-3 (GRAV EMFAB),5.9,V,False,False,False,False,-7.4999999999999964,22.599999999999994
2022-10-24,V ugm-3 (GRAV EMFAB),5.57,V,False,False,False,False,-7.4999999999999964,22.599999999999994
2022-10-25,V ugm-3 (GRAV EMFAB),6.09,V,False,False,False,False,-7.4999999999999964,22.599999999999994
2022-10-26,V ugm-3 (GRAV EMFAB),8.14,V,False,False,False,False,-7.4999999999999964,22.599999999999994
2022-10-27,V ugm-3 (GRAV EMFAB),9.53,V,False,False,False,False,-7.4999999999999964,22.599999999999994
2022-10-28,V ugm-3 (GRAV EMFAB),9.5,V,False,False,False,False,-7.4999999999999964,22.599999999999994
2022-10-29,V ugm-3 (GRAV EMFAB),10.78,V,False,False,False,False,-7.4999999999999964,22.599999999999994
2022-10-30,V ugm-3 (GRAV EMFAB),5.35,V,False,False,False,False,-7.4999999999999964,22.599999999999994
2022-10-31,V ugm-3 (GRAV EMFAB),7.13,V,False,False,False,False,-7.4999999999999964,22.599999999999994
2022-11-01,V ugm-3 (GRAV EMFAB),4.69,V,False,False,False,False,-7.4999999999999964,22.599999999999994
2022-11-02,V ugm-3 (GRAV EMFAB),5.89,V,False,False,False,False,-7.4999999999999964,22.599999999999994
2022-11-03,V ugm-3 (GRAV EMFAB),7.13,V,False,False,False,False,-7.4999999999999964,22.599999999999994
2022-11-04,V ugm-3 (GRAV EMFAB),11.53,V,False,False,False,False,-7.4999999999999964,22.599999999999994
2022-11-05,V ugm-3 (GRAV EMFAB),9.52,V,False,False,False,False,-7.4999999999999964,22.599999999999994
2022-11-06,V ugm-3 (GRAV EMFAB),4.67,V,False,False,False,False,-7.4999999999999964,22.599999999999994
2022-11-07,V ugm-3 (GRAV EMFAB),6.48,V,False,False,False,False,-7.4999999999999964,22.599999999999994
2022-11-08,V ugm-3 (GRAV EMFAB),5.86,V,False,False,False,False,-7.4999999999999964,22.599999999999994
2022-11-09,V ugm-3 (GRAV EMFAB),6.64,V,False,False,False,False,-7.4999999999999964,22.599999999999994
2022-11-10,V ugm-3 (GRAV EMFAB),6.82,V,False,False,False,False,-7.4999999999999964,22.599999999999994
2022-11-11,V ugm-3 (GRAV EMFAB),7.2,V,False,False,False,False,-7.4999999999999964,22.599999999999994
2022-11-12,V ugm-3 (GRAV EMFAB),14.42,V,False,False,False,False,-7.4999999999999964,22.599999999999994
2022-11-13,V ugm-3 (GRAV EMFAB),18.01,V,False,False,False,False,-7.4999999999999964,22.599999999999994
2022-11-14,V ugm-3 (GRAV EMFAB),20.58,V,False,False,False,False,-7.4999999999999964,22.599999999999994
2022-11-15,V ugm-3 (GRAV EMFAB),5.44,V,False,False,False,False,-7.4999999999999964,22.599999999999994
2022-11-16,V ugm-3 (GRAV EMFAB),5.29,V,False,False,False,False,-7.4999999999999964,22.599999999999994
2022-11-17,V ugm-3 (GRAV EMFAB),6.33,V,False,False,False,False,-7.4999999999999964,22.599999999999994
2022-11-18,V ugm-3 (GRAV EMFAB),6.9,V,False,False,False,False,-7.4999999999999964,22.599999999999994
2022-11-19,V ugm-3 (GRAV EMFAB),9.22,V,False,False,False,False,-7.4999999999999964,22.599999999999994
2022-11-20,V ugm-3 (GRAV EMFAB),7.46,V,False,False,False,False,-7.4999999999999964,22.599999999999994
2022-11-21,V ugm-3 (GRAV EMFAB),6.29,V,False,False,False,False,-7.4999999999999964,22.599999999999994
2022-11-22,V ugm-3 (GRAV EMFAB),8.52,V,False,False,False,False,-7.4999999999999964,22.599999999999994
2022-11-23,V ugm-3 (GRAV EMFAB),7.8,V,False,False,False,False,-7.4999999999999964,22.599999999999994
2022-11-24,V ugm-3 (GRAV EMFAB),8.93,V,False,False,False,False,-7.4999999999999964,22.599999999999994
2022-11-25,V ugm-3 (GRAV EMFAB),11.04,V,False,False,False,False,-7.4999999999999964,22.599999999999994
2022-11-26,V ugm-3 (GRAV EMFAB),8.18,V,False,False,False,False,-7.4999999999999964,22.599999999999994
2022-11-27,V ugm-3 (GRAV EMFAB),7.51,V,False,False,False,False,-7.4999999999999964,22.599999999999994
2022-11-28,V ugm-3 (GRAV EMFAB),9.51,V,False,False,False,False,-7.4999999999999964,22.599999999999994
2022-11-29,V ugm-3 (GRAV EMFAB),14.66,V,False,False,False,False,-7.4999999999999964,22.599999999999994
2022-11-30,V ugm-3 (GRAV EMFAB),17.0,V,False,False,False,False,-7.4999999999999964,22.599999999999994
2022-12-01,V ugm-3 (GRAV EMFAB),18.85,V,False,False,False,False,-7.4999999999999964,22.599999999999994
2022-12-02,V ugm-3 (GRAV EMFAB),11.48,V,False,False,False,False,-7.4999999999999964,22.599999999999994
2022-12-03,V ugm-3 (GRAV EMFAB),10.55,V,False,False,False,False,-7.4999999999999964,22.599999999999994
2022-12-04,V ugm-3 (GRAV EMFAB),16.42,V,False,False,False,False,-7.4999999999999964,22.599999999999994
2022-12-05,V ugm-3 (GRAV EMFAB),8.61,V,False,False,False,False,-7.4999999999999964,22.599999999999994
2022-12-06,V ugm-3 (GRAV EMFAB),6.16,V,False,False,False,False,-7.4999999999999964,22.599999999999994
2022-12-07,V ugm-3 (GRAV EMFAB),14.35,V,False,False,False,False,-7.4999999999999964,22.599999999999994
2022-12-08,V ugm-3 (GRAV EMFAB),21.59,V,False,False,False,False,-7.4999999999999964,22.599999999999994
2022-12-09,V ugm-3 (GRAV EMFAB),27.28,V,False,True,False,True,-7.4999999999999964,22.599999999999994
2022-12-10,V ugm-3 (GRAV EMFAB),26.95,V,False,True,False,True,-7.4999999999999964,22.599999999999994
2022-12-11,V ugm-3 (GRAV EMFAB),34.79,V,False,True,False,True,-7.4999999999999964,22.599999999999994
2022-12-12,V ugm-3 (GRAV EMFAB),16.84,V,False,False,False,False,-7.4999999999999964,22.599999999999994
2022-12-13,V ugm-3 (GRAV EMFAB),26.11,V,False,True,False,True,-7.4999999999999964,22.599999999999994
2022-12-14,V ugm-3 (GRAV EMFAB),17.97,V,False,False,False,False,-7.4999999999999964,22.599999999999994
2022-12-15,V ugm-3 (GRAV EMFAB),16.13,V,False,False,False,False,-7.4999999999999964,22.599999999999994
2022-12-16,V ugm-3 (GRAV EMFAB),38.15,V,False,True,False,True,-7.4999999999999964,22.599999999999994
2022-12-17,V ugm-3 (GRAV EMFAB),25.15,V,False,True,False,True,-7.4999999999999964,22.599999999999994
2022-12-18,V ugm-3 (GRAV EMFAB),16.26,V,False,False,False,False,-7.4999999999999964,22.599999999999994
2022-12-19,V ugm-3 (GRAV EMFAB),4.54,V,False,False,False,False,-7.4999999999999964,22.599999999999994
2022-12-20,V ugm-3 (GRAV EMFAB),8.11,V,False,False,False,False,-7.4999999999999964,22.599999999999994
2022-12-21,V ugm-3 (GRAV EMFAB),8.16,V,False,False,False,False,-7.4999999999999964,22.599999999999994
2022-12-22,V ugm-3 (GRAV EMFAB),7.83,V,False,False,False,False,-7.4999999999999964,22.599999999999994
2022-12-23,V ugm-3 (GRAV EMFAB),5.72,V,False,False,False,False,-7.4999999999999964,22.599999999999994
2022-12-24,V ugm-3 (GRAV EMFAB),7.91,V,False,False,False,False,-7.4999999999999964,22.599999999999994
2022-12-25,V ugm-3 (GRAV EMFAB),4.37,V,False,False,False,False,-7.4999999999999964,22.599999999999994
2022-12-26,V ugm-3 (GRAV EMFAB),4.67,V,False,False,False,False,-7.4999999999999964,22.599999999999994
2022-12-27,V ugm-3 (GRAV EMFAB),3.87,V,False,False,False,False,-7.4999999999999964,22.599999999999994
2022-12-28,V ugm-3 (GRAV EMFAB),2.84,V,False,False,False,False,-7.4999999999999964,22.599999999999994
2022-12-29,V ugm-3 (GRAV EMFAB),5.89,V,False,False,False,False,-7.4999999999999964,22.599999999999994
2022-12-30,V ugm-3 (GRAV EMFAB),4.15,V,False,False,False,False,-7.4999999999999964,22.599999999999994
2022-12-31,V ugm-3 (GRAV EMFAB),4.98,V,False,False,False,False,-7.4999999999999964,22.599999999999994
2023-01-01,V ugm-3 (GRAV EMFAB),7.0,V,False,False,False,False,-7.4999999999999964,22.599999999999994
2023-01-02,V ugm-3 (GRAV EMFAB),7.4,V,False,False,False,False,-7.4999999999999964,22.599999999999994
2023-01-03,V ugm-3 (GRAV EMFAB),4.9,V,False,False,False,False,-7.4999999999999964,22.599999999999994
2023-01-04,V ugm-3 (GRAV EMFAB),7.3,V,False,False,False,False,-7.4999999999999964,22.599999999999994
2023-01-05,V ugm-3 (GRAV EMFAB),7.2,V,False,False,False,False,-7.4999999999999964,22.599999999999994
2023-01-06,V ugm-3 (GRAV EMFAB),3.5,V,False,False,False,False,-7.4999999999999964,22.599999999999994
2023-01-07,V ugm-3 (GRAV EMFAB),4.9,V,False,False,False,False,-7.4999999999999964,22.599999999999994
2023-01-08,V ugm-3 (GRAV EMFAB),4.2,V,False,False,False,False,-7.4999999999999964,22.599999999999994
2023-01-09,V ugm-3 (GRAV EMFAB),5.6,V,False,False,False,False,-7.4999999999999964,22.599999999999994
2023-01-10,V ugm-3 (GRAV EMFAB),5.2,V,False,False,False,False,-7.4999999999999964,22.599999999999994
2023-01-11,V ugm-3 (GRAV EMFAB),5.5,V,False,False,False,False,-7.4999999999999964,22.599999999999994
2023-01-12,V ugm-3 (GRAV EMFAB),5.1,V,False,False,False,False,-7.4999999999999964,22.599999999999994
2023-01-13,V ugm-3 (GRAV EMFAB),7.2,V,False,False,False,False,-7.4999999999999964,22.599999999999994
2023-01-14,V ugm-3 (GRAV EMFAB),4.1,V,False,False,False,False,-7.4999999999999964,22.599999999999994
2023-01-15,V ugm-3 (GRAV EMFAB),4.8,V,False,False,False,False,-7.4999999999999964,22.599999999999994
2023-01-16,V ugm-3 (GRAV EMFAB),6.2,V,False,False,False,False,-7.4999999999999964,22.599999999999994
2023-01-17,V ugm-3 (GRAV EMFAB),20.1,V,False,False,False,False,-7.4999999999999964,22.599999999999994
2023-01-18,V ugm-3 (GRAV EMFAB),12.4,V,False,False,False,False,-7.4999999999999964,22.599999999999994
2023-01-19,V ugm-3 (GRAV EMFAB),12.1,V,False,False,False,False,-7.4999999999999964,22.599999999999994
2023-01-20,V ugm-3 (GRAV EMFAB),6.9,V,False,False,False,False,-7.4999999999999964,22.599999999999994
2023-01-21,V ugm-3 (GRAV EMFAB),19.8,V,False,False,False,False,-7.4999999999999964,22.599999999999994
2023-01-22,V ugm-3 (GRAV EMFAB),32.2,V,False,True,False,True,-7.4999999999999964,22.599999999999994
2023-01-23,V ugm-3 (GRAV EMFAB),29.8,V,False,True,False,True,-7.4999999999999964,22.599999999999994
2023-01-24,V ugm-3 (GRAV EMFAB),16.9,V,False,False,False,False,-7.4999999999999964,22.599999999999994
2023-01-25,V ugm-3 (GRAV EMFAB),30.1,V,False,True,False,True,-7.4999999999999964,22.599999999999994
2023-01-26,V ugm-3 (GRAV EMFAB),5.2,V,False,False,False,False,-7.4999999999999964,22.599999999999994
2023-01-27,V ugm-3 (GRAV EMFAB),6.3,V,False,False,False,False,-7.4999999999999964,22.599999999999994
2023-01-28,V ugm-3 (GRAV EMFAB),13.3,V,False,False,False,False,-7.4999999999999964,22.599999999999994
2023-01-29,V ugm-3 (GRAV EMFAB),12.8,V,False,False,False,False,-7.4999999999999964,22.599999999999994
2023-01-30,V ugm-3 (GRAV EMFAB),9.2,V,False,False,False,False,-7.4999999999999964,22.599999999999994
2023-01-31,V ugm-3 (GRAV EMFAB),9.1,V,False,False,False,False,-7.4999999999999964,22.599999999999994
2023-02-01,V ugm-3 (GRAV EMFAB),12.4,V,False,False,False,False,-7.4999999999999964,22.599999999999994
2023-02-02,V ugm-3 (GRAV EMFAB),6.4,V,False,False,False,False,-7.4999999999999964,22.599999999999994
2023-02-03,V ugm-3 (GRAV EMFAB),6.7,V,False,False,False,False,-7.4999999999999964,22.599999999999994
2023-02-04,V ugm-3 (GRAV EMFAB),10.6,V,False,False,False,False,-7.4999999999999964,22.599999999999994
2023-02-05,V ugm-3 (GRAV EMFAB),7.6,V,False,False,False,False,-7.4999999999999964,22.599999999999994
2023-02-06,V ugm-3 (GRAV EMFAB),19.1,V,False,False,False,False,-7.4999999999999964,22.599999999999994
2023-02-07,V ugm-3 (GRAV EMFAB),28.9,V,False,True,False,True,-7.4999999999999964,22.599999999999994
2023-02-08,V ugm-3 (GRAV EMFAB),35.2,V,False,True,False,True,-7.4999999999999964,22.599999999999994
2023-02-09,V ugm-3 (GRAV EMFAB),23.6,V,False,True,False,True,-7.4999999999999964,22.599999999999994
2023-02-10,V ugm-3 (GRAV EMFAB),21.4,V,False,False,False,False,-7.4999999999999964,22.599999999999994
2023-02-11,V ugm-3 (GRAV EMFAB),9.6,V,False,False,False,False,-7.4999999999999964,22.599999999999994
2023-02-12,V ugm-3 (GRAV EMFAB),10.5,V,False,False,False,False,-7.4999999999999964,22.599999999999994
2023-02-13,V ugm-3 (GRAV EMFAB),26.7,V,False,True,False,True,-7.4999999999999964,22.599999999999994
2023-02-14,V ugm-3 (GRAV EMFAB),40.6,V,False,True,False,True,-7.4999999999999964,22.599999999999994
2023-02-15,V ugm-3 (GRAV EMFAB),35.7,V,False,True,False,True,-7.4999999999999964,22.599999999999994
2023-02-16,V ugm-3 (GRAV EMFAB),6.0,V,False,False,False,False,-7.4999999999999964,22.599999999999994
2023-02-17,V ugm-3 (GRAV EMFAB),4.8,V,False,False,False,False,-7.4999999999999964,22.599999999999994
2023-02-18,V ugm-3 (GRAV EMFAB),4.5,V,False,False,False,False,-7.4999999999999964,22.599999999999994
2023-02-19,V ugm-3 (GRAV EMFAB),6.4,V,False,False,False,False,-7.4999999999999964,22.599999999999994
2023-02-20,V ugm-3 (GRAV EMFAB),6.8,V,False,False,False,False,-7.4999999999999964,22.599999999999994
2023-02-21,V ugm-3 (GRAV EMFAB),12.4,V,False,False,False,False,-7.4999999999999964,22.599999999999994
2023-02-22,V ugm-3 (GRAV EMFAB),16.3,V,False,False,False,False,-7.4999999999999964,22.599999999999994
2023-02-23,V ugm-3 (GRAV EMFAB),5.0,V,False,False,False,False,-7.4999999999999964,22.599999999999994
2023-02-24,V ugm-3 (GRAV EMFAB),9.1,V,False,False,False,False,-7.4999999999999964,22.599999999999994
2023-02-25,V ugm-3 (GRAV EMFAB),4.3,V,False,False,False,False,-7.4999999999999964,22.599999999999994
2023-02-26,V ugm-3 (GRAV EMFAB),4.3,V,False,False,False,False,-7.4999999999999964,22.599999999999994
2023-02-27,V ugm-3 (GRAV EMFAB),4.5,V,False,False,False,False,-7.4999999999999964,22.599999999999994
2023-02-28,V ugm-3 (GRAV EMFAB),4.1,V,False,False,False,False,-7.4999999999999964,22.599999999999994
2023-03-01,V ugm-3 (GRAV EMFAB),4.2,V,False,False,False,False,-7.4999999999999964,22.599999999999994
2023-03-02,V ugm-3 (GRAV EMFAB),12.7,V,False,False,False,False,-7.4999999999999964,22.599999999999994
2023-03-03,V ugm-3 (GRAV EMFAB),4.7,V,False,False,False,False,-7.4999999999999964,22.599999999999994
2023-03-04,V ugm-3 (GRAV EMFAB),5.6,V,False,False,False,False,-7.4999999999999964,22.599999999999994
2023-03-05,V ugm-3 (GRAV EMFAB),16.6,V,False,False,False,False,-7.4999999999999964,22.599999999999994
2023-03-06,V ugm-3 (GRAV EMFAB),11.1,V,False,False,False,False,-7.4999999999999964,22.599999999999994
2023-03-07,V ugm-3 (GRAV EMFAB),9.2,V,False,False,False,False,-7.4999999999999964,22.599999999999994
2023-03-08,V ugm-3 (GRAV EMFAB),11.1,V,False,False,False,False,-7.4999999999999964,22.599999999999994
2023-03-09,V ugm-3 (GRAV EMFAB),9.9,V,False,False,False,False,-7.4999999999999964,22.599999999999994
2023-03-10,V ugm-3 (GRAV EMFAB),3.9,V,False,False,False,False,-7.4999999999999964,22.599999999999994
2023-03-11,V ugm-3 (GRAV EMFAB),4.0,V,True,False,False,False,-7.4999999999999964,22.599999999999994
2023-03-12,V ugm-3 (GRAV EMFAB),4.1,V,True,False,False,False,-7.4999999999999964,22.599999999999994
2023-03-13,V ugm-3 (GRAV EMFAB),7.466666666666666,V,True,False,False,False,-7.4999999999999964,22.599999999999994
2023-03-14,V ugm-3 (GRAV EMFAB),4.3,V,False,False,False,False,-7.4999999999999964,22.599999999999994
2023-03-15,V ugm-3 (GRAV EMFAB),7.7,V,False,False,False,False,-7.4999999999999964,22.599999999999994
2023-03-16,V ugm-3 (GRAV EMFAB),7.2,V,False,False,False,False,-7.4999999999999964,22.599999999999994
2023-03-17,V ugm-3 (GRAV EMFAB),7.9,V,False,False,False,False,-7.4999999999999964,22.599999999999994
2023-03-18,V ugm-3 (GRAV EMFAB),6.9,V,False,False,False,False,-7.4999999999999964,22.599999999999994
2023-03-19,V ugm-3 (GRAV EMFAB),5.5,V,False,False,False,False,-7.4999999999999964,22.599999999999994
2023-03-20,V ugm-3 (GRAV EMFAB),6.4,V,False,False,False,False,-7.4999999999999964,22.599999999999994
2023-03-21,V ugm-3 (GRAV EMFAB),5.7,V,False,False,False,False,-7.4999999999999964,22.599999999999994
2023-03-22,V ugm-3 (GRAV EMFAB),5.9,V,False,False,False,False,-7.4999999999999964,22.599999999999994
2023-03-23,V ugm-3 (GRAV EMFAB),7.9,V,False,False,False,False,-7.4999999999999964,22.599999999999994
2023-03-24,V ugm-3 (GRAV EMFAB),7.7,V,True,False,False,False,-7.4999999999999964,22.599999999999994
2023-03-25,V ugm-3 (GRAV EMFAB),7.5,V,True,False,False,False,-7.4999999999999964,22.599999999999994
2023-03-26,V ugm-3 (GRAV EMFAB),8.733333333333333,V,True,False,False,False,-7.4999999999999964,22.599999999999994
2023-03-27,V ugm-3 (GRAV EMFAB),8.75,V,True,False,False,False,-7.4999999999999964,22.599999999999994
2023-03-28,V ugm-3 (GRAV EMFAB),6.9,V,False,False,False,False,-7.4999999999999964,22.599999999999994
2023-03-29,V ugm-3 (GRAV EMFAB),8.0,V,False,False,False,False,-7.4999999999999964,22.599999999999994
2023-03-30,V ugm-3 (GRAV EMFAB),9.6,V,False,False,False,False,-7.4999999999999964,22.599999999999994
2023-03-31,V ugm-3 (GRAV EMFAB),5.0,V,False,False,False,False,-7.4999999999999964,22.599999999999994
2023-04-01,V ugm-3 (GRAV EMFAB),2.9,V,False,False,False,False,-7.4999999999999964,22.599999999999994
2023-04-02,V ugm-3 (GRAV EMFAB),4.8,V,False,False,False,False,-7.4999999999999964,22.599999999999994
2023-04-03,V ugm-3 (GRAV EMFAB),7.7,V,False,False,False,False,-7.4999999999999964,22.599999999999994
2023-04-04,V ugm-3 (GRAV EMFAB),13.5,V,False,False,False,False,-7.4999999999999964,22.599999999999994
2023-04-05,V ugm-3 (GRAV EMFAB),15.2,V,False,False,False,False,-7.4999999999999964,22.599999999999994
2023-04-06,V ugm-3 (GRAV EMFAB),5.5,V,False,False,False,False,-7.4999999999999964,22.599999999999994
2023-04-07,V ugm-3 (GRAV EMFAB),5.4,V,False,False,False,False,-7.4999999999999964,22.599999999999994
2023-04-08,V ugm-3 (GRAV EMFAB),13.6,V,False,False,False,False,-7.4999999999999964,22.599999999999994
2023-04-09,V ugm-3 (GRAV EMFAB),15.4,V,False,False,False,False,-7.4999999999999964,22.599999999999994
2023-04-10,V ugm-3 (GRAV EMFAB),4.9,V,False,False,False,False,-7.4999999999999964,22.599999999999994
2023-04-11,V ugm-3 (GRAV EMFAB),5.0,V,False,False,False,False,-7.4999999999999964,22.599999999999994
2023-04-12,V ugm-3 (GRAV EMFAB),5.2,V,False,False,False,False,-7.4999999999999964,22.599999999999994
2023-04-13,V ugm-3 (GRAV EMFAB),5.4,V,False,False,False,False,-7.4999999999999964,22.599999999999994
2023-04-14,V ugm-3 (GRAV EMFAB),5.0,V,False,False,False,False,-7.4999999999999964,22.599999999999994
2023-04-15,V ugm-3 (GRAV EMFAB),8.7,V,False,False,False,False,-7.4999999999999964,22.599999999999994
2023-04-16,V ugm-3 (GRAV EMFAB),8.6,V,False,False,False,False,-7.4999999999999964,22.599999999999994
2023-04-17,V ugm-3 (GRAV EMFAB),13.9,V,False,False,False,False,-7.4999999999999964,22.599999999999994
2023-04-18,V ugm-3 (GRAV EMFAB),15.5,V,False,False,False,False,-7.4999999999999964,22.599999999999994
2023-04-19,V ugm-3 (GRAV EMFAB),13.1,V,False,False,False,False,-7.4999999999999964,22.599999999999994
2023-04-20,V ugm-3 (GRAV EMFAB),7.5,V,False,False,False,False,-7.4999999999999964,22.599999999999994
2023-04-21,V ugm-3 (GRAV EMFAB),16.3,V,False,False,False,False,-7.4999999999999964,22.599999999999994
2023-04-22,V ugm-3 (GRAV EMFAB),22.6,V,False,True,False,True,-7.4999999999999964,22.599999999999994
2023-04-23,V ugm-3 (GRAV EMFAB),6.7,V,False,False,False,False,-7.4999999999999964,22.599999999999994
2023-04-24,V ugm-3 (GRAV EMFAB),8.8,V,False,False,False,False,-7.4999999999999964,22.599999999999994
2023-04-25,V ugm-3 (GRAV EMFAB),6.2,V,False,False,False,False,-7.4999999999999964,22.599999999999994
2023-04-26,V ugm-3 (GRAV EMFAB),9.6,V,False,False,False,False,-7.4999999999999964,22.599999999999994
2023-04-27,V ugm-3 (GRAV EMFAB),18.3,V,False,False,False,False,-7.4999999999999964,22.599999999999994
2023-04-28,V ugm-3 (GRAV EMFAB),7.2,V,False,False,False,False,-7.4999999999999964,22.599999999999994
2023-04-29,V ugm-3 (GRAV EMFAB),11.5,V,False,False,False,False,-7.4999999999999964,22.599999999999994
2023-04-30,V ugm-3 (GRAV EMFAB),14.8,V,False,False,False,False,-7.4999999999999964,22.599999999999994
2023-05-01,V ugm-3 (GRAV EMFAB),5.3,V,False,False,False,False,-7.4999999999999964,22.599999999999994
2023-05-02,V ugm-3 (GRAV EMFAB),6.0,V,False,False,False,False,-7.4999999999999964,22.599999999999994
2023-05-03,V ugm-3 (GRAV EMFAB),9.0,V,False,False,False,False,-7.4999999999999964,22.599999999999994
2023-05-04,V ugm-3 (GRAV EMFAB),14.4,V,False,False,False,False,-7.4999999999999964,22.599999999999994
2023-05-05,V ugm-3 (GRAV EMFAB),7.0,V,False,False,False,False,-7.4999999999999964,22.599999999999994
2023-05-06,V ugm-3 (GRAV EMFAB),6.6,V,False,False,False,False,-7.4999999999999964,22.599999999999994
2023-05-07,V ugm-3 (GRAV EMFAB),6.9,V,False,False,False,False,-7.4999999999999964,22.599999999999994
2023-05-08,V ugm-3 (GRAV EMFAB),6.3,V,False,False,False,False,-7.4999999999999964,22.599999999999994
2023-05-09,V ugm-3 (GRAV EMFAB),5.6,V,False,False,False,False,-7.4999999999999964,22.599999999999994
2023-05-10,V ugm-3 (GRAV EMFAB),6.8,V,False,False,False,False,-7.4999999999999964,22.599999999999994
2023-05-11,V ugm-3 (GRAV EMFAB),6.7,V,False,False,False,False,-7.4999999999999964,22.599999999999994
2023-05-12,V ugm-3 (GRAV EMFAB),6.9,V,False,False,False,False,-7.4999999999999964,22.599999999999994
2023-05-13,V ugm-3 (GRAV EMFAB),8.5,V,False,False,False,False,-7.4999999999999964,22.599999999999994
2023-05-14,V ugm-3 (GRAV EMFAB),8.9,V,False,False,False,False,-7.4999999999999964,22.599999999999994
2023-05-15,V ugm-3 (GRAV EMFAB),4.7,V,False,False,False,False,-7.4999999999999964,22.599999999999994
2023-05-16,V ugm-3 (GRAV EMFAB),7.0,V,False,False,False,False,-7.4999999999999964,22.599999999999994
2023-05-17,V ugm-3 (GRAV EMFAB),8.0,V,False,False,False,False,-7.4999999999999964,22.599999999999994
2023-05-18,V ugm-3 (GRAV EMFAB),8.0,V,False,False,False,False,-7.4999999999999964,22.599999999999994
2023-05-19,V ugm-3 (GRAV EMFAB),8.6,V,False,False,False,False,-7.4999999999999964,22.599999999999994
2023-05-20,V ugm-3 (GRAV EMFAB),7.0,V,False,False,False,False,-7.4999999999999964,22.599999999999994
2023-05-21,V ugm-3 (GRAV EMFAB),6.2,V,False,False,False,False,-7.4999999999999964,22.599999999999994
2023-05-22,V ugm-3 (GRAV EMFAB),7.1,V,False,False,False,False,-7.4999999999999964,22.599999999999994
2023-05-23,V ugm-3 (GRAV EMFAB),6.4,V,False,False,False,False,-7.4999999999999964,22.599999999999994
2023-05-24,V ugm-3 (GRAV EMFAB),9.4,V,False,False,False,False,-7.4999999999999964,22.599999999999994
2023-05-25,V ugm-3 (GRAV EMFAB),8.6,V,False,False,False,False,-7.4999999999999964,22.599999999999994
2023-05-26,V ugm-3 (GRAV EMFAB),9.4,V,False,False,False,False,-7.4999999999999964,22.599999999999994
2023-05-27,V ugm-3 (GRAV EMFAB),8.7,V,False,False,False,False,-7.4999999999999964,22.599999999999994
2023-05-28,V ugm-3 (GRAV EMFAB),7.1,V,False,False,False,False,-7.4999999999999964,22.599999999999994
2023-05-29,V ugm-3 (GRAV EMFAB),5.4,V,False,False,False,False,-7.4999999999999964,22.599999999999994
2023-05-30,V ugm-3 (GRAV EMFAB),4.8,V,False,False,False,False,-7.4999999999999964,22.599999999999994
2023-05-31,V ugm-3 (GRAV EMFAB),4.6,V,False,False,False,False,-7.4999999999999964,22.599999999999994
2023-06-01,V ugm-3 (GRAV EMFAB),5.8,V,False,False,False,False,-7.4999999999999964,22.599999999999994
2023-06-02,V ugm-3 (GRAV EMFAB),5.6,V,False,False,False,False,-7.4999999999999964,22.599999999999994
2023-06-03,V ugm-3 (GRAV EMFAB),6.5,V,False,False,False,False,-7.4999999999999964,22.599999999999994
2023-06-04,V ugm-3 (GRAV EMFAB),5.8,V,False,False,False,False,-7.4999999999999964,22.599999999999994
2023-06-05,V ugm-3 (GRAV EMFAB),5.1,V,False,False,False,False,-7.4999999999999964,22.599999999999994
2023-06-06,V ugm-3 (GRAV EMFAB),4.9,V,False,False,False,False,-7.4999999999999964,22.599999999999994
2023-06-07,V ugm-3 (GRAV EMFAB),7.8,V,False,False,False,False,-7.4999999999999964,22.599999999999994
2023-06-08,V ugm-3 (GRAV EMFAB),7.1,V,False,False,False,False,-7.4999999999999964,22.599999999999994
2023-06-09,V ugm-3 (GRAV EMFAB),10.3,V,False,False,False,False,-7.4999999999999964,22.599999999999994
2023-06-10,V ugm-3 (GRAV EMFAB),15.3,V,False,False,False,False,-7.4999999999999964,22.599999999999994
2023-06-11,V ugm-3 (GRAV EMFAB),19.0,V,False,False,False,False,-7.4999999999999964,22.599999999999994
2023-06-12,V ugm-3 (GRAV EMFAB),16.4,V,True,False,False,False,-7.4999999999999964,22.599999999999994
2023-06-13,V ugm-3 (GRAV EMFAB),13.8,V,False,False,False,False,-7.4999999999999964,22.599999999999994
2023-06-14,V ugm-3 (GRAV EMFAB),12.0,V,False,False,False,False,-7.4999999999999964,22.599999999999994
2023-06-15,V ugm-3 (GRAV EMFAB),11.6,V,False,False,False,False,-7.4999999999999964,22.599999999999994
2023-06-16,V ugm-3 (GRAV EMFAB),11.4,V,False,False,False,False,-7.4999999999999964,22.599999999999994
2023-06-17,V ugm-3 (GRAV EMFAB),12.8,V,False,False,False,False,-7.4999999999999964,22.599999999999994
2023-06-18,V ugm-3 (GRAV EMFAB),13.7,V,False,False,False,False,-7.4999999999999964,22.599999999999994
2023-06-19,V ugm-3 (GRAV EMFAB),7.9,V,False,False,False,False,-7.4999999999999964,22.599999999999994
2023-06-20,V ugm-3 (GRAV EMFAB),7.9,V,False,False,False,False,-7.4999999999999964,22.599999999999994
2023-06-21,V ugm-3 (GRAV EMFAB),8.4,V,False,False,False,False,-7.4999999999999964,22.599999999999994
2023-06-22,V ugm-3 (GRAV EMFAB),7.4,V,False,False,False,False,-7.4999999999999964,22.599999999999994
2023-06-23,V ugm-3 (GRAV EMFAB),9.0,V,False,False,False,False,-7.4999999999999964,22.599999999999994
2023-06-24,V ugm-3 (GRAV EMFAB),7.4,V,False,False,False,False,-7.4999999999999964,22.599999999999994
2023-06-25,V ugm-3 (GRAV EMFAB),8.0,V,False,False,False,False,-7.4999999999999964,22.599999999999994
2023-06-26,V ugm-3 (GRAV EMFAB),6.0,V,False,False,False,False,-7.4999999999999964,22.599999999999994
2023-06-27,V ugm-3 (GRAV EMFAB),7.4,V,False,False,False,False,-7.4999999999999964,22.599999999999994
2023-06-28,V ugm-3 (GRAV EMFAB),11.3,V,False,False,False,False,-7.4999999999999964,22.599999999999994
2023-06-29,V ugm-3 (GRAV EMFAB),5.6,V,False,False,False,False,-7.4999999999999964,22.599999999999994
2023-06-30,V ugm-3 (GRAV EMFAB),6.4,V,False,False,False,False,-7.4999999999999964,22.599999999999994
2023-07-01,V ugm-3 (GRAV EMFAB),6.3,V,False,False,False,False,-7.4999999999999964,22.599999999999994
2023-07-02,V ugm-3 (GRAV EMFAB),8.9,V,False,False,False,False,-7.4999999999999964,22.599999999999994
2023-07-03,V ugm-3 (GRAV EMFAB),6.4,V,False,False,False,False,-7.4999999999999964,22.599999999999994
2023-07-04,V ugm-3 (GRAV EMFAB),6.5,V,False,False,False,False,-7.4999999999999964,22.599999999999994
2023-07-05,V ugm-3 (GRAV EMFAB),5.9,V,False,False,False,False,-7.4999999999999964,22.599999999999994
2023-07-06,V ugm-3 (GRAV EMFAB),6.8,V,False,False,False,False,-7.4999999999999964,22.599999999999994
2023-07-07,V ugm-3 (GRAV EMFAB),10.8,V,False,False,False,False,-7.4999999999999964,22.599999999999994
2023-07-08,V ugm-3 (GRAV EMFAB),10.8,V,False,False,False,False,-7.4999999999999964,22.599999999999994
2023-07-09,V ugm-3 (GRAV EMFAB),6.3,V,False,False,False,False,-7.4999999999999964,22.599999999999994
2023-07-10,V ugm-3 (GRAV EMFAB),6.0,V,False,False,False,False,-7.4999999999999964,22.599999999999994
2023-07-11,V ugm-3 (GRAV EMFAB),6.0,V,False,False,False,False,-7.4999999999999964,22.599999999999994
2023-07-12,V ugm-3 (GRAV EMFAB),6.0,V,False,False,False,False,-7.4999999999999964,22.599999999999994
2023-07-13,V ugm-3 (GRAV EMFAB),5.9,V,False,False,False,False,-7.4999999999999964,22.599999999999994
2023-07-14,V ugm-3 (GRAV EMFAB),6.1,V,False,False,False,False,-7.4999999999999964,22.599999999999994
2023-07-15,V ugm-3 (GRAV EMFAB),5.9,V,False,False,False,False,-7.4999999999999964,22.599999999999994
2023-07-16,V ugm-3 (GRAV EMFAB),5.4,V,False,False,False,False,-7.4999999999999964,22.599999999999994
2023-07-17,V ugm-3 (GRAV EMFAB),5.9,V,False,False,False,False,-7.4999999999999964,22.599999999999994
2023-07-18,V ugm-3 (GRAV EMFAB),6.6,V,False,False,False,False,-7.4999999999999964,22.599999999999994
2023-07-19,V ugm-3 (GRAV EMFAB),5.5,V,False,False,False,False,-7.4999999999999964,22.599999999999994
2023-07-20,V ugm-3 (GRAV EMFAB),5.5,V,False,False,False,False,-7.4999999999999964,22.599999999999994
2023-07-21,V ugm-3 (GRAV EMFAB),8.5,V,False,False,False,False,-7.4999999999999964,22.599999999999994
2023-07-22,V ugm-3 (GRAV EMFAB),4.8,V,False,False,False,False,-7.4999999999999964,22.599999999999994
2023-07-23,V ugm-3 (GRAV EMFAB),4.7,V,False,False,False,False,-7.4999999999999964,22.599999999999994
2023-07-24,V ugm-3 (GRAV EMFAB),4.3,V,False,False,False,False,-7.4999999999999964,22.599999999999994
2023-07-25,V ugm-3 (GRAV EMFAB),5.1,V,False,False,False,False,-7.4999999999999964,22.599999999999994
2023-07-26,V ugm-3 (GRAV EMFAB),6.4,V,False,False,False,False,-7.4999999999999964,22.599999999999994
2023-07-27,V ugm-3 (GRAV EMFAB),4.7,V,False,False,False,False,-7.4999999999999964,22.599999999999994
2023-07-28,V ugm-3 (GRAV EMFAB),4.3,V,False,False,False,False,-7.4999999999999964,22.599999999999994
2023-07-29,V ugm-3 (GRAV EMFAB),5.1,V,False,False,False,False,-7.4999999999999964,22.599999999999994
2023-07-30,V ugm-3 (GRAV EMFAB),4.8,V,False,False,False,False,-7.4999999999999964,22.599999999999994
2023-07-31,V ugm-3 (GRAV EMFAB),5.2,V,False,False,False,False,-7.4999999999999964,22.599999999999994
2023-08-01,V ugm-3 (GRAV EMFAB),5.7,V,False,False,False,False,-7.4999999999999964,22.599999999999994
2023-08-02,V ugm-3 (GRAV EMFAB),4.2,V,False,False,False,False,-7.4999999999999964,22.599999999999994
2023-08-03,V ugm-3 (GRAV EMFAB),4.7,V,False,False,False,False,-7.4999999999999964,22.599999999999994
2023-08-04,V ugm-3 (GRAV EMFAB),6.4,V,False,False,False,False,-7.4999999999999964,22.599999999999994
2023-08-05,V ugm-3 (GRAV EMFAB),5.5,V,False,False,False,False,-7.4999999999999964,22.599999999999994
2023-08-06,V ugm-3 (GRAV EMFAB),3.9,V,False,False,False,False,-7.4999999999999964,22.599999999999994
2023-08-07,V ugm-3 (GRAV EMFAB),5.0,V,False,False,False,False,-7.4999999999999964,22.599999999999994
2023-08-08,V ugm-3 (GRAV EMFAB),5.5,V,False,False,False,False,-7.4999999999999964,22.599999999999994
2023-08-09,V ugm-3 (GRAV EMFAB),5.8,V,False,False,False,False,-7.4999999999999964,22.599999999999994
2023-08-10,V ugm-3 (GRAV EMFAB),6.7,V,False,False,False,False,-7.4999999999999964,22.599999999999994
2023-08-11,V ugm-3 (GRAV EMFAB),5.6,V,False,False,False,False,-7.4999999999999964,22.599999999999994
2023-08-12,V ugm-3 (GRAV EMFAB),5.6,V,False,False,False,False,-7.4999999999999964,22.599999999999994
2023-08-13,V ugm-3 (GRAV EMFAB),4.0,V,False,False,False,False,-7.4999999999999964,22.599999999999994
2023-08-14,V ugm-3 (GRAV EMFAB),4.8,V,False,False,False,False,-7.4999999999999964,22.599999999999994
2023-08-15,V ugm-3 (GRAV EMFAB),5.4,V,False,False,False,False,-7.4999999999999964,22.599999999999994
2023-08-16,V ugm-3 (GRAV EMFAB),6.9,V,False,False,False,False,-7.4999999999999964,22.599999999999994
2023-08-17,V ugm-3 (GRAV EMFAB),5.7,V,False,False,False,False,-7.4999999999999964,22.599999999999994
2023-08-18,V ugm-3 (GRAV EMFAB),16.3,V,False,False,False,False,-7.4999999999999964,22.599999999999994
2023-08-19,V ugm-3 (GRAV EMFAB),5.8,V,False,False,False,False,-7.4999999999999964,22.599999999999994
2023-08-20,V ugm-3 (GRAV EMFAB),5.3,V,False,False,False,False,-7.4999999999999964,22.599999999999994
2023-08-21,V ugm-3 (GRAV EMFAB),5.4,V,False,False,False,False,-7.4999999999999964,22.599999999999994
2023-08-22,V ugm-3 (GRAV EMFAB),4.9,V,False,False,False,False,-7.4999999999999964,22.599999999999994
2023-08-23,V ugm-3 (GRAV EMFAB),6.4,V,False,False,False,False,-7.4999999999999964,22.599999999999994
2023-08-24,V ugm-3 (GRAV EMFAB),8.7,V,False,False,False,False,-7.4999999999999964,22.599999999999994
2023-08-25,V ugm-3 (GRAV EMFAB),4.6,V,False,False,False,False,-7.4999999999999964,22.599999999999994
2023-08-26,V ugm-3 (GRAV EMFAB),5.4,V,False,False,False,False,-7.4999999999999964,22.599999999999994
2023-08-27,V ugm-3 (GRAV EMFAB),4.3,V,False,False,False,False,-7.4999999999999964,22.599999999999994
2023-08-28,V ugm-3 (GRAV EMFAB),4.2,V,False,False,False,False,-7.4999999999999964,22.599999999999994
2023-08-29,V ugm-3 (GRAV EMFAB),5.5,V,False,False,False,False,-7.4999999999999964,22.599999999999994
2023-08-30,V ugm-3 (GRAV EMFAB),4.7,V,False,False,False,False,-7.4999999999999964,22.599999999999994
2023-08-31,V ugm-3 (GRAV EMFAB),6.7,V,False,False,False,False,-7.4999999999999964,22.599999999999994
2023-09-01,V ugm-3 (GRAV EMFAB),6.0,V,False,False,False,False,-7.4999999999999964,22.599999999999994
2023-09-02,V ugm-3 (GRAV EMFAB),8.2,V,False,False,False,False,-7.4999999999999964,22.599999999999994
2023-09-03,V ugm-3 (GRAV EMFAB),11.5,V,False,False,False,False,-7.4999999999999964,22.599999999999994
2023-09-04,V ugm-3 (GRAV EMFAB),10.8,V,False,False,False,False,-7.4999999999999964,22.599999999999994
2023-09-05,V ugm-3 (GRAV EMFAB),12.8,V,False,False,False,False,-7.4999999999999964,22.599999999999994
2023-09-06,V ugm-3 (GRAV EMFAB),20.2,V,False,False,False,False,-7.4999999999999964,22.599999999999994
2023-09-07,V ugm-3 (GRAV EMFAB),20.7,V,False,False,False,False,-7.4999999999999964,22.599999999999994
2023-09-08,V ugm-3 (GRAV EMFAB),16.9,V,False,False,False,False,-7.4999999999999964,22.599999999999994
2023-09-09,V ugm-3 (GRAV EMFAB),19.1,V,False,False,False,False,-7.4999999999999964,22.599999999999994
2023-09-10,V ugm-3 (GRAV EMFAB),20.4,V,False,False,False,False,-7.4999999999999964,22.599999999999994
2023-09-11,V ugm-3 (GRAV EMFAB),8.5,V,False,False,False,False,-7.4999999999999964,22.599999999999994
2023-09-12,V ugm-3 (GRAV EMFAB),5.4,V,False,False,False,False,-7.4999999999999964,22.599999999999994
2023-09-13,V ugm-3 (GRAV EMFAB),5.3,V,False,False,False,False,-7.4999999999999964,22.599999999999994
2023-09-14,V ugm-3 (GRAV EMFAB),6.4,V,False,False,False,False,-7.4999999999999964,22.599999999999994
2023-09-15,V ugm-3 (GRAV EMFAB),9.3,V,False,False,False,False,-7.4999999999999964,22.599999999999994
2023-09-16,V ugm-3 (GRAV EMFAB),9.9,V,False,False,False,False,-7.4999999999999964,22.599999999999994
2023-09-17,V ugm-3 (GRAV EMFAB),18.1,V,False,False,False,False,-7.4999999999999964,22.599999999999994
2023-09-18,V ugm-3 (GRAV EMFAB),5.6,V,False,False,False,False,-7.4999999999999964,22.599999999999994
2023-09-19,V ugm-3 (GRAV EMFAB),5.2,V,False,False,False,False,-7.4999999999999964,22.599999999999994
2023-09-20,V ugm-3 (GRAV EMFAB),5.9,V,False,False,False,False,-7.4999999999999964,22.599999999999994
2023-09-21,V ugm-3 (GRAV EMFAB),5.7,V,False,False,False,False,-7.4999999999999964,22.599999999999994
2023-09-22,V ugm-3 (GRAV EMFAB),5.5,V,False,False,False,False,-7.4999999999999964,22.599999999999994
2023-09-23,V ugm-3 (GRAV EMFAB),5.9,V,False,False,False,False,-7.4999999999999964,22.599999999999994
2023-09-24,V ugm-3 (GRAV EMFAB),5.6,V,False,False,False,False,-7.4999999999999964,22.599999999999994
2023-09-25,V ugm-3 (GRAV EMFAB),6.8,V,False,False,False,False,-7.4999999999999964,22.599999999999994
2023-09-26,V ugm-3 (GRAV EMFAB),6.6,V,False,False,False,False,-7.4999999999999964,22.599999999999994
2023-09-27,V ugm-3 (GRAV EMFAB),7.2,V,False,False,False,False,-7.4999999999999964,22.599999999999994
2023-09-28,V ugm-3 (GRAV EMFAB),6.3,V,False,False,False,False,-7.4999999999999964,22.599999999999994
2023-09-29,V ugm-3 (GRAV EMFAB),5.7,V,False,False,False,False,-7.4999999999999964,22.599999999999994
2023-09-30,V ugm-3 (GRAV EMFAB),6.2,V,False,False,False,False,-7.4999999999999964,22.599999999999994
2023-10-01,V ugm-3 (GRAV EMFAB),8.1,V,False,False,False,False,-7.4999999999999964,22.599999999999994
2023-10-02,V ugm-3 (GRAV EMFAB),10.5,V,False,False,False,False,-7.4999999999999964,22.599999999999994
2023-10-03,V ugm-3 (GRAV EMFAB),5.6,V,False,False,False,False,-7.4999999999999964,22.599999999999994
2023-10-04,V ugm-3 (GRAV EMFAB),5.7,V,False,False,False,False,-7.4999999999999964,22.599999999999994
2023-10-05,V ugm-3 (GRAV EMFAB),6.0,V,False,False,False,False,-7.4999999999999964,22.599999999999994
2023-10-06,V ugm-3 (GRAV EMFAB),6.7,V,False,False,False,False,-7.4999999999999964,22.599999999999994
2023-10-07,V ugm-3 (GRAV EMFAB),8.8,V,False,False,False,False,-7.4999999999999964,22.599999999999994
2023-10-08,V ugm-3 (GRAV EMFAB),11.1,V,False,False,False,False,-7.4999999999999964,22.599999999999994
2023-10-09,V ugm-3 (GRAV EMFAB),14.3,V,False,False,False,False,-7.4999999999999964,22.599999999999994
2023-10-10,V ugm-3 (GRAV EMFAB),13.0,V,False,False,False,False,-7.4999999999999964,22.599999999999994
2023-10-11,V ugm-3 (GRAV EMFAB),10.8,V,False,False,False,False,-7.4999999999999964,22.599999999999994
2023-10-12,V ugm-3 (GRAV EMFAB),6.0,V,False,False,False,False,-7.4999999999999964,22.599999999999994
2023-10-13,V ugm-3 (GRAV EMFAB),5.8,V,False,False,False,False,-7.4999999999999964,22.599999999999994
2023-10-14,V ugm-3 (GRAV EMFAB),4.9,V,False,False,False,False,-7.4999999999999964,22.599999999999994
2023-10-15,V ugm-3 (GRAV EMFAB),5.8,V,False,False,False,False,-7.4999999999999964,22.599999999999994
2023-10-16,V ugm-3 (GRAV EMFAB),8.4,V,False,False,False,False,-7.4999999999999964,22.599999999999994
2023-10-17,V ugm-3 (GRAV EMFAB),5.8,V,False,False,False,False,-7.4999999999999964,22.599999999999994
2023-10-18,V ugm-3 (GRAV EMFAB),6.8,V,False,False,False,False,-7.4999999999999964,22.599999999999994
2023-10-19,V ugm-3 (GRAV EMFAB),5.2,V,False,False,False,False,-7.4999999999999964,22.599999999999994
2023-10-20,V ugm-3 (GRAV EMFAB),5.5,V,False,False,False,False,-7.4999999999999964,22.599999999999994
2023-10-21,V ugm-3 (GRAV EMFAB),4.1,V,False,False,False,False,-7.4999999999999964,22.599999999999994
2023-10-22,V ugm-3 (GRAV EMFAB),5.7,V,False,False,False,False,-7.4999999999999964,22.599999999999994
2023-10-23,V ugm-3 (GRAV EMFAB),8.1,V,False,False,False,False,-7.4999999999999964,22.599999999999994
2023-10-24,V ugm-3 (GRAV EMFAB),8.7,V,False,False,False,False,-7.4999999999999964,22.599999999999994
2023-10-25,V ugm-3 (GRAV EMFAB),9.3,V,False,False,False,False,-7.4999999999999964,22.599999999999994
2023-10-26,V ugm-3 (GRAV EMFAB),7.2,V,False,False,False,False,-7.4999999999999964,22.599999999999994
2023-10-27,V ugm-3 (GRAV EMFAB),6.0,V,False,False,False,False,-7.4999999999999964,22.599999999999994
2023-10-28,V ugm-3 (GRAV EMFAB),4.2,V,False,False,False,False,-7.4999999999999964,22.599999999999994
2023-10-29,V ugm-3 (GRAV EMFAB),3.2,V,False,False,False,False,-7.4999999999999964,22.599999999999994
2023-10-30,V ugm-3 (GRAV EMFAB),5.9,V,False,False,False,False,-7.4999999999999964,22.599999999999994
2023-10-31,V ugm-3 (GRAV EMFAB),6.7,V,False,False,False,False,-7.4999999999999964,22.599999999999994
2023-11-01,V ugm-3 (GRAV EMFAB),4.1,V,False,False,False,False,-7.4999999999999964,22.599999999999994
2023-11-02,V ugm-3 (GRAV EMFAB),3.1,V,False,False,False,False,-7.4999999999999964,22.599999999999994
2023-11-03,V ugm-3 (GRAV EMFAB),5.9,V,False,False,False,False,-7.4999999999999964,22.599999999999994
2023-11-04,V ugm-3 (GRAV EMFAB),7.1,V,False,False,False,False,-7.4999999999999964,22.599999999999994
2023-11-05,V ugm-3 (GRAV EMFAB),9.4,V,False,False,False,False,-7.4999999999999964,22.599999999999994
2023-11-06,V ugm-3 (GRAV EMFAB),6.8,V,False,False,False,False,-7.4999999999999964,22.599999999999994
2023-11-07,V ugm-3 (GRAV EMFAB),6.2,V,False,False,False,False,-7.4999999999999964,22.599999999999994
2023-11-08,V ugm-3 (GRAV EMFAB),5.9,V,False,False,False,False,-7.4999999999999964,22.599999999999994
2023-11-09,V ugm-3 (GRAV EMFAB),5.5,V,False,False,False,False,-7.4999999999999964,22.599999999999994
2023-11-10,V ugm-3 (GRAV EMFAB),6.3,V,False,False,False,False,-7.4999999999999964,22.599999999999994
2023-11-11,V ugm-3 (GRAV EMFAB),12.0,V,False,False,False,False,-7.4999999999999964,22.599999999999994
2023-11-12,V ugm-3 (GRAV EMFAB),13.6,V,False,False,False,False,-7.4999999999999964,22.599999999999994
2023-11-13,V ugm-3 (GRAV EMFAB),5.3,V,False,False,False,False,-7.4999999999999964,22.599999999999994
2023-11-14,V ugm-3 (GRAV EMFAB),6.4,V,False,False,False,False,-7.4999999999999964,22.599999999999994
2023-11-15,V ugm-3 (GRAV EMFAB),6.4,V,False,False,False,False,-7.4999999999999964,22.599999999999994
2023-11-16,V ugm-3 (GRAV EMFAB),10.9,V,False,False,False,False,-7.4999999999999964,22.599999999999994
2023-11-17,V ugm-3 (GRAV EMFAB),9.8,V,False,False,False,False,-7.4999999999999964,22.599999999999994
2023-11-18,V ugm-3 (GRAV EMFAB),4.5,V,False,False,False,False,-7.4999999999999964,22.599999999999994
2023-11-19,V ugm-3 (GRAV EMFAB),5.0,V,False,False,False,False,-7.4999999999999964,22.599999999999994
2023-11-20,V ugm-3 (GRAV EMFAB),4.3,V,False,False,False,False,-7.4999999999999964,22.599999999999994
2023-11-21,V ugm-3 (GRAV EMFAB),2.3,V,False,False,False,False,-7.4999999999999964,22.599999999999994
2023-11-22,V ugm-3 (GRAV EMFAB),10.3,V,False,False,False,False,-7.4999999999999964,22.599999999999994
2023-11-23,V ugm-3 (GRAV EMFAB),6.7,V,False,False,False,False,-7.4999999999999964,22.599999999999994
2023-11-24,V ugm-3 (GRAV EMFAB),4.7,V,False,False,False,False,-7.4999999999999964,22.599999999999994
2023-11-25,V ugm-3 (GRAV EMFAB),11.3,V,False,False,False,False,-7.4999999999999964,22.599999999999994
2023-11-26,V ugm-3 (GRAV EMFAB),9.8,V,True,False,False,False,-7.4999999999999964,22.599999999999994
2023-11-27,V ugm-3 (GRAV EMFAB),8.3,V,True,False,False,False,-7.4999999999999964,22.599999999999994
2023-11-28,V ugm-3 (GRAV EMFAB),6.8,V,False,False,False,False,-7.4999999999999964,22.599999999999994
2023-11-29,V ugm-3 (GRAV EMFAB),13.2,V,False,False,False,False,-7.4999999999999964,22.599999999999994
2023-11-30,V ugm-3 (GRAV EMFAB),11.2,V,False,False,False,False,-7.4999999999999964,22.599999999999994
2023-12-01,V ugm-3 (GRAV EMFAB),11.1,V,False,False,False,False,-7.4999999999999964,22.599999999999994
2023-12-02,V ugm-3 (GRAV EMFAB),18.4,V,False,False,False,False,-7.4999999999999964,22.599999999999994
2023-12-03,V ugm-3 (GRAV EMFAB),9.4,V,False,False,False,False,-7.4999999999999964,22.599999999999994
2023-12-04,V ugm-3 (GRAV EMFAB),6.2,V,False,False,False,False,-7.4999999999999964,22.599999999999994
2023-12-05,V ugm-3 (GRAV EMFAB),5.8,V,False,False,False,False,-7.4999999999999964,22.599999999999994
2023-12-06,V ugm-3 (GRAV EMFAB),13.9,V,False,False,False,False,-7.4999999999999964,22.599999999999994
2023-12-07,V ugm-3 (GRAV EMFAB),7.7,V,False,False,False,False,-7.4999999999999964,22.599999999999994
2023-12-08,V ugm-3 (GRAV EMFAB),9.7,V,False,False,False,False,-7.4999999999999964,22.599999999999994
2023-12-09,V ugm-3 (GRAV EMFAB),6.1,V,False,False,False,False,-7.4999999999999964,22.599999999999994
2023-12-10,V ugm-3 (GRAV EMFAB),7.4,V,False,False,False,False,-7.4999999999999964,22.599999999999994
2023-12-11,V ugm-3 (GRAV EMFAB),8.1,V,False,False,False,False,-7.4999999999999964,22.599999999999994
2023-12-12,V ugm-3 (GRAV EMFAB),6.1,V,False,False,False,False,-7.4999999999999964,22.599999999999994
2023-12-13,V ugm-3 (GRAV EMFAB),3.8,V,False,False,False,False,-7.4999999999999964,22.599999999999994
2023-12-14,V ugm-3 (GRAV EMFAB),11.9,V,False,False,False,False,-7.4999999999999964,22.599999999999994
2023-12-15,V ugm-3 (GRAV EMFAB),14.2,V,False,False,False,False,-7.4999999999999964,22.599999999999994
2023-12-16,V ugm-3 (GRAV EMFAB),5.4,V,False,False,False,False,-7.4999999999999964,22.599999999999994
2023-12-17,V ugm-3 (GRAV EMFAB),6.6,V,False,False,False,False,-7.4999999999999964,22.599999999999994
2023-12-18,V ugm-3 (GRAV EMFAB),6.3,V,False,False,False,False,-7.4999999999999964,22.599999999999994
2023-12-19,V ugm-3 (GRAV EMFAB),4.4,V,False,False,False,False,-7.4999999999999964,22.599999999999994
2023-12-20,V ugm-3 (GRAV EMFAB),5.6,V,False,False,False,False,-7.4999999999999964,22.599999999999994
2023-12-21,V ugm-3 (GRAV EMFAB),4.1,V,False,False,False,False,-7.4999999999999964,22.599999999999994
2023-12-22,V ugm-3 (GRAV EMFAB),3.7,V,False,False,False,False,-7.4999999999999964,22.599999999999994
2023-12-23,V ugm-3 (GRAV EMFAB),3.4,V,False,False,False,False,-7.4999999999999964,22.599999999999994
2023-12-24,V ugm-3 (GRAV EMFAB),1.9,V,False,False,False,False,-7.4999999999999964,22.599999999999994
2023-12-25,V ugm-3 (GRAV EMFAB),2.3,V,False,False,False,False,-7.4999999999999964,22.599999999999994
2023-12-26,V ugm-3 (GRAV EMFAB),6.3,V,False,False,False,False,-7.4999999999999964,22.599999999999994
2023-12-27,V ugm-3 (GRAV EMFAB),5.4,V,False,False,False,False,-7.4999999999999964,22.599999999999994
2023-12-28,V ugm-3 (GRAV EMFAB),6.8,V,False,False,False,False,-7.4999999999999964,22.599999999999994
2023-12-29,V ugm-3 (GRAV EMFAB),4.3,V,False,False,False,False,-7.4999999999999964,22.599999999999994
2023-12-30,V ugm-3 (GRAV EMFAB),4.2,V,False,False,False,False,-7.4999999999999964,22.599999999999994
2023-12-31,V ugm-3 (GRAV EMFAB),3.4,V,False,False,False,False,-7.4999999999999964,22.599999999999994
2024-01-01,V ugm-3 (GRAV EMFAB),4.3,V,False,False,False,False,-7.4999999999999964,22.599999999999994
2024-01-02,V ugm-3 (GRAV EMFAB),3.5,V,False,False,False,False,-7.4999999999999964,22.599999999999994
2024-01-03,V ugm-3 (GRAV EMFAB),5.3,V,False,False,False,False,-7.4999999999999964,22.599999999999994
2024-01-04,V ugm-3 (GRAV EMFAB),5.0,V,False,False,False,False,-7.4999999999999964,22.599999999999994
2024-01-05,V ugm-3 (GRAV EMFAB),6.5,V,False,False,False,False,-7.4999999999999964,22.599999999999994
2024-01-06,V ugm-3 (GRAV EMFAB),4.5,V,False,False,False,False,-7.4999999999999964,22.599999999999994
2024-01-07,V ugm-3 (GRAV EMFAB),3.7,V,False,False,False,False,-7.4999999999999964,22.599999999999994
2024-01-08,V ugm-3 (GRAV EMFAB),4.2,V,False,False,False,False,-7.4999999999999964,22.599999999999994
2024-01-09,V ugm-3 (GRAV EMFAB),5.4,V,False,False,False,False,-7.4999999999999964,22.599999999999994
2024-01-10,V ugm-3 (GRAV EMFAB),4.2,V,False,False,False,False,-7.4999999999999964,22.599999999999994
2024-01-11,V ugm-3 (GRAV EMFAB),6.0,V,False,False,False,False,-7.4999999999999964,22.599999999999994
2024-01-12,V ugm-3 (GRAV EMFAB),4.5,V,False,False,False,False,-7.4999999999999964,22.599999999999994
2024-01-13,V ugm-3 (GRAV EMFAB),16.7,V,False,False,False,False,-7.4999999999999964,22.599999999999994
2024-01-14,V ugm-3 (GRAV EMFAB),12.4,V,False,False,False,False,-7.4999999999999964,22.599999999999994
2024-01-15,V ugm-3 (GRAV EMFAB),9.3,V,False,False,False,False,-7.4999999999999964,22.599999999999994
2024-01-16,V ugm-3 (GRAV EMFAB),17.2,V,False,False,False,False,-7.4999999999999964,22.599999999999994
2024-01-17,V ugm-3 (GRAV EMFAB),14.2,V,False,False,False,False,-7.4999999999999964,22.599999999999994
2024-01-18,V ugm-3 (GRAV EMFAB),16.6,V,False,False,False,False,-7.4999999999999964,22.599999999999994
2024-01-19,V ugm-3 (GRAV EMFAB),17.3,V,False,False,False,False,-7.4999999999999964,22.599999999999994
2024-01-20,V ugm-3 (GRAV EMFAB),8.1,V,False,False,False,False,-7.4999999999999964,22.599999999999994
2024-01-21,V ugm-3 (GRAV EMFAB),6.4,V,False,False,False,False,-7.4999999999999964,22.599999999999994
2024-01-22,V ugm-3 (GRAV EMFAB),6.2,V,False,False,False,False,-7.4999999999999964,22.599999999999994
2024-01-23,V ugm-3 (GRAV EMFAB),4.4,V,False,False,False,False,-7.4999999999999964,22.599999999999994
2024-01-24,V ugm-3 (GRAV EMFAB),10.9,V,False,False,False,False,-7.4999999999999964,22.599999999999994
2024-01-25,V ugm-3 (GRAV EMFAB),7.4,V,False,False,False,False,-7.4999999999999964,22.599999999999994
2024-01-26,V ugm-3 (GRAV EMFAB),6.8,V,False,False,False,False,-7.4999999999999964,22.599999999999994
2024-01-27,V ugm-3 (GRAV EMFAB),9.0,V,False,False,False,False,-7.4999999999999964,22.599999999999994
2024-01-28,V ugm-3 (GRAV EMFAB),12.1,V,False,False,False,False,-7.4999999999999964,22.599999999999994
2024-01-29,V ugm-3 (GRAV EMFAB),15.3,V,False,False,False,False,-7.4999999999999964,22.599999999999994
2024-01-30,V ugm-3 (GRAV EMFAB),4.7,V,False,False,False,False,-7.4999999999999964,22.599999999999994
2024-01-31,V ugm-3 (GRAV EMFAB),9.1,V,False,False,False,False,-7.4999999999999964,22.599999999999994
2024-02-01,V ugm-3 (GRAV EMFAB),9.7,V,False,False,False,False,-7.4999999999999964,22.599999999999994
2024-02-02,V ugm-3 (GRAV EMFAB),5.9,V,False,False,False,False,-7.4999999999999964,22.599999999999994
2024-02-03,V ugm-3 (GRAV EMFAB),4.8,V,False,False,False,False,-7.4999999999999964,22.599999999999994
2024-02-04,V ugm-3 (GRAV EMFAB),5.3,V,False,False,False,False,-7.4999999999999964,22.599999999999994
2024-02-05,V ugm-3 (GRAV EMFAB),8.8,V,False,False,False,False,-7.4999999999999964,22.599999999999994
2024-02-06,V ugm-3 (GRAV EMFAB),8.5,V,False,False,False,False,-7.4999999999999964,22.599999999999994
2024-02-07,V ugm-3 (GRAV EMFAB),5.2,V,False,False,False,False,-7.4999999999999964,22.599999999999994
2024-02-08,V ugm-3 (GRAV EMFAB),7.7,V,False,False,False,False,-7.4999999999999964,22.599999999999994
2024-02-09,V ugm-3 (GRAV EMFAB),5.7,V,False,False,False,False,-7.4999999999999964,22.599999999999994
2024-02-10,V ugm-3 (GRAV EMFAB),6.0,V,False,False,False,False,-7.4999999999999964,22.599999999999994
2024-02-11,V ugm-3 (GRAV EMFAB),8.0,V,False,False,False,False,-7.4999999999999964,22.599999999999994
2024-02-12,V ugm-3 (GRAV EMFAB),6.6,V,False,False,False,False,-7.4999999999999964,22.599999999999994
2024-02-13,V ugm-3 (GRAV EMFAB),5.2,V,False,False,False,False,-7.4999999999999964,22.599999999999994
2024-02-14,V ugm-3 (GRAV EMFAB),5.3,V,False,False,False,False,-7.4999999999999964,22.599999999999994
2024-02-15,V ugm-3 (GRAV EMFAB),8.4,V,False,False,False,False,-7.4999999999999964,22.599999999999994
2024-02-16,V ugm-3 (GRAV EMFAB),7.1,V,False,False,False,False,-7.4999999999999964,22.599999999999994
2024-02-17,V ugm-3 (GRAV EMFAB),5.3,V,False,False,False,False,-7.4999999999999964,22.599999999999994
2024-02-18,V ugm-3 (GRAV EMFAB),4.6,V,False,False,False,False,-7.4999999999999964,22.599999999999994
2024-02-19,V ugm-3 (GRAV EMFAB),7.2,V,False,False,False,False,-7.4999999999999964,22.599999999999994
2024-02-20,V ugm-3 (GRAV EMFAB),7.5,V,False,False,False,False,-7.4999999999999964,22.599999999999994
2024-02-21,V ugm-3 (GRAV EMFAB),4.7,V,False,False,False,False,-7.4999999999999964,22.599999999999994
2024-02-22,V ugm-3 (GRAV EMFAB),4.0,V,False,False,False,False,-7.4999999999999964,22.599999999999994
2024-02-23,V ugm-3 (GRAV EMFAB),5.6,V,False,False,False,False,-7.4999999999999964,22.599999999999994
2024-02-24,V ugm-3 (GRAV EMFAB),9.8,V,False,False,False,False,-7.4999999999999964,22.599999999999994
2024-02-25,V ugm-3 (GRAV EMFAB),12.9,V,False,False,False,False,-7.4999999999999964,22.599999999999994
2024-02-26,V ugm-3 (GRAV EMFAB),3.0,V,False,False,False,False,-7.4999999999999964,22.599999999999994
2024-02-27,V ugm-3 (GRAV EMFAB),7.0,V,False,False,False,False,-7.4999999999999964,22.599999999999994
2024-02-28,V ugm-3 (GRAV EMFAB),6.5,V,False,False,False,False,-7.4999999999999964,22.599999999999994
2024-02-29,V ugm-3 (GRAV EMFAB),4.2,V,False,False,False,False,-7.4999999999999964,22.599999999999994
2024-03-01,V ugm-3 (GRAV EMFAB),4.9,V,False,False,False,False,-7.4999999999999964,22.599999999999994
2024-03-02,V ugm-3 (GRAV EMFAB),4.0,V,False,False,False,False,-7.4999999999999964,22.599999999999994
2024-03-03,V ugm-3 (GRAV EMFAB),9.4,V,False,False,False,False,-7.4999999999999964,22.599999999999994
2024-03-04,V ugm-3 (GRAV EMFAB),7.2,V,False,False,False,False,-7.4999999999999964,22.599999999999994
2024-03-05,V ugm-3 (GRAV EMFAB),5.4,V,False,False,False,False,-7.4999999999999964,22.599999999999994
2024-03-06,V ugm-3 (GRAV EMFAB),21.9,V,False,False,False,False,-7.4999999999999964,22.599999999999994
2024-03-07,V ugm-3 (GRAV EMFAB),30.5,V,False,True,False,True,-7.4999999999999964,22.599999999999994
2024-03-08,V ugm-3 (GRAV EMFAB),26.6,V,False,True,False,True,-7.4999999999999964,22.599999999999994
2024-03-09,V ugm-3 (GRAV EMFAB),13.7,V,False,False,False,False,-7.4999999999999964,22.599999999999994
2024-03-10,V ugm-3 (GRAV EMFAB),15.0,V,False,False,False,False,-7.4999999999999964,22.599999999999994
2024-03-11,V ugm-3 (GRAV EMFAB),32.3,V,False,True,False,True,-7.4999999999999964,22.599999999999994
2024-03-12,V ugm-3 (GRAV EMFAB),23.866666666666667,V,True,True,False,True,-7.4999999999999964,22.599999999999994
2024-03-13,V ugm-3 (GRAV EMFAB),15.433333333333334,V,True,False,False,False,-7.4999999999999964,22.599999999999994
2024-03-14,V ugm-3 (GRAV EMFAB),7.0,V,False,False,False,False,-7.4999999999999964,22.599999999999994
2024-03-15,V ugm-3 (GRAV EMFAB),7.2,V,False,False,False,False,-7.4999999999999964,22.599999999999994
2024-03-16,V ugm-3 (GRAV EMFAB),5.0,V,False,False,False,False,-7.4999999999999964,22.599999999999994
2024-03-17,V ugm-3 (GRAV EMFAB),5.6,V,False,False,False,False,-7.4999999999999964,22.599999999999994
2024-03-18,V ugm-3 (GRAV EMFAB),6.1,V,False,False,False,False,-7.4999999999999964,22.599999999999994
2024-03-19,V ugm-3 (GRAV EMFAB),5.1,V,False,False,False,False,-7.4999999999999964,22.599999999999994
2024-03-20,V ugm-3 (GRAV EMFAB),8.5,V,False,False,False,False,-7.4999999999999964,22.599999999999994
2024-03-21,V ugm-3 (GRAV EMFAB),10.4,V,False,False,False,False,-7.4999999999999964,22.599999999999994
2024-03-22,V ugm-3 (GRAV EMFAB),7.4,V,False,False,False,False,-7.4999999999999964,22.599999999999994
2024-03-23,V ugm-3 (GRAV EMFAB),4.3,V,False,False,False,False,-7.4999999999999964,22.599999999999994
2024-03-24,V ugm-3 (GRAV EMFAB),5.7,V,False,False,False,False,-7.4999999999999964,22.599999999999994
2024-03-25,V ugm-3 (GRAV EMFAB),7.6,V,False,False,False,False,-7.4999999999999964,22.599999999999994
2024-03-26,V ugm-3 (GRAV EMFAB),11.2,V,False,False,False,False,-7.4999999999999964,22.599999999999994
2024-03-27,V ugm-3 (GRAV EMFAB),7.3,V,False,False,False,False,-7.4999999999999964,22.599999999999994
2024-03-28,V ugm-3 (GRAV EMFAB),5.2,V,False,False,False,False,-7.4999999999999964,22.599999999999994
2024-03-29,V ugm-3 (GRAV EMFAB),4.1,V,False,False,False,False,-7.4999999999999964,22.599999999999994
2024-03-30,V ugm-3 (GRAV EMFAB),5.4,V,False,False,False,False,-7.4999999999999964,22.599999999999994
2024-03-31,V ugm-3 (GRAV EMFAB),17.4,V,False,False,False,False,-7.4999999999999964,22.599999999999994
2024-04-01,V ugm-3 (GRAV EMFAB),4.7,V,False,False,False,False,-7.4999999999999964,22.599999999999994
2024-04-02,V ugm-3 (GRAV EMFAB),4.4,V,False,False,False,False,-7.4999999999999964,22.599999999999994
2024-04-03,V ugm-3 (GRAV EMFAB),4.3,V,False,False,False,False,-7.4999999999999964,22.599999999999994
2024-04-04,V ugm-3 (GRAV EMFAB),6.2,V,False,False,False,False,-7.4999999999999964,22.599999999999994
2024-04-05,V ugm-3 (GRAV EMFAB),7.2,V,False,False,False,False,-7.4999999999999964,22.599999999999994
2024-04-06,V ugm-3 (GRAV EMFAB),5.9,V,False,False,False,False,-7.4999999999999964,22.599999999999994
2024-04-07,V ugm-3 (GRAV EMFAB),6.4,V,False,False,False,False,-7.4999999999999964,22.599999999999994
2024-04-08,V ugm-3 (GRAV EMFAB),6.2,V,False,False,False,False,-7.4999999999999964,22.599999999999994
2024-04-09,V ugm-3 (GRAV EMFAB),4.0,V,False,False,False,False,-7.4999999999999964,22.599999999999994
2024-04-10,V ugm-3 (GRAV EMFAB),5.0,V,False,False,False,False,-7.4999999999999964,22.599999999999994
2024-04-11,V ugm-3 (GRAV EMFAB),5.4,V,False,False,False,False,-7.4999999999999964,22.599999999999994
2024-04-12,V ugm-3 (GRAV EMFAB),6.7,V,False,False,False,False,-7.4999999999999964,22.599999999999994
2024-04-13,V ugm-3 (GRAV EMFAB),6.0,V,False,False,False,False,-7.4999999999999964,22.599999999999994
2024-04-14,V ugm-3 (GRAV EMFAB),4.6,V,False,False,False,False,-7.4999999999999964,22.599999999999994
2024-04-15,V ugm-3 (GRAV EMFAB),4.3,V,False,False,False,False,-7.4999999999999964,22.599999999999994
2024-04-16,V ugm-3 (GRAV EMFAB),3.0,V,False,False,False,False,-7.4999999999999964,22.599999999999994
2024-04-17,V ugm-3 (GRAV EMFAB),3.2,V,False,False,False,False,-7.4999999999999964,22.599999999999994
2024-04-18,V ugm-3 (GRAV EMFAB),3.4,V,False,False,False,False,-7.4999999999999964,22.599999999999994
2024-04-19,V ugm-3 (GRAV EMFAB),3.8,V,False,False,False,False,-7.4999999999999964,22.599999999999994
2024-04-20,V ugm-3 (GRAV EMFAB),3.8,V,False,False,False,False,-7.4999999999999964,22.599999999999994
2024-04-21,V ugm-3 (GRAV EMFAB),3.5,V,False,False,False,False,-7.4999999999999964,22.599999999999994
2024-04-22,V ugm-3 (GRAV EMFAB),4.2,V,False,False,False,False,-7.4999999999999964,22.599999999999994
2024-04-23,V ugm-3 (GRAV EMFAB),5.3,V,False,False,False,False,-7.4999999999999964,22.599999999999994
2024-04-24,V ugm-3 (GRAV EMFAB),4.5,V,False,False,False,False,-7.4999999999999964,22.599999999999994
2024-04-25,V ugm-3 (GRAV EMFAB),10.4,V,False,False,False,False,-7.4999999999999964,22.599999999999994
2024-04-26,V ugm-3 (GRAV EMFAB),8.9,V,False,False,False,False,-7.4999999999999964,22.599999999999994
2024-04-27,V ugm-3 (GRAV EMFAB),6.6,V,False,False,False,False,-7.4999999999999964,22.599999999999994
2024-04-28,V ugm-3 (GRAV EMFAB),4.2,V,False,False,False,False,-7.4999999999999964,22.599999999999994
2024-04-29,V ugm-3 (GRAV EMFAB),5.8,V,False,False,False,False,-7.4999999999999964,22.599999999999994
2024-04-30,V ugm-3 (GRAV EMFAB),7.4,V,False,False,False,False,-7.4999999999999964,22.599999999999994
2024-05-01,V ugm-3 (GRAV EMFAB),13.9,V,False,False,False,False,-7.4999999999999964,22.599999999999994
2024-05-02,V ugm-3 (GRAV EMFAB),19.6,V,False,False,False,False,-7.4999999999999964,22.599999999999994
2024-05-03,V ugm-3 (GRAV EMFAB),5.8,V,False,False,False,False,-7.4999999999999964,22.599999999999994
2024-05-04,V ugm-3 (GRAV EMFAB),6.4,V,False,False,False,False,-7.4999999999999964,22.599999999999994
2024-05-05,V ugm-3 (GRAV EMFAB),7.7,V,False,False,False,False,-7.4999999999999964,22.599999999999994
2024-05-06,V ugm-3 (GRAV EMFAB),12.5,V,False,False,False,False,-7.4999999999999964,22.599999999999994
2024-05-07,V ugm-3 (GRAV EMFAB),9.2,V,False,False,False,False,-7.4999999999999964,22.599999999999994
2024-05-08,V ugm-3 (GRAV EMFAB),9.8,V,False,False,False,False,-7.4999999999999964,22.599999999999994
2024-05-09,V ugm-3 (GRAV EMFAB),10.5,V,False,False,False,False,-7.4999999999999964,22.599999999999994
2024-05-10,V ugm-3 (GRAV EMFAB),11.9,V,False,False,False,False,-7.4999999999999964,22.599999999999994
2024-05-11,V ugm-3 (GRAV EMFAB),17.0,V,False,False,False,False,-7.4999999999999964,22.599999999999994
2024-05-12,V ugm-3 (GRAV EMFAB),12.5,V,False,False,False,False,-7.4999999999999964,22.599999999999994
2024-05-13,V ugm-3 (GRAV EMFAB),8.6,V,False,False,False,False,-7.4999999999999964,22.599999999999994
2024-05-14,V ugm-3 (GRAV EMFAB),7.1,V,False,False,False,False,-7.4999999999999964,22.599999999999994
2024-05-15,V ugm-3 (GRAV EMFAB),7.3,V,False,False,False,False,-7.4999999999999964,22.599999999999994
2024-05-16,V ugm-3 (GRAV EMFAB),11.1,V,False,False,False,False,-7.4999999999999964,22.599999999999994
2024-05-17,V ugm-3 (GRAV EMFAB),6.9,V,False,False,False,False,-7.4999999999999964,22.599999999999994
2024-05-18,V ugm-3 (GRAV EMFAB),10.1,V,False,False,False,False,-7.4999999999999964,22.599999999999994
2024-05-19,V ugm-3 (GRAV EMFAB),11.5,V,False,False,False,False,-7.4999999999999964,22.599999999999994
2024-05-20,V ugm-3 (GRAV EMFAB),9.3,V,False,False,False,False,-7.4999999999999964,22.599999999999994
2024-05-21,V ugm-3 (GRAV EMFAB),9.0,V,False,False,False,False,-7.4999999999999964,22.599999999999994
2024-05-22,V ugm-3 (GRAV EMFAB),10.7,V,False,False,False,False,-7.4999999999999964,22.599999999999994
2024-05-23,V ugm-3 (GRAV EMFAB),6.1,V,False,False,False,False,-7.4999999999999964,22.599999999999994
2024-05-24,V ugm-3 (GRAV EMFAB),7.1,V,False,False,False,False,-7.4999999999999964,22.599999999999994
2024-05-25,V ugm-3 (GRAV EMFAB),9.1,V,False,False,False,False,-7.4999999999999964,22.599999999999994
2024-05-26,V ugm-3 (GRAV EMFAB),5.1,V,False,False,False,False,-7.4999999999999964,22.599999999999994
2024-05-27,V ugm-3 (GRAV EMFAB),4.1,V,False,False,False,False,-7.4999999999999964,22.599999999999994
2024-05-28,V ugm-3 (GRAV EMFAB),5.3,V,False,False,False,False,-7.4999999999999964,22.599999999999994
2024-05-29,V ugm-3 (GRAV EMFAB),4.8,V,False,False,False,False,-7.4999999999999964,22.599999999999994
2024-05-30,V ugm-3 (GRAV EMFAB),3.2,V,False,False,False,False,-7.4999999999999964,22.599999999999994
2024-05-31,V ugm-3 (GRAV EMFAB),4.0,V,False,False,False,False,-7.4999999999999964,22.599999999999994
2024-06-01,V ugm-3 (GRAV EMFAB),5.1,V,False,False,False,False,-7.4999999999999964,22.599999999999994
2024-06-02,V ugm-3 (GRAV EMFAB),6.6,V,False,False,False,False,-7.4999999999999964,22.599999999999994
2024-06-03,V ugm-3 (GRAV EMFAB),4.9,V,False,False,False,False,-7.4999999999999964,22.599999999999994
2024-06-04,V ugm-3 (GRAV EMFAB),7.2,V,False,False,False,False,-7.4999999999999964,22.599999999999994
2024-06-05,V ugm-3 (GRAV EMFAB),10.1,V,False,False,False,False,-7.4999999999999964,22.599999999999994
2024-06-06,V ugm-3 (GRAV EMFAB),11.3,V,False,False,False,False,-7.4999999999999964,22.599999999999994
2024-06-07,V ugm-3 (GRAV EMFAB),8.4,V,False,False,False,False,-7.4999999999999964,22.599999999999994
2024-06-08,V ugm-3 (GRAV EMFAB),4.8,V,False,False,False,False,-7.4999999999999964,22.599999999999994
2024-06-09,V ugm-3 (GRAV EMFAB),6.1,V,False,False,False,False,-7.4999999999999964,22.599999999999994
2024-06-10,V ugm-3 (GRAV EMFAB),4.2,V,False,False,False,False,-7.4999999999999964,22.599999999999994
2024-06-11,V ugm-3 (GRAV EMFAB),4.4,V,False,False,False,False,-7.4999999999999964,22.599999999999994
2024-06-12,V ugm-3 (GRAV EMFAB),8.3,V,False,False,False,False,-7.4999999999999964,22.599999999999994
2024-06-13,V ugm-3 (GRAV EMFAB),6.9,V,False,False,False,False,-7.4999999999999964,22.599999999999994
2024-06-14,V ugm-3 (GRAV EMFAB),4.4,V,False,False,False,False,-7.4999999999999964,22.599999999999994
2024-06-15,V ugm-3 (GRAV EMFAB),4.8,V,False,False,False,False,-7.4999999999999964,22.599999999999994
2024-06-16,V ugm-3 (GRAV EMFAB),5.2,V,False,False,False,False,-7.4999999999999964,22.599999999999994
2024-06-17,V ugm-3 (GRAV EMFAB),5.9,V,False,False,False,False,-7.4999999999999964,22.599999999999994
2024-06-18,V ugm-3 (GRAV EMFAB),6.0,V,False,False,False,False,-7.4999999999999964,22.599999999999994
2024-06-19,V ugm-3 (GRAV EMFAB),4.3,V,False,False,False,False,-7.4999999999999964,22.599999999999994
2024-06-20,V ugm-3 (GRAV EMFAB),5.4,V,False,False,False,False,-7.4999999999999964,22.599999999999994
2024-06-21,V ugm-3 (GRAV EMFAB),8.8,V,False,False,False,False,-7.4999999999999964,22.599999999999994
2024-06-22,V ugm-3 (GRAV EMFAB),5.2,V,False,False,False,False,-7.4999999999999964,22.599999999999994
2024-06-23,V ugm-3 (GRAV EMFAB),6.7,V,False,False,False,False,-7.4999999999999964,22.599999999999994
2024-06-24,V ugm-3 (GRAV EMFAB),8.4,V,False,False,False,False,-7.4999999999999964,22.599999999999994
2024-06-25,V ugm-3 (GRAV EMFAB),10.6,V,False,False,False,False,-7.4999999999999964,22.599999999999994
2024-06-26,V ugm-3 (GRAV EMFAB),12.4,V,False,False,False,False,-7.4999999999999964,22.599999999999994
2024-06-27,V ugm-3 (GRAV EMFAB),9.3,V,False,False,False,False,-7.4999999999999964,22.599999999999994
2024-06-28,V ugm-3 (GRAV EMFAB),6.1,V,False,False,False,False,-7.4999999999999964,22.599999999999994
2024-06-29,V ugm-3 (GRAV EMFAB),5.9,V,False,False,False,False,-7.4999999999999964,22.599999999999994
2024-06-30,V ugm-3 (GRAV EMFAB),4.2,V,False,False,False,False,-7.4999999999999964,22.599999999999994
2024-07-01,V ugm-3 (GRAV EMFAB),4.2,V,False,False,False,False,-7.4999999999999964,22.599999999999994
2024-07-02,V ugm-3 (GRAV EMFAB),5.0,V,False,False,False,False,-7.4999999999999964,22.599999999999994
2024-07-03,V ugm-3 (GRAV EMFAB),8.1,V,False,False,False,False,-7.4999999999999964,22.599999999999994
2024-07-04,V ugm-3 (GRAV EMFAB),6.8,V,False,False,False,False,-7.4999999999999964,22.599999999999994
2024-07-05,V ugm-3 (GRAV EMFAB),5.1,V,False,False,False,False,-7.4999999999999964,22.599999999999994
2024-07-06,V ugm-3 (GRAV EMFAB),4.5,V,False,False,False,False,-7.4999999999999964,22.599999999999994
2024-07-07,V ugm-3 (GRAV EMFAB),4.0,V,False,False,False,False,-7.4999999999999964,22.599999999999994
2024-07-08,V ugm-3 (GRAV EMFAB),6.1,V,False,False,False,False,-7.4999999999999964,22.599999999999994
2024-07-09,V ugm-3 (GRAV EMFAB),5.3,V,False,False,False,False,-7.4999999999999964,22.599999999999994
2024-07-10,V ugm-3 (GRAV EMFAB),4.0,V,False,False,False,False,-7.4999999999999964,22.599999999999994
2024-07-11,V ugm-3 (GRAV EMFAB),5.5,V,False,False,False,False,-7.4999999999999964,22.599999999999994
2024-07-12,V ugm-3 (GRAV EMFAB),4.6,V,False,False,False,False,-7.4999999999999964,22.599999999999994
2024-07-13,V ugm-3 (GRAV EMFAB),5.4,V,False,False,False,False,-7.4999999999999964,22.599999999999994
2024-07-14,V ugm-3 (GRAV EMFAB),6.9,V,False,False,False,False,-7.4999999999999964,22.599999999999994
2024-07-15,V ugm-3 (GRAV EMFAB),7.6,V,False,False,False,False,-7.4999999999999964,22.599999999999994
2024-07-16,V ugm-3 (GRAV EMFAB),9.1,V,False,False,False,False,-7.4999999999999964,22.599999999999994
2024-07-17,V ugm-3 (GRAV EMFAB),8.4,V,False,False,False,False,-7.4999999999999964,22.599999999999994
2024-07-18,V ugm-3 (GRAV EMFAB),8.7,V,False,False,False,False,-7.4999999999999964,22.599999999999994
2024-07-19,V ugm-3 (GRAV EMFAB),11.8,V,False,False,False,False,-7.4999999999999964,22.599999999999994
2024-07-20,V ugm-3 (GRAV EMFAB),6.8,V,False,False,False,False,-7.4999999999999964,22.599999999999994
2024-07-21,V ugm-3 (GRAV EMFAB),4.8,V,False,False,False,False,-7.4999999999999964,22.599999999999994
2024-07-22,V ugm-3 (GRAV EMFAB),6.0,V,False,False,False,False,-7.4999999999999964,22.599999999999994
2024-07-23,V ugm-3 (GRAV EMFAB),5.6,V,False,False,False,False,-7.4999999999999964,22.599999999999994
2024-07-24,V ugm-3 (GRAV EMFAB),8.4,V,False,False,False,False,-7.4999999999999964,22.599999999999994
2024-07-25,V ugm-3 (GRAV EMFAB),5.2,V,False,False,False,False,-7.4999999999999964,22.599999999999994
2024-07-26,V ugm-3 (GRAV EMFAB),7.4,V,False,False,False,False,-7.4999999999999964,22.599999999999994
2024-07-27,V ugm-3 (GRAV EMFAB),5.8,V,False,False,False,False,-7.4999999999999964,22.599999999999994
2024-07-28,V ugm-3 (GRAV EMFAB),8.0,V,False,False,False,False,-7.4999999999999964,22.599999999999994
2024-07-29,V ugm-3 (GRAV EMFAB),10.4,V,False,False,False,False,-7.4999999999999964,22.599999999999994
2024-07-30,V ugm-3 (GRAV EMFAB),13.2,V,False,False,False,False,-7.4999999999999964,22.599999999999994
2024-07-31,V ugm-3 (GRAV EMFAB),10.7,V,False,False,False,False,-7.4999999999999964,22.599999999999994
2024-08-01,V ugm-3 (GRAV EMFAB),11.3,V,False,False,False,False,-7.4999999999999964,22.599999999999994
2024-08-02,V ugm-3 (GRAV EMFAB),11.6,V,False,False,False,False,-7.4999999999999964,22.599999999999994
2024-08-03,V ugm-3 (GRAV EMFAB),6.4,V,False,False,False,False,-7.4999999999999964,22.599999999999994
2024-08-04,V ugm-3 (GRAV EMFAB),6.2,V,False,False,False,False,-7.4999999999999964,22.599999999999994
2024-08-05,V ugm-3 (GRAV EMFAB),6.3,V,False,False,False,False,-7.4999999999999964,22.599999999999994
2024-08-06,V ugm-3 (GRAV EMFAB),6.6,V,False,False,False,False,-7.4999999999999964,22.599999999999994
2024-08-07,V ugm-3 (GRAV EMFAB),6.8,V,False,False,False,False,-7.4999999999999964,22.599999999999994
2024-08-08,V ugm-3 (GRAV EMFAB),6.2,V,False,False,False,False,-7.4999999999999964,22.599999999999994
2024-08-09,V ugm-3 (GRAV EMFAB),6.4,V,False,False,False,False,-7.4999999999999964,22.599999999999994
2024-08-10,V ugm-3 (GRAV EMFAB),6.7,V,False,False,False,False,-7.4999999999999964,22.599999999999994
2024-08-11,V ugm-3 (GRAV EMFAB),6.3,V,False,False,False,False,-7.4999999999999964,22.599999999999994
2024-08-12,V ugm-3 (GRAV EMFAB),9.7,V,False,False,False,False,-7.4999999999999964,22.599999999999994
2024-08-13,V ugm-3 (GRAV EMFAB),7.0,V,False,False,False,False,-7.4999999999999964,22.599999999999994
2024-08-14,V ugm-3 (GRAV EMFAB),7.9,V,False,False,False,False,-7.4999999999999964,22.599999999999994
2024-08-15,V ugm-3 (GRAV EMFAB),7.1,V,True,False,False,False,-7.4999999999999964,22.599999999999994
2024-08-16,V ugm-3 (GRAV EMFAB),6.3,V,False,False,False,False,-7.4999999999999964,22.599999999999994
2024-08-17,V ugm-3 (GRAV EMFAB),6.7,V,False,False,False,False,-7.4999999999999964,22.599999999999994
2024-08-18,V ugm-3 (GRAV EMFAB),8.5,V,False,False,False,False,-7.4999999999999964,22.599999999999994
2024-08-19,V ugm-3 (GRAV EMFAB),18.3,V,False,False,False,False,-7.4999999999999964,22.599999999999994
2024-08-20,V ugm-3 (GRAV EMFAB),6.7,V,False,False,False,False,-7.4999999999999964,22.599999999999994
2024-08-21,V ugm-3 (GRAV EMFAB),6.4,V,False,False,False,False,-7.4999999999999964,22.599999999999994
2024-08-22,V ugm-3 (GRAV EMFAB),4.5,V,False,False,False,False,-7.4999999999999964,22.599999999999994
2024-08-23,V ugm-3 (GRAV EMFAB),5.7,V,False,False,False,False,-7.4999999999999964,22.599999999999994
2024-08-24,V ugm-3 (GRAV EMFAB),5.1,V,False,False,False,False,-7.4999999999999964,22.599999999999994
2024-08-25,V ugm-3 (GRAV EMFAB),5.1,V,False,False,False,False,-7.4999999999999964,22.599999999999994
2024-08-26,V ugm-3 (GRAV EMFAB),7.7,V,False,False,False,False,-7.4999999999999964,22.599999999999994
2024-08-27,V ugm-3 (GRAV EMFAB),8.1,V,False,False,False,False,-7.4999999999999964,22.599999999999994
2024-08-28,V ugm-3 (GRAV EMFAB),12.4,V,False,False,False,False,-7.4999999999999964,22.599999999999994
2024-08-29,V ugm-3 (GRAV EMFAB),8.4,V,False,False,False,False,-7.4999999999999964,22.599999999999994
2024-08-30,V ugm-3 (GRAV EMFAB),11.9,V,False,False,False,False,-7.4999999999999964,22.599999999999994
2024-08-31,V ugm-3 (GRAV EMFAB),11.2,V,False,False,False,False,-7.4999999999999964,22.599999999999994
2024-09-01,V ugm-3 (GRAV EMFAB),13.5,V,False,False,False,False,-7.4999999999999964,22.599999999999994
2024-09-02,V ugm-3 (GRAV EMFAB),8.4,V,False,False,False,False,-7.4999999999999964,22.599999999999994
2024-09-03,V ugm-3 (GRAV EMFAB),5.3,V,False,False,False,False,-7.4999999999999964,22.599999999999994
2024-09-04,V ugm-3 (GRAV EMFAB),5.8,V,False,False,False,False,-7.4999999999999964,22.599999999999994
2024-09-05,V ugm-3 (GRAV EMFAB),9.8,V,False,False,False,False,-7.4999999999999964,22.599999999999994
2024-09-06,V ugm-3 (GRAV EMFAB),12.8,V,False,False,False,False,-7.4999999999999964,22.599999999999994
2024-09-07,V ugm-3 (GRAV EMFAB),12.3,V,False,False,False,False,-7.4999999999999964,22.599999999999994
2024-09-08,V ugm-3 (GRAV EMFAB),6.3,V,False,False,False,False,-7.4999999999999964,22.599999999999994
2024-09-09,V ugm-3 (GRAV EMFAB),6.2,V,False,False,False,False,-7.4999999999999964,22.599999999999994
2024-09-10,V ugm-3 (GRAV EMFAB),6.5,V,False,False,False,False,-7.4999999999999964,22.599999999999994
2024-09-11,V ugm-3 (GRAV EMFAB),4.9,V,False,False,False,False,-7.4999999999999964,22.599999999999994
2024-09-12,V ugm-3 (GRAV EMFAB),3.5,V,False,False,False,False,-7.4999999999999964,22.599999999999994
2024-09-13,V ugm-3 (GRAV EMFAB),7.4,V,False,False,False,False,-7.4999999999999964,22.599999999999994
2024-09-14,V ugm-3 (GRAV EMFAB),10.2,V,False,False,False,False,-7.4999999999999964,22.599999999999994
2024-09-15,V ugm-3 (GRAV EMFAB),7.1,V,False,False,False,False,-7.4999999999999964,22.599999999999994
2024-09-16,V ugm-3 (GRAV EMFAB),4.8,V,False,False,False,False,-7.4999999999999964,22.599999999999994
2024-09-17,V ugm-3 (GRAV EMFAB),3.8,V,False,False,False,False,-7.4999999999999964,22.599999999999994
2024-09-18,V ugm-3 (GRAV EMFAB),8.5,V,False,False,False,False,-7.4999999999999964,22.599999999999994
2024-09-19,V ugm-3 (GRAV EMFAB),18.8,V,False,False,False,False,-7.4999999999999964,22.599999999999994
2024-09-20,V ugm-3 (GRAV EMFAB),18.8,V,False,False,False,False,-7.4999999999999964,22.599999999999994
2024-09-21,V ugm-3 (GRAV EMFAB),18.7,V,False,False,False,False,-7.4999999999999964,22.599999999999994
2024-09-22,V ugm-3 (GRAV EMFAB),14.4,V,False,False,False,False,-7.4999999999999964,22.599999999999994
2024-09-23,V ugm-3 (GRAV EMFAB),7.2,V,False,False,False,False,-7.4999999999999964,22.599999999999994
2024-09-24,V ugm-3 (GRAV EMFAB),7.3,V,False,False,False,False,-7.4999999999999964,22.599999999999994
2024-09-25,V ugm-3 (GRAV EMFAB),6.4,V,False,False,False,False,-7.4999999999999964,22.599999999999994
2024-09-26,V ugm-3 (GRAV EMFAB),5.2,V,False,False,False,False,-7.4999999999999964,22.599999999999994
2024-09-27,V ugm-3 (GRAV EMFAB),4.3,V,False,False,False,False,-7.4999999999999964,22.599999999999994
2024-09-28,V ugm-3 (GRAV EMFAB),8.2,V,False,False,False,False,-7.4999999999999964,22.599999999999994
2024-09-29,V ugm-3 (GRAV EMFAB),6.6,V,False,False,False,False,-7.4999999999999964,22.599999999999994
2024-09-30,V ugm-3 (GRAV EMFAB),3.4,V,False,False,False,False,-7.4999999999999964,22.599999999999994
2024-10-01,V ugm-3 (GRAV EMFAB),4.1,V,False,False,False,False,-7.4999999999999964,22.599999999999994
2024-10-02,V ugm-3 (GRAV EMFAB),3.5,V,False,False,False,False,-7.4999999999999964,22.599999999999994
2024-10-03,V ugm-3 (GRAV EMFAB),6.5,V,False,False,False,False,-7.4999999999999964,22.599999999999994
2024-10-04,V ugm-3 (GRAV EMFAB),9.4,V,False,False,False,False,-7.4999999999999964,22.599999999999994
2024-10-05,V ugm-3 (GRAV EMFAB),8.1,V,False,False,False,False,-7.4999999999999964,22.599999999999994
2024-10-06,V ugm-3 (GRAV EMFAB),5.0,V,False,False,False,False,-7.4999999999999964,22.599999999999994
2024-10-07,V ugm-3 (GRAV EMFAB),5.6,V,False,False,False,False,-7.4999999999999964,22.599999999999994
2024-10-08,V ugm-3 (GRAV EMFAB),5.1,V,False,False,False,False,-7.4999999999999964,22.599999999999994
2024-10-09,V ugm-3 (GRAV EMFAB),4.5,V,False,False,False,False,-7.4999999999999964,22.599999999999994
2024-10-10,V ugm-3 (GRAV EMFAB),5.0,V,False,False,False,False,-7.4999999999999964,22.599999999999994
2024-10-11,V ugm-3 (GRAV EMFAB),10.7,V,False,False,False,False,-7.4999999999999964,22.599999999999994
2024-10-12,V ugm-3 (GRAV EMFAB),5.2,V,False,False,False,False,-7.4999999999999964,22.599999999999994
2024-10-13,V ugm-3 (GRAV EMFAB),5.5,V,False,False,False,False,-7.4999999999999964,22.599999999999994
2024-10-14,V ugm-3 (GRAV EMFAB),7.2,V,False,False,False,False,-7.4999999999999964,22.599999999999994
2024-10-15,V ugm-3 (GRAV EMFAB),17.2,V,False,False,False,False,-7.4999999999999964,22.599999999999994
2024-10-16,V ugm-3 (GRAV EMFAB),9.7,V,False,False,False,False,-7.4999999999999964,22.599999999999994
2024-10-17,V ugm-3 (GRAV EMFAB),7.3,V,False,False,False,False,-7.4999999999999964,22.599999999999994
2024-10-18,V ugm-3 (GRAV EMFAB),7.9,V,False,False,False,False,-7.4999999999999964,22.599999999999994
2024-10-19,V ugm-3 (GRAV EMFAB),6.5,V,False,False,False,False,-7.4999999999999964,22.599999999999994
2024-10-20,V ugm-3 (GRAV EMFAB),5.9,V,False,False,False,False,-7.4999999999999964,22.599999999999994
2024-10-21,V ugm-3 (GRAV EMFAB),8.8,V,False,False,False,False,-7.4999999999999964,22.599999999999994
2024-10-22,V ugm-3 (GRAV EMFAB),7.2,V,False,False,False,False,-7.4999999999999964,22.599999999999994
2024-10-23,V ugm-3 (GRAV EMFAB),7.6,V,False,False,False,False,-7.4999999999999964,22.599999999999994
2024-10-24,V ugm-3 (GRAV EMFAB),9.0,V,False,False,False,False,-7.4999999999999964,22.599999999999994
2024-10-25,V ugm-3 (GRAV EMFAB),12.1,V,False,False,False,False,-7.4999999999999964,22.599999999999994
2024-10-26,V ugm-3 (GRAV EMFAB),13.0,V,False,False,False,False,-7.4999999999999964,22.599999999999994
2024-10-27,V ugm-3 (GRAV EMFAB),7.8,V,False,False,False,False,-7.4999999999999964,22.599999999999994
2024-10-28,V ugm-3 (GRAV EMFAB),5.8,V,False,False,False,False,-7.4999999999999964,22.599999999999994
2024-10-29,V ugm-3 (GRAV EMFAB),7.1,V,False,False,False,False,-7.4999999999999964,22.599999999999994
2024-10-30,V ugm-3 (GRAV EMFAB),8.9,V,False,False,False,False,-7.4999999999999964,22.599999999999994
2024-10-31,V ugm-3 (GRAV EMFAB),18.4,V,False,False,False,False,-7.4999999999999964,22.599999999999994
2024-11-01,V ugm-3 (GRAV EMFAB),16.8,V,False,False,False,False,-7.4999999999999964,22.599999999999994
2024-11-02,V ugm-3 (GRAV EMFAB),7.1,V,False,False,False,False,-7.4999999999999964,22.599999999999994
2024-11-03,V ugm-3 (GRAV EMFAB),13.8,V,False,False,False,False,-7.4999999999999964,22.599999999999994
2024-11-04,V ugm-3 (GRAV EMFAB),19.9,V,False,False,False,False,-7.4999999999999964,22.599999999999994
2024-11-05,V ugm-3 (GRAV EMFAB),30.3,V,False,True,False,True,-7.4999999999999964,22.599999999999994
2024-11-06,V ugm-3 (GRAV EMFAB),25.6,V,False,True,False,True,-7.4999999999999964,22.599999999999994
2024-11-07,V ugm-3 (GRAV EMFAB),24.0,V,False,True,False,True,-7.4999999999999964,22.599999999999994
2024-11-08,V ugm-3 (GRAV EMFAB),23.1,V,False,True,False,True,-7.4999999999999964,22.599999999999994
2024-11-09,V ugm-3 (GRAV EMFAB),22.7,V,False,True,False,True,-7.4999999999999964,22.599999999999994
2024-11-10,V ugm-3 (GRAV EMFAB),26.9,V,False,True,False,True,-7.4999999999999964,22.599999999999994
2024-11-11,V ugm-3 (GRAV EMFAB),7.5,V,False,False,False,False,-7.4999999999999964,22.599999999999994
2024-11-12,V ugm-3 (GRAV EMFAB),4.6,V,False,False,False,False,-7.4999999999999964,22.599999999999994
2024-11-13,V ugm-3 (GRAV EMFAB),9.0,V,False,False,False,False,-7.4999999999999964,22.599999999999994
2024-11-14,V ugm-3 (GRAV EMFAB),11.8,V,False,False,False,False,-7.4999999999999964,22.599999999999994
2024-11-15,V ugm-3 (GRAV EMFAB),14.0,V,False,False,False,False,-7.4999999999999964,22.599999999999994
2024-11-16,V ugm-3 (GRAV EMFAB),14.9,V,False,False,False,False,-7.4999999999999964,22.599999999999994
2024-11-17,V ugm-3 (GRAV EMFAB),5.0,V,False,False,False,False,-7.4999999999999964,22.599999999999994
2024-11-18,V ugm-3 (GRAV EMFAB),6.5,V,False,False,False,False,-7.4999999999999964,22.599999999999994
2024-11-19,V ugm-3 (GRAV EMFAB),4.1,V,False,False,False,False,-7.4999999999999964,22.599999999999994
2024-11-20,V ugm-3 (GRAV EMFAB),8.0,V,False,False,False,False,-7.4999999999999964,22.599999999999994
2024-11-21,V ugm-3 (GRAV EMFAB),10.3,V,False,False,False,False,-7.4999999999999964,22.599999999999994
2024-11-22,V ugm-3 (GRAV EMFAB),7.9,V,False,False,False,False,-7.4999999999999964,22.599999999999994
2024-11-23,V ugm-3 (GRAV EMFAB),5.2,V,False,False,False,False,-7.4999999999999964,22.599999999999994
2024-11-24,V ugm-3 (GRAV EMFAB),8.4,V,False,False,False,False,-7.4999999999999964,22.599999999999994
2024-11-25,V ugm-3 (GRAV EMFAB),6.2,V,False,False,False,False,-7.4999999999999964,22.599999999999994
2024-11-26,V ugm-3 (GRAV EMFAB),8.7,V,False,False,False,False,-7.4999999999999964,22.599999999999994
2024-11-27,V ugm-3 (GRAV EMFAB),7.8,V,False,False,False,False,-7.4999999999999964,22.599999999999994
2024-11-28,V ugm-3 (GRAV EMFAB),8.9,V,True,False,False,False,-7.4999999999999964,22.599999999999994
2024-11-29,V ugm-3 (GRAV EMFAB),10.0,V,False,False,False,False,-7.4999999999999964,22.599999999999994
2024-11-30,V ugm-3 (GRAV EMFAB),10.9,V,False,False,False,False,-7.4999999999999964,22.599999999999994
2024-12-01,V ugm-3 (GRAV EMFAB),7.5,V,False,False,False,False,-7.4999999999999964,22.599999999999994
2024-12-02,V ugm-3 (GRAV EMFAB),4.4,V,False,False,False,False,-7.4999999999999964,22.599999999999994
2024-12-03,V ugm-3 (GRAV EMFAB),8.0,V,False,False,False,False,-7.4999999999999964,22.599999999999994
2024-12-04,V ugm-3 (GRAV EMFAB),13.4,V,False,False,False,False,-7.4999999999999964,22.599999999999994
2024-12-05,V ugm-3 (GRAV EMFAB),4.9,V,False,False,False,False,-7.4999999999999964,22.599999999999994
2024-12-06,V ugm-3 (GRAV EMFAB),7.3,V,False,False,False,False,-7.4999999999999964,22.599999999999994
2024-12-07,V ugm-3 (GRAV EMFAB),2.4,V,False,False,False,False,-7.4999999999999964,22.599999999999994
2024-12-08,V ugm-3 (GRAV EMFAB),2.2,V,False,False,False,False,-7.4999999999999964,22.599999999999994
2024-12-09,V ugm-3 (GRAV EMFAB),3.7,V,False,False,False,False,-7.4999999999999964,22.599999999999994
2024-12-10,V ugm-3 (GRAV EMFAB),3.1,V,False,False,False,False,-7.4999999999999964,22.599999999999994
2024-12-11,V ugm-3 (GRAV EMFAB),4.0,V,False,False,False,False,-7.4999999999999964,22.599999999999994
2024-12-12,V ugm-3 (GRAV EMFAB),6.1,V,False,False,False,False,-7.4999999999999964,22.599999999999994
2024-12-13,V ugm-3 (GRAV EMFAB),18.6,V,False,False,False,False,-7.4999999999999964,22.599999999999994
2024-12-14,V ugm-3 (GRAV EMFAB),11.7,V,False,False,False,False,-7.4999999999999964,22.599999999999994
2024-12-15,V ugm-3 (GRAV EMFAB),4.8,V,False,False,False,False,-7.4999999999999964,22.599999999999994
2024-12-16,V ugm-3 (GRAV EMFAB),3.4,V,False,False,False,False,-7.4999999999999964,22.599999999999994
2024-12-17,V ugm-3 (GRAV EMFAB),7.0,V,False,False,False,False,-7.4999999999999964,22.599999999999994
2024-12-18,V ugm-3 (GRAV EMFAB),5.7,V,False,False,False,False,-7.4999999999999964,22.599999999999994
2024-12-19,V ugm-3 (GRAV EMFAB),4.1,V,False,False,False,False,-7.4999999999999964,22.599999999999994
2024-12-20,V ugm-3 (GRAV EMFAB),6.4,V,False,False,False,False,-7.4999999999999964,22.599999999999994
2024-12-21,V ugm-3 (GRAV EMFAB),6.5,V,False,False,False,False,-7.4999999999999964,22.599999999999994
2024-12-22,V ugm-3 (GRAV EMFAB),5.4,V,False,False,False,False,-7.4999999999999964,22.599999999999994
2024-12-23,V ugm-3 (GRAV EMFAB),8.3,V,False,False,False,False,-7.4999999999999964,22.599999999999994
2024-12-24,V ugm-3 (GRAV EMFAB),9.9,V,False,False,False,False,-7.4999999999999964,22.599999999999994
2024-12-25,V ugm-3 (GRAV EMFAB),7.5,V,False,False,False,False,-7.4999999999999964,22.599999999999994
2024-12-26,V ugm-3 (GRAV EMFAB),11.2,V,False,False,False,False,-7.4999999999999964,22.599999999999994
2024-12-27,V ugm-3 (GRAV EMFAB),15.3,V,False,False,False,False,-7.4999999999999964,22.599999999999994
2024-12-28,V ugm-3 (GRAV EMFAB),8.2,V,False,False,False,False,-7.4999999999999964,22.599999999999994
2024-12-29,V ugm-3 (GRAV EMFAB),6.8,V,False,False,False,False,-7.4999999999999964,22.599999999999994
2024-12-30,V ugm-3 (GRAV EMFAB),3.8,V,False,False,False,False,-7.4999999999999964,22.599999999999994
2024-12-31,V ugm-3 (GRAV EMFAB),4.2,V,False,False,False,False,-7.4999999999999964,22.599999999999994
2025-01-01,V ugm-3 (GRAV EMFAB),4.0,V,False,False,False,False,-7.4999999999999964,22.599999999999994
2025-01-02,V ugm-3 (GRAV EMFAB),6.4,V,False,False,False,False,-7.4999999999999964,22.599999999999994
2025-01-03,V ugm-3 (GRAV EMFAB),13.7,V,False,False,False,False,-7.4999999999999964,22.599999999999994
2025-01-04,V ugm-3 (GRAV EMFAB),13.5,V,False,False,False,False,-7.4999999999999964,22.599999999999994
2025-01-05,V ugm-3 (GRAV EMFAB),3.0,V,False,False,False,False,-7.4999999999999964,22.599999999999994
2025-01-06,V ugm-3 (GRAV EMFAB),9.0,V,True,False,False,False,-7.4999999999999964,22.599999999999994
2025-01-07,V ugm-3 (GRAV EMFAB),15.0,V,True,False,False,False,-7.4999999999999964,22.599999999999994
2025-01-08,V ugm-3 (GRAV EMFAB),5.733333333333331,V,True,False,False,False,-7.4999999999999964,22.599999999999994
2025-01-09,V ugm-3 (GRAV EMFAB),7.233333333333332,V,True,False,False,False,-7.4999999999999964,22.599999999999994
2025-01-10,V ugm-3 (GRAV EMFAB),11.799999999999997,V,True,False,False,False,-7.4999999999999964,22.599999999999994
2025-01-11,V ugm-3 (GRAV EMFAB),39.0,V,False,True,False,True,-7.4999999999999964,22.599999999999994
2025-01-12,V ugm-3 (GRAV EMFAB),36.0,V,False,True,False,True,-7.4999999999999964,22.599999999999994
2025-01-13,V ugm-3 (GRAV EMFAB),12.3,V,False,False,False,False,-7.4999999999999964,22.599999999999994
2025-01-14,V ugm-3 (GRAV EMFAB),16.5,V,False,False,False,False,-7.4999999999999964,22.599999999999994
2025-01-15,V ugm-3 (GRAV EMFAB),17.8,V,False,False,False,False,-7.4999999999999964,22.599999999999994
2025-01-16,V ugm-3 (GRAV EMFAB),14.1,V,False,False,False,False,-7.4999999999999964,22.599999999999994
2025-01-17,V ugm-3 (GRAV EMFAB),20.8,V,False,False,False,False,-7.4999999999999964,22.599999999999994
2025-01-18,V ugm-3 (GRAV EMFAB),29.2,V,False,True,False,True,-7.4999999999999964,22.599999999999994
2025-01-19,V ugm-3 (GRAV EMFAB),23.1,V,False,True,False,True,-7.4999999999999964,22.599999999999994
2025-01-20,V ugm-3 (GRAV EMFAB),21.1,V,False,False,False,False,-7.4999999999999964,22.599999999999994
2025-01-21,V ugm-3 (GRAV EMFAB),24.4,V,False,True,False,True,-7.4999999999999964,22.599999999999994
2025-01-22,V ugm-3 (GRAV EMFAB),28.1,V,False,True,False,True,-7.4999999999999964,22.599999999999994
2025-01-23,V ugm-3 (GRAV EMFAB),12.8,V,False,False,False,False,-7.4999999999999964,22.599999999999994
2025-01-24,V ugm-3 (GRAV EMFAB),9.6,V,False,False,False,False,-7.4999999999999964,22.599999999999994
2025-01-25,V ugm-3 (GRAV EMFAB),7.5,V,False,False,False,False,-7.4999999999999964,22.599999999999994
2025-01-26,V ugm-3 (GRAV EMFAB),5.1,V,False,False,False,False,-7.4999999999999964,22.599999999999994
2025-01-27,V ugm-3 (GRAV EMFAB),4.1,V,False,False,False,False,-7.4999999999999964,22.599999999999994
2025-01-28,V ugm-3 (GRAV EMFAB),5.0,V,False,False,False,False,-7.4999999999999964,22.599999999999994
2025-01-29,V ugm-3 (GRAV EMFAB),7.8,V,False,False,False,False,-7.4999999999999964,22.599999999999994
2025-01-30,V ugm-3 (GRAV EMFAB),7.7,V,False,False,False,False,-7.4999999999999964,22.599999999999994
2025-01-31,V ugm-3 (GRAV EMFAB),7.8,V,False,False,False,False,-7.4999999999999964,22.599999999999994
2025-02-01,V ugm-3 (GRAV EMFAB),10.0,V,False,False,False,False,-7.4999999999999964,22.599999999999994
2025-02-02,V ugm-3 (GRAV EMFAB),17.9,V,False,False,False,False,-7.4999999999999964,22.599999999999994
2025-02-03,V ugm-3 (GRAV EMFAB),18.2,V,False,False,False,False,-7.4999999999999964,22.599999999999994
2025-02-04,V ugm-3 (GRAV EMFAB),6.9,V,False,False,False,False,-7.4999999999999964,22.599999999999994
2025-02-05,V ugm-3 (GRAV EMFAB),7.9,V,False,False,False,False,-7.4999999999999964,22.599999999999994
2025-02-06,V ugm-3 (GRAV EMFAB),9.2,V,False,False,False,False,-7.4999999999999964,22.599999999999994
2025-02-07,V ugm-3 (GRAV EMFAB),11.0,V,False,False,False,False,-7.4999999999999964,22.599999999999994
2025-02-08,V ugm-3 (GRAV EMFAB),20.8,V,False,False,False,False,-7.4999999999999964,22.599999999999994
2025-02-09,V ugm-3 (GRAV EMFAB),20.0,V,False,False,False,False,-7.4999999999999964,22.599999999999994
2025-02-10,V ugm-3 (GRAV EMFAB),33.9,V,False,True,False,True,-7.4999999999999964,22.599999999999994
2025-02-11,V ugm-3 (GRAV EMFAB),26.6,V,False,True,False,True,-7.4999999999999964,22.599999999999994
2025-02-12,V ugm-3 (GRAV EMFAB),21.0,V,False,False,False,False,-7.4999999999999964,22.599999999999994
2025-02-13,V ugm-3 (GRAV EMFAB),21.2,V,False,False,False,False,-7.4999999999999964,22.599999999999994
2025-02-14,V ugm-3 (GRAV EMFAB),22.8,V,False,True,False,True,-7.4999999999999964,22.599999999999994
2025-02-15,V ugm-3 (GRAV EMFAB),25.9,V,False,True,False,True,-7.4999999999999964,22.599999999999994
2025-02-16,V ugm-3 (GRAV EMFAB),21.8,V,False,False,False,False,-7.4999999999999964,22.599999999999994
2025-02-17,V ugm-3 (GRAV EMFAB),20.5,V,False,False,False,False,-7.4999999999999964,22.599999999999994
2025-02-18,V ugm-3 (GRAV EMFAB),30.9,V,False,True,False,True,-7.4999999999999964,22.599999999999994
2025-02-19,V ugm-3 (GRAV EMFAB),32.0,V,False,True,False,True,-7.4999999999999964,22.599999999999994
2025-02-20,V ugm-3 (GRAV EMFAB),6.7,V,False,False,False,False,-7.4999999999999964,22.599999999999994
2025-02-21,V ugm-3 (GRAV EMFAB),8.7,V,False,False,False,False,-7.4999999999999964,22.599999999999994
2025-02-22,V ugm-3 (GRAV EMFAB),7.4,V,False,False,False,False,-7.4999999999999964,22.599999999999994
2025-02-23,V ugm-3 (GRAV EMFAB),4.8,V,False,False,False,False,-7.4999999999999964,22.599999999999994
2025-02-24,V ugm-3 (GRAV EMFAB),4.7,V,False,False,False,False,-7.4999999999999964,22.599999999999994
2025-02-25,V ugm-3 (GRAV EMFAB),6.0,V,False,False,False,False,-7.4999999999999964,22.599999999999994
2025-02-26,V ugm-3 (GRAV EMFAB),5.9,V,False,False,False,False,-7.4999999999999964,22.599999999999994
2025-02-27,V ugm-3 (GRAV EMFAB),5.2,V,False,False,False,False,-7.4999999999999964,22.599999999999994
2025-02-28,V ugm-3 (GRAV EMFAB),11.5,V,False,False,False,False,-7.4999999999999964,22.599999999999994
2025-03-01,V ugm-3 (GRAV EMFAB),11.0,V,False,False,False,False,-7.4999999999999964,22.599999999999994
2025-03-02,V ugm-3 (GRAV EMFAB),21.0,V,False,False,False,False,-7.4999999999999964,22.599999999999994
2025-03-03,V ugm-3 (GRAV EMFAB),26.5,V,False,True,False,True,-7.4999999999999964,22.599999999999994
2025-03-04,V ugm-3 (GRAV EMFAB),27.8,V,False,True,False,True,-7.4999999999999964,22.599999999999994
2025-03-05,V ugm-3 (GRAV EMFAB),39.9,V,False,True,False,True,-7.4999999999999964,22.599999999999994
2025-03-06,V ugm-3 (GRAV EMFAB),23.6,V,False,True,False,True,-7.4999999999999964,22.599999999999994
2025-03-07,V ugm-3 (GRAV EMFAB),12.0,V,False,False,False,False,-7.4999999999999964,22.599999999999994
2025-03-08,V ugm-3 (GRAV EMFAB),21.1,V,False,False,False,False,-7.4999999999999964,22.599999999999994
2025-03-09,V ugm-3 (GRAV EMFAB),34.7,V,False,True,False,True,-7.4999999999999964,22.599999999999994
2025-03-10,V ugm-3 (GRAV EMFAB),59.8,V,False,True,False,True,-7.4999999999999964,22.599999999999994
2025-03-11,V ugm-3 (GRAV EMFAB),7.7,V,False,False,False,False,-7.4999999999999964,22.599999999999994
2025-03-12,V ugm-3 (GRAV EMFAB),6.2,V,False,False,False,False,-7.4999999999999964,22.599999999999994
2025-03-13,V ugm-3 (GRAV EMFAB),5.3,V,False,False,False,False,-7.4999999999999964,22.599999999999994
2025-03-14,V ugm-3 (GRAV EMFAB),7.9,V,False,False,False,False,-7.4999999999999964,22.599999999999994
2025-03-15,V ugm-3 (GRAV EMFAB),6.0,V,False,False,False,False,-7.4999999999999964,22.599999999999994
2025-03-16,V ugm-3 (GRAV EMFAB),4.6,V,False,False,False,False,-7.4999999999999964,22.599999999999994
2025-03-17,V ugm-3 (GRAV EMFAB),8.5,V,False,False,False,False,-7.4999999999999964,22.599999999999994
2025-03-18,V ugm-3 (GRAV EMFAB),15.1,V,False,False,False,False,-7.4999999999999964,22.599999999999994
2025-03-19,V ugm-3 (GRAV EMFAB),22.9,V,False,True,False,True,-7.4999999999999964,22.599999999999994
2025-03-20,V ugm-3 (GRAV EMFAB),18.5,V,False,False,False,False,-7.4999999999999964,22.599999999999994
2025-03-21,V ugm-3 (GRAV EMFAB),25.1,V,False,True,False,True,-7.4999999999999964,22.599999999999994
2025-03-22,V ugm-3 (GRAV EMFAB),10.9,V,False,False,False,False,-7.4999999999999964,22.599999999999994
2025-03-23,V ugm-3 (GRAV EMFAB),29.2,V,False,True,False,True,-7.4999999999999964,22.599999999999994
2025-03-24,V ugm-3 (GRAV EMFAB),32.8,V,False,True,False,True,-7.4999999999999964,22.599999999999994
2025-03-25,V ugm-3 (GRAV EMFAB),25.3,V,False,True,False,True,-7.4999999999999964,22.599999999999994
2025-03-26,V ugm-3 (GRAV EMFAB),14.2,V,False,False,False,False,-7.4999999999999964,22.599999999999994
2025-03-27,V ugm-3 (GRAV EMFAB),13.6,V,False,False,False,False,-7.4999999999999964,22.599999999999994
2025-03-28,V ugm-3 (GRAV EMFAB),4.6,V,False,False,False,False,-7.4999999999999964,22.599999999999994
2025-03-29,V ugm-3 (GRAV EMFAB),5.4,V,False,False,False,False,-7.4999999999999964,22.599999999999994
2025-03-30,V ugm-3 (GRAV EMFAB),6.0,V,False,False,False,False,-7.4999999999999964,22.599999999999994
2025-03-31,V ugm-3 (GRAV EMFAB),6.3,V,False,False,False,False,-7.4999999999999964,22.599999999999994
2025-04-01,V ugm-3 (GRAV EMFAB),9.7,V,False,False,False,False,-7.4999999999999964,22.599999999999994
2025-04-02,V ugm-3 (GRAV EMFAB),11.0,V,False,False,False,False,-7.4999999999999964,22.599999999999994
2025-04-03,V ugm-3 (GRAV EMFAB),20.7,V,False,False,False,False,-7.4999999999999964,22.599999999999994
2025-04-04,V ugm-3 (GRAV EMFAB),21.8,V,False,False,False,False,-7.4999999999999964,22.599999999999994
2025-04-05,V ugm-3 (GRAV EMFAB),5.4,V,False,False,False,False,-7.4999999999999964,22.599999999999994
2025-04-06,V ugm-3 (GRAV EMFAB),4.9,V,False,False,False,False,-7.4999999999999964,22.599999999999994
2025-04-07,V ugm-3 (GRAV EMFAB),9.3,V,False,False,False,False,-7.4999999999999964,22.599999999999994
2025-04-08,V ugm-3 (GRAV EMFAB),14.9,V,False,False,False,False,-7.4999999999999964,22.599999999999994
2025-04-09,V ugm-3 (GRAV EMFAB),8.7,V,False,False,False,False,-7.4999999999999964,22.599999999999994
2025-04-10,V ugm-3 (GRAV EMFAB),9.2,V,False,False,False,False,-7.4999999999999964,22.599999999999994
2025-04-11,V ugm-3 (GRAV EMFAB),15.2,V,False,False,False,False,-7.4999999999999964,22.599999999999994
2025-04-12,V ugm-3 (GRAV EMFAB),23.6,V,False,True,False,True,-7.4999999999999964,22.599999999999994
2025-04-13,V ugm-3 (GRAV EMFAB),10.6,V,False,False,False,False,-7.4999999999999964,22.599999999999994
2025-04-14,V ugm-3 (GRAV EMFAB),6.2,V,False,False,False,False,-7.4999999999999964,22.599999999999994
2025-04-15,V ugm-3 (GRAV EMFAB),10.4,V,False,False,False,False,-7.4999999999999964,22.599999999999994
2025-04-16,V ugm-3 (GRAV EMFAB),4.4,V,False,False,False,False,-7.4999999999999964,22.599999999999994
2025-04-17,V ugm-3 (GRAV EMFAB),6.5,V,False,False,False,False,-7.4999999999999964,22.599999999999994
2025-04-18,V ugm-3 (GRAV EMFAB),8.7,V,False,False,False,False,-7.4999999999999964,22.599999999999994
2025-04-19,V ugm-3 (GRAV EMFAB),8.1,V,False,False,False,False,-7.4999999999999964,22.599999999999994
2025-04-20,V ugm-3 (GRAV EMFAB),5.6,V,False,False,False,False,-7.4999999999999964,22.599999999999994
2025-04-21,V ugm-3 (GRAV EMFAB),10.8,V,False,False,False,False,-7.4999999999999964,22.599999999999994
2025-04-22,V ugm-3 (GRAV EMFAB),5.8,V,False,False,False,False,-7.4999999999999964,22.599999999999994
2025-04-23,V ugm-3 (GRAV EMFAB),3.9,V,False,False,False,False,-7.4999999999999964,22.599999999999994
2025-04-24,V ugm-3 (GRAV EMFAB),8.0,V,False,False,False,False,-7.4999999999999964,22.599999999999994
2025-04-25,V ugm-3 (GRAV EMFAB),9.6,V,False,False,False,False,-7.4999999999999964,22.599999999999994
2025-04-26,V ugm-3 (GRAV EMFAB),16.7,V,False,False,False,False,-7.4999999999999964,22.599999999999994
2025-04-27,V ugm-3 (GRAV EMFAB),17.1,V,False,False,False,False,-7.4999999999999964,22.599999999999994
2025-04-28,V ugm-3 (GRAV EMFAB),12.2,V,False,False,False,False,-7.4999999999999964,22.599999999999994
2025-04-29,V ugm-3 (GRAV EMFAB),13.7,V,False,False,False,False,-7.4999999999999964,22.599999999999994
2025-04-30,V ugm-3 (GRAV EMFAB),15.4,V,False,False,False,False,-7.4999999999999964,22.599999999999994
2025-05-01,V ugm-3 (GRAV EMFAB),14.5,V,False,False,False,False,-7.4999999999999964,22.599999999999994
2025-05-02,V ugm-3 (GRAV EMFAB),12.3,V,False,False,False,False,-7.4999999999999964,22.599999999999994
2025-05-03,V ugm-3 (GRAV EMFAB),7.0,V,False,False,False,False,-7.4999999999999964,22.599999999999994
2025-05-04,V ugm-3 (GRAV EMFAB),2.9,V,False,False,False,False,-7.4999999999999964,22.599999999999994
2025-05-05,V ugm-3 (GRAV EMFAB),3.0,V,False,False,False,False,-7.4999999999999964,22.599999999999994
2025-05-06,V ugm-3 (GRAV EMFAB),4.0,V,False,False,False,False,-7.4999999999999964,22.599999999999994
2025-05-07,V ugm-3 (GRAV EMFAB),5.0,V,False,False,False,False,-7.4999999999999964,22.599999999999994
2025-05-08,V ugm-3 (GRAV EMFAB),4.4,V,False,False,False,False,-7.4999999999999964,22.599999999999994
2025-05-09,V ugm-3 (GRAV EMFAB),8.3,V,False,False,False,False,-7.4999999999999964,22.599999999999994
2025-05-10,V ugm-3 (GRAV EMFAB),8.3,V,False,False,False,False,-7.4999999999999964,22.599999999999994
2025-05-11,V ugm-3 (GRAV EMFAB),9.9,V,False,False,False,False,-7.4999999999999964,22.599999999999994
2025-05-12,V ugm-3 (GRAV EMFAB),10.1,V,False,False,False,False,-7.4999999999999964,22.599999999999994
2025-05-13,V ugm-3 (GRAV EMFAB),9.3,V,False,False,False,False,-7.4999999999999964,22.599999999999994
2025-05-14,V ugm-3 (GRAV EMFAB),7.7,V,False,False,False,False,-7.4999999999999964,22.599999999999994
2025-05-15,V ugm-3 (GRAV EMFAB),5.7,V,False,False,False,False,-7.4999999999999964,22.599999999999994
2025-05-16,V ugm-3 (GRAV EMFAB),7.0,V,False,False,False,False,-7.4999999999999964,22.599999999999994
2025-05-17,V ugm-3 (GRAV EMFAB),5.9,V,False,False,False,False,-7.4999999999999964,22.599999999999994
2025-05-18,V ugm-3 (GRAV EMFAB),7.1,V,False,False,False,False,-7.4999999999999964,22.599999999999994
2025-05-19,V ugm-3 (GRAV EMFAB),7.9,V,False,False,False,False,-7.4999999999999964,22.599999999999994
2025-05-20,V ugm-3 (GRAV EMFAB),7.4,V,False,False,False,False,-7.4999999999999964,22.599999999999994
2025-05-21,V ugm-3 (GRAV EMFAB),8.6,V,False,False,False,False,-7.4999999999999964,22.599999999999994
2025-05-22,V ugm-3 (GRAV EMFAB),6.7,V,False,False,False,False,-7.4999999999999964,22.599999999999994
2025-05-23,V ugm-3 (GRAV EMFAB),8.5,V,False,False,False,False,-7.4999999999999964,22.599999999999994
2025-05-24,V ugm-3 (GRAV EMFAB),6.7,V,False,False,False,False,-7.4999999999999964,22.599999999999994
2025-05-25,V ugm-3 (GRAV EMFAB),5.0,V,False,False,False,False,-7.4999999999999964,22.599999999999994
2025-05-26,V ugm-3 (GRAV EMFAB),5.2,V,False,False,False,False,-7.4999999999999964,22.599999999999994
2025-05-27,V ugm-3 (GRAV EMFAB),4.7,V,False,False,False,False,-7.4999999999999964,22.599999999999994
2025-05-28,V ugm-3 (GRAV EMFAB),5.5,V,False,False,False,False,-7.4999999999999964,22.599999999999994
2025-05-29,V ugm-3 (GRAV EMFAB),6.8,V,False,False,False,False,-7.4999999999999964,22.599999999999994
2025-05-30,V ugm-3 (GRAV EMFAB),7.2,V,False,False,False,False,-7.4999999999999964,22.599999999999994
2025-05-31,V ugm-3 (GRAV EMFAB),6.7,V,False,False,False,False,-7.4999999999999964,22.599999999999994
2025-06-01,V ugm-3 (GRAV EMFAB),5.6,V,False,False,False,False,-7.4999999999999964,22.599999999999994
2025-06-02,V ugm-3 (GRAV EMFAB),5.6,V,False,False,False,False,-7.4999999999999964,22.599999999999994
2025-06-03,V ugm-3 (GRAV EMFAB),5.4,V,False,False,False,False,-7.4999999999999964,22.599999999999994
2025-06-04,V ugm-3 (GRAV EMFAB),7.0,V,False,False,False,False,-7.4999999999999964,22.599999999999994
2025-06-05,V ugm-3 (GRAV EMFAB),6.0,V,False,False,False,False,-7.4999999999999964,22.599999999999994
2025-06-06,V ugm-3 (GRAV EMFAB),5.0,V,False,False,False,False,-7.4999999999999964,22.599999999999994
2025-06-07,V ugm-3 (GRAV EMFAB),4.3,V,False,False,False,False,-7.4999999999999964,22.599999999999994
2025-06-08,V ugm-3 (GRAV EMFAB),5.6,V,False,False,False,False,-7.4999999999999964,22.599999999999994
2025-06-09,V ugm-3 (GRAV EMFAB),17.7,V,False,False,False,False,-7.4999999999999964,22.599999999999994
2025-06-10,V ugm-3 (GRAV EMFAB),6.2,V,False,False,False,False,-7.4999999999999964,22.599999999999994
2025-06-11,V ugm-3 (GRAV EMFAB),8.8,V,False,False,False,False,-7.4999999999999964,22.599999999999994
2025-06-12,V ugm-3 (GRAV EMFAB),12.0,V,False,False,False,False,-7.4999999999999964,22.599999999999994
2025-06-13,V ugm-3 (GRAV EMFAB),9.9,V,False,False,False,False,-7.4999999999999964,22.599999999999994
2025-06-14,V ugm-3 (GRAV EMFAB),7.6,V,False,False,False,False,-7.4999999999999964,22.599999999999994
2025-06-15,V ugm-3 (GRAV EMFAB),6.6,V,False,False,False,False,-7.4999999999999964,22.599999999999994
2025-06-16,V ugm-3 (GRAV EMFAB),7.3,V,False,False,False,False,-7.4999999999999964,22.599999999999994
2025-06-17,V ugm-3 (GRAV EMFAB),7.5,V,False,False,False,False,-7.4999999999999964,22.599999999999994
2025-06-18,V ugm-3 (GRAV EMFAB),8.4,V,False,False,False,False,-7.4999999999999964,22.599999999999994
2025-06-19,V ugm-3 (GRAV EMFAB),13.3,V,False,False,False,False,-7.4999999999999964,22.599999999999994
2025-06-20,V ugm-3 (GRAV EMFAB),13.5,V,False,False,False,False,-7.4999999999999964,22.599999999999994
2025-06-21,V ugm-3 (GRAV EMFAB),11.1,V,False,False,False,False,-7.4999999999999964,22.599999999999994
2025-06-22,V ugm-3 (GRAV EMFAB),7.2,V,False,False,False,False,-7.4999999999999964,22.599999999999994
2025-06-23,V ugm-3 (GRAV EMFAB),5.8,V,False,False,False,False,-7.4999999999999964,22.599999999999994
2025-06-24,V ugm-3 (GRAV EMFAB),6.3,V,False,False,False,False,-7.4999999999999964,22.599999999999994
2025-06-25,V ugm-3 (GRAV EMFAB),6.2,V,False,False,False,False,-7.4999999999999964,22.599999999999994
2025-06-26,V ugm-3 (GRAV EMFAB),5.9,V,False,False,False,False,-7.4999999999999964,22.599999999999994
2025-06-27,V ugm-3 (GRAV EMFAB),6.0,V,False,False,False,False,-7.4999999999999964,22.599999999999994
2025-06-28,V ugm-3 (GRAV EMFAB),4.8,V,False,False,False,False,-7.4999999999999964,22.599999999999994
2025-06-29,V ugm-3 (GRAV EMFAB),5.8,V,False,False,False,False,-7.4999999999999964,22.599999999999994
2025-06-30,V ugm-3 (GRAV EMFAB),8.5,V,False,False,False,False,-7.4999999999999964,22.599999999999994
2025-07-01,V ugm-3 (GRAV EMFAB),9.9,V,False,False,False,False,-7.4999999999999964,22.599999999999994
2025-07-02,V ugm-3 (GRAV EMFAB),4.7,V,False,False,False,False,-7.4999999999999964,22.599999999999994
2025-07-03,V ugm-3 (GRAV EMFAB),4.2,V,False,False,False,False,-7.4999999999999964,22.599999999999994
2025-07-04,V ugm-3 (GRAV EMFAB),6.8,V,False,False,False,False,-7.4999999999999964,22.599999999999994
2025-07-05,V ugm-3 (GRAV EMFAB),5.0,V,False,False,False,False,-7.4999999999999964,22.599999999999994
2025-07-06,V ugm-3 (GRAV EMFAB),3.8,V,False,False,False,False,-7.4999999999999964,22.599999999999994
2025-07-07,V ugm-3 (GRAV EMFAB),4.3,V,False,False,False,False,-7.4999999999999964,22.599999999999994
2025-07-08,V ugm-3 (GRAV EMFAB),5.4,V,False,False,False,False,-7.4999999999999964,22.599999999999994
2025-07-09,V ugm-3 (GRAV EMFAB),5.6,V,False,False,False,False,-7.4999999999999964,22.599999999999994
2025-07-10,V ugm-3 (GRAV EMFAB),6.2,V,False,False,False,False,-7.4999999999999964,22.599999999999994
2025-07-11,V ugm-3 (GRAV EMFAB),9.4,V,False,False,False,False,-7.4999999999999964,22.599999999999994
2025-07-12,V ugm-3 (GRAV EMFAB),7.6,V,False,False,False,False,-7.4999999999999964,22.599999999999994
2025-07-13,V ugm-3 (GRAV EMFAB),7.0,V,False,False,False,False,-7.4999999999999964,22.599999999999994
2025-07-14,V ugm-3 (GRAV EMFAB),6.7,V,False,False,False,False,-7.4999999999999964,22.599999999999994
2025-07-15,V ugm-3 (GRAV EMFAB),5.5,V,False,False,False,False,-7.4999999999999964,22.599999999999994
2025-07-16,V ugm-3 (GRAV EMFAB),5.8,V,False,False,False,False,-7.4999999999999964,22.599999999999994
2025-07-17,V ugm-3 (GRAV EMFAB),6.4,V,False,False,False,False,-7.4999999999999964,22.599999999999994
2025-07-18,V ugm-3 (GRAV EMFAB),7.0,V,False,False,False,False,-7.4999999999999964,22.599999999999994
2025-07-19,V ugm-3 (GRAV EMFAB),5.8,V,False,False,False,False,-7.4999999999999964,22.599999999999994
2025-07-20,V ugm-3 (GRAV EMFAB),3.9,V,False,False,False,False,-7.4999999999999964,22.599999999999994
2025-07-21,V ugm-3 (GRAV EMFAB),4.3,V,False,False,False,False,-7.4999999999999964,22.599999999999994
2025-07-22,V ugm-3 (GRAV EMFAB),4.1,V,False,False,False,False,-7.4999999999999964,22.599999999999994
2025-07-23,V ugm-3 (GRAV EMFAB),11.5,V,False,False,False,False,-7.4999999999999964,22.599999999999994
2025-07-24,V ugm-3 (GRAV EMFAB),6.7,V,False,False,False,False,-7.4999999999999964,22.599999999999994
2025-07-25,V ugm-3 (GRAV EMFAB),10.0,V,False,False,False,False,-7.4999999999999964,22.599999999999994
2025-07-26,V ugm-3 (GRAV EMFAB),6.7,V,False,False,False,False,-7.4999999999999964,22.599999999999994
2025-07-27,V ugm-3 (GRAV EMFAB),5.1,V,False,False,False,False,-7.4999999999999964,22.599999999999994
2025-07-28,V ugm-3 (GRAV EMFAB),6.2,V,False,False,False,False,-7.4999999999999964,22.599999999999994
2025-07-29,V ugm-3 (GRAV EMFAB),6.6,V,False,False,False,False,-7.4999999999999964,22.599999999999994
2025-07-30,V ugm-3 (GRAV EMFAB),6.3,V,False,False,False,False,-7.4999999999999964,22.599999999999994
2025-07-31,V ugm-3 (GRAV EMFAB),6.5,V,False,False,False,False,-7.4999999999999964,22.599999999999994
2025-08-01,V ugm-3 (GRAV EMFAB),3.7,V,False,False,False,False,-7.4999999999999964,22.599999999999994
2025-08-02,V ugm-3 (GRAV EMFAB),4.9,V,False,False,False,False,-7.4999999999999964,22.599999999999994
2025-08-03,V ugm-3 (GRAV EMFAB),6.1,V,False,False,False,False,-7.4999999999999964,22.599999999999994
2025-08-04,V ugm-3 (GRAV EMFAB),4.7,V,False,False,False,False,-7.4999999999999964,22.599999999999994
2025-08-05,V ugm-3 (GRAV EMFAB),4.7,V,False,False,False,False,-7.4999999999999964,22.599999999999994
2025-08-06,V ugm-3 (GRAV EMFAB),6.3,V,False,False,False,False,-7.4999999999999964,22.599999999999994
2025-08-07,V ugm-3 (GRAV EMFAB),6.5,V,False,False,False,False,-7.4999999999999964,22.599999999999994
2025-08-08,V ugm-3 (GRAV EMFAB),7.4,V,False,False,False,False,-7.4999999999999964,22.599999999999994
2025-08-09,V ugm-3 (GRAV EMFAB),5.6,V,False,False,False,False,-7.4999999999999964,22.599999999999994
2025-08-10,V ugm-3 (GRAV EMFAB),11.8,V,False,False,False,False,-7.4999999999999964,22.599999999999994
2025-08-11,V ugm-3 (GRAV EMFAB),13.1,V,False,False,False,False,-7.4999999999999964,22.599999999999994
2025-08-12,V ugm-3 (GRAV EMFAB),13.4,V,False,False,False,False,-7.4999999999999964,22.599999999999994
2025-08-13,V ugm-3 (GRAV EMFAB),16.8,V,False,False,False,False,-7.4999999999999964,22.599999999999994
2025-08-14,V ugm-3 (GRAV EMFAB),7.0,V,False,False,False,False,-7.4999999999999964,22.599999999999994
2025-08-15,V ugm-3 (GRAV EMFAB),5.8,V,False,False,False,False,-7.4999999999999964,22.599999999999994
2025-08-16,V ugm-3 (GRAV EMFAB),6.1,V,False,False,False,False,-7.4999999999999964,22.599999999999994
2025-08-17,V ugm-3 (GRAV EMFAB),4.3,V,False,False,False,False,-7.4999999999999964,22.599999999999994
2025-08-18,V ugm-3 (GRAV EMFAB),3.4,V,False,False,False,False,-7.4999999999999964,22.599999999999994
2025-08-19,V ugm-3 (GRAV EMFAB),5.7,V,False,False,False,False,-7.4999999999999964,22.599999999999994
2025-08-20,V ugm-3 (GRAV EMFAB),4.0,V,False,False,False,False,-7.4999999999999964,22.599999999999994
2025-08-21,V ugm-3 (GRAV EMFAB),3.3,V,False,False,False,False,-7.4999999999999964,22.599999999999994
2025-08-22,V ugm-3 (GRAV EMFAB),5.1,V,False,False,False,False,-7.4999999999999964,22.599999999999994
2025-08-23,V ugm-3 (GRAV EMFAB),6.1,V,False,False,False,False,-7.4999999999999964,22.599999999999994
2025-08-24,V ugm-3 (GRAV EMFAB),1.8,V,False,False,False,False,-7.4999999999999964,22.599999999999994
2025-08-25,V ugm-3 (GRAV EMFAB),6.2,V,False,False,False,False,-7.4999999999999964,22.599999999999994
2025-08-26,V ugm-3 (GRAV EMFAB),7.3,V,False,False,False,False,-7.4999999999999964,22.599999999999994
2025-08-27,V ugm-3 (GRAV EMFAB),5.9,V,False,False,False,False,-7.4999999999999964,22.599999999999994
2025-08-28,V ugm-3 (GRAV EMFAB),3.6,V,False,False,False,False,-7.4999999999999964,22.599999999999994
2025-08-29,V ugm-3 (GRAV EMFAB),4.9,V,False,False,False,False,-7.4999999999999964,22.599999999999994
2025-08-30,V ugm-3 (GRAV EMFAB),3.8,V,False,False,False,False,-7.4999999999999964,22.599999999999994
2025-08-31,V ugm-3 (GRAV EMFAB),4.6,V,False,False,False,False,-7.4999999999999964,22.599999999999994
2025-09-01,V ugm-3 (GRAV EMFAB),4.6,V,False,False,False,False,-7.4999999999999964,22.599999999999994
2025-09-02,V ugm-3 (GRAV EMFAB),4.3,V,False,False,False,False,-7.4999999999999964,22.599999999999994
2025-09-03,V ugm-3 (GRAV EMFAB),4.3,V,False,False,False,False,-7.4999999999999964,22.599999999999994
2025-09-04,V ugm-3 (GRAV EMFAB),6.4,V,False,False,False,False,-7.4999999999999964,22.599999999999994
2025-09-05,V ugm-3 (GRAV EMFAB),6.3,V,False,False,False,False,-7.4999999999999964,22.599999999999994
2025-09-06,V ugm-3 (GRAV EMFAB),6.2,V,False,False,False,False,-7.4999999999999964,22.599999999999994
2025-09-07,V ugm-3 (GRAV EMFAB),5.9,V,False,False,False,False,-7.4999999999999964,22.599999999999994
2025-09-08,V ugm-3 (GRAV EMFAB),5.2,V,False,False,False,False,-7.4999999999999964,22.599999999999994
2025-09-09,V ugm-3 (GRAV EMFAB),5.6,V,False,False,False,False,-7.4999999999999964,22.599999999999994
2025-09-10,V ugm-3 (GRAV EMFAB),4.9,V,False,False,False,False,-7.4999999999999964,22.599999999999994
2025-09-11,V ugm-3 (GRAV EMFAB),5.1,V,False,False,False,False,-7.4999999999999964,22.599999999999994
2025-09-12,V ugm-3 (GRAV EMFAB),5.8,V,False,False,False,False,-7.4999999999999964,22.599999999999994
2025-09-13,V ugm-3 (GRAV EMFAB),4.6,V,False,False,False,False,-7.4999999999999964,22.599999999999994
2025-09-14,V ugm-3 (GRAV EMFAB),3.5,V,False,False,False,False,-7.4999999999999964,22.599999999999994
2025-09-15,V ugm-3 (GRAV EMFAB),5.4,V,False,False,False,False,-7.4999999999999964,22.599999999999994
2025-09-16,V ugm-3 (GRAV EMFAB),5.3,V,False,False,False,False,-7.4999999999999964,22.599999999999994
2025-09-17,V ugm-3 (GRAV EMFAB),3.8,V,False,False,False,False,-7.4999999999999964,22.599999999999994
2025-09-18,V ugm-3 (GRAV EMFAB),4.5,V,False,False,False,False,-7.4999999999999964,22.599999999999994
2025-09-19,V ugm-3 (GRAV EMFAB),8.0,V,False,False,False,False,-7.4999999999999964,22.599999999999994
2025-09-20,V ugm-3 (GRAV EMFAB),5.6,V,False,False,False,False,-7.4999999999999964,22.599999999999994
2025-09-21,V ugm-3 (GRAV EMFAB),2.2,V,False,False,False,False,-7.4999999999999964,22.599999999999994
2025-09-22,V ugm-3 (GRAV EMFAB),3.5,V,False,False,False,False,-7.4999999999999964,22.599999999999994
2025-09-23,V ugm-3 (GRAV EMFAB),3.3,V,False,False,False,False,-7.4999999999999964,22.599999999999994
2025-09-24,V ugm-3 (GRAV EMFAB),3.7,V,False,False,False,False,-7.4999999999999964,22.599999999999994
2025-09-25,V ugm-3 (GRAV EMFAB),3.8,V,False,False,False,False,-7.4999999999999964,22.599999999999994
2025-09-26,V ugm-3 (GRAV EMFAB),6.8,V,False,False,False,False,-7.4999999999999964,22.599999999999994
2025-09-27,V ugm-3 (GRAV EMFAB),9.7,V,False,False,False,False,-7.4999999999999964,22.599999999999994
2025-09-28,V ugm-3 (GRAV EMFAB),9.6,V,False,False,False,False,-7.4999999999999964,22.599999999999994
2025-09-29,V ugm-3 (GRAV EMFAB),9.8,V,False,False,False,False,-7.4999999999999964,22.599999999999994
2025-09-30,V ugm-3 (GRAV EMFAB),11.4,V,False,False,False,False,-7.4999999999999964,22.599999999999994
2025-10-01,V ugm-3 (GRAV EMFAB),11.7,V,False,False,False,False,-7.4999999999999964,22.599999999999994
2025-10-02,V ugm-3 (GRAV EMFAB),11.9,V,False,False,False,False,-7.4999999999999964,22.599999999999994
2025-10-03,V ugm-3 (GRAV EMFAB),4.8,V,False,False,False,False,-7.4999999999999964,22.599999999999994
2025-10-04,V ugm-3 (GRAV EMFAB),4.2,V,False,False,False,False,-7.4999999999999964,22.599999999999994
2025-10-05,V ugm-3 (GRAV EMFAB),3.9,V,False,False,False,False,-7.4999999999999964,22.599999999999994
2025-10-06,V ugm-3 (GRAV EMFAB),6.3,V,False,False,False,False,-7.4999999999999964,22.599999999999994
2025-10-07,V ugm-3 (GRAV EMFAB),6.7,V,False,False,False,False,-7.4999999999999964,22.599999999999994
2025-10-08,V ugm-3 (GRAV EMFAB),5.9,V,False,False,False,False,-7.4999999999999964,22.599999999999994
2025-10-09,V ugm-3 (GRAV EMFAB),7.7,V,False,False,False,False,-7.4999999999999964,22.599999999999994
2025-10-10,V ugm-3 (GRAV EMFAB),7.5,V,False,False,False,False,-7.4999999999999964,22.599999999999994
2025-10-11,V ugm-3 (GRAV EMFAB),11.9,V,False,False,False,False,-7.4999999999999964,22.599999999999994
2025-10-12,V ugm-3 (GRAV EMFAB),14.8,V,False,False,False,False,-7.4999999999999964,22.599999999999994
2025-10-13,V ugm-3 (GRAV EMFAB),4.7,V,False,False,False,False,-7.4999999999999964,22.599999999999994
2025-10-14,V ugm-3 (GRAV EMFAB),2.8,V,False,False,False,False,-7.4999999999999964,22.599999999999994
2025-10-15,V ugm-3 (GRAV EMFAB),3.0,V,False,False,False,False,-7.4999999999999964,22.599999999999994
2025-10-16,V ugm-3 (GRAV EMFAB),4.4,V,False,False,False,False,-7.4999999999999964,22.599999999999994
2025-10-17,V ugm-3 (GRAV EMFAB),6.0,V,False,False,False,False,-7.4999999999999964,22.599999999999994
2025-10-18,V ugm-3 (GRAV EMFAB),9.7,V,False,False,False,False,-7.4999999999999964,22.599999999999994
2025-10-19,V ugm-3 (GRAV EMFAB),7.3,V,False,False,False,False,-7.4999999999999964,22.599999999999994
2025-10-20,V ugm-3 (GRAV EMFAB),8.4,V,False,False,False,False,-7.4999999999999964,22.599999999999994
2025-10-21,V ugm-3 (GRAV EMFAB),7.2,V,False,False,False,False,-7.4999999999999964,22.599999999999994
2025-10-22,V ugm-3 (GRAV EMFAB),6.6,V,False,False,False,False,-7.4999999999999964,22.599999999999994
2025-10-23,V ugm-3 (GRAV EMFAB),3.1,V,False,False,False,False,-7.4999999999999964,22.599999999999994
2025-10-24,V ugm-3 (GRAV EMFAB),4.5,V,False,False,False,False,-7.4999999999999964,22.599999999999994
2025-10-25,V ugm-3 (GRAV EMFAB),3.7,V,False,False,False,False,-7.4999999999999964,22.599999999999994
2025-10-26,V ugm-3 (GRAV EMFAB),3.0,V,False,False,False,False,-7.4999999999999964,22.599999999999994
2025-10-27,V ugm-3 (GRAV EMFAB),4.8,V,False,False,False,False,-7.4999999999999964,22.599999999999994
2025-10-28,V ugm-3 (GRAV EMFAB),5.0,V,False,False,False,False,-7.4999999999999964,22.599999999999994
2025-10-29,V ugm-3 (GRAV EMFAB),4.7,V,False,False,False,False,-7.4999999999999964,22.599999999999994
2025-10-30,V ugm-3 (GRAV EMFAB),5.1,V,False,False,False,False,-7.4999999999999964,22.599999999999994
2025-10-31,V ugm-3 (GRAV EMFAB),4.5,V,False,False,False,False,-7.4999999999999964,22.599999999999994
2025-11-01,V ugm-3 (GRAV EMFAB),4.6,V,False,False,False,False,-7.4999999999999964,22.599999999999994
2025-11-02,V ugm-3 (GRAV EMFAB),4.7,V,False,False,False,False,-7.4999999999999964,22.599999999999994
2025-11-03,V ugm-3 (GRAV EMFAB),4.2,V,False,False,False,False,-7.4999999999999964,22.599999999999994
2025-11-04,V ugm-3 (GRAV EMFAB),4.7,V,False,False,False,False,-7.4999999999999964,22.599999999999994
2025-11-05,V ugm-3 (GRAV EMFAB),8.8,V,False,False,False,False,-7.4999999999999964,22.599999999999994
2025-11-06,V ugm-3 (GRAV EMFAB),8.2,V,False,False,False,False,-7.4999999999999964,22.599999999999994
2025-11-07,V ugm-3 (GRAV EMFAB),7.3,V,False,False,False,False,-7.4999999999999964,22.599999999999994
2025-11-08,V ugm-3 (GRAV EMFAB),12.4,V,False,False,False,False,-7.4999999999999964,22.599999999999994
2025-11-09,V ugm-3 (GRAV EMFAB),8.8,V,False,False,False,False,-7.4999999999999964,22.599999999999994
2025-11-10,V ugm-3 (GRAV EMFAB),4.4,V,False,False,False,False,-7.4999999999999964,22.599999999999994
2025-11-11,V ugm-3 (GRAV EMFAB),5.0,V,False,False,False,False,-7.4999999999999964,22.599999999999994
2025-11-12,V ugm-3 (GRAV EMFAB),7.7,V,False,False,False,False,-7.4999999999999964,22.599999999999994
2025-11-13,V ugm-3 (GRAV EMFAB),7.4,V,False,False,False,False,-7.4999999999999964,22.599999999999994
2025-11-14,V ugm-3 (GRAV EMFAB),12.5,V,False,False,False,False,-7.4999999999999964,22.599999999999994
2025-11-15,V ugm-3 (GRAV EMFAB),7.4,V,False,False,False,False,-7.4999999999999964,22.599999999999994
2025-11-16,V ugm-3 (GRAV EMFAB),2.9,V,False,False,False,False,-7.4999999999999964,22.599999999999994
2025-11-17,V ugm-3 (GRAV EMFAB),4.0,V,False,False,False,False,-7.4999999999999964,22.599999999999994
2025-11-18,V ugm-3 (GRAV EMFAB),9.1,V,False,False,False,False,-7.4999999999999964,22.599999999999994
2025-11-19,V ugm-3 (GRAV EMFAB),3.0,V,False,False,False,False,-7.4999999999999964,22.599999999999994
2025-11-20,V ugm-3 (GRAV EMFAB),4.2,V,False,False,False,False,-7.4999999999999964,22.599999999999994
2025-11-21,V ugm-3 (GRAV EMFAB),8.4,V,False,False,False,False,-7.4999999999999964,22.599999999999994
2025-11-22,V ugm-3 (GRAV EMFAB),5.1,V,False,False,False,False,-7.4999999999999964,22.599999999999994
2025-11-23,V ugm-3 (GRAV EMFAB),4.1,V,False,False,False,False,-7.4999999999999964,22.599999999999994
2025-11-24,V ugm-3 (GRAV EMFAB),3.2,V,False,False,False,False,-7.4999999999999964,22.599999999999994
2025-11-25,V ugm-3 (GRAV EMFAB),3.6,V,False,False,False,False,-7.4999999999999964,22.599999999999994
2025-11-26,V ugm-3 (GRAV EMFAB),11.0,V,False,False,False,False,-7.4999999999999964,22.599999999999994
2025-11-27,V ugm-3 (GRAV EMFAB),3.5,V,False,False,False,False,-7.4999999999999964,22.599999999999994
2025-11-28,V ugm-3 (GRAV EMFAB),5.7,V,False,False,False,False,-7.4999999999999964,22.599999999999994
2025-11-29,V ugm-3 (GRAV EMFAB),3.8,V,False,False,False,False,-7.4999999999999964,22.599999999999994
2025-11-30,V ugm-3 (GRAV EMFAB),4.6,V,False,False,False,False,-7.4999999999999964,22.599999999999994
2025-12-01,V ugm-3 (GRAV EMFAB),3.5,V,False,False,False,False,-7.4999999999999964,22.599999999999994
2025-12-02,V ugm-3 (GRAV EMFAB),4.8,V,False,False,False,False,-7.4999999999999964,22.599999999999994
2025-12-03,V ugm-3 (GRAV EMFAB),6.5,V,False,False,False,False,-7.4999999999999964,22.599999999999994
2025-12-04,V ugm-3 (GRAV EMFAB),6.5,V,False,False,False,False,-7.4999999999999964,22.599999999999994
2025-12-05,V ugm-3 (GRAV EMFAB),6.4,V,False,False,False,False,-7.4999999999999964,22.599999999999994
2025-12-06,V ugm-3 (GRAV EMFAB),6.1,V,False,False,False,False,-7.4999999999999964,22.599999999999994
2025-12-07,V ugm-3 (GRAV EMFAB),4.3,V,False,False,False,False,-7.4999999999999964,22.599999999999994
2025-12-08,V ugm-3 (GRAV EMFAB),5.3,V,False,False,False,False,-7.4999999999999964,22.599999999999994
2025-12-09,V ugm-3 (GRAV EMFAB),5.5,V,False,False,False,False,-7.4999999999999964,22.599999999999994
2025-12-10,V ugm-3 (GRAV EMFAB),6.9,V,False,False,False,False,-7.4999999999999964,22.599999999999994
2025-12-11,V ugm-3 (GRAV EMFAB),6.5,V,False,False,False,False,-7.4999999999999964,22.599999999999994
2025-12-12,V ugm-3 (GRAV EMFAB),6.8,V,False,False,False,False,-7.4999999999999964,22.599999999999994
2025-12-13,V ugm-3 (GRAV EMFAB),8.7,V,False,False,False,False,-7.4999999999999964,22.599999999999994
2025-12-14,V ugm-3 (GRAV EMFAB),5.6,V,False,False,False,False,-7.4999999999999964,22.599999999999994
2025-12-15,V ugm-3 (GRAV EMFAB),8.1,V,False,False,False,False,-7.4999999999999964,22.599999999999994
2025-12-16,V ugm-3 (GRAV EMFAB),6.1,V,False,False,False,False,-7.4999999999999964,22.599999999999994
2025-12-17,V ugm-3 (GRAV EMFAB),8.4,V,False,False,False,False,-7.4999999999999964,22.599999999999994
2025-12-18,V ugm-3 (GRAV EMFAB),3.3,V,False,False,False,False,-7.4999999999999964,22.599999999999994
2025-12-19,V ugm-3 (GRAV EMFAB),5.2,V,False,False,False,False,-7.4999999999999964,22.599999999999994
2025-12-20,V ugm-3 (GRAV EMFAB),6.2,V,False,False,False,False,-7.4999999999999964,22.599999999999994
2025-12-21,V ugm-3 (GRAV EMFAB),10.9,V,False,False,False,False,-7.4999999999999964,22.599999999999994
2025-12-22,V ugm-3 (GRAV EMFAB),16.0,V,False,False,False,False,-7.4999999999999964,22.599999999999994
2025-12-23,V ugm-3 (GRAV EMFAB),15.3,V,False,False,False,False,-7.4999999999999964,22.599999999999994
2025-12-24,V ugm-3 (GRAV EMFAB),5.6,V,False,False,False,False,-7.4999999999999964,22.599999999999994
2025-12-25,V ugm-3 (GRAV EMFAB),4.3,V,False,False,False,False,-7.4999999999999964,22.599999999999994
2025-12-26,V ugm-3 (GRAV EMFAB),10.2,V,False,False,False,False,-7.4999999999999964,22.599999999999994
2025-12-27,V ugm-3 (GRAV EMFAB),3.9,V,False,False,False,False,-7.4999999999999964,22.599999999999994
2025-12-28,V ugm-3 (GRAV EMFAB),4.5,V,False,False,False,False,-7.4999999999999964,22.599999999999994
2025-12-29,V ugm-3 (GRAV EMFAB),3.5,V,False,False,False,False,-7.4999999999999964,22.599999999999994
2025-12-30,V ugm-3 (GRAV EMFAB),3.9,V,False,False,False,False,-7.4999999999999964,22.599999999999994
2025-12-31,V ugm-3 (GRAV EMFAB),18.4,V,False,False,False,False,-7.4999999999999964,22.599999999999994
