date,station,pm25,pm25_treated,status_raw,outlier,iqr_flagged,domain_outlier,rolling_spike,rolling_mean_7d,rolling_std_7d
2016-01-01,Auchencorth Moss,2.886,2.886,V ugm-3 (GRAV EMFAB),False,False,False,False,2.886,
2016-01-02,Auchencorth Moss,,,V ugm-3 (GRAV EMFAB),False,False,False,False,2.886,
2016-01-03,Auchencorth Moss,1.553,1.553,V ugm-3 (GRAV EMFAB),False,False,False,False,2.2195,0.942573339321668
2016-01-04,Auchencorth Moss,1.942,1.942,V ugm-3 (GRAV EMFAB),False,False,False,False,2.1270000000000002,0.6854859590101026
2016-01-05,Auchencorth Moss,2.48,2.48,V ugm-3 (GRAV EMFAB),False,False,False,False,2.21525,0.586867034912225
2016-01-06,Auchencorth Moss,3.75,3.75,V ugm-3 (GRAV EMFAB),False,False,False,False,2.5222,0.8540498814472139
2016-01-07,Auchencorth Moss,0.417,0.417,V ugm-3 (GRAV EMFAB),False,False,False,False,2.1713333333333336,1.1498545415254342
2016-01-08,Auchencorth Moss,1.958,1.958,V ugm-3 (GRAV EMFAB),False,False,False,False,2.016666666666666,1.0956330894358142
2016-01-09,Auchencorth Moss,2.0,2.0,V ugm-3 (GRAV EMFAB),False,False,False,False,2.014285714285714,1.0001914340574531
2016-01-10,Auchencorth Moss,2.628,2.628,V ugm-3 (GRAV EMFAB),False,False,False,False,2.167857142857143,1.000089067462065
2016-01-11,Auchencorth Moss,,,,False,False,False,False,2.2055000000000002,1.0900968305613958
2016-01-12,Auchencorth Moss,,,,False,False,False,False,2.1506,1.2094559934119142
2016-01-13,Auchencorth Moss,1.296,1.296,V ugm-3 (GRAV EMFAB),False,False,False,False,1.6598,0.8394898450845009
2016-01-14,Auchencorth Moss,,,V ugm-3 (GRAV EMFAB),False,False,False,False,1.9705,0.5441455075008277
2016-01-15,Auchencorth Moss,0.605,0.605,V ugm-3 (GRAV EMFAB),False,False,False,False,1.63225,0.8746551225101998
2016-01-16,Auchencorth Moss,2.81,2.81,V ugm-3 (GRAV EMFAB),False,False,False,False,1.83475,1.0618999874438897
2016-01-17,Auchencorth Moss,0.778,0.778,V ugm-3 (GRAV EMFAB),False,False,False,False,1.3722500000000002,1.0024544461803067
2016-01-18,Auchencorth Moss,5.881,5.881,V ugm-3 (GRAV EMFAB),False,False,False,False,2.274,2.1953249190040185
2016-01-19,Auchencorth Moss,7.137,7.137,V ugm-3 (GRAV EMFAB),False,False,False,False,3.0845000000000002,2.7923149356761323
2016-01-20,Auchencorth Moss,5.019,5.019,V ugm-3 (GRAV EMFAB),False,False,False,False,3.705,2.7283163306332354
2016-01-21,Auchencorth Moss,6.664,6.664,V ugm-3 (GRAV EMFAB),False,False,False,False,4.127714285714286,2.7301837370578634
2016-01-22,Auchencorth Moss,2.294,2.294,V ugm-3 (GRAV EMFAB),False,False,False,False,4.369000000000001,2.4244889495864217
2016-01-23,Auchencorth Moss,4.416,4.416,V ugm-3 (GRAV EMFAB),False,False,False,False,4.598428571428571,2.326375783426721
2016-01-24,Auchencorth Moss,0.26,0.26,V ugm-3 (GRAV EMFAB),False,False,False,False,4.5244285714285715,2.4718448479589
2016-01-25,Auchencorth Moss,3.595,3.595,V ugm-3 (GRAV EMFAB),False,False,False,False,4.197857142857143,2.4130586005159125
2016-01-26,Auchencorth Moss,1.17,1.17,V ugm-3 (GRAV EMFAB),False,False,False,False,3.345428571428571,2.2501862039353453
2016-01-27,Auchencorth Moss,0.043,0.043,V ugm-3 (GRAV EMFAB),False,False,False,False,2.634571428571429,2.413434472361112
2016-01-28,Auchencorth Moss,2.254,2.254,V ugm-3 (GRAV EMFAB),False,False,False,False,2.0045714285714284,1.636980742825327
2016-01-29,Auchencorth Moss,,,V ugm-3 (GRAV EMFAB),False,False,False,False,1.9563333333333335,1.7877642648477663
2016-01-30,Auchencorth Moss,,,V ugm-3 (GRAV EMFAB),False,False,False,False,1.4644000000000001,1.4765291395702318
2016-01-31,Auchencorth Moss,,,V ugm-3 (GRAV EMFAB),False,False,False,False,1.7655000000000003,1.517380308294533
2016-02-01,Auchencorth Moss,1.12,1.12,V ugm-3 (GRAV EMFAB),False,False,False,False,1.14675,0.90287000725465
2016-02-02,Auchencorth Moss,2.951,2.951,V ugm-3 (GRAV EMFAB),False,False,False,False,1.592,1.2789722436394042
2016-02-03,Auchencorth Moss,1.816,1.816,V ugm-3 (GRAV EMFAB),False,False,False,False,2.03525,0.7685923822157046
2016-02-04,Auchencorth Moss,0.359,0.359,V ugm-3 (GRAV EMFAB),False,False,False,False,1.5615,1.1009706323664337
2016-02-05,Auchencorth Moss,2.613,2.613,V ugm-3 (GRAV EMFAB),False,False,False,False,1.7718000000000003,1.0631240285122
2016-02-06,Auchencorth Moss,3.958,3.958,V ugm-3 (GRAV EMFAB),False,False,False,False,2.1361666666666665,1.304133646014347
2016-02-07,Auchencorth Moss,1.333,1.333,V ugm-3 (GRAV EMFAB),False,False,False,False,2.0214285714285714,1.2285998612435316
2016-02-08,Auchencorth Moss,2.417,2.417,V ugm-3 (GRAV EMFAB),False,False,False,False,2.2067142857142854,1.1662142047791124
2016-02-09,Auchencorth Moss,1.292,1.292,V ugm-3 (GRAV EMFAB),False,False,False,False,1.9697142857142858,1.1582955458036508
2016-02-10,Auchencorth Moss,1.92,1.92,V ugm-3 (GRAV EMFAB),False,False,False,False,1.9845714285714287,1.1566611225337171
2016-02-11,Auchencorth Moss,,,,False,False,False,False,2.2555,0.9944137468880886
2016-02-12,Auchencorth Moss,,,,False,False,False,False,2.184,1.0944092013502122
2016-02-13,Auchencorth Moss,2.001,2.001,V ugm-3 (GRAV EMFAB),False,False,False,False,1.7926000000000002,0.4773282937350443
2016-02-14,Auchencorth Moss,1.001,1.001,V ugm-3 (GRAV EMFAB),False,False,False,False,1.7262,0.5711223161460325
2016-02-15,Auchencorth Moss,1.262,1.262,V ugm-3 (GRAV EMFAB),False,False,False,False,1.4952,0.4405095912690307
2016-02-16,Auchencorth Moss,2.002,2.002,V ugm-3 (GRAV EMFAB),False,False,False,False,1.6372,0.4719456536509353
2016-02-17,Auchencorth Moss,2.177,2.177,V ugm-3 (GRAV EMFAB),False,False,False,False,1.6885999999999999,0.5218067650002333
2016-02-18,Auchencorth Moss,2.439,2.439,V ugm-3 (GRAV EMFAB),False,False,False,False,1.8136666666666665,0.5582793804777978
2016-02-19,Auchencorth Moss,1.829,1.829,V ugm-3 (GRAV EMFAB),False,False,False,False,1.8158571428571428,0.5096699679110808
2016-02-20,Auchencorth Moss,1.263,1.263,V ugm-3 (GRAV EMFAB),False,False,False,False,1.7104285714285716,0.54039302275994
2016-02-21,Auchencorth Moss,0.654,0.654,V ugm-3 (GRAV EMFAB),False,False,False,False,1.6608571428571428,0.6255262926985155
2016-02-22,Auchencorth Moss,1.874,1.874,V ugm-3 (GRAV EMFAB),False,False,False,False,1.7482857142857144,0.6028453959586798
2016-02-23,Auchencorth Moss,1.308,1.308,V ugm-3 (GRAV EMFAB),False,False,False,False,1.6491428571428572,0.6111752145311103
2016-02-24,Auchencorth Moss,,,V ugm-3 (GRAV EMFAB),False,False,False,False,1.5611666666666668,0.6190539287224286
2016-02-25,Auchencorth Moss,1.988,1.988,V ugm-3 (GRAV EMFAB),False,False,False,False,1.486,0.5086912619654548
2016-02-26,Auchencorth Moss,5.129,5.129,V ugm-3 (GRAV EMFAB),False,False,False,False,2.036,1.5895052060311115
2016-02-27,Auchencorth Moss,9.014,9.014,V ugm-3 (GRAV EMFAB),False,False,False,False,3.327833333333333,3.18479477622447
2016-02-28,Auchencorth Moss,4.87,4.87,V ugm-3 (GRAV EMFAB),False,False,False,False,4.0305,2.9319290407511582
2016-02-29,Auchencorth Moss,4.958,4.958,V ugm-3 (GRAV EMFAB),False,False,False,False,4.5445,2.7424670462924445
2016-03-01,Auchencorth Moss,0.56,0.56,V ugm-3 (GRAV EMFAB),False,False,False,False,4.419833333333334,2.9296308584302344
2016-03-02,Auchencorth Moss,0.998,0.998,V ugm-3 (GRAV EMFAB),False,False,False,False,3.931,2.970687967458044
2016-03-03,Auchencorth Moss,2.209,2.209,V ugm-3 (GRAV EMFAB),False,False,False,False,3.9625714285714286,2.9476821321813107
2016-03-04,Auchencorth Moss,8.454,8.454,V ugm-3 (GRAV EMFAB),False,False,False,False,4.437571428571429,3.4001465584659174
2016-03-05,Auchencorth Moss,3.765,3.765,V ugm-3 (GRAV EMFAB),False,False,False,False,3.6877142857142857,2.736744825170086
2016-03-06,Auchencorth Moss,5.042,5.042,V ugm-3 (GRAV EMFAB),False,False,False,False,3.712285714285714,2.7498696159567113
2016-03-07,Auchencorth Moss,0.417,0.417,V ugm-3 (GRAV EMFAB),False,False,False,False,3.063571428571429,2.936323940867951
2016-03-08,Auchencorth Moss,1.75,1.75,V ugm-3 (GRAV EMFAB),False,False,False,False,3.233571428571429,2.798430801785343
2016-03-09,Auchencorth Moss,1.542,1.542,V ugm-3 (GRAV EMFAB),False,False,False,False,3.3112857142857144,2.7327839110990664
2016-03-10,Auchencorth Moss,3.128,3.128,V ugm-3 (GRAV EMFAB),False,False,False,False,3.4425714285714286,2.6927852901870257
2016-03-11,Auchencorth Moss,,,,False,False,False,False,2.6073333333333335,1.685609879736908
2016-03-12,Auchencorth Moss,,,,False,False,False,False,2.3758,1.7746952414428816
2016-03-13,Auchencorth Moss,3.459,3.459,V ugm-3 (GRAV EMFAB),False,False,False,False,2.0591999999999997,1.2411380664535308
2016-03-14,Auchencorth Moss,7.358,7.358,V ugm-3 (GRAV EMFAB),False,False,False,False,3.4474000000000005,2.3402275103074923
2016-03-15,Auchencorth Moss,9.068,9.068,V ugm-3 (GRAV EMFAB),False,False,False,False,4.911,3.1585602732890816
2016-03-16,Auchencorth Moss,0.307,0.307,V ugm-3 (GRAV EMFAB),False,False,False,False,4.664,3.515950156074457
2016-03-17,Auchencorth Moss,2.761,2.761,V ugm-3 (GRAV EMFAB),False,False,False,False,4.5906,3.559592575000684
2016-03-18,Auchencorth Moss,3.945,3.945,V ugm-3 (GRAV EMFAB),False,False,False,False,4.483,3.1946871521324276
2016-03-19,Auchencorth Moss,5.7,5.7,V ugm-3 (GRAV EMFAB),False,False,False,False,4.656857142857143,2.9523898471448193
2016-03-20,Auchencorth Moss,7.324,7.324,V ugm-3 (GRAV EMFAB),False,False,False,False,5.2090000000000005,3.0508029544148973
2016-03-21,Auchencorth Moss,3.334,3.334,V ugm-3 (GRAV EMFAB),False,False,False,False,4.634142857142857,2.956027482313125
2016-03-22,Auchencorth Moss,2.062,2.062,V ugm-3 (GRAV EMFAB),False,False,False,False,3.6332857142857145,2.3228364639154515
2016-03-23,Auchencorth Moss,7.461,7.461,V ugm-3 (GRAV EMFAB),False,False,False,False,4.655285714285715,2.1851486382918144
2016-03-24,Auchencorth Moss,2.216,2.216,V ugm-3 (GRAV EMFAB),False,False,False,False,4.577428571428571,2.271879241006063
2016-03-25,Auchencorth Moss,3.27,3.27,V ugm-3 (GRAV EMFAB),False,False,False,False,4.481,2.317071643260087
2016-03-26,Auchencorth Moss,2.963,2.963,V ugm-3 (GRAV EMFAB),False,False,False,False,4.09,2.3079977614085045
2016-03-27,Auchencorth Moss,1.646,1.646,V ugm-3 (GRAV EMFAB),False,False,False,False,3.278857142857143,1.9523418782384947
2016-03-28,Auchencorth Moss,1.295,1.295,V ugm-3 (GRAV EMFAB),False,False,False,False,2.9875714285714285,2.089997994986508
2016-03-29,Auchencorth Moss,0.55,0.55,V ugm-3 (GRAV EMFAB),False,False,False,False,2.7715714285714284,2.271821211945963
2016-03-30,Auchencorth Moss,1.427,1.427,V ugm-3 (GRAV EMFAB),False,False,False,False,1.9095714285714287,0.9646116415675421
2016-03-31,Auchencorth Moss,0.68,0.68,V ugm-3 (GRAV EMFAB),False,False,False,False,1.6901428571428572,1.0538626457895195
2016-04-01,Auchencorth Moss,1.983,1.983,V ugm-3 (GRAV EMFAB),False,False,False,False,1.5062857142857144,0.8182248497582528
2016-04-02,Auchencorth Moss,2.084,2.084,V ugm-3 (GRAV EMFAB),False,False,False,False,1.3807142857142858,0.5941817102216425
2016-04-03,Auchencorth Moss,1.86,1.86,V ugm-3 (GRAV EMFAB),False,False,False,False,1.4112857142857143,0.6152380878667346
2016-04-04,Auchencorth Moss,5.992,5.992,V ugm-3 (GRAV EMFAB),False,False,False,False,2.0822857142857143,1.8297924030051185
2016-04-05,Auchencorth Moss,5.716,5.716,V ugm-3 (GRAV EMFAB),False,False,False,False,2.8202857142857143,2.1265117535756164
2016-04-06,Auchencorth Moss,7.75,7.75,V ugm-3 (GRAV EMFAB),False,False,False,False,3.7235714285714288,2.7012859812283767
2016-04-07,Auchencorth Moss,1.958,1.958,V ugm-3 (GRAV EMFAB),False,False,False,False,3.906142857142857,2.4967400364322696
2016-04-08,Auchencorth Moss,1.042,1.042,V ugm-3 (GRAV EMFAB),False,False,False,False,3.771714285714286,2.638831920521257
2016-04-09,Auchencorth Moss,2.0,2.0,V ugm-3 (GRAV EMFAB),False,False,False,False,3.759714285714286,2.647961084450054
2016-04-10,Auchencorth Moss,3.878,3.878,V ugm-3 (GRAV EMFAB),False,False,False,False,4.048,2.513082569276227
2016-04-11,Auchencorth Moss,,,,False,False,False,False,3.724,2.5878373982922502
2016-04-12,Auchencorth Moss,,,,False,False,False,False,3.3256,2.679684459036177
2016-04-13,Auchencorth Moss,2.307,2.307,V ugm-3 (GRAV EMFAB),False,False,False,False,2.237,1.031966084714037
2016-04-14,Auchencorth Moss,4.455,4.455,V ugm-3 (GRAV EMFAB),False,False,False,False,2.7364,1.4012937950337232
2016-04-15,Auchencorth Moss,2.603,2.603,V ugm-3 (GRAV EMFAB),False,False,False,False,3.0486,1.0623037701147497
2016-04-16,Auchencorth Moss,2.074,2.074,V ugm-3 (GRAV EMFAB),False,False,False,False,3.0634,1.0444071524075325
2016-04-17,Auchencorth Moss,2.383,2.383,V ugm-3 (GRAV EMFAB),False,False,False,False,2.7644,0.9637830668776112
2016-04-18,Auchencorth Moss,2.914,2.914,V ugm-3 (GRAV EMFAB),False,False,False,False,2.7893333333333334,0.8641945768556278
2016-04-19,Auchencorth Moss,5.431,5.431,V ugm-3 (GRAV EMFAB),False,False,False,False,3.166714285714286,1.2725073299442764
2016-04-20,Auchencorth Moss,4.638,4.638,V ugm-3 (GRAV EMFAB),False,False,False,False,3.499714285714286,1.3143439065792135
2016-04-21,Auchencorth Moss,6.229,6.229,V ugm-3 (GRAV EMFAB),False,False,False,False,3.753142857142857,1.6558908406626562
2016-04-22,Auchencorth Moss,4.375,4.375,V ugm-3 (GRAV EMFAB),False,False,False,False,4.006285714285714,1.5846742792853588
2016-04-23,Auchencorth Moss,3.492,3.492,V ugm-3 (GRAV EMFAB),False,False,False,False,4.208857142857143,1.3729937397977485
2016-04-24,Auchencorth Moss,2.299,2.299,V ugm-3 (GRAV EMFAB),False,False,False,False,4.196857142857143,1.3918490613294991
2016-04-25,Auchencorth Moss,2.565,2.565,V ugm-3 (GRAV EMFAB),False,False,False,False,4.147,1.4504768181532577
2016-04-26,Auchencorth Moss,1.327,1.327,V ugm-3 (GRAV EMFAB),False,False,False,False,3.5607142857142855,1.6593636043461286
2016-04-27,Auchencorth Moss,2.831,2.831,V ugm-3 (GRAV EMFAB),False,False,False,False,3.302571428571429,1.6034545890194787
2016-04-28,Auchencorth Moss,1.327,1.327,V ugm-3 (GRAV EMFAB),False,False,False,False,2.6022857142857143,1.1054785862973184
2016-04-29,Auchencorth Moss,2.611,2.611,V ugm-3 (GRAV EMFAB),False,False,False,False,2.350285714285714,0.7900980349057449
2016-04-30,Auchencorth Moss,2.745,2.745,V ugm-3 (GRAV EMFAB),False,False,False,False,2.2435714285714283,0.6478299306512744
2016-05-01,Auchencorth Moss,2.372,2.372,V ugm-3 (GRAV EMFAB),False,False,False,False,2.254,0.6494564393911901
2016-05-02,Auchencorth Moss,0.391,0.391,V ugm-3 (GRAV EMFAB),False,False,False,False,1.9434285714285713,0.9335976751511529
2016-05-03,Auchencorth Moss,1.118,1.118,V ugm-3 (GRAV EMFAB),False,False,False,False,1.9135714285714285,0.9595776600746313
2016-05-04,Auchencorth Moss,,,V ugm-3 (GRAV EMFAB),False,False,False,False,1.7606666666666666,0.953182179159205
2016-05-05,Auchencorth Moss,2.039,2.039,V ugm-3 (GRAV EMFAB),False,False,False,False,1.8793333333333333,0.9324905718915819
2016-05-06,Auchencorth Moss,4.833,4.833,V ugm-3 (GRAV EMFAB),False,False,False,False,2.2496666666666667,1.5305961801424588
2016-05-07,Auchencorth Moss,1.167,1.167,V ugm-3 (GRAV EMFAB),False,False,False,False,1.9866666666666666,1.5636765223877631
2016-05-08,Auchencorth Moss,2.042,2.042,V ugm-3 (GRAV EMFAB),False,False,False,False,1.9316666666666666,1.5531806935017862
2016-05-09,Auchencorth Moss,1.333,1.333,V ugm-3 (GRAV EMFAB),False,False,False,False,2.0886666666666662,1.4070327169851766
2016-05-10,Auchencorth Moss,3.628,3.628,V ugm-3 (GRAV EMFAB),False,False,False,False,2.507,1.4335998046874927
2016-05-11,Auchencorth Moss,,,,False,False,False,False,2.507,1.4335998046874927
2016-05-12,Auchencorth Moss,,,,False,False,False,False,2.6006,1.582183080430334
2016-05-13,Auchencorth Moss,3.33,3.33,V ugm-3 (GRAV EMFAB),False,False,False,False,2.3,1.1302462121148755
2016-05-14,Auchencorth Moss,3.242,3.242,V ugm-3 (GRAV EMFAB),False,False,False,False,2.715,0.9813735272565788
2016-05-15,Auchencorth Moss,3.554,3.554,V ugm-3 (GRAV EMFAB),False,False,False,False,3.0174000000000003,0.9547433162897843
2016-05-16,Auchencorth Moss,2.177,2.177,V ugm-3 (GRAV EMFAB),False,False,False,False,3.1862000000000004,0.5858201089071736
2016-05-17,Auchencorth Moss,3.2,3.2,V ugm-3 (GRAV EMFAB),False,False,False,False,3.1006,0.5341130966377944
2016-05-18,Auchencorth Moss,2.178,2.178,V ugm-3 (GRAV EMFAB),False,False,False,False,2.9468333333333336,0.6083474062299267
2016-05-19,Auchencorth Moss,,,V ugm-3 (GRAV EMFAB),False,False,False,False,2.9468333333333336,0.6083474062299267
2016-05-20,Auchencorth Moss,2.167,2.167,V ugm-3 (GRAV EMFAB),False,False,False,False,2.753,0.6459609895342092
2016-05-21,Auchencorth Moss,0.875,0.875,V ugm-3 (GRAV EMFAB),False,False,False,False,2.3585,0.9423703624371995
2016-05-22,Auchencorth Moss,2.75,2.75,V ugm-3 (GRAV EMFAB),False,False,False,False,2.2245,0.781872815744364
2016-05-23,Auchencorth Moss,1.833,1.833,V ugm-3 (GRAV EMFAB),False,False,False,False,2.1671666666666667,0.7984884261319556
2016-05-24,Auchencorth Moss,3.125,3.125,V ugm-3 (GRAV EMFAB),False,False,False,False,2.154666666666667,0.7794461281363116
2016-05-25,Auchencorth Moss,3.319,3.319,V ugm-3 (GRAV EMFAB),False,False,False,False,2.3448333333333333,0.9138740431080672
2016-05-26,Auchencorth Moss,2.917,2.917,V ugm-3 (GRAV EMFAB),False,False,False,False,2.4265714285714286,0.8618232334500507
2016-05-27,Auchencorth Moss,2.125,2.125,V ugm-3 (GRAV EMFAB),False,False,False,False,2.4205714285714284,0.8640748148825428
2016-05-28,Auchencorth Moss,3.333,3.333,V ugm-3 (GRAV EMFAB),False,False,False,False,2.771714285714286,0.5860002031529088
2016-05-29,Auchencorth Moss,4.208,4.208,V ugm-3 (GRAV EMFAB),False,False,False,False,2.98,0.7978243332129432
2016-05-30,Auchencorth Moss,2.708,2.708,V ugm-3 (GRAV EMFAB),False,False,False,False,3.1050000000000004,0.6413711873790479
2016-05-31,Auchencorth Moss,3.25,3.25,V ugm-3 (GRAV EMFAB),False,False,False,False,3.1228571428571428,0.6437565348720631
2016-06-01,Auchencorth Moss,2.157,2.157,V ugm-3 (GRAV EMFAB),False,False,False,False,2.956857142857143,0.7289319649485956
2016-06-02,Auchencorth Moss,1.737,1.737,V ugm-3 (GRAV EMFAB),False,False,False,False,2.7882857142857143,0.8636742661995034
2016-06-03,Auchencorth Moss,0.943,0.943,V ugm-3 (GRAV EMFAB),False,False,False,False,2.6194285714285717,1.0985704130282075
2016-06-04,Auchencorth Moss,0.755,0.755,V ugm-3 (GRAV EMFAB),False,False,False,False,2.251142857142857,1.242216490602112
2016-06-05,Auchencorth Moss,5.984,5.984,V ugm-3 (GRAV EMFAB),False,False,False,False,2.504857142857143,1.7754317248274643
2016-06-06,Auchencorth Moss,5.208,5.208,V ugm-3 (GRAV EMFAB),False,False,False,False,2.8619999999999997,2.052876193701578
2016-06-07,Auchencorth Moss,1.5,1.5,V ugm-3 (GRAV EMFAB),False,False,False,False,2.6119999999999997,2.103679474951768
2016-06-08,Auchencorth Moss,2.792,2.792,V ugm-3 (GRAV EMFAB),False,False,False,False,2.7027142857142854,2.0944599713120766
2016-06-09,Auchencorth Moss,1.042,1.042,V ugm-3 (GRAV EMFAB),False,False,False,False,2.6034285714285716,2.1632128772686627
2016-06-10,Auchencorth Moss,,,,False,False,False,False,2.8801666666666663,2.2298167114511185
2016-06-11,Auchencorth Moss,,,,False,False,False,False,3.3052,2.204586854719045
2016-06-12,Auchencorth Moss,,,,False,False,False,False,2.6355,1.8682300893269799
2016-06-13,Auchencorth Moss,1.667,1.667,V ugm-3 (GRAV EMFAB),False,False,False,False,1.7502499999999999,0.7430605067332758
2016-06-14,Auchencorth Moss,2.958,2.958,V ugm-3 (GRAV EMFAB),False,False,False,False,2.11475,0.916698923674892
2016-06-15,Auchencorth Moss,1.542,1.542,V ugm-3 (GRAV EMFAB),False,False,False,False,1.8022500000000001,0.816447742765397
2016-06-16,Auchencorth Moss,,,V ugm-3 (GRAV EMFAB),False,False,False,False,2.0556666666666668,0.7839389857210788
2016-06-17,Auchencorth Moss,2.5,2.5,V ugm-3 (GRAV EMFAB),False,False,False,False,2.1667500000000004,0.6775432950496262
2016-06-18,Auchencorth Moss,6.042,6.042,V ugm-3 (GRAV EMFAB),False,False,False,False,2.9417999999999997,1.8297024894774605
2016-06-19,Auchencorth Moss,3.208,3.208,V ugm-3 (GRAV EMFAB),False,False,False,False,2.986166666666667,1.6401400448335743
2016-06-20,Auchencorth Moss,1.75,1.75,V ugm-3 (GRAV EMFAB),False,False,False,False,3.0,1.6270867217207607
2016-06-21,Auchencorth Moss,2.958,2.958,V ugm-3 (GRAV EMFAB),False,False,False,False,3.0,1.6270867217207607
2016-06-22,Auchencorth Moss,3.792,3.792,V ugm-3 (GRAV EMFAB),False,False,False,False,3.375,1.476130482037414
2016-06-23,Auchencorth Moss,4.417,4.417,V ugm-3 (GRAV EMFAB),False,False,False,False,3.5238571428571426,1.4038910722905635
2016-06-24,Auchencorth Moss,3.833,3.833,V ugm-3 (GRAV EMFAB),False,False,False,False,3.7142857142857144,1.3303449069427726
2016-06-25,Auchencorth Moss,3.625,3.625,V ugm-3 (GRAV EMFAB),False,False,False,False,3.369,0.8538216050987115
2016-06-26,Auchencorth Moss,3.417,3.417,V ugm-3 (GRAV EMFAB),False,False,False,False,3.3988571428571426,0.8509025460398796
2016-06-27,Auchencorth Moss,3.083,3.083,V ugm-3 (GRAV EMFAB),False,False,False,False,3.5892857142857144,0.49521130650990053
2016-06-28,Auchencorth Moss,3.542,3.542,V ugm-3 (GRAV EMFAB),False,False,False,False,3.6727142857142856,0.4136015450832382
2016-06-29,Auchencorth Moss,3.083,3.083,V ugm-3 (GRAV EMFAB),False,False,False,False,3.5714285714285716,0.46334287417378495
2016-06-30,Auchencorth Moss,1.208,1.208,V ugm-3 (GRAV EMFAB),False,False,False,False,3.113,0.883914211523575
2016-07-01,Auchencorth Moss,0.259,0.259,V ugm-3 (GRAV EMFAB),False,False,False,False,2.6024285714285713,1.322243025713365
2016-07-02,Auchencorth Moss,2.085,2.085,V ugm-3 (GRAV EMFAB),False,False,False,False,2.3824285714285716,1.2498826421099052
2016-07-03,Auchencorth Moss,1.73,1.73,V ugm-3 (GRAV EMFAB),False,False,False,False,2.141428571428572,1.177709479900557
2016-07-04,Auchencorth Moss,1.101,1.101,V ugm-3 (GRAV EMFAB),False,False,False,False,1.858285714285714,1.1515745328731133
2016-07-05,Auchencorth Moss,9.976,9.976,V ugm-3 (GRAV EMFAB),True,True,False,False,2.7774285714285716,3.2940696641663436
2016-07-06,Auchencorth Moss,5.583,5.583,V ugm-3 (GRAV EMFAB),False,False,False,False,3.134571428571429,3.4638699387218574
2016-07-07,Auchencorth Moss,2.25,2.25,V ugm-3 (GRAV EMFAB),False,False,False,False,3.283428571428572,3.388855502828002
2016-07-08,Auchencorth Moss,3.875,3.875,V ugm-3 (GRAV EMFAB),False,False,False,False,3.8000000000000003,3.1155768861213065
2016-07-09,Auchencorth Moss,1.583,1.583,V ugm-3 (GRAV EMFAB),False,False,False,False,3.728285714285714,3.166985407517467
2016-07-10,Auchencorth Moss,,,,False,False,False,False,4.061333333333333,3.332269776993854
2016-07-11,Auchencorth Moss,,,,False,False,False,False,4.6533999999999995,3.354244370942581
2016-07-12,Auchencorth Moss,,,,False,False,False,False,3.3227499999999996,1.7880373551280602
2016-07-13,Auchencorth Moss,2.25,2.25,V ugm-3 (GRAV EMFAB),False,False,False,False,2.4895,0.9757173429499785
2016-07-14,Auchencorth Moss,0.875,0.875,V ugm-3 (GRAV EMFAB),False,False,False,False,2.14575,1.2822722994746631
2016-07-15,Auchencorth Moss,0.542,0.542,V ugm-3 (GRAV EMFAB),False,False,False,False,1.3125,0.7609540064945172
2016-07-16,Auchencorth Moss,2.792,2.792,V ugm-3 (GRAV EMFAB),False,False,False,False,1.61475,1.078190266140467
2016-07-17,Auchencorth Moss,2.667,2.667,V ugm-3 (GRAV EMFAB),False,False,False,False,1.8252,1.0456178556241449
2016-07-18,Auchencorth Moss,1.792,1.792,V ugm-3 (GRAV EMFAB),False,False,False,False,1.8196666666666665,0.9353272511087736
2016-07-19,Auchencorth Moss,1.417,1.417,V ugm-3 (GRAV EMFAB),False,False,False,False,1.762142857142857,0.8672910754319068
2016-07-20,Auchencorth Moss,4.5,4.5,V ugm-3 (GRAV EMFAB),False,False,False,False,2.0835714285714286,1.3569454493018402
2016-07-21,Auchencorth Moss,2.0,2.0,V ugm-3 (GRAV EMFAB),False,False,False,False,2.244285714285714,1.252553487119515
2016-07-22,Auchencorth Moss,2.375,2.375,V ugm-3 (GRAV EMFAB),False,False,False,False,2.5061428571428572,1.0043793155595278
2016-07-23,Auchencorth Moss,1.292,1.292,V ugm-3 (GRAV EMFAB),False,False,False,False,2.291857142857143,1.089622783133607
2016-07-24,Auchencorth Moss,0.958,0.958,V ugm-3 (GRAV EMFAB),False,False,False,False,2.0477142857142856,1.1793267449814715
2016-07-25,Auchencorth Moss,0.875,0.875,V ugm-3 (GRAV EMFAB),False,False,False,False,1.9167142857142856,1.26059585306391
2016-07-26,Auchencorth Moss,1.375,1.375,V ugm-3 (GRAV EMFAB),False,False,False,False,1.9107142857142858,1.2634674134151331
2016-07-27,Auchencorth Moss,1.597,1.597,V ugm-3 (GRAV EMFAB),False,False,False,False,1.496,0.542862781925623
2016-07-28,Auchencorth Moss,1.292,1.292,V ugm-3 (GRAV EMFAB),False,False,False,False,1.3948571428571428,0.49735816355738083
2016-07-29,Auchencorth Moss,3.083,3.083,V ugm-3 (GRAV EMFAB),False,False,False,False,1.4960000000000002,0.7418139928580658
2016-07-30,Auchencorth Moss,2.333,2.333,V ugm-3 (GRAV EMFAB),False,False,False,False,1.644714285714286,0.7964367968825878
2016-07-31,Auchencorth Moss,1.792,1.792,V ugm-3 (GRAV EMFAB),False,False,False,False,1.763857142857143,0.7367293552296981
2016-08-01,Auchencorth Moss,2.33,2.33,V ugm-3 (GRAV EMFAB),False,False,False,False,1.9717142857142858,0.6435111276649325
2016-08-02,Auchencorth Moss,0.695,0.695,V ugm-3 (GRAV EMFAB),False,False,False,False,1.8745714285714286,0.7844864258742626
2016-08-03,Auchencorth Moss,2.562,2.562,V ugm-3 (GRAV EMFAB),False,False,False,False,2.0124285714285715,0.8118901520819428
2016-08-04,Auchencorth Moss,1.145,1.145,V ugm-3 (GRAV EMFAB),False,False,False,False,1.9914285714285715,0.8351967546917556
2016-08-05,Auchencorth Moss,14.946,14.946,V ugm-3 (GRAV EMFAB),True,True,False,False,3.686142857142857,5.011824665347989
2016-08-06,Auchencorth Moss,4.125,4.125,V ugm-3 (GRAV EMFAB),False,False,False,False,3.942142857142857,4.976832440705348
2016-08-07,Auchencorth Moss,2.25,2.25,V ugm-3 (GRAV EMFAB),False,False,False,False,4.007571428571429,4.946773927087661
2016-08-08,Auchencorth Moss,4.083,4.083,V ugm-3 (GRAV EMFAB),False,False,False,False,4.258,4.891759669757567
2016-08-09,Auchencorth Moss,3.833,3.833,V ugm-3 (GRAV EMFAB),False,False,False,False,4.706285714285714,4.648562706697118
2016-08-10,Auchencorth Moss,,,,False,False,False,False,5.063666666666667,4.985790275038317
2016-08-11,Auchencorth Moss,,,,False,False,False,False,5.8474,5.1444967003585464
2016-08-12,Auchencorth Moss,,,,False,False,False,False,3.5727500000000005,0.8912038206830176
2016-08-13,Auchencorth Moss,1.833,1.833,V ugm-3 (GRAV EMFAB),False,False,False,False,2.99975,1.1241540152488083
2016-08-14,Auchencorth Moss,2.708,2.708,V ugm-3 (GRAV EMFAB),False,False,False,False,3.11425,1.0427078130201908
2016-08-15,Auchencorth Moss,2.458,2.458,V ugm-3 (GRAV EMFAB),False,False,False,False,2.708,0.8354140689901558
2016-08-16,Auchencorth Moss,8.25,8.25,V ugm-3 (GRAV EMFAB),False,False,False,False,3.81225,2.9812981931813987
2016-08-17,Auchencorth Moss,6.708,6.708,V ugm-3 (GRAV EMFAB),False,False,False,False,4.3914,2.8884559543119224
2016-08-18,Auchencorth Moss,6.958,6.958,V ugm-3 (GRAV EMFAB),False,False,False,False,4.819166666666667,2.787911075817638
2016-08-19,Auchencorth Moss,5.375,5.375,V ugm-3 (GRAV EMFAB),False,False,False,False,4.898571428571429,2.5536593258265574
2016-08-20,Auchencorth Moss,4.292,4.292,V ugm-3 (GRAV EMFAB),False,False,False,False,5.249857142857143,2.2073152945430796
2016-08-21,Auchencorth Moss,2.75,2.75,V ugm-3 (GRAV EMFAB),False,False,False,False,5.255857142857143,2.1992968898090592
2016-08-22,Auchencorth Moss,2.625,2.625,V ugm-3 (GRAV EMFAB),False,False,False,False,5.279714285714285,2.1645192471836707
2016-08-23,Auchencorth Moss,3.958,3.958,V ugm-3 (GRAV EMFAB),False,False,False,False,4.666571428571428,1.7513606003279134
2016-08-24,Auchencorth Moss,2.917,2.917,V ugm-3 (GRAV EMFAB),False,False,False,False,4.125,1.5939498110040982
2016-08-25,Auchencorth Moss,2.625,2.625,V ugm-3 (GRAV EMFAB),False,False,False,False,3.5060000000000002,1.0634879720366706
2016-08-26,Auchencorth Moss,1.333,1.333,V ugm-3 (GRAV EMFAB),False,False,False,False,2.9285714285714284,0.9730400569251808
2016-08-27,Auchencorth Moss,4.0,4.0,V ugm-3 (GRAV EMFAB),False,False,False,False,2.8868571428571426,0.9089997118759077
2016-08-28,Auchencorth Moss,2.833,2.833,V ugm-3 (GRAV EMFAB),False,False,False,False,2.8987142857142856,0.9074570172163776
2016-08-29,Auchencorth Moss,1.917,1.917,V ugm-3 (GRAV EMFAB),False,False,False,False,2.797571428571429,0.9796346014616674
2016-08-30,Auchencorth Moss,2.625,2.625,V ugm-3 (GRAV EMFAB),False,False,False,False,2.607142857142857,0.8354089674268236
2016-08-31,Auchencorth Moss,1.5,1.5,V ugm-3 (GRAV EMFAB),False,False,False,False,2.4047142857142854,0.9156383409559592
2016-09-01,Auchencorth Moss,2.417,2.417,V ugm-3 (GRAV EMFAB),False,False,False,False,2.375,0.9106596510222742
2016-09-02,Auchencorth Moss,,,V ugm-3 (GRAV EMFAB),False,False,False,False,2.5486666666666666,0.8612875632834122
2016-09-03,Auchencorth Moss,,,V ugm-3 (GRAV EMFAB),False,False,False,False,2.2584,0.5434701463742202
2016-09-04,Auchencorth Moss,1.145,1.145,V ugm-3 (GRAV EMFAB),False,False,False,False,1.9207999999999998,0.6166572792078427
2016-09-05,Auchencorth Moss,13.574,13.574,V ugm-3 (GRAV EMFAB),True,True,False,False,4.2522,5.247403900978083
2016-09-06,Auchencorth Moss,4.75,4.75,V ugm-3 (GRAV EMFAB),False,False,False,False,4.6772,5.168120809346468
2016-09-07,Auchencorth Moss,0.917,0.917,V ugm-3 (GRAV EMFAB),False,False,False,False,4.5606,5.2634213492746325
2016-09-08,Auchencorth Moss,3.375,3.375,V ugm-3 (GRAV EMFAB),False,False,False,False,4.7522,5.18269936423096
2016-09-09,Auchencorth Moss,1.875,1.875,V ugm-3 (GRAV EMFAB),False,False,False,False,4.272666666666667,4.782050968639572
2016-09-10,Auchencorth Moss,,,,False,False,False,False,4.272666666666667,4.782050968639572
2016-09-11,Auchencorth Moss,,,,False,False,False,False,4.8982,5.064614960685559
2016-09-12,Auchencorth Moss,,,,False,False,False,False,2.7292500000000004,1.684677689252959
2016-09-13,Auchencorth Moss,3.417,3.417,V ugm-3 (GRAV EMFAB),False,False,False,False,2.396,1.2192571508914878
2016-09-14,Auchencorth Moss,1.0,1.0,V ugm-3 (GRAV EMFAB),False,False,False,False,2.41675,1.185947827688903
2016-09-15,Auchencorth Moss,8.083,8.083,V ugm-3 (GRAV EMFAB),False,False,False,False,3.59375,3.155220370011158
2016-09-16,Auchencorth Moss,2.958,2.958,V ugm-3 (GRAV EMFAB),False,False,False,False,3.8645,3.0012831144917578
2016-09-17,Auchencorth Moss,1.917,1.917,V ugm-3 (GRAV EMFAB),False,False,False,False,3.475,2.7412271886875796
2016-09-18,Auchencorth Moss,2.208,2.208,V ugm-3 (GRAV EMFAB),False,False,False,False,3.263833333333333,2.505795156565412
2016-09-19,Auchencorth Moss,1.417,1.417,V ugm-3 (GRAV EMFAB),False,False,False,False,3.0,2.391602809832772
2016-09-20,Auchencorth Moss,2.042,2.042,V ugm-3 (GRAV EMFAB),False,False,False,False,2.8035714285714284,2.408054875976521
2016-09-21,Auchencorth Moss,3.833,3.833,V ugm-3 (GRAV EMFAB),False,False,False,False,3.208285714285714,2.289565731333182
2016-09-22,Auchencorth Moss,1.878,1.878,V ugm-3 (GRAV EMFAB),False,False,False,False,2.321857142857143,0.8123216580828625
2016-09-23,Auchencorth Moss,3.253,3.253,V ugm-3 (GRAV EMFAB),False,False,False,False,2.3640000000000003,0.8572354791226744
2016-09-24,Auchencorth Moss,3.878,3.878,V ugm-3 (GRAV EMFAB),False,False,False,False,2.644142857142857,0.9960039204359703
2016-09-25,Auchencorth Moss,2.336,2.336,V ugm-3 (GRAV EMFAB),False,False,False,False,2.6624285714285714,0.9878034313807743
2016-09-26,Auchencorth Moss,2.253,2.253,V ugm-3 (GRAV EMFAB),False,False,False,False,2.7818571428571426,0.853544653893684
2016-09-27,Auchencorth Moss,4.961,4.961,V ugm-3 (GRAV EMFAB),False,False,False,False,3.198857142857143,1.1071948682099673
2016-09-28,Auchencorth Moss,4.628,4.628,V ugm-3 (GRAV EMFAB),False,False,False,False,3.3124285714285717,1.2182847036089837
2016-09-29,Auchencorth Moss,3.295,3.295,V ugm-3 (GRAV EMFAB),False,False,False,False,3.5148571428571427,1.0457200754458555
2016-09-30,Auchencorth Moss,1.628,1.628,V ugm-3 (GRAV EMFAB),False,False,False,False,3.2827142857142855,1.2698826342469272
2016-10-01,Auchencorth Moss,,,V ugm-3 (GRAV EMFAB),False,False,False,False,3.1835,1.3610426517931071
2016-10-02,Auchencorth Moss,0.435,0.435,V ugm-3 (GRAV EMFAB),False,False,False,False,2.866666666666667,1.7604477460767418
2016-10-03,Auchencorth Moss,0.569,0.569,V ugm-3 (GRAV EMFAB),False,False,False,False,2.586,1.9962927641005002
2016-10-04,Auchencorth Moss,2.996,2.996,V ugm-3 (GRAV EMFAB),False,False,False,False,2.2585,1.6619182591210726
2016-10-05,Auchencorth Moss,11.026,11.026,V ugm-3 (GRAV EMFAB),True,True,False,False,3.324833333333333,3.9558055269017816
2016-10-06,Auchencorth Moss,5.917,5.917,V ugm-3 (GRAV EMFAB),False,False,False,False,3.761833333333333,4.094254775495374
2016-10-07,Auchencorth Moss,2.542,2.542,V ugm-3 (GRAV EMFAB),False,False,False,False,3.9141666666666666,4.015224198804679
2016-10-08,Auchencorth Moss,3.375,3.375,V ugm-3 (GRAV EMFAB),False,False,False,False,3.837142857142857,3.6710420604405796
2016-10-09,Auchencorth Moss,3.542,3.542,V ugm-3 (GRAV EMFAB),False,False,False,False,4.281,3.3663226226848795
2016-10-10,Auchencorth Moss,,,,False,False,False,False,4.899666666666667,3.2223386952129456
2016-10-11,Auchencorth Moss,,,,False,False,False,False,5.2804,3.448499572277776
2016-10-12,Auchencorth Moss,,,,False,False,False,False,3.844,1.449562922631053
2016-10-13,Auchencorth Moss,,,,False,False,False,False,3.153,0.5356892756066972
2016-10-14,Auchencorth Moss,,,,False,False,False,False,3.4585,0.11808683245836193
2016-10-15,Auchencorth Moss,,,,False,False,False,False,3.542,
2016-10-16,Auchencorth Moss,,,,False,False,False,False,,
2016-10-17,Auchencorth Moss,,,,False,False,False,False,,
2016-10-18,Auchencorth Moss,,,,False,False,False,False,,
2016-10-19,Auchencorth Moss,,,,False,False,False,False,,
2016-10-20,Auchencorth Moss,,,,False,False,False,False,,
2016-10-21,Auchencorth Moss,,,,False,False,False,False,,
2016-10-22,Auchencorth Moss,,,,False,False,False,False,,
2016-10-23,Auchencorth Moss,,,,False,False,False,False,,
2016-10-24,Auchencorth Moss,,,,False,False,False,False,,
2016-10-25,Auchencorth Moss,,,,False,False,False,False,,
2016-10-26,Auchencorth Moss,,,,False,False,False,False,,
2016-10-27,Auchencorth Moss,,,,False,False,False,False,,
2016-10-28,Auchencorth Moss,,,,False,False,False,False,,
2016-10-29,Auchencorth Moss,,,,False,False,False,False,,
2016-10-30,Auchencorth Moss,,,,False,False,False,False,,
2016-10-31,Auchencorth Moss,,,,False,False,False,False,,
2016-11-01,Auchencorth Moss,1.123,1.123,V ugm-3 (GRAV EMFAB),False,False,False,False,1.123,
2016-11-02,Auchencorth Moss,1.913,1.913,V ugm-3 (GRAV EMFAB),False,False,False,False,1.518,0.5586143571373726
2016-11-03,Auchencorth Moss,4.456,4.456,V ugm-3 (GRAV EMFAB),False,False,False,False,2.4973333333333336,1.74163897904627
2016-11-04,Auchencorth Moss,8.154,8.154,V ugm-3 (GRAV EMFAB),False,False,False,False,3.9115,3.1657027129322595
2016-11-05,Auchencorth Moss,13.58,13.58,V ugm-3 (GRAV EMFAB),True,True,False,False,5.8452,5.119788442894881
2016-11-06,Auchencorth Moss,1.667,1.667,V ugm-3 (GRAV EMFAB),False,False,False,False,5.148833333333333,4.886649789647982
2016-11-07,Auchencorth Moss,1.792,1.792,V ugm-3 (GRAV EMFAB),False,False,False,False,4.6692857142857145,4.637802989717067
2016-11-08,Auchencorth Moss,1.333,1.333,V ugm-3 (GRAV EMFAB),False,False,False,False,4.699285714285715,4.611645755197223
2016-11-09,Auchencorth Moss,2.833,2.833,V ugm-3 (GRAV EMFAB),False,False,False,False,4.8307142857142855,4.531415883006315
2016-11-10,Auchencorth Moss,,,,False,False,False,False,4.893166666666667,4.960616228521076
2016-11-11,Auchencorth Moss,,,,False,False,False,False,4.241,5.250688669117604
2016-11-12,Auchencorth Moss,,,,False,False,False,False,1.9062499999999996,0.6475015443997008
2016-11-13,Auchencorth Moss,,,,False,False,False,False,1.9859999999999995,0.768587665787057
2016-11-14,Auchencorth Moss,,,,False,False,False,False,2.0829999999999993,1.0606601717798183
2016-11-15,Auchencorth Moss,,,,False,False,False,False,2.833,
2016-11-16,Auchencorth Moss,,,,False,False,False,False,,
2016-11-17,Auchencorth Moss,,,,False,False,False,False,,
2016-11-18,Auchencorth Moss,,,,False,False,False,False,,
2016-11-19,Auchencorth Moss,,,,False,False,False,False,,
2016-11-20,Auchencorth Moss,,,,False,False,False,False,,
2016-11-21,Auchencorth Moss,,,,False,False,False,False,,
2016-11-22,Auchencorth Moss,,,,False,False,False,False,,
2016-11-23,Auchencorth Moss,,,,False,False,False,False,,
2016-11-24,Auchencorth Moss,,,,False,False,False,False,,
2016-11-25,Auchencorth Moss,,,,False,False,False,False,,
2016-11-26,Auchencorth Moss,,,,False,False,False,False,,
2016-11-27,Auchencorth Moss,,,,False,False,False,False,,
2016-11-28,Auchencorth Moss,,,,False,False,False,False,,
2016-11-29,Auchencorth Moss,,,,False,False,False,False,,
2016-11-30,Auchencorth Moss,,,,False,False,False,False,,
2016-12-01,Auchencorth Moss,,,V ugm-3 (GRAV EMFAB),False,False,False,False,,
2016-12-02,Auchencorth Moss,6.437,6.437,V ugm-3 (GRAV EMFAB),False,False,False,False,6.437,
2016-12-03,Auchencorth Moss,2.364,2.364,V ugm-3 (GRAV EMFAB),False,False,False,False,4.4005,2.880045919772808
2016-12-04,Auchencorth Moss,5.423,5.423,V ugm-3 (GRAV EMFAB),False,False,False,False,4.741333333333333,2.120338259177845
2016-12-05,Auchencorth Moss,6.969,6.969,V ugm-3 (GRAV EMFAB),False,False,False,False,5.29825,2.0586033088804006
2016-12-06,Auchencorth Moss,1.083,1.083,V ugm-3 (GRAV EMFAB),False,False,False,False,4.4552,2.5946198565493175
2016-12-07,Auchencorth Moss,2.042,2.042,V ugm-3 (GRAV EMFAB),False,False,False,False,4.053,2.5211566393225158
2016-12-08,Auchencorth Moss,3.25,3.25,V ugm-3 (GRAV EMFAB),False,False,False,False,3.9382857142857146,2.3214165010675214
2016-12-09,Auchencorth Moss,2.625,2.625,V ugm-3 (GRAV EMFAB),False,False,False,False,3.3937142857142857,2.071194801258903
2016-12-10,Auchencorth Moss,,,,False,False,False,False,3.5653333333333337,2.2136873010131013
2016-12-11,Auchencorth Moss,,,,False,False,False,False,3.1938000000000004,2.2561552916410705
2016-12-12,Auchencorth Moss,,,,False,False,False,False,2.25,0.9211908958878574
2016-12-13,Auchencorth Moss,,,,False,False,False,False,2.6390000000000002,0.6041216764857958
2016-12-14,Auchencorth Moss,,,,False,False,False,False,2.9375000000000004,0.4419417382416089
2016-12-15,Auchencorth Moss,,,,False,False,False,False,2.625,
2016-12-16,Auchencorth Moss,,,,False,False,False,False,,
2016-12-17,Auchencorth Moss,,,,False,False,False,False,,
2016-12-18,Auchencorth Moss,,,,False,False,False,False,,
2016-12-19,Auchencorth Moss,,,,False,False,False,False,,
2016-12-20,Auchencorth Moss,,,,False,False,False,False,,
2016-12-21,Auchencorth Moss,,,,False,False,False,False,,
2016-12-22,Auchencorth Moss,,,,False,False,False,False,,
2016-12-23,Auchencorth Moss,,,,False,False,False,False,,
2016-12-24,Auchencorth Moss,,,,False,False,False,False,,
2016-12-25,Auchencorth Moss,,,,False,False,False,False,,
2016-12-26,Auchencorth Moss,,,,False,False,False,False,,
2016-12-27,Auchencorth Moss,,,,False,False,False,False,,
2016-12-28,Auchencorth Moss,,,,False,False,False,False,,
2016-12-29,Auchencorth Moss,,,,False,False,False,False,,
2016-12-30,Auchencorth Moss,,,,False,False,False,False,,
2016-01-01,Bournemouth,5.353,5.353,V ugm-3 (GRAV EMFAB),False,False,False,False,5.353,
2016-01-02,Bournemouth,8.292,8.292,V ugm-3 (GRAV EMFAB),False,False,False,False,6.8225,2.0781868299072634
2016-01-03,Bournemouth,3.965,3.965,V ugm-3 (GRAV EMFAB),False,False,False,False,5.87,2.209343567668913
2016-01-04,Bournemouth,4.713,4.713,V ugm-3 (GRAV EMFAB),False,False,False,False,5.58075,1.8944114961292509
2016-01-05,Bournemouth,5.031,5.031,V ugm-3 (GRAV EMFAB),False,False,False,False,5.4708,1.6589277259724127
2016-01-06,Bournemouth,4.5,4.5,V ugm-3 (GRAV EMFAB),False,False,False,False,5.309,1.5358087120471742
2016-01-07,Bournemouth,3.817,3.817,V ugm-3 (GRAV EMFAB),False,False,False,False,5.095857142857143,1.5111583226751841
2016-01-08,Bournemouth,1.208,1.208,V ugm-3 (GRAV EMFAB),False,False,False,False,4.503714285714286,2.093500872883005
2016-01-09,Bournemouth,5.042,5.042,V ugm-3 (GRAV EMFAB),False,False,False,False,4.039428571428571,1.3370483483084243
2016-01-10,Bournemouth,3.417,3.417,V ugm-3 (GRAV EMFAB),False,False,False,False,3.9611428571428573,1.3580112209368802
2016-01-11,Bournemouth,14.182,14.182,V ugm-3 (GRAV EMFAB),False,False,False,False,5.3138571428571435,4.126276506673276
2016-01-12,Bournemouth,40.667,40.667,V ugm-3 (GRAV EMFAB),True,True,False,False,10.404714285714286,13.96724658757392
2016-01-13,Bournemouth,3.13,3.13,V ugm-3 (GRAV EMFAB),False,False,False,False,10.209000000000001,14.072973815082584
2016-01-14,Bournemouth,2.444,2.444,V ugm-3 (GRAV EMFAB),False,False,False,False,10.012857142857145,14.186024865204155
2016-01-15,Bournemouth,4.289,4.289,V ugm-3 (GRAV EMFAB),False,False,False,False,10.453,13.912468987686312
2016-01-16,Bournemouth,21.576,21.576,V ugm-3 (GRAV EMFAB),True,True,False,False,12.815,14.24037487802434
2016-01-17,Bournemouth,11.025,11.025,V ugm-3 (GRAV EMFAB),False,False,False,False,13.901857142857144,13.682973281035226
2016-01-18,Bournemouth,6.35,6.35,V ugm-3 (GRAV EMFAB),False,False,False,False,12.783000000000001,13.973377806863072
2016-01-19,Bournemouth,20.595,20.595,V ugm-3 (GRAV EMFAB),False,False,False,False,9.915571428571429,8.139272958054324
2016-01-20,Bournemouth,19.696,19.696,V ugm-3 (GRAV EMFAB),False,False,False,False,12.282142857142858,8.24514773323421
2016-01-21,Bournemouth,7.052,7.052,V ugm-3 (GRAV EMFAB),False,False,False,False,12.940428571428573,7.476928131640319
2016-01-22,Bournemouth,7.082,7.082,V ugm-3 (GRAV EMFAB),False,False,False,False,13.339428571428572,6.99745534360273
2016-01-23,Bournemouth,5.881,5.881,V ugm-3 (GRAV EMFAB),False,False,False,False,11.097285714285716,6.4081055888690965
2016-01-24,Bournemouth,5.667,5.667,V ugm-3 (GRAV EMFAB),False,False,False,False,10.331857142857144,6.730088098199304
2016-01-25,Bournemouth,6.397,6.397,V ugm-3 (GRAV EMFAB),False,False,False,False,10.33857142857143,6.725475369992894
2016-01-26,Bournemouth,5.238,5.238,V ugm-3 (GRAV EMFAB),False,False,False,False,8.144714285714286,5.140080275452451
2016-01-27,Bournemouth,3.435,3.435,V ugm-3 (GRAV EMFAB),False,False,False,False,5.821714285714287,1.2581372095663288
2016-01-28,Bournemouth,3.522,3.522,V ugm-3 (GRAV EMFAB),False,False,False,False,5.317428571428572,1.38398035356277
2016-01-29,Bournemouth,3.995,3.995,V ugm-3 (GRAV EMFAB),False,False,False,False,4.876428571428572,1.2087285133758243
2016-01-30,Bournemouth,3.565,3.565,V ugm-3 (GRAV EMFAB),False,False,False,False,4.54557142857143,1.204890293366052
2016-01-31,Bournemouth,3.222,3.222,V ugm-3 (GRAV EMFAB),False,False,False,False,4.1962857142857155,1.1797456949537968
2016-02-01,Bournemouth,4.883,4.883,V ugm-3 (GRAV EMFAB),False,False,False,False,3.980000000000001,0.7801469946961568
2016-02-02,Bournemouth,4.555,4.555,V ugm-3 (GRAV EMFAB),False,False,False,False,3.8824285714285725,0.6235911740724561
2016-02-03,Bournemouth,3.534,3.534,V ugm-3 (GRAV EMFAB),False,False,False,False,3.8965714285714297,0.6127813250916385
2016-02-04,Bournemouth,10.81,10.81,V ugm-3 (GRAV EMFAB),False,False,False,False,4.937714285714287,2.655822139770536
2016-02-05,Bournemouth,4.164,4.164,V ugm-3 (GRAV EMFAB),False,False,False,False,4.961857142857144,2.646576116958901
2016-02-06,Bournemouth,5.792,5.792,V ugm-3 (GRAV EMFAB),False,False,False,False,5.280000000000001,2.5837832081401055
2016-02-07,Bournemouth,4.042,4.042,V ugm-3 (GRAV EMFAB),False,False,False,False,5.397142857142859,2.4918813795050356
2016-02-08,Bournemouth,2.158,2.158,V ugm-3 (GRAV EMFAB),False,False,False,False,5.0078571428571435,2.7815983671606124
2016-02-09,Bournemouth,3.667,3.667,V ugm-3 (GRAV EMFAB),False,False,False,False,4.881000000000001,2.8255945097153345
2016-02-10,Bournemouth,6.75,6.75,V ugm-3 (GRAV EMFAB),False,False,False,False,5.340428571428573,2.831523021105025
2016-02-11,Bournemouth,10.057,10.057,V ugm-3 (GRAV EMFAB),False,False,False,False,5.232857142857144,2.5933880303939447
2016-02-12,Bournemouth,25.333,25.333,V ugm-3 (GRAV EMFAB),True,True,False,False,8.257000000000001,7.94993895154758
2016-02-13,Bournemouth,6.969,6.969,V ugm-3 (GRAV EMFAB),False,False,False,False,8.425142857142857,7.901413279250991
2016-02-14,Bournemouth,9.293,9.293,V ugm-3 (GRAV EMFAB),False,False,False,False,9.175285714285716,7.661551468518762
2016-02-15,Bournemouth,7.358,7.358,V ugm-3 (GRAV EMFAB),False,False,False,False,9.918142857142858,7.099220577607369
2016-02-16,Bournemouth,9.553,9.553,V ugm-3 (GRAV EMFAB),False,False,False,False,10.759,6.563800398143347
2016-02-17,Bournemouth,4.519,4.519,V ugm-3 (GRAV EMFAB),False,False,False,False,10.440285714285716,6.839289941562793
2016-02-18,Bournemouth,5.165,5.165,V ugm-3 (GRAV EMFAB),False,False,False,False,9.741428571428571,7.128794237857786
2016-02-19,Bournemouth,2.497,2.497,V ugm-3 (GRAV EMFAB),False,False,False,False,6.479142857142858,2.5756983796355555
2016-02-20,Bournemouth,2.325,2.325,V ugm-3 (GRAV EMFAB),False,False,False,False,5.815714285714287,2.992805635424501
2016-02-21,Bournemouth,3.617,3.617,V ugm-3 (GRAV EMFAB),False,False,False,False,5.004857142857143,2.642023115503954
2016-02-22,Bournemouth,3.316,3.316,V ugm-3 (GRAV EMFAB),False,False,False,False,4.427428571428573,2.478665895002328
2016-02-23,Bournemouth,7.278,7.278,V ugm-3 (GRAV EMFAB),False,False,False,False,4.102428571428573,1.73097312295166
2016-02-24,Bournemouth,14.815,14.815,V ugm-3 (GRAV EMFAB),False,False,False,False,5.573285714285715,4.423786414158726
2016-02-25,Bournemouth,15.291,15.291,V ugm-3 (GRAV EMFAB),False,False,False,False,7.019857142857144,5.730599283046864
2016-02-26,Bournemouth,7.452,7.452,V ugm-3 (GRAV EMFAB),False,False,False,False,7.727714285714287,5.373727561456944
2016-02-27,Bournemouth,15.423,15.423,V ugm-3 (GRAV EMFAB),False,False,False,False,9.598857142857144,5.458656105323963
2016-02-28,Bournemouth,5.86,5.86,V ugm-3 (GRAV EMFAB),False,False,False,False,9.919285714285717,5.103255095664793
2016-02-29,Bournemouth,3.663,3.663,V ugm-3 (GRAV EMFAB),False,False,False,False,9.968857142857145,5.029575907521817
2016-03-01,Bournemouth,5.397,5.397,V ugm-3 (GRAV EMFAB),False,False,False,False,9.70014285714286,5.243019436309951
2016-03-02,Bournemouth,4.426,4.426,V ugm-3 (GRAV EMFAB),False,False,False,False,8.216000000000003,5.019488287332362
2016-03-03,Bournemouth,3.578,3.578,V ugm-3 (GRAV EMFAB),False,False,False,False,6.542714285714287,4.143826722337941
2016-03-04,Bournemouth,11.46,11.46,V ugm-3 (GRAV EMFAB),False,False,False,False,7.115285714285716,4.547633659911714
2016-03-05,Bournemouth,4.945,4.945,V ugm-3 (GRAV EMFAB),False,False,False,False,5.618428571428573,2.710897321130844
2016-03-06,Bournemouth,6.417,6.417,V ugm-3 (GRAV EMFAB),False,False,False,False,5.698000000000001,2.727294874657567
2016-03-07,Bournemouth,3.375,3.375,V ugm-3 (GRAV EMFAB),False,False,False,False,5.6568571428571435,2.7650219666741482
2016-03-08,Bournemouth,3.542,3.542,V ugm-3 (GRAV EMFAB),False,False,False,False,5.391857142857144,2.880555468919824
2016-03-09,Bournemouth,4.417,4.417,V ugm-3 (GRAV EMFAB),False,False,False,False,5.390571428571429,2.881060386798765
2016-03-10,Bournemouth,,,V ugm-3 (GRAV EMFAB),False,False,False,False,5.692666666666668,3.0321632321936076
2016-03-11,Bournemouth,12.557,12.557,V ugm-3 (GRAV EMFAB),False,False,False,False,5.8755000000000015,3.4533010149710552
2016-03-12,Bournemouth,9.208,9.208,V ugm-3 (GRAV EMFAB),False,False,False,False,6.586000000000001,3.656153826085566
2016-03-13,Bournemouth,,,V ugm-3 (GRAV EMFAB),False,False,False,False,6.619800000000001,4.086656053547956
2016-03-14,Bournemouth,,,V ugm-3 (GRAV EMFAB),False,False,False,False,7.431000000000001,4.228558540842676
2016-03-15,Bournemouth,17.522,17.522,V ugm-3 (GRAV EMFAB),False,False,False,False,10.926000000000002,5.522257449026943
2016-03-16,Bournemouth,13.411,13.411,V ugm-3 (GRAV EMFAB),False,False,False,False,13.1745,3.419118648618905
2016-03-17,Bournemouth,30.131,30.131,V ugm-3 (GRAV EMFAB),True,True,False,False,16.565800000000003,8.140783604788925
2016-03-18,Bournemouth,20.118,20.118,V ugm-3 (GRAV EMFAB),False,False,False,False,18.078,7.908908489798082
2016-03-19,Bournemouth,6.261,6.261,V ugm-3 (GRAV EMFAB),False,False,False,False,17.488599999999998,8.795324911565245
2016-03-20,Bournemouth,9.154,9.154,V ugm-3 (GRAV EMFAB),False,False,False,False,16.0995,8.571101743650006
2016-03-21,Bournemouth,11.617,11.617,V ugm-3 (GRAV EMFAB),False,False,False,False,15.459142857142856,8.005636877196213
2016-03-22,Bournemouth,16.196,16.196,V ugm-3 (GRAV EMFAB),False,False,False,False,15.269714285714286,7.964271544723685
2016-03-23,Bournemouth,25.83,25.83,V ugm-3 (GRAV EMFAB),True,True,False,False,17.043857142857142,8.818630495123601
2016-03-24,Bournemouth,7.473,7.473,V ugm-3 (GRAV EMFAB),False,False,False,False,13.806999999999999,7.229531473984569
2016-03-25,Bournemouth,4.925,4.925,V ugm-3 (GRAV EMFAB),False,False,False,False,11.636571428571427,7.299345104348823
2016-03-26,Bournemouth,6.438,6.438,V ugm-3 (GRAV EMFAB),False,False,False,False,11.661857142857142,7.277895012263091
2016-03-27,Bournemouth,5.445,5.445,V ugm-3 (GRAV EMFAB),False,False,False,False,11.132000000000001,7.617975015273646
2016-03-28,Bournemouth,4.149,4.149,V ugm-3 (GRAV EMFAB),False,False,False,False,10.065142857142858,8.049441335243333
2016-03-29,Bournemouth,3.4,3.4,V ugm-3 (GRAV EMFAB),False,False,False,False,8.237142857142858,7.876194796739772
2016-03-30,Bournemouth,5.36,5.36,V ugm-3 (GRAV EMFAB),False,False,False,False,5.312857142857142,1.3611188325016623
2016-03-31,Bournemouth,4.193,4.193,V ugm-3 (GRAV EMFAB),False,False,False,False,4.844285714285713,1.01380598312931
2016-04-01,Bournemouth,5.184,5.184,V ugm-3 (GRAV EMFAB),False,False,False,False,4.881285714285714,1.0219363506413304
2016-04-02,Bournemouth,2.407,2.407,V ugm-3 (GRAV EMFAB),False,False,False,False,4.305428571428572,1.1286846115639086
2016-04-03,Bournemouth,4.57,4.57,V ugm-3 (GRAV EMFAB),False,False,False,False,4.180428571428572,1.0251482587319611
2016-04-04,Bournemouth,6.141,6.141,V ugm-3 (GRAV EMFAB),False,False,False,False,4.465,1.2636956384616054
2016-04-05,Bournemouth,7.202,7.202,V ugm-3 (GRAV EMFAB),False,False,False,False,5.0081428571428575,1.5206070529640539
2016-04-06,Bournemouth,15.708,15.708,V ugm-3 (GRAV EMFAB),False,False,False,False,6.486428571428571,4.338573377549487
2016-04-07,Bournemouth,3.125,3.125,V ugm-3 (GRAV EMFAB),False,False,False,False,6.333857142857143,4.450014135879123
2016-04-08,Bournemouth,4.44,4.44,V ugm-3 (GRAV EMFAB),False,False,False,False,6.227571428571428,4.490753494947275
2016-04-09,Bournemouth,4.357,4.357,V ugm-3 (GRAV EMFAB),False,False,False,False,6.506142857142858,4.2692750918070415
2016-04-10,Bournemouth,7.925,7.925,V ugm-3 (GRAV EMFAB),False,False,False,False,6.985428571428572,4.203505713772076
2016-04-11,Bournemouth,11.641,11.641,V ugm-3 (GRAV EMFAB),False,False,False,False,7.7711428571428565,4.521368134704805
2016-04-12,Bournemouth,12.375,12.375,V ugm-3 (GRAV EMFAB),False,False,False,False,8.510142857142856,4.825373022837095
2016-04-13,Bournemouth,8.615,8.615,V ugm-3 (GRAV EMFAB),False,False,False,False,7.496857142857143,3.667877698277849
2016-04-14,Bournemouth,7.88,7.88,V ugm-3 (GRAV EMFAB),False,False,False,False,8.176142857142857,3.1231293296186133
2016-04-15,Bournemouth,7.318,7.318,V ugm-3 (GRAV EMFAB),False,False,False,False,8.587285714285715,2.7116414902100847
2016-04-16,Bournemouth,5.37,5.37,V ugm-3 (GRAV EMFAB),False,False,False,False,8.732000000000001,2.463974161119971
2016-04-17,Bournemouth,4.331,4.331,V ugm-3 (GRAV EMFAB),False,False,False,False,8.218571428571428,2.9804726055411326
2016-04-18,Bournemouth,4.504,4.504,V ugm-3 (GRAV EMFAB),False,False,False,False,7.199,2.8315968404182934
2016-04-19,Bournemouth,6.541,6.541,V ugm-3 (GRAV EMFAB),False,False,False,False,6.365571428571428,1.6776675134586345
2016-04-20,Bournemouth,8.578,8.578,V ugm-3 (GRAV EMFAB),False,False,False,False,6.360285714285714,1.6694373018361894
2016-04-21,Bournemouth,12.391,12.391,V ugm-3 (GRAV EMFAB),False,False,False,False,7.004714285714286,2.824744573366254
2016-04-22,Bournemouth,10.139,10.139,V ugm-3 (GRAV EMFAB),False,False,False,False,7.4077142857142855,3.067676303778171
2016-04-23,Bournemouth,6.5,6.5,V ugm-3 (GRAV EMFAB),False,False,False,False,7.569142857142857,2.9707765218638276
2016-04-24,Bournemouth,4.984,4.984,V ugm-3 (GRAV EMFAB),False,False,False,False,7.662428571428571,2.860348397028088
2016-04-25,Bournemouth,3.598,3.598,V ugm-3 (GRAV EMFAB),False,False,False,False,7.533,3.0418252196118805
2016-04-26,Bournemouth,4.031,4.031,V ugm-3 (GRAV EMFAB),False,False,False,False,7.174428571428572,3.3140139235848847
2016-04-27,Bournemouth,4.249,4.249,V ugm-3 (GRAV EMFAB),False,False,False,False,6.555999999999999,3.410940046380204
2016-04-28,Bournemouth,3.729,3.729,V ugm-3 (GRAV EMFAB),False,False,False,False,5.318571428571429,2.3463862183610074
2016-04-29,Bournemouth,3.816,3.816,V ugm-3 (GRAV EMFAB),False,False,False,False,4.415285714285714,1.0281766570465491
2016-04-30,Bournemouth,3.599,3.599,V ugm-3 (GRAV EMFAB),False,False,False,False,4.000857142857142,0.49344281282027674
2016-05-01,Bournemouth,5.441,5.441,V ugm-3 (GRAV EMFAB),False,False,False,False,4.066142857142857,0.650451235315905
2016-05-02,Bournemouth,4.083,4.083,V ugm-3 (GRAV EMFAB),False,False,False,False,4.135428571428571,0.6172578761866577
2016-05-03,Bournemouth,7.717,7.717,V ugm-3 (GRAV EMFAB),False,False,False,False,4.662,1.4810947527646046
2016-05-04,Bournemouth,4.997,4.997,V ugm-3 (GRAV EMFAB),False,False,False,False,4.768857142857143,1.473294316440989
2016-05-05,Bournemouth,8.721,8.721,V ugm-3 (GRAV EMFAB),False,False,False,False,5.481999999999999,2.0000707487486986
2016-05-06,Bournemouth,17.417,17.417,V ugm-3 (GRAV EMFAB),False,False,False,False,7.424999999999999,4.782670523184043
2016-05-07,Bournemouth,3.292,3.292,V ugm-3 (GRAV EMFAB),False,False,False,False,7.381142857142857,4.824824225764499
2016-05-08,Bournemouth,3.208,3.208,V ugm-3 (GRAV EMFAB),False,False,False,False,7.062142857142858,5.043348967652744
2016-05-09,Bournemouth,3.292,3.292,V ugm-3 (GRAV EMFAB),False,False,False,False,6.949142857142857,5.129352052276259
2016-05-10,Bournemouth,6.0,6.0,V ugm-3 (GRAV EMFAB),False,False,False,False,6.703857142857143,5.127566460761284
2016-05-11,Bournemouth,15.724,15.724,V ugm-3 (GRAV EMFAB),False,False,False,False,8.236285714285716,6.052036591492331
2016-05-12,Bournemouth,25.375,25.375,V ugm-3 (GRAV EMFAB),True,True,False,False,10.615428571428572,8.884829915032016
2016-05-13,Bournemouth,13.25,13.25,V ugm-3 (GRAV EMFAB),False,False,False,False,10.020142857142858,8.483712364065077
2016-05-14,Bournemouth,6.167,6.167,V ugm-3 (GRAV EMFAB),False,False,False,False,10.430857142857144,8.167397105332315
2016-05-15,Bournemouth,7.625,7.625,V ugm-3 (GRAV EMFAB),False,False,False,False,11.061857142857145,7.671965142182109
2016-05-16,Bournemouth,5.0,5.0,V ugm-3 (GRAV EMFAB),False,False,False,False,11.305857142857144,7.406224576408055
2016-05-17,Bournemouth,6.542,6.542,V ugm-3 (GRAV EMFAB),False,False,False,False,11.383285714285716,7.344081783184024
2016-05-18,Bournemouth,4.208,4.208,V ugm-3 (GRAV EMFAB),False,False,False,False,9.738142857142858,7.497896181120232
2016-05-19,Bournemouth,4.0,4.0,V ugm-3 (GRAV EMFAB),False,False,False,False,6.684571428571429,3.1742604312996283
2016-05-20,Bournemouth,6.292,6.292,V ugm-3 (GRAV EMFAB),False,False,False,False,5.690571428571429,1.328444184894937
2016-05-21,Bournemouth,4.542,4.542,V ugm-3 (GRAV EMFAB),False,False,False,False,5.458428571428571,1.3725635209518872
2016-05-22,Bournemouth,4.0,4.0,V ugm-3 (GRAV EMFAB),False,False,False,False,4.940571428571428,1.0692157339445159
2016-05-23,Bournemouth,3.208,3.208,V ugm-3 (GRAV EMFAB),False,False,False,False,4.684571428571429,1.251589237348997
2016-05-24,Bournemouth,5.958,5.958,V ugm-3 (GRAV EMFAB),False,False,False,False,4.6011428571428565,1.1196510510827478
2016-05-25,Bournemouth,5.25,5.25,V ugm-3 (GRAV EMFAB),False,False,False,False,4.75,1.1279077976502445
2016-05-26,Bournemouth,8.167,8.167,V ugm-3 (GRAV EMFAB),False,False,False,False,5.345285714285715,1.64650586741402
2016-05-27,Bournemouth,17.125,17.125,V ugm-3 (GRAV EMFAB),False,False,False,False,6.892857142857143,4.784810147002425
2016-05-28,Bournemouth,24.375,24.375,V ugm-3 (GRAV EMFAB),True,True,False,False,9.726142857142857,7.971539822572384
2016-05-29,Bournemouth,8.875,8.875,V ugm-3 (GRAV EMFAB),False,False,False,False,10.422571428571429,7.591808367293955
2016-05-30,Bournemouth,6.667,6.667,V ugm-3 (GRAV EMFAB),False,False,False,False,10.916714285714287,7.143276109141294
2016-05-31,Bournemouth,4.0,4.0,V ugm-3 (GRAV EMFAB),False,False,False,False,10.637,7.403408786948542
2016-06-01,Bournemouth,7.113,7.113,V ugm-3 (GRAV EMFAB),False,False,False,False,10.903142857142857,7.208395023132682
2016-06-02,Bournemouth,6.835,6.835,V ugm-3 (GRAV EMFAB),False,False,False,False,10.712857142857143,7.30953259856771
2016-06-03,Bournemouth,4.786,4.786,V ugm-3 (GRAV EMFAB),False,False,False,False,8.950142857142856,6.986147350974213
2016-06-04,Bournemouth,3.331,3.331,V ugm-3 (GRAV EMFAB),False,False,False,False,5.9438571428571425,1.9673078414059542
2016-06-05,Bournemouth,8.686,8.686,V ugm-3 (GRAV EMFAB),False,False,False,False,5.916857142857142,1.921130173324378
2016-06-06,Bournemouth,10.208,10.208,V ugm-3 (GRAV EMFAB),False,False,False,False,6.422714285714285,2.523370742630206
2016-06-07,Bournemouth,,,V ugm-3 (GRAV EMFAB),False,False,False,False,6.826499999999999,2.504260270019923
2016-06-08,Bournemouth,3.75,3.75,V ugm-3 (GRAV EMFAB),False,False,False,False,6.265999999999999,2.7876300328415633
2016-06-09,Bournemouth,4.564,4.564,V ugm-3 (GRAV EMFAB),False,False,False,False,5.887499999999999,2.8484337977211713
2016-06-10,Bournemouth,6.958,6.958,V ugm-3 (GRAV EMFAB),False,False,False,False,6.2495,2.8183072756532876
2016-06-11,Bournemouth,10.932,10.932,V ugm-3 (GRAV EMFAB),False,False,False,False,7.516333333333333,2.9493471594010296
2016-06-12,Bournemouth,22.083,22.083,V ugm-3 (GRAV EMFAB),True,True,False,False,9.749166666666667,6.6992482090654715
2016-06-13,Bournemouth,3.859,3.859,V ugm-3 (GRAV EMFAB),False,False,False,False,8.691,7.101617674868188
2016-06-14,Bournemouth,4.292,4.292,V ugm-3 (GRAV EMFAB),False,False,False,False,8.06257142857143,6.692677736580068
2016-06-15,Bournemouth,3.402,3.402,V ugm-3 (GRAV EMFAB),False,False,False,False,8.012857142857142,6.731232735751852
2016-06-16,Bournemouth,5.083,5.083,V ugm-3 (GRAV EMFAB),False,False,False,False,8.087,6.689642890319349
2016-06-17,Bournemouth,5.917,5.917,V ugm-3 (GRAV EMFAB),False,False,False,False,7.938285714285714,6.730371206064995
2016-06-18,Bournemouth,5.56,5.56,V ugm-3 (GRAV EMFAB),False,False,False,False,7.170857142857143,6.63775402347742
2016-06-19,Bournemouth,3.75,3.75,V ugm-3 (GRAV EMFAB),False,False,False,False,4.551857142857143,0.9725227381355631
2016-06-20,Bournemouth,3.625,3.625,V ugm-3 (GRAV EMFAB),False,False,False,False,4.518428571428571,1.0038254923281416
2016-06-21,Bournemouth,4.083,4.083,V ugm-3 (GRAV EMFAB),False,False,False,False,4.488571428571428,1.0147316323612379
2016-06-22,Bournemouth,1.833,1.833,V ugm-3 (GRAV EMFAB),False,False,False,False,4.264428571428572,1.3962941257895851
2016-06-23,Bournemouth,5.394,5.394,V ugm-3 (GRAV EMFAB),False,False,False,False,4.308857142857143,1.431192909029862
2016-06-24,Bournemouth,5.208,5.208,V ugm-3 (GRAV EMFAB),False,False,False,False,4.207571428571429,1.319115973817757
2016-06-25,Bournemouth,3.875,3.875,V ugm-3 (GRAV EMFAB),False,False,False,False,3.966857142857143,1.1773089977532203
2016-06-26,Bournemouth,4.0,4.0,V ugm-3 (GRAV EMFAB),False,False,False,False,4.002571428571429,1.173419626155893
2016-06-27,Bournemouth,2.792,2.792,V ugm-3 (GRAV EMFAB),False,False,False,False,3.883571428571429,1.2573303539833256
2016-06-28,Bournemouth,4.417,4.417,V ugm-3 (GRAV EMFAB),False,False,False,False,3.9312857142857145,1.272406868142205
2016-06-29,Bournemouth,3.917,3.917,V ugm-3 (GRAV EMFAB),False,False,False,False,4.229,0.8842209376998963
2016-06-30,Bournemouth,2.667,2.667,V ugm-3 (GRAV EMFAB),False,False,False,False,3.8394285714285714,0.8861280677087078
2016-07-01,Bournemouth,3.385,3.385,V ugm-3 (GRAV EMFAB),False,False,False,False,3.5789999999999997,0.6544837660325996
2016-07-02,Bournemouth,3.826,3.826,V ugm-3 (GRAV EMFAB),False,False,False,False,3.5719999999999996,0.6510432653315353
2016-07-03,Bournemouth,7.331,7.331,V ugm-3 (GRAV EMFAB),False,False,False,False,4.047857142857143,1.5761218680220637
2016-07-04,Bournemouth,,,V ugm-3 (GRAV EMFAB),False,False,False,False,4.2571666666666665,1.6164727546936655
2016-07-05,Bournemouth,17.75,17.75,V ugm-3 (GRAV EMFAB),False,False,False,False,6.479333333333334,5.752699841523711
2016-07-06,Bournemouth,11.5,11.5,V ugm-3 (GRAV EMFAB),False,False,False,False,7.743166666666667,5.908056716608849
2016-07-07,Bournemouth,3.333,3.333,V ugm-3 (GRAV EMFAB),False,False,False,False,7.854166666666667,5.798859315991977
2016-07-08,Bournemouth,4.667,4.667,V ugm-3 (GRAV EMFAB),False,False,False,False,8.067833333333333,5.622179414307848
2016-07-09,Bournemouth,5.542,5.542,V ugm-3 (GRAV EMFAB),False,False,False,False,8.353833333333332,5.402599648934477
2016-07-10,Bournemouth,9.5,9.5,V ugm-3 (GRAV EMFAB),False,False,False,False,8.715333333333334,5.393029414593149
2016-07-11,Bournemouth,6.641,6.641,V ugm-3 (GRAV EMFAB),False,False,False,False,8.419,4.98517796405841
2016-07-12,Bournemouth,15.583,15.583,V ugm-3 (GRAV EMFAB),False,False,False,False,8.109428571428571,4.333906815531975
2016-07-13,Bournemouth,3.542,3.542,V ugm-3 (GRAV EMFAB),False,False,False,False,6.972571428571429,4.340023227938745
2016-07-14,Bournemouth,3.375,3.375,V ugm-3 (GRAV EMFAB),False,False,False,False,6.9785714285714295,4.334178078834307
2016-07-15,Bournemouth,3.375,3.375,V ugm-3 (GRAV EMFAB),False,False,False,False,6.794000000000001,4.474268953322642
2016-07-16,Bournemouth,3.651,3.651,V ugm-3 (GRAV EMFAB),False,False,False,False,6.5238571428571435,4.617261108369047
2016-07-17,Bournemouth,3.125,3.125,V ugm-3 (GRAV EMFAB),False,False,False,False,5.613142857142857,4.5607674949351855
2016-07-18,Bournemouth,3.444,3.444,V ugm-3 (GRAV EMFAB),False,False,False,False,5.156428571428572,4.600582856448501
2016-07-19,Bournemouth,5.958,5.958,V ugm-3 (GRAV EMFAB),False,False,False,False,3.7814285714285725,0.9735609649021355
2016-07-20,Bournemouth,8.216,8.216,V ugm-3 (GRAV EMFAB),False,False,False,False,4.449142857142857,1.9224171788464732
2016-07-21,Bournemouth,2.988,2.988,V ugm-3 (GRAV EMFAB),False,False,False,False,4.393857142857143,1.963580354740807
2016-07-22,Bournemouth,4.417,4.417,V ugm-3 (GRAV EMFAB),False,False,False,False,4.542714285714285,1.912295454359009
2016-07-23,Bournemouth,3.776,3.776,V ugm-3 (GRAV EMFAB),False,False,False,False,4.5605714285714285,1.9031424764621565
2016-07-24,Bournemouth,4.042,4.042,V ugm-3 (GRAV EMFAB),False,False,False,False,4.691571428571429,1.8174905645920632
2016-07-25,Bournemouth,3.25,3.25,V ugm-3 (GRAV EMFAB),False,False,False,False,4.663857142857144,1.841011898257052
2016-07-26,Bournemouth,2.656,2.656,V ugm-3 (GRAV EMFAB),False,False,False,False,4.192142857142857,1.8768338968035236
2016-07-27,Bournemouth,1.333,1.333,V ugm-3 (GRAV EMFAB),False,False,False,False,3.2088571428571435,1.0287815493051464
2016-07-28,Bournemouth,2.365,2.365,V ugm-3 (GRAV EMFAB),False,False,False,False,3.119857142857143,1.0768951401400992
2016-07-29,Bournemouth,2.25,2.25,V ugm-3 (GRAV EMFAB),False,False,False,False,2.810285714285715,0.9452909101235053
2016-07-30,Bournemouth,2.656,2.656,V ugm-3 (GRAV EMFAB),False,False,False,False,2.650285714285715,0.8439440570492759
2016-07-31,Bournemouth,1.375,1.375,V ugm-3 (GRAV EMFAB),False,False,False,False,2.2692857142857146,0.7008099395904646
2016-08-01,Bournemouth,2.7,2.7,V ugm-3 (GRAV EMFAB),False,False,False,False,2.1907142857142863,0.5954420526763767
2016-08-02,Bournemouth,7.739,7.739,V ugm-3 (GRAV EMFAB),False,False,False,False,2.9168571428571433,2.1986096689023036
2016-08-03,Bournemouth,11.342,11.342,V ugm-3 (GRAV EMFAB),False,False,False,False,4.346714285714286,3.723043007822427
2016-08-04,Bournemouth,5.106,5.106,V ugm-3 (GRAV EMFAB),False,False,False,False,4.738285714285715,3.622667558318796
2016-08-05,Bournemouth,7.434,7.434,V ugm-3 (GRAV EMFAB),False,False,False,False,5.4788571428571435,3.5585228409445455
2016-08-06,Bournemouth,14.208,14.208,V ugm-3 (GRAV EMFAB),False,False,False,False,7.129142857142858,4.566979688611578
2016-08-07,Bournemouth,4.481,4.481,V ugm-3 (GRAV EMFAB),False,False,False,False,7.572857142857144,4.034603343930773
2016-08-08,Bournemouth,4.583,4.583,V ugm-3 (GRAV EMFAB),False,False,False,False,7.841857142857143,3.70486452422452
2016-08-09,Bournemouth,4.938,4.938,V ugm-3 (GRAV EMFAB),False,False,False,False,7.441714285714286,3.865598992579133
2016-08-10,Bournemouth,7.25,7.25,V ugm-3 (GRAV EMFAB),False,False,False,False,6.8571428571428585,3.466256214254419
2016-08-11,Bournemouth,7.807,7.807,V ugm-3 (GRAV EMFAB),False,False,False,False,7.243,3.3882916049242624
2016-08-12,Bournemouth,12.875,12.875,V ugm-3 (GRAV EMFAB),False,False,False,False,8.020285714285716,4.007011592791084
2016-08-13,Bournemouth,2.792,2.792,V ugm-3 (GRAV EMFAB),False,False,False,False,6.389428571428573,3.33581948238328
2016-08-14,Bournemouth,4.149,4.149,V ugm-3 (GRAV EMFAB),False,False,False,False,6.3420000000000005,3.369664276056825
2016-08-15,Bournemouth,4.417,4.417,V ugm-3 (GRAV EMFAB),False,False,False,False,6.318285714285715,3.3846573294937072
2016-08-16,Bournemouth,5.625,5.625,V ugm-3 (GRAV EMFAB),False,False,False,False,6.416428571428573,3.347722203585773
2016-08-17,Bournemouth,11.292,11.292,V ugm-3 (GRAV EMFAB),False,False,False,False,6.993857142857144,3.8294005809687817
2016-08-18,Bournemouth,11.167,11.167,V ugm-3 (GRAV EMFAB),False,False,False,False,7.473857142857143,4.145820643675272
2016-08-19,Bournemouth,5.436,5.436,V ugm-3 (GRAV EMFAB),False,False,False,False,6.411142857142857,3.4205739980580323
2016-08-20,Bournemouth,7.137,7.137,V ugm-3 (GRAV EMFAB),False,False,False,False,7.031857142857143,3.0258229970578325
2016-08-21,Bournemouth,4.667,4.667,V ugm-3 (GRAV EMFAB),False,False,False,False,7.105857142857142,2.9489258173427677
2016-08-22,Bournemouth,5.375,5.375,V ugm-3 (GRAV EMFAB),False,False,False,False,7.242714285714286,2.822876353077148
2016-08-23,Bournemouth,5.667,5.667,V ugm-3 (GRAV EMFAB),False,False,False,False,7.2487142857142866,2.8189066860685794
2016-08-24,Bournemouth,13.167,13.167,V ugm-3 (GRAV EMFAB),False,False,False,False,7.516571428571429,3.312932329379496
2016-08-25,Bournemouth,12.0,12.0,V ugm-3 (GRAV EMFAB),False,False,False,False,7.635571428571429,3.476816065365148
2016-08-26,Bournemouth,4.333,4.333,V ugm-3 (GRAV EMFAB),False,False,False,False,7.478000000000001,3.6153506515044387
2016-08-27,Bournemouth,11.583,11.583,V ugm-3 (GRAV EMFAB),False,False,False,False,8.113142857142858,3.9229126266322467
2016-08-28,Bournemouth,4.083,4.083,V ugm-3 (GRAV EMFAB),False,False,False,False,8.029714285714286,4.013578815067936
2016-08-29,Bournemouth,3.983,3.983,V ugm-3 (GRAV EMFAB),False,False,False,False,7.830857142857144,4.197310028600545
2016-08-30,Bournemouth,6.042,6.042,V ugm-3 (GRAV EMFAB),False,False,False,False,7.884428571428572,4.167375507324466
2016-08-31,Bournemouth,6.208,6.208,V ugm-3 (GRAV EMFAB),False,False,False,False,6.8902857142857155,3.468638624123611
2016-09-01,Bournemouth,3.343,3.343,V ugm-3 (GRAV EMFAB),False,False,False,False,5.653571428571429,2.827146491732347
2016-09-02,Bournemouth,3.827,3.827,V ugm-3 (GRAV EMFAB),False,False,False,False,5.581285714285714,2.8726416828583874
2016-09-03,Bournemouth,2.847,2.847,V ugm-3 (GRAV EMFAB),False,False,False,False,4.333285714285715,1.2952243968114028
2016-09-04,Bournemouth,2.726,2.726,V ugm-3 (GRAV EMFAB),False,False,False,False,4.139428571428573,1.433137450624041
2016-09-05,Bournemouth,,,V ugm-3 (GRAV EMFAB),False,False,False,False,4.165500000000001,1.5681039187503705
2016-09-06,Bournemouth,12.167,12.167,V ugm-3 (GRAV EMFAB),False,False,False,False,5.186333333333334,3.6481473471704704
2016-09-07,Bournemouth,4.25,4.25,V ugm-3 (GRAV EMFAB),False,False,False,False,4.86,3.6259854384705226
2016-09-08,Bournemouth,6.1,6.1,V ugm-3 (GRAV EMFAB),False,False,False,False,5.319500000000001,3.5695467919611685
2016-09-09,Bournemouth,4.481,4.481,V ugm-3 (GRAV EMFAB),False,False,False,False,5.4285000000000005,3.524558454615311
2016-09-10,Bournemouth,3.958,3.958,V ugm-3 (GRAV EMFAB),False,False,False,False,5.613666666666667,3.3883644825589436
2016-09-11,Bournemouth,4.016,4.016,V ugm-3 (GRAV EMFAB),False,False,False,False,5.828666666666667,3.204423172221006
2016-09-12,Bournemouth,15.75,15.75,V ugm-3 (GRAV EMFAB),False,False,False,False,7.246,4.755920135298065
2016-09-13,Bournemouth,10.333,10.333,V ugm-3 (GRAV EMFAB),False,False,False,False,6.984000000000001,4.482288812649206
2016-09-14,Bournemouth,8.133,8.133,V ugm-3 (GRAV EMFAB),False,False,False,False,7.538714285714286,4.325061992399122
2016-09-15,Bournemouth,7.012,7.012,V ugm-3 (GRAV EMFAB),False,False,False,False,7.669000000000001,4.288077968818535
2016-09-16,Bournemouth,3.583,3.583,V ugm-3 (GRAV EMFAB),False,False,False,False,7.540714285714286,4.411018919111789
2016-09-17,Bournemouth,3.917,3.917,V ugm-3 (GRAV EMFAB),False,False,False,False,7.534857142857143,4.4165927828501506
2016-09-18,Bournemouth,5.208,5.208,V ugm-3 (GRAV EMFAB),False,False,False,False,7.7051428571428575,4.279148646969087
2016-09-19,Bournemouth,6.0,6.0,V ugm-3 (GRAV EMFAB),False,False,False,False,6.312285714285714,2.3970157637005216
2016-09-20,Bournemouth,9.542,9.542,V ugm-3 (GRAV EMFAB),False,False,False,False,6.199285714285715,2.185163435099412
2016-09-21,Bournemouth,6.792,6.792,V ugm-3 (GRAV EMFAB),False,False,False,False,6.007714285714286,2.0414372971255967
2016-09-22,Bournemouth,2.208,2.208,V ugm-3 (GRAV EMFAB),False,False,False,False,5.321428571428572,2.4199559126248236
2016-09-23,Bournemouth,3.333,3.333,V ugm-3 (GRAV EMFAB),False,False,False,False,5.285714285714286,2.4515269197166614
2016-09-24,Bournemouth,6.39,6.39,V ugm-3 (GRAV EMFAB),False,False,False,False,5.639000000000001,2.3990379321720243
2016-09-25,Bournemouth,4.083,4.083,V ugm-3 (GRAV EMFAB),False,False,False,False,5.478285714285714,2.4693747328886304
2016-09-26,Bournemouth,3.292,3.292,V ugm-3 (GRAV EMFAB),False,False,False,False,5.091428571428572,2.583502780925123
2016-09-27,Bournemouth,2.625,2.625,V ugm-3 (GRAV EMFAB),False,False,False,False,4.103285714285715,1.8022032547492517
2016-09-28,Bournemouth,7.5,7.5,V ugm-3 (GRAV EMFAB),False,False,False,False,4.204428571428572,1.9884874366499052
2016-09-29,Bournemouth,3.942,3.942,V ugm-3 (GRAV EMFAB),False,False,False,False,4.452142857142857,1.7971319213840056
2016-09-30,Bournemouth,3.458,3.458,V ugm-3 (GRAV EMFAB),False,False,False,False,4.470000000000001,1.7847364884860617
2016-10-01,Bournemouth,2.658,2.658,V ugm-3 (GRAV EMFAB),False,False,False,False,3.9368571428571433,1.66927932839016
2016-10-02,Bournemouth,4.172,4.172,V ugm-3 (GRAV EMFAB),False,False,False,False,3.9495714285714287,1.6709161017381589
2016-10-03,Bournemouth,7.549,7.549,V ugm-3 (GRAV EMFAB),False,False,False,False,4.557714285714286,2.1089644152432085
2016-10-04,Bournemouth,5.453,5.453,V ugm-3 (GRAV EMFAB),False,False,False,False,4.961714285714287,1.941220639553576
2016-10-05,Bournemouth,12.158,12.158,V ugm-3 (GRAV EMFAB),False,False,False,False,5.627142857142857,3.287706719917501
2016-10-06,Bournemouth,12.792,12.792,V ugm-3 (GRAV EMFAB),False,False,False,False,6.8914285714285715,4.126351005313027
2016-10-07,Bournemouth,5.0,5.0,V ugm-3 (GRAV EMFAB),False,False,False,False,7.111714285714286,3.9498950498414658
2016-10-08,Bournemouth,3.859,3.859,V ugm-3 (GRAV EMFAB),False,False,False,False,7.283285714285715,3.7449643395848393
2016-10-09,Bournemouth,4.813,4.813,V ugm-3 (GRAV EMFAB),False,False,False,False,7.374857142857144,3.6631512585282837
2016-10-10,Bournemouth,5.292,5.292,V ugm-3 (GRAV EMFAB),False,False,False,False,7.052428571428571,3.7437127230038847
2016-10-11,Bournemouth,4.5,4.5,V ugm-3 (GRAV EMFAB),False,False,False,False,6.916285714285714,3.827951702685844
2016-10-12,Bournemouth,6.266,6.266,V ugm-3 (GRAV EMFAB),False,False,False,False,6.07457142857143,3.052518296813496
2016-10-13,Bournemouth,8.208,8.208,V ugm-3 (GRAV EMFAB),False,False,False,False,5.419714285714286,1.4337022836333408
2016-10-14,Bournemouth,12.917,12.917,V ugm-3 (GRAV EMFAB),False,False,False,False,6.550714285714286,3.1467448638387334
2016-10-15,Bournemouth,4.167,4.167,V ugm-3 (GRAV EMFAB),False,False,False,False,6.5947142857142875,3.104707056190989
2016-10-16,Bournemouth,3.583,3.583,V ugm-3 (GRAV EMFAB),False,False,False,False,6.419000000000001,3.2535883779810786
2016-10-17,Bournemouth,4.292,4.292,V ugm-3 (GRAV EMFAB),False,False,False,False,6.276142857142858,3.3323206842765534
2016-10-18,Bournemouth,3.125,3.125,V ugm-3 (GRAV EMFAB),False,False,False,False,6.079714285714287,3.4912055088124103
2016-10-19,Bournemouth,3.875,3.875,V ugm-3 (GRAV EMFAB),False,False,False,False,5.738142857142857,3.5856301365576866
2016-10-20,Bournemouth,7.0,7.0,V ugm-3 (GRAV EMFAB),False,False,False,False,5.565571428571429,3.474288505442206
2016-10-21,Bournemouth,8.667,8.667,V ugm-3 (GRAV EMFAB),False,False,False,False,4.958428571428572,2.058279366942489
2016-10-22,Bournemouth,9.708,9.708,V ugm-3 (GRAV EMFAB),False,False,False,False,5.75,2.6759750870788914
2016-10-23,Bournemouth,12.458,12.458,V ugm-3 (GRAV EMFAB),False,False,False,False,7.017857142857144,3.4644431697158318
2016-10-24,Bournemouth,17.917,17.917,V ugm-3 (GRAV EMFAB),False,False,False,False,8.964285714285715,5.11297577131903
2016-10-25,Bournemouth,15.042,15.042,V ugm-3 (GRAV EMFAB),False,False,False,False,10.666714285714287,4.820246180237625
2016-10-26,Bournemouth,,,V ugm-3 (GRAV EMFAB),False,False,False,False,11.798666666666668,4.137471675633183
2016-10-27,Bournemouth,,,V ugm-3 (GRAV EMFAB),False,False,False,False,12.7584,3.8065968134280017
2016-10-28,Bournemouth,,,V ugm-3 (GRAV EMFAB),False,False,False,False,13.78125,3.5136056859964997
2016-10-29,Bournemouth,10.891,10.891,V ugm-3 (GRAV EMFAB),False,False,False,False,14.077000000000002,3.079425379298373
2016-10-30,Bournemouth,17.182,17.182,V ugm-3 (GRAV EMFAB),False,False,False,False,15.258000000000003,3.156443251509558
2016-10-31,Bournemouth,16.766,16.766,V ugm-3 (GRAV EMFAB),False,False,False,False,14.97025,2.872976664831599
2016-11-01,Bournemouth,3.301,3.301,V ugm-3 (GRAV EMFAB),False,False,False,False,12.035,6.4927000546768125
2016-11-02,Bournemouth,7.57,7.57,V ugm-3 (GRAV EMFAB),False,False,False,False,11.142,5.966876108987033
2016-11-03,Bournemouth,,,V ugm-3 (GRAV EMFAB),False,False,False,False,11.142,5.966876108987033
2016-11-04,Bournemouth,8.267,8.267,V ugm-3 (GRAV EMFAB),False,False,False,False,10.662833333333333,5.464475507005852
2016-11-05,Bournemouth,5.958,5.958,V ugm-3 (GRAV EMFAB),False,False,False,False,9.840666666666667,5.78498247764562
2016-11-06,Bournemouth,11.5,11.5,V ugm-3 (GRAV EMFAB),False,False,False,False,8.893666666666668,4.707599586484271
2016-11-07,Bournemouth,3.792,3.792,V ugm-3 (GRAV EMFAB),False,False,False,False,6.7313333333333345,3.059631590023039
2016-11-08,Bournemouth,4.708,4.708,V ugm-3 (GRAV EMFAB),False,False,False,False,6.965833333333335,2.7858024636838317
2016-11-09,Bournemouth,4.333,4.333,V ugm-3 (GRAV EMFAB),False,False,False,False,6.426333333333335,2.9537741732683145
2016-11-10,Bournemouth,6.833,6.833,V ugm-3 (GRAV EMFAB),False,False,False,False,6.484428571428572,2.70079191208452
2016-11-11,Bournemouth,5.083,5.083,V ugm-3 (GRAV EMFAB),False,False,False,False,6.02957142857143,2.617372655746184
2016-11-12,Bournemouth,11.333,11.333,V ugm-3 (GRAV EMFAB),False,False,False,False,6.797428571428573,3.293879114212879
2016-11-13,Bournemouth,8.458,8.458,V ugm-3 (GRAV EMFAB),False,False,False,False,6.362857142857144,2.720881929851181
2016-11-14,Bournemouth,8.583,8.583,V ugm-3 (GRAV EMFAB),False,False,False,False,7.047285714285715,2.5644954483800717
2016-11-15,Bournemouth,3.042,3.042,V ugm-3 (GRAV EMFAB),False,False,False,False,6.809285714285715,2.8761481599694134
2016-11-16,Bournemouth,3.0,3.0,V ugm-3 (GRAV EMFAB),False,False,False,False,6.618857142857144,3.1026385238251675
2016-11-17,Bournemouth,5.208,5.208,V ugm-3 (GRAV EMFAB),False,False,False,False,6.3867142857142865,3.144456058647046
2016-11-18,Bournemouth,3.292,3.292,V ugm-3 (GRAV EMFAB),False,False,False,False,6.130857142857144,3.3352903136294882
2016-11-19,Bournemouth,3.375,3.375,V ugm-3 (GRAV EMFAB),False,False,False,False,4.994000000000001,2.524226548205786
2016-11-20,Bournemouth,5.458,5.458,V ugm-3 (GRAV EMFAB),False,False,False,False,4.565428571428573,2.0477875750138708
2016-11-21,Bournemouth,4.583,4.583,V ugm-3 (GRAV EMFAB),False,False,False,False,3.9940000000000007,1.0594273610463234
2016-11-22,Bournemouth,4.25,4.25,V ugm-3 (GRAV EMFAB),False,False,False,False,4.166571428571429,0.9734032835270248
2016-11-23,Bournemouth,10.167,10.167,V ugm-3 (GRAV EMFAB),False,False,False,False,5.190428571428572,2.3449006274000563
2016-11-24,Bournemouth,4.44,4.44,V ugm-3 (GRAV EMFAB),False,False,False,False,5.080714285714286,2.3618469971815417
2016-11-25,Bournemouth,4.333,4.333,V ugm-3 (GRAV EMFAB),False,False,False,False,5.229428571428572,2.2610725225832935
2016-11-26,Bournemouth,11.875,11.875,V ugm-3 (GRAV EMFAB),False,False,False,False,6.443714285714287,3.1905584523865795
2016-11-27,Bournemouth,6.833,6.833,V ugm-3 (GRAV EMFAB),False,False,False,False,6.640142857142858,3.161956168185134
2016-11-28,Bournemouth,6.68,6.68,V ugm-3 (GRAV EMFAB),False,False,False,False,6.939714285714287,3.0312085441446355
2016-11-29,Bournemouth,18.5,18.5,V ugm-3 (GRAV EMFAB),False,False,False,False,8.975428571428573,5.041925321975834
2016-11-30,Bournemouth,33.583,33.583,V ugm-3 (GRAV EMFAB),True,True,False,False,12.320571428571428,10.632567342166915
2016-12-01,Bournemouth,4.416,4.416,V ugm-3 (GRAV EMFAB),False,False,False,False,12.317142857142859,10.635535489238766
2016-12-02,Bournemouth,5.248,5.248,V ugm-3 (GRAV EMFAB),False,False,False,False,12.447857142857144,10.526113012069425
2016-12-03,Bournemouth,,,V ugm-3 (GRAV EMFAB),False,False,False,False,12.543333333333335,11.527458274340741
2016-12-04,Bournemouth,6.839,6.839,V ugm-3 (GRAV EMFAB),False,False,False,False,12.544333333333336,11.526864077738873
2016-12-05,Bournemouth,14.357,14.357,V ugm-3 (GRAV EMFAB),False,False,False,False,13.823833333333335,11.16615968749627
2016-12-06,Bournemouth,3.708,3.708,V ugm-3 (GRAV EMFAB),False,False,False,False,11.358500000000001,11.553457919601396
2016-12-07,Bournemouth,3.583,3.583,V ugm-3 (GRAV EMFAB),False,False,False,False,6.358500000000002,4.097363774428668
2016-12-08,Bournemouth,5.083,5.083,V ugm-3 (GRAV EMFAB),False,False,False,False,6.469666666666669,4.042805840832207
2016-12-09,Bournemouth,4.333,4.333,V ugm-3 (GRAV EMFAB),False,False,False,False,6.317166666666668,4.1147231458102995
2016-12-10,Bournemouth,7.842,7.842,V ugm-3 (GRAV EMFAB),False,False,False,False,6.535000000000001,3.800168636609032
2016-12-11,Bournemouth,2.417,2.417,V ugm-3 (GRAV EMFAB),False,False,False,False,5.903285714285715,4.097148549673972
2016-12-12,Bournemouth,7.75,7.75,V ugm-3 (GRAV EMFAB),False,False,False,False,4.959428571428573,2.098760019403823
2016-12-13,Bournemouth,9.167,9.167,V ugm-3 (GRAV EMFAB),False,False,False,False,5.739285714285716,2.52682625139961
2016-12-14,Bournemouth,10.415,10.415,V ugm-3 (GRAV EMFAB),False,False,False,False,6.715285714285715,2.8534718452139756
2016-12-15,Bournemouth,16.167,16.167,V ugm-3 (GRAV EMFAB),False,False,False,False,8.298714285714286,4.434216079319488
2016-12-16,Bournemouth,21.328,21.328,V ugm-3 (GRAV EMFAB),True,True,False,False,10.72657142857143,6.201446037206255
2016-12-17,Bournemouth,28.292,28.292,V ugm-3 (GRAV EMFAB),True,True,False,False,13.648,8.862165950451024
2016-12-18,Bournemouth,24.917,24.917,V ugm-3 (GRAV EMFAB),True,True,False,False,16.862285714285715,8.16253109671026
2016-12-19,Bournemouth,15.625,15.625,V ugm-3 (GRAV EMFAB),False,False,False,False,17.987285714285715,7.180984535894923
2016-12-20,Bournemouth,13.792,13.792,V ugm-3 (GRAV EMFAB),False,False,False,False,18.648,6.4050294300651025
2016-12-21,Bournemouth,,,V ugm-3 (GRAV EMFAB),False,False,False,False,20.020166666666668,5.780433804366827
2016-12-22,Bournemouth,,,V ugm-3 (GRAV EMFAB),False,False,False,False,20.7908,6.108412289621591
2016-12-23,Bournemouth,,,V ugm-3 (GRAV EMFAB),False,False,False,False,20.6565,7.044858006612586
2016-12-24,Bournemouth,7.104,7.104,V ugm-3 (GRAV EMFAB),False,False,False,False,15.359500000000002,7.349073252231671
2016-12-25,Bournemouth,3.312,3.312,V ugm-3 (GRAV EMFAB),False,False,False,False,9.958250000000001,5.748306323025406
2016-12-26,Bournemouth,6.604,6.604,V ugm-3 (GRAV EMFAB),False,False,False,False,7.703000000000001,4.394064329676335
2016-12-27,Bournemouth,17.562,17.562,V ugm-3 (GRAV EMFAB),False,False,False,False,8.645500000000002,6.177759545336851
2016-12-28,Bournemouth,13.188,13.188,V ugm-3 (GRAV EMFAB),False,False,False,False,9.554000000000002,5.72279616970589
2016-12-29,Bournemouth,22.604,22.604,V ugm-3 (GRAV EMFAB),True,True,False,False,11.729000000000001,7.388103058295836
2016-12-30,Bournemouth,28.146,28.146,V ugm-3 (GRAV EMFAB),True,True,False,False,14.074285714285717,9.164566432994095
2017-01-01,Bournemouth,6.15,6.15,V ugm-3 (GRAV EMFAB),False,False,False,False,13.938000000000002,9.291708418441333
2017-01-02,Bournemouth,5.5,5.5,V ugm-3 (GRAV EMFAB),False,False,False,False,14.250571428571432,8.903362040209743
2017-01-03,Bournemouth,2.08,2.08,V ugm-3 (GRAV EMFAB),False,False,False,False,13.604285714285718,9.681150856420022
2017-01-04,Bournemouth,5.458,5.458,V ugm-3 (GRAV EMFAB),False,False,False,False,11.875142857142858,9.934091259036096
2017-01-05,Bournemouth,4.417,4.417,V ugm-3 (GRAV EMFAB),False,False,False,False,10.62214285714286,10.287753665217238
2017-01-06,Bournemouth,9.125,9.125,V ugm-3 (GRAV EMFAB),False,False,False,False,8.69657142857143,8.8293923131237
2017-01-07,Bournemouth,3.375,3.375,V ugm-3 (GRAV EMFAB),False,False,False,False,5.157857142857144,2.24092134538247
2017-01-08,Bournemouth,4.417,4.417,V ugm-3 (GRAV EMFAB),False,False,False,False,4.910285714285715,2.2085384091661644
2017-01-09,Bournemouth,4.958,4.958,V ugm-3 (GRAV EMFAB),False,False,False,False,4.8328571428571445,2.19387020495534
2017-01-10,Bournemouth,3.5,3.5,V ugm-3 (GRAV EMFAB),False,False,False,False,5.0357142857142865,1.9488726411515136
2017-01-11,Bournemouth,,,,False,False,False,False,4.9653333333333345,2.1251155890132267
2017-01-12,Bournemouth,,,,False,False,False,False,5.075000000000001,2.356892975932606
2017-01-13,Bournemouth,3.54,3.54,V ugm-3 (GRAV EMFAB),False,False,False,False,3.958000000000001,0.6955318109191567
2017-01-14,Bournemouth,3.67,3.67,V ugm-3 (GRAV EMFAB),False,False,False,False,4.017000000000001,0.6443423003345972
2017-01-15,Bournemouth,5.08,5.08,V ugm-3 (GRAV EMFAB),False,False,False,False,4.149600000000001,0.7973022011762398
2017-01-16,Bournemouth,4.04,4.04,V ugm-3 (GRAV EMFAB),False,False,False,False,3.966000000000001,0.6581641132730358
2017-01-17,Bournemouth,18.42,18.42,V ugm-3 (GRAV EMFAB),False,False,False,False,6.950000000000001,6.440349369405392
2017-01-18,Bournemouth,19.25,19.25,V ugm-3 (GRAV EMFAB),False,False,False,False,9.000000000000002,7.64182438950283
2017-01-19,Bournemouth,24.13,24.13,V ugm-3 (GRAV EMFAB),True,True,False,False,11.161428571428573,9.020364790427333
2017-01-20,Bournemouth,18.71,18.71,V ugm-3 (GRAV EMFAB),False,False,False,False,13.328571428571427,8.70077664842136
2017-01-21,Bournemouth,25.04,25.04,V ugm-3 (GRAV EMFAB),True,True,False,False,16.381428571428575,8.49363571264083
2017-01-22,Bournemouth,46.25,46.25,V ugm-3 (GRAV EMFAB),True,True,False,False,22.262857142857143,12.616932688898297
2017-01-23,Bournemouth,28.5,28.5,V ugm-3 (GRAV EMFAB),True,True,False,False,25.75714285714286,9.802050320019294
2017-01-24,Bournemouth,22.71,22.71,V ugm-3 (GRAV EMFAB),True,True,False,False,26.37,9.39240295841981
2017-01-25,Bournemouth,17.33,17.33,V ugm-3 (GRAV EMFAB),False,False,False,False,26.095714285714287,9.659226775718736
2017-01-26,Bournemouth,30.83,30.83,V ugm-3 (GRAV EMFAB),True,True,False,False,27.052857142857142,9.763371539049594
2017-01-27,Bournemouth,23.38,23.38,V ugm-3 (GRAV EMFAB),True,True,False,False,27.720000000000002,9.244021491392864
2017-01-28,Bournemouth,5.21,5.21,V ugm-3 (GRAV EMFAB),False,False,False,False,24.88714285714286,12.623085616290114
2017-01-29,Bournemouth,2.0,2.0,V ugm-3 (GRAV EMFAB),False,False,False,False,18.565714285714286,11.133883505083116
2017-01-30,Bournemouth,3.46,3.46,V ugm-3 (GRAV EMFAB),False,False,False,False,14.988571428571431,11.42877279584504
2017-01-31,Bournemouth,3.75,3.75,V ugm-3 (GRAV EMFAB),False,False,False,False,12.280000000000001,11.54001444250974
2017-02-01,Bournemouth,8.1,8.1,V ugm-3 (GRAV EMFAB),False,False,False,False,10.961428571428574,11.393207667394686
2017-02-02,Bournemouth,8.92,8.92,V ugm-3 (GRAV EMFAB),False,False,False,False,7.831428571428574,7.2990876794556385
2017-02-03,Bournemouth,5.47,5.47,V ugm-3 (GRAV EMFAB),False,False,False,False,5.272857142857144,2.505139479055808
2017-02-04,Bournemouth,5.519,5.519,V ugm-3 (GRAV EMFAB),False,False,False,False,5.317000000000002,2.506569302187127
2017-02-05,Bournemouth,6.042,6.042,V ugm-3 (GRAV EMFAB),False,False,False,False,5.8944285714285725,2.0366028787455033
2017-02-06,Bournemouth,7.375,7.375,V ugm-3 (GRAV EMFAB),False,False,False,False,6.453714285714287,1.777758580749576
2017-02-07,Bournemouth,2.448,2.448,V ugm-3 (GRAV EMFAB),False,False,False,False,6.267714285714287,2.139160950332805
2017-02-08,Bournemouth,3.208,3.208,V ugm-3 (GRAV EMFAB),False,False,False,False,5.568857142857146,2.2376263039637934
2017-02-09,Bournemouth,6.083,6.083,V ugm-3 (GRAV EMFAB),False,False,False,False,5.163571428571431,1.7284973104928885
2017-02-10,Bournemouth,7.75,7.75,V ugm-3 (GRAV EMFAB),False,False,False,False,5.489285714285716,1.9907830715814894
2017-02-11,Bournemouth,,,,False,False,False,False,5.4843333333333355,2.180746355417543
2017-02-12,Bournemouth,,,,False,False,False,False,5.3728000000000025,2.41893999512189
2017-02-13,Bournemouth,25.42,25.42,V ugm-3 (GRAV EMFAB),True,True,False,False,8.981800000000003,9.436128718918592
2017-02-14,Bournemouth,21.08,21.08,V ugm-3 (GRAV EMFAB),False,False,False,False,12.708200000000001,9.879368866481308
2017-02-15,Bournemouth,6.63,6.63,V ugm-3 (GRAV EMFAB),False,False,False,False,13.392600000000002,9.148174889014754
2017-02-16,Bournemouth,3.4,3.4,V ugm-3 (GRAV EMFAB),False,False,False,False,12.856000000000003,9.74344035749181
2017-02-17,Bournemouth,4.21,4.21,V ugm-3 (GRAV EMFAB),False,False,False,False,12.148000000000003,10.318845381146097
2017-02-18,Bournemouth,14.13,14.13,V ugm-3 (GRAV EMFAB),False,False,False,False,12.478333333333337,9.264857077508902
2017-02-19,Bournemouth,6.79,6.79,V ugm-3 (GRAV EMFAB),False,False,False,False,11.665714285714287,8.726612281106684
2017-02-20,Bournemouth,3.75,3.75,V ugm-3 (GRAV EMFAB),False,False,False,False,8.570000000000002,6.624658481763429
2017-02-21,Bournemouth,3.21,3.21,V ugm-3 (GRAV EMFAB),False,False,False,False,6.01714285714286,3.871402477508291
2017-02-22,Bournemouth,4.07,4.07,V ugm-3 (GRAV EMFAB),False,False,False,False,5.651428571428574,3.92441260390832
2017-02-23,Bournemouth,3.79,3.79,V ugm-3 (GRAV EMFAB),False,False,False,False,5.70714285714286,3.8897374130983877
2017-02-24,Bournemouth,5.83,5.83,V ugm-3 (GRAV EMFAB),False,False,False,False,5.93857142857143,3.8336033031228567
2017-02-25,Bournemouth,4.42,4.42,V ugm-3 (GRAV EMFAB),False,False,False,False,4.551428571428573,1.2855923222576526
2017-02-26,Bournemouth,3.0,3.0,V ugm-3 (GRAV EMFAB),False,False,False,False,4.0100000000000025,0.9363225939814825
2017-02-27,Bournemouth,2.29,2.29,V ugm-3 (GRAV EMFAB),False,False,False,False,3.8014285714285734,1.1435679337266473
2017-02-28,Bournemouth,3.33,3.33,V ugm-3 (GRAV EMFAB),False,False,False,False,3.8185714285714307,1.1340844849691905
2017-03-01,Bournemouth,8.81,8.81,V ugm-3 (GRAV EMFAB),False,False,False,False,4.495714285714287,2.212026651006292
2017-03-02,Bournemouth,5.29,5.29,V ugm-3 (GRAV EMFAB),False,False,False,False,4.710000000000002,2.204911184908257
2017-03-03,Bournemouth,5.81,5.81,V ugm-3 (GRAV EMFAB),False,False,False,False,4.70714285714286,2.2032303124103962
2017-03-04,Bournemouth,9.542,9.542,V ugm-3 (GRAV EMFAB),False,False,False,False,5.438857142857145,2.8481249638181256
2017-03-05,Bournemouth,13.583,13.583,V ugm-3 (GRAV EMFAB),False,False,False,False,6.950714285714288,3.938061059044421
2017-03-06,Bournemouth,4.708,4.708,V ugm-3 (GRAV EMFAB),False,False,False,False,7.2961428571428595,3.5478212294576843
2017-03-07,Bournemouth,3.375,3.375,V ugm-3 (GRAV EMFAB),False,False,False,False,7.30257142857143,3.539467844047715
2017-03-08,Bournemouth,4.667,4.667,V ugm-3 (GRAV EMFAB),False,False,False,False,6.710714285714288,3.5913977647654227
2017-03-09,Bournemouth,3.527,3.527,V ugm-3 (GRAV EMFAB),False,False,False,False,6.458857142857146,3.765244809596137
2017-03-10,Bournemouth,6.792,6.792,V ugm-3 (GRAV EMFAB),False,False,False,False,6.599142857142859,3.7553210882946675
2017-03-11,Bournemouth,,,,False,False,False,False,6.108666666666669,3.8603318337504193
2017-03-12,Bournemouth,,,,False,False,False,False,4.613800000000003,1.3667496844705294
2017-03-13,Bournemouth,4.25,4.25,V ugm-3 (GRAV EMFAB),False,False,False,False,4.522200000000003,1.3741854678318692
2017-03-14,Bournemouth,4.93,4.93,V ugm-3 (GRAV EMFAB),False,False,False,False,4.833200000000002,1.2165700555250762
2017-03-15,Bournemouth,5.31,5.31,V ugm-3 (GRAV EMFAB),False,False,False,False,4.961800000000002,1.2285353881758085
2017-03-16,Bournemouth,7.72,7.72,V ugm-3 (GRAV EMFAB),False,False,False,False,5.800400000000002,1.4203840325772004
2017-03-17,Bournemouth,2.77,2.77,V ugm-3 (GRAV EMFAB),False,False,False,False,4.996000000000003,1.8051814313249193
2017-03-18,Bournemouth,1.6,1.6,V ugm-3 (GRAV EMFAB),False,False,False,False,4.430000000000002,2.128163527551451
2017-03-19,Bournemouth,5.35,5.35,V ugm-3 (GRAV EMFAB),False,False,False,False,4.561428571428573,1.973612834131308
2017-03-20,Bournemouth,2.56,2.56,V ugm-3 (GRAV EMFAB),False,False,False,False,4.320000000000002,2.116270304096383
2017-03-21,Bournemouth,3.98,3.98,V ugm-3 (GRAV EMFAB),False,False,False,False,4.184285714285716,2.101038292074208
2017-03-22,Bournemouth,4.19,4.19,V ugm-3 (GRAV EMFAB),False,False,False,False,4.024285714285716,2.042864468851382
2017-03-23,Bournemouth,12.44,12.44,V ugm-3 (GRAV EMFAB),False,False,False,False,4.698571428571431,3.629120318440059
2017-03-24,Bournemouth,27.4,27.4,V ugm-3 (GRAV EMFAB),True,True,False,False,8.217142857142859,9.165116319112228
2017-03-25,Bournemouth,7.77,7.77,V ugm-3 (GRAV EMFAB),False,False,False,False,9.09857142857143,8.707956952449548
2017-03-26,Bournemouth,7.19,7.19,V ugm-3 (GRAV EMFAB),False,False,False,False,9.361428571428574,8.603083611069216
2017-03-27,Bournemouth,26.23,26.23,V ugm-3 (GRAV EMFAB),True,True,False,False,12.742857142857146,10.019390723801052
2017-03-28,Bournemouth,21.02,21.02,V ugm-3 (GRAV EMFAB),False,False,False,False,15.177142857142858,9.596634330648978
2017-03-29,Bournemouth,5.48,5.48,V ugm-3 (GRAV EMFAB),False,False,False,False,15.361428571428574,9.359949124810866
2017-03-30,Bournemouth,9.54,9.54,V ugm-3 (GRAV EMFAB),False,False,False,False,14.947142857142861,9.572571431414023
2017-03-31,Bournemouth,7.83,7.83,V ugm-3 (GRAV EMFAB),False,False,False,False,12.151428571428573,8.069207785508713
2017-04-01,Bournemouth,5.81,5.81,V ugm-3 (GRAV EMFAB),False,False,False,False,11.871428571428572,8.277889079895173
2017-04-02,Bournemouth,4.21,4.21,V ugm-3 (GRAV EMFAB),False,False,False,False,11.445714285714288,8.627994856169966
2017-04-03,Bournemouth,3.97,3.97,V ugm-3 (GRAV EMFAB),False,False,False,False,8.265714285714287,5.960679092024281
2017-04-04,Bournemouth,5.458,5.458,V ugm-3 (GRAV EMFAB),False,False,False,False,6.0425714285714305,1.991359573854294
2017-04-05,Bournemouth,16.708,16.708,V ugm-3 (GRAV EMFAB),False,False,False,False,7.64657142857143,4.457545021539076
2017-04-06,Bournemouth,6.25,6.25,V ugm-3 (GRAV EMFAB),False,False,False,False,7.176571428571431,4.39767525165829
2017-04-07,Bournemouth,2.78,2.78,V ugm-3 (GRAV EMFAB),False,False,False,False,6.455142857142859,4.677908059114031
2017-04-08,Bournemouth,3.0,3.0,V ugm-3 (GRAV EMFAB),False,False,False,False,6.053714285714288,4.859539268774572
2017-04-09,Bournemouth,1.583,1.583,V ugm-3 (GRAV EMFAB),False,False,False,False,5.678428571428574,5.120105137499407
2017-04-10,Bournemouth,5.167,5.167,V ugm-3 (GRAV EMFAB),False,False,False,False,5.849428571428574,5.073312588343815
2017-04-11,Bournemouth,,,,False,False,False,False,5.914666666666669,5.5543181639753865
2017-04-12,Bournemouth,,,,False,False,False,False,3.756000000000003,1.901117960569613
2017-04-13,Bournemouth,5.333,5.333,V ugm-3 (GRAV EMFAB),False,False,False,False,3.5726000000000027,1.6244778545736993
2017-04-14,Bournemouth,3.667,3.667,V ugm-3 (GRAV EMFAB),False,False,False,False,3.7500000000000027,1.5635741108116252
2017-04-15,Bournemouth,2.542,2.542,V ugm-3 (GRAV EMFAB),False,False,False,False,3.658400000000003,1.6304805426623057
2017-04-16,Bournemouth,4.083,4.083,V ugm-3 (GRAV EMFAB),False,False,False,False,4.158400000000002,1.146392951827756
2017-04-17,Bournemouth,3.125,3.125,V ugm-3 (GRAV EMFAB),False,False,False,False,3.7500000000000027,1.0575391245719306
2017-04-18,Bournemouth,6.125,6.125,V ugm-3 (GRAV EMFAB),False,False,False,False,4.145833333333336,1.3545535672932802
2017-04-19,Bournemouth,7.75,7.75,V ugm-3 (GRAV EMFAB),False,False,False,False,4.660714285714287,1.8397634552922288
2017-04-20,Bournemouth,11.583,11.583,V ugm-3 (GRAV EMFAB),False,False,False,False,5.553571428571431,3.2195779152524278
2017-04-21,Bournemouth,16.083,16.083,V ugm-3 (GRAV EMFAB),False,False,False,False,7.327285714285716,4.957845120422321
2017-04-22,Bournemouth,8.25,8.25,V ugm-3 (GRAV EMFAB),False,False,False,False,8.142714285714288,4.486634697048788
2017-04-23,Bournemouth,9.625,9.625,V ugm-3 (GRAV EMFAB),False,False,False,False,8.934428571428572,4.125278893890824
2017-04-24,Bournemouth,6.417,6.417,V ugm-3 (GRAV EMFAB),False,False,False,False,9.404714285714288,3.4915937485283206
2017-04-25,Bournemouth,3.25,3.25,V ugm-3 (GRAV EMFAB),False,False,False,False,8.994000000000002,4.06387622843021
2017-04-26,Bournemouth,4.5,4.5,V ugm-3 (GRAV EMFAB),False,False,False,False,8.529714285714288,4.401327667658407
2017-04-27,Bournemouth,7.833,7.833,V ugm-3 (GRAV EMFAB),False,False,False,False,7.9940000000000015,4.190943410100742
2017-04-28,Bournemouth,6.625,6.625,V ugm-3 (GRAV EMFAB),False,False,False,False,6.642857142857145,2.200271606610722
2017-04-29,Bournemouth,8.167,8.167,V ugm-3 (GRAV EMFAB),False,False,False,False,6.631000000000002,2.190368690426382
2017-04-30,Bournemouth,7.25,7.25,V ugm-3 (GRAV EMFAB),False,False,False,False,6.291714285714288,1.7981291865238045
2017-05-01,Bournemouth,17.42,17.42,V ugm-3 (GRAV EMFAB),False,False,False,False,7.863571428571431,4.581257354960658
2017-05-02,Bournemouth,6.0,6.0,V ugm-3 (GRAV EMFAB),False,False,False,False,8.256428571428573,4.223644037129683
2017-05-03,Bournemouth,4.1,4.1,V ugm-3 (GRAV EMFAB),False,False,False,False,8.199285714285717,4.285193488991531
2017-05-04,Bournemouth,6.542,6.542,V ugm-3 (GRAV EMFAB),False,False,False,False,8.014857142857144,4.331120579733454
2017-05-05,Bournemouth,8.216,8.216,V ugm-3 (GRAV EMFAB),False,False,False,False,8.24214285714286,4.287555186372608
2017-05-06,Bournemouth,5.436,5.436,V ugm-3 (GRAV EMFAB),False,False,False,False,7.852000000000002,4.417806544730863
2017-05-07,Bournemouth,5.353,5.353,V ugm-3 (GRAV EMFAB),False,False,False,False,7.581000000000002,4.517938283479923
2017-05-08,Bournemouth,3.417,3.417,V ugm-3 (GRAV EMFAB),False,False,False,False,5.580571428571431,1.5806945580074903
2017-05-09,Bournemouth,2.708,2.708,V ugm-3 (GRAV EMFAB),False,False,False,False,5.110285714285716,1.8938117395248455
2017-05-10,Bournemouth,4.191,4.191,V ugm-3 (GRAV EMFAB),False,False,False,False,5.123285714285716,1.886017118540759
2017-05-11,Bournemouth,,,,False,False,False,False,4.886833333333336,1.9490589951735504
2017-05-12,Bournemouth,,,,False,False,False,False,4.221000000000004,1.1931192312591166
2017-05-13,Bournemouth,8.88,8.88,V ugm-3 (GRAV EMFAB),False,False,False,False,4.909800000000002,2.4265182257713067
2017-05-14,Bournemouth,4.875,4.875,V ugm-3 (GRAV EMFAB),False,False,False,False,4.814200000000002,2.4140759515807146
2017-05-15,Bournemouth,6.167,6.167,V ugm-3 (GRAV EMFAB),False,False,False,False,5.364200000000003,2.327898773572494
2017-05-16,Bournemouth,6.167,6.167,V ugm-3 (GRAV EMFAB),False,False,False,False,6.056000000000003,1.7939205668034204
2017-05-17,Bournemouth,4.667,4.667,V ugm-3 (GRAV EMFAB),False,False,False,False,6.151200000000003,1.6791653283701111
2017-05-18,Bournemouth,4.833,4.833,V ugm-3 (GRAV EMFAB),False,False,False,False,5.931500000000002,1.5953950921324305
2017-05-19,Bournemouth,3.583,3.583,V ugm-3 (GRAV EMFAB),False,False,False,False,5.596000000000002,1.705577028457
2017-05-20,Bournemouth,3.625,3.625,V ugm-3 (GRAV EMFAB),False,False,False,False,4.845285714285716,1.0495347722183663
2017-05-21,Bournemouth,1.458,1.458,V ugm-3 (GRAV EMFAB),False,False,False,False,4.357142857142859,1.653983920576024
2017-05-22,Bournemouth,6.125,6.125,V ugm-3 (GRAV EMFAB),False,False,False,False,4.351142857142859,1.646382947410485
2017-05-23,Bournemouth,5.809,5.809,V ugm-3 (GRAV EMFAB),False,False,False,False,4.3000000000000025,1.5849901156369695
2017-05-24,Bournemouth,5.353,5.353,V ugm-3 (GRAV EMFAB),False,False,False,False,4.398000000000002,1.6319749793834337
2017-05-25,Bournemouth,5.5,5.5,V ugm-3 (GRAV EMFAB),False,False,False,False,4.493285714285717,1.680360944786009
2017-05-26,Bournemouth,7.125,7.125,V ugm-3 (GRAV EMFAB),False,False,False,False,4.999285714285717,1.881786625726233
2017-05-27,Bournemouth,6.792,6.792,V ugm-3 (GRAV EMFAB),False,False,False,False,5.451714285714289,1.877012139393025
2017-05-28,Bournemouth,5.975,5.975,V ugm-3 (GRAV EMFAB),False,False,False,False,6.097000000000002,0.6517113369175552
2017-05-29,Bournemouth,7.667,7.667,V ugm-3 (GRAV EMFAB),False,False,False,False,6.317285714285717,0.8824965938152027
2017-05-30,Bournemouth,3.61,3.61,V ugm-3 (GRAV EMFAB),False,False,False,False,6.003142857142859,1.3572670369253101
2017-05-31,Bournemouth,5.125,5.125,V ugm-3 (GRAV EMFAB),False,False,False,False,5.97057142857143,1.378046063229076
2017-06-01,Bournemouth,15.25,15.25,V ugm-3 (GRAV EMFAB),False,False,False,False,7.363428571428573,3.7349713455903695
2017-06-02,Bournemouth,8.0,8.0,V ugm-3 (GRAV EMFAB),False,False,False,False,7.488428571428573,3.740300026162937
2017-06-03,Bournemouth,6.43,6.43,V ugm-3 (GRAV EMFAB),False,False,False,False,7.436714285714288,3.7540112641584806
2017-06-04,Bournemouth,13.042,13.042,V ugm-3 (GRAV EMFAB),False,False,False,False,8.446285714285716,4.217099742488362
2017-06-05,Bournemouth,17.458,17.458,V ugm-3 (GRAV EMFAB),False,False,False,False,9.845000000000002,5.379164712109134
2017-06-06,Bournemouth,3.958,3.958,V ugm-3 (GRAV EMFAB),False,False,False,False,9.894714285714288,5.313139709383586
2017-06-07,Bournemouth,6.763,6.763,V ugm-3 (GRAV EMFAB),False,False,False,False,10.128714285714286,5.099851132281088
2017-06-08,Bournemouth,2.083,2.083,V ugm-3 (GRAV EMFAB),False,False,False,False,8.247714285714288,5.3196132915305725
2017-06-09,Bournemouth,8.458,8.458,V ugm-3 (GRAV EMFAB),False,False,False,False,8.313142857142859,5.318875270473759
2017-06-10,Bournemouth,6.5,6.5,V ugm-3 (GRAV EMFAB),False,False,False,False,8.323142857142859,5.314808946976109
2017-06-11,Bournemouth,,,,False,False,False,False,7.536666666666669,5.357318047929101
2017-06-12,Bournemouth,,,,False,False,False,False,5.552400000000003,2.5191693670732667
2017-06-13,Bournemouth,7.083,7.083,V ugm-3 (GRAV EMFAB),False,False,False,False,6.177400000000003,2.4099977800820285
2017-06-14,Bournemouth,10.539,10.539,V ugm-3 (GRAV EMFAB),False,False,False,False,6.9326000000000025,3.124953967661009
2017-06-15,Bournemouth,6.708,6.708,V ugm-3 (GRAV EMFAB),False,False,False,False,7.857600000000003,1.6818924757546956
2017-06-16,Bournemouth,5.75,5.75,V ugm-3 (GRAV EMFAB),False,False,False,False,7.3160000000000025,1.8661386604430747
2017-06-17,Bournemouth,5.792,5.792,V ugm-3 (GRAV EMFAB),False,False,False,False,7.174400000000003,1.967635713235628
2017-06-18,Bournemouth,6.183,6.183,V ugm-3 (GRAV EMFAB),False,False,False,False,7.009166666666669,1.8058473265109907
2017-06-19,Bournemouth,11.826,11.826,V ugm-3 (GRAV EMFAB),False,False,False,False,7.697285714285717,2.4560385253687316
2017-06-20,Bournemouth,14.833,14.833,V ugm-3 (GRAV EMFAB),False,False,False,False,8.804428571428573,3.6090965100766943
2017-06-21,Bournemouth,16.75,16.75,V ugm-3 (GRAV EMFAB),False,False,False,False,9.691714285714287,4.704003639251928
2017-06-22,Bournemouth,4.875,4.875,V ugm-3 (GRAV EMFAB),False,False,False,False,9.429857142857145,4.942740516102778
2017-06-23,Bournemouth,2.863,2.863,V ugm-3 (GRAV EMFAB),False,False,False,False,9.017428571428573,5.400242058066882
2017-06-24,Bournemouth,2.656,2.656,V ugm-3 (GRAV EMFAB),False,False,False,False,8.569428571428572,5.825735171265034
2017-06-25,Bournemouth,2.417,2.417,V ugm-3 (GRAV EMFAB),False,False,False,False,8.031428571428574,6.241879654322709
2017-06-26,Bournemouth,4.375,4.375,V ugm-3 (GRAV EMFAB),False,False,False,False,6.967000000000001,6.121083918174419
2017-06-27,Bournemouth,6.167,6.167,V ugm-3 (GRAV EMFAB),False,False,False,False,5.729000000000002,5.0471699330747235
2017-06-28,Bournemouth,4.917,4.917,V ugm-3 (GRAV EMFAB),False,False,False,False,4.038571428571431,1.4164278846383764
2017-06-29,Bournemouth,4.708,4.708,V ugm-3 (GRAV EMFAB),False,False,False,False,4.014714285714288,1.401317560284641
2017-06-30,Bournemouth,2.875,2.875,V ugm-3 (GRAV EMFAB),False,False,False,False,4.016428571428574,1.3996801845592488
2017-07-01,Bournemouth,6.92,6.92,V ugm-3 (GRAV EMFAB),False,False,False,False,4.6255714285714316,1.619526870945485
2017-07-02,Bournemouth,6.79,6.79,V ugm-3 (GRAV EMFAB),False,False,False,False,5.250285714285717,1.461294598895817
2017-07-03,Bournemouth,,,V ugm-3 (GRAV EMFAB),False,False,False,False,5.396166666666669,1.5439222022715016
2017-07-04,Bournemouth,21.833,21.833,V ugm-3 (GRAV EMFAB),True,True,False,False,8.007166666666668,6.9367118843632865
2017-07-05,Bournemouth,9.75,9.75,V ugm-3 (GRAV EMFAB),False,False,False,False,8.812666666666667,6.785060284674474
2017-07-06,Bournemouth,3.667,3.667,V ugm-3 (GRAV EMFAB),False,False,False,False,8.639166666666668,6.92292133182711
2017-07-07,Bournemouth,3.0,3.0,V ugm-3 (GRAV EMFAB),False,False,False,False,8.660000000000002,6.902263078150542
2017-07-08,Bournemouth,2.5,2.5,V ugm-3 (GRAV EMFAB),False,False,False,False,7.923333333333335,7.346674231696057
2017-07-09,Bournemouth,,,V ugm-3 (GRAV EMFAB),False,False,False,False,8.150000000000002,8.190341537445203
2017-07-10,Bournemouth,4.5,4.5,V ugm-3 (GRAV EMFAB),False,False,False,False,7.541666666666668,7.475678716121157
2017-07-11,Bournemouth,,,,False,False,False,False,4.6834000000000024,2.929940750254228
2017-07-12,Bournemouth,,,,False,False,False,False,3.416750000000003,0.8660574942425977
2017-07-13,Bournemouth,4.667,4.667,V ugm-3 (GRAV EMFAB),False,False,False,False,3.6667500000000035,1.080226326594152
2017-07-14,Bournemouth,3.292,3.292,V ugm-3 (GRAV EMFAB),False,False,False,False,3.7397500000000035,1.0287909975632048
2017-07-15,Bournemouth,4.583,4.583,V ugm-3 (GRAV EMFAB),False,False,False,False,4.260500000000004,0.6492562411460391
2017-07-16,Bournemouth,2.542,2.542,V ugm-3 (GRAV EMFAB),False,False,False,False,3.916800000000003,0.9522597859829628
2017-07-17,Bournemouth,4.958,4.958,V ugm-3 (GRAV EMFAB),False,False,False,False,4.0084000000000035,1.0403385506652711
2017-07-18,Bournemouth,7.51,7.51,V ugm-3 (GRAV EMFAB),False,False,False,False,4.592000000000002,1.7056896552421972
2017-07-19,Bournemouth,6.792,6.792,V ugm-3 (GRAV EMFAB),False,False,False,False,4.906285714285716,1.7651939189303745
2017-07-20,Bournemouth,2.792,2.792,V ugm-3 (GRAV EMFAB),False,False,False,False,4.638428571428572,1.9410551990385256
2017-07-21,Bournemouth,4.083,4.083,V ugm-3 (GRAV EMFAB),False,False,False,False,4.7514285714285736,1.871381829659879
2017-07-22,Bournemouth,3.5,3.5,V ugm-3 (GRAV EMFAB),False,False,False,False,4.596714285714287,1.9314316550412658
2017-07-23,Bournemouth,3.75,3.75,V ugm-3 (GRAV EMFAB),False,False,False,False,4.769285714285716,1.7639528257379151
2017-07-24,Bournemouth,5.083,5.083,V ugm-3 (GRAV EMFAB),False,False,False,False,4.78714285714286,1.7668120470282098
2017-07-25,Bournemouth,6.083,6.083,V ugm-3 (GRAV EMFAB),False,False,False,False,4.583285714285716,1.4551139376106523
2017-07-26,Bournemouth,3.125,3.125,V ugm-3 (GRAV EMFAB),False,False,False,False,4.059428571428573,1.1569596445199928
2017-07-27,Bournemouth,6.1,6.1,V ugm-3 (GRAV EMFAB),False,False,False,False,4.532000000000002,1.2264871245418245
2017-07-28,Bournemouth,4.855,4.855,V ugm-3 (GRAV EMFAB),False,False,False,False,4.642285714285715,1.2140298890178847
2017-07-29,Bournemouth,3.083,3.083,V ugm-3 (GRAV EMFAB),False,False,False,False,4.582714285714288,1.2874344920922298
2017-07-30,Bournemouth,2.833,2.833,V ugm-3 (GRAV EMFAB),False,False,False,False,4.451714285714288,1.4255341354835311
2017-07-31,Bournemouth,5.083,5.083,V ugm-3 (GRAV EMFAB),False,False,False,False,4.451714285714288,1.4255341354835311
2017-08-01,Bournemouth,10.0,10.0,V ugm-3 (GRAV EMFAB),False,False,False,False,5.011285714285717,2.5206951894458487
2017-08-02,Bournemouth,8.33,8.33,V ugm-3 (GRAV EMFAB),False,False,False,False,5.754857142857146,2.6365674293527963
2017-08-03,Bournemouth,6.27,6.27,V ugm-3 (GRAV EMFAB),False,False,False,False,5.779142857142859,2.641055560981381
2017-08-04,Bournemouth,26.625,26.625,V ugm-3 (GRAV EMFAB),True,True,False,False,8.88914285714286,8.244615079524575
2017-08-05,Bournemouth,11.708,11.708,V ugm-3 (GRAV EMFAB),False,False,False,False,10.121285714285717,7.868179537739046
2017-08-06,Bournemouth,5.458,5.458,V ugm-3 (GRAV EMFAB),False,False,False,False,10.496285714285717,7.517670798731175
2017-08-07,Bournemouth,3.693,3.693,V ugm-3 (GRAV EMFAB),False,False,False,False,10.297714285714289,7.700619730781116
2017-08-08,Bournemouth,2.375,2.375,V ugm-3 (GRAV EMFAB),False,False,False,False,9.208428571428573,8.268133905889194
2017-08-09,Bournemouth,3.917,3.917,V ugm-3 (GRAV EMFAB),False,False,False,False,8.578000000000003,8.51095106318913
2017-08-10,Bournemouth,7.375,7.375,V ugm-3 (GRAV EMFAB),False,False,False,False,8.735857142857144,8.471163250081066
2017-08-11,Bournemouth,,,,False,False,False,False,5.754333333333335,3.382463697760394
2017-08-12,Bournemouth,,,,False,False,False,False,4.563600000000003,1.9150670484346808
2017-08-13,Bournemouth,4.792,4.792,V ugm-3 (GRAV EMFAB),False,False,False,False,4.430400000000003,1.8596660452888631
2017-08-14,Bournemouth,9.458,9.458,V ugm-3 (GRAV EMFAB),False,False,False,False,5.583400000000003,2.8248623506288433
2017-08-15,Bournemouth,6.958,6.958,V ugm-3 (GRAV EMFAB),False,False,False,False,6.500000000000003,2.197402216254528
2017-08-16,Bournemouth,3.458,3.458,V ugm-3 (GRAV EMFAB),False,False,False,False,6.408200000000003,2.3374154957987914
2017-08-17,Bournemouth,4.542,4.542,V ugm-3 (GRAV EMFAB),False,False,False,False,5.841600000000002,2.387303248437515
2017-08-18,Bournemouth,3.667,3.667,V ugm-3 (GRAV EMFAB),False,False,False,False,5.479166666666669,2.3124707493646093
2017-08-19,Bournemouth,3.75,3.75,V ugm-3 (GRAV EMFAB),False,False,False,False,5.232142857142859,2.2098445215725064
2017-08-20,Bournemouth,2.708,2.708,V ugm-3 (GRAV EMFAB),False,False,False,False,4.934428571428573,2.410311588235256
2017-08-21,Bournemouth,3.875,3.875,V ugm-3 (GRAV EMFAB),False,False,False,False,4.136857142857145,1.3579678970888907
2017-08-22,Bournemouth,3.792,3.792,V ugm-3 (GRAV EMFAB),False,False,False,False,3.684571428571431,0.5465960901017332
2017-08-23,Bournemouth,4.625,4.625,V ugm-3 (GRAV EMFAB),False,False,False,False,3.851285714285716,0.6365426705483199
2017-08-24,Bournemouth,3.417,3.417,V ugm-3 (GRAV EMFAB),False,False,False,False,3.690571428571431,0.5718149051174707
2017-08-25,Bournemouth,6.542,6.542,V ugm-3 (GRAV EMFAB),False,False,False,False,4.101285714285717,1.2186823094756014
2017-08-26,Bournemouth,7.875,7.875,V ugm-3 (GRAV EMFAB),False,False,False,False,4.690571428571431,1.85282818569734
2017-08-27,Bournemouth,12.241,12.241,V ugm-3 (GRAV EMFAB),False,False,False,False,6.052428571428574,3.1805039358118217
2017-08-28,Bournemouth,19.875,19.875,V ugm-3 (GRAV EMFAB),False,False,False,False,8.33814285714286,5.922337501037125
2017-08-29,Bournemouth,4.542,4.542,V ugm-3 (GRAV EMFAB),False,False,False,False,8.445285714285715,5.8324868542296855
2017-08-30,Bournemouth,5.851,5.851,V ugm-3 (GRAV EMFAB),False,False,False,False,8.620428571428572,5.7158905359574375
2017-08-31,Bournemouth,4.274,4.274,V ugm-3 (GRAV EMFAB),False,False,False,False,8.742857142857144,5.593735765079004
2017-09-01,Bournemouth,4.83,4.83,V ugm-3 (GRAV EMFAB),False,False,False,False,8.498285714285716,5.741475586011151
2017-09-02,Bournemouth,20.58,20.58,V ugm-3 (GRAV EMFAB),False,False,False,False,10.313285714285715,7.306469866136593
2017-09-03,Bournemouth,5.68,5.68,V ugm-3 (GRAV EMFAB),False,False,False,False,9.376000000000003,7.4376153660520465
2017-09-04,Bournemouth,23.0,23.0,V ugm-3 (GRAV EMFAB),True,True,False,False,9.822428571428574,8.224941942189083
2017-09-05,Bournemouth,11.042,11.042,V ugm-3 (GRAV EMFAB),False,False,False,False,10.751000000000003,7.889515553357306
2017-09-06,Bournemouth,6.417,6.417,V ugm-3 (GRAV EMFAB),False,False,False,False,10.831857142857144,7.833629691455763
2017-09-07,Bournemouth,4.292,4.292,V ugm-3 (GRAV EMFAB),False,False,False,False,10.834428571428573,7.831120819251511
2017-09-08,Bournemouth,3.333,3.333,V ugm-3 (GRAV EMFAB),False,False,False,False,10.620571428571433,8.04007507960681
2017-09-09,Bournemouth,3.859,3.859,V ugm-3 (GRAV EMFAB),False,False,False,False,8.231857142857146,7.005281137079652
2017-09-10,Bournemouth,6.208,6.208,V ugm-3 (GRAV EMFAB),False,False,False,False,8.307285714285715,6.97600625272766
2017-09-11,Bournemouth,,,,False,False,False,False,5.858500000000002,2.8331190409158964
2017-09-12,Bournemouth,,,,False,False,False,False,4.821800000000003,1.4044937522111869
2017-09-13,Bournemouth,4.958,4.958,V ugm-3 (GRAV EMFAB),False,False,False,False,4.530000000000003,1.1111437800754045
2017-09-14,Bournemouth,2.875,2.875,V ugm-3 (GRAV EMFAB),False,False,False,False,4.246600000000003,1.3434438209319581
2017-09-15,Bournemouth,3.333,3.333,V ugm-3 (GRAV EMFAB),False,False,False,False,4.246600000000003,1.3434438209319581
2017-09-16,Bournemouth,3.833,3.833,V ugm-3 (GRAV EMFAB),False,False,False,False,4.241400000000003,1.3453680908956698
2017-09-17,Bournemouth,5.417,5.417,V ugm-3 (GRAV EMFAB),False,False,False,False,4.083200000000003,1.0758072318032903
2017-09-18,Bournemouth,6.292,6.292,V ugm-3 (GRAV EMFAB),False,False,False,False,4.451333333333335,1.318719783224197
2017-09-19,Bournemouth,6.375,6.375,V ugm-3 (GRAV EMFAB),False,False,False,False,4.726142857142859,1.4063523063315186
2017-09-20,Bournemouth,4.689,4.689,V ugm-3 (GRAV EMFAB),False,False,False,False,4.6877142857142875,1.4026311839166454
2017-09-21,Bournemouth,4.833,4.833,V ugm-3 (GRAV EMFAB),False,False,False,False,4.967428571428575,1.1541042496446288
2017-09-22,Bournemouth,4.0,4.0,V ugm-3 (GRAV EMFAB),False,False,False,False,5.0627142857142875,1.0159351544736557
2017-09-23,Bournemouth,4.583,4.583,V ugm-3 (GRAV EMFAB),False,False,False,False,5.169857142857145,0.8972473513608064
2017-09-24,Bournemouth,8.833,8.833,V ugm-3 (GRAV EMFAB),False,False,False,False,5.657857142857146,1.6593595580395812
2017-09-25,Bournemouth,10.167,10.167,V ugm-3 (GRAV EMFAB),False,False,False,False,6.211428571428573,2.3911638628600485
2017-09-26,Bournemouth,35.228,35.228,V ugm-3 (GRAV EMFAB),True,True,False,False,10.333285714285717,11.234713358074401
2017-09-27,Bournemouth,21.875,21.875,V ugm-3 (GRAV EMFAB),True,True,False,False,12.788428571428573,11.665274876846285
2017-09-28,Bournemouth,4.792,4.792,V ugm-3 (GRAV EMFAB),False,False,False,False,12.78257142857143,11.669944399426866
2017-09-29,Bournemouth,6.929,6.929,V ugm-3 (GRAV EMFAB),False,False,False,False,13.201000000000002,11.35070316470894
2017-09-30,Bournemouth,4.667,4.667,V ugm-3 (GRAV EMFAB),False,False,False,False,13.213000000000003,11.340113153462514
2017-10-01,Bournemouth,4.25,4.25,V ugm-3 (GRAV EMFAB),False,False,False,False,12.558285714285716,11.75967269547763
2017-10-02,Bournemouth,29.54,29.54,V ugm-3 (GRAV EMFAB),True,True,False,False,15.325857142857144,13.283972942717751
2017-10-03,Bournemouth,4.1,4.1,V ugm-3 (GRAV EMFAB),False,False,False,False,10.879000000000001,10.410623036110765
2017-10-04,Bournemouth,6.083,6.083,V ugm-3 (GRAV EMFAB),False,False,False,False,8.623000000000001,9.280349131363547
2017-10-05,Bournemouth,13.958,13.958,V ugm-3 (GRAV EMFAB),False,False,False,False,9.932428571428574,9.296349836667854
2017-10-06,Bournemouth,6.266,6.266,V ugm-3 (GRAV EMFAB),False,False,False,False,9.837714285714286,9.335345391115892
2017-10-07,Bournemouth,3.75,3.75,V ugm-3 (GRAV EMFAB),False,False,False,False,9.706714285714286,9.425991490099527
2017-10-08,Bournemouth,3.0,3.0,V ugm-3 (GRAV EMFAB),False,False,False,False,9.528142857142859,9.557518548740774
2017-10-09,Bournemouth,4.375,4.375,V ugm-3 (GRAV EMFAB),False,False,False,False,5.933142857142859,3.7347299067255997
2017-10-10,Bournemouth,4.042,4.042,V ugm-3 (GRAV EMFAB),False,False,False,False,5.924857142857144,3.7395359083078663
2017-10-11,Bournemouth,,,,False,False,False,False,5.898500000000002,4.095744022763161
2017-10-12,Bournemouth,,,,False,False,False,False,4.286600000000003,1.2174714781054166
2017-10-13,Bournemouth,4.417,4.417,V ugm-3 (GRAV EMFAB),False,False,False,False,3.916800000000003,0.579691038399065
2017-10-14,Bournemouth,4.583,4.583,V ugm-3 (GRAV EMFAB),False,False,False,False,4.083400000000003,0.636668909245761
2017-10-15,Bournemouth,15.333,15.333,V ugm-3 (GRAV EMFAB),False,False,False,False,6.5500000000000025,4.913770344653909
2017-10-16,Bournemouth,9.958,9.958,V ugm-3 (GRAV EMFAB),False,False,False,False,7.6666000000000025,4.930274262148122
2017-10-17,Bournemouth,6.1,6.1,V ugm-3 (GRAV EMFAB),False,False,False,False,8.078200000000002,4.628710803236707
2017-10-18,Bournemouth,14.458,14.458,V ugm-3 (GRAV EMFAB),False,False,False,False,9.141500000000002,4.891176985143778
2017-10-19,Bournemouth,8.091,8.091,V ugm-3 (GRAV EMFAB),False,False,False,False,8.991428571428573,4.482632443001296
2017-10-20,Bournemouth,3.917,3.917,V ugm-3 (GRAV EMFAB),False,False,False,False,8.920000000000002,4.570789063899888
2017-10-21,Bournemouth,6.833,6.833,V ugm-3 (GRAV EMFAB),False,False,False,False,9.241428571428573,4.285157751166356
2017-10-22,Bournemouth,3.375,3.375,V ugm-3 (GRAV EMFAB),False,False,False,False,7.533142857142859,3.8091014438478727
2017-10-23,Bournemouth,2.042,2.042,V ugm-3 (GRAV EMFAB),False,False,False,False,6.402285714285717,4.130705658612748
2017-10-24,Bournemouth,3.583,3.583,V ugm-3 (GRAV EMFAB),False,False,False,False,6.042714285714288,4.268651805675344
2017-10-25,Bournemouth,4.292,4.292,V ugm-3 (GRAV EMFAB),False,False,False,False,4.590428571428574,2.11393628547498
2017-10-26,Bournemouth,7.182,7.182,V ugm-3 (GRAV EMFAB),False,False,False,False,4.460571428571431,1.8777895566457268
2017-10-27,Bournemouth,10.596,10.596,V ugm-3 (GRAV EMFAB),False,False,False,False,5.414714285714289,2.947650347552896
2017-10-28,Bournemouth,4.724,4.724,V ugm-3 (GRAV EMFAB),False,False,False,False,5.113428571428573,2.8856540481690494
2017-10-29,Bournemouth,7.057,7.057,V ugm-3 (GRAV EMFAB),False,False,False,False,5.6394285714285735,2.8513330132380346
2017-10-30,Bournemouth,13.974,13.974,V ugm-3 (GRAV EMFAB),False,False,False,False,7.344000000000002,3.763093629803383
2017-10-31,Bournemouth,,,,False,False,False,False,7.970833333333336,3.7003405473911215
2017-11-01,Bournemouth,6.85,6.85,V ugm-3 (GRAV EMFAB),False,False,False,False,8.397166666666669,3.319472633818032
2017-11-02,Bournemouth,22.88,22.88,V ugm-3 (GRAV EMFAB),True,True,False,False,11.013500000000002,6.667820086055123
2017-11-03,Bournemouth,15.27,15.27,V ugm-3 (GRAV EMFAB),False,False,False,False,11.792500000000002,6.8789761374786105
2017-11-04,Bournemouth,6.083,6.083,V ugm-3 (GRAV EMFAB),False,False,False,False,12.019,6.617075607849751
2017-11-05,Bournemouth,14.667,14.667,V ugm-3 (GRAV EMFAB),False,False,False,False,13.287333333333335,6.191395502361872
2017-11-06,Bournemouth,7.583,7.583,V ugm-3 (GRAV EMFAB),False,False,False,False,12.222166666666668,6.586764286557309
2017-11-07,Bournemouth,2.75,2.75,V ugm-3 (GRAV EMFAB),False,False,False,False,10.869000000000002,6.997997808897447
2017-11-08,Bournemouth,3.5,3.5,V ugm-3 (GRAV EMFAB),False,False,False,False,10.390428571428572,7.420449511477123
2017-11-09,Bournemouth,5.062,5.062,V ugm-3 (GRAV EMFAB),False,False,False,False,7.8450000000000015,5.122283605320331
2017-11-10,Bournemouth,4.542,4.542,V ugm-3 (GRAV EMFAB),False,False,False,False,6.3124285714285735,4.0158953695343875
2017-11-11,Bournemouth,,,,False,False,False,False,6.350666666666669,4.397796796882139
2017-11-12,Bournemouth,,,,False,False,False,False,4.687400000000003,1.851310562817643
2017-11-13,Bournemouth,,,,False,False,False,False,3.963500000000004,1.0374293550246714
2017-11-14,Bournemouth,,,,False,False,False,False,4.368000000000005,0.7954042997120137
2017-11-15,Bournemouth,,,,False,False,False,False,4.802000000000008,0.36769552621798207
2017-11-16,Bournemouth,,,,False,False,False,False,4.542,
2017-11-17,Bournemouth,,,,False,False,False,False,,
2017-11-18,Bournemouth,,,,False,False,False,False,,
2017-11-19,Bournemouth,,,,False,False,False,False,,
2017-11-20,Bournemouth,,,,False,False,False,False,,
2017-11-21,Bournemouth,,,,False,False,False,False,,
2017-11-22,Bournemouth,,,,False,False,False,False,,
2017-11-23,Bournemouth,,,,False,False,False,False,,
2017-11-24,Bournemouth,,,,False,False,False,False,,
2017-11-25,Bournemouth,,,,False,False,False,False,,
2017-11-26,Bournemouth,,,,False,False,False,False,,
2017-11-27,Bournemouth,,,,False,False,False,False,,
2017-11-28,Bournemouth,,,,False,False,False,False,,
2017-11-29,Bournemouth,,,,False,False,False,False,,
2017-11-30,Bournemouth,,,,False,False,False,False,,
2017-12-01,Bournemouth,2.5,2.5,V ugm-3 (GRAV EMFAB),False,False,False,False,2.5,
2017-12-02,Bournemouth,31.5,31.5,V ugm-3 (GRAV EMFAB),True,True,False,False,17.000000000000007,20.506096654409877
2017-12-03,Bournemouth,9.81,9.81,V ugm-3 (GRAV EMFAB),False,False,False,False,14.603333333333339,15.082507528038345
2017-12-04,Bournemouth,4.833,4.833,V ugm-3 (GRAV EMFAB),False,False,False,False,12.160750000000004,13.24837885365602
2017-12-05,Bournemouth,5.792,5.792,V ugm-3 (GRAV EMFAB),False,False,False,False,10.887000000000004,11.821668748531232
2017-12-06,Bournemouth,3.833,3.833,V ugm-3 (GRAV EMFAB),False,False,False,False,9.711333333333336,10.95876974238745
2017-12-07,Bournemouth,2.375,2.375,V ugm-3 (GRAV EMFAB),False,False,False,False,8.663285714285717,10.381121739553418
2017-12-08,Bournemouth,1.867,1.867,V ugm-3 (GRAV EMFAB),False,False,False,False,8.572857142857144,10.446309546574673
2017-12-09,Bournemouth,3.983,3.983,V ugm-3 (GRAV EMFAB),False,False,False,False,4.641857142857146,2.645621567078421
2017-12-10,Bournemouth,5.292,5.292,V ugm-3 (GRAV EMFAB),False,False,False,False,3.996428571428573,1.4601837620818887
2017-12-11,Bournemouth,,,,False,False,False,False,3.8570000000000024,1.5476644339132428
2017-12-12,Bournemouth,,,,False,False,False,False,3.4700000000000033,1.3677770286124837
2017-12-13,Bournemouth,,,,False,False,False,False,3.3792500000000034,1.5618946560721243
2017-12-14,Bournemouth,,,,False,False,False,False,3.7140000000000044,1.7282728372568938
2017-12-15,Bournemouth,,,,False,False,False,False,4.637500000000006,0.9256027765731977
2017-12-16,Bournemouth,,,,False,False,False,False,5.292,
2017-12-17,Bournemouth,,,,False,False,False,False,,
2017-12-18,Bournemouth,,,,False,False,False,False,,
2017-12-19,Bournemouth,,,,False,False,False,False,,
2017-12-20,Bournemouth,,,,False,False,False,False,,
2017-12-21,Bournemouth,,,,False,False,False,False,,
2017-12-22,Bournemouth,,,,False,False,False,False,,
2017-12-23,Bournemouth,,,,False,False,False,False,,
2017-12-24,Bournemouth,,,,False,False,False,False,,
2017-12-25,Bournemouth,,,,False,False,False,False,,
2017-12-26,Bournemouth,,,,False,False,False,False,,
2017-12-27,Bournemouth,,,,False,False,False,False,,
2017-12-28,Bournemouth,,,,False,False,False,False,,
2017-12-29,Bournemouth,,,,False,False,False,False,,
2017-12-30,Bournemouth,,,,False,False,False,False,,
2016-01-01,Brighton Preston Park,8.858,8.858,V ugm-3 (GRAV EMFAB),False,False,False,False,8.858,
2016-01-02,Brighton Preston Park,,,V ugm-3 (GRAV EMFAB),False,False,False,False,8.858,
2016-01-03,Brighton Preston Park,,,V ugm-3 (GRAV EMFAB),False,False,False,False,8.858,
2016-01-04,Brighton Preston Park,7.25,7.25,V ugm-3 (GRAV EMFAB),False,False,False,False,8.054,1.1370277041479688
2016-01-05,Brighton Preston Park,3.917,3.917,V ugm-3 (GRAV EMFAB),False,False,False,False,6.675,2.5201863026371685
2016-01-06,Brighton Preston Park,4.083,4.083,V ugm-3 (GRAV EMFAB),False,False,False,False,6.027,2.431839221659195
2016-01-07,Brighton Preston Park,4.375,4.375,V ugm-3 (GRAV EMFAB),False,False,False,False,5.6966,2.2318607259414733
2016-01-08,Brighton Preston Park,3.277,3.277,V ugm-3 (GRAV EMFAB),False,False,False,False,4.5804,1.5455833203033733
2016-01-09,Brighton Preston Park,4.833,4.833,V ugm-3 (GRAV EMFAB),False,False,False,False,4.6225,1.3862527547312573
2016-01-10,Brighton Preston Park,4.347,4.347,V ugm-3 (GRAV EMFAB),False,False,False,False,4.583142857142858,1.2697467501528836
2016-01-11,Brighton Preston Park,17.75,17.75,V ugm-3 (GRAV EMFAB),False,False,False,False,6.083142857142858,5.166842053858798
2016-01-12,Brighton Preston Park,23.042,23.042,V ugm-3 (GRAV EMFAB),False,False,False,False,8.815285714285714,8.070893893373599
2016-01-13,Brighton Preston Park,4.458,4.458,V ugm-3 (GRAV EMFAB),False,False,False,False,8.868857142857143,8.035414227625344
2016-01-14,Brighton Preston Park,1.75,1.75,V ugm-3 (GRAV EMFAB),False,False,False,False,8.493857142857143,8.33572923081861
2016-01-15,Brighton Preston Park,6.25,6.25,V ugm-3 (GRAV EMFAB),False,False,False,False,8.918571428571429,8.097972088886264
2016-01-16,Brighton Preston Park,16.0,16.0,V ugm-3 (GRAV EMFAB),False,False,False,False,10.513857142857145,8.257351198146038
2016-01-17,Brighton Preston Park,5.458,5.458,V ugm-3 (GRAV EMFAB),False,False,False,False,10.672571428571429,8.12873837806628
2016-01-18,Brighton Preston Park,5.083,5.083,V ugm-3 (GRAV EMFAB),False,False,False,False,8.863,7.688625776647823
2016-01-19,Brighton Preston Park,24.792,24.792,V ugm-3 (GRAV EMFAB),False,False,False,False,9.113,8.23550542873154
2016-01-20,Brighton Preston Park,33.875,33.875,V ugm-3 (GRAV EMFAB),True,True,False,False,13.315428571428571,12.074809009630242
2016-01-21,Brighton Preston Park,,,V ugm-3 (GRAV EMFAB),False,False,False,False,15.243,11.989610068722005
2016-01-22,Brighton Preston Park,,,V ugm-3 (GRAV EMFAB),False,False,False,False,17.0416,12.467005346112598
2016-01-23,Brighton Preston Park,,,V ugm-3 (GRAV EMFAB),False,False,False,False,17.302,14.379948145479064
2016-01-24,Brighton Preston Park,,,V ugm-3 (GRAV EMFAB),False,False,False,False,21.25,14.719175894050597
2016-01-25,Brighton Preston Park,,,V ugm-3 (GRAV EMFAB),False,False,False,False,29.3335,6.422650893517439
2016-01-26,Brighton Preston Park,,,V ugm-3 (GRAV EMFAB),False,False,False,False,33.875,
2016-01-27,Brighton Preston Park,,,V ugm-3 (GRAV EMFAB),False,False,False,False,,
2016-01-28,Brighton Preston Park,,,V ugm-3 (GRAV EMFAB),False,False,False,False,,
2016-01-29,Brighton Preston Park,,,V ugm-3 (GRAV EMFAB),False,False,False,False,,
2016-01-30,Brighton Preston Park,,,V ugm-3 (GRAV EMFAB),False,False,False,False,,
2016-01-31,Brighton Preston Park,,,V ugm-3 (GRAV EMFAB),False,False,False,False,,
2016-02-01,Brighton Preston Park,7.025,7.025,V ugm-3 (GRAV EMFAB),False,False,False,False,7.025,
2016-02-02,Brighton Preston Park,,,V ugm-3 (GRAV EMFAB),False,False,False,False,7.025,
2016-02-03,Brighton Preston Park,,,V ugm-3 (GRAV EMFAB),False,False,False,False,7.025,
2016-02-04,Brighton Preston Park,18.0,18.0,V ugm-3 (GRAV EMFAB),False,False,False,False,12.5125,7.76049692352236
2016-02-05,Brighton Preston Park,4.417,4.417,V ugm-3 (GRAV EMFAB),False,False,False,False,9.814,7.208214966272857
2016-02-06,Brighton Preston Park,4.25,4.25,V ugm-3 (GRAV EMFAB),False,False,False,False,8.423,6.5098719393446345
2016-02-07,Brighton Preston Park,4.708,4.708,V ugm-3 (GRAV EMFAB),False,False,False,False,7.68,5.877420309965929
2016-02-08,Brighton Preston Park,4.958,4.958,V ugm-3 (GRAV EMFAB),False,False,False,False,7.2665999999999995,6.006289187177054
2016-02-09,Brighton Preston Park,4.625,4.625,V ugm-3 (GRAV EMFAB),False,False,False,False,6.826333333333333,5.479362761003022
2016-02-10,Brighton Preston Park,7.139,7.139,V ugm-3 (GRAV EMFAB),False,False,False,False,6.871,5.003346813217462
2016-02-11,Brighton Preston Park,12.0,12.0,V ugm-3 (GRAV EMFAB),False,False,False,False,6.013857142857143,2.813953886649615
2016-02-12,Brighton Preston Park,24.375,24.375,V ugm-3 (GRAV EMFAB),False,False,False,False,8.865,7.361935026427042
2016-02-13,Brighton Preston Park,,,V ugm-3 (GRAV EMFAB),False,False,False,False,9.634166666666667,7.750362505500414
2016-02-14,Brighton Preston Park,,,V ugm-3 (GRAV EMFAB),False,False,False,False,10.6194,8.23437995844253
2016-02-15,Brighton Preston Park,,,V ugm-3 (GRAV EMFAB),False,False,False,False,12.03475,8.777921939920251
2016-02-16,Brighton Preston Park,,,V ugm-3 (GRAV EMFAB),False,False,False,False,14.504666666666667,8.88678458911508
2016-02-17,Brighton Preston Park,,,V ugm-3 (GRAV EMFAB),False,False,False,False,18.1875,8.75044641718352
2016-02-18,Brighton Preston Park,,,V ugm-3 (GRAV EMFAB),False,False,False,False,24.375,
2016-02-19,Brighton Preston Park,,,V ugm-3 (GRAV EMFAB),False,False,False,False,,
2016-02-20,Brighton Preston Park,,,V ugm-3 (GRAV EMFAB),False,False,False,False,,
2016-02-21,Brighton Preston Park,,,V ugm-3 (GRAV EMFAB),False,False,False,False,,
2016-02-22,Brighton Preston Park,,,V ugm-3 (GRAV EMFAB),False,False,False,False,,
2016-02-23,Brighton Preston Park,,,V ugm-3 (GRAV EMFAB),False,False,False,False,,
2016-02-24,Brighton Preston Park,,,V ugm-3 (GRAV EMFAB),False,False,False,False,,
2016-02-25,Brighton Preston Park,,,V ugm-3 (GRAV EMFAB),False,False,False,False,,
2016-02-26,Brighton Preston Park,,,V ugm-3 (GRAV EMFAB),False,False,False,False,,
2016-02-27,Brighton Preston Park,,,V ugm-3 (GRAV EMFAB),False,False,False,False,,
2016-02-28,Brighton Preston Park,,,V ugm-3 (GRAV EMFAB),False,False,False,False,,
2016-02-29,Brighton Preston Park,,,V ugm-3 (GRAV EMFAB),False,False,False,False,,
2016-03-01,Brighton Preston Park,8.317,8.317,V ugm-3 (GRAV EMFAB),False,False,False,False,8.317,
2016-03-02,Brighton Preston Park,,,V ugm-3 (GRAV EMFAB),False,False,False,False,8.317,
2016-03-03,Brighton Preston Park,6.101,6.101,V ugm-3 (GRAV EMFAB),False,False,False,False,7.209,1.566948627109389
2016-03-04,Brighton Preston Park,12.042,12.042,V ugm-3 (GRAV EMFAB),False,False,False,False,8.82,3.0022703076172204
2016-03-05,Brighton Preston Park,6.25,6.25,V ugm-3 (GRAV EMFAB),False,False,False,False,8.1775,2.767726443611555
2016-03-06,Brighton Preston Park,4.917,4.917,V ugm-3 (GRAV EMFAB),False,False,False,False,7.5254,2.805602306101134
2016-03-07,Brighton Preston Park,3.583,3.583,V ugm-3 (GRAV EMFAB),False,False,False,False,6.868333333333333,2.98119826020791
2016-03-08,Brighton Preston Park,5.792,5.792,V ugm-3 (GRAV EMFAB),False,False,False,False,6.447500000000001,2.9132445657719845
2016-03-09,Brighton Preston Park,6.292,6.292,V ugm-3 (GRAV EMFAB),False,False,False,False,6.425285714285715,2.66006564544848
2016-03-10,Brighton Preston Park,6.347,6.347,V ugm-3 (GRAV EMFAB),False,False,False,False,6.460428571428571,2.6566902251449926
2016-03-11,Brighton Preston Park,10.75,10.75,V ugm-3 (GRAV EMFAB),False,False,False,False,6.275857142857142,2.2119386239655197
2016-03-12,Brighton Preston Park,8.458,8.458,V ugm-3 (GRAV EMFAB),False,False,False,False,6.591285714285715,2.3601076044879616
2016-03-13,Brighton Preston Park,31.917,31.917,V ugm-3 (GRAV EMFAB),True,True,False,False,10.448428571428574,9.728535019161294
2016-03-14,Brighton Preston Park,19.583,19.583,V ugm-3 (GRAV EMFAB),False,False,False,False,12.734142857142858,9.726263575641838
2016-03-15,Brighton Preston Park,15.833,15.833,V ugm-3 (GRAV EMFAB),False,False,False,False,14.168571428571429,9.261098654355987
2016-03-16,Brighton Preston Park,12.708,12.708,V ugm-3 (GRAV EMFAB),False,False,False,False,15.085142857142857,8.64889066930111
2016-03-17,Brighton Preston Park,27.083,27.083,V ugm-3 (GRAV EMFAB),False,False,False,False,18.047428571428572,8.708112479313812
2016-03-18,Brighton Preston Park,13.292,13.292,V ugm-3 (GRAV EMFAB),False,False,False,False,18.410571428571426,8.400653404292289
2016-03-19,Brighton Preston Park,4.292,4.292,V ugm-3 (GRAV EMFAB),False,False,False,False,17.815428571428573,9.320469245289154
2016-03-20,Brighton Preston Park,8.375,8.375,V ugm-3 (GRAV EMFAB),False,False,False,False,14.452285714285713,7.442212343881927
2016-03-21,Brighton Preston Park,10.917,10.917,V ugm-3 (GRAV EMFAB),False,False,False,False,13.214285714285714,7.161990591874244
2016-03-22,Brighton Preston Park,21.667,21.667,V ugm-3 (GRAV EMFAB),False,False,False,False,14.047714285714287,7.826164955120857
2016-03-23,Brighton Preston Park,16.625,16.625,V ugm-3 (GRAV EMFAB),False,False,False,False,14.607285714285714,7.854392331986088
2016-03-24,Brighton Preston Park,12.583,12.583,V ugm-3 (GRAV EMFAB),False,False,False,False,12.535857142857143,5.6060598887445385
2016-03-25,Brighton Preston Park,6.375,6.375,V ugm-3 (GRAV EMFAB),False,False,False,False,11.547714285714287,6.043134802244212
2016-03-26,Brighton Preston Park,7.958,7.958,V ugm-3 (GRAV EMFAB),False,False,False,False,12.071428571428571,5.438100031479828
2016-03-27,Brighton Preston Park,6.458,6.458,V ugm-3 (GRAV EMFAB),False,False,False,False,11.797571428571429,5.69736201696723
2016-03-28,Brighton Preston Park,7.208,7.208,V ugm-3 (GRAV EMFAB),False,False,False,False,11.267714285714288,5.959350124364389
2016-03-29,Brighton Preston Park,4.292,4.292,V ugm-3 (GRAV EMFAB),False,False,False,False,8.785571428571428,4.290907784962007
2016-03-30,Brighton Preston Park,6.864,6.864,V ugm-3 (GRAV EMFAB),False,False,False,False,7.3911428571428575,2.5526495012418775
2016-03-31,Brighton Preston Park,5.417,5.417,V ugm-3 (GRAV EMFAB),False,False,False,False,6.367428571428571,1.2043006071495923
2016-04-01,Brighton Preston Park,4.65,4.65,V ugm-3 (GRAV EMFAB),False,False,False,False,6.121,1.3678726792602407
2016-04-02,Brighton Preston Park,,,V ugm-3 (GRAV EMFAB),False,False,False,False,5.814833333333333,1.2074317233974647
2016-04-03,Brighton Preston Park,,,V ugm-3 (GRAV EMFAB),False,False,False,False,5.6861999999999995,1.3031750458015534
2016-04-04,Brighton Preston Park,4.083,4.083,V ugm-3 (GRAV EMFAB),False,False,False,False,5.0612,1.1285289982981719
2016-04-05,Brighton Preston Park,6.5,6.5,V ugm-3 (GRAV EMFAB),False,False,False,False,5.502800000000001,1.1829766269879887
2016-04-06,Brighton Preston Park,12.25,12.25,V ugm-3 (GRAV EMFAB),False,False,False,False,6.580000000000001,3.2965048915479995
2016-04-07,Brighton Preston Park,1.917,1.917,V ugm-3 (GRAV EMFAB),False,False,False,False,5.880000000000001,3.918187655026222
2016-04-08,Brighton Preston Park,6.958,6.958,V ugm-3 (GRAV EMFAB),False,False,False,False,6.341600000000001,3.872744156279871
2016-04-09,Brighton Preston Park,3.833,3.833,V ugm-3 (GRAV EMFAB),False,False,False,False,5.923500000000001,3.612113439525385
2016-04-10,Brighton Preston Park,12.431,12.431,V ugm-3 (GRAV EMFAB),False,False,False,False,6.853142857142857,4.113691020181721
2016-04-11,Brighton Preston Park,8.375,8.375,V ugm-3 (GRAV EMFAB),False,False,False,False,7.466285714285715,3.948532880040615
2016-04-12,Brighton Preston Park,13.333,13.333,V ugm-3 (GRAV EMFAB),False,False,False,False,8.442428571428572,4.478841288292567
2016-04-13,Brighton Preston Park,9.833,9.833,V ugm-3 (GRAV EMFAB),False,False,False,False,8.097142857142856,4.222196285843472
2016-04-14,Brighton Preston Park,11.292,11.292,V ugm-3 (GRAV EMFAB),False,False,False,False,9.436428571428573,3.3271306886035537
2016-04-15,Brighton Preston Park,5.0,5.0,V ugm-3 (GRAV EMFAB),False,False,False,False,9.156714285714287,3.6380031479867965
2016-04-16,Brighton Preston Park,6.958,6.958,V ugm-3 (GRAV EMFAB),False,False,False,False,9.603142857142856,3.0140704165945453
2016-04-17,Brighton Preston Park,6.417,6.417,V ugm-3 (GRAV EMFAB),False,False,False,False,8.744,2.9296065719933457
2016-04-18,Brighton Preston Park,5.792,5.792,V ugm-3 (GRAV EMFAB),False,False,False,False,8.375,3.1390174683595826
2016-04-19,Brighton Preston Park,6.417,6.417,V ugm-3 (GRAV EMFAB),False,False,False,False,7.3870000000000005,2.292726760867926
2016-04-20,Brighton Preston Park,8.458,8.458,V ugm-3 (GRAV EMFAB),False,False,False,False,7.190571428571429,2.0989525845956796
2016-04-21,Brighton Preston Park,13.583,13.583,V ugm-3 (GRAV EMFAB),False,False,False,False,7.517857142857143,2.8788084009749144
2016-04-22,Brighton Preston Park,7.125,7.125,V ugm-3 (GRAV EMFAB),False,False,False,False,7.821428571428571,2.6737885018043004
2016-04-23,Brighton Preston Park,6.333,6.333,V ugm-3 (GRAV EMFAB),False,False,False,False,7.732142857142857,2.717504273444737
2016-04-24,Brighton Preston Park,5.292,5.292,V ugm-3 (GRAV EMFAB),False,False,False,False,7.571428571428571,2.838804610931783
2016-04-25,Brighton Preston Park,4.333,4.333,V ugm-3 (GRAV EMFAB),False,False,False,False,7.3629999999999995,3.037812425633496
2016-04-26,Brighton Preston Park,3.167,3.167,V ugm-3 (GRAV EMFAB),False,False,False,False,6.898714285714285,3.429586890296726
2016-04-27,Brighton Preston Park,4.542,4.542,V ugm-3 (GRAV EMFAB),False,False,False,False,6.339285714285714,3.452158875944419
2016-04-28,Brighton Preston Park,3.583,3.583,V ugm-3 (GRAV EMFAB),False,False,False,False,4.910714285714286,1.4343642859336077
2016-04-29,Brighton Preston Park,3.5,3.5,V ugm-3 (GRAV EMFAB),False,False,False,False,4.392857142857143,1.122068540475015
2016-04-30,Brighton Preston Park,4.333,4.333,V ugm-3 (GRAV EMFAB),False,False,False,False,4.107142857142857,0.7328286358513348
2016-05-01,Brighton Preston Park,8.358,8.358,V ugm-3 (GRAV EMFAB),False,False,False,False,4.545142857142857,1.7580869743911225
2016-05-02,Brighton Preston Park,,,V ugm-3 (GRAV EMFAB),False,False,False,False,4.5805,1.9231595617628576
2016-05-03,Brighton Preston Park,,,V ugm-3 (GRAV EMFAB),False,False,False,False,4.863200000000001,2.0059371126732475
2016-05-04,Brighton Preston Park,5.208,5.208,V ugm-3 (GRAV EMFAB),False,False,False,False,4.9963999999999995,2.001383346588026
2016-05-05,Brighton Preston Park,8.792,8.792,V ugm-3 (GRAV EMFAB),False,False,False,False,6.038200000000001,2.398139111894866
2016-05-06,Brighton Preston Park,13.125,13.125,V ugm-3 (GRAV EMFAB),False,False,False,False,7.9632000000000005,3.4733425831610556
2016-05-07,Brighton Preston Park,4.619,4.619,V ugm-3 (GRAV EMFAB),False,False,False,False,8.0204,3.400198420680757
2016-05-08,Brighton Preston Park,7.542,7.542,V ugm-3 (GRAV EMFAB),False,False,False,False,7.857200000000001,3.399526393484821
2016-05-09,Brighton Preston Park,4.458,4.458,V ugm-3 (GRAV EMFAB),False,False,False,False,7.290666666666667,3.3423320999964368
2016-05-10,Brighton Preston Park,5.833,5.833,V ugm-3 (GRAV EMFAB),False,False,False,False,7.082428571428571,3.100461517104761
2016-05-11,Brighton Preston Park,14.625,14.625,V ugm-3 (GRAV EMFAB),False,False,False,False,8.427714285714286,4.049393276129382
2016-05-12,Brighton Preston Park,30.5,30.5,V ugm-3 (GRAV EMFAB),True,True,False,False,11.528857142857143,9.292640446944583
2016-05-13,Brighton Preston Park,12.125,12.125,V ugm-3 (GRAV EMFAB),False,False,False,False,11.386,9.271676008144372
2016-05-14,Brighton Preston Park,7.208,7.208,V ugm-3 (GRAV EMFAB),False,False,False,False,11.755857142857142,9.004533033026037
2016-05-15,Brighton Preston Park,9.417,9.417,V ugm-3 (GRAV EMFAB),False,False,False,False,12.023714285714286,8.885391751151355
2016-05-16,Brighton Preston Park,12.5,12.5,V ugm-3 (GRAV EMFAB),False,False,False,False,13.172571428571429,8.24063939382422
2016-05-17,Brighton Preston Park,9.542,9.542,V ugm-3 (GRAV EMFAB),False,False,False,False,13.702428571428571,7.797385520312622
2016-05-18,Brighton Preston Park,5.25,5.25,V ugm-3 (GRAV EMFAB),False,False,False,False,12.363142857142858,8.39475960403416
2016-05-19,Brighton Preston Park,6.5,6.5,V ugm-3 (GRAV EMFAB),False,False,False,False,8.934571428571429,2.768184595069643
2016-05-20,Brighton Preston Park,8.917,8.917,V ugm-3 (GRAV EMFAB),False,False,False,False,8.476285714285714,2.3919437503339895
2016-05-21,Brighton Preston Park,8.167,8.167,V ugm-3 (GRAV EMFAB),False,False,False,False,8.613285714285714,2.3339557061125142
2016-05-22,Brighton Preston Park,3.708,3.708,V ugm-3 (GRAV EMFAB),False,False,False,False,7.797714285714286,2.9281356249489465
2016-05-23,Brighton Preston Park,4.0,4.0,V ugm-3 (GRAV EMFAB),False,False,False,False,6.583428571428572,2.360564329218938
2016-05-24,Brighton Preston Park,5.708,5.708,V ugm-3 (GRAV EMFAB),False,False,False,False,6.035714285714286,1.9725988538208004
2016-05-25,Brighton Preston Park,3.458,3.458,V ugm-3 (GRAV EMFAB),False,False,False,False,5.779714285714285,2.195274828222759
2016-05-26,Brighton Preston Park,6.375,6.375,V ugm-3 (GRAV EMFAB),False,False,False,False,5.761857142857143,2.188938512047267
2016-05-27,Brighton Preston Park,14.667,14.667,V ugm-3 (GRAV EMFAB),False,False,False,False,6.583285714285714,3.9448730319359
2016-05-28,Brighton Preston Park,14.25,14.25,V ugm-3 (GRAV EMFAB),False,False,False,False,7.452285714285714,4.905037706762489
2016-05-29,Brighton Preston Park,9.458,9.458,V ugm-3 (GRAV EMFAB),False,False,False,False,8.273714285714286,4.648232090959798
2016-05-30,Brighton Preston Park,4.167,4.167,V ugm-3 (GRAV EMFAB),False,False,False,False,8.297571428571429,4.623001436914573
2016-05-31,Brighton Preston Park,2.958,2.958,V ugm-3 (GRAV EMFAB),False,False,False,False,7.904714285714285,4.9825970374991355
2016-06-01,Brighton Preston Park,13.681,13.681,V ugm-3 (GRAV EMFAB),False,False,False,False,9.365142857142857,4.960172827250116
2016-06-02,Brighton Preston Park,,,V ugm-3 (GRAV EMFAB),False,False,False,False,9.8635,5.238106022218329
2016-06-03,Brighton Preston Park,,,V ugm-3 (GRAV EMFAB),False,False,False,False,8.9028,5.232122867441082
2016-06-04,Brighton Preston Park,4.125,4.125,V ugm-3 (GRAV EMFAB),False,False,False,False,6.877800000000001,4.561582477605755
2016-06-05,Brighton Preston Park,8.667,8.667,V ugm-3 (GRAV EMFAB),False,False,False,False,6.7196,4.462365045578394
2016-06-06,Brighton Preston Park,8.167,8.167,V ugm-3 (GRAV EMFAB),False,False,False,False,7.5196,4.243524690631583
2016-06-07,Brighton Preston Park,5.292,5.292,V ugm-3 (GRAV EMFAB),False,False,False,False,7.986400000000001,3.711283578494087
2016-06-08,Brighton Preston Park,7.792,7.792,V ugm-3 (GRAV EMFAB),False,False,False,False,6.8086,1.985432018478562
2016-06-09,Brighton Preston Park,5.042,5.042,V ugm-3 (GRAV EMFAB),False,False,False,False,6.514166666666667,1.9166893766770212
2016-06-10,Brighton Preston Park,5.167,5.167,V ugm-3 (GRAV EMFAB),False,False,False,False,6.321714285714286,1.8222734623070356
2016-06-11,Brighton Preston Park,12.5,12.5,V ugm-3 (GRAV EMFAB),False,False,False,False,7.518142857142857,2.6848232361784503
2016-06-12,Brighton Preston Park,28.042,28.042,V ugm-3 (GRAV EMFAB),True,True,False,False,10.286000000000001,8.26167115862967
2016-06-13,Brighton Preston Park,6.292,6.292,V ugm-3 (GRAV EMFAB),False,False,False,False,10.018142857142857,8.371488366843163
2016-06-14,Brighton Preston Park,7.625,7.625,V ugm-3 (GRAV EMFAB),False,False,False,False,10.35142857142857,8.196585221036516
2016-06-15,Brighton Preston Park,5.833,5.833,V ugm-3 (GRAV EMFAB),False,False,False,False,10.07157142857143,8.330879682585401
2016-06-16,Brighton Preston Park,5.333,5.333,V ugm-3 (GRAV EMFAB),False,False,False,False,10.113142857142858,8.30227590139337
2016-06-17,Brighton Preston Park,7.875,7.875,V ugm-3 (GRAV EMFAB),False,False,False,False,10.500000000000002,8.093866566728165
2016-06-18,Brighton Preston Park,6.875,6.875,V ugm-3 (GRAV EMFAB),False,False,False,False,9.696428571428571,8.141299975170687
2016-06-19,Brighton Preston Park,6.667,6.667,V ugm-3 (GRAV EMFAB),False,False,False,False,6.642857142857143,0.9157828033202231
2016-06-20,Brighton Preston Park,4.708,4.708,V ugm-3 (GRAV EMFAB),False,False,False,False,6.416571428571428,1.1757326591169381
2016-06-21,Brighton Preston Park,5.917,5.917,V ugm-3 (GRAV EMFAB),False,False,False,False,6.172571428571429,1.0540875765549638
2016-06-22,Brighton Preston Park,3.958,3.958,V ugm-3 (GRAV EMFAB),False,False,False,False,5.904714285714285,1.351134673066234
2016-06-23,Brighton Preston Park,5.875,5.875,V ugm-3 (GRAV EMFAB),False,False,False,False,5.982142857142857,1.3282475206791735
2016-06-24,Brighton Preston Park,4.917,4.917,V ugm-3 (GRAV EMFAB),False,False,False,False,5.559571428571429,1.0713779067385651
2016-06-25,Brighton Preston Park,4.458,4.458,V ugm-3 (GRAV EMFAB),False,False,False,False,5.214285714285714,0.9605255010124012
2016-06-26,Brighton Preston Park,4.083,4.083,V ugm-3 (GRAV EMFAB),False,False,False,False,4.845142857142856,0.7906978834276877
2016-06-27,Brighton Preston Park,4.458,4.458,V ugm-3 (GRAV EMFAB),False,False,False,False,4.809428571428572,0.8034676631415651
2016-06-28,Brighton Preston Park,5.0,5.0,V ugm-3 (GRAV EMFAB),False,False,False,False,4.678428571428571,0.6535591932239188
2016-06-29,Brighton Preston Park,4.5,4.5,V ugm-3 (GRAV EMFAB),False,False,False,False,4.755857142857144,0.582192817020579
2016-06-30,Brighton Preston Park,3.958,3.958,V ugm-3 (GRAV EMFAB),False,False,False,False,4.482,0.38574646250252553
2016-07-01,Brighton Preston Park,4.917,4.917,V ugm-3 (GRAV EMFAB),False,False,False,False,4.482,0.38574646250252553
2016-07-02,Brighton Preston Park,,,V ugm-3 (GRAV EMFAB),False,False,False,False,4.486000000000001,0.422405018909405
2016-07-03,Brighton Preston Park,,,V ugm-3 (GRAV EMFAB),False,False,False,False,4.5666,0.41750425147514303
2016-07-04,Brighton Preston Park,2.125,2.125,V ugm-3 (GRAV EMFAB),False,False,False,False,4.1,1.178800025449531
2016-07-05,Brighton Preston Park,11.833,11.833,V ugm-3 (GRAV EMFAB),False,False,False,False,5.4666,3.7151577759228247
2016-07-06,Brighton Preston Park,12.678,12.678,V ugm-3 (GRAV EMFAB),False,False,False,False,7.102200000000001,4.819326374090039
2016-07-07,Brighton Preston Park,4.708,4.708,V ugm-3 (GRAV EMFAB),False,False,False,False,7.2522,4.707369934475072
2016-07-08,Brighton Preston Park,5.875,5.875,V ugm-3 (GRAV EMFAB),False,False,False,False,7.4438,4.606986401108631
2016-07-09,Brighton Preston Park,5.5,5.5,V ugm-3 (GRAV EMFAB),False,False,False,False,7.119833333333333,4.196329987818706
2016-07-10,Brighton Preston Park,8.708,8.708,V ugm-3 (GRAV EMFAB),False,False,False,False,7.3467142857142855,3.8774535335399967
2016-07-11,Brighton Preston Park,6.75,6.75,V ugm-3 (GRAV EMFAB),False,False,False,False,8.007428571428571,3.168644287238238
2016-07-12,Brighton Preston Park,14.042,14.042,V ugm-3 (GRAV EMFAB),False,False,False,False,8.323,3.68161644752228
2016-07-13,Brighton Preston Park,4.125,4.125,V ugm-3 (GRAV EMFAB),False,False,False,False,7.1011428571428565,3.4042236720761614
2016-07-14,Brighton Preston Park,3.583,3.583,V ugm-3 (GRAV EMFAB),False,False,False,False,6.940428571428571,3.5590688322060933
2016-07-15,Brighton Preston Park,3.833,3.833,V ugm-3 (GRAV EMFAB),False,False,False,False,6.648714285714285,3.7400338552070798
2016-07-16,Brighton Preston Park,5.292,5.292,V ugm-3 (GRAV EMFAB),False,False,False,False,6.619,3.75149010394535
2016-07-17,Brighton Preston Park,4.417,4.417,V ugm-3 (GRAV EMFAB),False,False,False,False,6.006,3.7035246275226195
2016-07-18,Brighton Preston Park,5.292,5.292,V ugm-3 (GRAV EMFAB),False,False,False,False,5.797714285714286,3.695699018872496
2016-07-19,Brighton Preston Park,7.583,7.583,V ugm-3 (GRAV EMFAB),False,False,False,False,4.875,1.3667683295520694
2016-07-20,Brighton Preston Park,11.125,11.125,V ugm-3 (GRAV EMFAB),False,False,False,False,5.875,2.667968453086835
2016-07-21,Brighton Preston Park,5.75,5.75,V ugm-3 (GRAV EMFAB),False,False,False,False,6.184571428571429,2.4765518271138287
2016-07-22,Brighton Preston Park,7.708,7.708,V ugm-3 (GRAV EMFAB),False,False,False,False,6.738142857142857,2.289312518972389
2016-07-23,Brighton Preston Park,6.083,6.083,V ugm-3 (GRAV EMFAB),False,False,False,False,6.8511428571428565,2.2246427000435456
2016-07-24,Brighton Preston Park,5.5,5.5,V ugm-3 (GRAV EMFAB),False,False,False,False,7.005857142857143,2.0586075737879326
2016-07-25,Brighton Preston Park,5.333,5.333,V ugm-3 (GRAV EMFAB),False,False,False,False,7.011714285714286,2.0529692085923905
2016-07-26,Brighton Preston Park,3.667,3.667,V ugm-3 (GRAV EMFAB),False,False,False,False,6.452285714285714,2.3790095778345375
2016-07-27,Brighton Preston Park,6.042,6.042,V ugm-3 (GRAV EMFAB),False,False,False,False,5.7261428571428565,1.1973032793979272
2016-07-28,Brighton Preston Park,4.167,4.167,V ugm-3 (GRAV EMFAB),False,False,False,False,5.5,1.3337655965973008
2016-07-29,Brighton Preston Park,3.875,3.875,V ugm-3 (GRAV EMFAB),False,False,False,False,4.952428571428571,1.0279513375548648
2016-07-30,Brighton Preston Park,5.375,5.375,V ugm-3 (GRAV EMFAB),False,False,False,False,4.851285714285715,0.9281585199173258
2016-07-31,Brighton Preston Park,4.958,4.958,V ugm-3 (GRAV EMFAB),False,False,False,False,4.7738571428571435,0.8867037138697224
2016-08-01,Brighton Preston Park,4.75,4.75,V ugm-3 (GRAV EMFAB),False,False,False,False,4.690571428571429,0.8521378716973175
2016-08-02,Brighton Preston Park,,,V ugm-3 (GRAV EMFAB),False,False,False,False,4.861166666666667,0.7917725473054278
2016-08-03,Brighton Preston Park,7.208,7.208,V ugm-3 (GRAV EMFAB),False,False,False,False,5.055499999999999,1.185005105474175
2016-08-04,Brighton Preston Park,3.833,3.833,V ugm-3 (GRAV EMFAB),False,False,False,False,4.999833333333334,1.2415850219242044
2016-08-05,Brighton Preston Park,9.458,9.458,V ugm-3 (GRAV EMFAB),False,False,False,False,5.9303333333333335,2.0553678665062693
2016-08-06,Brighton Preston Park,10.792,10.792,V ugm-3 (GRAV EMFAB),False,False,False,False,6.833166666666667,2.8128080216514135
2016-08-07,Brighton Preston Park,5.875,5.875,V ugm-3 (GRAV EMFAB),False,False,False,False,6.986000000000001,2.7137107436128622
2016-08-08,Brighton Preston Park,5.208,5.208,V ugm-3 (GRAV EMFAB),False,False,False,False,7.062333333333334,2.643775986475885
2016-08-09,Brighton Preston Park,6.125,6.125,V ugm-3 (GRAV EMFAB),False,False,False,False,6.928428571428571,2.4392908024767186
2016-08-10,Brighton Preston Park,8.25,8.25,V ugm-3 (GRAV EMFAB),False,False,False,False,7.077285714285714,2.4904524163483095
2016-08-11,Brighton Preston Park,14.208,14.208,V ugm-3 (GRAV EMFAB),False,False,False,False,8.55942857142857,3.218658719463879
2016-08-12,Brighton Preston Park,14.0,14.0,V ugm-3 (GRAV EMFAB),False,False,False,False,9.208285714285713,3.8297924536579195
2016-08-13,Brighton Preston Park,4.167,4.167,V ugm-3 (GRAV EMFAB),False,False,False,False,8.261857142857142,4.176126252424653
2016-08-14,Brighton Preston Park,5.0,5.0,V ugm-3 (GRAV EMFAB),False,False,False,False,8.136857142857142,4.271483599741083
2016-08-15,Brighton Preston Park,3.458,3.458,V ugm-3 (GRAV EMFAB),False,False,False,False,7.886857142857143,4.515702840406689
2016-08-16,Brighton Preston Park,,,V ugm-3 (GRAV EMFAB),False,False,False,False,8.1805,4.872944397384386
2016-08-17,Brighton Preston Park,9.667,9.667,V ugm-3 (GRAV EMFAB),False,False,False,False,8.416666666666666,4.911173776875193
2016-08-18,Brighton Preston Park,14.333,14.333,V ugm-3 (GRAV EMFAB),False,False,False,False,8.4375,4.9408297582491025
2016-08-19,Brighton Preston Park,8.375,8.375,V ugm-3 (GRAV EMFAB),False,False,False,False,7.5,4.1436229558201685
2016-08-20,Brighton Preston Park,9.875,9.875,V ugm-3 (GRAV EMFAB),False,False,False,False,8.451333333333332,3.8716813229741094
2016-08-21,Brighton Preston Park,5.542,5.542,V ugm-3 (GRAV EMFAB),False,False,False,False,8.541666666666666,3.7802946798717363
2016-08-22,Brighton Preston Park,6.292,6.292,V ugm-3 (GRAV EMFAB),False,False,False,False,9.014000000000001,3.1410787955732493
2016-08-23,Brighton Preston Park,5.708,5.708,V ugm-3 (GRAV EMFAB),False,False,False,False,8.541714285714287,3.127835764778656
2016-08-24,Brighton Preston Park,10.167,10.167,V ugm-3 (GRAV EMFAB),False,False,False,False,8.613142857142858,3.163323960044305
2016-08-25,Brighton Preston Park,18.333,18.333,V ugm-3 (GRAV EMFAB),False,False,False,False,9.184571428571429,4.463049288589682
2016-08-26,Brighton Preston Park,8.125,8.125,V ugm-3 (GRAV EMFAB),False,False,False,False,9.148857142857143,4.471599468816915
2016-08-27,Brighton Preston Park,19.625,19.625,V ugm-3 (GRAV EMFAB),False,False,False,False,10.541714285714287,5.994624528533473
2016-08-28,Brighton Preston Park,5.917,5.917,V ugm-3 (GRAV EMFAB),False,False,False,False,10.595285714285714,5.9439589700884685
2016-08-29,Brighton Preston Park,7.917,7.917,V ugm-3 (GRAV EMFAB),False,False,False,False,10.827428571428571,5.777277382329923
2016-08-30,Brighton Preston Park,7.708,7.708,V ugm-3 (GRAV EMFAB),False,False,False,False,11.113142857142858,5.525885462336067
2016-08-31,Brighton Preston Park,4.458,4.458,V ugm-3 (GRAV EMFAB),False,False,False,False,10.297571428571429,6.082106319829851
2016-09-01,Brighton Preston Park,5.083,5.083,V ugm-3 (GRAV EMFAB),False,False,False,False,8.404714285714286,5.15582824624345
2016-09-02,Brighton Preston Park,,,V ugm-3 (GRAV EMFAB),False,False,False,False,8.451333333333332,5.646310464955549
2016-09-03,Brighton Preston Park,4.458,4.458,V ugm-3 (GRAV EMFAB),False,False,False,False,5.9235,1.559509249732054
2016-09-04,Brighton Preston Park,2.667,2.667,V ugm-3 (GRAV EMFAB),False,False,False,False,5.381833333333333,2.049618444166253
2016-09-05,Brighton Preston Park,6.375,6.375,V ugm-3 (GRAV EMFAB),False,False,False,False,5.124833333333334,1.7417057635164692
2016-09-06,Brighton Preston Park,7.542,7.542,V ugm-3 (GRAV EMFAB),False,False,False,False,5.097166666666667,1.6931064250857024
2016-09-07,Brighton Preston Park,5.208,5.208,V ugm-3 (GRAV EMFAB),False,False,False,False,5.222166666666666,1.663913869966378
2016-09-08,Brighton Preston Park,6.792,6.792,V ugm-3 (GRAV EMFAB),False,False,False,False,5.507000000000001,1.7777106626219654
2016-09-09,Brighton Preston Park,5.0,5.0,V ugm-3 (GRAV EMFAB),False,False,False,False,5.434571428571429,1.6340952498903303
2016-09-10,Brighton Preston Park,4.833,4.833,V ugm-3 (GRAV EMFAB),False,False,False,False,5.488142857142857,1.6025870156896314
2016-09-11,Brighton Preston Park,4.083,4.083,V ugm-3 (GRAV EMFAB),False,False,False,False,5.690428571428571,1.2341565077874623
2016-09-12,Brighton Preston Park,18.5,18.5,V ugm-3 (GRAV EMFAB),False,False,False,False,7.422571428571429,5.02913351904489
2016-09-13,Brighton Preston Park,10.458,10.458,V ugm-3 (GRAV EMFAB),False,False,False,False,7.839142857142858,5.159747165271153
2016-09-14,Brighton Preston Park,6.304,6.304,V ugm-3 (GRAV EMFAB),False,False,False,False,7.9957142857142856,5.082651759147168
2016-09-15,Brighton Preston Park,7.054,7.054,V ugm-3 (GRAV EMFAB),False,False,False,False,8.033142857142858,5.0732662860847055
2016-09-16,Brighton Preston Park,4.97,4.97,V ugm-3 (GRAV EMFAB),False,False,False,False,8.028857142857143,5.076267409182036
2016-09-17,Brighton Preston Park,5.804,5.804,V ugm-3 (GRAV EMFAB),False,False,False,False,8.16757142857143,4.986861733834301
2016-09-18,Brighton Preston Park,6.637,6.637,V ugm-3 (GRAV EMFAB),False,False,False,False,8.532428571428571,4.724754309560889
2016-09-19,Brighton Preston Park,9.679,9.679,V ugm-3 (GRAV EMFAB),False,False,False,False,7.272285714285715,2.0324962250301444
2016-09-20,Brighton Preston Park,10.637,10.637,V ugm-3 (GRAV EMFAB),False,False,False,False,7.297857142857143,2.0798315179016367
2016-09-21,Brighton Preston Park,11.887,11.887,V ugm-3 (GRAV EMFAB),False,False,False,False,8.095428571428572,2.6322941107927487
2016-09-22,Brighton Preston Park,,,V ugm-3 (GRAV EMFAB),False,False,False,False,8.269,2.8393132268208605
2016-09-23,Brighton Preston Park,3.889,3.889,V ugm-3 (GRAV EMFAB),False,False,False,False,8.088833333333334,3.1117434609341674
2016-09-24,Brighton Preston Park,6.806,6.806,V ugm-3 (GRAV EMFAB),False,False,False,False,8.255833333333333,2.98906677186485
2016-09-25,Brighton Preston Park,6.222,6.222,V ugm-3 (GRAV EMFAB),False,False,False,False,8.186666666666667,3.0384125241096793
2016-09-26,Brighton Preston Park,6.806,6.806,V ugm-3 (GRAV EMFAB),False,False,False,False,7.707833333333333,2.982054554609378
2016-09-27,Brighton Preston Park,4.722,4.722,V ugm-3 (GRAV EMFAB),False,False,False,False,6.722,2.791674264666249
2016-09-28,Brighton Preston Park,11.431,11.431,V ugm-3 (GRAV EMFAB),False,False,False,False,6.646,2.624119890553752
2016-09-29,Brighton Preston Park,6.847,6.847,V ugm-3 (GRAV EMFAB),False,False,False,False,6.674714285714286,2.396687138133616
2016-09-30,Brighton Preston Park,6.597,6.597,V ugm-3 (GRAV EMFAB),False,False,False,False,7.061571428571429,2.0681264352985833
2016-10-01,Brighton Preston Park,2.708,2.708,V ugm-3 (GRAV EMFAB),False,False,False,False,6.4761428571428565,2.650536513523945
2016-10-02,Brighton Preston Park,,,V ugm-3 (GRAV EMFAB),False,False,False,False,6.5184999999999995,2.900920871033857
2016-10-03,Brighton Preston Park,18.083,18.083,V ugm-3 (GRAV EMFAB),False,False,False,False,8.398,5.559435079214422
2016-10-04,Brighton Preston Park,5.25,5.25,V ugm-3 (GRAV EMFAB),False,False,False,False,8.485999999999999,5.493397054646594
2016-10-05,Brighton Preston Park,3.975,3.975,V ugm-3 (GRAV EMFAB),False,False,False,False,7.243333333333333,5.537108077928993
2016-10-06,Brighton Preston Park,8.417,8.417,V ugm-3 (GRAV EMFAB),False,False,False,False,7.505,5.551710114910526
2016-10-07,Brighton Preston Park,6.208,6.208,V ugm-3 (GRAV EMFAB),False,False,False,False,7.440166666666666,5.566685743480273
2016-10-08,Brighton Preston Park,3.708,3.708,V ugm-3 (GRAV EMFAB),False,False,False,False,7.606833333333333,5.409416804671879
2016-10-09,Brighton Preston Park,6.375,6.375,V ugm-3 (GRAV EMFAB),False,False,False,False,7.430857142857143,4.959999846390154
2016-10-10,Brighton Preston Park,5.208,5.208,V ugm-3 (GRAV EMFAB),False,False,False,False,5.591571428571428,1.60217215649488
2016-10-11,Brighton Preston Park,4.583,4.583,V ugm-3 (GRAV EMFAB),False,False,False,False,5.496285714285714,1.6451303610236294
2016-10-12,Brighton Preston Park,11.292,11.292,V ugm-3 (GRAV EMFAB),False,False,False,False,6.541571428571428,2.57767213179789
2016-10-13,Brighton Preston Park,10.625,10.625,V ugm-3 (GRAV EMFAB),False,False,False,False,6.856999999999999,2.9531636143859696
2016-10-14,Brighton Preston Park,13.375,13.375,V ugm-3 (GRAV EMFAB),False,False,False,False,7.880857142857143,3.8090285475683134
2016-10-15,Brighton Preston Park,6.792,6.792,V ugm-3 (GRAV EMFAB),False,False,False,False,8.321428571428571,3.4026054163019746
2016-10-16,Brighton Preston Park,4.917,4.917,V ugm-3 (GRAV EMFAB),False,False,False,False,8.113142857142858,3.5815315824644607
2016-10-17,Brighton Preston Park,5.083,5.083,V ugm-3 (GRAV EMFAB),False,False,False,False,8.095285714285714,3.598700909786078
2016-10-18,Brighton Preston Park,1.125,1.125,V ugm-3 (GRAV EMFAB),False,False,False,False,7.601285714285715,4.325204608427421
2016-10-19,Brighton Preston Park,4.109,4.109,V ugm-3 (GRAV EMFAB),False,False,False,False,6.575142857142858,4.152273932380146
2016-10-20,Brighton Preston Park,6.151,6.151,V ugm-3 (GRAV EMFAB),False,False,False,False,5.936,3.749828929431295
2016-10-21,Brighton Preston Park,7.651,7.651,V ugm-3 (GRAV EMFAB),False,False,False,False,5.118285714285714,2.132651300946407
2016-10-22,Brighton Preston Park,8.151,8.151,V ugm-3 (GRAV EMFAB),False,False,False,False,5.312428571428571,2.3601343787407787
2016-10-23,Brighton Preston Park,17.818,17.818,V ugm-3 (GRAV EMFAB),False,False,False,False,7.155428571428572,5.257975144392327
2016-10-24,Brighton Preston Park,19.984,19.984,V ugm-3 (GRAV EMFAB),False,False,False,False,9.284142857142857,7.005178190181205
2016-10-25,Brighton Preston Park,16.484,16.484,V ugm-3 (GRAV EMFAB),False,False,False,False,11.478285714285716,6.403145313419171
2016-10-26,Brighton Preston Park,11.5,11.5,V ugm-3 (GRAV EMFAB),False,False,False,False,12.534142857142857,5.5361219708556355
2016-10-27,Brighton Preston Park,8.25,8.25,V ugm-3 (GRAV EMFAB),False,False,False,False,12.834,5.178028035201562
2016-10-28,Brighton Preston Park,8.542,8.542,V ugm-3 (GRAV EMFAB),False,False,False,False,12.961285714285713,5.038455607104415
2016-10-29,Brighton Preston Park,16.792,16.792,V ugm-3 (GRAV EMFAB),False,False,False,False,14.195714285714287,4.711422917204732
2016-10-30,Brighton Preston Park,22.167,22.167,V ugm-3 (GRAV EMFAB),False,False,False,False,14.816999999999998,5.490954774293209
2016-10-31,Brighton Preston Park,19.708,19.708,V ugm-3 (GRAV EMFAB),False,False,False,False,14.77757142857143,5.448495445446172
2016-11-01,Brighton Preston Park,4.458,4.458,V ugm-3 (GRAV EMFAB),False,False,False,False,13.059571428571429,6.595928083728195
2016-11-02,Brighton Preston Park,,,V ugm-3 (GRAV EMFAB),False,False,False,False,13.3195,7.18609718136347
2016-11-03,Brighton Preston Park,49.333,49.333,V ugm-3 (GRAV EMFAB),True,True,False,False,20.166666666666668,15.79981118452581
2016-11-04,Brighton Preston Park,13.375,13.375,V ugm-3 (GRAV EMFAB),False,False,False,False,20.972166666666666,15.200467406190736
2016-11-05,Brighton Preston Park,9.875,9.875,V ugm-3 (GRAV EMFAB),False,False,False,False,19.819333333333333,15.830162433363308
2016-11-06,Brighton Preston Park,11.333,11.333,V ugm-3 (GRAV EMFAB),False,False,False,False,18.01366666666667,16.12398173735839
2016-11-07,Brighton Preston Park,7.042,7.042,V ugm-3 (GRAV EMFAB),False,False,False,False,15.902666666666667,16.67742614034512
2016-11-08,Brighton Preston Park,5.25,5.25,V ugm-3 (GRAV EMFAB),False,False,False,False,16.034666666666666,16.571524259001247
2016-11-09,Brighton Preston Park,5.542,5.542,V ugm-3 (GRAV EMFAB),False,False,False,False,14.535714285714283,15.638867858792143
2016-11-10,Brighton Preston Park,7.917,7.917,V ugm-3 (GRAV EMFAB),False,False,False,False,8.619142857142858,3.037561819868648
2016-11-11,Brighton Preston Park,11.833,11.833,V ugm-3 (GRAV EMFAB),False,False,False,False,8.398857142857143,2.6686985235360936
2016-11-12,Brighton Preston Park,9.917,9.917,V ugm-3 (GRAV EMFAB),False,False,False,False,8.404857142857143,2.672614788839523
2016-11-13,Brighton Preston Park,9.583,9.583,V ugm-3 (GRAV EMFAB),False,False,False,False,8.154857142857143,2.423280106836679
2016-11-14,Brighton Preston Park,12.25,12.25,V ugm-3 (GRAV EMFAB),False,False,False,False,8.898857142857143,2.795553339893625
2016-11-15,Brighton Preston Park,7.208,7.208,V ugm-3 (GRAV EMFAB),False,False,False,False,9.178571428571429,2.445672017881292
2016-11-16,Brighton Preston Park,5.042,5.042,V ugm-3 (GRAV EMFAB),False,False,False,False,9.107142857142858,2.573542527889732
2016-11-17,Brighton Preston Park,7.083,7.083,V ugm-3 (GRAV EMFAB),False,False,False,False,8.988,2.655813622978828
2016-11-18,Brighton Preston Park,7.125,7.125,V ugm-3 (GRAV EMFAB),False,False,False,False,8.315428571428571,2.39897039422767
2016-11-19,Brighton Preston Park,4.792,4.792,V ugm-3 (GRAV EMFAB),False,False,False,False,7.583285714285714,2.6021670273245583
2016-11-20,Brighton Preston Park,6.667,6.667,V ugm-3 (GRAV EMFAB),False,False,False,False,7.166714285714286,2.4581035857130016
2016-11-21,Brighton Preston Park,6.125,6.125,V ugm-3 (GRAV EMFAB),False,False,False,False,6.291714285714286,1.0115696901820912
2016-11-22,Brighton Preston Park,6.708,6.708,V ugm-3 (GRAV EMFAB),False,False,False,False,6.220285714285715,0.9519838434002386
2016-11-23,Brighton Preston Park,6.292,6.292,V ugm-3 (GRAV EMFAB),False,False,False,False,6.3988571428571435,0.799083939806701
2016-11-24,Brighton Preston Park,6.625,6.625,V ugm-3 (GRAV EMFAB),False,False,False,False,6.333428571428572,0.7510363633323448
2016-11-25,Brighton Preston Park,8.375,8.375,V ugm-3 (GRAV EMFAB),False,False,False,False,6.5120000000000005,1.05692541521774
2016-11-26,Brighton Preston Park,17.5,17.5,V ugm-3 (GRAV EMFAB),False,False,False,False,8.327428571428571,4.111160130552874
2016-11-27,Brighton Preston Park,8.417,8.417,V ugm-3 (GRAV EMFAB),False,False,False,False,8.577428571428571,4.046054162479068
2016-11-28,Brighton Preston Park,7.208,7.208,V ugm-3 (GRAV EMFAB),False,False,False,False,8.732142857142858,3.9563598348554008
2016-11-29,Brighton Preston Park,14.5,14.5,V ugm-3 (GRAV EMFAB),False,False,False,False,9.845285714285714,4.3668087399642905
2016-11-30,Brighton Preston Park,20.417,20.417,V ugm-3 (GRAV EMFAB),False,False,False,False,11.863142857142858,5.553485134837144
2016-12-01,Brighton Preston Park,4.833,4.833,V ugm-3 (GRAV EMFAB),False,False,False,False,11.607142857142858,5.86761165008306
2016-12-02,Brighton Preston Park,,,V ugm-3 (GRAV EMFAB),False,False,False,False,12.145833333333334,6.235147581787191
2016-12-03,Brighton Preston Park,53.958,53.958,V ugm-3 (GRAV EMFAB),True,True,False,False,18.222166666666666,18.398068087890827
2016-12-04,Brighton Preston Park,6.375,6.375,V ugm-3 (GRAV EMFAB),False,False,False,False,17.881833333333333,18.633108440801465
2016-12-05,Brighton Preston Park,17.708,17.708,V ugm-3 (GRAV EMFAB),False,False,False,False,19.631833333333333,17.909149342351995
2016-12-06,Brighton Preston Park,7.083,7.083,V ugm-3 (GRAV EMFAB),False,False,False,False,18.395666666666667,18.57771249284117
2016-12-07,Brighton Preston Park,3.708,3.708,V ugm-3 (GRAV EMFAB),False,False,False,False,15.610833333333332,19.44616667023778
2016-12-08,Brighton Preston Park,7.167,7.167,V ugm-3 (GRAV EMFAB),False,False,False,False,15.999833333333333,19.20935030048301
2016-12-09,Brighton Preston Park,4.917,4.917,V ugm-3 (GRAV EMFAB),False,False,False,False,14.416571428571428,18.029040747796714
2016-12-10,Brighton Preston Park,7.708,7.708,V ugm-3 (GRAV EMFAB),False,False,False,False,7.809428571428571,4.585808938349644
2016-12-11,Brighton Preston Park,8.208,8.208,V ugm-3 (GRAV EMFAB),False,False,False,False,8.071285714285713,4.542377340640227
2016-12-12,Brighton Preston Park,8.208,8.208,V ugm-3 (GRAV EMFAB),False,False,False,False,6.714142857142858,1.7348738117964086
2016-12-13,Brighton Preston Park,13.042,13.042,V ugm-3 (GRAV EMFAB),False,False,False,False,7.565428571428571,2.969052366055679
2016-12-14,Brighton Preston Park,14.0,14.0,V ugm-3 (GRAV EMFAB),False,False,False,False,9.035714285714286,3.2732095723863766
2016-12-15,Brighton Preston Park,19.0,19.0,V ugm-3 (GRAV EMFAB),False,False,False,False,10.726142857142857,4.831760563485848
2016-12-16,Brighton Preston Park,25.042,25.042,V ugm-3 (GRAV EMFAB),False,False,False,False,13.601142857142857,6.498893634780498
2016-12-17,Brighton Preston Park,27.875,27.875,V ugm-3 (GRAV EMFAB),True,True,False,False,16.482142857142858,7.792372861299943
2016-12-18,Brighton Preston Park,26.708,26.708,V ugm-3 (GRAV EMFAB),False,False,False,False,19.125,7.654413824715784
2016-12-19,Brighton Preston Park,19.875,19.875,V ugm-3 (GRAV EMFAB),False,False,False,False,20.791714285714285,5.96484648347539
2016-12-20,Brighton Preston Park,14.708,14.708,V ugm-3 (GRAV EMFAB),False,False,False,False,21.029714285714284,5.627808357145974
2016-12-21,Brighton Preston Park,10.417,10.417,V ugm-3 (GRAV EMFAB),False,False,False,False,20.517857142857142,6.473177978617404
2016-12-22,Brighton Preston Park,9.125,9.125,V ugm-3 (GRAV EMFAB),False,False,False,False,19.107142857142858,7.7993023070137895
2016-12-23,Brighton Preston Park,8.458,8.458,V ugm-3 (GRAV EMFAB),False,False,False,False,16.738,8.204333692222265
2016-12-24,Brighton Preston Park,10.0,10.0,V ugm-3 (GRAV EMFAB),False,False,False,False,14.18442857142857,6.8262890567067505
2016-12-25,Brighton Preston Park,6.917,6.917,V ugm-3 (GRAV EMFAB),False,False,False,False,11.357142857142858,4.464866531359829
2016-12-26,Brighton Preston Park,7.75,7.75,V ugm-3 (GRAV EMFAB),False,False,False,False,9.625,2.551651621989171
2016-12-27,Brighton Preston Park,15.458,15.458,V ugm-3 (GRAV EMFAB),False,False,False,False,9.732142857142858,2.803931729350255
2016-12-28,Brighton Preston Park,17.792,17.792,V ugm-3 (GRAV EMFAB),False,False,False,False,10.785714285714286,4.161217318457252
2016-12-29,Brighton Preston Park,21.208,21.208,V ugm-3 (GRAV EMFAB),False,False,False,False,12.511857142857142,5.611052498672344
2016-12-30,Brighton Preston Park,20.5,20.5,V ugm-3 (GRAV EMFAB),False,False,False,False,14.232142857142858,5.993947625968815
2017-01-01,Brighton Preston Park,9.46,9.46,V ugm-3 (GRAV EMFAB),False,False,False,False,14.155000000000001,6.0605982377979855
2017-01-02,Brighton Preston Park,6.71,6.71,V ugm-3 (GRAV EMFAB),False,False,False,False,14.125428571428571,6.102163082523633
2017-01-03,Brighton Preston Park,4.79,4.79,V ugm-3 (GRAV EMFAB),False,False,False,False,13.70257142857143,6.691672009723304
2017-01-04,Brighton Preston Park,6.417,6.417,V ugm-3 (GRAV EMFAB),False,False,False,False,12.411,7.1529920313110935
2017-01-05,Brighton Preston Park,3.0,3.0,V ugm-3 (GRAV EMFAB),False,False,False,False,10.297857142857142,7.476027475171808
2017-01-06,Brighton Preston Park,6.625,6.625,V ugm-3 (GRAV EMFAB),False,False,False,False,8.214571428571428,5.7651832540155095
2017-01-07,Brighton Preston Park,4.542,4.542,V ugm-3 (GRAV EMFAB),False,False,False,False,5.934857142857142,2.065606160313159
2017-01-08,Brighton Preston Park,4.792,4.792,V ugm-3 (GRAV EMFAB),False,False,False,False,5.268,1.376406795488352
2017-01-09,Brighton Preston Park,6.375,6.375,V ugm-3 (GRAV EMFAB),False,False,False,False,5.220142857142856,1.322688351876708
2017-01-10,Brighton Preston Park,4.333,4.333,V ugm-3 (GRAV EMFAB),False,False,False,False,5.154857142857144,1.3582581282131125
2017-01-11,Brighton Preston Park,,,V ugm-3 (GRAV EMFAB),False,False,False,False,4.944500000000001,1.3572535135337864
2017-01-12,Brighton Preston Park,5.917,5.917,V ugm-3 (GRAV EMFAB),False,False,False,False,5.430666666666666,0.9957121404635416
2017-01-13,Brighton Preston Park,3.63,3.63,V ugm-3 (GRAV EMFAB),False,False,False,False,4.9315,1.0274412391956087
2017-01-14,Brighton Preston Park,8.71,8.71,V ugm-3 (GRAV EMFAB),False,False,False,False,5.626166666666667,1.8170392859447189
2017-01-15,Brighton Preston Park,6.29,6.29,V ugm-3 (GRAV EMFAB),False,False,False,False,5.8758333333333335,1.7820773739281075
2017-01-16,Brighton Preston Park,9.04,9.04,V ugm-3 (GRAV EMFAB),False,False,False,False,6.32,2.2116997083690735
2017-01-17,Brighton Preston Park,26.0,26.0,V ugm-3 (GRAV EMFAB),False,False,False,False,9.931166666666668,8.118733409015633
2017-01-18,Brighton Preston Park,21.63,21.63,V ugm-3 (GRAV EMFAB),False,False,False,False,11.602428571428572,8.630180064887462
2017-01-19,Brighton Preston Park,13.13,13.13,V ugm-3 (GRAV EMFAB),False,False,False,False,12.632857142857143,8.260921486706179
2017-01-20,Brighton Preston Park,17.67,17.67,V ugm-3 (GRAV EMFAB),False,False,False,False,14.638571428571428,7.366795840280971
2017-01-21,Brighton Preston Park,32.54,32.54,V ugm-3 (GRAV EMFAB),True,True,False,False,18.04285714285714,9.396871313165388
2017-01-22,Brighton Preston Park,53.13,53.13,V ugm-3 (GRAV EMFAB),True,True,False,False,24.734285714285715,14.772488909165878
2017-01-23,Brighton Preston Park,51.46,51.46,V ugm-3 (GRAV EMFAB),True,True,False,False,30.794285714285714,15.917739430315754
2017-01-24,Brighton Preston Park,34.75,34.75,V ugm-3 (GRAV EMFAB),True,True,False,False,32.044285714285714,15.821775982426738
2017-01-25,Brighton Preston Park,21.83,21.83,V ugm-3 (GRAV EMFAB),False,False,False,False,32.072857142857146,15.800000753465936
2017-01-26,Brighton Preston Park,37.29,37.29,V ugm-3 (GRAV EMFAB),True,True,False,False,35.52428571428571,13.434038679343438
2017-01-27,Brighton Preston Park,25.21,25.21,V ugm-3 (GRAV EMFAB),False,False,False,False,36.60142857142858,11.988381081379641
2017-01-28,Brighton Preston Park,6.83,6.83,V ugm-3 (GRAV EMFAB),False,False,False,False,32.92857142857143,16.52140674859079
2017-01-29,Brighton Preston Park,5.25,5.25,V ugm-3 (GRAV EMFAB),False,False,False,False,26.08857142857143,16.674569888077503
2017-01-30,Brighton Preston Park,5.88,5.88,V ugm-3 (GRAV EMFAB),False,False,False,False,19.57714285714286,13.760654919353353
2017-01-31,Brighton Preston Park,,,V ugm-3 (GRAV EMFAB),False,False,False,False,17.048333333333336,13.172310984283145
2017-02-01,Brighton Preston Park,9.33,9.33,V ugm-3 (GRAV EMFAB),False,False,False,False,14.964999999999998,13.253041537699929
2017-02-02,Brighton Preston Park,3.13,3.13,V ugm-3 (GRAV EMFAB),False,False,False,False,9.271666666666667,8.067129394441753
2017-02-03,Brighton Preston Park,7.25,7.25,V ugm-3 (GRAV EMFAB),False,False,False,False,6.278333333333333,2.082752185610684
2017-02-04,Brighton Preston Park,9.333,9.333,V ugm-3 (GRAV EMFAB),False,False,False,False,6.6955,2.436052852464295
2017-02-05,Brighton Preston Park,6.0,6.0,V ugm-3 (GRAV EMFAB),False,False,False,False,6.8205,2.3652597108984525
2017-02-06,Brighton Preston Park,11.708,11.708,V ugm-3 (GRAV EMFAB),False,False,False,False,7.791833333333333,3.0104635135915747
2017-02-07,Brighton Preston Park,5.958,5.958,V ugm-3 (GRAV EMFAB),False,False,False,False,7.529857142857144,2.834224669321404
2017-02-08,Brighton Preston Park,0.583,0.583,V ugm-3 (GRAV EMFAB),False,False,False,False,6.280285714285715,3.703270748688887
2017-02-09,Brighton Preston Park,7.375,7.375,V ugm-3 (GRAV EMFAB),False,False,False,False,6.886714285714286,3.43960015671804
2017-02-10,Brighton Preston Park,8.542,8.542,V ugm-3 (GRAV EMFAB),False,False,False,False,7.071285714285714,3.496536939806028
2017-02-11,Brighton Preston Park,,,V ugm-3 (GRAV EMFAB),False,False,False,False,6.694333333333333,3.671150046874425
2017-02-12,Brighton Preston Park,13.125,13.125,V ugm-3 (GRAV EMFAB),False,False,False,False,7.881833333333333,4.467597807174022
2017-02-13,Brighton Preston Park,27.25,27.25,V ugm-3 (GRAV EMFAB),False,False,False,False,10.472166666666666,9.165418908411455
2017-02-14,Brighton Preston Park,20.63,20.63,V ugm-3 (GRAV EMFAB),False,False,False,False,12.917499999999999,9.66385498132084
2017-02-15,Brighton Preston Park,11.17,11.17,V ugm-3 (GRAV EMFAB),False,False,False,False,14.682,7.735419445640921
2017-02-16,Brighton Preston Park,7.04,7.04,V ugm-3 (GRAV EMFAB),False,False,False,False,14.626166666666668,7.799651028518286
2017-02-17,Brighton Preston Park,9.13,9.13,V ugm-3 (GRAV EMFAB),False,False,False,False,14.724166666666667,7.71110784301882
2017-02-18,Brighton Preston Park,23.04,23.04,V ugm-3 (GRAV EMFAB),False,False,False,False,15.912142857142857,7.709085471670656
2017-02-19,Brighton Preston Park,16.13,16.13,V ugm-3 (GRAV EMFAB),False,False,False,False,16.341428571428573,7.611058683633576
2017-02-20,Brighton Preston Park,8.21,8.21,V ugm-3 (GRAV EMFAB),False,False,False,False,13.62142857142857,6.362699711525551
2017-02-21,Brighton Preston Park,7.46,7.46,V ugm-3 (GRAV EMFAB),False,False,False,False,11.74,5.873221716684377
2017-02-22,Brighton Preston Park,9.79,9.79,V ugm-3 (GRAV EMFAB),False,False,False,False,11.542857142857144,5.918529418376672
2017-02-23,Brighton Preston Park,5.38,5.38,V ugm-3 (GRAV EMFAB),False,False,False,False,11.305714285714286,6.1574530912893035
2017-02-24,Brighton Preston Park,10.38,10.38,V ugm-3 (GRAV EMFAB),False,False,False,False,11.484285714285715,6.101712484056821
2017-02-25,Brighton Preston Park,8.29,8.29,V ugm-3 (GRAV EMFAB),False,False,False,False,9.377142857142857,3.3905246117461987
2017-02-26,Brighton Preston Park,6.25,6.25,V ugm-3 (GRAV EMFAB),False,False,False,False,7.965714285714286,1.7891791147790181
2017-02-27,Brighton Preston Park,4.67,4.67,V ugm-3 (GRAV EMFAB),False,False,False,False,7.46,2.168670867912612
2017-02-28,Brighton Preston Park,6.04,6.04,V ugm-3 (GRAV EMFAB),False,False,False,False,7.257142857142857,2.2340972396451275
2017-03-01,Brighton Preston Park,11.42,11.42,V ugm-3 (GRAV EMFAB),False,False,False,False,7.49,2.5974859640299974
2017-03-02,Brighton Preston Park,5.5,5.5,V ugm-3 (GRAV EMFAB),False,False,False,False,7.507142857142857,2.581586813607086
2017-03-03,Brighton Preston Park,10.83,10.83,V ugm-3 (GRAV EMFAB),False,False,False,False,7.571428571428571,2.669166090569699
2017-03-04,Brighton Preston Park,12.042,12.042,V ugm-3 (GRAV EMFAB),False,False,False,False,8.10742857142857,3.1676825839058567
2017-03-05,Brighton Preston Park,6.458,6.458,V ugm-3 (GRAV EMFAB),False,False,False,False,8.137142857142857,3.1482712414154124
2017-03-06,Brighton Preston Park,5.458,5.458,V ugm-3 (GRAV EMFAB),False,False,False,False,8.249714285714287,3.014898876926849
2017-03-07,Brighton Preston Park,7.667,7.667,V ugm-3 (GRAV EMFAB),False,False,False,False,8.482142857142858,2.875652066840381
2017-03-08,Brighton Preston Park,8.667,8.667,V ugm-3 (GRAV EMFAB),False,False,False,False,8.088857142857142,2.579945117540941
2017-03-09,Brighton Preston Park,2.917,2.917,V ugm-3 (GRAV EMFAB),False,False,False,False,7.719857142857143,3.1365984456929334
2017-03-10,Brighton Preston Park,5.667,5.667,V ugm-3 (GRAV EMFAB),False,False,False,False,6.982285714285715,2.8798915323488705
2017-03-11,Brighton Preston Park,,,V ugm-3 (GRAV EMFAB),False,False,False,False,6.139,1.9947510120311631
2017-03-12,Brighton Preston Park,6.625,6.625,V ugm-3 (GRAV EMFAB),False,False,False,False,6.166833333333334,2.0012468530058998
2017-03-13,Brighton Preston Park,10.79,10.79,V ugm-3 (GRAV EMFAB),False,False,False,False,7.055499999999999,2.6891559828316747
2017-03-14,Brighton Preston Park,8.88,8.88,V ugm-3 (GRAV EMFAB),False,False,False,False,7.257666666666666,2.7880975353574105
2017-03-15,Brighton Preston Park,13.33,13.33,V ugm-3 (GRAV EMFAB),False,False,False,False,8.034833333333333,3.745144131627794
2017-03-16,Brighton Preston Park,10.92,10.92,V ugm-3 (GRAV EMFAB),False,False,False,False,9.368666666666668,2.8840188395130446
2017-03-17,Brighton Preston Park,7.54,7.54,V ugm-3 (GRAV EMFAB),False,False,False,False,9.680833333333334,2.475674487218823
2017-03-18,Brighton Preston Park,10.08,10.08,V ugm-3 (GRAV EMFAB),False,False,False,False,9.737857142857141,2.265001576789019
2017-03-19,Brighton Preston Park,11.79,11.79,V ugm-3 (GRAV EMFAB),False,False,False,False,10.475714285714286,1.8926071712749937
2017-03-20,Brighton Preston Park,6.08,6.08,V ugm-3 (GRAV EMFAB),False,False,False,False,9.802857142857144,2.501537622381498
2017-03-21,Brighton Preston Park,4.13,4.13,V ugm-3 (GRAV EMFAB),False,False,False,False,9.124285714285714,3.307883800573232
2017-03-22,Brighton Preston Park,6.04,6.04,V ugm-3 (GRAV EMFAB),False,False,False,False,8.082857142857142,2.8834395796554046
2017-03-23,Brighton Preston Park,16.79,16.79,V ugm-3 (GRAV EMFAB),False,False,False,False,8.92142857142857,4.334510462829742
2017-03-24,Brighton Preston Park,31.96,31.96,V ugm-3 (GRAV EMFAB),True,True,False,False,12.41,9.62985288914978
2017-03-25,Brighton Preston Park,12.0,12.0,V ugm-3 (GRAV EMFAB),False,False,False,False,12.684285714285712,9.579639619426974
2017-03-26,Brighton Preston Park,9.58,9.58,V ugm-3 (GRAV EMFAB),False,False,False,False,12.36857142857143,9.65018208562481
2017-03-27,Brighton Preston Park,30.92,30.92,V ugm-3 (GRAV EMFAB),True,True,False,False,15.917142857142855,11.366756667706799
2017-03-28,Brighton Preston Park,19.88,19.88,V ugm-3 (GRAV EMFAB),False,False,False,False,18.167142857142856,10.1369698205557
2017-03-29,Brighton Preston Park,6.92,6.92,V ugm-3 (GRAV EMFAB),False,False,False,False,18.29285714285714,9.965515063266443
2017-03-30,Brighton Preston Park,8.04,8.04,V ugm-3 (GRAV EMFAB),False,False,False,False,17.04285714285714,10.706648579715488
2017-03-31,Brighton Preston Park,6.5,6.5,V ugm-3 (GRAV EMFAB),False,False,False,False,13.405714285714286,8.979819703354941
2017-04-01,Brighton Preston Park,8.5,8.5,V ugm-3 (GRAV EMFAB),False,False,False,False,12.905714285714286,9.166633073531502
2017-04-02,Brighton Preston Park,2.0,2.0,V ugm-3 (GRAV EMFAB),False,False,False,False,11.822857142857142,10.031858774733132
2017-04-03,Brighton Preston Park,6.25,6.25,V ugm-3 (GRAV EMFAB),False,False,False,False,8.298571428571428,5.526314107888468
2017-04-04,Brighton Preston Park,8.0,8.0,V ugm-3 (GRAV EMFAB),False,False,False,False,6.6014285714285705,2.199942639944744
2017-04-05,Brighton Preston Park,18.292,18.292,V ugm-3 (GRAV EMFAB),False,False,False,False,8.226,4.951966478077119
2017-04-06,Brighton Preston Park,4.708,4.708,V ugm-3 (GRAV EMFAB),False,False,False,False,7.75,5.129774653919945
2017-04-07,Brighton Preston Park,4.417,4.417,V ugm-3 (GRAV EMFAB),False,False,False,False,7.452428571428571,5.272792993507371
2017-04-08,Brighton Preston Park,5.542,5.542,V ugm-3 (GRAV EMFAB),False,False,False,False,7.029857142857144,5.293336075625963
2017-04-09,Brighton Preston Park,1.667,1.667,V ugm-3 (GRAV EMFAB),False,False,False,False,6.982285714285715,5.347294852361772
2017-04-10,Brighton Preston Park,4.583,4.583,V ugm-3 (GRAV EMFAB),False,False,False,False,6.744142857142857,5.421941824001489
2017-04-11,Brighton Preston Park,,,V ugm-3 (GRAV EMFAB),False,False,False,False,6.534833333333334,5.908378438003612
2017-04-12,Brighton Preston Park,7.292,7.292,V ugm-3 (GRAV EMFAB),False,False,False,False,4.7015,1.8286796056169141
2017-04-13,Brighton Preston Park,4.042,4.042,V ugm-3 (GRAV EMFAB),False,False,False,False,4.5905,1.8483136909083444
2017-04-14,Brighton Preston Park,2.792,2.792,V ugm-3 (GRAV EMFAB),False,False,False,False,4.3196666666666665,1.992270731267686
2017-04-15,Brighton Preston Park,2.958,2.958,V ugm-3 (GRAV EMFAB),False,False,False,False,3.8889999999999993,1.9541191365930561
2017-04-16,Brighton Preston Park,4.167,4.167,V ugm-3 (GRAV EMFAB),False,False,False,False,4.305666666666666,1.6242685328066535
2017-04-17,Brighton Preston Park,3.125,3.125,V ugm-3 (GRAV EMFAB),False,False,False,False,4.062666666666666,1.6824985785033717
2017-04-18,Brighton Preston Park,3.333,3.333,V ugm-3 (GRAV EMFAB),False,False,False,False,3.9584285714285707,1.5604679701017943
2017-04-19,Brighton Preston Park,5.167,5.167,V ugm-3 (GRAV EMFAB),False,False,False,False,3.654857142857143,0.8478619047481286
2017-04-20,Brighton Preston Park,12.417,12.417,V ugm-3 (GRAV EMFAB),False,False,False,False,4.851285714285715,3.4379838430046865
2017-04-21,Brighton Preston Park,15.542,15.542,V ugm-3 (GRAV EMFAB),False,False,False,False,6.672714285714286,5.127473345104912
2017-04-22,Brighton Preston Park,7.875,7.875,V ugm-3 (GRAV EMFAB),False,False,False,False,7.3751428571428574,4.863785303258148
2017-04-23,Brighton Preston Park,11.708,11.708,V ugm-3 (GRAV EMFAB),False,False,False,False,8.452428571428571,4.869909371406598
2017-04-24,Brighton Preston Park,8.917,8.917,V ugm-3 (GRAV EMFAB),False,False,False,False,9.279857142857143,4.268839984061638
2017-04-25,Brighton Preston Park,4.113,4.113,V ugm-3 (GRAV EMFAB),False,False,False,False,9.391285714285715,4.094352969407352
2017-04-26,Brighton Preston Park,5.208,5.208,V ugm-3 (GRAV EMFAB),False,False,False,False,9.397142857142857,4.087326079014254
2017-04-27,Brighton Preston Park,8.792,8.792,V ugm-3 (GRAV EMFAB),False,False,False,False,8.879285714285714,3.8645145324384678
2017-04-28,Brighton Preston Park,5.958,5.958,V ugm-3 (GRAV EMFAB),False,False,False,False,7.510142857142857,2.6021503561842767
2017-04-29,Brighton Preston Park,6.417,6.417,V ugm-3 (GRAV EMFAB),False,False,False,False,7.301857142857143,2.6263180455135187
2017-04-30,Brighton Preston Park,8.292,8.292,V ugm-3 (GRAV EMFAB),False,False,False,False,6.813857142857143,1.8834613020155015
2017-05-01,Brighton Preston Park,17.96,17.96,V ugm-3 (GRAV EMFAB),False,False,False,False,8.105714285714287,4.644272196813485
2017-05-02,Brighton Preston Park,4.58,4.58,V ugm-3 (GRAV EMFAB),False,False,False,False,8.17242857142857,4.580271529692731
2017-05-03,Brighton Preston Park,6.29,6.29,V ugm-3 (GRAV EMFAB),False,False,False,False,8.327,4.480732417808445
2017-05-04,Brighton Preston Park,8.333,8.333,V ugm-3 (GRAV EMFAB),False,False,False,False,8.26142857142857,4.476149604929867
2017-05-05,Brighton Preston Park,8.208,8.208,V ugm-3 (GRAV EMFAB),False,False,False,False,8.582857142857142,4.362517408888666
2017-05-06,Brighton Preston Park,4.708,4.708,V ugm-3 (GRAV EMFAB),False,False,False,False,8.338714285714286,4.5478142997226065
2017-05-07,Brighton Preston Park,6.417,6.417,V ugm-3 (GRAV EMFAB),False,False,False,False,8.070857142857143,4.605870544879652
2017-05-08,Brighton Preston Park,10.25,10.25,V ugm-3 (GRAV EMFAB),False,False,False,False,6.969428571428572,2.0714634003638746
2017-05-09,Brighton Preston Park,2.333,2.333,V ugm-3 (GRAV EMFAB),False,False,False,False,6.648428571428572,2.6080509233998956
2017-05-10,Brighton Preston Park,4.583,4.583,V ugm-3 (GRAV EMFAB),False,False,False,False,6.404571428571429,2.724360405498332
2017-05-11,Brighton Preston Park,,,V ugm-3 (GRAV EMFAB),False,False,False,False,6.083166666666666,2.835284635916815
2017-05-12,Brighton Preston Park,4.208,4.208,V ugm-3 (GRAV EMFAB),False,False,False,False,5.416499999999999,2.7029192181786046
2017-05-13,Brighton Preston Park,10.5,10.5,V ugm-3 (GRAV EMFAB),False,False,False,False,6.381833333333333,3.354926253536129
2017-05-14,Brighton Preston Park,5.958,5.958,V ugm-3 (GRAV EMFAB),False,False,False,False,6.3053333333333335,3.3591944073938262
2017-05-15,Brighton Preston Park,5.542,5.542,V ugm-3 (GRAV EMFAB),False,False,False,False,5.520666666666666,2.7476902057302444
2017-05-16,Brighton Preston Park,6.458,6.458,V ugm-3 (GRAV EMFAB),False,False,False,False,6.208166666666667,2.264086784261141
2017-05-17,Brighton Preston Park,4.833,4.833,V ugm-3 (GRAV EMFAB),False,False,False,False,6.249833333333334,2.230244149564338
2017-05-18,Brighton Preston Park,4.25,4.25,V ugm-3 (GRAV EMFAB),False,False,False,False,5.964142857142858,2.1717099582717156
2017-05-19,Brighton Preston Park,8.125,8.125,V ugm-3 (GRAV EMFAB),False,False,False,False,6.523714285714285,2.1483082269764417
2017-05-20,Brighton Preston Park,3.167,3.167,V ugm-3 (GRAV EMFAB),False,False,False,False,5.4761428571428565,1.6055222855890783
2017-05-21,Brighton Preston Park,4.125,4.125,V ugm-3 (GRAV EMFAB),False,False,False,False,5.214285714285714,1.6623090080050076
2017-05-22,Brighton Preston Park,7.25,7.25,V ugm-3 (GRAV EMFAB),False,False,False,False,5.458285714285714,1.8348302114259163
2017-05-23,Brighton Preston Park,5.435,5.435,V ugm-3 (GRAV EMFAB),False,False,False,False,5.312142857142858,1.7819100640015018
2017-05-24,Brighton Preston Park,6.542,6.542,V ugm-3 (GRAV EMFAB),False,False,False,False,5.556285714285715,1.8219472837492523
2017-05-25,Brighton Preston Park,6.292,6.292,V ugm-3 (GRAV EMFAB),False,False,False,False,5.848,1.7395480255896134
2017-05-26,Brighton Preston Park,8.208,8.208,V ugm-3 (GRAV EMFAB),False,False,False,False,5.859857142857142,1.7578419940910122
2017-05-27,Brighton Preston Park,6.708,6.708,V ugm-3 (GRAV EMFAB),False,False,False,False,6.365714285714286,1.3049059626762338
2017-05-28,Brighton Preston Park,4.5,4.5,V ugm-3 (GRAV EMFAB),False,False,False,False,6.4192857142857145,1.2011575964160535
2017-05-29,Brighton Preston Park,7.292,7.292,V ugm-3 (GRAV EMFAB),False,False,False,False,6.425285714285715,1.2060935168667442
2017-05-30,Brighton Preston Park,6.083,6.083,V ugm-3 (GRAV EMFAB),False,False,False,False,6.517857142857143,1.1405025834501945
2017-05-31,Brighton Preston Park,6.083,6.083,V ugm-3 (GRAV EMFAB),False,False,False,False,6.452285714285714,1.1520197790958246
2017-06-01,Brighton Preston Park,10.04,10.04,V ugm-3 (GRAV EMFAB),False,False,False,False,6.9877142857142855,1.770221898923415
2017-06-02,Brighton Preston Park,11.08,11.08,V ugm-3 (GRAV EMFAB),False,False,False,False,7.398000000000001,2.3409925957449773
2017-06-03,Brighton Preston Park,5.38,5.38,V ugm-3 (GRAV EMFAB),False,False,False,False,7.208285714285714,2.457158298677838
2017-06-04,Brighton Preston Park,15.333,15.333,V ugm-3 (GRAV EMFAB),False,False,False,False,8.755857142857142,3.608718398017505
2017-06-05,Brighton Preston Park,22.917,22.917,V ugm-3 (GRAV EMFAB),False,False,False,False,10.988,6.346323712722693
2017-06-06,Brighton Preston Park,4.333,4.333,V ugm-3 (GRAV EMFAB),False,False,False,False,10.738,6.6011040490713615
2017-06-07,Brighton Preston Park,9.292,9.292,V ugm-3 (GRAV EMFAB),False,False,False,False,11.196428571428571,6.329800440696951
2017-06-08,Brighton Preston Park,4.417,4.417,V ugm-3 (GRAV EMFAB),False,False,False,False,10.393142857142859,6.837454336924193
2017-06-09,Brighton Preston Park,8.542,8.542,V ugm-3 (GRAV EMFAB),False,False,False,False,10.03057142857143,6.8622086060087515
2017-06-10,Brighton Preston Park,7.042,7.042,V ugm-3 (GRAV EMFAB),False,False,False,False,10.268,6.701350361432112
2017-06-11,Brighton Preston Park,,,V ugm-3 (GRAV EMFAB),False,False,False,False,9.423833333333333,6.921252066401438
2017-06-12,Brighton Preston Park,5.667,5.667,V ugm-3 (GRAV EMFAB),False,False,False,False,6.5488333333333335,2.0963373217748122
2017-06-13,Brighton Preston Park,6.792,6.792,V ugm-3 (GRAV EMFAB),False,False,False,False,6.958666666666667,1.7952483579343606
2017-06-14,Brighton Preston Park,7.0,7.0,V ugm-3 (GRAV EMFAB),False,False,False,False,6.576666666666667,1.3997359274756058
2017-06-15,Brighton Preston Park,8.083,8.083,V ugm-3 (GRAV EMFAB),False,False,False,False,7.187666666666666,1.0159977690261102
2017-06-16,Brighton Preston Park,6.042,6.042,V ugm-3 (GRAV EMFAB),False,False,False,False,6.771000000000001,0.848283443195339
2017-06-17,Brighton Preston Park,8.083,8.083,V ugm-3 (GRAV EMFAB),False,False,False,False,6.944500000000001,1.0065002235465976
2017-06-18,Brighton Preston Park,7.458,7.458,V ugm-3 (GRAV EMFAB),False,False,False,False,7.017857142857143,0.9390799448697678
2017-06-19,Brighton Preston Park,12.875,12.875,V ugm-3 (GRAV EMFAB),False,False,False,False,8.047571428571429,2.249086989361195
2017-06-20,Brighton Preston Park,13.162,13.162,V ugm-3 (GRAV EMFAB),False,False,False,False,8.957571428571429,2.861659591748674
2017-06-21,Brighton Preston Park,19.75,19.75,V ugm-3 (GRAV EMFAB),False,False,False,False,10.779,4.805479303184335
2017-06-22,Brighton Preston Park,8.833,8.833,V ugm-3 (GRAV EMFAB),False,False,False,False,10.886142857142858,4.743309865082625
2017-06-23,Brighton Preston Park,5.5,5.5,V ugm-3 (GRAV EMFAB),False,False,False,False,10.808714285714286,4.8390215854820875
2017-06-24,Brighton Preston Park,7.333,7.333,V ugm-3 (GRAV EMFAB),False,False,False,False,10.701571428571429,4.917104393751192
2017-06-25,Brighton Preston Park,4.958,4.958,V ugm-3 (GRAV EMFAB),False,False,False,False,10.34442857142857,5.270080545151145
2017-06-26,Brighton Preston Park,5.042,5.042,V ugm-3 (GRAV EMFAB),False,False,False,False,9.225428571428571,5.47097376637656
2017-06-27,Brighton Preston Park,10.792,10.792,V ugm-3 (GRAV EMFAB),False,False,False,False,8.886857142857142,5.255861186287492
2017-06-28,Brighton Preston Park,9.292,9.292,V ugm-3 (GRAV EMFAB),False,False,False,False,7.392857142857143,2.3193561195994215
2017-06-29,Brighton Preston Park,4.542,4.542,V ugm-3 (GRAV EMFAB),False,False,False,False,6.779857142857142,2.439244037850645
2017-06-30,Brighton Preston Park,5.958,5.958,V ugm-3 (GRAV EMFAB),False,False,False,False,6.845285714285715,2.4050958895841728
2017-07-01,Brighton Preston Park,8.67,8.67,V ugm-3 (GRAV EMFAB),False,False,False,False,7.036285714285714,2.501441831843126
2017-07-02,Brighton Preston Park,6.96,6.96,V ugm-3 (GRAV EMFAB),False,False,False,False,7.322285714285714,2.332996764841601
2017-07-03,Brighton Preston Park,3.96,3.96,V ugm-3 (GRAV EMFAB),False,False,False,False,7.167714285714285,2.5362458946432422
2017-07-04,Brighton Preston Park,22.0,22.0,V ugm-3 (GRAV EMFAB),False,False,False,False,8.768857142857142,6.157798617162091
2017-07-05,Brighton Preston Park,16.292,16.292,V ugm-3 (GRAV EMFAB),False,False,False,False,9.768857142857144,6.792580546168745
2017-07-06,Brighton Preston Park,4.917,4.917,V ugm-3 (GRAV EMFAB),False,False,False,False,9.822428571428572,6.745804816257823
2017-07-07,Brighton Preston Park,5.375,5.375,V ugm-3 (GRAV EMFAB),False,False,False,False,9.739142857142857,6.804808996304752
2017-07-08,Brighton Preston Park,4.5,4.5,V ugm-3 (GRAV EMFAB),False,False,False,False,9.143428571428572,7.090533309917329
2017-07-09,Brighton Preston Park,6.625,6.625,V ugm-3 (GRAV EMFAB),False,False,False,False,9.095571428571429,7.108833304585255
2017-07-10,Brighton Preston Park,5.708,5.708,V ugm-3 (GRAV EMFAB),False,False,False,False,9.345285714285714,6.926736983464496
2017-07-11,Brighton Preston Park,,,V ugm-3 (GRAV EMFAB),False,False,False,False,7.236166666666667,4.495464799847288
2017-07-12,Brighton Preston Park,7.625,7.625,V ugm-3 (GRAV EMFAB),False,False,False,False,5.791666666666667,1.1549555258389455
2017-07-13,Brighton Preston Park,4.958,4.958,V ugm-3 (GRAV EMFAB),False,False,False,False,5.7985,1.1488506865555892
2017-07-14,Brighton Preston Park,4.5,4.5,V ugm-3 (GRAV EMFAB),False,False,False,False,5.652666666666666,1.263205077042483
2017-07-15,Brighton Preston Park,5.917,5.917,V ugm-3 (GRAV EMFAB),False,False,False,False,5.888833333333333,1.1300459135211816
2017-07-16,Brighton Preston Park,4.583,4.583,V ugm-3 (GRAV EMFAB),False,False,False,False,5.5485,1.1707533899157545
2017-07-17,Brighton Preston Park,5.583,5.583,V ugm-3 (GRAV EMFAB),False,False,False,False,5.527666666666666,1.168457387612358
2017-07-18,Brighton Preston Park,10.292,10.292,V ugm-3 (GRAV EMFAB),False,False,False,False,6.208285714285714,2.0929500483196684
2017-07-19,Brighton Preston Park,6.625,6.625,V ugm-3 (GRAV EMFAB),False,False,False,False,6.065428571428571,2.0127242613881173
2017-07-20,Brighton Preston Park,4.0,4.0,V ugm-3 (GRAV EMFAB),False,False,False,False,5.928571428571429,2.129743400595559
2017-07-21,Brighton Preston Park,4.458,4.458,V ugm-3 (GRAV EMFAB),False,False,False,False,5.922571428571429,2.1344926686171433
2017-07-22,Brighton Preston Park,2.5,2.5,V ugm-3 (GRAV EMFAB),False,False,False,False,5.434428571428571,2.4960747088940076
2017-07-23,Brighton Preston Park,3.5,3.5,V ugm-3 (GRAV EMFAB),False,False,False,False,5.279714285714285,2.5894613799194963
2017-07-24,Brighton Preston Park,4.458,4.458,V ugm-3 (GRAV EMFAB),False,False,False,False,5.119,2.602380000435371
2017-07-25,Brighton Preston Park,7.208,7.208,V ugm-3 (GRAV EMFAB),False,False,False,False,4.6784285714285705,1.6772775418457917
2017-07-26,Brighton Preston Park,6.542,6.542,V ugm-3 (GRAV EMFAB),False,False,False,False,4.666571428571428,1.6614418293699784
2017-07-27,Brighton Preston Park,7.5,7.5,V ugm-3 (GRAV EMFAB),False,False,False,False,5.166571428571428,1.932025436093848
2017-07-28,Brighton Preston Park,6.125,6.125,V ugm-3 (GRAV EMFAB),False,False,False,False,5.404714285714285,1.9328675341991899
2017-07-29,Brighton Preston Park,3.625,3.625,V ugm-3 (GRAV EMFAB),False,False,False,False,5.565428571428571,1.6815209243559772
2017-07-30,Brighton Preston Park,1.958,1.958,V ugm-3 (GRAV EMFAB),False,False,False,False,5.345142857142856,2.0564103375031513
2017-07-31,Brighton Preston Park,4.958,4.958,V ugm-3 (GRAV EMFAB),False,False,False,False,5.416571428571429,2.0289604774482353
2017-08-01,Brighton Preston Park,9.5,9.5,V ugm-3 (GRAV EMFAB),False,False,False,False,5.744,2.497158051332095
2017-08-02,Brighton Preston Park,14.38,14.38,V ugm-3 (GRAV EMFAB),False,False,False,False,6.863714285714286,4.134855125002731
2017-08-03,Brighton Preston Park,6.54,6.54,V ugm-3 (GRAV EMFAB),False,False,False,False,6.726571428571428,4.126145007031025
2017-08-04,Brighton Preston Park,28.417,28.417,V ugm-3 (GRAV EMFAB),True,True,False,False,9.911142857142858,9.140320680526301
2017-08-05,Brighton Preston Park,8.875,8.875,V ugm-3 (GRAV EMFAB),False,False,False,False,10.661142857142858,8.745410919039587
2017-08-06,Brighton Preston Park,,,V ugm-3 (GRAV EMFAB),False,False,False,False,12.111666666666666,8.608419847258054
2017-08-07,Brighton Preston Park,3.375,3.375,V ugm-3 (GRAV EMFAB),False,False,False,False,11.847833333333334,8.891132783097234
2017-08-08,Brighton Preston Park,4.333,4.333,V ugm-3 (GRAV EMFAB),False,False,False,False,10.986666666666666,9.399701711579272
2017-08-09,Brighton Preston Park,3.208,3.208,V ugm-3 (GRAV EMFAB),False,False,False,False,9.124666666666668,9.694974381949967
2017-08-10,Brighton Preston Park,5.042,5.042,V ugm-3 (GRAV EMFAB),False,False,False,False,8.875,9.79363370766946
2017-08-11,Brighton Preston Park,,,V ugm-3 (GRAV EMFAB),False,False,False,False,4.9666,2.3080613726673187
2017-08-12,Brighton Preston Park,3.375,3.375,V ugm-3 (GRAV EMFAB),False,False,False,False,3.8665999999999996,0.7931250216698755
2017-08-13,Brighton Preston Park,4.208,4.208,V ugm-3 (GRAV EMFAB),False,False,False,False,3.9235,0.722954701208227
2017-08-14,Brighton Preston Park,,,V ugm-3 (GRAV EMFAB),False,False,False,False,4.0332,0.7503823691951035
2017-08-15,Brighton Preston Park,6.333,6.333,V ugm-3 (GRAV EMFAB),False,False,False,False,4.4332,1.2895246023240095
2017-08-16,Brighton Preston Park,4.083,4.083,V ugm-3 (GRAV EMFAB),False,False,False,False,4.608199999999999,1.131359226770574
2017-08-17,Brighton Preston Park,5.042,5.042,V ugm-3 (GRAV EMFAB),False,False,False,False,4.6082,1.131359226770574
2017-08-18,Brighton Preston Park,4.667,4.667,V ugm-3 (GRAV EMFAB),False,False,False,False,4.617999999999999,1.012203141666301
2017-08-19,Brighton Preston Park,5.167,5.167,V ugm-3 (GRAV EMFAB),False,False,False,False,4.916666666666667,0.8177918235503577
2017-08-20,Brighton Preston Park,3.958,3.958,V ugm-3 (GRAV EMFAB),False,False,False,False,4.875,0.8660639699232092
2017-08-21,Brighton Preston Park,1.792,1.792,V ugm-3 (GRAV EMFAB),False,False,False,False,4.434571428571429,1.4081537389007692
2017-08-22,Brighton Preston Park,5.167,5.167,V ugm-3 (GRAV EMFAB),False,False,False,False,4.268,1.1996930162889947
2017-08-23,Brighton Preston Park,5.25,5.25,V ugm-3 (GRAV EMFAB),False,False,False,False,4.434714285714286,1.2497415351828425
2017-08-24,Brighton Preston Park,3.375,3.375,V ugm-3 (GRAV EMFAB),False,False,False,False,4.196571428571429,1.273337983037837
2017-08-25,Brighton Preston Park,5.625,5.625,V ugm-3 (GRAV EMFAB),False,False,False,False,4.333428571428571,1.379391998568044
2017-08-26,Brighton Preston Park,8.5,8.5,V ugm-3 (GRAV EMFAB),False,False,False,False,4.809571428571429,2.1013815183620452
2017-08-27,Brighton Preston Park,12.292,12.292,V ugm-3 (GRAV EMFAB),False,False,False,False,6.0001428571428574,3.460109989994033
2017-08-28,Brighton Preston Park,18.333,18.333,V ugm-3 (GRAV EMFAB),False,False,False,False,8.363142857142858,5.277920721539559
2017-08-29,Brighton Preston Park,10.167,10.167,V ugm-3 (GRAV EMFAB),False,False,False,False,9.077428571428571,5.108910936039159
2017-08-30,Brighton Preston Park,5.0,5.0,V ugm-3 (GRAV EMFAB),False,False,False,False,9.041714285714285,5.1408999119571925
2017-08-31,Brighton Preston Park,3.667,3.667,V ugm-3 (GRAV EMFAB),False,False,False,False,9.083428571428572,5.088169836563423
2017-09-01,Brighton Preston Park,7.46,7.46,V ugm-3 (GRAV EMFAB),False,False,False,False,9.345571428571429,4.924946593860743
2017-09-02,Brighton Preston Park,29.79,29.79,V ugm-3 (GRAV EMFAB),True,True,False,False,12.387,9.110783427711718
2017-09-03,Brighton Preston Park,8.42,8.42,V ugm-3 (GRAV EMFAB),False,False,False,False,11.833857142857141,9.234216650201407
2017-09-04,Brighton Preston Park,27.5,27.5,V ugm-3 (GRAV EMFAB),False,False,False,False,13.14342857142857,10.822883747830218
2017-09-05,Brighton Preston Park,8.25,8.25,V ugm-3 (GRAV EMFAB),False,False,False,False,12.869571428571428,10.93442886569973
2017-09-06,Brighton Preston Park,6.583,6.583,V ugm-3 (GRAV EMFAB),False,False,False,False,13.095714285714285,10.759517100599593
2017-09-07,Brighton Preston Park,8.417,8.417,V ugm-3 (GRAV EMFAB),False,False,False,False,13.774285714285716,10.201059989273752
2017-09-08,Brighton Preston Park,3.417,3.417,V ugm-3 (GRAV EMFAB),False,False,False,False,13.196714285714284,10.719435552837119
2017-09-09,Brighton Preston Park,2.333,2.333,V ugm-3 (GRAV EMFAB),False,False,False,False,9.274285714285714,8.410537313677496
2017-09-10,Brighton Preston Park,5.625,5.625,V ugm-3 (GRAV EMFAB),False,False,False,False,8.875,8.523441265122882
2017-09-11,Brighton Preston Park,,,V ugm-3 (GRAV EMFAB),False,False,False,False,5.770833333333333,2.4975418648474905
2017-09-12,Brighton Preston Park,10.292,10.292,V ugm-3 (GRAV EMFAB),False,False,False,False,6.111166666666667,2.992934908524726
2017-09-13,Brighton Preston Park,2.458,2.458,V ugm-3 (GRAV EMFAB),False,False,False,False,5.423666666666667,3.318896181965602
2017-09-14,Brighton Preston Park,1.208,1.208,V ugm-3 (GRAV EMFAB),False,False,False,False,4.222166666666666,3.3234183255596563
2017-09-15,Brighton Preston Park,2.208,2.208,V ugm-3 (GRAV EMFAB),False,False,False,False,4.020666666666666,3.4173237286897082
2017-09-16,Brighton Preston Park,6.0,6.0,V ugm-3 (GRAV EMFAB),False,False,False,False,4.631833333333334,3.382865673754396
2017-09-17,Brighton Preston Park,4.542,4.542,V ugm-3 (GRAV EMFAB),False,False,False,False,4.451333333333333,3.347987733947926
2017-09-18,Brighton Preston Park,4.25,4.25,V ugm-3 (GRAV EMFAB),False,False,False,False,4.422571428571429,3.057227875987254
2017-09-19,Brighton Preston Park,4.417,4.417,V ugm-3 (GRAV EMFAB),False,False,False,False,3.583285714285714,1.6682770267837497
2017-09-20,Brighton Preston Park,3.625,3.625,V ugm-3 (GRAV EMFAB),False,False,False,False,3.75,1.5937276011495403
2017-09-21,Brighton Preston Park,3.792,3.792,V ugm-3 (GRAV EMFAB),False,False,False,False,4.119142857142857,1.1420698210659908
2017-09-22,Brighton Preston Park,2.75,2.75,V ugm-3 (GRAV EMFAB),False,False,False,False,4.196571428571429,1.0005048487539607
2017-09-23,Brighton Preston Park,4.5,4.5,V ugm-3 (GRAV EMFAB),False,False,False,False,3.9822857142857138,0.648632590990043
2017-09-24,Brighton Preston Park,8.333,8.333,V ugm-3 (GRAV EMFAB),False,False,False,False,4.523857142857143,1.783567719354403
2017-09-25,Brighton Preston Park,15.708,15.708,V ugm-3 (GRAV EMFAB),False,False,False,False,6.160714285714286,4.570587625031886
2017-09-26,Brighton Preston Park,28.125,28.125,V ugm-3 (GRAV EMFAB),True,True,False,False,9.547571428571429,9.349111595175621
2017-09-27,Brighton Preston Park,32.875,32.875,V ugm-3 (GRAV EMFAB),True,True,False,False,13.726142857142857,12.324123923273023
2017-09-28,Brighton Preston Park,4.458,4.458,V ugm-3 (GRAV EMFAB),False,False,False,False,13.821285714285713,12.236912024884457
2017-09-29,Brighton Preston Park,7.208,7.208,V ugm-3 (GRAV EMFAB),False,False,False,False,14.458142857142857,11.66744164228776
2017-09-30,Brighton Preston Park,4.333,4.333,V ugm-3 (GRAV EMFAB),False,False,False,False,14.434285714285712,11.691343602772745
2017-10-01,Brighton Preston Park,11.0,11.0,V ugm-3 (GRAV EMFAB),False,False,False,False,14.815285714285713,11.501286851396031
2017-10-02,Brighton Preston Park,37.71,37.71,V ugm-3 (GRAV EMFAB),True,True,False,False,17.958428571428573,14.42158780968244
2017-10-03,Brighton Preston Park,13.33,13.33,V ugm-3 (GRAV EMFAB),False,False,False,False,15.844857142857142,13.75188506385666
2017-10-04,Brighton Preston Park,7.75,7.75,V ugm-3 (GRAV EMFAB),False,False,False,False,12.255571428571429,11.690496137990927
2017-10-05,Brighton Preston Park,11.542,11.542,V ugm-3 (GRAV EMFAB),False,False,False,False,13.26757142857143,11.199287594264534
2017-10-06,Brighton Preston Park,5.833,5.833,V ugm-3 (GRAV EMFAB),False,False,False,False,13.071142857142858,11.334524051595212
2017-10-07,Brighton Preston Park,5.75,5.75,V ugm-3 (GRAV EMFAB),False,False,False,False,13.27357142857143,11.163823745430932
2017-10-08,Brighton Preston Park,5.292,5.292,V ugm-3 (GRAV EMFAB),False,False,False,False,12.458142857142859,11.559034366078784
2017-10-09,Brighton Preston Park,3.542,3.542,V ugm-3 (GRAV EMFAB),False,False,False,False,7.577,3.5760797437043843
2017-10-10,Brighton Preston Park,3.771,3.771,V ugm-3 (GRAV EMFAB),False,False,False,False,6.211428571428572,2.7405962767945837
2017-10-11,Brighton Preston Park,,,V ugm-3 (GRAV EMFAB),False,False,False,False,5.955000000000001,2.9087272818191874
2017-10-12,Brighton Preston Park,5.917,5.917,V ugm-3 (GRAV EMFAB),False,False,False,False,5.0175,1.078601826439745
2017-10-13,Brighton Preston Park,4.583,4.583,V ugm-3 (GRAV EMFAB),False,False,False,False,4.809166666666666,1.00799234454722
2017-10-14,Brighton Preston Park,6.167,6.167,V ugm-3 (GRAV EMFAB),False,False,False,False,4.878666666666667,1.0963398499853079
2017-10-15,Brighton Preston Park,15.083,15.083,V ugm-3 (GRAV EMFAB),False,False,False,False,6.5105,4.335668333717338
2017-10-16,Brighton Preston Park,11.083,11.083,V ugm-3 (GRAV EMFAB),False,False,False,False,7.767333333333333,4.395636093521171
2017-10-17,Brighton Preston Park,9.625,9.625,V ugm-3 (GRAV EMFAB),False,False,False,False,8.743,3.9592114366372857
2017-10-18,Brighton Preston Park,15.792,15.792,V ugm-3 (GRAV EMFAB),False,False,False,False,9.75,4.490115700068277
2017-10-19,Brighton Preston Park,14.125,14.125,V ugm-3 (GRAV EMFAB),False,False,False,False,10.922571428571429,4.393007772098066
2017-10-20,Brighton Preston Park,6.125,6.125,V ugm-3 (GRAV EMFAB),False,False,False,False,11.142857142857142,4.047179035186964
2017-10-21,Brighton Preston Park,7.125,7.125,V ugm-3 (GRAV EMFAB),False,False,False,False,11.279714285714286,3.862875902497386
2017-10-22,Brighton Preston Park,3.375,3.375,V ugm-3 (GRAV EMFAB),False,False,False,False,9.607142857142858,4.434108720234177
2017-10-23,Brighton Preston Park,2.417,2.417,V ugm-3 (GRAV EMFAB),False,False,False,False,8.369142857142856,5.111415538725389
2017-10-24,Brighton Preston Park,4.417,4.417,V ugm-3 (GRAV EMFAB),False,False,False,False,7.625142857142857,5.274576078655355
2017-10-25,Brighton Preston Park,5.398,5.398,V ugm-3 (GRAV EMFAB),False,False,False,False,6.140285714285715,3.8677280460361505
2017-10-26,Brighton Preston Park,5.523,5.523,V ugm-3 (GRAV EMFAB),False,False,False,False,4.911428571428571,1.6233027913424671
2017-10-27,Brighton Preston Park,9.856,9.856,V ugm-3 (GRAV EMFAB),False,False,False,False,5.444428571428571,2.4764921331822594
2017-10-28,Brighton Preston Park,5.593,5.593,V ugm-3 (GRAV EMFAB),False,False,False,False,5.2255714285714285,2.3685629860839534
2017-10-29,Brighton Preston Park,,,V ugm-3 (GRAV EMFAB),False,False,False,False,5.534,2.435781599404841
2017-10-30,Brighton Preston Park,,,V ugm-3 (GRAV EMFAB),False,False,False,False,6.1574,2.121693498128104
2017-10-31,Brighton Preston Park,,,V ugm-3 (GRAV EMFAB),False,False,False,False,6.5925,2.1771612250816017
2017-11-01,Brighton Preston Park,8.25,8.25,V ugm-3 (GRAV EMFAB),False,False,False,False,7.3055,2.121877549090016
2017-11-02,Brighton Preston Park,29.5,29.5,V ugm-3 (GRAV EMFAB),True,True,False,False,13.29975,10.942295383053766
2017-11-03,Brighton Preston Park,25.29,25.29,V ugm-3 (GRAV EMFAB),False,False,False,False,17.15825,11.993832814548218
2017-11-04,Brighton Preston Park,4.167,4.167,V ugm-3 (GRAV EMFAB),False,False,False,False,16.801750000000002,12.464152287660811
2017-11-05,Brighton Preston Park,17.792,17.792,V ugm-3 (GRAV EMFAB),False,False,False,False,16.9998,10.803353099848223
2017-11-06,Brighton Preston Park,6.75,6.75,V ugm-3 (GRAV EMFAB),False,False,False,False,15.2915,10.52994225530226
2017-11-07,Brighton Preston Park,4.958,4.958,V ugm-3 (GRAV EMFAB),False,False,False,False,13.815285714285716,10.375654047083579
2017-11-08,Brighton Preston Park,5.417,5.417,V ugm-3 (GRAV EMFAB),False,False,False,False,13.410571428571428,10.679711479516392
2017-11-09,Brighton Preston Park,5.042,5.042,V ugm-3 (GRAV EMFAB),False,False,False,False,9.916571428571428,8.266845909155071
2017-11-10,Brighton Preston Park,3.583,3.583,V ugm-3 (GRAV EMFAB),False,False,False,False,6.815571428571429,4.941370621502404
2017-11-11,Brighton Preston Park,,,V ugm-3 (GRAV EMFAB),False,False,False,False,7.257000000000001,5.259634512016911
2017-11-12,Brighton Preston Park,4.667,4.667,V ugm-3 (GRAV EMFAB),False,False,False,False,5.069500000000001,1.0324450106418106
2017-11-13,Brighton Preston Park,,,V ugm-3 (GRAV EMFAB),False,False,False,False,4.7334000000000005,0.6965660772668479
2017-11-14,Brighton Preston Park,,,V ugm-3 (GRAV EMFAB),False,False,False,False,4.677250000000001,0.7911512181615836
2017-11-15,Brighton Preston Park,,,V ugm-3 (GRAV EMFAB),False,False,False,False,4.430666666666667,0.7576676932079898
2017-11-16,Brighton Preston Park,10.542,10.542,V ugm-3 (GRAV EMFAB),False,False,False,False,6.264,3.7442925900626647
2017-11-17,Brighton Preston Park,13.708,13.708,V ugm-3 (GRAV EMFAB),False,False,False,False,9.639000000000001,4.587643948695114
2017-11-18,Brighton Preston Park,8.25,8.25,V ugm-3 (GRAV EMFAB),False,False,False,False,9.29175,3.8096344859665847
2017-11-19,Brighton Preston Park,13.0,13.0,V ugm-3 (GRAV EMFAB),False,False,False,False,11.375,2.4861635773482096
2017-11-20,Brighton Preston Park,7.792,7.792,V ugm-3 (GRAV EMFAB),False,False,False,False,10.6584,2.6839029043539484
2017-11-21,Brighton Preston Park,8.958,8.958,V ugm-3 (GRAV EMFAB),False,False,False,False,10.375,2.4989120032525403
2017-11-22,Brighton Preston Park,11.833,11.833,V ugm-3 (GRAV EMFAB),False,False,False,False,10.583285714285713,2.346802414228405
2017-11-23,Brighton Preston Park,8.125,8.125,V ugm-3 (GRAV EMFAB),False,False,False,False,10.238,2.524935576735839
2017-11-24,Brighton Preston Park,11.083,11.083,V ugm-3 (GRAV EMFAB),False,False,False,False,9.863,2.0792846526308786
2017-11-25,Brighton Preston Park,7.167,7.167,V ugm-3 (GRAV EMFAB),False,False,False,False,9.708285714285713,2.252392780599084
2017-11-26,Brighton Preston Park,7.583,7.583,V ugm-3 (GRAV EMFAB),False,False,False,False,8.93442857142857,1.8225033934254262
2017-11-27,Brighton Preston Park,5.458,5.458,V ugm-3 (GRAV EMFAB),False,False,False,False,8.600999999999999,2.2335062868353157
2017-11-28,Brighton Preston Park,6.542,6.542,V ugm-3 (GRAV EMFAB),False,False,False,False,8.255857142857142,2.352639257555224
2017-11-29,Brighton Preston Park,6.708,6.708,V ugm-3 (GRAV EMFAB),False,False,False,False,7.523714285714285,1.7821872062425705
2017-11-30,Brighton Preston Park,4.958,4.958,V ugm-3 (GRAV EMFAB),False,False,False,False,7.071285714285715,1.9935584360872551
2017-12-01,Brighton Preston Park,4.46,4.46,V ugm-3 (GRAV EMFAB),False,False,False,False,6.1251428571428574,1.1764571714218177
2017-12-02,Brighton Preston Park,37.04,37.04,V ugm-3 (GRAV EMFAB),True,True,False,False,10.392714285714286,11.800155884765319
2017-12-03,Brighton Preston Park,15.25,15.25,V ugm-3 (GRAV EMFAB),False,False,False,False,11.488,11.851605010855412
2017-12-04,Brighton Preston Park,2.0,2.0,V ugm-3 (GRAV EMFAB),False,False,False,False,10.994,12.211444359015566
2017-12-05,Brighton Preston Park,7.0,7.0,V ugm-3 (GRAV EMFAB),False,False,False,False,11.05942857142857,12.184812990729377
2017-12-06,Brighton Preston Park,4.542,4.542,V ugm-3 (GRAV EMFAB),False,False,False,False,10.75,12.340243973817254
2017-12-07,Brighton Preston Park,3.083,3.083,V ugm-3 (GRAV EMFAB),False,False,False,False,10.482142857142858,12.506152624855902
2017-12-08,Brighton Preston Park,3.833,3.833,V ugm-3 (GRAV EMFAB),False,False,False,False,10.39257142857143,12.558608307413976
2017-12-09,Brighton Preston Park,3.432,3.432,V ugm-3 (GRAV EMFAB),False,False,False,False,5.591428571428572,4.533562832075929
2017-12-10,Brighton Preston Park,5.833,5.833,V ugm-3 (GRAV EMFAB),False,False,False,False,4.246142857142857,1.703963558742696
2017-12-11,Brighton Preston Park,,,V ugm-3 (GRAV EMFAB),False,False,False,False,4.6205,1.518876788946078
2017-12-12,Brighton Preston Park,10.208,10.208,V ugm-3 (GRAV EMFAB),False,False,False,False,5.155166666666667,2.659994692977011
2017-12-13,Brighton Preston Park,5.362,5.362,V ugm-3 (GRAV EMFAB),False,False,False,False,5.291833333333334,2.6432025587657626
2017-12-14,Brighton Preston Park,6.833,6.833,V ugm-3 (GRAV EMFAB),False,False,False,False,5.916833333333334,2.452961427879764
2017-12-15,Brighton Preston Park,5.542,5.542,V ugm-3 (GRAV EMFAB),False,False,False,False,6.201666666666667,2.2537283480193335
2017-12-16,Brighton Preston Park,6.542,6.542,V ugm-3 (GRAV EMFAB),False,False,False,False,6.72,1.8016222689563237
2017-12-17,Brighton Preston Park,9.667,9.667,V ugm-3 (GRAV EMFAB),False,False,False,False,7.359000000000001,2.082178090365804
2017-12-18,Brighton Preston Park,14.292,14.292,V ugm-3 (GRAV EMFAB),False,False,False,False,8.349428571428572,3.237210108367056
2017-12-19,Brighton Preston Park,19.042,19.042,V ugm-3 (GRAV EMFAB),False,False,False,False,9.611428571428572,5.205853495734131
2017-12-20,Brighton Preston Park,12.25,12.25,V ugm-3 (GRAV EMFAB),False,False,False,False,10.595428571428572,4.911416762915498
2017-12-21,Brighton Preston Park,12.125,12.125,V ugm-3 (GRAV EMFAB),False,False,False,False,11.351428571428572,4.635282366700804
2017-12-22,Brighton Preston Park,10.458,10.458,V ugm-3 (GRAV EMFAB),False,False,False,False,12.053714285714287,3.9266477099550294
2017-12-23,Brighton Preston Park,6.917,6.917,V ugm-3 (GRAV EMFAB),False,False,False,False,12.107285714285714,3.8405321555866556
2017-12-24,Brighton Preston Park,3.542,3.542,V ugm-3 (GRAV EMFAB),False,False,False,False,11.232285714285714,5.009122901077095
2017-12-25,Brighton Preston Park,7.667,7.667,V ugm-3 (GRAV EMFAB),False,False,False,False,10.285857142857143,4.960295603710548
2017-12-26,Brighton Preston Park,5.875,5.875,V ugm-3 (GRAV EMFAB),False,False,False,False,8.404857142857143,3.3077104583367105
2017-12-27,Brighton Preston Park,4.125,4.125,V ugm-3 (GRAV EMFAB),False,False,False,False,7.244142857142857,3.15560191979121
2017-12-28,Brighton Preston Park,10.042,10.042,V ugm-3 (GRAV EMFAB),False,False,False,False,6.9465714285714295,2.681179395784703
2017-12-29,Brighton Preston Park,6.833,6.833,V ugm-3 (GRAV EMFAB),False,False,False,False,6.428714285714285,2.1961281621893884
2017-12-30,Brighton Preston Park,15.375,15.375,V ugm-3 (GRAV EMFAB),False,False,False,False,7.6370000000000005,4.05207350213026
2018-01-01,Brighton Preston Park,4.083,4.083,V ugm-3 (GRAV EMFAB),False,False,False,False,7.714285714285714,3.9651792189124015
2018-01-02,Brighton Preston Park,4.083,4.083,V ugm-3 (GRAV EMFAB),False,False,False,False,7.202285714285714,4.196920883786278
2018-01-03,Brighton Preston Park,28.923,28.923,V ugm-3 (GRAV EMFAB),True,True,False,False,10.494857142857143,9.127115506894288
2018-01-04,Brighton Preston Park,5.667,5.667,V ugm-3 (GRAV EMFAB),False,False,False,False,10.715142857142856,8.964921163969608
2018-01-05,Brighton Preston Park,4.895,4.895,V ugm-3 (GRAV EMFAB),False,False,False,False,9.979857142857142,9.236298815517149
2018-01-06,Brighton Preston Park,10.875,10.875,V ugm-3 (GRAV EMFAB),False,False,False,False,10.557285714285713,9.132541627139089
2018-01-07,Brighton Preston Park,10.417,10.417,V ugm-3 (GRAV EMFAB),False,False,False,False,9.849,8.885545640720833
2018-01-08,Brighton Preston Park,3.208,3.208,V ugm-3 (GRAV EMFAB),False,False,False,False,9.724,8.985769100824538
2018-01-09,Brighton Preston Park,8.125,8.125,V ugm-3 (GRAV EMFAB),False,False,False,False,10.301428571428572,8.687790587123631
2018-01-10,Brighton Preston Park,4.133,4.133,V ugm-3 (GRAV EMFAB),False,False,False,False,6.76,3.0648764521047376
2018-01-11,Brighton Preston Park,6.083,6.083,V ugm-3 (GRAV EMFAB),False,False,False,False,6.819428571428571,3.0441135467839806
2018-01-12,Brighton Preston Park,3.667,3.667,V ugm-3 (GRAV EMFAB),False,False,False,False,6.644,3.2046507349994915
2018-01-13,Brighton Preston Park,15.375,15.375,V ugm-3 (GRAV EMFAB),False,False,False,False,7.286857142857143,4.416915606641128
2018-01-14,Brighton Preston Park,18.5,18.5,V ugm-3 (GRAV EMFAB),False,False,False,False,8.441571428571429,6.105435880075547
2018-01-15,Brighton Preston Park,7.417,7.417,V ugm-3 (GRAV EMFAB),False,False,False,False,9.042857142857143,5.697759045700051
2018-01-16,Brighton Preston Park,4.5,4.5,V ugm-3 (GRAV EMFAB),False,False,False,False,8.525,5.954054724863238
2018-01-17,Brighton Preston Park,5.667,5.667,V ugm-3 (GRAV EMFAB),False,False,False,False,8.744142857142858,5.791472766880926
2018-01-18,Brighton Preston Park,6.333,6.333,V ugm-3 (GRAV EMFAB),False,False,False,False,8.779857142857143,5.773068809237429
2018-01-19,Brighton Preston Park,6.042,6.042,V ugm-3 (GRAV EMFAB),False,False,False,False,9.119142857142858,5.485111528145084
2018-01-20,Brighton Preston Park,5.833,5.833,V ugm-3 (GRAV EMFAB),False,False,False,False,7.756,4.816197808783693
2018-01-21,Brighton Preston Park,6.917,6.917,V ugm-3 (GRAV EMFAB),False,False,False,False,6.101285714285715,0.937940778920122
2018-01-22,Brighton Preston Park,7.375,7.375,V ugm-3 (GRAV EMFAB),False,False,False,False,6.095285714285715,0.9282052061701038
2018-01-23,Brighton Preston Park,5.458,5.458,V ugm-3 (GRAV EMFAB),False,False,False,False,6.232142857142857,0.6951590773747648
2018-01-24,Brighton Preston Park,5.542,5.542,V ugm-3 (GRAV EMFAB),False,False,False,False,6.214285714285714,0.7134605138066819
2018-01-25,Brighton Preston Park,3.458,3.458,V ugm-3 (GRAV EMFAB),False,False,False,False,5.803571428571429,1.2554129277042574
2018-01-26,Brighton Preston Park,11.667,11.667,V ugm-3 (GRAV EMFAB),False,False,False,False,6.607142857142857,2.5579688184553575
2018-01-27,Brighton Preston Park,9.708,9.708,V ugm-3 (GRAV EMFAB),False,False,False,False,7.160714285714286,2.7727890720526696
2018-01-28,Brighton Preston Park,5.75,5.75,V ugm-3 (GRAV EMFAB),False,False,False,False,6.994,2.8244857349022174
2018-01-29,Brighton Preston Park,6.792,6.792,V ugm-3 (GRAV EMFAB),False,False,False,False,6.910714285714286,2.819970609438099
2018-01-30,Brighton Preston Park,6.0,6.0,V ugm-3 (GRAV EMFAB),False,False,False,False,6.988142857142857,2.7806012796138044
2018-01-31,Brighton Preston Park,,,V ugm-3 (GRAV EMFAB),False,False,False,False,7.229166666666667,2.9648128721162204
2018-02-01,Brighton Preston Park,8.208,8.208,V ugm-3 (GRAV EMFAB),False,False,False,False,8.020833333333334,2.3206282267235547
2018-02-02,Brighton Preston Park,6.333,6.333,V ugm-3 (GRAV EMFAB),False,False,False,False,7.131833333333333,1.5322467708127252
2018-02-03,Brighton Preston Park,37.465,37.465,V ugm-3 (GRAV EMFAB),True,True,False,False,11.758000000000001,12.623745545597782
2018-02-04,Brighton Preston Park,5.792,5.792,V ugm-3 (GRAV EMFAB),False,False,False,False,11.765,12.619758761561167
2018-02-05,Brighton Preston Park,4.561,4.561,V ugm-3 (GRAV EMFAB),False,False,False,False,11.393166666666666,12.826760174208703
2018-02-06,Brighton Preston Park,6.75,6.75,V ugm-3 (GRAV EMFAB),False,False,False,False,11.518166666666666,12.767207077770239
2018-02-07,Brighton Preston Park,8.292,8.292,V ugm-3 (GRAV EMFAB),False,False,False,False,11.057285714285713,11.718426767478718
2018-02-08,Brighton Preston Park,6.375,6.375,V ugm-3 (GRAV EMFAB),False,False,False,False,10.795428571428571,11.812807609499421
2018-02-09,Brighton Preston Park,10.958,10.958,V ugm-3 (GRAV EMFAB),False,False,False,False,11.456142857142856,11.649834754601615
2018-02-10,Brighton Preston Park,4.716,4.716,V ugm-3 (GRAV EMFAB),False,False,False,False,6.7777142857142865,2.2385604536758317
2018-02-11,Brighton Preston Park,13.792,13.792,V ugm-3 (GRAV EMFAB),False,False,False,False,7.920571428571429,3.3949136394092783
2018-02-12,Brighton Preston Park,5.417,5.417,V ugm-3 (GRAV EMFAB),False,False,False,False,8.042857142857143,3.2667288648111006
2018-02-13,Brighton Preston Park,6.167,6.167,V ugm-3 (GRAV EMFAB),False,False,False,False,7.9595714285714285,3.3122980369697745
2018-02-14,Brighton Preston Park,5.625,5.625,V ugm-3 (GRAV EMFAB),False,False,False,False,7.578571428571428,3.419344423382031
2018-02-15,Brighton Preston Park,6.958,6.958,V ugm-3 (GRAV EMFAB),False,False,False,False,7.6618571428571425,3.3921346980217817
2018-02-16,Brighton Preston Park,11.625,11.625,V ugm-3 (GRAV EMFAB),False,False,False,False,7.757142857142857,3.507559808402892
2018-02-17,Brighton Preston Park,12.25,12.25,V ugm-3 (GRAV EMFAB),False,False,False,False,8.833428571428572,3.5741277190918295
2018-02-18,Brighton Preston Park,10.5,10.5,V ugm-3 (GRAV EMFAB),False,False,False,False,8.363142857142858,2.9801617086197494
2018-02-19,Brighton Preston Park,6.333,6.333,V ugm-3 (GRAV EMFAB),False,False,False,False,8.494,2.846343853671393
2018-02-20,Brighton Preston Park,5.625,5.625,V ugm-3 (GRAV EMFAB),False,False,False,False,8.416571428571428,2.926439979288919
2018-02-21,Brighton Preston Park,26.234,26.234,V ugm-3 (GRAV EMFAB),False,False,False,False,11.360714285714286,7.075501812929012
2018-02-22,Brighton Preston Park,20.298,20.298,V ugm-3 (GRAV EMFAB),False,False,False,False,13.266428571428573,7.477135254831733
2018-02-23,Brighton Preston Park,19.465,19.465,V ugm-3 (GRAV EMFAB),False,False,False,False,14.38642857142857,7.771663375304396
2018-02-24,Brighton Preston Park,19.006,19.006,V ugm-3 (GRAV EMFAB),False,False,False,False,15.351571428571429,7.880864141643846
2018-02-25,Brighton Preston Park,9.09,9.09,V ugm-3 (GRAV EMFAB),False,False,False,False,15.150142857142857,8.041907266077533
2018-02-26,Brighton Preston Park,6.212,6.212,V ugm-3 (GRAV EMFAB),False,False,False,False,15.132857142857144,8.06411736084762
2018-02-27,Brighton Preston Park,6.215,6.215,V ugm-3 (GRAV EMFAB),False,False,False,False,15.217142857142859,7.950461546949584
2018-02-28,Brighton Preston Park,15.131,15.131,V ugm-3 (GRAV EMFAB),False,False,False,False,13.631,6.3283010884965565
2018-03-01,Brighton Preston Park,8.625,8.625,V ugm-3 (GRAV EMFAB),False,False,False,False,11.96342857142857,5.794105535143526
2018-03-02,Brighton Preston Park,6.0,6.0,V ugm-3 (GRAV EMFAB),False,False,False,False,10.039857142857143,5.079664865210781
2018-03-03,Brighton Preston Park,29.131,29.131,V ugm-3 (GRAV EMFAB),True,True,False,False,11.486285714285714,8.40885346354831
2018-03-04,Brighton Preston Park,6.833,6.833,V ugm-3 (GRAV EMFAB),False,False,False,False,11.163857142857143,8.557998800899092
2018-03-05,Brighton Preston Park,5.478,5.478,V ugm-3 (GRAV EMFAB),False,False,False,False,11.059,8.632952160182507
2018-03-06,Brighton Preston Park,4.917,4.917,V ugm-3 (GRAV EMFAB),False,False,False,False,10.873571428571429,8.767233692507999
2018-03-07,Brighton Preston Park,6.458,6.458,V ugm-3 (GRAV EMFAB),False,False,False,False,9.63457142857143,8.67767293800863
2018-03-08,Brighton Preston Park,6.708,6.708,V ugm-3 (GRAV EMFAB),False,False,False,False,9.360714285714286,8.744833211946446
2018-03-09,Brighton Preston Park,10.083,10.083,V ugm-3 (GRAV EMFAB),False,False,False,False,9.944,8.618568984079262
2018-03-10,Brighton Preston Park,5.383,5.383,V ugm-3 (GRAV EMFAB),False,False,False,False,6.551428571428572,1.721111739268271
2018-03-11,Brighton Preston Park,4.417,4.417,V ugm-3 (GRAV EMFAB),False,False,False,False,6.206285714285714,1.8892675577485867
2018-03-12,Brighton Preston Park,9.75,9.75,V ugm-3 (GRAV EMFAB),False,False,False,False,6.816571428571429,2.2670230742202593
2018-03-13,Brighton Preston Park,7.333,7.333,V ugm-3 (GRAV EMFAB),False,False,False,False,7.161714285714285,2.107954119858413
2018-03-14,Brighton Preston Park,8.25,8.25,V ugm-3 (GRAV EMFAB),False,False,False,False,7.417714285714285,2.1170428837007713
2018-03-15,Brighton Preston Park,5.375,5.375,V ugm-3 (GRAV EMFAB),False,False,False,False,7.227285714285714,2.2474566895555657
2018-03-16,Brighton Preston Park,10.708,10.708,V ugm-3 (GRAV EMFAB),False,False,False,False,7.316571428571428,2.387845392618022
2018-03-17,Brighton Preston Park,11.625,11.625,V ugm-3 (GRAV EMFAB),False,False,False,False,8.208285714285713,2.691610776362018
2018-03-18,Brighton Preston Park,21.583,21.583,V ugm-3 (GRAV EMFAB),False,False,False,False,10.660571428571428,5.258038444678212
2018-03-19,Brighton Preston Park,11.125,11.125,V ugm-3 (GRAV EMFAB),False,False,False,False,10.857,5.244016812838525
2018-03-20,Brighton Preston Park,7.833,7.833,V ugm-3 (GRAV EMFAB),False,False,False,False,10.92842857142857,5.1911552939316
2018-03-21,Brighton Preston Park,11.208,11.208,V ugm-3 (GRAV EMFAB),False,False,False,False,11.350999999999999,5.055405918420382
2018-03-22,Brighton Preston Park,6.042,6.042,V ugm-3 (GRAV EMFAB),False,False,False,False,11.446285714285713,4.92869359682953
2018-03-23,Brighton Preston Park,8.458,8.458,V ugm-3 (GRAV EMFAB),False,False,False,False,11.124857142857142,5.056574842999651
2018-03-24,Brighton Preston Park,15.417,15.417,V ugm-3 (GRAV EMFAB),False,False,False,False,11.666571428571428,5.315572432552691
2018-03-25,Brighton Preston Park,29.375,29.375,V ugm-3 (GRAV EMFAB),True,True,False,False,12.779714285714286,7.917397925124255
2018-03-26,Brighton Preston Park,9.583,9.583,V ugm-3 (GRAV EMFAB),False,False,False,False,12.559428571428572,7.992208306785274
2018-03-27,Brighton Preston Park,5.458,5.458,V ugm-3 (GRAV EMFAB),False,False,False,False,12.220142857142859,8.271816798192344
2018-03-28,Brighton Preston Park,3.625,3.625,V ugm-3 (GRAV EMFAB),False,False,False,False,11.136857142857142,8.899206058755482
2018-03-29,Brighton Preston Park,4.583,4.583,V ugm-3 (GRAV EMFAB),False,False,False,False,10.928428571428572,9.054157311370695
2018-03-30,Brighton Preston Park,3.583,3.583,V ugm-3 (GRAV EMFAB),False,False,False,False,10.232,9.454485725481481
2018-03-31,Brighton Preston Park,4.125,4.125,V ugm-3 (GRAV EMFAB),False,False,False,False,8.618857142857143,9.385444553999033
2018-04-01,Brighton Preston Park,6.667,6.667,V ugm-3 (GRAV EMFAB),False,False,False,False,5.374857142857143,2.154334578516027
2018-04-02,Brighton Preston Park,4.333,4.333,V ugm-3 (GRAV EMFAB),False,False,False,False,4.624857142857143,1.1020015772174578
2018-04-03,Brighton Preston Park,6.548,6.548,V ugm-3 (GRAV EMFAB),False,False,False,False,4.780571428571428,1.2987858249330106
2018-04-04,Brighton Preston Park,6.917,6.917,V ugm-3 (GRAV EMFAB),False,False,False,False,5.250857142857143,1.4024899795921837
2018-04-05,Brighton Preston Park,9.333,9.333,V ugm-3 (GRAV EMFAB),False,False,False,False,5.929428571428572,2.032917104158541
2018-04-06,Brighton Preston Park,9.083,9.083,V ugm-3 (GRAV EMFAB),False,False,False,False,6.715142857142857,2.0377425768539243
2018-04-07,Brighton Preston Park,9.917,9.917,V ugm-3 (GRAV EMFAB),False,False,False,False,7.542571428571429,1.9859905888616765
2018-04-08,Brighton Preston Park,9.125,9.125,V ugm-3 (GRAV EMFAB),False,False,False,False,7.893714285714286,2.0223458914739245
2018-04-09,Brighton Preston Park,10.333,10.333,V ugm-3 (GRAV EMFAB),False,False,False,False,8.750857142857143,1.4530352632300787
2018-04-10,Brighton Preston Park,7.383,7.383,V ugm-3 (GRAV EMFAB),False,False,False,False,8.870142857142858,1.2640357891254954
2018-04-11,Brighton Preston Park,10.25,10.25,V ugm-3 (GRAV EMFAB),False,False,False,False,9.346285714285715,1.007387167260722
2018-04-12,Brighton Preston Park,4.167,4.167,V ugm-3 (GRAV EMFAB),False,False,False,False,8.608285714285715,2.2023203456267484
2018-04-13,Brighton Preston Park,25.708,25.708,V ugm-3 (GRAV EMFAB),False,False,False,False,10.983285714285714,6.853123246965215
2018-04-14,Brighton Preston Park,29.417,29.417,V ugm-3 (GRAV EMFAB),True,True,False,False,13.769,9.713694954375843
2018-04-15,Brighton Preston Park,15.042,15.042,V ugm-3 (GRAV EMFAB),False,False,False,False,14.614285714285714,9.49725798523423
2018-04-16,Brighton Preston Park,8.667,8.667,V ugm-3 (GRAV EMFAB),False,False,False,False,14.376285714285714,9.642196736468408
2018-04-17,Brighton Preston Park,8.875,8.875,V ugm-3 (GRAV EMFAB),False,False,False,False,14.589428571428572,9.47691790364257
2018-04-18,Brighton Preston Park,3.125,3.125,V ugm-3 (GRAV EMFAB),False,False,False,False,13.57157142857143,10.361966413397651
2018-04-19,Brighton Preston Park,20.811,20.811,V ugm-3 (GRAV EMFAB),False,False,False,False,15.949285714285713,9.734909462244396
2018-04-20,Brighton Preston Park,18.103,18.103,V ugm-3 (GRAV EMFAB),False,False,False,False,14.862857142857143,8.848299882436397
2018-04-21,Brighton Preston Park,33.478,33.478,V ugm-3 (GRAV EMFAB),True,True,False,False,15.443,10.017476179158113
2018-04-22,Brighton Preston Park,17.853,17.853,V ugm-3 (GRAV EMFAB),False,False,False,False,15.84457142857143,10.054994245931448
2018-04-23,Brighton Preston Park,3.686,3.686,V ugm-3 (GRAV EMFAB),False,False,False,False,15.133,10.796499787739862
2018-04-24,Brighton Preston Park,5.728,5.728,V ugm-3 (GRAV EMFAB),False,False,False,False,14.68342857142857,11.159921637376364
2018-04-25,Brighton Preston Park,4.77,4.77,V ugm-3 (GRAV EMFAB),False,False,False,False,14.918428571428572,10.890020857909983
2018-04-26,Brighton Preston Park,4.561,4.561,V ugm-3 (GRAV EMFAB),False,False,False,False,12.597,11.153370492068007
2018-04-27,Brighton Preston Park,5.228,5.228,V ugm-3 (GRAV EMFAB),False,False,False,False,10.757714285714286,11.155651493216121
2018-04-28,Brighton Preston Park,7.645,7.645,V ugm-3 (GRAV EMFAB),False,False,False,False,7.067285714285715,4.913147793227351
2018-04-29,Brighton Preston Park,4.77,4.77,V ugm-3 (GRAV EMFAB),False,False,False,False,5.198285714285714,1.2468553396824478
2018-04-30,Brighton Preston Park,4.895,4.895,V ugm-3 (GRAV EMFAB),False,False,False,False,5.3709999999999996,1.07424795399669
2018-05-01,Brighton Preston Park,5.625,5.625,V ugm-3 (GRAV EMFAB),False,False,False,False,5.356285714285714,1.0692367549306585
2018-05-02,Brighton Preston Park,6.0,6.0,V ugm-3 (GRAV EMFAB),False,False,False,False,5.532000000000001,1.0578367864023672
2018-05-03,Brighton Preston Park,6.965,6.965,V ugm-3 (GRAV EMFAB),False,False,False,False,5.8754285714285714,1.0800584640257833
2018-05-04,Brighton Preston Park,3.458,3.458,V ugm-3 (GRAV EMFAB),False,False,False,False,5.622571428571428,1.4128220998107701
2018-05-05,Brighton Preston Park,12.833,12.833,V ugm-3 (GRAV EMFAB),False,False,False,False,6.363714285714286,3.0559071601454226
2018-05-06,Brighton Preston Park,6.792,6.792,V ugm-3 (GRAV EMFAB),False,False,False,False,6.652571428571428,2.9746385134523146
2018-05-07,Brighton Preston Park,12.667,12.667,V ugm-3 (GRAV EMFAB),False,False,False,False,7.762857142857143,3.595042856887348
2018-05-08,Brighton Preston Park,8.792,8.792,V ugm-3 (GRAV EMFAB),False,False,False,False,8.215285714285715,3.4785499715774595
2018-05-09,Brighton Preston Park,8.5,8.5,V ugm-3 (GRAV EMFAB),False,False,False,False,8.57242857142857,3.338726646349965
2018-05-10,Brighton Preston Park,9.5,9.5,V ugm-3 (GRAV EMFAB),False,False,False,False,8.934571428571429,3.272132426881179
2018-05-11,Brighton Preston Park,15.25,15.25,V ugm-3 (GRAV EMFAB),False,False,False,False,10.619142857142858,3.007447446399848
2018-05-12,Brighton Preston Park,5.917,5.917,V ugm-3 (GRAV EMFAB),False,False,False,False,9.631142857142859,3.2823877705399505
2018-05-13,Brighton Preston Park,6.75,6.75,V ugm-3 (GRAV EMFAB),False,False,False,False,9.625142857142858,3.288475250962097
2018-05-14,Brighton Preston Park,5.583,5.583,V ugm-3 (GRAV EMFAB),False,False,False,False,8.613142857142856,3.286371678542078
2018-05-15,Brighton Preston Park,10.875,10.875,V ugm-3 (GRAV EMFAB),False,False,False,False,8.910714285714286,3.397685472704656
2018-05-16,Brighton Preston Park,9.583,9.583,V ugm-3 (GRAV EMFAB),False,False,False,False,9.065428571428571,3.4005226489047224
2018-05-17,Brighton Preston Park,7.292,7.292,V ugm-3 (GRAV EMFAB),False,False,False,False,8.75,3.4554559756998318
2018-05-18,Brighton Preston Park,7.708,7.708,V ugm-3 (GRAV EMFAB),False,False,False,False,7.672571428571429,1.9300627672989998
2018-05-19,Brighton Preston Park,12.833,12.833,V ugm-3 (GRAV EMFAB),False,False,False,False,8.660571428571428,2.551660822362687
2018-05-20,Brighton Preston Park,15.292,15.292,V ugm-3 (GRAV EMFAB),False,False,False,False,9.880857142857142,3.390371632951701
2018-05-21,Brighton Preston Park,11.375,11.375,V ugm-3 (GRAV EMFAB),False,False,False,False,10.708285714285713,2.826544988396331
2018-05-22,Brighton Preston Park,12.667,12.667,V ugm-3 (GRAV EMFAB),False,False,False,False,10.964285714285714,2.9236437148579575
2018-05-23,Brighton Preston Park,13.5,13.5,V ugm-3 (GRAV EMFAB),False,False,False,False,11.523857142857143,2.989320180719532
2018-05-24,Brighton Preston Park,23.0,23.0,V ugm-3 (GRAV EMFAB),False,False,False,False,13.767857142857142,4.693269984015116
2018-05-25,Brighton Preston Park,,,V ugm-3 (GRAV EMFAB),False,False,False,False,14.777833333333334,4.226547499634531
2018-05-26,Brighton Preston Park,,,V ugm-3 (GRAV EMFAB),False,False,False,False,15.1668,4.603793729089125
2018-05-27,Brighton Preston Park,,,V ugm-3 (GRAV EMFAB),False,False,False,False,15.1355,5.315388759692666
2018-05-28,Brighton Preston Park,,,V ugm-3 (GRAV EMFAB),False,False,False,False,16.389,5.740423590642161
2018-05-29,Brighton Preston Park,,,V ugm-3 (GRAV EMFAB),False,False,False,False,18.25,6.717514421272431
2018-05-30,Brighton Preston Park,,,V ugm-3 (GRAV EMFAB),False,False,False,False,23.0,
2018-05-31,Brighton Preston Park,16.208,16.208,V ugm-3 (GRAV EMFAB),False,False,False,False,16.208,
2018-06-01,Brighton Preston Park,5.708,5.708,V ugm-3 (GRAV EMFAB),False,False,False,False,10.957999999999998,7.424621202458747
2018-06-02,Brighton Preston Park,11.25,11.25,V ugm-3 (GRAV EMFAB),False,False,False,False,11.055333333333332,5.252706096226336
2018-06-03,Brighton Preston Park,5.965,5.965,V ugm-3 (GRAV EMFAB),False,False,False,False,9.78275,4.987165619534472
2018-06-04,Brighton Preston Park,9.708,9.708,V ugm-3 (GRAV EMFAB),False,False,False,False,9.7678,4.31914148876834
2018-06-05,Brighton Preston Park,18.167,18.167,V ugm-3 (GRAV EMFAB),False,False,False,False,11.167666666666667,5.165437703299369
2018-06-06,Brighton Preston Park,10.417,10.417,V ugm-3 (GRAV EMFAB),False,False,False,False,11.060428571428572,4.723906111723745
2018-06-07,Brighton Preston Park,17.0,17.0,V ugm-3 (GRAV EMFAB),False,False,False,False,11.17357142857143,4.874818658409865
2018-06-08,Brighton Preston Park,10.375,10.375,V ugm-3 (GRAV EMFAB),False,False,False,False,11.840285714285715,4.286351039998385
2018-06-09,Brighton Preston Park,7.292,7.292,V ugm-3 (GRAV EMFAB),False,False,False,False,11.274857142857144,4.6248843383221105
2018-06-10,Brighton Preston Park,6.5,6.5,V ugm-3 (GRAV EMFAB),False,False,False,False,11.351285714285714,4.5258722810925525
2018-06-11,Brighton Preston Park,9.458,9.458,V ugm-3 (GRAV EMFAB),False,False,False,False,11.31557142857143,4.541958713196427
2018-06-12,Brighton Preston Park,8.917,8.917,V ugm-3 (GRAV EMFAB),False,False,False,False,9.994142857142858,3.424524075379982
2018-06-13,Brighton Preston Park,3.583,3.583,V ugm-3 (GRAV EMFAB),False,False,False,False,9.017857142857142,4.175647631548561
2018-06-14,Brighton Preston Park,6.125,6.125,V ugm-3 (GRAV EMFAB),False,False,False,False,7.464285714285714,2.3228978822644155
2018-06-15,Brighton Preston Park,7.5,7.5,V ugm-3 (GRAV EMFAB),False,False,False,False,7.053571428571429,1.9460790372046934
2018-06-16,Brighton Preston Park,4.792,4.792,V ugm-3 (GRAV EMFAB),False,False,False,False,6.696428571428571,2.1169294475050906
2018-06-17,Brighton Preston Park,4.125,4.125,V ugm-3 (GRAV EMFAB),False,False,False,False,6.357142857142857,2.332959453038935
2018-06-18,Brighton Preston Park,5.208,5.208,V ugm-3 (GRAV EMFAB),False,False,False,False,5.75,1.9053020757874344
2018-06-19,Brighton Preston Park,4.042,4.042,V ugm-3 (GRAV EMFAB),False,False,False,False,5.053571428571429,1.370726189183741
2018-06-20,Brighton Preston Park,2.75,2.75,V ugm-3 (GRAV EMFAB),False,False,False,False,4.934571428571429,1.5447802278579454
2018-06-21,Brighton Preston Park,4.875,4.875,V ugm-3 (GRAV EMFAB),False,False,False,False,4.756,1.4538047782743129
2018-06-22,Brighton Preston Park,5.917,5.917,V ugm-3 (GRAV EMFAB),False,False,False,False,4.529857142857143,1.0117386732042173
2018-06-23,Brighton Preston Park,9.042,9.042,V ugm-3 (GRAV EMFAB),False,False,False,False,5.1370000000000005,1.9938258031566423
2018-06-24,Brighton Preston Park,9.042,9.042,V ugm-3 (GRAV EMFAB),False,False,False,False,5.839428571428572,2.402189546860848
2018-06-25,Brighton Preston Park,5.792,5.792,V ugm-3 (GRAV EMFAB),False,False,False,False,5.922857142857143,2.386696212240619
2018-06-26,Brighton Preston Park,5.417,5.417,V ugm-3 (GRAV EMFAB),False,False,False,False,6.119285714285715,2.259280542878304
2018-06-27,Brighton Preston Park,5.042,5.042,V ugm-3 (GRAV EMFAB),False,False,False,False,6.446714285714286,1.8112649092356674
2018-06-28,Brighton Preston Park,7.958,7.958,V ugm-3 (GRAV EMFAB),False,False,False,False,6.887142857142857,1.7387706795867024
2018-06-29,Brighton Preston Park,6.167,6.167,V ugm-3 (GRAV EMFAB),False,False,False,False,6.922857142857143,1.7179658930036232
2018-06-30,Brighton Preston Park,8.0,8.0,V ugm-3 (GRAV EMFAB),False,False,False,False,6.774,1.53963209891192
2018-07-01,Brighton Preston Park,5.292,5.292,V ugm-3 (GRAV EMFAB),False,False,False,False,6.238285714285715,1.2427371288524725
2018-07-02,Brighton Preston Park,11.737,11.737,V ugm-3 (GRAV EMFAB),False,False,False,False,7.087571428571429,2.3893533893184467
2018-07-03,Brighton Preston Park,6.34,6.34,V ugm-3 (GRAV EMFAB),False,False,False,False,7.219428571428572,2.3058045491861514
2018-07-04,Brighton Preston Park,11.125,11.125,V ugm-3 (GRAV EMFAB),False,False,False,False,8.08842857142857,2.4875213136200927
2018-07-05,Brighton Preston Park,24.292,24.292,V ugm-3 (GRAV EMFAB),False,False,False,False,10.421857142857144,6.602412019572125
2018-07-06,Brighton Preston Park,12.583,12.583,V ugm-3 (GRAV EMFAB),False,False,False,False,11.33842857142857,6.353962985338176
2018-07-07,Brighton Preston Park,16.583,16.583,V ugm-3 (GRAV EMFAB),False,False,False,False,12.564571428571428,6.43005331385733
2018-07-08,Brighton Preston Park,7.75,7.75,V ugm-3 (GRAV EMFAB),False,False,False,False,12.915714285714285,6.02080016039634
2018-07-09,Brighton Preston Park,4.208,4.208,V ugm-3 (GRAV EMFAB),False,False,False,False,11.840142857142856,6.877949680647847
2018-07-10,Brighton Preston Park,5.375,5.375,V ugm-3 (GRAV EMFAB),False,False,False,False,11.702285714285713,7.014872527097593
2018-07-11,Brighton Preston Park,5.625,5.625,V ugm-3 (GRAV EMFAB),False,False,False,False,10.916571428571428,7.388384281134426
2018-07-12,Brighton Preston Park,4.875,4.875,V ugm-3 (GRAV EMFAB),False,False,False,False,8.142714285714286,4.677389682087132
2018-07-13,Brighton Preston Park,7.875,7.875,V ugm-3 (GRAV EMFAB),False,False,False,False,7.470142857142856,4.251605831078071
2018-07-14,Brighton Preston Park,8.042,8.042,V ugm-3 (GRAV EMFAB),False,False,False,False,6.25,1.5978385400283377
2018-07-15,Brighton Preston Park,8.375,8.375,V ugm-3 (GRAV EMFAB),False,False,False,False,6.339285714285714,1.7092078783543163
2018-07-16,Brighton Preston Park,8.458,8.458,V ugm-3 (GRAV EMFAB),False,False,False,False,6.946428571428571,1.5755720503087725
2018-07-17,Brighton Preston Park,5.042,5.042,V ugm-3 (GRAV EMFAB),False,False,False,False,6.8988571428571435,1.6348385678277366
2018-07-18,Brighton Preston Park,4.792,4.792,V ugm-3 (GRAV EMFAB),False,False,False,False,6.779857142857144,1.7679173650156024
2018-07-19,Brighton Preston Park,5.75,5.75,V ugm-3 (GRAV EMFAB),False,False,False,False,6.904857142857144,1.6368639149881639
2018-07-20,Brighton Preston Park,9.542,9.542,V ugm-3 (GRAV EMFAB),False,False,False,False,7.143000000000001,1.9014162265707564
2018-07-21,Brighton Preston Park,10.458,10.458,V ugm-3 (GRAV EMFAB),False,False,False,False,7.488142857142857,2.2744765279488797
2018-07-22,Brighton Preston Park,7.167,7.167,V ugm-3 (GRAV EMFAB),False,False,False,False,7.315571428571429,2.241562390918634
2018-07-23,Brighton Preston Park,6.5,6.5,V ugm-3 (GRAV EMFAB),False,False,False,False,7.035857142857144,2.1969655154759216
2018-07-24,Brighton Preston Park,6.833,6.833,V ugm-3 (GRAV EMFAB),False,False,False,False,7.291714285714286,2.0235031269463892
2018-07-25,Brighton Preston Park,7.292,7.292,V ugm-3 (GRAV EMFAB),False,False,False,False,7.6488571428571435,1.7042085581065851
2018-07-26,Brighton Preston Park,13.75,13.75,V ugm-3 (GRAV EMFAB),False,False,False,False,8.791714285714287,2.642643544778948
2018-07-27,Brighton Preston Park,6.0,6.0,V ugm-3 (GRAV EMFAB),False,False,False,False,8.285714285714286,2.8089107446532546
2018-07-28,Brighton Preston Park,5.542,5.542,V ugm-3 (GRAV EMFAB),False,False,False,False,7.583428571428571,2.789760554667885
2018-07-29,Brighton Preston Park,3.458,3.458,V ugm-3 (GRAV EMFAB),False,False,False,False,7.053571428571429,3.203568107446371
2018-07-30,Brighton Preston Park,,,V ugm-3 (GRAV EMFAB),False,False,False,False,7.145833333333333,3.4991306587017514
2018-07-31,Brighton Preston Park,3.667,3.667,V ugm-3 (GRAV EMFAB),False,False,False,False,6.618166666666666,3.782945964016211
2018-08-01,Brighton Preston Park,11.167,11.167,V ugm-3 (GRAV EMFAB),False,False,False,False,7.264,4.225840271472632
2018-08-02,Brighton Preston Park,7.917,7.917,V ugm-3 (GRAV EMFAB),False,False,False,False,6.291833333333333,2.89745387653825
2018-08-03,Brighton Preston Park,5.281,5.281,V ugm-3 (GRAV EMFAB),False,False,False,False,6.172,2.9266585725020717
2018-08-04,Brighton Preston Park,9.042,9.042,V ugm-3 (GRAV EMFAB),False,False,False,False,6.755333333333333,3.118492755589877
2018-08-05,Brighton Preston Park,22.25,22.25,V ugm-3 (GRAV EMFAB),False,False,False,False,9.887333333333332,6.6178656579494435
2018-08-06,Brighton Preston Park,11.083,11.083,V ugm-3 (GRAV EMFAB),False,False,False,False,10.058142857142856,6.05813663399815
2018-08-07,Brighton Preston Park,9.917,9.917,V ugm-3 (GRAV EMFAB),False,False,False,False,10.950999999999999,5.382053108867159
2018-08-08,Brighton Preston Park,2.917,2.917,V ugm-3 (GRAV EMFAB),False,False,False,False,9.772428571428572,6.172172223162677
2018-08-09,Brighton Preston Park,3.292,3.292,V ugm-3 (GRAV EMFAB),False,False,False,False,9.111714285714285,6.63415148340478
2018-08-10,Brighton Preston Park,4.458,4.458,V ugm-3 (GRAV EMFAB),False,False,False,False,8.994142857142858,6.720090759024297
2018-08-11,Brighton Preston Park,6.458,6.458,V ugm-3 (GRAV EMFAB),False,False,False,False,8.625,6.787655265259126
2018-08-12,Brighton Preston Park,5.5,5.5,V ugm-3 (GRAV EMFAB),False,False,False,False,6.232142857142857,3.174855032310979
2018-08-13,Brighton Preston Park,3.667,3.667,V ugm-3 (GRAV EMFAB),False,False,False,False,5.172714285714286,2.4382591955659163
2018-08-14,Brighton Preston Park,4.083,4.083,V ugm-3 (GRAV EMFAB),False,False,False,False,4.339285714285714,1.2574879342410124
2018-08-15,Brighton Preston Park,5.083,5.083,V ugm-3 (GRAV EMFAB),False,False,False,False,4.648714285714285,1.1066200363095438
2018-08-16,Brighton Preston Park,4.375,4.375,V ugm-3 (GRAV EMFAB),False,False,False,False,4.803428571428571,0.9499419029853636
2018-08-17,Brighton Preston Park,4.667,4.667,V ugm-3 (GRAV EMFAB),False,False,False,False,4.833285714285714,0.9405131071716866
2018-08-18,Brighton Preston Park,8.292,8.292,V ugm-3 (GRAV EMFAB),False,False,False,False,5.095285714285715,1.5356805998519831
2018-08-19,Brighton Preston Park,8.25,8.25,V ugm-3 (GRAV EMFAB),False,False,False,False,5.488142857142857,1.9518350706084246
2018-08-20,Brighton Preston Park,4.042,4.042,V ugm-3 (GRAV EMFAB),False,False,False,False,5.541714285714286,1.897921645228913
2018-08-21,Brighton Preston Park,3.333,3.333,V ugm-3 (GRAV EMFAB),False,False,False,False,5.434571428571429,2.011751049636643
2018-08-22,Brighton Preston Park,5.458,5.458,V ugm-3 (GRAV EMFAB),False,False,False,False,5.488142857142857,2.0058128384415617
2018-08-23,Brighton Preston Park,3.792,3.792,V ugm-3 (GRAV EMFAB),False,False,False,False,5.404857142857144,2.0707876463293684
2018-08-24,Brighton Preston Park,3.333,3.333,V ugm-3 (GRAV EMFAB),False,False,False,False,5.214285714285714,2.206917360957379
2018-08-25,Brighton Preston Park,3.417,3.417,V ugm-3 (GRAV EMFAB),False,False,False,False,4.517857142857143,1.8067340173704696
2018-08-26,Brighton Preston Park,4.375,4.375,V ugm-3 (GRAV EMFAB),False,False,False,False,3.9642857142857144,0.7672630392690535
2018-08-27,Brighton Preston Park,3.792,3.792,V ugm-3 (GRAV EMFAB),False,False,False,False,3.9285714285714284,0.7688595140731271
2018-08-28,Brighton Preston Park,4.333,4.333,V ugm-3 (GRAV EMFAB),False,False,False,False,4.071428571428571,0.7317638182597592
2018-08-29,Brighton Preston Park,5.75,5.75,V ugm-3 (GRAV EMFAB),False,False,False,False,4.113142857142857,0.8262072840336698
2018-08-30,Brighton Preston Park,7.875,7.875,V ugm-3 (GRAV EMFAB),False,False,False,False,4.696428571428571,1.620832693107913
2018-08-31,Brighton Preston Park,7.333,7.333,V ugm-3 (GRAV EMFAB),False,False,False,False,5.267857142857143,1.7592351016441738
2018-09-01,Brighton Preston Park,14.792,14.792,V ugm-3 (GRAV EMFAB),False,False,False,False,6.892857142857143,3.8159467776062717
2018-09-02,Brighton Preston Park,3.958,3.958,V ugm-3 (GRAV EMFAB),False,False,False,False,6.833285714285714,3.864747499914466
2018-09-03,Brighton Preston Park,8.75,8.75,V ugm-3 (GRAV EMFAB),False,False,False,False,7.541571428571428,3.6635668802021586
2018-09-04,Brighton Preston Park,25.375,25.375,V ugm-3 (GRAV EMFAB),False,False,False,False,10.547571428571429,7.3599629269252596
2018-09-05,Brighton Preston Park,7.375,7.375,V ugm-3 (GRAV EMFAB),False,False,False,False,10.779714285714286,7.207468481010642
2018-09-06,Brighton Preston Park,10.417,10.417,V ugm-3 (GRAV EMFAB),False,False,False,False,11.142857142857142,7.099961254086093
2018-09-07,Brighton Preston Park,5.25,5.25,V ugm-3 (GRAV EMFAB),False,False,False,False,10.845285714285714,7.3262952373462165
2018-09-08,Brighton Preston Park,4.75,4.75,V ugm-3 (GRAV EMFAB),False,False,False,False,9.410714285714286,7.407401697272926
2018-09-09,Brighton Preston Park,4.958,4.958,V ugm-3 (GRAV EMFAB),False,False,False,False,9.553571428571429,7.2934824068511706
2018-09-10,Brighton Preston Park,8.417,8.417,V ugm-3 (GRAV EMFAB),False,False,False,False,9.506,7.300679648726771
2018-09-11,Brighton Preston Park,5.875,5.875,V ugm-3 (GRAV EMFAB),False,False,False,False,6.720285714285715,2.1149117959767865
2018-09-12,Brighton Preston Park,5.583,5.583,V ugm-3 (GRAV EMFAB),False,False,False,False,6.464285714285714,2.130849886335282
2018-09-13,Brighton Preston Park,6.0,6.0,V ugm-3 (GRAV EMFAB),False,False,False,False,5.833285714285714,1.227980145643679
2018-09-14,Brighton Preston Park,3.0,3.0,V ugm-3 (GRAV EMFAB),False,False,False,False,5.511857142857143,1.6335892413711703
2018-09-15,Brighton Preston Park,4.875,4.875,V ugm-3 (GRAV EMFAB),False,False,False,False,5.529714285714285,1.6245312877140075
2018-09-16,Brighton Preston Park,5.583,5.583,V ugm-3 (GRAV EMFAB),False,False,False,False,5.619,1.6049293857778173
2018-09-17,Brighton Preston Park,5.833,5.833,V ugm-3 (GRAV EMFAB),False,False,False,False,5.2498571428571426,1.0581364796299346
2018-09-18,Brighton Preston Park,7.292,7.292,V ugm-3 (GRAV EMFAB),False,False,False,False,5.452285714285714,1.3045190319660844
2018-09-19,Brighton Preston Park,9.167,9.167,V ugm-3 (GRAV EMFAB),False,False,False,False,5.964285714285714,1.9217018251439892
2018-09-20,Brighton Preston Park,8.924,8.924,V ugm-3 (GRAV EMFAB),False,False,False,False,6.382,2.2246671661171793
2018-09-21,Brighton Preston Park,3.508,3.508,V ugm-3 (GRAV EMFAB),False,False,False,False,6.454571428571429,2.1007915061663773
2018-09-22,Brighton Preston Park,3.424,3.424,V ugm-3 (GRAV EMFAB),False,False,False,False,6.247285714285715,2.3405304038675534
2018-09-23,Brighton Preston Park,3.883,3.883,V ugm-3 (GRAV EMFAB),False,False,False,False,6.004428571428571,2.5034712472313565
2018-09-24,Brighton Preston Park,5.341,5.341,V ugm-3 (GRAV EMFAB),False,False,False,False,5.934142857142857,2.5159616735667854
2018-09-25,Brighton Preston Park,5.758,5.758,V ugm-3 (GRAV EMFAB),False,False,False,False,5.715000000000001,2.443749305200208
2018-09-26,Brighton Preston Park,21.508,21.508,V ugm-3 (GRAV EMFAB),False,False,False,False,7.478000000000001,6.4752969816063155
2018-09-27,Brighton Preston Park,13.133,13.133,V ugm-3 (GRAV EMFAB),False,False,False,False,8.079285714285714,6.818285750203524
2018-09-28,Brighton Preston Park,5.508,5.508,V ugm-3 (GRAV EMFAB),False,False,False,False,8.365,6.6342237928286085
2018-09-29,Brighton Preston Park,5.924,5.924,V ugm-3 (GRAV EMFAB),False,False,False,False,8.722142857142858,6.386570478448536
2018-09-30,Brighton Preston Park,5.758,5.758,V ugm-3 (GRAV EMFAB),False,False,False,False,8.99,6.185955894874551
2018-10-01,Brighton Preston Park,10.427,10.427,V ugm-3 (GRAV EMFAB),False,False,False,False,9.716571428571429,5.981230750080972
2018-10-02,Brighton Preston Park,4.875,4.875,V ugm-3 (GRAV EMFAB),False,False,False,False,9.590428571428571,6.087006238897808
2018-10-03,Brighton Preston Park,10.125,10.125,V ugm-3 (GRAV EMFAB),False,False,False,False,7.964285714285714,3.216020922106763
2018-10-04,Brighton Preston Park,15.25,15.25,V ugm-3 (GRAV EMFAB),False,False,False,False,8.266714285714286,3.824973364364137
2018-10-05,Brighton Preston Park,6.167,6.167,V ugm-3 (GRAV EMFAB),False,False,False,False,8.360857142857142,3.7531938145429793
2018-10-06,Brighton Preston Park,8.25,8.25,V ugm-3 (GRAV EMFAB),False,False,False,False,8.693142857142856,3.6013863732628972
2018-10-07,Brighton Preston Park,4.042,4.042,V ugm-3 (GRAV EMFAB),False,False,False,False,8.448,3.8819519145227104
2018-10-08,Brighton Preston Park,4.542,4.542,V ugm-3 (GRAV EMFAB),False,False,False,False,7.607285714285715,4.016841533439147
2018-10-09,Brighton Preston Park,4.417,4.417,V ugm-3 (GRAV EMFAB),False,False,False,False,7.541857142857144,4.072113842079688
2018-10-10,Brighton Preston Park,13.25,13.25,V ugm-3 (GRAV EMFAB),False,False,False,False,7.988285714285715,4.546204377070514
2018-10-11,Brighton Preston Park,6.875,6.875,V ugm-3 (GRAV EMFAB),False,False,False,False,6.791857142857144,3.227348417745387
2018-10-12,Brighton Preston Park,4.875,4.875,V ugm-3 (GRAV EMFAB),False,False,False,False,6.607285714285715,3.3050490522978744
2018-10-13,Brighton Preston Park,11.083,11.083,V ugm-3 (GRAV EMFAB),False,False,False,False,7.0120000000000005,3.6906875601527847
2018-10-14,Brighton Preston Park,4.375,4.375,V ugm-3 (GRAV EMFAB),False,False,False,False,7.059571428571429,3.6479235124082305
2018-10-15,Brighton Preston Park,6.542,6.542,V ugm-3 (GRAV EMFAB),False,False,False,False,7.345285714285715,3.4929061784463133
2018-10-16,Brighton Preston Park,7.25,7.25,V ugm-3 (GRAV EMFAB),False,False,False,False,7.75,3.252948098776431
2018-10-17,Brighton Preston Park,5.5,5.5,V ugm-3 (GRAV EMFAB),False,False,False,False,6.642857142857143,2.22568981281242
2018-10-18,Brighton Preston Park,6.042,6.042,V ugm-3 (GRAV EMFAB),False,False,False,False,6.523857142857142,2.233464530616873
2018-10-19,Brighton Preston Park,8.0,8.0,V ugm-3 (GRAV EMFAB),False,False,False,False,6.970285714285715,2.1600679552802085
2018-10-20,Brighton Preston Park,17.167,17.167,V ugm-3 (GRAV EMFAB),False,False,False,False,7.839428571428571,4.2771887128947395
2018-10-21,Brighton Preston Park,18.125,18.125,V ugm-3 (GRAV EMFAB),False,False,False,False,9.803714285714287,5.424448442446643
2018-10-22,Brighton Preston Park,6.208,6.208,V ugm-3 (GRAV EMFAB),False,False,False,False,9.756,5.459277882650773
2018-10-23,Brighton Preston Park,7.583,7.583,V ugm-3 (GRAV EMFAB),False,False,False,False,9.803571428571429,5.435199194667495
2018-10-24,Brighton Preston Park,9.042,9.042,V ugm-3 (GRAV EMFAB),False,False,False,False,10.309571428571429,5.123725105075493
2018-10-25,Brighton Preston Park,8.583,8.583,V ugm-3 (GRAV EMFAB),False,False,False,False,10.672571428571429,4.853896265103002
2018-10-26,Brighton Preston Park,2.958,2.958,V ugm-3 (GRAV EMFAB),False,False,False,False,9.952285714285713,5.628826808322952
2018-10-27,Brighton Preston Park,3.0,3.0,V ugm-3 (GRAV EMFAB),False,False,False,False,7.928428571428571,5.126927892905019
2018-10-28,Brighton Preston Park,2.875,2.875,V ugm-3 (GRAV EMFAB),False,False,False,False,5.749857142857143,2.770565371217636
2018-10-29,Brighton Preston Park,3.417,3.417,V ugm-3 (GRAV EMFAB),False,False,False,False,5.3511428571428565,2.891819232972613
2018-10-30,Brighton Preston Park,6.625,6.625,V ugm-3 (GRAV EMFAB),False,False,False,False,5.214285714285714,2.78944819598699
2018-10-31,Brighton Preston Park,6.5,6.5,V ugm-3 (GRAV EMFAB),False,False,False,False,4.8511428571428565,2.3368312896292505
2018-11-01,Brighton Preston Park,15.792,15.792,V ugm-3 (GRAV EMFAB),False,False,False,False,5.881,4.6746843030661624
2018-11-02,Brighton Preston Park,3.083,3.083,V ugm-3 (GRAV EMFAB),False,False,False,False,5.8988571428571435,4.661878785374375
2018-11-03,Brighton Preston Park,8.0,8.0,V ugm-3 (GRAV EMFAB),False,False,False,False,6.613142857142857,4.524722511881106
2018-11-04,Brighton Preston Park,29.208,29.208,V ugm-3 (GRAV EMFAB),True,True,False,False,10.375,9.312460791863764
2018-11-05,Brighton Preston Park,7.208,7.208,V ugm-3 (GRAV EMFAB),False,False,False,False,10.916571428571428,8.943289697815201
2018-11-06,Brighton Preston Park,4.958,4.958,V ugm-3 (GRAV EMFAB),False,False,False,False,10.67842857142857,9.097477559872344
2018-11-07,Brighton Preston Park,7.647,7.647,V ugm-3 (GRAV EMFAB),False,False,False,False,10.842285714285714,9.019672364971383
2018-11-08,Brighton Preston Park,3.25,3.25,V ugm-3 (GRAV EMFAB),False,False,False,False,9.050571428571429,9.117733524239863
2018-11-09,Brighton Preston Park,6.708,6.708,V ugm-3 (GRAV EMFAB),False,False,False,False,9.568428571428571,8.820401424295504
2018-11-10,Brighton Preston Park,6.208,6.208,V ugm-3 (GRAV EMFAB),False,False,False,False,9.31242857142857,8.899163328784388
2018-11-11,Brighton Preston Park,6.458,6.458,V ugm-3 (GRAV EMFAB),False,False,False,False,6.062428571428571,1.502617034503736
2018-11-12,Brighton Preston Park,10.375,10.375,V ugm-3 (GRAV EMFAB),False,False,False,False,6.514857142857143,2.213603580030459
2018-11-13,Brighton Preston Park,4.917,4.917,V ugm-3 (GRAV EMFAB),False,False,False,False,6.509,2.218458473805596
2018-11-14,Brighton Preston Park,6.958,6.958,V ugm-3 (GRAV EMFAB),False,False,False,False,6.410571428571428,2.1743998296190776
2018-11-15,Brighton Preston Park,12.625,12.625,V ugm-3 (GRAV EMFAB),False,False,False,False,7.7498571428571426,2.7215863896246884
2018-11-16,Brighton Preston Park,9.625,9.625,V ugm-3 (GRAV EMFAB),False,False,False,False,8.166571428571428,2.758542299666165
2018-11-17,Brighton Preston Park,16.208,16.208,V ugm-3 (GRAV EMFAB),False,False,False,False,9.595142857142857,3.9200380707577787
2018-11-18,Brighton Preston Park,11.042,11.042,V ugm-3 (GRAV EMFAB),False,False,False,False,10.25,3.6844279519802305
2018-11-19,Brighton Preston Park,5.292,5.292,V ugm-3 (GRAV EMFAB),False,False,False,False,9.523857142857143,4.1296733296380355
2018-11-20,Brighton Preston Park,12.667,12.667,V ugm-3 (GRAV EMFAB),False,False,False,False,10.631,3.705875245246828
2018-11-21,Brighton Preston Park,14.625,14.625,V ugm-3 (GRAV EMFAB),False,False,False,False,11.726285714285714,3.569888406952682
2018-11-22,Brighton Preston Park,28.417,28.417,V ugm-3 (GRAV EMFAB),True,True,False,False,13.982285714285714,7.287090450796888
2018-11-23,Brighton Preston Park,24.542,24.542,V ugm-3 (GRAV EMFAB),False,False,False,False,16.113285714285716,7.951348139661301
2018-11-24,Brighton Preston Park,24.875,24.875,V ugm-3 (GRAV EMFAB),False,False,False,False,17.351428571428574,8.615599279932939
2018-11-25,Brighton Preston Park,15.25,15.25,V ugm-3 (GRAV EMFAB),False,False,False,False,17.952571428571428,8.240639232024478
2018-11-26,Brighton Preston Park,11.583,11.583,V ugm-3 (GRAV EMFAB),False,False,False,False,18.851285714285716,6.856582839731119
2018-11-27,Brighton Preston Park,10.333,10.333,V ugm-3 (GRAV EMFAB),False,False,False,False,18.517857142857142,7.252746018545239
2018-11-28,Brighton Preston Park,6.792,6.792,V ugm-3 (GRAV EMFAB),False,False,False,False,17.398857142857143,8.45764162219728
2018-11-29,Brighton Preston Park,6.875,6.875,V ugm-3 (GRAV EMFAB),False,False,False,False,14.321428571428571,7.662118307125056
2018-11-30,Brighton Preston Park,7.458,7.458,V ugm-3 (GRAV EMFAB),False,False,False,False,11.880857142857142,6.496155155899815
2018-12-01,Brighton Preston Park,14.0,14.0,V ugm-3 (GRAV EMFAB),False,False,False,False,10.327285714285713,3.4628533376530917
2018-12-02,Brighton Preston Park,3.25,3.25,V ugm-3 (GRAV EMFAB),False,False,False,False,8.613,3.587746460755911
2018-12-03,Brighton Preston Park,4.792,4.792,V ugm-3 (GRAV EMFAB),False,False,False,False,7.642857142857143,3.5689038666688258
2018-12-04,Brighton Preston Park,33.333,33.333,V ugm-3 (GRAV EMFAB),True,True,False,False,10.928571428571429,10.437094037728167
2018-12-05,Brighton Preston Park,5.917,5.917,V ugm-3 (GRAV EMFAB),False,False,False,False,10.803571428571429,10.499943188054917
2018-12-06,Brighton Preston Park,6.375,6.375,V ugm-3 (GRAV EMFAB),False,False,False,False,10.732142857142858,10.532771864179773
2018-12-07,Brighton Preston Park,6.75,6.75,V ugm-3 (GRAV EMFAB),False,False,False,False,10.631,10.572775889046353
2018-12-08,Brighton Preston Park,3.917,3.917,V ugm-3 (GRAV EMFAB),False,False,False,False,9.19057142857143,10.723069629808164
2018-12-09,Brighton Preston Park,4.25,4.25,V ugm-3 (GRAV EMFAB),False,False,False,False,9.333428571428572,10.63705264405422
2018-12-10,Brighton Preston Park,8.083,8.083,V ugm-3 (GRAV EMFAB),False,False,False,False,9.803571428571429,10.474358307427758
2018-12-11,Brighton Preston Park,5.667,5.667,V ugm-3 (GRAV EMFAB),False,False,False,False,5.851285714285715,1.4379597484266227
2018-12-12,Brighton Preston Park,5.917,5.917,V ugm-3 (GRAV EMFAB),False,False,False,False,5.851285714285714,1.4379597484266227
2018-12-13,Brighton Preston Park,9.903,9.903,V ugm-3 (GRAV EMFAB),False,False,False,False,6.3552857142857135,2.112280340791714
2018-12-14,Brighton Preston Park,17.694,17.694,V ugm-3 (GRAV EMFAB),False,False,False,False,7.918714285714286,4.797062459265583
2018-12-15,Brighton Preston Park,11.403,11.403,V ugm-3 (GRAV EMFAB),False,False,False,False,8.988142857142856,4.5860592534539295
2018-12-16,Brighton Preston Park,5.528,5.528,V ugm-3 (GRAV EMFAB),False,False,False,False,9.170714285714286,4.387119431330977
2018-12-17,Brighton Preston Park,5.903,5.903,V ugm-3 (GRAV EMFAB),False,False,False,False,8.859285714285715,4.551498314265516
2018-12-18,Brighton Preston Park,6.444,6.444,V ugm-3 (GRAV EMFAB),False,False,False,False,8.970285714285714,4.469405095173388
2018-12-19,Brighton Preston Park,3.778,3.778,V ugm-3 (GRAV EMFAB),False,False,False,False,8.664714285714286,4.77558288638799
2018-12-20,Brighton Preston Park,5.111,5.111,V ugm-3 (GRAV EMFAB),False,False,False,False,7.980142857142858,4.91006141945873
2018-12-21,Brighton Preston Park,11.903,11.903,V ugm-3 (GRAV EMFAB),False,False,False,False,7.152857142857143,3.1856761411339996
2018-12-22,Brighton Preston Park,10.979,10.979,V ugm-3 (GRAV EMFAB),False,False,False,False,7.0922857142857145,3.0941118119359934
2018-12-23,Brighton Preston Park,5.604,5.604,V ugm-3 (GRAV EMFAB),False,False,False,False,7.103142857142857,3.0878349172503388
2018-12-24,Brighton Preston Park,15.146,15.146,V ugm-3 (GRAV EMFAB),False,False,False,False,8.42357142857143,4.247564669201347
2018-12-25,Brighton Preston Park,5.604,5.604,V ugm-3 (GRAV EMFAB),False,False,False,False,8.303571428571429,4.323989548905913
2018-12-26,Brighton Preston Park,16.313,16.313,V ugm-3 (GRAV EMFAB),False,False,False,False,10.094285714285714,4.715309453057687
2018-12-27,Brighton Preston Park,30.354,30.354,V ugm-3 (GRAV EMFAB),True,True,False,False,13.70042857142857,8.44588540567028
2018-12-28,Brighton Preston Park,21.646,21.646,V ugm-3 (GRAV EMFAB),False,False,False,False,15.092285714285714,8.891366350085262
2018-12-29,Brighton Preston Park,10.771,10.771,V ugm-3 (GRAV EMFAB),False,False,False,False,15.06257142857143,8.90773618560748
2018-12-30,Brighton Preston Park,5.188,5.188,V ugm-3 (GRAV EMFAB),False,False,False,False,15.003142857142857,8.982431453093518
2016-01-01,Chilbolton Observatory,,,,False,False,False,False,,
2016-01-02,Chilbolton Observatory,6.083,6.083,V ugm-3 (GRAV EMFAB),False,False,False,False,6.083,
2016-01-03,Chilbolton Observatory,2.524,2.524,V ugm-3 (GRAV EMFAB),False,False,False,False,4.3035,2.5165930342429226
2016-01-04,Chilbolton Observatory,8.0,8.0,V ugm-3 (GRAV EMFAB),False,False,False,False,5.535666666666667,2.778727106668327
2016-01-05,Chilbolton Observatory,4.143,4.143,V ugm-3 (GRAV EMFAB),False,False,False,False,5.1875,2.3732740395214935
2016-01-06,Chilbolton Observatory,,,V ugm-3 (GRAV EMFAB),False,False,False,False,5.1875,2.3732740395214935
2016-01-07,Chilbolton Observatory,,,V ugm-3 (GRAV EMFAB),False,False,False,False,5.1875,2.3732740395214935
2016-01-08,Chilbolton Observatory,3.25,3.25,V ugm-3 (GRAV EMFAB),False,False,False,False,4.8,2.2304940035785794
2016-01-09,Chilbolton Observatory,5.292,5.292,V ugm-3 (GRAV EMFAB),False,False,False,False,4.6418,2.143084972650408
2016-01-10,Chilbolton Observatory,,,,False,False,False,False,5.17125,2.0627576000748773
2016-01-11,Chilbolton Observatory,,,,False,False,False,False,4.228333333333333,1.0236710083485476
2016-01-12,Chilbolton Observatory,,,,False,False,False,False,4.270999999999999,1.4439120471829294
2016-01-13,Chilbolton Observatory,,,V ugm-3 (GRAV EMFAB),False,False,False,False,4.270999999999999,1.4439120471829294
2016-01-14,Chilbolton Observatory,,,V ugm-3 (GRAV EMFAB),False,False,False,False,4.270999999999999,1.4439120471829294
2016-01-15,Chilbolton Observatory,,,V ugm-3 (GRAV EMFAB),False,False,False,False,5.292,
2016-01-16,Chilbolton Observatory,,,V ugm-3 (GRAV EMFAB),False,False,False,False,,
2016-01-17,Chilbolton Observatory,,,V ugm-3 (GRAV EMFAB),False,False,False,False,,
2016-01-18,Chilbolton Observatory,,,V ugm-3 (GRAV EMFAB),False,False,False,False,,
2016-01-19,Chilbolton Observatory,,,V ugm-3 (GRAV EMFAB),False,False,False,False,,
2016-01-20,Chilbolton Observatory,,,V ugm-3 (GRAV EMFAB),False,False,False,False,,
2016-01-21,Chilbolton Observatory,12.885,12.885,V ugm-3 (GRAV EMFAB),False,False,False,False,12.885,
2016-01-22,Chilbolton Observatory,6.552,6.552,V ugm-3 (GRAV EMFAB),False,False,False,False,9.7185,4.478107245254405
2016-01-23,Chilbolton Observatory,6.552,6.552,V ugm-3 (GRAV EMFAB),False,False,False,False,8.663,3.656359254777899
2016-01-24,Chilbolton Observatory,5.219,5.219,V ugm-3 (GRAV EMFAB),False,False,False,False,7.8020000000000005,3.4464367105751403
2016-01-25,Chilbolton Observatory,6.219,6.219,V ugm-3 (GRAV EMFAB),False,False,False,False,7.4854,3.0675107660772754
2016-01-26,Chilbolton Observatory,4.677,4.677,V ugm-3 (GRAV EMFAB),False,False,False,False,7.017333333333333,2.973586431679204
2016-01-27,Chilbolton Observatory,1.052,1.052,V ugm-3 (GRAV EMFAB),False,False,False,False,6.165142857142857,3.5287552776473183
2016-01-28,Chilbolton Observatory,3.792,3.792,V ugm-3 (GRAV EMFAB),False,False,False,False,4.866142857142857,1.9738373310695598
2016-01-29,Chilbolton Observatory,1.458,1.458,V ugm-3 (GRAV EMFAB),False,False,False,False,4.138428571428572,2.177251697066957
2016-01-30,Chilbolton Observatory,3.708,3.708,V ugm-3 (GRAV EMFAB),False,False,False,False,3.732142857142857,1.899430390807676
2016-01-31,Chilbolton Observatory,2.583,2.583,V ugm-3 (GRAV EMFAB),False,False,False,False,3.3555714285714293,1.8149452569469626
2016-02-01,Chilbolton Observatory,,,,False,False,False,False,2.878333333333334,1.4281734721897947
2016-02-02,Chilbolton Observatory,5.292,5.292,V ugm-3 (GRAV EMFAB),False,False,False,False,2.9808333333333334,1.5953648381065237
2016-02-03,Chilbolton Observatory,3.565,3.565,V ugm-3 (GRAV EMFAB),False,False,False,False,3.399666666666667,1.2879650098766875
2016-02-04,Chilbolton Observatory,11.333,11.333,V ugm-3 (GRAV EMFAB),False,False,False,False,4.6565,3.5099954843275785
2016-02-05,Chilbolton Observatory,4.518,4.518,V ugm-3 (GRAV EMFAB),False,False,False,False,5.1665,3.1568503765620557
2016-02-06,Chilbolton Observatory,,,V ugm-3 (GRAV EMFAB),False,False,False,False,5.458200000000001,3.4378719726016542
2016-02-07,Chilbolton Observatory,,,V ugm-3 (GRAV EMFAB),False,False,False,False,6.1770000000000005,3.5091492796212953
2016-02-08,Chilbolton Observatory,3.0,3.0,V ugm-3 (GRAV EMFAB),False,False,False,False,5.541600000000001,3.354737292248082
2016-02-09,Chilbolton Observatory,3.708,3.708,V ugm-3 (GRAV EMFAB),False,False,False,False,5.2248,3.4574205269246594
2016-02-10,Chilbolton Observatory,,,,False,False,False,False,5.63975,3.845835702418915
2016-02-11,Chilbolton Observatory,,,,False,False,False,False,3.7420000000000004,0.7595709315132972
2016-02-12,Chilbolton Observatory,,,,False,False,False,False,3.3540000000000005,0.5006316010800301
2016-02-13,Chilbolton Observatory,12.458,12.458,V ugm-3 (GRAV EMFAB),False,False,False,False,6.388666666666668,5.26810414981835
2016-02-14,Chilbolton Observatory,9.75,9.75,V ugm-3 (GRAV EMFAB),False,False,False,False,7.229000000000001,4.618071892034596
2016-02-15,Chilbolton Observatory,8.083,8.083,V ugm-3 (GRAV EMFAB),False,False,False,False,8.49975,3.6681247138921904
2016-02-16,Chilbolton Observatory,,,V ugm-3 (GRAV EMFAB),False,False,False,False,10.097000000000001,2.2080450629459545
2016-02-17,Chilbolton Observatory,7.875,7.875,V ugm-3 (GRAV EMFAB),False,False,False,False,9.541500000000001,2.1176944224006133
2016-02-18,Chilbolton Observatory,7.167,7.167,V ugm-3 (GRAV EMFAB),False,False,False,False,9.066600000000001,2.1192268165536223
2016-02-19,Chilbolton Observatory,7.083,7.083,V ugm-3 (GRAV EMFAB),False,False,False,False,8.736,2.061231670628025
2016-02-20,Chilbolton Observatory,2.958,2.958,V ugm-3 (GRAV EMFAB),False,False,False,False,7.152666666666666,2.268643353783635
2016-02-21,Chilbolton Observatory,3.917,3.917,V ugm-3 (GRAV EMFAB),False,False,False,False,6.180499999999999,2.181121890220716
2016-02-22,Chilbolton Observatory,3.458,3.458,V ugm-3 (GRAV EMFAB),False,False,False,False,5.409666666666666,2.191522727846246
2016-02-23,Chilbolton Observatory,7.625,7.625,V ugm-3 (GRAV EMFAB),False,False,False,False,5.7261428571428565,2.1687346870599757
2016-02-24,Chilbolton Observatory,13.5,13.5,V ugm-3 (GRAV EMFAB),False,False,False,False,6.529714285714285,3.6404129671547656
2016-02-25,Chilbolton Observatory,12.107,12.107,V ugm-3 (GRAV EMFAB),False,False,False,False,7.235428571428571,4.217609783480956
2016-02-26,Chilbolton Observatory,13.232,13.232,V ugm-3 (GRAV EMFAB),False,False,False,False,8.113857142857142,4.783018064938058
2016-02-27,Chilbolton Observatory,19.315,19.315,V ugm-3 (GRAV EMFAB),False,False,False,False,10.450571428571427,5.7434698239868585
2016-02-28,Chilbolton Observatory,5.19,5.19,V ugm-3 (GRAV EMFAB),False,False,False,False,10.632428571428573,5.517838129108866
2016-02-29,Chilbolton Observatory,5.357,5.357,V ugm-3 (GRAV EMFAB),False,False,False,False,10.903714285714287,5.140067694569977
2016-03-01,Chilbolton Observatory,,,,False,False,False,False,11.450166666666668,5.40333502261952
2016-03-02,Chilbolton Observatory,4.25,4.25,V ugm-3 (GRAV EMFAB),False,False,False,False,9.908500000000002,5.98932906926978
2016-03-03,Chilbolton Observatory,3.149,3.149,V ugm-3 (GRAV EMFAB),False,False,False,False,8.4155,6.431849772810307
2016-03-04,Chilbolton Observatory,13.417,13.417,V ugm-3 (GRAV EMFAB),False,False,False,False,8.446333333333333,6.459939370200518
2016-03-05,Chilbolton Observatory,4.601,4.601,V ugm-3 (GRAV EMFAB),False,False,False,False,5.994000000000001,3.720997823165175
2016-03-06,Chilbolton Observatory,,,V ugm-3 (GRAV EMFAB),False,False,False,False,6.154800000000001,4.136829244723543
2016-03-07,Chilbolton Observatory,,,V ugm-3 (GRAV EMFAB),False,False,False,False,6.354250000000001,4.748958438436786
2016-03-08,Chilbolton Observatory,3.875,3.875,V ugm-3 (GRAV EMFAB),False,False,False,False,5.8584000000000005,4.259552887334533
2016-03-09,Chilbolton Observatory,3.375,3.375,V ugm-3 (GRAV EMFAB),False,False,False,False,5.683400000000001,4.358966712421644
2016-03-10,Chilbolton Observatory,,,,False,False,False,False,6.317,4.7600204481353465
2016-03-11,Chilbolton Observatory,,,,False,False,False,False,3.9503333333333344,0.6164619480010213
2016-03-12,Chilbolton Observatory,,,,False,False,False,False,3.6250000000000013,0.35355339059291463
2016-03-13,Chilbolton Observatory,31.542,31.542,V ugm-3 (GRAV EMFAB),True,True,False,False,12.930666666666667,16.119826188062124
2016-03-14,Chilbolton Observatory,14.667,14.667,V ugm-3 (GRAV EMFAB),False,False,False,False,13.36475,13.190384537609207
2016-03-15,Chilbolton Observatory,12.708,12.708,V ugm-3 (GRAV EMFAB),False,False,False,False,15.573,11.730717880846
2016-03-16,Chilbolton Observatory,9.25,9.25,V ugm-3 (GRAV EMFAB),False,False,False,False,17.04175,9.922859882614492
2016-03-17,Chilbolton Observatory,25.917,25.917,V ugm-3 (GRAV EMFAB),True,True,False,False,18.8168,9.465800214456255
2016-03-18,Chilbolton Observatory,10.125,10.125,V ugm-3 (GRAV EMFAB),False,False,False,False,17.368166666666667,9.179996196440756
2016-03-19,Chilbolton Observatory,3.167,3.167,V ugm-3 (GRAV EMFAB),False,False,False,False,15.339428571428572,9.95175309274942
2016-03-20,Chilbolton Observatory,8.0,8.0,V ugm-3 (GRAV EMFAB),False,False,False,False,11.976285714285714,7.146014267041588
2016-03-21,Chilbolton Observatory,12.125,12.125,V ugm-3 (GRAV EMFAB),False,False,False,False,11.613142857142858,7.050439499978506
2016-03-22,Chilbolton Observatory,12.625,12.625,V ugm-3 (GRAV EMFAB),False,False,False,False,11.601285714285714,7.048360819232743
2016-03-23,Chilbolton Observatory,24.625,24.625,V ugm-3 (GRAV EMFAB),True,True,False,False,13.797714285714287,8.44980119518177
2016-03-24,Chilbolton Observatory,9.0,9.0,V ugm-3 (GRAV EMFAB),False,False,False,False,11.381,6.628879518189079
2016-03-25,Chilbolton Observatory,5.917,5.917,V ugm-3 (GRAV EMFAB),False,False,False,False,10.779857142857143,6.945027152060468
2016-03-26,Chilbolton Observatory,5.792,5.792,V ugm-3 (GRAV EMFAB),False,False,False,False,11.154857142857143,6.523536398523207
2016-03-27,Chilbolton Observatory,5.042,5.042,V ugm-3 (GRAV EMFAB),False,False,False,False,10.732285714285714,6.849611855530834
2016-03-28,Chilbolton Observatory,3.958,3.958,V ugm-3 (GRAV EMFAB),False,False,False,False,9.56557142857143,7.256328659800876
2016-03-29,Chilbolton Observatory,,,V ugm-3 (GRAV EMFAB),False,False,False,False,9.055666666666667,7.810322827301482
2016-03-30,Chilbolton Observatory,4.958,4.958,V ugm-3 (GRAV EMFAB),False,False,False,False,5.777833333333334,1.727848189704919
2016-03-31,Chilbolton Observatory,6.417,6.417,V ugm-3 (GRAV EMFAB),False,False,False,False,5.347333333333334,0.8765262498445543
2016-04-01,Chilbolton Observatory,,,,False,False,False,False,5.2334000000000005,0.9289869751508155
2016-04-02,Chilbolton Observatory,3.708,3.708,V ugm-3 (GRAV EMFAB),False,False,False,False,4.816599999999999,1.072178529909946
2016-04-03,Chilbolton Observatory,4.732,4.732,V ugm-3 (GRAV EMFAB),False,False,False,False,4.7546,1.0648238351952175
2016-04-04,Chilbolton Observatory,6.083,6.083,V ugm-3 (GRAV EMFAB),False,False,False,False,5.1796,1.091140366772241
2016-04-05,Chilbolton Observatory,5.893,5.893,V ugm-3 (GRAV EMFAB),False,False,False,False,5.2985,1.0184758710936113
2016-04-06,Chilbolton Observatory,,,V ugm-3 (GRAV EMFAB),False,False,False,False,5.3666,1.1233139810399693
2016-04-07,Chilbolton Observatory,,,V ugm-3 (GRAV EMFAB),False,False,False,False,5.104,1.1057670037880851
2016-04-08,Chilbolton Observatory,3.208,3.208,V ugm-3 (GRAV EMFAB),False,False,False,False,4.7248,1.2790636027969258
2016-04-09,Chilbolton Observatory,4.167,4.167,V ugm-3 (GRAV EMFAB),False,False,False,False,4.8166,1.2019918052964644
2016-04-10,Chilbolton Observatory,,,,False,False,False,False,4.83775,1.3868658610934486
2016-04-11,Chilbolton Observatory,,,,False,False,False,False,4.422666666666667,1.3606360032473876
2016-04-12,Chilbolton Observatory,,,,False,False,False,False,3.6875,0.6781154031574007
2016-04-13,Chilbolton Observatory,7.042,7.042,V ugm-3 (GRAV EMFAB),False,False,False,False,4.805666666666666,1.9951968156883773
2016-04-14,Chilbolton Observatory,9.708,9.708,V ugm-3 (GRAV EMFAB),False,False,False,False,6.03125,2.9431431469320644
2016-04-15,Chilbolton Observatory,4.708,4.708,V ugm-3 (GRAV EMFAB),False,False,False,False,6.40625,2.5300872679283586
2016-04-16,Chilbolton Observatory,4.083,4.083,V ugm-3 (GRAV EMFAB),False,False,False,False,6.38525,2.5550936545131147
2016-04-17,Chilbolton Observatory,5.042,5.042,V ugm-3 (GRAV EMFAB),False,False,False,False,6.1166,2.292867593211584
2016-04-18,Chilbolton Observatory,4.792,4.792,V ugm-3 (GRAV EMFAB),False,False,False,False,5.895833333333333,2.1209009799296545
2016-04-19,Chilbolton Observatory,8.5,8.5,V ugm-3 (GRAV EMFAB),False,False,False,False,6.267857142857143,2.1719414071724863
2016-04-20,Chilbolton Observatory,7.958,7.958,V ugm-3 (GRAV EMFAB),False,False,False,False,6.398714285714285,2.252457821601808
2016-04-21,Chilbolton Observatory,12.184,12.184,V ugm-3 (GRAV EMFAB),False,False,False,False,6.752428571428571,2.946290314793766
2016-04-22,Chilbolton Observatory,8.434,8.434,V ugm-3 (GRAV EMFAB),False,False,False,False,7.284714285714286,2.85039346490302
2016-04-23,Chilbolton Observatory,4.434,4.434,V ugm-3 (GRAV EMFAB),False,False,False,False,7.334857142857142,2.787067002458035
2016-04-24,Chilbolton Observatory,4.059,4.059,V ugm-3 (GRAV EMFAB),False,False,False,False,7.194428571428572,2.9422910493436163
2016-04-25,Chilbolton Observatory,3.309,3.309,V ugm-3 (GRAV EMFAB),False,False,False,False,6.982571428571428,3.1872968618743722
2016-04-26,Chilbolton Observatory,2.768,2.768,V ugm-3 (GRAV EMFAB),False,False,False,False,6.163714285714286,3.457347283408937
2016-04-27,Chilbolton Observatory,3.601,3.601,V ugm-3 (GRAV EMFAB),False,False,False,False,5.541285714285714,3.4726460475303957
2016-04-28,Chilbolton Observatory,4.768,4.768,V ugm-3 (GRAV EMFAB),False,False,False,False,4.481857142857143,1.86954623982854
2016-04-29,Chilbolton Observatory,2.643,2.643,V ugm-3 (GRAV EMFAB),False,False,False,False,3.654571428571429,0.8105933746629657
2016-04-30,Chilbolton Observatory,3.726,3.726,V ugm-3 (GRAV EMFAB),False,False,False,False,3.553428571428572,0.7380552953861201
2016-05-01,Chilbolton Observatory,,,,False,False,False,False,3.4691666666666667,0.770733525069796
2016-05-02,Chilbolton Observatory,2.5,2.5,V ugm-3 (GRAV EMFAB),False,False,False,False,3.3343333333333334,0.8688729864983206
2016-05-03,Chilbolton Observatory,10.607,10.607,V ugm-3 (GRAV EMFAB),False,False,False,False,4.640833333333333,3.0365768501170094
2016-05-04,Chilbolton Observatory,6.417,6.417,V ugm-3 (GRAV EMFAB),False,False,False,False,5.110166666666666,3.061237228093659
2016-05-05,Chilbolton Observatory,7.643,7.643,V ugm-3 (GRAV EMFAB),False,False,False,False,5.589333333333333,3.2179629995801005
2016-05-06,Chilbolton Observatory,,,V ugm-3 (GRAV EMFAB),False,False,False,False,6.1786,3.2155626723794204
2016-05-07,Chilbolton Observatory,,,V ugm-3 (GRAV EMFAB),False,False,False,False,6.79175,3.358586743954447
2016-05-08,Chilbolton Observatory,3.542,3.542,V ugm-3 (GRAV EMFAB),False,False,False,False,6.1418,3.251500222973986
2016-05-09,Chilbolton Observatory,2.458,2.458,V ugm-3 (GRAV EMFAB),False,False,False,False,6.1334,3.2632934743905397
2016-05-10,Chilbolton Observatory,,,,False,False,False,False,5.015000000000001,2.420741346502443
2016-05-11,Chilbolton Observatory,,,,False,False,False,False,4.547666666666667,2.7348821424940777
2016-05-12,Chilbolton Observatory,,,,False,False,False,False,3.0000000000000004,0.7665037508056541
2016-05-13,Chilbolton Observatory,13.236,13.236,V ugm-3 (GRAV EMFAB),False,False,False,False,6.412,5.934559461324808
2016-05-14,Chilbolton Observatory,5.778,5.778,V ugm-3 (GRAV EMFAB),False,False,False,False,6.2535,4.855905648451843
2016-05-15,Chilbolton Observatory,9.278,9.278,V ugm-3 (GRAV EMFAB),False,False,False,False,7.687500000000001,4.6299533114996505
2016-05-16,Chilbolton Observatory,5.694,5.694,V ugm-3 (GRAV EMFAB),False,False,False,False,8.496500000000001,3.573879824504448
2016-05-17,Chilbolton Observatory,8.153,8.153,V ugm-3 (GRAV EMFAB),False,False,False,False,8.427800000000001,3.098880636617028
2016-05-18,Chilbolton Observatory,5.528,5.528,V ugm-3 (GRAV EMFAB),False,False,False,False,7.944500000000001,3.01395459488028
2016-05-19,Chilbolton Observatory,2.679,2.679,V ugm-3 (GRAV EMFAB),False,False,False,False,7.192285714285715,3.395691324521197
2016-05-20,Chilbolton Observatory,6.304,6.304,V ugm-3 (GRAV EMFAB),False,False,False,False,6.202,2.104844649849468
2016-05-21,Chilbolton Observatory,5.262,5.262,V ugm-3 (GRAV EMFAB),False,False,False,False,6.128285714285714,2.1310409595848925
2016-05-22,Chilbolton Observatory,3.47,3.47,V ugm-3 (GRAV EMFAB),False,False,False,False,5.298571428571429,1.8062306845234903
2016-05-23,Chilbolton Observatory,3.929,3.929,V ugm-3 (GRAV EMFAB),False,False,False,False,5.046428571428572,1.8640969982936846
2016-05-24,Chilbolton Observatory,4.887,4.887,V ugm-3 (GRAV EMFAB),False,False,False,False,4.579857142857143,1.2714791161702337
2016-05-25,Chilbolton Observatory,7.262,7.262,V ugm-3 (GRAV EMFAB),False,False,False,False,4.827571428571429,1.610658960088754
2016-05-26,Chilbolton Observatory,,,V ugm-3 (GRAV EMFAB),False,False,False,False,5.185666666666666,1.426855376927373
2016-05-27,Chilbolton Observatory,,,V ugm-3 (GRAV EMFAB),False,False,False,False,4.962,1.4729882891591006
2016-05-28,Chilbolton Observatory,,,V ugm-3 (GRAV EMFAB),False,False,False,False,4.887,1.6898005799501319
2016-05-29,Chilbolton Observatory,,,V ugm-3 (GRAV EMFAB),False,False,False,False,5.359333333333333,1.7159680455454487
2016-05-30,Chilbolton Observatory,,,V ugm-3 (GRAV EMFAB),False,False,False,False,6.0745,1.6793786053179183
2016-05-31,Chilbolton Observatory,,,V ugm-3 (GRAV EMFAB),False,False,False,False,7.262,
2016-06-01,Chilbolton Observatory,,,,False,False,False,False,,
2016-06-02,Chilbolton Observatory,4.208,4.208,V ugm-3 (GRAV EMFAB),False,False,False,False,4.208,
2016-06-03,Chilbolton Observatory,4.232,4.232,V ugm-3 (GRAV EMFAB),False,False,False,False,4.220000000000001,0.01697056274847684
2016-06-04,Chilbolton Observatory,4.333,4.333,V ugm-3 (GRAV EMFAB),False,False,False,False,4.257666666666666,0.06633500835406063
2016-06-05,Chilbolton Observatory,,,V ugm-3 (GRAV EMFAB),False,False,False,False,4.257666666666666,0.06633500835406063
2016-06-06,Chilbolton Observatory,,,V ugm-3 (GRAV EMFAB),False,False,False,False,4.257666666666666,0.06633500835406063
2016-06-07,Chilbolton Observatory,,,V ugm-3 (GRAV EMFAB),False,False,False,False,4.257666666666666,0.06633500835406063
2016-06-08,Chilbolton Observatory,4.792,4.792,V ugm-3 (GRAV EMFAB),False,False,False,False,4.39125,0.2726015101449974
2016-06-09,Chilbolton Observatory,3.667,3.667,V ugm-3 (GRAV EMFAB),False,False,False,False,4.256,0.4621406712246824
2016-06-10,Chilbolton Observatory,,,,False,False,False,False,4.264,0.5656650952639732
2016-06-11,Chilbolton Observatory,,,,False,False,False,False,4.2295,0.795495128834866
2016-06-12,Chilbolton Observatory,,,,False,False,False,False,4.2295,0.795495128834866
2016-06-13,Chilbolton Observatory,,,V ugm-3 (GRAV EMFAB),False,False,False,False,4.2295,0.795495128834866
2016-06-14,Chilbolton Observatory,,,V ugm-3 (GRAV EMFAB),False,False,False,False,4.2295,0.795495128834866
2016-06-15,Chilbolton Observatory,,,V ugm-3 (GRAV EMFAB),False,False,False,False,3.667,
2016-06-16,Chilbolton Observatory,,,V ugm-3 (GRAV EMFAB),False,False,False,False,,
2016-06-17,Chilbolton Observatory,,,V ugm-3 (GRAV EMFAB),False,False,False,False,,
2016-06-18,Chilbolton Observatory,,,V ugm-3 (GRAV EMFAB),False,False,False,False,,
2016-06-19,Chilbolton Observatory,,,V ugm-3 (GRAV EMFAB),False,False,False,False,,
2016-06-20,Chilbolton Observatory,,,V ugm-3 (GRAV EMFAB),False,False,False,False,,
2016-06-21,Chilbolton Observatory,,,V ugm-3 (GRAV EMFAB),False,False,False,False,,
2016-06-22,Chilbolton Observatory,,,V ugm-3 (GRAV EMFAB),False,False,False,False,,
2016-06-23,Chilbolton Observatory,,,V ugm-3 (GRAV EMFAB),False,False,False,False,,
2016-06-24,Chilbolton Observatory,,,V ugm-3 (GRAV EMFAB),False,False,False,False,,
2016-06-25,Chilbolton Observatory,,,V ugm-3 (GRAV EMFAB),False,False,False,False,,
2016-06-26,Chilbolton Observatory,,,V ugm-3 (GRAV EMFAB),False,False,False,False,,
2016-06-27,Chilbolton Observatory,,,V ugm-3 (GRAV EMFAB),False,False,False,False,,
2016-06-28,Chilbolton Observatory,,,V ugm-3 (GRAV EMFAB),False,False,False,False,,
2016-06-29,Chilbolton Observatory,,,V ugm-3 (GRAV EMFAB),False,False,False,False,,
2016-06-30,Chilbolton Observatory,,,V ugm-3 (GRAV EMFAB),False,False,False,False,,
2016-07-01,Chilbolton Observatory,,,,False,False,False,False,,
2016-07-02,Chilbolton Observatory,2.75,2.75,V ugm-3 (GRAV EMFAB),False,False,False,False,2.75,
2016-07-03,Chilbolton Observatory,7.232,7.232,V ugm-3 (GRAV EMFAB),False,False,False,False,4.991,3.1692525932781064
2016-07-04,Chilbolton Observatory,1.208,1.208,V ugm-3 (GRAV EMFAB),False,False,False,False,3.73,3.129288097954549
2016-07-05,Chilbolton Observatory,10.986,10.986,V ugm-3 (GRAV EMFAB),False,False,False,False,5.5440000000000005,4.4374181682595575
2016-07-06,Chilbolton Observatory,,,V ugm-3 (GRAV EMFAB),False,False,False,False,5.5440000000000005,4.4374181682595575
2016-07-07,Chilbolton Observatory,,,V ugm-3 (GRAV EMFAB),False,False,False,False,5.5440000000000005,4.4374181682595575
2016-07-08,Chilbolton Observatory,4.25,4.25,V ugm-3 (GRAV EMFAB),False,False,False,False,5.285200000000001,3.88624461402007
2016-07-09,Chilbolton Observatory,4.792,4.792,V ugm-3 (GRAV EMFAB),False,False,False,False,5.6936,3.6535477005234247
2016-07-10,Chilbolton Observatory,,,,False,False,False,False,5.309,4.100215441494101
2016-07-11,Chilbolton Observatory,,,,False,False,False,False,6.675999999999999,3.7423944206884454
2016-07-12,Chilbolton Observatory,,,,False,False,False,False,4.521,0.38325187540311445
2016-07-13,Chilbolton Observatory,3.521,3.521,V ugm-3 (GRAV EMFAB),False,False,False,False,4.187666666666666,0.6377886274725629
2016-07-14,Chilbolton Observatory,3.104,3.104,V ugm-3 (GRAV EMFAB),False,False,False,False,3.91675,0.7515093146462003
2016-07-15,Chilbolton Observatory,1.896,1.896,V ugm-3 (GRAV EMFAB),False,False,False,False,3.3282499999999997,1.1946191513058333
2016-07-16,Chilbolton Observatory,2.396,2.396,V ugm-3 (GRAV EMFAB),False,False,False,False,2.72925,0.7240319399032087
2016-07-17,Chilbolton Observatory,2.979,2.979,V ugm-3 (GRAV EMFAB),False,False,False,False,2.7792000000000003,0.6369000706547321
2016-07-18,Chilbolton Observatory,4.688,4.688,V ugm-3 (GRAV EMFAB),False,False,False,False,3.0973333333333333,0.965280408309766
2016-07-19,Chilbolton Observatory,6.479,6.479,V ugm-3 (GRAV EMFAB),False,False,False,False,3.580428571428571,1.5524622225294094
2016-07-20,Chilbolton Observatory,7.771,7.771,V ugm-3 (GRAV EMFAB),False,False,False,False,4.187571428571428,2.2150181983558554
2016-07-21,Chilbolton Observatory,3.435,3.435,V ugm-3 (GRAV EMFAB),False,False,False,False,4.234857142857143,2.1914386012063267
2016-07-22,Chilbolton Observatory,4.643,4.643,V ugm-3 (GRAV EMFAB),False,False,False,False,4.627285714285714,1.9335953311802092
2016-07-23,Chilbolton Observatory,4.143,4.143,V ugm-3 (GRAV EMFAB),False,False,False,False,4.876857142857142,1.6957122818618553
2016-07-24,Chilbolton Observatory,4.643,4.643,V ugm-3 (GRAV EMFAB),False,False,False,False,5.114571428571429,1.4894021011961869
2016-07-25,Chilbolton Observatory,2.726,2.726,V ugm-3 (GRAV EMFAB),False,False,False,False,4.834285714285714,1.745627939957969
2016-07-26,Chilbolton Observatory,3.226,3.226,V ugm-3 (GRAV EMFAB),False,False,False,False,4.369571428571429,1.6659873806187584
2016-07-27,Chilbolton Observatory,2.643,2.643,V ugm-3 (GRAV EMFAB),False,False,False,False,3.637,0.847328153668932
2016-07-28,Chilbolton Observatory,3.351,3.351,V ugm-3 (GRAV EMFAB),False,False,False,False,3.625,0.8512514317168584
2016-07-29,Chilbolton Observatory,1.875,1.875,V ugm-3 (GRAV EMFAB),False,False,False,False,3.2295714285714285,0.938030180243483
2016-07-30,Chilbolton Observatory,3.375,3.375,V ugm-3 (GRAV EMFAB),False,False,False,False,3.1198571428571427,0.8545896536879432
2016-07-31,Chilbolton Observatory,6.667,6.667,V ugm-3 (GRAV EMFAB),False,False,False,False,3.409,1.5307391460772586
2016-08-01,Chilbolton Observatory,,,,False,False,False,False,3.5228333333333333,1.6440642830092345
2016-08-02,Chilbolton Observatory,9.5,9.5,V ugm-3 (GRAV EMFAB),False,False,False,False,4.5685,2.9186515893473817
2016-08-03,Chilbolton Observatory,8.649,8.649,V ugm-3 (GRAV EMFAB),False,False,False,False,5.569500000000001,3.147175225499844
2016-08-04,Chilbolton Observatory,5.167,5.167,V ugm-3 (GRAV EMFAB),False,False,False,False,5.872166666666666,2.973690664253204
2016-08-05,Chilbolton Observatory,7.611,7.611,V ugm-3 (GRAV EMFAB),False,False,False,False,6.828166666666667,2.2705402367424927
2016-08-06,Chilbolton Observatory,,,V ugm-3 (GRAV EMFAB),False,False,False,False,7.518800000000001,1.6931872902901148
2016-08-07,Chilbolton Observatory,4.271,4.271,V ugm-3 (GRAV EMFAB),False,False,False,False,7.039599999999998,2.243992602483347
2016-08-08,Chilbolton Observatory,4.875,4.875,V ugm-3 (GRAV EMFAB),False,False,False,False,6.6788333333333325,2.1930156786185218
2016-08-09,Chilbolton Observatory,5.417,5.417,V ugm-3 (GRAV EMFAB),False,False,False,False,5.998333333333332,1.726345813174944
2016-08-10,Chilbolton Observatory,,,,False,False,False,False,5.4681999999999995,1.2718204275761553
2016-08-11,Chilbolton Observatory,,,,False,False,False,False,5.5435,1.4556449887707255
2016-08-12,Chilbolton Observatory,,,,False,False,False,False,4.854333333333333,0.5732794548327441
2016-08-13,Chilbolton Observatory,3.208,3.208,V ugm-3 (GRAV EMFAB),False,False,False,False,4.44275,0.9469439881358694
2016-08-14,Chilbolton Observatory,5.042,5.042,V ugm-3 (GRAV EMFAB),False,False,False,False,4.6355,0.9782809753167361
2016-08-15,Chilbolton Observatory,5.25,5.25,V ugm-3 (GRAV EMFAB),False,False,False,False,4.72925,1.025702157873651
2016-08-16,Chilbolton Observatory,7.75,7.75,V ugm-3 (GRAV EMFAB),False,False,False,False,5.3125,1.866137097500251
2016-08-17,Chilbolton Observatory,10.5,10.5,V ugm-3 (GRAV EMFAB),False,False,False,False,6.35,2.82734539807219
2016-08-18,Chilbolton Observatory,15.292,15.292,V ugm-3 (GRAV EMFAB),False,False,False,False,7.840333333333334,4.440908270462998
2016-08-19,Chilbolton Observatory,9.583,9.583,V ugm-3 (GRAV EMFAB),False,False,False,False,8.089285714285714,4.1071356082751755
2016-08-20,Chilbolton Observatory,6.417,6.417,V ugm-3 (GRAV EMFAB),False,False,False,False,8.547714285714287,3.6219209780762145
2016-08-21,Chilbolton Observatory,3.583,3.583,V ugm-3 (GRAV EMFAB),False,False,False,False,8.339285714285714,3.8893899999136834
2016-08-22,Chilbolton Observatory,4.833,4.833,V ugm-3 (GRAV EMFAB),False,False,False,False,8.279714285714286,3.947354376215614
2016-08-23,Chilbolton Observatory,4.792,4.792,V ugm-3 (GRAV EMFAB),False,False,False,False,7.857142857142857,4.16579777988048
2016-08-24,Chilbolton Observatory,8.711,8.711,V ugm-3 (GRAV EMFAB),False,False,False,False,7.601571428571428,4.029275942281393
2016-08-25,Chilbolton Observatory,16.708,16.708,V ugm-3 (GRAV EMFAB),False,False,False,False,7.803857142857142,4.489029235390483
2016-08-26,Chilbolton Observatory,4.292,4.292,V ugm-3 (GRAV EMFAB),False,False,False,False,7.048,4.583973022026488
2016-08-27,Chilbolton Observatory,17.208,17.208,V ugm-3 (GRAV EMFAB),False,False,False,False,8.589571428571428,5.947957544601419
2016-08-28,Chilbolton Observatory,4.125,4.125,V ugm-3 (GRAV EMFAB),False,False,False,False,8.667,5.875001673758626
2016-08-29,Chilbolton Observatory,3.875,3.875,V ugm-3 (GRAV EMFAB),False,False,False,False,8.530142857142858,5.989246848270974
2016-08-30,Chilbolton Observatory,5.708,5.708,V ugm-3 (GRAV EMFAB),False,False,False,False,8.661,5.903351872735803
2016-08-31,Chilbolton Observatory,6.375,6.375,V ugm-3 (GRAV EMFAB),False,False,False,False,8.327285714285713,5.965751132206954
2016-09-01,Chilbolton Observatory,,,,False,False,False,False,6.930499999999999,5.130276513015646
2016-09-02,Chilbolton Observatory,3.5,3.5,V ugm-3 (GRAV EMFAB),False,False,False,False,6.7985,5.221126114163493
2016-09-03,Chilbolton Observatory,2.774,2.774,V ugm-3 (GRAV EMFAB),False,False,False,False,4.392833333333333,1.3723197027903664
2016-09-04,Chilbolton Observatory,2.458,2.458,V ugm-3 (GRAV EMFAB),False,False,False,False,4.115,1.589025109933752
2016-09-05,Chilbolton Observatory,6.069,6.069,V ugm-3 (GRAV EMFAB),False,False,False,False,4.480666666666667,1.76540348551447
2016-09-06,Chilbolton Observatory,,,V ugm-3 (GRAV EMFAB),False,False,False,False,4.235200000000001,1.8557768454207972
2016-09-07,Chilbolton Observatory,4.896,4.896,V ugm-3 (GRAV EMFAB),False,False,False,False,3.9394,1.5162499134377434
2016-09-08,Chilbolton Observatory,6.368,6.368,V ugm-3 (GRAV EMFAB),False,False,False,False,4.344166666666667,1.6799486202460596
2016-09-09,Chilbolton Observatory,3.958,3.958,V ugm-3 (GRAV EMFAB),False,False,False,False,4.4205,1.643939384527292
2016-09-10,Chilbolton Observatory,,,,False,False,False,False,4.7498,1.6015249607795583
2016-09-11,Chilbolton Observatory,,,,False,False,False,False,5.32275,1.1096688319794434
2016-09-12,Chilbolton Observatory,,,,False,False,False,False,5.074,1.2148201512980976
2016-09-13,Chilbolton Observatory,10.083,10.083,V ugm-3 (GRAV EMFAB),False,False,False,False,6.32625,2.693766678215956
2016-09-14,Chilbolton Observatory,10.375,10.375,V ugm-3 (GRAV EMFAB),False,False,False,False,7.696,3.088205411993611
2016-09-15,Chilbolton Observatory,12.72,12.72,V ugm-3 (GRAV EMFAB),False,False,False,False,9.284,3.741704335370888
2016-09-16,Chilbolton Observatory,4.917,4.917,V ugm-3 (GRAV EMFAB),False,False,False,False,9.523750000000001,3.290164471572807
2016-09-17,Chilbolton Observatory,3.208,3.208,V ugm-3 (GRAV EMFAB),False,False,False,False,8.2606,4.012060106728209
2016-09-18,Chilbolton Observatory,5.625,5.625,V ugm-3 (GRAV EMFAB),False,False,False,False,7.821333333333334,3.7463358454183786
2016-09-19,Chilbolton Observatory,5.333,5.333,V ugm-3 (GRAV EMFAB),False,False,False,False,7.465857142857144,3.546886448166963
2016-09-20,Chilbolton Observatory,5.5,5.5,V ugm-3 (GRAV EMFAB),False,False,False,False,6.8111428571428565,3.4033567463398717
2016-09-21,Chilbolton Observatory,12.083,12.083,V ugm-3 (GRAV EMFAB),False,False,False,False,7.055142857142856,3.745478849162519
2016-09-22,Chilbolton Observatory,3.458,3.458,V ugm-3 (GRAV EMFAB),False,False,False,False,5.732,2.965511535412843
2016-09-23,Chilbolton Observatory,3.292,3.292,V ugm-3 (GRAV EMFAB),False,False,False,False,5.499857142857144,3.100475631714772
2016-09-24,Chilbolton Observatory,5.208,5.208,V ugm-3 (GRAV EMFAB),False,False,False,False,5.785571428571429,2.942188463096972
2016-09-25,Chilbolton Observatory,5.417,5.417,V ugm-3 (GRAV EMFAB),False,False,False,False,5.755857142857143,2.9451292800470488
2016-09-26,Chilbolton Observatory,5.083,5.083,V ugm-3 (GRAV EMFAB),False,False,False,False,5.720142857142858,2.952618015060044
2016-09-27,Chilbolton Observatory,3.792,3.792,V ugm-3 (GRAV EMFAB),False,False,False,False,5.4761428571428565,3.0430313520441716
2016-09-28,Chilbolton Observatory,6.75,6.75,V ugm-3 (GRAV EMFAB),False,False,False,False,4.714285714285714,1.2562779302746703
2016-09-29,Chilbolton Observatory,3.625,3.625,V ugm-3 (GRAV EMFAB),False,False,False,False,4.738142857142857,1.2297500326721338
2016-09-30,Chilbolton Observatory,3.792,3.792,V ugm-3 (GRAV EMFAB),False,False,False,False,4.809571428571429,1.1432303438273455
2016-10-01,Chilbolton Observatory,,,,False,False,False,False,4.743166666666667,1.2374692588774205
2016-10-02,Chilbolton Observatory,5.875,5.875,V ugm-3 (GRAV EMFAB),False,False,False,False,4.819500000000001,1.2998988806826344
2016-10-03,Chilbolton Observatory,7.958,7.958,V ugm-3 (GRAV EMFAB),False,False,False,False,5.298666666666667,1.8358557314415078
2016-10-04,Chilbolton Observatory,4.958,4.958,V ugm-3 (GRAV EMFAB),False,False,False,False,5.492999999999999,1.7012494232181143
2016-10-05,Chilbolton Observatory,8.944,8.944,V ugm-3 (GRAV EMFAB),False,False,False,False,5.858666666666667,2.19081388225167
2016-10-06,Chilbolton Observatory,,,V ugm-3 (GRAV EMFAB),False,False,False,False,6.305400000000001,2.121980631391333
2016-10-07,Chilbolton Observatory,5.146,5.146,V ugm-3 (GRAV EMFAB),False,False,False,False,6.5762,1.7798576347562072
2016-10-08,Chilbolton Observatory,4.934,4.934,V ugm-3 (GRAV EMFAB),False,False,False,False,6.302500000000001,1.7273635112505903
2016-10-09,Chilbolton Observatory,3.417,3.417,V ugm-3 (GRAV EMFAB),False,False,False,False,5.892833333333333,2.100253167279277
2016-10-10,Chilbolton Observatory,,,,False,False,False,False,5.4798,2.0577548930812823
2016-10-11,Chilbolton Observatory,,,,False,False,False,False,5.61025,2.352096706486919
2016-10-12,Chilbolton Observatory,,,,False,False,False,False,4.499,0.9430159065466025
2016-10-13,Chilbolton Observatory,,,,False,False,False,False,4.499,0.9430159065466025
2016-10-14,Chilbolton Observatory,,,,False,False,False,False,4.1754999999999995,1.0726809870599072
2016-10-15,Chilbolton Observatory,,,,False,False,False,False,3.417,
2016-10-16,Chilbolton Observatory,,,,False,False,False,False,,
2016-10-17,Chilbolton Observatory,,,,False,False,False,False,,
2016-10-18,Chilbolton Observatory,,,,False,False,False,False,,
2016-10-19,Chilbolton Observatory,,,,False,False,False,False,,
2016-10-20,Chilbolton Observatory,,,,False,False,False,False,,
2016-10-21,Chilbolton Observatory,,,,False,False,False,False,,
2016-10-22,Chilbolton Observatory,,,,False,False,False,False,,
2016-10-23,Chilbolton Observatory,,,,False,False,False,False,,
2016-10-24,Chilbolton Observatory,,,,False,False,False,False,,
2016-10-25,Chilbolton Observatory,,,,False,False,False,False,,
2016-10-26,Chilbolton Observatory,,,,False,False,False,False,,
2016-10-27,Chilbolton Observatory,,,,False,False,False,False,,
2016-10-28,Chilbolton Observatory,,,,False,False,False,False,,
2016-10-29,Chilbolton Observatory,,,,False,False,False,False,,
2016-10-30,Chilbolton Observatory,,,,False,False,False,False,,
2016-10-31,Chilbolton Observatory,,,,False,False,False,False,,
2016-11-01,Chilbolton Observatory,,,V ugm-3 (GRAV EMFAB),False,False,False,False,,
2016-11-02,Chilbolton Observatory,10.583,10.583,V ugm-3 (GRAV EMFAB),False,False,False,False,10.583,
2016-11-03,Chilbolton Observatory,23.208,23.208,V ugm-3 (GRAV EMFAB),True,True,False,False,16.8955,8.927223112480162
2016-11-04,Chilbolton Observatory,19.958,19.958,V ugm-3 (GRAV EMFAB),False,False,False,False,17.91633333333333,6.55545256510436
2016-11-05,Chilbolton Observatory,7.069,7.069,V ugm-3 (GRAV EMFAB),False,False,False,False,15.2045,7.620069925313458
2016-11-06,Chilbolton Observatory,,,V ugm-3 (GRAV EMFAB),False,False,False,False,15.2045,7.620069925313458
2016-11-07,Chilbolton Observatory,3.396,3.396,V ugm-3 (GRAV EMFAB),False,False,False,False,12.8428,8.452054998637903
2016-11-08,Chilbolton Observatory,6.018,6.018,V ugm-3 (GRAV EMFAB),False,False,False,False,11.705333333333334,8.056846124052925
2016-11-09,Chilbolton Observatory,3.375,3.375,V ugm-3 (GRAV EMFAB),False,False,False,False,10.504,8.76401115928089
2016-11-10,Chilbolton Observatory,,,,False,False,False,False,7.9632000000000005,6.898723048506873
2016-11-11,Chilbolton Observatory,,,,False,False,False,False,4.964500000000001,1.873097701669599
2016-11-12,Chilbolton Observatory,,,,False,False,False,False,4.263000000000002,1.5199108526488962
2016-11-13,Chilbolton Observatory,,,,False,False,False,False,4.263000000000002,1.5199108526488962
2016-11-14,Chilbolton Observatory,,,,False,False,False,False,4.696500000000002,1.8688832226759913
2016-11-15,Chilbolton Observatory,,,,False,False,False,False,3.375,
2016-11-16,Chilbolton Observatory,,,,False,False,False,False,,
2016-11-17,Chilbolton Observatory,,,,False,False,False,False,,
2016-11-18,Chilbolton Observatory,,,,False,False,False,False,,
2016-11-19,Chilbolton Observatory,,,,False,False,False,False,,
2016-11-20,Chilbolton Observatory,,,,False,False,False,False,,
2016-11-21,Chilbolton Observatory,,,,False,False,False,False,,
2016-11-22,Chilbolton Observatory,,,,False,False,False,False,,
2016-11-23,Chilbolton Observatory,,,,False,False,False,False,,
2016-11-24,Chilbolton Observatory,,,,False,False,False,False,,
2016-11-25,Chilbolton Observatory,,,,False,False,False,False,,
2016-11-26,Chilbolton Observatory,,,,False,False,False,False,,
2016-11-27,Chilbolton Observatory,,,,False,False,False,False,,
2016-11-28,Chilbolton Observatory,,,,False,False,False,False,,
2016-11-29,Chilbolton Observatory,,,,False,False,False,False,,
2016-11-30,Chilbolton Observatory,,,,False,False,False,False,,
2016-12-01,Chilbolton Observatory,,,V ugm-3 (GRAV EMFAB),False,False,False,False,,
2016-12-02,Chilbolton Observatory,8.917,8.917,V ugm-3 (GRAV EMFAB),False,False,False,False,8.917,
2016-12-03,Chilbolton Observatory,41.708,41.708,V ugm-3 (GRAV EMFAB),True,True,False,False,25.3125,23.186738461888076
2016-12-04,Chilbolton Observatory,3.917,3.917,V ugm-3 (GRAV EMFAB),False,False,False,False,18.180666666666667,20.528067622972536
2016-12-05,Chilbolton Observatory,19.736,19.736,V ugm-3 (GRAV EMFAB),False,False,False,False,18.569499999999998,16.779128076273807
2016-12-06,Chilbolton Observatory,,,V ugm-3 (GRAV EMFAB),False,False,False,False,18.569499999999998,16.779128076273807
2016-12-07,Chilbolton Observatory,2.521,2.521,V ugm-3 (GRAV EMFAB),False,False,False,False,15.359799999999998,16.20694988885941
2016-12-08,Chilbolton Observatory,5.167,5.167,V ugm-3 (GRAV EMFAB),False,False,False,False,13.661,15.081369579716556
2016-12-09,Chilbolton Observatory,3.875,3.875,V ugm-3 (GRAV EMFAB),False,False,False,False,12.820666666666666,15.532300804023423
2016-12-10,Chilbolton Observatory,,,,False,False,False,False,7.043199999999999,7.156958306431578
2016-12-11,Chilbolton Observatory,,,,False,False,False,False,7.824749999999998,8.013983627593289
2016-12-12,Chilbolton Observatory,,,,False,False,False,False,3.8543333333333316,1.3231210577015236
2016-12-13,Chilbolton Observatory,,,,False,False,False,False,3.8543333333333316,1.3231210577015236
2016-12-14,Chilbolton Observatory,,,,False,False,False,False,4.520999999999997,0.913581961292883
2016-12-15,Chilbolton Observatory,,,,False,False,False,False,3.875,
2016-12-16,Chilbolton Observatory,,,,False,False,False,False,,
2016-12-17,Chilbolton Observatory,,,,False,False,False,False,,
2016-12-18,Chilbolton Observatory,,,,False,False,False,False,,
2016-12-19,Chilbolton Observatory,,,,False,False,False,False,,
2016-12-20,Chilbolton Observatory,,,,False,False,False,False,,
2016-12-21,Chilbolton Observatory,,,,False,False,False,False,,
2016-12-22,Chilbolton Observatory,,,,False,False,False,False,,
2016-12-23,Chilbolton Observatory,,,,False,False,False,False,,
2016-12-24,Chilbolton Observatory,,,,False,False,False,False,,
2016-12-25,Chilbolton Observatory,,,,False,False,False,False,,
2016-12-26,Chilbolton Observatory,,,,False,False,False,False,,
2016-12-27,Chilbolton Observatory,,,,False,False,False,False,,
2016-12-28,Chilbolton Observatory,,,,False,False,False,False,,
2016-12-29,Chilbolton Observatory,,,,False,False,False,False,,
2016-12-30,Chilbolton Observatory,,,,False,False,False,False,,
2016-01-01,Inverness,5.708,5.708,V ugm-3 (GRAV EMFAB),False,False,False,False,5.708,
2016-01-02,Inverness,9.167,9.167,V ugm-3 (GRAV EMFAB),False,False,False,False,7.4375,2.4458823561242675
2016-01-03,Inverness,,,V ugm-3 (GRAV EMFAB),False,False,False,False,7.4375,2.4458823561242675
2016-01-04,Inverness,1.333,1.333,V ugm-3 (GRAV EMFAB),False,False,False,False,5.402666666666666,3.925915222382334
2016-01-05,Inverness,1.917,1.917,V ugm-3 (GRAV EMFAB),False,False,False,False,4.53125,3.648653849937901
2016-01-06,Inverness,3.295,3.295,V ugm-3 (GRAV EMFAB),False,False,False,False,4.284000000000001,3.20782932837768
2016-01-07,Inverness,1.292,1.292,V ugm-3 (GRAV EMFAB),False,False,False,False,3.7853333333333334,3.118356276416578
2016-01-08,Inverness,3.583,3.583,V ugm-3 (GRAV EMFAB),False,False,False,False,3.431166666666666,2.9736313434362818
2016-01-09,Inverness,2.667,2.667,V ugm-3 (GRAV EMFAB),False,False,False,False,2.3478333333333334,0.9853848825036148
2016-01-10,Inverness,4.542,4.542,V ugm-3 (GRAV EMFAB),False,False,False,False,2.661285714285714,1.2234866453821915
2016-01-11,Inverness,2.708,2.708,V ugm-3 (GRAV EMFAB),False,False,False,False,2.857714285714286,1.0762022291815023
2016-01-12,Inverness,3.0,3.0,V ugm-3 (GRAV EMFAB),False,False,False,False,3.0124285714285715,0.9930603971465932
2016-01-13,Inverness,10.646,10.646,V ugm-3 (GRAV EMFAB),False,False,False,False,4.062571428571429,3.065642393645137
2016-01-14,Inverness,5.771,5.771,V ugm-3 (GRAV EMFAB),False,False,False,False,4.702428571428571,2.8508981542163663
2016-01-15,Inverness,7.312,7.312,V ugm-3 (GRAV EMFAB),False,False,False,False,5.235142857142857,2.9534153353121777
2016-01-16,Inverness,17.688,17.688,V ugm-3 (GRAV EMFAB),True,True,False,False,7.381,5.300650054474451
2016-01-17,Inverness,21.521,21.521,V ugm-3 (GRAV EMFAB),True,True,False,False,9.806571428571429,7.2947155269446675
2016-01-18,Inverness,30.938,30.938,V ugm-3 (GRAV EMFAB),True,True,False,False,13.839428571428572,10.013135104403997
2016-01-19,Inverness,17.938,17.938,V ugm-3 (GRAV EMFAB),True,True,False,False,15.97342857142857,8.841235129722975
2016-01-20,Inverness,12.792,12.792,V ugm-3 (GRAV EMFAB),False,False,False,False,16.279999999999998,8.661088480477883
2016-01-21,Inverness,15.833,15.833,V ugm-3 (GRAV EMFAB),True,True,False,False,17.71742857142857,7.364147876868101
2016-01-22,Inverness,4.375,4.375,V ugm-3 (GRAV EMFAB),False,False,False,False,17.297857142857143,8.102460725577373
2016-01-23,Inverness,9.75,9.75,V ugm-3 (GRAV EMFAB),False,False,False,False,16.163857142857143,8.580165721565278
2016-01-24,Inverness,4.083,4.083,V ugm-3 (GRAV EMFAB),False,False,False,False,13.672714285714287,9.269331542139122
2016-01-25,Inverness,3.75,3.75,V ugm-3 (GRAV EMFAB),False,False,False,False,9.788714285714287,5.920233940036654
2016-01-26,Inverness,1.417,1.417,V ugm-3 (GRAV EMFAB),False,False,False,False,7.428571428571429,5.400275328077973
2016-01-27,Inverness,3.5,3.5,V ugm-3 (GRAV EMFAB),False,False,False,False,6.1011428571428565,4.988498151700956
2016-01-28,Inverness,2.167,2.167,V ugm-3 (GRAV EMFAB),False,False,False,False,4.1488571428571435,2.6894603813510964
2016-01-29,Inverness,2.75,2.75,V ugm-3 (GRAV EMFAB),False,False,False,False,3.916714285714286,2.7364091868898703
2016-01-30,Inverness,2.083,2.083,V ugm-3 (GRAV EMFAB),False,False,False,False,2.8214285714285716,0.9887147983018143
2016-01-31,Inverness,9.667,9.667,V ugm-3 (GRAV EMFAB),False,False,False,False,3.619142857142857,2.7893007145502473
2016-02-01,Inverness,6.208,6.208,V ugm-3 (GRAV EMFAB),False,False,False,False,3.9702857142857146,2.9581283336081414
2016-02-02,Inverness,2.958,2.958,V ugm-3 (GRAV EMFAB),False,False,False,False,4.190428571428571,2.7889470448625695
2016-02-03,Inverness,3.333,3.333,V ugm-3 (GRAV EMFAB),False,False,False,False,4.166571428571428,2.7965413673049175
2016-02-04,Inverness,3.125,3.125,V ugm-3 (GRAV EMFAB),False,False,False,False,4.303428571428571,2.7042971272367597
2016-02-05,Inverness,1.125,1.125,V ugm-3 (GRAV EMFAB),False,False,False,False,4.071285714285715,2.920940870923034
2016-02-06,Inverness,4.17,4.17,V ugm-3 (GRAV EMFAB),False,False,False,False,4.369428571428572,2.787639793633255
2016-02-07,Inverness,1.125,1.125,V ugm-3 (GRAV EMFAB),False,False,False,False,3.149142857142857,1.7637075937327351
2016-02-08,Inverness,,,V ugm-3 (GRAV EMFAB),False,False,False,False,2.6393333333333335,1.244824914060894
2016-02-09,Inverness,3.042,3.042,V ugm-3 (GRAV EMFAB),False,False,False,False,2.6533333333333333,1.2495888390453527
2016-02-10,Inverness,4.375,4.375,V ugm-3 (GRAV EMFAB),False,False,False,False,2.827,1.423277204201643
2016-02-11,Inverness,4.417,4.417,V ugm-3 (GRAV EMFAB),False,False,False,False,3.042333333333333,1.5677802992341474
2016-02-12,Inverness,6.625,6.625,V ugm-3 (GRAV EMFAB),False,False,False,False,3.9589999999999996,1.8114823763978625
2016-02-13,Inverness,9.083,9.083,V ugm-3 (GRAV EMFAB),False,False,False,False,4.777833333333333,2.7783185142576285
2016-02-14,Inverness,6.0,6.0,V ugm-3 (GRAV EMFAB),False,False,False,False,5.590333333333334,2.1347051943223256
2016-02-15,Inverness,6.708,6.708,V ugm-3 (GRAV EMFAB),False,False,False,False,5.75,1.993972417060989
2016-02-16,Inverness,3.292,3.292,V ugm-3 (GRAV EMFAB),False,False,False,False,5.785714285714286,1.9388625285878178
2016-02-17,Inverness,4.583,4.583,V ugm-3 (GRAV EMFAB),False,False,False,False,5.815428571428571,1.9150871918481922
2016-02-18,Inverness,2.375,2.375,V ugm-3 (GRAV EMFAB),False,False,False,False,5.523714285714285,2.2836600530935596
2016-02-19,Inverness,2.667,2.667,V ugm-3 (GRAV EMFAB),False,False,False,False,4.958285714285714,2.4495114964883533
2016-02-20,Inverness,2.75,2.75,V ugm-3 (GRAV EMFAB),False,False,False,False,4.053571428571429,1.7385023111041078
2016-02-21,Inverness,2.625,2.625,V ugm-3 (GRAV EMFAB),False,False,False,False,3.5714285714285716,1.5684037381090123
2016-02-22,Inverness,1.0,1.0,V ugm-3 (GRAV EMFAB),False,False,False,False,2.7560000000000002,1.07075051560422
2016-02-23,Inverness,2.458,2.458,V ugm-3 (GRAV EMFAB),False,False,False,False,2.6368571428571426,1.0473126608247632
2016-02-24,Inverness,2.708,2.708,V ugm-3 (GRAV EMFAB),False,False,False,False,2.3689999999999998,0.6186733117459507
2016-02-25,Inverness,4.875,4.875,V ugm-3 (GRAV EMFAB),False,False,False,False,2.726142857142857,1.1316420854333076
2016-02-26,Inverness,9.875,9.875,V ugm-3 (GRAV EMFAB),False,False,False,False,3.7558571428571423,2.925866334869699
2016-02-27,Inverness,10.75,10.75,V ugm-3 (GRAV EMFAB),False,False,False,False,4.898714285714285,3.8757277043279594
2016-02-28,Inverness,7.167,7.167,V ugm-3 (GRAV EMFAB),False,False,False,False,5.547571428571429,3.8112951804315798
2016-02-29,Inverness,4.703,4.703,V ugm-3 (GRAV EMFAB),False,False,False,False,6.0765714285714285,3.297216849462739
2016-03-01,Inverness,1.375,1.375,V ugm-3 (GRAV EMFAB),False,False,False,False,5.921857142857143,3.513616201226857
2016-03-02,Inverness,5.833,5.833,V ugm-3 (GRAV EMFAB),False,False,False,False,6.368285714285714,3.2237897323019187
2016-03-03,Inverness,4.25,4.25,V ugm-3 (GRAV EMFAB),False,False,False,False,6.279000000000001,3.2802019754887106
2016-03-04,Inverness,4.125,4.125,V ugm-3 (GRAV EMFAB),False,False,False,False,5.457571428571429,2.9309735502697722
2016-03-05,Inverness,1.708,1.708,V ugm-3 (GRAV EMFAB),False,False,False,False,4.165857142857143,2.078197971686973
2016-03-06,Inverness,5.254,5.254,V ugm-3 (GRAV EMFAB),False,False,False,False,3.892571428571429,1.7111322622894052
2016-03-07,Inverness,1.875,1.875,V ugm-3 (GRAV EMFAB),False,False,False,False,3.488571428571429,1.8183843430495263
2016-03-08,Inverness,4.562,4.562,V ugm-3 (GRAV EMFAB),False,False,False,False,3.943857142857143,1.5849920534576343
2016-03-09,Inverness,3.792,3.792,V ugm-3 (GRAV EMFAB),False,False,False,False,3.652285714285714,1.349833411238319
2016-03-10,Inverness,5.333,5.333,V ugm-3 (GRAV EMFAB),False,False,False,False,3.807,1.4850524120941675
2016-03-11,Inverness,3.125,3.125,V ugm-3 (GRAV EMFAB),False,False,False,False,3.664142857142857,1.4974103677762647
2016-03-12,Inverness,7.167,7.167,V ugm-3 (GRAV EMFAB),False,False,False,False,4.444,1.7146282395901564
2016-03-13,Inverness,3.75,3.75,V ugm-3 (GRAV EMFAB),False,False,False,False,4.229142857142857,1.6902707306396754
2016-03-14,Inverness,5.083,5.083,V ugm-3 (GRAV EMFAB),False,False,False,False,4.687428571428571,1.345300072740028
2016-03-15,Inverness,5.833,5.833,V ugm-3 (GRAV EMFAB),False,False,False,False,4.869,1.4097764598214517
2016-03-16,Inverness,3.75,3.75,V ugm-3 (GRAV EMFAB),False,False,False,False,4.8629999999999995,1.4152030478580468
2016-03-17,Inverness,5.167,5.167,V ugm-3 (GRAV EMFAB),False,False,False,False,4.839285714285714,1.40738394598937
2016-03-18,Inverness,5.083,5.083,V ugm-3 (GRAV EMFAB),False,False,False,False,5.119,1.1872459728295728
2016-03-19,Inverness,6.0,6.0,V ugm-3 (GRAV EMFAB),False,False,False,False,4.952285714285714,0.8985747444862949
2016-03-20,Inverness,4.333,4.333,V ugm-3 (GRAV EMFAB),False,False,False,False,5.035571428571429,0.7888903297550244
2016-03-21,Inverness,2.625,2.625,V ugm-3 (GRAV EMFAB),False,False,False,False,4.684428571428572,1.2027457277888476
2016-03-22,Inverness,3.458,3.458,V ugm-3 (GRAV EMFAB),False,False,False,False,4.345142857142857,1.1589284459608287
2016-03-23,Inverness,6.208,6.208,V ugm-3 (GRAV EMFAB),False,False,False,False,4.696285714285715,1.3109553404910266
2016-03-24,Inverness,3.083,3.083,V ugm-3 (GRAV EMFAB),False,False,False,False,4.398571428571429,1.418467818591945
2016-03-25,Inverness,4.167,4.167,V ugm-3 (GRAV EMFAB),False,False,False,False,4.267714285714286,1.386700125512101
2016-03-26,Inverness,1.958,1.958,V ugm-3 (GRAV EMFAB),False,False,False,False,3.6902857142857144,1.3867001255121008
2016-03-27,Inverness,2.917,2.917,V ugm-3 (GRAV EMFAB),False,False,False,False,3.4880000000000004,1.3805841758714692
2016-03-28,Inverness,1.792,1.792,V ugm-3 (GRAV EMFAB),False,False,False,False,3.369,1.498254317530918
2016-03-29,Inverness,2.542,2.542,V ugm-3 (GRAV EMFAB),False,False,False,False,3.2381428571428574,1.5288742512680737
2016-03-30,Inverness,3.25,3.25,V ugm-3 (GRAV EMFAB),False,False,False,False,2.815571428571429,0.8118766033380042
2016-03-31,Inverness,2.208,2.208,V ugm-3 (GRAV EMFAB),False,False,False,False,2.6905714285714284,0.8309744996374165
2016-04-01,Inverness,3.792,3.792,V ugm-3 (GRAV EMFAB),False,False,False,False,2.637,0.725296031516352
2016-04-02,Inverness,,,V ugm-3 (GRAV EMFAB),False,False,False,False,2.750166666666667,0.7236635728477078
2016-04-03,Inverness,3.458,3.458,V ugm-3 (GRAV EMFAB),False,False,False,False,2.8403333333333336,0.7801101631607615
2016-04-04,Inverness,7.958,7.958,V ugm-3 (GRAV EMFAB),False,False,False,False,3.868,2.0879547887825654
2016-04-05,Inverness,3.875,3.875,V ugm-3 (GRAV EMFAB),False,False,False,False,4.090166666666666,1.9871286235839676
2016-04-06,Inverness,9.045,9.045,V ugm-3 (GRAV EMFAB),False,False,False,False,5.056,2.756479276178228
2016-04-07,Inverness,1.208,1.208,V ugm-3 (GRAV EMFAB),False,False,False,False,4.889333333333333,2.9839645887085715
2016-04-08,Inverness,3.729,3.729,V ugm-3 (GRAV EMFAB),False,False,False,False,4.878833333333334,2.988705232482239
2016-04-09,Inverness,4.792,4.792,V ugm-3 (GRAV EMFAB),False,False,False,False,4.866428571428571,2.728499517875651
2016-04-10,Inverness,9.708,9.708,V ugm-3 (GRAV EMFAB),False,False,False,False,5.759285714285714,3.1766083440406394
2016-04-11,Inverness,2.708,2.708,V ugm-3 (GRAV EMFAB),False,False,False,False,5.009285714285715,3.190703773688277
2016-04-12,Inverness,11.5,11.5,V ugm-3 (GRAV EMFAB),False,False,False,False,6.09857142857143,3.950116194794907
2016-04-13,Inverness,5.458,5.458,V ugm-3 (GRAV EMFAB),False,False,False,False,5.586142857142858,3.730757672313206
2016-04-14,Inverness,4.333,4.333,V ugm-3 (GRAV EMFAB),False,False,False,False,6.032571428571429,3.279188408592538
2016-04-15,Inverness,2.25,2.25,V ugm-3 (GRAV EMFAB),False,False,False,False,5.821285714285715,3.4930257520897188
2016-04-16,Inverness,1.75,1.75,V ugm-3 (GRAV EMFAB),False,False,False,False,5.386714285714286,3.8166596527280165
2016-04-17,Inverness,1.917,1.917,V ugm-3 (GRAV EMFAB),False,False,False,False,4.273714285714286,3.4663950878054774
2016-04-18,Inverness,3.333,3.333,V ugm-3 (GRAV EMFAB),False,False,False,False,4.3629999999999995,3.4271720120239135
2016-04-19,Inverness,4.833,4.833,V ugm-3 (GRAV EMFAB),False,False,False,False,3.4105714285714286,1.4948432311497835
2016-04-20,Inverness,2.583,2.583,V ugm-3 (GRAV EMFAB),False,False,False,False,2.999857142857143,1.205504379719895
2016-04-21,Inverness,3.792,3.792,V ugm-3 (GRAV EMFAB),False,False,False,False,2.922571428571429,1.1201081580429297
2016-04-22,Inverness,3.667,3.667,V ugm-3 (GRAV EMFAB),False,False,False,False,3.125,1.1062575046826602
2016-04-23,Inverness,2.0,2.0,V ugm-3 (GRAV EMFAB),False,False,False,False,3.1607142857142856,1.0574265481639582
2016-04-24,Inverness,2.125,2.125,V ugm-3 (GRAV EMFAB),False,False,False,False,3.1904285714285714,1.0188722290099275
2016-04-25,Inverness,2.875,2.875,V ugm-3 (GRAV EMFAB),False,False,False,False,3.125,1.0228885569797128
2016-04-26,Inverness,0.542,0.542,V ugm-3 (GRAV EMFAB),False,False,False,False,2.512,1.1107090828235382
2016-04-27,Inverness,1.75,1.75,V ugm-3 (GRAV EMFAB),False,False,False,False,2.3930000000000002,1.1459002283503448
2016-04-28,Inverness,2.208,2.208,V ugm-3 (GRAV EMFAB),False,False,False,False,2.166714285714286,0.9658425879831267
2016-04-29,Inverness,3.375,3.375,V ugm-3 (GRAV EMFAB),False,False,False,False,2.125,0.8938706095776423
2016-04-30,Inverness,2.667,2.667,V ugm-3 (GRAV EMFAB),False,False,False,False,2.220285714285714,0.9136567032691275
2016-05-01,Inverness,6.917,6.917,V ugm-3 (GRAV EMFAB),False,False,False,False,2.904857142857143,1.990736499269516
2016-05-02,Inverness,3.083,3.083,V ugm-3 (GRAV EMFAB),False,False,False,False,2.9345714285714286,1.9917686325761645
2016-05-03,Inverness,2.375,2.375,V ugm-3 (GRAV EMFAB),False,False,False,False,3.1964285714285716,1.7277920261751192
2016-05-04,Inverness,2.792,2.792,V ugm-3 (GRAV EMFAB),False,False,False,False,3.345285714285714,1.6241864337041514
2016-05-05,Inverness,2.917,2.917,V ugm-3 (GRAV EMFAB),False,False,False,False,3.446571428571428,1.5623746730690615
2016-05-06,Inverness,5.129,5.129,V ugm-3 (GRAV EMFAB),False,False,False,False,3.697142857142857,1.68483574160525
2016-05-07,Inverness,2.5,2.5,V ugm-3 (GRAV EMFAB),False,False,False,False,3.6732857142857145,1.7029387064998185
2016-05-08,Inverness,4.395,4.395,V ugm-3 (GRAV EMFAB),False,False,False,False,3.3129999999999997,1.0400761190092631
2016-05-09,Inverness,5.417,5.417,V ugm-3 (GRAV EMFAB),False,False,False,False,3.6464285714285714,1.29654950505087
2016-05-10,Inverness,4.625,4.625,V ugm-3 (GRAV EMFAB),False,False,False,False,3.9678571428571425,1.2044432224851913
2016-05-11,Inverness,2.417,2.417,V ugm-3 (GRAV EMFAB),False,False,False,False,3.914285714285714,1.2719099436524353
2016-05-12,Inverness,9.958,9.958,V ugm-3 (GRAV EMFAB),False,False,False,False,4.9201428571428565,2.5217782369174557
2016-05-13,Inverness,5.042,5.042,V ugm-3 (GRAV EMFAB),False,False,False,False,4.9077142857142855,2.520791523462807
2016-05-14,Inverness,1.542,1.542,V ugm-3 (GRAV EMFAB),False,False,False,False,4.770857142857143,2.693392373233152
2016-05-15,Inverness,3.708,3.708,V ugm-3 (GRAV EMFAB),False,False,False,False,4.672714285714286,2.7217380301494742
2016-05-16,Inverness,2.292,2.292,V ugm-3 (GRAV EMFAB),False,False,False,False,4.226285714285714,2.833310708593148
2016-05-17,Inverness,5.292,5.292,V ugm-3 (GRAV EMFAB),False,False,False,False,4.321571428571429,2.860044163828184
2016-05-18,Inverness,5.583,5.583,V ugm-3 (GRAV EMFAB),False,False,False,False,4.7738571428571435,2.757141903528092
2016-05-19,Inverness,4.792,4.792,V ugm-3 (GRAV EMFAB),False,False,False,False,4.035857142857143,1.5771003380224458
2016-05-20,Inverness,4.375,4.375,V ugm-3 (GRAV EMFAB),False,False,False,False,3.9405714285714284,1.525484169823138
2016-05-21,Inverness,3.125,3.125,V ugm-3 (GRAV EMFAB),False,False,False,False,4.166714285714286,1.1914024948613884
2016-05-22,Inverness,4.458,4.458,V ugm-3 (GRAV EMFAB),False,False,False,False,4.2738571428571435,1.176910564227593
2016-05-23,Inverness,2.375,2.375,V ugm-3 (GRAV EMFAB),False,False,False,False,4.285714285714286,1.1538072794428338
2016-05-24,Inverness,4.5,4.5,V ugm-3 (GRAV EMFAB),False,False,False,False,4.172571428571429,1.0748120544453288
2016-05-25,Inverness,3.42,3.42,V ugm-3 (GRAV EMFAB),False,False,False,False,3.863571428571429,0.8981475114818219
2016-05-26,Inverness,4.795,4.795,V ugm-3 (GRAV EMFAB),False,False,False,False,3.8640000000000003,0.8986649357055742
2016-05-27,Inverness,6.629,6.629,V ugm-3 (GRAV EMFAB),False,False,False,False,4.186,1.3846725244620244
2016-05-28,Inverness,7.837,7.837,V ugm-3 (GRAV EMFAB),False,False,False,False,4.8591428571428565,1.8500512991600644
2016-05-29,Inverness,6.17,6.17,V ugm-3 (GRAV EMFAB),False,False,False,False,5.103714285714285,1.9006517929634743
2016-05-30,Inverness,4.337,4.337,V ugm-3 (GRAV EMFAB),False,False,False,False,5.384,1.5420177257952314
2016-05-31,Inverness,3.17,3.17,V ugm-3 (GRAV EMFAB),False,False,False,False,5.194000000000001,1.7385123909059046
2016-06-01,Inverness,7.083,7.083,V ugm-3 (GRAV EMFAB),False,False,False,False,5.7172857142857145,1.6652828302609546
2016-06-02,Inverness,5.5,5.5,V ugm-3 (GRAV EMFAB),False,False,False,False,5.818,1.6209359436243507
2016-06-03,Inverness,4.0,4.0,V ugm-3 (GRAV EMFAB),False,False,False,False,5.442428571428572,1.7041432703016248
2016-06-04,Inverness,1.292,1.292,V ugm-3 (GRAV EMFAB),False,False,False,False,4.507428571428571,1.9492364194852434
2016-06-05,Inverness,2.167,2.167,V ugm-3 (GRAV EMFAB),False,False,False,False,3.9355714285714285,1.9672931367018793
2016-06-06,Inverness,6.212,6.212,V ugm-3 (GRAV EMFAB),False,False,False,False,4.203428571428572,2.1502016848924472
2016-06-07,Inverness,3.333,3.333,V ugm-3 (GRAV EMFAB),False,False,False,False,4.226714285714285,2.1379928059035347
2016-06-08,Inverness,3.979,3.979,V ugm-3 (GRAV EMFAB),False,False,False,False,3.783285714285714,1.7297722118134335
2016-06-09,Inverness,3.083,3.083,V ugm-3 (GRAV EMFAB),False,False,False,False,3.4379999999999997,1.5631916069375609
2016-06-10,Inverness,7.083,7.083,V ugm-3 (GRAV EMFAB),False,False,False,False,3.8784285714285716,2.0925959840305977
2016-06-11,Inverness,3.208,3.208,V ugm-3 (GRAV EMFAB),False,False,False,False,4.152142857142858,1.8031996033506221
2016-06-12,Inverness,10.708,10.708,V ugm-3 (GRAV EMFAB),False,False,False,False,5.372285714285715,2.8321488728693742
2016-06-13,Inverness,0.855,0.855,V ugm-3 (GRAV EMFAB),False,False,False,False,4.606999999999999,3.2590263883558888
2016-06-14,Inverness,3.771,3.771,V ugm-3 (GRAV EMFAB),False,False,False,False,4.6695714285714285,3.2346028018466684
2016-06-15,Inverness,4.313,4.313,V ugm-3 (GRAV EMFAB),False,False,False,False,4.7172857142857145,3.2251679395180757
2016-06-16,Inverness,2.105,2.105,V ugm-3 (GRAV EMFAB),False,False,False,False,4.577571428571429,3.327330153799136
2016-06-17,Inverness,3.771,3.771,V ugm-3 (GRAV EMFAB),False,False,False,False,4.1044285714285715,3.1420028568384497
2016-06-18,Inverness,3.188,3.188,V ugm-3 (GRAV EMFAB),False,False,False,False,4.101571428571428,3.1429628196519146
2016-06-19,Inverness,5.48,5.48,V ugm-3 (GRAV EMFAB),False,False,False,False,3.354714285714286,1.5066458015833046
2016-06-20,Inverness,2.188,2.188,V ugm-3 (GRAV EMFAB),False,False,False,False,3.545142857142857,1.188745757590959
2016-06-21,Inverness,3.396,3.396,V ugm-3 (GRAV EMFAB),False,False,False,False,3.4915714285714285,1.185315830927625
2016-06-22,Inverness,3.98,3.98,V ugm-3 (GRAV EMFAB),False,False,False,False,3.444,1.1530985791914585
2016-06-23,Inverness,3.5,3.5,V ugm-3 (GRAV EMFAB),False,False,False,False,3.6432857142857142,0.9924741330442481
2016-06-24,Inverness,4.875,4.875,V ugm-3 (GRAV EMFAB),False,False,False,False,3.8009999999999997,1.09823509929949
2016-06-25,Inverness,3.375,3.375,V ugm-3 (GRAV EMFAB),False,False,False,False,3.827714285714286,1.083007650678701
2016-06-26,Inverness,2.958,2.958,V ugm-3 (GRAV EMFAB),False,False,False,False,3.467428571428571,0.8321806408753125
2016-06-27,Inverness,2.5,2.5,V ugm-3 (GRAV EMFAB),False,False,False,False,3.5120000000000005,0.7572122115585302
2016-06-28,Inverness,2.292,2.292,V ugm-3 (GRAV EMFAB),False,False,False,False,3.3542857142857145,0.8889178279019561
2016-06-29,Inverness,3.625,3.625,V ugm-3 (GRAV EMFAB),False,False,False,False,3.3035714285714284,0.8568171444641184
2016-06-30,Inverness,0.966,0.966,V ugm-3 (GRAV EMFAB),False,False,False,False,2.9415714285714287,1.2188219526989899
2016-07-01,Inverness,3.354,3.354,V ugm-3 (GRAV EMFAB),False,False,False,False,2.724285714285714,0.9142047025121149
2016-07-02,Inverness,3.417,3.417,V ugm-3 (GRAV EMFAB),False,False,False,False,2.7302857142857144,0.919310740770097
2016-07-03,Inverness,4.375,4.375,V ugm-3 (GRAV EMFAB),False,False,False,False,2.9327142857142863,1.1133420729625725
2016-07-04,Inverness,1.458,1.458,V ugm-3 (GRAV EMFAB),False,False,False,False,2.7838571428571433,1.2429544680010753
2016-07-05,Inverness,4.25,4.25,V ugm-3 (GRAV EMFAB),False,False,False,False,3.0635714285714286,1.3310137561451594
2016-07-06,Inverness,6.129,6.129,V ugm-3 (GRAV EMFAB),False,False,False,False,3.421285714285714,1.7708528749622119
2016-07-07,Inverness,3.104,3.104,V ugm-3 (GRAV EMFAB),False,False,False,False,3.726714285714286,1.4279796583852067
2016-07-08,Inverness,3.562,3.562,V ugm-3 (GRAV EMFAB),False,False,False,False,3.7564285714285712,1.421078798793712
2016-07-09,Inverness,4.75,4.75,V ugm-3 (GRAV EMFAB),False,False,False,False,3.946857142857143,1.4568757014666132
2016-07-10,Inverness,6.292,6.292,V ugm-3 (GRAV EMFAB),False,False,False,False,4.220714285714286,1.7091091943159353
2016-07-11,Inverness,5.5,5.5,V ugm-3 (GRAV EMFAB),False,False,False,False,4.7981428571428575,1.2380320982068698
2016-07-12,Inverness,2.583,2.583,V ugm-3 (GRAV EMFAB),False,False,False,False,4.5600000000000005,1.4947549408961194
2016-07-13,Inverness,2.104,2.104,V ugm-3 (GRAV EMFAB),False,False,False,False,3.9850000000000003,1.5631993901397738
2016-07-14,Inverness,1.729,1.729,V ugm-3 (GRAV EMFAB),False,False,False,False,3.7885714285714287,1.7656367932602428
2016-07-15,Inverness,2.562,2.562,V ugm-3 (GRAV EMFAB),False,False,False,False,3.6457142857142864,1.8264321060732767
2016-07-16,Inverness,2.438,2.438,V ugm-3 (GRAV EMFAB),False,False,False,False,3.315428571428572,1.8023425365472694
2016-07-17,Inverness,0.646,0.646,V ugm-3 (GRAV EMFAB),False,False,False,False,2.508857142857143,1.4833858150159394
2016-07-18,Inverness,0.521,0.521,V ugm-3 (GRAV EMFAB),False,False,False,False,1.7975714285714286,0.8818304555757752
2016-07-19,Inverness,3.521,3.521,V ugm-3 (GRAV EMFAB),False,False,False,False,1.9315714285714287,1.071864863550584
2016-07-20,Inverness,7.958,7.958,V ugm-3 (GRAV EMFAB),False,False,False,False,2.767857142857143,2.5260594759804254
2016-07-21,Inverness,2.983,2.983,V ugm-3 (GRAV EMFAB),False,False,False,False,2.947,2.484226103504542
2016-07-22,Inverness,4.458,4.458,V ugm-3 (GRAV EMFAB),False,False,False,False,3.2178571428571425,2.5380316144978377
2016-07-23,Inverness,3.208,3.208,V ugm-3 (GRAV EMFAB),False,False,False,False,3.3278571428571424,2.5151821291622536
2016-07-24,Inverness,2.042,2.042,V ugm-3 (GRAV EMFAB),False,False,False,False,3.5272857142857146,2.314429930838678
2016-07-25,Inverness,2.625,2.625,V ugm-3 (GRAV EMFAB),False,False,False,False,3.8278571428571433,1.9699187317054057
2016-07-26,Inverness,2.25,2.25,V ugm-3 (GRAV EMFAB),False,False,False,False,3.6462857142857144,2.059456782283926
2016-07-27,Inverness,3.125,3.125,V ugm-3 (GRAV EMFAB),False,False,False,False,2.9558571428571434,0.7950042827078566
2016-07-28,Inverness,3.833,3.833,V ugm-3 (GRAV EMFAB),False,False,False,False,3.0772857142857144,0.86193768419103
2016-07-29,Inverness,3.167,3.167,V ugm-3 (GRAV EMFAB),False,False,False,False,2.892857142857143,0.6219859131768987
2016-07-30,Inverness,2.625,2.625,V ugm-3 (GRAV EMFAB),False,False,False,False,2.8095714285714286,0.6117019582397215
2016-07-31,Inverness,2.875,2.875,V ugm-3 (GRAV EMFAB),False,False,False,False,2.9285714285714284,0.5100757646804148
2016-08-01,Inverness,12.229,12.229,V ugm-3 (GRAV EMFAB),False,False,False,False,4.300571428571429,3.5305852138676634
2016-08-02,Inverness,6.833,6.833,V ugm-3 (GRAV EMFAB),False,False,False,False,4.955285714285714,3.511836827752954
2016-08-03,Inverness,3.792,3.792,V ugm-3 (GRAV EMFAB),False,False,False,False,5.050571428571429,3.462603060181888
2016-08-04,Inverness,3.667,3.667,V ugm-3 (GRAV EMFAB),False,False,False,False,5.026857142857144,3.472884796465877
2016-08-05,Inverness,16.583,16.583,V ugm-3 (GRAV EMFAB),True,True,False,False,6.943428571428571,5.4273722879843955
2016-08-06,Inverness,4.188,4.188,V ugm-3 (GRAV EMFAB),False,False,False,False,7.166714285714285,5.2493298846705425
2016-08-07,Inverness,3.438,3.438,V ugm-3 (GRAV EMFAB),False,False,False,False,7.247142857142856,5.176420945935891
2016-08-08,Inverness,4.729,4.729,V ugm-3 (GRAV EMFAB),False,False,False,False,6.175714285714285,4.730370518056197
2016-08-09,Inverness,4.417,4.417,V ugm-3 (GRAV EMFAB),False,False,False,False,5.830571428571429,4.762450659661925
2016-08-10,Inverness,7.458,7.458,V ugm-3 (GRAV EMFAB),False,False,False,False,6.354285714285714,4.702099379152741
2016-08-11,Inverness,5.083,5.083,V ugm-3 (GRAV EMFAB),False,False,False,False,6.556571428571429,4.59649608786022
2016-08-12,Inverness,7.625,7.625,V ugm-3 (GRAV EMFAB),False,False,False,False,5.276857142857144,1.628662378412777
2016-08-13,Inverness,2.687,2.687,V ugm-3 (GRAV EMFAB),False,False,False,False,5.062428571428571,1.875950413092247
2016-08-14,Inverness,2.604,2.604,V ugm-3 (GRAV EMFAB),False,False,False,False,4.9432857142857145,2.0174603436239478
2016-08-15,Inverness,4.812,4.812,V ugm-3 (GRAV EMFAB),False,False,False,False,4.9551428571428575,2.0162345621290765
2016-08-16,Inverness,8.02,8.02,V ugm-3 (GRAV EMFAB),False,False,False,False,5.469857142857143,2.2963901692708557
2016-08-17,Inverness,8.604,8.604,V ugm-3 (GRAV EMFAB),False,False,False,False,5.633571428571429,2.4940920096060952
2016-08-18,Inverness,,,V ugm-3 (GRAV EMFAB),False,False,False,False,5.725333333333334,2.7191660241086217
2016-08-19,Inverness,,,V ugm-3 (GRAV EMFAB),False,False,False,False,5.345400000000001,2.8565205758054724
2016-08-20,Inverness,,,V ugm-3 (GRAV EMFAB),False,False,False,False,6.010000000000001,2.81691178420625
2016-08-21,Inverness,,,V ugm-3 (GRAV EMFAB),False,False,False,False,7.145333333333334,2.041714312369239
2016-08-22,Inverness,,,V ugm-3 (GRAV EMFAB),False,False,False,False,8.312000000000001,0.412950360213111
2016-08-23,Inverness,4.139,4.139,V ugm-3 (GRAV EMFAB),False,False,False,False,6.371499999999999,3.157231777997953
2016-08-24,Inverness,4.014,4.014,V ugm-3 (GRAV EMFAB),False,False,False,False,4.0765,0.08838834764831845
2016-08-25,Inverness,4.597,4.597,V ugm-3 (GRAV EMFAB),False,False,False,False,4.25,0.306941362478243
2016-08-26,Inverness,2.556,2.556,V ugm-3 (GRAV EMFAB),False,False,False,False,3.8265000000000002,0.8832993075207671
2016-08-27,Inverness,3.972,3.972,V ugm-3 (GRAV EMFAB),False,False,False,False,3.8556000000000004,0.7677221502601056
2016-08-28,Inverness,4.181,4.181,V ugm-3 (GRAV EMFAB),False,False,False,False,3.9098333333333337,0.6994035792492534
2016-08-29,Inverness,3.347,3.347,V ugm-3 (GRAV EMFAB),False,False,False,False,3.8294285714285716,0.6729727228605078
2016-08-30,Inverness,4.972,4.972,V ugm-3 (GRAV EMFAB),False,False,False,False,3.948428571428572,0.7987345944561013
2016-08-31,Inverness,1.833,1.833,V ugm-3 (GRAV EMFAB),False,False,False,False,3.6368571428571426,1.1268734665097986
2016-09-01,Inverness,10.938,10.938,V ugm-3 (GRAV EMFAB),False,False,False,False,4.542714285714286,3.007208989206089
2016-09-02,Inverness,4.875,4.875,V ugm-3 (GRAV EMFAB),False,False,False,False,4.8740000000000006,2.876773771663899
2016-09-03,Inverness,7.917,7.917,V ugm-3 (GRAV EMFAB),False,False,False,False,5.437571428571429,3.0517186336632705
2016-09-04,Inverness,2.5,2.5,V ugm-3 (GRAV EMFAB),False,False,False,False,5.197428571428572,3.2281210663554143
2016-09-05,Inverness,14.833,14.833,V ugm-3 (GRAV EMFAB),True,True,False,False,6.838285714285715,4.709880738556824
2016-09-06,Inverness,5.73,5.73,V ugm-3 (GRAV EMFAB),False,False,False,False,6.9465714285714295,4.668351845392649
2016-09-07,Inverness,3.479,3.479,V ugm-3 (GRAV EMFAB),False,False,False,False,7.181714285714286,4.401693754086249
2016-09-08,Inverness,2.729,2.729,V ugm-3 (GRAV EMFAB),False,False,False,False,6.009,4.327039365047036
2016-09-09,Inverness,3.542,3.542,V ugm-3 (GRAV EMFAB),False,False,False,False,5.818571428571429,4.413726877864209
2016-09-10,Inverness,4.333,4.333,V ugm-3 (GRAV EMFAB),False,False,False,False,5.306571428571429,4.336942504312719
2016-09-11,Inverness,9.208,9.208,V ugm-3 (GRAV EMFAB),False,False,False,False,6.264857142857143,4.354509977351888
2016-09-12,Inverness,6.625,6.625,V ugm-3 (GRAV EMFAB),False,False,False,False,5.0922857142857145,2.2679913076175056
2016-09-13,Inverness,2.125,2.125,V ugm-3 (GRAV EMFAB),False,False,False,False,4.577285714285714,2.496805873797273
2016-09-14,Inverness,3.75,3.75,V ugm-3 (GRAV EMFAB),False,False,False,False,4.616,2.478975460413702
2016-09-15,Inverness,6.833,6.833,V ugm-3 (GRAV EMFAB),False,False,False,False,5.202285714285715,2.443362417809093
2016-09-16,Inverness,4.542,4.542,V ugm-3 (GRAV EMFAB),False,False,False,False,5.345142857142856,2.357848272512561
2016-09-17,Inverness,3.542,3.542,V ugm-3 (GRAV EMFAB),False,False,False,False,5.232142857142857,2.4322211678882746
2016-09-18,Inverness,5.292,5.292,V ugm-3 (GRAV EMFAB),False,False,False,False,4.672714285714286,1.707806557574724
2016-09-19,Inverness,3.083,3.083,V ugm-3 (GRAV EMFAB),False,False,False,False,4.166714285714286,1.5504375419308454
2016-09-20,Inverness,4.792,4.792,V ugm-3 (GRAV EMFAB),False,False,False,False,4.547714285714286,1.2668463093163917
2016-09-21,Inverness,4.083,4.083,V ugm-3 (GRAV EMFAB),False,False,False,False,4.595285714285715,1.237818472728761
2016-09-22,Inverness,3.583,3.583,V ugm-3 (GRAV EMFAB),False,False,False,False,4.131,0.7854506137668085
2016-09-23,Inverness,3.958,3.958,V ugm-3 (GRAV EMFAB),False,False,False,False,4.047571428571429,0.765275736176799
2016-09-24,Inverness,3.208,3.208,V ugm-3 (GRAV EMFAB),False,False,False,False,3.9998571428571426,0.8110921502458677
2016-09-25,Inverness,1.958,1.958,V ugm-3 (GRAV EMFAB),False,False,False,False,3.5235714285714286,0.8998920041024956
2016-09-26,Inverness,3.917,3.917,V ugm-3 (GRAV EMFAB),False,False,False,False,3.6427142857142862,0.8869565405147494
2016-09-27,Inverness,6.208,6.208,V ugm-3 (GRAV EMFAB),False,False,False,False,3.8449999999999998,1.271059138409115
2016-09-28,Inverness,3.208,3.208,V ugm-3 (GRAV EMFAB),False,False,False,False,3.72,1.2866816493082718
2016-09-29,Inverness,3.167,3.167,V ugm-3 (GRAV EMFAB),False,False,False,False,3.660571428571429,1.3035602347855941
2016-09-30,Inverness,4.125,4.125,V ugm-3 (GRAV EMFAB),False,False,False,False,3.684428571428572,1.311415374972504
2016-10-01,Inverness,9.104,9.104,V ugm-3 (GRAV EMFAB),False,False,False,False,4.526714285714285,2.397829415275802
2016-10-02,Inverness,4.208,4.208,V ugm-3 (GRAV EMFAB),False,False,False,False,4.848142857142856,2.1321971006899125
2016-10-03,Inverness,5.417,5.417,V ugm-3 (GRAV EMFAB),False,False,False,False,5.062428571428571,2.0981233564897015
2016-10-04,Inverness,4.917,4.917,V ugm-3 (GRAV EMFAB),False,False,False,False,4.878,2.0364776780837364
2016-10-05,Inverness,12.583,12.583,V ugm-3 (GRAV EMFAB),False,False,False,False,6.2172857142857145,3.388848610481428
2016-10-06,Inverness,4.771,4.771,V ugm-3 (GRAV EMFAB),False,False,False,False,6.446428571428571,3.1970226699823314
2016-10-07,Inverness,1.604,1.604,V ugm-3 (GRAV EMFAB),False,False,False,False,6.086285714285714,3.616579586399545
2016-10-08,Inverness,3.645,3.645,V ugm-3 (GRAV EMFAB),False,False,False,False,5.306428571428571,3.4417515820263596
2016-10-09,Inverness,4.458,4.458,V ugm-3 (GRAV EMFAB),False,False,False,False,5.342142857142856,3.4297298449766864
2016-10-10,Inverness,5.708,5.708,V ugm-3 (GRAV EMFAB),False,False,False,False,5.3837142857142855,3.432550835471375
2016-10-11,Inverness,6.292,6.292,V ugm-3 (GRAV EMFAB),False,False,False,False,5.580142857142858,3.4407243146645454
2016-10-12,Inverness,4.375,4.375,V ugm-3 (GRAV EMFAB),False,False,False,False,4.407571428571428,1.5176405873529284
2016-10-13,Inverness,3.208,3.208,V ugm-3 (GRAV EMFAB),False,False,False,False,4.184285714285714,1.5693572691058033
2016-10-14,Inverness,5.5,5.5,V ugm-3 (GRAV EMFAB),False,False,False,False,4.740857142857143,1.1315270549971255
2016-10-15,Inverness,4.958,4.958,V ugm-3 (GRAV EMFAB),False,False,False,False,4.9284285714285705,1.0232373229352085
2016-10-16,Inverness,6.875,6.875,V ugm-3 (GRAV EMFAB),False,False,False,False,5.273714285714285,1.2257901824654036
2016-10-17,Inverness,2.542,2.542,V ugm-3 (GRAV EMFAB),False,False,False,False,4.821428571428571,1.5735888765433446
2016-10-18,Inverness,2.292,2.292,V ugm-3 (GRAV EMFAB),False,False,False,False,4.25,1.6736589656597674
2016-10-19,Inverness,4.917,4.917,V ugm-3 (GRAV EMFAB),False,False,False,False,4.327428571428571,1.692833114155362
2016-10-20,Inverness,4.208,4.208,V ugm-3 (GRAV EMFAB),False,False,False,False,4.470285714285715,1.6233909689582569
2016-10-21,Inverness,9.125,9.125,V ugm-3 (GRAV EMFAB),False,False,False,False,4.988142857142857,2.3993475105099864
2016-10-22,Inverness,9.583,9.583,V ugm-3 (GRAV EMFAB),False,False,False,False,5.6488571428571435,2.9607772306480284
2016-10-23,Inverness,8.625,8.625,V ugm-3 (GRAV EMFAB),False,False,False,False,5.8988571428571435,3.149436744804348
2016-10-24,Inverness,9.542,9.542,V ugm-3 (GRAV EMFAB),False,False,False,False,6.8988571428571435,3.0143465532113503
2016-10-25,Inverness,7.417,7.417,V ugm-3 (GRAV EMFAB),False,False,False,False,7.630999999999999,2.2290064303780457
2016-10-26,Inverness,5.0,5.0,V ugm-3 (GRAV EMFAB),False,False,False,False,7.642857142857143,2.2123215128435754
2016-10-27,Inverness,3.5,3.5,V ugm-3 (GRAV EMFAB),False,False,False,False,7.541714285714286,2.4034562414909733
2016-10-28,Inverness,6.875,6.875,V ugm-3 (GRAV EMFAB),False,False,False,False,7.220285714285715,2.304853987731525
2016-10-29,Inverness,6.417,6.417,V ugm-3 (GRAV EMFAB),False,False,False,False,6.768,2.061755885970339
2016-10-30,Inverness,5.542,5.542,V ugm-3 (GRAV EMFAB),False,False,False,False,6.327571428571429,1.9236168067075157
2016-10-31,Inverness,3.75,3.75,V ugm-3 (GRAV EMFAB),False,False,False,False,5.5001428571428574,1.512209578571635
2016-11-01,Inverness,5.688,5.688,V ugm-3 (GRAV EMFAB),False,False,False,False,5.253142857142857,1.2684999577678877
2016-11-02,Inverness,11.042,11.042,V ugm-3 (GRAV EMFAB),False,False,False,False,6.1162857142857145,2.5128413343123297
2016-11-03,Inverness,4.792,4.792,V ugm-3 (GRAV EMFAB),False,False,False,False,6.300857142857143,2.329397091421686
2016-11-04,Inverness,4.75,4.75,V ugm-3 (GRAV EMFAB),False,False,False,False,5.997285714285715,2.380020077946522
2016-11-05,Inverness,10.583,10.583,V ugm-3 (GRAV EMFAB),False,False,False,False,6.592428571428571,2.954099516329969
2016-11-06,Inverness,2.438,2.438,V ugm-3 (GRAV EMFAB),False,False,False,False,6.149,3.3451382133877017
2016-11-07,Inverness,2.354,2.354,V ugm-3 (GRAV EMFAB),False,False,False,False,5.949571428571429,3.5474901858987034
2016-11-08,Inverness,2.52,2.52,V ugm-3 (GRAV EMFAB),False,False,False,False,5.497,3.7808269377655104
2016-11-09,Inverness,2.375,2.375,V ugm-3 (GRAV EMFAB),False,False,False,False,4.258857142857143,3.0010217387067457
2016-11-10,Inverness,5.708,5.708,V ugm-3 (GRAV EMFAB),False,False,False,False,4.389714285714286,3.04775046628852
2016-11-11,Inverness,4.583,4.583,V ugm-3 (GRAV EMFAB),False,False,False,False,4.365857142857143,3.0451126650515126
2016-11-12,Inverness,4.0,4.0,V ugm-3 (GRAV EMFAB),False,False,False,False,3.4254285714285717,1.3494697547731838
2016-11-13,Inverness,0.417,0.417,V ugm-3 (GRAV EMFAB),False,False,False,False,3.136714285714286,1.7520724599062338
2016-11-14,Inverness,0.667,0.667,V ugm-3 (GRAV EMFAB),False,False,False,False,2.8957142857142855,1.9790076397263385
2016-11-15,Inverness,4.0,4.0,V ugm-3 (GRAV EMFAB),False,False,False,False,3.107142857142857,2.0109781557384254
2016-11-16,Inverness,4.458,4.458,V ugm-3 (GRAV EMFAB),False,False,False,False,3.4047142857142854,2.0385100534692526
2016-11-17,Inverness,4.375,4.375,V ugm-3 (GRAV EMFAB),False,False,False,False,3.2142857142857144,1.8400918196551719
2016-11-18,Inverness,4.958,4.958,V ugm-3 (GRAV EMFAB),False,False,False,False,3.267857142857143,1.8913266444986316
2016-11-19,Inverness,6.667,6.667,V ugm-3 (GRAV EMFAB),False,False,False,False,3.648857142857143,2.2900040340991663
2016-11-20,Inverness,8.958,8.958,V ugm-3 (GRAV EMFAB),False,False,False,False,4.869,2.5424911668152004
2016-11-21,Inverness,10.667,10.667,V ugm-3 (GRAV EMFAB),False,False,False,False,6.297571428571429,2.5967881993687785
2016-11-22,Inverness,2.167,2.167,V ugm-3 (GRAV EMFAB),False,False,False,False,6.035714285714286,2.937194109706614
2016-11-23,Inverness,6.167,6.167,V ugm-3 (GRAV EMFAB),False,False,False,False,6.279857142857144,2.854045925148566
2016-11-24,Inverness,3.083,3.083,V ugm-3 (GRAV EMFAB),False,False,False,False,6.095285714285715,3.033875888160538
2016-11-25,Inverness,2.458,2.458,V ugm-3 (GRAV EMFAB),False,False,False,False,5.738142857142857,3.3234015921728646
2016-11-26,Inverness,4.708,4.708,V ugm-3 (GRAV EMFAB),False,False,False,False,5.458285714285714,3.3146183145919768
2016-11-27,Inverness,13.833,13.833,V ugm-3 (GRAV EMFAB),True,True,False,False,6.154714285714285,4.479823609410148
2016-11-28,Inverness,9.458,9.458,V ugm-3 (GRAV EMFAB),False,False,False,False,5.981999999999999,4.296414784445282
2016-11-29,Inverness,4.792,4.792,V ugm-3 (GRAV EMFAB),False,False,False,False,6.356999999999999,4.01315711130277
2016-11-30,Inverness,3.458,3.458,V ugm-3 (GRAV EMFAB),False,False,False,False,5.970000000000001,4.162377085272308
2016-12-01,Inverness,2.938,2.938,V ugm-3 (GRAV EMFAB),False,False,False,False,5.949285714285715,4.1794646672465
2016-12-02,Inverness,7.833,7.833,V ugm-3 (GRAV EMFAB),False,False,False,False,6.717142857142856,3.9166231385625814
2016-12-03,Inverness,2.542,2.542,V ugm-3 (GRAV EMFAB),False,False,False,False,6.4077142857142855,4.178607452022172
2016-12-04,Inverness,6.875,6.875,V ugm-3 (GRAV EMFAB),False,False,False,False,5.413714285714286,2.6749391715380293
2016-12-05,Inverness,8.208,8.208,V ugm-3 (GRAV EMFAB),False,False,False,False,5.235142857142857,2.3860835713620334
2016-12-06,Inverness,2.646,2.646,V ugm-3 (GRAV EMFAB),False,False,False,False,4.928571428571429,2.582303613516609
2016-12-07,Inverness,2.688,2.688,V ugm-3 (GRAV EMFAB),False,False,False,False,4.818571428571429,2.67028811536276
2016-12-08,Inverness,3.354,3.354,V ugm-3 (GRAV EMFAB),False,False,False,False,4.878,2.625716727549512
2016-12-09,Inverness,2.042,2.042,V ugm-3 (GRAV EMFAB),False,False,False,False,4.050714285714286,2.445621578405351
2016-12-10,Inverness,3.625,3.625,V ugm-3 (GRAV EMFAB),False,False,False,False,4.2054285714285715,2.367271555831227
2016-12-11,Inverness,4.333,4.333,V ugm-3 (GRAV EMFAB),False,False,False,False,3.8422857142857145,2.065203840971123
2016-12-12,Inverness,6.125,6.125,V ugm-3 (GRAV EMFAB),False,False,False,False,3.544714285714286,1.3614871420969095
2016-12-13,Inverness,19.042,19.042,V ugm-3 (GRAV EMFAB),True,True,False,False,5.8870000000000005,5.945249420055198
2016-12-14,Inverness,5.208,5.208,V ugm-3 (GRAV EMFAB),False,False,False,False,6.247,5.793619824139885
2016-12-15,Inverness,7.125,7.125,V ugm-3 (GRAV EMFAB),False,False,False,False,6.785714285714286,5.653407931336217
2016-12-16,Inverness,5.917,5.917,V ugm-3 (GRAV EMFAB),False,False,False,False,7.339285714285715,5.289500250946389
2016-12-17,Inverness,4.125,4.125,V ugm-3 (GRAV EMFAB),False,False,False,False,7.4107142857142865,5.234069121766408
2016-12-18,Inverness,1.333,1.333,V ugm-3 (GRAV EMFAB),False,False,False,False,6.982142857142857,5.635504249209395
2016-12-19,Inverness,5.083,5.083,V ugm-3 (GRAV EMFAB),False,False,False,False,6.833285714285714,5.675537998412888
2016-12-20,Inverness,3.625,3.625,V ugm-3 (GRAV EMFAB),False,False,False,False,4.630857142857143,1.8509430414945565
2016-12-21,Inverness,2.667,2.667,V ugm-3 (GRAV EMFAB),False,False,False,False,4.267857142857143,1.9645694548315458
2016-12-22,Inverness,2.583,2.583,V ugm-3 (GRAV EMFAB),False,False,False,False,3.619,1.5750961875390241
2016-12-23,Inverness,3.583,3.583,V ugm-3 (GRAV EMFAB),False,False,False,False,3.285571428571429,1.212974148823565
2016-12-24,Inverness,2.792,2.792,V ugm-3 (GRAV EMFAB),False,False,False,False,3.095142857142857,1.162824783099518
2016-12-25,Inverness,2.417,2.417,V ugm-3 (GRAV EMFAB),False,False,False,False,3.25,0.9398434266762908
2016-12-26,Inverness,2.542,2.542,V ugm-3 (GRAV EMFAB),False,False,False,False,2.887,0.5031278830144773
2016-12-27,Inverness,3.875,3.875,V ugm-3 (GRAV EMFAB),False,False,False,False,2.9227142857142856,0.5688288302250523
2016-12-28,Inverness,3.125,3.125,V ugm-3 (GRAV EMFAB),False,False,False,False,2.9881428571428574,0.560797179192656
2016-12-29,Inverness,3.792,3.792,V ugm-3 (GRAV EMFAB),False,False,False,False,3.1608571428571426,0.6000270628817016
2016-12-30,Inverness,6.125,6.125,V ugm-3 (GRAV EMFAB),False,False,False,False,3.524,1.28095172950947
2017-01-01,Inverness,4.13,4.13,V ugm-3 (GRAV EMFAB),False,False,False,False,3.7151428571428573,1.2530420887545823
2017-01-02,Inverness,5.58,5.58,V ugm-3 (GRAV EMFAB),False,False,False,False,4.167,1.2769742884386153
2017-01-03,Inverness,4.67,4.67,V ugm-3 (GRAV EMFAB),False,False,False,False,4.471,1.0606171159596867
2017-01-04,Inverness,3.875,3.875,V ugm-3 (GRAV EMFAB),False,False,False,False,4.471,1.0606171159596867
2017-01-05,Inverness,12.25,12.25,V ugm-3 (GRAV EMFAB),False,False,False,False,5.774571428571428,2.987626920993919
2017-01-06,Inverness,4.201,4.201,V ugm-3 (GRAV EMFAB),False,False,False,False,5.832999999999999,2.9461027363846837
2017-01-07,Inverness,3.208,3.208,V ugm-3 (GRAV EMFAB),False,False,False,False,5.416285714285714,3.1001863768858406
2017-01-08,Inverness,4.125,4.125,V ugm-3 (GRAV EMFAB),False,False,False,False,5.41557142857143,3.1005326884877276
2017-01-09,Inverness,4.583,4.583,V ugm-3 (GRAV EMFAB),False,False,False,False,5.273142857142857,3.1145881176902233
2017-01-10,Inverness,2.208,2.208,V ugm-3 (GRAV EMFAB),False,False,False,False,4.921428571428572,3.3258922039628604
2017-01-11,Inverness,2.667,2.667,V ugm-3 (GRAV EMFAB),False,False,False,False,4.748857142857142,3.419267047607882
2017-01-12,Inverness,3.333,3.333,V ugm-3 (GRAV EMFAB),False,False,False,False,3.475,0.8686048200034957
2017-01-13,Inverness,2.63,2.63,V ugm-3 (GRAV EMFAB),False,False,False,False,3.2505714285714284,0.8525664895171456
2017-01-14,Inverness,4.29,4.29,V ugm-3 (GRAV EMFAB),False,False,False,False,3.4051428571428572,0.9374229619140876
2017-01-15,Inverness,2.25,2.25,V ugm-3 (GRAV EMFAB),False,False,False,False,3.1372857142857145,0.9649265454402254
2017-01-16,Inverness,1.63,1.63,V ugm-3 (GRAV EMFAB),False,False,False,False,2.7154285714285713,0.8681950351433627
2017-01-17,Inverness,1.79,1.79,V ugm-3 (GRAV EMFAB),False,False,False,False,2.6557142857142857,0.9216425037734913
2017-01-18,Inverness,1.0,1.0,V ugm-3 (GRAV EMFAB),False,False,False,False,2.4175714285714283,1.1136148132908952
2017-01-19,Inverness,4.13,4.13,V ugm-3 (GRAV EMFAB),False,False,False,False,2.531428571428571,1.254623829034391
2017-01-20,Inverness,7.58,7.58,V ugm-3 (GRAV EMFAB),False,False,False,False,3.238571428571429,2.2884669436941674
2017-01-21,Inverness,11.17,11.17,V ugm-3 (GRAV EMFAB),False,False,False,False,4.2214285714285715,3.796105146820128
2017-01-22,Inverness,10.63,10.63,V ugm-3 (GRAV EMFAB),False,False,False,False,5.418571428571428,4.351507128078072
2017-01-23,Inverness,10.04,10.04,V ugm-3 (GRAV EMFAB),False,False,False,False,6.619999999999999,4.29173624539067
2017-01-24,Inverness,3.33,3.33,V ugm-3 (GRAV EMFAB),False,False,False,False,6.839999999999999,4.0346499228557615
2017-01-25,Inverness,5.75,5.75,V ugm-3 (GRAV EMFAB),False,False,False,False,7.518571428571428,3.2023347137748774
2017-01-26,Inverness,10.13,10.13,V ugm-3 (GRAV EMFAB),False,False,False,False,8.375714285714286,2.9360963718450934
2017-01-27,Inverness,20.21,20.21,V ugm-3 (GRAV EMFAB),True,True,False,False,10.179999999999998,5.2970589324013915
2017-01-28,Inverness,12.04,12.04,V ugm-3 (GRAV EMFAB),False,False,False,False,10.304285714285713,5.334234894037002
2017-01-29,Inverness,5.42,5.42,V ugm-3 (GRAV EMFAB),False,False,False,False,9.56,5.636145254811427
2017-01-30,Inverness,10.96,10.96,V ugm-3 (GRAV EMFAB),False,False,False,False,9.691428571428572,5.659880530457127
2017-01-31,Inverness,,,V ugm-3 (GRAV EMFAB),False,False,False,False,10.751666666666667,5.385036366327226
2017-02-01,Inverness,1.71,1.71,V ugm-3 (GRAV EMFAB),False,False,False,False,10.078333333333335,6.308849076231473
2017-02-02,Inverness,5.17,5.17,V ugm-3 (GRAV EMFAB),False,False,False,False,9.251666666666667,6.618106728261995
2017-02-03,Inverness,4.88,4.88,V ugm-3 (GRAV EMFAB),False,False,False,False,6.696666666666666,3.971270157854617
2017-02-04,Inverness,3.042,3.042,V ugm-3 (GRAV EMFAB),False,False,False,False,5.197,3.1675324781286682
2017-02-05,Inverness,14.042,14.042,V ugm-3 (GRAV EMFAB),True,True,False,False,6.634,4.815823750927765
2017-02-06,Inverness,3.826,3.826,V ugm-3 (GRAV EMFAB),False,False,False,False,5.444999999999999,4.396568070666022
2017-02-07,Inverness,2.125,2.125,V ugm-3 (GRAV EMFAB),False,False,False,False,4.970714285714285,4.205092655114175
2017-02-08,Inverness,2.042,2.042,V ugm-3 (GRAV EMFAB),False,False,False,False,5.018142857142856,4.163856162604214
2017-02-09,Inverness,4.083,4.083,V ugm-3 (GRAV EMFAB),False,False,False,False,4.862857142857143,4.177495758169451
2017-02-10,Inverness,2.708,2.708,V ugm-3 (GRAV EMFAB),False,False,False,False,4.5525714285714285,4.25593702401491
2017-02-11,Inverness,5.25,5.25,V ugm-3 (GRAV EMFAB),False,False,False,False,4.868,4.206861736100512
2017-02-12,Inverness,1.792,1.792,V ugm-3 (GRAV EMFAB),False,False,False,False,3.118,1.2940964672954594
2017-02-13,Inverness,9.96,9.96,V ugm-3 (GRAV EMFAB),False,False,False,False,3.994285714285714,2.9150379479682886
2017-02-14,Inverness,23.38,23.38,V ugm-3 (GRAV EMFAB),True,True,False,False,7.030714285714287,7.732583412941318
2017-02-15,Inverness,14.63,14.63,V ugm-3 (GRAV EMFAB),True,True,False,False,8.828999999999999,7.842003676782271
2017-02-16,Inverness,2.92,2.92,V ugm-3 (GRAV EMFAB),False,False,False,False,8.662857142857144,7.9705778842894315
2017-02-17,Inverness,6.17,6.17,V ugm-3 (GRAV EMFAB),False,False,False,False,9.157428571428571,7.6400532035046025
2017-02-18,Inverness,2.42,2.42,V ugm-3 (GRAV EMFAB),False,False,False,False,8.753142857142858,7.949877303635391
2017-02-19,Inverness,1.25,1.25,V ugm-3 (GRAV EMFAB),False,False,False,False,8.675714285714287,8.031199281848377
2017-02-20,Inverness,1.83,1.83,V ugm-3 (GRAV EMFAB),False,False,False,False,7.514285714285714,8.394174283678048
2017-02-21,Inverness,3.04,3.04,V ugm-3 (GRAV EMFAB),False,False,False,False,4.6085714285714285,4.689866482006448
2017-02-22,Inverness,3.46,3.46,V ugm-3 (GRAV EMFAB),False,False,False,False,3.0128571428571425,1.5829899376992382
2017-02-23,Inverness,3.67,3.67,V ugm-3 (GRAV EMFAB),False,False,False,False,3.12,1.6009372255025793
2017-02-24,Inverness,3.79,3.79,V ugm-3 (GRAV EMFAB),False,False,False,False,2.7800000000000002,0.9759781418316831
2017-02-25,Inverness,4.17,4.17,V ugm-3 (GRAV EMFAB),False,False,False,False,3.03,1.0862933919219193
2017-02-26,Inverness,2.67,2.67,V ugm-3 (GRAV EMFAB),False,False,False,False,3.232857142857143,0.790921704631401
2017-02-27,Inverness,4.75,4.75,V ugm-3 (GRAV EMFAB),False,False,False,False,3.65,0.6914959628707684
2017-02-28,Inverness,3.04,3.04,V ugm-3 (GRAV EMFAB),False,False,False,False,3.65,0.6914959628707684
2017-03-01,Inverness,1.13,1.13,V ugm-3 (GRAV EMFAB),False,False,False,False,3.317142857142857,1.1837611567332222
2017-03-02,Inverness,5.38,5.38,V ugm-3 (GRAV EMFAB),False,False,False,False,3.5614285714285714,1.4213189716061356
2017-03-03,Inverness,5.5,5.5,V ugm-3 (GRAV EMFAB),False,False,False,False,3.8057142857142856,1.6025485654924194
2017-03-04,Inverness,4.292,4.292,V ugm-3 (GRAV EMFAB),False,False,False,False,3.8231428571428574,1.6078253873447774
2017-03-05,Inverness,7.0,7.0,V ugm-3 (GRAV EMFAB),False,False,False,False,4.441714285714285,1.8971418602980523
2017-03-06,Inverness,3.868,3.868,V ugm-3 (GRAV EMFAB),False,False,False,False,4.315714285714285,1.9025360017868658
2017-03-07,Inverness,4.125,4.125,V ugm-3 (GRAV EMFAB),False,False,False,False,4.470714285714286,1.8238516674230452
2017-03-08,Inverness,3.25,3.25,V ugm-3 (GRAV EMFAB),False,False,False,False,4.773571428571429,1.267959233984887
2017-03-09,Inverness,3.5,3.5,V ugm-3 (GRAV EMFAB),False,False,False,False,4.505,1.3162850501822358
2017-03-10,Inverness,2.542,2.542,V ugm-3 (GRAV EMFAB),False,False,False,False,4.082428571428571,1.4147447186851518
2017-03-11,Inverness,2.25,2.25,V ugm-3 (GRAV EMFAB),False,False,False,False,3.790714285714286,1.5666955367147155
2017-03-12,Inverness,4.5,4.5,V ugm-3 (GRAV EMFAB),False,False,False,False,3.4335714285714287,0.8203580228864622
2017-03-13,Inverness,10.17,10.17,V ugm-3 (GRAV EMFAB),False,False,False,False,4.333857142857143,2.6942860791293843
2017-03-14,Inverness,7.0,7.0,V ugm-3 (GRAV EMFAB),False,False,False,False,4.744571428571429,2.870509760602497
2017-03-15,Inverness,3.96,3.96,V ugm-3 (GRAV EMFAB),False,False,False,False,4.846000000000001,2.8210149473785595
2017-03-16,Inverness,2.17,2.17,V ugm-3 (GRAV EMFAB),False,False,False,False,4.656,2.9677520112030784
2017-03-17,Inverness,2.46,2.46,V ugm-3 (GRAV EMFAB),False,False,False,False,4.644285714285714,2.9776324887559844
2017-03-18,Inverness,2.21,2.21,V ugm-3 (GRAV EMFAB),False,False,False,False,4.638571428571429,2.9830265870500616
2017-03-19,Inverness,2.38,2.38,V ugm-3 (GRAV EMFAB),False,False,False,False,4.335714285714286,3.10458186740638
2017-03-20,Inverness,2.33,2.33,V ugm-3 (GRAV EMFAB),False,False,False,False,3.2157142857142853,1.78109383191766
2017-03-21,Inverness,2.25,2.25,V ugm-3 (GRAV EMFAB),False,False,False,False,2.537142857142857,0.6353926420125539
2017-03-22,Inverness,3.83,3.83,V ugm-3 (GRAV EMFAB),False,False,False,False,2.5185714285714282,0.5869249972363045
2017-03-23,Inverness,4.38,4.38,V ugm-3 (GRAV EMFAB),False,False,False,False,2.834285714285714,0.8862440811810594
2017-03-24,Inverness,7.58,7.58,V ugm-3 (GRAV EMFAB),False,False,False,False,3.565714285714286,1.9727042111684676
2017-03-25,Inverness,6.5,6.5,V ugm-3 (GRAV EMFAB),False,False,False,False,4.178571428571429,2.140571797218568
2017-03-26,Inverness,6.96,6.96,V ugm-3 (GRAV EMFAB),False,False,False,False,4.832857142857143,2.198376023990678
2017-03-27,Inverness,9.46,9.46,V ugm-3 (GRAV EMFAB),False,False,False,False,5.851428571428571,2.479276968334563
2017-03-28,Inverness,10.0,10.0,V ugm-3 (GRAV EMFAB),False,False,False,False,6.958571428571429,2.328836823906068
2017-03-29,Inverness,19.17,19.17,V ugm-3 (GRAV EMFAB),True,True,False,False,9.15,4.800267353665487
2017-03-30,Inverness,11.33,11.33,V ugm-3 (GRAV EMFAB),False,False,False,False,10.142857142857142,4.346541591831811
2017-03-31,Inverness,4.88,4.88,V ugm-3 (GRAV EMFAB),False,False,False,False,9.757142857142856,4.7159753826248725
2017-04-01,Inverness,4.42,4.42,V ugm-3 (GRAV EMFAB),False,False,False,False,9.459999999999999,5.0116630639605715
2017-04-02,Inverness,4.25,4.25,V ugm-3 (GRAV EMFAB),False,False,False,False,9.072857142857144,5.331440437898292
2017-04-03,Inverness,4.46,4.46,V ugm-3 (GRAV EMFAB),False,False,False,False,8.358571428571429,5.59914704388513
2017-04-04,Inverness,6.125,6.125,V ugm-3 (GRAV EMFAB),False,False,False,False,7.805000000000001,5.601371111909413
2017-04-05,Inverness,7.625,7.625,V ugm-3 (GRAV EMFAB),False,False,False,False,6.155714285714287,2.5845799603472313
2017-04-06,Inverness,2.701,2.701,V ugm-3 (GRAV EMFAB),False,False,False,False,4.923,1.5601841771619684
2017-04-07,Inverness,3.167,3.167,V ugm-3 (GRAV EMFAB),False,False,False,False,4.678285714285714,1.696444292658953
2017-04-08,Inverness,2.625,2.625,V ugm-3 (GRAV EMFAB),False,False,False,False,4.421857142857143,1.8688909749341638
2017-04-09,Inverness,3.833,3.833,V ugm-3 (GRAV EMFAB),False,False,False,False,4.362285714285714,1.8818828084558816
2017-04-10,Inverness,4.083,4.083,V ugm-3 (GRAV EMFAB),False,False,False,False,4.308428571428571,1.8840136992727812
2017-04-11,Inverness,3.167,3.167,V ugm-3 (GRAV EMFAB),False,False,False,False,3.885857142857143,1.7344550948901385
2017-04-12,Inverness,0.917,0.917,V ugm-3 (GRAV EMFAB),False,False,False,False,2.927571428571429,1.0372037500161129
2017-04-13,Inverness,2.5,2.5,V ugm-3 (GRAV EMFAB),False,False,False,False,2.898857142857143,1.0472552106293593
2017-04-14,Inverness,2.0,2.0,V ugm-3 (GRAV EMFAB),False,False,False,False,2.732142857142857,1.0894913841744418
2017-04-15,Inverness,1.667,1.667,V ugm-3 (GRAV EMFAB),False,False,False,False,2.5952857142857146,1.1628907535799602
2017-04-16,Inverness,2.375,2.375,V ugm-3 (GRAV EMFAB),False,False,False,False,2.387,1.0268721114789285
2017-04-17,Inverness,3.292,3.292,V ugm-3 (GRAV EMFAB),False,False,False,False,2.274,0.834667997868928
2017-04-18,Inverness,3.833,3.833,V ugm-3 (GRAV EMFAB),False,False,False,False,2.369142857142857,0.9789186940311587
2017-04-19,Inverness,3.125,3.125,V ugm-3 (GRAV EMFAB),False,False,False,False,2.6845714285714286,0.765487395311521
2017-04-20,Inverness,3.167,3.167,V ugm-3 (GRAV EMFAB),False,False,False,False,2.779857142857143,0.7800577817424865
2017-04-21,Inverness,3.0,3.0,V ugm-3 (GRAV EMFAB),False,False,False,False,2.9227142857142856,0.7009956524556861
2017-04-22,Inverness,2.5,2.5,V ugm-3 (GRAV EMFAB),False,False,False,False,3.0417142857142854,0.49178440882339375
2017-04-23,Inverness,,,V ugm-3 (GRAV EMFAB),False,False,False,False,3.1528333333333336,0.4318608186285402
2017-04-24,Inverness,2.125,2.125,V ugm-3 (GRAV EMFAB),False,False,False,False,2.9583333333333335,0.5903577446485387
2017-04-25,Inverness,2.875,2.875,V ugm-3 (GRAV EMFAB),False,False,False,False,2.798666666666667,0.40781204821155814
2017-04-26,Inverness,3.167,3.167,V ugm-3 (GRAV EMFAB),False,False,False,False,2.8056666666666668,0.41483378197358317
2017-04-27,Inverness,2.458,2.458,V ugm-3 (GRAV EMFAB),False,False,False,False,2.6875,0.39165431186166877
2017-04-28,Inverness,3.417,3.417,V ugm-3 (GRAV EMFAB),False,False,False,False,2.757,0.4842515875036845
2017-04-29,Inverness,5.708,5.708,V ugm-3 (GRAV EMFAB),False,False,False,False,3.2916666666666665,1.2727638691707572
2017-04-30,Inverness,10.667,10.667,V ugm-3 (GRAV EMFAB),False,False,False,False,4.345285714285715,3.0200548954329394
2017-05-01,Inverness,3.79,3.79,V ugm-3 (GRAV EMFAB),False,False,False,False,4.583142857142858,2.8782816302191554
2017-05-02,Inverness,8.67,8.67,V ugm-3 (GRAV EMFAB),False,False,False,False,5.411,3.1276787985128163
2017-05-03,Inverness,6.5,6.5,V ugm-3 (GRAV EMFAB),False,False,False,False,5.887142857142856,2.979307773548031
2017-05-04,Inverness,7.0,7.0,V ugm-3 (GRAV EMFAB),False,False,False,False,6.536,2.575201286631123
2017-05-05,Inverness,7.583,7.583,V ugm-3 (GRAV EMFAB),False,False,False,False,7.131142857142857,2.1862697629044803
2017-05-06,Inverness,2.826,2.826,V ugm-3 (GRAV EMFAB),False,False,False,False,6.719428571428572,2.708043934721311
2017-05-07,Inverness,4.208,4.208,V ugm-3 (GRAV EMFAB),False,False,False,False,5.796714285714286,2.189564394598878
2017-05-08,Inverness,2.917,2.917,V ugm-3 (GRAV EMFAB),False,False,False,False,5.672,2.34243925570474
2017-05-09,Inverness,3.833,3.833,V ugm-3 (GRAV EMFAB),False,False,False,False,4.981000000000001,1.9989030324988837
2017-05-10,Inverness,2.083,2.083,V ugm-3 (GRAV EMFAB),False,False,False,False,4.3500000000000005,2.1321974580230343
2017-05-11,Inverness,5.0,5.0,V ugm-3 (GRAV EMFAB),False,False,False,False,4.064285714285715,1.8305813024178381
2017-05-12,Inverness,0.583,0.583,V ugm-3 (GRAV EMFAB),False,False,False,False,3.0642857142857145,1.4631112641998345
2017-05-13,Inverness,8.25,8.25,V ugm-3 (GRAV EMFAB),False,False,False,False,3.8391428571428574,2.4316042323653377
2017-05-14,Inverness,1.708,1.708,V ugm-3 (GRAV EMFAB),False,False,False,False,3.4819999999999998,2.549151885104771
2017-05-15,Inverness,4.458,4.458,V ugm-3 (GRAV EMFAB),False,False,False,False,3.7021428571428574,2.558748485006623
2017-05-16,Inverness,2.0,2.0,V ugm-3 (GRAV EMFAB),False,False,False,False,3.4402857142857144,2.6357587594647414
2017-05-17,Inverness,3.042,3.042,V ugm-3 (GRAV EMFAB),False,False,False,False,3.577285714285715,2.57773703819748
2017-05-18,Inverness,3.083,3.083,V ugm-3 (GRAV EMFAB),False,False,False,False,3.303428571428572,2.5021186927044097
2017-05-19,Inverness,3.375,3.375,V ugm-3 (GRAV EMFAB),False,False,False,False,3.7022857142857144,2.200544229221895
2017-05-20,Inverness,2.458,2.458,V ugm-3 (GRAV EMFAB),False,False,False,False,2.874857142857143,0.924521935663872
2017-05-21,Inverness,1.292,1.292,V ugm-3 (GRAV EMFAB),False,False,False,False,2.815428571428572,1.0204250514928315
2017-05-22,Inverness,3.583,3.583,V ugm-3 (GRAV EMFAB),False,False,False,False,2.6904285714285714,0.8194870056204748
2017-05-23,Inverness,2.792,2.792,V ugm-3 (GRAV EMFAB),False,False,False,False,2.8035714285714284,0.7608514653865196
2017-05-24,Inverness,3.368,3.368,V ugm-3 (GRAV EMFAB),False,False,False,False,2.8501428571428566,0.7873921997266285
2017-05-25,Inverness,1.368,1.368,V ugm-3 (GRAV EMFAB),False,False,False,False,2.6051428571428574,0.9523890011563908
2017-05-26,Inverness,9.576,9.576,V ugm-3 (GRAV EMFAB),False,False,False,False,3.491,2.8269311393570487
2017-05-27,Inverness,8.41,8.41,V ugm-3 (GRAV EMFAB),False,False,False,False,4.341285714285714,3.3170722389021208
2017-05-28,Inverness,2.993,2.993,V ugm-3 (GRAV EMFAB),False,False,False,False,4.5842857142857145,3.1124534113935156
2017-05-29,Inverness,3.285,3.285,V ugm-3 (GRAV EMFAB),False,False,False,False,4.541714285714286,3.1304174755818854
2017-05-30,Inverness,4.451,4.451,V ugm-3 (GRAV EMFAB),False,False,False,False,4.778714285714286,3.037285724364514
2017-05-31,Inverness,4.743,4.743,V ugm-3 (GRAV EMFAB),False,False,False,False,4.975142857142857,2.974662413819487
2017-06-01,Inverness,2.33,2.33,V ugm-3 (GRAV EMFAB),False,False,False,False,5.112571428571428,2.7971650444180427
2017-06-02,Inverness,4.71,4.71,V ugm-3 (GRAV EMFAB),False,False,False,False,4.417428571428571,1.9917370021451575
2017-06-03,Inverness,9.0,9.0,V ugm-3 (GRAV EMFAB),False,False,False,False,4.501714285714286,2.19133533979363
2017-06-04,Inverness,2.833,2.833,V ugm-3 (GRAV EMFAB),False,False,False,False,4.4788571428571435,2.2104462165342023
2017-06-05,Inverness,6.833,6.833,V ugm-3 (GRAV EMFAB),False,False,False,False,4.985714285714287,2.2961852214985776
2017-06-06,Inverness,3.118,3.118,V ugm-3 (GRAV EMFAB),False,False,False,False,4.795285714285714,2.400812203837513
2017-06-07,Inverness,3.708,3.708,V ugm-3 (GRAV EMFAB),False,False,False,False,4.647428571428571,2.436179376068365
2017-06-08,Inverness,3.667,3.667,V ugm-3 (GRAV EMFAB),False,False,False,False,4.8384285714285715,2.2710209787041125
2017-06-09,Inverness,3.292,3.292,V ugm-3 (GRAV EMFAB),False,False,False,False,4.635857142857143,2.346377309000062
2017-06-10,Inverness,2.792,2.792,V ugm-3 (GRAV EMFAB),False,False,False,False,3.7489999999999997,1.407206215639064
2017-06-11,Inverness,3.042,3.042,V ugm-3 (GRAV EMFAB),False,False,False,False,3.7788571428571425,1.3865982870044562
2017-06-12,Inverness,1.833,1.833,V ugm-3 (GRAV EMFAB),False,False,False,False,3.0645714285714285,0.635488226259273
2017-06-13,Inverness,3.354,3.354,V ugm-3 (GRAV EMFAB),False,False,False,False,3.0982857142857148,0.644984422107834
2017-06-14,Inverness,5.354,5.354,V ugm-3 (GRAV EMFAB),False,False,False,False,3.333428571428571,1.0665739319807268
2017-06-15,Inverness,4.479,4.479,V ugm-3 (GRAV EMFAB),False,False,False,False,3.4494285714285717,1.14980807922344
2017-06-16,Inverness,3.479,3.479,V ugm-3 (GRAV EMFAB),False,False,False,False,3.476142857142857,1.147711262843151
2017-06-17,Inverness,2.771,2.771,V ugm-3 (GRAV EMFAB),False,False,False,False,3.4731428571428573,1.1498230919828583
2017-06-18,Inverness,2.688,2.688,V ugm-3 (GRAV EMFAB),False,False,False,False,3.422571428571428,1.1793516378562259
2017-06-19,Inverness,2.396,2.396,V ugm-3 (GRAV EMFAB),False,False,False,False,3.503,1.0666967704084782
2017-06-20,Inverness,,,V ugm-3 (GRAV EMFAB),False,False,False,False,3.5278333333333336,1.1662890579382628
2017-06-21,Inverness,,,V ugm-3 (GRAV EMFAB),False,False,False,False,3.1626,0.8365538237315087
2017-06-22,Inverness,3.167,3.167,V ugm-3 (GRAV EMFAB),False,False,False,False,2.9002,0.42489139788868535
2017-06-23,Inverness,2.375,2.375,V ugm-3 (GRAV EMFAB),False,False,False,False,2.6794,0.32372565545504023
2017-06-24,Inverness,2.167,2.167,V ugm-3 (GRAV EMFAB),False,False,False,False,2.5585999999999998,0.3874252185903653
2017-06-25,Inverness,3.0,3.0,V ugm-3 (GRAV EMFAB),False,False,False,False,2.6209999999999996,0.43560704769297975
2017-06-26,Inverness,1.792,1.792,V ugm-3 (GRAV EMFAB),False,False,False,False,2.5002,0.575036259726107
2017-06-27,Inverness,2.583,2.583,V ugm-3 (GRAV EMFAB),False,False,False,False,2.514,0.515437678094872
2017-06-28,Inverness,3.333,3.333,V ugm-3 (GRAV EMFAB),False,False,False,False,2.6310000000000002,0.5632225729376704
2017-06-29,Inverness,2.792,2.792,V ugm-3 (GRAV EMFAB),False,False,False,False,2.577428571428572,0.5199124468415949
2017-06-30,Inverness,3.542,3.542,V ugm-3 (GRAV EMFAB),False,False,False,False,2.744142857142857,0.6213853953253764
2017-07-01,Inverness,2.63,2.63,V ugm-3 (GRAV EMFAB),False,False,False,False,2.810285714285714,0.5724260401383199
2017-07-02,Inverness,5.63,5.63,V ugm-3 (GRAV EMFAB),False,False,False,False,3.186,1.2174220029772773
2017-07-03,Inverness,6.63,6.63,V ugm-3 (GRAV EMFAB),False,False,False,False,3.8771428571428572,1.6055554001207888
2017-07-04,Inverness,2.792,2.792,V ugm-3 (GRAV EMFAB),False,False,False,False,3.9069999999999996,1.5792053909059933
2017-07-05,Inverness,4.583,4.583,V ugm-3 (GRAV EMFAB),False,False,False,False,4.085571428571429,1.5741465261258791
2017-07-06,Inverness,4.201,4.201,V ugm-3 (GRAV EMFAB),False,False,False,False,4.2868571428571425,1.4676516876256323
2017-07-07,Inverness,2.25,2.25,V ugm-3 (GRAV EMFAB),False,False,False,False,4.102285714285714,1.6471954664707504
2017-07-08,Inverness,3.167,3.167,V ugm-3 (GRAV EMFAB),False,False,False,False,4.178999999999999,1.5782614907971435
2017-07-09,Inverness,4.333,4.333,V ugm-3 (GRAV EMFAB),False,False,False,False,3.9937142857142858,1.4504858627698252
2017-07-10,Inverness,1.167,1.167,V ugm-3 (GRAV EMFAB),False,False,False,False,3.213285714285714,1.251684560140898
2017-07-11,Inverness,3.625,3.625,V ugm-3 (GRAV EMFAB),False,False,False,False,3.3322857142857143,1.244533743252916
2017-07-12,Inverness,4.75,4.75,V ugm-3 (GRAV EMFAB),False,False,False,False,3.356142857142857,1.2737627236618103
2017-07-13,Inverness,4.292,4.292,V ugm-3 (GRAV EMFAB),False,False,False,False,3.369142857142857,1.2842436721758401
2017-07-14,Inverness,2.833,2.833,V ugm-3 (GRAV EMFAB),False,False,False,False,3.452428571428571,1.2166966010667972
2017-07-15,Inverness,1.625,1.625,V ugm-3 (GRAV EMFAB),False,False,False,False,3.232142857142857,1.402405603308241
2017-07-16,Inverness,3.375,3.375,V ugm-3 (GRAV EMFAB),False,False,False,False,3.095285714285714,1.32148032073698
2017-07-17,Inverness,5.833,5.833,V ugm-3 (GRAV EMFAB),False,False,False,False,3.761857142857143,1.3628666391802093
2017-07-18,Inverness,3.708,3.708,V ugm-3 (GRAV EMFAB),False,False,False,False,3.7737142857142856,1.3618381835207591
2017-07-19,Inverness,6.125,6.125,V ugm-3 (GRAV EMFAB),False,False,False,False,3.970142857142857,1.6037945035208516
2017-07-20,Inverness,3.625,3.625,V ugm-3 (GRAV EMFAB),False,False,False,False,3.8748571428571426,1.6012972271017312
2017-07-21,Inverness,5.167,5.167,V ugm-3 (GRAV EMFAB),False,False,False,False,4.208285714285714,1.5911663137758814
2017-07-22,Inverness,3.708,3.708,V ugm-3 (GRAV EMFAB),False,False,False,False,4.505857142857143,1.1653283412227795
2017-07-23,Inverness,5.792,5.792,V ugm-3 (GRAV EMFAB),False,False,False,False,4.8511428571428565,1.1320122832918842
2017-07-24,Inverness,4.583,4.583,V ugm-3 (GRAV EMFAB),False,False,False,False,4.672571428571429,1.0466895205269067
2017-07-25,Inverness,2.5,2.5,V ugm-3 (GRAV EMFAB),False,False,False,False,4.5,1.3009327423044943
2017-07-26,Inverness,5.25,5.25,V ugm-3 (GRAV EMFAB),False,False,False,False,4.375,1.1523205572524327
2017-07-27,Inverness,3.417,3.417,V ugm-3 (GRAV EMFAB),False,False,False,False,4.345285714285715,1.1772948815378108
2017-07-28,Inverness,3.292,3.292,V ugm-3 (GRAV EMFAB),False,False,False,False,4.077428571428571,1.1724691690534295
2017-07-29,Inverness,2.542,2.542,V ugm-3 (GRAV EMFAB),False,False,False,False,3.910857142857143,1.308621721325034
2017-07-30,Inverness,3.625,3.625,V ugm-3 (GRAV EMFAB),False,False,False,False,3.6012857142857144,1.0121857066575222
2017-07-31,Inverness,3.5,3.5,V ugm-3 (GRAV EMFAB),False,False,False,False,3.4465714285714286,0.9152467530931209
2017-08-01,Inverness,,,V ugm-3 (GRAV EMFAB),False,False,False,False,3.6043333333333334,0.892270063751175
2017-08-02,Inverness,7.33,7.33,V ugm-3 (GRAV EMFAB),False,False,False,False,3.951,1.6989429654935047
2017-08-03,Inverness,6.17,6.17,V ugm-3 (GRAV EMFAB),False,False,False,False,4.409833333333333,1.8872028419506301
2017-08-04,Inverness,8.208,8.208,V ugm-3 (GRAV EMFAB),False,False,False,False,5.229166666666667,2.3219108007558225
2017-08-05,Inverness,3.958,3.958,V ugm-3 (GRAV EMFAB),False,False,False,False,5.465166666666666,2.0502279304181155
2017-08-06,Inverness,2.896,2.896,V ugm-3 (GRAV EMFAB),False,False,False,False,5.343666666666667,2.1974077151649727
2017-08-07,Inverness,2.958,2.958,V ugm-3 (GRAV EMFAB),False,False,False,False,5.253333333333333,2.297230564542128
2017-08-08,Inverness,3.625,3.625,V ugm-3 (GRAV EMFAB),False,False,False,False,5.020714285714285,2.1855216550658563
2017-08-09,Inverness,2.042,2.042,V ugm-3 (GRAV EMFAB),False,False,False,False,4.265285714285715,2.168112136882021
2017-08-10,Inverness,2.042,2.042,V ugm-3 (GRAV EMFAB),False,False,False,False,3.6755714285714283,2.124656196277608
2017-08-11,Inverness,0.0,0.0,V ugm-3 (GRAV EMFAB),False,False,False,False,2.503,1.3182965018031914
2017-08-12,Inverness,4.458,4.458,V ugm-3 (GRAV EMFAB),False,False,False,False,2.5744285714285717,1.419901388259346
2017-08-13,Inverness,2.875,2.875,V ugm-3 (GRAV EMFAB),False,False,False,False,2.5714285714285716,1.4191307030646678
2017-08-14,Inverness,2.708,2.708,V ugm-3 (GRAV EMFAB),False,False,False,False,2.5357142857142856,1.4109026323935694
2017-08-15,Inverness,3.0,3.0,V ugm-3 (GRAV EMFAB),False,False,False,False,2.4464285714285716,1.348894097293835
2017-08-16,Inverness,2.083,2.083,V ugm-3 (GRAV EMFAB),False,False,False,False,2.4522857142857144,1.346932900368501
2017-08-17,Inverness,4.083,4.083,V ugm-3 (GRAV EMFAB),False,False,False,False,2.7438571428571428,1.4595185768568844
2017-08-18,Inverness,3.125,3.125,V ugm-3 (GRAV EMFAB),False,False,False,False,3.1902857142857144,0.8167614327911871
2017-08-19,Inverness,3.042,3.042,V ugm-3 (GRAV EMFAB),False,False,False,False,2.988,0.5959653233758979
2017-08-20,Inverness,2.833,2.833,V ugm-3 (GRAV EMFAB),False,False,False,False,2.9819999999999998,0.5975020223116725
2017-08-21,Inverness,,,V ugm-3 (GRAV EMFAB),False,False,False,False,3.0276666666666667,0.6410091002992965
2017-08-22,Inverness,5.25,5.25,V ugm-3 (GRAV EMFAB),False,False,False,False,3.4026666666666667,1.1089376297459292
2017-08-23,Inverness,4.458,4.458,V ugm-3 (GRAV EMFAB),False,False,False,False,3.7985,0.9571643014654586
2017-08-24,Inverness,2.167,2.167,V ugm-3 (GRAV EMFAB),False,False,False,False,3.4791666666666665,1.144537184483982
2017-08-25,Inverness,3.583,3.583,V ugm-3 (GRAV EMFAB),False,False,False,False,3.5555000000000003,1.1313897206532573
2017-08-26,Inverness,2.875,2.875,V ugm-3 (GRAV EMFAB),False,False,False,False,3.5276666666666667,1.148474060075595
2017-08-27,Inverness,1.833,1.833,V ugm-3 (GRAV EMFAB),False,False,False,False,3.361,1.3279781624709994
2017-08-28,Inverness,2.333,2.333,V ugm-3 (GRAV EMFAB),False,False,False,False,3.2141428571428574,1.273017730770871
2017-08-29,Inverness,4.75,4.75,V ugm-3 (GRAV EMFAB),False,False,False,False,3.1427142857142862,1.1475970132244935
2017-08-30,Inverness,3.042,3.042,V ugm-3 (GRAV EMFAB),False,False,False,False,2.9404285714285714,0.9912621343759126
2017-08-31,Inverness,3.25,3.25,V ugm-3 (GRAV EMFAB),False,False,False,False,3.095142857142857,0.9332462034159844
2017-09-01,Inverness,1.75,1.75,V ugm-3 (GRAV EMFAB),False,False,False,False,2.833285714285714,1.0260857199872602
2017-09-02,Inverness,5.46,5.46,V ugm-3 (GRAV EMFAB),False,False,False,False,3.2025714285714284,1.429475178418345
2017-09-03,Inverness,5.63,5.63,V ugm-3 (GRAV EMFAB),False,False,False,False,3.745,1.5393439078602766
2017-09-04,Inverness,8.833,8.833,V ugm-3 (GRAV EMFAB),False,False,False,False,4.673571428571429,2.3121333480246142
2017-09-05,Inverness,5.458,5.458,V ugm-3 (GRAV EMFAB),False,False,False,False,4.774714285714286,2.33143880570814
2017-09-06,Inverness,2.979,2.979,V ugm-3 (GRAV EMFAB),False,False,False,False,4.765714285714286,2.339350530545134
2017-09-07,Inverness,1.458,1.458,V ugm-3 (GRAV EMFAB),False,False,False,False,4.509714285714286,2.614708314789331
2017-09-08,Inverness,3.167,3.167,V ugm-3 (GRAV EMFAB),False,False,False,False,4.712142857142857,2.4124750381141156
2017-09-09,Inverness,2.833,2.833,V ugm-3 (GRAV EMFAB),False,False,False,False,4.336857142857143,2.4801285872961705
2017-09-10,Inverness,3.625,3.625,V ugm-3 (GRAV EMFAB),False,False,False,False,4.050428571428571,2.4209660507837576
2017-09-11,Inverness,3.375,3.375,V ugm-3 (GRAV EMFAB),False,False,False,False,3.2707142857142855,1.1898174529853076
2017-09-12,Inverness,3.25,3.25,V ugm-3 (GRAV EMFAB),False,False,False,False,2.955285714285714,0.7087239035255124
2017-09-13,Inverness,3.75,3.75,V ugm-3 (GRAV EMFAB),False,False,False,False,3.0654285714285714,0.7702624784540371
2017-09-14,Inverness,3.333,3.333,V ugm-3 (GRAV EMFAB),False,False,False,False,3.3332857142857146,0.3014856073321667
2017-09-15,Inverness,3.708,3.708,V ugm-3 (GRAV EMFAB),False,False,False,False,3.4105714285714286,0.32049693557686454
2017-09-16,Inverness,4.667,4.667,V ugm-3 (GRAV EMFAB),False,False,False,False,3.672571428571429,0.4797266086506959
2017-09-17,Inverness,2.75,2.75,V ugm-3 (GRAV EMFAB),False,False,False,False,3.547571428571429,0.5944641444591053
2017-09-18,Inverness,4.917,4.917,V ugm-3 (GRAV EMFAB),False,False,False,False,3.767857142857143,0.7774101081091989
2017-09-19,Inverness,4.708,4.708,V ugm-3 (GRAV EMFAB),False,False,False,False,3.9761428571428574,0.810165709093121
2017-09-20,Inverness,4.375,4.375,V ugm-3 (GRAV EMFAB),False,False,False,False,4.065428571428572,0.8155114667377994
2017-09-21,Inverness,4.125,4.125,V ugm-3 (GRAV EMFAB),False,False,False,False,4.178571428571429,0.7492042127356456
2017-09-22,Inverness,5.083,5.083,V ugm-3 (GRAV EMFAB),False,False,False,False,4.375,0.7846767912118695
2017-09-23,Inverness,4.75,4.75,V ugm-3 (GRAV EMFAB),False,False,False,False,4.386857142857143,0.7904305638007463
2017-09-24,Inverness,6.167,6.167,V ugm-3 (GRAV EMFAB),False,False,False,False,4.875,0.654510758760488
2017-09-25,Inverness,8.375,8.375,V ugm-3 (GRAV EMFAB),False,False,False,False,5.369,1.478190898812882
2017-09-26,Inverness,10.083,10.083,V ugm-3 (GRAV EMFAB),False,False,False,False,6.136857142857144,2.264506305913879
2017-09-27,Inverness,11.708,11.708,V ugm-3 (GRAV EMFAB),False,False,False,False,7.184428571428572,2.916035656911774
2017-09-28,Inverness,3.208,3.208,V ugm-3 (GRAV EMFAB),False,False,False,False,7.053428571428571,3.091691492648355
2017-09-29,Inverness,3.625,3.625,V ugm-3 (GRAV EMFAB),False,False,False,False,6.845142857142856,3.28935634172661
2017-09-30,Inverness,3.208,3.208,V ugm-3 (GRAV EMFAB),False,False,False,False,6.6248571428571426,3.4980636276170083
2017-10-01,Inverness,4.25,4.25,V ugm-3 (GRAV EMFAB),False,False,False,False,6.351000000000001,3.6130325213039414
2017-10-02,Inverness,7.71,7.71,V ugm-3 (GRAV EMFAB),False,False,False,False,6.256,3.559287241382266
2017-10-03,Inverness,7.67,7.67,V ugm-3 (GRAV EMFAB),False,False,False,False,5.911285714285714,3.2283335595053497
2017-10-04,Inverness,2.917,2.917,V ugm-3 (GRAV EMFAB),False,False,False,False,4.655428571428572,2.11567308888862
2017-10-05,Inverness,2.625,2.625,V ugm-3 (GRAV EMFAB),False,False,False,False,4.5721428571428575,2.192238994617992
2017-10-06,Inverness,2.896,2.896,V ugm-3 (GRAV EMFAB),False,False,False,False,4.468000000000001,2.2609705143293133
2017-10-07,Inverness,2.958,2.958,V ugm-3 (GRAV EMFAB),False,False,False,False,4.432285714285714,2.2860262986446878
2017-10-08,Inverness,4.167,4.167,V ugm-3 (GRAV EMFAB),False,False,False,False,4.420428571428571,2.2873442283678056
2017-10-09,Inverness,2.708,2.708,V ugm-3 (GRAV EMFAB),False,False,False,False,3.7058571428571425,1.8224757363333248
2017-10-10,Inverness,2.667,2.667,V ugm-3 (GRAV EMFAB),False,False,False,False,2.9911428571428575,0.535036892363837
2017-10-11,Inverness,2.458,2.458,V ugm-3 (GRAV EMFAB),False,False,False,False,2.9255714285714283,0.5724557791196575
2017-10-12,Inverness,3.375,3.375,V ugm-3 (GRAV EMFAB),False,False,False,False,3.0327142857142855,0.5769921184572465
2017-10-13,Inverness,4.0,4.0,V ugm-3 (GRAV EMFAB),False,False,False,False,3.1904285714285714,0.6758147816136441
2017-10-14,Inverness,5.417,5.417,V ugm-3 (GRAV EMFAB),False,False,False,False,3.541714285714286,1.063025511497782
2017-10-15,Inverness,3.625,3.625,V ugm-3 (GRAV EMFAB),False,False,False,False,3.4642857142857144,1.0290875755226665
2017-10-16,Inverness,2.292,2.292,V ugm-3 (GRAV EMFAB),False,False,False,False,3.404857142857143,1.0902362784539066
2017-10-17,Inverness,1.708,1.708,V ugm-3 (GRAV EMFAB),False,False,False,False,3.267857142857143,1.2473437682492967
2017-10-18,Inverness,3.917,3.917,V ugm-3 (GRAV EMFAB),False,False,False,False,3.4762857142857144,1.2108275013787555
2017-10-19,Inverness,6.292,6.292,V ugm-3 (GRAV EMFAB),False,False,False,False,3.893,1.6072259745702286
2017-10-20,Inverness,4.375,4.375,V ugm-3 (GRAV EMFAB),False,False,False,False,3.946571428571428,1.617603047427739
2017-10-21,Inverness,3.875,3.875,V ugm-3 (GRAV EMFAB),False,False,False,False,3.7262857142857135,1.4834149469254347
2017-10-22,Inverness,4.083,4.083,V ugm-3 (GRAV EMFAB),False,False,False,False,3.7917142857142854,1.488295413583985
2017-10-23,Inverness,5.0,5.0,V ugm-3 (GRAV EMFAB),False,False,False,False,4.178571428571429,1.3816259572381293
2017-10-24,Inverness,4.875,4.875,V ugm-3 (GRAV EMFAB),False,False,False,False,4.631,0.8565230100041474
2017-10-25,Inverness,2.958,2.958,V ugm-3 (GRAV EMFAB),False,False,False,False,4.494,1.045589148120122
2017-10-26,Inverness,2.708,2.708,V ugm-3 (GRAV EMFAB),False,False,False,False,3.9819999999999998,0.8833198741112351
2017-10-27,Inverness,3.042,3.042,V ugm-3 (GRAV EMFAB),False,False,False,False,3.7915714285714293,0.927077281414107
2017-10-28,Inverness,2.458,2.458,V ugm-3 (GRAV EMFAB),False,False,False,False,3.5891428571428574,1.052096704771172
2017-10-29,Inverness,4.042,4.042,V ugm-3 (GRAV EMFAB),False,False,False,False,3.583285714285714,1.0489986835526155
2017-10-30,Inverness,3.875,3.875,V ugm-3 (GRAV EMFAB),False,False,False,False,3.422571428571428,0.865987270334173
2017-10-31,Inverness,2.083,2.083,V ugm-3 (GRAV EMFAB),False,False,False,False,3.0237142857142856,0.7154133337414893
2017-11-01,Inverness,3.38,3.38,V ugm-3 (GRAV EMFAB),False,False,False,False,3.0839999999999996,0.7266450302588426
2017-11-02,Inverness,7.58,7.58,V ugm-3 (GRAV EMFAB),False,False,False,False,3.7800000000000002,1.8188735525043747
2017-11-03,Inverness,5.58,5.58,V ugm-3 (GRAV EMFAB),False,False,False,False,4.142571428571428,1.898462347720959
2017-11-04,Inverness,2.292,2.292,V ugm-3 (GRAV EMFAB),False,False,False,False,4.118857142857143,1.9238785849225775
2017-11-05,Inverness,5.167,5.167,V ugm-3 (GRAV EMFAB),False,False,False,False,4.279571428571428,1.9629801202204886
2017-11-06,Inverness,4.146,4.146,V ugm-3 (GRAV EMFAB),False,False,False,False,4.3182857142857145,1.956332343467012
2017-11-07,Inverness,2.167,2.167,V ugm-3 (GRAV EMFAB),False,False,False,False,4.330285714285714,1.9405298859062003
2017-11-08,Inverness,3.625,3.625,V ugm-3 (GRAV EMFAB),False,False,False,False,4.365285714285714,1.9226608050897758
2017-11-09,Inverness,2.083,2.083,V ugm-3 (GRAV EMFAB),False,False,False,False,3.5799999999999996,1.4570216196062018
2017-11-10,Inverness,3.042,3.042,V ugm-3 (GRAV EMFAB),False,False,False,False,3.217428571428571,1.1623761377945432
2017-11-11,Inverness,1.542,1.542,V ugm-3 (GRAV EMFAB),False,False,False,False,3.110285714285714,1.2895086550420833
2017-11-12,Inverness,9.167,9.167,V ugm-3 (GRAV EMFAB),False,False,False,False,3.6817142857142855,2.5866643716238973
2017-11-13,Inverness,,,V ugm-3 (GRAV EMFAB),False,False,False,False,3.604333333333333,2.8246595311057443
2017-11-14,Inverness,,,V ugm-3 (GRAV EMFAB),False,False,False,False,3.891799999999999,3.0583653640465895
2017-11-15,Inverness,,,V ugm-3 (GRAV EMFAB),False,False,False,False,3.9584999999999995,3.5272943833293016
2017-11-16,Inverness,,,V ugm-3 (GRAV EMFAB),False,False,False,False,4.583666666666666,4.039518329372083
2017-11-17,Inverness,,,V ugm-3 (GRAV EMFAB),False,False,False,False,5.354499999999999,5.391689206547374
2017-11-18,Inverness,,,V ugm-3 (GRAV EMFAB),False,False,False,False,9.167,
2017-11-19,Inverness,,,V ugm-3 (GRAV EMFAB),False,False,False,False,,
2017-11-20,Inverness,,,V ugm-3 (GRAV EMFAB),False,False,False,False,,
2017-11-21,Inverness,3.667,3.667,V ugm-3 (GRAV EMFAB),False,False,False,False,3.667,
2017-11-22,Inverness,4.208,4.208,V ugm-3 (GRAV EMFAB),False,False,False,False,3.9375,0.3825447686219225
2017-11-23,Inverness,2.292,2.292,V ugm-3 (GRAV EMFAB),False,False,False,False,3.389,0.9877889450687329
2017-11-24,Inverness,1.708,1.708,V ugm-3 (GRAV EMFAB),False,False,False,False,2.96875,1.1648712017500762
2017-11-25,Inverness,2.0,2.0,V ugm-3 (GRAV EMFAB),False,False,False,False,2.775,1.097902090352323
2017-11-26,Inverness,3.583,3.583,V ugm-3 (GRAV EMFAB),False,False,False,False,2.9096666666666664,1.0359159554069368
2017-11-27,Inverness,1.083,1.083,V ugm-3 (GRAV EMFAB),False,False,False,False,2.6487142857142856,1.170871999022625
2017-11-28,Inverness,,,V ugm-3 (GRAV EMFAB),False,False,False,False,2.479,1.1845610157353652
2017-11-29,Inverness,1.75,1.75,V ugm-3 (GRAV EMFAB),False,False,False,False,2.0693333333333332,0.842729296195799
2017-11-30,Inverness,1.208,1.208,V ugm-3 (GRAV EMFAB),False,False,False,False,1.8886666666666667,0.899714991909475
2017-12-01,Inverness,2.04,2.04,V ugm-3 (GRAV EMFAB),False,False,False,False,1.944,0.8965852999017997
2017-12-02,Inverness,7.17,7.17,V ugm-3 (GRAV EMFAB),False,False,False,False,2.8056666666666668,2.318294603079312
2017-12-03,Inverness,6.25,6.25,V ugm-3 (GRAV EMFAB),False,False,False,False,3.2501666666666664,2.7183139198162283
2017-12-04,Inverness,2.333,2.333,V ugm-3 (GRAV EMFAB),False,False,False,False,3.4585000000000004,2.5624331991292966
2017-12-05,Inverness,7.542,7.542,V ugm-3 (GRAV EMFAB),False,False,False,False,4.041857142857142,2.8024736947068405
2017-12-06,Inverness,3.396,3.396,V ugm-3 (GRAV EMFAB),False,False,False,False,4.277,2.642619596789015
2017-12-07,Inverness,2.25,2.25,V ugm-3 (GRAV EMFAB),False,False,False,False,4.425857142857143,2.4642608376936233
2017-12-08,Inverness,3.25,3.25,V ugm-3 (GRAV EMFAB),False,False,False,False,4.598714285714286,2.3063917500637023
2017-12-09,Inverness,2.167,2.167,V ugm-3 (GRAV EMFAB),False,False,False,False,3.884,2.1464181791999435
2017-12-10,Inverness,2.667,2.667,V ugm-3 (GRAV EMFAB),False,False,False,False,3.3721428571428573,1.9013948764500437
2017-12-11,Inverness,,,V ugm-3 (GRAV EMFAB),False,False,False,False,3.5453333333333332,2.021485955100027
2017-12-12,Inverness,7.75,7.75,V ugm-3 (GRAV EMFAB),False,False,False,False,3.58,2.103839062285897
2017-12-13,Inverness,3.917,3.917,V ugm-3 (GRAV EMFAB),False,False,False,False,3.666833333333333,2.105476992670941
2017-12-14,Inverness,5.875,5.875,V ugm-3 (GRAV EMFAB),False,False,False,False,4.271,2.137458584394094
2017-12-15,Inverness,4.5,4.5,V ugm-3 (GRAV EMFAB),False,False,False,False,4.479333333333333,2.07813518969933
2017-12-16,Inverness,7.792,7.792,V ugm-3 (GRAV EMFAB),False,False,False,False,5.416833333333333,2.0950735945705277
2017-12-17,Inverness,3.417,3.417,V ugm-3 (GRAV EMFAB),False,False,False,False,5.541833333333333,1.912624732315953
2017-12-18,Inverness,4.0,4.0,V ugm-3 (GRAV EMFAB),False,False,False,False,5.321571428571429,1.8406660802675816
2017-12-19,Inverness,1.375,1.375,V ugm-3 (GRAV EMFAB),False,False,False,False,4.410857142857142,2.0083437146540626
2017-12-20,Inverness,3.669,3.669,V ugm-3 (GRAV EMFAB),False,False,False,False,4.3754285714285714,2.0206573894934015
2017-12-21,Inverness,6.502,6.502,V ugm-3 (GRAV EMFAB),False,False,False,False,4.465000000000001,2.1101251147740037
2017-12-22,Inverness,2.252,2.252,V ugm-3 (GRAV EMFAB),False,False,False,False,4.143857142857143,2.268993273720854
2017-12-23,Inverness,2.46,2.46,V ugm-3 (GRAV EMFAB),False,False,False,False,3.3821428571428567,1.651007311569862
2017-12-24,Inverness,3.835,3.835,V ugm-3 (GRAV EMFAB),False,False,False,False,3.4418571428571427,1.660012793983973
2017-12-25,Inverness,6.835,6.835,V ugm-3 (GRAV EMFAB),False,False,False,False,3.846857142857143,2.105056406890437
2017-12-26,Inverness,3.002,3.002,V ugm-3 (GRAV EMFAB),False,False,False,False,4.079285714285715,1.8624857685618006
2017-12-27,Inverness,2.919,2.919,V ugm-3 (GRAV EMFAB),False,False,False,False,3.972142857142857,1.9109635814226844
2017-12-28,Inverness,4.794,4.794,V ugm-3 (GRAV EMFAB),False,False,False,False,3.7281428571428568,1.6211729733510276
2017-12-29,Inverness,9.294,9.294,V ugm-3 (GRAV EMFAB),False,False,False,False,4.7341428571428565,2.499490843390006
2017-12-30,Inverness,5.627,5.627,V ugm-3 (GRAV EMFAB),False,False,False,False,5.186571428571428,2.2977290859413695
2018-01-01,Inverness,5.877,5.877,V ugm-3 (GRAV EMFAB),False,False,False,False,5.478285714285714,2.22604355410264
2018-01-02,Inverness,2.833,2.833,V ugm-3 (GRAV EMFAB),False,False,False,False,4.9065714285714295,2.3309683865397286
2018-01-03,Inverness,,,V ugm-3 (GRAV EMFAB),False,False,False,False,5.224000000000001,2.381953987800774
2018-01-04,Inverness,4.279,4.279,V ugm-3 (GRAV EMFAB),False,False,False,False,5.450666666666667,2.1744083026576853
2018-01-05,Inverness,3.805,3.805,V ugm-3 (GRAV EMFAB),False,False,False,False,5.285833333333334,2.2695481855793846
2018-01-06,Inverness,10.772,10.772,V ugm-3 (GRAV EMFAB),False,False,False,False,5.532166666666666,2.807945470743098
2018-01-07,Inverness,4.619,4.619,V ugm-3 (GRAV EMFAB),False,False,False,False,5.364166666666667,2.831194971503495
2018-01-08,Inverness,,,,False,False,False,False,5.2616,3.1528846791470206
2018-01-09,Inverness,,,,False,False,False,False,5.86875,3.285833468594133
2018-01-10,Inverness,,,,False,False,False,False,5.86875,3.285833468594133
2018-01-11,Inverness,,,,False,False,False,False,6.398666666666667,3.8092233241611555
2018-01-12,Inverness,,,,False,False,False,False,7.695500000000001,4.350828024640836
2018-01-13,Inverness,9.563,9.563,V ugm-3 (GRAV EMFAB),False,False,False,False,7.091,3.4959359261862915
2018-01-14,Inverness,2.229,2.229,V ugm-3 (GRAV EMFAB),False,False,False,False,5.896000000000001,5.18592113322214
2018-01-15,Inverness,2.771,2.771,V ugm-3 (GRAV EMFAB),False,False,False,False,4.854333333333334,4.086819953623274
2018-01-16,Inverness,0.354,0.354,V ugm-3 (GRAV EMFAB),False,False,False,False,3.72925,4.024671611862679
2018-01-17,Inverness,1.667,1.667,V ugm-3 (GRAV EMFAB),False,False,False,False,3.3167999999999997,3.605421084977454
2018-01-18,Inverness,1.958,1.958,V ugm-3 (GRAV EMFAB),False,False,False,False,3.0903333333333336,3.272150954138068
2018-01-19,Inverness,1.417,1.417,V ugm-3 (GRAV EMFAB),False,False,False,False,2.8512857142857144,3.0532741286628533
2018-01-20,Inverness,4.0,4.0,V ugm-3 (GRAV EMFAB),False,False,False,False,2.0565714285714285,1.1391764360190013
2018-01-21,Inverness,3.333,3.333,V ugm-3 (GRAV EMFAB),False,False,False,False,2.2142857142857144,1.2390695049492741
2018-01-22,Inverness,5.0,5.0,V ugm-3 (GRAV EMFAB),False,False,False,False,2.5327142857142855,1.6305548865632336
2018-01-23,Inverness,2.583,2.583,V ugm-3 (GRAV EMFAB),False,False,False,False,2.8511428571428574,1.3227629453246001
2018-01-24,Inverness,1.5,1.5,V ugm-3 (GRAV EMFAB),False,False,False,False,2.8272857142857144,1.3489266985626904
2018-01-25,Inverness,4.333,4.333,V ugm-3 (GRAV EMFAB),False,False,False,False,3.166571428571429,1.391841329216189
2018-01-26,Inverness,5.583,5.583,V ugm-3 (GRAV EMFAB),False,False,False,False,3.761714285714286,1.409615516643424
2018-01-27,Inverness,3.667,3.667,V ugm-3 (GRAV EMFAB),False,False,False,False,3.714142857142857,1.4058476006276353
2018-01-28,Inverness,4.542,4.542,V ugm-3 (GRAV EMFAB),False,False,False,False,3.886857142857143,1.4253485455110546
2018-01-29,Inverness,2.292,2.292,V ugm-3 (GRAV EMFAB),False,False,False,False,3.5,1.4402883970464626
2018-01-30,Inverness,1.25,1.25,V ugm-3 (GRAV EMFAB),False,False,False,False,3.309571428571428,1.6540029078111143
2018-01-31,Inverness,2.708,2.708,V ugm-3 (GRAV EMFAB),False,False,False,False,3.482142857142857,1.4884682762907013
2018-02-01,Inverness,5.335,5.335,V ugm-3 (GRAV EMFAB),False,False,False,False,3.6252857142857144,1.6257777333003551
2018-02-02,Inverness,5.958,5.958,V ugm-3 (GRAV EMFAB),False,False,False,False,3.678857142857143,1.7052732360310507
2018-02-03,Inverness,,,V ugm-3 (GRAV EMFAB),False,False,False,False,3.6808333333333336,1.868024455585812
2018-02-04,Inverness,2.467,2.467,V ugm-3 (GRAV EMFAB),False,False,False,False,3.3349999999999995,1.868783347528547
2018-02-05,Inverness,2.7,2.7,V ugm-3 (GRAV EMFAB),False,False,False,False,3.4030000000000005,1.8302670843349615
2018-02-06,Inverness,10.69,10.69,V ugm-3 (GRAV EMFAB),False,False,False,False,4.976333333333334,3.1737070228152238
2018-02-07,Inverness,3.147,3.147,V ugm-3 (GRAV EMFAB),False,False,False,False,5.049499999999999,3.1154802358544993
2018-02-08,Inverness,,,,False,False,False,False,4.992399999999999,3.47970089231819
2018-02-09,Inverness,,,,False,False,False,False,4.7509999999999994,3.9693741740145057
2018-02-10,Inverness,,,,False,False,False,False,4.7509999999999994,3.9693741740145057
2018-02-11,Inverness,,,,False,False,False,False,5.512333333333333,4.489557476336988
2018-02-12,Inverness,,,,False,False,False,False,6.918499999999999,5.333706450490133
2018-02-13,Inverness,3.083,3.083,V ugm-3 (GRAV EMFAB),False,False,False,False,3.115,0.04525483399593892
2018-02-14,Inverness,2.604,2.604,V ugm-3 (GRAV EMFAB),False,False,False,False,2.8435,0.3387041481883563
2018-02-15,Inverness,1.688,1.688,V ugm-3 (GRAV EMFAB),False,False,False,False,2.4583333333333335,0.7088161491764515
2018-02-16,Inverness,3.979,3.979,V ugm-3 (GRAV EMFAB),False,False,False,False,2.8385,0.9555384171589685
2018-02-17,Inverness,2.313,2.313,V ugm-3 (GRAV EMFAB),False,False,False,False,2.7334,0.8602443257586766
2018-02-18,Inverness,6.771,6.771,V ugm-3 (GRAV EMFAB),False,False,False,False,3.406333333333334,1.8190799505977373
2018-02-19,Inverness,5.354,5.354,V ugm-3 (GRAV EMFAB),False,False,False,False,3.6845714285714286,1.8164411043890978
2018-02-20,Inverness,6.938,6.938,V ugm-3 (GRAV EMFAB),False,False,False,False,4.235285714285714,2.1562566107559116
2018-02-21,Inverness,6.339,6.339,V ugm-3 (GRAV EMFAB),False,False,False,False,4.768857142857143,2.147412662451524
2018-02-22,Inverness,,,V ugm-3 (GRAV EMFAB),False,False,False,False,5.282333333333333,1.8217935850876923
2018-02-23,Inverness,,,V ugm-3 (GRAV EMFAB),False,False,False,False,5.543,1.9076324331484826
2018-02-24,Inverness,,,V ugm-3 (GRAV EMFAB),False,False,False,False,6.350499999999999,0.7106618980452909
2018-02-25,Inverness,,,V ugm-3 (GRAV EMFAB),False,False,False,False,6.210333333333334,0.7998001833791589
2018-02-26,Inverness,,,V ugm-3 (GRAV EMFAB),False,False,False,False,6.638499999999999,0.42355696193075126
2018-02-27,Inverness,,,V ugm-3 (GRAV EMFAB),False,False,False,False,6.339,
2018-02-28,Inverness,,,V ugm-3 (GRAV EMFAB),False,False,False,False,,
2018-03-01,Inverness,11.044,11.044,V ugm-3 (GRAV EMFAB),False,False,False,False,11.044,
2018-03-02,Inverness,4.75,4.75,V ugm-3 (GRAV EMFAB),False,False,False,False,7.897,4.4505300807881305
2018-03-03,Inverness,,,V ugm-3 (GRAV EMFAB),False,False,False,False,7.897,4.4505300807881305
2018-03-04,Inverness,2.89,2.89,V ugm-3 (GRAV EMFAB),False,False,False,False,6.228000000000001,4.273206290363245
2018-03-05,Inverness,3.424,3.424,V ugm-3 (GRAV EMFAB),False,False,False,False,5.527,3.7602037178855086
2018-03-06,Inverness,7.558,7.558,V ugm-3 (GRAV EMFAB),False,False,False,False,5.9332,3.3807308677266814
2018-03-07,Inverness,4.448,4.448,V ugm-3 (GRAV EMFAB),False,False,False,False,5.685666666666667,3.08400866838384
2018-03-08,Inverness,,,,False,False,False,False,4.614000000000001,1.809797226210716
2018-03-09,Inverness,,,,False,False,False,False,4.580000000000001,2.087929117570805
2018-03-10,Inverness,,,,False,False,False,False,4.580000000000001,2.087929117570805
2018-03-11,Inverness,,,,False,False,False,False,5.143333333333334,2.1529294770923952
2018-03-12,Inverness,,,,False,False,False,False,6.003000000000002,2.1991020894901614
2018-03-13,Inverness,7.167,7.167,V ugm-3 (GRAV EMFAB),False,False,False,False,5.8075,1.9226233380462223
2018-03-14,Inverness,7.507,7.507,V ugm-3 (GRAV EMFAB),False,False,False,False,7.337,0.24041630560342606
2018-03-15,Inverness,10.34,10.34,V ugm-3 (GRAV EMFAB),False,False,False,False,8.338,1.7420972992344606
2018-03-16,Inverness,3.09,3.09,V ugm-3 (GRAV EMFAB),False,False,False,False,7.026,2.9847352758103467
2018-03-17,Inverness,6.173,6.173,V ugm-3 (GRAV EMFAB),False,False,False,False,6.8554,2.6128538612023444
2018-03-18,Inverness,6.715,6.715,V ugm-3 (GRAV EMFAB),False,False,False,False,6.832,2.3377103327829136
2018-03-19,Inverness,5.007,5.007,V ugm-3 (GRAV EMFAB),False,False,False,False,6.571285714285714,2.2427390035613235
2018-03-20,Inverness,5.59,5.59,V ugm-3 (GRAV EMFAB),False,False,False,False,6.345999999999999,2.252111601734396
2018-03-21,Inverness,4.59,4.59,V ugm-3 (GRAV EMFAB),False,False,False,False,5.929285714285713,2.271273483774078
2018-03-22,Inverness,4.007,4.007,V ugm-3 (GRAV EMFAB),False,False,False,False,5.024571428571428,1.2558745766918569
2018-03-23,Inverness,2.423,2.423,V ugm-3 (GRAV EMFAB),False,False,False,False,4.929285714285713,1.4390608875566162
2018-03-24,Inverness,2.048,2.048,V ugm-3 (GRAV EMFAB),False,False,False,False,4.340000000000001,1.6708059931262709
2018-03-25,Inverness,2.423,2.423,V ugm-3 (GRAV EMFAB),False,False,False,False,3.7268571428571424,1.4231544105227913
2018-03-26,Inverness,3.548,3.548,V ugm-3 (GRAV EMFAB),False,False,False,False,3.5184285714285712,1.3064798578805632
2018-03-27,Inverness,2.59,2.59,V ugm-3 (GRAV EMFAB),False,False,False,False,3.0898571428571424,0.9597043691629594
2018-03-28,Inverness,3.048,3.048,V ugm-3 (GRAV EMFAB),False,False,False,False,2.8695714285714287,0.699742537686267
2018-03-29,Inverness,4.354,4.354,V ugm-3 (GRAV EMFAB),False,False,False,False,2.9191428571428566,0.7990015495544888
2018-03-30,Inverness,5.396,5.396,V ugm-3 (GRAV EMFAB),False,False,False,False,3.343857142857143,1.1871821579650166
2018-03-31,Inverness,5.063,5.063,V ugm-3 (GRAV EMFAB),False,False,False,False,3.7745714285714285,1.1856089654888817
2018-04-01,Inverness,9.313,9.313,V ugm-3 (GRAV EMFAB),False,False,False,False,4.758857142857143,2.2546148546608
2018-04-02,Inverness,3.917,3.917,V ugm-3 (GRAV EMFAB),False,False,False,False,4.811571428571428,2.225714331560608
2018-04-03,Inverness,,,V ugm-3 (GRAV EMFAB),False,False,False,False,5.1818333333333335,2.1892867712263424
2018-04-04,Inverness,2.384,2.384,V ugm-3 (GRAV EMFAB),False,False,False,False,5.071166666666667,2.330923715325464
2018-04-05,Inverness,2.276,2.276,V ugm-3 (GRAV EMFAB),False,False,False,False,4.724833333333334,2.597882785397883
2018-04-06,Inverness,2.706,2.706,V ugm-3 (GRAV EMFAB),False,False,False,False,4.2764999999999995,2.689393295894075
2018-04-07,Inverness,,,V ugm-3 (GRAV EMFAB),False,False,False,False,4.1192,2.9758142919207837
2018-04-08,Inverness,,,,False,False,False,False,2.8207499999999994,0.7533115225456106
2018-04-09,Inverness,,,,False,False,False,False,2.4553333333333325,0.22369920279990088
2018-04-10,Inverness,,,,False,False,False,False,2.4553333333333325,0.22369920279990088
2018-04-11,Inverness,,,,False,False,False,False,2.4909999999999988,0.304055915910143
2018-04-12,Inverness,,,,False,False,False,False,2.706,
2018-04-13,Inverness,13.898,13.898,V ugm-3 (GRAV EMFAB),True,True,False,False,13.898,
2018-04-14,Inverness,14.367,14.367,V ugm-3 (GRAV EMFAB),True,True,False,False,14.1325,0.33163308037649164
2018-04-15,Inverness,10.392,10.392,V ugm-3 (GRAV EMFAB),False,False,False,False,12.885666666666665,2.1722730798252177
2018-04-16,Inverness,4.298,4.298,V ugm-3 (GRAV EMFAB),False,False,False,False,10.73875,4.645734773244523
2018-04-17,Inverness,3.876,3.876,V ugm-3 (GRAV EMFAB),False,False,False,False,9.366200000000001,5.0602970466169275
2018-04-18,Inverness,6.8,6.8,V ugm-3 (GRAV EMFAB),False,False,False,False,8.9385,4.645734462924027
2018-04-19,Inverness,5.955,5.955,V ugm-3 (GRAV EMFAB),False,False,False,False,8.512285714285714,4.388316029119663
2018-04-20,Inverness,4.091,4.091,V ugm-3 (GRAV EMFAB),False,False,False,False,7.111285714285715,3.92313963190562
2018-04-21,Inverness,4.092,4.092,V ugm-3 (GRAV EMFAB),False,False,False,False,5.643428571428571,2.3711674942344914
2018-04-22,Inverness,3.924,3.924,V ugm-3 (GRAV EMFAB),False,False,False,False,4.719428571428572,1.1665964536695086
2018-04-23,Inverness,4.137,4.137,V ugm-3 (GRAV EMFAB),False,False,False,False,4.696428571428571,1.177822971579745
2018-04-24,Inverness,2.949,2.949,V ugm-3 (GRAV EMFAB),False,False,False,False,4.564,1.327983684638729
2018-04-25,Inverness,2.525,2.525,V ugm-3 (GRAV EMFAB),False,False,False,False,3.953285714285714,1.0899744208444646
2018-04-26,Inverness,2.611,2.611,V ugm-3 (GRAV EMFAB),False,False,False,False,3.475571428571428,0.7444975614786166
2018-04-27,Inverness,3.206,3.206,V ugm-3 (GRAV EMFAB),False,False,False,False,3.349142857142857,0.6961425688682337
2018-04-28,Inverness,3.079,3.079,V ugm-3 (GRAV EMFAB),False,False,False,False,3.204428571428571,0.6167430197261575
2018-04-29,Inverness,3.633,3.633,V ugm-3 (GRAV EMFAB),False,False,False,False,3.162857142857143,0.5680412040722017
2018-04-30,Inverness,3.676,3.676,V ugm-3 (GRAV EMFAB),False,False,False,False,3.097,0.4509297801949368
2018-05-01,Inverness,3.646,3.646,V ugm-3 (GRAV EMFAB),False,False,False,False,3.1965714285714286,0.4882147263731466
2018-05-02,Inverness,3.583,3.583,V ugm-3 (GRAV EMFAB),False,False,False,False,3.347714285714286,0.4017734495482399
2018-05-03,Inverness,,,V ugm-3 (GRAV EMFAB),False,False,False,False,3.4705,0.2589693032001762
2018-05-04,Inverness,3.102,3.102,V ugm-3 (GRAV EMFAB),False,False,False,False,3.4531666666666667,0.28261451956092326
2018-05-05,Inverness,3.639,3.639,V ugm-3 (GRAV EMFAB),False,False,False,False,3.5465,0.21982788722085456
2018-05-06,Inverness,4.898,4.898,V ugm-3 (GRAV EMFAB),False,False,False,False,3.7573333333333334,0.5989970506326815
2018-05-07,Inverness,2.75,2.75,V ugm-3 (GRAV EMFAB),False,False,False,False,3.6029999999999998,0.7292708687449297
2018-05-08,Inverness,,,,False,False,False,False,3.5943999999999994,0.8150093864490032
2018-05-09,Inverness,,,,False,False,False,False,3.59725,0.9410630071006444
2018-05-10,Inverness,,,,False,False,False,False,3.59725,0.9410630071006444
2018-05-11,Inverness,,,,False,False,False,False,3.762333333333333,1.079298074367454
2018-05-12,Inverness,,,,False,False,False,False,3.8239999999999994,1.5188653659886784
2018-05-13,Inverness,4.737,4.737,V ugm-3 (GRAV EMFAB),False,False,False,False,3.7435,1.40502117421767
2018-05-14,Inverness,2.732,2.732,V ugm-3 (GRAV EMFAB),False,False,False,False,3.7345,1.4177490962790278
2018-05-15,Inverness,2.69,2.69,V ugm-3 (GRAV EMFAB),False,False,False,False,3.3863333333333334,1.169900138188441
2018-05-16,Inverness,1.965,1.965,V ugm-3 (GRAV EMFAB),False,False,False,False,3.031,1.1905844503156142
2018-05-17,Inverness,3.931,3.931,V ugm-3 (GRAV EMFAB),False,False,False,False,3.211,1.1068507126076217
2018-05-18,Inverness,5.428,5.428,V ugm-3 (GRAV EMFAB),False,False,False,False,3.5805000000000002,1.3413710523192304
2018-05-19,Inverness,5.815,5.815,V ugm-3 (GRAV EMFAB),False,False,False,False,3.899714285714286,1.48750839933603
2018-05-20,Inverness,3.036,3.036,V ugm-3 (GRAV EMFAB),False,False,False,False,3.6567142857142856,1.4667253451465403
2018-05-21,Inverness,1.497,1.497,V ugm-3 (GRAV EMFAB),False,False,False,False,3.480285714285714,1.6582661340775706
2018-05-22,Inverness,3.509,3.509,V ugm-3 (GRAV EMFAB),False,False,False,False,3.5972857142857144,1.621703293277957
2018-05-23,Inverness,3.852,3.852,V ugm-3 (GRAV EMFAB),False,False,False,False,3.866857142857143,1.4532360932956292
2018-05-24,Inverness,10.704,10.704,V ugm-3 (GRAV EMFAB),False,False,False,False,4.834428571428572,2.968176143534548
2018-05-25,Inverness,8.609,8.609,V ugm-3 (GRAV EMFAB),False,False,False,False,5.288857142857142,3.299240893931584
2018-05-26,Inverness,8.697,8.697,V ugm-3 (GRAV EMFAB),False,False,False,False,5.700571428571428,3.5464064843699115
2018-05-27,Inverness,8.7,8.7,V ugm-3 (GRAV EMFAB),False,False,False,False,6.509714285714286,3.4827106164732142
2018-05-28,Inverness,9.945,9.945,V ugm-3 (GRAV EMFAB),False,False,False,False,7.716571428571428,2.8651350670397635
2018-05-29,Inverness,6.732,6.732,V ugm-3 (GRAV EMFAB),False,False,False,False,8.177,2.2743407836118132
2018-05-30,Inverness,7.42,7.42,V ugm-3 (GRAV EMFAB),False,False,False,False,8.686714285714286,1.3591982580778645
2018-05-31,Inverness,17.763,17.763,V ugm-3 (GRAV EMFAB),True,True,False,False,9.695142857142857,3.703051508714195
2018-06-01,Inverness,7.771,7.771,V ugm-3 (GRAV EMFAB),False,False,False,False,9.57542857142857,3.757167410747218
2018-06-02,Inverness,3.292,3.292,V ugm-3 (GRAV EMFAB),False,False,False,False,8.803285714285716,4.457844161859921
2018-06-03,Inverness,,,V ugm-3 (GRAV EMFAB),False,False,False,False,8.820500000000001,4.883068737996631
2018-06-04,Inverness,6.101,6.101,V ugm-3 (GRAV EMFAB),False,False,False,False,8.179833333333333,4.957625617840326
2018-06-05,Inverness,3.3,3.3,V ugm-3 (GRAV EMFAB),False,False,False,False,7.607833333333333,5.341230323311912
2018-06-06,Inverness,5.738,5.738,V ugm-3 (GRAV EMFAB),False,False,False,False,7.3275,5.396909884369017
2018-06-07,Inverness,2.0,2.0,V ugm-3 (GRAV EMFAB),False,False,False,False,4.700333333333333,2.177326311480818
2018-06-08,Inverness,,,,False,False,False,False,4.0862,1.759897497015095
2018-06-09,Inverness,,,,False,False,False,False,4.28475,1.9664277891649096
2018-06-10,Inverness,,,,False,False,False,False,4.28475,1.9664277891649096
2018-06-11,Inverness,,,,False,False,False,False,3.6793333333333327,1.8976515310597266
2018-06-12,Inverness,,,,False,False,False,False,3.8689999999999993,2.6431651480753113
2018-06-13,Inverness,3.424,3.424,V ugm-3 (GRAV EMFAB),False,False,False,False,2.7119999999999997,1.0069200564096437
2018-06-14,Inverness,2.563,2.563,V ugm-3 (GRAV EMFAB),False,False,False,False,2.9935,0.6088189386016173
2018-06-15,Inverness,6.788,6.788,V ugm-3 (GRAV EMFAB),False,False,False,False,4.258333333333334,2.2326532048962133
2018-06-16,Inverness,2.996,2.996,V ugm-3 (GRAV EMFAB),False,False,False,False,3.94275,1.929127155822895
2018-06-17,Inverness,2.566,2.566,V ugm-3 (GRAV EMFAB),False,False,False,False,3.6673999999999998,1.7805158802998642
2018-06-18,Inverness,3.041,3.041,V ugm-3 (GRAV EMFAB),False,False,False,False,3.563,1.6129431484091434
2018-06-19,Inverness,3.826,3.826,V ugm-3 (GRAV EMFAB),False,False,False,False,3.6005714285714285,1.4757605787234886
2018-06-20,Inverness,1.798,1.798,V ugm-3 (GRAV EMFAB),False,False,False,False,3.3682857142857143,1.6282713445333894
2018-06-21,Inverness,3.051,3.051,V ugm-3 (GRAV EMFAB),False,False,False,False,3.438,1.5982161931353343
2018-06-22,Inverness,2.836,2.836,V ugm-3 (GRAV EMFAB),False,False,False,False,2.873428571428571,0.6102578299764939
2018-06-23,Inverness,2.145,2.145,V ugm-3 (GRAV EMFAB),False,False,False,False,2.751857142857143,0.664155460860239
2018-06-24,Inverness,2.967,2.967,V ugm-3 (GRAV EMFAB),False,False,False,False,2.809142857142857,0.662745156796444
2018-06-25,Inverness,5.432,5.432,V ugm-3 (GRAV EMFAB),False,False,False,False,3.150714285714286,1.2002993674198832
2018-06-26,Inverness,6.168,6.168,V ugm-3 (GRAV EMFAB),False,False,False,False,3.485285714285714,1.6587519117583271
2018-06-27,Inverness,7.165,7.165,V ugm-3 (GRAV EMFAB),False,False,False,False,4.252000000000001,1.9615961188107331
2018-06-28,Inverness,8.292,8.292,V ugm-3 (GRAV EMFAB),False,False,False,False,5.0007142857142854,2.381957998110358
2018-06-29,Inverness,7.299,7.299,V ugm-3 (GRAV EMFAB),False,False,False,False,5.638285714285715,2.301919178590313
2018-06-30,Inverness,7.734,7.734,V ugm-3 (GRAV EMFAB),False,False,False,False,6.436714285714285,1.803678991606295
2018-07-01,Inverness,5.521,5.521,V ugm-3 (GRAV EMFAB),False,False,False,False,6.801571428571428,1.1096033611374903
2018-07-02,Inverness,3.292,3.292,V ugm-3 (GRAV EMFAB),False,False,False,False,6.495857142857142,1.691865580611279
2018-07-03,Inverness,,,V ugm-3 (GRAV EMFAB),False,False,False,False,6.5504999999999995,1.8465670580837288
2018-07-04,Inverness,4.076,4.076,V ugm-3 (GRAV EMFAB),False,False,False,False,6.035666666666667,2.0593333549152906
2018-07-05,Inverness,4.451,4.451,V ugm-3 (GRAV EMFAB),False,False,False,False,5.395499999999999,1.7980832850566184
2018-07-06,Inverness,6.901,6.901,V ugm-3 (GRAV EMFAB),False,False,False,False,5.329166666666667,1.7194379798837374
2018-07-07,Inverness,2.5,2.5,V ugm-3 (GRAV EMFAB),False,False,False,False,4.456833333333333,1.5771812092041513
2018-07-08,Inverness,,,,False,False,False,False,4.244,1.6642236928970828
2018-07-09,Inverness,,,,False,False,False,False,4.482,1.8207765742488389
2018-07-10,Inverness,,,,False,False,False,False,4.482,1.8207765742488389
2018-07-11,Inverness,,,,False,False,False,False,4.617333333333334,2.2052098161701843
2018-07-12,Inverness,,,,False,False,False,False,4.700500000000001,3.1119769440019973
2018-07-13,Inverness,2.292,2.292,V ugm-3 (GRAV EMFAB),False,False,False,False,2.396,0.14707821048680203
2018-07-14,Inverness,2.75,2.75,V ugm-3 (GRAV EMFAB),False,False,False,False,2.521,0.3238549057834389
2018-07-15,Inverness,1.375,1.375,V ugm-3 (GRAV EMFAB),False,False,False,False,2.139,0.7001521263268433
2018-07-16,Inverness,1.042,1.042,V ugm-3 (GRAV EMFAB),False,False,False,False,1.86475,0.7922505390762864
2018-07-17,Inverness,2.167,2.167,V ugm-3 (GRAV EMFAB),False,False,False,False,1.9251999999999998,0.6992972901420396
2018-07-18,Inverness,2.125,2.125,V ugm-3 (GRAV EMFAB),False,False,False,False,1.9585,0.6307667556236615
2018-07-19,Inverness,2.5,2.5,V ugm-3 (GRAV EMFAB),False,False,False,False,2.0358571428571426,0.611101035991984
2018-07-20,Inverness,3.125,3.125,V ugm-3 (GRAV EMFAB),False,False,False,False,2.154857142857143,0.7373559584921041
2018-07-21,Inverness,2.167,2.167,V ugm-3 (GRAV EMFAB),False,False,False,False,2.0715714285714286,0.6903573608749933
2018-07-22,Inverness,1.042,1.042,V ugm-3 (GRAV EMFAB),False,False,False,False,2.024,0.7548205084654231
2018-07-23,Inverness,1.5,1.5,V ugm-3 (GRAV EMFAB),False,False,False,False,2.0894285714285714,0.6706725125183073
2018-07-24,Inverness,,,,False,False,False,False,2.0765,0.7337287645990173
2018-07-25,Inverness,,,,False,False,False,False,2.0667999999999997,0.8199034699280153
2018-07-26,Inverness,,,,False,False,False,False,1.9585,0.9045052054392314
2018-07-27,Inverness,,,,False,False,False,False,1.5696666666666665,0.5657263767346643
2018-07-28,Inverness,,,,False,False,False,False,1.271,0.32385490578342974
2018-07-29,Inverness,,,,False,False,False,False,1.5,
2018-07-30,Inverness,,,,False,False,False,False,,
2018-07-31,Inverness,,,,False,False,False,False,,
2018-08-01,Inverness,8.688,8.688,V ugm-3 (GRAV EMFAB),False,False,False,False,8.688,
2018-08-02,Inverness,4.167,4.167,V ugm-3 (GRAV EMFAB),False,False,False,False,6.4275,3.1968297577443816
2018-08-03,Inverness,,,V ugm-3 (GRAV EMFAB),False,False,False,False,6.4275,3.1968297577443816
2018-08-04,Inverness,2.429,2.429,V ugm-3 (GRAV EMFAB),False,False,False,False,5.094666666666667,3.230974208088535
2018-08-05,Inverness,6.285,6.285,V ugm-3 (GRAV EMFAB),False,False,False,False,5.392250000000001,2.7043827854059423
2018-08-06,Inverness,3.978,3.978,V ugm-3 (GRAV EMFAB),False,False,False,False,5.1094,2.425960696301571
2018-08-07,Inverness,1.333,1.333,V ugm-3 (GRAV EMFAB),False,False,False,False,4.48,2.6617840633680268
2018-08-08,Inverness,,,,False,False,False,False,3.6384,1.8826016041637708
2018-08-09,Inverness,,,,False,False,False,False,3.5062500000000005,2.1468956464315334
2018-08-10,Inverness,,,,False,False,False,False,3.5062500000000005,2.1468956464315334
2018-08-11,Inverness,,,,False,False,False,False,3.865333333333334,2.4779217770812174
2018-08-12,Inverness,,,,False,False,False,False,2.655500000000001,1.8702974362384224
2018-08-13,Inverness,,,,False,False,False,False,1.333,
2018-08-14,Inverness,,,,False,False,False,False,,
2018-08-15,Inverness,,,,False,False,False,False,,
2018-08-16,Inverness,,,,False,False,False,False,,
2018-08-17,Inverness,,,,False,False,False,False,,
2018-08-18,Inverness,,,,False,False,False,False,,
2018-08-19,Inverness,,,,False,False,False,False,,
2018-08-20,Inverness,,,,False,False,False,False,,
2018-08-21,Inverness,,,,False,False,False,False,,
2018-08-22,Inverness,,,,False,False,False,False,,
2018-08-23,Inverness,,,,False,False,False,False,,
2018-08-24,Inverness,,,,False,False,False,False,,
2018-08-25,Inverness,,,,False,False,False,False,,
2018-08-26,Inverness,,,,False,False,False,False,,
2018-08-27,Inverness,,,,False,False,False,False,,
2018-08-28,Inverness,,,,False,False,False,False,,
2018-08-29,Inverness,,,,False,False,False,False,,
2018-08-30,Inverness,,,,False,False,False,False,,
2018-08-31,Inverness,,,,False,False,False,False,,
2018-09-01,Inverness,10.771,10.771,V ugm-3 (GRAV EMFAB),False,False,False,False,10.771,
2018-09-02,Inverness,3.833,3.833,V ugm-3 (GRAV EMFAB),False,False,False,False,7.3020000000000005,4.905906847872267
2018-09-03,Inverness,,,V ugm-3 (GRAV EMFAB),False,False,False,False,7.3020000000000005,4.905906847872267
2018-09-04,Inverness,3.064,3.064,V ugm-3 (GRAV EMFAB),False,False,False,False,5.889333333333333,4.245096269030108
2018-09-05,Inverness,3.368,3.368,V ugm-3 (GRAV EMFAB),False,False,False,False,5.259,3.6882482743618734
2018-09-06,Inverness,5.098,5.098,V ugm-3 (GRAV EMFAB),False,False,False,False,5.2268,3.194928121257191
2018-09-07,Inverness,1.375,1.375,V ugm-3 (GRAV EMFAB),False,False,False,False,4.584833333333333,3.2617142374320087
2018-09-08,Inverness,,,,False,False,False,False,3.3476,1.34828680183409
2018-09-09,Inverness,,,,False,False,False,False,3.22625,1.5250128687981614
2018-09-10,Inverness,,,,False,False,False,False,3.22625,1.5250128687981614
2018-09-11,Inverness,,,,False,False,False,False,3.280333333333333,1.863047592879294
2018-09-12,Inverness,,,,False,False,False,False,3.2364999999999995,2.6325585463575156
2018-09-13,Inverness,,,,False,False,False,False,1.375,
2018-09-14,Inverness,,,,False,False,False,False,,
2018-09-15,Inverness,,,,False,False,False,False,,
2018-09-16,Inverness,,,,False,False,False,False,,
2018-09-17,Inverness,,,,False,False,False,False,,
2018-09-18,Inverness,,,,False,False,False,False,,
2018-09-19,Inverness,,,,False,False,False,False,,
2018-09-20,Inverness,,,,False,False,False,False,,
2018-09-21,Inverness,,,,False,False,False,False,,
2018-09-22,Inverness,,,,False,False,False,False,,
2018-09-23,Inverness,,,,False,False,False,False,,
2018-09-24,Inverness,,,,False,False,False,False,,
2018-09-25,Inverness,,,,False,False,False,False,,
2018-09-26,Inverness,,,,False,False,False,False,,
2018-09-27,Inverness,,,,False,False,False,False,,
2018-09-28,Inverness,,,,False,False,False,False,,
2018-09-29,Inverness,,,,False,False,False,False,,
2018-09-30,Inverness,,,,False,False,False,False,,
2018-10-01,Inverness,14.271,14.271,V ugm-3 (GRAV EMFAB),True,True,False,False,14.271,
2018-10-02,Inverness,3.875,3.875,V ugm-3 (GRAV EMFAB),False,False,False,False,9.073,7.3510820972153486
2018-10-03,Inverness,,,V ugm-3 (GRAV EMFAB),False,False,False,False,9.073,7.3510820972153486
2018-10-04,Inverness,2.642,2.642,V ugm-3 (GRAV EMFAB),False,False,False,False,6.929333333333333,6.3878888792255415
2018-10-05,Inverness,5.501,5.501,V ugm-3 (GRAV EMFAB),False,False,False,False,6.57225,5.264356584616966
2018-10-06,Inverness,6.562,6.562,V ugm-3 (GRAV EMFAB),False,False,False,False,6.5702,4.559068841331529
2018-10-07,Inverness,1.167,1.167,V ugm-3 (GRAV EMFAB),False,False,False,False,5.669666666666667,4.636145884963788
2018-10-08,Inverness,,,,False,False,False,False,3.9494,2.161580509719684
2018-10-09,Inverness,,,,False,False,False,False,3.968,2.495516112283525
2018-10-10,Inverness,,,,False,False,False,False,3.968,2.495516112283525
2018-10-11,Inverness,,,,False,False,False,False,4.41,2.8581842137972875
2018-10-12,Inverness,,,,False,False,False,False,3.8644999999999996,3.814841084501429
2018-10-13,Inverness,,,,False,False,False,False,1.167,
2018-10-14,Inverness,,,,False,False,False,False,,
2018-10-15,Inverness,,,,False,False,False,False,,
2018-10-16,Inverness,,,,False,False,False,False,,
2018-10-17,Inverness,,,,False,False,False,False,,
2018-10-18,Inverness,,,,False,False,False,False,,
2018-10-19,Inverness,,,,False,False,False,False,,
2018-10-20,Inverness,,,,False,False,False,False,,
2018-10-21,Inverness,,,,False,False,False,False,,
2018-10-22,Inverness,,,,False,False,False,False,,
2018-10-23,Inverness,,,,False,False,False,False,,
2018-10-24,Inverness,,,,False,False,False,False,,
2018-10-25,Inverness,,,,False,False,False,False,,
2018-10-26,Inverness,,,,False,False,False,False,,
2018-10-27,Inverness,,,,False,False,False,False,,
2018-10-28,Inverness,,,,False,False,False,False,,
2018-10-29,Inverness,,,,False,False,False,False,,
2018-10-30,Inverness,,,,False,False,False,False,,
2018-10-31,Inverness,,,,False,False,False,False,,
2018-11-01,Inverness,18.896,18.896,V ugm-3 (GRAV EMFAB),True,True,False,False,18.896,
2018-11-02,Inverness,2.708,2.708,V ugm-3 (GRAV EMFAB),False,False,False,False,10.802,11.446644573847832
2018-11-03,Inverness,,,V ugm-3 (GRAV EMFAB),False,False,False,False,10.802,11.446644573847832
2018-11-04,Inverness,8.774,8.774,V ugm-3 (GRAV EMFAB),False,False,False,False,10.126,8.178249445938905
2018-11-05,Inverness,3.796,3.796,V ugm-3 (GRAV EMFAB),False,False,False,False,8.5435,7.389614401306743
2018-11-06,Inverness,5.876,5.876,V ugm-3 (GRAV EMFAB),False,False,False,False,8.01,6.509831948675788
2018-11-07,Inverness,,,V ugm-3 (GRAV EMFAB),False,False,False,False,8.01,6.509831948675788
2018-11-08,Inverness,,,,False,False,False,False,5.288499999999999,2.6696068999011824
2018-11-09,Inverness,,,,False,False,False,False,6.148666666666666,2.5001762604531184
2018-11-10,Inverness,,,,False,False,False,False,6.148666666666666,2.5001762604531184
2018-11-11,Inverness,,,,False,False,False,False,4.8359999999999985,1.4707821048680219
2018-11-12,Inverness,,,,False,False,False,False,5.876,
2018-11-13,Inverness,,,,False,False,False,False,,
2018-11-14,Inverness,,,,False,False,False,False,,
2018-11-15,Inverness,,,,False,False,False,False,,
2018-11-16,Inverness,,,,False,False,False,False,,
2018-11-17,Inverness,,,,False,False,False,False,,
2018-11-18,Inverness,,,,False,False,False,False,,
2018-11-19,Inverness,,,,False,False,False,False,,
2018-11-20,Inverness,,,,False,False,False,False,,
2018-11-21,Inverness,,,,False,False,False,False,,
2018-11-22,Inverness,,,,False,False,False,False,,
2018-11-23,Inverness,,,,False,False,False,False,,
2018-11-24,Inverness,,,,False,False,False,False,,
2018-11-25,Inverness,,,,False,False,False,False,,
2018-11-26,Inverness,,,,False,False,False,False,,
2018-11-27,Inverness,,,,False,False,False,False,,
2018-11-28,Inverness,,,,False,False,False,False,,
2018-11-29,Inverness,,,,False,False,False,False,,
2018-11-30,Inverness,,,,False,False,False,False,,
2018-12-01,Inverness,9.938,9.938,V ugm-3 (GRAV EMFAB),False,False,False,False,9.938,
2018-12-02,Inverness,3.167,3.167,V ugm-3 (GRAV EMFAB),False,False,False,False,6.5525,4.787820015414114
2018-12-03,Inverness,,,V ugm-3 (GRAV EMFAB),False,False,False,False,6.5525,4.787820015414114
2018-12-04,Inverness,11.356,11.356,V ugm-3 (GRAV EMFAB),False,False,False,False,8.153666666666666,4.376392844950432
2018-12-05,Inverness,4.181,4.181,V ugm-3 (GRAV EMFAB),False,False,False,False,7.1605,4.088283625190405
2018-12-06,Inverness,3.294,3.294,V ugm-3 (GRAV EMFAB),False,False,False,False,6.3872,3.9402425940543306
2018-12-07,Inverness,1.25,1.25,V ugm-3 (GRAV EMFAB),False,False,False,False,5.531,4.101082783851114
2018-12-08,Inverness,,,,False,False,False,False,4.6495999999999995,3.8983464828052417
2018-12-09,Inverness,,,,False,False,False,False,5.02025,4.398514626174007
2018-12-10,Inverness,,,,False,False,False,False,5.02025,4.398514626174007
2018-12-11,Inverness,,,,False,False,False,False,2.908333333333333,1.5030782858298903
2018-12-12,Inverness,,,,False,False,False,False,2.272,1.4453262607452926
2018-12-13,Inverness,,,,False,False,False,False,1.25,
2018-12-14,Inverness,,,,False,False,False,False,,
2018-12-15,Inverness,,,,False,False,False,False,,
2018-12-16,Inverness,,,,False,False,False,False,,
2018-12-17,Inverness,,,,False,False,False,False,,
2018-12-18,Inverness,,,,False,False,False,False,,
2018-12-19,Inverness,,,,False,False,False,False,,
2018-12-20,Inverness,,,,False,False,False,False,,
2018-12-21,Inverness,,,,False,False,False,False,,
2018-12-22,Inverness,,,,False,False,False,False,,
2018-12-23,Inverness,,,,False,False,False,False,,
2018-12-24,Inverness,,,,False,False,False,False,,
2018-12-25,Inverness,,,,False,False,False,False,,
2018-12-26,Inverness,,,,False,False,False,False,,
2018-12-27,Inverness,,,,False,False,False,False,,
2018-12-28,Inverness,,,,False,False,False,False,,
2018-12-29,Inverness,,,,False,False,False,False,,
2018-12-30,Inverness,,,,False,False,False,False,,
2016-01-01,London Marylebone Road,8.958,8.958,V ugm-3 (GRAV EMFAB),False,False,False,False,8.958,
2016-01-02,London Marylebone Road,11.708,11.708,V ugm-3 (GRAV EMFAB),False,False,False,False,10.333,1.9445436482630056
2016-01-03,London Marylebone Road,12.0,12.0,V ugm-3 (GRAV EMFAB),False,False,False,False,10.888666666666666,1.6783686523923558
2016-01-04,London Marylebone Road,18.208,18.208,V ugm-3 (GRAV EMFAB),False,False,False,False,12.718499999999999,3.9078264632230866
2016-01-05,London Marylebone Road,8.75,8.75,V ugm-3 (GRAV EMFAB),False,False,False,False,11.9248,3.8214040875050097
2016-01-06,London Marylebone Road,3.75,3.75,V ugm-3 (GRAV EMFAB),False,False,False,False,10.562333333333333,4.777069799224904
2016-01-07,London Marylebone Road,11.862,11.862,V ugm-3 (GRAV EMFAB),False,False,False,False,10.748000000000001,4.388428116459621
2016-01-08,London Marylebone Road,11.967,11.967,V ugm-3 (GRAV EMFAB),False,False,False,False,11.177857142857144,4.330862671130369
2016-01-09,London Marylebone Road,13.347,13.347,V ugm-3 (GRAV EMFAB),False,False,False,False,11.412,4.40792086287099
2016-01-10,London Marylebone Road,9.625,9.625,V ugm-3 (GRAV EMFAB),False,False,False,False,11.072714285714286,4.446354675997171
2016-01-11,London Marylebone Road,28.333,28.333,V ugm-3 (GRAV EMFAB),False,False,False,False,12.519142857142857,7.648316708674561
2016-01-12,London Marylebone Road,42.125,42.125,V ugm-3 (GRAV EMFAB),True,True,False,False,17.287,13.254895938231027
2016-01-13,London Marylebone Road,12.667,12.667,V ugm-3 (GRAV EMFAB),False,False,False,False,18.56085714285714,12.116714659628538
2016-01-14,London Marylebone Road,7.167,7.167,V ugm-3 (GRAV EMFAB),False,False,False,False,17.890142857142855,12.666786851560152
2016-01-15,London Marylebone Road,7.292,7.292,V ugm-3 (GRAV EMFAB),False,False,False,False,17.222285714285714,13.145339563438263
2016-01-16,London Marylebone Road,13.5,13.5,V ugm-3 (GRAV EMFAB),False,False,False,False,17.244142857142858,13.137947206832726
2016-01-17,London Marylebone Road,9.458,9.458,V ugm-3 (GRAV EMFAB),False,False,False,False,17.220285714285716,13.154230241184592
2016-01-18,London Marylebone Road,13.375,13.375,V ugm-3 (GRAV EMFAB),False,False,False,False,15.083428571428572,12.230653660061714
2016-01-19,London Marylebone Road,32.292,32.292,V ugm-3 (GRAV EMFAB),True,True,False,False,13.678714285714287,8.646859964061825
2016-01-20,London Marylebone Road,46.333,46.333,V ugm-3 (GRAV EMFAB),True,True,False,False,18.488142857142858,15.010961055492876
2016-01-21,London Marylebone Road,29.458,29.458,V ugm-3 (GRAV EMFAB),False,False,False,False,21.672571428571427,14.566852232118677
2016-01-22,London Marylebone Road,19.289,19.289,V ugm-3 (GRAV EMFAB),False,False,False,False,23.38642857142857,13.23806719096035
2016-01-23,London Marylebone Road,16.583,16.583,V ugm-3 (GRAV EMFAB),False,False,False,False,23.826857142857143,12.901329820714494
2016-01-24,London Marylebone Road,11.925,11.925,V ugm-3 (GRAV EMFAB),False,False,False,False,24.179285714285715,12.469874186939302
2016-01-25,London Marylebone Road,12.092,12.092,V ugm-3 (GRAV EMFAB),False,False,False,False,23.996000000000002,12.663078246092715
2016-01-26,London Marylebone Road,10.293,10.293,V ugm-3 (GRAV EMFAB),False,False,False,False,20.85328571428571,12.986745328914983
2016-01-27,London Marylebone Road,7.958,7.958,V ugm-3 (GRAV EMFAB),False,False,False,False,15.371142857142857,7.287302276987723
2016-01-28,London Marylebone Road,12.417,12.417,V ugm-3 (GRAV EMFAB),False,False,False,False,12.936714285714286,3.8173063240233405
2016-01-29,London Marylebone Road,8.326,8.326,V ugm-3 (GRAV EMFAB),False,False,False,False,11.370571428571427,2.9202880484148
2016-01-30,London Marylebone Road,8.661,8.661,V ugm-3 (GRAV EMFAB),False,False,False,False,10.238857142857142,1.9311231126446937
2016-01-31,London Marylebone Road,9.417,9.417,V ugm-3 (GRAV EMFAB),False,False,False,False,9.880571428571429,1.7939346752453609
2016-02-01,London Marylebone Road,5.649,5.649,V ugm-3 (GRAV EMFAB),False,False,False,False,8.960142857142857,2.0974058920939807
2016-02-02,London Marylebone Road,12.708,12.708,V ugm-3 (GRAV EMFAB),False,False,False,False,9.305142857142856,2.5110229939589446
2016-02-03,London Marylebone Road,8.75,8.75,V ugm-3 (GRAV EMFAB),False,False,False,False,9.418285714285714,2.4574783630302766
2016-02-04,London Marylebone Road,20.167,20.167,V ugm-3 (GRAV EMFAB),False,False,False,False,10.525428571428572,4.729295467513916
2016-02-05,London Marylebone Road,8.25,8.25,V ugm-3 (GRAV EMFAB),False,False,False,False,10.51457142857143,4.735269751455314
2016-02-06,London Marylebone Road,6.833,6.833,V ugm-3 (GRAV EMFAB),False,False,False,False,10.253428571428572,4.901998737152803
2016-02-07,London Marylebone Road,9.438,9.438,V ugm-3 (GRAV EMFAB),False,False,False,False,10.256428571428572,4.901407922122752
2016-02-08,London Marylebone Road,13.473,13.473,V ugm-3 (GRAV EMFAB),False,False,False,False,11.374142857142857,4.555504634636048
2016-02-09,London Marylebone Road,13.042,13.042,V ugm-3 (GRAV EMFAB),False,False,False,False,11.421857142857144,4.573517443885378
2016-02-10,London Marylebone Road,6.958,6.958,V ugm-3 (GRAV EMFAB),False,False,False,False,11.165857142857144,4.7928908961979495
2016-02-11,London Marylebone Road,13.167,13.167,V ugm-3 (GRAV EMFAB),False,False,False,False,10.165857142857144,2.994851661800719
2016-02-12,London Marylebone Road,29.25,29.25,V ugm-3 (GRAV EMFAB),False,False,False,False,13.165857142857144,7.6523288269774765
2016-02-13,London Marylebone Road,,,V ugm-3 (GRAV EMFAB),False,False,False,False,14.221333333333334,7.8046083736896525
2016-02-14,London Marylebone Road,,,V ugm-3 (GRAV EMFAB),False,False,False,False,15.178,8.323208906425451
2016-02-15,London Marylebone Road,,,V ugm-3 (GRAV EMFAB),False,False,False,False,15.604249999999999,9.547590354813789
2016-02-16,London Marylebone Road,,,V ugm-3 (GRAV EMFAB),False,False,False,False,16.458333333333332,11.50469349149873
2016-02-17,London Marylebone Road,16.448,16.448,V ugm-3 (GRAV EMFAB),False,False,False,False,19.621666666666666,8.498225834451157
2016-02-18,London Marylebone Road,13.115,13.115,V ugm-3 (GRAV EMFAB),False,False,False,False,19.604333333333333,8.518003658917566
2016-02-19,London Marylebone Road,15.615,15.615,V ugm-3 (GRAV EMFAB),False,False,False,False,15.059333333333333,1.7345882316369177
2016-02-20,London Marylebone Road,9.531,9.531,V ugm-3 (GRAV EMFAB),False,False,False,False,13.67725,3.105878552573064
2016-02-21,London Marylebone Road,7.865,7.865,V ugm-3 (GRAV EMFAB),False,False,False,False,12.5148,3.7404961168272908
2016-02-22,London Marylebone Road,7.073,7.073,V ugm-3 (GRAV EMFAB),False,False,False,False,11.607833333333334,4.016040359192959
2016-02-23,London Marylebone Road,8.531,8.531,V ugm-3 (GRAV EMFAB),False,False,False,False,11.168285714285714,3.8461536940293075
2016-02-24,London Marylebone Road,20.24,20.24,V ugm-3 (GRAV EMFAB),False,False,False,False,11.709999999999999,4.849808003072565
2016-02-25,London Marylebone Road,20.333,20.333,V ugm-3 (GRAV EMFAB),False,False,False,False,12.741142857142858,5.860363197748398
2016-02-26,London Marylebone Road,22.208,22.208,V ugm-3 (GRAV EMFAB),False,False,False,False,13.682999999999998,6.846115760049635
2016-02-27,London Marylebone Road,18.292,18.292,V ugm-3 (GRAV EMFAB),False,False,False,False,14.934571428571429,6.760850115607818
2016-02-28,London Marylebone Road,4.5,4.5,V ugm-3 (GRAV EMFAB),False,False,False,False,14.453857142857142,7.433464903811038
2016-02-29,London Marylebone Road,8.25,8.25,V ugm-3 (GRAV EMFAB),False,False,False,False,14.622,7.249727466141972
2016-03-01,London Marylebone Road,6.833,6.833,V ugm-3 (GRAV EMFAB),False,False,False,False,14.379428571428571,7.511187696965613
2016-03-02,London Marylebone Road,8.542,8.542,V ugm-3 (GRAV EMFAB),False,False,False,False,12.708285714285713,7.287979708951943
2016-03-03,London Marylebone Road,8.75,8.75,V ugm-3 (GRAV EMFAB),False,False,False,False,11.053571428571429,6.545393949364776
2016-03-04,London Marylebone Road,21.583,21.583,V ugm-3 (GRAV EMFAB),False,False,False,False,10.964285714285714,6.36978384547665
2016-03-05,London Marylebone Road,7.292,7.292,V ugm-3 (GRAV EMFAB),False,False,False,False,9.392857142857142,5.567007706975438
2016-03-06,London Marylebone Road,8.458,8.458,V ugm-3 (GRAV EMFAB),False,False,False,False,9.958285714285713,5.174382240560574
2016-03-07,London Marylebone Road,9.436,9.436,V ugm-3 (GRAV EMFAB),False,False,False,False,10.127714285714287,5.128336140643343
2016-03-08,London Marylebone Road,11.213,11.213,V ugm-3 (GRAV EMFAB),False,False,False,False,10.753428571428572,4.922415797727204
2016-03-09,London Marylebone Road,11.292,11.292,V ugm-3 (GRAV EMFAB),False,False,False,False,11.146285714285714,4.825286682822962
2016-03-10,London Marylebone Road,11.667,11.667,V ugm-3 (GRAV EMFAB),False,False,False,False,11.563,4.708392365411648
2016-03-11,London Marylebone Road,26.833,26.833,V ugm-3 (GRAV EMFAB),False,False,False,False,12.313,6.606168228759139
2016-03-12,London Marylebone Road,10.833,10.833,V ugm-3 (GRAV EMFAB),False,False,False,False,12.818857142857143,6.285399362240804
2016-03-13,London Marylebone Road,33.75,33.75,V ugm-3 (GRAV EMFAB),True,True,False,False,16.432,9.701799901736438
2016-03-14,London Marylebone Road,19.25,19.25,V ugm-3 (GRAV EMFAB),False,False,False,False,17.834,9.219430640410128
2016-03-15,London Marylebone Road,17.042,17.042,V ugm-3 (GRAV EMFAB),False,False,False,False,18.666714285714285,8.774234434112278
2016-03-16,London Marylebone Road,15.667,15.667,V ugm-3 (GRAV EMFAB),False,False,False,False,19.291714285714285,8.304623606045908
2016-03-17,London Marylebone Road,26.167,26.167,V ugm-3 (GRAV EMFAB),False,False,False,False,21.363142857142858,7.883508217127918
2016-03-18,London Marylebone Road,10.167,10.167,V ugm-3 (GRAV EMFAB),False,False,False,False,18.982285714285716,8.452348031055923
2016-03-19,London Marylebone Road,5.792,5.792,V ugm-3 (GRAV EMFAB),False,False,False,False,18.262142857142855,9.421568012253775
2016-03-20,London Marylebone Road,5.375,5.375,V ugm-3 (GRAV EMFAB),False,False,False,False,14.20857142857143,7.569459532823167
2016-03-21,London Marylebone Road,13.75,13.75,V ugm-3 (GRAV EMFAB),False,False,False,False,13.422857142857143,7.237093832669096
2016-03-22,London Marylebone Road,16.917,16.917,V ugm-3 (GRAV EMFAB),False,False,False,False,13.405000000000001,7.226822376858767
2016-03-23,London Marylebone Road,25.625,25.625,V ugm-3 (GRAV EMFAB),False,False,False,False,14.82757142857143,8.596584202599358
2016-03-24,London Marylebone Road,24.333,24.333,V ugm-3 (GRAV EMFAB),False,False,False,False,14.56557142857143,8.21277037824108
2016-03-25,London Marylebone Road,10.544,10.544,V ugm-3 (GRAV EMFAB),False,False,False,False,14.619428571428573,8.180290191615912
2016-03-26,London Marylebone Road,10.083,10.083,V ugm-3 (GRAV EMFAB),False,False,False,False,15.232428571428573,7.544624926774964
2016-03-27,London Marylebone Road,7.458,7.458,V ugm-3 (GRAV EMFAB),False,False,False,False,15.530000000000001,7.120173125236012
2016-03-28,London Marylebone Road,7.458,7.458,V ugm-3 (GRAV EMFAB),False,False,False,False,14.631142857142859,7.751498423500045
2016-03-29,London Marylebone Road,11.042,11.042,V ugm-3 (GRAV EMFAB),False,False,False,False,13.791857142857143,7.780749394682819
2016-03-30,London Marylebone Road,12.208,12.208,V ugm-3 (GRAV EMFAB),False,False,False,False,11.875142857142858,5.773634685030779
2016-03-31,London Marylebone Road,9.5,9.5,V ugm-3 (GRAV EMFAB),False,False,False,False,9.756142857142859,1.780501654831366
2016-04-01,London Marylebone Road,9.916,9.916,V ugm-3 (GRAV EMFAB),False,False,False,False,9.666428571428572,1.7497433961530031
2016-04-02,London Marylebone Road,11.792,11.792,V ugm-3 (GRAV EMFAB),False,False,False,False,9.910571428571428,1.9277315560993016
2016-04-03,London Marylebone Road,11.5,11.5,V ugm-3 (GRAV EMFAB),False,False,False,False,10.488,1.6570105612216406
2016-04-04,London Marylebone Road,13.958,13.958,V ugm-3 (GRAV EMFAB),False,False,False,False,11.41657142857143,1.4887572957719808
2016-04-05,London Marylebone Road,14.792,14.792,V ugm-3 (GRAV EMFAB),False,False,False,False,11.952285714285713,1.9383272611787112
2016-04-06,London Marylebone Road,13.125,13.125,V ugm-3 (GRAV EMFAB),False,False,False,False,12.083285714285713,1.988819475156529
2016-04-07,London Marylebone Road,9.687,9.687,V ugm-3 (GRAV EMFAB),False,False,False,False,12.110000000000001,1.9491982112311341
2016-04-08,London Marylebone Road,10.921,10.921,V ugm-3 (GRAV EMFAB),False,False,False,False,12.253571428571428,1.7912769055567408
2016-04-09,London Marylebone Road,8.075,8.075,V ugm-3 (GRAV EMFAB),False,False,False,False,11.72257142857143,2.398809486470519
2016-04-10,London Marylebone Road,14.333,14.333,V ugm-3 (GRAV EMFAB),False,False,False,False,12.127285714285714,2.586631188391938
2016-04-11,London Marylebone Road,17.0,17.0,V ugm-3 (GRAV EMFAB),False,False,False,False,12.561857142857141,3.141491918848502
2016-04-12,London Marylebone Road,13.458,13.458,V ugm-3 (GRAV EMFAB),False,False,False,False,12.371285714285714,3.021841089704842
2016-04-13,London Marylebone Road,12.0,12.0,V ugm-3 (GRAV EMFAB),False,False,False,False,12.210571428571427,3.004943308236325
2016-04-14,London Marylebone Road,13.917,13.917,V ugm-3 (GRAV EMFAB),False,False,False,False,12.814857142857141,2.8332979269496352
2016-04-15,London Marylebone Road,9.875,9.875,V ugm-3 (GRAV EMFAB),False,False,False,False,12.665428571428572,2.9739206925730635
2016-04-16,London Marylebone Road,2.417,2.417,V ugm-3 (GRAV EMFAB),False,False,False,False,11.857142857142858,4.698407511365648
2016-04-17,London Marylebone Road,4.375,4.375,V ugm-3 (GRAV EMFAB),False,False,False,False,10.434571428571429,5.293656986027178
2016-04-18,London Marylebone Road,11.458,11.458,V ugm-3 (GRAV EMFAB),False,False,False,False,9.642857142857142,4.503548579678463
2016-04-19,London Marylebone Road,3.417,3.417,V ugm-3 (GRAV EMFAB),False,False,False,False,8.208428571428572,4.681427554964523
2016-04-20,London Marylebone Road,8.375,8.375,V ugm-3 (GRAV EMFAB),False,False,False,False,7.690571428571429,4.383094107178299
2016-04-21,London Marylebone Road,10.917,10.917,V ugm-3 (GRAV EMFAB),False,False,False,False,7.2620000000000005,3.777671196208964
2016-04-22,London Marylebone Road,7.625,7.625,V ugm-3 (GRAV EMFAB),False,False,False,False,6.940571428571429,3.6102997039554996
2016-04-23,London Marylebone Road,4.542,4.542,V ugm-3 (GRAV EMFAB),False,False,False,False,7.244142857142856,3.2365346915372326
2016-04-24,London Marylebone Road,5.625,5.625,V ugm-3 (GRAV EMFAB),False,False,False,False,7.422714285714285,3.0826765812783696
2016-04-25,London Marylebone Road,8.333,8.333,V ugm-3 (GRAV EMFAB),False,False,False,False,6.976285714285715,2.587385083714595
2016-04-26,London Marylebone Road,3.417,3.417,V ugm-3 (GRAV EMFAB),False,False,False,False,6.976285714285714,2.587385083714595
2016-04-27,London Marylebone Road,8.708,8.708,V ugm-3 (GRAV EMFAB),False,False,False,False,7.0238571428571435,2.6202404742422694
2016-04-28,London Marylebone Road,12.625,12.625,V ugm-3 (GRAV EMFAB),False,False,False,False,7.267857142857143,3.082029873777563
2016-04-29,London Marylebone Road,13.264,13.264,V ugm-3 (GRAV EMFAB),False,False,False,False,8.07342857142857,3.83573134517801
2016-04-30,London Marylebone Road,5.208,5.208,V ugm-3 (GRAV EMFAB),False,False,False,False,8.168571428571429,3.7406179907043575
2016-05-01,London Marylebone Road,12.708,12.708,V ugm-3 (GRAV EMFAB),False,False,False,False,9.180428571428573,3.892792693219233
2016-05-02,London Marylebone Road,11.875,11.875,V ugm-3 (GRAV EMFAB),False,False,False,False,9.686428571428573,3.9931887365505725
2016-05-03,London Marylebone Road,9.167,9.167,V ugm-3 (GRAV EMFAB),False,False,False,False,10.507857142857144,2.941490406158728
2016-05-04,London Marylebone Road,10.125,10.125,V ugm-3 (GRAV EMFAB),False,False,False,False,10.710285714285716,2.8441298443335157
2016-05-05,London Marylebone Road,22.762,22.762,V ugm-3 (GRAV EMFAB),False,False,False,False,12.158428571428573,5.407283817751222
2016-05-06,London Marylebone Road,14.017,14.017,V ugm-3 (GRAV EMFAB),False,False,False,False,12.266,5.4403325266016545
2016-05-07,London Marylebone Road,5.084,5.084,V ugm-3 (GRAV EMFAB),False,False,False,False,12.248285714285714,5.467279509783196
2016-05-08,London Marylebone Road,9.163,9.163,V ugm-3 (GRAV EMFAB),False,False,False,False,11.741857142857143,5.580609776376632
2016-05-09,London Marylebone Road,13.18,13.18,V ugm-3 (GRAV EMFAB),False,False,False,False,11.928285714285712,5.607531712327792
2016-05-10,London Marylebone Road,9.417,9.417,V ugm-3 (GRAV EMFAB),False,False,False,False,11.963999999999999,5.587775347428821
2016-05-11,London Marylebone Road,15.75,15.75,V ugm-3 (GRAV EMFAB),False,False,False,False,12.767571428571427,5.682886380972923
2016-05-12,London Marylebone Road,39.833,39.833,V ugm-3 (GRAV EMFAB),True,True,False,False,15.206285714285713,11.436700539845178
2016-05-13,London Marylebone Road,13.0,13.0,V ugm-3 (GRAV EMFAB),False,False,False,False,15.060999999999998,11.460760998584101
2016-05-14,London Marylebone Road,6.458,6.458,V ugm-3 (GRAV EMFAB),False,False,False,False,15.257285714285713,11.271613604009632
2016-05-15,London Marylebone Road,10.084,10.084,V ugm-3 (GRAV EMFAB),False,False,False,False,15.388857142857143,11.19372613607835
2016-05-16,London Marylebone Road,11.292,11.292,V ugm-3 (GRAV EMFAB),False,False,False,False,15.119142857142858,11.278245998803342
2016-05-17,London Marylebone Road,13.583,13.583,V ugm-3 (GRAV EMFAB),False,False,False,False,15.714285714285714,11.03448332447401
2016-05-18,London Marylebone Road,10.375,10.375,V ugm-3 (GRAV EMFAB),False,False,False,False,14.946428571428571,11.21708813755665
2016-05-19,London Marylebone Road,11.339,11.339,V ugm-3 (GRAV EMFAB),False,False,False,False,10.875857142857143,2.331796119487553
2016-05-20,London Marylebone Road,12.176,12.176,V ugm-3 (GRAV EMFAB),False,False,False,False,10.758142857142857,2.2250479716605107
2016-05-21,London Marylebone Road,9.707,9.707,V ugm-3 (GRAV EMFAB),False,False,False,False,11.222285714285714,1.3423054439142945
2016-05-22,London Marylebone Road,5.625,5.625,V ugm-3 (GRAV EMFAB),False,False,False,False,10.585285714285714,2.5167516573476196
2016-05-23,London Marylebone Road,3.933,3.933,V ugm-3 (GRAV EMFAB),False,False,False,False,9.534,3.5123895474923454
2016-05-24,London Marylebone Road,3.833,3.833,V ugm-3 (GRAV EMFAB),False,False,False,False,8.141142857142857,3.5718325095377463
2016-05-25,London Marylebone Road,6.333,6.333,V ugm-3 (GRAV EMFAB),False,False,False,False,7.563714285714285,3.475946428158646
2016-05-26,London Marylebone Road,13.125,13.125,V ugm-3 (GRAV EMFAB),False,False,False,False,7.8188571428571425,3.845184279440636
2016-05-27,London Marylebone Road,14.477,14.477,V ugm-3 (GRAV EMFAB),False,False,False,False,8.147571428571428,4.345542806798078
2016-05-28,London Marylebone Road,14.31,14.31,V ugm-3 (GRAV EMFAB),False,False,False,False,8.805142857142856,4.929830302304939
2016-05-29,London Marylebone Road,8.25,8.25,V ugm-3 (GRAV EMFAB),False,False,False,False,9.180142857142856,4.743941063032295
2016-05-30,London Marylebone Road,4.958,4.958,V ugm-3 (GRAV EMFAB),False,False,False,False,9.326571428571429,4.56752583853824
2016-05-31,London Marylebone Road,3.958,3.958,V ugm-3 (GRAV EMFAB),False,False,False,False,9.34442857142857,4.542645222670133
2016-06-01,London Marylebone Road,19.917,19.917,V ugm-3 (GRAV EMFAB),False,False,False,False,11.285,5.775863514084572
2016-06-02,London Marylebone Road,10.126,10.126,V ugm-3 (GRAV EMFAB),False,False,False,False,10.85657142857143,5.7276583306252675
2016-06-03,London Marylebone Road,8.333,8.333,V ugm-3 (GRAV EMFAB),False,False,False,False,9.978857142857143,5.548342888604123
2016-06-04,London Marylebone Road,10.625,10.625,V ugm-3 (GRAV EMFAB),False,False,False,False,9.452428571428571,5.234874492514707
2016-06-05,London Marylebone Road,22.708,22.708,V ugm-3 (GRAV EMFAB),False,False,False,False,11.517857142857142,7.174327365186034
2016-06-06,London Marylebone Road,13.933,13.933,V ugm-3 (GRAV EMFAB),False,False,False,False,12.799999999999999,6.58432223796294
2016-06-07,London Marylebone Road,5.795,5.795,V ugm-3 (GRAV EMFAB),False,False,False,False,13.06242857142857,6.198477981384965
2016-06-08,London Marylebone Road,8.368,8.368,V ugm-3 (GRAV EMFAB),False,False,False,False,11.412571428571429,5.575617838922814
2016-06-09,London Marylebone Road,13.64,13.64,V ugm-3 (GRAV EMFAB),False,False,False,False,11.914571428571426,5.5986193195924905
2016-06-10,London Marylebone Road,7.792,7.792,V ugm-3 (GRAV EMFAB),False,False,False,False,11.837285714285713,5.659701986096845
2016-06-11,London Marylebone Road,11.75,11.75,V ugm-3 (GRAV EMFAB),False,False,False,False,11.998,5.635461205615739
2016-06-12,London Marylebone Road,48.083,48.083,V ugm-3 (GRAV EMFAB),True,True,False,False,15.623,14.640066529903471
2016-06-13,London Marylebone Road,12.469,12.469,V ugm-3 (GRAV EMFAB),False,False,False,False,15.413857142857143,14.678639349165065
2016-06-14,London Marylebone Road,14.937,14.937,V ugm-3 (GRAV EMFAB),False,False,False,False,16.719857142857144,14.07444638850342
2016-06-15,London Marylebone Road,13.18,13.18,V ugm-3 (GRAV EMFAB),False,False,False,False,17.407285714285713,13.711366400597292
2016-06-16,London Marylebone Road,11.506,11.506,V ugm-3 (GRAV EMFAB),False,False,False,False,17.10242857142857,13.83227854039411
2016-06-17,London Marylebone Road,8.326,8.326,V ugm-3 (GRAV EMFAB),False,False,False,False,17.178714285714285,13.773721715816741
2016-06-18,London Marylebone Road,7.5,7.5,V ugm-3 (GRAV EMFAB),False,False,False,False,16.571571428571428,14.14165639587695
2016-06-19,London Marylebone Road,11.548,11.548,V ugm-3 (GRAV EMFAB),False,False,False,False,11.352285714285715,2.6298989026377675
2016-06-20,London Marylebone Road,10.418,10.418,V ugm-3 (GRAV EMFAB),False,False,False,False,11.059285714285712,2.59881721264925
2016-06-21,London Marylebone Road,13.054,13.054,V ugm-3 (GRAV EMFAB),False,False,False,False,10.790285714285714,2.1969219159455884
2016-06-22,London Marylebone Road,15.458,15.458,V ugm-3 (GRAV EMFAB),False,False,False,False,11.115714285714287,2.7170539017034643
2016-06-23,London Marylebone Road,15.858,15.858,V ugm-3 (GRAV EMFAB),False,False,False,False,11.737428571428572,3.26408592907433
2016-06-24,London Marylebone Road,14.142,14.142,V ugm-3 (GRAV EMFAB),False,False,False,False,12.568285714285716,2.9787412170403917
2016-06-25,London Marylebone Road,6.695,6.695,V ugm-3 (GRAV EMFAB),False,False,False,False,12.453285714285714,3.213326039805995
2016-06-26,London Marylebone Road,8.41,8.41,V ugm-3 (GRAV EMFAB),False,False,False,False,12.005,3.56077430717909
2016-06-27,London Marylebone Road,4.393,4.393,V ugm-3 (GRAV EMFAB),False,False,False,False,11.144285714285715,4.588261352418293
2016-06-28,London Marylebone Road,14.174,14.174,V ugm-3 (GRAV EMFAB),False,False,False,False,11.304285714285713,4.684474595735933
2016-06-29,London Marylebone Road,12.803,12.803,V ugm-3 (GRAV EMFAB),False,False,False,False,10.924999999999999,4.390360881142549
2016-06-30,London Marylebone Road,12.113,12.113,V ugm-3 (GRAV EMFAB),False,False,False,False,10.39,3.8885492581853045
2016-07-01,London Marylebone Road,7.95,7.95,V ugm-3 (GRAV EMFAB),False,False,False,False,9.50542857142857,3.5852410824166085
2016-07-02,London Marylebone Road,7.708,7.708,V ugm-3 (GRAV EMFAB),False,False,False,False,9.650142857142857,3.471535847842757
2016-07-03,London Marylebone Road,7.5,7.5,V ugm-3 (GRAV EMFAB),False,False,False,False,9.520142857142858,3.542038651613504
2016-07-04,London Marylebone Road,8.875,8.875,V ugm-3 (GRAV EMFAB),False,False,False,False,10.160428571428572,2.7849321270690086
2016-07-05,London Marylebone Road,21.381,21.381,V ugm-3 (GRAV EMFAB),False,False,False,False,11.19,4.981757186642758
2016-07-06,London Marylebone Road,19.707,19.707,V ugm-3 (GRAV EMFAB),False,False,False,False,12.176285714285715,5.944684340212015
2016-07-07,London Marylebone Road,13.703,13.703,V ugm-3 (GRAV EMFAB),False,False,False,False,12.403428571428574,5.972176120899956
2016-07-08,London Marylebone Road,8.201,8.201,V ugm-3 (GRAV EMFAB),False,False,False,False,12.439285714285715,5.941656691369442
2016-07-09,London Marylebone Road,13.766,13.766,V ugm-3 (GRAV EMFAB),False,False,False,False,13.304714285714287,5.567046575288243
2016-07-10,London Marylebone Road,9.542,9.542,V ugm-3 (GRAV EMFAB),False,False,False,False,13.596428571428573,5.2570536062558455
2016-07-11,London Marylebone Road,3.458,3.458,V ugm-3 (GRAV EMFAB),False,False,False,False,12.82257142857143,6.352473766367002
2016-07-12,London Marylebone Road,30.917,30.917,V ugm-3 (GRAV EMFAB),False,False,False,False,14.184857142857144,8.974913433724979
2016-07-13,London Marylebone Road,,,V ugm-3 (GRAV EMFAB),False,False,False,False,13.2645,9.462748242450498
2016-07-14,London Marylebone Road,,,V ugm-3 (GRAV EMFAB),False,False,False,False,13.176800000000004,10.576947607887638
2016-07-15,London Marylebone Road,,,V ugm-3 (GRAV EMFAB),False,False,False,False,14.420750000000002,11.78330811996359
2016-07-16,London Marylebone Road,,,V ugm-3 (GRAV EMFAB),False,False,False,False,14.639000000000003,14.421640926052754
2016-07-17,London Marylebone Road,,,V ugm-3 (GRAV EMFAB),False,False,False,False,17.187500000000004,19.416445104601372
2016-07-18,London Marylebone Road,,,V ugm-3 (GRAV EMFAB),False,False,False,False,30.917,
2016-07-19,London Marylebone Road,14.519,14.519,V ugm-3 (GRAV EMFAB),False,False,False,False,14.519,
2016-07-20,London Marylebone Road,16.318,16.318,V ugm-3 (GRAV EMFAB),False,False,False,False,15.418500000000002,1.2720850993545991
2016-07-21,London Marylebone Road,8.117,8.117,V ugm-3 (GRAV EMFAB),False,False,False,False,12.984666666666667,4.310421595776141
2016-07-22,London Marylebone Road,13.724,13.724,V ugm-3 (GRAV EMFAB),False,False,False,False,13.1695,3.53880530687971
2016-07-23,London Marylebone Road,13.347,13.347,V ugm-3 (GRAV EMFAB),False,False,False,False,13.205000000000002,3.0657231610176416
2016-07-24,London Marylebone Road,11.381,11.381,V ugm-3 (GRAV EMFAB),False,False,False,False,12.901000000000002,2.8413769197345147
2016-07-25,London Marylebone Road,8.159,8.159,V ugm-3 (GRAV EMFAB),False,False,False,False,12.223571428571429,3.152811224771889
2016-07-26,London Marylebone Road,15.816,15.816,V ugm-3 (GRAV EMFAB),False,False,False,False,12.408857142857142,3.3425924783303262
2016-07-27,London Marylebone Road,12.092,12.092,V ugm-3 (GRAV EMFAB),False,False,False,False,11.805142857142856,2.8666255091176116
2016-07-28,London Marylebone Road,11.172,11.172,V ugm-3 (GRAV EMFAB),False,False,False,False,12.24157142857143,2.407295637372835
2016-07-29,London Marylebone Road,12.008,12.008,V ugm-3 (GRAV EMFAB),False,False,False,False,11.996428571428572,2.316848783523492
2016-07-30,London Marylebone Road,7.95,7.95,V ugm-3 (GRAV EMFAB),False,False,False,False,11.225428571428571,2.6644318879855584
2016-07-31,London Marylebone Road,5.9,5.9,V ugm-3 (GRAV EMFAB),False,False,False,False,10.44242857142857,3.3326552905625104
2016-08-01,London Marylebone Road,12.385,12.385,V ugm-3 (GRAV EMFAB),False,False,False,False,11.046142857142856,3.2312997606005456
2016-08-02,London Marylebone Road,11.458,11.458,V ugm-3 (GRAV EMFAB),False,False,False,False,10.423571428571426,2.495085560132349
2016-08-03,London Marylebone Road,17.125,17.125,V ugm-3 (GRAV EMFAB),False,False,False,False,11.142571428571427,3.55573423534169
2016-08-04,London Marylebone Road,11.208,11.208,V ugm-3 (GRAV EMFAB),False,False,False,False,11.147714285714287,3.5558099271607917
2016-08-05,London Marylebone Road,17.364,17.364,V ugm-3 (GRAV EMFAB),False,False,False,False,11.912857142857145,4.275252757774345
2016-08-06,London Marylebone Road,17.657,17.657,V ugm-3 (GRAV EMFAB),False,False,False,False,13.29957142857143,4.3492685537203775
2016-08-07,London Marylebone Road,11.109,11.109,V ugm-3 (GRAV EMFAB),False,False,False,False,14.043714285714286,3.1534512159582486
2016-08-08,London Marylebone Road,7.364,7.364,V ugm-3 (GRAV EMFAB),False,False,False,False,13.32642857142857,4.040034771184642
2016-08-09,London Marylebone Road,13.431,13.431,V ugm-3 (GRAV EMFAB),False,False,False,False,13.608285714285714,3.955904688533572
2016-08-10,London Marylebone Road,6.0,6.0,V ugm-3 (GRAV EMFAB),False,False,False,False,12.019000000000002,4.504313118186464
2016-08-11,London Marylebone Road,19.333,19.333,V ugm-3 (GRAV EMFAB),False,False,False,False,13.179714285714285,5.246254083130353
2016-08-12,London Marylebone Road,26.583,26.583,V ugm-3 (GRAV EMFAB),False,False,False,False,14.496714285714287,7.2472694792426395
2016-08-13,London Marylebone Road,8.703,8.703,V ugm-3 (GRAV EMFAB),False,False,False,False,13.217571428571429,7.3853883187715725
2016-08-14,London Marylebone Road,5.607,5.607,V ugm-3 (GRAV EMFAB),False,False,False,False,12.431571428571429,7.9205841084510675
2016-08-15,London Marylebone Road,8.368,8.368,V ugm-3 (GRAV EMFAB),False,False,False,False,12.575,7.822001512826921
2016-08-16,London Marylebone Road,9.414,9.414,V ugm-3 (GRAV EMFAB),False,False,False,False,12.001142857142856,7.895739851940652
2016-08-17,London Marylebone Road,16.234,16.234,V ugm-3 (GRAV EMFAB),False,False,False,False,13.463142857142856,7.538760981942398
2016-08-18,London Marylebone Road,12.803,12.803,V ugm-3 (GRAV EMFAB),False,False,False,False,12.530285714285714,7.081507742335801
2016-08-19,London Marylebone Road,19.625,19.625,V ugm-3 (GRAV EMFAB),False,False,False,False,11.536285714285714,4.946824763228957
2016-08-20,London Marylebone Road,12.008,12.008,V ugm-3 (GRAV EMFAB),False,False,False,False,12.00842857142857,4.786457035467982
2016-08-21,London Marylebone Road,8.87,8.87,V ugm-3 (GRAV EMFAB),False,False,False,False,12.474571428571428,4.179542393498074
2016-08-22,London Marylebone Road,13.18,13.18,V ugm-3 (GRAV EMFAB),False,False,False,False,13.162,3.7669006269522582
2016-08-23,London Marylebone Road,13.891,13.891,V ugm-3 (GRAV EMFAB),False,False,False,False,13.80157142857143,3.385208455282225
2016-08-24,London Marylebone Road,16.904,16.904,V ugm-3 (GRAV EMFAB),False,False,False,False,13.897285714285715,3.473759812954145
2016-08-25,London Marylebone Road,14.812,14.812,V ugm-3 (GRAV EMFAB),False,False,False,False,14.184285714285712,3.451200308795267
2016-08-26,London Marylebone Road,8.954,8.954,V ugm-3 (GRAV EMFAB),False,False,False,False,12.659857142857144,2.970747404754757
2016-08-27,London Marylebone Road,13.598,13.598,V ugm-3 (GRAV EMFAB),False,False,False,False,12.887,2.973384098968712
2016-08-28,London Marylebone Road,11.088,11.088,V ugm-3 (GRAV EMFAB),False,False,False,False,13.203857142857142,2.5639618060449187
2016-08-29,London Marylebone Road,6.695,6.695,V ugm-3 (GRAV EMFAB),False,False,False,False,12.277428571428572,3.5543439083813477
2016-08-30,London Marylebone Road,15.021,15.021,V ugm-3 (GRAV EMFAB),False,False,False,False,12.438857142857144,3.663816790751204
2016-08-31,London Marylebone Road,12.05,12.05,V ugm-3 (GRAV EMFAB),False,False,False,False,11.745428571428572,3.092709915114509
2016-09-01,London Marylebone Road,7.322,7.322,V ugm-3 (GRAV EMFAB),False,False,False,False,10.675428571428572,3.150071102750051
2016-09-02,London Marylebone Road,11.375,11.375,V ugm-3 (GRAV EMFAB),False,False,False,False,11.021285714285714,3.061221200451743
2016-09-03,London Marylebone Road,10.667,10.667,V ugm-3 (GRAV EMFAB),False,False,False,False,10.602571428571428,2.8426883319106446
2016-09-04,London Marylebone Road,7.125,7.125,V ugm-3 (GRAV EMFAB),False,False,False,False,10.036428571428573,3.1117920805190247
2016-09-05,London Marylebone Road,20.251,20.251,V ugm-3 (GRAV EMFAB),False,False,False,False,11.973,4.564713609125255
2016-09-06,London Marylebone Road,14.184,14.184,V ugm-3 (GRAV EMFAB),False,False,False,False,11.853428571428571,4.481774159754996
2016-09-07,London Marylebone Road,10.356,10.356,V ugm-3 (GRAV EMFAB),False,False,False,False,11.611428571428572,4.515002800188973
2016-09-08,London Marylebone Road,7.866,7.866,V ugm-3 (GRAV EMFAB),False,False,False,False,11.689142857142858,4.432799394986249
2016-09-09,London Marylebone Road,12.971,12.971,V ugm-3 (GRAV EMFAB),False,False,False,False,11.917142857142858,4.454938212387514
2016-09-10,London Marylebone Road,5.125,5.125,V ugm-3 (GRAV EMFAB),False,False,False,False,11.125428571428571,5.152046740766974
2016-09-11,London Marylebone Road,8.542,8.542,V ugm-3 (GRAV EMFAB),False,False,False,False,11.327857142857143,4.9940856162922485
2016-09-12,London Marylebone Road,26.667,26.667,V ugm-3 (GRAV EMFAB),False,False,False,False,12.244428571428571,7.064364204869934
2016-09-13,London Marylebone Road,16.736,16.736,V ugm-3 (GRAV EMFAB),False,False,False,False,12.609,7.2446916198459865
2016-09-14,London Marylebone Road,18.745,18.745,V ugm-3 (GRAV EMFAB),False,False,False,False,13.807428571428574,7.499268961197549
2016-09-15,London Marylebone Road,18.368,18.368,V ugm-3 (GRAV EMFAB),False,False,False,False,15.307714285714285,7.1551432250814235
2016-09-16,London Marylebone Road,7.083,7.083,V ugm-3 (GRAV EMFAB),False,False,False,False,14.466571428571429,7.793260867722892
2016-09-17,London Marylebone Road,5.314,5.314,V ugm-3 (GRAV EMFAB),False,False,False,False,14.493571428571428,7.7557397424346926
2016-09-18,London Marylebone Road,7.113,7.113,V ugm-3 (GRAV EMFAB),False,False,False,False,14.289428571428571,7.954756498622754
2016-09-19,London Marylebone Road,12.343,12.343,V ugm-3 (GRAV EMFAB),False,False,False,False,12.243142857142857,5.787086469850245
2016-09-20,London Marylebone Road,8.5,8.5,V ugm-3 (GRAV EMFAB),False,False,False,False,11.066571428571427,5.553937487859183
2016-09-21,London Marylebone Road,17.615,17.615,V ugm-3 (GRAV EMFAB),False,False,False,False,10.905142857142858,5.304378173690462
2016-09-22,London Marylebone Road,17.083,17.083,V ugm-3 (GRAV EMFAB),False,False,False,False,10.721571428571428,5.017541890113879
2016-09-23,London Marylebone Road,13.724,13.724,V ugm-3 (GRAV EMFAB),False,False,False,False,11.670285714285715,4.83958199690447
2016-09-24,London Marylebone Road,13.054,13.054,V ugm-3 (GRAV EMFAB),False,False,False,False,12.776,3.947222483384146
2016-09-25,London Marylebone Road,11.083,11.083,V ugm-3 (GRAV EMFAB),False,False,False,False,13.343142857142857,3.215289381925644
2016-09-26,London Marylebone Road,14.208,14.208,V ugm-3 (GRAV EMFAB),False,False,False,False,13.609571428571428,3.195812826034654
2016-09-27,London Marylebone Road,13.542,13.542,V ugm-3 (GRAV EMFAB),False,False,False,False,14.329857142857142,2.292905102598841
2016-09-28,London Marylebone Road,17.071,17.071,V ugm-3 (GRAV EMFAB),False,False,False,False,14.252142857142857,2.168867095096071
2016-09-29,London Marylebone Road,12.385,12.385,V ugm-3 (GRAV EMFAB),False,False,False,False,13.581000000000001,1.8503759978267447
2016-09-30,London Marylebone Road,15.523,15.523,V ugm-3 (GRAV EMFAB),False,False,False,False,13.838,1.9929843618720786
2016-10-01,London Marylebone Road,7.292,7.292,V ugm-3 (GRAV EMFAB),False,False,False,False,13.014857142857142,3.1969889702954024
2016-10-02,London Marylebone Road,9.958,9.958,V ugm-3 (GRAV EMFAB),False,False,False,False,12.854142857142858,3.3355641915859535
2016-10-03,London Marylebone Road,25.792,25.792,V ugm-3 (GRAV EMFAB),False,False,False,False,14.509,5.960163364651454
2016-10-04,London Marylebone Road,5.125,5.125,V ugm-3 (GRAV EMFAB),False,False,False,False,13.306571428571429,6.953953428497654
2016-10-05,London Marylebone Road,23.917,23.917,V ugm-3 (GRAV EMFAB),False,False,False,False,14.284571428571429,7.97767398968611
2016-10-06,London Marylebone Road,17.866,17.866,V ugm-3 (GRAV EMFAB),False,False,False,False,15.067571428571428,8.028971807505261
2016-10-07,London Marylebone Road,8.557,8.557,V ugm-3 (GRAV EMFAB),False,False,False,False,14.072428571428572,8.386837800131483
2016-10-08,London Marylebone Road,7.625,7.625,V ugm-3 (GRAV EMFAB),False,False,False,False,14.120000000000001,8.342797012992705
2016-10-09,London Marylebone Road,12.008,12.008,V ugm-3 (GRAV EMFAB),False,False,False,False,14.412857142857144,8.20722765673792
2016-10-10,London Marylebone Road,5.833,5.833,V ugm-3 (GRAV EMFAB),False,False,False,False,11.561571428571428,6.9686411840746185
2016-10-11,London Marylebone Road,13.583,13.583,V ugm-3 (GRAV EMFAB),False,False,False,False,12.769857142857143,6.374543132088536
2016-10-12,London Marylebone Road,19.333,19.333,V ugm-3 (GRAV EMFAB),False,False,False,False,12.115,5.157890169439433
2016-10-13,London Marylebone Road,11.125,11.125,V ugm-3 (GRAV EMFAB),False,False,False,False,11.152,4.491427056070257
2016-10-14,London Marylebone Road,15.833,15.833,V ugm-3 (GRAV EMFAB),False,False,False,False,12.191428571428572,4.630557124765252
2016-10-15,London Marylebone Road,16.708,16.708,V ugm-3 (GRAV EMFAB),False,False,False,False,13.489,4.404801584634655
2016-10-16,London Marylebone Road,10.921,10.921,V ugm-3 (GRAV EMFAB),False,False,False,False,13.333714285714285,4.484159702563593
2016-10-17,London Marylebone Road,14.75,14.75,V ugm-3 (GRAV EMFAB),False,False,False,False,14.607571428571429,3.02853913392485
2016-10-18,London Marylebone Road,8.25,8.25,V ugm-3 (GRAV EMFAB),False,False,False,False,13.845714285714285,3.8802551339779043
2016-10-19,London Marylebone Road,5.583,5.583,V ugm-3 (GRAV EMFAB),False,False,False,False,11.88142857142857,4.112815210094043
2016-10-20,London Marylebone Road,6.083,6.083,V ugm-3 (GRAV EMFAB),False,False,False,False,11.161142857142854,4.670999230306482
2016-10-21,London Marylebone Road,7.25,7.25,V ugm-3 (GRAV EMFAB),False,False,False,False,9.935,4.356149063871275
2016-10-22,London Marylebone Road,8.708,8.708,V ugm-3 (GRAV EMFAB),False,False,False,False,8.792142857142858,3.171365396196151
2016-10-23,London Marylebone Road,12.929,12.929,V ugm-3 (GRAV EMFAB),False,False,False,False,9.078999999999999,3.4725326012388376
2016-10-24,London Marylebone Road,15.188,15.188,V ugm-3 (GRAV EMFAB),False,False,False,False,9.141571428571428,3.593585250467958
2016-10-25,London Marylebone Road,26.083,26.083,V ugm-3 (GRAV EMFAB),False,False,False,False,11.689142857142857,7.283192876492453
2016-10-26,London Marylebone Road,23.333,23.333,V ugm-3 (GRAV EMFAB),False,False,False,False,14.224857142857143,7.8692957208925085
2016-10-27,London Marylebone Road,19.205,19.205,V ugm-3 (GRAV EMFAB),False,False,False,False,16.09942857142857,7.13522657563965
2016-10-28,London Marylebone Road,15.292,15.292,V ugm-3 (GRAV EMFAB),False,False,False,False,17.248285714285714,6.035577788256507
2016-10-29,London Marylebone Road,26.583,26.583,V ugm-3 (GRAV EMFAB),False,False,False,False,19.80185714285714,5.584569766435962
2016-10-30,London Marylebone Road,42.5,42.5,V ugm-3 (GRAV EMFAB),True,True,False,False,24.026285714285713,9.400119355878529
2016-10-31,London Marylebone Road,60.292,60.292,V ugm-3 (GRAV EMFAB),True,True,False,False,30.469714285714282,15.687764868566491
2016-11-01,London Marylebone Road,10.75,10.75,V ugm-3 (GRAV EMFAB),False,False,False,False,28.279285714285713,17.38137809759137
2016-11-02,London Marylebone Road,,,V ugm-3 (GRAV EMFAB),False,False,False,False,29.10366666666667,18.889840980449442
2016-11-03,London Marylebone Road,51.333,51.333,V ugm-3 (GRAV EMFAB),True,True,False,False,34.458333333333336,20.041234439691266
2016-11-04,London Marylebone Road,25.292,25.292,V ugm-3 (GRAV EMFAB),False,False,False,False,36.125,18.483841895017406
2016-11-05,London Marylebone Road,24.958,24.958,V ugm-3 (GRAV EMFAB),False,False,False,False,35.854166666666664,18.66265831457746
2016-11-06,London Marylebone Road,16.569,16.569,V ugm-3 (GRAV EMFAB),False,False,False,False,31.53233333333333,19.784616090959844
2016-11-07,London Marylebone Road,18.39,18.39,V ugm-3 (GRAV EMFAB),False,False,False,False,24.548666666666666,14.213571453602613
2016-11-08,London Marylebone Road,9.198,9.198,V ugm-3 (GRAV EMFAB),False,False,False,False,24.290000000000003,14.525607608633809
2016-11-09,London Marylebone Road,11.799,11.799,V ugm-3 (GRAV EMFAB),False,False,False,False,22.505571428571425,14.075405060567455
2016-11-10,London Marylebone Road,9.292,9.292,V ugm-3 (GRAV EMFAB),False,False,False,False,16.499714285714287,6.828710925552656
2016-11-11,London Marylebone Road,19.042,19.042,V ugm-3 (GRAV EMFAB),False,False,False,False,15.606857142857141,5.821888709246977
2016-11-12,London Marylebone Road,16.875,16.875,V ugm-3 (GRAV EMFAB),False,False,False,False,14.452142857142857,4.246510074110751
2016-11-13,London Marylebone Road,9.958,9.958,V ugm-3 (GRAV EMFAB),False,False,False,False,13.507714285714286,4.428500600816134
2016-11-14,London Marylebone Road,22.125,22.125,V ugm-3 (GRAV EMFAB),False,False,False,False,14.041285714285712,5.261459167515116
2016-11-15,London Marylebone Road,15.774,15.774,V ugm-3 (GRAV EMFAB),False,False,False,False,14.980714285714285,4.821218992270405
2016-11-16,London Marylebone Road,14.125,14.125,V ugm-3 (GRAV EMFAB),False,False,False,False,15.312999999999999,4.642214988558834
2016-11-17,London Marylebone Road,13.222,13.222,V ugm-3 (GRAV EMFAB),False,False,False,False,15.87442857142857,3.983599413308846
2016-11-18,London Marylebone Road,13.75,13.75,V ugm-3 (GRAV EMFAB),False,False,False,False,15.118428571428572,3.7791824890728125
2016-11-19,London Marylebone Road,12.25,12.25,V ugm-3 (GRAV EMFAB),False,False,False,False,14.457714285714287,3.824915193582144
2016-11-20,London Marylebone Road,8.917,8.917,V ugm-3 (GRAV EMFAB),False,False,False,False,14.309,4.0430420065424695
2016-11-21,London Marylebone Road,10.0,10.0,V ugm-3 (GRAV EMFAB),False,False,False,False,12.576857142857145,2.3997404323921
2016-11-22,London Marylebone Road,11.125,11.125,V ugm-3 (GRAV EMFAB),False,False,False,False,11.912714285714287,1.972776868130009
2016-11-23,London Marylebone Road,10.5,10.5,V ugm-3 (GRAV EMFAB),False,False,False,False,11.394857142857145,1.7595175881068696
2016-11-24,London Marylebone Road,5.458,5.458,V ugm-3 (GRAV EMFAB),False,False,False,False,10.285714285714286,2.6417118638164983
2016-11-25,London Marylebone Road,5.25,5.25,V ugm-3 (GRAV EMFAB),False,False,False,False,9.071428571428571,2.7357985949958397
2016-11-26,London Marylebone Road,11.708,11.708,V ugm-3 (GRAV EMFAB),False,False,False,False,8.994,2.6367211330236633
2016-11-27,London Marylebone Road,8.958,8.958,V ugm-3 (GRAV EMFAB),False,False,False,False,8.999857142857143,2.636567113285266
2016-11-28,London Marylebone Road,8.542,8.542,V ugm-3 (GRAV EMFAB),False,False,False,False,8.791571428571428,2.601748889826715
2016-11-29,London Marylebone Road,18.042,18.042,V ugm-3 (GRAV EMFAB),False,False,False,False,9.779714285714286,4.357085023816057
2016-11-30,London Marylebone Road,56.042,56.042,V ugm-3 (GRAV EMFAB),True,True,False,False,16.285714285714285,18.061419081514483
2016-12-01,London Marylebone Road,9.079,9.079,V ugm-3 (GRAV EMFAB),False,False,False,False,16.803,17.748771779102547
2016-12-02,London Marylebone Road,,,V ugm-3 (GRAV EMFAB),False,False,False,False,18.7285,18.62469482971467
2016-12-03,London Marylebone Road,66.708,66.708,V ugm-3 (GRAV EMFAB),True,True,False,False,27.895166666666668,26.39308477928768
2016-12-04,London Marylebone Road,10.333,10.333,V ugm-3 (GRAV EMFAB),False,False,False,False,28.124333333333336,26.201041709570767
2016-12-05,London Marylebone Road,14.477,14.477,V ugm-3 (GRAV EMFAB),False,False,False,False,29.113500000000002,25.414106938863704
2016-12-06,London Marylebone Road,13.598,13.598,V ugm-3 (GRAV EMFAB),False,False,False,False,28.372833333333336,25.86211616567111
2016-12-07,London Marylebone Road,,,V ugm-3 (GRAV EMFAB),False,False,False,False,22.839000000000006,24.624915847571952
2016-12-08,London Marylebone Road,13.598,13.598,V ugm-3 (GRAV EMFAB),False,False,False,False,23.7428,24.070314345683155
2016-12-09,London Marylebone Road,12.469,12.469,V ugm-3 (GRAV EMFAB),False,False,False,False,21.863833333333332,22.015610837918327
2016-12-10,London Marylebone Road,8.083,8.083,V ugm-3 (GRAV EMFAB),False,False,False,False,12.093000000000002,2.430332569834881
2016-12-11,London Marylebone Road,13.292,13.292,V ugm-3 (GRAV EMFAB),False,False,False,False,12.586166666666665,2.2984039172144852
2016-12-12,London Marylebone Road,18.25,18.25,V ugm-3 (GRAV EMFAB),False,False,False,False,13.214999999999998,3.24174249440023
2016-12-13,London Marylebone Road,22.083,22.083,V ugm-3 (GRAV EMFAB),False,False,False,False,14.629166666666668,4.879344276300547
2016-12-14,London Marylebone Road,21.292,21.292,V ugm-3 (GRAV EMFAB),False,False,False,False,15.581000000000001,5.116825904145415
2016-12-15,London Marylebone Road,25.958,25.958,V ugm-3 (GRAV EMFAB),False,False,False,False,17.346714285714285,6.311590600218151
2016-12-16,London Marylebone Road,32.833,32.833,V ugm-3 (GRAV EMFAB),True,True,False,False,20.255857142857142,8.122070947497978
2016-12-17,London Marylebone Road,28.375,28.375,V ugm-3 (GRAV EMFAB),False,False,False,False,23.154714285714284,6.515707168432461
2016-12-18,London Marylebone Road,23.0,23.0,V ugm-3 (GRAV EMFAB),False,False,False,False,24.541571428571427,4.8992147961737595
2016-12-19,London Marylebone Road,27.333,27.333,V ugm-3 (GRAV EMFAB),False,False,False,False,25.839142857142857,4.091377006525321
2016-12-20,London Marylebone Road,28.125,28.125,V ugm-3 (GRAV EMFAB),False,False,False,False,26.702285714285715,3.7933630511849947
2016-12-21,London Marylebone Road,17.292,17.292,V ugm-3 (GRAV EMFAB),False,False,False,False,26.130857142857142,4.887640720176156
2016-12-22,London Marylebone Road,18.625,18.625,V ugm-3 (GRAV EMFAB),False,False,False,False,25.083285714285715,5.656270288045723
2016-12-23,London Marylebone Road,10.292,10.292,V ugm-3 (GRAV EMFAB),False,False,False,False,21.863142857142858,6.808073428623113
2016-12-24,London Marylebone Road,10.5,10.5,V ugm-3 (GRAV EMFAB),False,False,False,False,19.309571428571427,7.293499682528811
2016-12-25,London Marylebone Road,5.983,5.983,V ugm-3 (GRAV EMFAB),False,False,False,False,16.87857142857143,8.580799707430996
2016-12-26,London Marylebone Road,8.125,8.125,V ugm-3 (GRAV EMFAB),False,False,False,False,14.13457142857143,7.7071819938103525
2016-12-27,London Marylebone Road,30.0,30.0,V ugm-3 (GRAV EMFAB),False,False,False,False,14.402428571428572,8.285342737974966
2016-12-28,London Marylebone Road,40.083,40.083,V ugm-3 (GRAV EMFAB),True,True,False,False,17.658285714285714,12.837570586813877
2016-12-29,London Marylebone Road,30.208,30.208,V ugm-3 (GRAV EMFAB),False,False,False,False,19.313,13.70044736495857
2016-12-30,London Marylebone Road,34.792,34.792,V ugm-3 (GRAV EMFAB),True,True,False,False,22.813,14.134382123036024
2017-01-01,London Marylebone Road,12.83,12.83,V ugm-3 (GRAV EMFAB),False,False,False,False,23.145857142857146,13.820029611986756
2017-01-02,London Marylebone Road,16.25,16.25,V ugm-3 (GRAV EMFAB),False,False,False,False,24.61257142857143,12.137337267802247
2017-01-03,London Marylebone Road,13.88,13.88,V ugm-3 (GRAV EMFAB),False,False,False,False,25.434714285714286,10.973501275258302
2017-01-04,London Marylebone Road,12.971,12.971,V ugm-3 (GRAV EMFAB),False,False,False,False,23.002000000000002,11.65891668781168
2017-01-05,London Marylebone Road,3.667,3.667,V ugm-3 (GRAV EMFAB),False,False,False,False,17.799714285714284,10.864447043979222
2017-01-06,London Marylebone Road,14.09,14.09,V ugm-3 (GRAV EMFAB),False,False,False,False,15.497142857142858,9.40656540983605
2017-01-07,London Marylebone Road,8.033,8.033,V ugm-3 (GRAV EMFAB),False,False,False,False,11.674428571428573,4.321086701943674
2017-01-08,London Marylebone Road,10.628,10.628,V ugm-3 (GRAV EMFAB),False,False,False,False,11.359857142857143,4.303055558885722
2017-01-09,London Marylebone Road,9.477,9.477,V ugm-3 (GRAV EMFAB),False,False,False,False,10.392285714285714,3.745575510487281
2017-01-10,London Marylebone Road,7.113,7.113,V ugm-3 (GRAV EMFAB),False,False,False,False,9.425571428571429,3.564262983990905
2017-01-11,London Marylebone Road,18.833,18.833,V ugm-3 (GRAV EMFAB),False,False,False,False,10.263000000000002,4.953861557748004
2017-01-12,London Marylebone Road,5.458,5.458,V ugm-3 (GRAV EMFAB),False,False,False,False,10.518857142857144,4.58924530573281
2017-01-13,London Marylebone Road,6.46,6.46,V ugm-3 (GRAV EMFAB),False,False,False,False,9.428857142857142,4.505026726837915
2017-01-14,London Marylebone Road,10.46,10.46,V ugm-3 (GRAV EMFAB),False,False,False,False,9.775571428571428,4.472973614093994
2017-01-15,London Marylebone Road,9.79,9.79,V ugm-3 (GRAV EMFAB),False,False,False,False,9.655857142857144,4.457544369888419
2017-01-16,London Marylebone Road,15.21,15.21,V ugm-3 (GRAV EMFAB),False,False,False,False,10.474857142857143,4.921710354086673
2017-01-17,London Marylebone Road,23.81,23.81,V ugm-3 (GRAV EMFAB),False,False,False,False,12.860142857142858,6.733451725738987
2017-01-18,London Marylebone Road,30.04,30.04,V ugm-3 (GRAV EMFAB),False,False,False,False,14.461142857142857,9.251723216579206
2017-01-19,London Marylebone Road,30.88,30.88,V ugm-3 (GRAV EMFAB),False,False,False,False,18.092857142857145,10.08103122087174
2017-01-20,London Marylebone Road,19.08,19.08,V ugm-3 (GRAV EMFAB),False,False,False,False,19.895714285714284,8.685833019238602
2017-01-21,London Marylebone Road,28.13,28.13,V ugm-3 (GRAV EMFAB),False,False,False,False,22.419999999999998,8.029412597859636
2017-01-22,London Marylebone Road,69.33,69.33,V ugm-3 (GRAV EMFAB),True,True,False,False,30.925714285714285,17.89520313486538
2017-01-23,London Marylebone Road,92.22,92.22,V ugm-3 (GRAV EMFAB),True,True,False,False,41.92714285714286,27.641199753439153
2017-01-24,London Marylebone Road,48.46,48.46,V ugm-3 (GRAV EMFAB),True,True,False,False,45.44857142857143,26.49484127685454
2017-01-25,London Marylebone Road,31.63,31.63,V ugm-3 (GRAV EMFAB),True,True,False,False,45.675714285714285,26.34712941804912
2017-01-26,London Marylebone Road,47.41,47.41,V ugm-3 (GRAV EMFAB),True,True,False,False,48.037142857142854,25.52804843976245
2017-01-27,London Marylebone Road,41.67,41.67,V ugm-3 (GRAV EMFAB),True,True,False,False,51.26428571428571,22.506335298564924
2017-01-28,London Marylebone Road,14.63,14.63,V ugm-3 (GRAV EMFAB),False,False,False,False,49.33571428571428,25.232422170125272
2017-01-29,London Marylebone Road,9.25,9.25,V ugm-3 (GRAV EMFAB),False,False,False,False,40.75285714285714,27.421055604702588
2017-01-30,London Marylebone Road,11.63,11.63,V ugm-3 (GRAV EMFAB),False,False,False,False,29.240000000000002,17.2382259334693
2017-01-31,London Marylebone Road,18.29,18.29,V ugm-3 (GRAV EMFAB),False,False,False,False,24.93,15.293789589241776
2017-02-01,London Marylebone Road,8.92,8.92,V ugm-3 (GRAV EMFAB),False,False,False,False,21.685714285714287,16.026812801409662
2017-02-02,London Marylebone Road,15.04,15.04,V ugm-3 (GRAV EMFAB),False,False,False,False,17.06142857142857,11.3570160819519
2017-02-03,London Marylebone Road,14.31,14.31,V ugm-3 (GRAV EMFAB),False,False,False,False,13.152857142857142,3.3897134307868515
2017-02-04,London Marylebone Road,9.54,9.54,V ugm-3 (GRAV EMFAB),False,False,False,False,12.425714285714287,3.561614133801532
2017-02-05,London Marylebone Road,10.586,10.586,V ugm-3 (GRAV EMFAB),False,False,False,False,12.61657142857143,3.3949711268846685
2017-02-06,London Marylebone Road,17.73,17.73,V ugm-3 (GRAV EMFAB),False,False,False,False,13.488,3.851689845595866
2017-02-07,London Marylebone Road,6.778,6.778,V ugm-3 (GRAV EMFAB),False,False,False,False,11.843428571428573,3.916752007175571
2017-02-08,London Marylebone Road,9.414,9.414,V ugm-3 (GRAV EMFAB),False,False,False,False,11.914,3.859328611731957
2017-02-09,London Marylebone Road,9.603,9.603,V ugm-3 (GRAV EMFAB),False,False,False,False,11.137285714285714,3.6677048551868863
2017-02-10,London Marylebone Road,12.971,12.971,V ugm-3 (GRAV EMFAB),False,False,False,False,10.946,3.5060094599605516
2017-02-11,London Marylebone Road,25.458,25.458,V ugm-3 (GRAV EMFAB),False,False,False,False,13.219999999999999,6.4054194502259545
2017-02-12,London Marylebone Road,17.75,17.75,V ugm-3 (GRAV EMFAB),False,False,False,False,14.24342857142857,6.486235319432013
2017-02-13,London Marylebone Road,48.67,48.67,V ugm-3 (GRAV EMFAB),True,True,False,False,18.66342857142857,14.65551848118588
2017-02-14,London Marylebone Road,30.04,30.04,V ugm-3 (GRAV EMFAB),False,False,False,False,21.98657142857143,14.13957417860881
2017-02-15,London Marylebone Road,19.67,19.67,V ugm-3 (GRAV EMFAB),False,False,False,False,23.451714285714285,13.113833620955214
2017-02-16,London Marylebone Road,16.13,16.13,V ugm-3 (GRAV EMFAB),False,False,False,False,24.384142857142855,12.162582270068746
2017-02-17,London Marylebone Road,19.63,19.63,V ugm-3 (GRAV EMFAB),False,False,False,False,25.335428571428572,11.35471911963103
2017-02-18,London Marylebone Road,22.04,22.04,V ugm-3 (GRAV EMFAB),False,False,False,False,24.84714285714286,11.42186312047458
2017-02-19,London Marylebone Road,15.96,15.96,V ugm-3 (GRAV EMFAB),False,False,False,False,24.59142857142857,11.625459745133284
2017-02-20,London Marylebone Road,11.75,11.75,V ugm-3 (GRAV EMFAB),False,False,False,False,19.31714285714286,5.79232168272709
2017-02-21,London Marylebone Road,10.67,10.67,V ugm-3 (GRAV EMFAB),False,False,False,False,16.55,4.232804428902087
2017-02-22,London Marylebone Road,9.21,9.21,V ugm-3 (GRAV EMFAB),False,False,False,False,15.055714285714286,4.761140819673539
2017-02-23,London Marylebone Road,6.71,6.71,V ugm-3 (GRAV EMFAB),False,False,False,False,13.709999999999999,5.654364096282887
2017-02-24,London Marylebone Road,10.04,10.04,V ugm-3 (GRAV EMFAB),False,False,False,False,12.34,5.117212783016381
2017-02-25,London Marylebone Road,11.33,11.33,V ugm-3 (GRAV EMFAB),False,False,False,False,10.81,2.818362408681004
2017-02-26,London Marylebone Road,8.08,8.08,V ugm-3 (GRAV EMFAB),False,False,False,False,9.684285714285712,1.8128601448433295
2017-02-27,London Marylebone Road,9.71,9.71,V ugm-3 (GRAV EMFAB),False,False,False,False,9.392857142857142,1.573623359063387
2017-02-28,London Marylebone Road,11.84,11.84,V ugm-3 (GRAV EMFAB),False,False,False,False,9.56,1.7804306595126926
2017-03-01,London Marylebone Road,15.29,15.29,V ugm-3 (GRAV EMFAB),False,False,False,False,10.428571428571429,2.7823576847188054
2017-03-02,London Marylebone Road,12.25,12.25,V ugm-3 (GRAV EMFAB),False,False,False,False,11.22,2.2932655028727504
2017-03-03,London Marylebone Road,16.38,16.38,V ugm-3 (GRAV EMFAB),False,False,False,False,12.125714285714285,2.916772515086064
2017-03-04,London Marylebone Road,21.333,21.333,V ugm-3 (GRAV EMFAB),False,False,False,False,13.554714285714285,4.488727240331593
2017-03-05,London Marylebone Road,13.292,13.292,V ugm-3 (GRAV EMFAB),False,False,False,False,14.299285714285714,3.8102460425491653
2017-03-06,London Marylebone Road,8.985,8.985,V ugm-3 (GRAV EMFAB),False,False,False,False,14.195714285714285,3.962592783951972
2017-03-07,London Marylebone Road,9.958,9.958,V ugm-3 (GRAV EMFAB),False,False,False,False,13.926857142857143,4.205466538866225
2017-03-08,London Marylebone Road,11.381,11.381,V ugm-3 (GRAV EMFAB),False,False,False,False,13.36842857142857,4.253548042796811
2017-03-09,London Marylebone Road,8.598,8.598,V ugm-3 (GRAV EMFAB),False,False,False,False,12.846714285714285,4.621630870673416
2017-03-10,London Marylebone Road,9.5,9.5,V ugm-3 (GRAV EMFAB),False,False,False,False,11.863857142857142,4.4742068730509885
2017-03-11,London Marylebone Road,30.126,30.126,V ugm-3 (GRAV EMFAB),False,False,False,False,13.120000000000001,7.669279561992746
2017-03-12,London Marylebone Road,10.833,10.833,V ugm-3 (GRAV EMFAB),False,False,False,False,12.768714285714285,7.71626061669521
2017-03-13,London Marylebone Road,11.88,11.88,V ugm-3 (GRAV EMFAB),False,False,False,False,13.182285714285715,7.555572969984576
2017-03-14,London Marylebone Road,14.08,14.08,V ugm-3 (GRAV EMFAB),False,False,False,False,13.77114285714286,7.421845018335411
2017-03-15,London Marylebone Road,19.58,19.58,V ugm-3 (GRAV EMFAB),False,False,False,False,14.942428571428573,7.625935655317802
2017-03-16,London Marylebone Road,24.98,24.98,V ugm-3 (GRAV EMFAB),False,False,False,False,17.282714285714285,7.864390985411929
2017-03-17,London Marylebone Road,11.13,11.13,V ugm-3 (GRAV EMFAB),False,False,False,False,17.51557142857143,7.615746491253991
2017-03-18,London Marylebone Road,9.63,9.63,V ugm-3 (GRAV EMFAB),False,False,False,False,14.587571428571428,5.644239064661182
2017-03-19,London Marylebone Road,9.33,9.33,V ugm-3 (GRAV EMFAB),False,False,False,False,14.372857142857143,5.83619657621213
2017-03-20,London Marylebone Road,10.25,10.25,V ugm-3 (GRAV EMFAB),False,False,False,False,14.139999999999999,5.98290899145221
2017-03-21,London Marylebone Road,10.25,10.25,V ugm-3 (GRAV EMFAB),False,False,False,False,13.592857142857142,6.161765748781498
2017-03-22,London Marylebone Road,10.92,10.92,V ugm-3 (GRAV EMFAB),False,False,False,False,12.355714285714285,5.603403302585687
2017-03-23,London Marylebone Road,18.79,18.79,V ugm-3 (GRAV EMFAB),False,False,False,False,11.471428571428573,3.2899464462278405
2017-03-24,London Marylebone Road,24.88,24.88,V ugm-3 (GRAV EMFAB),False,False,False,False,13.435714285714285,6.022274922161467
2017-03-25,London Marylebone Road,8.96,8.96,V ugm-3 (GRAV EMFAB),False,False,False,False,13.34,6.09769355303022
2017-03-26,London Marylebone Road,7.53,7.53,V ugm-3 (GRAV EMFAB),False,False,False,False,13.082857142857142,6.328564119097115
2017-03-27,London Marylebone Road,37.83,37.83,V ugm-3 (GRAV EMFAB),True,True,False,False,17.02285714285714,11.075762899661749
2017-03-28,London Marylebone Road,37.38,37.38,V ugm-3 (GRAV EMFAB),True,True,False,False,20.898571428571426,12.90625614262508
2017-03-29,London Marylebone Road,17.82,17.82,V ugm-3 (GRAV EMFAB),False,False,False,False,21.884285714285713,12.264671292161154
2017-03-30,London Marylebone Road,14.69,14.69,V ugm-3 (GRAV EMFAB),False,False,False,False,21.298571428571428,12.53205679922684
2017-03-31,London Marylebone Road,14.44,14.44,V ugm-3 (GRAV EMFAB),False,False,False,False,19.807142857142857,12.655417435872687
2017-04-01,London Marylebone Road,9.46,9.46,V ugm-3 (GRAV EMFAB),False,False,False,False,19.878571428571426,12.585207492093547
2017-04-02,London Marylebone Road,12.92,12.92,V ugm-3 (GRAV EMFAB),False,False,False,False,20.648571428571426,11.847003036733845
2017-04-03,London Marylebone Road,10.54,10.54,V ugm-3 (GRAV EMFAB),False,False,False,False,16.75,9.510508223363589
2017-04-04,London Marylebone Road,12.833,12.833,V ugm-3 (GRAV EMFAB),False,False,False,False,13.243285714285715,2.7798463215487534
2017-04-05,London Marylebone Road,14.917,14.917,V ugm-3 (GRAV EMFAB),False,False,False,False,12.828571428571427,2.1219630735980832
2017-04-06,London Marylebone Road,9.571,9.571,V ugm-3 (GRAV EMFAB),False,False,False,False,12.097285714285714,2.2516574424398437
2017-04-07,London Marylebone Road,20.795,20.795,V ugm-3 (GRAV EMFAB),False,False,False,False,13.005142857142857,3.975178378746883
2017-04-08,London Marylebone Road,11.632,11.632,V ugm-3 (GRAV EMFAB),False,False,False,False,13.315428571428571,3.72951743335701
2017-04-09,London Marylebone Road,10.816,10.816,V ugm-3 (GRAV EMFAB),False,False,False,False,13.014857142857142,3.8495492995314877
2017-04-10,London Marylebone Road,13.917,13.917,V ugm-3 (GRAV EMFAB),False,False,False,False,13.497285714285715,3.696258500803412
2017-04-11,London Marylebone Road,17.992,17.992,V ugm-3 (GRAV EMFAB),False,False,False,False,14.234285714285717,4.04006929454948
2017-04-12,London Marylebone Road,12.292,12.292,V ugm-3 (GRAV EMFAB),False,False,False,False,13.859285714285715,4.087683929165942
2017-04-13,London Marylebone Road,6.067,6.067,V ugm-3 (GRAV EMFAB),False,False,False,False,13.358714285714287,4.844778622884794
2017-04-14,London Marylebone Road,7.155,7.155,V ugm-3 (GRAV EMFAB),False,False,False,False,11.410142857142858,4.029898486255363
2017-04-15,London Marylebone Road,3.917,3.917,V ugm-3 (GRAV EMFAB),False,False,False,False,10.308000000000002,4.916560925416539
2017-04-16,London Marylebone Road,4.979,4.979,V ugm-3 (GRAV EMFAB),False,False,False,False,9.474142857142857,5.296356937511214
2017-04-17,London Marylebone Road,3.64,3.64,V ugm-3 (GRAV EMFAB),False,False,False,False,8.006,5.28391458421998
2017-04-18,London Marylebone Road,4.833,4.833,V ugm-3 (GRAV EMFAB),False,False,False,False,6.126142857142858,2.975713159819505
2017-04-19,London Marylebone Road,10.125,10.125,V ugm-3 (GRAV EMFAB),False,False,False,False,5.816571428571429,2.2520892416554252
2017-04-20,London Marylebone Road,14.142,14.142,V ugm-3 (GRAV EMFAB),False,False,False,False,6.970142857142856,3.880858858060892
2017-04-21,London Marylebone Road,10.251,10.251,V ugm-3 (GRAV EMFAB),False,False,False,False,7.412428571428571,4.076905029436773
2017-04-22,London Marylebone Road,7.155,7.155,V ugm-3 (GRAV EMFAB),False,False,False,False,7.875,3.7876415265086263
2017-04-23,London Marylebone Road,10.333,10.333,V ugm-3 (GRAV EMFAB),False,False,False,False,8.639857142857142,3.6431962353849556
2017-04-24,London Marylebone Road,13.667,13.667,V ugm-3 (GRAV EMFAB),False,False,False,False,10.072285714285714,3.305245967361776
2017-04-25,London Marylebone Road,4.292,4.292,V ugm-3 (GRAV EMFAB),False,False,False,False,9.995000000000001,3.4512722774844504
2017-04-26,London Marylebone Road,4.333,4.333,V ugm-3 (GRAV EMFAB),False,False,False,False,9.16757142857143,4.056200186428215
2017-04-27,London Marylebone Road,10.542,10.542,V ugm-3 (GRAV EMFAB),False,False,False,False,8.653285714285714,3.512103961743523
2017-04-28,London Marylebone Road,9.874,9.874,V ugm-3 (GRAV EMFAB),False,False,False,False,8.599428571428572,3.4863159570498286
2017-04-29,London Marylebone Road,12.929,12.929,V ugm-3 (GRAV EMFAB),False,False,False,False,9.424285714285714,3.759930926417123
2017-04-30,London Marylebone Road,11.255,11.255,V ugm-3 (GRAV EMFAB),False,False,False,False,9.556000000000001,3.812846618123091
2017-05-01,London Marylebone Road,18.96,18.96,V ugm-3 (GRAV EMFAB),False,False,False,False,10.312142857142858,5.078704343582447
2017-05-02,London Marylebone Road,12.04,12.04,V ugm-3 (GRAV EMFAB),False,False,False,False,11.418999999999999,4.338334319374907
2017-05-03,London Marylebone Road,8.25,8.25,V ugm-3 (GRAV EMFAB),False,False,False,False,11.978571428571428,3.4294360983083574
2017-05-04,London Marylebone Road,8.333,8.333,V ugm-3 (GRAV EMFAB),False,False,False,False,11.663,3.676401048126571
2017-05-05,London Marylebone Road,8.75,8.75,V ugm-3 (GRAV EMFAB),False,False,False,False,11.502428571428572,3.7903410953431473
2017-05-06,London Marylebone Road,10.994,10.994,V ugm-3 (GRAV EMFAB),False,False,False,False,11.226,3.7391758895955656
2017-05-07,London Marylebone Road,9.414,9.414,V ugm-3 (GRAV EMFAB),False,False,False,False,10.962999999999997,3.8010292027291035
2017-05-08,London Marylebone Road,5.69,5.69,V ugm-3 (GRAV EMFAB),False,False,False,False,9.067285714285713,2.0568312776601876
2017-05-09,London Marylebone Road,9.77,9.77,V ugm-3 (GRAV EMFAB),False,False,False,False,8.743,1.648432487748887
2017-05-10,London Marylebone Road,6.208,6.208,V ugm-3 (GRAV EMFAB),False,False,False,False,8.451285714285714,1.9101253636243891
2017-05-11,London Marylebone Road,17.583,17.583,V ugm-3 (GRAV EMFAB),False,False,False,False,9.772714285714285,3.9379028561864344
2017-05-12,London Marylebone Road,13.305,13.305,V ugm-3 (GRAV EMFAB),False,False,False,False,10.423428571428571,4.113181406856948
2017-05-13,London Marylebone Road,12.51,12.51,V ugm-3 (GRAV EMFAB),False,False,False,False,10.64,4.18747087552054
2017-05-14,London Marylebone Road,9.292,9.292,V ugm-3 (GRAV EMFAB),False,False,False,False,10.62257142857143,4.193673324471087
2017-05-15,London Marylebone Road,12.05,12.05,V ugm-3 (GRAV EMFAB),False,False,False,False,11.531142857142857,3.5928204532822527
2017-05-16,London Marylebone Road,13.431,13.431,V ugm-3 (GRAV EMFAB),False,False,False,False,12.054142857142859,3.5600393925053684
2017-05-17,London Marylebone Road,10.377,10.377,V ugm-3 (GRAV EMFAB),False,False,False,False,12.649714285714284,2.6519102369351524
2017-05-18,London Marylebone Road,7.542,7.542,V ugm-3 (GRAV EMFAB),False,False,False,False,11.215285714285715,2.2190128221264
2017-05-19,London Marylebone Road,8.996,8.996,V ugm-3 (GRAV EMFAB),False,False,False,False,10.599714285714287,2.13892236997076
2017-05-20,London Marylebone Road,9.707,9.707,V ugm-3 (GRAV EMFAB),False,False,False,False,10.199285714285717,1.9780158167790203
2017-05-21,London Marylebone Road,9.208,9.208,V ugm-3 (GRAV EMFAB),False,False,False,False,10.187285714285716,1.9846809747231353
2017-05-22,London Marylebone Road,11.423,11.423,V ugm-3 (GRAV EMFAB),False,False,False,False,10.097714285714286,1.89889772537332
2017-05-23,London Marylebone Road,10.879,10.879,V ugm-3 (GRAV EMFAB),False,False,False,False,9.733142857142857,1.304102683657689
2017-05-24,London Marylebone Road,9.498,9.498,V ugm-3 (GRAV EMFAB),False,False,False,False,9.607571428571429,1.2737389655578264
2017-05-25,London Marylebone Road,12.092,12.092,V ugm-3 (GRAV EMFAB),False,False,False,False,10.257571428571428,1.2029661753544967
2017-05-26,London Marylebone Road,13.431,13.431,V ugm-3 (GRAV EMFAB),False,False,False,False,10.891142857142857,1.546607193027128
2017-05-27,London Marylebone Road,11.506,11.506,V ugm-3 (GRAV EMFAB),False,False,False,False,11.148142857142858,1.464324352567855
2017-05-28,London Marylebone Road,8.452,8.452,V ugm-3 (GRAV EMFAB),False,False,False,False,11.040142857142856,1.6476679912904972
2017-05-29,London Marylebone Road,11.967,11.967,V ugm-3 (GRAV EMFAB),False,False,False,False,11.117857142857144,1.6812231091846792
2017-05-30,London Marylebone Road,11.213,11.213,V ugm-3 (GRAV EMFAB),False,False,False,False,11.165571428571429,1.6780509385535387
2017-05-31,London Marylebone Road,9.916,9.916,V ugm-3 (GRAV EMFAB),False,False,False,False,11.225285714285715,1.6150749945729148
2017-06-01,London Marylebone Road,25.58,25.58,V ugm-3 (GRAV EMFAB),False,False,False,False,13.152142857142858,5.7004090914182095
2017-06-02,London Marylebone Road,,,V ugm-3 (GRAV EMFAB),False,False,False,False,13.105666666666666,6.243032297422955
2017-06-03,London Marylebone Road,9.21,9.21,V ugm-3 (GRAV EMFAB),False,False,False,False,12.722999999999999,6.428311504586523
2017-06-04,London Marylebone Road,6.611,6.611,V ugm-3 (GRAV EMFAB),False,False,False,False,12.416166666666667,6.710680544226949
2017-06-05,London Marylebone Road,18.875,18.875,V ugm-3 (GRAV EMFAB),False,False,False,False,13.5675,7.193434972250706
2017-06-06,London Marylebone Road,10.199,10.199,V ugm-3 (GRAV EMFAB),False,False,False,False,13.398499999999999,7.271303727668065
2017-06-07,London Marylebone Road,13.849,13.849,V ugm-3 (GRAV EMFAB),False,False,False,False,14.054,7.069036030464093
2017-06-08,London Marylebone Road,9.121,9.121,V ugm-3 (GRAV EMFAB),False,False,False,False,11.310833333333335,4.386168825600086
2017-06-09,London Marylebone Road,,,V ugm-3 (GRAV EMFAB),False,False,False,False,11.310833333333335,4.386168825600086
2017-06-10,London Marylebone Road,8.875,8.875,V ugm-3 (GRAV EMFAB),False,False,False,False,11.255,4.420259358906372
2017-06-11,London Marylebone Road,24.792,24.792,V ugm-3 (GRAV EMFAB),False,False,False,False,14.285166666666669,6.391958022911776
2017-06-12,London Marylebone Road,11.167,11.167,V ugm-3 (GRAV EMFAB),False,False,False,False,13.0005,6.050451545132766
2017-06-13,London Marylebone Road,13.546,13.546,V ugm-3 (GRAV EMFAB),False,False,False,False,13.558333333333335,5.892739928646621
2017-06-14,London Marylebone Road,14.006,14.006,V ugm-3 (GRAV EMFAB),False,False,False,False,13.5845,5.894637045654254
2017-06-15,London Marylebone Road,12.176,12.176,V ugm-3 (GRAV EMFAB),False,False,False,False,14.093666666666666,5.554084358979995
2017-06-16,London Marylebone Road,10.879,10.879,V ugm-3 (GRAV EMFAB),False,False,False,False,13.63442857142857,5.213716679974778
2017-06-17,London Marylebone Road,12.72,12.72,V ugm-3 (GRAV EMFAB),False,False,False,False,14.183714285714286,4.816102598377122
2017-06-18,London Marylebone Road,14.728,14.728,V ugm-3 (GRAV EMFAB),False,False,False,False,12.746,1.4410892870786602
2017-06-19,London Marylebone Road,18.577,18.577,V ugm-3 (GRAV EMFAB),False,False,False,False,13.80457142857143,2.4536957062861777
2017-06-20,London Marylebone Road,16.946,16.946,V ugm-3 (GRAV EMFAB),False,False,False,False,14.290285714285714,2.7164321400374063
2017-06-21,London Marylebone Road,18.452,18.452,V ugm-3 (GRAV EMFAB),False,False,False,False,14.925428571428572,3.127544929447689
2017-06-22,London Marylebone Road,17.406,17.406,V ugm-3 (GRAV EMFAB),False,False,False,False,15.672571428571429,2.9826035526668058
2017-06-23,London Marylebone Road,11.757,11.757,V ugm-3 (GRAV EMFAB),False,False,False,False,15.798000000000002,2.7573776793660985
2017-06-24,London Marylebone Road,10.46,10.46,V ugm-3 (GRAV EMFAB),False,False,False,False,15.475142857142858,3.263671063315587
2017-06-25,London Marylebone Road,7.531,7.531,V ugm-3 (GRAV EMFAB),False,False,False,False,14.447000000000001,4.4546030874440765
2017-06-26,London Marylebone Road,7.113,7.113,V ugm-3 (GRAV EMFAB),False,False,False,False,12.809285714285716,4.778717251672053
2017-06-27,London Marylebone Road,15.481,15.481,V ugm-3 (GRAV EMFAB),False,False,False,False,12.6,4.59593806166556
2017-06-28,London Marylebone Road,6.109,6.109,V ugm-3 (GRAV EMFAB),False,False,False,False,10.836714285714285,4.3370270429671045
2017-06-29,London Marylebone Road,10.251,10.251,V ugm-3 (GRAV EMFAB),False,False,False,False,9.814571428571428,3.2334949026886752
2017-06-30,London Marylebone Road,2.803,2.803,V ugm-3 (GRAV EMFAB),False,False,False,False,8.535428571428572,4.013904909068837
2017-07-01,London Marylebone Road,14.58,14.58,V ugm-3 (GRAV EMFAB),False,False,False,False,9.124,4.60211092869341
2017-07-02,London Marylebone Road,13.36,13.36,V ugm-3 (GRAV EMFAB),False,False,False,False,9.956714285714286,4.7893754886652955
2017-07-03,London Marylebone Road,12.09,12.09,V ugm-3 (GRAV EMFAB),False,False,False,False,10.667714285714286,4.664658891218948
2017-07-04,London Marylebone Road,15.69,15.69,V ugm-3 (GRAV EMFAB),False,False,False,False,10.697571428571427,4.701128405576017
2017-07-05,London Marylebone Road,11.213,11.213,V ugm-3 (GRAV EMFAB),False,False,False,False,11.426714285714286,4.244462734523812
2017-07-06,London Marylebone Road,10.659,10.659,V ugm-3 (GRAV EMFAB),False,False,False,False,11.485,4.228397726483731
2017-07-07,London Marylebone Road,9.833,9.833,V ugm-3 (GRAV EMFAB),False,False,False,False,12.489285714285716,2.143514848271738
2017-07-08,London Marylebone Road,11.339,11.339,V ugm-3 (GRAV EMFAB),False,False,False,False,12.026285714285715,1.9587165622999299
2017-07-09,London Marylebone Road,,,V ugm-3 (GRAV EMFAB),False,False,False,False,11.804000000000002,2.0466638219305504
2017-07-10,London Marylebone Road,8.033,8.033,V ugm-3 (GRAV EMFAB),False,False,False,False,11.127833333333333,2.543210602106321
2017-07-11,London Marylebone Road,11.875,11.875,V ugm-3 (GRAV EMFAB),False,False,False,False,10.491999999999999,1.3898769729725329
2017-07-12,London Marylebone Road,8.41,8.41,V ugm-3 (GRAV EMFAB),False,False,False,False,10.024833333333333,1.5597567011126865
2017-07-13,London Marylebone Road,11.59,11.59,V ugm-3 (GRAV EMFAB),False,False,False,False,10.18,1.6773386062448072
2017-07-14,London Marylebone Road,4.644,4.644,V ugm-3 (GRAV EMFAB),False,False,False,False,9.315166666666666,2.832193172554776
2017-07-15,London Marylebone Road,9.372,9.372,V ugm-3 (GRAV EMFAB),False,False,False,False,8.987333333333334,2.659664314658124
2017-07-16,London Marylebone Road,6.067,6.067,V ugm-3 (GRAV EMFAB),False,False,False,False,8.570142857142857,2.6670546443951593
2017-07-17,London Marylebone Road,6.025,6.025,V ugm-3 (GRAV EMFAB),False,False,False,False,8.283285714285714,2.8370261257335176
2017-07-18,London Marylebone Road,11.799,11.799,V ugm-3 (GRAV EMFAB),False,False,False,False,8.272428571428572,2.821090619904575
2017-07-19,London Marylebone Road,15.272,15.272,V ugm-3 (GRAV EMFAB),False,False,False,False,9.252714285714287,3.8729761904029196
2017-07-20,London Marylebone Road,10.126,10.126,V ugm-3 (GRAV EMFAB),False,False,False,False,9.043571428571429,3.7637128325250346
2017-07-21,London Marylebone Road,10.586,10.586,V ugm-3 (GRAV EMFAB),False,False,False,False,9.892428571428571,3.2396541408582995
2017-07-22,London Marylebone Road,8.996,8.996,V ugm-3 (GRAV EMFAB),False,False,False,False,9.838714285714287,3.2528114872257725
2017-07-23,London Marylebone Road,8.787,8.787,V ugm-3 (GRAV EMFAB),False,False,False,False,10.227285714285715,2.866707037367897
2017-07-24,London Marylebone Road,3.682,3.682,V ugm-3 (GRAV EMFAB),False,False,False,False,9.892571428571427,3.50488658195673
2017-07-25,London Marylebone Road,7.364,7.364,V ugm-3 (GRAV EMFAB),False,False,False,False,9.259,3.5036812545282547
2017-07-26,London Marylebone Road,12.636,12.636,V ugm-3 (GRAV EMFAB),False,False,False,False,8.882428571428571,2.8257745756482926
2017-07-27,London Marylebone Road,14.31,14.31,V ugm-3 (GRAV EMFAB),False,False,False,False,9.480142857142857,3.495741143571203
2017-07-28,London Marylebone Road,10.209,10.209,V ugm-3 (GRAV EMFAB),False,False,False,False,9.426285714285715,3.4787269086206325
2017-07-29,London Marylebone Road,9.833,9.833,V ugm-3 (GRAV EMFAB),False,False,False,False,9.545857142857143,3.4758556466271493
2017-07-30,London Marylebone Road,7.448,7.448,V ugm-3 (GRAV EMFAB),False,False,False,False,9.354571428571429,3.560394259869774
2017-07-31,London Marylebone Road,10.753,10.753,V ugm-3 (GRAV EMFAB),False,False,False,False,10.364714285714285,2.5394638354243138
2017-08-01,London Marylebone Road,19.42,19.42,V ugm-3 (GRAV EMFAB),False,False,False,False,12.087,3.892798821756159
2017-08-02,London Marylebone Road,,,V ugm-3 (GRAV EMFAB),False,False,False,False,11.9955,4.256093549253748
2017-08-03,London Marylebone Road,12.75,12.75,V ugm-3 (GRAV EMFAB),False,False,False,False,11.7355,4.132273502564823
2017-08-04,London Marylebone Road,27.992,27.992,V ugm-3 (GRAV EMFAB),False,False,False,False,14.699333333333334,7.676146993555176
2017-08-05,London Marylebone Road,9.792,9.792,V ugm-3 (GRAV EMFAB),False,False,False,False,14.6925,7.681361903985485
2017-08-06,London Marylebone Road,12.123,12.123,V ugm-3 (GRAV EMFAB),False,False,False,False,15.471666666666666,7.007047157445583
2017-08-07,London Marylebone Road,4.728,4.728,V ugm-3 (GRAV EMFAB),False,False,False,False,14.4675,8.15602848817974
2017-08-08,London Marylebone Road,,,V ugm-3 (GRAV EMFAB),False,False,False,False,13.476999999999999,8.705907419677704
2017-08-09,London Marylebone Road,,,V ugm-3 (GRAV EMFAB),False,False,False,False,13.476999999999999,8.705907419677704
2017-08-10,London Marylebone Road,8.075,8.075,V ugm-3 (GRAV EMFAB),False,False,False,False,12.542,9.047834630451598
2017-08-11,London Marylebone Road,7.583,7.583,V ugm-3 (GRAV EMFAB),False,False,False,False,8.4602,2.740299746377916
2017-08-12,London Marylebone Road,5.708,5.708,V ugm-3 (GRAV EMFAB),False,False,False,False,7.6434,2.8505294771320657
2017-08-13,London Marylebone Road,6.778,6.778,V ugm-3 (GRAV EMFAB),False,False,False,False,6.5744,1.366598807257904
2017-08-14,London Marylebone Road,11.046,11.046,V ugm-3 (GRAV EMFAB),False,False,False,False,7.837999999999999,2.004554688702412
2017-08-15,London Marylebone Road,17.824,17.824,V ugm-3 (GRAV EMFAB),False,False,False,False,9.502333333333333,4.453608005501364
2017-08-16,London Marylebone Road,12.008,12.008,V ugm-3 (GRAV EMFAB),False,False,False,False,9.860285714285713,4.174417672533647
2017-08-17,London Marylebone Road,11.883,11.883,V ugm-3 (GRAV EMFAB),False,False,False,False,10.404285714285715,4.151047125496721
2017-08-18,London Marylebone Road,11.172,11.172,V ugm-3 (GRAV EMFAB),False,False,False,False,10.917000000000002,3.9618336243040346
2017-08-19,London Marylebone Road,8.87,8.87,V ugm-3 (GRAV EMFAB),False,False,False,False,11.368714285714287,3.4108884822131964
2017-08-20,London Marylebone Road,9.623,9.623,V ugm-3 (GRAV EMFAB),False,False,False,False,11.775142857142857,2.9046380399038654
2017-08-21,London Marylebone Road,9.372,9.372,V ugm-3 (GRAV EMFAB),False,False,False,False,11.536,3.0404126364688415
2017-08-22,London Marylebone Road,14.351,14.351,V ugm-3 (GRAV EMFAB),False,False,False,False,11.039857142857143,1.920365887755905
2017-08-23,London Marylebone Road,,,V ugm-3 (GRAV EMFAB),False,False,False,False,10.8785,2.0510150413878607
2017-08-24,London Marylebone Road,10.565,10.565,V ugm-3 (GRAV EMFAB),False,False,False,False,10.658833333333334,1.9916352494033391
2017-08-25,London Marylebone Road,13.996,13.996,V ugm-3 (GRAV EMFAB),False,False,False,False,11.1295,2.42393207413064
2017-08-26,London Marylebone Road,10.941,10.941,V ugm-3 (GRAV EMFAB),False,False,False,False,11.474666666666666,2.1722147837324823
2017-08-27,London Marylebone Road,9.351,9.351,V ugm-3 (GRAV EMFAB),False,False,False,False,11.429333333333332,2.220880245908354
2017-08-28,London Marylebone Road,16.464,16.464,V ugm-3 (GRAV EMFAB),False,False,False,False,12.611333333333334,2.734741279658101
2017-08-29,London Marylebone Road,12.866,12.866,V ugm-3 (GRAV EMFAB),False,False,False,False,12.363833333333332,2.610169604961718
2017-08-30,London Marylebone Road,9.021,9.021,V ugm-3 (GRAV EMFAB),False,False,False,False,11.886285714285716,2.6970075833711205
2017-08-31,London Marylebone Road,13.117,13.117,V ugm-3 (GRAV EMFAB),False,False,False,False,12.250857142857143,2.6608762609692924
2017-09-01,London Marylebone Road,14.5,14.5,V ugm-3 (GRAV EMFAB),False,False,False,False,12.322857142857144,2.722082746021863
2017-09-02,London Marylebone Road,,,V ugm-3 (GRAV EMFAB),False,False,False,False,12.553166666666668,2.906221699503674
2017-09-03,London Marylebone Road,7.82,7.82,V ugm-3 (GRAV EMFAB),False,False,False,False,12.298000000000002,3.2859993304928317
2017-09-04,London Marylebone Road,24.1,24.1,V ugm-3 (GRAV EMFAB),False,False,False,False,13.570666666666668,5.765457888725413
2017-09-05,London Marylebone Road,10.209,10.209,V ugm-3 (GRAV EMFAB),False,False,False,False,13.127833333333333,5.930095493890977
2017-09-06,London Marylebone Road,13.881,13.881,V ugm-3 (GRAV EMFAB),False,False,False,False,13.937833333333336,5.578436032318209
2017-09-07,London Marylebone Road,10.669,10.669,V ugm-3 (GRAV EMFAB),False,False,False,False,13.529833333333334,5.7377253826465155
2017-09-08,London Marylebone Road,6.792,6.792,V ugm-3 (GRAV EMFAB),False,False,False,False,12.245166666666668,6.311298231478688
2017-09-09,London Marylebone Road,,,V ugm-3 (GRAV EMFAB),False,False,False,False,12.245166666666668,6.311298231478688
2017-09-10,London Marylebone Road,16.417,16.417,V ugm-3 (GRAV EMFAB),False,False,False,False,13.678000000000003,6.077276561092102
2017-09-11,London Marylebone Road,16.625,16.625,V ugm-3 (GRAV EMFAB),False,False,False,False,12.432166666666665,3.8838273090684683
2017-09-12,London Marylebone Road,12.625,12.625,V ugm-3 (GRAV EMFAB),False,False,False,False,12.83483333333333,3.7294086617942592
2017-09-13,London Marylebone Road,6.011,6.011,V ugm-3 (GRAV EMFAB),False,False,False,False,11.523166666666667,4.575802985997753
2017-09-14,London Marylebone Road,6.903,6.903,V ugm-3 (GRAV EMFAB),False,False,False,False,10.8955,4.958677474891793
2017-09-15,London Marylebone Road,10.153,10.153,V ugm-3 (GRAV EMFAB),False,False,False,False,11.455666666666668,4.577603856458743
2017-09-16,London Marylebone Road,7.153,7.153,V ugm-3 (GRAV EMFAB),False,False,False,False,10.841,4.484055456094707
2017-09-17,London Marylebone Road,5.278,5.278,V ugm-3 (GRAV EMFAB),False,False,False,False,9.249714285714287,4.13864674800365
2017-09-18,London Marylebone Road,6.986,6.986,V ugm-3 (GRAV EMFAB),False,False,False,False,7.872714285714286,2.5893062593600447
2017-09-19,London Marylebone Road,11.199,11.199,V ugm-3 (GRAV EMFAB),False,False,False,False,7.669,2.176254504111561
2017-09-20,London Marylebone Road,13.819,13.819,V ugm-3 (GRAV EMFAB),False,False,False,False,8.784428571428572,3.0216102692185296
2017-09-21,London Marylebone Road,13.667,13.667,V ugm-3 (GRAV EMFAB),False,False,False,False,9.750714285714285,3.3799542755429717
2017-09-22,London Marylebone Road,13.917,13.917,V ugm-3 (GRAV EMFAB),False,False,False,False,10.288428571428572,3.735342280485189
2017-09-23,London Marylebone Road,10.879,10.879,V ugm-3 (GRAV EMFAB),False,False,False,False,10.820714285714285,3.470140665462224
2017-09-24,London Marylebone Road,13.431,13.431,V ugm-3 (GRAV EMFAB),False,False,False,False,11.98542857142857,2.5445121246282927
2017-09-25,London Marylebone Road,26.36,26.36,V ugm-3 (GRAV EMFAB),False,False,False,False,14.753142857142857,5.273511999561904
2017-09-26,London Marylebone Road,28.661,28.661,V ugm-3 (GRAV EMFAB),False,False,False,False,17.247714285714288,7.119175109385564
2017-09-27,London Marylebone Road,34.351,34.351,V ugm-3 (GRAV EMFAB),True,True,False,False,20.180857142857143,9.350926307565668
2017-09-28,London Marylebone Road,12.971,12.971,V ugm-3 (GRAV EMFAB),False,False,False,False,20.08142857142857,9.435053786406353
2017-09-29,London Marylebone Road,16.25,16.25,V ugm-3 (GRAV EMFAB),False,False,False,False,20.414714285714286,9.219757312682466
2017-09-30,London Marylebone Road,12.008,12.008,V ugm-3 (GRAV EMFAB),False,False,False,False,20.576,9.033128435560586
2017-10-01,London Marylebone Road,15.63,15.63,V ugm-3 (GRAV EMFAB),False,False,False,False,20.890142857142855,8.77786559911864
2017-10-02,London Marylebone Road,,,V ugm-3 (GRAV EMFAB),False,False,False,False,19.9785,9.245535717307021
2017-10-03,London Marylebone Road,16.25,16.25,V ugm-3 (GRAV EMFAB),False,False,False,False,17.91,8.249162454455586
2017-10-04,London Marylebone Road,6.025,6.025,V ugm-3 (GRAV EMFAB),False,False,False,False,13.189000000000002,3.9360666661020103
2017-10-05,London Marylebone Road,,,V ugm-3 (GRAV EMFAB),False,False,False,False,13.232600000000001,4.399036121697485
2017-10-06,London Marylebone Road,,,V ugm-3 (GRAV EMFAB),False,False,False,False,12.478250000000003,4.691311001912534
2017-10-07,London Marylebone Road,8.954,8.954,V ugm-3 (GRAV EMFAB),False,False,False,False,11.71475,5.029667674575079
2017-10-08,London Marylebone Road,8.619,8.619,V ugm-3 (GRAV EMFAB),False,False,False,False,9.962,4.39160661565506
2017-10-09,London Marylebone Road,,,V ugm-3 (GRAV EMFAB),False,False,False,False,9.962,4.39160661565506
2017-10-10,London Marylebone Road,13.264,13.264,V ugm-3 (GRAV EMFAB),False,False,False,False,9.2155,2.999657591570278
2017-10-11,London Marylebone Road,10.0,10.0,V ugm-3 (GRAV EMFAB),False,False,False,False,10.20925,2.1197351053056885
2017-10-12,London Marylebone Road,7.417,7.417,V ugm-3 (GRAV EMFAB),False,False,False,False,9.6508,2.220200373839924
2017-10-13,London Marylebone Road,14.812,14.812,V ugm-3 (GRAV EMFAB),False,False,False,False,10.511000000000001,2.895357663570981
2017-10-14,London Marylebone Road,14.458,14.458,V ugm-3 (GRAV EMFAB),False,False,False,False,11.428333333333333,3.1629428490989118
2017-10-15,London Marylebone Road,21.088,21.088,V ugm-3 (GRAV EMFAB),False,False,False,False,13.5065,4.680281690240387
2017-10-16,London Marylebone Road,17.782,17.782,V ugm-3 (GRAV EMFAB),False,False,False,False,14.117285714285714,4.5678891811676126
2017-10-17,London Marylebone Road,16.695,16.695,V ugm-3 (GRAV EMFAB),False,False,False,False,14.607428571428573,4.644503987048979
2017-10-18,London Marylebone Road,20.167,20.167,V ugm-3 (GRAV EMFAB),False,False,False,False,16.059857142857144,4.55232722273529
2017-10-19,London Marylebone Road,20.167,20.167,V ugm-3 (GRAV EMFAB),False,False,False,False,17.881285714285717,2.6860295179741285
2017-10-20,London Marylebone Road,11.417,11.417,V ugm-3 (GRAV EMFAB),False,False,False,False,17.396285714285717,3.5120845526213684
2017-10-21,London Marylebone Road,9.958,9.958,V ugm-3 (GRAV EMFAB),False,False,False,False,16.75342857142857,4.431142473341082
2017-10-22,London Marylebone Road,6.667,6.667,V ugm-3 (GRAV EMFAB),False,False,False,False,14.693285714285716,5.339293858251435
2017-10-23,London Marylebone Road,12.259,12.259,V ugm-3 (GRAV EMFAB),False,False,False,False,13.904285714285717,5.213384975691077
2017-10-24,London Marylebone Road,11.213,11.213,V ugm-3 (GRAV EMFAB),False,False,False,False,13.121142857142857,5.135465588388585
2017-10-25,London Marylebone Road,13.682,13.682,V ugm-3 (GRAV EMFAB),False,False,False,False,12.194714285714285,4.1412681115122245
2017-10-26,London Marylebone Road,15.75,15.75,V ugm-3 (GRAV EMFAB),False,False,False,False,11.563714285714285,2.863453609093045
2017-10-27,London Marylebone Road,10.417,10.417,V ugm-3 (GRAV EMFAB),False,False,False,False,11.420857142857143,2.896744461665523
2017-10-28,London Marylebone Road,12.72,12.72,V ugm-3 (GRAV EMFAB),False,False,False,False,11.815428571428571,2.8520397880079407
2017-10-29,London Marylebone Road,5.333,5.333,V ugm-3 (GRAV EMFAB),False,False,False,False,11.624857142857142,3.267673149126642
2017-10-30,London Marylebone Road,11.625,11.625,V ugm-3 (GRAV EMFAB),False,False,False,False,11.534285714285714,3.255932212351477
2017-10-31,London Marylebone Road,16.375,16.375,V ugm-3 (GRAV EMFAB),False,False,False,False,12.271714285714285,3.7222137550246472
2017-11-01,London Marylebone Road,13.13,13.13,V ugm-3 (GRAV EMFAB),False,False,False,False,12.192857142857141,3.693089737539998
2017-11-02,London Marylebone Road,38.42,38.42,V ugm-3 (GRAV EMFAB),True,True,False,False,15.431428571428572,10.674149565767785
2017-11-03,London Marylebone Road,24.73,24.73,V ugm-3 (GRAV EMFAB),False,False,False,False,17.476142857142857,10.921521222317134
2017-11-04,London Marylebone Road,8.958,8.958,V ugm-3 (GRAV EMFAB),False,False,False,False,16.938714285714287,11.281207171136206
2017-11-05,London Marylebone Road,29.54,29.54,V ugm-3 (GRAV EMFAB),False,False,False,False,20.396857142857147,10.831915380463592
2017-11-06,London Marylebone Road,,,V ugm-3 (GRAV EMFAB),False,False,False,False,21.858833333333337,11.083434673722161
2017-11-07,London Marylebone Road,11.674,11.674,V ugm-3 (GRAV EMFAB),False,False,False,False,21.075333333333333,11.697758668508536
2017-11-08,London Marylebone Road,16.611,16.611,V ugm-3 (GRAV EMFAB),False,False,False,False,21.655500000000004,11.304602421138037
2017-11-09,London Marylebone Road,,,V ugm-3 (GRAV EMFAB),False,False,False,False,18.3026,8.684929867304609
2017-11-10,London Marylebone Road,11.172,11.172,V ugm-3 (GRAV EMFAB),False,False,False,False,15.591000000000003,8.283751263769298
2017-11-11,London Marylebone Road,8.833,8.833,V ugm-3 (GRAV EMFAB),False,False,False,False,15.566000000000003,8.30892426851993
2017-11-12,London Marylebone Road,6.375,6.375,V ugm-3 (GRAV EMFAB),False,False,False,False,10.933,3.808912246298021
2017-11-13,London Marylebone Road,7.833,7.833,V ugm-3 (GRAV EMFAB),False,False,False,False,10.416333333333334,3.634269757002892
2017-11-14,London Marylebone Road,15.125,15.125,V ugm-3 (GRAV EMFAB),False,False,False,False,10.9915,4.1144744378838025
2017-11-15,London Marylebone Road,17.364,17.364,V ugm-3 (GRAV EMFAB),False,False,False,False,11.116999999999999,4.326198654708223
2017-11-16,London Marylebone Road,14.208,14.208,V ugm-3 (GRAV EMFAB),False,False,False,False,11.558571428571428,4.118441406533182
2017-11-17,London Marylebone Road,14.0,14.0,V ugm-3 (GRAV EMFAB),False,False,False,False,11.962571428571428,4.211848005216598
2017-11-18,London Marylebone Road,12.875,12.875,V ugm-3 (GRAV EMFAB),False,False,False,False,12.540000000000001,3.982091661426122
2017-11-19,London Marylebone Road,11.917,11.917,V ugm-3 (GRAV EMFAB),False,False,False,False,13.331714285714286,2.975890550982691
2017-11-20,London Marylebone Road,12.917,12.917,V ugm-3 (GRAV EMFAB),False,False,False,False,14.058000000000002,1.7971848356061952
2017-11-21,London Marylebone Road,14.1,14.1,V ugm-3 (GRAV EMFAB),False,False,False,False,13.91157142857143,1.7364919480705379
2017-11-22,London Marylebone Road,13.64,13.64,V ugm-3 (GRAV EMFAB),False,False,False,False,13.379571428571428,0.8431830282015373
2017-11-23,London Marylebone Road,12.167,12.167,V ugm-3 (GRAV EMFAB),False,False,False,False,13.088,0.8616538361388595
2017-11-24,London Marylebone Road,13.792,13.792,V ugm-3 (GRAV EMFAB),False,False,False,False,13.058285714285715,0.8278864081269739
2017-11-25,London Marylebone Road,15.625,15.625,V ugm-3 (GRAV EMFAB),False,False,False,False,13.451142857142857,1.264017857016523
2017-11-26,London Marylebone Road,9.292,9.292,V ugm-3 (GRAV EMFAB),False,False,False,False,13.076142857142857,1.9810328474956242
2017-11-27,London Marylebone Road,8.708,8.708,V ugm-3 (GRAV EMFAB),False,False,False,False,12.474857142857143,2.5842949024553263
2017-11-28,London Marylebone Road,9.583,9.583,V ugm-3 (GRAV EMFAB),False,False,False,False,11.829571428571429,2.6732774427121653
2017-11-29,London Marylebone Road,,,V ugm-3 (GRAV EMFAB),False,False,False,False,11.527833333333334,2.794800416249063
2017-11-30,London Marylebone Road,5.708,5.708,V ugm-3 (GRAV EMFAB),False,False,False,False,10.451333333333332,3.621142342778846
2017-12-01,London Marylebone Road,12.58,12.58,V ugm-3 (GRAV EMFAB),False,False,False,False,10.249333333333334,3.426067814078679
2017-12-02,London Marylebone Road,33.42,33.42,V ugm-3 (GRAV EMFAB),True,True,False,False,13.215166666666667,10.137994879001766
2017-12-03,London Marylebone Road,21.46,21.46,V ugm-3 (GRAV EMFAB),False,False,False,False,15.243166666666667,10.409649723533745
2017-12-04,London Marylebone Road,9.582,9.582,V ugm-3 (GRAV EMFAB),False,False,False,False,15.388833333333332,10.305504634255723
2017-12-05,London Marylebone Road,15.105,15.105,V ugm-3 (GRAV EMFAB),False,False,False,False,16.309166666666666,9.922780949243323
2017-12-06,London Marylebone Road,,,V ugm-3 (GRAV EMFAB),False,False,False,False,16.309166666666666,9.922780949243323
2017-12-07,London Marylebone Road,5.063,5.063,V ugm-3 (GRAV EMFAB),False,False,False,False,16.201666666666668,10.063101920713425
2017-12-08,London Marylebone Road,5.523,5.523,V ugm-3 (GRAV EMFAB),False,False,False,False,15.025500000000001,10.9448375547561
2017-12-09,London Marylebone Road,8.94,8.94,V ugm-3 (GRAV EMFAB),False,False,False,False,10.945500000000001,6.288793612450579
2017-12-10,London Marylebone Road,17.167,17.167,V ugm-3 (GRAV EMFAB),False,False,False,False,10.23,4.956315889851974
2017-12-11,London Marylebone Road,6.083,6.083,V ugm-3 (GRAV EMFAB),False,False,False,False,9.646833333333333,5.2452367121671255
2017-12-12,London Marylebone Road,22.917,22.917,V ugm-3 (GRAV EMFAB),False,False,False,False,10.948833333333333,7.398608745342998
2017-12-13,London Marylebone Road,10.125,10.125,V ugm-3 (GRAV EMFAB),False,False,False,False,10.831142857142856,6.761148828134892
2017-12-14,London Marylebone Road,13.335,13.335,V ugm-3 (GRAV EMFAB),False,False,False,False,12.012857142857143,6.291548416422613
2017-12-15,London Marylebone Road,7.502,7.502,V ugm-3 (GRAV EMFAB),False,False,False,False,12.29557142857143,5.988483165130136
2017-12-16,London Marylebone Road,10.127,10.127,V ugm-3 (GRAV EMFAB),False,False,False,False,12.465142857142856,5.893685107202164
2017-12-17,London Marylebone Road,16.252,16.252,V ugm-3 (GRAV EMFAB),False,False,False,False,12.334428571428573,5.781095163177451
2017-12-18,London Marylebone Road,13.71,13.71,V ugm-3 (GRAV EMFAB),False,False,False,False,13.424000000000001,5.0831100060231655
2017-12-19,London Marylebone Road,28.752,28.752,V ugm-3 (GRAV EMFAB),False,False,False,False,14.257571428571428,7.011831545256001
2017-12-20,London Marylebone Road,21.169,21.169,V ugm-3 (GRAV EMFAB),False,False,False,False,15.835285714285716,7.167753151308635
2017-12-21,London Marylebone Road,16.419,16.419,V ugm-3 (GRAV EMFAB),False,False,False,False,16.27585714285714,7.082733498411717
2017-12-22,London Marylebone Road,12.627,12.627,V ugm-3 (GRAV EMFAB),False,False,False,False,17.008,6.239284681222123
2017-12-23,London Marylebone Road,10.96,10.96,V ugm-3 (GRAV EMFAB),False,False,False,False,17.127000000000002,6.092386724429082
2017-12-24,London Marylebone Road,5.794,5.794,V ugm-3 (GRAV EMFAB),False,False,False,False,15.633,7.46938270541814
2017-12-25,London Marylebone Road,8.294,8.294,V ugm-3 (GRAV EMFAB),False,False,False,False,14.859285714285715,7.9657875047874676
2017-12-26,London Marylebone Road,6.71,6.71,V ugm-3 (GRAV EMFAB),False,False,False,False,11.71042857142857,5.54855629442293
2017-12-27,London Marylebone Road,4.21,4.21,V ugm-3 (GRAV EMFAB),False,False,False,False,9.287714285714285,4.289986507915198
2017-12-28,London Marylebone Road,11.25,11.25,V ugm-3 (GRAV EMFAB),False,False,False,False,8.549285714285714,3.1517798524158342
2017-12-29,London Marylebone Road,8.167,8.167,V ugm-3 (GRAV EMFAB),False,False,False,False,7.912142857142858,2.590978864481447
2017-12-30,London Marylebone Road,11.417,11.417,V ugm-3 (GRAV EMFAB),False,False,False,False,7.977428571428571,2.6846409975476018
2018-01-01,London Marylebone Road,7.417,7.417,V ugm-3 (GRAV EMFAB),False,False,False,False,8.209285714285715,2.530289819650643
2018-01-02,London Marylebone Road,6.583,6.583,V ugm-3 (GRAV EMFAB),False,False,False,False,7.964857142857142,2.6023582528525107
2018-01-03,London Marylebone Road,26.125,26.125,V ugm-3 (GRAV EMFAB),False,False,False,False,10.738428571428571,7.245698076724348
2018-01-04,London Marylebone Road,8.583,8.583,V ugm-3 (GRAV EMFAB),False,False,False,False,11.363142857142858,6.761341839915344
2018-01-05,London Marylebone Road,10.084,10.084,V ugm-3 (GRAV EMFAB),False,False,False,False,11.19657142857143,6.778933590104489
2018-01-06,London Marylebone Road,15.272,15.272,V ugm-3 (GRAV EMFAB),False,False,False,False,12.211571428571428,6.781628168739939
2018-01-07,London Marylebone Road,9.163,9.163,V ugm-3 (GRAV EMFAB),False,False,False,False,11.88957142857143,6.87846324545294
2018-01-08,London Marylebone Road,,,V ugm-3 (GRAV EMFAB),False,False,False,False,12.635,7.218610143233897
2018-01-09,London Marylebone Road,13.515,13.515,V ugm-3 (GRAV EMFAB),False,False,False,False,13.790333333333335,6.58301735275444
2018-01-10,London Marylebone Road,5.542,5.542,V ugm-3 (GRAV EMFAB),False,False,False,False,10.359833333333333,3.520272910821799
2018-01-11,London Marylebone Road,12.552,12.552,V ugm-3 (GRAV EMFAB),False,False,False,False,11.021333333333333,3.492408089938207
2018-01-12,London Marylebone Road,8.285,8.285,V ugm-3 (GRAV EMFAB),False,False,False,False,10.721499999999999,3.662078576437041
2018-01-13,London Marylebone Road,19.708,19.708,V ugm-3 (GRAV EMFAB),False,False,False,False,11.460833333333333,4.976435407665397
2018-01-14,London Marylebone Road,23.083,23.083,V ugm-3 (GRAV EMFAB),False,False,False,False,13.780833333333334,6.653192719789954
2018-01-15,London Marylebone Road,10.293,10.293,V ugm-3 (GRAV EMFAB),False,False,False,False,13.28257142857143,6.2149281802538745
2018-01-16,London Marylebone Road,6.276,6.276,V ugm-3 (GRAV EMFAB),False,False,False,False,12.248428571428573,6.7491215936382165
2018-01-17,London Marylebone Road,8.667,8.667,V ugm-3 (GRAV EMFAB),False,False,False,False,12.694857142857144,6.321381848630082
2018-01-18,London Marylebone Road,7.322,7.322,V ugm-3 (GRAV EMFAB),False,False,False,False,11.947714285714284,6.642023278948561
2018-01-19,London Marylebone Road,12.5,12.5,V ugm-3 (GRAV EMFAB),False,False,False,False,12.54985714285714,6.44270066117643
2018-01-20,London Marylebone Road,7.875,7.875,V ugm-3 (GRAV EMFAB),False,False,False,False,10.85942857142857,5.768633427341948
2018-01-21,London Marylebone Road,14.226,14.226,V ugm-3 (GRAV EMFAB),False,False,False,False,9.594142857142858,2.897535126538247
2018-01-22,London Marylebone Road,10.542,10.542,V ugm-3 (GRAV EMFAB),False,False,False,False,9.629714285714286,2.9090500576811054
2018-01-23,London Marylebone Road,9.583,9.583,V ugm-3 (GRAV EMFAB),False,False,False,False,10.102142857142857,2.515548146267472
2018-01-24,London Marylebone Road,8.619,8.619,V ugm-3 (GRAV EMFAB),False,False,False,False,10.095285714285714,2.520173387836865
2018-01-25,London Marylebone Road,10.377,10.377,V ugm-3 (GRAV EMFAB),False,False,False,False,10.531714285714287,2.20463917790671
2018-01-26,London Marylebone Road,10.792,10.792,V ugm-3 (GRAV EMFAB),False,False,False,False,10.287714285714285,2.0387680687352567
2018-01-27,London Marylebone Road,12.708,12.708,V ugm-3 (GRAV EMFAB),False,False,False,False,10.978142857142858,1.8990876255515727
2018-01-28,London Marylebone Road,7.625,7.625,V ugm-3 (GRAV EMFAB),False,False,False,False,10.035142857142858,1.6385690330864024
2018-01-29,London Marylebone Road,6.75,6.75,V ugm-3 (GRAV EMFAB),False,False,False,False,9.493428571428572,2.024455882217939
2018-01-30,London Marylebone Road,15.75,15.75,V ugm-3 (GRAV EMFAB),False,False,False,False,10.374428571428572,3.116998174373362
2018-01-31,London Marylebone Road,9.25,9.25,V ugm-3 (GRAV EMFAB),False,False,False,False,10.46457142857143,3.0664853854285496
2018-02-01,London Marylebone Road,10.042,10.042,V ugm-3 (GRAV EMFAB),False,False,False,False,10.416714285714287,3.070691057633091
2018-02-02,London Marylebone Road,,,V ugm-3 (GRAV EMFAB),False,False,False,False,10.354166666666666,3.3588851970059608
2018-02-03,London Marylebone Road,35.542,35.542,V ugm-3 (GRAV EMFAB),True,True,False,False,14.159833333333333,10.939820591155327
2018-02-04,London Marylebone Road,10.0,10.0,V ugm-3 (GRAV EMFAB),False,False,False,False,14.555666666666667,10.696339891134075
2018-02-05,London Marylebone Road,7.75,7.75,V ugm-3 (GRAV EMFAB),False,False,False,False,14.722333333333333,10.557276498541949
2018-02-06,London Marylebone Road,9.582,9.582,V ugm-3 (GRAV EMFAB),False,False,False,False,13.694333333333333,10.735983041466955
2018-02-07,London Marylebone Road,,,V ugm-3 (GRAV EMFAB),False,False,False,False,14.5832,11.753766851524636
2018-02-08,London Marylebone Road,10.469,10.469,V ugm-3 (GRAV EMFAB),False,False,False,False,14.668600000000001,11.714006778212115
2018-02-09,London Marylebone Road,12.385,12.385,V ugm-3 (GRAV EMFAB),False,False,False,False,14.288000000000002,10.518721500258453
2018-02-10,London Marylebone Road,6.611,6.611,V ugm-3 (GRAV EMFAB),False,False,False,False,9.466166666666666,2.0455250100318207
2018-02-11,London Marylebone Road,16.208,16.208,V ugm-3 (GRAV EMFAB),False,False,False,False,10.500833333333333,3.4544171963828814
2018-02-12,London Marylebone Road,6.402,6.402,V ugm-3 (GRAV EMFAB),False,False,False,False,10.276166666666667,3.703930097432421
2018-02-13,London Marylebone Road,8.0,8.0,V ugm-3 (GRAV EMFAB),False,False,False,False,10.012500000000001,3.817785680207711
2018-02-14,London Marylebone Road,11.25,11.25,V ugm-3 (GRAV EMFAB),False,False,False,False,10.189285714285715,3.5163918872561872
2018-02-15,London Marylebone Road,12.333,12.333,V ugm-3 (GRAV EMFAB),False,False,False,False,10.455571428571428,3.610424391358104
2018-02-16,London Marylebone Road,9.208,9.208,V ugm-3 (GRAV EMFAB),False,False,False,False,10.001714285714286,3.526159890224461
2018-02-17,London Marylebone Road,17.542,17.542,V ugm-3 (GRAV EMFAB),False,False,False,False,11.563285714285715,4.141099882651296
2018-02-18,London Marylebone Road,16.083,16.083,V ugm-3 (GRAV EMFAB),False,False,False,False,11.545428571428573,4.117937665755391
2018-02-19,London Marylebone Road,14.875,14.875,V ugm-3 (GRAV EMFAB),False,False,False,False,12.755857142857142,3.5618275004352142
2018-02-20,London Marylebone Road,5.917,5.917,V ugm-3 (GRAV EMFAB),False,False,False,False,12.458285714285713,4.07536582056482
2018-02-21,London Marylebone Road,33.375,33.375,V ugm-3 (GRAV EMFAB),True,True,False,False,15.619,8.810692538047144
2018-02-22,London Marylebone Road,19.708,19.708,V ugm-3 (GRAV EMFAB),False,False,False,False,16.672571428571427,8.793196742503868
2018-02-23,London Marylebone Road,16.875,16.875,V ugm-3 (GRAV EMFAB),False,False,False,False,17.767857142857142,8.163388275885016
2018-02-24,London Marylebone Road,19.458,19.458,V ugm-3 (GRAV EMFAB),False,False,False,False,18.041571428571427,8.186641392275227
2018-02-25,London Marylebone Road,7.958,7.958,V ugm-3 (GRAV EMFAB),False,False,False,False,16.880857142857145,9.041922646365476
2018-02-26,London Marylebone Road,5.75,5.75,V ugm-3 (GRAV EMFAB),False,False,False,False,15.577285714285713,9.987622501781637
2018-02-27,London Marylebone Road,7.083,7.083,V ugm-3 (GRAV EMFAB),False,False,False,False,15.743857142857143,9.80776195042427
2018-02-28,London Marylebone Road,15.25,15.25,V ugm-3 (GRAV EMFAB),False,False,False,False,13.154571428571428,6.049918177329376
2018-03-01,London Marylebone Road,10.921,10.921,V ugm-3 (GRAV EMFAB),False,False,False,False,11.899285714285712,5.3326084834811
2018-03-02,London Marylebone Road,12.583,12.583,V ugm-3 (GRAV EMFAB),False,False,False,False,11.286142857142854,4.8938465249252685
2018-03-03,London Marylebone Road,60.167,60.167,V ugm-3 (GRAV EMFAB),True,True,False,False,17.101714285714287,19.27654555597108
2018-03-04,London Marylebone Road,10.417,10.417,V ugm-3 (GRAV EMFAB),False,False,False,False,17.453,19.103775080683217
2018-03-05,London Marylebone Road,12.594,12.594,V ugm-3 (GRAV EMFAB),False,False,False,False,18.430714285714288,18.57275571649942
2018-03-06,London Marylebone Road,9.623,9.623,V ugm-3 (GRAV EMFAB),False,False,False,False,18.79357142857143,18.337425681350354
2018-03-07,London Marylebone Road,,,V ugm-3 (GRAV EMFAB),False,False,False,False,19.38416666666667,20.014581528642225
2018-03-08,London Marylebone Road,8.502,8.502,V ugm-3 (GRAV EMFAB),False,False,False,False,18.980999999999998,20.242225519937275
2018-03-09,London Marylebone Road,12.72,12.72,V ugm-3 (GRAV EMFAB),False,False,False,False,19.003833333333333,20.233640595964594
2018-03-10,London Marylebone Road,9.833,9.833,V ugm-3 (GRAV EMFAB),False,False,False,False,10.614833333333333,1.699825098845665
2018-03-11,London Marylebone Road,13.333,13.333,V ugm-3 (GRAV EMFAB),False,False,False,False,11.100833333333334,2.0188681399897623
2018-03-12,London Marylebone Road,16.778,16.778,V ugm-3 (GRAV EMFAB),False,False,False,False,11.798166666666667,3.0809795466159438
2018-03-13,London Marylebone Road,12.25,12.25,V ugm-3 (GRAV EMFAB),False,False,False,False,12.235999999999999,2.8908403622474834
2018-03-14,London Marylebone Road,10.209,10.209,V ugm-3 (GRAV EMFAB),False,False,False,False,11.946428571428571,2.747925208658385
2018-03-15,London Marylebone Road,11.046,11.046,V ugm-3 (GRAV EMFAB),False,False,False,False,12.309857142857142,2.3568580376261776
2018-03-16,London Marylebone Road,13.305,13.305,V ugm-3 (GRAV EMFAB),False,False,False,False,12.393428571428572,2.3840400484010886
2018-03-17,London Marylebone Road,12.208,12.208,V ugm-3 (GRAV EMFAB),False,False,False,False,12.732714285714284,2.1124498979686863
2018-03-18,London Marylebone Road,17.042,17.042,V ugm-3 (GRAV EMFAB),False,False,False,False,13.262571428571428,2.6776553087319392
2018-03-19,London Marylebone Road,11.167,11.167,V ugm-3 (GRAV EMFAB),False,False,False,False,12.461,2.2566417526934406
2018-03-20,London Marylebone Road,6.625,6.625,V ugm-3 (GRAV EMFAB),False,False,False,False,11.657428571428571,3.163565438822713
2018-03-21,London Marylebone Road,14.625,14.625,V ugm-3 (GRAV EMFAB),False,False,False,False,12.288285714285715,3.2652602609023194
2018-03-22,London Marylebone Road,12.594,12.594,V ugm-3 (GRAV EMFAB),False,False,False,False,12.509428571428572,3.2191977705188624
2018-03-23,London Marylebone Road,11.297,11.297,V ugm-3 (GRAV EMFAB),False,False,False,False,12.222571428571428,3.2259480703167336
2018-03-24,London Marylebone Road,22.5,22.5,V ugm-3 (GRAV EMFAB),False,False,False,False,13.692857142857141,5.04865643607517
2018-03-25,London Marylebone Road,24.292,24.292,V ugm-3 (GRAV EMFAB),False,False,False,False,14.728571428571428,6.4102747433876655
2018-03-26,London Marylebone Road,10.418,10.418,V ugm-3 (GRAV EMFAB),False,False,False,False,14.621571428571428,6.485443003556539
2018-03-27,London Marylebone Road,9.749,9.749,V ugm-3 (GRAV EMFAB),False,False,False,False,15.067857142857141,5.926893886586522
2018-03-28,London Marylebone Road,9.75,9.75,V ugm-3 (GRAV EMFAB),False,False,False,False,14.37142857142857,6.264407656412039
2018-03-29,London Marylebone Road,10.5,10.5,V ugm-3 (GRAV EMFAB),False,False,False,False,14.072285714285714,6.411696621911242
2018-03-30,London Marylebone Road,8.042,8.042,V ugm-3 (GRAV EMFAB),False,False,False,False,13.607285714285714,6.755339634054531
2018-03-31,London Marylebone Road,8.208,8.208,V ugm-3 (GRAV EMFAB),False,False,False,False,11.56557142857143,5.696481658507605
2018-04-01,London Marylebone Road,10.042,10.042,V ugm-3 (GRAV EMFAB),False,False,False,False,9.529857142857143,1.0041395036827536
2018-04-02,London Marylebone Road,3.917,3.917,V ugm-3 (GRAV EMFAB),False,False,False,False,8.601142857142857,2.263020579415082
2018-04-03,London Marylebone Road,18.536,18.536,V ugm-3 (GRAV EMFAB),False,False,False,False,9.856428571428571,4.417412283873152
2018-04-04,London Marylebone Road,7.542,7.542,V ugm-3 (GRAV EMFAB),False,False,False,False,9.540999999999999,4.504256764439512
2018-04-05,London Marylebone Road,13.515,13.515,V ugm-3 (GRAV EMFAB),False,False,False,False,9.971714285714285,4.748760635305565
2018-04-06,London Marylebone Road,8.703,8.703,V ugm-3 (GRAV EMFAB),False,False,False,False,10.066142857142856,4.710410223769224
2018-04-07,London Marylebone Road,,,V ugm-3 (GRAV EMFAB),False,False,False,False,10.375833333333333,5.081331377372044
2018-04-08,London Marylebone Road,5.322,5.322,V ugm-3 (GRAV EMFAB),False,False,False,False,9.589166666666666,5.492110028637955
2018-04-09,London Marylebone Road,8.117,8.117,V ugm-3 (GRAV EMFAB),False,False,False,False,10.289166666666667,4.85530972922075
2018-04-10,London Marylebone Road,15.816,15.816,V ugm-3 (GRAV EMFAB),False,False,False,False,9.835833333333333,3.979264324804978
2018-04-11,London Marylebone Road,14.917,14.917,V ugm-3 (GRAV EMFAB),False,False,False,False,11.065,4.258267300205457
2018-04-12,London Marylebone Road,14.292,14.292,V ugm-3 (GRAV EMFAB),False,False,False,False,11.1945,4.358316406595451
2018-04-13,London Marylebone Road,22.561,22.561,V ugm-3 (GRAV EMFAB),False,False,False,False,13.504166666666668,6.098475200135357
2018-04-14,London Marylebone Road,31.651,31.651,V ugm-3 (GRAV EMFAB),True,True,False,False,16.09657142857143,8.833842328551825
2018-04-15,London Marylebone Road,20.689,20.689,V ugm-3 (GRAV EMFAB),False,False,False,False,18.291857142857143,7.522019640774031
2018-04-16,London Marylebone Road,11.024,11.024,V ugm-3 (GRAV EMFAB),False,False,False,False,18.707142857142856,6.923046906976026
2018-04-17,London Marylebone Road,9.852,9.852,V ugm-3 (GRAV EMFAB),False,False,False,False,17.855142857142855,7.6653439894234525
2018-04-18,London Marylebone Road,14.915,14.915,V ugm-3 (GRAV EMFAB),False,False,False,False,17.854857142857142,7.6654717930159775
2018-04-19,London Marylebone Road,19.414,19.414,V ugm-3 (GRAV EMFAB),False,False,False,False,18.58657142857143,7.511611918825908
2018-04-20,London Marylebone Road,17.406,17.406,V ugm-3 (GRAV EMFAB),False,False,False,False,17.850142857142856,7.306928890411045
2018-04-21,London Marylebone Road,25.063,25.063,V ugm-3 (GRAV EMFAB),False,False,False,False,16.909,5.411541062088171
2018-04-22,London Marylebone Road,15.565,15.565,V ugm-3 (GRAV EMFAB),False,False,False,False,16.177,5.1555120663874225
2018-04-23,London Marylebone Road,8.285,8.285,V ugm-3 (GRAV EMFAB),False,False,False,False,15.785714285714286,5.6882093173594495
2018-04-24,London Marylebone Road,10.669,10.669,V ugm-3 (GRAV EMFAB),False,False,False,False,15.902428571428572,5.552939097365218
2018-04-25,London Marylebone Road,8.494,8.494,V ugm-3 (GRAV EMFAB),False,False,False,False,14.985142857142858,6.232050262649526
2018-04-26,London Marylebone Road,10.25,10.25,V ugm-3 (GRAV EMFAB),False,False,False,False,13.676,6.1079254525029025
2018-04-27,London Marylebone Road,11.875,11.875,V ugm-3 (GRAV EMFAB),False,False,False,False,12.885857142857143,5.899165772337915
2018-04-28,London Marylebone Road,6.458,6.458,V ugm-3 (GRAV EMFAB),False,False,False,False,10.228,2.954827913770816
2018-04-29,London Marylebone Road,4.792,4.792,V ugm-3 (GRAV EMFAB),False,False,False,False,8.689,2.479009479610572
2018-04-30,London Marylebone Road,6.625,6.625,V ugm-3 (GRAV EMFAB),False,False,False,False,8.451857142857143,2.6005176041555407
2018-05-01,London Marylebone Road,9.708,9.708,V ugm-3 (GRAV EMFAB),False,False,False,False,8.314571428571428,2.486845113602106
2018-05-02,London Marylebone Road,6.708,6.708,V ugm-3 (GRAV EMFAB),False,False,False,False,8.05942857142857,2.5560250296857396
2018-05-03,London Marylebone Road,10.879,10.879,V ugm-3 (GRAV EMFAB),False,False,False,False,8.149285714285714,2.6550092099201734
2018-05-04,London Marylebone Road,6.311,6.311,V ugm-3 (GRAV EMFAB),False,False,False,False,7.354428571428571,2.135813885239052
2018-05-05,London Marylebone Road,16.82,16.82,V ugm-3 (GRAV EMFAB),False,False,False,False,8.834714285714286,4.099287406134672
2018-05-06,London Marylebone Road,6.862,6.862,V ugm-3 (GRAV EMFAB),False,False,False,False,9.13042857142857,3.8245016606585573
2018-05-07,London Marylebone Road,16.228,16.228,V ugm-3 (GRAV EMFAB),False,False,False,False,10.502285714285714,4.44757014987897
2018-05-08,London Marylebone Road,7.331,7.331,V ugm-3 (GRAV EMFAB),False,False,False,False,10.162714285714285,4.606232796052296
2018-05-09,London Marylebone Road,7.657,7.657,V ugm-3 (GRAV EMFAB),False,False,False,False,10.298285714285715,4.5003551605876355
2018-05-10,London Marylebone Road,17.573,17.573,V ugm-3 (GRAV EMFAB),False,False,False,False,11.254571428571428,5.2868081377815805
2018-05-11,London Marylebone Road,33.875,33.875,V ugm-3 (GRAV EMFAB),True,True,False,False,15.192285714285715,9.542953555971447
2018-05-12,London Marylebone Road,11.339,11.339,V ugm-3 (GRAV EMFAB),False,False,False,False,14.409285714285714,9.611750702729864
2018-05-13,London Marylebone Road,11.13,11.13,V ugm-3 (GRAV EMFAB),False,False,False,False,15.019000000000002,9.178820203780704
2018-05-14,London Marylebone Road,5.9,5.9,V ugm-3 (GRAV EMFAB),False,False,False,False,13.543571428571427,9.763543548274214
2018-05-15,London Marylebone Road,6.946,6.946,V ugm-3 (GRAV EMFAB),False,False,False,False,13.48857142857143,9.805367796214838
2018-05-16,London Marylebone Road,7.699,7.699,V ugm-3 (GRAV EMFAB),False,False,False,False,13.494571428571428,9.801216639736468
2018-05-17,London Marylebone Road,6.653,6.653,V ugm-3 (GRAV EMFAB),False,False,False,False,11.934571428571429,9.912293761740868
2018-05-18,London Marylebone Road,7.908,7.908,V ugm-3 (GRAV EMFAB),False,False,False,False,8.225,2.1612433150077655
2018-05-19,London Marylebone Road,13.766,13.766,V ugm-3 (GRAV EMFAB),False,False,False,False,8.571714285714286,2.8340208605609005
2018-05-20,London Marylebone Road,15.565,15.565,V ugm-3 (GRAV EMFAB),False,False,False,False,9.205285714285713,3.8240766952857674
2018-05-21,London Marylebone Road,14.686,14.686,V ugm-3 (GRAV EMFAB),False,False,False,False,10.46042857142857,3.9963943272713767
2018-05-22,London Marylebone Road,11.088,11.088,V ugm-3 (GRAV EMFAB),False,False,False,False,11.052142857142858,3.6837201046663504
2018-05-23,London Marylebone Road,12.259,12.259,V ugm-3 (GRAV EMFAB),False,False,False,False,11.703571428571431,3.3828288387650134
2018-05-24,London Marylebone Road,16.695,16.695,V ugm-3 (GRAV EMFAB),False,False,False,False,13.138142857142856,2.9905770585050178
2018-05-25,London Marylebone Road,20.962,20.962,V ugm-3 (GRAV EMFAB),False,False,False,False,15.003,3.2448884932047863
2018-05-26,London Marylebone Road,19.749,19.749,V ugm-3 (GRAV EMFAB),False,False,False,False,15.857714285714284,3.6298852008607816
2018-05-27,London Marylebone Road,14.77,14.77,V ugm-3 (GRAV EMFAB),False,False,False,False,15.744142857142856,3.652933772032649
2018-05-28,London Marylebone Road,20.544,20.544,V ugm-3 (GRAV EMFAB),False,False,False,False,16.581,4.022441298515068
2018-05-29,London Marylebone Road,16.527,16.527,V ugm-3 (GRAV EMFAB),False,False,False,False,17.358,3.232232664892741
2018-05-30,London Marylebone Road,16.151,16.151,V ugm-3 (GRAV EMFAB),False,False,False,False,17.913999999999998,2.448709319893442
2018-05-31,London Marylebone Road,21.548,21.548,V ugm-3 (GRAV EMFAB),False,False,False,False,18.607285714285716,2.7182268555245623
2018-06-01,London Marylebone Road,11.125,11.125,V ugm-3 (GRAV EMFAB),False,False,False,False,17.201999999999998,3.6730701962617447
2018-06-02,London Marylebone Road,13.333,13.333,V ugm-3 (GRAV EMFAB),False,False,False,False,16.28542857142857,3.731619347197744
2018-06-03,London Marylebone Road,12.176,12.176,V ugm-3 (GRAV EMFAB),False,False,False,False,15.914857142857143,4.024498205928704
2018-06-04,London Marylebone Road,10.438,10.438,V ugm-3 (GRAV EMFAB),False,False,False,False,14.471142857142855,3.8977843889646584
2018-06-05,London Marylebone Road,,,V ugm-3 (GRAV EMFAB),False,False,False,False,14.128499999999997,4.152718760041344
2018-06-06,London Marylebone Road,9.54,9.54,V ugm-3 (GRAV EMFAB),False,False,False,False,13.026666666666666,4.379611200399632
2018-06-07,London Marylebone Road,14.31,14.31,V ugm-3 (GRAV EMFAB),False,False,False,False,11.820333333333332,1.8004084721711957
2018-06-08,London Marylebone Road,11.431,11.431,V ugm-3 (GRAV EMFAB),False,False,False,False,11.871333333333332,1.7810019277546623
2018-06-09,London Marylebone Road,10.293,10.293,V ugm-3 (GRAV EMFAB),False,False,False,False,11.364666666666666,1.7131397685728347
2018-06-10,London Marylebone Road,7.208,7.208,V ugm-3 (GRAV EMFAB),False,False,False,False,10.536666666666667,2.3315381761115828
2018-06-11,London Marylebone Road,18.536,18.536,V ugm-3 (GRAV EMFAB),False,False,False,False,11.886333333333333,4.005754593914339
2018-06-12,London Marylebone Road,13.054,13.054,V ugm-3 (GRAV EMFAB),False,False,False,False,12.053142857142857,3.683273382403635
2018-06-13,London Marylebone Road,10.084,10.084,V ugm-3 (GRAV EMFAB),False,False,False,False,12.130857142857144,3.6267151541750726
2018-06-14,London Marylebone Road,9.089,9.089,V ugm-3 (GRAV EMFAB),False,False,False,False,11.385000000000002,3.640707074182056
2018-06-15,London Marylebone Road,9.172,9.172,V ugm-3 (GRAV EMFAB),False,False,False,False,11.062285714285716,3.7348522824106203
2018-06-16,London Marylebone Road,,,V ugm-3 (GRAV EMFAB),False,False,False,False,11.1905,4.074415185029516
2018-06-17,London Marylebone Road,,,V ugm-3 (GRAV EMFAB),False,False,False,False,11.987,3.99912265378282
2018-06-18,London Marylebone Road,,,V ugm-3 (GRAV EMFAB),False,False,False,False,10.34975,1.8583305007447977
2018-06-19,London Marylebone Road,9.214,9.214,V ugm-3 (GRAV EMFAB),False,False,False,False,9.38975,0.4657383922314176
2018-06-20,London Marylebone Road,,,V ugm-3 (GRAV EMFAB),False,False,False,False,9.158333333333333,0.06361079570918292
2018-06-21,London Marylebone Road,,,V ugm-3 (GRAV EMFAB),False,False,False,False,9.193,0.029698484723220047
2018-06-22,London Marylebone Road,,,V ugm-3 (GRAV EMFAB),False,False,False,False,9.214,
2018-06-23,London Marylebone Road,,,V ugm-3 (GRAV EMFAB),False,False,False,False,9.214,
2018-06-24,London Marylebone Road,,,V ugm-3 (GRAV EMFAB),False,False,False,False,9.214,
2018-06-25,London Marylebone Road,,,V ugm-3 (GRAV EMFAB),False,False,False,False,9.214,
2018-06-26,London Marylebone Road,,,V ugm-3 (GRAV EMFAB),False,False,False,False,,
2018-06-27,London Marylebone Road,10.511,10.511,V ugm-3 (GRAV EMFAB),False,False,False,False,10.511,
2018-06-28,London Marylebone Road,2.092,2.092,V ugm-3 (GRAV EMFAB),False,False,False,False,6.3015,5.953131990809544
2018-06-29,London Marylebone Road,8.368,8.368,V ugm-3 (GRAV EMFAB),False,False,False,False,6.990333333333333,4.375313055466241
2018-06-30,London Marylebone Road,7.49,7.49,V ugm-3 (GRAV EMFAB),False,False,False,False,7.11525,3.581153387294844
2018-07-01,London Marylebone Road,4.0,4.0,V ugm-3 (GRAV EMFAB),False,False,False,False,6.4921999999999995,3.3999192931597655
2018-07-02,London Marylebone Road,8.458,8.458,V ugm-3 (GRAV EMFAB),False,False,False,False,6.8198333333333325,3.1450950012148544
2018-07-03,London Marylebone Road,15.021,15.021,V ugm-3 (GRAV EMFAB),False,False,False,False,7.991428571428571,4.2250995987133395
2018-07-04,London Marylebone Road,16.505,16.505,V ugm-3 (GRAV EMFAB),False,False,False,False,8.847714285714286,5.29321706571362
2018-07-05,London Marylebone Road,,,V ugm-3 (GRAV EMFAB),False,False,False,False,9.973666666666666,4.792965539899767
2018-07-06,London Marylebone Road,9.372,9.372,V ugm-3 (GRAV EMFAB),False,False,False,False,10.141,4.742961690758212
2018-07-07,London Marylebone Road,13.389,13.389,V ugm-3 (GRAV EMFAB),False,False,False,False,11.124166666666667,4.694687014771769
2018-07-08,London Marylebone Road,13.23,13.23,V ugm-3 (GRAV EMFAB),False,False,False,False,12.6625,3.1522181872452917
2018-07-09,London Marylebone Road,7.531,7.531,V ugm-3 (GRAV EMFAB),False,False,False,False,12.508000000000001,3.4115582363488968
2018-07-10,London Marylebone Road,3.891,3.891,V ugm-3 (GRAV EMFAB),False,False,False,False,10.653,4.593147461164294
2018-07-11,London Marylebone Road,8.452,8.452,V ugm-3 (GRAV EMFAB),False,False,False,False,9.310833333333333,3.613171649211628
2018-07-12,London Marylebone Road,7.333,7.333,V ugm-3 (GRAV EMFAB),False,False,False,False,9.028285714285714,3.3820122074629744
2018-07-13,London Marylebone Road,10.753,10.753,V ugm-3 (GRAV EMFAB),False,False,False,False,9.225571428571428,3.445095250601106
2018-07-14,London Marylebone Road,12.803,12.803,V ugm-3 (GRAV EMFAB),False,False,False,False,9.141857142857143,3.3323387397127693
2018-07-15,London Marylebone Road,11.046,11.046,V ugm-3 (GRAV EMFAB),False,False,False,False,8.829857142857142,2.968117497032503
2018-07-16,London Marylebone Road,11.046,11.046,V ugm-3 (GRAV EMFAB),False,False,False,False,9.331999999999999,3.0088080696515043
2018-07-17,London Marylebone Road,4.059,4.059,V ugm-3 (GRAV EMFAB),False,False,False,False,9.356,2.958422214627251
2018-07-18,London Marylebone Road,10.293,10.293,V ugm-3 (GRAV EMFAB),False,False,False,False,9.619,2.9464708268254314
2018-07-19,London Marylebone Road,10.711,10.711,V ugm-3 (GRAV EMFAB),False,False,False,False,10.101571428571429,2.7816866500466273
2018-07-20,London Marylebone Road,,,V ugm-3 (GRAV EMFAB),False,False,False,False,9.993,3.030894191488711
2018-07-21,London Marylebone Road,13.849,13.849,V ugm-3 (GRAV EMFAB),False,False,False,False,10.167333333333334,3.2472105362397854
2018-07-22,London Marylebone Road,10.795,10.795,V ugm-3 (GRAV EMFAB),False,False,False,False,10.1255,3.2352215225545233
2018-07-23,London Marylebone Road,11.757,11.757,V ugm-3 (GRAV EMFAB),False,False,False,False,10.244,3.2882673248992402
2018-07-24,London Marylebone Road,12.803,12.803,V ugm-3 (GRAV EMFAB),False,False,False,False,11.701333333333332,1.3867114576099329
2018-07-25,London Marylebone Road,11.766,11.766,V ugm-3 (GRAV EMFAB),False,False,False,False,11.946833333333336,1.206150971755469
2018-07-26,London Marylebone Road,15.95,15.95,V ugm-3 (GRAV EMFAB),False,False,False,False,12.82,1.8545910600453102
2018-07-27,London Marylebone Road,15.448,15.448,V ugm-3 (GRAV EMFAB),False,False,False,False,13.19542857142857,1.962876193849459
2018-07-28,London Marylebone Road,9.172,9.172,V ugm-3 (GRAV EMFAB),False,False,False,False,12.527285714285714,2.441079523099407
2018-07-29,London Marylebone Road,,,V ugm-3 (GRAV EMFAB),False,False,False,False,12.816000000000003,2.5397742419356857
2018-07-30,London Marylebone Road,,,V ugm-3 (GRAV EMFAB),False,False,False,False,13.027800000000003,2.7796802334081487
2018-07-31,London Marylebone Road,,,V ugm-3 (GRAV EMFAB),False,False,False,False,13.084000000000001,3.206416483656894
2018-08-01,London Marylebone Road,11.292,11.292,V ugm-3 (GRAV EMFAB),False,False,False,False,12.9655,3.2792931657091353
2018-08-02,London Marylebone Road,15.25,15.25,V ugm-3 (GRAV EMFAB),False,False,False,False,12.790500000000002,3.0795286977068392
2018-08-03,London Marylebone Road,9.792,9.792,V ugm-3 (GRAV EMFAB),False,False,False,False,11.3765,2.731397871664496
2018-08-04,London Marylebone Road,16.145,16.145,V ugm-3 (GRAV EMFAB),False,False,False,False,13.11975,3.060756592195243
2018-08-05,London Marylebone Road,,,V ugm-3 (GRAV EMFAB),False,False,False,False,13.11975,3.060756592195243
2018-08-06,London Marylebone Road,8.787,8.787,V ugm-3 (GRAV EMFAB),False,False,False,False,12.2532,3.28340032588169
2018-08-07,London Marylebone Road,,,V ugm-3 (GRAV EMFAB),False,False,False,False,12.2532,3.28340032588169
2018-08-08,London Marylebone Road,5.983,5.983,V ugm-3 (GRAV EMFAB),False,False,False,False,11.1914,4.3553782040139755
2018-08-09,London Marylebone Road,9.247,9.247,V ugm-3 (GRAV EMFAB),False,False,False,False,9.990799999999998,3.7409401492138334
2018-08-10,London Marylebone Road,10.879,10.879,V ugm-3 (GRAV EMFAB),False,False,False,False,10.2082,3.7580445979258967
2018-08-11,London Marylebone Road,9.042,9.042,V ugm-3 (GRAV EMFAB),False,False,False,False,8.787600000000001,1.768862855056894
2018-08-12,London Marylebone Road,8.996,8.996,V ugm-3 (GRAV EMFAB),False,False,False,False,8.822333333333333,1.5844049566530292
2018-08-13,London Marylebone Road,6.109,6.109,V ugm-3 (GRAV EMFAB),False,False,False,False,8.376,1.9348045896162287
2018-08-14,London Marylebone Road,7.113,7.113,V ugm-3 (GRAV EMFAB),False,False,False,False,8.195571428571428,1.8296006720177056
2018-08-15,London Marylebone Road,8.912,8.912,V ugm-3 (GRAV EMFAB),False,False,False,False,8.614,1.5533218168385725
2018-08-16,London Marylebone Road,9.582,9.582,V ugm-3 (GRAV EMFAB),False,False,False,False,8.661857142857142,1.5809888707779782
2018-08-17,London Marylebone Road,8.201,8.201,V ugm-3 (GRAV EMFAB),False,False,False,False,8.279285714285715,1.242933051869083
2018-08-18,London Marylebone Road,9.833,9.833,V ugm-3 (GRAV EMFAB),False,False,False,False,8.392285714285714,1.3547575077341056
2018-08-19,London Marylebone Road,7.197,7.197,V ugm-3 (GRAV EMFAB),False,False,False,False,8.135285714285715,1.3912884573044493
2018-08-20,London Marylebone Road,7.531,7.531,V ugm-3 (GRAV EMFAB),False,False,False,False,8.33842857142857,1.124319031998617
2018-08-21,London Marylebone Road,7.95,7.95,V ugm-3 (GRAV EMFAB),False,False,False,False,8.458,1.0110786319569909
2018-08-22,London Marylebone Road,10.669,10.669,V ugm-3 (GRAV EMFAB),False,False,False,False,8.709,1.3149827628781618
2018-08-23,London Marylebone Road,7.49,7.49,V ugm-3 (GRAV EMFAB),False,False,False,False,8.410142857142857,1.3212179265828292
2018-08-24,London Marylebone Road,5.875,5.875,V ugm-3 (GRAV EMFAB),False,False,False,False,8.077857142857143,1.6372748118516434
2018-08-25,London Marylebone Road,6.067,6.067,V ugm-3 (GRAV EMFAB),False,False,False,False,7.539857142857143,1.582241282545272
2018-08-26,London Marylebone Road,8.201,8.201,V ugm-3 (GRAV EMFAB),False,False,False,False,7.683285714285715,1.591460619921817
2018-08-27,London Marylebone Road,6.778,6.778,V ugm-3 (GRAV EMFAB),False,False,False,False,7.575714285714285,1.6284876127136907
2018-08-28,London Marylebone Road,9.331,9.331,V ugm-3 (GRAV EMFAB),False,False,False,False,7.773000000000001,1.7597498875313773
2018-08-29,London Marylebone Road,7.322,7.322,V ugm-3 (GRAV EMFAB),False,False,False,False,7.294857142857144,1.210823332636589
2018-08-30,London Marylebone Road,6.611,6.611,V ugm-3 (GRAV EMFAB),False,False,False,False,7.1692857142857145,1.232596272681613
2018-08-31,London Marylebone Road,9.0,9.0,V ugm-3 (GRAV EMFAB),False,False,False,False,7.615714285714286,1.2514665682424766
2018-09-01,London Marylebone Road,21.632,21.632,V ugm-3 (GRAV EMFAB),False,False,False,False,9.839285714285714,5.304791410108594
2018-09-02,London Marylebone Road,6.583,6.583,V ugm-3 (GRAV EMFAB),False,False,False,False,9.608142857142857,5.422027585955015
2018-09-03,London Marylebone Road,13.75,13.75,V ugm-3 (GRAV EMFAB),False,False,False,False,10.604142857142858,5.455753214988483
2018-09-04,London Marylebone Road,18.27,18.27,V ugm-3 (GRAV EMFAB),False,False,False,False,11.881142857142859,6.114475023215307
2018-09-05,London Marylebone Road,12.78,12.78,V ugm-3 (GRAV EMFAB),False,False,False,False,12.660857142857141,5.774762749197912
2018-09-06,London Marylebone Road,9.456,9.456,V ugm-3 (GRAV EMFAB),False,False,False,False,13.067285714285713,5.363477687542097
2018-09-07,London Marylebone Road,,,V ugm-3 (GRAV EMFAB),False,False,False,False,13.745166666666668,5.537172723210525
2018-09-08,London Marylebone Road,8.375,8.375,V ugm-3 (GRAV EMFAB),False,False,False,False,11.535666666666666,4.257854326614132
2018-09-09,London Marylebone Road,7.908,7.908,V ugm-3 (GRAV EMFAB),False,False,False,False,11.7565,3.97454579794975
2018-09-10,London Marylebone Road,13.389,13.389,V ugm-3 (GRAV EMFAB),False,False,False,False,11.696333333333333,3.9409228699210392
2018-09-11,London Marylebone Road,9.0,9.0,V ugm-3 (GRAV EMFAB),False,False,False,False,10.151333333333334,2.340484365824026
2018-09-12,London Marylebone Road,5.708,5.708,V ugm-3 (GRAV EMFAB),False,False,False,False,8.972666666666667,2.5253565028856233
2018-09-13,London Marylebone Road,11.423,11.423,V ugm-3 (GRAV EMFAB),False,False,False,False,9.3005,2.7207646535487107
2018-09-14,London Marylebone Road,10.375,10.375,V ugm-3 (GRAV EMFAB),False,False,False,False,9.453999999999999,2.5166914789063894
2018-09-15,London Marylebone Road,11.046,11.046,V ugm-3 (GRAV EMFAB),False,False,False,False,9.835571428571429,2.5282886739942585
2018-09-16,London Marylebone Road,8.828,8.828,V ugm-3 (GRAV EMFAB),False,False,False,False,9.967,2.433523371574645
2018-09-17,London Marylebone Road,10.586,10.586,V ugm-3 (GRAV EMFAB),False,False,False,False,9.56657142857143,1.961414953304794
2018-09-18,London Marylebone Road,10.879,10.879,V ugm-3 (GRAV EMFAB),False,False,False,False,9.834999999999999,1.9991656593022402
2018-09-19,London Marylebone Road,11.883,11.883,V ugm-3 (GRAV EMFAB),False,False,False,False,10.717142857142857,0.9742452512195452
2018-09-20,London Marylebone Road,11.674,11.674,V ugm-3 (GRAV EMFAB),False,False,False,False,10.752999999999998,1.0085686226859782
2018-09-21,London Marylebone Road,8.577,8.577,V ugm-3 (GRAV EMFAB),False,False,False,False,10.496142857142857,1.3059815502233694
2018-09-22,London Marylebone Road,8.583,8.583,V ugm-3 (GRAV EMFAB),False,False,False,False,10.144285714285715,1.4562895447318385
2018-09-23,London Marylebone Road,,,V ugm-3 (GRAV EMFAB),False,False,False,False,10.363666666666667,1.4630994042329106
2018-09-24,London Marylebone Road,,,V ugm-3 (GRAV EMFAB),False,False,False,False,10.3192,1.6312557126336873
2018-09-25,London Marylebone Road,15.583,15.583,V ugm-3 (GRAV EMFAB),False,False,False,False,11.26,2.8988218296404544
2018-09-26,London Marylebone Road,14.708,14.708,V ugm-3 (GRAV EMFAB),False,False,False,False,11.825,3.2983754334520543
2018-09-27,London Marylebone Road,15.146,15.146,V ugm-3 (GRAV EMFAB),False,False,False,False,12.519400000000001,3.6094461209443236
2018-09-28,London Marylebone Road,5.188,5.188,V ugm-3 (GRAV EMFAB),False,False,False,False,11.841600000000001,4.691008665521737
2018-09-29,London Marylebone Road,11.715,11.715,V ugm-3 (GRAV EMFAB),False,False,False,False,12.468,4.343325856990243
2018-09-30,London Marylebone Road,9.121,9.121,V ugm-3 (GRAV EMFAB),False,False,False,False,11.910166666666667,4.118088363144566
2018-10-01,London Marylebone Road,15.333,15.333,V ugm-3 (GRAV EMFAB),False,False,False,False,12.399142857142857,3.9756626880966435
2018-10-02,London Marylebone Road,9.958,9.958,V ugm-3 (GRAV EMFAB),False,False,False,False,11.595571428571429,3.7889643640948876
2018-10-03,London Marylebone Road,13.515,13.515,V ugm-3 (GRAV EMFAB),False,False,False,False,11.425142857142857,3.649912758252883
2018-10-04,London Marylebone Road,22.405,22.405,V ugm-3 (GRAV EMFAB),False,False,False,False,12.462142857142856,5.463760622763151
2018-10-05,London Marylebone Road,8.577,8.577,V ugm-3 (GRAV EMFAB),False,False,False,False,12.946285714285713,4.824529362686955
2018-10-06,London Marylebone Road,9.079,9.079,V ugm-3 (GRAV EMFAB),False,False,False,False,12.569714285714285,5.034939480413702
2018-10-07,London Marylebone Road,,,V ugm-3 (GRAV EMFAB),False,False,False,False,13.1445,5.257904363907738
2018-10-08,London Marylebone Road,6.458,6.458,V ugm-3 (GRAV EMFAB),False,False,False,False,11.665333333333335,5.744909700479782
2018-10-09,London Marylebone Road,9.121,9.121,V ugm-3 (GRAV EMFAB),False,False,False,False,11.525833333333333,5.8045123969776045
2018-10-10,London Marylebone Road,29.916,29.916,V ugm-3 (GRAV EMFAB),False,False,False,False,14.259333333333336,9.569442338332296
2018-10-11,London Marylebone Road,10.669,10.669,V ugm-3 (GRAV EMFAB),False,False,False,False,12.303333333333335,8.73446192198848
2018-10-12,London Marylebone Road,9.707,9.707,V ugm-3 (GRAV EMFAB),False,False,False,False,12.491666666666667,8.649817285160808
2018-10-13,London Marylebone Road,9.079,9.079,V ugm-3 (GRAV EMFAB),False,False,False,False,12.491666666666667,8.649817285160808
2018-10-14,London Marylebone Road,3.042,3.042,V ugm-3 (GRAV EMFAB),False,False,False,False,11.141714285714286,8.666374630610845
2018-10-15,London Marylebone Road,6.695,6.695,V ugm-3 (GRAV EMFAB),False,False,False,False,11.175571428571429,8.645464704247019
2018-10-16,London Marylebone Road,14.393,14.393,V ugm-3 (GRAV EMFAB),False,False,False,False,11.928714285714287,8.666259991374321
2018-10-17,London Marylebone Road,10.375,10.375,V ugm-3 (GRAV EMFAB),False,False,False,False,9.137142857142857,3.5342575094151223
2018-10-18,London Marylebone Road,7.225,7.225,V ugm-3 (GRAV EMFAB),False,False,False,False,8.645142857142856,3.525174058519265
2018-10-19,London Marylebone Road,11.558,11.558,V ugm-3 (GRAV EMFAB),False,False,False,False,8.909571428571429,3.683948328317639
2018-10-20,London Marylebone Road,24.745,24.745,V ugm-3 (GRAV EMFAB),False,False,False,False,11.147571428571428,7.036813148415576
2018-10-21,London Marylebone Road,15.725,15.725,V ugm-3 (GRAV EMFAB),False,False,False,False,12.959428571428571,6.182949885428017
2018-10-22,London Marylebone Road,7.725,7.725,V ugm-3 (GRAV EMFAB),False,False,False,False,13.10657142857143,6.019106186612289
2018-10-23,London Marylebone Road,10.267,10.267,V ugm-3 (GRAV EMFAB),False,False,False,False,12.517142857142858,6.073907595295678
2018-10-24,London Marylebone Road,9.264,9.264,V ugm-3 (GRAV EMFAB),False,False,False,False,12.358428571428572,6.1532098901614765
2018-10-25,London Marylebone Road,11.105,11.105,V ugm-3 (GRAV EMFAB),False,False,False,False,12.912714285714285,5.776970333842411
2018-10-26,London Marylebone Road,6.017,6.017,V ugm-3 (GRAV EMFAB),False,False,False,False,12.121142857142857,6.34520612821395
2018-10-27,London Marylebone Road,2.142,2.142,V ugm-3 (GRAV EMFAB),False,False,False,False,8.892142857142856,4.258448090896165
2018-10-28,London Marylebone Road,,,V ugm-3 (GRAV EMFAB),False,False,False,False,7.753333333333334,3.2965746262850963
2018-10-29,London Marylebone Road,,,V ugm-3 (GRAV EMFAB),False,False,False,False,7.759,3.6856498070218326
2018-10-30,London Marylebone Road,,,V ugm-3 (GRAV EMFAB),False,False,False,False,7.132000000000001,3.9358810110740676
2018-10-31,London Marylebone Road,,,V ugm-3 (GRAV EMFAB),False,False,False,False,6.421333333333334,4.495159211121834
2018-11-01,London Marylebone Road,18.792,18.792,V ugm-3 (GRAV EMFAB),False,False,False,False,8.983666666666666,8.71243125271778
2018-11-02,London Marylebone Road,5.5,5.5,V ugm-3 (GRAV EMFAB),False,False,False,False,8.811333333333334,8.805073613169483
2018-11-03,London Marylebone Road,14.226,14.226,V ugm-3 (GRAV EMFAB),False,False,False,False,12.839333333333334,6.75362490321557
2018-11-04,London Marylebone Road,35.978,35.978,V ugm-3 (GRAV EMFAB),True,True,False,False,18.624000000000002,12.816282872450453
2018-11-05,London Marylebone Road,12.469,12.469,V ugm-3 (GRAV EMFAB),False,False,False,False,17.393,11.435455172401321
2018-11-06,London Marylebone Road,6.862,6.862,V ugm-3 (GRAV EMFAB),False,False,False,False,15.637833333333333,11.095015464913367
2018-11-07,London Marylebone Road,,,V ugm-3 (GRAV EMFAB),False,False,False,False,15.637833333333333,11.095015464913367
2018-11-08,London Marylebone Road,7.197,7.197,V ugm-3 (GRAV EMFAB),False,False,False,False,13.705333333333334,11.440178349425622
2018-11-09,London Marylebone Road,10.628,10.628,V ugm-3 (GRAV EMFAB),False,False,False,False,14.56,10.882537920907975
2018-11-10,London Marylebone Road,11.632,11.632,V ugm-3 (GRAV EMFAB),False,False,False,False,14.127666666666668,10.949779114971532
2018-11-11,London Marylebone Road,7.833,7.833,V ugm-3 (GRAV EMFAB),False,False,False,False,9.436833333333333,2.4351825735798056
2018-11-12,London Marylebone Road,19.667,19.667,V ugm-3 (GRAV EMFAB),False,False,False,False,10.6365,4.826544219211102
2018-11-13,London Marylebone Road,11.208,11.208,V ugm-3 (GRAV EMFAB),False,False,False,False,11.360833333333334,4.45891141049772
2018-11-14,London Marylebone Road,12.333,12.333,V ugm-3 (GRAV EMFAB),False,False,False,False,11.499714285714287,4.086961940703875
2018-11-15,London Marylebone Road,18.458,18.458,V ugm-3 (GRAV EMFAB),False,False,False,False,13.108428571428572,4.320652067190132
2018-11-16,London Marylebone Road,11.883,11.883,V ugm-3 (GRAV EMFAB),False,False,False,False,13.287714285714285,4.225564093084138
2018-11-17,London Marylebone Road,19.542,19.542,V ugm-3 (GRAV EMFAB),False,False,False,False,14.417714285714284,4.735834164969811
2018-11-18,London Marylebone Road,10.458,10.458,V ugm-3 (GRAV EMFAB),False,False,False,False,14.792714285714284,4.201294471718842
2018-11-19,London Marylebone Road,5.0,5.0,V ugm-3 (GRAV EMFAB),False,False,False,False,12.69742857142857,4.955002316082307
2018-11-20,London Marylebone Road,8.208,8.208,V ugm-3 (GRAV EMFAB),False,False,False,False,12.268857142857144,5.227541564590748
2018-11-21,London Marylebone Road,20.792,20.792,V ugm-3 (GRAV EMFAB),False,False,False,False,13.477285714285715,6.142487246338298
2018-11-22,London Marylebone Road,41.625,41.625,V ugm-3 (GRAV EMFAB),True,True,False,False,16.786857142857144,12.363888013465823
2018-11-23,London Marylebone Road,31.5,31.5,V ugm-3 (GRAV EMFAB),True,True,False,False,19.589285714285715,13.258003101451413
2018-11-24,London Marylebone Road,20.375,20.375,V ugm-3 (GRAV EMFAB),False,False,False,False,19.708285714285715,13.26124592832169
2018-11-25,London Marylebone Road,13.5,13.5,V ugm-3 (GRAV EMFAB),False,False,False,False,20.142857142857142,12.953872785497671
2018-11-26,London Marylebone Road,8.417,8.417,V ugm-3 (GRAV EMFAB),False,False,False,False,20.631,12.337872182836069
2018-11-27,London Marylebone Road,15.167,15.167,V ugm-3 (GRAV EMFAB),False,False,False,False,21.62514285714286,11.415958616903671
2018-11-28,London Marylebone Road,7.958,7.958,V ugm-3 (GRAV EMFAB),False,False,False,False,19.791714285714285,12.546653680222013
2018-11-29,London Marylebone Road,8.033,8.033,V ugm-3 (GRAV EMFAB),False,False,False,False,14.992857142857144,8.610873928325962
2018-11-30,London Marylebone Road,12.458,12.458,V ugm-3 (GRAV EMFAB),False,False,False,False,12.272571428571426,4.601140324497201
2018-12-01,London Marylebone Road,19.958,19.958,V ugm-3 (GRAV EMFAB),False,False,False,False,12.212999999999997,4.479854461921717
2018-12-02,London Marylebone Road,11.0,11.0,V ugm-3 (GRAV EMFAB),False,False,False,False,11.855857142857142,4.459759314453758
2018-12-03,London Marylebone Road,8.083,8.083,V ugm-3 (GRAV EMFAB),False,False,False,False,11.808142857142858,4.504247899800482
2018-12-04,London Marylebone Road,26.631,26.631,V ugm-3 (GRAV EMFAB),False,False,False,False,13.445857142857145,7.204048755817135
2018-12-05,London Marylebone Road,13.096,13.096,V ugm-3 (GRAV EMFAB),False,False,False,False,14.179857142857143,6.8022599535882495
2018-12-06,London Marylebone Road,6.527,6.527,V ugm-3 (GRAV EMFAB),False,False,False,False,13.964714285714285,7.048437266852976
2018-12-07,London Marylebone Road,9.916,9.916,V ugm-3 (GRAV EMFAB),False,False,False,False,13.60157142857143,7.202795727057253
2018-12-08,London Marylebone Road,6.527,6.527,V ugm-3 (GRAV EMFAB),False,False,False,False,11.682857142857143,7.013756992002008
2018-12-09,London Marylebone Road,5.188,5.188,V ugm-3 (GRAV EMFAB),False,False,False,False,10.852571428571428,7.439175331920033
2018-12-10,London Marylebone Road,8.243,8.243,V ugm-3 (GRAV EMFAB),False,False,False,False,10.875428571428571,7.429486946331772
2018-12-11,London Marylebone Road,9.5,9.5,V ugm-3 (GRAV EMFAB),False,False,False,False,8.428142857142857,2.674352845616491
2018-12-12,London Marylebone Road,12.75,12.75,V ugm-3 (GRAV EMFAB),False,False,False,False,8.378714285714285,2.5750545440362584
2018-12-13,London Marylebone Road,19.208,19.208,V ugm-3 (GRAV EMFAB),False,False,False,False,10.190285714285713,4.666502641675219
2018-12-14,London Marylebone Road,22.652,22.652,V ugm-3 (GRAV EMFAB),False,False,False,False,12.009714285714285,6.616952085723595
2018-12-15,London Marylebone Road,16.432,16.432,V ugm-3 (GRAV EMFAB),False,False,False,False,13.424714285714286,6.300597979935067
2018-12-16,London Marylebone Road,10.56,10.56,V ugm-3 (GRAV EMFAB),False,False,False,False,14.192142857142857,5.391748461880471
2018-12-17,London Marylebone Road,13.016,13.016,V ugm-3 (GRAV EMFAB),False,False,False,False,14.873999999999999,4.781251858387434
2018-12-18,London Marylebone Road,10.474,10.474,V ugm-3 (GRAV EMFAB),False,False,False,False,15.013142857142856,4.609895422840281
2018-12-19,London Marylebone Road,10.807,10.807,V ugm-3 (GRAV EMFAB),False,False,False,False,14.73557142857143,4.822470247260655
2018-12-20,London Marylebone Road,10.309,10.309,V ugm-3 (GRAV EMFAB),False,False,False,False,13.464285714285714,4.6154823046743285
2018-12-21,London Marylebone Road,11.891,11.891,V ugm-3 (GRAV EMFAB),False,False,False,False,11.927000000000001,2.2111258067629844
2018-12-22,London Marylebone Road,12.182,12.182,V ugm-3 (GRAV EMFAB),False,False,False,False,11.319857142857144,1.042761306751006
2018-12-23,London Marylebone Road,2.516,2.516,V ugm-3 (GRAV EMFAB),False,False,False,False,10.170714285714284,3.516885919592571
2018-12-24,London Marylebone Road,13.224,13.224,V ugm-3 (GRAV EMFAB),False,False,False,False,10.200428571428573,3.5456932024237795
2018-12-25,London Marylebone Road,20.557,20.557,V ugm-3 (GRAV EMFAB),False,False,False,False,11.640857142857142,5.292943901351785
2018-12-26,London Marylebone Road,15.016,15.016,V ugm-3 (GRAV EMFAB),False,False,False,False,12.242142857142856,5.419978334168603
2018-12-27,London Marylebone Road,38.016,38.016,V ugm-3 (GRAV EMFAB),True,True,False,False,16.200285714285712,11.008658693868895
2018-12-28,London Marylebone Road,27.349,27.349,V ugm-3 (GRAV EMFAB),False,False,False,False,18.408571428571427,11.53784789084953
2018-12-29,London Marylebone Road,10.847,10.847,V ugm-3 (GRAV EMFAB),False,False,False,False,18.217857142857145,11.668220164597676
2018-12-30,London Marylebone Road,10.847,10.847,V ugm-3 (GRAV EMFAB),False,False,False,False,19.407999999999998,10.122172922187541
2016-01-01,London N. Kensington,11.125,11.125,V ugm-3 (GRAV EMFAB),False,False,False,False,11.125,
2016-01-02,London N. Kensington,6.208,6.208,V ugm-3 (GRAV EMFAB),False,False,False,False,8.6665,3.4768440430942533
2016-01-03,London N. Kensington,3.267,3.267,V ugm-3 (GRAV EMFAB),False,False,False,False,6.866666666666667,3.970191725009427
2016-01-04,London N. Kensington,11.456,11.456,V ugm-3 (GRAV EMFAB),False,False,False,False,8.014,3.971621415324812
2016-01-05,London N. Kensington,5.673,5.673,V ugm-3 (GRAV EMFAB),False,False,False,False,7.5458,3.5953287332314963
2016-01-06,London N. Kensington,4.617,4.617,V ugm-3 (GRAV EMFAB),False,False,False,False,7.057666666666666,3.430853518684041
2016-01-07,London N. Kensington,3.178,3.178,V ugm-3 (GRAV EMFAB),False,False,False,False,6.503428571428572,3.4582108503840945
2016-01-08,London N. Kensington,3.911,3.911,V ugm-3 (GRAV EMFAB),False,False,False,False,5.472857142857143,2.8775729025558685
2016-01-09,London N. Kensington,5.833,5.833,V ugm-3 (GRAV EMFAB),False,False,False,False,5.4192857142857145,2.8650693251813704
2016-01-10,London N. Kensington,4.795,4.795,V ugm-3 (GRAV EMFAB),False,False,False,False,5.637571428571428,2.728723502369001
2016-01-11,London N. Kensington,,,,False,False,False,False,4.667833333333333,1.017755258727098
2016-01-12,London N. Kensington,,,,False,False,False,False,4.466799999999999,0.9958283988720117
2016-01-13,London N. Kensington,5.125,5.125,V ugm-3 (GRAV EMFAB),False,False,False,False,4.5684,1.0399220163069895
2016-01-14,London N. Kensington,2.5,2.5,V ugm-3 (GRAV EMFAB),False,False,False,False,4.4328,1.282466451802929
2016-01-15,London N. Kensington,4.875,4.875,V ugm-3 (GRAV EMFAB),False,False,False,False,4.6256,1.2566112366201387
2016-01-16,London N. Kensington,14.417,14.417,V ugm-3 (GRAV EMFAB),False,False,False,False,6.3424000000000005,4.6366198679641615
2016-01-17,London N. Kensington,7.208,7.208,V ugm-3 (GRAV EMFAB),False,False,False,False,6.825,4.560243359734215
2016-01-18,London N. Kensington,10.917,10.917,V ugm-3 (GRAV EMFAB),False,False,False,False,7.507000000000001,4.407652391012704
2016-01-19,London N. Kensington,32.583,32.583,V ugm-3 (GRAV EMFAB),True,True,False,False,11.089285714285714,10.296547782538342
2016-01-20,London N. Kensington,43.5,43.5,V ugm-3 (GRAV EMFAB),True,True,False,False,16.571428571428573,15.495256487681887
2016-01-21,London N. Kensington,21.917,21.917,V ugm-3 (GRAV EMFAB),False,False,False,False,19.345285714285716,14.243875230127108
2016-01-22,London N. Kensington,10.417,10.417,V ugm-3 (GRAV EMFAB),False,False,False,False,20.137,13.436674476967879
2016-01-23,London N. Kensington,9.792,9.792,V ugm-3 (GRAV EMFAB),False,False,False,False,19.476285714285716,13.871494436604944
2016-01-24,London N. Kensington,6.25,6.25,V ugm-3 (GRAV EMFAB),False,False,False,False,19.339428571428574,14.016673628898108
2016-01-25,London N. Kensington,4.875,4.875,V ugm-3 (GRAV EMFAB),False,False,False,False,18.476285714285716,14.786650056884486
2016-01-26,London N. Kensington,4.417,4.417,V ugm-3 (GRAV EMFAB),False,False,False,False,14.45257142857143,14.125640455771
2016-01-27,London N. Kensington,1.583,1.583,V ugm-3 (GRAV EMFAB),False,False,False,False,8.464428571428572,6.6841864091586345
2016-01-28,London N. Kensington,4.917,4.917,V ugm-3 (GRAV EMFAB),False,False,False,False,6.035857142857142,3.119747448569703
2016-01-29,London N. Kensington,2.792,2.792,V ugm-3 (GRAV EMFAB),False,False,False,False,4.946571428571429,2.627398514192504
2016-01-30,London N. Kensington,4.875,4.875,V ugm-3 (GRAV EMFAB),False,False,False,False,4.244142857142857,1.5541579100991738
2016-01-31,London N. Kensington,4.208,4.208,V ugm-3 (GRAV EMFAB),False,False,False,False,3.952428571428572,1.2828746180801562
2016-02-01,London N. Kensington,3.958,3.958,V ugm-3 (GRAV EMFAB),False,False,False,False,3.8214285714285716,1.218152269784436
2016-02-02,London N. Kensington,7.25,7.25,V ugm-3 (GRAV EMFAB),False,False,False,False,4.2261428571428565,1.786859948678267
2016-02-03,London N. Kensington,2.933,2.933,V ugm-3 (GRAV EMFAB),False,False,False,False,4.419,1.504596734455235
2016-02-04,London N. Kensington,14.135,14.135,V ugm-3 (GRAV EMFAB),False,False,False,False,5.735857142857142,3.991589717918226
2016-02-05,London N. Kensington,4.343,4.343,V ugm-3 (GRAV EMFAB),False,False,False,False,5.957428571428571,3.8411549850334925
2016-02-06,London N. Kensington,3.704,3.704,V ugm-3 (GRAV EMFAB),False,False,False,False,5.790142857142857,3.9208253139941305
2016-02-07,London N. Kensington,3.224,3.224,V ugm-3 (GRAV EMFAB),False,False,False,False,5.649571428571428,4.003765263563077
2016-02-08,London N. Kensington,3.644,3.644,V ugm-3 (GRAV EMFAB),False,False,False,False,5.6047142857142855,4.027564098984471
2016-02-09,London N. Kensington,4.833,4.833,V ugm-3 (GRAV EMFAB),False,False,False,False,5.259428571428572,3.966141233707432
2016-02-10,London N. Kensington,7.211,7.211,V ugm-3 (GRAV EMFAB),False,False,False,False,5.870571428571429,3.8765007785004135
2016-02-11,London N. Kensington,,,,False,False,False,False,4.493166666666667,1.4477090062117777
2016-02-12,London N. Kensington,,,,False,False,False,False,4.5232,1.6164967367737038
2016-02-13,London N. Kensington,15.625,15.625,V ugm-3 (GRAV EMFAB),False,False,False,False,6.907400000000001,5.113928851675592
2016-02-14,London N. Kensington,8.042,8.042,V ugm-3 (GRAV EMFAB),False,False,False,False,7.871,4.682048963861874
2016-02-15,London N. Kensington,,,V ugm-3 (GRAV EMFAB),False,False,False,False,8.927750000000001,4.66733038434893
2016-02-16,London N. Kensington,12.282,12.282,V ugm-3 (GRAV EMFAB),False,False,False,False,10.79,3.914248927529615
2016-02-17,London N. Kensington,8.622,8.622,V ugm-3 (GRAV EMFAB),False,False,False,False,11.14275,3.5287999258482685
2016-02-18,London N. Kensington,11.917,11.917,V ugm-3 (GRAV EMFAB),False,False,False,False,11.2976,3.075583570641523
2016-02-19,London N. Kensington,7.629,7.629,V ugm-3 (GRAV EMFAB),False,False,False,False,10.686166666666667,3.132167902055494
2016-02-20,London N. Kensington,3.128,3.128,V ugm-3 (GRAV EMFAB),False,False,False,False,8.603333333333333,3.3393717772459395
2016-02-21,London N. Kensington,3.046,3.046,V ugm-3 (GRAV EMFAB),False,False,False,False,7.770666666666666,4.0537852763394735
2016-02-22,London N. Kensington,4.007,4.007,V ugm-3 (GRAV EMFAB),False,False,False,False,7.233,3.964582029251847
2016-02-23,London N. Kensington,6.639,6.639,V ugm-3 (GRAV EMFAB),False,False,False,False,6.426857142857143,3.2817382298903484
2016-02-24,London N. Kensington,20.093,20.093,V ugm-3 (GRAV EMFAB),False,False,False,False,8.06557142857143,6.161249220116078
2016-02-25,London N. Kensington,19.767,19.767,V ugm-3 (GRAV EMFAB),False,False,False,False,9.187,7.539370729709478
2016-02-26,London N. Kensington,19.148,19.148,V ugm-3 (GRAV EMFAB),False,False,False,False,10.832571428571429,8.3555519039168
2016-02-27,London N. Kensington,18.738,18.738,V ugm-3 (GRAV EMFAB),False,False,False,False,13.06257142857143,8.033436019893001
2016-02-28,London N. Kensington,5.691,5.691,V ugm-3 (GRAV EMFAB),False,False,False,False,13.440428571428571,7.530222392845666
2016-02-29,London N. Kensington,6.363,6.363,V ugm-3 (GRAV EMFAB),False,False,False,False,13.777000000000001,7.077345947928976
2016-03-01,London N. Kensington,6.083,6.083,V ugm-3 (GRAV EMFAB),False,False,False,False,13.697571428571427,7.173276607361124
2016-03-02,London N. Kensington,5.833,5.833,V ugm-3 (GRAV EMFAB),False,False,False,False,11.660428571428572,7.078555687359367
2016-03-03,London N. Kensington,4.024,4.024,V ugm-3 (GRAV EMFAB),False,False,False,False,9.411428571428571,6.555255368967785
2016-03-04,London N. Kensington,15.203,15.203,V ugm-3 (GRAV EMFAB),False,False,False,False,8.847857142857142,5.691315384823075
2016-03-05,London N. Kensington,4.904,4.904,V ugm-3 (GRAV EMFAB),False,False,False,False,6.871571428571428,3.758225904915903
2016-03-06,London N. Kensington,5.275,5.275,V ugm-3 (GRAV EMFAB),False,False,False,False,6.812142857142858,3.7832116175092754
2016-03-07,London N. Kensington,4.241,4.241,V ugm-3 (GRAV EMFAB),False,False,False,False,6.509,3.908152120887825
2016-03-08,London N. Kensington,3.511,3.511,V ugm-3 (GRAV EMFAB),False,False,False,False,6.141571428571429,4.072333886816538
2016-03-09,London N. Kensington,5.542,5.542,V ugm-3 (GRAV EMFAB),False,False,False,False,6.1,4.07749089514618
2016-03-10,London N. Kensington,12.253,12.253,V ugm-3 (GRAV EMFAB),False,False,False,False,7.2755714285714275,4.539299647050665
2016-03-11,London N. Kensington,,,,False,False,False,False,5.9543333333333335,3.1721697096256802
2016-03-12,London N. Kensington,,,,False,False,False,False,6.1644,3.4996236654817627
2016-03-13,London N. Kensington,29.632,29.632,V ugm-3 (GRAV EMFAB),True,True,False,False,11.0358,10.957577182023408
2016-03-14,London N. Kensington,17.054,17.054,V ugm-3 (GRAV EMFAB),False,False,False,False,13.598399999999998,10.458116718606657
2016-03-15,London N. Kensington,14.154,14.154,V ugm-3 (GRAV EMFAB),False,False,False,False,15.727,8.85137254893274
2016-03-16,London N. Kensington,12.264,12.264,V ugm-3 (GRAV EMFAB),False,False,False,False,17.0714,7.290546467858229
2016-03-17,London N. Kensington,23.358,23.358,V ugm-3 (GRAV EMFAB),True,True,False,False,19.2924,7.145775451271899
2016-03-18,London N. Kensington,9.364,9.364,V ugm-3 (GRAV EMFAB),False,False,False,False,17.637666666666664,7.568258707699331
2016-03-19,London N. Kensington,5.232,5.232,V ugm-3 (GRAV EMFAB),False,False,False,False,15.865428571428572,8.34972524212909
2016-03-20,London N. Kensington,6.079,6.079,V ugm-3 (GRAV EMFAB),False,False,False,False,12.500714285714285,6.394190715388613
2016-03-21,London N. Kensington,12.712,12.712,V ugm-3 (GRAV EMFAB),False,False,False,False,11.88042857142857,6.081844562771588
2016-03-22,London N. Kensington,16.055,16.055,V ugm-3 (GRAV EMFAB),False,False,False,False,12.152,6.240655173938073
2016-03-23,London N. Kensington,23.502,23.502,V ugm-3 (GRAV EMFAB),True,True,False,False,13.757428571428571,7.576749651777755
2016-03-24,London N. Kensington,14.124,14.124,V ugm-3 (GRAV EMFAB),False,False,False,False,12.438285714285714,6.327522546101959
2016-03-25,London N. Kensington,5.034,5.034,V ugm-3 (GRAV EMFAB),False,False,False,False,11.819714285714285,6.866816941259025
2016-03-26,London N. Kensington,5.079,5.079,V ugm-3 (GRAV EMFAB),False,False,False,False,11.797857142857142,6.89147970150029
2016-03-27,London N. Kensington,3.768,3.768,V ugm-3 (GRAV EMFAB),False,False,False,False,11.467714285714285,7.256781580340004
2016-03-28,London N. Kensington,2.372,2.372,V ugm-3 (GRAV EMFAB),False,False,False,False,9.990571428571428,7.977837924674894
2016-03-29,London N. Kensington,3.178,3.178,V ugm-3 (GRAV EMFAB),False,False,False,False,8.151,7.829655824704775
2016-03-30,London N. Kensington,4.918,4.918,V ugm-3 (GRAV EMFAB),False,False,False,False,5.496142857142857,3.94297444528754
2016-03-31,London N. Kensington,7.38,7.38,V ugm-3 (GRAV EMFAB),False,False,False,False,4.5327142857142855,1.627570860135443
2016-04-01,London N. Kensington,5.333,5.333,V ugm-3 (GRAV EMFAB),False,False,False,False,4.575428571428572,1.6467300787867671
2016-04-02,London N. Kensington,6.292,6.292,V ugm-3 (GRAV EMFAB),False,False,False,False,4.748714285714286,1.7679157893110624
2016-04-03,London N. Kensington,4.612,4.612,V ugm-3 (GRAV EMFAB),False,False,False,False,4.869285714285715,1.7179583536168803
2016-04-04,London N. Kensington,5.311,5.311,V ugm-3 (GRAV EMFAB),False,False,False,False,5.289142857142857,1.318648351984178
2016-04-05,London N. Kensington,7.496,7.496,V ugm-3 (GRAV EMFAB),False,False,False,False,5.906000000000001,1.1678117713627647
2016-04-06,London N. Kensington,9.945,9.945,V ugm-3 (GRAV EMFAB),False,False,False,False,6.624142857142857,1.8216283401187816
2016-04-07,London N. Kensington,4.331,4.331,V ugm-3 (GRAV EMFAB),False,False,False,False,6.188571428571429,1.9693106117914427
2016-04-08,London N. Kensington,3.782,3.782,V ugm-3 (GRAV EMFAB),False,False,False,False,5.967,2.1596694191473156
2016-04-09,London N. Kensington,3.125,3.125,V ugm-3 (GRAV EMFAB),False,False,False,False,5.514571428571429,2.3987333363772905
2016-04-10,London N. Kensington,9.878,9.878,V ugm-3 (GRAV EMFAB),False,False,False,False,6.266857142857143,2.851516171476251
2016-04-11,London N. Kensington,,,,False,False,False,False,6.426166666666667,3.0893664992465344
2016-04-12,London N. Kensington,,,,False,False,False,False,6.2122,3.40394898610425
2016-04-13,London N. Kensington,8.7,8.7,V ugm-3 (GRAV EMFAB),False,False,False,False,5.9632,3.0940597440903037
2016-04-14,London N. Kensington,7.808,7.808,V ugm-3 (GRAV EMFAB),False,False,False,False,6.6586,3.0254804246598836
2016-04-15,London N. Kensington,5.293,5.293,V ugm-3 (GRAV EMFAB),False,False,False,False,6.960800000000001,2.727065217408661
2016-04-16,London N. Kensington,3.843,3.843,V ugm-3 (GRAV EMFAB),False,False,False,False,7.1044,2.482526394623055
2016-04-17,London N. Kensington,5.554,5.554,V ugm-3 (GRAV EMFAB),False,False,False,False,6.2396,1.9763120451993794
2016-04-18,London N. Kensington,7.18,7.18,V ugm-3 (GRAV EMFAB),False,False,False,False,6.396333333333334,1.8088779579249643
2016-04-19,London N. Kensington,7.012,7.012,V ugm-3 (GRAV EMFAB),False,False,False,False,6.484285714285714,1.6675877502434484
2016-04-20,London N. Kensington,8.855,8.855,V ugm-3 (GRAV EMFAB),False,False,False,False,6.506428571428571,1.7025744092543271
2016-04-21,London N. Kensington,9.586,9.586,V ugm-3 (GRAV EMFAB),False,False,False,False,6.76042857142857,2.0302141805848266
2016-04-22,London N. Kensington,8.605,8.605,V ugm-3 (GRAV EMFAB),False,False,False,False,7.2335714285714285,2.017121121561052
2016-04-23,London N. Kensington,5.697,5.697,V ugm-3 (GRAV EMFAB),False,False,False,False,7.498428571428572,1.5698565600231487
2016-04-24,London N. Kensington,4.156,4.156,V ugm-3 (GRAV EMFAB),False,False,False,False,7.2987142857142855,1.9104329103012234
2016-04-25,London N. Kensington,4.758,4.758,V ugm-3 (GRAV EMFAB),False,False,False,False,6.952714285714285,2.1409362215540204
2016-04-26,London N. Kensington,2.316,2.316,V ugm-3 (GRAV EMFAB),False,False,False,False,6.281857142857143,2.7642632188084493
2016-04-27,London N. Kensington,5.149,5.149,V ugm-3 (GRAV EMFAB),False,False,False,False,5.752428571428572,2.5346645311982403
2016-04-28,London N. Kensington,3.563,3.563,V ugm-3 (GRAV EMFAB),False,False,False,False,4.892,1.977460998351197
2016-04-29,London N. Kensington,1.932,1.932,V ugm-3 (GRAV EMFAB),False,False,False,False,3.9387142857142856,1.4186887977149962
2016-04-30,London N. Kensington,2.706,2.706,V ugm-3 (GRAV EMFAB),False,False,False,False,3.5114285714285716,1.240031700823708
2016-05-01,London N. Kensington,7.167,7.167,V ugm-3 (GRAV EMFAB),False,False,False,False,3.9415714285714283,1.865415133166807
2016-05-02,London N. Kensington,3.0,3.0,V ugm-3 (GRAV EMFAB),False,False,False,False,3.6904285714285714,1.8554933627064627
2016-05-03,London N. Kensington,8.683,8.683,V ugm-3 (GRAV EMFAB),False,False,False,False,4.6000000000000005,2.5133844380304113
2016-05-04,London N. Kensington,5.865,5.865,V ugm-3 (GRAV EMFAB),False,False,False,False,4.702285714285714,2.553696517748736
2016-05-05,London N. Kensington,6.2,6.2,V ugm-3 (GRAV EMFAB),False,False,False,False,5.079,2.5521225153455007
2016-05-06,London N. Kensington,11.825,11.825,V ugm-3 (GRAV EMFAB),False,False,False,False,6.492285714285714,3.1807558700349845
2016-05-07,London N. Kensington,3.537,3.537,V ugm-3 (GRAV EMFAB),False,False,False,False,6.611,3.0277150350278075
2016-05-08,London N. Kensington,5.128,5.128,V ugm-3 (GRAV EMFAB),False,False,False,False,6.319714285714285,3.063183840074791
2016-05-09,London N. Kensington,3.958,3.958,V ugm-3 (GRAV EMFAB),False,False,False,False,6.456571428571428,2.907595046147427
2016-05-10,London N. Kensington,6.545,6.545,V ugm-3 (GRAV EMFAB),False,False,False,False,6.151142857142857,2.742337289525837
2016-05-11,London N. Kensington,,,,False,False,False,False,6.198833333333333,3.000898493229452
2016-05-12,London N. Kensington,,,,False,False,False,False,6.1986,3.3551064513663587
2016-05-13,London N. Kensington,9.461,9.461,V ugm-3 (GRAV EMFAB),False,False,False,False,5.7258000000000004,2.3924952873517147
2016-05-14,London N. Kensington,4.841,4.841,V ugm-3 (GRAV EMFAB),False,False,False,False,5.986600000000001,2.153373934085802
2016-05-15,London N. Kensington,7.913,7.913,V ugm-3 (GRAV EMFAB),False,False,False,False,6.5436000000000005,2.2344269511443327
2016-05-16,London N. Kensington,6.792,6.792,V ugm-3 (GRAV EMFAB),False,False,False,False,7.1104,1.7132366444832292
2016-05-17,London N. Kensington,7.227,7.227,V ugm-3 (GRAV EMFAB),False,False,False,False,7.2468,1.6838655528278241
2016-05-18,London N. Kensington,3.594,3.594,V ugm-3 (GRAV EMFAB),False,False,False,False,6.638000000000001,2.119468612648021
2016-05-19,London N. Kensington,8.23,8.23,V ugm-3 (GRAV EMFAB),False,False,False,False,6.8654285714285725,2.0262088455325604
2016-05-20,London N. Kensington,6.673,6.673,V ugm-3 (GRAV EMFAB),False,False,False,False,6.467142857142858,1.6744526895448302
2016-05-21,London N. Kensington,6.763,6.763,V ugm-3 (GRAV EMFAB),False,False,False,False,6.741714285714287,1.513176318684864
2016-05-22,London N. Kensington,5.508,5.508,V ugm-3 (GRAV EMFAB),False,False,False,False,6.398142857142857,1.475469804115709
2016-05-23,London N. Kensington,4.86,4.86,V ugm-3 (GRAV EMFAB),False,False,False,False,6.122142857142856,1.5673541855168696
2016-05-24,London N. Kensington,6.468,6.468,V ugm-3 (GRAV EMFAB),False,False,False,False,6.013714285714286,1.5031192805059346
2016-05-25,London N. Kensington,8.164,8.164,V ugm-3 (GRAV EMFAB),False,False,False,False,6.666571428571428,1.247755298812387
2016-05-26,London N. Kensington,10.34,10.34,V ugm-3 (GRAV EMFAB),False,False,False,False,6.967999999999999,1.8145299666856156
2016-05-27,London N. Kensington,13.127,13.127,V ugm-3 (GRAV EMFAB),False,False,False,False,7.890000000000001,2.93401834804535
2016-05-28,London N. Kensington,14.959,14.959,V ugm-3 (GRAV EMFAB),False,False,False,False,9.060857142857142,3.8891959078354357
2016-05-29,London N. Kensington,9.962,9.962,V ugm-3 (GRAV EMFAB),False,False,False,False,9.697142857142856,3.561608177428266
2016-05-30,London N. Kensington,7.138,7.138,V ugm-3 (GRAV EMFAB),False,False,False,False,10.022571428571428,3.1230394307011835
2016-05-31,London N. Kensington,5.094,5.094,V ugm-3 (GRAV EMFAB),False,False,False,False,9.826285714285714,3.4133657248277185
2016-06-01,London N. Kensington,17.75,17.75,V ugm-3 (GRAV EMFAB),False,False,False,False,11.195714285714287,4.412125440732843
2016-06-02,London N. Kensington,5.792,5.792,V ugm-3 (GRAV EMFAB),False,False,False,False,10.545999999999998,4.870217072506462
2016-06-03,London N. Kensington,7.26,7.26,V ugm-3 (GRAV EMFAB),False,False,False,False,9.707857142857142,4.856832590230375
2016-06-04,London N. Kensington,4.21,4.21,V ugm-3 (GRAV EMFAB),False,False,False,False,8.172285714285715,4.613007179497483
2016-06-05,London N. Kensington,14.171,14.171,V ugm-3 (GRAV EMFAB),False,False,False,False,8.773571428571428,5.130459623891513
2016-06-06,London N. Kensington,8.513,8.513,V ugm-3 (GRAV EMFAB),False,False,False,False,8.97,5.083509450501044
2016-06-07,London N. Kensington,4.645,4.645,V ugm-3 (GRAV EMFAB),False,False,False,False,8.905857142857142,5.143051280727285
2016-06-08,London N. Kensington,4.862,4.862,V ugm-3 (GRAV EMFAB),False,False,False,False,7.064714285714286,3.4907288500773013
2016-06-09,London N. Kensington,3.125,3.125,V ugm-3 (GRAV EMFAB),False,False,False,False,6.683714285714286,3.7858629009463614
2016-06-10,London N. Kensington,,,,False,False,False,False,6.587666666666667,4.137851890373407
2016-06-11,London N. Kensington,,,,False,False,False,False,7.0632,4.439175959567287
2016-06-12,London N. Kensington,,,,False,False,False,False,5.286250000000001,2.2857607595722267
2016-06-13,London N. Kensington,4.423,4.423,V ugm-3 (GRAV EMFAB),False,False,False,False,4.26375,0.7800356295282558
2016-06-14,London N. Kensington,3.329,3.329,V ugm-3 (GRAV EMFAB),False,False,False,False,3.93475,0.8407950106894132
2016-06-15,London N. Kensington,2.893,2.893,V ugm-3 (GRAV EMFAB),False,False,False,False,3.4425,0.6775000615007695
2016-06-16,London N. Kensington,5.437,5.437,V ugm-3 (GRAV EMFAB),False,False,False,False,4.0205,1.142790006956751
2016-06-17,London N. Kensington,6.229,6.229,V ugm-3 (GRAV EMFAB),False,False,False,False,4.4622,1.3982028465141088
2016-06-18,London N. Kensington,6.407,6.407,V ugm-3 (GRAV EMFAB),False,False,False,False,4.786333333333333,1.481334353435034
2016-06-19,London N. Kensington,6.191,6.191,V ugm-3 (GRAV EMFAB),False,False,False,False,4.987,1.452754624842097
2016-06-20,London N. Kensington,2.855,2.855,V ugm-3 (GRAV EMFAB),False,False,False,False,4.763,1.660274676070229
2016-06-21,London N. Kensington,4.834,4.834,V ugm-3 (GRAV EMFAB),False,False,False,False,4.978000000000001,1.5364559870038916
2016-06-22,London N. Kensington,6.419,6.419,V ugm-3 (GRAV EMFAB),False,False,False,False,5.481714285714285,1.2985467151506995
2016-06-23,London N. Kensington,5.894,5.894,V ugm-3 (GRAV EMFAB),False,False,False,False,5.547,1.307381989575643
2016-06-24,London N. Kensington,7.876,7.876,V ugm-3 (GRAV EMFAB),False,False,False,False,5.782285714285714,1.5719991215313505
2016-06-25,London N. Kensington,4.49,4.49,V ugm-3 (GRAV EMFAB),False,False,False,False,5.5084285714285715,1.6115126286756345
2016-06-26,London N. Kensington,3.876,3.876,V ugm-3 (GRAV EMFAB),False,False,False,False,5.177714285714286,1.6840008624588074
2016-06-27,London N. Kensington,3.172,3.172,V ugm-3 (GRAV EMFAB),False,False,False,False,5.223,1.6139333939168932
2016-06-28,London N. Kensington,6.039,6.039,V ugm-3 (GRAV EMFAB),False,False,False,False,5.395142857142857,1.6297131065079862
2016-06-29,London N. Kensington,3.925,3.925,V ugm-3 (GRAV EMFAB),False,False,False,False,5.038857142857142,1.6411504530432035
2016-06-30,London N. Kensington,3.618,3.618,V ugm-3 (GRAV EMFAB),False,False,False,False,4.713714285714286,1.6687215380130607
2016-07-01,London N. Kensington,3.875,3.875,V ugm-3 (GRAV EMFAB),False,False,False,False,4.142142857142857,0.9241503176020195
2016-07-02,London N. Kensington,2.833,2.833,V ugm-3 (GRAV EMFAB),False,False,False,False,3.9054285714285717,1.0267211333728308
2016-07-03,London N. Kensington,7.431,7.431,V ugm-3 (GRAV EMFAB),False,False,False,False,4.413285714285714,1.6806890168703652
2016-07-04,London N. Kensington,3.403,3.403,V ugm-3 (GRAV EMFAB),False,False,False,False,4.446285714285715,1.654315438913835
2016-07-05,London N. Kensington,15.642,15.642,V ugm-3 (GRAV EMFAB),False,False,False,False,5.818142857142858,4.583555622315195
2016-07-06,London N. Kensington,12.709,12.709,V ugm-3 (GRAV EMFAB),False,False,False,False,7.073,5.146700399284972
2016-07-07,London N. Kensington,5.753,5.753,V ugm-3 (GRAV EMFAB),False,False,False,False,7.378,4.967986681409961
2016-07-08,London N. Kensington,4.864,4.864,V ugm-3 (GRAV EMFAB),False,False,False,False,7.519285714285714,4.864750857419319
2016-07-09,London N. Kensington,7.208,7.208,V ugm-3 (GRAV EMFAB),False,False,False,False,8.144285714285715,4.423348193178481
2016-07-10,London N. Kensington,,,,False,False,False,False,8.263166666666667,4.833269759352024
2016-07-11,London N. Kensington,,,,False,False,False,False,9.2352,4.7025795793372955
2016-07-12,London N. Kensington,,,,False,False,False,False,7.633500000000001,3.5189089691740425
2016-07-13,London N. Kensington,4.349,4.349,V ugm-3 (GRAV EMFAB),False,False,False,False,5.5435,1.2520650941545324
2016-07-14,London N. Kensington,3.063,3.063,V ugm-3 (GRAV EMFAB),False,False,False,False,4.871,1.7323361875418029
2016-07-15,London N. Kensington,4.175,4.175,V ugm-3 (GRAV EMFAB),False,False,False,False,4.69875,1.7671684271738795
2016-07-16,London N. Kensington,2.444,2.444,V ugm-3 (GRAV EMFAB),False,False,False,False,3.5077500000000006,0.9096319310579467
2016-07-17,London N. Kensington,3.556,3.556,V ugm-3 (GRAV EMFAB),False,False,False,False,3.5174000000000007,0.788059832753933
2016-07-18,London N. Kensington,6.137,6.137,V ugm-3 (GRAV EMFAB),False,False,False,False,3.954,1.2808387876700655
2016-07-19,London N. Kensington,9.699,9.699,V ugm-3 (GRAV EMFAB),False,False,False,False,4.774714285714286,2.466196850367384
2016-07-20,London N. Kensington,10.149,10.149,V ugm-3 (GRAV EMFAB),False,False,False,False,5.603285714285714,3.172505882016402
2016-07-21,London N. Kensington,6.813,6.813,V ugm-3 (GRAV EMFAB),False,False,False,False,6.139,2.983012738826319
2016-07-22,London N. Kensington,9.445,9.445,V ugm-3 (GRAV EMFAB),False,False,False,False,6.891857142857143,3.068522251756357
2016-07-23,London N. Kensington,8.781,8.781,V ugm-3 (GRAV EMFAB),False,False,False,False,7.797142857142857,2.399430656674739
2016-07-24,London N. Kensington,3.835,3.835,V ugm-3 (GRAV EMFAB),False,False,False,False,7.837000000000001,2.318180608437019
2016-07-25,London N. Kensington,3.123,3.123,V ugm-3 (GRAV EMFAB),False,False,False,False,7.406428571428571,2.8947602581873766
2016-07-26,London N. Kensington,4.865,4.865,V ugm-3 (GRAV EMFAB),False,False,False,False,6.715857142857144,2.8326246620741284
2016-07-27,London N. Kensington,4.376,4.376,V ugm-3 (GRAV EMFAB),False,False,False,False,5.891142857142858,2.485624028191695
2016-07-28,London N. Kensington,5.021,5.021,V ugm-3 (GRAV EMFAB),False,False,False,False,5.635142857142857,2.4670676540224648
2016-07-29,London N. Kensington,3.503,3.503,V ugm-3 (GRAV EMFAB),False,False,False,False,4.786285714285715,1.893218134490055
2016-07-30,London N. Kensington,5.696,5.696,V ugm-3 (GRAV EMFAB),False,False,False,False,4.3455714285714295,0.9143197575507808
2016-07-31,London N. Kensington,3.685,3.685,V ugm-3 (GRAV EMFAB),False,False,False,False,4.324142857142857,0.9299050898831428
2016-08-01,London N. Kensington,5.792,5.792,V ugm-3 (GRAV EMFAB),False,False,False,False,4.7054285714285715,0.9020855201777626
2016-08-02,London N. Kensington,7.0,7.0,V ugm-3 (GRAV EMFAB),False,False,False,False,5.010428571428571,1.2563816905626453
2016-08-03,London N. Kensington,9.03,9.03,V ugm-3 (GRAV EMFAB),False,False,False,False,5.675285714285715,1.920554582604202
2016-08-04,London N. Kensington,6.979,6.979,V ugm-3 (GRAV EMFAB),False,False,False,False,5.955,1.9517120689282261
2016-08-05,London N. Kensington,9.01,9.01,V ugm-3 (GRAV EMFAB),False,False,False,False,6.741714285714286,1.9080253941606755
2016-08-06,London N. Kensington,11.36,11.36,V ugm-3 (GRAV EMFAB),False,False,False,False,7.550857142857143,2.49984749058629
2016-08-07,London N. Kensington,4.87,4.87,V ugm-3 (GRAV EMFAB),False,False,False,False,7.720142857142856,2.2187445720926444
2016-08-08,London N. Kensington,7.425,7.425,V ugm-3 (GRAV EMFAB),False,False,False,False,7.953428571428572,2.0625786334216967
2016-08-09,London N. Kensington,5.833,5.833,V ugm-3 (GRAV EMFAB),False,False,False,False,7.786714285714285,2.195374661592412
2016-08-10,London N. Kensington,,,,False,False,False,False,7.5795,2.3287178231808405
2016-08-11,London N. Kensington,,,,False,False,False,False,7.699599999999999,2.5827269116188303
2016-08-12,London N. Kensington,,,,False,False,False,False,7.372,2.8598064037040785
2016-08-13,London N. Kensington,3.625,3.625,V ugm-3 (GRAV EMFAB),False,False,False,False,5.43825,1.6035155908191803
2016-08-14,London N. Kensington,3.5,3.5,V ugm-3 (GRAV EMFAB),False,False,False,False,5.09575,1.8866607847376407
2016-08-15,London N. Kensington,4.333,4.333,V ugm-3 (GRAV EMFAB),False,False,False,False,4.32275,1.0715615941233532
2016-08-16,London N. Kensington,5.5,5.5,V ugm-3 (GRAV EMFAB),False,False,False,False,4.2395,0.9168920329025555
2016-08-17,London N. Kensington,9.417,9.417,V ugm-3 (GRAV EMFAB),False,False,False,False,5.275,2.447819335653703
2016-08-18,London N. Kensington,10.375,10.375,V ugm-3 (GRAV EMFAB),False,False,False,False,6.125,3.021333414239499
2016-08-19,London N. Kensington,11.75,11.75,V ugm-3 (GRAV EMFAB),False,False,False,False,6.928571428571429,3.4824037128178733
2016-08-20,London N. Kensington,7.167,7.167,V ugm-3 (GRAV EMFAB),False,False,False,False,7.434571428571429,3.165275809843598
2016-08-21,London N. Kensington,3.0,3.0,V ugm-3 (GRAV EMFAB),False,False,False,False,7.363142857142857,3.272681949541879
2016-08-22,London N. Kensington,6.0,6.0,V ugm-3 (GRAV EMFAB),False,False,False,False,7.601285714285715,3.0698016067430145
2016-08-23,London N. Kensington,5.833,5.833,V ugm-3 (GRAV EMFAB),False,False,False,False,7.6488571428571435,3.0341853068312368
2016-08-24,London N. Kensington,12.333,12.333,V ugm-3 (GRAV EMFAB),False,False,False,False,8.065428571428571,3.484198274933232
2016-08-25,London N. Kensington,12.417,12.417,V ugm-3 (GRAV EMFAB),False,False,False,False,8.357142857142858,3.7825079611536268
2016-08-26,London N. Kensington,5.208,5.208,V ugm-3 (GRAV EMFAB),False,False,False,False,7.422571428571429,3.608689829524612
2016-08-27,London N. Kensington,9.125,9.125,V ugm-3 (GRAV EMFAB),False,False,False,False,7.702285714285714,3.661081794328282
2016-08-28,London N. Kensington,5.667,5.667,V ugm-3 (GRAV EMFAB),False,False,False,False,8.083285714285713,3.1998929520785526
2016-08-29,London N. Kensington,8.833,8.833,V ugm-3 (GRAV EMFAB),False,False,False,False,8.488,3.0689663297816456
2016-08-30,London N. Kensington,7.583,7.583,V ugm-3 (GRAV EMFAB),False,False,False,False,8.738,2.8822394649531504
2016-08-31,London N. Kensington,4.917,4.917,V ugm-3 (GRAV EMFAB),False,False,False,False,7.678571428571429,2.6976261080897976
2016-09-01,London N. Kensington,2.5,2.5,V ugm-3 (GRAV EMFAB),False,False,False,False,6.261857142857143,2.379722002571707
2016-09-02,London N. Kensington,5.458,5.458,V ugm-3 (GRAV EMFAB),False,False,False,False,6.297571428571429,2.363087800396134
2016-09-03,London N. Kensington,6.051,6.051,V ugm-3 (GRAV EMFAB),False,False,False,False,5.858428571428571,2.0092131011205283
2016-09-04,London N. Kensington,4.087,4.087,V ugm-3 (GRAV EMFAB),False,False,False,False,5.632714285714286,2.1199964397993667
2016-09-05,London N. Kensington,13.111,13.111,V ugm-3 (GRAV EMFAB),False,False,False,False,6.243857142857143,3.416498423267683
2016-09-06,London N. Kensington,8.874,8.874,V ugm-3 (GRAV EMFAB),False,False,False,False,6.428285714285714,3.533671825655102
2016-09-07,London N. Kensington,5.005,5.005,V ugm-3 (GRAV EMFAB),False,False,False,False,6.440857142857143,3.527550397871574
2016-09-08,London N. Kensington,5.85,5.85,V ugm-3 (GRAV EMFAB),False,False,False,False,6.919428571428571,3.105833589507715
2016-09-09,London N. Kensington,4.333,4.333,V ugm-3 (GRAV EMFAB),False,False,False,False,6.7587142857142855,3.2210311348120593
2016-09-10,London N. Kensington,,,,False,False,False,False,6.876666666666668,3.511863133248045
2016-09-11,London N. Kensington,,,,False,False,False,False,7.4346000000000005,3.6168779769298465
2016-09-12,London N. Kensington,,,,False,False,False,False,6.015500000000001,2.004189694947439
2016-09-13,London N. Kensington,13.208,13.208,V ugm-3 (GRAV EMFAB),False,False,False,False,7.099,4.119687447691493
2016-09-14,London N. Kensington,11.792,11.792,V ugm-3 (GRAV EMFAB),False,False,False,False,8.79575,4.360391601297624
2016-09-15,London N. Kensington,12.667,12.667,V ugm-3 (GRAV EMFAB),False,False,False,False,10.5,4.152521563259309
2016-09-16,London N. Kensington,5.167,5.167,V ugm-3 (GRAV EMFAB),False,False,False,False,10.7085,3.7401166202851925
2016-09-17,London N. Kensington,5.292,5.292,V ugm-3 (GRAV EMFAB),False,False,False,False,9.625200000000001,4.04463208462774
2016-09-18,London N. Kensington,5.917,5.917,V ugm-3 (GRAV EMFAB),False,False,False,False,9.007166666666667,3.921610659750248
2016-09-19,London N. Kensington,11.208,11.208,V ugm-3 (GRAV EMFAB),False,False,False,False,9.32157142857143,3.675297396453931
2016-09-20,London N. Kensington,6.5,6.5,V ugm-3 (GRAV EMFAB),False,False,False,False,8.363285714285714,3.3534962707740306
2016-09-21,London N. Kensington,9.667,9.667,V ugm-3 (GRAV EMFAB),False,False,False,False,8.059714285714286,3.076093936270802
2016-09-22,London N. Kensington,8.503,8.503,V ugm-3 (GRAV EMFAB),False,False,False,False,7.464857142857142,2.3546605861972054
2016-09-23,London N. Kensington,6.086,6.086,V ugm-3 (GRAV EMFAB),False,False,False,False,7.5961428571428575,2.2273679106793067
2016-09-24,London N. Kensington,6.545,6.545,V ugm-3 (GRAV EMFAB),False,False,False,False,7.775142857142856,2.0550160930895975
2016-09-25,London N. Kensington,5.503,5.503,V ugm-3 (GRAV EMFAB),False,False,False,False,7.716,2.122262943181191
2016-09-26,London N. Kensington,6.92,6.92,V ugm-3 (GRAV EMFAB),False,False,False,False,7.103428571428572,1.462694187352358
2016-09-27,London N. Kensington,5.836,5.836,V ugm-3 (GRAV EMFAB),False,False,False,False,7.008571428571429,1.5284038359394336
2016-09-28,London N. Kensington,10.045,10.045,V ugm-3 (GRAV EMFAB),False,False,False,False,7.062571428571429,1.6405463375700107
2016-09-29,London N. Kensington,5.045,5.045,V ugm-3 (GRAV EMFAB),False,False,False,False,6.568571428571429,1.6550861867934175
2016-09-30,London N. Kensington,5.795,5.795,V ugm-3 (GRAV EMFAB),False,False,False,False,6.527000000000001,1.6727871950729685
2016-10-01,London N. Kensington,3.625,3.625,V ugm-3 (GRAV EMFAB),False,False,False,False,6.109857142857144,1.99968851145803
2016-10-02,London N. Kensington,5.917,5.917,V ugm-3 (GRAV EMFAB),False,False,False,False,6.169,1.9848156085642035
2016-10-03,London N. Kensington,19.632,19.632,V ugm-3 (GRAV EMFAB),False,False,False,False,7.985,5.496064258479283
2016-10-04,London N. Kensington,6.73,6.73,V ugm-3 (GRAV EMFAB),False,False,False,False,8.112714285714286,5.447980993428851
2016-10-05,London N. Kensington,17.517,17.517,V ugm-3 (GRAV EMFAB),False,False,False,False,9.180142857142856,6.516824595577504
2016-10-06,London N. Kensington,7.609,7.609,V ugm-3 (GRAV EMFAB),False,False,False,False,9.546428571428573,6.314585546102587
2016-10-07,London N. Kensington,3.811,3.811,V ugm-3 (GRAV EMFAB),False,False,False,False,9.263,6.551126442579685
2016-10-08,London N. Kensington,7.376,7.376,V ugm-3 (GRAV EMFAB),False,False,False,False,9.798857142857143,6.15450066830694
2016-10-09,London N. Kensington,4.0,4.0,V ugm-3 (GRAV EMFAB),False,False,False,False,9.525000000000002,6.394010426432962
2016-10-10,London N. Kensington,,,,False,False,False,False,7.840500000000001,5.022420243269186
2016-10-11,London N. Kensington,,,,False,False,False,False,8.0626,5.582196547954947
2016-10-12,London N. Kensington,,,,False,False,False,False,5.699000000000002,2.074574173173898
2016-10-13,London N. Kensington,,,,False,False,False,False,5.062333333333336,2.005921317832176
2016-10-14,London N. Kensington,,,,False,False,False,False,5.688000000000003,2.3871924932858875
2016-10-15,London N. Kensington,,,,False,False,False,False,4.0,
2016-10-16,London N. Kensington,,,,False,False,False,False,,
2016-10-17,London N. Kensington,,,,False,False,False,False,,
2016-10-18,London N. Kensington,,,,False,False,False,False,,
2016-10-19,London N. Kensington,,,,False,False,False,False,,
2016-10-20,London N. Kensington,,,,False,False,False,False,,
2016-10-21,London N. Kensington,,,,False,False,False,False,,
2016-10-22,London N. Kensington,,,,False,False,False,False,,
2016-10-23,London N. Kensington,,,,False,False,False,False,,
2016-10-24,London N. Kensington,,,,False,False,False,False,,
2016-10-25,London N. Kensington,,,,False,False,False,False,,
2016-10-26,London N. Kensington,,,,False,False,False,False,,
2016-10-27,London N. Kensington,,,,False,False,False,False,,
2016-10-28,London N. Kensington,,,,False,False,False,False,,
2016-10-29,London N. Kensington,,,,False,False,False,False,,
2016-10-30,London N. Kensington,,,,False,False,False,False,,
2016-10-31,London N. Kensington,,,,False,False,False,False,,
2016-11-01,London N. Kensington,5.042,5.042,V ugm-3 (GRAV EMFAB),False,False,False,False,5.042,
2016-11-02,London N. Kensington,16.5,16.5,V ugm-3 (GRAV EMFAB),False,False,False,False,10.771,8.10202949883546
2016-11-03,London N. Kensington,46.008,46.008,V ugm-3 (GRAV EMFAB),True,True,False,False,22.51666666666667,21.135361301225334
2016-11-04,London N. Kensington,22.116,22.116,V ugm-3 (GRAV EMFAB),False,False,False,False,22.4165,17.2581130196786
2016-11-05,London N. Kensington,18.129,18.129,V ugm-3 (GRAV EMFAB),False,False,False,False,21.559,15.068456457115973
2016-11-06,London N. Kensington,7.481,7.481,V ugm-3 (GRAV EMFAB),False,False,False,False,19.212666666666667,14.65190720236334
2016-11-07,London N. Kensington,3.724,3.724,V ugm-3 (GRAV EMFAB),False,False,False,False,17.0,14.600339391032435
2016-11-08,London N. Kensington,5.958,5.958,V ugm-3 (GRAV EMFAB),False,False,False,False,17.130857142857142,14.478901873974785
2016-11-09,London N. Kensington,5.583,5.583,V ugm-3 (GRAV EMFAB),False,False,False,False,15.571285714285716,15.131428548050641
2016-11-10,London N. Kensington,,,,False,False,False,False,10.498500000000002,7.654649221224966
2016-11-11,London N. Kensington,,,,False,False,False,False,8.175,5.722951729658389
2016-11-12,London N. Kensington,,,,False,False,False,False,5.686500000000001,1.5444590207145497
2016-11-13,London N. Kensington,,,,False,False,False,False,5.088333333333336,1.1963320330632032
2016-11-14,London N. Kensington,,,,False,False,False,False,5.770500000000003,0.2651650429442808
2016-11-15,London N. Kensington,,,,False,False,False,False,5.583,
2016-11-16,London N. Kensington,,,,False,False,False,False,,
2016-11-17,London N. Kensington,,,,False,False,False,False,,
2016-11-18,London N. Kensington,,,,False,False,False,False,,
2016-11-19,London N. Kensington,,,,False,False,False,False,,
2016-11-20,London N. Kensington,,,,False,False,False,False,,
2016-11-21,London N. Kensington,,,,False,False,False,False,,
2016-11-22,London N. Kensington,,,,False,False,False,False,,
2016-11-23,London N. Kensington,,,,False,False,False,False,,
2016-11-24,London N. Kensington,,,,False,False,False,False,,
2016-11-25,London N. Kensington,,,,False,False,False,False,,
2016-11-26,London N. Kensington,,,,False,False,False,False,,
2016-11-27,London N. Kensington,,,,False,False,False,False,,
2016-11-28,London N. Kensington,,,,False,False,False,False,,
2016-11-29,London N. Kensington,,,,False,False,False,False,,
2016-11-30,London N. Kensington,,,,False,False,False,False,,
2016-12-01,London N. Kensington,3.417,3.417,V ugm-3 (GRAV EMFAB),False,False,False,False,3.417,
2016-12-02,London N. Kensington,9.583,9.583,V ugm-3 (GRAV EMFAB),False,False,False,False,6.5,4.360020412796252
2016-12-03,London N. Kensington,59.828,59.828,V ugm-3 (GRAV EMFAB),True,True,False,False,24.276,30.942905762064434
2016-12-04,London N. Kensington,4.732,4.732,V ugm-3 (GRAV EMFAB),False,False,False,False,19.39,27.088760190652263
2016-12-05,London N. Kensington,12.696,12.696,V ugm-3 (GRAV EMFAB),False,False,False,False,18.0512,23.649791197809762
2016-12-06,London N. Kensington,5.646,5.646,V ugm-3 (GRAV EMFAB),False,False,False,False,15.983666666666666,21.75082213312101
2016-12-07,London N. Kensington,4.968,4.968,V ugm-3 (GRAV EMFAB),False,False,False,False,14.41,20.287521788856655
2016-12-08,London N. Kensington,6.083,6.083,V ugm-3 (GRAV EMFAB),False,False,False,False,14.790857142857144,20.070620140133286
2016-12-09,London N. Kensington,5.542,5.542,V ugm-3 (GRAV EMFAB),False,False,False,False,14.213571428571429,20.302157224107518
2016-12-10,London N. Kensington,,,,False,False,False,False,6.611166666666667,3.0202676978484595
2016-12-11,London N. Kensington,,,,False,False,False,False,6.987,3.216075403344922
2016-12-12,London N. Kensington,,,,False,False,False,False,5.55975,0.4588800678466698
2016-12-13,London N. Kensington,,,,False,False,False,False,5.531,0.5575813841946726
2016-12-14,London N. Kensington,,,,False,False,False,False,5.8125,0.38254476862307246
2016-12-15,London N. Kensington,,,,False,False,False,False,5.542,
2016-12-16,London N. Kensington,,,,False,False,False,False,,
2016-12-17,London N. Kensington,,,,False,False,False,False,,
2016-12-18,London N. Kensington,,,,False,False,False,False,,
2016-12-19,London N. Kensington,,,,False,False,False,False,,
2016-12-20,London N. Kensington,,,,False,False,False,False,,
2016-12-21,London N. Kensington,,,,False,False,False,False,,
2016-12-22,London N. Kensington,,,,False,False,False,False,,
2016-12-23,London N. Kensington,,,,False,False,False,False,,
2016-12-24,London N. Kensington,,,,False,False,False,False,,
2016-12-25,London N. Kensington,,,,False,False,False,False,,
2016-12-26,London N. Kensington,,,,False,False,False,False,,
2016-12-27,London N. Kensington,,,,False,False,False,False,,
2016-12-28,London N. Kensington,,,,False,False,False,False,,
2016-12-29,London N. Kensington,,,,False,False,False,False,,
2016-12-30,London N. Kensington,,,,False,False,False,False,,
2016-01-01,London Westminster,8.797,8.797,V ugm-3 (GRAV EMFAB),False,False,False,False,8.797,
2016-01-02,London Westminster,,,V ugm-3 (GRAV EMFAB),False,False,False,False,8.797,
2016-01-03,London Westminster,6.292,6.292,V ugm-3 (GRAV EMFAB),False,False,False,False,7.5445,1.7713024868723022
2016-01-04,London Westminster,11.667,11.667,V ugm-3 (GRAV EMFAB),False,False,False,False,8.918666666666667,2.689564710754016
2016-01-05,London Westminster,5.458,5.458,V ugm-3 (GRAV EMFAB),False,False,False,False,8.0535,2.7958109735817263
2016-01-06,London Westminster,5.333,5.333,V ugm-3 (GRAV EMFAB),False,False,False,False,7.509399999999999,2.7097312228337334
2016-01-07,London Westminster,5.833,5.833,V ugm-3 (GRAV EMFAB),False,False,False,False,7.23,2.5184322107215826
2016-01-08,London Westminster,4.75,4.75,V ugm-3 (GRAV EMFAB),False,False,False,False,6.555499999999999,2.556470750859473
2016-01-09,London Westminster,6.375,6.375,V ugm-3 (GRAV EMFAB),False,False,False,False,6.529714285714285,2.3347248027898067
2016-01-10,London Westminster,5.75,5.75,V ugm-3 (GRAV EMFAB),False,False,False,False,6.452285714285715,2.3528393991293233
2016-01-11,London Westminster,25.958,25.958,V ugm-3 (GRAV EMFAB),False,False,False,False,8.493857142857143,7.717066226413839
2016-01-12,London Westminster,,,V ugm-3 (GRAV EMFAB),False,False,False,False,8.999833333333333,8.325456946418416
2016-01-13,London Westminster,,,V ugm-3 (GRAV EMFAB),False,False,False,False,9.7332,9.088885613759258
2016-01-14,London Westminster,,,V ugm-3 (GRAV EMFAB),False,False,False,False,10.70825,10.188505234658647
2016-01-15,London Westminster,,,V ugm-3 (GRAV EMFAB),False,False,False,False,12.694333333333333,11.490922344761248
2016-01-16,London Westminster,,,V ugm-3 (GRAV EMFAB),False,False,False,False,15.854,14.289213834217756
2016-01-17,London Westminster,,,V ugm-3 (GRAV EMFAB),False,False,False,False,25.958,
2016-01-18,London Westminster,,,V ugm-3 (GRAV EMFAB),False,False,False,False,,
2016-01-19,London Westminster,,,V ugm-3 (GRAV EMFAB),False,False,False,False,,
2016-01-20,London Westminster,,,V ugm-3 (GRAV EMFAB),False,False,False,False,,
2016-01-21,London Westminster,,,V ugm-3 (GRAV EMFAB),False,False,False,False,,
2016-01-22,London Westminster,,,V ugm-3 (GRAV EMFAB),False,False,False,False,,
2016-01-23,London Westminster,,,V ugm-3 (GRAV EMFAB),False,False,False,False,,
2016-01-24,London Westminster,,,V ugm-3 (GRAV EMFAB),False,False,False,False,,
2016-01-25,London Westminster,,,V ugm-3 (GRAV EMFAB),False,False,False,False,,
2016-01-26,London Westminster,,,V ugm-3 (GRAV EMFAB),False,False,False,False,,
2016-01-27,London Westminster,,,V ugm-3 (GRAV EMFAB),False,False,False,False,,
2016-01-28,London Westminster,,,V ugm-3 (GRAV EMFAB),False,False,False,False,,
2016-01-29,London Westminster,,,V ugm-3 (GRAV EMFAB),False,False,False,False,,
2016-01-30,London Westminster,,,V ugm-3 (GRAV EMFAB),False,False,False,False,,
2016-01-31,London Westminster,,,V ugm-3 (GRAV EMFAB),False,False,False,False,,
2016-02-01,London Westminster,3.875,3.875,V ugm-3 (GRAV EMFAB),False,False,False,False,3.875,
2016-02-02,London Westminster,,,V ugm-3 (GRAV EMFAB),False,False,False,False,3.875,
2016-02-03,London Westminster,5.37,5.37,V ugm-3 (GRAV EMFAB),False,False,False,False,4.6225000000000005,1.0571246378738883
2016-02-04,London Westminster,15.0,15.0,V ugm-3 (GRAV EMFAB),False,False,False,False,8.081666666666667,6.037901815476411
2016-02-05,London Westminster,4.458,4.458,V ugm-3 (GRAV EMFAB),False,False,False,False,7.175750000000001,5.252324461607451
2016-02-06,London Westminster,7.042,7.042,V ugm-3 (GRAV EMFAB),False,False,False,False,7.149000000000001,4.54903967887729
2016-02-07,London Westminster,4.125,4.125,V ugm-3 (GRAV EMFAB),False,False,False,False,6.6450000000000005,4.251953151200046
2016-02-08,London Westminster,4.25,4.25,V ugm-3 (GRAV EMFAB),False,False,False,False,6.7075000000000005,4.205596640192685
2016-02-09,London Westminster,4.875,4.875,V ugm-3 (GRAV EMFAB),False,False,False,False,6.445714285714287,3.901144050757663
2016-02-10,London Westminster,6.042,6.042,V ugm-3 (GRAV EMFAB),False,False,False,False,6.541714285714286,3.87846321431078
2016-02-11,London Westminster,11.458,11.458,V ugm-3 (GRAV EMFAB),False,False,False,False,6.035714285714286,2.6169281428350124
2016-02-12,London Westminster,,,V ugm-3 (GRAV EMFAB),False,False,False,False,6.298666666666667,2.76354234030649
2016-02-13,London Westminster,17.833,17.833,V ugm-3 (GRAV EMFAB),False,False,False,False,8.097166666666666,5.500300334224184
2016-02-14,London Westminster,9.542,9.542,V ugm-3 (GRAV EMFAB),False,False,False,False,9.0,5.151413514754954
2016-02-15,London Westminster,6.375,6.375,V ugm-3 (GRAV EMFAB),False,False,False,False,9.354166666666666,4.822049913332156
2016-02-16,London Westminster,12.0,12.0,V ugm-3 (GRAV EMFAB),False,False,False,False,10.541666666666666,4.352870072339244
2016-02-17,London Westminster,13.0,13.0,V ugm-3 (GRAV EMFAB),False,False,False,False,11.701333333333332,3.8069628664680537
2016-02-18,London Westminster,,,V ugm-3 (GRAV EMFAB),False,False,False,False,11.75,4.254226662978829
2016-02-19,London Westminster,6.875,6.875,V ugm-3 (GRAV EMFAB),False,False,False,False,10.9375,4.294146376173033
2016-02-20,London Westminster,2.875,2.875,V ugm-3 (GRAV EMFAB),False,False,False,False,8.4445,3.8043174814938867
2016-02-21,London Westminster,2.208,2.208,V ugm-3 (GRAV EMFAB),False,False,False,False,7.222166666666666,4.496420594947347
2016-02-22,London Westminster,5.833,5.833,V ugm-3 (GRAV EMFAB),False,False,False,False,7.131833333333333,4.522214564421579
2016-02-23,London Westminster,8.333,8.333,V ugm-3 (GRAV EMFAB),False,False,False,False,6.520666666666666,3.9434687607063212
2016-02-24,London Westminster,16.875,16.875,V ugm-3 (GRAV EMFAB),False,False,False,False,7.166499999999999,5.300614747366572
2016-02-25,London Westminster,20.458,20.458,V ugm-3 (GRAV EMFAB),False,False,False,False,9.065285714285713,6.975060877017148
2016-02-26,London Westminster,20.708,20.708,V ugm-3 (GRAV EMFAB),False,False,False,False,11.04142857142857,8.117145492867609
2016-02-27,London Westminster,19.5,19.5,V ugm-3 (GRAV EMFAB),False,False,False,False,13.41642857142857,7.753502495800265
2016-02-28,London Westminster,5.458,5.458,V ugm-3 (GRAV EMFAB),False,False,False,False,13.880714285714285,7.034434251458693
2016-02-29,London Westminster,7.458,7.458,V ugm-3 (GRAV EMFAB),False,False,False,False,14.112857142857141,6.745466537573498
2016-03-01,London Westminster,4.833,4.833,V ugm-3 (GRAV EMFAB),False,False,False,False,13.612857142857143,7.348094002950049
2016-03-02,London Westminster,6.792,6.792,V ugm-3 (GRAV EMFAB),False,False,False,False,12.17242857142857,7.586452703276255
2016-03-03,London Westminster,3.536,3.536,V ugm-3 (GRAV EMFAB),False,False,False,False,9.754999999999999,7.19206815410792
2016-03-04,London Westminster,15.125,15.125,V ugm-3 (GRAV EMFAB),False,False,False,False,8.957428571428572,5.982905031759037
2016-03-05,London Westminster,6.458,6.458,V ugm-3 (GRAV EMFAB),False,False,False,False,7.094285714285713,3.7765314206859895
2016-03-06,London Westminster,7.125,7.125,V ugm-3 (GRAV EMFAB),False,False,False,False,7.332428571428571,3.708091731027464
2016-03-07,London Westminster,4.292,4.292,V ugm-3 (GRAV EMFAB),False,False,False,False,6.880142857142857,3.8793506083953164
2016-03-08,London Westminster,,,V ugm-3 (GRAV EMFAB),False,False,False,False,7.221333333333334,4.132962795219264
2016-03-09,London Westminster,4.125,4.125,V ugm-3 (GRAV EMFAB),False,False,False,False,6.776833333333333,4.3272249498571975
2016-03-10,London Westminster,12.667,12.667,V ugm-3 (GRAV EMFAB),False,False,False,False,8.298666666666668,4.558938063482178
2016-03-11,London Westminster,17.333,17.333,V ugm-3 (GRAV EMFAB),False,False,False,False,8.666666666666666,5.255994469809365
2016-03-12,London Westminster,6.0,6.0,V ugm-3 (GRAV EMFAB),False,False,False,False,8.590333333333334,5.297647238790691
2016-03-13,London Westminster,30.995,30.995,V ugm-3 (GRAV EMFAB),True,True,False,False,12.568666666666667,10.442072603974111
2016-03-14,London Westminster,15.453,15.453,V ugm-3 (GRAV EMFAB),False,False,False,False,14.428833333333332,9.635758909741705
2016-03-15,London Westminster,13.37,13.37,V ugm-3 (GRAV EMFAB),False,False,False,False,14.277571428571429,8.805303474935675
2016-03-16,London Westminster,12.0,12.0,V ugm-3 (GRAV EMFAB),False,False,False,False,15.402571428571429,7.729310725136769
2016-03-17,London Westminster,21.167,21.167,V ugm-3 (GRAV EMFAB),False,False,False,False,16.616857142857143,7.893851223759993
2016-03-18,London Westminster,9.042,9.042,V ugm-3 (GRAV EMFAB),False,False,False,False,15.432428571428572,8.375786786070565
2016-03-19,London Westminster,5.75,5.75,V ugm-3 (GRAV EMFAB),False,False,False,False,15.396714285714285,8.42310919859339
2016-03-20,London Westminster,4.75,4.75,V ugm-3 (GRAV EMFAB),False,False,False,False,11.647428571428573,5.734960268887161
2016-03-21,London Westminster,11.083,11.083,V ugm-3 (GRAV EMFAB),False,False,False,False,11.023142857142858,5.484017579250072
2016-03-22,London Westminster,15.708,15.708,V ugm-3 (GRAV EMFAB),False,False,False,False,11.357142857142858,5.717020623499955
2016-03-23,London Westminster,21.625,21.625,V ugm-3 (GRAV EMFAB),False,False,False,False,12.732142857142858,6.92684631051706
2016-03-24,London Westminster,12.708,12.708,V ugm-3 (GRAV EMFAB),False,False,False,False,11.523714285714286,5.866839998792244
2016-03-25,London Westminster,5.833,5.833,V ugm-3 (GRAV EMFAB),False,False,False,False,11.065285714285713,6.208503515724374
2016-03-26,London Westminster,5.708,5.708,V ugm-3 (GRAV EMFAB),False,False,False,False,11.059285714285712,6.2145138108111
2016-03-27,London Westminster,2.917,2.917,V ugm-3 (GRAV EMFAB),False,False,False,False,10.79742857142857,6.554017059715943
2016-03-28,London Westminster,3.083,3.083,V ugm-3 (GRAV EMFAB),False,False,False,False,9.654571428571428,7.1649475191644605
2016-03-29,London Westminster,5.208,5.208,V ugm-3 (GRAV EMFAB),False,False,False,False,8.154571428571428,6.774914977502003
2016-03-30,London Westminster,4.042,4.042,V ugm-3 (GRAV EMFAB),False,False,False,False,5.642714285714286,3.333957893869575
2016-03-31,London Westminster,6.417,6.417,V ugm-3 (GRAV EMFAB),False,False,False,False,4.744,1.397563117238961
2016-04-01,London Westminster,6.375,6.375,V ugm-3 (GRAV EMFAB),False,False,False,False,4.821428571428571,1.4805049653347901
2016-04-02,London Westminster,6.75,6.75,V ugm-3 (GRAV EMFAB),False,False,False,False,4.970285714285715,1.6293986328587367
2016-04-03,London Westminster,5.953,5.953,V ugm-3 (GRAV EMFAB),False,False,False,False,5.404000000000001,1.3761436456029394
2016-04-04,London Westminster,8.042,8.042,V ugm-3 (GRAV EMFAB),False,False,False,False,6.112428571428572,1.2530984075672724
2016-04-05,London Westminster,7.417,7.417,V ugm-3 (GRAV EMFAB),False,False,False,False,6.428,1.2654611807558598
2016-04-06,London Westminster,13.958,13.958,V ugm-3 (GRAV EMFAB),False,False,False,False,7.844571428571429,2.78596284117017
2016-04-07,London Westminster,5.083,5.083,V ugm-3 (GRAV EMFAB),False,False,False,False,7.654000000000001,2.9411910285914242
2016-04-08,London Westminster,4.792,4.792,V ugm-3 (GRAV EMFAB),False,False,False,False,7.427857142857143,3.111828156597098
2016-04-09,London Westminster,3.458,3.458,V ugm-3 (GRAV EMFAB),False,False,False,False,6.957571428571429,3.4605621343524957
2016-04-10,London Westminster,10.833,10.833,V ugm-3 (GRAV EMFAB),False,False,False,False,7.654714285714285,3.707215204358736
2016-04-11,London Westminster,11.042,11.042,V ugm-3 (GRAV EMFAB),False,False,False,False,8.083285714285713,3.926378047441253
2016-04-12,London Westminster,9.708,9.708,V ugm-3 (GRAV EMFAB),False,False,False,False,8.410571428571428,3.9569478076392373
2016-04-13,London Westminster,8.208,8.208,V ugm-3 (GRAV EMFAB),False,False,False,False,7.589142857142856,3.122191347359067
2016-04-14,London Westminster,7.875,7.875,V ugm-3 (GRAV EMFAB),False,False,False,False,7.9879999999999995,2.9204972750087177
2016-04-15,London Westminster,6.25,6.25,V ugm-3 (GRAV EMFAB),False,False,False,False,8.196285714285713,2.6980972748887164
2016-04-16,London Westminster,4.333,4.333,V ugm-3 (GRAV EMFAB),False,False,False,False,8.321285714285713,2.4509393923069407
2016-04-17,London Westminster,4.333,4.333,V ugm-3 (GRAV EMFAB),False,False,False,False,7.392714285714286,2.5691964836167336
2016-04-18,London Westminster,7.292,7.292,V ugm-3 (GRAV EMFAB),False,False,False,False,6.856999999999999,2.0119870774932975
2016-04-19,London Westminster,5.625,5.625,V ugm-3 (GRAV EMFAB),False,False,False,False,6.273714285714285,1.5966955161922998
2016-04-20,London Westminster,8.625,8.625,V ugm-3 (GRAV EMFAB),False,False,False,False,6.333285714285714,1.686162379911435
2016-04-21,London Westminster,10.833,10.833,V ugm-3 (GRAV EMFAB),False,False,False,False,6.755857142857144,2.3692277524242287
2016-04-22,London Westminster,7.458,7.458,V ugm-3 (GRAV EMFAB),False,False,False,False,6.928428571428571,2.3702351400330803
2016-04-23,London Westminster,5.542,5.542,V ugm-3 (GRAV EMFAB),False,False,False,False,7.1011428571428565,2.186519717768512
2016-04-24,London Westminster,4.167,4.167,V ugm-3 (GRAV EMFAB),False,False,False,False,7.077428571428571,2.2221556243988934
2016-04-25,London Westminster,5.792,5.792,V ugm-3 (GRAV EMFAB),False,False,False,False,6.863142857142856,2.269827851664195
2016-04-26,London Westminster,4.083,4.083,V ugm-3 (GRAV EMFAB),False,False,False,False,6.642857142857143,2.475521051453713
2016-04-27,London Westminster,7.375,7.375,V ugm-3 (GRAV EMFAB),False,False,False,False,6.464285714285714,2.350643721358455
2016-04-28,London Westminster,5.833,5.833,V ugm-3 (GRAV EMFAB),False,False,False,False,5.75,1.3475028756926746
2016-04-29,London Westminster,2.75,2.75,V ugm-3 (GRAV EMFAB),False,False,False,False,5.077428571428571,1.517171365528952
2016-04-30,London Westminster,4.333,4.333,V ugm-3 (GRAV EMFAB),False,False,False,False,4.904714285714285,1.5242697392834617
2016-05-01,London Westminster,8.042,8.042,V ugm-3 (GRAV EMFAB),False,False,False,False,5.458285714285714,1.8749950857078534
2016-05-02,London Westminster,5.208,5.208,V ugm-3 (GRAV EMFAB),False,False,False,False,5.3748571428571426,1.8706591911740202
2016-05-03,London Westminster,8.87,8.87,V ugm-3 (GRAV EMFAB),False,False,False,False,6.058714285714286,2.170625847867061
2016-05-04,London Westminster,5.583,5.583,V ugm-3 (GRAV EMFAB),False,False,False,False,5.802714285714286,2.093825980853057
2016-05-05,London Westminster,11.917,11.917,V ugm-3 (GRAV EMFAB),False,False,False,False,6.671857142857143,3.1198384268297983
2016-05-06,London Westminster,10.958,10.958,V ugm-3 (GRAV EMFAB),False,False,False,False,7.844428571428572,2.937287345899438
2016-05-07,London Westminster,4.5,4.5,V ugm-3 (GRAV EMFAB),False,False,False,False,7.868285714285714,2.90450883479954
2016-05-08,London Westminster,5.5,5.5,V ugm-3 (GRAV EMFAB),False,False,False,False,7.505142857142857,3.0351419751839983
2016-05-09,London Westminster,3.458,3.458,V ugm-3 (GRAV EMFAB),False,False,False,False,7.255142857142857,3.3150545711230497
2016-05-10,London Westminster,7.375,7.375,V ugm-3 (GRAV EMFAB),False,False,False,False,7.041571428571428,3.2410089404969207
2016-05-11,London Westminster,15.25,15.25,V ugm-3 (GRAV EMFAB),False,False,False,False,8.422571428571429,4.376558307511466
2016-05-12,London Westminster,37.792,37.792,V ugm-3 (GRAV EMFAB),True,True,False,False,12.119,12.039053049693457
2016-05-13,London Westminster,9.875,9.875,V ugm-3 (GRAV EMFAB),False,False,False,False,11.964285714285714,12.063394004373807
2016-05-14,London Westminster,7.292,7.292,V ugm-3 (GRAV EMFAB),False,False,False,False,12.363142857142858,11.819150652346265
2016-05-15,London Westminster,8.542,8.542,V ugm-3 (GRAV EMFAB),False,False,False,False,12.797714285714287,11.578214956176472
2016-05-16,London Westminster,9.375,9.375,V ugm-3 (GRAV EMFAB),False,False,False,False,13.643,10.983423297557701
2016-05-17,London Westminster,8.833,8.833,V ugm-3 (GRAV EMFAB),False,False,False,False,13.851285714285714,10.85785521660525
2016-05-18,London Westminster,7.0,7.0,V ugm-3 (GRAV EMFAB),False,False,False,False,12.672714285714287,11.125186286294799
2016-05-19,London Westminster,4.792,4.792,V ugm-3 (GRAV EMFAB),False,False,False,False,7.958428571428572,1.7404182310719363
2016-05-20,London Westminster,4.292,4.292,V ugm-3 (GRAV EMFAB),False,False,False,False,7.160857142857142,1.9786756874714024
2016-05-21,London Westminster,6.375,6.375,V ugm-3 (GRAV EMFAB),False,False,False,False,7.029857142857142,1.998799258602631
2016-05-22,London Westminster,4.333,4.333,V ugm-3 (GRAV EMFAB),False,False,False,False,6.428571428571429,2.0986837825283664
2016-05-23,London Westminster,4.667,4.667,V ugm-3 (GRAV EMFAB),False,False,False,False,5.756,1.7166861487567517
2016-05-24,London Westminster,4.667,4.667,V ugm-3 (GRAV EMFAB),False,False,False,False,5.160857142857142,1.0739874966018457
2016-05-25,London Westminster,7.458,7.458,V ugm-3 (GRAV EMFAB),False,False,False,False,5.226285714285714,1.2100377011048848
2016-05-26,London Westminster,9.125,9.125,V ugm-3 (GRAV EMFAB),False,False,False,False,5.845285714285715,1.8759170836585126
2016-05-27,London Westminster,13.208,13.208,V ugm-3 (GRAV EMFAB),False,False,False,False,7.119,3.2029886564478
2016-05-28,London Westminster,14.5,14.5,V ugm-3 (GRAV EMFAB),False,False,False,False,8.279714285714286,4.20415745480136
2016-05-29,London Westminster,9.042,9.042,V ugm-3 (GRAV EMFAB),False,False,False,False,8.952428571428571,3.8272347222306027
2016-05-30,London Westminster,6.375,6.375,V ugm-3 (GRAV EMFAB),False,False,False,False,9.196428571428571,3.5531169817097528
2016-05-31,London Westminster,5.167,5.167,V ugm-3 (GRAV EMFAB),False,False,False,False,9.267857142857142,3.4504274821424294
2016-06-01,London Westminster,20.75,20.75,V ugm-3 (GRAV EMFAB),False,False,False,False,11.166714285714287,5.3968680953026045
2016-06-02,London Westminster,6.917,6.917,V ugm-3 (GRAV EMFAB),False,False,False,False,10.851285714285714,5.596905684223665
2016-06-03,London Westminster,8.453,8.453,V ugm-3 (GRAV EMFAB),False,False,False,False,10.171999999999999,5.551573170432558
2016-06-04,London Westminster,3.792,3.792,V ugm-3 (GRAV EMFAB),False,False,False,False,8.642285714285714,5.634897565300413
2016-06-05,London Westminster,17.542,17.542,V ugm-3 (GRAV EMFAB),False,False,False,False,9.856571428571428,6.573128855604528
2016-06-06,London Westminster,9.875,9.875,V ugm-3 (GRAV EMFAB),False,False,False,False,10.356571428571428,6.394856497142649
2016-06-07,London Westminster,4.625,4.625,V ugm-3 (GRAV EMFAB),False,False,False,False,10.279142857142856,6.470992078204887
2016-06-08,London Westminster,6.0,6.0,V ugm-3 (GRAV EMFAB),False,False,False,False,8.171999999999999,4.6338300932741685
2016-06-09,London Westminster,4.208,4.208,V ugm-3 (GRAV EMFAB),False,False,False,False,7.785000000000001,4.863540822624325
2016-06-10,London Westminster,6.375,6.375,V ugm-3 (GRAV EMFAB),False,False,False,False,7.488142857142857,4.879364419968764
2016-06-11,London Westminster,12.333,12.333,V ugm-3 (GRAV EMFAB),False,False,False,False,8.708285714285713,4.868934028247715
2016-06-12,London Westminster,41.75,41.75,V ugm-3 (GRAV EMFAB),True,True,False,False,12.166571428571428,13.368129423584818
2016-06-13,London Westminster,4.73,4.73,V ugm-3 (GRAV EMFAB),False,False,False,False,11.431571428571429,13.65351618762413
2016-06-14,London Westminster,3.98,3.98,V ugm-3 (GRAV EMFAB),False,False,False,False,11.33942857142857,13.709170262481758
2016-06-15,London Westminster,4.646,4.646,V ugm-3 (GRAV EMFAB),False,False,False,False,11.145999999999999,13.806270809551235
2016-06-16,London Westminster,5.438,5.438,V ugm-3 (GRAV EMFAB),False,False,False,False,11.321714285714284,13.710749878766482
2016-06-17,London Westminster,7.855,7.855,V ugm-3 (GRAV EMFAB),False,False,False,False,11.533142857142858,13.632945297190565
2016-06-18,London Westminster,5.98,5.98,V ugm-3 (GRAV EMFAB),False,False,False,False,10.62557142857143,13.781479164167424
2016-06-19,London Westminster,5.105,5.105,V ugm-3 (GRAV EMFAB),False,False,False,False,5.390571428571429,1.2573177611013553
2016-06-20,London Westminster,3.355,3.355,V ugm-3 (GRAV EMFAB),False,False,False,False,5.194142857142857,1.467548685004051
2016-06-21,London Westminster,4.688,4.688,V ugm-3 (GRAV EMFAB),False,False,False,False,5.295285714285714,1.3923974186375618
2016-06-22,London Westminster,4.063,4.063,V ugm-3 (GRAV EMFAB),False,False,False,False,5.212000000000001,1.4537895308468747
2016-06-23,London Westminster,,,V ugm-3 (GRAV EMFAB),False,False,False,False,5.174333333333334,1.5888005119166593
2016-06-24,London Westminster,4.417,4.417,V ugm-3 (GRAV EMFAB),False,False,False,False,4.601333333333334,0.8987815455752581
2016-06-25,London Westminster,3.958,3.958,V ugm-3 (GRAV EMFAB),False,False,False,False,4.264333333333333,0.6116834693423195
2016-06-26,London Westminster,4.542,4.542,V ugm-3 (GRAV EMFAB),False,False,False,False,4.1705,0.4875107178308919
2016-06-27,London Westminster,4.375,4.375,V ugm-3 (GRAV EMFAB),False,False,False,False,4.3405,0.27989765986872417
2016-06-28,London Westminster,5.958,5.958,V ugm-3 (GRAV EMFAB),False,False,False,False,4.5521666666666665,0.7236638492191318
2016-06-29,London Westminster,4.708,4.708,V ugm-3 (GRAV EMFAB),False,False,False,False,4.659666666666667,0.6832436363894274
2016-06-30,London Westminster,4.375,4.375,V ugm-3 (GRAV EMFAB),False,False,False,False,4.619,0.6329254827123425
2016-07-01,London Westminster,5.667,5.667,V ugm-3 (GRAV EMFAB),False,False,False,False,4.797571428571429,0.7346034887708249
2016-07-02,London Westminster,3.292,3.292,V ugm-3 (GRAV EMFAB),False,False,False,False,4.702428571428571,0.888477509965373
2016-07-03,London Westminster,8.995,8.995,V ugm-3 (GRAV EMFAB),False,False,False,False,5.338571428571428,1.8395670556902577
2016-07-04,London Westminster,4.0,4.0,V ugm-3 (GRAV EMFAB),False,False,False,False,5.284999999999999,1.8773765383285899
2016-07-05,London Westminster,16.125,16.125,V ugm-3 (GRAV EMFAB),False,False,False,False,6.7374285714285715,4.535656617556151
2016-07-06,London Westminster,14.167,14.167,V ugm-3 (GRAV EMFAB),False,False,False,False,8.088714285714286,5.191840159143496
2016-07-07,London Westminster,6.555,6.555,V ugm-3 (GRAV EMFAB),False,False,False,False,8.400142857142857,4.993544446869084
2016-07-08,London Westminster,4.833,4.833,V ugm-3 (GRAV EMFAB),False,False,False,False,8.281,5.0788448489789415
2016-07-09,London Westminster,7.042,7.042,V ugm-3 (GRAV EMFAB),False,False,False,False,8.816714285714285,4.6440654142064455
2016-07-10,London Westminster,8.958,8.958,V ugm-3 (GRAV EMFAB),False,False,False,False,8.811428571428571,4.643849726866083
2016-07-11,London Westminster,7.375,7.375,V ugm-3 (GRAV EMFAB),False,False,False,False,9.293571428571429,4.216599967475476
2016-07-12,London Westminster,19.625,19.625,V ugm-3 (GRAV EMFAB),False,False,False,False,9.793571428571429,5.244017094338479
2016-07-13,London Westminster,5.417,5.417,V ugm-3 (GRAV EMFAB),False,False,False,False,8.543571428571429,5.0676801351684455
2016-07-14,London Westminster,5.417,5.417,V ugm-3 (GRAV EMFAB),False,False,False,False,8.381,5.159527077811163
2016-07-15,London Westminster,4.875,4.875,V ugm-3 (GRAV EMFAB),False,False,False,False,8.387,5.154735654392628
2016-07-16,London Westminster,3.417,3.417,V ugm-3 (GRAV EMFAB),False,False,False,False,7.869142857142856,5.48395296687135
2016-07-17,London Westminster,3.208,3.208,V ugm-3 (GRAV EMFAB),False,False,False,False,7.047714285714286,5.719263784622562
2016-07-18,London Westminster,6.208,6.208,V ugm-3 (GRAV EMFAB),False,False,False,False,6.881,5.72513927050396
2016-07-19,London Westminster,10.962,10.962,V ugm-3 (GRAV EMFAB),False,False,False,False,5.643428571428571,2.5880256861903317
2016-07-20,London Westminster,10.125,10.125,V ugm-3 (GRAV EMFAB),False,False,False,False,6.316,3.0836668648434284
2016-07-21,London Westminster,6.583,6.583,V ugm-3 (GRAV EMFAB),False,False,False,False,6.482571428571428,3.058400282126957
2016-07-22,London Westminster,10.333,10.333,V ugm-3 (GRAV EMFAB),False,False,False,False,7.262285714285715,3.2687588732466204
2016-07-23,London Westminster,8.458,8.458,V ugm-3 (GRAV EMFAB),False,False,False,False,7.982428571428572,2.802438750870548
2016-07-24,London Westminster,4.042,4.042,V ugm-3 (GRAV EMFAB),False,False,False,False,8.101571428571429,2.5740506895515627
2016-07-25,London Westminster,4.292,4.292,V ugm-3 (GRAV EMFAB),False,False,False,False,7.827857142857143,2.891285955451381
2016-07-26,London Westminster,4.792,4.792,V ugm-3 (GRAV EMFAB),False,False,False,False,6.946428571428571,2.7114685355075707
2016-07-27,London Westminster,4.667,4.667,V ugm-3 (GRAV EMFAB),False,False,False,False,6.166714285714286,2.413474930073899
2016-07-28,London Westminster,3.708,3.708,V ugm-3 (GRAV EMFAB),False,False,False,False,5.756,2.5703549041588243
2016-07-29,London Westminster,4.0,4.0,V ugm-3 (GRAV EMFAB),False,False,False,False,4.851285714285714,1.635308198708095
2016-07-30,London Westminster,5.208,5.208,V ugm-3 (GRAV EMFAB),False,False,False,False,4.387,0.525250099159143
2016-07-31,London Westminster,2.833,2.833,V ugm-3 (GRAV EMFAB),False,False,False,False,4.214285714285714,0.7897684711959991
2016-08-01,London Westminster,7.667,7.667,V ugm-3 (GRAV EMFAB),False,False,False,False,4.696428571428571,1.5291811378580913
2016-08-02,London Westminster,7.083,7.083,V ugm-3 (GRAV EMFAB),False,False,False,False,5.023714285714285,1.7779739137836765
2016-08-03,London Westminster,11.036,11.036,V ugm-3 (GRAV EMFAB),False,False,False,False,5.933571428571428,2.8633489051076073
2016-08-04,London Westminster,6.542,6.542,V ugm-3 (GRAV EMFAB),False,False,False,False,6.3384285714285715,2.691413931817424
2016-08-05,London Westminster,11.667,11.667,V ugm-3 (GRAV EMFAB),False,False,False,False,7.433714285714286,3.1088616198583874
2016-08-06,London Westminster,12.521,12.521,V ugm-3 (GRAV EMFAB),False,False,False,False,8.478428571428571,3.4466602122993706
2016-08-07,London Westminster,6.0,6.0,V ugm-3 (GRAV EMFAB),False,False,False,False,8.930857142857143,2.711570973228813
2016-08-08,London Westminster,6.208,6.208,V ugm-3 (GRAV EMFAB),False,False,False,False,8.722428571428571,2.8759990065565395
2016-08-09,London Westminster,7.625,7.625,V ugm-3 (GRAV EMFAB),False,False,False,False,8.799857142857142,2.831456599736325
2016-08-10,London Westminster,6.333,6.333,V ugm-3 (GRAV EMFAB),False,False,False,False,8.128,2.7697227298052653
2016-08-11,London Westminster,13.833,13.833,V ugm-3 (GRAV EMFAB),False,False,False,False,9.169571428571428,3.3780101567413214
2016-08-12,London Westminster,14.75,14.75,V ugm-3 (GRAV EMFAB),False,False,False,False,9.61,3.916033452359657
2016-08-13,London Westminster,4.667,4.667,V ugm-3 (GRAV EMFAB),False,False,False,False,8.488,4.065280802109483
2016-08-14,London Westminster,4.708,4.708,V ugm-3 (GRAV EMFAB),False,False,False,False,8.303428571428572,4.223324869386782
2016-08-15,London Westminster,6.583,6.583,V ugm-3 (GRAV EMFAB),False,False,False,False,8.357000000000001,4.194595769161385
2016-08-16,London Westminster,7.833,7.833,V ugm-3 (GRAV EMFAB),False,False,False,False,8.386714285714286,4.189279441395043
2016-08-17,London Westminster,9.167,9.167,V ugm-3 (GRAV EMFAB),False,False,False,False,8.791571428571428,4.093574471336862
2016-08-18,London Westminster,9.833,9.833,V ugm-3 (GRAV EMFAB),False,False,False,False,8.220142857142857,3.5101512041777356
2016-08-19,London Westminster,11.042,11.042,V ugm-3 (GRAV EMFAB),False,False,False,False,7.690428571428571,2.4928775780305705
2016-08-20,London Westminster,6.667,6.667,V ugm-3 (GRAV EMFAB),False,False,False,False,7.9761428571428565,2.184089774450006
2016-08-21,London Westminster,1.917,1.917,V ugm-3 (GRAV EMFAB),False,False,False,False,7.577428571428571,2.987226464863503
2016-08-22,London Westminster,5.625,5.625,V ugm-3 (GRAV EMFAB),False,False,False,False,7.440571428571429,3.06140250305546
2016-08-23,London Westminster,6.833,6.833,V ugm-3 (GRAV EMFAB),False,False,False,False,7.297714285714286,3.0633695344770047
2016-08-24,London Westminster,14.125,14.125,V ugm-3 (GRAV EMFAB),False,False,False,False,8.006,3.9981520314598598
2016-08-25,London Westminster,15.375,15.375,V ugm-3 (GRAV EMFAB),False,False,False,False,8.797714285714287,4.87318973959512
2016-08-26,London Westminster,7.375,7.375,V ugm-3 (GRAV EMFAB),False,False,False,False,8.273857142857143,4.7880786483575095
2016-08-27,London Westminster,11.583,11.583,V ugm-3 (GRAV EMFAB),False,False,False,False,8.976142857142857,4.87288728334551
2016-08-28,London Westminster,5.75,5.75,V ugm-3 (GRAV EMFAB),False,False,False,False,9.523714285714286,4.101785006322873
2016-08-29,London Westminster,6.0,6.0,V ugm-3 (GRAV EMFAB),False,False,False,False,9.577285714285713,4.044427059312002
2016-08-30,London Westminster,9.292,9.292,V ugm-3 (GRAV EMFAB),False,False,False,False,9.928571428571429,3.8693413245298185
2016-08-31,London Westminster,5.667,5.667,V ugm-3 (GRAV EMFAB),False,False,False,False,8.720285714285714,3.6551815146120754
2016-09-01,London Westminster,,,V ugm-3 (GRAV EMFAB),False,False,False,False,7.611166666666667,2.387300518717033
2016-09-02,London Westminster,5.917,5.917,V ugm-3 (GRAV EMFAB),False,False,False,False,7.368166666666666,2.488218271508073
2016-09-03,London Westminster,5.786,5.786,V ugm-3 (GRAV EMFAB),False,False,False,False,6.402,1.4208246901007855
2016-09-04,London Westminster,3.667,3.667,V ugm-3 (GRAV EMFAB),False,False,False,False,6.054833333333334,1.8124947907971136
2016-09-05,London Westminster,16.042,16.042,V ugm-3 (GRAV EMFAB),False,False,False,False,7.7285,4.457784595513779
2016-09-06,London Westminster,8.605,8.605,V ugm-3 (GRAV EMFAB),False,False,False,False,7.614,4.418241188527393
2016-09-07,London Westminster,4.958,4.958,V ugm-3 (GRAV EMFAB),False,False,False,False,7.495833333333334,4.489633010243334
2016-09-08,London Westminster,7.542,7.542,V ugm-3 (GRAV EMFAB),False,False,False,False,7.502428571428571,4.098492603268619
2016-09-09,London Westminster,4.333,4.333,V ugm-3 (GRAV EMFAB),False,False,False,False,7.276142857142858,4.241837393888461
2016-09-10,London Westminster,5.208,5.208,V ugm-3 (GRAV EMFAB),False,False,False,False,7.193571428571429,4.281122705441598
2016-09-11,London Westminster,6.875,6.875,V ugm-3 (GRAV EMFAB),False,False,False,False,7.651857142857144,4.003387541760573
2016-09-12,London Westminster,15.917,15.917,V ugm-3 (GRAV EMFAB),False,False,False,False,7.634,3.95976699651212
2016-09-13,London Westminster,13.292,13.292,V ugm-3 (GRAV EMFAB),False,False,False,False,8.303571428571429,4.50944138658521
2016-09-14,London Westminster,11.208,11.208,V ugm-3 (GRAV EMFAB),False,False,False,False,9.196428571428571,4.352640380931347
2016-09-15,London Westminster,13.083,13.083,V ugm-3 (GRAV EMFAB),False,False,False,False,9.988,4.5028708620167945
2016-09-16,London Westminster,6.75,6.75,V ugm-3 (GRAV EMFAB),False,False,False,False,10.333285714285713,4.0687045323331645
2016-09-17,London Westminster,5.75,5.75,V ugm-3 (GRAV EMFAB),False,False,False,False,10.410714285714286,3.958579868011814
2016-09-18,London Westminster,6.208,6.208,V ugm-3 (GRAV EMFAB),False,False,False,False,10.315428571428571,4.064482413015726
2016-09-19,London Westminster,13.125,13.125,V ugm-3 (GRAV EMFAB),False,False,False,False,9.916571428571428,3.524263131357744
2016-09-20,London Westminster,7.5,7.5,V ugm-3 (GRAV EMFAB),False,False,False,False,9.089142857142857,3.270484593480051
2016-09-21,London Westminster,9.958,9.958,V ugm-3 (GRAV EMFAB),False,False,False,False,8.910571428571428,3.1680319788549367
2016-09-22,London Westminster,7.0,7.0,V ugm-3 (GRAV EMFAB),False,False,False,False,8.041571428571428,2.619591434883352
2016-09-23,London Westminster,4.875,4.875,V ugm-3 (GRAV EMFAB),False,False,False,False,7.773714285714285,2.858622670348172
2016-09-24,London Westminster,5.042,5.042,V ugm-3 (GRAV EMFAB),False,False,False,False,7.672571428571429,2.9531219557807344
2016-09-25,London Westminster,4.75,4.75,V ugm-3 (GRAV EMFAB),False,False,False,False,7.464285714285714,3.1203191457651447
2016-09-26,London Westminster,6.833,6.833,V ugm-3 (GRAV EMFAB),False,False,False,False,6.565428571428571,1.8760586217868924
2016-09-27,London Westminster,4.333,4.333,V ugm-3 (GRAV EMFAB),False,False,False,False,6.113,1.9914420235932881
2016-09-28,London Westminster,9.792,9.792,V ugm-3 (GRAV EMFAB),False,False,False,False,6.089285714285714,1.9383037012024806
2016-09-29,London Westminster,5.625,5.625,V ugm-3 (GRAV EMFAB),False,False,False,False,5.892857142857143,1.8999210008639345
2016-09-30,London Westminster,5.792,5.792,V ugm-3 (GRAV EMFAB),False,False,False,False,6.023857142857142,1.8489731770698594
2016-10-01,London Westminster,,,V ugm-3 (GRAV EMFAB),False,False,False,False,6.1875,1.9691365366576268
2016-10-02,London Westminster,7.458,7.458,V ugm-3 (GRAV EMFAB),False,False,False,False,6.638833333333333,1.882182075854151
2016-10-03,London Westminster,22.495,22.495,V ugm-3 (GRAV EMFAB),False,False,False,False,9.249166666666667,6.7558911600666365
2016-10-04,London Westminster,5.583,5.583,V ugm-3 (GRAV EMFAB),False,False,False,False,9.4575,6.591236507666817
2016-10-05,London Westminster,26.765,26.765,V ugm-3 (GRAV EMFAB),False,False,False,False,12.286333333333333,9.681382869542265
2016-10-06,London Westminster,8.063,8.063,V ugm-3 (GRAV EMFAB),False,False,False,False,12.692666666666668,9.392746279266058
2016-10-07,London Westminster,3.625,3.625,V ugm-3 (GRAV EMFAB),False,False,False,False,12.3315,9.74616995029328
2016-10-08,London Westminster,7.375,7.375,V ugm-3 (GRAV EMFAB),False,False,False,False,11.623428571428573,9.09208886628264
2016-10-09,London Westminster,4.083,4.083,V ugm-3 (GRAV EMFAB),False,False,False,False,11.141285714285715,9.432890290790784
2016-10-10,London Westminster,6.25,6.25,V ugm-3 (GRAV EMFAB),False,False,False,False,8.820571428571428,8.074593485270999
2016-10-11,London Westminster,7.875,7.875,V ugm-3 (GRAV EMFAB),False,False,False,False,9.148,7.967184048750634
2016-10-12,London Westminster,10.958,10.958,V ugm-3 (GRAV EMFAB),False,False,False,False,6.889857142857143,2.519228613985595
2016-10-13,London Westminster,9.458,9.458,V ugm-3 (GRAV EMFAB),False,False,False,False,7.089142857142856,2.6776907606226255
2016-10-14,London Westminster,14.5,14.5,V ugm-3 (GRAV EMFAB),False,False,False,False,8.642714285714286,3.392285253055105
2016-10-15,London Westminster,10.875,10.875,V ugm-3 (GRAV EMFAB),False,False,False,False,9.142714285714286,3.431996392494479
2016-10-16,London Westminster,5.208,5.208,V ugm-3 (GRAV EMFAB),False,False,False,False,9.30342857142857,3.1720671418462794
2016-10-17,London Westminster,5.292,5.292,V ugm-3 (GRAV EMFAB),False,False,False,False,9.166571428571428,3.341882795528218
2016-10-18,London Westminster,,,V ugm-3 (GRAV EMFAB),False,False,False,False,9.381833333333333,3.6072954088439317
2016-10-19,London Westminster,6.0,6.0,V ugm-3 (GRAV EMFAB),False,False,False,False,8.5555,3.739476848437476
2016-10-20,London Westminster,6.583,6.583,V ugm-3 (GRAV EMFAB),False,False,False,False,8.076333333333334,3.784628947025926
2016-10-21,London Westminster,7.917,7.917,V ugm-3 (GRAV EMFAB),False,False,False,False,6.979166666666667,2.1520374919286644
2016-10-22,London Westminster,8.083,8.083,V ugm-3 (GRAV EMFAB),False,False,False,False,6.513833333333333,1.2568251137953268
2016-10-23,London Westminster,11.375,11.375,V ugm-3 (GRAV EMFAB),False,False,False,False,7.541666666666667,2.1672627590272926
2016-10-24,London Westminster,14.833,14.833,V ugm-3 (GRAV EMFAB),False,False,False,False,9.131833333333333,3.359044531807598
2016-10-25,London Westminster,22.417,22.417,V ugm-3 (GRAV EMFAB),False,False,False,False,11.029714285714286,5.883563113009134
2016-10-26,London Westminster,12.833,12.833,V ugm-3 (GRAV EMFAB),False,False,False,False,12.005857142857142,5.461710947696726
2016-10-27,London Westminster,8.792,8.792,V ugm-3 (GRAV EMFAB),False,False,False,False,12.321428571428571,5.15115067588923
2016-10-28,London Westminster,11.292,11.292,V ugm-3 (GRAV EMFAB),False,False,False,False,12.803571428571429,4.817323249037172
2016-10-29,London Westminster,20.583,20.583,V ugm-3 (GRAV EMFAB),False,False,False,False,14.589285714285714,5.085172980154653
2016-10-30,London Westminster,35.25,35.25,V ugm-3 (GRAV EMFAB),True,True,False,False,18.0,9.039326892344711
2016-10-31,London Westminster,36.375,36.375,V ugm-3 (GRAV EMFAB),True,True,False,False,21.077428571428573,11.192060829849305
2016-11-01,London Westminster,,,V ugm-3 (GRAV EMFAB),False,False,False,False,20.854166666666668,12.24320078111382
2016-11-02,London Westminster,15.083,15.083,V ugm-3 (GRAV EMFAB),False,False,False,False,21.229166666666668,11.980011075398304
2016-11-03,London Westminster,49.161,49.161,V ugm-3 (GRAV EMFAB),True,True,False,False,27.957333333333334,14.63897650338526
2016-11-04,London Westminster,22.25,22.25,V ugm-3 (GRAV EMFAB),False,False,False,False,29.783666666666665,12.699019830942296
2016-11-05,London Westminster,21.958,21.958,V ugm-3 (GRAV EMFAB),False,False,False,False,30.012833333333333,12.51078903053943
2016-11-06,London Westminster,9.646,9.646,V ugm-3 (GRAV EMFAB),False,False,False,False,25.745500000000003,14.56515288968843
2016-11-07,London Westminster,4.458,4.458,V ugm-3 (GRAV EMFAB),False,False,False,False,20.426,15.691445427365814
2016-11-08,London Westminster,7.042,7.042,V ugm-3 (GRAV EMFAB),False,False,False,False,18.514000000000003,15.19127241763067
2016-11-09,London Westminster,5.708,5.708,V ugm-3 (GRAV EMFAB),False,False,False,False,17.174714285714284,15.939022436714712
2016-11-10,London Westminster,9.208,9.208,V ugm-3 (GRAV EMFAB),False,False,False,False,11.467142857142857,7.490283471017003
2016-11-11,London Westminster,13.792,13.792,V ugm-3 (GRAV EMFAB),False,False,False,False,10.258857142857142,5.993626487877818
2016-11-12,London Westminster,9.042,9.042,V ugm-3 (GRAV EMFAB),False,False,False,False,8.413714285714287,3.0637744539639518
2016-11-13,London Westminster,9.458,9.458,V ugm-3 (GRAV EMFAB),False,False,False,False,8.386857142857142,3.0519731010485684
2016-11-14,London Westminster,12.833,12.833,V ugm-3 (GRAV EMFAB),False,False,False,False,9.583285714285713,2.892502302752536
2016-11-15,London Westminster,7.0,7.0,V ugm-3 (GRAV EMFAB),False,False,False,False,9.577285714285713,2.8986892850784685
2016-11-16,London Westminster,4.458,4.458,V ugm-3 (GRAV EMFAB),False,False,False,False,9.398714285714286,3.199658769008876
2016-11-17,London Westminster,5.583,5.583,V ugm-3 (GRAV EMFAB),False,False,False,False,8.880857142857144,3.513615632012698
2016-11-18,London Westminster,4.5,4.5,V ugm-3 (GRAV EMFAB),False,False,False,False,7.553428571428571,3.0770951592448132
2016-11-19,London Westminster,5.125,5.125,V ugm-3 (GRAV EMFAB),False,False,False,False,6.993857142857143,3.11717465175182
2016-11-20,London Westminster,6.167,6.167,V ugm-3 (GRAV EMFAB),False,False,False,False,6.523714285714286,2.9258935794207437
2016-11-21,London Westminster,6.417,6.417,V ugm-3 (GRAV EMFAB),False,False,False,False,5.607142857142857,0.9737127277543465
2016-11-22,London Westminster,19.958,19.958,V ugm-3 (GRAV EMFAB),False,False,False,False,7.458285714285714,5.563401828446526
2016-11-23,London Westminster,,,V ugm-3 (GRAV EMFAB),False,False,False,False,7.958333333333333,5.919571594859457
2016-11-24,London Westminster,,,V ugm-3 (GRAV EMFAB),False,False,False,False,8.4334,6.489144573824836
2016-11-25,London Westminster,6.083,6.083,V ugm-3 (GRAV EMFAB),False,False,False,False,8.75,6.28465504224379
2016-11-26,London Westminster,12.458,12.458,V ugm-3 (GRAV EMFAB),False,False,False,False,10.2166,6.079506912571133
2016-11-27,London Westminster,,,V ugm-3 (GRAV EMFAB),False,False,False,False,11.229,6.515175669158904
2016-11-28,London Westminster,,,V ugm-3 (GRAV EMFAB),False,False,False,False,12.832999999999998,6.945097191544551
2016-11-29,London Westminster,15.625,15.625,V ugm-3 (GRAV EMFAB),False,False,False,False,11.388666666666666,4.860045918850311
2016-11-30,London Westminster,50.208,50.208,V ugm-3 (GRAV EMFAB),True,True,False,False,21.0935,19.81115487967993
2016-12-01,London Westminster,5.694,5.694,V ugm-3 (GRAV EMFAB),False,False,False,False,18.0136,18.48757186057703
2016-12-02,London Westminster,10.375,10.375,V ugm-3 (GRAV EMFAB),False,False,False,False,18.872,17.884951733230917
2016-12-03,London Westminster,62.953,62.953,V ugm-3 (GRAV EMFAB),True,True,False,False,28.971000000000004,25.84343317943649
2016-12-04,London Westminster,5.292,5.292,V ugm-3 (GRAV EMFAB),False,False,False,False,25.0245,25.055051472707042
2016-12-05,London Westminster,15.292,15.292,V ugm-3 (GRAV EMFAB),False,False,False,False,23.634142857142855,23.16595176423487
2016-12-06,London Westminster,5.355,5.355,V ugm-3 (GRAV EMFAB),False,False,False,False,22.167,24.06546995177945
2016-12-07,London Westminster,5.333,5.333,V ugm-3 (GRAV EMFAB),False,False,False,False,15.756285714285715,21.151383467079132
2016-12-08,London Westminster,7.125,7.125,V ugm-3 (GRAV EMFAB),False,False,False,False,15.960714285714287,21.044568172605217
2016-12-09,London Westminster,6.25,6.25,V ugm-3 (GRAV EMFAB),False,False,False,False,15.371428571428572,21.28344451177286
2016-12-10,London Westminster,6.667,6.667,V ugm-3 (GRAV EMFAB),False,False,False,False,7.330571428571429,3.584306388370639
2016-12-11,London Westminster,9.167,9.167,V ugm-3 (GRAV EMFAB),False,False,False,False,7.884142857142857,3.5155635123723865
2016-12-12,London Westminster,8.417,8.417,V ugm-3 (GRAV EMFAB),False,False,False,False,6.902000000000001,1.4611911807381586
2016-12-13,London Westminster,13.0,13.0,V ugm-3 (GRAV EMFAB),False,False,False,False,7.994142857142857,2.5577803155973733
2016-12-14,London Westminster,15.0,15.0,V ugm-3 (GRAV EMFAB),False,False,False,False,9.375142857142858,3.36411620035991
2016-12-15,London Westminster,23.583,23.583,V ugm-3 (GRAV EMFAB),False,False,False,False,11.726285714285714,6.137434581166247
2016-12-16,London Westminster,31.667,31.667,V ugm-3 (GRAV EMFAB),True,True,False,False,15.357285714285714,9.14113298437864
2016-12-17,London Westminster,26.75,26.75,V ugm-3 (GRAV EMFAB),False,False,False,False,18.226285714285716,9.110585596149223
2016-12-18,London Westminster,23.042,23.042,V ugm-3 (GRAV EMFAB),False,False,False,False,20.208428571428573,8.282862163470265
2016-12-19,London Westminster,30.917,30.917,V ugm-3 (GRAV EMFAB),True,True,False,False,23.422714285714285,7.245103167295926
2016-12-20,London Westminster,26.333,26.333,V ugm-3 (GRAV EMFAB),False,False,False,False,25.327428571428573,5.618279002717862
2016-12-21,London Westminster,9.167,9.167,V ugm-3 (GRAV EMFAB),False,False,False,False,24.494142857142858,7.517019232571954
2016-12-22,London Westminster,8.938,8.938,V ugm-3 (GRAV EMFAB),False,False,False,False,22.401999999999997,9.570418277170523
2016-12-23,London Westminster,4.521,4.521,V ugm-3 (GRAV EMFAB),False,False,False,False,18.524,10.631519051073235
2016-12-24,London Westminster,6.604,6.604,V ugm-3 (GRAV EMFAB),False,False,False,False,15.645999999999999,10.759602842732315
2016-12-25,London Westminster,3.479,3.479,V ugm-3 (GRAV EMFAB),False,False,False,False,12.851285714285714,11.054986788990842
2016-12-26,London Westminster,5.646,5.646,V ugm-3 (GRAV EMFAB),False,False,False,False,9.241142857142856,7.827202425485374
2016-12-27,London Westminster,20.562,20.562,V ugm-3 (GRAV EMFAB),False,False,False,False,8.416714285714287,5.757068632394059
2016-12-28,London Westminster,30.396,30.396,V ugm-3 (GRAV EMFAB),True,True,False,False,11.449428571428571,10.140739747131262
2016-12-29,London Westminster,24.771,24.771,V ugm-3 (GRAV EMFAB),False,False,False,False,13.711285714285713,11.197861577317429
2016-12-30,London Westminster,26.271,26.271,V ugm-3 (GRAV EMFAB),False,False,False,False,16.818428571428573,11.24023530087549
2017-01-01,London Westminster,11.19,11.19,V ugm-3 (GRAV EMFAB),False,False,False,False,17.47357142857143,10.664563670667176
2017-01-02,London Westminster,7.33,7.33,V ugm-3 (GRAV EMFAB),False,False,False,False,18.023714285714284,9.893793689552476
2017-01-03,London Westminster,4.46,4.46,V ugm-3 (GRAV EMFAB),False,False,False,False,17.854285714285716,10.147976098945135
2017-01-04,London Westminster,7.058,7.058,V ugm-3 (GRAV EMFAB),False,False,False,False,15.925142857142857,10.809451395708777
2017-01-05,London Westminster,,,V ugm-3 (GRAV EMFAB),False,False,False,False,13.513333333333334,9.557811248746585
2017-01-06,London Westminster,5.083,5.083,V ugm-3 (GRAV EMFAB),False,False,False,False,10.232000000000001,8.203552279348278
2017-01-07,London Westminster,6.125,6.125,V ugm-3 (GRAV EMFAB),False,False,False,False,6.8743333333333325,2.386031237571551
2017-01-08,London Westminster,4.625,4.625,V ugm-3 (GRAV EMFAB),False,False,False,False,5.780166666666666,1.2423399561582584
2017-01-09,London Westminster,7.167,7.167,V ugm-3 (GRAV EMFAB),False,False,False,False,5.753,1.2028248417789844
2017-01-10,London Westminster,1.788,1.788,V ugm-3 (GRAV EMFAB),False,False,False,False,5.307666666666667,2.004663729074614
2017-01-11,London Westminster,10.553,10.553,V ugm-3 (GRAV EMFAB),False,False,False,False,5.8901666666666666,2.915729782861796
2017-01-12,London Westminster,6.042,6.042,V ugm-3 (GRAV EMFAB),False,False,False,False,5.9118571428571425,2.6623035407063687
2017-01-13,London Westminster,5.07,5.07,V ugm-3 (GRAV EMFAB),False,False,False,False,5.910000000000001,2.6629825384332744
2017-01-14,London Westminster,7.07,7.07,V ugm-3 (GRAV EMFAB),False,False,False,False,6.045,2.699402896938602
2017-01-15,London Westminster,7.24,7.24,V ugm-3 (GRAV EMFAB),False,False,False,False,6.418571428571428,2.6506411713108426
2017-01-16,London Westminster,9.28,9.28,V ugm-3 (GRAV EMFAB),False,False,False,False,6.720428571428571,2.8619688943769868
2017-01-17,London Westminster,21.19,21.19,V ugm-3 (GRAV EMFAB),False,False,False,False,9.492142857142857,5.48343020467336
2017-01-18,London Westminster,20.21,20.21,V ugm-3 (GRAV EMFAB),False,False,False,False,10.871714285714287,6.841449205986659
2017-01-19,London Westminster,29.58,29.58,V ugm-3 (GRAV EMFAB),True,True,False,False,14.234285714285715,9.384012747119181
2017-01-20,London Westminster,17.54,17.54,V ugm-3 (GRAV EMFAB),False,False,False,False,16.015714285714285,8.495953658738287
2017-01-21,London Westminster,26.75,26.75,V ugm-3 (GRAV EMFAB),False,False,False,False,18.827142857142857,8.296159180178313
2017-01-22,London Westminster,65.79,65.79,V ugm-3 (GRAV EMFAB),True,True,False,False,27.19142857142857,18.23219078861288
2017-01-23,London Westminster,79.63,79.63,V ugm-3 (GRAV EMFAB),True,True,False,False,37.24142857142857,24.887894265131788
2017-01-24,London Westminster,43.13,43.13,V ugm-3 (GRAV EMFAB),True,True,False,False,40.37571428571429,23.89108749941619
2017-01-25,London Westminster,23.21,23.21,V ugm-3 (GRAV EMFAB),False,False,False,False,40.80428571428571,23.49263846196848
2017-01-26,London Westminster,44.83,44.83,V ugm-3 (GRAV EMFAB),True,True,False,False,42.98285714285714,22.979784387069195
2017-01-27,London Westminster,37.92,37.92,V ugm-3 (GRAV EMFAB),True,True,False,False,45.894285714285715,20.360834836472044
2017-01-28,London Westminster,7.58,7.58,V ugm-3 (GRAV EMFAB),False,False,False,False,43.15571428571429,24.277437987524422
2017-01-29,London Westminster,3.75,3.75,V ugm-3 (GRAV EMFAB),False,False,False,False,34.292857142857144,25.90692231449971
2017-01-30,London Westminster,8.0,8.0,V ugm-3 (GRAV EMFAB),False,False,False,False,24.060000000000002,17.934556959493964
2017-01-31,London Westminster,12.5,12.5,V ugm-3 (GRAV EMFAB),False,False,False,False,19.684285714285718,16.154620450656285
2017-02-01,London Westminster,7.02,7.02,V ugm-3 (GRAV EMFAB),False,False,False,False,17.37142857142857,16.714957800895423
2017-02-02,London Westminster,7.04,7.04,V ugm-3 (GRAV EMFAB),False,False,False,False,11.972857142857142,11.726694212047061
2017-02-03,London Westminster,6.46,6.46,V ugm-3 (GRAV EMFAB),False,False,False,False,7.478571428571429,2.6089361086559473
2017-02-04,London Westminster,7.641,7.641,V ugm-3 (GRAV EMFAB),False,False,False,False,7.487285714285714,2.6094331896850296
2017-02-05,London Westminster,,,V ugm-3 (GRAV EMFAB),False,False,False,False,8.110166666666666,2.2162879250377356
2017-02-06,London Westminster,12.917,12.917,V ugm-3 (GRAV EMFAB),False,False,False,False,8.929666666666668,2.9537667251609423
2017-02-07,London Westminster,4.375,4.375,V ugm-3 (GRAV EMFAB),False,False,False,False,7.575500000000001,2.8502208160073232
2017-02-08,London Westminster,3.083,3.083,V ugm-3 (GRAV EMFAB),False,False,False,False,6.919333333333333,3.4032173404982786
2017-02-09,London Westminster,7.792,7.792,V ugm-3 (GRAV EMFAB),False,False,False,False,7.044666666666667,3.4223435635055934
2017-02-10,London Westminster,6.955,6.955,V ugm-3 (GRAV EMFAB),False,False,False,False,7.127166666666667,3.4113793349125157
2017-02-11,London Westminster,23.511,23.511,V ugm-3 (GRAV EMFAB),False,False,False,False,9.772166666666665,7.541582921818729
2017-02-12,London Westminster,13.083,13.083,V ugm-3 (GRAV EMFAB),False,False,False,False,10.245142857142856,6.997297536158142
2017-02-13,London Westminster,44.42,44.42,V ugm-3 (GRAV EMFAB),True,True,False,False,14.745571428571427,14.79176615392434
2017-02-14,London Westminster,,,V ugm-3 (GRAV EMFAB),False,False,False,False,16.474,15.409766591353703
2017-02-15,London Westminster,15.88,15.88,V ugm-3 (GRAV EMFAB),False,False,False,False,18.606833333333334,14.007459575764164
2017-02-16,London Westminster,7.67,7.67,V ugm-3 (GRAV EMFAB),False,False,False,False,18.5865,14.026374025385197
2017-02-17,London Westminster,11.92,11.92,V ugm-3 (GRAV EMFAB),False,False,False,False,19.414,13.332199623468007
2017-02-18,London Westminster,20.83,20.83,V ugm-3 (GRAV EMFAB),False,False,False,False,18.967166666666667,13.211808512337255
2017-02-19,London Westminster,12.79,12.79,V ugm-3 (GRAV EMFAB),False,False,False,False,18.918333333333333,13.238421985518785
2017-02-20,London Westminster,7.33,7.33,V ugm-3 (GRAV EMFAB),False,False,False,False,12.736666666666666,5.117724754875716
2017-02-21,London Westminster,5.33,5.33,V ugm-3 (GRAV EMFAB),False,False,False,False,11.678571428571429,5.4463640121077015
2017-02-22,London Westminster,3.92,3.92,V ugm-3 (GRAV EMFAB),False,False,False,False,9.969999999999999,5.774746747693883
2017-02-23,London Westminster,4.0,4.0,V ugm-3 (GRAV EMFAB),False,False,False,False,9.445714285714285,6.171344686378841
2017-02-24,London Westminster,8.71,8.71,V ugm-3 (GRAV EMFAB),False,False,False,False,8.987142857142857,6.075362031148841
2017-02-25,London Westminster,7.33,7.33,V ugm-3 (GRAV EMFAB),False,False,False,False,7.058571428571428,3.1069085844907445
2017-02-26,London Westminster,3.54,3.54,V ugm-3 (GRAV EMFAB),False,False,False,False,5.7371428571428575,2.0504122698111025
2017-02-27,London Westminster,3.79,3.79,V ugm-3 (GRAV EMFAB),False,False,False,False,5.231428571428572,2.0285087180116093
2017-02-28,London Westminster,6.67,6.67,V ugm-3 (GRAV EMFAB),False,False,False,False,5.422857142857143,2.1012830547529626
2017-03-01,London Westminster,10.81,10.81,V ugm-3 (GRAV EMFAB),False,False,False,False,6.4071428571428575,2.783084106321354
2017-03-02,London Westminster,5.42,5.42,V ugm-3 (GRAV EMFAB),False,False,False,False,6.609999999999999,2.625687211633309
2017-03-03,London Westminster,8.92,8.92,V ugm-3 (GRAV EMFAB),False,False,False,False,6.64,2.654719068627545
2017-03-04,London Westminster,10.975,10.975,V ugm-3 (GRAV EMFAB),False,False,False,False,7.160714285714286,3.127920540033463
2017-03-05,London Westminster,,,V ugm-3 (GRAV EMFAB),False,False,False,False,7.764166666666667,2.9464833559122976
2017-03-06,London Westminster,5.25,5.25,V ugm-3 (GRAV EMFAB),False,False,False,False,8.0075,2.591547317723816
2017-03-07,London Westminster,5.125,5.125,V ugm-3 (GRAV EMFAB),False,False,False,False,7.75,2.8178946041329387
2017-03-08,London Westminster,4.75,4.75,V ugm-3 (GRAV EMFAB),False,False,False,False,6.739999999999999,2.577535644758697
2017-03-09,London Westminster,4.583,4.583,V ugm-3 (GRAV EMFAB),False,False,False,False,6.600499999999999,2.6837264204835867
2017-03-10,London Westminster,6.413,6.413,V ugm-3 (GRAV EMFAB),False,False,False,False,6.182666666666667,2.4339065443579284
2017-03-11,London Westminster,21.969,21.969,V ugm-3 (GRAV EMFAB),False,False,False,False,8.015,6.866100698358677
2017-03-12,London Westminster,9.25,9.25,V ugm-3 (GRAV EMFAB),False,False,False,False,8.191428571428572,6.285221153816482
2017-03-13,London Westminster,7.96,7.96,V ugm-3 (GRAV EMFAB),False,False,False,False,8.57857142857143,6.155978526525969
2017-03-14,London Westminster,7.38,7.38,V ugm-3 (GRAV EMFAB),False,False,False,False,8.900714285714287,6.002213694804311
2017-03-15,London Westminster,10.33,10.33,V ugm-3 (GRAV EMFAB),False,False,False,False,9.697857142857144,5.723137060172937
2017-03-16,London Westminster,15.46,15.46,V ugm-3 (GRAV EMFAB),False,False,False,False,11.251714285714286,5.577708750442505
2017-03-17,London Westminster,6.0,6.0,V ugm-3 (GRAV EMFAB),False,False,False,False,11.192714285714287,5.639266935642395
2017-03-18,London Westminster,2.92,2.92,V ugm-3 (GRAV EMFAB),False,False,False,False,8.471428571428572,3.900420612239423
2017-03-19,London Westminster,1.58,1.58,V ugm-3 (GRAV EMFAB),False,False,False,False,7.375714285714286,4.6504689983659935
2017-03-20,London Westminster,2.67,2.67,V ugm-3 (GRAV EMFAB),False,False,False,False,6.62,4.959264058305562
2017-03-21,London Westminster,3.5,3.5,V ugm-3 (GRAV EMFAB),False,False,False,False,6.065714285714287,5.0756275708622125
2017-03-22,London Westminster,3.54,3.54,V ugm-3 (GRAV EMFAB),False,False,False,False,5.095714285714286,4.764115367840783
2017-03-23,London Westminster,15.71,15.71,V ugm-3 (GRAV EMFAB),False,False,False,False,5.131428571428572,4.854834115159422
2017-03-24,London Westminster,22.5,22.5,V ugm-3 (GRAV EMFAB),False,False,False,False,7.488571428571428,8.199964285636588
2017-03-25,London Westminster,6.88,6.88,V ugm-3 (GRAV EMFAB),False,False,False,False,8.054285714285713,7.965496128392117
2017-03-26,London Westminster,4.96,4.96,V ugm-3 (GRAV EMFAB),False,False,False,False,8.537142857142857,7.601764519473424
2017-03-27,London Westminster,33.17,33.17,V ugm-3 (GRAV EMFAB),True,True,False,False,12.894285714285715,11.44685088738803
2017-03-28,London Westminster,23.38,23.38,V ugm-3 (GRAV EMFAB),False,False,False,False,15.734285714285715,11.19092468199549
2017-03-29,London Westminster,7.64,7.64,V ugm-3 (GRAV EMFAB),False,False,False,False,16.32,10.534358072516834
2017-03-30,London Westminster,9.1,9.1,V ugm-3 (GRAV EMFAB),False,False,False,False,15.375714285714285,10.888455441648397
2017-03-31,London Westminster,7.56,7.56,V ugm-3 (GRAV EMFAB),False,False,False,False,13.241428571428571,10.722208150332117
2017-04-01,London Westminster,,,V ugm-3 (GRAV EMFAB),False,False,False,False,14.301666666666664,11.336508133753867
2017-04-02,London Westminster,6.67,6.67,V ugm-3 (GRAV EMFAB),False,False,False,False,14.586666666666666,11.073123618323223
2017-04-03,London Westminster,3.67,3.67,V ugm-3 (GRAV EMFAB),False,False,False,False,9.67,6.955026958970137
2017-04-04,London Westminster,10.225,10.225,V ugm-3 (GRAV EMFAB),False,False,False,False,7.4775,2.2522694110611248
2017-04-05,London Westminster,14.368,14.368,V ugm-3 (GRAV EMFAB),False,False,False,False,8.598833333333333,3.6130829172146295
2017-04-06,London Westminster,4.208,4.208,V ugm-3 (GRAV EMFAB),False,False,False,False,7.7835,4.007779422573252
2017-04-07,London Westminster,7.25,7.25,V ugm-3 (GRAV EMFAB),False,False,False,False,7.731833333333333,4.013231436968003
2017-04-08,London Westminster,4.375,4.375,V ugm-3 (GRAV EMFAB),False,False,False,False,7.252285714285714,3.877041428473084
2017-04-09,London Westminster,3.208,3.208,V ugm-3 (GRAV EMFAB),False,False,False,False,6.757714285714286,4.173201916765668
2017-04-10,London Westminster,4.747,4.747,V ugm-3 (GRAV EMFAB),False,False,False,False,6.9115714285714285,4.05867329953796
2017-04-11,London Westminster,14.136,14.136,V ugm-3 (GRAV EMFAB),False,False,False,False,7.470285714285715,4.793492140888858
2017-04-12,London Westminster,9.208,9.208,V ugm-3 (GRAV EMFAB),False,False,False,False,6.733142857142857,3.86227335596432
2017-04-13,London Westminster,,,V ugm-3 (GRAV EMFAB),False,False,False,False,7.154,4.051267999034581
2017-04-14,London Westminster,4.708,4.708,V ugm-3 (GRAV EMFAB),False,False,False,False,6.730333333333333,4.170386105226752
2017-04-15,London Westminster,4.458,4.458,V ugm-3 (GRAV EMFAB),False,False,False,False,6.7441666666666675,4.1611382296997
2017-04-16,London Westminster,4.542,4.542,V ugm-3 (GRAV EMFAB),False,False,False,False,6.9665,3.965446443970927
2017-04-17,London Westminster,2.75,2.75,V ugm-3 (GRAV EMFAB),False,False,False,False,6.633666666666667,4.2617332467751154
2017-04-18,London Westminster,3.708,3.708,V ugm-3 (GRAV EMFAB),False,False,False,False,4.895666666666666,2.234390625353712
2017-04-19,London Westminster,6.167,6.167,V ugm-3 (GRAV EMFAB),False,False,False,False,4.388833333333333,1.1350151394006174
2017-04-20,London Westminster,9.375,9.375,V ugm-3 (GRAV EMFAB),False,False,False,False,5.1011428571428565,2.150637923080505
2017-04-21,London Westminster,11.042,11.042,V ugm-3 (GRAV EMFAB),False,False,False,False,6.006,3.0865114611809683
2017-04-22,London Westminster,6.167,6.167,V ugm-3 (GRAV EMFAB),False,False,False,False,6.2501428571428574,3.0103071509164305
2017-04-23,London Westminster,11.958,11.958,V ugm-3 (GRAV EMFAB),False,False,False,False,7.309571428571429,3.5631646447667347
2017-04-24,London Westminster,12.75,12.75,V ugm-3 (GRAV EMFAB),False,False,False,False,8.738142857142858,3.43267900376053
2017-04-25,London Westminster,4.458,4.458,V ugm-3 (GRAV EMFAB),False,False,False,False,8.845285714285714,3.2567017934452953
2017-04-26,London Westminster,6.576,6.576,V ugm-3 (GRAV EMFAB),False,False,False,False,8.903714285714285,3.203882681699888
2017-04-27,London Westminster,8.701,8.701,V ugm-3 (GRAV EMFAB),False,False,False,False,8.807428571428572,3.197480042009466
2017-04-28,London Westminster,,,V ugm-3 (GRAV EMFAB),False,False,False,False,8.435,3.3321987935898303
2017-04-29,London Westminster,,,V ugm-3 (GRAV EMFAB),False,False,False,False,8.8886,3.5123053398020287
2017-04-30,London Westminster,,,V ugm-3 (GRAV EMFAB),False,False,False,False,8.12125,3.538767899990417
2017-05-01,London Westminster,,,V ugm-3 (GRAV EMFAB),False,False,False,False,6.578333333333333,2.121500962370179
2017-05-02,London Westminster,10.5,10.5,V ugm-3 (GRAV EMFAB),False,False,False,False,8.592333333333334,1.9642556690352453
2017-05-03,London Westminster,2.54,2.54,V ugm-3 (GRAV EMFAB),False,False,False,False,7.247,4.174444513944832
2017-05-04,London Westminster,8.6,8.6,V ugm-3 (GRAV EMFAB),False,False,False,False,7.213333333333332,4.157226639640596
2017-05-05,London Westminster,7.618,7.618,V ugm-3 (GRAV EMFAB),False,False,False,False,7.314499999999999,3.40038639961246
2017-05-06,London Westminster,3.75,3.75,V ugm-3 (GRAV EMFAB),False,False,False,False,6.6015999999999995,3.348597139102005
2017-05-07,London Westminster,5.523,5.523,V ugm-3 (GRAV EMFAB),False,False,False,False,6.421833333333333,3.0272724632362364
2017-05-08,London Westminster,4.5,4.5,V ugm-3 (GRAV EMFAB),False,False,False,False,6.147285714285714,2.8573793771152203
2017-05-09,London Westminster,2.708,2.708,V ugm-3 (GRAV EMFAB),False,False,False,False,5.034142857142856,2.3521853972122804
2017-05-10,London Westminster,1.913,1.913,V ugm-3 (GRAV EMFAB),False,False,False,False,4.944571428571428,2.4718845615675185
2017-05-11,London Westminster,14.928,14.928,V ugm-3 (GRAV EMFAB),False,False,False,False,5.848571428571428,4.420547773641758
2017-05-12,London Westminster,6.375,6.375,V ugm-3 (GRAV EMFAB),False,False,False,False,5.670999999999999,4.362204794214523
2017-05-13,London Westminster,7.417,7.417,V ugm-3 (GRAV EMFAB),False,False,False,False,6.194857142857143,4.31297026145462
2017-05-14,London Westminster,4.875,4.875,V ugm-3 (GRAV EMFAB),False,False,False,False,6.102285714285714,4.336683053298151
2017-05-15,London Westminster,5.625,5.625,V ugm-3 (GRAV EMFAB),False,False,False,False,6.263,4.287979283221269
2017-05-16,London Westminster,4.208,4.208,V ugm-3 (GRAV EMFAB),False,False,False,False,6.477285714285713,4.114692565036098
2017-05-17,London Westminster,6.667,6.667,V ugm-3 (GRAV EMFAB),False,False,False,False,7.156428571428571,3.5953398475038485
2017-05-18,London Westminster,7.208,7.208,V ugm-3 (GRAV EMFAB),False,False,False,False,6.053571428571429,1.2007006089706207
2017-05-19,London Westminster,5.292,5.292,V ugm-3 (GRAV EMFAB),False,False,False,False,5.8988571428571435,1.221966370046774
2017-05-20,London Westminster,3.708,3.708,V ugm-3 (GRAV EMFAB),False,False,False,False,5.369,1.2575815414257863
2017-05-21,London Westminster,5.417,5.417,V ugm-3 (GRAV EMFAB),False,False,False,False,5.446428571428571,1.2386396916439433
2017-05-22,London Westminster,6.75,6.75,V ugm-3 (GRAV EMFAB),False,False,False,False,5.607142857142857,1.3349142829630098
2017-05-23,London Westminster,6.583,6.583,V ugm-3 (GRAV EMFAB),False,False,False,False,5.946428571428571,1.216612079663205
2017-05-24,London Westminster,7.417,7.417,V ugm-3 (GRAV EMFAB),False,False,False,False,6.053571428571429,1.3193350417473264
2017-05-25,London Westminster,8.875,8.875,V ugm-3 (GRAV EMFAB),False,False,False,False,6.291714285714286,1.6670652571000393
2017-05-26,London Westminster,9.667,9.667,V ugm-3 (GRAV EMFAB),False,False,False,False,6.916714285714286,2.013843316835573
2017-05-27,London Westminster,8.667,8.667,V ugm-3 (GRAV EMFAB),False,False,False,False,7.625142857142857,1.5048778941136112
2017-05-28,London Westminster,7.583,7.583,V ugm-3 (GRAV EMFAB),False,False,False,False,7.934571428571429,1.1578430891312237
2017-05-29,London Westminster,6.458,6.458,V ugm-3 (GRAV EMFAB),False,False,False,False,7.892857142857143,1.211643295773057
2017-05-30,London Westminster,4.583,4.583,V ugm-3 (GRAV EMFAB),False,False,False,False,7.607142857142857,1.7066769298430462
2017-05-31,London Westminster,6.625,6.625,V ugm-3 (GRAV EMFAB),False,False,False,False,7.494,1.7471556885410509
2017-06-01,London Westminster,21.11,21.11,V ugm-3 (GRAV EMFAB),False,False,False,False,9.241857142857143,5.48359038187497
2017-06-02,London Westminster,19.71,19.71,V ugm-3 (GRAV EMFAB),False,False,False,False,10.676571428571426,6.775089343990137
2017-06-03,London Westminster,6.33,6.33,V ugm-3 (GRAV EMFAB),False,False,False,False,10.342714285714285,6.946043183335604
2017-06-04,London Westminster,12.891,12.891,V ugm-3 (GRAV EMFAB),False,False,False,False,11.100999999999999,6.8840135095742685
2017-06-05,London Westminster,21.118,21.118,V ugm-3 (GRAV EMFAB),False,False,False,False,13.195285714285713,7.443324340514533
2017-06-06,London Westminster,,,V ugm-3 (GRAV EMFAB),False,False,False,False,14.630666666666665,7.012632705815095
2017-06-07,London Westminster,9.042,9.042,V ugm-3 (GRAV EMFAB),False,False,False,False,15.033499999999998,6.51235649362048
2017-06-08,London Westminster,4.25,4.25,V ugm-3 (GRAV EMFAB),False,False,False,False,12.2235,6.986234400591002
2017-06-09,London Westminster,8.958,8.958,V ugm-3 (GRAV EMFAB),False,False,False,False,10.431499999999998,5.989750904670516
2017-06-10,London Westminster,5.122,5.122,V ugm-3 (GRAV EMFAB),False,False,False,False,10.230166666666666,6.172695632109845
2017-06-11,London Westminster,17.303,17.303,V ugm-3 (GRAV EMFAB),False,False,False,False,10.965499999999999,6.785447715515994
2017-06-12,London Westminster,3.875,3.875,V ugm-3 (GRAV EMFAB),False,False,False,False,8.091666666666667,5.056875108865967
2017-06-13,London Westminster,7.625,7.625,V ugm-3 (GRAV EMFAB),False,False,False,False,8.025,4.619642771182053
2017-06-14,London Westminster,8.208,8.208,V ugm-3 (GRAV EMFAB),False,False,False,False,7.905857142857143,4.599754175626319
2017-06-15,London Westminster,10.875,10.875,V ugm-3 (GRAV EMFAB),False,False,False,False,8.852285714285715,4.399372292887904
2017-06-16,London Westminster,8.734,8.734,V ugm-3 (GRAV EMFAB),False,False,False,False,8.820285714285713,4.3992898561127385
2017-06-17,London Westminster,11.042,11.042,V ugm-3 (GRAV EMFAB),False,False,False,False,9.665999999999999,4.130669356573394
2017-06-18,London Westminster,12.292,12.292,V ugm-3 (GRAV EMFAB),False,False,False,False,8.950142857142856,2.8094935147682754
2017-06-19,London Westminster,16.042,16.042,V ugm-3 (GRAV EMFAB),False,False,False,False,10.688285714285714,2.908289916445105
2017-06-20,London Westminster,18.125,18.125,V ugm-3 (GRAV EMFAB),False,False,False,False,12.188285714285714,3.6724174923469883
2017-06-21,London Westminster,15.25,15.25,V ugm-3 (GRAV EMFAB),False,False,False,False,13.194285714285714,3.350797652017012
2017-06-22,London Westminster,10.792,10.792,V ugm-3 (GRAV EMFAB),False,False,False,False,13.182428571428572,3.3605053120597455
2017-06-23,London Westminster,4.25,4.25,V ugm-3 (GRAV EMFAB),False,False,False,False,12.541857142857143,4.562262173840738
2017-06-24,London Westminster,4.333,4.333,V ugm-3 (GRAV EMFAB),False,False,False,False,11.583428571428572,5.531592352332365
2017-06-25,London Westminster,21.667,21.667,V ugm-3 (GRAV EMFAB),False,False,False,False,12.922714285714287,6.7356219637162
2017-06-26,London Westminster,4.667,4.667,V ugm-3 (GRAV EMFAB),False,False,False,False,11.297714285714287,7.212883374312215
2017-06-27,London Westminster,11.083,11.083,V ugm-3 (GRAV EMFAB),False,False,False,False,10.291714285714287,6.563842109473407
2017-06-28,London Westminster,5.792,5.792,V ugm-3 (GRAV EMFAB),False,False,False,False,8.94057142857143,6.342815643364979
2017-06-29,London Westminster,5.25,5.25,V ugm-3 (GRAV EMFAB),False,False,False,False,8.148857142857143,6.418627979783407
2017-06-30,London Westminster,5.667,5.667,V ugm-3 (GRAV EMFAB),False,False,False,False,8.351285714285714,6.296353407973261
2017-07-01,London Westminster,10.03,10.03,V ugm-3 (GRAV EMFAB),False,False,False,False,9.165142857142857,6.053914915946953
2017-07-02,London Westminster,8.46,8.46,V ugm-3 (GRAV EMFAB),False,False,False,False,7.278428571428571,2.5554606145237915
2017-07-03,London Westminster,5.42,5.42,V ugm-3 (GRAV EMFAB),False,False,False,False,7.386,2.440473656212666
2017-07-04,London Westminster,14.933,14.933,V ugm-3 (GRAV EMFAB),False,False,False,False,7.936,3.5802087927942554
2017-07-05,London Westminster,11.535,11.535,V ugm-3 (GRAV EMFAB),False,False,False,False,8.756428571428572,3.664053168152564
2017-07-06,London Westminster,3.958,3.958,V ugm-3 (GRAV EMFAB),False,False,False,False,8.571857142857143,3.895363116517515
2017-07-07,London Westminster,6.5,6.5,V ugm-3 (GRAV EMFAB),False,False,False,False,8.690857142857142,3.803471941466775
2017-07-08,London Westminster,4.625,4.625,V ugm-3 (GRAV EMFAB),False,False,False,False,7.918714285714286,4.028292678637341
2017-07-09,London Westminster,8.333,8.333,V ugm-3 (GRAV EMFAB),False,False,False,False,7.9005714285714275,4.025733674629871
2017-07-10,London Westminster,3.455,3.455,V ugm-3 (GRAV EMFAB),False,False,False,False,7.619857142857143,4.2875295306495325
2017-07-11,London Westminster,5.511,5.511,V ugm-3 (GRAV EMFAB),False,False,False,False,6.273857142857142,2.8454836981068663
2017-07-12,London Westminster,5.833,5.833,V ugm-3 (GRAV EMFAB),False,False,False,False,5.459285714285714,1.655833598150319
2017-07-13,London Westminster,,,V ugm-3 (GRAV EMFAB),False,False,False,False,5.709499999999999,1.6626008240109242
2017-07-14,London Westminster,4.375,4.375,V ugm-3 (GRAV EMFAB),False,False,False,False,5.355333333333333,1.686689262036286
2017-07-15,London Westminster,5.125,5.125,V ugm-3 (GRAV EMFAB),False,False,False,False,5.438666666666666,1.655451801372816
2017-07-16,London Westminster,3.167,3.167,V ugm-3 (GRAV EMFAB),False,False,False,False,4.5776666666666666,1.0989068507697082
2017-07-17,London Westminster,5.792,5.792,V ugm-3 (GRAV EMFAB),False,False,False,False,4.967166666666666,1.0336290275860842
2017-07-18,London Westminster,8.958,8.958,V ugm-3 (GRAV EMFAB),False,False,False,False,5.541666666666667,1.9489812381519964
2017-07-19,London Westminster,8.208,8.208,V ugm-3 (GRAV EMFAB),False,False,False,False,5.9375,2.2395085844894136
2017-07-20,London Westminster,5.167,5.167,V ugm-3 (GRAV EMFAB),False,False,False,False,5.827428571428571,2.0650203273533276
2017-07-21,London Westminster,4.125,4.125,V ugm-3 (GRAV EMFAB),False,False,False,False,5.791714285714286,2.0962521885729144
2017-07-22,London Westminster,4.708,4.708,V ugm-3 (GRAV EMFAB),False,False,False,False,5.732142857142857,2.1240969397664764
2017-07-23,London Westminster,13.125,13.125,V ugm-3 (GRAV EMFAB),False,False,False,False,7.154714285714285,3.1879758318976124
2017-07-24,London Westminster,4.667,4.667,V ugm-3 (GRAV EMFAB),False,False,False,False,6.994,3.2946944218447207
2017-07-25,London Westminster,6.375,6.375,V ugm-3 (GRAV EMFAB),False,False,False,False,6.625,3.180744304928447
2017-07-26,London Westminster,7.0,7.0,V ugm-3 (GRAV EMFAB),False,False,False,False,6.452428571428571,3.1125840206676703
2017-07-27,London Westminster,6.167,6.167,V ugm-3 (GRAV EMFAB),False,False,False,False,6.595285714285714,3.066359443720951
2017-07-28,London Westminster,3.792,3.792,V ugm-3 (GRAV EMFAB),False,False,False,False,6.547714285714285,3.1132945954561806
2017-07-29,London Westminster,5.042,5.042,V ugm-3 (GRAV EMFAB),False,False,False,False,6.595428571428571,3.082810128067525
2017-07-30,London Westminster,3.292,3.292,V ugm-3 (GRAV EMFAB),False,False,False,False,5.190714285714285,1.3836600876287457
2017-07-31,London Westminster,4.5,4.5,V ugm-3 (GRAV EMFAB),False,False,False,False,5.1668571428571415,1.3955833223155691
2017-08-01,London Westminster,13.32,13.32,V ugm-3 (GRAV EMFAB),False,False,False,False,6.159,3.4110021499067003
2017-08-02,London Westminster,18.75,18.75,V ugm-3 (GRAV EMFAB),False,False,False,False,7.837571428571429,5.886600599586228
2017-08-03,London Westminster,3.92,3.92,V ugm-3 (GRAV EMFAB),False,False,False,False,7.516571428571427,6.051827130631621
2017-08-04,London Westminster,22.558,22.558,V ugm-3 (GRAV EMFAB),False,False,False,False,10.197428571428572,7.977163716032288
2017-08-05,London Westminster,9.368,9.368,V ugm-3 (GRAV EMFAB),False,False,False,False,10.815428571428571,7.672970803566373
2017-08-06,London Westminster,3.667,3.667,V ugm-3 (GRAV EMFAB),False,False,False,False,10.869,7.612761763425131
2017-08-07,London Westminster,5.708,5.708,V ugm-3 (GRAV EMFAB),False,False,False,False,11.041571428571428,7.456408247432672
2017-08-08,London Westminster,5.0,5.0,V ugm-3 (GRAV EMFAB),False,False,False,False,9.852999999999998,7.692080104453831
2017-08-09,London Westminster,3.625,3.625,V ugm-3 (GRAV EMFAB),False,False,False,False,7.692285714285714,6.8551580267292085
2017-08-10,London Westminster,5.83,5.83,V ugm-3 (GRAV EMFAB),False,False,False,False,7.965142857142856,6.716595874612261
2017-08-11,London Westminster,7.094,7.094,V ugm-3 (GRAV EMFAB),False,False,False,False,5.755999999999999,2.013338272621245
2017-08-12,London Westminster,3.417,3.417,V ugm-3 (GRAV EMFAB),False,False,False,False,4.905857142857142,1.3956099536972066
2017-08-13,London Westminster,3.917,3.917,V ugm-3 (GRAV EMFAB),False,False,False,False,4.941571428571428,1.3614028129283384
2017-08-14,London Westminster,6.167,6.167,V ugm-3 (GRAV EMFAB),False,False,False,False,5.007142857142857,1.4144887684927172
2017-08-15,London Westminster,7.208,7.208,V ugm-3 (GRAV EMFAB),False,False,False,False,5.322571428571428,1.6407277711580182
2017-08-16,London Westminster,3.958,3.958,V ugm-3 (GRAV EMFAB),False,False,False,False,5.370142857142857,1.5872613131403444
2017-08-17,London Westminster,4.125,4.125,V ugm-3 (GRAV EMFAB),False,False,False,False,5.126571428571428,1.6350338281054542
2017-08-18,London Westminster,3.625,3.625,V ugm-3 (GRAV EMFAB),False,False,False,False,4.630999999999999,1.455152798392069
2017-08-19,London Westminster,3.667,3.667,V ugm-3 (GRAV EMFAB),False,False,False,False,4.666714285714285,1.4231063106564352
2017-08-20,London Westminster,3.75,3.75,V ugm-3 (GRAV EMFAB),False,False,False,False,4.6428571428571415,1.4390795007661705
2017-08-21,London Westminster,4.417,4.417,V ugm-3 (GRAV EMFAB),False,False,False,False,4.3928571428571415,1.2725433101439418
2017-08-22,London Westminster,8.833,8.833,V ugm-3 (GRAV EMFAB),False,False,False,False,4.624999999999999,1.8765573976482224
2017-08-23,London Westminster,7.292,7.292,V ugm-3 (GRAV EMFAB),False,False,False,False,5.101285714285714,2.0900107427387695
2017-08-24,London Westminster,,,V ugm-3 (GRAV EMFAB),False,False,False,False,5.263999999999999,2.2403963934986706
2017-08-25,London Westminster,7.417,7.417,V ugm-3 (GRAV EMFAB),False,False,False,False,5.895999999999998,2.2203343892309957
2017-08-26,London Westminster,8.208,8.208,V ugm-3 (GRAV EMFAB),False,False,False,False,6.652833333333333,2.0779579800054573
2017-08-27,London Westminster,8.292,8.292,V ugm-3 (GRAV EMFAB),False,False,False,False,7.4098333333333315,1.5755430069243668
2017-08-28,London Westminster,11.958,11.958,V ugm-3 (GRAV EMFAB),False,False,False,False,8.666666666666666,1.7124641504767735
2017-08-29,London Westminster,10.042,10.042,V ugm-3 (GRAV EMFAB),False,False,False,False,8.868166666666665,1.8046012763677506
2017-08-30,London Westminster,6.458,6.458,V ugm-3 (GRAV EMFAB),False,False,False,False,8.729166666666666,1.9744166142605593
2017-08-31,London Westminster,4.958,4.958,V ugm-3 (GRAV EMFAB),False,False,False,False,8.190428571428571,2.297884233894785
2017-09-01,London Westminster,6.49,6.49,V ugm-3 (GRAV EMFAB),False,False,False,False,8.058,2.375294227389093
2017-09-02,London Westminster,24.5,24.5,V ugm-3 (GRAV EMFAB),False,False,False,False,10.385428571428571,6.661462973880589
2017-09-03,London Westminster,5.33,5.33,V ugm-3 (GRAV EMFAB),False,False,False,False,9.962285714285713,6.906182006344968
2017-09-04,London Westminster,14.016,14.016,V ugm-3 (GRAV EMFAB),False,False,False,False,10.256285714285713,7.047656483169635
2017-09-05,London Westminster,8.785,8.785,V ugm-3 (GRAV EMFAB),False,False,False,False,10.076714285714285,7.070004873036722
2017-09-06,London Westminster,5.75,5.75,V ugm-3 (GRAV EMFAB),False,False,False,False,9.975571428571428,7.135166054062703
2017-09-07,London Westminster,7.417,7.417,V ugm-3 (GRAV EMFAB),False,False,False,False,10.326857142857142,6.903743197922284
2017-09-08,London Westminster,4.375,4.375,V ugm-3 (GRAV EMFAB),False,False,False,False,10.024714285714285,7.1418265570811545
2017-09-09,London Westminster,3.917,3.917,V ugm-3 (GRAV EMFAB),False,False,False,False,7.084285714285713,3.4947950685884175
2017-09-10,London Westminster,8.747,8.747,V ugm-3 (GRAV EMFAB),False,False,False,False,7.57242857142857,3.4472373410769954
2017-09-11,London Westminster,10.125,10.125,V ugm-3 (GRAV EMFAB),False,False,False,False,7.016571428571426,2.3851568681568187
2017-09-12,London Westminster,7.417,7.417,V ugm-3 (GRAV EMFAB),False,False,False,False,6.821142857142855,2.269342667571056
2017-09-13,London Westminster,3.958,3.958,V ugm-3 (GRAV EMFAB),False,False,False,False,6.565142857142855,2.499699477175581
2017-09-14,London Westminster,4.542,4.542,V ugm-3 (GRAV EMFAB),False,False,False,False,6.15442857142857,2.5715633284798542
2017-09-15,London Westminster,5.375,5.375,V ugm-3 (GRAV EMFAB),False,False,False,False,6.297285714285713,2.48246898028891
2017-09-16,London Westminster,5.542,5.542,V ugm-3 (GRAV EMFAB),False,False,False,False,6.52942857142857,2.291410690466105
2017-09-17,London Westminster,3.542,3.542,V ugm-3 (GRAV EMFAB),False,False,False,False,5.785857142857141,2.296381024465513
2017-09-18,London Westminster,6.375,6.375,V ugm-3 (GRAV EMFAB),False,False,False,False,5.250142857142856,1.3632189147474905
2017-09-19,London Westminster,8.375,8.375,V ugm-3 (GRAV EMFAB),False,False,False,False,5.386999999999999,1.6375056234004728
2017-09-20,London Westminster,7.792,7.792,V ugm-3 (GRAV EMFAB),False,False,False,False,5.934714285714285,1.7190402084002263
2017-09-21,London Westminster,6.917,6.917,V ugm-3 (GRAV EMFAB),False,False,False,False,6.273999999999999,1.6304408401824209
2017-09-22,London Westminster,6.5,6.5,V ugm-3 (GRAV EMFAB),False,False,False,False,6.434714285714285,1.5817761866848659
2017-09-23,London Westminster,7.833,7.833,V ugm-3 (GRAV EMFAB),False,False,False,False,6.761999999999999,1.6031504400194998
2017-09-24,London Westminster,13.917,13.917,V ugm-3 (GRAV EMFAB),False,False,False,False,8.244142857142856,2.6098831665150066
2017-09-25,London Westminster,24.708,24.708,V ugm-3 (GRAV EMFAB),False,False,False,False,10.863142857142858,6.588116964873814
2017-09-26,London Westminster,25.583,25.583,V ugm-3 (GRAV EMFAB),False,False,False,False,13.321428571428571,8.451832835883296
2017-09-27,London Westminster,30.122,30.122,V ugm-3 (GRAV EMFAB),True,True,False,False,16.51142857142857,10.075157481931228
2017-09-28,London Westminster,4.372,4.372,V ugm-3 (GRAV EMFAB),False,False,False,False,16.14785714285714,10.515386875567522
2017-09-29,London Westminster,7.205,7.205,V ugm-3 (GRAV EMFAB),False,False,False,False,16.248571428571427,10.410433145922163
2017-09-30,London Westminster,5.038,5.038,V ugm-3 (GRAV EMFAB),False,False,False,False,15.849285714285713,10.83206486493207
2017-10-01,London Westminster,8.11,8.11,V ugm-3 (GRAV EMFAB),False,False,False,False,15.019714285714285,11.22012529214488
2017-10-02,London Westminster,34.96,34.96,V ugm-3 (GRAV EMFAB),True,True,False,False,16.48428571428571,13.191440390322397
2017-10-03,London Westminster,9.42,9.42,V ugm-3 (GRAV EMFAB),False,False,False,False,14.175285714285712,12.740236532528062
2017-10-04,London Westminster,,,V ugm-3 (GRAV EMFAB),False,False,False,False,11.517499999999998,11.637878805864975
2017-10-05,London Westminster,9.625,9.625,V ugm-3 (GRAV EMFAB),False,False,False,False,12.392999999999999,11.181462337279553
2017-10-06,London Westminster,5.875,5.875,V ugm-3 (GRAV EMFAB),False,False,False,False,12.171333333333331,11.317240505824191
2017-10-07,London Westminster,5.333,5.333,V ugm-3 (GRAV EMFAB),False,False,False,False,12.220500000000001,11.280634002572777
2017-10-08,London Westminster,5.667,5.667,V ugm-3 (GRAV EMFAB),False,False,False,False,11.813333333333333,11.500617038518753
2017-10-09,London Westminster,3.333,3.333,V ugm-3 (GRAV EMFAB),False,False,False,False,6.542166666666666,2.480227765078924
2017-10-10,London Westminster,3.622,3.622,V ugm-3 (GRAV EMFAB),False,False,False,False,5.575833333333332,2.2538987037283857
2017-10-11,London Westminster,6.333,6.333,V ugm-3 (GRAV EMFAB),False,False,False,False,5.683999999999998,2.077325925318778
2017-10-12,London Westminster,6.125,6.125,V ugm-3 (GRAV EMFAB),False,False,False,False,5.183999999999998,1.2113833689911009
2017-10-13,London Westminster,,,V ugm-3 (GRAV EMFAB),False,False,False,False,5.068833333333331,1.284339272415414
2017-10-14,London Westminster,7.236,7.236,V ugm-3 (GRAV EMFAB),False,False,False,False,5.385999999999999,1.5665820118978302
2017-10-15,London Westminster,13.528,13.528,V ugm-3 (GRAV EMFAB),False,False,False,False,6.696166666666666,3.6928276112849323
2017-10-16,London Westminster,12.236,12.236,V ugm-3 (GRAV EMFAB),False,False,False,False,8.18,3.8562462058330182
2017-10-17,London Westminster,9.278,9.278,V ugm-3 (GRAV EMFAB),False,False,False,False,9.122666666666666,3.1448908195147434
2017-10-18,London Westminster,18.653,18.653,V ugm-3 (GRAV EMFAB),False,False,False,False,11.176,4.63032694310037
2017-10-19,London Westminster,14.361,14.361,V ugm-3 (GRAV EMFAB),False,False,False,False,12.548666666666668,4.0131279404808105
2017-10-20,London Westminster,4.111,4.111,V ugm-3 (GRAV EMFAB),False,False,False,False,11.343285714285713,4.85711840890216
2017-10-21,London Westminster,5.444,5.444,V ugm-3 (GRAV EMFAB),False,False,False,False,11.087285714285713,5.148181222991566
2017-10-22,London Westminster,3.153,3.153,V ugm-3 (GRAV EMFAB),False,False,False,False,9.605142857142857,5.782750079001482
2017-10-23,London Westminster,5.486,5.486,V ugm-3 (GRAV EMFAB),False,False,False,False,8.640857142857142,5.83349796230287
2017-10-24,London Westminster,5.069,5.069,V ugm-3 (GRAV EMFAB),False,False,False,False,8.039571428571428,5.9721519253154405
2017-10-25,London Westminster,7.178,7.178,V ugm-3 (GRAV EMFAB),False,False,False,False,6.4002857142857135,3.7257264935530854
2017-10-26,London Westminster,12.636,12.636,V ugm-3 (GRAV EMFAB),False,False,False,False,6.153857142857142,3.1190890458901555
2017-10-27,London Westminster,7.844,7.844,V ugm-3 (GRAV EMFAB),False,False,False,False,6.687142857142857,3.029435064417992
2017-10-28,London Westminster,7.428,7.428,V ugm-3 (GRAV EMFAB),False,False,False,False,6.970571428571427,2.9862463538220845
2017-10-29,London Westminster,3.969,3.969,V ugm-3 (GRAV EMFAB),False,False,False,False,7.087142857142856,2.8238998110518265
2017-10-30,London Westminster,9.053,9.053,V ugm-3 (GRAV EMFAB),False,False,False,False,7.596714285714285,2.808610434259248
2017-10-31,London Westminster,8.761,8.761,V ugm-3 (GRAV EMFAB),False,False,False,False,8.124142857142855,2.593219069584836
2017-11-01,London Westminster,7.65,7.65,V ugm-3 (GRAV EMFAB),False,False,False,False,8.191571428571427,2.5705547298295195
2017-11-02,London Westminster,36.08,36.08,V ugm-3 (GRAV EMFAB),True,True,False,False,11.540714285714285,10.947912338497671
2017-11-03,London Westminster,15.58,15.58,V ugm-3 (GRAV EMFAB),False,False,False,False,12.645857142857142,10.902915931507712
2017-11-04,London Westminster,6.808,6.808,V ugm-3 (GRAV EMFAB),False,False,False,False,12.557285714285712,10.954763677875306
2017-11-05,London Westminster,27.25,27.25,V ugm-3 (GRAV EMFAB),False,False,False,False,15.883142857142856,11.43626545145709
2017-11-06,London Westminster,4.167,4.167,V ugm-3 (GRAV EMFAB),False,False,False,False,15.185142857142855,12.054983263206593
2017-11-07,London Westminster,2.333,2.333,V ugm-3 (GRAV EMFAB),False,False,False,False,14.266857142857143,12.844849505133352
2017-11-08,London Westminster,7.25,7.25,V ugm-3 (GRAV EMFAB),False,False,False,False,14.209714285714284,12.880033523691981
2017-11-09,London Westminster,3.667,3.667,V ugm-3 (GRAV EMFAB),False,False,False,False,9.579285714285714,8.926784858209759
2017-11-10,London Westminster,3.913,3.913,V ugm-3 (GRAV EMFAB),False,False,False,False,7.912571428571427,8.70610507741831
2017-11-11,London Westminster,7.083,7.083,V ugm-3 (GRAV EMFAB),False,False,False,False,7.9518571428571425,8.700908964557959
2017-11-12,London Westminster,6.625,6.625,V ugm-3 (GRAV EMFAB),False,False,False,False,5.005428571428571,1.9496599581420497
2017-11-13,London Westminster,6.0,6.0,V ugm-3 (GRAV EMFAB),False,False,False,False,5.2672857142857135,1.9413598940167487
2017-11-14,London Westminster,7.167,7.167,V ugm-3 (GRAV EMFAB),False,False,False,False,5.957857142857142,1.542396882406914
2017-11-15,London Westminster,10.875,10.875,V ugm-3 (GRAV EMFAB),False,False,False,False,6.475714285714284,2.4119617682355483
2017-11-16,London Westminster,8.167,8.167,V ugm-3 (GRAV EMFAB),False,False,False,False,7.118571428571427,2.120694529090791
2017-11-17,London Westminster,11.167,11.167,V ugm-3 (GRAV EMFAB),False,False,False,False,8.154857142857143,2.0648220608222827
2017-11-18,London Westminster,10.292,10.292,V ugm-3 (GRAV EMFAB),False,False,False,False,8.613285714285713,2.1419751565855676
2017-11-19,London Westminster,7.917,7.917,V ugm-3 (GRAV EMFAB),False,False,False,False,8.797857142857142,1.9925449746973483
2017-11-20,London Westminster,5.417,5.417,V ugm-3 (GRAV EMFAB),False,False,False,False,8.714571428571428,2.136002797840429
2017-11-21,London Westminster,6.583,6.583,V ugm-3 (GRAV EMFAB),False,False,False,False,8.631142857142857,2.21641395265528
2017-11-22,London Westminster,9.833,9.833,V ugm-3 (GRAV EMFAB),False,False,False,False,8.482285714285712,2.070805053941529
2017-11-23,London Westminster,5.667,5.667,V ugm-3 (GRAV EMFAB),False,False,False,False,8.125142857142857,2.33320140783539
2017-11-24,London Westminster,12.708,12.708,V ugm-3 (GRAV EMFAB),False,False,False,False,8.345285714285712,2.7102711250776723
2017-11-25,London Westminster,13.917,13.917,V ugm-3 (GRAV EMFAB),False,False,False,False,8.863142857142856,3.402217141246521
2017-11-26,London Westminster,5.292,5.292,V ugm-3 (GRAV EMFAB),False,False,False,False,8.488142857142856,3.65887024588078
2017-11-27,London Westminster,4.042,4.042,V ugm-3 (GRAV EMFAB),False,False,False,False,8.291714285714285,3.881369333722717
2017-11-28,London Westminster,5.875,5.875,V ugm-3 (GRAV EMFAB),False,False,False,False,8.190571428571428,3.942067175867105
2017-11-29,London Westminster,6.0,6.0,V ugm-3 (GRAV EMFAB),False,False,False,False,7.642999999999999,3.9421134771424264
2017-11-30,London Westminster,6.625,6.625,V ugm-3 (GRAV EMFAB),False,False,False,False,7.779857142857142,3.878190962660092
2017-12-01,London Westminster,6.07,6.07,V ugm-3 (GRAV EMFAB),False,False,False,False,6.8315714285714275,3.2296669001176643
2017-12-02,London Westminster,39.46,39.46,V ugm-3 (GRAV EMFAB),True,True,False,False,10.480571428571428,12.804876256816462
2017-12-03,London Westminster,18.63,18.63,V ugm-3 (GRAV EMFAB),False,False,False,False,12.386,12.896165075969968
2017-12-04,London Westminster,7.141,7.141,V ugm-3 (GRAV EMFAB),False,False,False,False,12.828714285714284,12.612045561212346
2017-12-05,London Westminster,9.125,9.125,V ugm-3 (GRAV EMFAB),False,False,False,False,13.292999999999997,12.370910691349044
2017-12-06,London Westminster,4.875,4.875,V ugm-3 (GRAV EMFAB),False,False,False,False,13.132285714285713,12.488198825481707
2017-12-07,London Westminster,2.958,2.958,V ugm-3 (GRAV EMFAB),False,False,False,False,12.60842857142857,12.87750621377117
2017-12-08,London Westminster,2.833,2.833,V ugm-3 (GRAV EMFAB),False,False,False,False,12.146,13.205378146800674
2017-12-09,London Westminster,3.0,3.0,V ugm-3 (GRAV EMFAB),False,False,False,False,6.93742857142857,5.685980972448725
2017-12-10,London Westminster,,,V ugm-3 (GRAV EMFAB),False,False,False,False,4.988666666666665,2.6260241176859926
2017-12-11,London Westminster,5.167,5.167,V ugm-3 (GRAV EMFAB),False,False,False,False,4.6596666666666655,2.4178433089570825
2017-12-12,London Westminster,13.792,13.792,V ugm-3 (GRAV EMFAB),False,False,False,False,5.437499999999999,4.220426364717405
2017-12-13,London Westminster,4.25,4.25,V ugm-3 (GRAV EMFAB),False,False,False,False,5.333333333333332,4.244729422079628
2017-12-14,London Westminster,4.917,4.917,V ugm-3 (GRAV EMFAB),False,False,False,False,5.6598333333333315,4.0982960076925155
2017-12-15,London Westminster,7.417,7.417,V ugm-3 (GRAV EMFAB),False,False,False,False,6.423833333333332,3.8877917339626515
2017-12-16,London Westminster,8.458,8.458,V ugm-3 (GRAV EMFAB),False,False,False,False,7.333499999999998,3.5503481941918804
2017-12-17,London Westminster,8.083,8.083,V ugm-3 (GRAV EMFAB),False,False,False,False,7.440571428571428,3.2533665054907197
2017-12-18,London Westminster,13.708,13.708,V ugm-3 (GRAV EMFAB),False,False,False,False,8.660714285714285,3.812187810793569
2017-12-19,London Westminster,18.917,18.917,V ugm-3 (GRAV EMFAB),False,False,False,False,9.392857142857142,5.201053208359973
2017-12-20,London Westminster,12.667,12.667,V ugm-3 (GRAV EMFAB),False,False,False,False,10.595285714285712,4.768925760038929
2017-12-21,London Westminster,9.458,9.458,V ugm-3 (GRAV EMFAB),False,False,False,False,11.244,4.1344204753106055
2017-12-22,London Westminster,7.583,7.583,V ugm-3 (GRAV EMFAB),False,False,False,False,11.267714285714286,4.109210212611357
2017-12-23,London Westminster,4.167,4.167,V ugm-3 (GRAV EMFAB),False,False,False,False,10.654714285714286,4.851269892660017
2017-12-24,London Westminster,1.25,1.25,V ugm-3 (GRAV EMFAB),False,False,False,False,9.678571428571429,6.0051903899084405
2017-12-25,London Westminster,4.083,4.083,V ugm-3 (GRAV EMFAB),False,False,False,False,8.303571428571427,6.030666349504739
2017-12-26,London Westminster,2.042,2.042,V ugm-3 (GRAV EMFAB),False,False,False,False,5.8928571428571415,4.165237625417295
2017-12-27,London Westminster,3.0,3.0,V ugm-3 (GRAV EMFAB),False,False,False,False,4.511857142857141,2.9783863320359756
2017-12-28,London Westminster,6.583,6.583,V ugm-3 (GRAV EMFAB),False,False,False,False,4.101142857142856,2.3046767979173897
2017-12-29,London Westminster,5.417,5.417,V ugm-3 (GRAV EMFAB),False,False,False,False,3.791714285714285,1.8622181857747526
2017-12-30,London Westminster,8.625,8.625,V ugm-3 (GRAV EMFAB),False,False,False,False,4.428571428571428,2.620045855651359
2018-01-01,London Westminster,3.5,3.5,V ugm-3 (GRAV EMFAB),False,False,False,False,4.749999999999999,2.2812115202237484
2018-01-02,London Westminster,4.833,4.833,V ugm-3 (GRAV EMFAB),False,False,False,False,4.857142857142856,2.262196530555795
2018-01-03,London Westminster,,,,False,False,False,False,5.326333333333332,2.071681989753363
2018-01-04,London Westminster,,,,False,False,False,False,5.791599999999998,1.9342401091907295
2018-01-05,London Westminster,,,,False,False,False,False,5.593749999999998,2.174262077886716
2018-01-06,London Westminster,,,,False,False,False,False,5.652666666666664,2.6590028832887156
2018-01-07,London Westminster,,,,False,False,False,False,4.166499999999996,0.9425733393267623
2018-01-08,London Westminster,,,,False,False,False,False,4.833,
2018-01-09,London Westminster,,,,False,False,False,False,,
2018-01-10,London Westminster,,,,False,False,False,False,,
2018-01-11,London Westminster,,,,False,False,False,False,,
2018-01-12,London Westminster,,,,False,False,False,False,,
2018-01-13,London Westminster,17.167,17.167,V ugm-3 (GRAV EMFAB),False,False,False,False,17.167,
2018-01-14,London Westminster,18.208,18.208,V ugm-3 (GRAV EMFAB),False,False,False,False,17.687499999999996,0.7360981592151937
2018-01-15,London Westminster,3.625,3.625,V ugm-3 (GRAV EMFAB),False,False,False,False,12.999999999999998,8.135655413056774
2018-01-16,London Westminster,3.542,3.542,V ugm-3 (GRAV EMFAB),False,False,False,False,10.635499999999999,8.154101238027401
2018-01-17,London Westminster,5.042,5.042,V ugm-3 (GRAV EMFAB),False,False,False,False,9.516799999999998,7.491626906086554
2018-01-18,London Westminster,3.5,3.5,V ugm-3 (GRAV EMFAB),False,False,False,False,8.513999999999998,7.136751782148515
2018-01-19,London Westminster,4.292,4.292,V ugm-3 (GRAV EMFAB),False,False,False,False,7.910857142857141,6.707519969620452
2018-01-20,London Westminster,4.833,4.833,V ugm-3 (GRAV EMFAB),False,False,False,False,6.148857142857141,5.354273384521047
2018-01-21,London Westminster,7.625,7.625,V ugm-3 (GRAV EMFAB),False,False,False,False,4.636999999999999,1.4586265229089082
2018-01-22,London Westminster,6.792,6.792,V ugm-3 (GRAV EMFAB),False,False,False,False,5.08942857142857,1.5786380054911102
2018-01-23,London Westminster,2.667,2.667,V ugm-3 (GRAV EMFAB),False,False,False,False,4.96442857142857,1.747228172195688
2018-01-24,London Westminster,2.917,2.917,V ugm-3 (GRAV EMFAB),False,False,False,False,4.660857142857141,1.908651131783161
2018-01-25,London Westminster,5.333,5.333,V ugm-3 (GRAV EMFAB),False,False,False,False,4.922714285714284,1.8476064438696276
2018-01-26,London Westminster,8.5,8.5,V ugm-3 (GRAV EMFAB),False,False,False,False,5.523857142857141,2.249128010924191
2018-01-27,London Westminster,7.75,7.75,V ugm-3 (GRAV EMFAB),False,False,False,False,5.940571428571427,2.3669366177362994
2018-01-28,London Westminster,1.708,1.708,V ugm-3 (GRAV EMFAB),False,False,False,False,5.095285714285714,2.6984606546625627
2018-01-29,London Westminster,3.667,3.667,V ugm-3 (GRAV EMFAB),False,False,False,False,4.648857142857141,2.6285677613846055
2018-01-30,London Westminster,10.417,10.417,V ugm-3 (GRAV EMFAB),False,False,False,False,5.755999999999999,3.2202372583398264
2018-01-31,London Westminster,4.083,4.083,V ugm-3 (GRAV EMFAB),False,False,False,False,5.922571428571428,3.0758292571349957
2018-02-01,London Westminster,5.958,5.958,V ugm-3 (GRAV EMFAB),False,False,False,False,6.011857142857141,3.064914649631179
2018-02-02,London Westminster,7.458,7.458,V ugm-3 (GRAV EMFAB),False,False,False,False,5.8629999999999995,2.9469638613325415
2018-02-03,London Westminster,,,,False,False,False,False,5.5485,3.096880543385554
2018-02-04,London Westminster,,,,False,False,False,False,6.316599999999999,2.7501825939380837
2018-02-05,London Westminster,,,,False,False,False,False,6.978999999999999,2.675726817147074
2018-02-06,London Westminster,,,,False,False,False,False,5.832999999999998,1.690968657308588
2018-02-07,London Westminster,,,,False,False,False,False,6.707999999999998,1.0606601717798358
2018-02-08,London Westminster,,,,False,False,False,False,7.458,
2018-02-09,London Westminster,,,,False,False,False,False,,
2018-02-10,London Westminster,,,,False,False,False,False,,
2018-02-11,London Westminster,,,,False,False,False,False,,
2018-02-12,London Westminster,,,,False,False,False,False,,
2018-02-13,London Westminster,3.708,3.708,V ugm-3 (GRAV EMFAB),False,False,False,False,3.708,
2018-02-14,London Westminster,5.715,5.715,V ugm-3 (GRAV EMFAB),False,False,False,False,4.7114999999999965,1.4191633098414007
2018-02-15,London Westminster,4.756,4.756,V ugm-3 (GRAV EMFAB),False,False,False,False,4.726333333333331,1.0038288366715378
2018-02-16,London Westminster,5.59,5.59,V ugm-3 (GRAV EMFAB),False,False,False,False,4.942249999999998,0.9264240839557945
2018-02-17,London Westminster,10.34,10.34,V ugm-3 (GRAV EMFAB),False,False,False,False,6.021799999999999,2.543784031713384
2018-02-18,London Westminster,9.506,9.506,V ugm-3 (GRAV EMFAB),False,False,False,False,6.602499999999999,2.683271268433365
2018-02-19,London Westminster,10.465,10.465,V ugm-3 (GRAV EMFAB),False,False,False,False,7.154285714285713,2.851530508007101
2018-02-20,London Westminster,5.756,5.756,V ugm-3 (GRAV EMFAB),False,False,False,False,7.446857142857142,2.525420389332663
2018-02-21,London Westminster,33.465,33.465,V ugm-3 (GRAV EMFAB),True,True,False,False,11.411142857142854,10.01833310201139
2018-02-22,London Westminster,19.173,19.173,V ugm-3 (GRAV EMFAB),False,False,False,False,13.470714285714283,9.903405537394459
2018-02-23,London Westminster,16.298,16.298,V ugm-3 (GRAV EMFAB),False,False,False,False,15.00042857142857,9.291325288625277
2018-02-24,London Westminster,18.715,18.715,V ugm-3 (GRAV EMFAB),False,False,False,False,16.196857142857144,9.128989637934957
2018-02-25,London Westminster,18.715,18.715,V ugm-3 (GRAV EMFAB),False,False,False,False,17.51242857142857,8.655336385859359
2018-02-26,London Westminster,8.256,8.256,V ugm-3 (GRAV EMFAB),False,False,False,False,17.19685714285714,8.98894887122648
2018-02-27,London Westminster,5.673,5.673,V ugm-3 (GRAV EMFAB),False,False,False,False,17.185,9.006592937028593
2018-02-28,London Westminster,,,,False,False,False,False,14.471666666666664,5.95820159667887
2018-03-01,London Westminster,7.375,7.375,V ugm-3 (GRAV EMFAB),False,False,False,False,12.505333333333331,6.042551999500429
2018-03-02,London Westminster,8.625,8.625,V ugm-3 (GRAV EMFAB),False,False,False,False,11.2265,5.889352281872767
2018-03-03,London Westminster,,,,False,False,False,False,9.728799999999998,5.150951193711696
2018-03-04,London Westminster,,,,False,False,False,False,7.482249999999999,1.3152255509987263
2018-03-05,London Westminster,,,,False,False,False,False,7.224333333333331,1.481756165275915
2018-03-06,London Westminster,,,,False,False,False,False,7.999999999999997,0.8838834764830259
2018-03-07,London Westminster,,,,False,False,False,False,7.999999999999997,0.8838834764830259
2018-03-08,London Westminster,,,,False,False,False,False,8.625,
2018-03-09,London Westminster,,,,False,False,False,False,,
2018-03-10,London Westminster,,,,False,False,False,False,,
2018-03-11,London Westminster,,,,False,False,False,False,,
2018-03-12,London Westminster,,,,False,False,False,False,,
2018-03-13,London Westminster,,,,False,False,False,False,,
2018-03-14,London Westminster,,,,False,False,False,False,,
2018-03-15,London Westminster,,,,False,False,False,False,,
2018-03-16,London Westminster,,,,False,False,False,False,,
2018-03-17,London Westminster,,,,False,False,False,False,,
2018-03-18,London Westminster,,,,False,False,False,False,,
2018-03-19,London Westminster,,,,False,False,False,False,,
2018-03-20,London Westminster,,,,False,False,False,False,,
2018-03-21,London Westminster,,,,False,False,False,False,,
2018-03-22,London Westminster,,,,False,False,False,False,,
2018-03-23,London Westminster,,,,False,False,False,False,,
2018-03-24,London Westminster,,,,False,False,False,False,,
2018-03-25,London Westminster,,,,False,False,False,False,,
2018-03-26,London Westminster,,,,False,False,False,False,,
2018-03-27,London Westminster,,,,False,False,False,False,,
2018-03-28,London Westminster,,,,False,False,False,False,,
2018-03-29,London Westminster,,,,False,False,False,False,,
2018-03-30,London Westminster,,,,False,False,False,False,,
2018-03-31,London Westminster,,,,False,False,False,False,,
2018-04-01,London Westminster,3.958,3.958,V ugm-3 (GRAV EMFAB),False,False,False,False,3.958,
2018-04-02,London Westminster,5.667,5.667,V ugm-3 (GRAV EMFAB),False,False,False,False,4.8124999999999964,1.2084454890478094
2018-04-03,London Westminster,,,,False,False,False,False,4.8124999999999964,1.2084454890478094
2018-04-04,London Westminster,,,,False,False,False,False,4.8124999999999964,1.2084454890478094
2018-04-05,London Westminster,,,,False,False,False,False,4.8124999999999964,1.2084454890478094
2018-04-06,London Westminster,,,,False,False,False,False,4.8124999999999964,1.2084454890478094
2018-04-07,London Westminster,,,,False,False,False,False,4.8124999999999964,1.2084454890478094
2018-04-08,London Westminster,,,,False,False,False,False,5.667,
2018-04-09,London Westminster,,,,False,False,False,False,,
2018-04-10,London Westminster,,,,False,False,False,False,,
2018-04-11,London Westminster,,,,False,False,False,False,,
2018-04-12,London Westminster,,,,False,False,False,False,,
2018-04-13,London Westminster,,,,False,False,False,False,,
2018-04-14,London Westminster,,,,False,False,False,False,,
2018-04-15,London Westminster,,,,False,False,False,False,,
2018-04-16,London Westminster,,,,False,False,False,False,,
2018-04-17,London Westminster,,,,False,False,False,False,,
2018-04-18,London Westminster,,,,False,False,False,False,,
2018-04-19,London Westminster,,,,False,False,False,False,,
2018-04-20,London Westminster,,,,False,False,False,False,,
2018-04-21,London Westminster,,,,False,False,False,False,,
2018-04-22,London Westminster,,,,False,False,False,False,,
2018-04-23,London Westminster,,,,False,False,False,False,,
2018-04-24,London Westminster,,,,False,False,False,False,,
2018-04-25,London Westminster,,,,False,False,False,False,,
2018-04-26,London Westminster,,,,False,False,False,False,,
2018-04-27,London Westminster,,,,False,False,False,False,,
2018-04-28,London Westminster,,,,False,False,False,False,,
2018-04-29,London Westminster,,,,False,False,False,False,,
2018-04-30,London Westminster,,,,False,False,False,False,,
2018-05-01,London Westminster,4.0,4.0,V ugm-3 (GRAV EMFAB),False,False,False,False,4.0,
2018-05-02,London Westminster,7.833,7.833,V ugm-3 (GRAV EMFAB),False,False,False,False,5.9164999999999965,2.710340292288037
2018-05-03,London Westminster,,,,False,False,False,False,5.9164999999999965,2.710340292288037
2018-05-04,London Westminster,,,,False,False,False,False,5.9164999999999965,2.710340292288037
2018-05-05,London Westminster,,,,False,False,False,False,5.9164999999999965,2.710340292288037
2018-05-06,London Westminster,,,,False,False,False,False,5.9164999999999965,2.710340292288037
2018-05-07,London Westminster,,,,False,False,False,False,5.9164999999999965,2.710340292288037
2018-05-08,London Westminster,,,,False,False,False,False,7.833,
2018-05-09,London Westminster,,,,False,False,False,False,,
2018-05-10,London Westminster,,,,False,False,False,False,,
2018-05-11,London Westminster,,,,False,False,False,False,,
2018-05-12,London Westminster,,,,False,False,False,False,,
2018-05-13,London Westminster,,,,False,False,False,False,,
2018-05-14,London Westminster,,,,False,False,False,False,,
2018-05-15,London Westminster,,,,False,False,False,False,,
2018-05-16,London Westminster,,,,False,False,False,False,,
2018-05-17,London Westminster,,,,False,False,False,False,,
2018-05-18,London Westminster,,,,False,False,False,False,,
2018-05-19,London Westminster,,,,False,False,False,False,,
2018-05-20,London Westminster,,,,False,False,False,False,,
2018-05-21,London Westminster,,,,False,False,False,False,,
2018-05-22,London Westminster,,,,False,False,False,False,,
2018-05-23,London Westminster,,,,False,False,False,False,,
2018-05-24,London Westminster,,,,False,False,False,False,,
2018-05-25,London Westminster,,,,False,False,False,False,,
2018-05-26,London Westminster,,,,False,False,False,False,,
2018-05-27,London Westminster,,,,False,False,False,False,,
2018-05-28,London Westminster,,,,False,False,False,False,,
2018-05-29,London Westminster,,,,False,False,False,False,,
2018-05-30,London Westminster,,,,False,False,False,False,,
2018-05-31,London Westminster,,,,False,False,False,False,,
2018-06-01,London Westminster,9.792,9.792,V ugm-3 (GRAV EMFAB),False,False,False,False,9.792,
2018-06-02,London Westminster,13.25,13.25,V ugm-3 (GRAV EMFAB),False,False,False,False,11.520999999999997,2.4451752493430807
2018-06-03,London Westminster,,,,False,False,False,False,11.520999999999997,2.4451752493430807
2018-06-04,London Westminster,,,,False,False,False,False,11.520999999999997,2.4451752493430807
2018-06-05,London Westminster,,,,False,False,False,False,11.520999999999997,2.4451752493430807
2018-06-06,London Westminster,,,,False,False,False,False,11.520999999999997,2.4451752493430807
2018-06-07,London Westminster,,,,False,False,False,False,11.520999999999997,2.4451752493430807
2018-06-08,London Westminster,,,,False,False,False,False,13.25,
2018-06-09,London Westminster,,,,False,False,False,False,,
2018-06-10,London Westminster,,,,False,False,False,False,,
2018-06-11,London Westminster,,,,False,False,False,False,,
2018-06-12,London Westminster,,,,False,False,False,False,,
2018-06-13,London Westminster,,,,False,False,False,False,,
2018-06-14,London Westminster,,,,False,False,False,False,,
2018-06-15,London Westminster,,,,False,False,False,False,,
2018-06-16,London Westminster,,,,False,False,False,False,,
2018-06-17,London Westminster,,,,False,False,False,False,,
2018-06-18,London Westminster,,,,False,False,False,False,,
2018-06-19,London Westminster,,,,False,False,False,False,,
2018-06-20,London Westminster,,,,False,False,False,False,,
2018-06-21,London Westminster,,,,False,False,False,False,,
2018-06-22,London Westminster,,,,False,False,False,False,,
2018-06-23,London Westminster,,,,False,False,False,False,,
2018-06-24,London Westminster,,,,False,False,False,False,,
2018-06-25,London Westminster,,,,False,False,False,False,,
2018-06-26,London Westminster,,,,False,False,False,False,,
2018-06-27,London Westminster,,,,False,False,False,False,,
2018-06-28,London Westminster,,,,False,False,False,False,,
2018-06-29,London Westminster,,,,False,False,False,False,,
2018-06-30,London Westminster,,,,False,False,False,False,,
2018-07-01,London Westminster,3.042,3.042,V ugm-3 (GRAV EMFAB),False,False,False,False,3.042,
2018-07-02,London Westminster,8.792,8.792,V ugm-3 (GRAV EMFAB),False,False,False,False,5.916999999999996,4.065863991822648
2018-07-03,London Westminster,,,,False,False,False,False,5.916999999999996,4.065863991822648
2018-07-04,London Westminster,,,,False,False,False,False,5.916999999999996,4.065863991822648
2018-07-05,London Westminster,,,,False,False,False,False,5.916999999999996,4.065863991822648
2018-07-06,London Westminster,,,,False,False,False,False,5.916999999999996,4.065863991822648
2018-07-07,London Westminster,,,,False,False,False,False,5.916999999999996,4.065863991822648
2018-07-08,London Westminster,,,,False,False,False,False,8.792,
2018-07-09,London Westminster,,,,False,False,False,False,,
2018-07-10,London Westminster,,,,False,False,False,False,,
2018-07-11,London Westminster,,,,False,False,False,False,,
2018-07-12,London Westminster,,,,False,False,False,False,,
2018-07-13,London Westminster,,,,False,False,False,False,,
2018-07-14,London Westminster,,,,False,False,False,False,,
2018-07-15,London Westminster,,,,False,False,False,False,,
2018-07-16,London Westminster,,,,False,False,False,False,,
2018-07-17,London Westminster,,,,False,False,False,False,,
2018-07-18,London Westminster,,,,False,False,False,False,,
2018-07-19,London Westminster,,,,False,False,False,False,,
2018-07-20,London Westminster,,,,False,False,False,False,,
2018-07-21,London Westminster,,,,False,False,False,False,,
2018-07-22,London Westminster,,,,False,False,False,False,,
2018-07-23,London Westminster,,,,False,False,False,False,,
2018-07-24,London Westminster,,,,False,False,False,False,,
2018-07-25,London Westminster,,,,False,False,False,False,,
2018-07-26,London Westminster,,,,False,False,False,False,,
2018-07-27,London Westminster,,,,False,False,False,False,,
2018-07-28,London Westminster,,,,False,False,False,False,,
2018-07-29,London Westminster,,,,False,False,False,False,,
2018-07-30,London Westminster,,,,False,False,False,False,,
2018-07-31,London Westminster,,,,False,False,False,False,,
2018-08-01,London Westminster,8.083,8.083,V ugm-3 (GRAV EMFAB),False,False,False,False,8.083,
2018-08-02,London Westminster,8.667,8.667,V ugm-3 (GRAV EMFAB),False,False,False,False,8.374999999999996,0.4129503602129435
2018-08-03,London Westminster,,,,False,False,False,False,8.374999999999996,0.4129503602129435
2018-08-04,London Westminster,,,,False,False,False,False,8.374999999999996,0.4129503602129435
2018-08-05,London Westminster,,,,False,False,False,False,8.374999999999996,0.4129503602129435
2018-08-06,London Westminster,,,,False,False,False,False,8.374999999999996,0.4129503602129435
2018-08-07,London Westminster,,,,False,False,False,False,8.374999999999996,0.4129503602129435
2018-08-08,London Westminster,,,,False,False,False,False,8.667,
2018-08-09,London Westminster,,,,False,False,False,False,,
2018-08-10,London Westminster,,,,False,False,False,False,,
2018-08-11,London Westminster,,,,False,False,False,False,,
2018-08-12,London Westminster,,,,False,False,False,False,,
2018-08-13,London Westminster,,,,False,False,False,False,,
2018-08-14,London Westminster,,,,False,False,False,False,,
2018-08-15,London Westminster,,,,False,False,False,False,,
2018-08-16,London Westminster,,,,False,False,False,False,,
2018-08-17,London Westminster,,,,False,False,False,False,,
2018-08-18,London Westminster,,,,False,False,False,False,,
2018-08-19,London Westminster,,,,False,False,False,False,,
2018-08-20,London Westminster,,,,False,False,False,False,,
2018-08-21,London Westminster,,,,False,False,False,False,,
2018-08-22,London Westminster,,,,False,False,False,False,,
2018-08-23,London Westminster,,,,False,False,False,False,,
2018-08-24,London Westminster,,,,False,False,False,False,,
2018-08-25,London Westminster,,,,False,False,False,False,,
2018-08-26,London Westminster,,,,False,False,False,False,,
2018-08-27,London Westminster,,,,False,False,False,False,,
2018-08-28,London Westminster,,,,False,False,False,False,,
2018-08-29,London Westminster,,,,False,False,False,False,,
2018-08-30,London Westminster,,,,False,False,False,False,,
2018-08-31,London Westminster,,,,False,False,False,False,,
2018-09-01,London Westminster,18.958,18.958,V ugm-3 (GRAV EMFAB),False,False,False,False,18.958,
2018-09-02,London Westminster,5.292,5.292,V ugm-3 (GRAV EMFAB),False,False,False,False,12.124999999999996,9.663321271695358
2018-09-03,London Westminster,,,,False,False,False,False,12.124999999999996,9.663321271695358
2018-09-04,London Westminster,,,,False,False,False,False,12.124999999999996,9.663321271695358
2018-09-05,London Westminster,,,,False,False,False,False,12.124999999999996,9.663321271695358
2018-09-06,London Westminster,,,,False,False,False,False,12.124999999999996,9.663321271695358
2018-09-07,London Westminster,,,,False,False,False,False,12.124999999999996,9.663321271695358
2018-09-08,London Westminster,,,,False,False,False,False,5.292,
2018-09-09,London Westminster,,,,False,False,False,False,,
2018-09-10,London Westminster,,,,False,False,False,False,,
2018-09-11,London Westminster,,,,False,False,False,False,,
2018-09-12,London Westminster,,,,False,False,False,False,,
2018-09-13,London Westminster,,,,False,False,False,False,,
2018-09-14,London Westminster,,,,False,False,False,False,,
2018-09-15,London Westminster,,,,False,False,False,False,,
2018-09-16,London Westminster,,,,False,False,False,False,,
2018-09-17,London Westminster,,,,False,False,False,False,,
2018-09-18,London Westminster,,,,False,False,False,False,,
2018-09-19,London Westminster,,,,False,False,False,False,,
2018-09-20,London Westminster,,,,False,False,False,False,,
2018-09-21,London Westminster,,,,False,False,False,False,,
2018-09-22,London Westminster,,,,False,False,False,False,,
2018-09-23,London Westminster,,,,False,False,False,False,,
2018-09-24,London Westminster,,,,False,False,False,False,,
2018-09-25,London Westminster,,,,False,False,False,False,,
2018-09-26,London Westminster,,,,False,False,False,False,,
2018-09-27,London Westminster,,,,False,False,False,False,,
2018-09-28,London Westminster,,,,False,False,False,False,,
2018-09-29,London Westminster,,,,False,False,False,False,,
2018-09-30,London Westminster,,,,False,False,False,False,,
2018-10-01,London Westminster,9.875,9.875,V ugm-3 (GRAV EMFAB),False,False,False,False,9.875,
2018-10-02,London Westminster,4.792,4.792,V ugm-3 (GRAV EMFAB),False,False,False,False,7.333499999999996,3.5942237687712213
2018-10-03,London Westminster,,,,False,False,False,False,7.333499999999996,3.5942237687712213
2018-10-04,London Westminster,,,,False,False,False,False,7.333499999999996,3.5942237687712213
2018-10-05,London Westminster,,,,False,False,False,False,7.333499999999996,3.5942237687712213
2018-10-06,London Westminster,,,,False,False,False,False,7.333499999999996,3.5942237687712213
2018-10-07,London Westminster,,,,False,False,False,False,7.333499999999996,3.5942237687712213
2018-10-08,London Westminster,,,,False,False,False,False,4.792,
2018-10-09,London Westminster,,,,False,False,False,False,,
2018-10-10,London Westminster,,,,False,False,False,False,,
2018-10-11,London Westminster,,,,False,False,False,False,,
2018-10-12,London Westminster,,,,False,False,False,False,,
2018-10-13,London Westminster,,,,False,False,False,False,,
2018-10-14,London Westminster,,,,False,False,False,False,,
2018-10-15,London Westminster,,,,False,False,False,False,,
2018-10-16,London Westminster,,,,False,False,False,False,,
2018-10-17,London Westminster,,,,False,False,False,False,,
2018-10-18,London Westminster,,,,False,False,False,False,,
2018-10-19,London Westminster,,,,False,False,False,False,,
2018-10-20,London Westminster,,,,False,False,False,False,,
2018-10-21,London Westminster,,,,False,False,False,False,,
2018-10-22,London Westminster,,,,False,False,False,False,,
2018-10-23,London Westminster,,,,False,False,False,False,,
2018-10-24,London Westminster,,,,False,False,False,False,,
2018-10-25,London Westminster,,,,False,False,False,False,,
2018-10-26,London Westminster,,,,False,False,False,False,,
2018-10-27,London Westminster,,,,False,False,False,False,,
2018-10-28,London Westminster,,,,False,False,False,False,,
2018-10-29,London Westminster,,,,False,False,False,False,,
2018-10-30,London Westminster,,,,False,False,False,False,,
2018-10-31,London Westminster,,,,False,False,False,False,,
2018-11-01,London Westminster,18.333,18.333,V ugm-3 (GRAV EMFAB),False,False,False,False,18.333,
2018-11-02,London Westminster,3.042,3.042,V ugm-3 (GRAV EMFAB),False,False,False,False,10.687499999999996,10.812369791123498
2018-11-03,London Westminster,,,,False,False,False,False,10.687499999999996,10.812369791123498
2018-11-04,London Westminster,,,,False,False,False,False,10.687499999999996,10.812369791123498
2018-11-05,London Westminster,,,,False,False,False,False,10.687499999999996,10.812369791123498
2018-11-06,London Westminster,,,,False,False,False,False,10.687499999999996,10.812369791123498
2018-11-07,London Westminster,,,,False,False,False,False,10.687499999999996,10.812369791123498
2018-11-08,London Westminster,,,,False,False,False,False,3.042,
2018-11-09,London Westminster,,,,False,False,False,False,,
2018-11-10,London Westminster,,,,False,False,False,False,,
2018-11-11,London Westminster,,,,False,False,False,False,,
2018-11-12,London Westminster,,,,False,False,False,False,,
2018-11-13,London Westminster,,,,False,False,False,False,,
2018-11-14,London Westminster,,,,False,False,False,False,,
2018-11-15,London Westminster,,,,False,False,False,False,,
2018-11-16,London Westminster,,,,False,False,False,False,,
2018-11-17,London Westminster,,,,False,False,False,False,,
2018-11-18,London Westminster,,,,False,False,False,False,,
2018-11-19,London Westminster,,,,False,False,False,False,,
2018-11-20,London Westminster,,,,False,False,False,False,,
2018-11-21,London Westminster,,,,False,False,False,False,,
2018-11-22,London Westminster,,,,False,False,False,False,,
2018-11-23,London Westminster,,,,False,False,False,False,,
2018-11-24,London Westminster,,,,False,False,False,False,,
2018-11-25,London Westminster,,,,False,False,False,False,,
2018-11-26,London Westminster,,,,False,False,False,False,,
2018-11-27,London Westminster,,,,False,False,False,False,,
2018-11-28,London Westminster,,,,False,False,False,False,,
2018-11-29,London Westminster,,,,False,False,False,False,,
2018-11-30,London Westminster,,,,False,False,False,False,,
2018-12-01,London Westminster,14.75,14.75,V ugm-3 (GRAV EMFAB),False,False,False,False,14.75,
2018-12-02,London Westminster,4.333,4.333,V ugm-3 (GRAV EMFAB),False,False,False,False,9.541499999999996,7.365931339620265
2018-12-03,London Westminster,,,,False,False,False,False,9.541499999999996,7.365931339620265
2018-12-04,London Westminster,,,,False,False,False,False,9.541499999999996,7.365931339620265
2018-12-05,London Westminster,,,,False,False,False,False,9.541499999999996,7.365931339620265
2018-12-06,London Westminster,,,,False,False,False,False,9.541499999999996,7.365931339620265
2018-12-07,London Westminster,,,,False,False,False,False,9.541499999999996,7.365931339620265
2018-12-08,London Westminster,,,,False,False,False,False,4.333,
2018-12-09,London Westminster,,,,False,False,False,False,,
2018-12-10,London Westminster,,,,False,False,False,False,,
2018-12-11,London Westminster,,,,False,False,False,False,,
2018-12-12,London Westminster,,,,False,False,False,False,,
2018-12-13,London Westminster,,,,False,False,False,False,,
2018-12-14,London Westminster,,,,False,False,False,False,,
2018-12-15,London Westminster,,,,False,False,False,False,,
2018-12-16,London Westminster,,,,False,False,False,False,,
2018-12-17,London Westminster,,,,False,False,False,False,,
2018-12-18,London Westminster,,,,False,False,False,False,,
2018-12-19,London Westminster,,,,False,False,False,False,,
2018-12-20,London Westminster,,,,False,False,False,False,,
2018-12-21,London Westminster,,,,False,False,False,False,,
2018-12-22,London Westminster,,,,False,False,False,False,,
2018-12-23,London Westminster,,,,False,False,False,False,,
2018-12-24,London Westminster,,,,False,False,False,False,,
2018-12-25,London Westminster,,,,False,False,False,False,,
2018-12-26,London Westminster,,,,False,False,False,False,,
2018-12-27,London Westminster,,,,False,False,False,False,,
2018-12-28,London Westminster,,,,False,False,False,False,,
2018-12-29,London Westminster,,,,False,False,False,False,,
2018-12-30,London Westminster,,,,False,False,False,False,,
2016-01-01,Northampton Kingsthorpe,6.667,6.667,V ugm-3 (GRAV EMFAB),False,False,False,False,6.667,
2016-01-02,Northampton Kingsthorpe,5.583,5.583,V ugm-3 (GRAV EMFAB),False,False,False,False,6.125,0.7665037508062172
2016-01-03,Northampton Kingsthorpe,3.25,3.25,V ugm-3 (GRAV EMFAB),False,False,False,False,5.166666666666667,1.7461306747587173
2016-01-04,Northampton Kingsthorpe,8.25,8.25,V ugm-3 (GRAV EMFAB),False,False,False,False,5.9375,2.0998534075819038
2016-01-05,Northampton Kingsthorpe,4.667,4.667,V ugm-3 (GRAV EMFAB),False,False,False,False,5.683400000000001,1.9052223754722175
2016-01-06,Northampton Kingsthorpe,4.5,4.5,V ugm-3 (GRAV EMFAB),False,False,False,False,5.486166666666667,1.77124356503183
2016-01-07,Northampton Kingsthorpe,1.667,1.667,V ugm-3 (GRAV EMFAB),False,False,False,False,4.940571428571429,2.1675190777432505
2016-01-08,Northampton Kingsthorpe,3.333,3.333,V ugm-3 (GRAV EMFAB),False,False,False,False,4.464285714285714,2.0898415980073475
2016-01-09,Northampton Kingsthorpe,4.792,4.792,V ugm-3 (GRAV EMFAB),False,False,False,False,4.351285714285714,2.0400620672163967
2016-01-10,Northampton Kingsthorpe,5.125,5.125,V ugm-3 (GRAV EMFAB),False,False,False,False,4.619142857142857,1.993936260145697
2016-01-11,Northampton Kingsthorpe,9.458,9.458,V ugm-3 (GRAV EMFAB),False,False,False,False,4.791714285714286,2.3761888052289186
2016-01-12,Northampton Kingsthorpe,16.708,16.708,V ugm-3 (GRAV EMFAB),False,False,False,False,6.511857142857143,5.085071465527677
2016-01-13,Northampton Kingsthorpe,3.375,3.375,V ugm-3 (GRAV EMFAB),False,False,False,False,6.3511428571428565,5.176215008046304
2016-01-14,Northampton Kingsthorpe,0.811,0.811,V ugm-3 (GRAV EMFAB),False,False,False,False,6.228857142857143,5.313607105930063
2016-01-15,Northampton Kingsthorpe,3.186,3.186,V ugm-3 (GRAV EMFAB),False,False,False,False,6.207857142857143,5.327232346743519
2016-01-16,Northampton Kingsthorpe,10.978,10.978,V ugm-3 (GRAV EMFAB),False,False,False,False,7.091571428571428,5.5611656708865995
2016-01-17,Northampton Kingsthorpe,5.728,5.728,V ugm-3 (GRAV EMFAB),False,False,False,False,7.177714285714286,5.530210385216993
2016-01-18,Northampton Kingsthorpe,9.686,9.686,V ugm-3 (GRAV EMFAB),False,False,False,False,7.210285714285713,5.546526381868374
2016-01-19,Northampton Kingsthorpe,24.936,24.936,V ugm-3 (GRAV EMFAB),False,False,False,False,8.385714285714286,8.15379945616941
2016-01-20,Northampton Kingsthorpe,26.395,26.395,V ugm-3 (GRAV EMFAB),True,True,False,False,11.674285714285714,10.185208829708003
2016-01-21,Northampton Kingsthorpe,20.978,20.978,V ugm-3 (GRAV EMFAB),False,False,False,False,14.555285714285715,9.424063785761172
2016-01-22,Northampton Kingsthorpe,6.228,6.228,V ugm-3 (GRAV EMFAB),False,False,False,False,14.989857142857144,8.866030047858159
2016-01-23,Northampton Kingsthorpe,3.936,3.936,V ugm-3 (GRAV EMFAB),False,False,False,False,13.983857142857143,9.75232827634118
2016-01-24,Northampton Kingsthorpe,3.686,3.686,V ugm-3 (GRAV EMFAB),False,False,False,False,13.692142857142857,10.065936327180749
2016-01-25,Northampton Kingsthorpe,3.895,3.895,V ugm-3 (GRAV EMFAB),False,False,False,False,12.864857142857144,10.669914564302928
2016-01-26,Northampton Kingsthorpe,3.186,3.186,V ugm-3 (GRAV EMFAB),False,False,False,False,9.757714285714286,9.69080224945774
2016-01-27,Northampton Kingsthorpe,1.061,1.061,V ugm-3 (GRAV EMFAB),False,False,False,False,6.138571428571429,6.7158529827352735
2016-01-28,Northampton Kingsthorpe,4.083,4.083,V ugm-3 (GRAV EMFAB),False,False,False,False,3.725,1.5196234182630046
2016-01-29,Northampton Kingsthorpe,1.458,1.458,V ugm-3 (GRAV EMFAB),False,False,False,False,3.0435714285714286,1.2569405789645058
2016-01-30,Northampton Kingsthorpe,0.958,0.958,V ugm-3 (GRAV EMFAB),False,False,False,False,2.6181428571428573,1.4003363201473493
2016-01-31,Northampton Kingsthorpe,2.792,2.792,V ugm-3 (GRAV EMFAB),False,False,False,False,2.490428571428571,1.3254798951251439
2016-02-01,Northampton Kingsthorpe,1.667,1.667,V ugm-3 (GRAV EMFAB),False,False,False,False,2.172142857142857,1.1928575534644337
2016-02-02,Northampton Kingsthorpe,3.625,3.625,V ugm-3 (GRAV EMFAB),False,False,False,False,2.234857142857143,1.2644373489911709
2016-02-03,Northampton Kingsthorpe,2.708,2.708,V ugm-3 (GRAV EMFAB),False,False,False,False,2.470142857142857,1.15839104344078
2016-02-04,Northampton Kingsthorpe,9.5,9.5,V ugm-3 (GRAV EMFAB),False,False,False,False,3.2439999999999998,2.9062237238955535
2016-02-05,Northampton Kingsthorpe,3.25,3.25,V ugm-3 (GRAV EMFAB),False,False,False,False,3.5,2.7996519426528725
2016-02-06,Northampton Kingsthorpe,4.083,4.083,V ugm-3 (GRAV EMFAB),False,False,False,False,3.9464285714285716,2.566169055040533
2016-02-07,Northampton Kingsthorpe,1.875,1.875,V ugm-3 (GRAV EMFAB),False,False,False,False,3.815428571428572,2.6567312533225778
2016-02-08,Northampton Kingsthorpe,1.833,1.833,V ugm-3 (GRAV EMFAB),False,False,False,False,3.839142857142857,2.6350100207634526
2016-02-09,Northampton Kingsthorpe,3.25,3.25,V ugm-3 (GRAV EMFAB),False,False,False,False,3.785571428571429,2.643886334996449
2016-02-10,Northampton Kingsthorpe,3.75,3.75,V ugm-3 (GRAV EMFAB),False,False,False,False,3.934428571428572,2.602108302712941
2016-02-11,Northampton Kingsthorpe,7.917,7.917,V ugm-3 (GRAV EMFAB),False,False,False,False,3.7082857142857146,2.047482658802082
2016-02-12,Northampton Kingsthorpe,16.417,16.417,V ugm-3 (GRAV EMFAB),False,False,False,False,5.589285714285714,5.191136314728716
2016-02-13,Northampton Kingsthorpe,15.417,15.417,V ugm-3 (GRAV EMFAB),False,False,False,False,7.208428571428572,6.293529530587819
2016-02-14,Northampton Kingsthorpe,3.5,3.5,V ugm-3 (GRAV EMFAB),False,False,False,False,7.440571428571429,6.090714705110362
2016-02-15,Northampton Kingsthorpe,4.708,4.708,V ugm-3 (GRAV EMFAB),False,False,False,False,7.851285714285715,5.736173513016195
2016-02-16,Northampton Kingsthorpe,9.833,9.833,V ugm-3 (GRAV EMFAB),False,False,False,False,8.791714285714287,5.384958053513065
2016-02-17,Northampton Kingsthorpe,7.292,7.292,V ugm-3 (GRAV EMFAB),False,False,False,False,9.297714285714287,4.983717612194257
2016-02-18,Northampton Kingsthorpe,9.0,9.0,V ugm-3 (GRAV EMFAB),False,False,False,False,9.452428571428571,4.950409978212
2016-02-19,Northampton Kingsthorpe,,,V ugm-3 (GRAV EMFAB),False,False,False,False,8.291666666666666,4.253231461684945
2016-02-20,Northampton Kingsthorpe,,,V ugm-3 (GRAV EMFAB),False,False,False,False,6.8666,2.716865804562308
2016-02-21,Northampton Kingsthorpe,0.667,0.667,V ugm-3 (GRAV EMFAB),False,False,False,False,6.3,3.708817399117946
2016-02-22,Northampton Kingsthorpe,2.75,2.75,V ugm-3 (GRAV EMFAB),False,False,False,False,5.9084,4.010068241314605
2016-02-23,Northampton Kingsthorpe,4.625,4.625,V ugm-3 (GRAV EMFAB),False,False,False,False,4.8668000000000005,3.3594109156219676
2016-02-24,Northampton Kingsthorpe,9.542,9.542,V ugm-3 (GRAV EMFAB),False,False,False,False,5.3168,3.876401901248118
2016-02-25,Northampton Kingsthorpe,11.417,11.417,V ugm-3 (GRAV EMFAB),False,False,False,False,5.800199999999999,4.543788804511056
2016-02-26,Northampton Kingsthorpe,15.042,15.042,V ugm-3 (GRAV EMFAB),False,False,False,False,7.3405,5.545444788292459
2016-02-27,Northampton Kingsthorpe,16.125,16.125,V ugm-3 (GRAV EMFAB),False,False,False,False,8.595428571428572,6.053969905693916
2016-02-28,Northampton Kingsthorpe,3.875,3.875,V ugm-3 (GRAV EMFAB),False,False,False,False,9.053714285714285,5.4445017437865895
2016-02-29,Northampton Kingsthorpe,5.292,5.292,V ugm-3 (GRAV EMFAB),False,False,False,False,9.416857142857141,5.022386000981716
2016-03-01,Northampton Kingsthorpe,3.333,3.333,V ugm-3 (GRAV EMFAB),False,False,False,False,9.232285714285714,5.246572268770206
2016-03-02,Northampton Kingsthorpe,4.292,4.292,V ugm-3 (GRAV EMFAB),False,False,False,False,8.482285714285714,5.560757194072454
2016-03-03,Northampton Kingsthorpe,3.958,3.958,V ugm-3 (GRAV EMFAB),False,False,False,False,7.416714285714286,5.619024817952123
2016-03-04,Northampton Kingsthorpe,15.958,15.958,V ugm-3 (GRAV EMFAB),False,False,False,False,7.547571428571429,5.832800266799897
2016-03-05,Northampton Kingsthorpe,4.542,4.542,V ugm-3 (GRAV EMFAB),False,False,False,False,5.892857142857143,4.480029331324052
2016-03-06,Northampton Kingsthorpe,4.792,4.792,V ugm-3 (GRAV EMFAB),False,False,False,False,6.0238571428571435,4.424251139216349
2016-03-07,Northampton Kingsthorpe,2.542,2.542,V ugm-3 (GRAV EMFAB),False,False,False,False,5.631,4.617924245083862
2016-03-08,Northampton Kingsthorpe,2.375,2.375,V ugm-3 (GRAV EMFAB),False,False,False,False,5.494142857142857,4.710643424861459
2016-03-09,Northampton Kingsthorpe,3.5,3.5,V ugm-3 (GRAV EMFAB),False,False,False,False,5.381,4.753644531654986
2016-03-10,Northampton Kingsthorpe,4.042,4.042,V ugm-3 (GRAV EMFAB),False,False,False,False,5.393,4.749557909251488
2016-03-11,Northampton Kingsthorpe,11.563,11.563,V ugm-3 (GRAV EMFAB),False,False,False,False,4.765142857142857,3.136878619932641
2016-03-12,Northampton Kingsthorpe,5.208,5.208,V ugm-3 (GRAV EMFAB),False,False,False,False,4.860285714285714,3.1390818569705914
2016-03-13,Northampton Kingsthorpe,32.5,32.5,V ugm-3 (GRAV EMFAB),True,True,False,False,8.818571428571428,10.904096873150365
2016-03-14,Northampton Kingsthorpe,19.917,19.917,V ugm-3 (GRAV EMFAB),False,False,False,False,11.300714285714287,11.210475067457898
2016-03-15,Northampton Kingsthorpe,10.042,10.042,V ugm-3 (GRAV EMFAB),False,False,False,False,12.396,10.548040402526587
2016-03-16,Northampton Kingsthorpe,11.083,11.083,V ugm-3 (GRAV EMFAB),False,False,False,False,13.479285714285714,9.848329261255188
2016-03-17,Northampton Kingsthorpe,23.917,23.917,V ugm-3 (GRAV EMFAB),False,False,False,False,16.318571428571428,9.534063926384217
2016-03-18,Northampton Kingsthorpe,8.5,8.5,V ugm-3 (GRAV EMFAB),False,False,False,False,15.881,9.853633576841922
2016-03-19,Northampton Kingsthorpe,3.083,3.083,V ugm-3 (GRAV EMFAB),False,False,False,False,15.577428571428571,10.26154109376596
2016-03-20,Northampton Kingsthorpe,5.958,5.958,V ugm-3 (GRAV EMFAB),False,False,False,False,11.785714285714286,7.497951447212886
2016-03-21,Northampton Kingsthorpe,14.042,14.042,V ugm-3 (GRAV EMFAB),False,False,False,False,10.946428571428571,6.725051049549553
2016-03-22,Northampton Kingsthorpe,13.75,13.75,V ugm-3 (GRAV EMFAB),False,False,False,False,11.476142857142857,6.7876813770381395
2016-03-23,Northampton Kingsthorpe,27.875,27.875,V ugm-3 (GRAV EMFAB),True,True,False,False,13.875,9.173531272089274
2016-03-24,Northampton Kingsthorpe,8.75,8.75,V ugm-3 (GRAV EMFAB),False,False,False,False,11.708285714285713,8.139239946380854
2016-03-25,Northampton Kingsthorpe,6.917,6.917,V ugm-3 (GRAV EMFAB),False,False,False,False,11.482142857142858,8.26426744945917
2016-03-26,Northampton Kingsthorpe,4.083,4.083,V ugm-3 (GRAV EMFAB),False,False,False,False,11.625,8.10192935869804
2016-03-27,Northampton Kingsthorpe,2.708,2.708,V ugm-3 (GRAV EMFAB),False,False,False,False,11.160714285714286,8.560925061274734
2016-03-28,Northampton Kingsthorpe,1.792,1.792,V ugm-3 (GRAV EMFAB),False,False,False,False,9.410714285714286,9.108330687055771
2016-03-29,Northampton Kingsthorpe,2.793,2.793,V ugm-3 (GRAV EMFAB),False,False,False,False,7.845428571428571,9.179542778322217
2016-03-30,Northampton Kingsthorpe,3.25,3.25,V ugm-3 (GRAV EMFAB),False,False,False,False,4.327571428571429,2.545945591009548
2016-03-31,Northampton Kingsthorpe,7.667,7.667,V ugm-3 (GRAV EMFAB),False,False,False,False,4.172857142857143,2.2478651671138588
2016-04-01,Northampton Kingsthorpe,3.583,3.583,V ugm-3 (GRAV EMFAB),False,False,False,False,3.696571428571428,1.895040092552389
2016-04-02,Northampton Kingsthorpe,3.458,3.458,V ugm-3 (GRAV EMFAB),False,False,False,False,3.6072857142857147,1.888511205004775
2016-04-03,Northampton Kingsthorpe,3.042,3.042,V ugm-3 (GRAV EMFAB),False,False,False,False,3.655,1.866089672729229
2016-04-04,Northampton Kingsthorpe,8.542,8.542,V ugm-3 (GRAV EMFAB),False,False,False,False,4.619285714285715,2.408208719794702
2016-04-05,Northampton Kingsthorpe,6.083,6.083,V ugm-3 (GRAV EMFAB),False,False,False,False,5.089285714285714,2.3114806015687357
2016-04-06,Northampton Kingsthorpe,12.5,12.5,V ugm-3 (GRAV EMFAB),False,False,False,False,6.410714285714286,3.44891662769077
2016-04-07,Northampton Kingsthorpe,2.458,2.458,V ugm-3 (GRAV EMFAB),False,False,False,False,5.666571428571428,3.6864529409330955
2016-04-08,Northampton Kingsthorpe,2.25,2.25,V ugm-3 (GRAV EMFAB),False,False,False,False,5.4761428571428565,3.843120712327912
2016-04-09,Northampton Kingsthorpe,2.958,2.958,V ugm-3 (GRAV EMFAB),False,False,False,False,5.404714285714286,3.891227086420841
2016-04-10,Northampton Kingsthorpe,4.542,4.542,V ugm-3 (GRAV EMFAB),False,False,False,False,5.619,3.779116254717054
2016-04-11,Northampton Kingsthorpe,11.188,11.188,V ugm-3 (GRAV EMFAB),False,False,False,False,5.997,4.226108572512856
2016-04-12,Northampton Kingsthorpe,5.708,5.708,V ugm-3 (GRAV EMFAB),False,False,False,False,5.943428571428571,4.227213379092772
2016-04-13,Northampton Kingsthorpe,9.583,9.583,V ugm-3 (GRAV EMFAB),False,False,False,False,5.526714285714286,3.5650688031829847
2016-04-14,Northampton Kingsthorpe,19.792,19.792,V ugm-3 (GRAV EMFAB),False,False,False,False,8.003,6.156510456419281
2016-04-15,Northampton Kingsthorpe,10.125,10.125,V ugm-3 (GRAV EMFAB),False,False,False,False,9.128,5.626754926243005
2016-04-16,Northampton Kingsthorpe,4.083,4.083,V ugm-3 (GRAV EMFAB),False,False,False,False,9.288714285714287,5.433914295554217
2016-04-17,Northampton Kingsthorpe,7.167,7.167,V ugm-3 (GRAV EMFAB),False,False,False,False,9.663714285714287,5.13404563394488
2016-04-18,Northampton Kingsthorpe,5.667,5.667,V ugm-3 (GRAV EMFAB),False,False,False,False,8.875000000000002,5.282776006356246
2016-04-19,Northampton Kingsthorpe,6.667,6.667,V ugm-3 (GRAV EMFAB),False,False,False,False,9.012,5.198723016280048
2016-04-20,Northampton Kingsthorpe,8.917,8.917,V ugm-3 (GRAV EMFAB),False,False,False,False,8.916857142857143,5.192622087429149
2016-04-21,Northampton Kingsthorpe,7.167,7.167,V ugm-3 (GRAV EMFAB),False,False,False,False,7.113285714285714,1.991779917083002
2016-04-22,Northampton Kingsthorpe,5.208,5.208,V ugm-3 (GRAV EMFAB),False,False,False,False,6.410857142857142,1.576333977786354
2016-04-23,Northampton Kingsthorpe,3.167,3.167,V ugm-3 (GRAV EMFAB),False,False,False,False,6.28,1.8208422044024783
2016-04-24,Northampton Kingsthorpe,3.333,3.333,V ugm-3 (GRAV EMFAB),False,False,False,False,5.732285714285714,2.0692551569977673
2016-04-25,Northampton Kingsthorpe,3.75,3.75,V ugm-3 (GRAV EMFAB),False,False,False,False,5.458428571428571,2.2019351986485827
2016-04-26,Northampton Kingsthorpe,2.125,2.125,V ugm-3 (GRAV EMFAB),False,False,False,False,4.809571428571429,2.4425090826950027
2016-04-27,Northampton Kingsthorpe,5.125,5.125,V ugm-3 (GRAV EMFAB),False,False,False,False,4.267857142857143,1.6817376359558731
2016-04-28,Northampton Kingsthorpe,4.458,4.458,V ugm-3 (GRAV EMFAB),False,False,False,False,3.880857142857143,1.1219173214593199
2016-04-29,Northampton Kingsthorpe,3.5,3.5,V ugm-3 (GRAV EMFAB),False,False,False,False,3.6368571428571426,0.9590953078416096
2016-04-30,Northampton Kingsthorpe,3.417,3.417,V ugm-3 (GRAV EMFAB),False,False,False,False,3.672571428571428,0.9432060321306267
2016-05-01,Northampton Kingsthorpe,6.0,6.0,V ugm-3 (GRAV EMFAB),False,False,False,False,4.053571428571429,1.266446058483185
2016-05-02,Northampton Kingsthorpe,3.583,3.583,V ugm-3 (GRAV EMFAB),False,False,False,False,4.029714285714286,1.274664101412034
2016-05-03,Northampton Kingsthorpe,7.667,7.667,V ugm-3 (GRAV EMFAB),False,False,False,False,4.821428571428571,1.5791792021113107
2016-05-04,Northampton Kingsthorpe,5.417,5.417,V ugm-3 (GRAV EMFAB),False,False,False,False,4.863142857142857,1.592336378676662
2016-05-05,Northampton Kingsthorpe,8.5,8.5,V ugm-3 (GRAV EMFAB),False,False,False,False,5.440571428571429,2.079336180703088
2016-05-06,Northampton Kingsthorpe,8.042,8.042,V ugm-3 (GRAV EMFAB),False,False,False,False,6.089428571428571,2.0815193855404988
2016-05-07,Northampton Kingsthorpe,2.042,2.042,V ugm-3 (GRAV EMFAB),False,False,False,False,5.893,2.4140578562522648
2016-05-08,Northampton Kingsthorpe,2.583,2.583,V ugm-3 (GRAV EMFAB),False,False,False,False,5.404857142857142,2.7154716857648196
2016-05-09,Northampton Kingsthorpe,3.25,3.25,V ugm-3 (GRAV EMFAB),False,False,False,False,5.357285714285714,2.7553319046463094
2016-05-10,Northampton Kingsthorpe,4.917,4.917,V ugm-3 (GRAV EMFAB),False,False,False,False,4.964428571428571,2.560268140719037
2016-05-11,Northampton Kingsthorpe,12.896,12.896,V ugm-3 (GRAV EMFAB),False,False,False,False,6.032857142857144,3.959041652915988
2016-05-12,Northampton Kingsthorpe,27.792,27.792,V ugm-3 (GRAV EMFAB),True,True,False,False,8.788857142857143,9.203702306292671
2016-05-13,Northampton Kingsthorpe,11.708,11.708,V ugm-3 (GRAV EMFAB),False,False,False,False,9.31257142857143,9.258261893342302
2016-05-14,Northampton Kingsthorpe,4.5,4.5,V ugm-3 (GRAV EMFAB),False,False,False,False,9.663714285714287,8.97894765018495
2016-05-15,Northampton Kingsthorpe,7.125,7.125,V ugm-3 (GRAV EMFAB),False,False,False,False,10.31257142857143,8.535127920485287
2016-05-16,Northampton Kingsthorpe,7.958,7.958,V ugm-3 (GRAV EMFAB),False,False,False,False,10.985142857142858,8.057998891961764
2016-05-17,Northampton Kingsthorpe,6.417,6.417,V ugm-3 (GRAV EMFAB),False,False,False,False,11.199428571428571,7.887883321000265
2016-05-18,Northampton Kingsthorpe,4.917,4.917,V ugm-3 (GRAV EMFAB),False,False,False,False,10.059571428571429,8.173206772887912
2016-05-19,Northampton Kingsthorpe,6.333,6.333,V ugm-3 (GRAV EMFAB),False,False,False,False,6.994,2.39694486099839
2016-05-20,Northampton Kingsthorpe,4.542,4.542,V ugm-3 (GRAV EMFAB),False,False,False,False,5.970285714285715,1.3494838166604701
2016-05-21,Northampton Kingsthorpe,1.917,1.917,V ugm-3 (GRAV EMFAB),False,False,False,False,5.601285714285714,2.010012331163298
2016-05-22,Northampton Kingsthorpe,4.125,4.125,V ugm-3 (GRAV EMFAB),False,False,False,False,5.172714285714285,1.949910144449872
2016-05-23,Northampton Kingsthorpe,4.167,4.167,V ugm-3 (GRAV EMFAB),False,False,False,False,4.631142857142857,1.5282585327283795
2016-05-24,Northampton Kingsthorpe,3.083,3.083,V ugm-3 (GRAV EMFAB),False,False,False,False,4.154857142857142,1.392418091974212
2016-05-25,Northampton Kingsthorpe,4.75,4.75,V ugm-3 (GRAV EMFAB),False,False,False,False,4.131,1.3785450059150395
2016-05-26,Northampton Kingsthorpe,6.125,6.125,V ugm-3 (GRAV EMFAB),False,False,False,False,4.101285714285715,1.3243469729500148
2016-05-27,Northampton Kingsthorpe,6.875,6.875,V ugm-3 (GRAV EMFAB),False,False,False,False,4.434571428571429,1.6953404630675937
2016-05-28,Northampton Kingsthorpe,10.875,10.875,V ugm-3 (GRAV EMFAB),False,False,False,False,5.714285714285714,2.6115879405887346
2016-05-29,Northampton Kingsthorpe,9.208,9.208,V ugm-3 (GRAV EMFAB),False,False,False,False,6.440428571428571,2.796175236350697
2016-05-30,Northampton Kingsthorpe,6.292,6.292,V ugm-3 (GRAV EMFAB),False,False,False,False,6.744,2.6178884621006904
2016-05-31,Northampton Kingsthorpe,3.333,3.333,V ugm-3 (GRAV EMFAB),False,False,False,False,6.779714285714285,2.560700146072389
2016-06-01,Northampton Kingsthorpe,10.792,10.792,V ugm-3 (GRAV EMFAB),False,False,False,False,7.642857142857143,2.7720840192035507
2016-06-02,Northampton Kingsthorpe,3.542,3.542,V ugm-3 (GRAV EMFAB),False,False,False,False,7.2738571428571435,3.1534824891734723
2016-06-03,Northampton Kingsthorpe,5.917,5.917,V ugm-3 (GRAV EMFAB),False,False,False,False,7.137,3.194202456534846
2016-06-04,Northampton Kingsthorpe,3.917,3.917,V ugm-3 (GRAV EMFAB),False,False,False,False,6.143,2.9068046603329334
2016-06-05,Northampton Kingsthorpe,10.083,10.083,V ugm-3 (GRAV EMFAB),False,False,False,False,6.268,3.0745482052923796
2016-06-06,Northampton Kingsthorpe,6.0,6.0,V ugm-3 (GRAV EMFAB),False,False,False,False,6.226285714285714,3.0761487672242325
2016-06-07,Northampton Kingsthorpe,2.489,2.489,V ugm-3 (GRAV EMFAB),False,False,False,False,6.105714285714286,3.221557269100639
2016-06-08,Northampton Kingsthorpe,1.875,1.875,V ugm-3 (GRAV EMFAB),False,False,False,False,4.831857142857143,2.794317831395901
2016-06-09,Northampton Kingsthorpe,2.958,2.958,V ugm-3 (GRAV EMFAB),False,False,False,False,4.748428571428571,2.8474596782127697
2016-06-10,Northampton Kingsthorpe,4.792,4.792,V ugm-3 (GRAV EMFAB),False,False,False,False,4.587714285714285,2.8018950559865474
2016-06-11,Northampton Kingsthorpe,10.563,10.563,V ugm-3 (GRAV EMFAB),False,False,False,False,5.537142857142858,3.56014922105667
2016-06-12,Northampton Kingsthorpe,28.25,28.25,V ugm-3 (GRAV EMFAB),True,True,False,False,8.132428571428573,9.346197816173566
2016-06-13,Northampton Kingsthorpe,3.875,3.875,V ugm-3 (GRAV EMFAB),False,False,False,False,7.828857142857144,9.460812499085746
2016-06-14,Northampton Kingsthorpe,3.542,3.542,V ugm-3 (GRAV EMFAB),False,False,False,False,7.979285714285714,9.369689673165729
2016-06-15,Northampton Kingsthorpe,0.458,0.458,V ugm-3 (GRAV EMFAB),False,False,False,False,7.776857142857142,9.537357258496213
2016-06-16,Northampton Kingsthorpe,5.417,5.417,V ugm-3 (GRAV EMFAB),False,False,False,False,8.128142857142857,9.374174015676815
2016-06-17,Northampton Kingsthorpe,5.333,5.333,V ugm-3 (GRAV EMFAB),False,False,False,False,8.205428571428572,9.344267348792744
2016-06-18,Northampton Kingsthorpe,5.125,5.125,V ugm-3 (GRAV EMFAB),False,False,False,False,7.428571428571429,9.341648156814419
2016-06-19,Northampton Kingsthorpe,5.667,5.667,V ugm-3 (GRAV EMFAB),False,False,False,False,4.202428571428571,1.8400001682194533
2016-06-20,Northampton Kingsthorpe,2.125,2.125,V ugm-3 (GRAV EMFAB),False,False,False,False,3.952428571428572,2.003522053546609
2016-06-21,Northampton Kingsthorpe,4.75,4.75,V ugm-3 (GRAV EMFAB),False,False,False,False,4.125,2.014274311011288
2016-06-22,Northampton Kingsthorpe,4.375,4.375,V ugm-3 (GRAV EMFAB),False,False,False,False,4.684571428571429,1.2088269599275188
2016-06-23,Northampton Kingsthorpe,7.292,7.292,V ugm-3 (GRAV EMFAB),False,False,False,False,4.952428571428571,1.5560406868226813
2016-06-24,Northampton Kingsthorpe,4.042,4.042,V ugm-3 (GRAV EMFAB),False,False,False,False,4.768,1.5797428060710765
2016-06-25,Northampton Kingsthorpe,3.417,3.417,V ugm-3 (GRAV EMFAB),False,False,False,False,4.524,1.6459305372139263
2016-06-26,Northampton Kingsthorpe,4.208,4.208,V ugm-3 (GRAV EMFAB),False,False,False,False,4.315571428571428,1.5675795415377216
2016-06-27,Northampton Kingsthorpe,3.792,3.792,V ugm-3 (GRAV EMFAB),False,False,False,False,4.553714285714285,1.2794773300434938
2016-06-28,Northampton Kingsthorpe,4.5,4.5,V ugm-3 (GRAV EMFAB),False,False,False,False,4.518,1.2765710582128427
2016-06-29,Northampton Kingsthorpe,4.125,4.125,V ugm-3 (GRAV EMFAB),False,False,False,False,4.482285714285714,1.2847096577678148
2016-06-30,Northampton Kingsthorpe,2.208,2.208,V ugm-3 (GRAV EMFAB),False,False,False,False,3.7560000000000002,0.7624869397788653
2016-07-01,Northampton Kingsthorpe,3.75,3.75,V ugm-3 (GRAV EMFAB),False,False,False,False,3.7142857142857144,0.7521499660497087
2016-07-02,Northampton Kingsthorpe,1.833,1.833,V ugm-3 (GRAV EMFAB),False,False,False,False,3.488,1.039775456528962
2016-07-03,Northampton Kingsthorpe,5.875,5.875,V ugm-3 (GRAV EMFAB),False,False,False,False,3.726142857142857,1.370473328035664
2016-07-04,Northampton Kingsthorpe,4.792,4.792,V ugm-3 (GRAV EMFAB),False,False,False,False,3.8689999999999998,1.4293378420326908
2016-07-05,Northampton Kingsthorpe,26.25,26.25,V ugm-3 (GRAV EMFAB),True,True,False,False,6.9761428571428565,8.613832701505395
2016-07-06,Northampton Kingsthorpe,6.292,6.292,V ugm-3 (GRAV EMFAB),False,False,False,False,7.285714285714286,8.53284709645195
2016-07-07,Northampton Kingsthorpe,3.333,3.333,V ugm-3 (GRAV EMFAB),False,False,False,False,7.446428571428571,8.431259709302887
2016-07-08,Northampton Kingsthorpe,4.083,4.083,V ugm-3 (GRAV EMFAB),False,False,False,False,7.494,8.407834322820587
2016-07-09,Northampton Kingsthorpe,7.833,7.833,V ugm-3 (GRAV EMFAB),False,False,False,False,8.351142857142857,8.03196956809829
2016-07-10,Northampton Kingsthorpe,4.667,4.667,V ugm-3 (GRAV EMFAB),False,False,False,False,8.178571428571429,8.10666772595544
2016-07-11,Northampton Kingsthorpe,,,V ugm-3 (GRAV EMFAB),False,False,False,False,8.743,8.728436583947888
2016-07-12,Northampton Kingsthorpe,17.208,17.208,V ugm-3 (GRAV EMFAB),False,False,False,False,7.236,5.147094481355467
2016-07-13,Northampton Kingsthorpe,2.292,2.292,V ugm-3 (GRAV EMFAB),False,False,False,False,6.569333333333333,5.538018442246882
2016-07-14,Northampton Kingsthorpe,3.667,3.667,V ugm-3 (GRAV EMFAB),False,False,False,False,6.625,5.500533319597284
2016-07-15,Northampton Kingsthorpe,4.292,4.292,V ugm-3 (GRAV EMFAB),False,False,False,False,6.659833333333332,5.481846018146313
2016-07-16,Northampton Kingsthorpe,4.386,4.386,V ugm-3 (GRAV EMFAB),False,False,False,False,6.085333333333332,5.514832279105739
2016-07-17,Northampton Kingsthorpe,2.708,2.708,V ugm-3 (GRAV EMFAB),False,False,False,False,5.758833333333333,5.671366199309176
2016-07-18,Northampton Kingsthorpe,3.583,3.583,V ugm-3 (GRAV EMFAB),False,False,False,False,5.4479999999999995,5.24213541094339
2016-07-19,Northampton Kingsthorpe,7.75,7.75,V ugm-3 (GRAV EMFAB),False,False,False,False,4.096857142857143,1.7843017708683124
2016-07-20,Northampton Kingsthorpe,7.75,7.75,V ugm-3 (GRAV EMFAB),False,False,False,False,4.876571428571429,2.0385722010877094
2016-07-21,Northampton Kingsthorpe,4.25,4.25,V ugm-3 (GRAV EMFAB),False,False,False,False,4.959857142857143,1.9923032256303532
2016-07-22,Northampton Kingsthorpe,7.5,7.5,V ugm-3 (GRAV EMFAB),False,False,False,False,5.418142857142857,2.173773403444749
2016-07-23,Northampton Kingsthorpe,6.208,6.208,V ugm-3 (GRAV EMFAB),False,False,False,False,5.678428571428571,2.1383817757939227
2016-07-24,Northampton Kingsthorpe,3.583,3.583,V ugm-3 (GRAV EMFAB),False,False,False,False,5.8034285714285705,1.953375698386659
2016-07-25,Northampton Kingsthorpe,3.542,3.542,V ugm-3 (GRAV EMFAB),False,False,False,False,5.797571428571429,1.961189082941155
2016-07-26,Northampton Kingsthorpe,3.75,3.75,V ugm-3 (GRAV EMFAB),False,False,False,False,5.2261428571428565,1.878493760842386
2016-07-27,Northampton Kingsthorpe,2.629,2.629,V ugm-3 (GRAV EMFAB),False,False,False,False,4.494571428571429,1.722466821852
2016-07-28,Northampton Kingsthorpe,2.958,2.958,V ugm-3 (GRAV EMFAB),False,False,False,False,4.31,1.8195293347456591
2016-07-29,Northampton Kingsthorpe,1.5,1.5,V ugm-3 (GRAV EMFAB),False,False,False,False,3.4528571428571424,1.4399806050281172
2016-07-30,Northampton Kingsthorpe,3.25,3.25,V ugm-3 (GRAV EMFAB),False,False,False,False,3.0302857142857142,0.7790632653569157
2016-07-31,Northampton Kingsthorpe,2.083,2.083,V ugm-3 (GRAV EMFAB),False,False,False,False,2.816,0.8074719809380466
2016-08-01,Northampton Kingsthorpe,4.417,4.417,V ugm-3 (GRAV EMFAB),False,False,False,False,2.9410000000000003,0.9864765582617817
2016-08-02,Northampton Kingsthorpe,4.125,4.125,V ugm-3 (GRAV EMFAB),False,False,False,False,2.994571428571429,1.046111985264625
2016-08-03,Northampton Kingsthorpe,8.667,8.667,V ugm-3 (GRAV EMFAB),False,False,False,False,3.857142857142857,2.359403132755641
2016-08-04,Northampton Kingsthorpe,7.333,7.333,V ugm-3 (GRAV EMFAB),False,False,False,False,4.482142857142857,2.6438434414422347
2016-08-05,Northampton Kingsthorpe,9.917,9.917,V ugm-3 (GRAV EMFAB),False,False,False,False,5.684571428571429,2.957000273765217
2016-08-06,Northampton Kingsthorpe,9.458,9.458,V ugm-3 (GRAV EMFAB),False,False,False,False,6.571428571428571,3.035048591436533
2016-08-07,Northampton Kingsthorpe,3.75,3.75,V ugm-3 (GRAV EMFAB),False,False,False,False,6.809571428571429,2.6672896266399113
2016-08-08,Northampton Kingsthorpe,3.208,3.208,V ugm-3 (GRAV EMFAB),False,False,False,False,6.636857142857143,2.878793464200539
2016-08-09,Northampton Kingsthorpe,6.042,6.042,V ugm-3 (GRAV EMFAB),False,False,False,False,6.910714285714286,2.6846525358219377
2016-08-10,Northampton Kingsthorpe,5.625,5.625,V ugm-3 (GRAV EMFAB),False,False,False,False,6.4761428571428565,2.597778244870748
2016-08-11,Northampton Kingsthorpe,13.146,13.146,V ugm-3 (GRAV EMFAB),False,False,False,False,7.306571428571429,3.638136421170533
2016-08-12,Northampton Kingsthorpe,8.708,8.708,V ugm-3 (GRAV EMFAB),False,False,False,False,7.133857142857143,3.520347351638812
2016-08-13,Northampton Kingsthorpe,1.458,1.458,V ugm-3 (GRAV EMFAB),False,False,False,False,5.9910000000000005,3.916374386257433
2016-08-14,Northampton Kingsthorpe,3.417,3.417,V ugm-3 (GRAV EMFAB),False,False,False,False,5.943428571428571,3.9500102049295482
2016-08-15,Northampton Kingsthorpe,4.5,4.5,V ugm-3 (GRAV EMFAB),False,False,False,False,6.128,3.829228251227647
2016-08-16,Northampton Kingsthorpe,4.875,4.875,V ugm-3 (GRAV EMFAB),False,False,False,False,5.961285714285714,3.8588856644669485
2016-08-17,Northampton Kingsthorpe,6.458,6.458,V ugm-3 (GRAV EMFAB),False,False,False,False,6.080285714285715,3.8596308422043664
2016-08-18,Northampton Kingsthorpe,7.333,7.333,V ugm-3 (GRAV EMFAB),False,False,False,False,5.249857142857143,2.456223213836732
2016-08-19,Northampton Kingsthorpe,6.958,6.958,V ugm-3 (GRAV EMFAB),False,False,False,False,4.999857142857143,2.110280189024777
2016-08-20,Northampton Kingsthorpe,3.792,3.792,V ugm-3 (GRAV EMFAB),False,False,False,False,5.333285714285714,1.5735119652426763
2016-08-21,Northampton Kingsthorpe,1.458,1.458,V ugm-3 (GRAV EMFAB),False,False,False,False,5.053428571428571,2.067731757034164
2016-08-22,Northampton Kingsthorpe,2.833,2.833,V ugm-3 (GRAV EMFAB),False,False,False,False,4.815285714285714,2.231595969576157
2016-08-23,Northampton Kingsthorpe,4.958,4.958,V ugm-3 (GRAV EMFAB),False,False,False,False,4.827142857142857,2.232186553477058
2016-08-24,Northampton Kingsthorpe,8.042,8.042,V ugm-3 (GRAV EMFAB),False,False,False,False,5.053428571428571,2.4904188307152118
2016-08-25,Northampton Kingsthorpe,9.708,9.708,V ugm-3 (GRAV EMFAB),False,False,False,False,5.392714285714286,2.9686108263117283
2016-08-26,Northampton Kingsthorpe,,,V ugm-3 (GRAV EMFAB),False,False,False,False,5.131833333333334,3.1628287602503287
2016-08-27,Northampton Kingsthorpe,5.458,5.458,V ugm-3 (GRAV EMFAB),False,False,False,False,5.4095,3.094061004569877
2016-08-28,Northampton Kingsthorpe,4.417,4.417,V ugm-3 (GRAV EMFAB),False,False,False,False,5.902666666666668,2.5210113579011515
2016-08-29,Northampton Kingsthorpe,5.083,5.083,V ugm-3 (GRAV EMFAB),False,False,False,False,6.277666666666666,2.106311531247597
2016-08-30,Northampton Kingsthorpe,5.25,5.25,V ugm-3 (GRAV EMFAB),False,False,False,False,6.326333333333333,2.07282943501548
2016-08-31,Northampton Kingsthorpe,5.0,5.0,V ugm-3 (GRAV EMFAB),False,False,False,False,5.819333333333333,1.9368254094436625
2016-09-01,Northampton Kingsthorpe,2.125,2.125,V ugm-3 (GRAV EMFAB),False,False,False,False,4.5555,1.2409017285828825
2016-09-02,Northampton Kingsthorpe,2.333,2.333,V ugm-3 (GRAV EMFAB),False,False,False,False,4.238,1.4102628596589113
2016-09-03,Northampton Kingsthorpe,2.625,2.625,V ugm-3 (GRAV EMFAB),False,False,False,False,3.833285714285714,1.408300478624944
2016-09-04,Northampton Kingsthorpe,5.5,5.5,V ugm-3 (GRAV EMFAB),False,False,False,False,3.9879999999999995,1.5367454788177093
2016-09-05,Northampton Kingsthorpe,11.375,11.375,V ugm-3 (GRAV EMFAB),False,False,False,False,4.886857142857143,3.211506781796325
2016-09-06,Northampton Kingsthorpe,4.292,4.292,V ugm-3 (GRAV EMFAB),False,False,False,False,4.75,3.2138639257649526
2016-09-07,Northampton Kingsthorpe,4.542,4.542,V ugm-3 (GRAV EMFAB),False,False,False,False,4.684571428571429,3.212587890218871
2016-09-08,Northampton Kingsthorpe,4.958,4.958,V ugm-3 (GRAV EMFAB),False,False,False,False,5.089285714285714,3.0083530219643233
2016-09-09,Northampton Kingsthorpe,3.958,3.958,V ugm-3 (GRAV EMFAB),False,False,False,False,5.321428571428571,2.8168123743659104
2016-09-10,Northampton Kingsthorpe,4.625,4.625,V ugm-3 (GRAV EMFAB),False,False,False,False,5.607142857142857,2.590027311861872
2016-09-11,Northampton Kingsthorpe,7.854,7.854,V ugm-3 (GRAV EMFAB),False,False,False,False,5.943428571428571,2.723194194149137
2016-09-12,Northampton Kingsthorpe,10.458,10.458,V ugm-3 (GRAV EMFAB),False,False,False,False,5.812428571428571,2.4239767502420975
2016-09-13,Northampton Kingsthorpe,9.417,9.417,V ugm-3 (GRAV EMFAB),False,False,False,False,6.5445714285714285,2.651508366769291
2016-09-14,Northampton Kingsthorpe,21.542,21.542,V ugm-3 (GRAV EMFAB),False,False,False,False,8.973142857142857,6.080156753148477
2016-09-15,Northampton Kingsthorpe,26.875,26.875,V ugm-3 (GRAV EMFAB),True,True,False,False,12.104142857142858,8.73253329850643
2016-09-16,Northampton Kingsthorpe,8.083,8.083,V ugm-3 (GRAV EMFAB),False,False,False,False,12.693428571428571,8.215046862457982
2016-09-17,Northampton Kingsthorpe,3.333,3.333,V ugm-3 (GRAV EMFAB),False,False,False,False,12.508857142857142,8.438024915594305
2016-09-18,Northampton Kingsthorpe,6.417,6.417,V ugm-3 (GRAV EMFAB),False,False,False,False,12.303571428571429,8.586322648203211
2016-09-19,Northampton Kingsthorpe,5.083,5.083,V ugm-3 (GRAV EMFAB),False,False,False,False,11.535714285714286,9.00881887771246
2016-09-20,Northampton Kingsthorpe,4.958,4.958,V ugm-3 (GRAV EMFAB),False,False,False,False,10.898714285714286,9.335326252364997
2016-09-21,Northampton Kingsthorpe,9.958,9.958,V ugm-3 (GRAV EMFAB),False,False,False,False,9.243857142857141,8.075946227915981
2016-09-22,Northampton Kingsthorpe,5.625,5.625,V ugm-3 (GRAV EMFAB),False,False,False,False,6.208142857142858,2.2005849547011636
2016-09-23,Northampton Kingsthorpe,3.875,3.875,V ugm-3 (GRAV EMFAB),False,False,False,False,5.607,2.1777014640824075
2016-09-24,Northampton Kingsthorpe,4.708,4.708,V ugm-3 (GRAV EMFAB),False,False,False,False,5.8034285714285705,1.9925418320278603
2016-09-25,Northampton Kingsthorpe,4.167,4.167,V ugm-3 (GRAV EMFAB),False,False,False,False,5.482,2.0574884365815196
2016-09-26,Northampton Kingsthorpe,4.167,4.167,V ugm-3 (GRAV EMFAB),False,False,False,False,5.3511428571428565,2.1154081898120305
2016-09-27,Northampton Kingsthorpe,4.083,4.083,V ugm-3 (GRAV EMFAB),False,False,False,False,5.2261428571428565,2.1677161890317844
2016-09-28,Northampton Kingsthorpe,5.708,5.708,V ugm-3 (GRAV EMFAB),False,False,False,False,4.619,0.7588717502538603
2016-09-29,Northampton Kingsthorpe,4.042,4.042,V ugm-3 (GRAV EMFAB),False,False,False,False,4.392857142857143,0.6348525888140021
2016-09-30,Northampton Kingsthorpe,4.083,4.083,V ugm-3 (GRAV EMFAB),False,False,False,False,4.422571428571429,0.6109939599109381
2016-10-01,Northampton Kingsthorpe,1.542,1.542,V ugm-3 (GRAV EMFAB),False,False,False,False,3.9702857142857146,1.2263881541999455
2016-10-02,Northampton Kingsthorpe,4.083,4.083,V ugm-3 (GRAV EMFAB),False,False,False,False,3.958285714285714,1.224552124150683
2016-10-03,Northampton Kingsthorpe,15.958,15.958,V ugm-3 (GRAV EMFAB),False,False,False,False,5.642714285714285,4.709664733796016
2016-10-04,Northampton Kingsthorpe,6.917,6.917,V ugm-3 (GRAV EMFAB),False,False,False,False,6.047571428571429,4.674922133296011
2016-10-05,Northampton Kingsthorpe,19.292,19.292,V ugm-3 (GRAV EMFAB),False,False,False,False,7.988142857142857,6.832132888748852
2016-10-06,Northampton Kingsthorpe,11.75,11.75,V ugm-3 (GRAV EMFAB),False,False,False,False,9.089285714285714,6.710193184359781
2016-10-07,Northampton Kingsthorpe,2.208,2.208,V ugm-3 (GRAV EMFAB),False,False,False,False,8.821428571428571,6.975518137437116
2016-10-08,Northampton Kingsthorpe,4.0,4.0,V ugm-3 (GRAV EMFAB),False,False,False,False,9.172571428571429,6.599748779490083
2016-10-09,Northampton Kingsthorpe,3.042,3.042,V ugm-3 (GRAV EMFAB),False,False,False,False,9.023857142857143,6.743706459323663
2016-10-10,Northampton Kingsthorpe,4.25,4.25,V ugm-3 (GRAV EMFAB),False,False,False,False,7.351285714285715,6.164283811178866
2016-10-11,Northampton Kingsthorpe,4.307,4.307,V ugm-3 (GRAV EMFAB),False,False,False,False,6.978428571428572,6.272908465699748
2016-10-12,Northampton Kingsthorpe,5.833,5.833,V ugm-3 (GRAV EMFAB),False,False,False,False,5.055714285714286,3.1598111079770628
2016-10-13,Northampton Kingsthorpe,6.125,6.125,V ugm-3 (GRAV EMFAB),False,False,False,False,4.252142857142857,1.3973939349817677
2016-10-14,Northampton Kingsthorpe,12.792,12.792,V ugm-3 (GRAV EMFAB),False,False,False,False,5.764142857142858,3.27780136822288
2016-10-15,Northampton Kingsthorpe,14.292,14.292,V ugm-3 (GRAV EMFAB),False,False,False,False,7.234428571428572,4.4524124119082025
2016-10-16,Northampton Kingsthorpe,4.75,4.75,V ugm-3 (GRAV EMFAB),False,False,False,False,7.478428571428572,4.22538033227553
2016-10-17,Northampton Kingsthorpe,4.417,4.417,V ugm-3 (GRAV EMFAB),False,False,False,False,7.502285714285714,4.204534128544465
2016-10-18,Northampton Kingsthorpe,3.292,3.292,V ugm-3 (GRAV EMFAB),False,False,False,False,7.357285714285714,4.348143730922637
2016-10-19,Northampton Kingsthorpe,4.25,4.25,V ugm-3 (GRAV EMFAB),False,False,False,False,7.131142857142857,4.479804996818918
2016-10-20,Northampton Kingsthorpe,2.75,2.75,V ugm-3 (GRAV EMFAB),False,False,False,False,6.649,4.777844248891609
2016-10-21,Northampton Kingsthorpe,4.833,4.833,V ugm-3 (GRAV EMFAB),False,False,False,False,5.512,3.947125494162385
2016-10-22,Northampton Kingsthorpe,5.542,5.542,V ugm-3 (GRAV EMFAB),False,False,False,False,4.262,0.9533972589290127
2016-10-23,Northampton Kingsthorpe,2.667,2.667,V ugm-3 (GRAV EMFAB),False,False,False,False,3.964428571428571,1.0908588141372753
2016-10-24,Northampton Kingsthorpe,5.875,5.875,V ugm-3 (GRAV EMFAB),False,False,False,False,4.172714285714285,1.3090466905711433
2016-10-25,Northampton Kingsthorpe,15.375,15.375,V ugm-3 (GRAV EMFAB),False,False,False,False,5.8988571428571435,4.36157813291517
2016-10-26,Northampton Kingsthorpe,10.417,10.417,V ugm-3 (GRAV EMFAB),False,False,False,False,6.779857142857144,4.589879098936822
2016-10-27,Northampton Kingsthorpe,6.708,6.708,V ugm-3 (GRAV EMFAB),False,False,False,False,7.345285714285715,4.241253537744296
2016-10-28,Northampton Kingsthorpe,4.583,4.583,V ugm-3 (GRAV EMFAB),False,False,False,False,7.309571428571429,4.266909570838621
2016-10-29,Northampton Kingsthorpe,8.583,8.583,V ugm-3 (GRAV EMFAB),False,False,False,False,7.744,4.211399569422647
2016-10-30,Northampton Kingsthorpe,16.25,16.25,V ugm-3 (GRAV EMFAB),False,False,False,False,9.68442857142857,4.59410099501315
2016-10-31,Northampton Kingsthorpe,21.625,21.625,V ugm-3 (GRAV EMFAB),False,False,False,False,11.93442857142857,6.045143832232675
2016-11-01,Northampton Kingsthorpe,4.625,4.625,V ugm-3 (GRAV EMFAB),False,False,False,False,10.398714285714286,6.381534160223158
2016-11-02,Northampton Kingsthorpe,6.292,6.292,V ugm-3 (GRAV EMFAB),False,False,False,False,9.80942857142857,6.5673159625817314
2016-11-03,Northampton Kingsthorpe,34.25,34.25,V ugm-3 (GRAV EMFAB),True,True,False,False,13.744,11.091547382278682
2016-11-04,Northampton Kingsthorpe,27.292,27.292,V ugm-3 (GRAV EMFAB),True,True,False,False,16.988142857142858,11.284854768354656
2016-11-05,Northampton Kingsthorpe,25.75,25.75,V ugm-3 (GRAV EMFAB),True,True,False,False,19.440571428571428,11.01597745484775
2016-11-06,Northampton Kingsthorpe,6.958,6.958,V ugm-3 (GRAV EMFAB),False,False,False,False,18.113142857142858,11.982006877377573
2016-11-07,Northampton Kingsthorpe,1.25,1.25,V ugm-3 (GRAV EMFAB),False,False,False,False,15.202428571428571,13.379945040459399
2016-11-08,Northampton Kingsthorpe,3.75,3.75,V ugm-3 (GRAV EMFAB),False,False,False,False,15.077428571428571,13.498792079999136
2016-11-09,Northampton Kingsthorpe,4.333,4.333,V ugm-3 (GRAV EMFAB),False,False,False,False,14.797571428571429,13.729621721629748
2016-11-10,Northampton Kingsthorpe,3.833,3.833,V ugm-3 (GRAV EMFAB),False,False,False,False,10.452285714285713,11.110575813375373
2016-11-11,Northampton Kingsthorpe,10.979,10.979,V ugm-3 (GRAV EMFAB),False,False,False,False,8.121857142857143,8.360168846551913
2016-11-12,Northampton Kingsthorpe,3.833,3.833,V ugm-3 (GRAV EMFAB),False,False,False,False,4.990857142857143,3.119168875869114
2016-11-13,Northampton Kingsthorpe,7.146,7.146,V ugm-3 (GRAV EMFAB),False,False,False,False,5.017714285714286,3.1396716237151328
2016-11-14,Northampton Kingsthorpe,8.729,8.729,V ugm-3 (GRAV EMFAB),False,False,False,False,6.086142857142858,2.907817648373184
2016-11-15,Northampton Kingsthorpe,4.688,4.688,V ugm-3 (GRAV EMFAB),False,False,False,False,6.220142857142858,2.801903188225915
2016-11-16,Northampton Kingsthorpe,4.146,4.146,V ugm-3 (GRAV EMFAB),False,False,False,False,6.193428571428571,2.823701285968653
2016-11-17,Northampton Kingsthorpe,2.667,2.667,V ugm-3 (GRAV EMFAB),False,False,False,False,6.026857142857142,3.0141219522204508
2016-11-18,Northampton Kingsthorpe,3.167,3.167,V ugm-3 (GRAV EMFAB),False,False,False,False,4.910857142857142,2.215342669398407
2016-11-19,Northampton Kingsthorpe,1.958,1.958,V ugm-3 (GRAV EMFAB),False,False,False,False,4.643,2.466502787348947
2016-11-20,Northampton Kingsthorpe,5.417,5.417,V ugm-3 (GRAV EMFAB),False,False,False,False,4.396,2.251252244122546
2016-11-21,Northampton Kingsthorpe,3.333,3.333,V ugm-3 (GRAV EMFAB),False,False,False,False,3.625142857142857,1.1975220844966907
2016-11-22,Northampton Kingsthorpe,5.0,5.0,V ugm-3 (GRAV EMFAB),False,False,False,False,3.669714285714286,1.2484000045773496
2016-11-23,Northampton Kingsthorpe,8.125,8.125,V ugm-3 (GRAV EMFAB),False,False,False,False,4.238142857142857,2.1099747572401464
2016-11-24,Northampton Kingsthorpe,2.083,2.083,V ugm-3 (GRAV EMFAB),False,False,False,False,4.154714285714285,2.1923879457710136
2016-11-25,Northampton Kingsthorpe,1.5,1.5,V ugm-3 (GRAV EMFAB),False,False,False,False,3.916571428571429,2.398413840933441
2016-11-26,Northampton Kingsthorpe,3.875,3.875,V ugm-3 (GRAV EMFAB),False,False,False,False,4.190428571428572,2.2418398587724977
2016-11-27,Northampton Kingsthorpe,6.042,6.042,V ugm-3 (GRAV EMFAB),False,False,False,False,4.279714285714285,2.3102348880785644
2016-11-28,Northampton Kingsthorpe,3.875,3.875,V ugm-3 (GRAV EMFAB),False,False,False,False,4.357142857142857,2.2821287889871478
2016-11-29,Northampton Kingsthorpe,14.125,14.125,V ugm-3 (GRAV EMFAB),False,False,False,False,5.660714285714286,4.365610866544948
2016-11-30,Northampton Kingsthorpe,18.75,18.75,V ugm-3 (GRAV EMFAB),False,False,False,False,7.178571428571429,6.626723847602298
2016-12-01,Northampton Kingsthorpe,1.125,1.125,V ugm-3 (GRAV EMFAB),False,False,False,False,7.041714285714286,6.758088776034387
2016-12-02,Northampton Kingsthorpe,10.583,10.583,V ugm-3 (GRAV EMFAB),False,False,False,False,8.339285714285714,6.378020192146508
2016-12-03,Northampton Kingsthorpe,47.833,47.833,V ugm-3 (GRAV EMFAB),True,True,False,False,14.619,15.852732624587677
2016-12-04,Northampton Kingsthorpe,10.583,10.583,V ugm-3 (GRAV EMFAB),False,False,False,False,15.267714285714286,15.532939974071072
2016-12-05,Northampton Kingsthorpe,19.75,19.75,V ugm-3 (GRAV EMFAB),False,False,False,False,17.535571428571426,14.730512888300282
2016-12-06,Northampton Kingsthorpe,4.708,4.708,V ugm-3 (GRAV EMFAB),False,False,False,False,16.190285714285714,15.503623745373048
2016-12-07,Northampton Kingsthorpe,3.708,3.708,V ugm-3 (GRAV EMFAB),False,False,False,False,14.04142857142857,16.119896121017057
2016-12-08,Northampton Kingsthorpe,4.042,4.042,V ugm-3 (GRAV EMFAB),False,False,False,False,14.458142857142857,15.764121684261076
2016-12-09,Northampton Kingsthorpe,4.667,4.667,V ugm-3 (GRAV EMFAB),False,False,False,False,13.613,16.160110746320186
2016-12-10,Northampton Kingsthorpe,3.125,3.125,V ugm-3 (GRAV EMFAB),False,False,False,False,7.2261428571428565,6.05999464874822
2016-12-11,Northampton Kingsthorpe,6.604,6.604,V ugm-3 (GRAV EMFAB),False,False,False,False,6.6577142857142855,5.876478614337148
2016-12-12,Northampton Kingsthorpe,5.583,5.583,V ugm-3 (GRAV EMFAB),False,False,False,False,4.633857142857143,1.174243505208257
2016-12-13,Northampton Kingsthorpe,6.333,6.333,V ugm-3 (GRAV EMFAB),False,False,False,False,4.8660000000000005,1.340239033406589
2016-12-14,Northampton Kingsthorpe,12.625,12.625,V ugm-3 (GRAV EMFAB),False,False,False,False,6.139857142857143,3.116610788905755
2016-12-15,Northampton Kingsthorpe,20.25,20.25,V ugm-3 (GRAV EMFAB),False,False,False,False,8.455285714285713,5.992303917367272
2016-12-16,Northampton Kingsthorpe,22.875,22.875,V ugm-3 (GRAV EMFAB),False,False,False,False,11.05642857142857,7.763822938414264
2016-12-17,Northampton Kingsthorpe,13.375,13.375,V ugm-3 (GRAV EMFAB),False,False,False,False,12.520714285714286,6.941673254441499
2016-12-18,Northampton Kingsthorpe,11.875,11.875,V ugm-3 (GRAV EMFAB),False,False,False,False,13.273714285714286,6.462215066943255
2016-12-19,Northampton Kingsthorpe,12.167,12.167,V ugm-3 (GRAV EMFAB),False,False,False,False,14.214285714285714,5.574440920076954
2016-12-20,Northampton Kingsthorpe,22.292,22.292,V ugm-3 (GRAV EMFAB),False,False,False,False,16.494142857142858,5.053000970663235
2016-12-21,Northampton Kingsthorpe,7.5,7.5,V ugm-3 (GRAV EMFAB),False,False,False,False,15.762,5.991229979450503
2016-12-22,Northampton Kingsthorpe,5.208,5.208,V ugm-3 (GRAV EMFAB),False,False,False,False,13.613142857142858,6.761295276019503
2016-12-23,Northampton Kingsthorpe,3.5,3.5,V ugm-3 (GRAV EMFAB),False,False,False,False,10.845285714285714,6.286985385548079
2016-12-24,Northampton Kingsthorpe,4.375,4.375,V ugm-3 (GRAV EMFAB),False,False,False,False,9.559571428571429,6.596095129118504
2016-12-25,Northampton Kingsthorpe,2.0,2.0,V ugm-3 (GRAV EMFAB),False,False,False,False,8.148857142857143,7.058162329968787
2016-12-26,Northampton Kingsthorpe,3.75,3.75,V ugm-3 (GRAV EMFAB),False,False,False,False,6.946428571428571,6.976025178116421
2016-12-27,Northampton Kingsthorpe,12.042,12.042,V ugm-3 (GRAV EMFAB),False,False,False,False,5.482142857142857,3.3530811914104417
2016-12-28,Northampton Kingsthorpe,21.917,21.917,V ugm-3 (GRAV EMFAB),False,False,False,False,7.541714285714286,7.1156969842334155
2016-12-29,Northampton Kingsthorpe,17.5,17.5,V ugm-3 (GRAV EMFAB),False,False,False,False,9.297714285714287,7.915547374508926
2016-12-30,Northampton Kingsthorpe,12.583,12.583,V ugm-3 (GRAV EMFAB),False,False,False,False,10.595285714285714,7.542425686614031
2017-01-01,Northampton Kingsthorpe,5.08,5.08,V ugm-3 (GRAV EMFAB),False,False,False,False,10.696,7.449659164462933
2017-01-02,Northampton Kingsthorpe,3.5,3.5,V ugm-3 (GRAV EMFAB),False,False,False,False,10.910285714285715,7.174318799586142
2017-01-03,Northampton Kingsthorpe,3.92,3.92,V ugm-3 (GRAV EMFAB),False,False,False,False,10.934571428571429,7.146273804278295
2017-01-04,Northampton Kingsthorpe,,,,False,False,False,False,10.75,7.810052214934283
2017-01-05,Northampton Kingsthorpe,,,,False,False,False,False,8.5166,6.231819782374962
2017-01-06,Northampton Kingsthorpe,,,,False,False,False,False,6.27075,4.260886713271466
2017-01-07,Northampton Kingsthorpe,,,,False,False,False,False,4.166666666666666,0.8183723683833908
2017-01-08,Northampton Kingsthorpe,,,,False,False,False,False,3.709999999999999,0.2969848480988055
2017-01-09,Northampton Kingsthorpe,,,,False,False,False,False,3.92,
2017-01-10,Northampton Kingsthorpe,,,,False,False,False,False,,
2017-01-11,Northampton Kingsthorpe,,,,False,False,False,False,,
2017-01-12,Northampton Kingsthorpe,,,,False,False,False,False,,
2017-01-13,Northampton Kingsthorpe,5.04,5.04,V ugm-3 (GRAV EMFAB),False,False,False,False,5.04,
2017-01-14,Northampton Kingsthorpe,4.88,4.88,V ugm-3 (GRAV EMFAB),False,False,False,False,4.96,0.1131370849898477
2017-01-15,Northampton Kingsthorpe,4.63,4.63,V ugm-3 (GRAV EMFAB),False,False,False,False,4.8500000000000005,0.2066397831977182
2017-01-16,Northampton Kingsthorpe,9.17,9.17,V ugm-3 (GRAV EMFAB),False,False,False,False,5.93,2.16657948542551
2017-01-17,Northampton Kingsthorpe,13.38,13.38,V ugm-3 (GRAV EMFAB),False,False,False,False,7.42,3.8237481611633375
2017-01-18,Northampton Kingsthorpe,27.38,27.38,V ugm-3 (GRAV EMFAB),True,True,False,False,10.746666666666664,8.837256738754775
2017-01-19,Northampton Kingsthorpe,23.42,23.42,V ugm-3 (GRAV EMFAB),False,False,False,False,12.557142857142859,9.382200726705356
2017-01-20,Northampton Kingsthorpe,16.13,16.13,V ugm-3 (GRAV EMFAB),False,False,False,False,14.141428571428571,8.82083032480773
2017-01-21,Northampton Kingsthorpe,12.17,12.17,V ugm-3 (GRAV EMFAB),False,False,False,False,15.182857142857143,7.930560539847767
2017-01-22,Northampton Kingsthorpe,43.75,43.75,V ugm-3 (GRAV EMFAB),True,True,False,False,20.771428571428572,11.996226390788383
2017-01-23,Northampton Kingsthorpe,44.79,44.79,V ugm-3 (GRAV EMFAB),True,True,False,False,25.860000000000003,13.690023131219805
2017-01-24,Northampton Kingsthorpe,27.21,27.21,V ugm-3 (GRAV EMFAB),True,True,False,False,27.835714285714285,12.538263911114724
2017-01-25,Northampton Kingsthorpe,10.67,10.67,V ugm-3 (GRAV EMFAB),False,False,False,False,25.448571428571427,14.129244410761942
2017-01-26,Northampton Kingsthorpe,35.04,35.04,V ugm-3 (GRAV EMFAB),True,True,False,False,27.108571428571427,14.528159356426205
2017-01-27,Northampton Kingsthorpe,38.38,38.38,V ugm-3 (GRAV EMFAB),True,True,False,False,30.28714285714286,14.15507766879164
2017-01-28,Northampton Kingsthorpe,9.13,9.13,V ugm-3 (GRAV EMFAB),False,False,False,False,29.852857142857143,14.83391914306051
2017-01-29,Northampton Kingsthorpe,4.21,4.21,V ugm-3 (GRAV EMFAB),False,False,False,False,24.204285714285714,16.131501125792
2017-01-30,Northampton Kingsthorpe,6.88,6.88,V ugm-3 (GRAV EMFAB),False,False,False,False,18.78857142857143,14.331791500682936
2017-01-31,Northampton Kingsthorpe,10.08,10.08,V ugm-3 (GRAV EMFAB),False,False,False,False,16.341428571428573,14.115007885901008
2017-02-01,Northampton Kingsthorpe,4.79,4.79,V ugm-3 (GRAV EMFAB),False,False,False,False,15.501428571428573,14.672717799339276
2017-02-02,Northampton Kingsthorpe,5.88,5.88,V ugm-3 (GRAV EMFAB),False,False,False,False,11.335714285714287,12.118001563985786
2017-02-03,Northampton Kingsthorpe,4.63,4.63,V ugm-3 (GRAV EMFAB),False,False,False,False,6.514285714285714,2.306721028811659
2017-02-04,Northampton Kingsthorpe,,,,False,False,False,False,6.078333333333333,2.1883090884668652
2017-02-05,Northampton Kingsthorpe,,,,False,False,False,False,6.452,2.222311859303284
2017-02-06,Northampton Kingsthorpe,,,,False,False,False,False,6.345000000000001,2.5511892651598185
2017-02-07,Northampton Kingsthorpe,,,,False,False,False,False,5.1000000000000005,0.6802205524681335
2017-02-08,Northampton Kingsthorpe,,,,False,False,False,False,5.255000000000001,0.8838834764832426
2017-02-09,Northampton Kingsthorpe,,,,False,False,False,False,4.63,
2017-02-10,Northampton Kingsthorpe,,,,False,False,False,False,,
2017-02-11,Northampton Kingsthorpe,,,,False,False,False,False,,
2017-02-12,Northampton Kingsthorpe,,,,False,False,False,False,,
2017-02-13,Northampton Kingsthorpe,48.71,48.71,V ugm-3 (GRAV EMFAB),True,True,False,False,48.71,
2017-02-14,Northampton Kingsthorpe,32.08,32.08,V ugm-3 (GRAV EMFAB),True,True,False,False,40.394999999999996,11.759185771132286
2017-02-15,Northampton Kingsthorpe,15.17,15.17,V ugm-3 (GRAV EMFAB),False,False,False,False,31.986666666666665,16.77019479115652
2017-02-16,Northampton Kingsthorpe,5.04,5.04,V ugm-3 (GRAV EMFAB),False,False,False,False,25.25,19.209988721148868
2017-02-17,Northampton Kingsthorpe,5.83,5.83,V ugm-3 (GRAV EMFAB),False,False,False,False,21.366,18.766859886512712
2017-02-18,Northampton Kingsthorpe,17.46,17.46,V ugm-3 (GRAV EMFAB),False,False,False,False,20.715,16.8611633643708
2017-02-19,Northampton Kingsthorpe,7.67,7.67,V ugm-3 (GRAV EMFAB),False,False,False,False,18.851428571428574,16.162486843069075
2017-02-20,Northampton Kingsthorpe,1.88,1.88,V ugm-3 (GRAV EMFAB),False,False,False,False,12.161428571428571,10.412798900986273
2017-02-21,Northampton Kingsthorpe,1.58,1.58,V ugm-3 (GRAV EMFAB),False,False,False,False,7.804285714285714,6.230069173352886
2017-02-22,Northampton Kingsthorpe,0.13,0.13,V ugm-3 (GRAV EMFAB),False,False,False,False,5.655714285714285,5.8482044456478475
2017-02-23,Northampton Kingsthorpe,2.0,2.0,V ugm-3 (GRAV EMFAB),False,False,False,False,5.221428571428571,6.012125050183806
2017-02-24,Northampton Kingsthorpe,5.04,5.04,V ugm-3 (GRAV EMFAB),False,False,False,False,5.1085714285714285,6.006209088855268
2017-02-25,Northampton Kingsthorpe,4.67,4.67,V ugm-3 (GRAV EMFAB),False,False,False,False,3.281428571428571,2.6048891759626973
2017-02-26,Northampton Kingsthorpe,2.67,2.67,V ugm-3 (GRAV EMFAB),False,False,False,False,2.567142857142857,1.7443022892235385
2017-02-27,Northampton Kingsthorpe,2.42,2.42,V ugm-3 (GRAV EMFAB),False,False,False,False,2.6442857142857146,1.7206283459137552
2017-02-28,Northampton Kingsthorpe,3.54,3.54,V ugm-3 (GRAV EMFAB),False,False,False,False,2.924285714285714,1.6775066531696894
2017-03-01,Northampton Kingsthorpe,4.63,4.63,V ugm-3 (GRAV EMFAB),False,False,False,False,3.567142857142857,1.2310390500943282
2017-03-02,Northampton Kingsthorpe,5.71,5.71,V ugm-3 (GRAV EMFAB),False,False,False,False,4.097142857142857,1.2424668243151662
2017-03-03,Northampton Kingsthorpe,7.17,7.17,V ugm-3 (GRAV EMFAB),False,False,False,False,4.401428571428572,1.6915321316430727
2017-03-04,Northampton Kingsthorpe,,,,False,False,False,False,4.3566666666666665,1.8484335710721855
2017-03-05,Northampton Kingsthorpe,,,,False,False,False,False,4.694000000000001,1.8486292218830709
2017-03-06,Northampton Kingsthorpe,,,,False,False,False,False,5.2625,1.5498252589673926
2017-03-07,Northampton Kingsthorpe,,,,False,False,False,False,5.836666666666667,1.274728729311987
2017-03-08,Northampton Kingsthorpe,,,,False,False,False,False,6.440000000000001,1.0323759005323794
2017-03-09,Northampton Kingsthorpe,,,,False,False,False,False,7.17,
2017-03-10,Northampton Kingsthorpe,,,,False,False,False,False,,
2017-03-11,Northampton Kingsthorpe,,,,False,False,False,False,,
2017-03-12,Northampton Kingsthorpe,,,,False,False,False,False,,
2017-03-13,Northampton Kingsthorpe,7.21,7.21,V ugm-3 (GRAV EMFAB),False,False,False,False,7.21,
2017-03-14,Northampton Kingsthorpe,5.46,5.46,V ugm-3 (GRAV EMFAB),False,False,False,False,6.335,1.2374368670764582
2017-03-15,Northampton Kingsthorpe,8.92,8.92,V ugm-3 (GRAV EMFAB),False,False,False,False,7.196666666666666,1.7300385352162921
2017-03-16,Northampton Kingsthorpe,7.83,7.83,V ugm-3 (GRAV EMFAB),False,False,False,False,7.355,1.4476302474504095
2017-03-17,Northampton Kingsthorpe,4.17,4.17,V ugm-3 (GRAV EMFAB),False,False,False,False,6.718000000000001,1.8975167983446155
2017-03-18,Northampton Kingsthorpe,2.17,2.17,V ugm-3 (GRAV EMFAB),False,False,False,False,5.96,2.5155198269940153
2017-03-19,Northampton Kingsthorpe,3.13,3.13,V ugm-3 (GRAV EMFAB),False,False,False,False,5.555714285714286,2.5332446726340057
2017-03-20,Northampton Kingsthorpe,2.0,2.0,V ugm-3 (GRAV EMFAB),False,False,False,False,4.811428571428571,2.7243557560851492
2017-03-21,Northampton Kingsthorpe,3.33,3.33,V ugm-3 (GRAV EMFAB),False,False,False,False,4.507142857142857,2.7585788266528004
2017-03-22,Northampton Kingsthorpe,,,V ugm-3 (GRAV EMFAB),False,False,False,False,3.7716666666666665,2.1419469336719494
2017-03-23,Northampton Kingsthorpe,,,V ugm-3 (GRAV EMFAB),False,False,False,False,2.96,0.8910106621135344
2017-03-24,Northampton Kingsthorpe,,,V ugm-3 (GRAV EMFAB),False,False,False,False,2.6574999999999998,0.6696952043031705
2017-03-25,Northampton Kingsthorpe,,,V ugm-3 (GRAV EMFAB),False,False,False,False,2.82,0.7171471257698786
2017-03-26,Northampton Kingsthorpe,,,V ugm-3 (GRAV EMFAB),False,False,False,False,2.6649999999999996,0.9404520189781062
2017-03-27,Northampton Kingsthorpe,,,V ugm-3 (GRAV EMFAB),False,False,False,False,3.33,
2017-03-28,Northampton Kingsthorpe,,,,False,False,False,False,,
2017-03-29,Northampton Kingsthorpe,,,,False,False,False,False,,
2017-03-30,Northampton Kingsthorpe,,,,False,False,False,False,,
2017-03-31,Northampton Kingsthorpe,,,,False,False,False,False,,
2017-04-01,Northampton Kingsthorpe,4.42,4.42,V ugm-3 (GRAV EMFAB),False,False,False,False,4.42,
2017-04-02,Northampton Kingsthorpe,5.67,5.67,V ugm-3 (GRAV EMFAB),False,False,False,False,5.045,0.8838834764831844
2017-04-03,Northampton Kingsthorpe,4.67,4.67,V ugm-3 (GRAV EMFAB),False,False,False,False,4.92,0.6614378277661477
2017-04-04,Northampton Kingsthorpe,,,,False,False,False,False,4.92,0.6614378277661477
2017-04-05,Northampton Kingsthorpe,,,,False,False,False,False,4.92,0.6614378277661477
2017-04-06,Northampton Kingsthorpe,,,,False,False,False,False,4.92,0.6614378277661477
2017-04-07,Northampton Kingsthorpe,,,,False,False,False,False,4.92,0.6614378277661477
2017-04-08,Northampton Kingsthorpe,,,,False,False,False,False,5.17,0.7071067811865476
2017-04-09,Northampton Kingsthorpe,,,,False,False,False,False,4.67,
2017-04-10,Northampton Kingsthorpe,,,,False,False,False,False,,
2017-04-11,Northampton Kingsthorpe,,,,False,False,False,False,,
2017-04-12,Northampton Kingsthorpe,,,,False,False,False,False,,
2017-04-13,Northampton Kingsthorpe,,,,False,False,False,False,,
2017-04-14,Northampton Kingsthorpe,,,,False,False,False,False,,
2017-04-15,Northampton Kingsthorpe,,,,False,False,False,False,,
2017-04-16,Northampton Kingsthorpe,,,,False,False,False,False,,
2017-04-17,Northampton Kingsthorpe,,,,False,False,False,False,,
2017-04-18,Northampton Kingsthorpe,,,,False,False,False,False,,
2017-04-19,Northampton Kingsthorpe,,,,False,False,False,False,,
2017-04-20,Northampton Kingsthorpe,,,,False,False,False,False,,
2017-04-21,Northampton Kingsthorpe,,,,False,False,False,False,,
2017-04-22,Northampton Kingsthorpe,,,,False,False,False,False,,
2017-04-23,Northampton Kingsthorpe,,,,False,False,False,False,,
2017-04-24,Northampton Kingsthorpe,,,,False,False,False,False,,
2017-04-25,Northampton Kingsthorpe,,,,False,False,False,False,,
2017-04-26,Northampton Kingsthorpe,,,,False,False,False,False,,
2017-04-27,Northampton Kingsthorpe,,,,False,False,False,False,,
2017-04-28,Northampton Kingsthorpe,,,,False,False,False,False,,
2017-04-29,Northampton Kingsthorpe,,,,False,False,False,False,,
2017-04-30,Northampton Kingsthorpe,,,,False,False,False,False,,
2017-05-01,Northampton Kingsthorpe,13.29,13.29,V ugm-3 (GRAV EMFAB),False,False,False,False,13.29,
2017-05-02,Northampton Kingsthorpe,14.29,14.29,V ugm-3 (GRAV EMFAB),False,False,False,False,13.79,0.7071067811865476
2017-05-03,Northampton Kingsthorpe,2.88,2.88,V ugm-3 (GRAV EMFAB),False,False,False,False,10.153333333333332,6.318705036107741
2017-05-04,Northampton Kingsthorpe,,,,False,False,False,False,10.153333333333332,6.318705036107741
2017-05-05,Northampton Kingsthorpe,,,,False,False,False,False,10.153333333333332,6.318705036107741
2017-05-06,Northampton Kingsthorpe,,,,False,False,False,False,10.153333333333332,6.318705036107741
2017-05-07,Northampton Kingsthorpe,,,,False,False,False,False,10.153333333333332,6.318705036107741
2017-05-08,Northampton Kingsthorpe,,,,False,False,False,False,8.584999999999999,8.068088373338506
2017-05-09,Northampton Kingsthorpe,,,,False,False,False,False,2.88,
2017-05-10,Northampton Kingsthorpe,,,,False,False,False,False,,
2017-05-11,Northampton Kingsthorpe,,,,False,False,False,False,,
2017-05-12,Northampton Kingsthorpe,,,,False,False,False,False,,
2017-05-13,Northampton Kingsthorpe,,,,False,False,False,False,,
2017-05-14,Northampton Kingsthorpe,,,,False,False,False,False,,
2017-05-15,Northampton Kingsthorpe,,,,False,False,False,False,,
2017-05-16,Northampton Kingsthorpe,,,,False,False,False,False,,
2017-05-17,Northampton Kingsthorpe,,,,False,False,False,False,,
2017-05-18,Northampton Kingsthorpe,,,,False,False,False,False,,
2017-05-19,Northampton Kingsthorpe,,,,False,False,False,False,,
2017-05-20,Northampton Kingsthorpe,,,,False,False,False,False,,
2017-05-21,Northampton Kingsthorpe,,,,False,False,False,False,,
2017-05-22,Northampton Kingsthorpe,,,,False,False,False,False,,
2017-05-23,Northampton Kingsthorpe,,,,False,False,False,False,,
2017-05-24,Northampton Kingsthorpe,,,,False,False,False,False,,
2017-05-25,Northampton Kingsthorpe,,,,False,False,False,False,,
2017-05-26,Northampton Kingsthorpe,,,,False,False,False,False,,
2017-05-27,Northampton Kingsthorpe,,,,False,False,False,False,,
2017-05-28,Northampton Kingsthorpe,,,,False,False,False,False,,
2017-05-29,Northampton Kingsthorpe,,,,False,False,False,False,,
2017-05-30,Northampton Kingsthorpe,,,,False,False,False,False,,
2017-05-31,Northampton Kingsthorpe,,,,False,False,False,False,,
2017-06-01,Northampton Kingsthorpe,13.54,13.54,V ugm-3 (GRAV EMFAB),False,False,False,False,13.54,
2017-06-02,Northampton Kingsthorpe,15.88,15.88,V ugm-3 (GRAV EMFAB),False,False,False,False,14.71,1.6546298679765217
2017-06-03,Northampton Kingsthorpe,4.96,4.96,V ugm-3 (GRAV EMFAB),False,False,False,False,11.46,5.749469540748955
2017-06-04,Northampton Kingsthorpe,,,,False,False,False,False,11.46,5.749469540748955
2017-06-05,Northampton Kingsthorpe,,,,False,False,False,False,11.46,5.749469540748955
2017-06-06,Northampton Kingsthorpe,,,,False,False,False,False,11.46,5.749469540748955
2017-06-07,Northampton Kingsthorpe,,,,False,False,False,False,11.46,5.749469540748955
2017-06-08,Northampton Kingsthorpe,,,,False,False,False,False,10.420000000000002,7.7216060505571
2017-06-09,Northampton Kingsthorpe,,,,False,False,False,False,4.96,
2017-06-10,Northampton Kingsthorpe,,,,False,False,False,False,,
2017-06-11,Northampton Kingsthorpe,,,,False,False,False,False,,
2017-06-12,Northampton Kingsthorpe,,,,False,False,False,False,,
2017-06-13,Northampton Kingsthorpe,,,,False,False,False,False,,
2017-06-14,Northampton Kingsthorpe,,,,False,False,False,False,,
2017-06-15,Northampton Kingsthorpe,,,,False,False,False,False,,
2017-06-16,Northampton Kingsthorpe,,,,False,False,False,False,,
2017-06-17,Northampton Kingsthorpe,,,,False,False,False,False,,
2017-06-18,Northampton Kingsthorpe,,,,False,False,False,False,,
2017-06-19,Northampton Kingsthorpe,,,,False,False,False,False,,
2017-06-20,Northampton Kingsthorpe,,,,False,False,False,False,,
2017-06-21,Northampton Kingsthorpe,,,,False,False,False,False,,
2017-06-22,Northampton Kingsthorpe,,,,False,False,False,False,,
2017-06-23,Northampton Kingsthorpe,,,,False,False,False,False,,
2017-06-24,Northampton Kingsthorpe,,,,False,False,False,False,,
2017-06-25,Northampton Kingsthorpe,,,,False,False,False,False,,
2017-06-26,Northampton Kingsthorpe,,,,False,False,False,False,,
2017-06-27,Northampton Kingsthorpe,,,,False,False,False,False,,
2017-06-28,Northampton Kingsthorpe,,,,False,False,False,False,,
2017-06-29,Northampton Kingsthorpe,,,,False,False,False,False,,
2017-06-30,Northampton Kingsthorpe,,,,False,False,False,False,,
2017-07-01,Northampton Kingsthorpe,7.71,7.71,V ugm-3 (GRAV EMFAB),False,False,False,False,7.71,
2017-07-02,Northampton Kingsthorpe,6.5,6.5,V ugm-3 (GRAV EMFAB),False,False,False,False,7.105,0.8555992052357229
2017-07-03,Northampton Kingsthorpe,3.83,3.83,V ugm-3 (GRAV EMFAB),False,False,False,False,6.013333333333333,1.9852539719978737
2017-07-04,Northampton Kingsthorpe,,,,False,False,False,False,6.013333333333333,1.9852539719978737
2017-07-05,Northampton Kingsthorpe,,,,False,False,False,False,6.013333333333333,1.9852539719978737
2017-07-06,Northampton Kingsthorpe,,,,False,False,False,False,6.013333333333333,1.9852539719978737
2017-07-07,Northampton Kingsthorpe,,,,False,False,False,False,6.013333333333333,1.9852539719978737
2017-07-08,Northampton Kingsthorpe,,,,False,False,False,False,5.164999999999999,1.8879751057680831
2017-07-09,Northampton Kingsthorpe,,,,False,False,False,False,3.83,
2017-07-10,Northampton Kingsthorpe,,,,False,False,False,False,,
2017-07-11,Northampton Kingsthorpe,,,,False,False,False,False,,
2017-07-12,Northampton Kingsthorpe,,,,False,False,False,False,,
2017-07-13,Northampton Kingsthorpe,,,,False,False,False,False,,
2017-07-14,Northampton Kingsthorpe,,,,False,False,False,False,,
2017-07-15,Northampton Kingsthorpe,,,,False,False,False,False,,
2017-07-16,Northampton Kingsthorpe,,,,False,False,False,False,,
2017-07-17,Northampton Kingsthorpe,,,,False,False,False,False,,
2017-07-18,Northampton Kingsthorpe,,,,False,False,False,False,,
2017-07-19,Northampton Kingsthorpe,,,,False,False,False,False,,
2017-07-20,Northampton Kingsthorpe,,,,False,False,False,False,,
2017-07-21,Northampton Kingsthorpe,,,,False,False,False,False,,
2017-07-22,Northampton Kingsthorpe,,,,False,False,False,False,,
2017-07-23,Northampton Kingsthorpe,,,,False,False,False,False,,
2017-07-24,Northampton Kingsthorpe,,,,False,False,False,False,,
2017-07-25,Northampton Kingsthorpe,,,,False,False,False,False,,
2017-07-26,Northampton Kingsthorpe,,,,False,False,False,False,,
2017-07-27,Northampton Kingsthorpe,,,,False,False,False,False,,
2017-07-28,Northampton Kingsthorpe,,,,False,False,False,False,,
2017-07-29,Northampton Kingsthorpe,,,,False,False,False,False,,
2017-07-30,Northampton Kingsthorpe,,,,False,False,False,False,,
2017-07-31,Northampton Kingsthorpe,,,,False,False,False,False,,
2017-08-01,Northampton Kingsthorpe,11.92,11.92,V ugm-3 (GRAV EMFAB),False,False,False,False,11.92,
2017-08-02,Northampton Kingsthorpe,15.58,15.58,V ugm-3 (GRAV EMFAB),False,False,False,False,13.75,2.588010819142764
2017-08-03,Northampton Kingsthorpe,4.29,4.29,V ugm-3 (GRAV EMFAB),False,False,False,False,10.596666666666668,5.760159141320084
2017-08-04,Northampton Kingsthorpe,,,,False,False,False,False,10.596666666666668,5.760159141320084
2017-08-05,Northampton Kingsthorpe,,,,False,False,False,False,10.596666666666668,5.760159141320084
2017-08-06,Northampton Kingsthorpe,,,,False,False,False,False,10.596666666666668,5.760159141320084
2017-08-07,Northampton Kingsthorpe,,,,False,False,False,False,10.596666666666668,5.760159141320084
2017-08-08,Northampton Kingsthorpe,,,,False,False,False,False,9.935000000000002,7.983235559596122
2017-08-09,Northampton Kingsthorpe,,,,False,False,False,False,4.29,
2017-08-10,Northampton Kingsthorpe,,,,False,False,False,False,,
2017-08-11,Northampton Kingsthorpe,,,,False,False,False,False,,
2017-08-12,Northampton Kingsthorpe,,,,False,False,False,False,,
2017-08-13,Northampton Kingsthorpe,,,,False,False,False,False,,
2017-08-14,Northampton Kingsthorpe,,,,False,False,False,False,,
2017-08-15,Northampton Kingsthorpe,,,,False,False,False,False,,
2017-08-16,Northampton Kingsthorpe,,,,False,False,False,False,,
2017-08-17,Northampton Kingsthorpe,,,,False,False,False,False,,
2017-08-18,Northampton Kingsthorpe,,,,False,False,False,False,,
2017-08-19,Northampton Kingsthorpe,,,,False,False,False,False,,
2017-08-20,Northampton Kingsthorpe,,,,False,False,False,False,,
2017-08-21,Northampton Kingsthorpe,,,,False,False,False,False,,
2017-08-22,Northampton Kingsthorpe,,,,False,False,False,False,,
2017-08-23,Northampton Kingsthorpe,,,,False,False,False,False,,
2017-08-24,Northampton Kingsthorpe,,,,False,False,False,False,,
2017-08-25,Northampton Kingsthorpe,,,,False,False,False,False,,
2017-08-26,Northampton Kingsthorpe,,,,False,False,False,False,,
2017-08-27,Northampton Kingsthorpe,,,,False,False,False,False,,
2017-08-28,Northampton Kingsthorpe,,,,False,False,False,False,,
2017-08-29,Northampton Kingsthorpe,,,,False,False,False,False,,
2017-08-30,Northampton Kingsthorpe,,,,False,False,False,False,,
2017-08-31,Northampton Kingsthorpe,,,,False,False,False,False,,
2017-09-01,Northampton Kingsthorpe,3.92,3.92,V ugm-3 (GRAV EMFAB),False,False,False,False,3.92,
2017-09-02,Northampton Kingsthorpe,12.71,12.71,V ugm-3 (GRAV EMFAB),False,False,False,False,8.315000000000001,6.215468606629753
2017-09-03,Northampton Kingsthorpe,4.25,4.25,V ugm-3 (GRAV EMFAB),False,False,False,False,6.960000000000001,4.982378949859194
2017-09-04,Northampton Kingsthorpe,,,,False,False,False,False,6.960000000000001,4.982378949859194
2017-09-05,Northampton Kingsthorpe,,,,False,False,False,False,6.960000000000001,4.982378949859194
2017-09-06,Northampton Kingsthorpe,,,,False,False,False,False,6.960000000000001,4.982378949859194
2017-09-07,Northampton Kingsthorpe,,,,False,False,False,False,6.960000000000001,4.982378949859194
2017-09-08,Northampton Kingsthorpe,,,,False,False,False,False,8.48,5.9821233688381925
2017-09-09,Northampton Kingsthorpe,,,,False,False,False,False,4.25,
2017-09-10,Northampton Kingsthorpe,,,,False,False,False,False,,
2017-09-11,Northampton Kingsthorpe,,,,False,False,False,False,,
2017-09-12,Northampton Kingsthorpe,,,,False,False,False,False,,
2017-09-13,Northampton Kingsthorpe,,,,False,False,False,False,,
2017-09-14,Northampton Kingsthorpe,,,,False,False,False,False,,
2017-09-15,Northampton Kingsthorpe,,,,False,False,False,False,,
2017-09-16,Northampton Kingsthorpe,,,,False,False,False,False,,
2017-09-17,Northampton Kingsthorpe,,,,False,False,False,False,,
2017-09-18,Northampton Kingsthorpe,,,,False,False,False,False,,
2017-09-19,Northampton Kingsthorpe,,,,False,False,False,False,,
2017-09-20,Northampton Kingsthorpe,,,,False,False,False,False,,
2017-09-21,Northampton Kingsthorpe,,,,False,False,False,False,,
2017-09-22,Northampton Kingsthorpe,,,,False,False,False,False,,
2017-09-23,Northampton Kingsthorpe,,,,False,False,False,False,,
2017-09-24,Northampton Kingsthorpe,,,,False,False,False,False,,
2017-09-25,Northampton Kingsthorpe,,,,False,False,False,False,,
2017-09-26,Northampton Kingsthorpe,,,,False,False,False,False,,
2017-09-27,Northampton Kingsthorpe,,,,False,False,False,False,,
2017-09-28,Northampton Kingsthorpe,,,,False,False,False,False,,
2017-09-29,Northampton Kingsthorpe,,,,False,False,False,False,,
2017-09-30,Northampton Kingsthorpe,,,,False,False,False,False,,
2017-10-01,Northampton Kingsthorpe,4.58,4.58,V ugm-3 (GRAV EMFAB),False,False,False,False,4.58,
2017-10-02,Northampton Kingsthorpe,20.21,20.21,V ugm-3 (GRAV EMFAB),False,False,False,False,12.395000000000001,11.05207898994574
2017-10-03,Northampton Kingsthorpe,7.04,7.04,V ugm-3 (GRAV EMFAB),False,False,False,False,10.610000000000001,8.404338165495247
2017-10-04,Northampton Kingsthorpe,,,,False,False,False,False,10.610000000000001,8.404338165495247
2017-10-05,Northampton Kingsthorpe,,,,False,False,False,False,10.610000000000001,8.404338165495247
2017-10-06,Northampton Kingsthorpe,,,,False,False,False,False,10.610000000000001,8.404338165495247
2017-10-07,Northampton Kingsthorpe,,,,False,False,False,False,10.610000000000001,8.404338165495247
2017-10-08,Northampton Kingsthorpe,,,,False,False,False,False,13.625,9.312596308226832
2017-10-09,Northampton Kingsthorpe,,,,False,False,False,False,7.04,
2017-10-10,Northampton Kingsthorpe,,,,False,False,False,False,,
2017-10-11,Northampton Kingsthorpe,,,,False,False,False,False,,
2017-10-12,Northampton Kingsthorpe,,,,False,False,False,False,,
2017-10-13,Northampton Kingsthorpe,,,,False,False,False,False,,
2017-10-14,Northampton Kingsthorpe,,,,False,False,False,False,,
2017-10-15,Northampton Kingsthorpe,,,,False,False,False,False,,
2017-10-16,Northampton Kingsthorpe,,,,False,False,False,False,,
2017-10-17,Northampton Kingsthorpe,,,,False,False,False,False,,
2017-10-18,Northampton Kingsthorpe,,,,False,False,False,False,,
2017-10-19,Northampton Kingsthorpe,,,,False,False,False,False,,
2017-10-20,Northampton Kingsthorpe,,,,False,False,False,False,,
2017-10-21,Northampton Kingsthorpe,,,,False,False,False,False,,
2017-10-22,Northampton Kingsthorpe,,,,False,False,False,False,,
2017-10-23,Northampton Kingsthorpe,,,,False,False,False,False,,
2017-10-24,Northampton Kingsthorpe,,,,False,False,False,False,,
2017-10-25,Northampton Kingsthorpe,,,,False,False,False,False,,
2017-10-26,Northampton Kingsthorpe,,,,False,False,False,False,,
2017-10-27,Northampton Kingsthorpe,,,,False,False,False,False,,
2017-10-28,Northampton Kingsthorpe,,,,False,False,False,False,,
2017-10-29,Northampton Kingsthorpe,,,,False,False,False,False,,
2017-10-30,Northampton Kingsthorpe,,,,False,False,False,False,,
2017-10-31,Northampton Kingsthorpe,,,,False,False,False,False,,
2017-11-01,Northampton Kingsthorpe,5.29,5.29,V ugm-3 (GRAV EMFAB),False,False,False,False,5.29,
2017-11-02,Northampton Kingsthorpe,20.25,20.25,V ugm-3 (GRAV EMFAB),False,False,False,False,12.77,10.578317446550752
2017-11-03,Northampton Kingsthorpe,18.46,18.46,V ugm-3 (GRAV EMFAB),False,False,False,False,14.666666666666666,8.169604233580312
2017-11-04,Northampton Kingsthorpe,,,,False,False,False,False,14.666666666666666,8.169604233580312
2017-11-05,Northampton Kingsthorpe,,,,False,False,False,False,14.666666666666666,8.169604233580312
2017-11-06,Northampton Kingsthorpe,,,,False,False,False,False,14.666666666666666,8.169604233580312
2017-11-07,Northampton Kingsthorpe,,,,False,False,False,False,14.666666666666666,8.169604233580312
2017-11-08,Northampton Kingsthorpe,,,,False,False,False,False,19.355,1.2657211383239517
2017-11-09,Northampton Kingsthorpe,,,,False,False,False,False,18.46,
2017-11-10,Northampton Kingsthorpe,,,,False,False,False,False,,
2017-11-11,Northampton Kingsthorpe,,,,False,False,False,False,,
2017-11-12,Northampton Kingsthorpe,,,,False,False,False,False,,
2017-11-13,Northampton Kingsthorpe,,,,False,False,False,False,,
2017-11-14,Northampton Kingsthorpe,,,,False,False,False,False,,
2017-11-15,Northampton Kingsthorpe,,,,False,False,False,False,,
2017-11-16,Northampton Kingsthorpe,,,,False,False,False,False,,
2017-11-17,Northampton Kingsthorpe,,,,False,False,False,False,,
2017-11-18,Northampton Kingsthorpe,,,,False,False,False,False,,
2017-11-19,Northampton Kingsthorpe,,,,False,False,False,False,,
2017-11-20,Northampton Kingsthorpe,,,,False,False,False,False,,
2017-11-21,Northampton Kingsthorpe,,,,False,False,False,False,,
2017-11-22,Northampton Kingsthorpe,,,,False,False,False,False,,
2017-11-23,Northampton Kingsthorpe,,,,False,False,False,False,,
2017-11-24,Northampton Kingsthorpe,,,,False,False,False,False,,
2017-11-25,Northampton Kingsthorpe,,,,False,False,False,False,,
2017-11-26,Northampton Kingsthorpe,,,,False,False,False,False,,
2017-11-27,Northampton Kingsthorpe,,,,False,False,False,False,,
2017-11-28,Northampton Kingsthorpe,,,,False,False,False,False,,
2017-11-29,Northampton Kingsthorpe,,,,False,False,False,False,,
2017-11-30,Northampton Kingsthorpe,,,,False,False,False,False,,
2017-12-01,Northampton Kingsthorpe,4.63,4.63,V ugm-3 (GRAV EMFAB),False,False,False,False,4.63,
2017-12-02,Northampton Kingsthorpe,30.38,30.38,V ugm-3 (GRAV EMFAB),True,True,False,False,17.505,18.2079996155536
2017-12-03,Northampton Kingsthorpe,14.46,14.46,V ugm-3 (GRAV EMFAB),False,False,False,False,16.49,12.994471901543363
2017-12-04,Northampton Kingsthorpe,,,,False,False,False,False,16.49,12.994471901543363
2017-12-05,Northampton Kingsthorpe,,,,False,False,False,False,16.49,12.994471901543363
2017-12-06,Northampton Kingsthorpe,,,,False,False,False,False,16.49,12.994471901543363
2017-12-07,Northampton Kingsthorpe,,,,False,False,False,False,16.49,12.994471901543363
2017-12-08,Northampton Kingsthorpe,,,,False,False,False,False,22.419999999999998,11.257139956489839
2017-12-09,Northampton Kingsthorpe,,,,False,False,False,False,14.46,
2017-12-10,Northampton Kingsthorpe,,,,False,False,False,False,,
2017-12-11,Northampton Kingsthorpe,,,,False,False,False,False,,
2017-12-12,Northampton Kingsthorpe,,,,False,False,False,False,,
2017-12-13,Northampton Kingsthorpe,,,,False,False,False,False,,
2017-12-14,Northampton Kingsthorpe,,,,False,False,False,False,,
2017-12-15,Northampton Kingsthorpe,,,,False,False,False,False,,
2017-12-16,Northampton Kingsthorpe,,,,False,False,False,False,,
2017-12-17,Northampton Kingsthorpe,,,,False,False,False,False,,
2017-12-18,Northampton Kingsthorpe,,,,False,False,False,False,,
2017-12-19,Northampton Kingsthorpe,,,,False,False,False,False,,
2017-12-20,Northampton Kingsthorpe,,,,False,False,False,False,,
2017-12-21,Northampton Kingsthorpe,,,,False,False,False,False,,
2017-12-22,Northampton Kingsthorpe,,,,False,False,False,False,,
2017-12-23,Northampton Kingsthorpe,,,,False,False,False,False,,
2017-12-24,Northampton Kingsthorpe,,,,False,False,False,False,,
2017-12-25,Northampton Kingsthorpe,,,,False,False,False,False,,
2017-12-26,Northampton Kingsthorpe,,,,False,False,False,False,,
2017-12-27,Northampton Kingsthorpe,,,,False,False,False,False,,
2017-12-28,Northampton Kingsthorpe,,,,False,False,False,False,,
2017-12-29,Northampton Kingsthorpe,,,,False,False,False,False,,
2017-12-30,Northampton Kingsthorpe,,,,False,False,False,False,,
2016-01-01,Wrexham,7.469,7.469,V ugm-3 (GRAV EMFAB),False,False,False,False,7.469,
2016-01-02,Wrexham,6.556,6.556,V ugm-3 (GRAV EMFAB),False,False,False,False,7.0125,0.6455884912233181
2016-01-03,Wrexham,2.531,2.531,V ugm-3 (GRAV EMFAB),False,False,False,False,5.518666666666667,2.6273572907644924
2016-01-04,Wrexham,4.191,4.191,V ugm-3 (GRAV EMFAB),False,False,False,False,5.18675,2.2455909949647257
2016-01-05,Wrexham,,,V ugm-3 (GRAV EMFAB),False,False,False,False,5.18675,2.2455909949647257
2016-01-06,Wrexham,5.104,5.104,V ugm-3 (GRAV EMFAB),False,False,False,False,5.1701999999999995,1.9450909233246656
2016-01-07,Wrexham,1.308,1.308,V ugm-3 (GRAV EMFAB),False,False,False,False,4.5264999999999995,2.347935497410438
2016-01-08,Wrexham,4.274,4.274,V ugm-3 (GRAV EMFAB),False,False,False,False,3.9939999999999998,1.8583927464344023
2016-01-09,Wrexham,5.726,5.726,V ugm-3 (GRAV EMFAB),False,False,False,False,3.8556666666666666,1.648592207511205
2016-01-10,Wrexham,6.183,6.183,V ugm-3 (GRAV EMFAB),False,False,False,False,4.464333333333333,1.7336764019466455
2016-01-11,Wrexham,8.672,8.672,V ugm-3 (GRAV EMFAB),False,False,False,False,5.211166666666666,2.4212127883906995
2016-01-12,Wrexham,5.187,5.187,V ugm-3 (GRAV EMFAB),False,False,False,False,5.207714285714286,2.2102736417531132
2016-01-13,Wrexham,5.062,5.062,V ugm-3 (GRAV EMFAB),False,False,False,False,5.201714285714286,2.210659080778529
2016-01-14,Wrexham,0.456,0.456,V ugm-3 (GRAV EMFAB),False,False,False,False,5.08,2.4691150236471366
2016-01-15,Wrexham,3.651,3.651,V ugm-3 (GRAV EMFAB),False,False,False,False,4.991,2.5138327974098305
2016-01-16,Wrexham,12.988,12.988,V ugm-3 (GRAV EMFAB),False,False,False,False,6.028428571428571,3.9537768802813873
2016-01-17,Wrexham,9.834,9.834,V ugm-3 (GRAV EMFAB),False,False,False,False,6.55,4.2100739106734615
2016-01-18,Wrexham,12.946,12.946,V ugm-3 (GRAV EMFAB),False,False,False,False,7.160571428571428,4.832954302051106
2016-01-19,Wrexham,25.768,25.768,V ugm-3 (GRAV EMFAB),True,True,False,False,10.100714285714286,8.386248837914874
2016-01-20,Wrexham,26.556,26.556,V ugm-3 (GRAV EMFAB),True,True,False,False,13.171285714285714,10.011359726402233
2016-01-21,Wrexham,27.51,27.51,V ugm-3 (GRAV EMFAB),True,True,False,False,17.036142857142856,9.493193463890705
2016-01-22,Wrexham,8.548,8.548,V ugm-3 (GRAV EMFAB),False,False,False,False,17.735714285714288,8.467438135081274
2016-01-23,Wrexham,8.174,8.174,V ugm-3 (GRAV EMFAB),False,False,False,False,17.048,9.089921011758026
2016-01-24,Wrexham,3.693,3.693,V ugm-3 (GRAV EMFAB),False,False,False,False,16.170714285714286,10.138103055869408
2016-01-25,Wrexham,2.407,2.407,V ugm-3 (GRAV EMFAB),False,False,False,False,14.665142857142857,11.400735596568197
2016-01-26,Wrexham,2.116,2.116,V ugm-3 (GRAV EMFAB),False,False,False,False,11.286285714285714,11.061581061106436
2016-01-27,Wrexham,1.286,1.286,V ugm-3 (GRAV EMFAB),False,False,False,False,7.676285714285714,9.217449877167503
2016-01-28,Wrexham,3.859,3.859,V ugm-3 (GRAV EMFAB),False,False,False,False,4.297571428571429,2.9170124475304458
2016-01-29,Wrexham,1.535,1.535,V ugm-3 (GRAV EMFAB),False,False,False,False,3.2957142857142854,2.3661996051534846
2016-01-30,Wrexham,1.245,1.245,V ugm-3 (GRAV EMFAB),False,False,False,False,2.305857142857143,1.0910576563700638
2016-01-31,Wrexham,1.701,1.701,V ugm-3 (GRAV EMFAB),False,False,False,False,2.0212857142857144,0.9144453171705579
2016-02-01,Wrexham,9.627,9.627,V ugm-3 (GRAV EMFAB),False,False,False,False,3.0527142857142855,3.035030516830955
2016-02-02,Wrexham,4.398,4.398,V ugm-3 (GRAV EMFAB),False,False,False,False,3.378714285714286,3.0401998132954753
2016-02-03,Wrexham,4.232,4.232,V ugm-3 (GRAV EMFAB),False,False,False,False,3.799571428571429,2.903035414707778
2016-02-04,Wrexham,7.469,7.469,V ugm-3 (GRAV EMFAB),False,False,False,False,4.315285714285714,3.2188282916969206
2016-02-05,Wrexham,,,V ugm-3 (GRAV EMFAB),False,False,False,False,4.778666666666667,3.2602703364393895
2016-02-06,Wrexham,9.544,9.544,V ugm-3 (GRAV EMFAB),False,False,False,False,6.161833333333334,3.221475277984704
2016-02-07,Wrexham,0.104,0.104,V ugm-3 (GRAV EMFAB),False,False,False,False,5.895666666666667,3.6949359218620588
2016-02-08,Wrexham,3.651,3.651,V ugm-3 (GRAV EMFAB),False,False,False,False,4.899666666666667,3.268832860007775
2016-02-09,Wrexham,3.278,3.278,V ugm-3 (GRAV EMFAB),False,False,False,False,4.713,3.3345286923341866
2016-02-10,Wrexham,5.353,5.353,V ugm-3 (GRAV EMFAB),False,False,False,False,4.8998333333333335,3.333592861563423
2016-02-11,Wrexham,5.394,5.394,V ugm-3 (GRAV EMFAB),False,False,False,False,4.553999999999999,3.114167175987818
2016-02-12,Wrexham,12.448,12.448,V ugm-3 (GRAV EMFAB),False,False,False,False,5.6817142857142855,4.121149625783466
2016-02-13,Wrexham,18.322,18.322,V ugm-3 (GRAV EMFAB),False,False,False,False,6.935714285714285,6.268375725664122
2016-02-14,Wrexham,6.58,6.58,V ugm-3 (GRAV EMFAB),False,False,False,False,7.860857142857143,5.525971903311711
2016-02-15,Wrexham,7.285,7.285,V ugm-3 (GRAV EMFAB),False,False,False,False,8.379999999999999,5.22717804683687
2016-02-16,Wrexham,7.783,7.783,V ugm-3 (GRAV EMFAB),False,False,False,False,9.023571428571428,4.749860659610372
2016-02-17,Wrexham,5.169,5.169,V ugm-3 (GRAV EMFAB),False,False,False,False,8.997285714285713,4.7740068326401905
2016-02-18,Wrexham,5.086,5.086,V ugm-3 (GRAV EMFAB),False,False,False,False,8.953285714285714,4.81400359071621
2016-02-19,Wrexham,3.592,3.592,V ugm-3 (GRAV EMFAB),False,False,False,False,7.688142857142857,4.905337821481525
2016-02-20,Wrexham,1.683,1.683,V ugm-3 (GRAV EMFAB),False,False,False,False,5.311142857142857,2.152748431545994
2016-02-21,Wrexham,0.397,0.397,V ugm-3 (GRAV EMFAB),False,False,False,False,4.4278571428571425,2.7350624873160982
2016-02-22,Wrexham,3.053,3.053,V ugm-3 (GRAV EMFAB),False,False,False,False,3.8232857142857144,2.4512521095884465
2016-02-23,Wrexham,4.464,4.464,V ugm-3 (GRAV EMFAB),False,False,False,False,3.3491428571428576,1.7892884459630982
2016-02-24,Wrexham,4.689,4.689,V ugm-3 (GRAV EMFAB),False,False,False,False,3.2805714285714282,1.715602018451302
2016-02-25,Wrexham,6.266,6.266,V ugm-3 (GRAV EMFAB),False,False,False,False,3.4491428571428573,1.9627378351485731
2016-02-26,Wrexham,15.477,15.477,V ugm-3 (GRAV EMFAB),False,False,False,False,5.146999999999999,4.959568966486227
2016-02-27,Wrexham,25.145,25.145,V ugm-3 (GRAV EMFAB),True,True,False,False,8.498714285714286,8.726079049116422
2016-02-28,Wrexham,14.066,14.066,V ugm-3 (GRAV EMFAB),False,False,False,False,10.45142857142857,8.119236188565665
2016-02-29,Wrexham,9.917,9.917,V ugm-3 (GRAV EMFAB),False,False,False,False,11.432,7.464920227303171
2016-03-01,Wrexham,6.1,6.1,V ugm-3 (GRAV EMFAB),False,False,False,False,11.665714285714287,7.232392958403321
2016-03-02,Wrexham,3.61,3.61,V ugm-3 (GRAV EMFAB),False,False,False,False,11.511571428571429,7.415060324707254
2016-03-03,Wrexham,4.274,4.274,V ugm-3 (GRAV EMFAB),False,False,False,False,11.227,7.683296514734633
2016-03-04,Wrexham,16.473,16.473,V ugm-3 (GRAV EMFAB),False,False,False,False,11.369285714285715,7.783685624738574
2016-03-05,Wrexham,,,V ugm-3 (GRAV EMFAB),False,False,False,False,9.073333333333334,5.3313391063284135
2016-03-06,Wrexham,8.755,8.755,V ugm-3 (GRAV EMFAB),False,False,False,False,8.188166666666666,4.745300387400846
2016-03-07,Wrexham,2.843,2.843,V ugm-3 (GRAV EMFAB),False,False,False,False,7.009166666666666,5.095705541597414
2016-03-08,Wrexham,3.942,3.942,V ugm-3 (GRAV EMFAB),False,False,False,False,6.6495,5.246633997145209
2016-03-09,Wrexham,4.274,4.274,V ugm-3 (GRAV EMFAB),False,False,False,False,6.760166666666667,5.176230266001174
2016-03-10,Wrexham,7.718,7.718,V ugm-3 (GRAV EMFAB),False,False,False,False,7.334166666666667,5.034408859704047
2016-03-11,Wrexham,6.639,6.639,V ugm-3 (GRAV EMFAB),False,False,False,False,5.695166666666666,2.348336382775382
2016-03-12,Wrexham,12.946,12.946,V ugm-3 (GRAV EMFAB),False,False,False,False,6.731000000000001,3.479400044068891
2016-03-13,Wrexham,31.037,31.037,V ugm-3 (GRAV EMFAB),True,True,False,False,9.914142857142858,9.902824671586913
2016-03-14,Wrexham,16.971,16.971,V ugm-3 (GRAV EMFAB),False,False,False,False,11.93242857142857,9.658152426096532
2016-03-15,Wrexham,15.685,15.685,V ugm-3 (GRAV EMFAB),False,False,False,False,13.61,9.03893957644738
2016-03-16,Wrexham,12.033,12.033,V ugm-3 (GRAV EMFAB),False,False,False,False,14.718428571428571,8.13367800889493
2016-03-17,Wrexham,27.012,27.012,V ugm-3 (GRAV EMFAB),True,True,False,False,17.474714285714285,8.620580311368952
2016-03-18,Wrexham,30.207,30.207,V ugm-3 (GRAV EMFAB),True,True,False,False,20.841571428571427,8.278835825105352
2016-03-19,Wrexham,9.087,9.087,V ugm-3 (GRAV EMFAB),False,False,False,False,20.290285714285716,8.990154109066323
2016-03-20,Wrexham,14.979,14.979,V ugm-3 (GRAV EMFAB),False,False,False,False,17.996285714285712,7.754762637981172
2016-03-21,Wrexham,10.539,10.539,V ugm-3 (GRAV EMFAB),False,False,False,False,17.07742857142857,8.261031732520728
2016-03-22,Wrexham,9.834,9.834,V ugm-3 (GRAV EMFAB),False,False,False,False,16.24157142857143,8.709244817187907
2016-03-23,Wrexham,11.577,11.577,V ugm-3 (GRAV EMFAB),False,False,False,False,16.17642857142857,8.747591284788882
2016-03-24,Wrexham,2.988,2.988,V ugm-3 (GRAV EMFAB),False,False,False,False,12.744428571428571,8.497026849770123
2016-03-25,Wrexham,4.149,4.149,V ugm-3 (GRAV EMFAB),False,False,False,False,9.021857142857142,4.185968961047987
2016-03-26,Wrexham,3.527,3.527,V ugm-3 (GRAV EMFAB),False,False,False,False,8.227571428571428,4.6709563566484205
2016-03-27,Wrexham,2.822,2.822,V ugm-3 (GRAV EMFAB),False,False,False,False,6.490857142857143,3.9461411289415107
2016-03-28,Wrexham,0.996,0.996,V ugm-3 (GRAV EMFAB),False,False,False,False,5.127571428571429,3.9629184892426066
2016-03-29,Wrexham,2.78,2.78,V ugm-3 (GRAV EMFAB),False,False,False,False,4.1198571428571436,3.4273542482295403
2016-03-30,Wrexham,1.328,1.328,V ugm-3 (GRAV EMFAB),False,False,False,False,2.6557142857142857,1.129898920890044
2016-03-31,Wrexham,,,V ugm-3 (GRAV EMFAB),False,False,False,False,2.6003333333333334,1.2272907832565856
2016-04-01,Wrexham,8.548,8.548,V ugm-3 (GRAV EMFAB),False,False,False,False,3.3334999999999995,2.7306549946853242
2016-04-02,Wrexham,2.822,2.822,V ugm-3 (GRAV EMFAB),False,False,False,False,3.2159999999999997,2.7358266026924856
2016-04-03,Wrexham,3.402,3.402,V ugm-3 (GRAV EMFAB),False,False,False,False,3.3126666666666664,2.7293599738155785
2016-04-04,Wrexham,9.876,9.876,V ugm-3 (GRAV EMFAB),False,False,False,False,4.792666666666666,3.5161066347121213
2016-04-05,Wrexham,,,V ugm-3 (GRAV EMFAB),False,False,False,False,5.1952,3.7733949170475016
2016-04-06,Wrexham,16.349,16.349,V ugm-3 (GRAV EMFAB),False,False,False,False,8.1994,5.5063592145808995
2016-04-07,Wrexham,2.926,2.926,V ugm-3 (GRAV EMFAB),False,False,False,False,7.3205,5.37501485579342
2016-04-08,Wrexham,2.863,2.863,V ugm-3 (GRAV EMFAB),False,False,False,False,6.373,5.6112375818530404
2016-04-09,Wrexham,3.361,3.361,V ugm-3 (GRAV EMFAB),False,False,False,False,6.462833333333333,5.546964193742973
2016-04-10,Wrexham,,,V ugm-3 (GRAV EMFAB),False,False,False,False,7.075,5.9707959687130465
2016-04-11,Wrexham,6.639,6.639,V ugm-3 (GRAV EMFAB),False,False,False,False,6.4276,5.7630391114411115
2016-04-12,Wrexham,14.44,14.44,V ugm-3 (GRAV EMFAB),False,False,False,False,7.763000000000001,6.104904159771878
2016-04-13,Wrexham,6.598,6.598,V ugm-3 (GRAV EMFAB),False,False,False,False,6.137833333333333,4.430352194427281
2016-04-14,Wrexham,17.552,17.552,V ugm-3 (GRAV EMFAB),False,False,False,False,8.5755,6.040763486513934
2016-04-15,Wrexham,15.394,15.394,V ugm-3 (GRAV EMFAB),False,False,False,False,10.664,5.833393694925794
2016-04-16,Wrexham,1.909,1.909,V ugm-3 (GRAV EMFAB),False,False,False,False,10.421999999999999,6.21461570815123
2016-04-17,Wrexham,2.158,2.158,V ugm-3 (GRAV EMFAB),False,False,False,False,9.241428571428571,6.4761703667404875
2016-04-18,Wrexham,1.618,1.618,V ugm-3 (GRAV EMFAB),False,False,False,False,8.524142857142857,7.063842590464281
2016-04-19,Wrexham,6.29,6.29,V ugm-3 (GRAV EMFAB),False,False,False,False,7.359857142857143,6.581442760483737
2016-04-20,Wrexham,8.49,8.49,V ugm-3 (GRAV EMFAB),False,False,False,False,7.630142857142857,6.583790054079069
2016-04-21,Wrexham,9.776,9.776,V ugm-3 (GRAV EMFAB),False,False,False,False,6.519285714285715,5.125120769773322
2016-04-22,Wrexham,10.44,10.44,V ugm-3 (GRAV EMFAB),False,False,False,False,5.811571428571429,3.888157398097578
2016-04-23,Wrexham,5.461,5.461,V ugm-3 (GRAV EMFAB),False,False,False,False,6.319000000000001,3.507065677552482
2016-04-24,Wrexham,4.174,4.174,V ugm-3 (GRAV EMFAB),False,False,False,False,6.607,3.1755197474849135
2016-04-25,Wrexham,3.22,3.22,V ugm-3 (GRAV EMFAB),False,False,False,False,6.835857142857143,2.790417318166549
2016-04-26,Wrexham,3.303,3.303,V ugm-3 (GRAV EMFAB),False,False,False,False,6.409142857142858,3.099115380694485
2016-04-27,Wrexham,3.386,3.386,V ugm-3 (GRAV EMFAB),False,False,False,False,5.68,3.128231076290024
2016-04-28,Wrexham,,,V ugm-3 (GRAV EMFAB),False,False,False,False,4.997333333333333,2.797912054848514
2016-04-29,Wrexham,,,V ugm-3 (GRAV EMFAB),False,False,False,False,3.9087999999999994,0.9479470976800065
2016-04-30,Wrexham,,,V ugm-3 (GRAV EMFAB),False,False,False,False,3.5207499999999996,0.4407413262522495
2016-05-01,Wrexham,14.979,14.979,V ugm-3 (GRAV EMFAB),False,False,False,False,6.2219999999999995,5.838393329218803
2016-05-02,Wrexham,1.494,1.494,V ugm-3 (GRAV EMFAB),False,False,False,False,5.7905,6.187560666369256
2016-05-03,Wrexham,3.693,3.693,V ugm-3 (GRAV EMFAB),False,False,False,False,5.888,6.138174158493709
2016-05-04,Wrexham,1.784,1.784,V ugm-3 (GRAV EMFAB),False,False,False,False,5.4875,6.402415091198005
2016-05-05,Wrexham,10.481,10.481,V ugm-3 (GRAV EMFAB),False,False,False,False,6.486199999999999,5.977474190659461
2016-05-06,Wrexham,13.112,13.112,V ugm-3 (GRAV EMFAB),False,False,False,False,7.5905,5.991746748653517
2016-05-07,Wrexham,0.976,0.976,V ugm-3 (GRAV EMFAB),False,False,False,False,6.6455714285714285,6.013963276053012
2016-05-08,Wrexham,4.066,4.066,V ugm-3 (GRAV EMFAB),False,False,False,False,5.086571428571427,4.781933286065473
2016-05-09,Wrexham,1.618,1.618,V ugm-3 (GRAV EMFAB),False,False,False,False,5.104285714285714,4.7666119593930185
2016-05-10,Wrexham,,,V ugm-3 (GRAV EMFAB),False,False,False,False,5.3395,5.176868850956143
2016-05-11,Wrexham,7.552,7.552,V ugm-3 (GRAV EMFAB),False,False,False,False,6.300833333333333,4.9134196001020145
2016-05-12,Wrexham,27.925,27.925,V ugm-3 (GRAV EMFAB),True,True,False,False,9.208166666666665,10.199252216053226
2016-05-13,Wrexham,11.549,11.549,V ugm-3 (GRAV EMFAB),False,False,False,False,8.947666666666665,10.099070782337682
2016-05-14,Wrexham,5.408,5.408,V ugm-3 (GRAV EMFAB),False,False,False,False,9.686333333333332,9.546351694059183
2016-05-15,Wrexham,5.367,5.367,V ugm-3 (GRAV EMFAB),False,False,False,False,9.903166666666666,9.40691816519452
2016-05-16,Wrexham,3.748,3.748,V ugm-3 (GRAV EMFAB),False,False,False,False,10.258166666666666,9.065721006443264
2016-05-17,Wrexham,5.45,5.45,V ugm-3 (GRAV EMFAB),False,False,False,False,9.571285714285713,8.473019094244304
2016-05-18,Wrexham,2.531,2.531,V ugm-3 (GRAV EMFAB),False,False,False,False,8.854000000000001,8.875424233992048
2016-05-19,Wrexham,4.979,4.979,V ugm-3 (GRAV EMFAB),False,False,False,False,5.576,2.8499861987969886
2016-05-20,Wrexham,5.27,5.27,V ugm-3 (GRAV EMFAB),False,False,False,False,4.679,1.119462073200029
2016-05-21,Wrexham,0.83,0.83,V ugm-3 (GRAV EMFAB),False,False,False,False,4.0249999999999995,1.7705234630846625
2016-05-22,Wrexham,1.743,1.743,V ugm-3 (GRAV EMFAB),False,False,False,False,3.5072857142857137,1.8411447267289656
2016-05-23,Wrexham,2.946,2.946,V ugm-3 (GRAV EMFAB),False,False,False,False,3.392714285714285,1.8486073780268244
2016-05-24,Wrexham,4.274,4.274,V ugm-3 (GRAV EMFAB),False,False,False,False,3.2247142857142848,1.6758464243764135
2016-05-25,Wrexham,6.432,6.432,V ugm-3 (GRAV EMFAB),False,False,False,False,3.7819999999999996,2.019993316820621
2016-05-26,Wrexham,5.768,5.768,V ugm-3 (GRAV EMFAB),False,False,False,False,3.8947142857142856,2.1175730380387225
2016-05-27,Wrexham,14.606,14.606,V ugm-3 (GRAV EMFAB),False,False,False,False,5.228428571428571,4.606035310949565
2016-05-28,Wrexham,19.295,19.295,V ugm-3 (GRAV EMFAB),False,False,False,False,7.8662857142857145,6.546087806577953
2016-05-29,Wrexham,11.452,11.452,V ugm-3 (GRAV EMFAB),False,False,False,False,9.253285714285713,6.041577186857905
2016-05-30,Wrexham,9.627,9.627,V ugm-3 (GRAV EMFAB),False,False,False,False,10.207714285714287,5.369438229904678
2016-05-31,Wrexham,4.564,4.564,V ugm-3 (GRAV EMFAB),False,False,False,False,10.249142857142857,5.316887135300484
2016-06-01,Wrexham,23.942,23.942,V ugm-3 (GRAV EMFAB),False,False,False,False,12.750571428571428,7.056196753141708
2016-06-02,Wrexham,3.983,3.983,V ugm-3 (GRAV EMFAB),False,False,False,False,12.495571428571427,7.375616422987816
2016-06-03,Wrexham,3.776,3.776,V ugm-3 (GRAV EMFAB),False,False,False,False,10.94842857142857,7.97098661515923
2016-06-04,Wrexham,1.12,1.12,V ugm-3 (GRAV EMFAB),False,False,False,False,8.352,7.756313879672481
2016-06-05,Wrexham,17.566,17.566,V ugm-3 (GRAV EMFAB),False,False,False,False,9.225428571428571,8.47457062544848
2016-06-06,Wrexham,10.0,10.0,V ugm-3 (GRAV EMFAB),False,False,False,False,9.278714285714285,8.478688080795786
2016-06-07,Wrexham,2.798,2.798,V ugm-3 (GRAV EMFAB),False,False,False,False,9.026428571428571,8.6665496759503
2016-06-08,Wrexham,3.942,3.942,V ugm-3 (GRAV EMFAB),False,False,False,False,6.169285714285714,5.728420163660181
2016-06-09,Wrexham,4.357,4.357,V ugm-3 (GRAV EMFAB),False,False,False,False,6.222714285714285,5.706331825679425
2016-06-10,Wrexham,8.008,8.008,V ugm-3 (GRAV EMFAB),False,False,False,False,6.827285714285714,5.62754572658116
2016-06-11,Wrexham,4.066,4.066,V ugm-3 (GRAV EMFAB),False,False,False,False,7.248142857142857,5.22537668270819
2016-06-12,Wrexham,31.535,31.535,V ugm-3 (GRAV EMFAB),True,True,False,False,9.243714285714285,10.159925241101032
2016-06-13,Wrexham,5.27,5.27,V ugm-3 (GRAV EMFAB),False,False,False,False,8.568,10.258060196742852
2016-06-14,Wrexham,3.983,3.983,V ugm-3 (GRAV EMFAB),False,False,False,False,8.737285714285713,10.156242049667217
2016-06-15,Wrexham,6.639,6.639,V ugm-3 (GRAV EMFAB),False,False,False,False,9.122571428571428,9.993868434480927
2016-06-16,Wrexham,7.137,7.137,V ugm-3 (GRAV EMFAB),False,False,False,False,9.519714285714285,9.826767893773376
2016-06-17,Wrexham,5.934,5.934,V ugm-3 (GRAV EMFAB),False,False,False,False,9.22342857142857,9.910850734710632
2016-06-18,Wrexham,5.975,5.975,V ugm-3 (GRAV EMFAB),False,False,False,False,9.496142857142855,9.770554239287407
2016-06-19,Wrexham,3.361,3.361,V ugm-3 (GRAV EMFAB),False,False,False,False,5.471285714285713,1.3732449058447345
2016-06-20,Wrexham,1.826,1.826,V ugm-3 (GRAV EMFAB),False,False,False,False,4.979285714285714,1.952261655472573
2016-06-21,Wrexham,2.697,2.697,V ugm-3 (GRAV EMFAB),False,False,False,False,4.795571428571428,2.1153384171445375
2016-06-22,Wrexham,2.241,2.241,V ugm-3 (GRAV EMFAB),False,False,False,False,4.167285714285714,2.129645722828527
2016-06-23,Wrexham,4.274,4.274,V ugm-3 (GRAV EMFAB),False,False,False,False,3.7582857142857136,1.6947744898447412
2016-06-24,Wrexham,3.071,3.071,V ugm-3 (GRAV EMFAB),False,False,False,False,3.3492857142857138,1.4024517477481475
2016-06-25,Wrexham,3.485,3.485,V ugm-3 (GRAV EMFAB),False,False,False,False,2.9935714285714283,0.820522162435327
2016-06-26,Wrexham,3.237,3.237,V ugm-3 (GRAV EMFAB),False,False,False,False,2.975857142857142,0.8125676235594603
2016-06-27,Wrexham,2.531,2.531,V ugm-3 (GRAV EMFAB),False,False,False,False,3.076571428571428,0.6790090468574129
2016-06-28,Wrexham,6.307,6.307,V ugm-3 (GRAV EMFAB),False,False,False,False,3.592285714285714,1.3660274172804276
2016-06-29,Wrexham,2.718,2.718,V ugm-3 (GRAV EMFAB),False,False,False,False,3.660428571428571,1.2975671924981573
2016-06-30,Wrexham,3.299,3.299,V ugm-3 (GRAV EMFAB),False,False,False,False,3.5211428571428565,1.2728210699821112
2016-07-01,Wrexham,3.942,3.942,V ugm-3 (GRAV EMFAB),False,False,False,False,3.645571428571428,1.264025033658043
2016-07-02,Wrexham,4.315,4.315,V ugm-3 (GRAV EMFAB),False,False,False,False,3.764142857142857,1.2852038007739244
2016-07-03,Wrexham,3.734,3.734,V ugm-3 (GRAV EMFAB),False,False,False,False,3.8351428571428565,1.2647947697250104
2016-07-04,Wrexham,3.485,3.485,V ugm-3 (GRAV EMFAB),False,False,False,False,3.971428571428571,1.146736653456619
2016-07-05,Wrexham,35.076,35.076,V ugm-3 (GRAV EMFAB),True,True,False,False,8.081285714285714,11.914228324630535
2016-07-06,Wrexham,15.56,15.56,V ugm-3 (GRAV EMFAB),False,False,False,False,9.91585714285714,11.93942898451138
2016-07-07,Wrexham,1.639,1.639,V ugm-3 (GRAV EMFAB),False,False,False,False,9.678714285714287,12.108053073805682
2016-07-08,Wrexham,4.564,4.564,V ugm-3 (GRAV EMFAB),False,False,False,False,9.767571428571427,12.06112790271765
2016-07-09,Wrexham,6.598,6.598,V ugm-3 (GRAV EMFAB),False,False,False,False,10.093714285714285,11.919143575418016
2016-07-10,Wrexham,8.506,8.506,V ugm-3 (GRAV EMFAB),False,False,False,False,10.775428571428572,11.627679846772855
2016-07-11,Wrexham,5.975,5.975,V ugm-3 (GRAV EMFAB),False,False,False,False,11.131142857142859,11.403403504050468
2016-07-12,Wrexham,9.585,9.585,V ugm-3 (GRAV EMFAB),False,False,False,False,7.489571428571428,4.405162609830384
2016-07-13,Wrexham,1.847,1.847,V ugm-3 (GRAV EMFAB),False,False,False,False,5.530571428571427,3.0625635697969837
2016-07-14,Wrexham,,,V ugm-3 (GRAV EMFAB),False,False,False,False,6.179166666666666,2.778754787070406
2016-07-15,Wrexham,,,V ugm-3 (GRAV EMFAB),False,False,False,False,6.502199999999999,2.97812335204572
2016-07-16,Wrexham,,,V ugm-3 (GRAV EMFAB),False,False,False,False,6.478249999999998,3.438284589248935
2016-07-17,Wrexham,,,V ugm-3 (GRAV EMFAB),False,False,False,False,5.802333333333331,3.8718886003258675
2016-07-18,Wrexham,,,V ugm-3 (GRAV EMFAB),False,False,False,False,5.715999999999997,5.471592272821518
2016-07-19,Wrexham,,,V ugm-3 (GRAV EMFAB),False,False,False,False,1.847,
2016-07-20,Wrexham,,,V ugm-3 (GRAV EMFAB),False,False,False,False,,
2016-07-21,Wrexham,4.993,4.993,V ugm-3 (GRAV EMFAB),False,False,False,False,4.993,
2016-07-22,Wrexham,5.408,5.408,V ugm-3 (GRAV EMFAB),False,False,False,False,5.200499999999996,0.29344931419241754
2016-07-23,Wrexham,3.831,3.831,V ugm-3 (GRAV EMFAB),False,False,False,False,4.743999999999998,0.8174551975490767
2016-07-24,Wrexham,3.499,3.499,V ugm-3 (GRAV EMFAB),False,False,False,False,4.432749999999999,0.9126855519107697
2016-07-25,Wrexham,2.96,2.96,V ugm-3 (GRAV EMFAB),False,False,False,False,4.138199999999999,1.028856015193574
2016-07-26,Wrexham,3.084,3.084,V ugm-3 (GRAV EMFAB),False,False,False,False,3.962499999999999,1.0159028989032364
2016-07-27,Wrexham,1.909,1.909,V ugm-3 (GRAV EMFAB),False,False,False,False,3.669142857142856,1.209321218503921
2016-07-28,Wrexham,2.656,2.656,V ugm-3 (GRAV EMFAB),False,False,False,False,3.3352857142857135,1.1006349249843186
2016-07-29,Wrexham,3.61,3.61,V ugm-3 (GRAV EMFAB),False,False,False,False,3.0784285714285704,0.6564903800114793
2016-07-30,Wrexham,2.199,2.199,V ugm-3 (GRAV EMFAB),False,False,False,False,2.8452857142857133,0.6340898238908286
2016-07-31,Wrexham,2.158,2.158,V ugm-3 (GRAV EMFAB),False,False,False,False,2.6537142857142846,0.6056045778904761
2016-08-01,Wrexham,7.884,7.884,V ugm-3 (GRAV EMFAB),False,False,False,False,3.3571428571428563,2.081623439255319
2016-08-02,Wrexham,,,V ugm-3 (GRAV EMFAB),False,False,False,False,3.4026666666666654,2.276483926292181
2016-08-03,Wrexham,8.257,8.257,V ugm-3 (GRAV EMFAB),False,False,False,False,4.460666666666666,2.8470765122607196
2016-08-04,Wrexham,3.444,3.444,V ugm-3 (GRAV EMFAB),False,False,False,False,4.591999999999999,2.764146233468844
2016-08-05,Wrexham,17.69,17.69,V ugm-3 (GRAV EMFAB),False,False,False,False,6.938666666666665,5.9288234133482725
2016-08-06,Wrexham,17.884,17.884,V ugm-3 (GRAV EMFAB),False,False,False,False,9.552833333333332,6.813037690095855
2016-08-07,Wrexham,3.59,3.59,V ugm-3 (GRAV EMFAB),False,False,False,False,9.7915,6.521003964114727
2016-08-08,Wrexham,,,V ugm-3 (GRAV EMFAB),False,False,False,False,10.172999999999998,7.215455564273124
2016-08-09,Wrexham,4.979,4.979,V ugm-3 (GRAV EMFAB),False,False,False,False,9.307333333333332,6.7931223945006804
2016-08-10,Wrexham,8.299,8.299,V ugm-3 (GRAV EMFAB),False,False,False,False,9.314333333333332,6.791845129761621
2016-08-11,Wrexham,9.295,9.295,V ugm-3 (GRAV EMFAB),False,False,False,False,10.289499999999999,6.172190235240647
2016-08-12,Wrexham,6.224,6.224,V ugm-3 (GRAV EMFAB),False,False,False,False,8.378499999999999,5.105468156790324
2016-08-13,Wrexham,3.237,3.237,V ugm-3 (GRAV EMFAB),False,False,False,False,5.937333333333331,2.4760351101441715
2016-08-14,Wrexham,2.697,2.697,V ugm-3 (GRAV EMFAB),False,False,False,False,5.788499999999999,2.6649813320171667
2016-08-15,Wrexham,7.137,7.137,V ugm-3 (GRAV EMFAB),False,False,False,False,5.981142857142856,2.485601900852951
2016-08-16,Wrexham,7.51,7.51,V ugm-3 (GRAV EMFAB),False,False,False,False,6.342714285714285,2.4995758783098707
2016-08-17,Wrexham,11.328,11.328,V ugm-3 (GRAV EMFAB),False,False,False,False,6.77542857142857,3.087679973547713
2016-08-18,Wrexham,9.876,9.876,V ugm-3 (GRAV EMFAB),False,False,False,False,6.858428571428569,3.1733180771942178
2016-08-19,Wrexham,6.473,6.473,V ugm-3 (GRAV EMFAB),False,False,False,False,6.893999999999999,3.1664092176049072
2016-08-20,Wrexham,2.905,2.905,V ugm-3 (GRAV EMFAB),False,False,False,False,6.846571428571427,3.2321202977376333
2016-08-21,Wrexham,2.49,2.49,V ugm-3 (GRAV EMFAB),False,False,False,False,6.816999999999998,3.2770479601820477
2016-08-22,Wrexham,2.739,2.739,V ugm-3 (GRAV EMFAB),False,False,False,False,6.188714285714285,3.610141812278555
2016-08-23,Wrexham,6.68,6.68,V ugm-3 (GRAV EMFAB),False,False,False,False,6.070142857142855,3.5729515076740777
2016-08-24,Wrexham,,,V ugm-3 (GRAV EMFAB),False,False,False,False,5.193833333333331,2.9780303166130886
2016-08-25,Wrexham,11.079,11.079,V ugm-3 (GRAV EMFAB),False,False,False,False,5.394333333333332,3.370893748943543
2016-08-26,Wrexham,3.112,3.112,V ugm-3 (GRAV EMFAB),False,False,False,False,4.834166666666666,3.434455614310171
2016-08-27,Wrexham,6.224,6.224,V ugm-3 (GRAV EMFAB),False,False,False,False,5.3873333333333315,3.327203610641623
2016-08-28,Wrexham,5.104,5.104,V ugm-3 (GRAV EMFAB),False,False,False,False,5.8229999999999995,3.029796164760921
2016-08-29,Wrexham,3.361,3.361,V ugm-3 (GRAV EMFAB),False,False,False,False,5.926666666666665,2.9115024071201887
2016-08-30,Wrexham,3.734,3.734,V ugm-3 (GRAV EMFAB),False,False,False,False,5.435666666666666,3.005928187210509
2016-08-31,Wrexham,4.232,4.232,V ugm-3 (GRAV EMFAB),False,False,False,False,5.263714285714285,2.78148226157
2016-09-01,Wrexham,5.228,5.228,V ugm-3 (GRAV EMFAB),False,False,False,False,4.427857142857142,1.133798104980395
2016-09-02,Wrexham,3.485,3.485,V ugm-3 (GRAV EMFAB),False,False,False,False,4.481142857142856,1.0685358251007784
2016-09-03,Wrexham,5.021,5.021,V ugm-3 (GRAV EMFAB),False,False,False,False,4.309285714285713,0.805994564556877
2016-09-04,Wrexham,4.232,4.232,V ugm-3 (GRAV EMFAB),False,False,False,False,4.184714285714285,0.726124349838623
2016-09-05,Wrexham,13.748,13.748,V ugm-3 (GRAV EMFAB),False,False,False,False,5.668571428571427,3.617748925190121
2016-09-06,Wrexham,11.701,11.701,V ugm-3 (GRAV EMFAB),False,False,False,False,6.806714285714285,4.12530175519665
2016-09-07,Wrexham,2.511,2.511,V ugm-3 (GRAV EMFAB),False,False,False,False,6.5608571428571425,4.349512901025869
2016-09-08,Wrexham,7.593,7.593,V ugm-3 (GRAV EMFAB),False,False,False,False,6.898714285714284,4.320481327903396
2016-09-09,Wrexham,4.315,4.315,V ugm-3 (GRAV EMFAB),False,False,False,False,7.0172857142857135,4.221434855365558
2016-09-10,Wrexham,7.054,7.054,V ugm-3 (GRAV EMFAB),False,False,False,False,7.307714285714284,4.130149783978207
2016-09-11,Wrexham,5.726,5.726,V ugm-3 (GRAV EMFAB),False,False,False,False,7.521142857142856,3.9806147527139326
2016-09-12,Wrexham,5.643,5.643,V ugm-3 (GRAV EMFAB),False,False,False,False,6.3632857142857135,2.8994540126424777
2016-09-13,Wrexham,8.299,8.299,V ugm-3 (GRAV EMFAB),False,False,False,False,5.877285714285713,2.001808575121149
2016-09-14,Wrexham,24.44,24.44,V ugm-3 (GRAV EMFAB),True,True,False,False,9.01,6.935279566583215
2016-09-15,Wrexham,23.029,23.029,V ugm-3 (GRAV EMFAB),False,False,False,False,11.215142857142856,8.651343853771532
2016-09-16,Wrexham,4.689,4.689,V ugm-3 (GRAV EMFAB),False,False,False,False,11.268571428571429,8.602645811166525
2016-09-17,Wrexham,3.361,3.361,V ugm-3 (GRAV EMFAB),False,False,False,False,10.741,9.00788397275779
2016-09-18,Wrexham,3.402,3.402,V ugm-3 (GRAV EMFAB),False,False,False,False,10.409,9.262747702490875
2016-09-19,Wrexham,2.863,2.863,V ugm-3 (GRAV EMFAB),False,False,False,False,10.011857142857142,9.556099909282578
2016-09-20,Wrexham,4.689,4.689,V ugm-3 (GRAV EMFAB),False,False,False,False,9.496142857142857,9.759196285701869
2016-09-21,Wrexham,14.398,14.398,V ugm-3 (GRAV EMFAB),False,False,False,False,8.061571428571428,7.721774879243392
2016-09-22,Wrexham,3.859,3.859,V ugm-3 (GRAV EMFAB),False,False,False,False,5.3229999999999995,4.059846425666864
2016-09-23,Wrexham,4.357,4.357,V ugm-3 (GRAV EMFAB),False,False,False,False,5.275571428571427,4.07041299530907
2016-09-24,Wrexham,4.44,4.44,V ugm-3 (GRAV EMFAB),False,False,False,False,5.429714285714285,4.005742699104447
2016-09-25,Wrexham,3.112,3.112,V ugm-3 (GRAV EMFAB),False,False,False,False,5.388285714285713,4.031625136107677
2016-09-26,Wrexham,4.398,4.398,V ugm-3 (GRAV EMFAB),False,False,False,False,5.607571428571427,3.91132973369854
2016-09-27,Wrexham,5.353,5.353,V ugm-3 (GRAV EMFAB),False,False,False,False,5.7024285714285705,3.89335009373431
2016-09-28,Wrexham,6.307,6.307,V ugm-3 (GRAV EMFAB),False,False,False,False,4.546571428571427,1.0287171391499985
2016-09-29,Wrexham,2.863,2.863,V ugm-3 (GRAV EMFAB),False,False,False,False,4.404285714285713,1.1950938197879037
2016-09-30,Wrexham,3.942,3.942,V ugm-3 (GRAV EMFAB),False,False,False,False,4.344999999999999,1.2080538067486912
2016-10-01,Wrexham,2.822,2.822,V ugm-3 (GRAV EMFAB),False,False,False,False,4.1138571428571415,1.3349705900095628
2016-10-02,Wrexham,1.517,1.517,V ugm-3 (GRAV EMFAB),False,False,False,False,3.885999999999999,1.6365306800260941
2016-10-03,Wrexham,10.788,10.788,V ugm-3 (GRAV EMFAB),False,False,False,False,4.798857142857142,3.098701310149756
2016-10-04,Wrexham,6.432,6.432,V ugm-3 (GRAV EMFAB),False,False,False,False,4.9529999999999985,3.1571469187648953
2016-10-05,Wrexham,19.018,19.018,V ugm-3 (GRAV EMFAB),False,False,False,False,6.768857142857142,6.22782745502184
2016-10-06,Wrexham,10.913,10.913,V ugm-3 (GRAV EMFAB),False,False,False,False,7.918857142857142,6.128834974353377
2016-10-07,Wrexham,2.967,2.967,V ugm-3 (GRAV EMFAB),False,False,False,False,7.779571428571428,6.244269395671066
2016-10-08,Wrexham,3.734,3.734,V ugm-3 (GRAV EMFAB),False,False,False,False,7.909857142857142,6.1320974505349435
2016-10-09,Wrexham,5.851,5.851,V ugm-3 (GRAV EMFAB),False,False,False,False,8.529,5.572291868402684
2016-10-10,Wrexham,8.382,8.382,V ugm-3 (GRAV EMFAB),False,False,False,False,8.185285714285714,5.483219422756602
2016-10-11,Wrexham,2.905,2.905,V ugm-3 (GRAV EMFAB),False,False,False,False,7.681428571428571,5.822720923449874
2016-10-12,Wrexham,7.054,7.054,V ugm-3 (GRAV EMFAB),False,False,False,False,5.9722857142857135,3.0235768946886785
2016-10-13,Wrexham,6.1,6.1,V ugm-3 (GRAV EMFAB),False,False,False,False,5.284714285714285,2.127145012631226
2016-10-14,Wrexham,14.813,14.813,V ugm-3 (GRAV EMFAB),False,False,False,False,6.9769999999999985,3.926790207451034
2016-10-15,Wrexham,12.033,12.033,V ugm-3 (GRAV EMFAB),False,False,False,False,8.162571428571427,4.0357799269840795
2016-10-16,Wrexham,4.647,4.647,V ugm-3 (GRAV EMFAB),False,False,False,False,7.990571428571427,4.17400506536759
2016-10-17,Wrexham,3.154,3.154,V ugm-3 (GRAV EMFAB),False,False,False,False,7.243714285714285,4.543650284161614
2016-10-18,Wrexham,2.697,2.697,V ugm-3 (GRAV EMFAB),False,False,False,False,7.213999999999999,4.577308816324282
2016-10-19,Wrexham,2.739,2.739,V ugm-3 (GRAV EMFAB),False,False,False,False,6.5975714285714275,4.882804380583726
2016-10-20,Wrexham,4.025,4.025,V ugm-3 (GRAV EMFAB),False,False,False,False,6.301142857142857,4.9800623968169795
2016-10-21,Wrexham,11.826,11.826,V ugm-3 (GRAV EMFAB),False,False,False,False,5.874428571428571,4.195312219495424
2016-10-22,Wrexham,9.959,9.959,V ugm-3 (GRAV EMFAB),False,False,False,False,5.578142857142857,3.7359758398831326
2016-10-23,Wrexham,7.386,7.386,V ugm-3 (GRAV EMFAB),False,False,False,False,5.969428571428571,3.7655163814605324
2016-10-24,Wrexham,8.465,8.465,V ugm-3 (GRAV EMFAB),False,False,False,False,6.728142857142856,3.636536558713132
2016-10-25,Wrexham,20.539,20.539,V ugm-3 (GRAV EMFAB),False,False,False,False,9.277,5.892924316500258
2016-10-26,Wrexham,5.809,5.809,V ugm-3 (GRAV EMFAB),False,False,False,False,9.715571428571426,5.420555133229527
2016-10-27,Wrexham,3.776,3.776,V ugm-3 (GRAV EMFAB),False,False,False,False,9.679999999999998,5.464759159072492
2016-10-28,Wrexham,3.817,3.817,V ugm-3 (GRAV EMFAB),False,False,False,False,8.535857142857141,5.770435697835751
2016-10-29,Wrexham,5.311,5.311,V ugm-3 (GRAV EMFAB),False,False,False,False,7.871857142857141,5.846304600017904
2016-10-30,Wrexham,15.311,15.311,V ugm-3 (GRAV EMFAB),False,False,False,False,9.004,6.470551522088362
2016-10-31,Wrexham,24.232,24.232,V ugm-3 (GRAV EMFAB),False,False,False,False,11.25642857142857,8.634192142428901
2016-11-01,Wrexham,7.967,7.967,V ugm-3 (GRAV EMFAB),False,False,False,False,9.460428571428569,7.630755092762072
2016-11-02,Wrexham,8.239,8.239,V ugm-3 (GRAV EMFAB),False,False,False,False,9.807571428571427,7.490949424853588
2016-11-03,Wrexham,15.062,15.062,V ugm-3 (GRAV EMFAB),False,False,False,False,11.419857142857142,7.184692626887886
2016-11-04,Wrexham,23.485,23.485,V ugm-3 (GRAV EMFAB),False,False,False,False,14.229571428571427,7.552280270601342
2016-11-05,Wrexham,25.698,25.698,V ugm-3 (GRAV EMFAB),True,True,False,False,17.142,7.470273087377729
2016-11-06,Wrexham,9.046,9.046,V ugm-3 (GRAV EMFAB),False,False,False,False,16.246999999999996,8.076873982756776
2016-11-07,Wrexham,1.142,1.142,V ugm-3 (GRAV EMFAB),False,False,False,False,12.948428571428568,8.941030381657045
2016-11-08,Wrexham,3.237,3.237,V ugm-3 (GRAV EMFAB),False,False,False,False,12.272714285714285,9.538983448884649
2016-11-09,Wrexham,5.062,5.062,V ugm-3 (GRAV EMFAB),False,False,False,False,11.81885714285714,9.833911368805591
2016-11-10,Wrexham,6.929,6.929,V ugm-3 (GRAV EMFAB),False,False,False,False,10.656999999999998,9.867270983745543
2016-11-11,Wrexham,6.556,6.556,V ugm-3 (GRAV EMFAB),False,False,False,False,8.238571428571428,8.118879845913538
2016-11-12,Wrexham,6.846,6.846,V ugm-3 (GRAV EMFAB),False,False,False,False,5.5454285714285705,2.640509411530484
2016-11-13,Wrexham,7.469,7.469,V ugm-3 (GRAV EMFAB),False,False,False,False,5.320142857142856,2.3425268001719695
2016-11-14,Wrexham,3.278,3.278,V ugm-3 (GRAV EMFAB),False,False,False,False,5.625285714285712,1.7788702139547312
2016-11-15,Wrexham,,,V ugm-3 (GRAV EMFAB),False,False,False,False,6.0233333333333325,1.5704595081270951
2016-11-16,Wrexham,,,V ugm-3 (GRAV EMFAB),False,False,False,False,6.215599999999998,1.6750165073813934
2016-11-17,Wrexham,3.071,3.071,V ugm-3 (GRAV EMFAB),False,False,False,False,5.443999999999998,2.099134226294301
2016-11-18,Wrexham,3.237,3.237,V ugm-3 (GRAV EMFAB),False,False,False,False,4.780199999999999,2.1826939089116877
2016-11-19,Wrexham,9.17,9.17,V ugm-3 (GRAV EMFAB),False,False,False,False,5.244999999999999,2.871377282768702
2016-11-20,Wrexham,14.108,14.108,V ugm-3 (GRAV EMFAB),False,False,False,False,6.572799999999998,4.943949807593131
2016-11-21,Wrexham,7.635,7.635,V ugm-3 (GRAV EMFAB),False,False,False,False,7.444199999999998,4.58929272328538
2016-11-22,Wrexham,3.402,3.402,V ugm-3 (GRAV EMFAB),False,False,False,False,6.770499999999998,4.424083667834518
2016-11-23,Wrexham,7.718,7.718,V ugm-3 (GRAV EMFAB),False,False,False,False,6.905857142857142,4.054464347217428
2016-11-24,Wrexham,13.361,13.361,V ugm-3 (GRAV EMFAB),False,False,False,False,8.375857142857143,4.290853195211557
2016-11-25,Wrexham,17.676,17.676,V ugm-3 (GRAV EMFAB),False,False,False,False,10.438571428571427,4.843721016503155
2016-11-26,Wrexham,24.398,24.398,V ugm-3 (GRAV EMFAB),True,True,False,False,12.613999999999999,7.081651714113033
2016-11-27,Wrexham,17.884,17.884,V ugm-3 (GRAV EMFAB),False,False,False,False,13.153428571428568,7.353034835067378
2016-11-28,Wrexham,13.112,13.112,V ugm-3 (GRAV EMFAB),False,False,False,False,13.935857142857143,6.948213545667011
2016-11-29,Wrexham,,,V ugm-3 (GRAV EMFAB),False,False,False,False,15.6915,5.660568725843725
2016-11-30,Wrexham,,,V ugm-3 (GRAV EMFAB),False,False,False,False,17.2862,4.580342476278391
2016-12-01,Wrexham,3.693,3.693,V ugm-3 (GRAV EMFAB),False,False,False,False,15.352599999999999,7.658198143166582
2016-12-02,Wrexham,19.899,19.899,V ugm-3 (GRAV EMFAB),False,False,False,False,15.797199999999998,7.887889686094759
2016-12-03,Wrexham,14.896,14.896,V ugm-3 (GRAV EMFAB),False,False,False,False,13.896799999999999,6.278057318948284
2016-12-04,Wrexham,11.411,11.411,V ugm-3 (GRAV EMFAB),False,False,False,False,12.6022,5.9067230085725315
2016-12-05,Wrexham,18.52,18.52,V ugm-3 (GRAV EMFAB),False,False,False,False,13.6838,6.489774164021435
2016-12-06,Wrexham,3.029,3.029,V ugm-3 (GRAV EMFAB),False,False,False,False,11.908,7.253587305602664
2016-12-07,Wrexham,3.922,3.922,V ugm-3 (GRAV EMFAB),False,False,False,False,10.767142857142856,7.277109715369415
2016-12-08,Wrexham,3.32,3.32,V ugm-3 (GRAV EMFAB),False,False,False,False,10.713857142857142,7.33864790972133
2016-12-09,Wrexham,5.685,5.685,V ugm-3 (GRAV EMFAB),False,False,False,False,8.683285714285715,6.260917550281963
2016-12-10,Wrexham,5.809,5.809,V ugm-3 (GRAV EMFAB),False,False,False,False,7.385142857142857,5.672477513649329
2016-12-11,Wrexham,4.855,4.855,V ugm-3 (GRAV EMFAB),False,False,False,False,6.4485714285714275,5.433168837708595
2016-12-12,Wrexham,9.419,9.419,V ugm-3 (GRAV EMFAB),False,False,False,False,5.14842857142857,2.1751398313015304
2016-12-13,Wrexham,11.618,11.618,V ugm-3 (GRAV EMFAB),False,False,False,False,6.375428571428571,3.033481874960594
2016-12-14,Wrexham,16.888,16.888,V ugm-3 (GRAV EMFAB),False,False,False,False,8.227714285714285,4.75552631907644
2016-12-15,Wrexham,16.515,16.515,V ugm-3 (GRAV EMFAB),False,False,False,False,10.112714285714285,5.089385251491122
2016-12-16,Wrexham,19.793,19.793,V ugm-3 (GRAV EMFAB),False,False,False,False,12.128142857142857,5.789079731948527
2016-12-17,Wrexham,12.282,12.282,V ugm-3 (GRAV EMFAB),False,False,False,False,13.05285714285714,5.0857168432310385
2016-12-18,Wrexham,16.598,16.598,V ugm-3 (GRAV EMFAB),False,False,False,False,14.73042857142857,3.6708434479078056
2016-12-19,Wrexham,20.664,20.664,V ugm-3 (GRAV EMFAB),False,False,False,False,16.33685714285714,3.410333728956328
2016-12-20,Wrexham,27.759,27.759,V ugm-3 (GRAV EMFAB),True,True,False,False,18.642714285714284,4.843572225616328
2016-12-21,Wrexham,9.876,9.876,V ugm-3 (GRAV EMFAB),False,False,False,False,17.641,5.880949299787126
2016-12-22,Wrexham,6.183,6.183,V ugm-3 (GRAV EMFAB),False,False,False,False,16.165,7.328952221611675
2016-12-23,Wrexham,3.734,3.734,V ugm-3 (GRAV EMFAB),False,False,False,False,13.870857142857144,8.434126914478101
2016-12-24,Wrexham,4.938,4.938,V ugm-3 (GRAV EMFAB),False,False,False,False,12.821714285714284,9.095544196918365
2016-12-25,Wrexham,2.324,2.324,V ugm-3 (GRAV EMFAB),False,False,False,False,10.782571428571428,9.68855417244395
2016-12-26,Wrexham,5.436,5.436,V ugm-3 (GRAV EMFAB),False,False,False,False,8.607142857142856,8.765693173361933
2016-12-27,Wrexham,17.552,17.552,V ugm-3 (GRAV EMFAB),False,False,False,False,7.148999999999999,5.153604466778587
2016-12-28,Wrexham,18.506,18.506,V ugm-3 (GRAV EMFAB),False,False,False,False,8.381857142857141,6.711472725330657
2016-12-29,Wrexham,23.568,23.568,V ugm-3 (GRAV EMFAB),False,False,False,False,10.86542857142857,8.687829319554709
2016-12-30,Wrexham,12.116,12.116,V ugm-3 (GRAV EMFAB),False,False,False,False,12.062857142857142,8.098766149411729
2017-01-01,Wrexham,3.28,3.28,V ugm-3 (GRAV EMFAB),False,False,False,False,11.825999999999999,8.361841503719948
2017-01-02,Wrexham,5.31,5.31,V ugm-3 (GRAV EMFAB),False,False,False,False,12.252571428571429,7.857256409569082
2017-01-03,Wrexham,2.61,2.61,V ugm-3 (GRAV EMFAB),False,False,False,False,11.848857142857142,8.324577175019598
2017-01-04,Wrexham,5.187,5.187,V ugm-3 (GRAV EMFAB),False,False,False,False,10.08242857142857,8.223990553195437
2017-01-05,Wrexham,8.83,8.83,V ugm-3 (GRAV EMFAB),False,False,False,False,8.700142857142856,7.337587578774829
2017-01-06,Wrexham,3.61,3.61,V ugm-3 (GRAV EMFAB),False,False,False,False,5.848999999999998,3.439826013041969
2017-01-07,Wrexham,2.905,2.905,V ugm-3 (GRAV EMFAB),False,False,False,False,4.533142857142856,2.1704801641243736
2017-01-08,Wrexham,2.78,2.78,V ugm-3 (GRAV EMFAB),False,False,False,False,4.461714285714285,2.2261077178404456
2017-01-09,Wrexham,4.066,4.066,V ugm-3 (GRAV EMFAB),False,False,False,False,4.283999999999999,2.196560113753676
2017-01-10,Wrexham,2.863,2.863,V ugm-3 (GRAV EMFAB),False,False,False,False,4.320142857142856,2.1662978733753824
2017-01-11,Wrexham,10.456,10.456,V ugm-3 (GRAV EMFAB),False,False,False,False,5.072857142857141,3.190828754862498
2017-01-12,Wrexham,8.382,8.382,V ugm-3 (GRAV EMFAB),False,False,False,False,5.008857142857141,3.1062829034379167
2017-01-13,Wrexham,3.57,3.57,V ugm-3 (GRAV EMFAB),False,False,False,False,5.003142857142856,3.109320420315458
2017-01-14,Wrexham,4.27,4.27,V ugm-3 (GRAV EMFAB),False,False,False,False,5.198142857142855,2.99656361123716
2017-01-15,Wrexham,2.53,2.53,V ugm-3 (GRAV EMFAB),False,False,False,False,5.1624285714285705,3.0314738910934342
2017-01-16,Wrexham,3.4,3.4,V ugm-3 (GRAV EMFAB),False,False,False,False,5.067285714285712,3.081656411428025
2017-01-17,Wrexham,8.67,8.67,V ugm-3 (GRAV EMFAB),False,False,False,False,5.896857142857142,3.169726351415426
2017-01-18,Wrexham,12.57,12.57,V ugm-3 (GRAV EMFAB),False,False,False,False,6.198857142857142,3.7280382432128225
2017-01-19,Wrexham,13.4,13.4,V ugm-3 (GRAV EMFAB),False,False,False,False,6.9157142857142855,4.598600718852287
2017-01-20,Wrexham,20.91,20.91,V ugm-3 (GRAV EMFAB),False,False,False,False,9.392857142857142,6.690482579220823
2017-01-21,Wrexham,23.44,23.44,V ugm-3 (GRAV EMFAB),False,False,False,False,12.13142857142857,8.032802393045309
2017-01-22,Wrexham,47.8,47.8,V ugm-3 (GRAV EMFAB),True,True,False,False,18.59857142857143,14.574220880915533
2017-01-23,Wrexham,23.69,23.69,V ugm-3 (GRAV EMFAB),False,False,False,False,21.497142857142855,12.977939890811786
2017-01-24,Wrexham,17.72,17.72,V ugm-3 (GRAV EMFAB),False,False,False,False,22.789999999999996,11.892521459584032
2017-01-25,Wrexham,17.76,17.76,V ugm-3 (GRAV EMFAB),False,False,False,False,23.531428571428567,11.295994022324063
2017-01-26,Wrexham,28.42,28.42,V ugm-3 (GRAV EMFAB),True,True,False,False,25.677142857142854,10.445258436703412
2017-01-27,Wrexham,46.35,46.35,V ugm-3 (GRAV EMFAB),True,True,False,False,29.311428571428568,12.693867848389669
2017-01-28,Wrexham,9.17,9.17,V ugm-3 (GRAV EMFAB),False,False,False,False,27.27285714285714,14.770007576488368
2017-01-29,Wrexham,10.12,10.12,V ugm-3 (GRAV EMFAB),False,False,False,False,21.890000000000004,12.773342032008173
2017-01-30,Wrexham,22.7,22.7,V ugm-3 (GRAV EMFAB),False,False,False,False,21.748571428571427,12.755558825562327
2017-01-31,Wrexham,12.24,12.24,V ugm-3 (GRAV EMFAB),False,False,False,False,20.965714285714284,13.204287002261623
2017-02-01,Wrexham,5.1,5.1,V ugm-3 (GRAV EMFAB),False,False,False,False,19.157142857142855,14.518189412234705
2017-02-02,Wrexham,4.77,4.77,V ugm-3 (GRAV EMFAB),False,False,False,False,15.778571428571427,14.753265659475115
2017-02-03,Wrexham,3.86,3.86,V ugm-3 (GRAV EMFAB),False,False,False,False,9.708571428571428,6.525321010166038
2017-02-04,Wrexham,5.311,5.311,V ugm-3 (GRAV EMFAB),False,False,False,False,9.157285714285711,6.737952822489578
2017-02-05,Wrexham,12.896,12.896,V ugm-3 (GRAV EMFAB),False,False,False,False,9.55385714285714,6.884164592952232
2017-02-06,Wrexham,4.274,4.274,V ugm-3 (GRAV EMFAB),False,False,False,False,6.921571428571426,3.892378358499378
2017-02-07,Wrexham,2.49,2.49,V ugm-3 (GRAV EMFAB),False,False,False,False,5.528714285714284,3.3832046304396957
2017-02-08,Wrexham,4.44,4.44,V ugm-3 (GRAV EMFAB),False,False,False,False,5.434428571428569,3.4062617758643143
2017-02-09,Wrexham,4.896,4.896,V ugm-3 (GRAV EMFAB),False,False,False,False,5.45242857142857,3.4024963314769807
2017-02-10,Wrexham,4.398,4.398,V ugm-3 (GRAV EMFAB),False,False,False,False,5.529285714285712,3.366415735580193
2017-02-11,Wrexham,7.427,7.427,V ugm-3 (GRAV EMFAB),False,False,False,False,5.8315714285714275,3.4377939562624045
2017-02-12,Wrexham,2.448,2.448,V ugm-3 (GRAV EMFAB),False,False,False,False,4.338999999999998,1.676234967618409
2017-02-13,Wrexham,40.12,40.12,V ugm-3 (GRAV EMFAB),True,True,False,False,9.45985714285714,13.623338264764275
2017-02-14,Wrexham,49.09,49.09,V ugm-3 (GRAV EMFAB),True,True,False,False,16.116999999999997,19.68636808386284
2017-02-15,Wrexham,17.55,17.55,V ugm-3 (GRAV EMFAB),False,False,False,False,17.98985714285714,19.002046086571585
2017-02-16,Wrexham,4.11,4.11,V ugm-3 (GRAV EMFAB),False,False,False,False,17.877571428571425,19.094412863951792
2017-02-17,Wrexham,8.01,8.01,V ugm-3 (GRAV EMFAB),False,False,False,False,18.393571428571427,18.71445939959388
2017-02-18,Wrexham,13.24,13.24,V ugm-3 (GRAV EMFAB),False,False,False,False,19.223999999999997,18.27043272612885
2017-02-19,Wrexham,2.24,2.24,V ugm-3 (GRAV EMFAB),False,False,False,False,19.194285714285712,18.30240499419212
2017-02-20,Wrexham,2.57,2.57,V ugm-3 (GRAV EMFAB),False,False,False,False,13.83,16.56764215773225
2017-02-21,Wrexham,3.9,3.9,V ugm-3 (GRAV EMFAB),False,False,False,False,7.374285714285714,5.9234586100320055
2017-02-22,Wrexham,1.41,1.41,V ugm-3 (GRAV EMFAB),False,False,False,False,5.068571428571427,4.190017615601162
2017-02-23,Wrexham,0.91,0.91,V ugm-3 (GRAV EMFAB),False,False,False,False,4.61142857142857,4.476782432995979
2017-02-24,Wrexham,3.32,3.32,V ugm-3 (GRAV EMFAB),False,False,False,False,3.9414285714285704,4.227384646845069
2017-02-25,Wrexham,1.12,1.12,V ugm-3 (GRAV EMFAB),False,False,False,False,2.2099999999999986,1.1355468579795196
2017-02-26,Wrexham,1.2,1.2,V ugm-3 (GRAV EMFAB),False,False,False,False,2.0614285714285705,1.1973224095378188
2017-02-27,Wrexham,2.12,2.12,V ugm-3 (GRAV EMFAB),False,False,False,False,1.9971428571428562,1.1773800616301886
2017-02-28,Wrexham,0.41,0.41,V ugm-3 (GRAV EMFAB),False,False,False,False,1.4985714285714276,0.9552910302004622
2017-03-01,Wrexham,2.32,2.32,V ugm-3 (GRAV EMFAB),False,False,False,False,1.6285714285714277,1.0020051325790658
2017-03-02,Wrexham,4.15,4.15,V ugm-3 (GRAV EMFAB),False,False,False,False,2.0914285714285703,1.3143874184253217
2017-03-03,Wrexham,9.21,9.21,V ugm-3 (GRAV EMFAB),False,False,False,False,2.932857142857142,3.015911770845475
2017-03-04,Wrexham,3.154,3.154,V ugm-3 (GRAV EMFAB),False,False,False,False,3.2234285714285704,2.9082002944057046
2017-03-05,Wrexham,10.581,10.581,V ugm-3 (GRAV EMFAB),False,False,False,False,4.563571428571428,3.834351047097983
2017-03-06,Wrexham,3.195,3.195,V ugm-3 (GRAV EMFAB),False,False,False,False,4.717142857142855,3.74055131536216
2017-03-07,Wrexham,2.199,2.199,V ugm-3 (GRAV EMFAB),False,False,False,False,4.972714285714285,3.446802659194316
2017-03-08,Wrexham,1.909,1.909,V ugm-3 (GRAV EMFAB),False,False,False,False,4.914,3.5025707701630298
2017-03-09,Wrexham,5.311,5.311,V ugm-3 (GRAV EMFAB),False,False,False,False,5.079857142857142,3.4878208300968643
2017-03-10,Wrexham,3.444,3.444,V ugm-3 (GRAV EMFAB),False,False,False,False,4.256142857142856,2.996046752448565
2017-03-11,Wrexham,9.046,9.046,V ugm-3 (GRAV EMFAB),False,False,False,False,5.0978571428571415,3.430899028368159
2017-03-12,Wrexham,5.477,5.477,V ugm-3 (GRAV EMFAB),False,False,False,False,4.368714285714285,2.482732279451214
2017-03-13,Wrexham,4.94,4.94,V ugm-3 (GRAV EMFAB),False,False,False,False,4.617999999999999,2.4323348179613578
2017-03-14,Wrexham,3.86,3.86,V ugm-3 (GRAV EMFAB),False,False,False,False,4.8552857142857135,2.2295884309506566
2017-03-15,Wrexham,7.1,7.1,V ugm-3 (GRAV EMFAB),False,False,False,False,5.596857142857142,1.9293795573165222
2017-03-16,Wrexham,3.73,3.73,V ugm-3 (GRAV EMFAB),False,False,False,False,5.3709999999999996,2.056752861511018
2017-03-17,Wrexham,1.58,1.58,V ugm-3 (GRAV EMFAB),False,False,False,False,5.104714285714285,2.4339059632811764
2017-03-18,Wrexham,0.87,0.87,V ugm-3 (GRAV EMFAB),False,False,False,False,3.936714285714285,2.1753502947255106
2017-03-19,Wrexham,3.15,3.15,V ugm-3 (GRAV EMFAB),False,False,False,False,3.604285714285713,2.0762856028885746
2017-03-20,Wrexham,1.58,1.58,V ugm-3 (GRAV EMFAB),False,False,False,False,3.124285714285713,2.104224775246785
2017-03-21,Wrexham,2.03,2.03,V ugm-3 (GRAV EMFAB),False,False,False,False,2.8628571428571417,2.1112532951285026
2017-03-22,Wrexham,5.31,5.31,V ugm-3 (GRAV EMFAB),False,False,False,False,2.6071428571428563,1.5449780396036807
2017-03-23,Wrexham,17.59,17.59,V ugm-3 (GRAV EMFAB),False,False,False,False,4.587142857142856,5.917546547586896
2017-03-24,Wrexham,11.95,11.95,V ugm-3 (GRAV EMFAB),False,False,False,False,6.068571428571427,6.3233757560642685
2017-03-25,Wrexham,10.79,10.79,V ugm-3 (GRAV EMFAB),False,False,False,False,7.485714285714285,6.070683259575945
2017-03-26,Wrexham,11.83,11.83,V ugm-3 (GRAV EMFAB),False,False,False,False,8.725714285714284,5.9221388510764355
2017-03-27,Wrexham,25.48,25.48,V ugm-3 (GRAV EMFAB),True,True,False,False,12.139999999999999,7.729529955523403
2017-03-28,Wrexham,31.41,31.41,V ugm-3 (GRAV EMFAB),True,True,False,False,16.337142857142855,9.167720026058316
2017-03-29,Wrexham,4.36,4.36,V ugm-3 (GRAV EMFAB),False,False,False,False,16.20142857142857,9.363116341210752
2017-03-30,Wrexham,6.02,6.02,V ugm-3 (GRAV EMFAB),False,False,False,False,14.54857142857143,10.071556365281776
2017-03-31,Wrexham,5.15,5.15,V ugm-3 (GRAV EMFAB),False,False,False,False,13.577142857142857,10.673896062022404
2017-04-01,Wrexham,9.29,9.29,V ugm-3 (GRAV EMFAB),False,False,False,False,13.362857142857141,10.753932171204047
2017-04-02,Wrexham,5.1,5.1,V ugm-3 (GRAV EMFAB),False,False,False,False,12.40142857142857,11.205185449263267
2017-04-03,Wrexham,3.57,3.57,V ugm-3 (GRAV EMFAB),False,False,False,False,9.27142857142857,9.930625070241783
2017-04-04,Wrexham,4.938,4.938,V ugm-3 (GRAV EMFAB),False,False,False,False,5.489714285714285,1.8374168202748569
2017-04-05,Wrexham,6.971,6.971,V ugm-3 (GRAV EMFAB),False,False,False,False,5.862714285714284,1.834877535812393
2017-04-06,Wrexham,,,V ugm-3 (GRAV EMFAB),False,False,False,False,5.836499999999998,2.0085712085959178
2017-04-07,Wrexham,1.701,1.701,V ugm-3 (GRAV EMFAB),False,False,False,False,5.261666666666665,2.638949386908954
2017-04-08,Wrexham,3.568,3.568,V ugm-3 (GRAV EMFAB),False,False,False,False,4.307999999999999,1.7891017858133451
2017-04-09,Wrexham,4.108,4.108,V ugm-3 (GRAV EMFAB),False,False,False,False,4.142666666666665,1.7466053551581626
2017-04-10,Wrexham,2.531,2.531,V ugm-3 (GRAV EMFAB),False,False,False,False,3.9694999999999987,1.8624045478897726
2017-04-11,Wrexham,6.1,6.1,V ugm-3 (GRAV EMFAB),False,False,False,False,4.163166666666665,2.035620339519914
2017-04-12,Wrexham,1.66,1.66,V ugm-3 (GRAV EMFAB),False,False,False,False,3.2779999999999987,1.6970295224304508
2017-04-13,Wrexham,,,V ugm-3 (GRAV EMFAB),False,False,False,False,3.2779999999999987,1.6970295224304508
2017-04-14,Wrexham,,,V ugm-3 (GRAV EMFAB),False,False,False,False,3.593399999999998,1.6893216981974293
2017-04-15,Wrexham,3.734,3.734,V ugm-3 (GRAV EMFAB),False,False,False,False,3.6265999999999985,1.6903286071059218
2017-04-16,Wrexham,1.618,1.618,V ugm-3 (GRAV EMFAB),False,False,False,False,3.1285999999999983,1.8702640989979622
2017-04-17,Wrexham,5.187,5.187,V ugm-3 (GRAV EMFAB),False,False,False,False,3.6597999999999984,2.0285813269377804
2017-04-18,Wrexham,6.266,6.266,V ugm-3 (GRAV EMFAB),False,False,False,False,3.6929999999999987,2.079228222201845
2017-04-19,Wrexham,6.091,6.091,V ugm-3 (GRAV EMFAB),False,False,False,False,4.579199999999998,1.9354148650872296
2017-04-20,Wrexham,6.423,6.423,V ugm-3 (GRAV EMFAB),False,False,False,False,4.886499999999999,1.8876610659756927
2017-04-21,Wrexham,6.34,6.34,V ugm-3 (GRAV EMFAB),False,False,False,False,5.094142857142856,1.8086447438687931
2017-04-22,Wrexham,3.684,3.684,V ugm-3 (GRAV EMFAB),False,False,False,False,5.086999999999999,1.8149991735536417
2017-04-23,Wrexham,3.062,3.062,V ugm-3 (GRAV EMFAB),False,False,False,False,5.293285714285714,1.3864895376798332
2017-04-24,Wrexham,2.647,2.647,V ugm-3 (GRAV EMFAB),False,False,False,False,4.93042857142857,1.7128919850303927
2017-04-25,Wrexham,2.564,2.564,V ugm-3 (GRAV EMFAB),False,False,False,False,4.401571428571428,1.8010366327149954
2017-04-26,Wrexham,2.689,2.689,V ugm-3 (GRAV EMFAB),False,False,False,False,3.9155714285714276,1.726642103153221
2017-04-27,Wrexham,3.062,3.062,V ugm-3 (GRAV EMFAB),False,False,False,False,3.43542857142857,1.3363746801382914
2017-04-28,Wrexham,5.635,5.635,V ugm-3 (GRAV EMFAB),False,False,False,False,3.334714285714284,1.0836634954768056
2017-04-29,Wrexham,5.51,5.51,V ugm-3 (GRAV EMFAB),False,False,False,False,3.5955714285714278,1.3650092621351395
2017-04-30,Wrexham,17.958,17.958,V ugm-3 (GRAV EMFAB),False,False,False,False,5.723571428571427,5.559908118459753
2017-05-01,Wrexham,16.64,16.64,V ugm-3 (GRAV EMFAB),False,False,False,False,7.7225714285714275,6.6734122170781545
2017-05-02,Wrexham,10.08,10.08,V ugm-3 (GRAV EMFAB),False,False,False,False,8.796285714285712,6.299248069261567
2017-05-03,Wrexham,2.32,2.32,V ugm-3 (GRAV EMFAB),False,False,False,False,8.743571428571427,6.360123737191069
2017-05-04,Wrexham,1.411,1.411,V ugm-3 (GRAV EMFAB),False,False,False,False,8.507714285714284,6.630786698280648
2017-05-05,Wrexham,7.51,7.51,V ugm-3 (GRAV EMFAB),False,False,False,False,8.775571428571427,6.532542992769454
2017-05-06,Wrexham,3.029,3.029,V ugm-3 (GRAV EMFAB),False,False,False,False,8.421142857142856,6.801035421869536
2017-05-07,Wrexham,4.066,4.066,V ugm-3 (GRAV EMFAB),False,False,False,False,6.436571428571427,5.446259507134048
2017-05-08,Wrexham,3.154,3.154,V ugm-3 (GRAV EMFAB),False,False,False,False,4.509999999999999,3.126607160059248
2017-05-09,Wrexham,3.734,3.734,V ugm-3 (GRAV EMFAB),False,False,False,False,3.6034285714285703,1.9355536552576873
2017-05-10,Wrexham,3.154,3.154,V ugm-3 (GRAV EMFAB),False,False,False,False,3.7225714285714275,1.8678704324394106
2017-05-11,Wrexham,7.635,7.635,V ugm-3 (GRAV EMFAB),False,False,False,False,4.611714285714284,2.056021620694278
2017-05-12,Wrexham,3.071,3.071,V ugm-3 (GRAV EMFAB),False,False,False,False,3.9775714285714274,1.6594240825403008
2017-05-13,Wrexham,5.021,5.021,V ugm-3 (GRAV EMFAB),False,False,False,False,4.262142857142856,1.6403362895630793
2017-05-14,Wrexham,3.651,3.651,V ugm-3 (GRAV EMFAB),False,False,False,False,4.202857142857142,1.6560313431587697
2017-05-15,Wrexham,2.033,2.033,V ugm-3 (GRAV EMFAB),False,False,False,False,4.042714285714284,1.8204073458328873
2017-05-16,Wrexham,2.946,2.946,V ugm-3 (GRAV EMFAB),False,False,False,False,3.930142857142856,1.8664613960266034
2017-05-17,Wrexham,2.697,2.697,V ugm-3 (GRAV EMFAB),False,False,False,False,3.8648571428571423,1.9057140768902294
2017-05-18,Wrexham,5.519,5.519,V ugm-3 (GRAV EMFAB),False,False,False,False,3.5625714285714274,1.269714647357716
2017-05-19,Wrexham,2.739,2.739,V ugm-3 (GRAV EMFAB),False,False,False,False,3.5151428571428562,1.2970436164052417
2017-05-20,Wrexham,2.075,2.075,V ugm-3 (GRAV EMFAB),False,False,False,False,3.0942857142857134,1.2014223118575025
2017-05-21,Wrexham,3.112,3.112,V ugm-3 (GRAV EMFAB),False,False,False,False,3.0172857142857135,1.1768158613092483
2017-05-22,Wrexham,5.187,5.187,V ugm-3 (GRAV EMFAB),False,False,False,False,3.4678571428571416,1.3308589242256004
2017-05-23,Wrexham,4.066,4.066,V ugm-3 (GRAV EMFAB),False,False,False,False,3.6278571428571422,1.324975022226552
2017-05-24,Wrexham,7.22,7.22,V ugm-3 (GRAV EMFAB),False,False,False,False,4.273999999999999,1.8095968243415697
2017-05-25,Wrexham,9.461,9.461,V ugm-3 (GRAV EMFAB),False,False,False,False,4.837142857142856,2.6702958280917537
2017-05-26,Wrexham,7.22,7.22,V ugm-3 (GRAV EMFAB),False,False,False,False,5.477285714285713,2.6201209713985163
2017-05-27,Wrexham,8.755,8.755,V ugm-3 (GRAV EMFAB),False,False,False,False,6.431571428571426,2.3798962762512703
2017-05-28,Wrexham,4.274,4.274,V ugm-3 (GRAV EMFAB),False,False,False,False,6.5975714285714275,2.13799383045134
2017-05-29,Wrexham,9.751,9.751,V ugm-3 (GRAV EMFAB),False,False,False,False,7.249571428571427,2.3239613348148986
2017-05-30,Wrexham,1.95,1.95,V ugm-3 (GRAV EMFAB),False,False,False,False,6.947285714285713,2.8785259951513846
2017-05-31,Wrexham,3.817,3.817,V ugm-3 (GRAV EMFAB),False,False,False,False,6.461142857142856,3.1033702877448444
2017-06-01,Wrexham,8.3,8.3,V ugm-3 (GRAV EMFAB),False,False,False,False,6.295285714285713,2.943216365038247
2017-06-02,Wrexham,7.76,7.76,V ugm-3 (GRAV EMFAB),False,False,False,False,6.37242857142857,2.978359999347739
2017-06-03,Wrexham,3.57,3.57,V ugm-3 (GRAV EMFAB),False,False,False,False,5.631714285714284,2.931442347735263
2017-06-04,Wrexham,3.237,3.237,V ugm-3 (GRAV EMFAB),False,False,False,False,5.483571428571428,3.0358351326087107
2017-06-05,Wrexham,10.373,10.373,V ugm-3 (GRAV EMFAB),False,False,False,False,5.57242857142857,3.186901988721128
2017-06-06,Wrexham,2.407,2.407,V ugm-3 (GRAV EMFAB),False,False,False,False,5.637714285714284,3.103927067135378
2017-06-07,Wrexham,7.718,7.718,V ugm-3 (GRAV EMFAB),False,False,False,False,6.1949999999999985,3.0725883768141986
2017-06-08,Wrexham,2.49,2.49,V ugm-3 (GRAV EMFAB),False,False,False,False,5.364999999999999,3.191616518318013
2017-06-09,Wrexham,8.963,8.963,V ugm-3 (GRAV EMFAB),False,False,False,False,5.5368571428571425,3.3695036938483294
2017-06-10,Wrexham,3.361,3.361,V ugm-3 (GRAV EMFAB),False,False,False,False,5.506999999999999,3.3906960445706513
2017-06-11,Wrexham,8.465,8.465,V ugm-3 (GRAV EMFAB),False,False,False,False,6.253857142857142,3.383125105016197
2017-06-12,Wrexham,3.195,3.195,V ugm-3 (GRAV EMFAB),False,False,False,False,5.228428571428571,2.9917095367667885
2017-06-13,Wrexham,2.49,2.49,V ugm-3 (GRAV EMFAB),False,False,False,False,5.240285714285712,2.9788001899135446
2017-06-14,Wrexham,7.064,7.064,V ugm-3 (GRAV EMFAB),False,False,False,False,5.146857142857142,2.8972765043843407
2017-06-15,Wrexham,4.906,4.906,V ugm-3 (GRAV EMFAB),False,False,False,False,5.491999999999999,2.662408809080052
2017-06-16,Wrexham,4.159,4.159,V ugm-3 (GRAV EMFAB),False,False,False,False,4.805714285714285,2.1970683280443617
2017-06-17,Wrexham,5.694,5.694,V ugm-3 (GRAV EMFAB),False,False,False,False,5.1389999999999985,2.116874740429171
2017-06-18,Wrexham,4.698,4.698,V ugm-3 (GRAV EMFAB),False,False,False,False,4.600857142857142,1.5270872523175913
2017-06-19,Wrexham,6.109,6.109,V ugm-3 (GRAV EMFAB),False,False,False,False,5.017142857142857,1.4763116686044138
2017-06-20,Wrexham,13.661,13.661,V ugm-3 (GRAV EMFAB),False,False,False,False,6.6129999999999995,3.255238649725552
2017-06-21,Wrexham,15.57,15.57,V ugm-3 (GRAV EMFAB),False,False,False,False,7.828142857142857,4.712888619823037
2017-06-22,Wrexham,4.947,4.947,V ugm-3 (GRAV EMFAB),False,False,False,False,7.833999999999999,4.7086753268125925
2017-06-23,Wrexham,1.918,1.918,V ugm-3 (GRAV EMFAB),False,False,False,False,7.513857142857142,5.063031549989672
2017-06-24,Wrexham,2.831,2.831,V ugm-3 (GRAV EMFAB),False,False,False,False,7.104857142857142,5.342471881959153
2017-06-25,Wrexham,2.956,2.956,V ugm-3 (GRAV EMFAB),False,False,False,False,6.855999999999999,5.511179244650552
2017-06-26,Wrexham,5.736,5.736,V ugm-3 (GRAV EMFAB),False,False,False,False,6.802714285714285,5.52139921017269
2017-06-27,Wrexham,9.263,9.263,V ugm-3 (GRAV EMFAB),False,False,False,False,6.174428571428571,4.816098312159058
2017-06-28,Wrexham,5.27,5.27,V ugm-3 (GRAV EMFAB),False,False,False,False,4.7029999999999985,2.4682764566934283
2017-06-29,Wrexham,2.573,2.573,V ugm-3 (GRAV EMFAB),False,False,False,False,4.3638571428571415,2.589291114608568
2017-06-30,Wrexham,3.029,3.029,V ugm-3 (GRAV EMFAB),False,False,False,False,4.522571428571427,2.4443767342715446
2017-07-01,Wrexham,9.21,9.21,V ugm-3 (GRAV EMFAB),False,False,False,False,5.433857142857142,2.8620315295591805
2017-07-02,Wrexham,,,V ugm-3 (GRAV EMFAB),False,False,False,False,5.846833333333333,2.89773272864616
2017-07-03,Wrexham,4.56,4.56,V ugm-3 (GRAV EMFAB),False,False,False,False,5.650833333333332,2.9460969038147953
2017-07-04,Wrexham,7.054,7.054,V ugm-3 (GRAV EMFAB),False,False,False,False,5.282666666666666,2.5101905638152524
2017-07-05,Wrexham,8.631,8.631,V ugm-3 (GRAV EMFAB),False,False,False,False,5.842833333333332,2.8577522227560457
2017-07-06,Wrexham,3.237,3.237,V ugm-3 (GRAV EMFAB),False,False,False,False,5.953499999999999,2.7150990221353717
2017-07-07,Wrexham,2.324,2.324,V ugm-3 (GRAV EMFAB),False,False,False,False,5.835999999999999,2.87737887668629
2017-07-08,Wrexham,2.863,2.863,V ugm-3 (GRAV EMFAB),False,False,False,False,4.778166666666666,2.535244794229375
2017-07-09,Wrexham,5.56,5.56,V ugm-3 (GRAV EMFAB),False,False,False,False,4.889857142857141,2.3331406178920164
2017-07-10,Wrexham,1.494,1.494,V ugm-3 (GRAV EMFAB),False,False,False,False,4.4518571428571425,2.6690011507786116
2017-07-11,Wrexham,5.602,5.602,V ugm-3 (GRAV EMFAB),False,False,False,False,4.24442857142857,2.4830054944994986
2017-07-12,Wrexham,3.9,3.9,V ugm-3 (GRAV EMFAB),False,False,False,False,3.5685714285714276,1.563704986790895
2017-07-13,Wrexham,4.758,4.758,V ugm-3 (GRAV EMFAB),False,False,False,False,3.785857142857142,1.6147935294821953
2017-07-14,Wrexham,2.849,2.849,V ugm-3 (GRAV EMFAB),False,False,False,False,3.860857142857142,1.5463208408533993
2017-07-15,Wrexham,2.434,2.434,V ugm-3 (GRAV EMFAB),False,False,False,False,3.799571428571428,1.6000291515202802
2017-07-16,Wrexham,1.48,1.48,V ugm-3 (GRAV EMFAB),False,False,False,False,3.2167142857142847,1.5949819972115695
2017-07-17,Wrexham,7.372,7.372,V ugm-3 (GRAV EMFAB),False,False,False,False,4.05642857142857,2.0259409219046924
2017-07-18,Wrexham,8.368,8.368,V ugm-3 (GRAV EMFAB),False,False,False,False,4.451571428571428,2.573406034625711
2017-07-19,Wrexham,9.281,9.281,V ugm-3 (GRAV EMFAB),False,False,False,False,5.220285714285714,3.1256255221574922
2017-07-20,Wrexham,,,V ugm-3 (GRAV EMFAB),False,False,False,False,5.297333333333333,3.41666162601261
2017-07-21,Wrexham,,,V ugm-3 (GRAV EMFAB),False,False,False,False,5.786999999999999,3.5768240102080178
2017-07-22,Wrexham,,,V ugm-3 (GRAV EMFAB),False,False,False,False,6.6252499999999985,3.5176421435388674
2017-07-23,Wrexham,,,V ugm-3 (GRAV EMFAB),False,False,False,False,8.340333333333332,0.954800677279973
2017-07-24,Wrexham,,,V ugm-3 (GRAV EMFAB),False,False,False,False,8.824499999999997,0.6455884912247543
2017-07-25,Wrexham,6.501,6.501,V ugm-3 (GRAV EMFAB),False,False,False,False,7.8909999999999965,1.9657568516991075
2017-07-26,Wrexham,4.315,4.315,V ugm-3 (GRAV EMFAB),False,False,False,False,5.407999999999997,1.5457354236745477
2017-07-27,Wrexham,3.361,3.361,V ugm-3 (GRAV EMFAB),False,False,False,False,4.7256666666666645,1.6097780385303273
2017-07-28,Wrexham,1.369,1.369,V ugm-3 (GRAV EMFAB),False,False,False,False,3.8864999999999985,2.1317581945429107
2017-07-29,Wrexham,3.402,3.402,V ugm-3 (GRAV EMFAB),False,False,False,False,3.7895999999999987,1.8588283406491952
2017-07-30,Wrexham,2.656,2.656,V ugm-3 (GRAV EMFAB),False,False,False,False,3.600666666666666,1.7257951983555826
2017-07-31,Wrexham,2.116,2.116,V ugm-3 (GRAV EMFAB),False,False,False,False,3.388571428571428,1.6723830160526592
2017-08-01,Wrexham,7.55,7.55,V ugm-3 (GRAV EMFAB),False,False,False,False,3.5384285714285704,2.010566492073329
2017-08-02,Wrexham,18.17,18.17,V ugm-3 (GRAV EMFAB),False,False,False,False,5.517714285714285,5.920460024758405
2017-08-03,Wrexham,3.15,3.15,V ugm-3 (GRAV EMFAB),False,False,False,False,5.487571428571427,5.933792712286245
2017-08-04,Wrexham,15.892,15.892,V ugm-3 (GRAV EMFAB),False,False,False,False,7.562285714285713,6.738172395991036
2017-08-05,Wrexham,9.585,9.585,V ugm-3 (GRAV EMFAB),False,False,False,False,8.445571428571428,6.503074192440162
2017-08-06,Wrexham,2.863,2.863,V ugm-3 (GRAV EMFAB),False,False,False,False,8.475142857142856,6.472759443199178
2017-08-07,Wrexham,3.154,3.154,V ugm-3 (GRAV EMFAB),False,False,False,False,8.62342857142857,6.312707180947115
2017-08-08,Wrexham,2.531,2.531,V ugm-3 (GRAV EMFAB),False,False,False,False,7.906428571428571,6.726421110247356
2017-08-09,Wrexham,1.909,1.909,V ugm-3 (GRAV EMFAB),False,False,False,False,5.583428571428571,5.233265292248043
2017-08-10,Wrexham,6.39,6.39,V ugm-3 (GRAV EMFAB),False,False,False,False,6.046285714285714,5.124316530500655
2017-08-11,Wrexham,7.22,7.22,V ugm-3 (GRAV EMFAB),False,False,False,False,4.807428571428571,2.922552129968146
2017-08-12,Wrexham,2.49,2.49,V ugm-3 (GRAV EMFAB),False,False,False,False,3.7938571428571417,2.105621953135041
2017-08-13,Wrexham,4.44,4.44,V ugm-3 (GRAV EMFAB),False,False,False,False,4.019142857142856,2.0735473974626717
2017-08-14,Wrexham,5.602,5.602,V ugm-3 (GRAV EMFAB),False,False,False,False,4.368857142857142,2.109441350102963
2017-08-15,Wrexham,1.618,1.618,V ugm-3 (GRAV EMFAB),False,False,False,False,4.23842857142857,2.2645408553865156
2017-08-16,Wrexham,4.232,4.232,V ugm-3 (GRAV EMFAB),False,False,False,False,4.570285714285713,2.0236835815155576
2017-08-17,Wrexham,3.734,3.734,V ugm-3 (GRAV EMFAB),False,False,False,False,4.190857142857142,1.8686903995911723
2017-08-18,Wrexham,2.573,2.573,V ugm-3 (GRAV EMFAB),False,False,False,False,3.5269999999999997,1.3728822479248133
2017-08-19,Wrexham,7.469,7.469,V ugm-3 (GRAV EMFAB),False,False,False,False,4.2382857142857135,1.9248955568451784
2017-08-20,Wrexham,3.485,3.485,V ugm-3 (GRAV EMFAB),False,False,False,False,4.101857142857143,1.9419834730306584
2017-08-21,Wrexham,4.523,4.523,V ugm-3 (GRAV EMFAB),False,False,False,False,3.9477142857142846,1.8433850849534894
2017-08-22,Wrexham,5.187,5.187,V ugm-3 (GRAV EMFAB),False,False,False,False,4.457571428571428,1.564022150007693
2017-08-23,Wrexham,5.892,5.892,V ugm-3 (GRAV EMFAB),False,False,False,False,4.6947142857142845,1.6477275982684865
2017-08-24,Wrexham,3.278,3.278,V ugm-3 (GRAV EMFAB),False,False,False,False,4.629571428571427,1.7002176191244902
2017-08-25,Wrexham,4.191,4.191,V ugm-3 (GRAV EMFAB),False,False,False,False,4.860714285714285,1.468179679545036
2017-08-26,Wrexham,5.145,5.145,V ugm-3 (GRAV EMFAB),False,False,False,False,4.528714285714284,0.9521384203092378
2017-08-27,Wrexham,4.979,4.979,V ugm-3 (GRAV EMFAB),False,False,False,False,4.7421428571428565,0.8400357985571435
2017-08-28,Wrexham,4.938,4.938,V ugm-3 (GRAV EMFAB),False,False,False,False,4.801428571428571,0.8366295191907502
2017-08-29,Wrexham,5.021,5.021,V ugm-3 (GRAV EMFAB),False,False,False,False,4.777714285714285,0.8261661887471342
2017-08-30,Wrexham,5.062,5.062,V ugm-3 (GRAV EMFAB),False,False,False,False,4.6591428571428555,0.687516649149342
2017-08-31,Wrexham,4.73,4.73,V ugm-3 (GRAV EMFAB),False,False,False,False,4.866571428571427,0.3246417806054506
2017-09-01,Wrexham,3.49,3.49,V ugm-3 (GRAV EMFAB),False,False,False,False,4.766428571428571,0.5774521212891562
2017-09-02,Wrexham,14.4,14.4,V ugm-3 (GRAV EMFAB),False,False,False,False,6.088571428571427,3.70645058679882
2017-09-03,Wrexham,6.39,6.39,V ugm-3 (GRAV EMFAB),False,False,False,False,6.290142857142856,3.6742788148865584
2017-09-04,Wrexham,14.73,14.73,V ugm-3 (GRAV EMFAB),False,False,False,False,7.688999999999999,4.773315374733477
2017-09-05,Wrexham,11.452,11.452,V ugm-3 (GRAV EMFAB),False,False,False,False,8.607714285714284,4.793066718858489
2017-09-06,Wrexham,4.523,4.523,V ugm-3 (GRAV EMFAB),False,False,False,False,8.530714285714286,4.863336122261708
2017-09-07,Wrexham,1.992,1.992,V ugm-3 (GRAV EMFAB),False,False,False,False,8.139571428571427,5.309592509698644
2017-09-08,Wrexham,4.315,4.315,V ugm-3 (GRAV EMFAB),False,False,False,False,8.257428571428571,5.197150432597457
2017-09-09,Wrexham,2.531,2.531,V ugm-3 (GRAV EMFAB),False,False,False,False,6.561857142857142,4.778394061766376
2017-09-10,Wrexham,3.983,3.983,V ugm-3 (GRAV EMFAB),False,False,False,False,6.217999999999999,4.878380947267958
2017-09-11,Wrexham,8.133,8.133,V ugm-3 (GRAV EMFAB),False,False,False,False,5.275571428571427,3.361236967603047
2017-09-12,Wrexham,4.772,4.772,V ugm-3 (GRAV EMFAB),False,False,False,False,4.321285714285714,1.979821937640428
2017-09-13,Wrexham,1.411,1.411,V ugm-3 (GRAV EMFAB),False,False,False,False,3.8767142857142844,2.256979450082708
2017-09-14,Wrexham,1.784,1.784,V ugm-3 (GRAV EMFAB),False,False,False,False,3.8469999999999986,2.287096485357305
2017-09-15,Wrexham,3.195,3.195,V ugm-3 (GRAV EMFAB),False,False,False,False,3.6869999999999985,2.288075683480278
2017-09-16,Wrexham,3.61,3.61,V ugm-3 (GRAV EMFAB),False,False,False,False,3.841142857142856,2.232898521994274
2017-09-17,Wrexham,4.274,4.274,V ugm-3 (GRAV EMFAB),False,False,False,False,3.8827142857142847,2.238681138102441
2017-09-18,Wrexham,4.025,4.025,V ugm-3 (GRAV EMFAB),False,False,False,False,3.2958571428571415,1.265876959341188
2017-09-19,Wrexham,4.73,4.73,V ugm-3 (GRAV EMFAB),False,False,False,False,3.289857142857142,1.2577879297365244
2017-09-20,Wrexham,3.029,3.029,V ugm-3 (GRAV EMFAB),False,False,False,False,3.5209999999999986,0.9709218986786448
2017-09-21,Wrexham,1.618,1.618,V ugm-3 (GRAV EMFAB),False,False,False,False,3.4972857142857134,1.0211463679425767
2017-09-22,Wrexham,3.154,3.154,V ugm-3 (GRAV EMFAB),False,False,False,False,3.4914285714285707,1.0232845575472629
2017-09-23,Wrexham,3.9,3.9,V ugm-3 (GRAV EMFAB),False,False,False,False,3.532857142857142,1.0346919716470633
2017-09-24,Wrexham,11.66,11.66,V ugm-3 (GRAV EMFAB),False,False,False,False,4.587999999999999,3.269337292683905
2017-09-25,Wrexham,10.996,10.996,V ugm-3 (GRAV EMFAB),False,False,False,False,5.583857142857142,4.040106699439696
2017-09-26,Wrexham,25.27,25.27,V ugm-3 (GRAV EMFAB),True,True,False,False,8.518142857142857,8.411100729166831
2017-09-27,Wrexham,29.834,29.834,V ugm-3 (GRAV EMFAB),True,True,False,False,12.34742857142857,11.15101464527098
2017-09-28,Wrexham,4.149,4.149,V ugm-3 (GRAV EMFAB),False,False,False,False,12.709,10.779990893626344
2017-09-29,Wrexham,4.772,4.772,V ugm-3 (GRAV EMFAB),False,False,False,False,12.940142857142856,10.55598705993542
2017-09-30,Wrexham,3.776,3.776,V ugm-3 (GRAV EMFAB),False,False,False,False,12.92242857142857,10.57377504106494
2017-10-01,Wrexham,7.84,7.84,V ugm-3 (GRAV EMFAB),False,False,False,False,12.376714285714284,10.746945592652306
2017-10-02,Wrexham,14.32,14.32,V ugm-3 (GRAV EMFAB),False,False,False,False,12.851571428571427,10.749206170025513
2017-10-03,Wrexham,10.75,10.75,V ugm-3 (GRAV EMFAB),False,False,False,False,10.777285714285714,9.249803650425715
2017-10-04,Wrexham,,,V ugm-3 (GRAV EMFAB),False,False,False,False,7.601166666666667,4.234818835164863
2017-10-05,Wrexham,,,V ugm-3 (GRAV EMFAB),False,False,False,False,8.291599999999999,4.340723073406148
2017-10-06,Wrexham,2.448,2.448,V ugm-3 (GRAV EMFAB),False,False,False,False,7.826799999999999,4.900188486170765
2017-10-07,Wrexham,3.9,3.9,V ugm-3 (GRAV EMFAB),False,False,False,False,7.851599999999998,4.874810027067776
2017-10-08,Wrexham,4.564,4.564,V ugm-3 (GRAV EMFAB),False,False,False,False,7.196399999999999,5.09207313380322
2017-10-09,Wrexham,2.739,2.739,V ugm-3 (GRAV EMFAB),False,False,False,False,4.8801999999999985,3.391742207185065
2017-10-10,Wrexham,2.656,2.656,V ugm-3 (GRAV EMFAB),False,False,False,False,3.2613999999999983,0.9227143653377586
2017-10-11,Wrexham,6.763,6.763,V ugm-3 (GRAV EMFAB),False,False,False,False,3.844999999999999,1.650652961709552
2017-10-12,Wrexham,11.286,11.286,V ugm-3 (GRAV EMFAB),False,False,False,False,4.9079999999999995,3.1906627838116033
2017-10-13,Wrexham,1.328,1.328,V ugm-3 (GRAV EMFAB),False,False,False,False,4.747999999999998,3.358262794958193
2017-10-14,Wrexham,5.353,5.353,V ugm-3 (GRAV EMFAB),False,False,False,False,4.955571428571427,3.3419778005019762
2017-10-15,Wrexham,10.705,10.705,V ugm-3 (GRAV EMFAB),False,False,False,False,5.832857142857143,3.969216607366102
2017-10-16,Wrexham,12.988,12.988,V ugm-3 (GRAV EMFAB),False,False,False,False,7.296999999999999,4.493443371550787
2017-10-17,Wrexham,4.896,4.896,V ugm-3 (GRAV EMFAB),False,False,False,False,7.616999999999998,4.17642829859842
2017-10-18,Wrexham,10.29,10.29,V ugm-3 (GRAV EMFAB),False,False,False,False,8.120857142857142,4.267978226614739
2017-10-19,Wrexham,9.627,9.627,V ugm-3 (GRAV EMFAB),False,False,False,False,7.883857142857141,4.105910026152241
2017-10-20,Wrexham,2.531,2.531,V ugm-3 (GRAV EMFAB),False,False,False,False,8.055714285714284,3.799518728921983
2017-10-21,Wrexham,2.241,2.241,V ugm-3 (GRAV EMFAB),False,False,False,False,7.611142857142856,4.315491220729204
2017-10-22,Wrexham,2.905,2.905,V ugm-3 (GRAV EMFAB),False,False,False,False,6.496857142857142,4.389859277492942
2017-10-23,Wrexham,4.274,4.274,V ugm-3 (GRAV EMFAB),False,False,False,False,5.252,3.3561798720172518
2017-10-24,Wrexham,0.996,0.996,V ugm-3 (GRAV EMFAB),False,False,False,False,4.694857142857141,3.728216795760527
2017-10-25,Wrexham,2.573,2.573,V ugm-3 (GRAV EMFAB),False,False,False,False,3.5924285714285706,2.8309838017400812
2017-10-26,Wrexham,5.768,5.768,V ugm-3 (GRAV EMFAB),False,False,False,False,3.041142857142856,1.5425337844568983
2017-10-27,Wrexham,4.066,4.066,V ugm-3 (GRAV EMFAB),False,False,False,False,3.2604285714285703,1.5668410743854635
2017-10-28,Wrexham,1.867,1.867,V ugm-3 (GRAV EMFAB),False,False,False,False,3.2069999999999994,1.6130908219937408
2017-10-29,Wrexham,7.261,7.261,V ugm-3 (GRAV EMFAB),False,False,False,False,3.8292857142857133,2.2077668743390917
2017-10-30,Wrexham,10.332,10.332,V ugm-3 (GRAV EMFAB),False,False,False,False,4.6947142857142845,3.3188894585532154
2017-10-31,Wrexham,6.846,6.846,V ugm-3 (GRAV EMFAB),False,False,False,False,5.530428571428571,2.9481287204566486
2017-11-01,Wrexham,6.47,6.47,V ugm-3 (GRAV EMFAB),False,False,False,False,6.087142857142856,2.6493921585005498
2017-11-02,Wrexham,9.79,9.79,V ugm-3 (GRAV EMFAB),False,False,False,False,6.661714285714284,2.983679088769817
2017-11-03,Wrexham,11.7,11.7,V ugm-3 (GRAV EMFAB),False,False,False,False,7.752285714285713,3.2592231545920463
2017-11-04,Wrexham,,,V ugm-3 (GRAV EMFAB),False,False,False,False,8.733166666666666,2.159900962235786
2017-11-05,Wrexham,21.162,21.162,V ugm-3 (GRAV EMFAB),False,False,False,False,11.049999999999997,5.355897385126077
2017-11-06,Wrexham,4.813,4.813,V ugm-3 (GRAV EMFAB),False,False,False,False,10.130166666666666,5.945355646777326
2017-11-07,Wrexham,5.643,5.643,V ugm-3 (GRAV EMFAB),False,False,False,False,9.929666666666664,6.096621709329441
2017-11-08,Wrexham,3.278,3.278,V ugm-3 (GRAV EMFAB),False,False,False,False,9.397666666666664,6.579076125617262
2017-11-09,Wrexham,2.905,2.905,V ugm-3 (GRAV EMFAB),False,False,False,False,8.250166666666665,7.078438681423119
2017-11-10,Wrexham,2.822,2.822,V ugm-3 (GRAV EMFAB),False,False,False,False,6.770499999999998,7.14070911744768
2017-11-11,Wrexham,8.797,8.797,V ugm-3 (GRAV EMFAB),False,False,False,False,7.059999999999998,6.563391704497532
2017-11-12,Wrexham,7.012,7.012,V ugm-3 (GRAV EMFAB),False,False,False,False,5.038571428571427,2.273079765218986
2017-11-13,Wrexham,5.145,5.145,V ugm-3 (GRAV EMFAB),False,False,False,False,5.0859999999999985,2.271051445182836
2017-11-14,Wrexham,4.855,4.855,V ugm-3 (GRAV EMFAB),False,False,False,False,4.97342857142857,2.2583347004038177
2017-11-15,Wrexham,7.51,7.51,V ugm-3 (GRAV EMFAB),False,False,False,False,5.5779999999999985,2.294980900428957
2017-11-16,Wrexham,5.311,5.311,V ugm-3 (GRAV EMFAB),False,False,False,False,5.921714285714285,1.9875029320135031
2017-11-17,Wrexham,2.946,2.946,V ugm-3 (GRAV EMFAB),False,False,False,False,5.93942857142857,1.9555671689771534
2017-11-18,Wrexham,3.776,3.776,V ugm-3 (GRAV EMFAB),False,False,False,False,5.222142857142856,1.6257651971274492
2017-11-19,Wrexham,5.311,5.311,V ugm-3 (GRAV EMFAB),False,False,False,False,4.979142857142856,1.4288479541892685
2017-11-20,Wrexham,4.523,4.523,V ugm-3 (GRAV EMFAB),False,False,False,False,4.890285714285713,1.4361364506070753
2017-11-21,Wrexham,3.195,3.195,V ugm-3 (GRAV EMFAB),False,False,False,False,4.653142857142855,1.57342613729536
2017-11-22,Wrexham,4.813,4.813,V ugm-3 (GRAV EMFAB),False,False,False,False,4.2678571428571415,0.9728673134216215
2017-11-23,Wrexham,4.025,4.025,V ugm-3 (GRAV EMFAB),False,False,False,False,4.084142857142856,0.8576519162948373
2017-11-24,Wrexham,5.934,5.934,V ugm-3 (GRAV EMFAB),False,False,False,False,4.510999999999998,0.936710022721577
2017-11-25,Wrexham,3.195,3.195,V ugm-3 (GRAV EMFAB),False,False,False,False,4.427999999999999,1.0334377904194614
2017-11-26,Wrexham,3.32,3.32,V ugm-3 (GRAV EMFAB),False,False,False,False,4.143571428571428,1.0238521796210047
2017-11-27,Wrexham,3.402,3.402,V ugm-3 (GRAV EMFAB),False,False,False,False,3.9834285714285707,1.0421197719302793
2017-11-28,Wrexham,4.772,4.772,V ugm-3 (GRAV EMFAB),False,False,False,False,4.208714285714285,1.0133304354597106
2017-11-29,Wrexham,,,V ugm-3 (GRAV EMFAB),False,False,False,False,4.107999999999999,1.0709817925625422
2017-11-30,Wrexham,4.066,4.066,V ugm-3 (GRAV EMFAB),False,False,False,False,4.1148333333333325,1.0704769809141823
2017-12-01,Wrexham,3.78,3.78,V ugm-3 (GRAV EMFAB),False,False,False,False,3.755833333333332,0.5931382357150385
2017-12-02,Wrexham,16.64,16.64,V ugm-3 (GRAV EMFAB),False,False,False,False,5.996666666666665,5.240577779850912
2017-12-03,Wrexham,5.27,5.27,V ugm-3 (GRAV EMFAB),False,False,False,False,6.321666666666665,5.099961320114802
2017-12-04,Wrexham,,,V ugm-3 (GRAV EMFAB),False,False,False,False,6.905599999999998,5.473086039886504
2017-12-05,Wrexham,20.539,20.539,V ugm-3 (GRAV EMFAB),False,False,False,False,10.059,7.928057328248862
2017-12-06,Wrexham,3.651,3.651,V ugm-3 (GRAV EMFAB),False,False,False,False,8.991,7.5582417532122115
2017-12-07,Wrexham,5.214,5.214,V ugm-3 (GRAV EMFAB),False,False,False,False,9.182333333333332,7.421934321096291
2017-12-08,Wrexham,2.199,2.199,V ugm-3 (GRAV EMFAB),False,False,False,False,8.918833333333332,7.675815146723315
2017-12-09,Wrexham,2.78,2.78,V ugm-3 (GRAV EMFAB),False,False,False,False,6.608833333333332,6.937477219181848
2017-12-10,Wrexham,3.859,3.859,V ugm-3 (GRAV EMFAB),False,False,False,False,6.373666666666666,7.015415017421786
2017-12-11,Wrexham,4.108,4.108,V ugm-3 (GRAV EMFAB),False,False,False,False,6.049999999999999,6.461168160634761
2017-12-12,Wrexham,,,V ugm-3 (GRAV EMFAB),False,False,False,False,3.6351666666666653,1.054563685448707
2017-12-13,Wrexham,,,V ugm-3 (GRAV EMFAB),False,False,False,False,3.631999999999999,1.179006149263275
2017-12-14,Wrexham,1.967,1.967,V ugm-3 (GRAV EMFAB),False,False,False,False,2.982599999999999,0.9645103939308436
2017-12-15,Wrexham,3.253,3.253,V ugm-3 (GRAV EMFAB),False,False,False,False,3.1933999999999987,0.8599455215306525
2017-12-16,Wrexham,5.701,5.701,V ugm-3 (GRAV EMFAB),False,False,False,False,3.7775999999999983,1.357270717285469
2017-12-17,Wrexham,3.461,3.461,V ugm-3 (GRAV EMFAB),False,False,False,False,3.697999999999998,1.3629622151771534
2017-12-18,Wrexham,12.382,12.382,V ugm-3 (GRAV EMFAB),False,False,False,False,5.3527999999999984,4.152788364460748
2017-12-19,Wrexham,9.975,9.975,V ugm-3 (GRAV EMFAB),False,False,False,False,6.123166666666665,4.1662104803606725
2017-12-20,Wrexham,6.158,6.158,V ugm-3 (GRAV EMFAB),False,False,False,False,6.128142857142856,3.803235220553353
2017-12-21,Wrexham,4.498,4.498,V ugm-3 (GRAV EMFAB),False,False,False,False,6.489714285714285,3.4451586182296845
2017-12-22,Wrexham,11.012,11.012,V ugm-3 (GRAV EMFAB),False,False,False,False,7.598142857142856,3.4782456990352886
2017-12-23,Wrexham,,,V ugm-3 (GRAV EMFAB),False,False,False,False,7.9143333333333326,3.6983820606674844
2017-12-24,Wrexham,,,V ugm-3 (GRAV EMFAB),False,False,False,False,8.805,3.3388447103752035
2017-12-25,Wrexham,,,V ugm-3 (GRAV EMFAB),False,False,False,False,7.910749999999999,3.0874949257719173
2017-12-26,Wrexham,,,V ugm-3 (GRAV EMFAB),False,False,False,False,7.222666666666666,3.3849941408124153
2017-12-27,Wrexham,,,V ugm-3 (GRAV EMFAB),False,False,False,False,7.754999999999999,4.6060935726493915
2017-12-28,Wrexham,5.539,5.539,V ugm-3 (GRAV EMFAB),False,False,False,False,8.275499999999997,3.869995413433976
2017-12-29,Wrexham,,,V ugm-3 (GRAV EMFAB),False,False,False,False,5.539,
2017-12-30,Wrexham,7.448,7.448,V ugm-3 (GRAV EMFAB),False,False,False,False,6.4934999999999965,1.3498668452851197
2018-01-01,Wrexham,2.801,2.801,V ugm-3 (GRAV EMFAB),False,False,False,False,5.262666666666664,2.3357915860224634
2018-01-02,Wrexham,4.108,4.108,V ugm-3 (GRAV EMFAB),False,False,False,False,4.973999999999998,1.992635273534355
2018-01-03,Wrexham,,,V ugm-3 (GRAV EMFAB),False,False,False,False,4.973999999999998,1.992635273534355
2018-01-04,Wrexham,7.884,7.884,V ugm-3 (GRAV EMFAB),False,False,False,False,5.555999999999999,2.1613806929830757
2018-01-05,Wrexham,2.988,2.988,V ugm-3 (GRAV EMFAB),False,False,False,False,5.045799999999998,2.4484219816036616
2018-01-06,Wrexham,14.606,14.606,V ugm-3 (GRAV EMFAB),False,False,False,False,6.639166666666665,4.475345815316026
2018-01-07,Wrexham,10.083,10.083,V ugm-3 (GRAV EMFAB),False,False,False,False,7.078333333333332,4.6945111211569905
2018-01-08,Wrexham,3.568,3.568,V ugm-3 (GRAV EMFAB),False,False,False,False,7.2061666666666655,4.563353697300558
2018-01-09,Wrexham,9.627,9.627,V ugm-3 (GRAV EMFAB),False,False,False,False,8.126,4.365918505881666
2018-01-10,Wrexham,,,,False,False,False,False,8.126,4.365918505881666
2018-01-11,Wrexham,,,,False,False,False,False,8.174399999999999,4.8794452860955415
2018-01-12,Wrexham,,,,False,False,False,False,9.470999999999998,4.531832374069751
2018-01-13,Wrexham,15.726,15.726,V ugm-3 (GRAV EMFAB),False,False,False,False,9.750999999999998,4.9684240962301125
2018-01-14,Wrexham,22.407,22.407,V ugm-3 (GRAV EMFAB),False,False,False,False,12.831999999999999,8.085987509265644
2018-01-15,Wrexham,1.452,1.452,V ugm-3 (GRAV EMFAB),False,False,False,False,12.302999999999999,8.920256386449887
2018-01-16,Wrexham,2.324,2.324,V ugm-3 (GRAV EMFAB),False,False,False,False,10.477249999999998,10.292374762415134
2018-01-17,Wrexham,4.315,4.315,V ugm-3 (GRAV EMFAB),False,False,False,False,9.2448,9.329758769657444
2018-01-18,Wrexham,2.78,2.78,V ugm-3 (GRAV EMFAB),False,False,False,False,8.167333333333334,8.752206891217018
2018-01-19,Wrexham,3.402,3.402,V ugm-3 (GRAV EMFAB),False,False,False,False,7.486571428571429,8.1901360561988
2018-01-20,Wrexham,10.0,10.0,V ugm-3 (GRAV EMFAB),False,False,False,False,6.668571428571427,7.485711319065205
2018-01-21,Wrexham,7.22,7.22,V ugm-3 (GRAV EMFAB),False,False,False,False,4.498999999999999,3.0515543034110744
2018-01-22,Wrexham,5.768,5.768,V ugm-3 (GRAV EMFAB),False,False,False,False,5.115571428571427,2.754902651464767
2018-01-23,Wrexham,3.651,3.651,V ugm-3 (GRAV EMFAB),False,False,False,False,5.305142857142856,2.570261622777688
2018-01-24,Wrexham,,,V ugm-3 (GRAV EMFAB),False,False,False,False,5.470166666666667,2.774659937121421
2018-01-25,Wrexham,4.606,4.606,V ugm-3 (GRAV EMFAB),False,False,False,False,5.774499999999999,2.507898064116638
2018-01-26,Wrexham,5.809,5.809,V ugm-3 (GRAV EMFAB),False,False,False,False,6.1756666666666655,2.229555531191509
2018-01-27,Wrexham,3.112,3.112,V ugm-3 (GRAV EMFAB),False,False,False,False,5.027666666666666,1.5302087003630078
2018-01-28,Wrexham,2.905,2.905,V ugm-3 (GRAV EMFAB),False,False,False,False,4.308499999999999,1.2887107898981742
2018-01-29,Wrexham,3.071,3.071,V ugm-3 (GRAV EMFAB),False,False,False,False,3.8589999999999987,1.13954745403602
2018-01-30,Wrexham,6.598,6.598,V ugm-3 (GRAV EMFAB),False,False,False,False,4.350166666666666,1.5814063888408454
2018-01-31,Wrexham,1.867,1.867,V ugm-3 (GRAV EMFAB),False,False,False,False,3.99542857142857,1.7218920656400811
2018-02-01,Wrexham,6.95,6.95,V ugm-3 (GRAV EMFAB),False,False,False,False,4.330285714285713,2.055937070558148
2018-02-02,Wrexham,6.929,6.929,V ugm-3 (GRAV EMFAB),False,False,False,False,4.490285714285713,2.2266860064743192
2018-02-03,Wrexham,,,V ugm-3 (GRAV EMFAB),False,False,False,False,4.719999999999999,2.346593275367501
2018-02-04,Wrexham,6.266,6.266,V ugm-3 (GRAV EMFAB),False,False,False,False,5.280166666666665,2.224664956047684
2018-02-05,Wrexham,2.199,2.199,V ugm-3 (GRAV EMFAB),False,False,False,False,5.134833333333332,2.4179375853538163
2018-02-06,Wrexham,5.809,5.809,V ugm-3 (GRAV EMFAB),False,False,False,False,5.003333333333333,2.3427335031254928
2018-02-07,Wrexham,9.004,9.004,V ugm-3 (GRAV EMFAB),False,False,False,False,6.192833333333333,2.241485526758235
2018-02-08,Wrexham,1.12,1.12,V ugm-3 (GRAV EMFAB),False,False,False,False,5.221166666666666,2.987199586011394
2018-02-09,Wrexham,6.224,6.224,V ugm-3 (GRAV EMFAB),False,False,False,False,5.1036666666666655,2.919690029209718
2018-02-10,Wrexham,,,,False,False,False,False,5.1036666666666655,2.919690029209718
2018-02-11,Wrexham,,,,False,False,False,False,4.871199999999999,3.2016295382195565
2018-02-12,Wrexham,,,,False,False,False,False,5.539249999999998,3.2698578333010078
2018-02-13,Wrexham,5.892,5.892,V ugm-3 (GRAV EMFAB),False,False,False,False,5.559999999999998,3.2724025832202597
2018-02-14,Wrexham,7.054,7.054,V ugm-3 (GRAV EMFAB),False,False,False,False,5.072499999999998,2.6799335190759175
2018-02-15,Wrexham,4.689,4.689,V ugm-3 (GRAV EMFAB),False,False,False,False,5.964749999999999,0.98090209331341
2018-02-16,Wrexham,6.805,6.805,V ugm-3 (GRAV EMFAB),False,False,False,False,6.109999999999998,1.0709693428540783
2018-02-17,Wrexham,9.502,9.502,V ugm-3 (GRAV EMFAB),False,False,False,False,6.788399999999998,1.7780225814089012
2018-02-18,Wrexham,9.502,9.502,V ugm-3 (GRAV EMFAB),False,False,False,False,7.240666666666666,1.9381337071179185
2018-02-19,Wrexham,6.722,6.722,V ugm-3 (GRAV EMFAB),False,False,False,False,7.166571428571428,1.7800934298647364
2018-02-20,Wrexham,6.763,6.763,V ugm-3 (GRAV EMFAB),False,False,False,False,7.2909999999999995,1.7050100683964642
2018-02-21,Wrexham,11.177,11.177,V ugm-3 (GRAV EMFAB),False,False,False,False,7.88,2.238255868602452
2018-02-22,Wrexham,,,V ugm-3 (GRAV EMFAB),False,False,False,False,8.411833333333332,1.9067865550885994
2018-02-23,Wrexham,,,V ugm-3 (GRAV EMFAB),False,False,False,False,8.7332,1.9417053586988884
2018-02-24,Wrexham,,,V ugm-3 (GRAV EMFAB),False,False,False,False,8.540999999999999,2.1864782947318053
2018-02-25,Wrexham,,,V ugm-3 (GRAV EMFAB),False,False,False,False,8.220666666666665,2.5603418391561084
2018-02-26,Wrexham,,,V ugm-3 (GRAV EMFAB),False,False,False,False,8.969999999999997,3.1211693321574074
2018-02-27,Wrexham,,,V ugm-3 (GRAV EMFAB),False,False,False,False,11.177,
2018-02-28,Wrexham,,,V ugm-3 (GRAV EMFAB),False,False,False,False,,
2018-03-01,Wrexham,7.282,7.282,V ugm-3 (GRAV EMFAB),False,False,False,False,7.282,
2018-03-02,Wrexham,5.145,5.145,V ugm-3 (GRAV EMFAB),False,False,False,False,6.213499999999996,1.5110871913956523
2018-03-03,Wrexham,,,V ugm-3 (GRAV EMFAB),False,False,False,False,6.213499999999996,1.5110871913956523
2018-03-04,Wrexham,4.772,4.772,V ugm-3 (GRAV EMFAB),False,False,False,False,5.732999999999997,1.3543755018457768
2018-03-05,Wrexham,5.768,5.768,V ugm-3 (GRAV EMFAB),False,False,False,False,5.741749999999998,1.1059814269085473
2018-03-06,Wrexham,4.564,4.564,V ugm-3 (GRAV EMFAB),False,False,False,False,5.506199999999998,1.0930760266330972
2018-03-07,Wrexham,6.722,6.722,V ugm-3 (GRAV EMFAB),False,False,False,False,5.708833333333332,1.0964550910396043
2018-03-08,Wrexham,2.116,2.116,V ugm-3 (GRAV EMFAB),False,False,False,False,4.847833333333332,1.548982945892777
2018-03-09,Wrexham,2.946,2.946,V ugm-3 (GRAV EMFAB),False,False,False,False,4.481333333333333,1.715777918807287
2018-03-10,Wrexham,,,,False,False,False,False,4.481333333333333,1.715777918807287
2018-03-11,Wrexham,,,,False,False,False,False,4.423199999999999,1.9116802033813076
2018-03-12,Wrexham,,,,False,False,False,False,4.086999999999999,2.0295710548454973
2018-03-13,Wrexham,6.421,6.421,V ugm-3 (GRAV EMFAB),False,False,False,False,4.551249999999999,2.3604654025565943
2018-03-14,Wrexham,7.998,7.998,V ugm-3 (GRAV EMFAB),False,False,False,False,4.870249999999999,2.797396214935119
2018-03-15,Wrexham,8.081,8.081,V ugm-3 (GRAV EMFAB),False,False,False,False,6.361499999999999,2.4016656025905574
2018-03-16,Wrexham,13.641,13.641,V ugm-3 (GRAV EMFAB),False,False,False,False,9.035249999999998,3.1640541899067833
2018-03-17,Wrexham,5.923,5.923,V ugm-3 (GRAV EMFAB),False,False,False,False,8.412799999999999,3.073377490644454
2018-03-18,Wrexham,,,V ugm-3 (GRAV EMFAB),False,False,False,False,8.412799999999999,3.073377490644454
2018-03-19,Wrexham,,,V ugm-3 (GRAV EMFAB),False,False,False,False,8.412799999999999,3.073377490644454
2018-03-20,Wrexham,,,V ugm-3 (GRAV EMFAB),False,False,False,False,8.910749999999998,3.3077440827045055
2018-03-21,Wrexham,7.967,7.967,V ugm-3 (GRAV EMFAB),False,False,False,False,8.902999999999999,3.3106305542398826
2018-03-22,Wrexham,5.934,5.934,V ugm-3 (GRAV EMFAB),False,False,False,False,8.366249999999997,3.645440016879536
2018-03-23,Wrexham,3.485,3.485,V ugm-3 (GRAV EMFAB),False,False,False,False,5.8272499999999985,1.8335056358426238
2018-03-24,Wrexham,7.012,7.012,V ugm-3 (GRAV EMFAB),False,False,False,False,6.099499999999998,1.9307350068475644
2018-03-25,Wrexham,3.734,3.734,V ugm-3 (GRAV EMFAB),False,False,False,False,5.6263999999999985,1.9786160062023146
2018-03-26,Wrexham,5.809,5.809,V ugm-3 (GRAV EMFAB),False,False,False,False,5.656833333333332,1.7712973117652115
2018-03-27,Wrexham,3.444,3.444,V ugm-3 (GRAV EMFAB),False,False,False,False,5.340714285714284,1.820466214488815
2018-03-28,Wrexham,3.568,3.568,V ugm-3 (GRAV EMFAB),False,False,False,False,4.712285714285714,1.492495975905877
2018-03-29,Wrexham,5.975,5.975,V ugm-3 (GRAV EMFAB),False,False,False,False,4.7181428571428565,1.498159251500701
2018-03-30,Wrexham,9.046,9.046,V ugm-3 (GRAV EMFAB),False,False,False,False,5.512571428571428,2.091999669944433
2018-03-31,Wrexham,6.556,6.556,V ugm-3 (GRAV EMFAB),False,False,False,False,5.44742857142857,2.044077938594225
2018-04-01,Wrexham,5.871,5.871,V ugm-3 (GRAV EMFAB),False,False,False,False,5.752714285714284,1.9000310273155814
2018-04-02,Wrexham,8.34,8.34,V ugm-3 (GRAV EMFAB),False,False,False,False,6.114285714285714,2.1383969630142508
2018-04-03,Wrexham,,,V ugm-3 (GRAV EMFAB),False,False,False,False,6.559333333333332,1.9553833042824798
2018-04-04,Wrexham,3.61,3.61,V ugm-3 (GRAV EMFAB),False,False,False,False,6.566333333333333,1.9425662065079452
2018-04-05,Wrexham,5.394,5.394,V ugm-3 (GRAV EMFAB),False,False,False,False,6.469499999999999,1.991795546736663
2018-04-06,Wrexham,7.635,7.635,V ugm-3 (GRAV EMFAB),False,False,False,False,6.234333333333332,1.6866810803073202
2018-04-07,Wrexham,7.012,7.012,V ugm-3 (GRAV EMFAB),False,False,False,False,6.3103333333333325,1.7141239939592086
2018-04-08,Wrexham,3.071,3.071,V ugm-3 (GRAV EMFAB),False,False,False,False,5.843666666666665,2.1764514850248022
2018-04-09,Wrexham,4.108,4.108,V ugm-3 (GRAV EMFAB),False,False,False,False,5.138333333333332,1.8697910756730718
2018-04-10,Wrexham,,,,False,False,False,False,5.138333333333332,1.8697910756730718
2018-04-11,Wrexham,,,,False,False,False,False,5.443999999999998,1.9155697585835911
2018-04-12,Wrexham,,,,False,False,False,False,5.456499999999998,2.2116739512565284
2018-04-13,Wrexham,18.465,18.465,V ugm-3 (GRAV EMFAB),False,False,False,False,8.163999999999998,7.067000542427225
2018-04-14,Wrexham,12.614,12.614,V ugm-3 (GRAV EMFAB),False,False,False,False,9.564499999999999,7.313396041967556
2018-04-15,Wrexham,17.427,17.427,V ugm-3 (GRAV EMFAB),False,False,False,False,13.153499999999998,6.546932233242281
2018-04-16,Wrexham,4.191,4.191,V ugm-3 (GRAV EMFAB),False,False,False,False,13.174249999999997,6.508726930053225
2018-04-17,Wrexham,4.523,4.523,V ugm-3 (GRAV EMFAB),False,False,False,False,11.443999999999999,6.836773361754801
2018-04-18,Wrexham,5.56,5.56,V ugm-3 (GRAV EMFAB),False,False,False,False,10.463333333333331,6.569887264380317
2018-04-19,Wrexham,10.166,10.166,V ugm-3 (GRAV EMFAB),False,False,False,False,10.420857142857141,5.998511910703951
2018-04-20,Wrexham,7.344,7.344,V ugm-3 (GRAV EMFAB),False,False,False,False,8.832142857142857,4.881659466089084
2018-04-21,Wrexham,16.846,16.846,V ugm-3 (GRAV EMFAB),False,False,False,False,9.436714285714285,5.63241380210077
2018-04-22,Wrexham,7.054,7.054,V ugm-3 (GRAV EMFAB),False,False,False,False,7.954857142857142,4.4122154083321705
2018-04-23,Wrexham,1.577,1.577,V ugm-3 (GRAV EMFAB),False,False,False,False,7.58142857142857,4.870663331181318
2018-04-24,Wrexham,4.108,4.108,V ugm-3 (GRAV EMFAB),False,False,False,False,7.522142857142855,4.916405951118203
2018-04-25,Wrexham,2.78,2.78,V ugm-3 (GRAV EMFAB),False,False,False,False,7.124999999999999,5.205127952317792
2018-04-26,Wrexham,3.278,3.278,V ugm-3 (GRAV EMFAB),False,False,False,False,6.140999999999998,5.185461695934124
2018-04-27,Wrexham,6.224,6.224,V ugm-3 (GRAV EMFAB),False,False,False,False,5.980999999999999,5.159369438216263
2018-04-28,Wrexham,7.676,7.676,V ugm-3 (GRAV EMFAB),False,False,False,False,4.670999999999999,2.328327654490807
2018-04-29,Wrexham,6.224,6.224,V ugm-3 (GRAV EMFAB),False,False,False,False,4.55242857142857,2.204592317349011
2018-04-30,Wrexham,4.481,4.481,V ugm-3 (GRAV EMFAB),False,False,False,False,4.967285714285714,1.7845889082442958
2018-05-01,Wrexham,9.73,9.73,V ugm-3 (GRAV EMFAB),False,False,False,False,5.77042857142857,2.4677368752997726
2018-05-02,Wrexham,11.369,11.369,V ugm-3 (GRAV EMFAB),False,False,False,False,6.99742857142857,2.8402167673813716
2018-05-03,Wrexham,9.269,9.269,V ugm-3 (GRAV EMFAB),False,False,False,False,7.853285714285713,2.401368895323786
2018-05-04,Wrexham,3.195,3.195,V ugm-3 (GRAV EMFAB),False,False,False,False,7.420571428571428,2.953353961015785
2018-05-05,Wrexham,,,V ugm-3 (GRAV EMFAB),False,False,False,False,7.377999999999999,3.2328835425978473
2018-05-06,Wrexham,7.427,7.427,V ugm-3 (GRAV EMFAB),False,False,False,False,7.578499999999998,3.183933526316152
2018-05-07,Wrexham,8.133,8.133,V ugm-3 (GRAV EMFAB),False,False,False,False,8.187166666666666,2.799188340692115
2018-05-08,Wrexham,4.025,4.025,V ugm-3 (GRAV EMFAB),False,False,False,False,7.236333333333332,3.120771357640075
2018-05-09,Wrexham,6.183,6.183,V ugm-3 (GRAV EMFAB),False,False,False,False,6.371999999999999,2.376729433486279
2018-05-10,Wrexham,,,,False,False,False,False,5.792599999999998,2.131494968326223
2018-05-11,Wrexham,,,,False,False,False,False,6.441999999999998,1.8017284294069809
2018-05-12,Wrexham,,,,False,False,False,False,6.441999999999998,1.8017284294069809
2018-05-13,Wrexham,3.942,3.942,V ugm-3 (GRAV EMFAB),False,False,False,False,5.5707499999999985,1.9985115085983387
2018-05-14,Wrexham,3.402,3.402,V ugm-3 (GRAV EMFAB),False,False,False,False,4.387999999999998,1.2281294720020384
2018-05-15,Wrexham,6.1,6.1,V ugm-3 (GRAV EMFAB),False,False,False,False,4.906749999999998,1.4431071512538516
2018-05-16,Wrexham,5.394,5.394,V ugm-3 (GRAV EMFAB),False,False,False,False,4.7094999999999985,1.2517511733567526
2018-05-17,Wrexham,7.344,7.344,V ugm-3 (GRAV EMFAB),False,False,False,False,5.236399999999999,1.6010242971298116
2018-05-18,Wrexham,11.701,11.701,V ugm-3 (GRAV EMFAB),False,False,False,False,6.313833333333332,3.0026319399264834
2018-05-19,Wrexham,10.581,10.581,V ugm-3 (GRAV EMFAB),False,False,False,False,6.923428571428571,3.1803160145465044
2018-05-20,Wrexham,8.714,8.714,V ugm-3 (GRAV EMFAB),False,False,False,False,7.605142857142856,2.936850605017301
2018-05-21,Wrexham,10.581,10.581,V ugm-3 (GRAV EMFAB),False,False,False,False,8.630714285714285,2.43506630397653
2018-05-22,Wrexham,9.544,9.544,V ugm-3 (GRAV EMFAB),False,False,False,False,9.122714285714284,2.172265155261189
2018-05-23,Wrexham,15.27,15.27,V ugm-3 (GRAV EMFAB),False,False,False,False,10.533571428571426,2.5253581169900694
2018-05-24,Wrexham,,,V ugm-3 (GRAV EMFAB),False,False,False,False,11.065166666666665,2.2976368221863694
2018-05-25,Wrexham,14.772,14.772,V ugm-3 (GRAV EMFAB),False,False,False,False,11.576999999999998,2.7626134003873957
2018-05-26,Wrexham,13.32,13.32,V ugm-3 (GRAV EMFAB),False,False,False,False,12.033499999999998,2.7912665046533998
2018-05-27,Wrexham,16.68,16.68,V ugm-3 (GRAV EMFAB),False,False,False,False,13.361166666666668,2.7910762380606284
2018-05-28,Wrexham,17.095,17.095,V ugm-3 (GRAV EMFAB),False,False,False,False,14.44683333333333,2.7600972748558457
2018-05-29,Wrexham,12.158,12.158,V ugm-3 (GRAV EMFAB),False,False,False,False,14.882499999999999,1.905404707667114
2018-05-30,Wrexham,21.162,21.162,V ugm-3 (GRAV EMFAB),False,False,False,False,15.864499999999998,3.213996126320005
2018-05-31,Wrexham,18.838,18.838,V ugm-3 (GRAV EMFAB),False,False,False,False,16.28928571428571,3.141853418726263
2018-06-01,Wrexham,7.697,7.697,V ugm-3 (GRAV EMFAB),False,False,False,False,15.278571428571427,4.538756652694761
2018-06-02,Wrexham,6.722,6.722,V ugm-3 (GRAV EMFAB),False,False,False,False,14.335999999999999,5.579153131673898
2018-06-03,Wrexham,7.07,7.07,V ugm-3 (GRAV EMFAB),False,False,False,False,12.963142857142856,6.067247603006694
2018-06-04,Wrexham,9.17,9.17,V ugm-3 (GRAV EMFAB),False,False,False,False,11.831,5.904975557386613
2018-06-05,Wrexham,10.456,10.456,V ugm-3 (GRAV EMFAB),False,False,False,False,11.587857142857143,5.9242761141079905
2018-06-06,Wrexham,8.506,8.506,V ugm-3 (GRAV EMFAB),False,False,False,False,9.779857142857141,4.1939215708996205
2018-06-07,Wrexham,7.054,7.054,V ugm-3 (GRAV EMFAB),False,False,False,False,8.096428571428572,1.3587182510418676
2018-06-08,Wrexham,4.73,4.73,V ugm-3 (GRAV EMFAB),False,False,False,False,7.672571428571428,1.8704903864265836
2018-06-09,Wrexham,3.859,3.859,V ugm-3 (GRAV EMFAB),False,False,False,False,7.263571428571427,2.3615383303504243
2018-06-10,Wrexham,,,,False,False,False,False,7.295833333333332,2.585245243041102
2018-06-11,Wrexham,,,,False,False,False,False,6.920999999999999,2.7019652107308807
2018-06-12,Wrexham,,,,False,False,False,False,6.0372499999999985,2.127767433250156
2018-06-13,Wrexham,5.56,5.56,V ugm-3 (GRAV EMFAB),False,False,False,False,5.300749999999998,1.3595948845152186
2018-06-14,Wrexham,5.104,5.104,V ugm-3 (GRAV EMFAB),False,False,False,False,4.813249999999998,0.7210397007099857
2018-06-15,Wrexham,4.232,4.232,V ugm-3 (GRAV EMFAB),False,False,False,False,4.688749999999998,0.780729306482051
2018-06-16,Wrexham,4.066,4.066,V ugm-3 (GRAV EMFAB),False,False,False,False,4.740499999999998,0.7111575071669742
2018-06-17,Wrexham,3.278,3.278,V ugm-3 (GRAV EMFAB),False,False,False,False,4.447999999999999,0.8983818787130318
2018-06-18,Wrexham,3.154,3.154,V ugm-3 (GRAV EMFAB),False,False,False,False,4.232333333333332,0.9616364524427256
2018-06-19,Wrexham,3.444,3.444,V ugm-3 (GRAV EMFAB),False,False,False,False,4.119714285714285,0.9270393221227856
2018-06-20,Wrexham,3.361,3.361,V ugm-3 (GRAV EMFAB),False,False,False,False,3.805571428571428,0.7031874707697704
2018-06-21,Wrexham,4.896,4.896,V ugm-3 (GRAV EMFAB),False,False,False,False,3.775857142857142,0.6408032533654748
2018-06-22,Wrexham,5.021,5.021,V ugm-3 (GRAV EMFAB),False,False,False,False,3.8885714285714275,0.7870997093004929
2018-06-23,Wrexham,5.726,5.726,V ugm-3 (GRAV EMFAB),False,False,False,False,4.125714285714285,1.0542107180707314
2018-06-24,Wrexham,6.017,6.017,V ugm-3 (GRAV EMFAB),False,False,False,False,4.516999999999999,1.1870672544833498
2018-06-25,Wrexham,8.257,8.257,V ugm-3 (GRAV EMFAB),False,False,False,False,5.2459999999999996,1.6765299480375055
2018-06-26,Wrexham,9.212,9.212,V ugm-3 (GRAV EMFAB),False,False,False,False,6.069999999999999,2.0245837432255827
2018-06-27,Wrexham,6.432,6.432,V ugm-3 (GRAV EMFAB),False,False,False,False,6.508714285714285,1.6349672488346323
2018-06-28,Wrexham,7.925,7.925,V ugm-3 (GRAV EMFAB),False,False,False,False,6.941428571428571,1.5347656560685752
2018-06-29,Wrexham,8.382,8.382,V ugm-3 (GRAV EMFAB),False,False,False,False,7.421571428571427,1.3482379682562005
2018-06-30,Wrexham,6.432,6.432,V ugm-3 (GRAV EMFAB),False,False,False,False,7.522428571428571,1.2206253666519773
2018-07-01,Wrexham,9.315,9.315,V ugm-3 (GRAV EMFAB),False,False,False,False,7.993571428571427,1.1784683360394588
2018-07-02,Wrexham,5.519,5.519,V ugm-3 (GRAV EMFAB),False,False,False,False,7.60242857142857,1.4897363141557218
2018-07-03,Wrexham,7.044,7.044,V ugm-3 (GRAV EMFAB),False,False,False,False,7.292714285714285,1.3143786509584012
2018-07-04,Wrexham,9.419,9.419,V ugm-3 (GRAV EMFAB),False,False,False,False,7.719428571428571,1.4646509091637765
2018-07-05,Wrexham,12.656,12.656,V ugm-3 (GRAV EMFAB),False,False,False,False,8.395285714285713,2.380518550952411
2018-07-06,Wrexham,10.539,10.539,V ugm-3 (GRAV EMFAB),False,False,False,False,8.70342857142857,2.5143548448288446
2018-07-07,Wrexham,6.473,6.473,V ugm-3 (GRAV EMFAB),False,False,False,False,8.709285714285713,2.5082219940484873
2018-07-08,Wrexham,3.195,3.195,V ugm-3 (GRAV EMFAB),False,False,False,False,7.834999999999999,3.2258563204209816
2018-07-09,Wrexham,2.905,2.905,V ugm-3 (GRAV EMFAB),False,False,False,False,7.461571428571427,3.660641922629729
2018-07-10,Wrexham,,,,False,False,False,False,7.531166666666665,4.004956150404978
2018-07-11,Wrexham,,,,False,False,False,False,7.153599999999999,4.35665213208491
2018-07-12,Wrexham,,,,False,False,False,False,5.777999999999999,3.562591004685585
2018-07-13,Wrexham,11.245,11.245,V ugm-3 (GRAV EMFAB),False,False,False,False,5.954499999999998,3.880400451843424
2018-07-14,Wrexham,7.012,7.012,V ugm-3 (GRAV EMFAB),False,False,False,False,6.089249999999998,3.9136239280237417
2018-07-15,Wrexham,6.266,6.266,V ugm-3 (GRAV EMFAB),False,False,False,False,6.8569999999999975,3.427640296180447
2018-07-16,Wrexham,5.975,5.975,V ugm-3 (GRAV EMFAB),False,False,False,False,7.624499999999998,2.452858808275218
2018-07-17,Wrexham,4.232,4.232,V ugm-3 (GRAV EMFAB),False,False,False,False,6.945999999999998,2.610401980538627
2018-07-18,Wrexham,6.141,6.141,V ugm-3 (GRAV EMFAB),False,False,False,False,6.811833333333332,2.3578301394855945
2018-07-19,Wrexham,4.0,4.0,V ugm-3 (GRAV EMFAB),False,False,False,False,6.410142857142856,2.400476857388368
2018-07-20,Wrexham,9.378,9.378,V ugm-3 (GRAV EMFAB),False,False,False,False,6.14342857142857,1.8031505628707065
2018-07-21,Wrexham,7.22,7.22,V ugm-3 (GRAV EMFAB),False,False,False,False,6.173142857142856,1.821470141449063
2018-07-22,Wrexham,6.929,6.929,V ugm-3 (GRAV EMFAB),False,False,False,False,6.2678571428571415,1.8441991422269095
2018-07-23,Wrexham,5.602,5.602,V ugm-3 (GRAV EMFAB),False,False,False,False,6.2145714285714275,1.859397201348046
2018-07-24,Wrexham,4.647,4.647,V ugm-3 (GRAV EMFAB),False,False,False,False,6.273857142857142,1.7910069261518233
2018-07-25,Wrexham,3.734,3.734,V ugm-3 (GRAV EMFAB),False,False,False,False,5.93,2.0351819738457446
2018-07-26,Wrexham,6.639,6.639,V ugm-3 (GRAV EMFAB),False,False,False,False,6.3069999999999995,1.8544842948917075
2018-07-27,Wrexham,4.772,4.772,V ugm-3 (GRAV EMFAB),False,False,False,False,5.648999999999999,1.324708018143367
2018-07-28,Wrexham,2.614,2.614,V ugm-3 (GRAV EMFAB),False,False,False,False,4.991,1.5406461847765893
2018-07-29,Wrexham,0.705,0.705,V ugm-3 (GRAV EMFAB),False,False,False,False,4.101857142857142,1.9715252495273303
2018-07-30,Wrexham,2.448,2.448,V ugm-3 (GRAV EMFAB),False,False,False,False,3.6512857142857134,1.9315444350989952
2018-07-31,Wrexham,2.78,2.78,V ugm-3 (GRAV EMFAB),False,False,False,False,3.3845714285714275,1.8997771673841846
2018-08-01,Wrexham,11.058,11.058,V ugm-3 (GRAV EMFAB),False,False,False,False,4.430857142857142,3.4821288712783836
2018-08-02,Wrexham,3.568,3.568,V ugm-3 (GRAV EMFAB),False,False,False,False,3.9921428571428565,3.3484490155180504
2018-08-03,Wrexham,3.641,3.641,V ugm-3 (GRAV EMFAB),False,False,False,False,3.8305714285714276,3.3317926034465204
2018-08-04,Wrexham,9.087,9.087,V ugm-3 (GRAV EMFAB),False,False,False,False,4.755285714285713,3.802836034430343
2018-08-05,Wrexham,8.88,8.88,V ugm-3 (GRAV EMFAB),False,False,False,False,5.923142857142857,3.601633723213741
2018-08-06,Wrexham,12.407,12.407,V ugm-3 (GRAV EMFAB),False,False,False,False,7.345857142857142,3.950222923185114
2018-08-07,Wrexham,3.61,3.61,V ugm-3 (GRAV EMFAB),False,False,False,False,7.46442857142857,3.799928282531258
2018-08-08,Wrexham,2.739,2.739,V ugm-3 (GRAV EMFAB),False,False,False,False,6.275999999999999,3.789593469841675
2018-08-09,Wrexham,,,V ugm-3 (GRAV EMFAB),False,False,False,False,6.727333333333333,3.9398131258559292
2018-08-10,Wrexham,,,,False,False,False,False,7.344599999999998,4.067557412010309
2018-08-11,Wrexham,,,,False,False,False,False,6.908999999999999,4.560158842262698
2018-08-12,Wrexham,,,,False,False,False,False,6.251999999999998,5.348147249281755
2018-08-13,Wrexham,2.656,2.656,V ugm-3 (GRAV EMFAB),False,False,False,False,3.001666666666664,0.5284641268178135
2018-08-14,Wrexham,1.909,1.909,V ugm-3 (GRAV EMFAB),False,False,False,False,2.4346666666666645,0.457128355424722
2018-08-15,Wrexham,1.286,1.286,V ugm-3 (GRAV EMFAB),False,False,False,False,1.950333333333331,0.6859346421732239
2018-08-16,Wrexham,2.199,2.199,V ugm-3 (GRAV EMFAB),False,False,False,False,2.0124999999999984,0.5736982365901523
2018-08-17,Wrexham,2.863,2.863,V ugm-3 (GRAV EMFAB),False,False,False,False,2.1825999999999985,0.62571343281089
2018-08-18,Wrexham,2.78,2.78,V ugm-3 (GRAV EMFAB),False,False,False,False,2.2821666666666656,0.6104874828091542
2018-08-19,Wrexham,1.784,1.784,V ugm-3 (GRAV EMFAB),False,False,False,False,2.210999999999999,0.5882448469812482
2018-08-20,Wrexham,3.071,3.071,V ugm-3 (GRAV EMFAB),False,False,False,False,2.2702857142857136,0.657414560807636
2018-08-21,Wrexham,2.573,2.573,V ugm-3 (GRAV EMFAB),False,False,False,False,2.3651428571428563,0.6443713806419933
2018-08-22,Wrexham,0.954,0.954,V ugm-3 (GRAV EMFAB),False,False,False,False,2.3177142857142847,0.7418799800250018
2018-08-23,Wrexham,2.905,2.905,V ugm-3 (GRAV EMFAB),False,False,False,False,2.4185714285714277,0.7704892076126774
2018-08-24,Wrexham,1.784,1.784,V ugm-3 (GRAV EMFAB),False,False,False,False,2.2644285714285703,0.774679042602555
2018-08-25,Wrexham,2.365,2.365,V ugm-3 (GRAV EMFAB),False,False,False,False,2.205142857142856,0.7439156378182061
2018-08-26,Wrexham,2.282,2.282,V ugm-3 (GRAV EMFAB),False,False,False,False,2.2762857142857134,0.7203678954269804
2018-08-27,Wrexham,1.826,1.826,V ugm-3 (GRAV EMFAB),False,False,False,False,2.0984285714285704,0.6407461424367775
2018-08-28,Wrexham,4.232,4.232,V ugm-3 (GRAV EMFAB),False,False,False,False,2.33542857142857,1.0325582884503963
2018-08-29,Wrexham,2.697,2.697,V ugm-3 (GRAV EMFAB),False,False,False,False,2.5844285714285706,0.8352087278325173
2018-08-30,Wrexham,6.017,6.017,V ugm-3 (GRAV EMFAB),False,False,False,False,3.028999999999999,1.553582741064449
2018-08-31,Wrexham,8.672,8.672,V ugm-3 (GRAV EMFAB),False,False,False,False,4.012999999999999,2.5165236603960888
2018-09-01,Wrexham,17.905,17.905,V ugm-3 (GRAV EMFAB),False,False,False,False,6.232999999999999,5.682873510235234
2018-09-02,Wrexham,4.149,4.149,V ugm-3 (GRAV EMFAB),False,False,False,False,6.499714285714285,5.507646312605949
2018-09-03,Wrexham,8.247,8.247,V ugm-3 (GRAV EMFAB),False,False,False,False,7.417,5.120620372572058
2018-09-04,Wrexham,10.705,10.705,V ugm-3 (GRAV EMFAB),False,False,False,False,8.341714285714286,5.03331503465611
2018-09-05,Wrexham,3.776,3.776,V ugm-3 (GRAV EMFAB),False,False,False,False,8.495857142857142,4.844622256639191
2018-09-06,Wrexham,16.432,16.432,V ugm-3 (GRAV EMFAB),False,False,False,False,9.983714285714285,5.5100482065128285
2018-09-07,Wrexham,3.402,3.402,V ugm-3 (GRAV EMFAB),False,False,False,False,9.230857142857142,6.052473307901254
2018-09-08,Wrexham,3.9,3.9,V ugm-3 (GRAV EMFAB),False,False,False,False,7.230142857142856,4.915144603792495
2018-09-09,Wrexham,2.614,2.614,V ugm-3 (GRAV EMFAB),False,False,False,False,7.010857142857141,5.106052109297078
2018-09-10,Wrexham,,,,False,False,False,False,6.804833333333331,5.561436591984724
2018-09-11,Wrexham,,,,False,False,False,False,6.024799999999997,5.8393990444222945
2018-09-12,Wrexham,,,,False,False,False,False,6.586999999999996,6.584652559803997
2018-09-13,Wrexham,2.78,2.78,V ugm-3 (GRAV EMFAB),False,False,False,False,3.173999999999998,0.5910149462295433
2018-09-14,Wrexham,2.49,2.49,V ugm-3 (GRAV EMFAB),False,False,False,False,2.9459999999999984,0.6470012879946316
2018-09-15,Wrexham,3.568,3.568,V ugm-3 (GRAV EMFAB),False,False,False,False,2.862999999999998,0.4847831130172681
2018-09-16,Wrexham,3.195,3.195,V ugm-3 (GRAV EMFAB),False,False,False,False,3.008249999999998,0.472185256723155
2018-09-17,Wrexham,4.398,4.398,V ugm-3 (GRAV EMFAB),False,False,False,False,3.2861999999999982,0.7439759404712167
2018-09-18,Wrexham,3.9,3.9,V ugm-3 (GRAV EMFAB),False,False,False,False,3.3884999999999987,0.7110498576049533
2018-09-19,Wrexham,4.647,4.647,V ugm-3 (GRAV EMFAB),False,False,False,False,3.5682857142857136,0.8047278451513432
2018-09-20,Wrexham,2.78,2.78,V ugm-3 (GRAV EMFAB),False,False,False,False,3.568285714285713,0.8047278451513432
2018-09-21,Wrexham,1.577,1.577,V ugm-3 (GRAV EMFAB),False,False,False,False,3.437857142857142,1.0463395606544257
2018-09-22,Wrexham,4.066,4.066,V ugm-3 (GRAV EMFAB),False,False,False,False,3.508999999999999,1.0732470979850601
2018-09-23,Wrexham,1.784,1.784,V ugm-3 (GRAV EMFAB),False,False,False,False,3.3074285714285705,1.2585552374505884
2018-09-24,Wrexham,3.071,3.071,V ugm-3 (GRAV EMFAB),False,False,False,False,3.1178571428571416,1.1632396469302868
2018-09-25,Wrexham,,,V ugm-3 (GRAV EMFAB),False,False,False,False,2.987499999999999,1.2169678303061373
2018-09-26,Wrexham,3.693,3.693,V ugm-3 (GRAV EMFAB),False,False,False,False,2.8284999999999987,0.9997157095894956
2018-09-27,Wrexham,3.029,3.029,V ugm-3 (GRAV EMFAB),False,False,False,False,2.869999999999999,1.0024641639480327
2018-09-28,Wrexham,3.071,3.071,V ugm-3 (GRAV EMFAB),False,False,False,False,3.1189999999999993,0.7773310748966789
2018-09-29,Wrexham,4.979,4.979,V ugm-3 (GRAV EMFAB),False,False,False,False,3.271166666666666,1.0435593738099866
2018-09-30,Wrexham,2.988,2.988,V ugm-3 (GRAV EMFAB),False,False,False,False,3.4718333333333327,0.7838363136948236
2018-10-01,Wrexham,17.469,17.469,V ugm-3 (GRAV EMFAB),False,False,False,False,5.8715,5.732043326772749
2018-10-02,Wrexham,3.776,3.776,V ugm-3 (GRAV EMFAB),False,False,False,False,5.572142857142857,5.292217885051327
2018-10-03,Wrexham,7.915,7.915,V ugm-3 (GRAV EMFAB),False,False,False,False,6.175285714285714,5.282940365436837
2018-10-04,Wrexham,12.365,12.365,V ugm-3 (GRAV EMFAB),False,False,False,False,7.5089999999999995,5.528993971178964
2018-10-05,Wrexham,4.357,4.357,V ugm-3 (GRAV EMFAB),False,False,False,False,7.692714285714286,5.376207607421353
2018-10-06,Wrexham,12.448,12.448,V ugm-3 (GRAV EMFAB),False,False,False,False,8.759714285714285,5.487876386918279
2018-10-07,Wrexham,4.481,4.481,V ugm-3 (GRAV EMFAB),False,False,False,False,8.973,5.250031714189923
2018-10-08,Wrexham,2.614,2.614,V ugm-3 (GRAV EMFAB),False,False,False,False,6.8508571428571425,4.1252763716940395
2018-10-09,Wrexham,3.734,3.734,V ugm-3 (GRAV EMFAB),False,False,False,False,6.844857142857142,4.130521170852068
2018-10-10,Wrexham,,,,False,False,False,False,6.666499999999999,4.49513420266848
2018-10-11,Wrexham,,,,False,False,False,False,5.526799999999999,3.9390250951218904
2018-10-12,Wrexham,,,,False,False,False,False,5.8192499999999985,4.485277202507483
2018-10-13,Wrexham,,,,False,False,False,False,3.6096666666666644,0.9396894877210382
2018-10-14,Wrexham,,,,False,False,False,False,3.173999999999997,0.7919595949290701
2018-10-15,Wrexham,,,,False,False,False,False,3.734,
2018-10-16,Wrexham,,,,False,False,False,False,,
2018-10-17,Wrexham,,,,False,False,False,False,,
2018-10-18,Wrexham,,,,False,False,False,False,,
2018-10-19,Wrexham,,,,False,False,False,False,,
2018-10-20,Wrexham,,,,False,False,False,False,,
2018-10-21,Wrexham,,,,False,False,False,False,,
2018-10-22,Wrexham,,,,False,False,False,False,,
2018-10-23,Wrexham,,,,False,False,False,False,,
2018-10-24,Wrexham,,,,False,False,False,False,,
2018-10-25,Wrexham,,,,False,False,False,False,,
2018-10-26,Wrexham,,,,False,False,False,False,,
2018-10-27,Wrexham,,,,False,False,False,False,,
2018-10-28,Wrexham,,,,False,False,False,False,,
2018-10-29,Wrexham,,,,False,False,False,False,,
2018-10-30,Wrexham,,,,False,False,False,False,,
2018-10-31,Wrexham,,,,False,False,False,False,,
2018-11-01,Wrexham,13.817,13.817,V ugm-3 (GRAV EMFAB),False,False,False,False,13.817,
2018-11-02,Wrexham,1.66,1.66,V ugm-3 (GRAV EMFAB),False,False,False,False,7.738499999999997,8.596297138884859
2018-11-03,Wrexham,10.363,10.363,V ugm-3 (GRAV EMFAB),False,False,False,False,8.613333333333332,6.26451612922605
2018-11-04,Wrexham,24.73,24.73,V ugm-3 (GRAV EMFAB),True,True,False,False,12.642499999999998,9.544606382664504
2018-11-05,Wrexham,5.809,5.809,V ugm-3 (GRAV EMFAB),False,False,False,False,11.275799999999998,8.812716817190939
2018-11-06,Wrexham,5.145,5.145,V ugm-3 (GRAV EMFAB),False,False,False,False,10.254,8.270165270416307
2018-11-07,Wrexham,8.257,8.257,V ugm-3 (GRAV EMFAB),False,False,False,False,9.968714285714285,7.587231175123235
2018-11-08,Wrexham,2.573,2.573,V ugm-3 (GRAV EMFAB),False,False,False,False,8.36242857142857,7.823284388225167
2018-11-09,Wrexham,2.988,2.988,V ugm-3 (GRAV EMFAB),False,False,False,False,8.552142857142856,7.647795595868817
2018-11-10,Wrexham,,,,False,False,False,False,8.250333333333332,8.331949679796839
2018-11-11,Wrexham,,,,False,False,False,False,4.954399999999998,2.3028043338503585
2018-11-12,Wrexham,,,,False,False,False,False,4.740749999999998,2.6011987460912436
2018-11-13,Wrexham,,,,False,False,False,False,4.605999999999997,3.1686601269306216
2018-11-14,Wrexham,,,,False,False,False,False,2.7804999999999964,0.2934493141923198
2018-11-15,Wrexham,,,,False,False,False,False,2.988,
2018-11-16,Wrexham,,,,False,False,False,False,,
2018-11-17,Wrexham,,,,False,False,False,False,,
2018-11-18,Wrexham,,,,False,False,False,False,,
2018-11-19,Wrexham,,,,False,False,False,False,,
2018-11-20,Wrexham,,,,False,False,False,False,,
2018-11-21,Wrexham,,,,False,False,False,False,,
2018-11-22,Wrexham,,,,False,False,False,False,,
2018-11-23,Wrexham,,,,False,False,False,False,,
2018-11-24,Wrexham,,,,False,False,False,False,,
2018-11-25,Wrexham,,,,False,False,False,False,,
2018-11-26,Wrexham,,,,False,False,False,False,,
2018-11-27,Wrexham,,,,False,False,False,False,,
2018-11-28,Wrexham,,,,False,False,False,False,,
2018-11-29,Wrexham,,,,False,False,False,False,,
2018-11-30,Wrexham,,,,False,False,False,False,,
2018-12-01,Wrexham,21.452,21.452,V ugm-3 (GRAV EMFAB),False,False,False,False,21.452,
2018-12-02,Wrexham,3.9,3.9,V ugm-3 (GRAV EMFAB),False,False,False,False,12.675999999999997,12.411138223386283
2018-12-03,Wrexham,6.089,6.089,V ugm-3 (GRAV EMFAB),False,False,False,False,10.480333333333332,9.564571727648518
2018-12-04,Wrexham,18.714,18.714,V ugm-3 (GRAV EMFAB),False,False,False,False,12.538749999999999,8.828118235690624
2018-12-05,Wrexham,6.058,6.058,V ugm-3 (GRAV EMFAB),False,False,False,False,11.2426,8.176293646879374
2018-12-06,Wrexham,5.602,5.602,V ugm-3 (GRAV EMFAB),False,False,False,False,10.3025,7.667082254678112
2018-12-07,Wrexham,12.905,12.905,V ugm-3 (GRAV EMFAB),False,False,False,False,10.674285714285714,7.067840139540173
2018-12-08,Wrexham,1.867,1.867,V ugm-3 (GRAV EMFAB),False,False,False,False,7.876428571428571,5.864288955396122
2018-12-09,Wrexham,3.942,3.942,V ugm-3 (GRAV EMFAB),False,False,False,False,7.88242857142857,5.859562010285491
2018-12-10,Wrexham,,,,False,False,False,False,8.181333333333333,6.360099862947646
2018-12-11,Wrexham,,,,False,False,False,False,6.074799999999999,4.157218745748172
2018-12-12,Wrexham,,,,False,False,False,False,6.078999999999999,4.800330474734699
2018-12-13,Wrexham,,,,False,False,False,False,6.237999999999999,5.8662656775839945
2018-12-14,Wrexham,,,,False,False,False,False,2.904499999999998,1.4672465709620923
2018-12-15,Wrexham,,,,False,False,False,False,3.942,
2018-12-16,Wrexham,,,,False,False,False,False,,
2018-12-17,Wrexham,,,,False,False,False,False,,
2018-12-18,Wrexham,,,,False,False,False,False,,
2018-12-19,Wrexham,,,,False,False,False,False,,
2018-12-20,Wrexham,,,,False,False,False,False,,
2018-12-21,Wrexham,,,,False,False,False,False,,
2018-12-22,Wrexham,,,,False,False,False,False,,
2018-12-23,Wrexham,,,,False,False,False,False,,
2018-12-24,Wrexham,,,,False,False,False,False,,
2018-12-25,Wrexham,,,,False,False,False,False,,
2018-12-26,Wrexham,,,,False,False,False,False,,
2018-12-27,Wrexham,,,,False,False,False,False,,
2018-12-28,Wrexham,,,,False,False,False,False,,
2018-12-29,Wrexham,,,,False,False,False,False,,
2018-12-30,Wrexham,,,,False,False,False,False,,
