date,region,tasmax_c,tasmin_c,source,frequency
2016-01-01,London,9.95415,0.78541,ceda_hadukgrid_region,daily
2016-01-02,London,10.87211,2.21247,ceda_hadukgrid_region,daily
2016-01-03,London,9.04724,4.89992,ceda_hadukgrid_region,daily
2016-01-04,London,10.38715,4.78156,ceda_hadukgrid_region,daily
2016-01-05,London,10.09688,5.34052,ceda_hadukgrid_region,daily
2016-01-06,London,8.71121,4.31867,ceda_hadukgrid_region,daily
2016-01-07,London,10.17175,5.0663,ceda_hadukgrid_region,daily
2016-01-08,London,9.52892,0.86351,ceda_hadukgrid_region,daily
2016-01-09,London,10.79563,3.96171,ceda_hadukgrid_region,daily
2016-01-10,London,8.74764,5.17978,ceda_hadukgrid_region,daily
2016-01-11,London,7.10992,4.13049,ceda_hadukgrid_region,daily
2016-01-12,London,7.14412,3.44618,ceda_hadukgrid_region,daily
2016-01-13,London,6.99367,2.33555,ceda_hadukgrid_region,daily
2016-01-14,London,5.08045,1.73313,ceda_hadukgrid_region,daily
2016-01-15,London,5.61854,0.722,ceda_hadukgrid_region,daily
2016-01-16,London,4.81702,-0.82648,ceda_hadukgrid_region,daily
2016-01-17,London,4.2808,-0.67882,ceda_hadukgrid_region,daily
2016-01-18,London,4.78909,0.81767,ceda_hadukgrid_region,daily
2016-01-19,London,5.60481,-3.63953,ceda_hadukgrid_region,daily
2016-01-20,London,6.71866,-4.19223,ceda_hadukgrid_region,daily
2016-01-21,London,7.82577,-3.11603,ceda_hadukgrid_region,daily
2016-01-22,London,10.36461,1.8989,ceda_hadukgrid_region,daily
2016-01-23,London,11.85621,3.38596,ceda_hadukgrid_region,daily
2016-01-24,London,14.67901,4.80635,ceda_hadukgrid_region,daily
2016-01-25,London,13.37583,9.16585,ceda_hadukgrid_region,daily
2016-01-26,London,12.44058,5.33754,ceda_hadukgrid_region,daily
2016-01-27,London,13.08045,9.0759,ceda_hadukgrid_region,daily
2016-01-28,London,11.38767,1.6878,ceda_hadukgrid_region,daily
2016-01-29,London,11.8803,2.86676,ceda_hadukgrid_region,daily
2016-01-30,London,7.99911,7.25295,ceda_hadukgrid_region,daily
2016-01-31,London,13.21244,3.72953,ceda_hadukgrid_region,daily
2016-02-01,London,13.81494,5.92247,ceda_hadukgrid_region,daily
2016-02-02,London,10.26423,8.11538,ceda_hadukgrid_region,daily
2016-02-03,London,9.42935,2.07361,ceda_hadukgrid_region,daily
2016-02-04,London,13.73359,3.26398,ceda_hadukgrid_region,daily
2016-02-05,London,11.26399,8.69692,ceda_hadukgrid_region,daily
2016-02-06,London,12.14814,9.13053,ceda_hadukgrid_region,daily
2016-02-07,London,10.38432,4.54515,ceda_hadukgrid_region,daily
2016-02-08,London,9.62758,5.85922,ceda_hadukgrid_region,daily
2016-02-09,London,7.91127,3.75629,ceda_hadukgrid_region,daily
2016-02-10,London,8.9139,3.59582,ceda_hadukgrid_region,daily
2016-02-11,London,9.11009,-1.50474,ceda_hadukgrid_region,daily
2016-02-12,London,6.16275,-0.26096,ceda_hadukgrid_region,daily
2016-02-13,London,4.89751,1.22913,ceda_hadukgrid_region,daily
2016-02-14,London,6.67505,1.85628,ceda_hadukgrid_region,daily
2016-02-15,London,6.61448,-0.02755,ceda_hadukgrid_region,daily
2016-02-16,London,8.08688,-2.96839,ceda_hadukgrid_region,daily
2016-02-17,London,6.95584,-0.28983,ceda_hadukgrid_region,daily
2016-02-18,London,8.27896,2.98983,ceda_hadukgrid_region,daily
2016-02-19,London,10.20246,-1.41053,ceda_hadukgrid_region,daily
2016-02-20,London,12.40733,2.32059,ceda_hadukgrid_region,daily
2016-02-21,London,14.38092,9.41173,ceda_hadukgrid_region,daily
2016-02-22,London,9.15309,7.65602,ceda_hadukgrid_region,daily
2016-02-23,London,9.44438,3.11069,ceda_hadukgrid_region,daily
2016-02-24,London,8.41917,-1.95095,ceda_hadukgrid_region,daily
2016-02-25,London,6.32489,-2.25796,ceda_hadukgrid_region,daily
2016-02-26,London,8.46473,-1.2065,ceda_hadukgrid_region,daily
2016-02-27,London,6.14749,2.23883,ceda_hadukgrid_region,daily
2016-02-28,London,8.06947,2.22555,ceda_hadukgrid_region,daily
2016-02-29,London,9.05521,0.20407,ceda_hadukgrid_region,daily
2016-03-01,London,12.88588,3.91057,ceda_hadukgrid_region,daily
2016-03-02,London,7.31764,3.62756,ceda_hadukgrid_region,daily
2016-03-03,London,9.54544,2.98847,ceda_hadukgrid_region,daily
2016-03-04,London,8.81866,1.55842,ceda_hadukgrid_region,daily
2016-03-05,London,6.58683,-0.98991,ceda_hadukgrid_region,daily
2016-03-06,London,7.208,0.1238,ceda_hadukgrid_region,daily
2016-03-07,London,7.61666,-0.17762,ceda_hadukgrid_region,daily
2016-03-08,London,8.87912,-2.03176,ceda_hadukgrid_region,daily
2016-03-09,London,10.33855,1.88311,ceda_hadukgrid_region,daily
2016-03-10,London,8.95374,5.43775,ceda_hadukgrid_region,daily
2016-03-11,London,10.8706,-0.47614,ceda_hadukgrid_region,daily
2016-03-12,London,11.66854,1.8005,ceda_hadukgrid_region,daily
2016-03-13,London,10.487,1.47856,ceda_hadukgrid_region,daily
2016-03-14,London,10.69987,3.41629,ceda_hadukgrid_region,daily
2016-03-15,London,8.4889,1.80744,ceda_hadukgrid_region,daily
2016-03-16,London,9.41477,6.00611,ceda_hadukgrid_region,daily
2016-03-17,London,11.52704,1.46206,ceda_hadukgrid_region,daily
2016-03-18,London,7.28055,0.99888,ceda_hadukgrid_region,daily
2016-03-19,London,8.69409,4.04731,ceda_hadukgrid_region,daily
2016-03-20,London,10.72482,4.86561,ceda_hadukgrid_region,daily
2016-03-21,London,12.01366,5.65478,ceda_hadukgrid_region,daily
2016-03-22,London,13.85044,0.74724,ceda_hadukgrid_region,daily
2016-03-23,London,10.18897,4.98871,ceda_hadukgrid_region,daily
2016-03-24,London,11.3104,4.9624,ceda_hadukgrid_region,daily
2016-03-25,London,14.96463,7.28993,ceda_hadukgrid_region,daily
2016-03-26,London,13.44367,6.42956,ceda_hadukgrid_region,daily
2016-03-27,London,11.10222,5.83944,ceda_hadukgrid_region,daily
2016-03-28,London,12.52704,4.32624,ceda_hadukgrid_region,daily
2016-03-29,London,12.70579,4.55159,ceda_hadukgrid_region,daily
2016-03-30,London,12.90029,4.26928,ceda_hadukgrid_region,daily
2016-03-31,London,12.73971,4.1002,ceda_hadukgrid_region,daily
2016-04-01,London,12.98481,0.83479,ceda_hadukgrid_region,daily
2016-04-02,London,15.00988,7.32332,ceda_hadukgrid_region,daily
2016-04-03,London,16.11215,6.92782,ceda_hadukgrid_region,daily
2016-04-04,London,13.53636,8.31064,ceda_hadukgrid_region,daily
2016-04-05,London,15.25549,6.38544,ceda_hadukgrid_region,daily
2016-04-06,London,13.12075,5.25515,ceda_hadukgrid_region,daily
2016-04-07,London,11.62729,4.35826,ceda_hadukgrid_region,daily
2016-04-08,London,13.72551,3.24372,ceda_hadukgrid_region,daily
2016-04-09,London,11.78892,6.29524,ceda_hadukgrid_region,daily
2016-04-10,London,13.07457,0.62412,ceda_hadukgrid_region,daily
2016-04-11,London,14.6932,8.3673,ceda_hadukgrid_region,daily
2016-04-12,London,16.96266,7.43186,ceda_hadukgrid_region,daily
2016-04-13,London,17.76665,3.19194,ceda_hadukgrid_region,daily
2016-04-14,London,17.10329,6.18194,ceda_hadukgrid_region,daily
2016-04-15,London,12.99229,8.61726,ceda_hadukgrid_region,daily
2016-04-16,London,8.8225,4.53742,ceda_hadukgrid_region,daily
2016-04-17,London,12.22237,0.26992,ceda_hadukgrid_region,daily
2016-04-18,London,12.54016,2.37339,ceda_hadukgrid_region,daily
2016-04-19,London,15.43656,8.23914,ceda_hadukgrid_region,daily
2016-04-20,London,14.26527,3.10292,ceda_hadukgrid_region,daily
2016-04-21,London,16.07056,5.575,ceda_hadukgrid_region,daily
2016-04-22,London,11.23506,7.59265,ceda_hadukgrid_region,daily
2016-04-23,London,10.69073,3.34949,ceda_hadukgrid_region,daily
2016-04-24,London,9.77104,2.59907,ceda_hadukgrid_region,daily
2016-04-25,London,11.85791,4.91712,ceda_hadukgrid_region,daily
2016-04-26,London,10.34905,1.61943,ceda_hadukgrid_region,daily
2016-04-27,London,11.6054,0.91003,ceda_hadukgrid_region,daily
2016-04-28,London,12.14743,0.0707,ceda_hadukgrid_region,daily
2016-04-29,London,11.87005,4.58805,ceda_hadukgrid_region,daily
2016-04-30,London,13.31181,1.39201,ceda_hadukgrid_region,daily
2016-05-01,London,16.61439,0.80104,ceda_hadukgrid_region,daily
2016-05-02,London,17.31672,9.53977,ceda_hadukgrid_region,daily
2016-05-03,London,15.6896,3.99266,ceda_hadukgrid_region,daily
2016-05-04,London,17.87605,3.45009,ceda_hadukgrid_region,daily
2016-05-05,London,20.67386,4.84434,ceda_hadukgrid_region,daily
2016-05-06,London,22.77006,6.53193,ceda_hadukgrid_region,daily
2016-05-07,London,23.77576,11.31725,ceda_hadukgrid_region,daily
2016-05-08,London,26.35138,11.57293,ceda_hadukgrid_region,daily
2016-05-09,London,24.34012,13.48857,ceda_hadukgrid_region,daily
2016-05-10,London,17.24904,14.49567,ceda_hadukgrid_region,daily
2016-05-11,London,19.37605,14.15273,ceda_hadukgrid_region,daily
2016-05-12,London,23.35174,11.52094,ceda_hadukgrid_region,daily
2016-05-13,London,17.84988,10.96912,ceda_hadukgrid_region,daily
2016-05-14,London,13.80703,7.1487,ceda_hadukgrid_region,daily
2016-05-15,London,17.24961,3.46725,ceda_hadukgrid_region,daily
2016-05-16,London,18.10347,7.23218,ceda_hadukgrid_region,daily
2016-05-17,London,18.08017,6.69081,ceda_hadukgrid_region,daily
2016-05-18,London,14.42509,11.0317,ceda_hadukgrid_region,daily
2016-05-19,London,18.49897,9.90621,ceda_hadukgrid_region,daily
2016-05-20,London,19.11599,12.53805,ceda_hadukgrid_region,daily
2016-05-21,London,18.13501,12.33789,ceda_hadukgrid_region,daily
2016-05-22,London,18.95534,10.89006,ceda_hadukgrid_region,daily
2016-05-23,London,19.40019,9.13422,ceda_hadukgrid_region,daily
2016-05-24,London,17.0088,6.82137,ceda_hadukgrid_region,daily
2016-05-25,London,14.61269,8.49491,ceda_hadukgrid_region,daily
2016-05-26,London,20.42339,6.73668,ceda_hadukgrid_region,daily
2016-05-27,London,21.02375,9.88081,ceda_hadukgrid_region,daily
2016-05-28,London,20.09898,9.89178,ceda_hadukgrid_region,daily
2016-05-29,London,19.18964,8.82422,ceda_hadukgrid_region,daily
2016-05-30,London,16.93636,11.48136,ceda_hadukgrid_region,daily
2016-05-31,London,12.60678,10.76577,ceda_hadukgrid_region,daily
2016-06-01,London,13.08367,10.8321,ceda_hadukgrid_region,daily
2016-06-02,London,12.8377,9.99333,ceda_hadukgrid_region,daily
2016-06-03,London,13.81204,8.91313,ceda_hadukgrid_region,daily
2016-06-04,London,19.00572,9.88295,ceda_hadukgrid_region,daily
2016-06-05,London,23.19623,11.23034,ceda_hadukgrid_region,daily
2016-06-06,London,23.43999,10.33035,ceda_hadukgrid_region,daily
2016-06-07,London,24.21416,10.55223,ceda_hadukgrid_region,daily
2016-06-08,London,24.78433,13.96965,ceda_hadukgrid_region,daily
2016-06-09,London,21.94649,12.07988,ceda_hadukgrid_region,daily
2016-06-10,London,23.54823,11.83919,ceda_hadukgrid_region,daily
2016-06-11,London,22.39862,14.24555,ceda_hadukgrid_region,daily
2016-06-12,London,20.24723,13.84824,ceda_hadukgrid_region,daily
2016-06-13,London,18.95011,13.48894,ceda_hadukgrid_region,daily
2016-06-14,London,18.49456,13.05469,ceda_hadukgrid_region,daily
2016-06-15,London,19.65959,11.05658,ceda_hadukgrid_region,daily
2016-06-16,London,19.19275,11.91972,ceda_hadukgrid_region,daily
2016-06-17,London,19.42037,11.95218,ceda_hadukgrid_region,daily
2016-06-18,London,17.86916,11.40478,ceda_hadukgrid_region,daily
2016-06-19,London,20.56049,11.17515,ceda_hadukgrid_region,daily
2016-06-20,London,22.04739,14.82418,ceda_hadukgrid_region,daily
2016-06-21,London,21.09073,13.8755,ceda_hadukgrid_region,daily
2016-06-22,London,22.06854,13.92173,ceda_hadukgrid_region,daily
2016-06-23,London,21.68908,16.96071,ceda_hadukgrid_region,daily
2016-06-24,London,21.95212,11.74494,ceda_hadukgrid_region,daily
2016-06-25,London,19.94286,11.16839,ceda_hadukgrid_region,daily
2016-06-26,London,20.81609,11.41617,ceda_hadukgrid_region,daily
2016-06-27,London,21.41291,14.02422,ceda_hadukgrid_region,daily
2016-06-28,London,20.78499,10.15452,ceda_hadukgrid_region,daily
2016-06-29,London,17.36862,10.72055,ceda_hadukgrid_region,daily
2016-06-30,London,20.2775,13.29987,ceda_hadukgrid_region,daily
2016-07-01,London,19.26719,14.23144,ceda_hadukgrid_region,daily
2016-07-02,London,19.64235,10.0049,ceda_hadukgrid_region,daily
2016-07-03,London,21.05042,9.72516,ceda_hadukgrid_region,daily
2016-07-04,London,21.40979,10.30754,ceda_hadukgrid_region,daily
2016-07-05,London,21.27162,14.7546,ceda_hadukgrid_region,daily
2016-07-06,London,21.98893,9.8718,ceda_hadukgrid_region,daily
2016-07-07,London,22.74482,13.61918,ceda_hadukgrid_region,daily
2016-07-08,London,23.01519,14.47516,ceda_hadukgrid_region,daily
2016-07-09,London,22.96352,14.27303,ceda_hadukgrid_region,daily
2016-07-10,London,22.19324,16.70816,ceda_hadukgrid_region,daily
2016-07-11,London,21.55137,15.2837,ceda_hadukgrid_region,daily
2016-07-12,London,18.92612,12.2363,ceda_hadukgrid_region,daily
2016-07-13,London,19.24302,11.77199,ceda_hadukgrid_region,daily
2016-07-14,London,21.10884,11.35973,ceda_hadukgrid_region,daily
2016-07-15,London,20.30772,10.09411,ceda_hadukgrid_region,daily
2016-07-16,London,26.21955,16.36651,ceda_hadukgrid_region,daily
2016-07-17,London,26.86843,17.79365,ceda_hadukgrid_region,daily
2016-07-18,London,29.1924,14.37471,ceda_hadukgrid_region,daily
2016-07-19,London,31.88009,15.48721,ceda_hadukgrid_region,daily
2016-07-20,London,29.88719,20.796,ceda_hadukgrid_region,daily
2016-07-21,London,24.65512,14.08415,ceda_hadukgrid_region,daily
2016-07-22,London,24.4684,17.05083,ceda_hadukgrid_region,daily
2016-07-23,London,27.72727,13.83893,ceda_hadukgrid_region,daily
2016-07-24,London,24.49146,13.72629,ceda_hadukgrid_region,daily
2016-07-25,London,23.77925,14.05294,ceda_hadukgrid_region,daily
2016-07-26,London,22.54051,12.57117,ceda_hadukgrid_region,daily
2016-07-27,London,24.1482,16.42818,ceda_hadukgrid_region,daily
2016-07-28,London,22.29935,14.03027,ceda_hadukgrid_region,daily
2016-07-29,London,22.80772,15.99978,ceda_hadukgrid_region,daily
2016-07-30,London,21.99426,15.07076,ceda_hadukgrid_region,daily
2016-07-31,London,21.87643,12.8698,ceda_hadukgrid_region,daily
2016-08-01,London,18.83019,11.62606,ceda_hadukgrid_region,daily
2016-08-02,London,21.01629,13.88095,ceda_hadukgrid_region,daily
2016-08-03,London,23.46538,17.98826,ceda_hadukgrid_region,daily
2016-08-04,London,22.25776,14.91828,ceda_hadukgrid_region,daily
2016-08-05,London,23.85628,12.47966,ceda_hadukgrid_region,daily
2016-08-06,London,25.63894,12.4027,ceda_hadukgrid_region,daily
2016-08-07,London,25.91487,16.51094,ceda_hadukgrid_region,daily
2016-08-08,London,21.46366,14.24527,ceda_hadukgrid_region,daily
2016-08-09,London,20.37056,10.12927,ceda_hadukgrid_region,daily
2016-08-10,London,20.29222,9.90733,ceda_hadukgrid_region,daily
2016-08-11,London,23.01533,13.80712,ceda_hadukgrid_region,daily
2016-08-12,London,26.66716,13.79765,ceda_hadukgrid_region,daily
2016-08-13,London,24.72388,14.38753,ceda_hadukgrid_region,daily
2016-08-14,London,22.79107,14.87306,ceda_hadukgrid_region,daily
2016-08-15,London,23.59239,10.44772,ceda_hadukgrid_region,daily
2016-08-16,London,23.98758,10.73724,ceda_hadukgrid_region,daily
2016-08-17,London,25.70527,11.70469,ceda_hadukgrid_region,daily
2016-08-18,London,25.05121,14.08614,ceda_hadukgrid_region,daily
2016-08-19,London,19.49663,16.14161,ceda_hadukgrid_region,daily
2016-08-20,London,20.86647,14.35701,ceda_hadukgrid_region,daily
2016-08-21,London,22.3253,14.81742,ceda_hadukgrid_region,daily
2016-08-22,London,24.97333,15.81855,ceda_hadukgrid_region,daily
2016-08-23,London,29.79645,12.77015,ceda_hadukgrid_region,daily
2016-08-24,London,32.474,16.61843,ceda_hadukgrid_region,daily
2016-08-25,London,27.73792,18.42526,ceda_hadukgrid_region,daily
2016-08-26,London,26.88008,17.10432,ceda_hadukgrid_region,daily
2016-08-27,London,25.74613,14.44303,ceda_hadukgrid_region,daily
2016-08-28,London,21.73059,16.31927,ceda_hadukgrid_region,daily
2016-08-29,London,23.7208,14.84066,ceda_hadukgrid_region,daily
2016-08-30,London,26.3112,11.06091,ceda_hadukgrid_region,daily
2016-08-31,London,23.68605,11.11355,ceda_hadukgrid_region,daily
2016-09-01,London,24.16096,12.05825,ceda_hadukgrid_region,daily
2016-09-02,London,20.48426,13.4555,ceda_hadukgrid_region,daily
2016-09-03,London,20.9181,11.33725,ceda_hadukgrid_region,daily
2016-09-04,London,20.27284,15.4059,ceda_hadukgrid_region,daily
2016-09-05,London,22.184,14.1076,ceda_hadukgrid_region,daily
2016-09-06,London,23.798,15.39543,ceda_hadukgrid_region,daily
2016-09-07,London,27.72395,18.03179,ceda_hadukgrid_region,daily
2016-09-08,London,23.68608,14.09758,ceda_hadukgrid_region,daily
2016-09-09,London,23.01465,14.44948,ceda_hadukgrid_region,daily
2016-09-10,London,19.98561,17.31914,ceda_hadukgrid_region,daily
2016-09-11,London,21.75727,8.36537,ceda_hadukgrid_region,daily
2016-09-12,London,25.84392,10.64914,ceda_hadukgrid_region,daily
2016-09-13,London,31.97638,15.11658,ceda_hadukgrid_region,daily
2016-09-14,London,27.70977,18.50283,ceda_hadukgrid_region,daily
2016-09-15,London,28.69645,14.80523,ceda_hadukgrid_region,daily
2016-09-16,London,17.69827,16.04808,ceda_hadukgrid_region,daily
2016-09-17,London,16.12431,12.8188,ceda_hadukgrid_region,daily
2016-09-18,London,19.42818,13.42393,ceda_hadukgrid_region,daily
2016-09-19,London,19.66381,13.30269,ceda_hadukgrid_region,daily
2016-09-20,London,18.66308,14.50766,ceda_hadukgrid_region,daily
2016-09-21,London,22.19751,13.28965,ceda_hadukgrid_region,daily
2016-09-22,London,20.40763,13.09554,ceda_hadukgrid_region,daily
2016-09-23,London,20.13359,7.49487,ceda_hadukgrid_region,daily
2016-09-24,London,22.82665,9.75175,ceda_hadukgrid_region,daily
2016-09-25,London,19.98094,14.87065,ceda_hadukgrid_region,daily
2016-09-26,London,18.47748,8.87802,ceda_hadukgrid_region,daily
2016-09-27,London,19.27643,9.70528,ceda_hadukgrid_region,daily
2016-09-28,London,22.57732,12.02925,ceda_hadukgrid_region,daily
2016-09-29,London,19.51913,15.54417,ceda_hadukgrid_region,daily
2016-09-30,London,18.75567,10.30953,ceda_hadukgrid_region,daily
2016-10-01,London,16.18312,8.3541,ceda_hadukgrid_region,daily
2016-10-02,London,17.21428,9.22331,ceda_hadukgrid_region,daily
2016-10-03,London,18.5724,4.19581,ceda_hadukgrid_region,daily
2016-10-04,London,18.66002,8.16527,ceda_hadukgrid_region,daily
2016-10-05,London,17.03569,11.06498,ceda_hadukgrid_region,daily
2016-10-06,London,15.76088,8.45273,ceda_hadukgrid_region,daily
2016-10-07,London,15.2508,10.75723,ceda_hadukgrid_region,daily
2016-10-08,London,16.56637,11.47224,ceda_hadukgrid_region,daily
2016-10-09,London,16.11182,7.73306,ceda_hadukgrid_region,daily
2016-10-10,London,14.26845,5.49356,ceda_hadukgrid_region,daily
2016-10-11,London,16.3015,4.40606,ceda_hadukgrid_region,daily
2016-10-12,London,15.58686,7.79962,ceda_hadukgrid_region,daily
2016-10-13,London,13.72483,7.93883,ceda_hadukgrid_region,daily
2016-10-14,London,14.37786,7.90355,ceda_hadukgrid_region,daily
2016-10-15,London,17.38847,8.35672,ceda_hadukgrid_region,daily
2016-10-16,London,17.81473,7.81077,ceda_hadukgrid_region,daily
2016-10-17,London,17.20284,9.4113,ceda_hadukgrid_region,daily
2016-10-18,London,13.98259,8.53407,ceda_hadukgrid_region,daily
2016-10-19,London,13.42762,8.20478,ceda_hadukgrid_region,daily
2016-10-20,London,14.40472,8.45495,ceda_hadukgrid_region,daily
2016-10-21,London,13.29545,8.22987,ceda_hadukgrid_region,daily
2016-10-22,London,14.56783,5.77023,ceda_hadukgrid_region,daily
2016-10-23,London,13.71463,4.8279,ceda_hadukgrid_region,daily
2016-10-24,London,13.36413,8.56705,ceda_hadukgrid_region,daily
2016-10-25,London,14.1893,8.66195,ceda_hadukgrid_region,daily
2016-10-26,London,16.24767,8.47533,ceda_hadukgrid_region,daily
2016-10-27,London,15.66252,7.93414,ceda_hadukgrid_region,daily
2016-10-28,London,16.89595,9.69299,ceda_hadukgrid_region,daily
2016-10-29,London,15.58394,11.85455,ceda_hadukgrid_region,daily
2016-10-30,London,12.76136,7.54049,ceda_hadukgrid_region,daily
2016-10-31,London,18.72343,8.59842,ceda_hadukgrid_region,daily
2016-11-01,London,12.312,6.32379,ceda_hadukgrid_region,daily
2016-11-02,London,10.71861,2.09608,ceda_hadukgrid_region,daily
2016-11-03,London,11.46278,0.51179,ceda_hadukgrid_region,daily
2016-11-04,London,11.09687,3.37013,ceda_hadukgrid_region,daily
2016-11-05,London,9.06195,1.78875,ceda_hadukgrid_region,daily
2016-11-06,London,7.5905,1.43806,ceda_hadukgrid_region,daily
2016-11-07,London,8.64287,3.34703,ceda_hadukgrid_region,daily
2016-11-08,London,7.02281,-0.70558,ceda_hadukgrid_region,daily
2016-11-09,London,8.6572,1.24012,ceda_hadukgrid_region,daily
2016-11-10,London,11.1264,3.03849,ceda_hadukgrid_region,daily
2016-11-11,London,11.03408,2.89187,ceda_hadukgrid_region,daily
2016-11-12,London,10.2318,3.22656,ceda_hadukgrid_region,daily
2016-11-13,London,10.74845,5.12337,ceda_hadukgrid_region,daily
2016-11-14,London,13.44262,3.85922,ceda_hadukgrid_region,daily
2016-11-15,London,15.79494,8.27496,ceda_hadukgrid_region,daily
2016-11-16,London,13.78703,11.97981,ceda_hadukgrid_region,daily
2016-11-17,London,12.95708,6.70318,ceda_hadukgrid_region,daily
2016-11-18,London,7.54306,3.01306,ceda_hadukgrid_region,daily
2016-11-19,London,9.34553,0.61247,ceda_hadukgrid_region,daily
2016-11-20,London,8.71304,2.86822,ceda_hadukgrid_region,daily
2016-11-21,London,12.61063,5.20085,ceda_hadukgrid_region,daily
2016-11-22,London,11.9793,8.34483,ceda_hadukgrid_region,daily
2016-11-23,London,10.31664,4.47981,ceda_hadukgrid_region,daily
2016-11-24,London,10.56936,6.47981,ceda_hadukgrid_region,daily
2016-11-25,London,10.85841,5.82875,ceda_hadukgrid_region,daily
2016-11-26,London,8.73405,2.06148,ceda_hadukgrid_region,daily
2016-11-27,London,8.75014,3.40522,ceda_hadukgrid_region,daily
2016-11-28,London,8.83369,5.14889,ceda_hadukgrid_region,daily
2016-11-29,London,6.94975,-2.37231,ceda_hadukgrid_region,daily
2016-11-30,London,6.79525,-4.53771,ceda_hadukgrid_region,daily
2016-12-01,London,8.15193,-2.63902,ceda_hadukgrid_region,daily
2016-12-02,London,7.77159,-0.34665,ceda_hadukgrid_region,daily
2016-12-03,London,8.73402,4.25626,ceda_hadukgrid_region,daily
2016-12-04,London,7.59377,0.20813,ceda_hadukgrid_region,daily
2016-12-05,London,8.07343,-1.99008,ceda_hadukgrid_region,daily
2016-12-06,London,10.58159,0.13574,ceda_hadukgrid_region,daily
2016-12-07,London,13.2483,4.18808,ceda_hadukgrid_region,daily
2016-12-08,London,13.19228,9.28709,ceda_hadukgrid_region,daily
2016-12-09,London,14.36877,10.73053,ceda_hadukgrid_region,daily
2016-12-10,London,13.06116,10.12148,ceda_hadukgrid_region,daily
2016-12-11,London,10.15297,3.41236,ceda_hadukgrid_region,daily
2016-12-12,London,10.66611,1.7771,ceda_hadukgrid_region,daily
2016-12-13,London,12.73984,5.41733,ceda_hadukgrid_region,daily
2016-12-14,London,13.69013,6.4871,ceda_hadukgrid_region,daily
2016-12-15,London,10.74194,4.48018,ceda_hadukgrid_region,daily
2016-12-16,London,10.0975,7.08752,ceda_hadukgrid_region,daily
2016-12-17,London,7.6831,3.1785,ceda_hadukgrid_region,daily
2016-12-18,London,7.69547,5.25622,ceda_hadukgrid_region,daily
2016-12-19,London,6.98971,4.16718,ceda_hadukgrid_region,daily
2016-12-20,London,9.51438,3.06231,ceda_hadukgrid_region,daily
2016-12-21,London,11.5327,2.62587,ceda_hadukgrid_region,daily
2016-12-22,London,10.06554,1.96005,ceda_hadukgrid_region,daily
2016-12-23,London,11.13224,2.66172,ceda_hadukgrid_region,daily
2016-12-24,London,11.21084,4.84874,ceda_hadukgrid_region,daily
2016-12-25,London,13.20715,6.1006,ceda_hadukgrid_region,daily
2016-12-26,London,8.5149,6.2959,ceda_hadukgrid_region,daily
2016-12-27,London,7.07282,-1.07743,ceda_hadukgrid_region,daily
2016-12-28,London,6.6861,-2.15223,ceda_hadukgrid_region,daily
2016-12-29,London,8.71091,-2.71207,ceda_hadukgrid_region,daily
2016-12-30,London,5.2684,-2.4627,ceda_hadukgrid_region,daily
2016-12-31,London,8.10873,0.91129,ceda_hadukgrid_region,daily
2017-01-01,London,9.30573,4.6327,ceda_hadukgrid_region,daily
2017-01-02,London,5.25838,1.27476,ceda_hadukgrid_region,daily
2017-01-03,London,5.95366,-2.29596,ceda_hadukgrid_region,daily
2017-01-04,London,7.97829,-0.4946,ceda_hadukgrid_region,daily
2017-01-05,London,6.32564,-1.86441,ceda_hadukgrid_region,daily
2017-01-06,London,8.13641,-2.78362,ceda_hadukgrid_region,daily
2017-01-07,London,10.345,0.53479,ceda_hadukgrid_region,daily
2017-01-08,London,10.33896,7.28691,ceda_hadukgrid_region,daily
2017-01-09,London,9.86115,7.28436,ceda_hadukgrid_region,daily
2017-01-10,London,9.98956,3.02366,ceda_hadukgrid_region,daily
2017-01-11,London,11.11478,5.62446,ceda_hadukgrid_region,daily
2017-01-12,London,6.8581,4.94323,ceda_hadukgrid_region,daily
2017-01-13,London,5.78503,0.4543,ceda_hadukgrid_region,daily
2017-01-14,London,5.03674,0.02556,ceda_hadukgrid_region,daily
2017-01-15,London,8.62637,0.12322,ceda_hadukgrid_region,daily
2017-01-16,London,5.05302,3.18931,ceda_hadukgrid_region,daily
2017-01-17,London,5.80742,-0.23505,ceda_hadukgrid_region,daily
2017-01-18,London,5.66009,-4.09239,ceda_hadukgrid_region,daily
2017-01-19,London,6.73432,-3.08984,ceda_hadukgrid_region,daily
2017-01-20,London,6.88105,-2.43722,ceda_hadukgrid_region,daily
2017-01-21,London,4.77369,-2.49355,ceda_hadukgrid_region,daily
2017-01-22,London,6.36262,-5.05787,ceda_hadukgrid_region,daily
2017-01-23,London,4.46217,-4.14733,ceda_hadukgrid_region,daily
2017-01-24,London,9.59141,-1.6762,ceda_hadukgrid_region,daily
2017-01-25,London,3.33078,-1.88447,ceda_hadukgrid_region,daily
2017-01-26,London,1.90052,-1.01495,ceda_hadukgrid_region,daily
2017-01-27,London,8.07284,-2.44868,ceda_hadukgrid_region,daily
2017-01-28,London,10.32834,1.77076,ceda_hadukgrid_region,daily
2017-01-29,London,9.94359,1.16509,ceda_hadukgrid_region,daily
2017-01-30,London,8.00025,3.60589,ceda_hadukgrid_region,daily
2017-01-31,London,10.50888,5.16436,ceda_hadukgrid_region,daily
2017-02-01,London,11.14882,5.13611,ceda_hadukgrid_region,daily
2017-02-02,London,11.33682,9.01215,ceda_hadukgrid_region,daily
2017-02-03,London,10.90582,6.56739,ceda_hadukgrid_region,daily
2017-02-04,London,9.4995,2.0143,ceda_hadukgrid_region,daily
2017-02-05,London,6.12536,2.36799,ceda_hadukgrid_region,daily
2017-02-06,London,7.82915,-0.85779,ceda_hadukgrid_region,daily
2017-02-07,London,10.69245,0.80394,ceda_hadukgrid_region,daily
2017-02-08,London,4.80136,2.24463,ceda_hadukgrid_region,daily
2017-02-09,London,2.45763,1.76439,ceda_hadukgrid_region,daily
2017-02-10,London,2.21871,1.25535,ceda_hadukgrid_region,daily
2017-02-11,London,2.74295,0.40776,ceda_hadukgrid_region,daily
2017-02-12,London,5.73042,0.496,ceda_hadukgrid_region,daily
2017-02-13,London,9.56898,1.53085,ceda_hadukgrid_region,daily
2017-02-14,London,11.31626,2.45019,ceda_hadukgrid_region,daily
2017-02-15,London,11.91258,3.93496,ceda_hadukgrid_region,daily
2017-02-16,London,11.93885,5.2517,ceda_hadukgrid_region,daily
2017-02-17,London,12.97765,6.28607,ceda_hadukgrid_region,daily
2017-02-18,London,12.45524,4.48107,ceda_hadukgrid_region,daily
2017-02-19,London,12.16056,2.69152,ceda_hadukgrid_region,daily
2017-02-20,London,17.65463,7.23037,ceda_hadukgrid_region,daily
2017-02-21,London,13.37671,9.90012,ceda_hadukgrid_region,daily
2017-02-22,London,13.63663,10.59165,ceda_hadukgrid_region,daily
2017-02-23,London,11.12984,9.26422,ceda_hadukgrid_region,daily
2017-02-24,London,9.81478,2.45202,ceda_hadukgrid_region,daily
2017-02-25,London,10.61242,2.91031,ceda_hadukgrid_region,daily
2017-02-26,London,12.38053,8.02971,ceda_hadukgrid_region,daily
2017-02-27,London,9.36529,7.59381,ceda_hadukgrid_region,daily
2017-02-28,London,8.03947,0.91972,ceda_hadukgrid_region,daily
2017-03-01,London,9.30434,3.02128,ceda_hadukgrid_region,daily
2017-03-02,London,11.45365,5.11317,ceda_hadukgrid_region,daily
2017-03-03,London,11.00947,4.72844,ceda_hadukgrid_region,daily
2017-03-04,London,11.95572,6.47948,ceda_hadukgrid_region,daily
2017-03-05,London,10.8848,5.3702,ceda_hadukgrid_region,daily
2017-03-06,London,10.61522,2.57715,ceda_hadukgrid_region,daily
2017-03-07,London,11.82678,4.27111,ceda_hadukgrid_region,daily
2017-03-08,London,14.42511,5.8633,ceda_hadukgrid_region,daily
2017-03-09,London,16.40835,7.84172,ceda_hadukgrid_region,daily
2017-03-10,London,12.07825,5.9433,ceda_hadukgrid_region,daily
2017-03-11,London,16.92094,8.61324,ceda_hadukgrid_region,daily
2017-03-12,London,12.52133,7.86537,ceda_hadukgrid_region,daily
2017-03-13,London,15.28628,5.40823,ceda_hadukgrid_region,daily
2017-03-14,London,14.76304,6.81038,ceda_hadukgrid_region,daily
2017-03-15,London,17.87962,6.62177,ceda_hadukgrid_region,daily
2017-03-16,London,14.15255,4.6873,ceda_hadukgrid_region,daily
2017-03-17,London,12.07137,4.04379,ceda_hadukgrid_region,daily
2017-03-18,London,14.92834,7.30412,ceda_hadukgrid_region,daily
2017-03-19,London,15.18724,11.77055,ceda_hadukgrid_region,daily
2017-03-20,London,12.75402,10.71182,ceda_hadukgrid_region,daily
2017-03-21,London,11.89573,4.09824,ceda_hadukgrid_region,daily
2017-03-22,London,10.21611,5.16796,ceda_hadukgrid_region,daily
2017-03-23,London,11.39062,5.16742,ceda_hadukgrid_region,daily
2017-03-24,London,12.85727,6.65869,ceda_hadukgrid_region,daily
2017-03-25,London,14.7681,4.30095,ceda_hadukgrid_region,daily
2017-03-26,London,15.22056,5.19565,ceda_hadukgrid_region,daily
2017-03-27,London,15.36161,6.07363,ceda_hadukgrid_region,daily
2017-03-28,London,17.41215,4.86604,ceda_hadukgrid_region,daily
2017-03-29,London,15.46727,9.86103,ceda_hadukgrid_region,daily
2017-03-30,London,21.26041,10.29566,ceda_hadukgrid_region,daily
2017-03-31,London,16.56708,10.92303,ceda_hadukgrid_region,daily
2017-04-01,London,16.01377,8.19328,ceda_hadukgrid_region,daily
2017-04-02,London,16.33965,5.36923,ceda_hadukgrid_region,daily
2017-04-03,London,16.99604,4.07498,ceda_hadukgrid_region,daily
2017-04-04,London,15.17056,8.28279,ceda_hadukgrid_region,daily
2017-04-05,London,14.75328,5.03448,ceda_hadukgrid_region,daily
2017-04-06,London,17.4066,4.33914,ceda_hadukgrid_region,daily
2017-04-07,London,17.17297,3.85795,ceda_hadukgrid_region,daily
2017-04-08,London,20.33948,4.04092,ceda_hadukgrid_region,daily
2017-04-09,London,24.50198,5.79164,ceda_hadukgrid_region,daily
2017-04-10,London,13.99441,7.93257,ceda_hadukgrid_region,daily
2017-04-11,London,15.96097,4.4674,ceda_hadukgrid_region,daily
2017-04-12,London,16.59859,5.50322,ceda_hadukgrid_region,daily
2017-04-13,London,14.12977,4.76295,ceda_hadukgrid_region,daily
2017-04-14,London,14.88063,6.66111,ceda_hadukgrid_region,daily
2017-04-15,London,14.82053,9.27161,ceda_hadukgrid_region,daily
2017-04-16,London,14.892,5.41746,ceda_hadukgrid_region,daily
2017-04-17,London,12.24511,7.50967,ceda_hadukgrid_region,daily
2017-04-18,London,12.97597,3.13148,ceda_hadukgrid_region,daily
2017-04-19,London,13.72669,1.44328,ceda_hadukgrid_region,daily
2017-04-20,London,15.15264,4.34761,ceda_hadukgrid_region,daily
2017-04-21,London,15.45592,6.83614,ceda_hadukgrid_region,daily
2017-04-22,London,15.81399,8.06052,ceda_hadukgrid_region,daily
2017-04-23,London,15.90186,6.84132,ceda_hadukgrid_region,daily
2017-04-24,London,13.97484,5.10102,ceda_hadukgrid_region,daily
2017-04-25,London,11.0948,0.45337,ceda_hadukgrid_region,daily
2017-04-26,London,10.58547,1.93337,ceda_hadukgrid_region,daily
2017-04-27,London,11.04021,-0.51963,ceda_hadukgrid_region,daily
2017-04-28,London,14.14252,6.77824,ceda_hadukgrid_region,daily
2017-04-29,London,15.70576,3.77618,ceda_hadukgrid_region,daily
2017-04-30,London,17.1254,9.05179,ceda_hadukgrid_region,daily
2017-05-01,London,14.02792,8.18477,ceda_hadukgrid_region,daily
2017-05-02,London,17.35553,5.22651,ceda_hadukgrid_region,daily
2017-05-03,London,11.82943,7.02624,ceda_hadukgrid_region,daily
2017-05-04,London,14.07995,8.75545,ceda_hadukgrid_region,daily
2017-05-05,London,15.64877,8.17528,ceda_hadukgrid_region,daily
2017-05-06,London,15.37381,9.11528,ceda_hadukgrid_region,daily
2017-05-07,London,17.44514,8.02636,ceda_hadukgrid_region,daily
2017-05-08,London,11.9948,7.36518,ceda_hadukgrid_region,daily
2017-05-09,London,13.86169,6.30195,ceda_hadukgrid_region,daily
2017-05-10,London,17.85987,3.43002,ceda_hadukgrid_region,daily
2017-05-11,London,21.465,6.24023,ceda_hadukgrid_region,daily
2017-05-12,London,18.86617,11.92724,ceda_hadukgrid_region,daily
2017-05-13,London,18.5534,10.87731,ceda_hadukgrid_region,daily
2017-05-14,London,19.87909,10.92177,ceda_hadukgrid_region,daily
2017-05-15,London,19.66038,8.07361,ceda_hadukgrid_region,daily
2017-05-16,London,24.15525,12.92945,ceda_hadukgrid_region,daily
2017-05-17,London,18.74883,15.08253,ceda_hadukgrid_region,daily
2017-05-18,London,16.76596,9.49405,ceda_hadukgrid_region,daily
2017-05-19,London,15.438,9.50197,ceda_hadukgrid_region,daily
2017-05-20,London,16.6275,6.23988,ceda_hadukgrid_region,daily
2017-05-21,London,20.23691,7.50954,ceda_hadukgrid_region,daily
2017-05-22,London,24.21863,9.66447,ceda_hadukgrid_region,daily
2017-05-23,London,21.17511,10.92714,ceda_hadukgrid_region,daily
2017-05-24,London,25.46856,11.30519,ceda_hadukgrid_region,daily
2017-05-25,London,25.62736,12.02116,ceda_hadukgrid_region,daily
2017-05-26,London,26.45012,12.23967,ceda_hadukgrid_region,daily
2017-05-27,London,23.67314,14.37864,ceda_hadukgrid_region,daily
2017-05-28,London,23.95148,10.71801,ceda_hadukgrid_region,daily
2017-05-29,London,21.88273,13.00097,ceda_hadukgrid_region,daily
2017-05-30,London,20.27554,14.24801,ceda_hadukgrid_region,daily
2017-05-31,London,22.42966,12.09265,ceda_hadukgrid_region,daily
2017-06-01,London,24.70048,10.91914,ceda_hadukgrid_region,daily
2017-06-02,London,24.77685,11.87844,ceda_hadukgrid_region,daily
2017-06-03,London,20.95196,14.69768,ceda_hadukgrid_region,daily
2017-06-04,London,19.43442,9.26191,ceda_hadukgrid_region,daily
2017-06-05,London,18.36131,10.85446,ceda_hadukgrid_region,daily
2017-06-06,London,16.74581,9.82679,ceda_hadukgrid_region,daily
2017-06-07,London,19.73595,10.11721,ceda_hadukgrid_region,daily
2017-06-08,London,18.11891,12.69425,ceda_hadukgrid_region,daily
2017-06-09,London,20.46737,11.61407,ceda_hadukgrid_region,daily
2017-06-10,London,23.00094,13.01664,ceda_hadukgrid_region,daily
2017-06-11,London,22.69892,15.87699,ceda_hadukgrid_region,daily
2017-06-12,London,19.80689,11.86267,ceda_hadukgrid_region,daily
2017-06-13,London,23.45152,9.29456,ceda_hadukgrid_region,daily
2017-06-14,London,25.7151,11.54382,ceda_hadukgrid_region,daily
2017-06-15,London,23.89723,13.46131,ceda_hadukgrid_region,daily
2017-06-16,London,23.76454,11.43871,ceda_hadukgrid_region,daily
2017-06-17,London,29.10209,13.96123,ceda_hadukgrid_region,daily
2017-06-18,London,30.87775,16.00945,ceda_hadukgrid_region,daily
2017-06-19,London,31.01775,16.54832,ceda_hadukgrid_region,daily
2017-06-20,London,29.68541,16.19585,ceda_hadukgrid_region,daily
2017-06-21,London,32.21053,15.54209,ceda_hadukgrid_region,daily
2017-06-22,London,23.72608,18.00261,ceda_hadukgrid_region,daily
2017-06-23,London,23.6157,12.84722,ceda_hadukgrid_region,daily
2017-06-24,London,22.88549,16.56921,ceda_hadukgrid_region,daily
2017-06-25,London,22.6701,14.42648,ceda_hadukgrid_region,daily
2017-06-26,London,24.02554,11.61356,ceda_hadukgrid_region,daily
2017-06-27,London,20.83801,14.28621,ceda_hadukgrid_region,daily
2017-06-28,London,16.8896,14.5255,ceda_hadukgrid_region,daily
2017-06-29,London,18.04454,11.62861,ceda_hadukgrid_region,daily
2017-06-30,London,21.5108,12.07565,ceda_hadukgrid_region,daily
2017-07-01,London,22.21273,14.05047,ceda_hadukgrid_region,daily
2017-07-02,London,23.28795,14.58674,ceda_hadukgrid_region,daily
2017-07-03,London,24.06029,13.50736,ceda_hadukgrid_region,daily
2017-07-04,London,23.9986,11.88161,ceda_hadukgrid_region,daily
2017-07-05,London,28.11286,13.21866,ceda_hadukgrid_region,daily
2017-07-06,London,30.12409,17.28989,ceda_hadukgrid_region,daily
2017-07-07,London,28.83602,16.67462,ceda_hadukgrid_region,daily
2017-07-08,London,26.36672,17.50411,ceda_hadukgrid_region,daily
2017-07-09,London,27.28824,16.44914,ceda_hadukgrid_region,daily
2017-07-10,London,25.92984,14.76492,ceda_hadukgrid_region,daily
2017-07-11,London,19.67985,14.11641,ceda_hadukgrid_region,daily
2017-07-12,London,21.43861,14.05181,ceda_hadukgrid_region,daily
2017-07-13,London,22.29356,11.46895,ceda_hadukgrid_region,daily
2017-07-14,London,21.19371,13.90927,ceda_hadukgrid_region,daily
2017-07-15,London,21.98169,13.83098,ceda_hadukgrid_region,daily
2017-07-16,London,25.00761,16.39112,ceda_hadukgrid_region,daily
2017-07-17,London,26.14778,14.46544,ceda_hadukgrid_region,daily
2017-07-18,London,26.1698,15.92771,ceda_hadukgrid_region,daily
2017-07-19,London,22.85747,17.62975,ceda_hadukgrid_region,daily
2017-07-20,London,20.89859,16.73749,ceda_hadukgrid_region,daily
2017-07-21,London,22.26468,11.92841,ceda_hadukgrid_region,daily
2017-07-22,London,19.41045,13.04453,ceda_hadukgrid_region,daily
2017-07-23,London,19.76525,10.19316,ceda_hadukgrid_region,daily
2017-07-24,London,18.07734,13.44185,ceda_hadukgrid_region,daily
2017-07-25,London,22.44027,13.18114,ceda_hadukgrid_region,daily
2017-07-26,London,21.5716,13.38565,ceda_hadukgrid_region,daily
2017-07-27,London,21.13447,13.72851,ceda_hadukgrid_region,daily
2017-07-28,London,21.1725,13.22418,ceda_hadukgrid_region,daily
2017-07-29,London,20.72546,15.00885,ceda_hadukgrid_region,daily
2017-07-30,London,20.7978,14.45393,ceda_hadukgrid_region,daily
2017-07-31,London,22.42989,12.52478,ceda_hadukgrid_region,daily
2017-08-01,London,22.49747,11.1971,ceda_hadukgrid_region,daily
2017-08-02,London,18.92836,14.24518,ceda_hadukgrid_region,daily
2017-08-03,London,21.07181,15.07931,ceda_hadukgrid_region,daily
2017-08-04,London,22.20803,14.72273,ceda_hadukgrid_region,daily
2017-08-05,London,20.74212,13.57938,ceda_hadukgrid_region,daily
2017-08-06,London,21.90884,9.48393,ceda_hadukgrid_region,daily
2017-08-07,London,20.78587,12.27334,ceda_hadukgrid_region,daily
2017-08-08,London,17.69326,13.52117,ceda_hadukgrid_region,daily
2017-08-09,London,16.03502,12.31431,ceda_hadukgrid_region,daily
2017-08-10,London,20.33177,12.17027,ceda_hadukgrid_region,daily
2017-08-11,London,21.89407,8.86756,ceda_hadukgrid_region,daily
2017-08-12,London,21.9357,16.16385,ceda_hadukgrid_region,daily
2017-08-13,London,22.32259,11.29392,ceda_hadukgrid_region,daily
2017-08-14,London,23.60988,9.68481,ceda_hadukgrid_region,daily
2017-08-15,London,23.68162,13.63173,ceda_hadukgrid_region,daily
2017-08-16,London,22.51927,9.84084,ceda_hadukgrid_region,daily
2017-08-17,London,24.05529,14.86614,ceda_hadukgrid_region,daily
2017-08-18,London,20.562,14.74491,ceda_hadukgrid_region,daily
2017-08-19,London,20.31498,12.33462,ceda_hadukgrid_region,daily
2017-08-20,London,20.75042,9.34116,ceda_hadukgrid_region,daily
2017-08-21,London,19.37176,13.44911,ceda_hadukgrid_region,daily
2017-08-22,London,23.05901,15.76002,ceda_hadukgrid_region,daily
2017-08-23,London,22.18574,15.73745,ceda_hadukgrid_region,daily
2017-08-24,London,21.25723,12.00446,ceda_hadukgrid_region,daily
2017-08-25,London,23.81702,10.32325,ceda_hadukgrid_region,daily
2017-08-26,London,24.84728,12.74611,ceda_hadukgrid_region,daily
2017-08-27,London,25.95774,13.98187,ceda_hadukgrid_region,daily
2017-08-28,London,27.38712,13.74006,ceda_hadukgrid_region,daily
2017-08-29,London,25.68627,15.19613,ceda_hadukgrid_region,daily
2017-08-30,London,15.13113,12.91003,ceda_hadukgrid_region,daily
2017-08-31,London,19.89469,7.78701,ceda_hadukgrid_region,daily
2017-09-01,London,21.16881,8.58583,ceda_hadukgrid_region,daily
2017-09-02,London,21.36351,8.98328,ceda_hadukgrid_region,daily
2017-09-03,London,18.31494,9.96123,ceda_hadukgrid_region,daily
2017-09-04,London,21.94804,13.06771,ceda_hadukgrid_region,daily
2017-09-05,London,20.51007,15.98872,ceda_hadukgrid_region,daily
2017-09-06,London,18.77863,11.20895,ceda_hadukgrid_region,daily
2017-09-07,London,19.40072,10.6695,ceda_hadukgrid_region,daily
2017-09-08,London,18.4276,14.2869,ceda_hadukgrid_region,daily
2017-09-09,London,18.65259,9.34627,ceda_hadukgrid_region,daily
2017-09-10,London,17.12623,7.8389,ceda_hadukgrid_region,daily
2017-09-11,London,19.09219,10.90125,ceda_hadukgrid_region,daily
2017-09-12,London,18.7389,9.85871,ceda_hadukgrid_region,daily
2017-09-13,London,18.15411,12.28052,ceda_hadukgrid_region,daily
2017-09-14,London,17.74283,7.62299,ceda_hadukgrid_region,daily
2017-09-15,London,16.43453,6.1167,ceda_hadukgrid_region,daily
2017-09-16,London,15.92279,6.61133,ceda_hadukgrid_region,daily
2017-09-17,London,17.03688,8.03585,ceda_hadukgrid_region,daily
2017-09-18,London,16.97433,9.55568,ceda_hadukgrid_region,daily
2017-09-19,London,15.83508,8.17725,ceda_hadukgrid_region,daily
2017-09-20,London,17.63812,7.43993,ceda_hadukgrid_region,daily
2017-09-21,London,18.17688,12.54565,ceda_hadukgrid_region,daily
2017-09-22,London,18.53329,5.87395,ceda_hadukgrid_region,daily
2017-09-23,London,19.23307,10.65564,ceda_hadukgrid_region,daily
2017-09-24,London,21.91217,9.85619,ceda_hadukgrid_region,daily
2017-09-25,London,18.10881,14.49924,ceda_hadukgrid_region,daily
2017-09-26,London,20.96921,13.27112,ceda_hadukgrid_region,daily
2017-09-27,London,20.72861,11.64678,ceda_hadukgrid_region,daily
2017-09-28,London,20.21905,15.03968,ceda_hadukgrid_region,daily
2017-09-29,London,19.08389,12.53059,ceda_hadukgrid_region,daily
2017-09-30,London,17.47325,10.11416,ceda_hadukgrid_region,daily
2017-10-01,London,17.8317,13.15515,ceda_hadukgrid_region,daily
2017-10-02,London,17.72319,13.53331,ceda_hadukgrid_region,daily
2017-10-03,London,16.24996,8.33136,ceda_hadukgrid_region,daily
2017-10-04,London,16.28002,8.25389,ceda_hadukgrid_region,daily
2017-10-05,London,17.01894,11.81813,ceda_hadukgrid_region,daily
2017-10-06,London,15.42546,6.94547,ceda_hadukgrid_region,daily
2017-10-07,London,17.00568,8.73098,ceda_hadukgrid_region,daily
2017-10-08,London,17.06551,8.99543,ceda_hadukgrid_region,daily
2017-10-09,London,17.18982,8.40328,ceda_hadukgrid_region,daily
2017-10-10,London,16.5302,10.43805,ceda_hadukgrid_region,daily
2017-10-11,London,16.86203,13.48988,ceda_hadukgrid_region,daily
2017-10-12,London,17.52596,8.99253,ceda_hadukgrid_region,daily
2017-10-13,London,19.01685,9.88717,ceda_hadukgrid_region,daily
2017-10-14,London,19.85835,15.15781,ceda_hadukgrid_region,daily
2017-10-15,London,19.98215,10.24228,ceda_hadukgrid_region,daily
2017-10-16,London,22.3962,11.64103,ceda_hadukgrid_region,daily
2017-10-17,London,14.83748,9.94075,ceda_hadukgrid_region,daily
2017-10-18,London,15.60094,9.81735,ceda_hadukgrid_region,daily
2017-10-19,London,17.22162,11.99235,ceda_hadukgrid_region,daily
2017-10-20,London,15.19759,11.97106,ceda_hadukgrid_region,daily
2017-10-21,London,15.59686,11.2354,ceda_hadukgrid_region,daily
2017-10-22,London,13.8218,9.19212,ceda_hadukgrid_region,daily
2017-10-23,London,16.57161,9.03417,ceda_hadukgrid_region,daily
2017-10-24,London,18.70402,12.53675,ceda_hadukgrid_region,daily
2017-10-25,London,18.94616,14.09474,ceda_hadukgrid_region,daily
2017-10-26,London,15.53992,7.57075,ceda_hadukgrid_region,daily
2017-10-27,London,14.62147,7.46853,ceda_hadukgrid_region,daily
2017-10-28,London,16.01098,4.22397,ceda_hadukgrid_region,daily
2017-10-29,London,13.54615,7.90406,ceda_hadukgrid_region,daily
2017-10-30,London,12.09666,1.98393,ceda_hadukgrid_region,daily
2017-10-31,London,13.13694,4.00184,ceda_hadukgrid_region,daily
2017-11-01,London,15.54046,6.6826,ceda_hadukgrid_region,daily
2017-11-02,London,12.49342,2.7964,ceda_hadukgrid_region,daily
2017-11-03,London,14.69176,5.50854,ceda_hadukgrid_region,daily
2017-11-04,London,13.53995,7.91602,ceda_hadukgrid_region,daily
2017-11-05,London,10.28251,3.06492,ceda_hadukgrid_region,daily
2017-11-06,London,11.48623,-0.59745,ceda_hadukgrid_region,daily
2017-11-07,London,11.7289,2.74557,ceda_hadukgrid_region,daily
2017-11-08,London,9.51012,5.62788,ceda_hadukgrid_region,daily
2017-11-09,London,13.31167,0.49865,ceda_hadukgrid_region,daily
2017-11-10,London,12.66889,6.81142,ceda_hadukgrid_region,daily
2017-11-11,London,9.75929,6.67693,ceda_hadukgrid_region,daily
2017-11-12,London,8.21422,5.96933,ceda_hadukgrid_region,daily
2017-11-13,London,8.47464,1.59598,ceda_hadukgrid_region,daily
2017-11-14,London,11.3923,2.86211,ceda_hadukgrid_region,daily
2017-11-15,London,11.88793,8.58403,ceda_hadukgrid_region,daily
2017-11-16,London,13.96254,8.7582,ceda_hadukgrid_region,daily
2017-11-17,London,9.65965,-0.6234,ceda_hadukgrid_region,daily
2017-11-18,London,8.91683,1.23256,ceda_hadukgrid_region,daily
2017-11-19,London,10.16655,1.42489,ceda_hadukgrid_region,daily
2017-11-20,London,12.68318,2.57767,ceda_hadukgrid_region,daily
2017-11-21,London,14.04301,10.15222,ceda_hadukgrid_region,daily
2017-11-22,London,15.62846,11.95175,ceda_hadukgrid_region,daily
2017-11-23,London,11.49204,9.11165,ceda_hadukgrid_region,daily
2017-11-24,London,7.60218,4.76651,ceda_hadukgrid_region,daily
2017-11-25,London,7.05481,-1.62181,ceda_hadukgrid_region,daily
2017-11-26,London,9.94419,0.98726,ceda_hadukgrid_region,daily
2017-11-27,London,10.16783,2.78786,ceda_hadukgrid_region,daily
2017-11-28,London,7.00482,2.17026,ceda_hadukgrid_region,daily
2017-11-29,London,5.80821,1.68541,ceda_hadukgrid_region,daily
2017-11-30,London,3.83704,-0.85114,ceda_hadukgrid_region,daily
2017-12-01,London,6.60208,0.25486,ceda_hadukgrid_region,daily
2017-12-02,London,7.45641,2.04213,ceda_hadukgrid_region,daily
2017-12-03,London,9.86738,2.87555,ceda_hadukgrid_region,daily
2017-12-04,London,9.53051,2.88354,ceda_hadukgrid_region,daily
2017-12-05,London,9.03946,5.86495,ceda_hadukgrid_region,daily
2017-12-06,London,11.11925,7.33804,ceda_hadukgrid_region,daily
2017-12-07,London,12.08896,8.6422,ceda_hadukgrid_region,daily
2017-12-08,London,4.44226,2.19902,ceda_hadukgrid_region,daily
2017-12-09,London,4.12021,-1.5803,ceda_hadukgrid_region,daily
2017-12-10,London,3.28136,-1.1382,ceda_hadukgrid_region,daily
2017-12-11,London,3.06185,0.58949,ceda_hadukgrid_region,daily
2017-12-12,London,7.85815,-3.73361,ceda_hadukgrid_region,daily
2017-12-13,London,9.09367,-2.32168,ceda_hadukgrid_region,daily
2017-12-14,London,6.46975,2.86316,ceda_hadukgrid_region,daily
2017-12-15,London,5.58575,0.86193,ceda_hadukgrid_region,daily
2017-12-16,London,5.13453,-1.23589,ceda_hadukgrid_region,daily
2017-12-17,London,9.44727,-1.72505,ceda_hadukgrid_region,daily
2017-12-18,London,7.47749,-0.026,ceda_hadukgrid_region,daily
2017-12-19,London,8.24766,-1.42206,ceda_hadukgrid_region,daily
2017-12-20,London,10.46894,0.11729,ceda_hadukgrid_region,daily
2017-12-21,London,11.78349,8.01636,ceda_hadukgrid_region,daily
2017-12-22,London,11.85051,8.73528,ceda_hadukgrid_region,daily
2017-12-23,London,9.4945,8.80141,ceda_hadukgrid_region,daily
2017-12-24,London,10.52873,7.9592,ceda_hadukgrid_region,daily
2017-12-25,London,10.65998,8.23648,ceda_hadukgrid_region,daily
2017-12-26,London,7.94767,3.10784,ceda_hadukgrid_region,daily
2017-12-27,London,3.47532,1.81329,ceda_hadukgrid_region,daily
2017-12-28,London,6.23473,-1.0131,ceda_hadukgrid_region,daily
2017-12-29,London,12.61612,-2.43591,ceda_hadukgrid_region,daily
2017-12-30,London,13.91695,4.53066,ceda_hadukgrid_region,daily
2017-12-31,London,11.39978,8.88471,ceda_hadukgrid_region,daily
2018-01-01,London,7.83772,5.16105,ceda_hadukgrid_region,daily
2018-01-02,London,12.60454,3.39993,ceda_hadukgrid_region,daily
2018-01-03,London,10.58517,4.71251,ceda_hadukgrid_region,daily
2018-01-04,London,12.68878,6.14914,ceda_hadukgrid_region,daily
2018-01-05,London,9.17117,4.7326,ceda_hadukgrid_region,daily
2018-01-06,London,5.76077,0.67269,ceda_hadukgrid_region,daily
2018-01-07,London,5.8346,1.5693,ceda_hadukgrid_region,daily
2018-01-08,London,4.87153,1.92354,ceda_hadukgrid_region,daily
2018-01-09,London,8.69764,3.82208,ceda_hadukgrid_region,daily
2018-01-10,London,9.90241,4.50002,ceda_hadukgrid_region,daily
2018-01-11,London,7.27889,3.16461,ceda_hadukgrid_region,daily
2018-01-12,London,7.37676,5.55746,ceda_hadukgrid_region,daily
2018-01-13,London,7.59591,4.78434,ceda_hadukgrid_region,daily
2018-01-14,London,8.43464,3.93449,ceda_hadukgrid_region,daily
2018-01-15,London,11.07009,4.25773,ceda_hadukgrid_region,daily
2018-01-16,London,7.64171,4.9853,ceda_hadukgrid_region,daily
2018-01-17,London,11.74497,2.16755,ceda_hadukgrid_region,daily
2018-01-18,London,9.14558,3.99545,ceda_hadukgrid_region,daily
2018-01-19,London,6.93685,0.08923,ceda_hadukgrid_region,daily
2018-01-20,London,4.45942,1.09814,ceda_hadukgrid_region,daily
2018-01-21,London,10.68278,0.73762,ceda_hadukgrid_region,daily
2018-01-22,London,10.46348,0.95646,ceda_hadukgrid_region,daily
2018-01-23,London,13.1012,6.65245,ceda_hadukgrid_region,daily
2018-01-24,London,13.116,9.3119,ceda_hadukgrid_region,daily
2018-01-25,London,10.50861,5.867,ceda_hadukgrid_region,daily
2018-01-26,London,7.92469,1.02489,ceda_hadukgrid_region,daily
2018-01-27,London,11.22672,1.82211,ceda_hadukgrid_region,daily
2018-01-28,London,13.30512,5.02197,ceda_hadukgrid_region,daily
2018-01-29,London,12.32193,10.22227,ceda_hadukgrid_region,daily
2018-01-30,London,10.19333,-1.3988,ceda_hadukgrid_region,daily
2018-01-31,London,8.92171,0.22413,ceda_hadukgrid_region,daily
2018-02-01,London,7.49009,2.06039,ceda_hadukgrid_region,daily
2018-02-02,London,7.3411,3.25504,ceda_hadukgrid_region,daily
2018-02-03,London,4.21393,2.70373,ceda_hadukgrid_region,daily
2018-02-04,London,5.44962,2.18403,ceda_hadukgrid_region,daily
2018-02-05,London,4.54634,0.61369,ceda_hadukgrid_region,daily
2018-02-06,London,3.99549,0.84425,ceda_hadukgrid_region,daily
2018-02-07,London,5.33141,-0.88712,ceda_hadukgrid_region,daily
2018-02-08,London,7.4446,-3.89251,ceda_hadukgrid_region,daily
2018-02-09,London,5.74027,-0.14696,ceda_hadukgrid_region,daily
2018-02-10,London,10.27264,-2.33,ceda_hadukgrid_region,daily
2018-02-11,London,7.41102,1.88154,ceda_hadukgrid_region,daily
2018-02-12,London,7.34856,-1.27156,ceda_hadukgrid_region,daily
2018-02-13,London,5.6031,0.85199,ceda_hadukgrid_region,daily
2018-02-14,London,8.59034,-1.47531,ceda_hadukgrid_region,daily
2018-02-15,London,10.06481,1.53441,ceda_hadukgrid_region,daily
2018-02-16,London,10.24231,-1.14939,ceda_hadukgrid_region,daily
2018-02-17,London,10.78571,-0.21585,ceda_hadukgrid_region,daily
2018-02-18,London,10.69478,0.43601,ceda_hadukgrid_region,daily
2018-02-19,London,10.84992,4.11746,ceda_hadukgrid_region,daily
2018-02-20,London,9.31318,6.95436,ceda_hadukgrid_region,daily
2018-02-21,London,6.78586,1.4296,ceda_hadukgrid_region,daily
2018-02-22,London,5.86722,1.2647,ceda_hadukgrid_region,daily
2018-02-23,London,4.49795,-1.70131,ceda_hadukgrid_region,daily
2018-02-24,London,5.97381,-1.69188,ceda_hadukgrid_region,daily
2018-02-25,London,4.67737,-0.91461,ceda_hadukgrid_region,daily
2018-02-26,London,2.21863,-1.38416,ceda_hadukgrid_region,daily
2018-02-27,London,0.994,-4.02718,ceda_hadukgrid_region,daily
2018-02-28,London,-0.973,-6.79383,ceda_hadukgrid_region,daily
2018-03-01,London,0.1647,-4.743,ceda_hadukgrid_region,daily
2018-03-02,London,1.37726,-3.87773,ceda_hadukgrid_region,daily
2018-03-03,London,6.43502,-1.67713,ceda_hadukgrid_region,daily
2018-03-04,London,8.78735,1.42501,ceda_hadukgrid_region,daily
2018-03-05,London,10.29373,3.63023,ceda_hadukgrid_region,daily
2018-03-06,London,10.26836,5.25967,ceda_hadukgrid_region,daily
2018-03-07,London,10.63821,3.10992,ceda_hadukgrid_region,daily
2018-03-08,London,10.15462,3.32544,ceda_hadukgrid_region,daily
2018-03-09,London,11.08036,0.6983,ceda_hadukgrid_region,daily
2018-03-10,London,14.0328,5.13175,ceda_hadukgrid_region,daily
2018-03-11,London,11.99222,5.26095,ceda_hadukgrid_region,daily
2018-03-12,London,10.74615,7.64703,ceda_hadukgrid_region,daily
2018-03-13,London,11.02986,4.9327,ceda_hadukgrid_region,daily
2018-03-14,London,13.17383,1.86063,ceda_hadukgrid_region,daily
2018-03-15,London,12.61516,7.45381,ceda_hadukgrid_region,daily
2018-03-16,London,13.65876,7.31895,ceda_hadukgrid_region,daily
2018-03-17,London,0.6745,0.36406,ceda_hadukgrid_region,daily
2018-03-18,London,0.77251,-1.21374,ceda_hadukgrid_region,daily
2018-03-19,London,4.9418,-1.21467,ceda_hadukgrid_region,daily
2018-03-20,London,8.66387,0.20339,ceda_hadukgrid_region,daily
2018-03-21,London,10.81052,-1.44736,ceda_hadukgrid_region,daily
2018-03-22,London,11.43848,4.31261,ceda_hadukgrid_region,daily
2018-03-23,London,13.04895,6.13918,ceda_hadukgrid_region,daily
2018-03-24,London,9.39223,6.44739,ceda_hadukgrid_region,daily
2018-03-25,London,11.65846,6.98888,ceda_hadukgrid_region,daily
2018-03-26,London,12.77495,3.50203,ceda_hadukgrid_region,daily
2018-03-27,London,14.87641,4.96177,ceda_hadukgrid_region,daily
2018-03-28,London,8.75393,4.76063,ceda_hadukgrid_region,daily
2018-03-29,London,9.61772,0.48382,ceda_hadukgrid_region,daily
2018-03-30,London,7.74805,3.66937,ceda_hadukgrid_region,daily
2018-03-31,London,9.05409,4.0561,ceda_hadukgrid_region,daily
2018-04-01,London,8.86981,4.13053,ceda_hadukgrid_region,daily
2018-04-02,London,11.66941,3.67216,ceda_hadukgrid_region,daily
2018-04-03,London,14.00862,8.54293,ceda_hadukgrid_region,daily
2018-04-04,London,12.23172,6.87885,ceda_hadukgrid_region,daily
2018-04-05,London,12.66132,4.28113,ceda_hadukgrid_region,daily
2018-04-06,London,16.54145,4.08952,ceda_hadukgrid_region,daily
2018-04-07,London,17.54076,7.28903,ceda_hadukgrid_region,daily
2018-04-08,London,11.56726,8.83409,ceda_hadukgrid_region,daily
2018-04-09,London,9.64359,8.21065,ceda_hadukgrid_region,daily
2018-04-10,London,13.93066,7.92516,ceda_hadukgrid_region,daily
2018-04-11,London,10.22465,7.15598,ceda_hadukgrid_region,daily
2018-04-12,London,10.12039,6.87334,ceda_hadukgrid_region,daily
2018-04-13,London,12.93274,6.25489,ceda_hadukgrid_region,daily
2018-04-14,London,18.55355,6.58059,ceda_hadukgrid_region,daily
2018-04-15,London,15.21781,8.52668,ceda_hadukgrid_region,daily
2018-04-16,London,15.29868,7.86805,ceda_hadukgrid_region,daily
2018-04-17,London,19.02776,9.10288,ceda_hadukgrid_region,daily
2018-04-18,London,24.38382,9.73816,ceda_hadukgrid_region,daily
2018-04-19,London,28.03544,9.40858,ceda_hadukgrid_region,daily
2018-04-20,London,25.41527,10.48193,ceda_hadukgrid_region,daily
2018-04-21,London,23.53954,10.57685,ceda_hadukgrid_region,daily
2018-04-22,London,23.37577,11.9991,ceda_hadukgrid_region,daily
2018-04-23,London,15.92415,6.96187,ceda_hadukgrid_region,daily
2018-04-24,London,17.13595,10.90249,ceda_hadukgrid_region,daily
2018-04-25,London,15.21677,7.64657,ceda_hadukgrid_region,daily
2018-04-26,London,15.30015,6.17212,ceda_hadukgrid_region,daily
2018-04-27,London,11.94711,6.55437,ceda_hadukgrid_region,daily
2018-04-28,London,9.09566,8.03583,ceda_hadukgrid_region,daily
2018-04-29,London,7.88492,6.69396,ceda_hadukgrid_region,daily
2018-04-30,London,10.34362,5.20946,ceda_hadukgrid_region,daily
2018-05-01,London,14.73336,2.11092,ceda_hadukgrid_region,daily
2018-05-02,London,14.63532,7.8804,ceda_hadukgrid_region,daily
2018-05-03,London,17.24087,2.49247,ceda_hadukgrid_region,daily
2018-05-04,London,20.1728,7.63018,ceda_hadukgrid_region,daily
2018-05-05,London,22.22443,6.12528,ceda_hadukgrid_region,daily
2018-05-06,London,24.96759,6.55588,ceda_hadukgrid_region,daily
2018-05-07,London,27.36446,8.98103,ceda_hadukgrid_region,daily
2018-05-08,London,26.15828,9.49306,ceda_hadukgrid_region,daily
2018-05-09,London,20.6952,7.72362,ceda_hadukgrid_region,daily
2018-05-10,London,17.43459,9.57501,ceda_hadukgrid_region,daily
2018-05-11,London,17.72771,5.56896,ceda_hadukgrid_region,daily
2018-05-12,London,15.1525,9.23739,ceda_hadukgrid_region,daily
2018-05-13,London,17.88722,8.00551,ceda_hadukgrid_region,daily
2018-05-14,London,19.84446,7.78874,ceda_hadukgrid_region,daily
2018-05-15,London,22.56609,8.79476,ceda_hadukgrid_region,daily
2018-05-16,London,14.95478,10.67137,ceda_hadukgrid_region,daily
2018-05-17,London,17.13209,6.37972,ceda_hadukgrid_region,daily
2018-05-18,London,17.82065,4.00013,ceda_hadukgrid_region,daily
2018-05-19,London,20.89222,5.26965,ceda_hadukgrid_region,daily
2018-05-20,London,20.8863,6.54588,ceda_hadukgrid_region,daily
2018-05-21,London,22.51374,7.89435,ceda_hadukgrid_region,daily
2018-05-22,London,22.56686,11.23454,ceda_hadukgrid_region,daily
2018-05-23,London,19.04067,10.34857,ceda_hadukgrid_region,daily
2018-05-24,London,19.82721,10.62278,ceda_hadukgrid_region,daily
2018-05-25,London,19.28774,12.11004,ceda_hadukgrid_region,daily
2018-05-26,London,25.36598,13.90344,ceda_hadukgrid_region,daily
2018-05-27,London,26.82859,14.70766,ceda_hadukgrid_region,daily
2018-05-28,London,25.11408,13.86826,ceda_hadukgrid_region,daily
2018-05-29,London,17.7335,13.56136,ceda_hadukgrid_region,daily
2018-05-30,London,20.3357,12.78799,ceda_hadukgrid_region,daily
2018-05-31,London,22.64623,13.36034,ceda_hadukgrid_region,daily
2018-06-01,London,22.84968,15.47006,ceda_hadukgrid_region,daily
2018-06-02,London,23.92281,14.54688,ceda_hadukgrid_region,daily
2018-06-03,London,26.10505,11.84373,ceda_hadukgrid_region,daily
2018-06-04,London,18.33013,14.37664,ceda_hadukgrid_region,daily
2018-06-05,London,17.99361,11.7204,ceda_hadukgrid_region,daily
2018-06-06,London,22.20251,8.70042,ceda_hadukgrid_region,daily
2018-06-07,London,20.80841,12.30841,ceda_hadukgrid_region,daily
2018-06-08,London,22.14159,13.19844,ceda_hadukgrid_region,daily
2018-06-09,London,21.36342,12.22857,ceda_hadukgrid_region,daily
2018-06-10,London,22.32677,13.67735,ceda_hadukgrid_region,daily
2018-06-11,London,23.97446,11.18243,ceda_hadukgrid_region,daily
2018-06-12,London,17.95771,11.44654,ceda_hadukgrid_region,daily
2018-06-13,London,21.70603,7.41211,ceda_hadukgrid_region,daily
2018-06-14,London,22.881,13.77521,ceda_hadukgrid_region,daily
2018-06-15,London,22.7496,10.43334,ceda_hadukgrid_region,daily
2018-06-16,London,19.86348,12.95716,ceda_hadukgrid_region,daily
2018-06-17,London,19.14061,12.65555,ceda_hadukgrid_region,daily
2018-06-18,London,25.17084,14.37417,ceda_hadukgrid_region,daily
2018-06-19,London,24.44224,16.79784,ceda_hadukgrid_region,daily
2018-06-20,London,24.93719,14.29971,ceda_hadukgrid_region,daily
2018-06-21,London,20.04298,10.68054,ceda_hadukgrid_region,daily
2018-06-22,London,22.14103,8.23782,ceda_hadukgrid_region,daily
2018-06-23,London,23.33485,9.5047,ceda_hadukgrid_region,daily
2018-06-24,London,25.15609,11.00937,ceda_hadukgrid_region,daily
2018-06-25,London,29.01991,11.54326,ceda_hadukgrid_region,daily
2018-06-26,London,27.30754,12.23513,ceda_hadukgrid_region,daily
2018-06-27,London,25.70913,12.30427,ceda_hadukgrid_region,daily
2018-06-28,London,27.18671,12.3173,ceda_hadukgrid_region,daily
2018-06-29,London,27.3245,12.85036,ceda_hadukgrid_region,daily
2018-06-30,London,27.16672,12.89596,ceda_hadukgrid_region,daily
2018-07-01,London,29.72102,14.47618,ceda_hadukgrid_region,daily
2018-07-02,London,28.21445,16.94884,ceda_hadukgrid_region,daily
2018-07-03,London,25.98356,14.68567,ceda_hadukgrid_region,daily
2018-07-04,London,25.95498,13.07896,ceda_hadukgrid_region,daily
2018-07-05,London,29.37745,15.36545,ceda_hadukgrid_region,daily
2018-07-06,London,29.83258,14.69976,ceda_hadukgrid_region,daily
2018-07-07,London,30.42343,15.86073,ceda_hadukgrid_region,daily
2018-07-08,London,30.35898,15.26906,ceda_hadukgrid_region,daily
2018-07-09,London,29.10766,14.99782,ceda_hadukgrid_region,daily
2018-07-10,London,22.05817,14.19283,ceda_hadukgrid_region,daily
2018-07-11,London,23.15375,13.5748,ceda_hadukgrid_region,daily
2018-07-12,London,24.706,12.44509,ceda_hadukgrid_region,daily
2018-07-13,London,26.4218,14.63197,ceda_hadukgrid_region,daily
2018-07-14,London,28.09701,13.45658,ceda_hadukgrid_region,daily
2018-07-15,London,29.96462,13.18364,ceda_hadukgrid_region,daily
2018-07-16,London,29.81716,13.7999,ceda_hadukgrid_region,daily
2018-07-17,London,24.3254,13.65462,ceda_hadukgrid_region,daily
2018-07-18,London,25.53858,13.81106,ceda_hadukgrid_region,daily
2018-07-19,London,27.77494,12.79269,ceda_hadukgrid_region,daily
2018-07-20,London,24.31775,16.98523,ceda_hadukgrid_region,daily
2018-07-21,London,27.96125,16.07405,ceda_hadukgrid_region,daily
2018-07-22,London,28.28164,14.97231,ceda_hadukgrid_region,daily
2018-07-23,London,31.61117,16.99309,ceda_hadukgrid_region,daily
2018-07-24,London,30.21444,16.06009,ceda_hadukgrid_region,daily
2018-07-25,London,30.8298,16.97812,ceda_hadukgrid_region,daily
2018-07-26,London,34.23077,17.78081,ceda_hadukgrid_region,daily
2018-07-27,London,32.24731,19.06733,ceda_hadukgrid_region,daily
2018-07-28,London,22.66806,16.23625,ceda_hadukgrid_region,daily
2018-07-29,London,20.45456,15.31686,ceda_hadukgrid_region,daily
2018-07-30,London,23.76694,15.70057,ceda_hadukgrid_region,daily
2018-07-31,London,25.22177,15.47149,ceda_hadukgrid_region,daily
2018-08-01,London,26.26384,12.08147,ceda_hadukgrid_region,daily
2018-08-02,London,29.90322,12.65865,ceda_hadukgrid_region,daily
2018-08-03,London,32.17377,16.65462,ceda_hadukgrid_region,daily
2018-08-04,London,28.47372,18.97102,ceda_hadukgrid_region,daily
2018-08-05,London,28.8682,14.42244,ceda_hadukgrid_region,daily
2018-08-06,London,31.64972,13.91692,ceda_hadukgrid_region,daily
2018-08-07,London,31.13776,15.73165,ceda_hadukgrid_region,daily
2018-08-08,London,24.21046,14.84811,ceda_hadukgrid_region,daily
2018-08-09,London,17.72026,14.92048,ceda_hadukgrid_region,daily
2018-08-10,London,19.39303,9.85155,ceda_hadukgrid_region,daily
2018-08-11,London,21.82155,8.21558,ceda_hadukgrid_region,daily
2018-08-12,London,22.13377,15.80525,ceda_hadukgrid_region,daily
2018-08-13,London,24.27379,14.96658,ceda_hadukgrid_region,daily
2018-08-14,London,25.26508,12.97105,ceda_hadukgrid_region,daily
2018-08-15,London,24.45952,14.69719,ceda_hadukgrid_region,daily
2018-08-16,London,19.37963,16.81682,ceda_hadukgrid_region,daily
2018-08-17,London,22.28985,9.54823,ceda_hadukgrid_region,daily
2018-08-18,London,21.87426,14.64113,ceda_hadukgrid_region,daily
2018-08-19,London,26.36032,17.18527,ceda_hadukgrid_region,daily
2018-08-20,London,25.12361,17.84566,ceda_hadukgrid_region,daily
2018-08-21,London,26.35111,17.14552,ceda_hadukgrid_region,daily
2018-08-22,London,22.81918,14.4264,ceda_hadukgrid_region,daily
2018-08-23,London,22.05703,16.44161,ceda_hadukgrid_region,daily
2018-08-24,London,19.62139,10.42908,ceda_hadukgrid_region,daily
2018-08-25,London,19.12102,7.68363,ceda_hadukgrid_region,daily
2018-08-26,London,17.90583,8.88276,ceda_hadukgrid_region,daily
2018-08-27,London,19.00064,12.90752,ceda_hadukgrid_region,daily
2018-08-28,London,20.95041,14.55087,ceda_hadukgrid_region,daily
2018-08-29,London,19.88502,12.58054,ceda_hadukgrid_region,daily
2018-08-30,London,20.16957,9.6838,ceda_hadukgrid_region,daily
2018-08-31,London,21.63637,9.99629,ceda_hadukgrid_region,daily
2018-09-01,London,23.94758,9.56743,ceda_hadukgrid_region,daily
2018-09-02,London,23.99951,8.97391,ceda_hadukgrid_region,daily
2018-09-03,London,23.99567,9.5193,ceda_hadukgrid_region,daily
2018-09-04,London,19.93012,11.76196,ceda_hadukgrid_region,daily
2018-09-05,London,20.75017,13.7043,ceda_hadukgrid_region,daily
2018-09-06,London,21.76168,10.23834,ceda_hadukgrid_region,daily
2018-09-07,London,19.25866,8.07381,ceda_hadukgrid_region,daily
2018-09-08,London,19.85949,7.65049,ceda_hadukgrid_region,daily
2018-09-09,London,23.52209,13.63684,ceda_hadukgrid_region,daily
2018-09-10,London,21.47101,12.83787,ceda_hadukgrid_region,daily
2018-09-11,London,22.30981,16.07987,ceda_hadukgrid_region,daily
2018-09-12,London,15.06996,11.70186,ceda_hadukgrid_region,daily
2018-09-13,London,20.29836,6.09798,ceda_hadukgrid_region,daily
2018-09-14,London,18.35971,9.05127,ceda_hadukgrid_region,daily
2018-09-15,London,21.30017,9.63269,ceda_hadukgrid_region,daily
2018-09-16,London,23.45842,12.03106,ceda_hadukgrid_region,daily
2018-09-17,London,25.09511,16.55011,ceda_hadukgrid_region,daily
2018-09-18,London,22.60833,15.29278,ceda_hadukgrid_region,daily
2018-09-19,London,22.55727,16.81409,ceda_hadukgrid_region,daily
2018-09-20,London,20.81353,16.36195,ceda_hadukgrid_region,daily
2018-09-21,London,16.64829,10.56301,ceda_hadukgrid_region,daily
2018-09-22,London,13.32052,10.30245,ceda_hadukgrid_region,daily
2018-09-23,London,14.14007,9.16709,ceda_hadukgrid_region,daily
2018-09-24,London,15.67404,3.75856,ceda_hadukgrid_region,daily
2018-09-25,London,17.61046,2.34214,ceda_hadukgrid_region,daily
2018-09-26,London,22.30953,5.03164,ceda_hadukgrid_region,daily
2018-09-27,London,22.83264,6.86143,ceda_hadukgrid_region,daily
2018-09-28,London,17.09822,10.66542,ceda_hadukgrid_region,daily
2018-09-29,London,18.02109,3.89237,ceda_hadukgrid_region,daily
2018-09-30,London,15.22734,3.79001,ceda_hadukgrid_region,daily
2018-10-01,London,15.87114,6.4216,ceda_hadukgrid_region,daily
2018-10-02,London,20.19928,9.8494,ceda_hadukgrid_region,daily
2018-10-03,London,18.74789,10.86884,ceda_hadukgrid_region,daily
2018-10-04,London,17.72303,9.38174,ceda_hadukgrid_region,daily
2018-10-05,London,21.5909,10.0341,ceda_hadukgrid_region,daily
2018-10-06,London,10.78883,9.28687,ceda_hadukgrid_region,daily
2018-10-07,London,14.70809,5.27744,ceda_hadukgrid_region,daily
2018-10-08,London,16.73535,5.56155,ceda_hadukgrid_region,daily
2018-10-09,London,20.73149,7.63998,ceda_hadukgrid_region,daily
2018-10-10,London,23.22811,8.64761,ceda_hadukgrid_region,daily
2018-10-11,London,21.34739,14.28045,ceda_hadukgrid_region,daily
2018-10-12,London,21.33726,13.56438,ceda_hadukgrid_region,daily
2018-10-13,London,23.8053,17.17372,ceda_hadukgrid_region,daily
2018-10-14,London,13.99585,13.38939,ceda_hadukgrid_region,daily
2018-10-15,London,15.59683,10.29348,ceda_hadukgrid_region,daily
2018-10-16,London,20.64684,12.80548,ceda_hadukgrid_region,daily
2018-10-17,London,15.68799,10.06536,ceda_hadukgrid_region,daily
2018-10-18,London,16.18995,9.65394,ceda_hadukgrid_region,daily
2018-10-19,London,16.12049,4.23918,ceda_hadukgrid_region,daily
2018-10-20,London,18.0959,4.54064,ceda_hadukgrid_region,daily
2018-10-21,London,19.37636,7.01559,ceda_hadukgrid_region,daily
2018-10-22,London,13.37988,6.33434,ceda_hadukgrid_region,daily
2018-10-23,London,15.75577,4.40583,ceda_hadukgrid_region,daily
2018-10-24,London,17.69215,8.79872,ceda_hadukgrid_region,daily
2018-10-25,London,14.32105,4.29053,ceda_hadukgrid_region,daily
2018-10-26,London,11.50935,8.58903,ceda_hadukgrid_region,daily
2018-10-27,London,7.18659,2.33711,ceda_hadukgrid_region,daily
2018-10-28,London,10.28422,3.70873,ceda_hadukgrid_region,daily
2018-10-29,London,9.39873,1.42536,ceda_hadukgrid_region,daily
2018-10-30,London,8.99113,3.99652,ceda_hadukgrid_region,daily
2018-10-31,London,13.48105,-0.79282,ceda_hadukgrid_region,daily
2018-11-01,London,11.63016,4.42651,ceda_hadukgrid_region,daily
2018-11-02,London,11.41768,0.21711,ceda_hadukgrid_region,daily
2018-11-03,London,14.00718,1.95712,ceda_hadukgrid_region,daily
2018-11-04,London,13.42778,6.93142,ceda_hadukgrid_region,daily
2018-11-05,London,15.76799,6.81147,ceda_hadukgrid_region,daily
2018-11-06,London,15.60501,8.18288,ceda_hadukgrid_region,daily
2018-11-07,London,14.25216,10.83049,ceda_hadukgrid_region,daily
2018-11-08,London,14.31931,4.31189,ceda_hadukgrid_region,daily
2018-11-09,London,13.45005,6.49247,ceda_hadukgrid_region,daily
2018-11-10,London,14.68585,7.97679,ceda_hadukgrid_region,daily
2018-11-11,London,13.83708,7.57849,ceda_hadukgrid_region,daily
2018-11-12,London,14.46883,7.72167,ceda_hadukgrid_region,daily
2018-11-13,London,13.90899,7.72256,ceda_hadukgrid_region,daily
2018-11-14,London,14.70749,8.58258,ceda_hadukgrid_region,daily
2018-11-15,London,14.50781,7.70443,ceda_hadukgrid_region,daily
2018-11-16,London,10.63069,10.25555,ceda_hadukgrid_region,daily
2018-11-17,London,11.82674,6.73406,ceda_hadukgrid_region,daily
2018-11-18,London,11.31889,4.02418,ceda_hadukgrid_region,daily
2018-11-19,London,8.65549,5.52949,ceda_hadukgrid_region,daily
2018-11-20,London,5.20777,4.21776,ceda_hadukgrid_region,daily
2018-11-21,London,7.77587,0.98208,ceda_hadukgrid_region,daily
2018-11-22,London,6.44221,-2.30842,ceda_hadukgrid_region,daily
2018-11-23,London,8.64855,0.71368,ceda_hadukgrid_region,daily
2018-11-24,London,9.26812,6.32309,ceda_hadukgrid_region,daily
2018-11-25,London,8.39424,6.34857,ceda_hadukgrid_region,daily
2018-11-26,London,7.70397,4.61421,ceda_hadukgrid_region,daily
2018-11-27,London,12.72766,1.88647,ceda_hadukgrid_region,daily
2018-11-28,London,13.64853,2.96262,ceda_hadukgrid_region,daily
2018-11-29,London,13.83323,11.66895,ceda_hadukgrid_region,daily
2018-11-30,London,11.85241,6.92635,ceda_hadukgrid_region,daily
2018-12-01,London,13.69895,5.5306,ceda_hadukgrid_region,daily
2018-12-02,London,14.94579,9.44448,ceda_hadukgrid_region,daily
2018-12-03,London,13.9207,10.78622,ceda_hadukgrid_region,daily
2018-12-04,London,9.62604,0.84068,ceda_hadukgrid_region,daily
2018-12-05,London,12.63267,2.23632,ceda_hadukgrid_region,daily
2018-12-06,London,13.19659,8.85159,ceda_hadukgrid_region,daily
2018-12-07,London,12.19556,11.32254,ceda_hadukgrid_region,daily
2018-12-08,London,11.86327,6.408,ceda_hadukgrid_region,daily
2018-12-09,London,10.57893,8.57779,ceda_hadukgrid_region,daily
2018-12-10,London,8.95045,4.94954,ceda_hadukgrid_region,daily
2018-12-11,London,9.26503,0.70904,ceda_hadukgrid_region,daily
2018-12-12,London,7.57619,1.77785,ceda_hadukgrid_region,daily
2018-12-13,London,5.58984,1.22723,ceda_hadukgrid_region,daily
2018-12-14,London,4.37013,-0.93866,ceda_hadukgrid_region,daily
2018-12-15,London,7.62104,-0.1706,ceda_hadukgrid_region,daily
2018-12-16,London,8.75214,1.12875,ceda_hadukgrid_region,daily
2018-12-17,London,10.60318,2.06433,ceda_hadukgrid_region,daily
2018-12-18,London,10.06856,3.91706,ceda_hadukgrid_region,daily
2018-12-19,London,9.56439,5.02611,ceda_hadukgrid_region,daily
2018-12-20,London,12.9166,5.67861,ceda_hadukgrid_region,daily
2018-12-21,London,12.6764,6.57733,ceda_hadukgrid_region,daily
2018-12-22,London,11.55002,8.3136,ceda_hadukgrid_region,daily
2018-12-23,London,12.85939,6.04787,ceda_hadukgrid_region,daily
2018-12-24,London,8.52183,3.60924,ceda_hadukgrid_region,daily
2018-12-25,London,7.95594,-0.14073,ceda_hadukgrid_region,daily
2018-12-26,London,9.16299,2.87901,ceda_hadukgrid_region,daily
2018-12-27,London,8.01519,2.19974,ceda_hadukgrid_region,daily
2018-12-28,London,10.22987,2.39934,ceda_hadukgrid_region,daily
2018-12-29,London,12.36762,6.48264,ceda_hadukgrid_region,daily
2018-12-30,London,10.34535,5.22885,ceda_hadukgrid_region,daily
2018-12-31,London,9.6962,8.64237,ceda_hadukgrid_region,daily
2019-01-01,London,10.66589,5.82344,ceda_hadukgrid_region,daily
2019-01-02,London,6.08389,3.8168,ceda_hadukgrid_region,daily
2019-01-03,London,5.31033,3.85573,ceda_hadukgrid_region,daily
2019-01-04,London,4.54013,0.23378,ceda_hadukgrid_region,daily
2019-01-05,London,6.06654,0.65243,ceda_hadukgrid_region,daily
2019-01-06,London,9.49073,4.34941,ceda_hadukgrid_region,daily
2019-01-07,London,11.10029,5.48075,ceda_hadukgrid_region,daily
2019-01-08,London,9.13559,6.03031,ceda_hadukgrid_region,daily
2019-01-09,London,5.81753,2.27352,ceda_hadukgrid_region,daily
2019-01-10,London,7.27338,0.06875,ceda_hadukgrid_region,daily
2019-01-11,London,8.85605,1.39274,ceda_hadukgrid_region,daily
2019-01-12,London,10.70472,4.75526,ceda_hadukgrid_region,daily
2019-01-13,London,11.80006,8.55226,ceda_hadukgrid_region,daily
2019-01-14,London,9.19063,6.58004,ceda_hadukgrid_region,daily
2019-01-15,London,9.31103,1.60763,ceda_hadukgrid_region,daily
2019-01-16,London,9.40817,5.73014,ceda_hadukgrid_region,daily
2019-01-17,London,4.6775,1.9324,ceda_hadukgrid_region,daily
2019-01-18,London,6.78432,-1.76122,ceda_hadukgrid_region,daily
2019-01-19,London,5.17651,-0.21176,ceda_hadukgrid_region,daily
2019-01-20,London,5.33831,-1.8221,ceda_hadukgrid_region,daily
2019-01-21,London,6.0492,-3.08943,ceda_hadukgrid_region,daily
2019-01-22,London,6.3215,-0.05873,ceda_hadukgrid_region,daily
2019-01-23,London,2.70498,-0.2054,ceda_hadukgrid_region,daily
2019-01-24,London,4.87437,-3.40289,ceda_hadukgrid_region,daily
2019-01-25,London,11.77552,-0.74881,ceda_hadukgrid_region,daily
2019-01-26,London,10.28011,4.75178,ceda_hadukgrid_region,daily
2019-01-27,London,6.65749,3.40274,ceda_hadukgrid_region,daily
2019-01-28,London,5.65214,1.13383,ceda_hadukgrid_region,daily
2019-01-29,London,6.26142,-2.70195,ceda_hadukgrid_region,daily
2019-01-30,London,5.18258,-1.79896,ceda_hadukgrid_region,daily
2019-01-31,London,4.3542,-5.03856,ceda_hadukgrid_region,daily
2019-02-01,London,2.74967,-3.23706,ceda_hadukgrid_region,daily
2019-02-02,London,4.67742,0.83113,ceda_hadukgrid_region,daily
2019-02-03,London,7.11292,-3.54937,ceda_hadukgrid_region,daily
2019-02-04,London,8.69815,-2.01089,ceda_hadukgrid_region,daily
2019-02-05,London,9.11925,3.96353,ceda_hadukgrid_region,daily
2019-02-06,London,11.04207,5.3578,ceda_hadukgrid_region,daily
2019-02-07,London,9.96489,6.18124,ceda_hadukgrid_region,daily
2019-02-08,London,10.82167,5.82769,ceda_hadukgrid_region,daily
2019-02-09,London,10.72171,6.57713,ceda_hadukgrid_region,daily
2019-02-10,London,7.62276,5.80264,ceda_hadukgrid_region,daily
2019-02-11,London,9.01672,0.40736,ceda_hadukgrid_region,daily
2019-02-12,London,11.68809,0.63765,ceda_hadukgrid_region,daily
2019-02-13,London,11.86073,3.98766,ceda_hadukgrid_region,daily
2019-02-14,London,13.64477,-0.6908,ceda_hadukgrid_region,daily
2019-02-15,London,14.70149,-0.27551,ceda_hadukgrid_region,daily
2019-02-16,London,12.1237,1.94871,ceda_hadukgrid_region,daily
2019-02-17,London,14.67656,3.76936,ceda_hadukgrid_region,daily
2019-02-18,London,9.89623,6.32884,ceda_hadukgrid_region,daily
2019-02-19,London,11.77662,2.30471,ceda_hadukgrid_region,daily
2019-02-20,London,12.82241,4.98165,ceda_hadukgrid_region,daily
2019-02-21,London,14.96134,5.70229,ceda_hadukgrid_region,daily
2019-02-22,London,15.28679,5.09973,ceda_hadukgrid_region,daily
2019-02-23,London,16.72713,5.46957,ceda_hadukgrid_region,daily
2019-02-24,London,16.52494,1.52968,ceda_hadukgrid_region,daily
2019-02-25,London,19.32582,0.8444,ceda_hadukgrid_region,daily
2019-02-26,London,19.70194,1.17748,ceda_hadukgrid_region,daily
2019-02-27,London,18.53443,1.25084,ceda_hadukgrid_region,daily
2019-02-28,London,12.67812,3.35119,ceda_hadukgrid_region,daily
2019-03-01,London,10.87446,7.93247,ceda_hadukgrid_region,daily
2019-03-02,London,14.23754,6.9175,ceda_hadukgrid_region,daily
2019-03-03,London,12.25028,9.24022,ceda_hadukgrid_region,daily
2019-03-04,London,10.52586,4.14453,ceda_hadukgrid_region,daily
2019-03-05,London,12.06621,2.57386,ceda_hadukgrid_region,daily
2019-03-06,London,12.28562,6.46782,ceda_hadukgrid_region,daily
2019-03-07,London,11.67533,5.49237,ceda_hadukgrid_region,daily
2019-03-08,London,10.19863,2.9431,ceda_hadukgrid_region,daily
2019-03-09,London,13.77743,6.48495,ceda_hadukgrid_region,daily
2019-03-10,London,10.75155,5.53343,ceda_hadukgrid_region,daily
2019-03-11,London,11.06605,2.34149,ceda_hadukgrid_region,daily
2019-03-12,London,9.51753,5.69684,ceda_hadukgrid_region,daily
2019-03-13,London,11.48791,4.02882,ceda_hadukgrid_region,daily
2019-03-14,London,14.77276,7.06628,ceda_hadukgrid_region,daily
2019-03-15,London,14.43517,8.9908,ceda_hadukgrid_region,daily
2019-03-16,London,11.94296,10.03031,ceda_hadukgrid_region,daily
2019-03-17,London,10.29028,3.97918,ceda_hadukgrid_region,daily
2019-03-18,London,11.73616,3.49247,ceda_hadukgrid_region,daily
2019-03-19,London,13.15367,4.7186,ceda_hadukgrid_region,daily
2019-03-20,London,12.78425,8.12052,ceda_hadukgrid_region,daily
2019-03-21,London,13.83463,8.9376,ceda_hadukgrid_region,daily
2019-03-22,London,10.60918,8.71087,ceda_hadukgrid_region,daily
2019-03-23,London,13.22135,7.27817,ceda_hadukgrid_region,daily
2019-03-24,London,14.22398,2.33334,ceda_hadukgrid_region,daily
2019-03-25,London,12.68924,5.16467,ceda_hadukgrid_region,daily
2019-03-26,London,13.33568,0.50077,ceda_hadukgrid_region,daily
2019-03-27,London,12.9256,4.14912,ceda_hadukgrid_region,daily
2019-03-28,London,15.27372,6.49448,ceda_hadukgrid_region,daily
2019-03-29,London,17.36828,1.84562,ceda_hadukgrid_region,daily
2019-03-30,London,18.9178,4.1495,ceda_hadukgrid_region,daily
2019-03-31,London,12.28219,7.91391,ceda_hadukgrid_region,daily
2019-04-01,London,13.93444,3.5188,ceda_hadukgrid_region,daily
2019-04-02,London,9.17636,1.99541,ceda_hadukgrid_region,daily
2019-04-03,London,9.70193,0.17266,ceda_hadukgrid_region,daily
2019-04-04,London,10.48154,0.43371,ceda_hadukgrid_region,daily
2019-04-05,London,14.11395,5.20146,ceda_hadukgrid_region,daily
2019-04-06,London,10.62826,6.07902,ceda_hadukgrid_region,daily
2019-04-07,London,11.81913,6.23018,ceda_hadukgrid_region,daily
2019-04-08,London,13.00243,7.36128,ceda_hadukgrid_region,daily
2019-04-09,London,11.2948,7.97716,ceda_hadukgrid_region,daily
2019-04-10,London,12.10378,4.82086,ceda_hadukgrid_region,daily
2019-04-11,London,11.50407,1.21035,ceda_hadukgrid_region,daily
2019-04-12,London,10.48174,0.25202,ceda_hadukgrid_region,daily
2019-04-13,London,9.48929,0.21259,ceda_hadukgrid_region,daily
2019-04-14,London,10.73033,-0.87644,ceda_hadukgrid_region,daily
2019-04-15,London,14.25136,3.32023,ceda_hadukgrid_region,daily
2019-04-16,London,16.37827,5.49078,ceda_hadukgrid_region,daily
2019-04-17,London,18.64988,5.02751,ceda_hadukgrid_region,daily
2019-04-18,London,20.89913,7.42566,ceda_hadukgrid_region,daily
2019-04-19,London,23.00129,7.26071,ceda_hadukgrid_region,daily
2019-04-20,London,23.88674,6.66631,ceda_hadukgrid_region,daily
2019-04-21,London,23.2624,4.79149,ceda_hadukgrid_region,daily
2019-04-22,London,24.21046,6.34676,ceda_hadukgrid_region,daily
2019-04-23,London,20.57227,10.5205,ceda_hadukgrid_region,daily
2019-04-24,London,18.4434,9.66628,ceda_hadukgrid_region,daily
2019-04-25,London,16.45801,8.16411,ceda_hadukgrid_region,daily
2019-04-26,London,16.7658,5.17937,ceda_hadukgrid_region,daily
2019-04-27,London,12.53108,7.27819,ceda_hadukgrid_region,daily
2019-04-28,London,13.99972,7.21106,ceda_hadukgrid_region,daily
2019-04-29,London,15.01176,3.69418,ceda_hadukgrid_region,daily
2019-04-30,London,17.1417,4.31433,ceda_hadukgrid_region,daily
2019-05-01,London,17.81928,4.97054,ceda_hadukgrid_region,daily
2019-05-02,London,16.47549,9.37547,ceda_hadukgrid_region,daily
2019-05-03,London,14.75607,6.30242,ceda_hadukgrid_region,daily
2019-05-04,London,11.35792,4.69233,ceda_hadukgrid_region,daily
2019-05-05,London,12.12913,2.79538,ceda_hadukgrid_region,daily
2019-05-06,London,12.74968,4.9821,ceda_hadukgrid_region,daily
2019-05-07,London,15.78083,4.97083,ceda_hadukgrid_region,daily
2019-05-08,London,15.23095,8.217,ceda_hadukgrid_region,daily
2019-05-09,London,15.09619,5.70257,ceda_hadukgrid_region,daily
2019-05-10,London,16.23745,5.38448,ceda_hadukgrid_region,daily
2019-05-11,London,15.53919,7.03348,ceda_hadukgrid_region,daily
2019-05-12,London,17.31947,3.40749,ceda_hadukgrid_region,daily
2019-05-13,London,17.10243,3.1242,ceda_hadukgrid_region,daily
2019-05-14,London,17.94891,5.43824,ceda_hadukgrid_region,daily
2019-05-15,London,19.47033,5.43333,ceda_hadukgrid_region,daily
2019-05-16,London,18.1134,6.17764,ceda_hadukgrid_region,daily
2019-05-17,London,14.61612,8.48035,ceda_hadukgrid_region,daily
2019-05-18,London,18.03683,8.41947,ceda_hadukgrid_region,daily
2019-05-19,London,17.91451,7.19583,ceda_hadukgrid_region,daily
2019-05-20,London,19.93688,11.08751,ceda_hadukgrid_region,daily
2019-05-21,London,20.94718,8.31131,ceda_hadukgrid_region,daily
2019-05-22,London,21.15786,8.50051,ceda_hadukgrid_region,daily
2019-05-23,London,23.62242,7.6485,ceda_hadukgrid_region,daily
2019-05-24,London,22.24632,9.35455,ceda_hadukgrid_region,daily
2019-05-25,London,23.10592,12.99826,ceda_hadukgrid_region,daily
2019-05-26,London,20.79995,13.7191,ceda_hadukgrid_region,daily
2019-05-27,London,19.25088,8.03904,ceda_hadukgrid_region,daily
2019-05-28,London,17.42061,8.76278,ceda_hadukgrid_region,daily
2019-05-29,London,18.95844,8.2065,ceda_hadukgrid_region,daily
2019-05-30,London,23.46228,11.15927,ceda_hadukgrid_region,daily
2019-05-31,London,20.14731,12.65895,ceda_hadukgrid_region,daily
2019-06-01,London,26.28496,9.69584,ceda_hadukgrid_region,daily
2019-06-02,London,26.44054,14.32186,ceda_hadukgrid_region,daily
2019-06-03,London,20.74328,10.21723,ceda_hadukgrid_region,daily
2019-06-04,London,17.299,9.41721,ceda_hadukgrid_region,daily
2019-06-05,London,18.65243,11.33121,ceda_hadukgrid_region,daily
2019-06-06,London,19.30926,8.16999,ceda_hadukgrid_region,daily
2019-06-07,London,17.93434,10.23995,ceda_hadukgrid_region,daily
2019-06-08,London,18.48203,10.75121,ceda_hadukgrid_region,daily
2019-06-09,London,19.32517,7.37032,ceda_hadukgrid_region,daily
2019-06-10,London,14.01495,10.90611,ceda_hadukgrid_region,daily
2019-06-11,London,17.83362,9.50267,ceda_hadukgrid_region,daily
2019-06-12,London,15.61076,10.95602,ceda_hadukgrid_region,daily
2019-06-13,London,15.8578,11.03824,ceda_hadukgrid_region,daily
2019-06-14,London,19.05107,11.85036,ceda_hadukgrid_region,daily
2019-06-15,London,19.31665,10.63855,ceda_hadukgrid_region,daily
2019-06-16,London,20.16225,8.73067,ceda_hadukgrid_region,daily
2019-06-17,London,21.6335,11.27621,ceda_hadukgrid_region,daily
2019-06-18,London,19.54615,10.24826,ceda_hadukgrid_region,daily
2019-06-19,London,19.58204,13.33193,ceda_hadukgrid_region,daily
2019-06-20,London,19.51584,12.60119,ceda_hadukgrid_region,daily
2019-06-21,London,21.02732,8.83816,ceda_hadukgrid_region,daily
2019-06-22,London,22.48143,9.47446,ceda_hadukgrid_region,daily
2019-06-23,London,24.11658,11.21366,ceda_hadukgrid_region,daily
2019-06-24,London,24.82467,16.09867,ceda_hadukgrid_region,daily
2019-06-25,London,23.60174,17.23883,ceda_hadukgrid_region,daily
2019-06-26,London,21.07718,15.1681,ceda_hadukgrid_region,daily
2019-06-27,London,22.36382,13.03759,ceda_hadukgrid_region,daily
2019-06-28,London,24.08214,13.39817,ceda_hadukgrid_region,daily
2019-06-29,London,32.563,13.17576,ceda_hadukgrid_region,daily
2019-06-30,London,24.07585,14.86049,ceda_hadukgrid_region,daily
2019-07-01,London,21.87366,12.90439,ceda_hadukgrid_region,daily
2019-07-02,London,22.01621,10.03832,ceda_hadukgrid_region,daily
2019-07-03,London,22.80849,11.23107,ceda_hadukgrid_region,daily
2019-07-04,London,25.82724,9.95017,ceda_hadukgrid_region,daily
2019-07-05,London,26.29215,14.18716,ceda_hadukgrid_region,daily
2019-07-06,London,23.2612,13.17005,ceda_hadukgrid_region,daily
2019-07-07,London,21.24094,13.98492,ceda_hadukgrid_region,daily
2019-07-08,London,22.70698,12.20531,ceda_hadukgrid_region,daily
2019-07-09,London,23.58148,14.5455,ceda_hadukgrid_region,daily
2019-07-10,London,25.63861,15.69799,ceda_hadukgrid_region,daily
2019-07-11,London,25.93009,15.81361,ceda_hadukgrid_region,daily
2019-07-12,London,25.10121,16.67556,ceda_hadukgrid_region,daily
2019-07-13,London,22.83333,14.53009,ceda_hadukgrid_region,daily
2019-07-14,London,21.79907,12.88582,ceda_hadukgrid_region,daily
2019-07-15,London,21.76863,11.19008,ceda_hadukgrid_region,daily
2019-07-16,London,26.36999,10.24177,ceda_hadukgrid_region,daily
2019-07-17,London,25.31273,12.33719,ceda_hadukgrid_region,daily
2019-07-18,London,23.35579,14.8759,ceda_hadukgrid_region,daily
2019-07-19,London,19.81906,11.28241,ceda_hadukgrid_region,daily
2019-07-20,London,24.27687,15.345,ceda_hadukgrid_region,daily
2019-07-21,London,23.26843,12.30806,ceda_hadukgrid_region,daily
2019-07-22,London,26.90035,15.71766,ceda_hadukgrid_region,daily
2019-07-23,London,32.5837,14.81444,ceda_hadukgrid_region,daily
2019-07-24,London,31.88343,19.67464,ceda_hadukgrid_region,daily
2019-07-25,London,36.72691,18.18876,ceda_hadukgrid_region,daily
2019-07-26,London,25.34142,18.87422,ceda_hadukgrid_region,daily
2019-07-27,London,19.66841,16.0492,ceda_hadukgrid_region,daily
2019-07-28,London,22.80252,15.28439,ceda_hadukgrid_region,daily
2019-07-29,London,25.22354,12.06955,ceda_hadukgrid_region,daily
2019-07-30,London,19.99175,16.308,ceda_hadukgrid_region,daily
2019-07-31,London,22.76378,16.08432,ceda_hadukgrid_region,daily
2019-08-01,London,25.00656,14.25944,ceda_hadukgrid_region,daily
2019-08-02,London,25.06174,14.56747,ceda_hadukgrid_region,daily
2019-08-03,London,23.85331,13.86025,ceda_hadukgrid_region,daily
2019-08-04,London,25.96012,13.96615,ceda_hadukgrid_region,daily
2019-08-05,London,24.9379,15.5634,ceda_hadukgrid_region,daily
2019-08-06,London,23.48486,14.68312,ceda_hadukgrid_region,daily
2019-08-07,London,23.05934,13.92137,ceda_hadukgrid_region,daily
2019-08-08,London,23.84206,12.75874,ceda_hadukgrid_region,daily
2019-08-09,London,24.82495,17.45324,ceda_hadukgrid_region,daily
2019-08-10,London,21.62692,16.35288,ceda_hadukgrid_region,daily
2019-08-11,London,22.20833,14.5273,ceda_hadukgrid_region,daily
2019-08-12,London,18.66336,12.44459,ceda_hadukgrid_region,daily
2019-08-13,London,21.83674,9.20343,ceda_hadukgrid_region,daily
2019-08-14,London,18.312,12.53113,ceda_hadukgrid_region,daily
2019-08-15,London,22.62031,13.96698,ceda_hadukgrid_region,daily
2019-08-16,London,18.95906,11.10351,ceda_hadukgrid_region,daily
2019-08-17,London,22.60637,14.96248,ceda_hadukgrid_region,daily
2019-08-18,London,21.64752,14.44808,ceda_hadukgrid_region,daily
2019-08-19,London,21.04417,11.92854,ceda_hadukgrid_region,daily
2019-08-20,London,21.34416,10.01378,ceda_hadukgrid_region,daily
2019-08-21,London,22.57145,9.27518,ceda_hadukgrid_region,daily
2019-08-22,London,23.68709,10.95741,ceda_hadukgrid_region,daily
2019-08-23,London,26.56194,12.20151,ceda_hadukgrid_region,daily
2019-08-24,London,29.11748,11.55356,ceda_hadukgrid_region,daily
2019-08-25,London,32.07648,14.31458,ceda_hadukgrid_region,daily
2019-08-26,London,32.01466,14.44711,ceda_hadukgrid_region,daily
2019-08-27,London,32.26696,15.25875,ceda_hadukgrid_region,daily
2019-08-28,London,25.14882,17.54316,ceda_hadukgrid_region,daily
2019-08-29,London,23.21569,11.93483,ceda_hadukgrid_region,daily
2019-08-30,London,23.79267,12.51707,ceda_hadukgrid_region,daily
2019-08-31,London,23.50835,11.28246,ceda_hadukgrid_region,daily
2019-09-01,London,20.75243,10.53597,ceda_hadukgrid_region,daily
2019-09-02,London,21.89995,6.91442,ceda_hadukgrid_region,daily
2019-09-03,London,21.67463,14.4477,ceda_hadukgrid_region,daily
2019-09-04,London,20.42087,14.62381,ceda_hadukgrid_region,daily
2019-09-05,London,18.46567,11.46242,ceda_hadukgrid_region,daily
2019-09-06,London,18.22747,8.31919,ceda_hadukgrid_region,daily
2019-09-07,London,18.05881,9.99217,ceda_hadukgrid_region,daily
2019-09-08,London,18.49291,5.80796,ceda_hadukgrid_region,daily
2019-09-09,London,15.70899,9.86526,ceda_hadukgrid_region,daily
2019-09-10,London,20.30168,8.82019,ceda_hadukgrid_region,daily
2019-09-11,London,21.36569,12.68789,ceda_hadukgrid_region,daily
2019-09-12,London,24.6934,12.29792,ceda_hadukgrid_region,daily
2019-09-13,London,21.56761,13.29324,ceda_hadukgrid_region,daily
2019-09-14,London,23.32109,7.31585,ceda_hadukgrid_region,daily
2019-09-15,London,25.89265,8.54321,ceda_hadukgrid_region,daily
2019-09-16,London,19.75758,14.72992,ceda_hadukgrid_region,daily
2019-09-17,London,19.4263,8.99266,ceda_hadukgrid_region,daily
2019-09-18,London,19.38094,5.80707,ceda_hadukgrid_region,daily
2019-09-19,London,21.3731,6.57333,ceda_hadukgrid_region,daily
2019-09-20,London,21.33822,8.14828,ceda_hadukgrid_region,daily
2019-09-21,London,24.67698,10.54474,ceda_hadukgrid_region,daily
2019-09-22,London,22.80268,15.41063,ceda_hadukgrid_region,daily
2019-09-23,London,20.39639,12.81101,ceda_hadukgrid_region,daily
2019-09-24,London,20.30398,15.00779,ceda_hadukgrid_region,daily
2019-09-25,London,20.55166,14.46649,ceda_hadukgrid_region,daily
2019-09-26,London,20.25542,15.0651,ceda_hadukgrid_region,daily
2019-09-27,London,18.30221,12.64902,ceda_hadukgrid_region,daily
2019-09-28,London,19.28461,11.59178,ceda_hadukgrid_region,daily
2019-09-29,London,19.33794,13.74719,ceda_hadukgrid_region,daily
2019-09-30,London,17.6369,9.41487,ceda_hadukgrid_region,daily
2019-10-01,London,19.86725,13.45885,ceda_hadukgrid_region,daily
2019-10-02,London,14.05017,6.38043,ceda_hadukgrid_region,daily
2019-10-03,London,14.44332,2.57002,ceda_hadukgrid_region,daily
2019-10-04,London,15.65651,7.80964,ceda_hadukgrid_region,daily
2019-10-05,London,15.71062,9.74933,ceda_hadukgrid_region,daily
2019-10-06,London,17.23045,11.55796,ceda_hadukgrid_region,daily
2019-10-07,London,15.59401,9.17809,ceda_hadukgrid_region,daily
2019-10-08,London,17.26862,11.29411,ceda_hadukgrid_region,daily
2019-10-09,London,15.67969,9.89531,ceda_hadukgrid_region,daily
2019-10-10,London,16.90413,8.04164,ceda_hadukgrid_region,daily
2019-10-11,London,16.78167,12.22152,ceda_hadukgrid_region,daily
2019-10-12,London,15.74891,10.56407,ceda_hadukgrid_region,daily
2019-10-13,London,17.21584,11.06934,ceda_hadukgrid_region,daily
2019-10-14,London,15.74136,9.47676,ceda_hadukgrid_region,daily
2019-10-15,London,16.8367,10.74008,ceda_hadukgrid_region,daily
2019-10-16,London,16.11816,9.28038,ceda_hadukgrid_region,daily
2019-10-17,London,15.15727,7.17879,ceda_hadukgrid_region,daily
2019-10-18,London,15.2703,9.21495,ceda_hadukgrid_region,daily
2019-10-19,London,15.3263,8.80067,ceda_hadukgrid_region,daily
2019-10-20,London,12.01726,3.7181,ceda_hadukgrid_region,daily
2019-10-21,London,12.78613,7.65693,ceda_hadukgrid_region,daily
2019-10-22,London,15.37641,5.35946,ceda_hadukgrid_region,daily
2019-10-23,London,14.7337,3.25262,ceda_hadukgrid_region,daily
2019-10-24,London,12.62957,8.56696,ceda_hadukgrid_region,daily
2019-10-25,London,16.5673,8.84163,ceda_hadukgrid_region,daily
2019-10-26,London,16.68811,11.61978,ceda_hadukgrid_region,daily
2019-10-27,London,12.0513,3.39033,ceda_hadukgrid_region,daily
2019-10-28,London,10.76634,0.41372,ceda_hadukgrid_region,daily
2019-10-29,London,11.57995,4.70534,ceda_hadukgrid_region,daily
2019-10-30,London,12.55311,7.09452,ceda_hadukgrid_region,daily
2019-10-31,London,12.7747,5.34227,ceda_hadukgrid_region,daily
2019-11-01,London,15.49454,6.59392,ceda_hadukgrid_region,daily
2019-11-02,London,13.39966,10.06273,ceda_hadukgrid_region,daily
2019-11-03,London,12.40115,4.82764,ceda_hadukgrid_region,daily
2019-11-04,London,12.42893,6.39668,ceda_hadukgrid_region,daily
2019-11-05,London,12.80018,5.31018,ceda_hadukgrid_region,daily
2019-11-06,London,9.60318,2.53635,ceda_hadukgrid_region,daily
2019-11-07,London,10.67731,4.50049,ceda_hadukgrid_region,daily
2019-11-08,London,8.56235,-0.2871,ceda_hadukgrid_region,daily
2019-11-09,London,7.8404,-0.10099,ceda_hadukgrid_region,daily
2019-11-10,London,10.63032,1.89882,ceda_hadukgrid_region,daily
2019-11-11,London,9.56042,3.56831,ceda_hadukgrid_region,daily
2019-11-12,London,8.43135,2.93599,ceda_hadukgrid_region,daily
2019-11-13,London,9.76881,2.68291,ceda_hadukgrid_region,daily
2019-11-14,London,8.87369,3.52885,ceda_hadukgrid_region,daily
2019-11-15,London,8.66201,3.26922,ceda_hadukgrid_region,daily
2019-11-16,London,8.03893,4.34335,ceda_hadukgrid_region,daily
2019-11-17,London,8.91682,1.38383,ceda_hadukgrid_region,daily
2019-11-18,London,8.68957,2.47741,ceda_hadukgrid_region,daily
2019-11-19,London,6.58231,-2.13783,ceda_hadukgrid_region,daily
2019-11-20,London,7.55808,0.44847,ceda_hadukgrid_region,daily
2019-11-21,London,7.93369,2.72318,ceda_hadukgrid_region,daily
2019-11-22,London,9.49571,3.70621,ceda_hadukgrid_region,daily
2019-11-23,London,10.97539,7.20506,ceda_hadukgrid_region,daily
2019-11-24,London,11.30286,5.53619,ceda_hadukgrid_region,daily
2019-11-25,London,11.37158,8.24403,ceda_hadukgrid_region,daily
2019-11-26,London,13.26107,9.62304,ceda_hadukgrid_region,daily
2019-11-27,London,11.90208,9.12906,ceda_hadukgrid_region,daily
2019-11-28,London,9.88785,8.11901,ceda_hadukgrid_region,daily
2019-11-29,London,7.66816,2.35734,ceda_hadukgrid_region,daily
2019-11-30,London,7.07603,-0.97473,ceda_hadukgrid_region,daily
2019-12-01,London,7.56596,1.50941,ceda_hadukgrid_region,daily
2019-12-02,London,6.76475,-1.60943,ceda_hadukgrid_region,daily
2019-12-03,London,9.32253,-0.39191,ceda_hadukgrid_region,daily
2019-12-04,London,8.92158,-0.5238,ceda_hadukgrid_region,daily
2019-12-05,London,11.80339,-1.7553,ceda_hadukgrid_region,daily
2019-12-06,London,13.02861,1.5346,ceda_hadukgrid_region,daily
2019-12-07,London,11.73863,6.41463,ceda_hadukgrid_region,daily
2019-12-08,London,10.86472,7.87637,ceda_hadukgrid_region,daily
2019-12-09,London,9.2861,6.21912,ceda_hadukgrid_region,daily
2019-12-10,London,11.5426,-0.35484,ceda_hadukgrid_region,daily
2019-12-11,London,8.50492,2.30633,ceda_hadukgrid_region,daily
2019-12-12,London,8.87541,-0.34824,ceda_hadukgrid_region,daily
2019-12-13,London,8.48834,4.48043,ceda_hadukgrid_region,daily
2019-12-14,London,9.01808,3.98518,ceda_hadukgrid_region,daily
2019-12-15,London,9.89543,4.78193,ceda_hadukgrid_region,daily
2019-12-16,London,8.66222,5.23155,ceda_hadukgrid_region,daily
2019-12-17,London,7.50131,6.03455,ceda_hadukgrid_region,daily
2019-12-18,London,11.66473,1.10969,ceda_hadukgrid_region,daily
2019-12-19,London,13.22706,3.49452,ceda_hadukgrid_region,daily
2019-12-20,London,10.14354,8.29385,ceda_hadukgrid_region,daily
2019-12-21,London,10.2827,4.05397,ceda_hadukgrid_region,daily
2019-12-22,London,9.07736,6.86118,ceda_hadukgrid_region,daily
2019-12-23,London,10.45257,5.09149,ceda_hadukgrid_region,daily
2019-12-24,London,11.83814,6.8174,ceda_hadukgrid_region,daily
2019-12-25,London,8.51447,2.53698,ceda_hadukgrid_region,daily
2019-12-26,London,9.78492,0.20667,ceda_hadukgrid_region,daily
2019-12-27,London,8.73994,6.13985,ceda_hadukgrid_region,daily
2019-12-28,London,9.07244,4.63213,ceda_hadukgrid_region,daily
2019-12-29,London,9.35924,6.68348,ceda_hadukgrid_region,daily
2019-12-30,London,10.71576,1.62495,ceda_hadukgrid_region,daily
2019-12-31,London,9.17796,3.84725,ceda_hadukgrid_region,daily
2020-01-01,London,7.88772,1.93139,ceda_hadukgrid_region,daily
2020-01-02,London,10.79707,3.33747,ceda_hadukgrid_region,daily
2020-01-03,London,10.17694,7.73268,ceda_hadukgrid_region,daily
2020-01-04,London,8.87488,2.70526,ceda_hadukgrid_region,daily
2020-01-05,London,8.70987,5.04144,ceda_hadukgrid_region,daily
2020-01-06,London,8.77445,6.29865,ceda_hadukgrid_region,daily
2020-01-07,London,12.76486,4.08752,ceda_hadukgrid_region,daily
2020-01-08,London,12.57798,7.82096,ceda_hadukgrid_region,daily
2020-01-09,London,13.18936,9.29055,ceda_hadukgrid_region,daily
2020-01-10,London,9.4662,5.44112,ceda_hadukgrid_region,daily
2020-01-11,London,10.99983,3.56895,ceda_hadukgrid_region,daily
2020-01-12,London,11.63852,8.93773,ceda_hadukgrid_region,daily
2020-01-13,London,11.16423,4.19057,ceda_hadukgrid_region,daily
2020-01-14,London,13.25485,7.01607,ceda_hadukgrid_region,daily
2020-01-15,London,9.6011,6.88083,ceda_hadukgrid_region,daily
2020-01-16,London,12.31255,5.24467,ceda_hadukgrid_region,daily
2020-01-17,London,9.39392,7.44717,ceda_hadukgrid_region,daily
2020-01-18,London,7.47367,-0.0443,ceda_hadukgrid_region,daily
2020-01-19,London,7.22187,-1.24938,ceda_hadukgrid_region,daily
2020-01-20,London,7.65772,-1.14816,ceda_hadukgrid_region,daily
2020-01-21,London,7.68346,-2.25165,ceda_hadukgrid_region,daily
2020-01-22,London,7.59568,-0.74614,ceda_hadukgrid_region,daily
2020-01-23,London,7.93243,4.28641,ceda_hadukgrid_region,daily
2020-01-24,London,6.84187,5.70693,ceda_hadukgrid_region,daily
2020-01-25,London,7.86139,5.28981,ceda_hadukgrid_region,daily
2020-01-26,London,10.20832,5.124,ceda_hadukgrid_region,daily
2020-01-27,London,9.48419,7.03065,ceda_hadukgrid_region,daily
2020-01-28,London,7.70196,2.28609,ceda_hadukgrid_region,daily
2020-01-29,London,9.53847,2.05111,ceda_hadukgrid_region,daily
2020-01-30,London,12.55614,3.65375,ceda_hadukgrid_region,daily
2020-01-31,London,12.21612,8.41117,ceda_hadukgrid_region,daily
2020-02-01,London,12.18265,9.45596,ceda_hadukgrid_region,daily
2020-02-02,London,13.29769,6.1163,ceda_hadukgrid_region,daily
2020-02-03,London,11.4291,8.09976,ceda_hadukgrid_region,daily
2020-02-04,London,9.16072,4.13605,ceda_hadukgrid_region,daily
2020-02-05,London,9.24315,0.68511,ceda_hadukgrid_region,daily
2020-02-06,London,9.81771,-1.03041,ceda_hadukgrid_region,daily
2020-02-07,London,10.69322,-0.31108,ceda_hadukgrid_region,daily
2020-02-08,London,11.01243,2.6467,ceda_hadukgrid_region,daily
2020-02-09,London,13.04121,7.07399,ceda_hadukgrid_region,daily
2020-02-10,London,9.58062,5.48375,ceda_hadukgrid_region,daily
2020-02-11,London,8.0777,2.96656,ceda_hadukgrid_region,daily
2020-02-12,London,8.85117,1.85799,ceda_hadukgrid_region,daily
2020-02-13,London,9.87843,3.57639,ceda_hadukgrid_region,daily
2020-02-14,London,12.1561,0.85107,ceda_hadukgrid_region,daily
2020-02-15,London,13.14127,3.75726,ceda_hadukgrid_region,daily
2020-02-16,London,11.60603,10.16981,ceda_hadukgrid_region,daily
2020-02-17,London,11.13095,5.25918,ceda_hadukgrid_region,daily
2020-02-18,London,10.77246,4.06784,ceda_hadukgrid_region,daily
2020-02-19,London,9.64825,2.44075,ceda_hadukgrid_region,daily
2020-02-20,London,10.24002,4.42427,ceda_hadukgrid_region,daily
2020-02-21,London,11.30888,3.28561,ceda_hadukgrid_region,daily
2020-02-22,London,13.73006,6.43675,ceda_hadukgrid_region,daily
2020-02-23,London,14.64307,8.66976,ceda_hadukgrid_region,daily
2020-02-24,London,11.90438,5.53875,ceda_hadukgrid_region,daily
2020-02-25,London,9.07959,4.31198,ceda_hadukgrid_region,daily
2020-02-26,London,8.77836,1.34146,ceda_hadukgrid_region,daily
2020-02-27,London,7.96581,1.80939,ceda_hadukgrid_region,daily
2020-02-28,London,11.54292,-0.52568,ceda_hadukgrid_region,daily
2020-02-29,London,8.93151,4.44664,ceda_hadukgrid_region,daily
2020-03-01,London,10.48031,3.85211,ceda_hadukgrid_region,daily
2020-03-02,London,9.80796,3.583,ceda_hadukgrid_region,daily
2020-03-03,London,9.67061,0.86278,ceda_hadukgrid_region,daily
2020-03-04,London,8.64313,0.38585,ceda_hadukgrid_region,daily
2020-03-05,London,6.18147,4.01329,ceda_hadukgrid_region,daily
2020-03-06,London,9.75076,2.07283,ceda_hadukgrid_region,daily
2020-03-07,London,12.51478,0.44243,ceda_hadukgrid_region,daily
2020-03-08,London,13.11162,5.92113,ceda_hadukgrid_region,daily
2020-03-09,London,12.61035,4.41973,ceda_hadukgrid_region,daily
2020-03-10,London,15.28712,6.139,ceda_hadukgrid_region,daily
2020-03-11,London,14.72741,8.36352,ceda_hadukgrid_region,daily
2020-03-12,London,10.71394,4.38828,ceda_hadukgrid_region,daily
2020-03-13,London,11.94034,5.50273,ceda_hadukgrid_region,daily
2020-03-14,London,12.71668,6.1272,ceda_hadukgrid_region,daily
2020-03-15,London,11.85412,8.47999,ceda_hadukgrid_region,daily
2020-03-16,London,12.67775,2.21454,ceda_hadukgrid_region,daily
2020-03-17,London,13.75666,3.83045,ceda_hadukgrid_region,daily
2020-03-18,London,14.74968,9.12393,ceda_hadukgrid_region,daily
2020-03-19,London,8.19354,6.32156,ceda_hadukgrid_region,daily
2020-03-20,London,9.94082,6.14347,ceda_hadukgrid_region,daily
2020-03-21,London,10.24412,4.15935,ceda_hadukgrid_region,daily
2020-03-22,London,10.40554,3.27041,ceda_hadukgrid_region,daily
2020-03-23,London,12.26515,1.8741,ceda_hadukgrid_region,daily
2020-03-24,London,15.05173,0.5017,ceda_hadukgrid_region,daily
2020-03-25,London,13.63784,-0.75069,ceda_hadukgrid_region,daily
2020-03-26,London,12.88092,0.19951,ceda_hadukgrid_region,daily
2020-03-27,London,13.46668,1.71291,ceda_hadukgrid_region,daily
2020-03-28,London,11.27842,4.56417,ceda_hadukgrid_region,daily
2020-03-29,London,7.86471,3.46849,ceda_hadukgrid_region,daily
2020-03-30,London,10.28333,2.07861,ceda_hadukgrid_region,daily
2020-03-31,London,10.75681,2.77983,ceda_hadukgrid_region,daily
2020-04-01,London,9.49324,-1.88417,ceda_hadukgrid_region,daily
2020-04-02,London,13.40652,4.79107,ceda_hadukgrid_region,daily
2020-04-03,London,13.56198,6.57919,ceda_hadukgrid_region,daily
2020-04-04,London,16.43854,1.70187,ceda_hadukgrid_region,daily
2020-04-05,London,21.22611,5.55224,ceda_hadukgrid_region,daily
2020-04-06,London,17.98537,10.59274,ceda_hadukgrid_region,daily
2020-04-07,London,19.34206,3.21533,ceda_hadukgrid_region,daily
2020-04-08,London,21.6541,8.35413,ceda_hadukgrid_region,daily
2020-04-09,London,22.63372,7.4961,ceda_hadukgrid_region,daily
2020-04-10,London,22.52139,7.56069,ceda_hadukgrid_region,daily
2020-04-11,London,24.35677,7.35625,ceda_hadukgrid_region,daily
2020-04-12,London,24.14177,8.00716,ceda_hadukgrid_region,daily
2020-04-13,London,11.03559,7.28846,ceda_hadukgrid_region,daily
2020-04-14,London,12.63628,3.323,ceda_hadukgrid_region,daily
2020-04-15,London,18.04608,0.99237,ceda_hadukgrid_region,daily
2020-04-16,London,19.64628,3.04427,ceda_hadukgrid_region,daily
2020-04-17,London,14.28005,8.84917,ceda_hadukgrid_region,daily
2020-04-18,London,14.36642,6.65853,ceda_hadukgrid_region,daily
2020-04-19,London,17.74764,5.34822,ceda_hadukgrid_region,daily
2020-04-20,London,17.44272,5.92998,ceda_hadukgrid_region,daily
2020-04-21,London,17.52835,8.42878,ceda_hadukgrid_region,daily
2020-04-22,London,20.31737,7.10676,ceda_hadukgrid_region,daily
2020-04-23,London,23.15073,6.67079,ceda_hadukgrid_region,daily
2020-04-24,London,21.28748,6.28703,ceda_hadukgrid_region,daily
2020-04-25,London,16.07985,6.7489,ceda_hadukgrid_region,daily
2020-04-26,London,20.04703,2.37594,ceda_hadukgrid_region,daily
2020-04-27,London,18.51938,5.22099,ceda_hadukgrid_region,daily
2020-04-28,London,10.90509,7.43925,ceda_hadukgrid_region,daily
2020-04-29,London,13.82001,7.28156,ceda_hadukgrid_region,daily
2020-04-30,London,13.47082,5.57511,ceda_hadukgrid_region,daily
2020-05-01,London,15.19424,6.80198,ceda_hadukgrid_region,daily
2020-05-02,London,17.11699,5.97525,ceda_hadukgrid_region,daily
2020-05-03,London,15.20277,6.78898,ceda_hadukgrid_region,daily
2020-05-04,London,17.24314,8.9694,ceda_hadukgrid_region,daily
2020-05-05,London,14.72313,7.61756,ceda_hadukgrid_region,daily
2020-05-06,London,17.71337,4.45584,ceda_hadukgrid_region,daily
2020-05-07,London,22.32413,4.8684,ceda_hadukgrid_region,daily
2020-05-08,London,23.67744,8.02675,ceda_hadukgrid_region,daily
2020-05-09,London,23.81331,8.25237,ceda_hadukgrid_region,daily
2020-05-10,London,18.04529,10.1755,ceda_hadukgrid_region,daily
2020-05-11,London,12.46267,4.71124,ceda_hadukgrid_region,daily
2020-05-12,London,15.2062,0.70137,ceda_hadukgrid_region,daily
2020-05-13,London,12.7663,5.41375,ceda_hadukgrid_region,daily
2020-05-14,London,14.01504,2.62876,ceda_hadukgrid_region,daily
2020-05-15,London,18.26051,1.2419,ceda_hadukgrid_region,daily
2020-05-16,London,17.86481,5.21813,ceda_hadukgrid_region,daily
2020-05-17,London,20.15564,5.82563,ceda_hadukgrid_region,daily
2020-05-18,London,23.43058,9.60495,ceda_hadukgrid_region,daily
2020-05-19,London,25.44948,11.12581,ceda_hadukgrid_region,daily
2020-05-20,London,26.85665,11.0071,ceda_hadukgrid_region,daily
2020-05-21,London,27.07713,11.66677,ceda_hadukgrid_region,daily
2020-05-22,London,21.9111,16.1251,ceda_hadukgrid_region,daily
2020-05-23,London,19.04757,10.71944,ceda_hadukgrid_region,daily
2020-05-24,London,22.51411,10.21318,ceda_hadukgrid_region,daily
2020-05-25,London,25.28269,8.63438,ceda_hadukgrid_region,daily
2020-05-26,London,26.04819,9.61884,ceda_hadukgrid_region,daily
2020-05-27,London,24.48777,11.49834,ceda_hadukgrid_region,daily
2020-05-28,London,21.38253,10.83775,ceda_hadukgrid_region,daily
2020-05-29,London,22.76678,9.68991,ceda_hadukgrid_region,daily
2020-05-30,London,24.24851,9.20479,ceda_hadukgrid_region,daily
2020-05-31,London,23.97987,11.44589,ceda_hadukgrid_region,daily
2020-06-01,London,25.22655,10.75777,ceda_hadukgrid_region,daily
2020-06-02,London,24.86837,11.51454,ceda_hadukgrid_region,daily
2020-06-03,London,19.23919,11.30453,ceda_hadukgrid_region,daily
2020-06-04,London,16.33847,10.45609,ceda_hadukgrid_region,daily
2020-06-05,London,16.6046,10.22091,ceda_hadukgrid_region,daily
2020-06-06,London,14.74312,6.9592,ceda_hadukgrid_region,daily
2020-06-07,London,18.68901,6.58614,ceda_hadukgrid_region,daily
2020-06-08,London,16.0992,10.22497,ceda_hadukgrid_region,daily
2020-06-09,London,19.42809,8.3244,ceda_hadukgrid_region,daily
2020-06-10,London,15.64355,12.02092,ceda_hadukgrid_region,daily
2020-06-11,London,20.02114,10.61646,ceda_hadukgrid_region,daily
2020-06-12,London,20.64143,13.37525,ceda_hadukgrid_region,daily
2020-06-13,London,24.55613,12.15108,ceda_hadukgrid_region,daily
2020-06-14,London,22.60866,11.95673,ceda_hadukgrid_region,daily
2020-06-15,London,24.35381,10.53246,ceda_hadukgrid_region,daily
2020-06-16,London,23.64196,12.43062,ceda_hadukgrid_region,daily
2020-06-17,London,22.47136,11.55513,ceda_hadukgrid_region,daily
2020-06-18,London,19.57383,13.80134,ceda_hadukgrid_region,daily
2020-06-19,London,19.72198,12.86437,ceda_hadukgrid_region,daily
2020-06-20,London,22.16476,11.28163,ceda_hadukgrid_region,daily
2020-06-21,London,22.62105,13.72409,ceda_hadukgrid_region,daily
2020-06-22,London,23.02062,9.09019,ceda_hadukgrid_region,daily
2020-06-23,London,27.62766,11.40328,ceda_hadukgrid_region,daily
2020-06-24,London,30.83504,15.08826,ceda_hadukgrid_region,daily
2020-06-25,London,31.47055,17.12035,ceda_hadukgrid_region,daily
2020-06-26,London,29.78018,17.46218,ceda_hadukgrid_region,daily
2020-06-27,London,20.61146,14.9113,ceda_hadukgrid_region,daily
2020-06-28,London,20.34532,11.72738,ceda_hadukgrid_region,daily
2020-06-29,London,19.78914,11.66677,ceda_hadukgrid_region,daily
2020-06-30,London,19.1548,12.46094,ceda_hadukgrid_region,daily
2020-07-01,London,21.47707,13.79484,ceda_hadukgrid_region,daily
2020-07-02,London,21.00104,11.63964,ceda_hadukgrid_region,daily
2020-07-03,London,21.05765,11.59027,ceda_hadukgrid_region,daily
2020-07-04,London,20.30267,14.29076,ceda_hadukgrid_region,daily
2020-07-05,London,21.7309,16.46144,ceda_hadukgrid_region,daily
2020-07-06,London,20.2702,11.13544,ceda_hadukgrid_region,daily
2020-07-07,London,20.64414,9.12564,ceda_hadukgrid_region,daily
2020-07-08,London,19.68259,13.44125,ceda_hadukgrid_region,daily
2020-07-09,London,19.61992,15.59164,ceda_hadukgrid_region,daily
2020-07-10,London,19.13985,12.53338,ceda_hadukgrid_region,daily
2020-07-11,London,20.68422,8.08537,ceda_hadukgrid_region,daily
2020-07-12,London,23.87934,8.17192,ceda_hadukgrid_region,daily
2020-07-13,London,25.12633,10.59769,ceda_hadukgrid_region,daily
2020-07-14,London,21.38282,15.0798,ceda_hadukgrid_region,daily
2020-07-15,London,19.13137,12.21814,ceda_hadukgrid_region,daily
2020-07-16,London,23.34227,15.41428,ceda_hadukgrid_region,daily
2020-07-17,London,27.38298,16.43854,ceda_hadukgrid_region,daily
2020-07-18,London,25.31871,14.22413,ceda_hadukgrid_region,daily
2020-07-19,London,20.49112,14.34454,ceda_hadukgrid_region,daily
2020-07-20,London,22.08991,9.85656,ceda_hadukgrid_region,daily
2020-07-21,London,22.25368,9.44132,ceda_hadukgrid_region,daily
2020-07-22,London,25.11756,12.49831,ceda_hadukgrid_region,daily
2020-07-23,London,25.82838,12.30968,ceda_hadukgrid_region,daily
2020-07-24,London,24.75281,15.85421,ceda_hadukgrid_region,daily
2020-07-25,London,22.05215,16.93002,ceda_hadukgrid_region,daily
2020-07-26,London,22.58994,12.1239,ceda_hadukgrid_region,daily
2020-07-27,London,20.80672,15.28909,ceda_hadukgrid_region,daily
2020-07-28,London,21.13084,12.33899,ceda_hadukgrid_region,daily
2020-07-29,London,23.47388,8.02865,ceda_hadukgrid_region,daily
2020-07-30,London,28.93424,11.58122,ceda_hadukgrid_region,daily
2020-07-31,London,36.21701,14.92315,ceda_hadukgrid_region,daily
2020-08-01,London,26.06376,15.83274,ceda_hadukgrid_region,daily
2020-08-02,London,24.1673,11.66519,ceda_hadukgrid_region,daily
2020-08-03,London,23.01593,13.32466,ceda_hadukgrid_region,daily
2020-08-04,London,23.53805,9.71299,ceda_hadukgrid_region,daily
2020-08-05,London,25.94312,15.03203,ceda_hadukgrid_region,daily
2020-08-06,London,28.95318,18.11285,ceda_hadukgrid_region,daily
2020-08-07,London,35.56566,13.69529,ceda_hadukgrid_region,daily
2020-08-08,London,32.39455,19.08576,ceda_hadukgrid_region,daily
2020-08-09,London,32.39454,17.26224,ceda_hadukgrid_region,daily
2020-08-10,London,34.43748,18.66467,ceda_hadukgrid_region,daily
2020-08-11,London,34.3572,19.18251,ceda_hadukgrid_region,daily
2020-08-12,London,34.33274,19.67108,ceda_hadukgrid_region,daily
2020-08-13,London,27.488,19.46851,ceda_hadukgrid_region,daily
2020-08-14,London,20.16812,17.09873,ceda_hadukgrid_region,daily
2020-08-15,London,20.59825,16.96584,ceda_hadukgrid_region,daily
2020-08-16,London,23.77307,17.23266,ceda_hadukgrid_region,daily
2020-08-17,London,23.20594,14.40132,ceda_hadukgrid_region,daily
2020-08-18,London,23.90867,15.4308,ceda_hadukgrid_region,daily
2020-08-19,London,20.68056,14.69843,ceda_hadukgrid_region,daily
2020-08-20,London,25.07604,15.67727,ceda_hadukgrid_region,daily
2020-08-21,London,23.11525,16.57153,ceda_hadukgrid_region,daily
2020-08-22,London,22.85066,15.76951,ceda_hadukgrid_region,daily
2020-08-23,London,22.34177,14.62294,ceda_hadukgrid_region,daily
2020-08-24,London,22.65772,12.88107,ceda_hadukgrid_region,daily
2020-08-25,London,21.44119,15.37409,ceda_hadukgrid_region,daily
2020-08-26,London,22.08703,15.25156,ceda_hadukgrid_region,daily
2020-08-27,London,18.14883,12.03816,ceda_hadukgrid_region,daily
2020-08-28,London,19.3835,12.33537,ceda_hadukgrid_region,daily
2020-08-29,London,15.42164,11.24745,ceda_hadukgrid_region,daily
2020-08-30,London,17.17445,11.69374,ceda_hadukgrid_region,daily
2020-08-31,London,17.86179,7.28714,ceda_hadukgrid_region,daily
2020-09-01,London,20.46477,6.04753,ceda_hadukgrid_region,daily
2020-09-02,London,20.50147,8.22317,ceda_hadukgrid_region,daily
2020-09-03,London,21.83609,14.95276,ceda_hadukgrid_region,daily
2020-09-04,London,19.6343,12.03961,ceda_hadukgrid_region,daily
2020-09-05,London,19.09706,9.2209,ceda_hadukgrid_region,daily
2020-09-06,London,19.7091,8.5011,ceda_hadukgrid_region,daily
2020-09-07,London,20.66421,8.90995,ceda_hadukgrid_region,daily
2020-09-08,London,24.95251,13.66882,ceda_hadukgrid_region,daily
2020-09-09,London,22.27072,14.41894,ceda_hadukgrid_region,daily
2020-09-10,London,19.66001,8.38443,ceda_hadukgrid_region,daily
2020-09-11,London,19.5287,7.08988,ceda_hadukgrid_region,daily
2020-09-12,London,21.66677,11.48752,ceda_hadukgrid_region,daily
2020-09-13,London,24.85556,12.02576,ceda_hadukgrid_region,daily
2020-09-14,London,28.39462,9.64091,ceda_hadukgrid_region,daily
2020-09-15,London,29.34043,13.49329,ceda_hadukgrid_region,daily
2020-09-16,London,25.34093,17.81456,ceda_hadukgrid_region,daily
2020-09-17,London,21.4112,12.47894,ceda_hadukgrid_region,daily
2020-09-18,London,20.93597,9.88832,ceda_hadukgrid_region,daily
2020-09-19,London,23.84137,12.98563,ceda_hadukgrid_region,daily
2020-09-20,London,24.33494,13.60857,ceda_hadukgrid_region,daily
2020-09-21,London,24.00104,13.06648,ceda_hadukgrid_region,daily
2020-09-22,London,24.93248,11.06642,ceda_hadukgrid_region,daily
2020-09-23,London,18.41048,15.07252,ceda_hadukgrid_region,daily
2020-09-24,London,16.60196,7.58882,ceda_hadukgrid_region,daily
2020-09-25,London,14.52268,6.14472,ceda_hadukgrid_region,daily
2020-09-26,London,12.80369,6.46755,ceda_hadukgrid_region,daily
2020-09-27,London,13.7438,9.34638,ceda_hadukgrid_region,daily
2020-09-28,London,17.91019,8.62949,ceda_hadukgrid_region,daily
2020-09-29,London,18.64142,10.70036,ceda_hadukgrid_region,daily
2020-09-30,London,17.52075,9.15691,ceda_hadukgrid_region,daily
2020-10-01,London,16.03249,10.7081,ceda_hadukgrid_region,daily
2020-10-02,London,14.34488,9.29326,ceda_hadukgrid_region,daily
2020-10-03,London,15.31477,12.03723,ceda_hadukgrid_region,daily
2020-10-04,London,11.57955,8.68264,ceda_hadukgrid_region,daily
2020-10-05,London,17.7134,8.57673,ceda_hadukgrid_region,daily
2020-10-06,London,16.45106,10.39431,ceda_hadukgrid_region,daily
2020-10-07,London,16.53138,8.42533,ceda_hadukgrid_region,daily
2020-10-08,London,18.11083,10.88154,ceda_hadukgrid_region,daily
2020-10-09,London,14.64678,5.60297,ceda_hadukgrid_region,daily
2020-10-10,London,13.77586,4.38604,ceda_hadukgrid_region,daily
2020-10-11,London,13.99918,6.73178,ceda_hadukgrid_region,daily
2020-10-12,London,13.27997,5.1763,ceda_hadukgrid_region,daily
2020-10-13,London,11.32976,6.13297,ceda_hadukgrid_region,daily
2020-10-14,London,14.36859,7.83431,ceda_hadukgrid_region,daily
2020-10-15,London,13.36556,7.41057,ceda_hadukgrid_region,daily
2020-10-16,London,13.21725,5.70441,ceda_hadukgrid_region,daily
2020-10-17,London,12.33185,8.63482,ceda_hadukgrid_region,daily
2020-10-18,London,12.80872,6.5594,ceda_hadukgrid_region,daily
2020-10-19,London,15.58151,7.66455,ceda_hadukgrid_region,daily
2020-10-20,London,18.23239,11.42289,ceda_hadukgrid_region,daily
2020-10-21,London,15.78467,13.8989,ceda_hadukgrid_region,daily
2020-10-22,London,16.45344,11.48889,ceda_hadukgrid_region,daily
2020-10-23,London,16.1086,9.38781,ceda_hadukgrid_region,daily
2020-10-24,London,16.06263,6.77065,ceda_hadukgrid_region,daily
2020-10-25,London,12.79044,7.29862,ceda_hadukgrid_region,daily
2020-10-26,London,13.68134,5.78152,ceda_hadukgrid_region,daily
2020-10-27,London,13.8052,5.13144,ceda_hadukgrid_region,daily
2020-10-28,London,13.45741,7.62573,ceda_hadukgrid_region,daily
2020-10-29,London,15.38381,7.55367,ceda_hadukgrid_region,daily
2020-10-30,London,15.98866,10.5308,ceda_hadukgrid_region,daily
2020-10-31,London,15.57613,13.51761,ceda_hadukgrid_region,daily
2020-11-01,London,17.28951,9.94036,ceda_hadukgrid_region,daily
2020-11-02,London,16.67372,14.61731,ceda_hadukgrid_region,daily
2020-11-03,London,10.82336,5.64865,ceda_hadukgrid_region,daily
2020-11-04,London,11.77336,0.36478,ceda_hadukgrid_region,daily
2020-11-05,London,10.52944,0.81042,ceda_hadukgrid_region,daily
2020-11-06,London,11.71732,1.20974,ceda_hadukgrid_region,daily
2020-11-07,London,15.11146,4.01982,ceda_hadukgrid_region,daily
2020-11-08,London,15.03476,7.57659,ceda_hadukgrid_region,daily
2020-11-09,London,16.51881,10.13001,ceda_hadukgrid_region,daily
2020-11-10,London,15.5313,9.89127,ceda_hadukgrid_region,daily
2020-11-11,London,13.25483,7.15147,ceda_hadukgrid_region,daily
2020-11-12,London,13.29886,9.11326,ceda_hadukgrid_region,daily
2020-11-13,London,13.9432,9.22666,ceda_hadukgrid_region,daily
2020-11-14,London,14.35037,8.3986,ceda_hadukgrid_region,daily
2020-11-15,London,12.6028,11.72501,ceda_hadukgrid_region,daily
2020-11-16,London,13.08278,7.05573,ceda_hadukgrid_region,daily
2020-11-17,London,14.47237,9.66431,ceda_hadukgrid_region,daily
2020-11-18,London,15.61216,11.26269,ceda_hadukgrid_region,daily
2020-11-19,London,10.12903,7.81188,ceda_hadukgrid_region,daily
2020-11-20,London,10.8565,0.45094,ceda_hadukgrid_region,daily
2020-11-21,London,12.30859,3.13933,ceda_hadukgrid_region,daily
2020-11-22,London,11.44716,7.24954,ceda_hadukgrid_region,daily
2020-11-23,London,10.965,1.32739,ceda_hadukgrid_region,daily
2020-11-24,London,12.08548,2.62342,ceda_hadukgrid_region,daily
2020-11-25,London,13.3841,7.76093,ceda_hadukgrid_region,daily
2020-11-26,London,8.66847,4.71078,ceda_hadukgrid_region,daily
2020-11-27,London,8.56853,-0.75057,ceda_hadukgrid_region,daily
2020-11-28,London,10.59477,0.86999,ceda_hadukgrid_region,daily
2020-11-29,London,7.90523,7.57509,ceda_hadukgrid_region,daily
2020-11-30,London,10.21736,4.7161,ceda_hadukgrid_region,daily
2020-12-01,London,8.11599,3.60025,ceda_hadukgrid_region,daily
2020-12-02,London,6.79302,1.34854,ceda_hadukgrid_region,daily
2020-12-03,London,7.14515,3.27802,ceda_hadukgrid_region,daily
2020-12-04,London,5.58211,2.31869,ceda_hadukgrid_region,daily
2020-12-05,London,8.0583,2.56888,ceda_hadukgrid_region,daily
2020-12-06,London,5.24204,2.01534,ceda_hadukgrid_region,daily
2020-12-07,London,2.6087,-0.18305,ceda_hadukgrid_region,daily
2020-12-08,London,5.2841,-0.33072,ceda_hadukgrid_region,daily
2020-12-09,London,6.99579,-0.23456,ceda_hadukgrid_region,daily
2020-12-10,London,9.27891,4.0943,ceda_hadukgrid_region,daily
2020-12-11,London,11.04374,6.09522,ceda_hadukgrid_region,daily
2020-12-12,London,9.38241,5.79771,ceda_hadukgrid_region,daily
2020-12-13,London,11.98978,0.57273,ceda_hadukgrid_region,daily
2020-12-14,London,12.47851,5.12494,ceda_hadukgrid_region,daily
2020-12-15,London,11.57446,6.33293,ceda_hadukgrid_region,daily
2020-12-16,London,10.61352,6.48407,ceda_hadukgrid_region,daily
2020-12-17,London,11.60264,5.81581,ceda_hadukgrid_region,daily
2020-12-18,London,11.91218,6.54599,ceda_hadukgrid_region,daily
2020-12-19,London,12.24832,9.73155,ceda_hadukgrid_region,daily
2020-12-20,London,10.4373,5.73462,ceda_hadukgrid_region,daily
2020-12-21,London,13.73381,4.88969,ceda_hadukgrid_region,daily
2020-12-22,London,11.82777,9.78562,ceda_hadukgrid_region,daily
2020-12-23,London,13.13755,9.5489,ceda_hadukgrid_region,daily
2020-12-24,London,5.27626,3.75758,ceda_hadukgrid_region,daily
2020-12-25,London,5.1105,0.02041,ceda_hadukgrid_region,daily
2020-12-26,London,10.50379,-0.44186,ceda_hadukgrid_region,daily
2020-12-27,London,7.30936,5.067,ceda_hadukgrid_region,daily
2020-12-28,London,3.49026,-1.31005,ceda_hadukgrid_region,daily
2020-12-29,London,4.03334,-0.01207,ceda_hadukgrid_region,daily
2020-12-30,London,5.00614,-0.99429,ceda_hadukgrid_region,daily
2020-12-31,London,1.19637,-2.83193,ceda_hadukgrid_region,daily
2021-01-01,London,4.32686,-1.5739,ceda_hadukgrid_region,daily
2021-01-02,London,5.01535,-0.15919,ceda_hadukgrid_region,daily
2021-01-03,London,5.88644,0.36771,ceda_hadukgrid_region,daily
2021-01-04,London,5.13333,2.38292,ceda_hadukgrid_region,daily
2021-01-05,London,4.34876,1.80222,ceda_hadukgrid_region,daily
2021-01-06,London,5.77793,2.45459,ceda_hadukgrid_region,daily
2021-01-07,London,2.81139,-0.15369,ceda_hadukgrid_region,daily
2021-01-08,London,2.10527,-2.03335,ceda_hadukgrid_region,daily
2021-01-09,London,3.30022,-0.9792,ceda_hadukgrid_region,daily
2021-01-10,London,5.78241,-2.56122,ceda_hadukgrid_region,daily
2021-01-11,London,9.28402,-1.01048,ceda_hadukgrid_region,daily
2021-01-12,London,8.41044,5.45152,ceda_hadukgrid_region,daily
2021-01-13,London,9.11512,-0.14096,ceda_hadukgrid_region,daily
2021-01-14,London,6.20992,3.68129,ceda_hadukgrid_region,daily
2021-01-15,London,3.87578,0.28843,ceda_hadukgrid_region,daily
2021-01-16,London,7.93782,-0.95786,ceda_hadukgrid_region,daily
2021-01-17,London,7.88793,2.50687,ceda_hadukgrid_region,daily
2021-01-18,London,11.50333,0.95583,ceda_hadukgrid_region,daily
2021-01-19,London,11.87122,2.93858,ceda_hadukgrid_region,daily
2021-01-20,London,10.34552,9.4602,ceda_hadukgrid_region,daily
2021-01-21,London,8.61542,3.74785,ceda_hadukgrid_region,daily
2021-01-22,London,7.82945,-0.31913,ceda_hadukgrid_region,daily
2021-01-23,London,4.32486,-1.00079,ceda_hadukgrid_region,daily
2021-01-24,London,1.90929,-3.23101,ceda_hadukgrid_region,daily
2021-01-25,London,4.83092,-3.13676,ceda_hadukgrid_region,daily
2021-01-26,London,7.63848,-2.42169,ceda_hadukgrid_region,daily
2021-01-27,London,11.28093,0.16558,ceda_hadukgrid_region,daily
2021-01-28,London,13.18067,7.35822,ceda_hadukgrid_region,daily
2021-01-29,London,11.20444,8.33402,ceda_hadukgrid_region,daily
2021-01-30,London,4.91529,4.78491,ceda_hadukgrid_region,daily
2021-01-31,London,4.1758,0.42669,ceda_hadukgrid_region,daily
2021-02-01,London,9.60736,1.34868,ceda_hadukgrid_region,daily
2021-02-02,London,13.0167,2.94814,ceda_hadukgrid_region,daily
2021-02-03,London,10.28721,7.16235,ceda_hadukgrid_region,daily
2021-02-04,London,9.00487,1.56851,ceda_hadukgrid_region,daily
2021-02-05,London,11.06891,4.62976,ceda_hadukgrid_region,daily
2021-02-06,London,8.18242,4.13904,ceda_hadukgrid_region,daily
2021-02-07,London,1.71255,1.39719,ceda_hadukgrid_region,daily
2021-02-08,London,-0.67003,-2.001,ceda_hadukgrid_region,daily
2021-02-09,London,0.4747,-1.75516,ceda_hadukgrid_region,daily
2021-02-10,London,2.43026,-1.77554,ceda_hadukgrid_region,daily
2021-02-11,London,1.07795,-3.6046,ceda_hadukgrid_region,daily
2021-02-12,London,1.39741,-1.69872,ceda_hadukgrid_region,daily
2021-02-13,London,1.5782,-3.92758,ceda_hadukgrid_region,daily
2021-02-14,London,7.64852,-2.97248,ceda_hadukgrid_region,daily
2021-02-15,London,12.50697,1.28452,ceda_hadukgrid_region,daily
2021-02-16,London,10.53285,7.51258,ceda_hadukgrid_region,daily
2021-02-17,London,11.34883,6.92864,ceda_hadukgrid_region,daily
2021-02-18,London,10.88529,8.16649,ceda_hadukgrid_region,daily
2021-02-19,London,12.38892,3.87944,ceda_hadukgrid_region,daily
2021-02-20,London,14.9394,7.80699,ceda_hadukgrid_region,daily
2021-02-21,London,14.56139,9.98206,ceda_hadukgrid_region,daily
2021-02-22,London,11.13971,6.48906,ceda_hadukgrid_region,daily
2021-02-23,London,14.17125,4.97534,ceda_hadukgrid_region,daily
2021-02-24,London,16.07727,8.20279,ceda_hadukgrid_region,daily
2021-02-25,London,11.92197,9.2096,ceda_hadukgrid_region,daily
2021-02-26,London,12.40599,-0.07752,ceda_hadukgrid_region,daily
2021-02-27,London,12.7123,-0.2863,ceda_hadukgrid_region,daily
2021-02-28,London,9.7729,1.65765,ceda_hadukgrid_region,daily
2021-03-01,London,9.82945,3.39928,ceda_hadukgrid_region,daily
2021-03-02,London,8.52791,3.74222,ceda_hadukgrid_region,daily
2021-03-03,London,8.19711,2.97442,ceda_hadukgrid_region,daily
2021-03-04,London,5.76991,3.76143,ceda_hadukgrid_region,daily
2021-03-05,London,6.29373,1.61671,ceda_hadukgrid_region,daily
2021-03-06,London,6.42378,0.51911,ceda_hadukgrid_region,daily
2021-03-07,London,6.71409,-0.12638,ceda_hadukgrid_region,daily
2021-03-08,London,9.95914,-1.34066,ceda_hadukgrid_region,daily
2021-03-09,London,13.48526,1.08993,ceda_hadukgrid_region,daily
2021-03-10,London,11.32739,5.03608,ceda_hadukgrid_region,daily
2021-03-11,London,12.01887,6.91283,ceda_hadukgrid_region,daily
2021-03-12,London,11.03825,4.39804,ceda_hadukgrid_region,daily
2021-03-13,London,10.82766,5.20477,ceda_hadukgrid_region,daily
2021-03-14,London,10.42823,3.8382,ceda_hadukgrid_region,daily
2021-03-15,London,11.72545,7.2043,ceda_hadukgrid_region,daily
2021-03-16,London,13.87497,6.04182,ceda_hadukgrid_region,daily
2021-03-17,London,9.81733,4.25551,ceda_hadukgrid_region,daily
2021-03-18,London,9.43164,3.5862,ceda_hadukgrid_region,daily
2021-03-19,London,10.98913,5.59576,ceda_hadukgrid_region,daily
2021-03-20,London,10.33406,2.38048,ceda_hadukgrid_region,daily
2021-03-21,London,11.645,6.32735,ceda_hadukgrid_region,daily
2021-03-22,London,13.91374,3.2161,ceda_hadukgrid_region,daily
2021-03-23,London,13.23334,1.65159,ceda_hadukgrid_region,daily
2021-03-24,London,13.35104,1.82096,ceda_hadukgrid_region,daily
2021-03-25,London,12.90928,2.54398,ceda_hadukgrid_region,daily
2021-03-26,London,12.46619,8.41338,ceda_hadukgrid_region,daily
2021-03-27,London,11.56927,2.81464,ceda_hadukgrid_region,daily
2021-03-28,London,12.47476,7.00423,ceda_hadukgrid_region,daily
2021-03-29,London,19.31936,9.38969,ceda_hadukgrid_region,daily
2021-03-30,London,23.36503,2.58503,ceda_hadukgrid_region,daily
2021-03-31,London,20.58692,6.42315,ceda_hadukgrid_region,daily
2021-04-01,London,14.0661,7.77477,ceda_hadukgrid_region,daily
2021-04-02,London,10.48053,5.13409,ceda_hadukgrid_region,daily
2021-04-03,London,9.47643,5.3762,ceda_hadukgrid_region,daily
2021-04-04,London,15.20326,2.20287,ceda_hadukgrid_region,daily
2021-04-05,London,7.58722,4.79964,ceda_hadukgrid_region,daily
2021-04-06,London,7.89987,-0.76387,ceda_hadukgrid_region,daily
2021-04-07,London,7.37792,-2.38789,ceda_hadukgrid_region,daily
2021-04-08,London,12.55201,2.45365,ceda_hadukgrid_region,daily
2021-04-09,London,13.8866,4.31322,ceda_hadukgrid_region,daily
2021-04-10,London,7.88895,5.55327,ceda_hadukgrid_region,daily
2021-04-11,London,9.34939,0.50051,ceda_hadukgrid_region,daily
2021-04-12,London,10.09856,-1.46324,ceda_hadukgrid_region,daily
2021-04-13,London,12.65753,-1.89947,ceda_hadukgrid_region,daily
2021-04-14,London,11.93117,1.69423,ceda_hadukgrid_region,daily
2021-04-15,London,10.57305,0.47749,ceda_hadukgrid_region,daily
2021-04-16,London,11.70702,-0.16012,ceda_hadukgrid_region,daily
2021-04-17,London,13.19237,-0.81751,ceda_hadukgrid_region,daily
2021-04-18,London,15.10923,-0.54289,ceda_hadukgrid_region,daily
2021-04-19,London,16.86291,1.45772,ceda_hadukgrid_region,daily
2021-04-20,London,17.2331,2.73513,ceda_hadukgrid_region,daily
2021-04-21,London,13.7719,5.13615,ceda_hadukgrid_region,daily
2021-04-22,London,13.69896,1.77628,ceda_hadukgrid_region,daily
2021-04-23,London,16.31004,1.18659,ceda_hadukgrid_region,daily
2021-04-24,London,16.22733,2.94716,ceda_hadukgrid_region,daily
2021-04-25,London,13.39099,4.41228,ceda_hadukgrid_region,daily
2021-04-26,London,12.93549,4.40085,ceda_hadukgrid_region,daily
2021-04-27,London,16.32128,0.05962,ceda_hadukgrid_region,daily
2021-04-28,London,12.4355,5.51831,ceda_hadukgrid_region,daily
2021-04-29,London,11.60226,3.9716,ceda_hadukgrid_region,daily
2021-04-30,London,12.52933,2.32149,ceda_hadukgrid_region,daily
2021-05-01,London,13.08166,1.37041,ceda_hadukgrid_region,daily
2021-05-02,London,13.94598,2.07573,ceda_hadukgrid_region,daily
2021-05-03,London,13.60045,4.60966,ceda_hadukgrid_region,daily
2021-05-04,London,14.23846,7.76213,ceda_hadukgrid_region,daily
2021-05-05,London,13.37514,3.20282,ceda_hadukgrid_region,daily
2021-05-06,London,12.49078,0.9335,ceda_hadukgrid_region,daily
2021-05-07,London,14.60352,3.10882,ceda_hadukgrid_region,daily
2021-05-08,London,17.78325,6.22641,ceda_hadukgrid_region,daily
2021-05-09,London,20.30155,10.63612,ceda_hadukgrid_region,daily
2021-05-10,London,16.82166,10.03845,ceda_hadukgrid_region,daily
2021-05-11,London,17.6209,5.50139,ceda_hadukgrid_region,daily
2021-05-12,London,16.9206,8.66862,ceda_hadukgrid_region,daily
2021-05-13,London,13.85201,9.59731,ceda_hadukgrid_region,daily
2021-05-14,London,12.68232,7.52163,ceda_hadukgrid_region,daily
2021-05-15,London,14.71171,8.17324,ceda_hadukgrid_region,daily
2021-05-16,London,14.87101,6.9403,ceda_hadukgrid_region,daily
2021-05-17,London,16.29151,9.49394,ceda_hadukgrid_region,daily
2021-05-18,London,16.5099,5.29562,ceda_hadukgrid_region,daily
2021-05-19,London,17.84985,8.46086,ceda_hadukgrid_region,daily
2021-05-20,London,14.21872,5.22836,ceda_hadukgrid_region,daily
2021-05-21,London,12.93861,10.15117,ceda_hadukgrid_region,daily
2021-05-22,London,14.84061,8.93113,ceda_hadukgrid_region,daily
2021-05-23,London,13.55429,4.20652,ceda_hadukgrid_region,daily
2021-05-24,London,13.94299,6.39239,ceda_hadukgrid_region,daily
2021-05-25,London,16.10847,6.341,ceda_hadukgrid_region,daily
2021-05-26,London,17.05294,5.13787,ceda_hadukgrid_region,daily
2021-05-27,London,20.19492,6.7318,ceda_hadukgrid_region,daily
2021-05-28,London,19.59677,9.01677,ceda_hadukgrid_region,daily
2021-05-29,London,21.04294,11.29388,ceda_hadukgrid_region,daily
2021-05-30,London,20.40184,8.26545,ceda_hadukgrid_region,daily
2021-05-31,London,23.58882,8.05158,ceda_hadukgrid_region,daily
2021-06-01,London,25.01696,10.41986,ceda_hadukgrid_region,daily
2021-06-02,London,27.37847,11.63362,ceda_hadukgrid_region,daily
2021-06-03,London,23.46809,16.46718,ceda_hadukgrid_region,daily
2021-06-04,London,17.26694,12.16786,ceda_hadukgrid_region,daily
2021-06-05,London,23.15617,11.43625,ceda_hadukgrid_region,daily
2021-06-06,London,22.69876,11.59306,ceda_hadukgrid_region,daily
2021-06-07,London,23.27237,13.26561,ceda_hadukgrid_region,daily
2021-06-08,London,24.10051,11.16383,ceda_hadukgrid_region,daily
2021-06-09,London,25.48271,10.53215,ceda_hadukgrid_region,daily
2021-06-10,London,23.71393,14.9197,ceda_hadukgrid_region,daily
2021-06-11,London,24.19587,16.06574,ceda_hadukgrid_region,daily
2021-06-12,London,23.83561,14.09631,ceda_hadukgrid_region,daily
2021-06-13,London,27.0111,12.36424,ceda_hadukgrid_region,daily
2021-06-14,London,28.00673,13.5738,ceda_hadukgrid_region,daily
2021-06-15,London,25.04006,14.98602,ceda_hadukgrid_region,daily
2021-06-16,London,28.13509,13.01577,ceda_hadukgrid_region,daily
2021-06-17,London,21.26286,17.77127,ceda_hadukgrid_region,daily
2021-06-18,London,14.96329,14.50342,ceda_hadukgrid_region,daily
2021-06-19,London,16.04961,11.69741,ceda_hadukgrid_region,daily
2021-06-20,London,18.262,12.69341,ceda_hadukgrid_region,daily
2021-06-21,London,14.01713,11.5638,ceda_hadukgrid_region,daily
2021-06-22,London,16.99437,11.46885,ceda_hadukgrid_region,daily
2021-06-23,London,21.19037,7.11698,ceda_hadukgrid_region,daily
2021-06-24,London,20.83262,7.90519,ceda_hadukgrid_region,daily
2021-06-25,London,21.31481,13.5564,ceda_hadukgrid_region,daily
2021-06-26,London,21.99285,12.74667,ceda_hadukgrid_region,daily
2021-06-27,London,20.22802,15.00042,ceda_hadukgrid_region,daily
2021-06-28,London,20.24248,15.24527,ceda_hadukgrid_region,daily
2021-06-29,London,18.49676,14.3014,ceda_hadukgrid_region,daily
2021-06-30,London,17.58049,12.73022,ceda_hadukgrid_region,daily
2021-07-01,London,21.5303,11.07988,ceda_hadukgrid_region,daily
2021-07-02,London,23.78111,13.93734,ceda_hadukgrid_region,daily
2021-07-03,London,21.56146,15.70762,ceda_hadukgrid_region,daily
2021-07-04,London,21.53786,14.84111,ceda_hadukgrid_region,daily
2021-07-05,London,21.01406,13.61267,ceda_hadukgrid_region,daily
2021-07-06,London,19.43293,13.20357,ceda_hadukgrid_region,daily
2021-07-07,London,20.57518,12.72074,ceda_hadukgrid_region,daily
2021-07-08,London,21.30079,13.5983,ceda_hadukgrid_region,daily
2021-07-09,London,23.6687,14.53844,ceda_hadukgrid_region,daily
2021-07-10,London,18.94304,13.39008,ceda_hadukgrid_region,daily
2021-07-11,London,21.21291,11.4473,ceda_hadukgrid_region,daily
2021-07-12,London,21.55587,13.88531,ceda_hadukgrid_region,daily
2021-07-13,London,22.79069,15.0051,ceda_hadukgrid_region,daily
2021-07-14,London,24.611,13.71562,ceda_hadukgrid_region,daily
2021-07-15,London,21.68387,13.48596,ceda_hadukgrid_region,daily
2021-07-16,London,25.95943,10.46306,ceda_hadukgrid_region,daily
2021-07-17,London,27.54172,14.1828,ceda_hadukgrid_region,daily
2021-07-18,London,30.71081,14.062,ceda_hadukgrid_region,daily
2021-07-19,London,30.04375,16.80483,ceda_hadukgrid_region,daily
2021-07-20,London,30.52671,16.74433,ceda_hadukgrid_region,daily
2021-07-21,London,29.35704,16.33142,ceda_hadukgrid_region,daily
2021-07-22,London,28.36918,16.08229,ceda_hadukgrid_region,daily
2021-07-23,London,23.60969,14.83451,ceda_hadukgrid_region,daily
2021-07-24,London,22.97566,15.47193,ceda_hadukgrid_region,daily
2021-07-25,London,21.69023,16.5779,ceda_hadukgrid_region,daily
2021-07-26,London,24.81351,16.00507,ceda_hadukgrid_region,daily
2021-07-27,London,22.05018,16.2142,ceda_hadukgrid_region,daily
2021-07-28,London,20.66744,16.12164,ceda_hadukgrid_region,daily
2021-07-29,London,22.1324,11.79957,ceda_hadukgrid_region,daily
2021-07-30,London,18.94493,13.99735,ceda_hadukgrid_region,daily
2021-07-31,London,21.06973,12.92077,ceda_hadukgrid_region,daily
2021-08-01,London,20.69073,13.98652,ceda_hadukgrid_region,daily
2021-08-02,London,19.82843,11.68062,ceda_hadukgrid_region,daily
2021-08-03,London,21.69963,10.6986,ceda_hadukgrid_region,daily
2021-08-04,London,22.59391,10.90081,ceda_hadukgrid_region,daily
2021-08-05,London,21.17061,12.0019,ceda_hadukgrid_region,daily
2021-08-06,London,22.22999,15.24581,ceda_hadukgrid_region,daily
2021-08-07,London,20.32452,12.89095,ceda_hadukgrid_region,daily
2021-08-08,London,19.89822,13.18583,ceda_hadukgrid_region,daily
2021-08-09,London,21.59982,12.57449,ceda_hadukgrid_region,daily
2021-08-10,London,23.38497,12.50243,ceda_hadukgrid_region,daily
2021-08-11,London,23.52886,12.26969,ceda_hadukgrid_region,daily
2021-08-12,London,22.05118,15.42101,ceda_hadukgrid_region,daily
2021-08-13,London,22.01749,13.25925,ceda_hadukgrid_region,daily
2021-08-14,London,24.27204,13.6383,ceda_hadukgrid_region,daily
2021-08-15,London,23.34678,13.40701,ceda_hadukgrid_region,daily
2021-08-16,London,18.80718,12.52748,ceda_hadukgrid_region,daily
2021-08-17,London,18.25205,10.1828,ceda_hadukgrid_region,daily
2021-08-18,London,22.86664,15.00541,ceda_hadukgrid_region,daily
2021-08-19,London,21.22304,13.77248,ceda_hadukgrid_region,daily
2021-08-20,London,21.45223,13.72354,ceda_hadukgrid_region,daily
2021-08-21,London,20.66549,14.77966,ceda_hadukgrid_region,daily
2021-08-22,London,22.3137,15.00288,ceda_hadukgrid_region,daily
2021-08-23,London,21.26233,15.58816,ceda_hadukgrid_region,daily
2021-08-24,London,22.71046,12.66781,ceda_hadukgrid_region,daily
2021-08-25,London,21.90024,13.30994,ceda_hadukgrid_region,daily
2021-08-26,London,18.38957,15.27342,ceda_hadukgrid_region,daily
2021-08-27,London,19.51764,12.2974,ceda_hadukgrid_region,daily
2021-08-28,London,20.53652,10.48371,ceda_hadukgrid_region,daily
2021-08-29,London,19.06901,9.38488,ceda_hadukgrid_region,daily
2021-08-30,London,16.92222,13.76715,ceda_hadukgrid_region,daily
2021-08-31,London,18.68916,13.67922,ceda_hadukgrid_region,daily
2021-09-01,London,18.37183,13.97632,ceda_hadukgrid_region,daily
2021-09-02,London,19.50153,14.7792,ceda_hadukgrid_region,daily
2021-09-03,London,21.7622,12.97831,ceda_hadukgrid_region,daily
2021-09-04,London,19.27141,12.89438,ceda_hadukgrid_region,daily
2021-09-05,London,25.57184,13.52651,ceda_hadukgrid_region,daily
2021-09-06,London,27.63608,12.62868,ceda_hadukgrid_region,daily
2021-09-07,London,29.05794,14.03836,ceda_hadukgrid_region,daily
2021-09-08,London,28.91908,15.10115,ceda_hadukgrid_region,daily
2021-09-09,London,23.00818,15.95324,ceda_hadukgrid_region,daily
2021-09-10,London,21.68387,16.23139,ceda_hadukgrid_region,daily
2021-09-11,London,22.86148,17.10748,ceda_hadukgrid_region,daily
2021-09-12,London,21.49739,11.28674,ceda_hadukgrid_region,daily
2021-09-13,London,20.79238,13.15894,ceda_hadukgrid_region,daily
2021-09-14,London,19.88933,15.22029,ceda_hadukgrid_region,daily
2021-09-15,London,20.5872,14.83745,ceda_hadukgrid_region,daily
2021-09-16,London,23.12155,9.84306,ceda_hadukgrid_region,daily
2021-09-17,London,21.61791,11.82833,ceda_hadukgrid_region,daily
2021-09-18,London,24.12185,11.84442,ceda_hadukgrid_region,daily
2021-09-19,London,19.77545,13.47577,ceda_hadukgrid_region,daily
2021-09-20,London,19.49975,12.17129,ceda_hadukgrid_region,daily
2021-09-21,London,21.58484,9.57806,ceda_hadukgrid_region,daily
2021-09-22,London,22.03633,9.0518,ceda_hadukgrid_region,daily
2021-09-23,London,21.60645,10.79962,ceda_hadukgrid_region,daily
2021-09-24,London,23.42026,12.16135,ceda_hadukgrid_region,daily
2021-09-25,London,19.21857,14.10259,ceda_hadukgrid_region,daily
2021-09-26,London,22.35371,12.06343,ceda_hadukgrid_region,daily
2021-09-27,London,18.23624,13.94001,ceda_hadukgrid_region,daily
2021-09-28,London,18.22107,8.86086,ceda_hadukgrid_region,daily
2021-09-29,London,15.90218,8.16485,ceda_hadukgrid_region,daily
2021-09-30,London,16.32178,5.90705,ceda_hadukgrid_region,daily
2021-10-01,London,17.79635,11.81458,ceda_hadukgrid_region,daily
2021-10-02,London,16.29362,6.23585,ceda_hadukgrid_region,daily
2021-10-03,London,17.28874,9.83675,ceda_hadukgrid_region,daily
2021-10-04,London,17.1552,9.47876,ceda_hadukgrid_region,daily
2021-10-05,London,14.91991,10.66514,ceda_hadukgrid_region,daily
2021-10-06,London,17.18689,9.2218,ceda_hadukgrid_region,daily
2021-10-07,London,17.96052,9.63017,ceda_hadukgrid_region,daily
2021-10-08,London,17.51905,13.88425,ceda_hadukgrid_region,daily
2021-10-09,London,18.9687,7.26457,ceda_hadukgrid_region,daily
2021-10-10,London,18.33837,7.66861,ceda_hadukgrid_region,daily
2021-10-11,London,15.69663,6.38705,ceda_hadukgrid_region,daily
2021-10-12,London,16.2224,6.47128,ceda_hadukgrid_region,daily
2021-10-13,London,16.22856,5.54968,ceda_hadukgrid_region,daily
2021-10-14,London,17.98034,8.96086,ceda_hadukgrid_region,daily
2021-10-15,London,14.60985,11.71774,ceda_hadukgrid_region,daily
2021-10-16,London,16.01724,6.87888,ceda_hadukgrid_region,daily
2021-10-17,London,16.96178,8.65117,ceda_hadukgrid_region,daily
2021-10-18,London,18.10553,7.17299,ceda_hadukgrid_region,daily
2021-10-19,London,20.13659,12.94565,ceda_hadukgrid_region,daily
2021-10-20,London,18.31043,15.48309,ceda_hadukgrid_region,daily
2021-10-21,London,11.95104,7.79332,ceda_hadukgrid_region,daily
2021-10-22,London,14.00551,3.97015,ceda_hadukgrid_region,daily
2021-10-23,London,13.47808,8.12222,ceda_hadukgrid_region,daily
2021-10-24,London,15.11076,10.44577,ceda_hadukgrid_region,daily
2021-10-25,London,16.81229,8.9136,ceda_hadukgrid_region,daily
2021-10-26,London,16.76425,7.4068,ceda_hadukgrid_region,daily
2021-10-27,London,17.23383,11.31415,ceda_hadukgrid_region,daily
2021-10-28,London,15.63747,11.29018,ceda_hadukgrid_region,daily
2021-10-29,London,15.44493,12.46984,ceda_hadukgrid_region,daily
2021-10-30,London,14.9522,8.38856,ceda_hadukgrid_region,daily
2021-10-31,London,15.09284,6.38341,ceda_hadukgrid_region,daily
2021-11-01,London,13.82729,8.83423,ceda_hadukgrid_region,daily
2021-11-02,London,12.68498,1.67938,ceda_hadukgrid_region,daily
2021-11-03,London,9.86962,0.18766,ceda_hadukgrid_region,daily
2021-11-04,London,9.65897,3.94685,ceda_hadukgrid_region,daily
2021-11-05,London,10.55045,-0.59169,ceda_hadukgrid_region,daily
2021-11-06,London,12.77622,2.63709,ceda_hadukgrid_region,daily
2021-11-07,London,12.5464,7.85222,ceda_hadukgrid_region,daily
2021-11-08,London,12.3468,2.46086,ceda_hadukgrid_region,daily
2021-11-09,London,15.58167,5.73455,ceda_hadukgrid_region,daily
2021-11-10,London,13.30649,8.61439,ceda_hadukgrid_region,daily
2021-11-11,London,14.78276,9.25261,ceda_hadukgrid_region,daily
2021-11-12,London,15.01059,7.41352,ceda_hadukgrid_region,daily
2021-11-13,London,12.68697,10.06316,ceda_hadukgrid_region,daily
2021-11-14,London,13.06164,10.11741,ceda_hadukgrid_region,daily
2021-11-15,London,11.48184,9.84057,ceda_hadukgrid_region,daily
2021-11-16,London,11.71481,3.18524,ceda_hadukgrid_region,daily
2021-11-17,London,12.262,4.26311,ceda_hadukgrid_region,daily
2021-11-18,London,13.71846,3.99213,ceda_hadukgrid_region,daily
2021-11-19,London,12.04944,7.98796,ceda_hadukgrid_region,daily
2021-11-20,London,10.67057,9.6082,ceda_hadukgrid_region,daily
2021-11-21,London,8.3637,4.65449,ceda_hadukgrid_region,daily
2021-11-22,London,9.80308,3.38037,ceda_hadukgrid_region,daily
2021-11-23,London,9.40448,0.46135,ceda_hadukgrid_region,daily
2021-11-24,London,7.16653,1.131,ceda_hadukgrid_region,daily
2021-11-25,London,7.1308,2.68895,ceda_hadukgrid_region,daily
2021-11-26,London,9.20802,0.99189,ceda_hadukgrid_region,daily
2021-11-27,London,5.30412,2.09076,ceda_hadukgrid_region,daily
2021-11-28,London,4.10316,-0.19501,ceda_hadukgrid_region,daily
2021-11-29,London,9.42725,-2.67055,ceda_hadukgrid_region,daily
2021-11-30,London,11.84179,-1.17908,ceda_hadukgrid_region,daily
2021-12-01,London,9.85694,7.75003,ceda_hadukgrid_region,daily
2021-12-02,London,6.22033,0.70593,ceda_hadukgrid_region,daily
2021-12-03,London,9.274,-0.36603,ceda_hadukgrid_region,daily
2021-12-04,London,7.87583,3.25728,ceda_hadukgrid_region,daily
2021-12-05,London,6.68714,4.08084,ceda_hadukgrid_region,daily
2021-12-06,London,7.20206,1.85773,ceda_hadukgrid_region,daily
2021-12-07,London,7.96193,0.59311,ceda_hadukgrid_region,daily
2021-12-08,London,8.29899,3.80162,ceda_hadukgrid_region,daily
2021-12-09,London,8.37628,3.15244,ceda_hadukgrid_region,daily
2021-12-10,London,7.23992,3.84506,ceda_hadukgrid_region,daily
2021-12-11,London,12.2108,0.73555,ceda_hadukgrid_region,daily
2021-12-12,London,13.62867,2.20974,ceda_hadukgrid_region,daily
2021-12-13,London,11.77561,9.88375,ceda_hadukgrid_region,daily
2021-12-14,London,12.77264,8.80191,ceda_hadukgrid_region,daily
2021-12-15,London,12.87196,9.2361,ceda_hadukgrid_region,daily
2021-12-16,London,11.51841,9.79412,ceda_hadukgrid_region,daily
2021-12-17,London,8.97997,8.08751,ceda_hadukgrid_region,daily
2021-12-18,London,8.49369,6.81021,ceda_hadukgrid_region,daily
2021-12-19,London,6.23962,3.82915,ceda_hadukgrid_region,daily
2021-12-20,London,7.06531,3.19679,ceda_hadukgrid_region,daily
2021-12-21,London,6.11285,4.73496,ceda_hadukgrid_region,daily
2021-12-22,London,7.06547,-2.07858,ceda_hadukgrid_region,daily
2021-12-23,London,10.89094,-0.66192,ceda_hadukgrid_region,daily
2021-12-24,London,10.20685,5.16844,ceda_hadukgrid_region,daily
2021-12-25,London,7.52231,7.15013,ceda_hadukgrid_region,daily
2021-12-26,London,9.15921,5.22634,ceda_hadukgrid_region,daily
2021-12-27,London,11.06929,5.84259,ceda_hadukgrid_region,daily
2021-12-28,London,11.23712,8.43566,ceda_hadukgrid_region,daily
2021-12-29,London,15.07541,6.83282,ceda_hadukgrid_region,daily
2021-12-30,London,14.71468,9.40418,ceda_hadukgrid_region,daily
2021-12-31,London,14.88585,12.44564,ceda_hadukgrid_region,daily
2022-01-01,London,15.39326,12.11934,ceda_hadukgrid_region,daily
2022-01-02,London,12.36019,10.6898,ceda_hadukgrid_region,daily
2022-01-03,London,10.63484,8.9026,ceda_hadukgrid_region,daily
2022-01-04,London,7.61673,6.95601,ceda_hadukgrid_region,daily
2022-01-05,London,6.53777,1.10329,ceda_hadukgrid_region,daily
2022-01-06,London,7.29545,-3.88332,ceda_hadukgrid_region,daily
2022-01-07,London,7.46901,-2.30623,ceda_hadukgrid_region,daily
2022-01-08,London,10.05126,0.00683,ceda_hadukgrid_region,daily
2022-01-09,London,8.20033,1.67262,ceda_hadukgrid_region,daily
2022-01-10,London,8.94875,0.09096,ceda_hadukgrid_region,daily
2022-01-11,London,10.2383,3.42574,ceda_hadukgrid_region,daily
2022-01-12,London,8.9378,0.32973,ceda_hadukgrid_region,daily
2022-01-13,London,9.98929,-0.77931,ceda_hadukgrid_region,daily
2022-01-14,London,9.7191,-1.52847,ceda_hadukgrid_region,daily
2022-01-15,London,5.73429,-0.8536,ceda_hadukgrid_region,daily
2022-01-16,London,9.60079,1.93265,ceda_hadukgrid_region,daily
2022-01-17,London,9.62146,-0.03387,ceda_hadukgrid_region,daily
2022-01-18,London,6.88401,-2.44451,ceda_hadukgrid_region,daily
2022-01-19,London,9.20607,-1.38248,ceda_hadukgrid_region,daily
2022-01-20,London,5.72989,-0.57331,ceda_hadukgrid_region,daily
2022-01-21,London,5.0488,-2.61445,ceda_hadukgrid_region,daily
2022-01-22,London,6.39492,-1.1973,ceda_hadukgrid_region,daily
2022-01-23,London,6.19481,4.48308,ceda_hadukgrid_region,daily
2022-01-24,London,4.41912,3.99876,ceda_hadukgrid_region,daily
2022-01-25,London,4.34512,2.28747,ceda_hadukgrid_region,daily
2022-01-26,London,8.68366,1.85072,ceda_hadukgrid_region,daily
2022-01-27,London,12.39636,4.15416,ceda_hadukgrid_region,daily
2022-01-28,London,10.95614,0.12197,ceda_hadukgrid_region,daily
2022-01-29,London,13.64693,2.07619,ceda_hadukgrid_region,daily
2022-01-30,London,8.69232,-0.82838,ceda_hadukgrid_region,daily
2022-01-31,London,9.0727,0.68507,ceda_hadukgrid_region,daily
2022-02-01,London,14.39925,3.66296,ceda_hadukgrid_region,daily
2022-02-02,London,12.25021,7.81523,ceda_hadukgrid_region,daily
2022-02-03,London,10.18477,6.86557,ceda_hadukgrid_region,daily
2022-02-04,London,8.36855,5.09107,ceda_hadukgrid_region,daily
2022-02-05,London,10.49289,1.52688,ceda_hadukgrid_region,daily
2022-02-06,London,11.58452,3.03775,ceda_hadukgrid_region,daily
2022-02-07,London,10.92543,0.81974,ceda_hadukgrid_region,daily
2022-02-08,London,12.45615,3.31096,ceda_hadukgrid_region,daily
2022-02-09,London,13.47916,7.74708,ceda_hadukgrid_region,daily
2022-02-10,London,8.01827,4.95796,ceda_hadukgrid_region,daily
2022-02-11,London,9.34518,-0.76396,ceda_hadukgrid_region,daily
2022-02-12,London,8.87085,0.51444,ceda_hadukgrid_region,daily
2022-02-13,London,9.78782,5.27447,ceda_hadukgrid_region,daily
2022-02-14,London,9.53011,5.41015,ceda_hadukgrid_region,daily
2022-02-15,London,12.69933,2.07876,ceda_hadukgrid_region,daily
2022-02-16,London,15.22896,7.23523,ceda_hadukgrid_region,daily
2022-02-17,London,12.04558,7.91087,ceda_hadukgrid_region,daily
2022-02-18,London,10.87663,7.70488,ceda_hadukgrid_region,daily
2022-02-19,London,10.91274,2.13721,ceda_hadukgrid_region,daily
2022-02-20,London,12.24937,4.36121,ceda_hadukgrid_region,daily
2022-02-21,London,11.33315,4.2803,ceda_hadukgrid_region,daily
2022-02-22,London,13.66439,4.34199,ceda_hadukgrid_region,daily
2022-02-23,London,10.8834,1.17243,ceda_hadukgrid_region,daily
2022-02-24,London,8.20579,5.52436,ceda_hadukgrid_region,daily
2022-02-25,London,11.06592,2.65124,ceda_hadukgrid_region,daily
2022-02-26,London,10.97074,-1.01008,ceda_hadukgrid_region,daily
2022-02-27,London,10.91949,1.9434,ceda_hadukgrid_region,daily
2022-02-28,London,12.42994,3.4663,ceda_hadukgrid_region,daily
2022-03-01,London,8.40149,7.93504,ceda_hadukgrid_region,daily
2022-03-02,London,8.09882,6.48126,ceda_hadukgrid_region,daily
2022-03-03,London,12.60828,4.64419,ceda_hadukgrid_region,daily
2022-03-04,London,8.35062,7.21307,ceda_hadukgrid_region,daily
2022-03-05,London,7.17057,5.2894,ceda_hadukgrid_region,daily
2022-03-06,London,7.66287,3.55629,ceda_hadukgrid_region,daily
2022-03-07,London,7.68685,3.03816,ceda_hadukgrid_region,daily
2022-03-08,London,12.16381,0.20756,ceda_hadukgrid_region,daily
2022-03-09,London,12.77498,4.44886,ceda_hadukgrid_region,daily
2022-03-10,London,15.98191,7.2529,ceda_hadukgrid_region,daily
2022-03-11,London,12.5634,8.52693,ceda_hadukgrid_region,daily
2022-03-12,London,12.7818,7.46455,ceda_hadukgrid_region,daily
2022-03-13,London,12.0342,8.12223,ceda_hadukgrid_region,daily
2022-03-14,London,13.21161,2.879,ceda_hadukgrid_region,daily
2022-03-15,London,15.53362,4.05632,ceda_hadukgrid_region,daily
2022-03-16,London,11.10345,7.51533,ceda_hadukgrid_region,daily
2022-03-17,London,13.85572,1.75052,ceda_hadukgrid_region,daily
2022-03-18,London,15.74026,2.22406,ceda_hadukgrid_region,daily
2022-03-19,London,14.04886,7.0872,ceda_hadukgrid_region,daily
2022-03-20,London,11.95683,3.80337,ceda_hadukgrid_region,daily
2022-03-21,London,16.59826,-0.80905,ceda_hadukgrid_region,daily
2022-03-22,London,19.50826,7.03692,ceda_hadukgrid_region,daily
2022-03-23,London,19.71626,4.06455,ceda_hadukgrid_region,daily
2022-03-24,London,18.65339,2.32105,ceda_hadukgrid_region,daily
2022-03-25,London,17.41359,2.35273,ceda_hadukgrid_region,daily
2022-03-26,London,17.74811,3.53027,ceda_hadukgrid_region,daily
2022-03-27,London,12.82675,5.26057,ceda_hadukgrid_region,daily
2022-03-28,London,15.66143,2.12922,ceda_hadukgrid_region,daily
2022-03-29,London,11.09626,6.88849,ceda_hadukgrid_region,daily
2022-03-30,London,11.03236,6.94376,ceda_hadukgrid_region,daily
2022-03-31,London,7.96415,1.20095,ceda_hadukgrid_region,daily
2022-04-01,London,8.63489,0.87851,ceda_hadukgrid_region,daily
2022-04-02,London,9.3744,-1.23577,ceda_hadukgrid_region,daily
2022-04-03,London,10.03493,-2.75649,ceda_hadukgrid_region,daily
2022-04-04,London,14.43766,4.29817,ceda_hadukgrid_region,daily
2022-04-05,London,14.81005,6.86005,ceda_hadukgrid_region,daily
2022-04-06,London,14.32545,8.92902,ceda_hadukgrid_region,daily
2022-04-07,London,13.59557,6.81938,ceda_hadukgrid_region,daily
2022-04-08,London,11.3488,1.85679,ceda_hadukgrid_region,daily
2022-04-09,London,12.37745,0.58838,ceda_hadukgrid_region,daily
2022-04-10,London,13.32986,-0.20732,ceda_hadukgrid_region,daily
2022-04-11,London,17.46161,5.02425,ceda_hadukgrid_region,daily
2022-04-12,London,18.83165,9.48938,ceda_hadukgrid_region,daily
2022-04-13,London,18.77343,9.18457,ceda_hadukgrid_region,daily
2022-04-14,London,19.08527,5.9011,ceda_hadukgrid_region,daily
2022-04-15,London,22.19361,6.6671,ceda_hadukgrid_region,daily
2022-04-16,London,19.18438,6.93811,ceda_hadukgrid_region,daily
2022-04-17,London,19.18833,6.09527,ceda_hadukgrid_region,daily
2022-04-18,London,17.42059,6.04236,ceda_hadukgrid_region,daily
2022-04-19,London,16.17972,5.97671,ceda_hadukgrid_region,daily
2022-04-20,London,17.96463,7.04218,ceda_hadukgrid_region,daily
2022-04-21,London,18.2557,6.05775,ceda_hadukgrid_region,daily
2022-04-22,London,15.98531,8.27862,ceda_hadukgrid_region,daily
2022-04-23,London,16.80593,9.33,ceda_hadukgrid_region,daily
2022-04-24,London,18.15574,7.74429,ceda_hadukgrid_region,daily
2022-04-25,London,14.4479,6.10991,ceda_hadukgrid_region,daily
2022-04-26,London,15.67674,3.94303,ceda_hadukgrid_region,daily
2022-04-27,London,11.31679,5.58103,ceda_hadukgrid_region,daily
2022-04-28,London,13.69459,5.36628,ceda_hadukgrid_region,daily
2022-04-29,London,11.24486,5.36699,ceda_hadukgrid_region,daily
2022-04-30,London,17.67021,2.42282,ceda_hadukgrid_region,daily
2022-05-01,London,15.04201,9.12988,ceda_hadukgrid_region,daily
2022-05-02,London,16.74122,7.6836,ceda_hadukgrid_region,daily
2022-05-03,London,15.07431,9.85433,ceda_hadukgrid_region,daily
2022-05-04,London,18.15204,9.78873,ceda_hadukgrid_region,daily
2022-05-05,London,19.64102,6.29196,ceda_hadukgrid_region,daily
2022-05-06,London,22.69564,8.31268,ceda_hadukgrid_region,daily
2022-05-07,London,19.19747,11.99264,ceda_hadukgrid_region,daily
2022-05-08,London,18.88028,9.24391,ceda_hadukgrid_region,daily
2022-05-09,London,22.03814,4.52711,ceda_hadukgrid_region,daily
2022-05-10,London,19.96087,13.69592,ceda_hadukgrid_region,daily
2022-05-11,London,15.86101,11.32813,ceda_hadukgrid_region,daily
2022-05-12,London,18.27476,6.6068,ceda_hadukgrid_region,daily
2022-05-13,London,20.49422,9.69391,ceda_hadukgrid_region,daily
2022-05-14,London,22.53741,6.64339,ceda_hadukgrid_region,daily
2022-05-15,London,18.3529,12.26574,ceda_hadukgrid_region,daily
2022-05-16,London,21.90502,11.61988,ceda_hadukgrid_region,daily
2022-05-17,London,25.50494,9.9207,ceda_hadukgrid_region,daily
2022-05-18,London,22.77434,10.37822,ceda_hadukgrid_region,daily
2022-05-19,London,21.77085,13.20738,ceda_hadukgrid_region,daily
2022-05-20,London,18.00155,11.33229,ceda_hadukgrid_region,daily
2022-05-21,London,20.33919,9.10542,ceda_hadukgrid_region,daily
2022-05-22,London,23.03077,8.11066,ceda_hadukgrid_region,daily
2022-05-23,London,18.94846,10.38628,ceda_hadukgrid_region,daily
2022-05-24,London,18.03471,9.30794,ceda_hadukgrid_region,daily
2022-05-25,London,18.65819,8.07644,ceda_hadukgrid_region,daily
2022-05-26,London,20.08525,10.21699,ceda_hadukgrid_region,daily
2022-05-27,London,20.19032,12.53617,ceda_hadukgrid_region,daily
2022-05-28,London,18.34394,7.75629,ceda_hadukgrid_region,daily
2022-05-29,London,16.39584,6.73673,ceda_hadukgrid_region,daily
2022-05-30,London,15.35989,4.45067,ceda_hadukgrid_region,daily
2022-05-31,London,16.39388,7.95864,ceda_hadukgrid_region,daily
2022-06-01,London,18.38536,6.3511,ceda_hadukgrid_region,daily
2022-06-02,London,20.69654,6.77415,ceda_hadukgrid_region,daily
2022-06-03,London,22.74355,10.25982,ceda_hadukgrid_region,daily
2022-06-04,London,19.90065,12.13156,ceda_hadukgrid_region,daily
2022-06-05,London,14.98387,11.19573,ceda_hadukgrid_region,daily
2022-06-06,London,17.86304,11.45477,ceda_hadukgrid_region,daily
2022-06-07,London,21.06772,9.43253,ceda_hadukgrid_region,daily
2022-06-08,London,22.06699,13.89099,ceda_hadukgrid_region,daily
2022-06-09,London,20.20224,10.67574,ceda_hadukgrid_region,daily
2022-06-10,London,22.93351,15.0581,ceda_hadukgrid_region,daily
2022-06-11,London,22.63648,11.29818,ceda_hadukgrid_region,daily
2022-06-12,London,21.98451,10.1024,ceda_hadukgrid_region,daily
2022-06-13,London,20.80208,9.00405,ceda_hadukgrid_region,daily
2022-06-14,London,24.08336,8.51638,ceda_hadukgrid_region,daily
2022-06-15,London,27.09711,9.44895,ceda_hadukgrid_region,daily
2022-06-16,London,28.43862,11.35539,ceda_hadukgrid_region,daily
2022-06-17,London,31.56083,14.20889,ceda_hadukgrid_region,daily
2022-06-18,London,23.9161,16.58273,ceda_hadukgrid_region,daily
2022-06-19,London,19.6047,9.99528,ceda_hadukgrid_region,daily
2022-06-20,London,21.84512,11.16374,ceda_hadukgrid_region,daily
2022-06-21,London,24.9494,8.43837,ceda_hadukgrid_region,daily
2022-06-22,London,26.30986,10.06909,ceda_hadukgrid_region,daily
2022-06-23,London,25.11204,11.59908,ceda_hadukgrid_region,daily
2022-06-24,London,22.07195,14.03576,ceda_hadukgrid_region,daily
2022-06-25,London,20.80833,12.08815,ceda_hadukgrid_region,daily
2022-06-26,London,21.7083,10.00564,ceda_hadukgrid_region,daily
2022-06-27,London,20.44121,9.96919,ceda_hadukgrid_region,daily
2022-06-28,London,22.12208,9.52744,ceda_hadukgrid_region,daily
2022-06-29,London,21.19707,13.93114,ceda_hadukgrid_region,daily
2022-06-30,London,19.94996,13.10651,ceda_hadukgrid_region,daily
2022-07-01,London,21.46448,10.61414,ceda_hadukgrid_region,daily
2022-07-02,London,22.38218,10.99055,ceda_hadukgrid_region,daily
2022-07-03,London,22.92214,10.61255,ceda_hadukgrid_region,daily
2022-07-04,London,22.88781,10.01931,ceda_hadukgrid_region,daily
2022-07-05,London,22.26039,9.13515,ceda_hadukgrid_region,daily
2022-07-06,London,24.2915,10.97066,ceda_hadukgrid_region,daily
2022-07-07,London,24.12464,16.00511,ceda_hadukgrid_region,daily
2022-07-08,London,28.43985,12.50577,ceda_hadukgrid_region,daily
2022-07-09,London,26.67158,14.7677,ceda_hadukgrid_region,daily
2022-07-10,London,29.08759,12.83582,ceda_hadukgrid_region,daily
2022-07-11,London,31.1972,14.2994,ceda_hadukgrid_region,daily
2022-07-12,London,30.73205,17.50573,ceda_hadukgrid_region,daily
2022-07-13,London,28.19735,19.38803,ceda_hadukgrid_region,daily
2022-07-14,London,25.30471,14.68781,ceda_hadukgrid_region,daily
2022-07-15,London,26.15739,11.41742,ceda_hadukgrid_region,daily
2022-07-16,London,27.98718,12.77868,ceda_hadukgrid_region,daily
2022-07-17,London,30.31,13.46693,ceda_hadukgrid_region,daily
2022-07-18,London,36.52562,15.76568,ceda_hadukgrid_region,daily
2022-07-19,London,39.38218,19.30971,ceda_hadukgrid_region,daily
2022-07-20,London,26.85273,18.63632,ceda_hadukgrid_region,daily
2022-07-21,London,23.98688,16.17155,ceda_hadukgrid_region,daily
2022-07-22,London,22.96358,16.71934,ceda_hadukgrid_region,daily
2022-07-23,London,27.18416,14.30519,ceda_hadukgrid_region,daily
2022-07-24,London,28.46864,17.35816,ceda_hadukgrid_region,daily
2022-07-25,London,23.94348,17.6153,ceda_hadukgrid_region,daily
2022-07-26,London,22.07224,14.70899,ceda_hadukgrid_region,daily
2022-07-27,London,22.12453,13.06588,ceda_hadukgrid_region,daily
2022-07-28,London,23.84858,14.79429,ceda_hadukgrid_region,daily
2022-07-29,London,27.06329,12.64206,ceda_hadukgrid_region,daily
2022-07-30,London,26.34355,14.89347,ceda_hadukgrid_region,daily
2022-07-31,London,26.53582,19.14808,ceda_hadukgrid_region,daily
2022-08-01,London,26.95992,16.95251,ceda_hadukgrid_region,daily
2022-08-02,London,26.33116,18.0301,ceda_hadukgrid_region,daily
2022-08-03,London,27.25179,17.58027,ceda_hadukgrid_region,daily
2022-08-04,London,24.79048,16.38509,ceda_hadukgrid_region,daily
2022-08-05,London,23.20723,14.21117,ceda_hadukgrid_region,daily
2022-08-06,London,24.24202,10.11008,ceda_hadukgrid_region,daily
2022-08-07,London,27.12217,10.09708,ceda_hadukgrid_region,daily
2022-08-08,London,28.52921,13.35738,ceda_hadukgrid_region,daily
2022-08-09,London,28.20968,13.51447,ceda_hadukgrid_region,daily
2022-08-10,London,29.74492,13.47823,ceda_hadukgrid_region,daily
2022-08-11,London,32.28517,14.30486,ceda_hadukgrid_region,daily
2022-08-12,London,32.79162,15.4282,ceda_hadukgrid_region,daily
2022-08-13,London,33.70481,16.63908,ceda_hadukgrid_region,daily
2022-08-14,London,32.87466,15.81924,ceda_hadukgrid_region,daily
2022-08-15,London,29.34397,16.74654,ceda_hadukgrid_region,daily
2022-08-16,London,22.88779,17.01653,ceda_hadukgrid_region,daily
2022-08-17,London,24.88413,15.77045,ceda_hadukgrid_region,daily
2022-08-18,London,26.65004,17.32828,ceda_hadukgrid_region,daily
2022-08-19,London,24.93702,18.50841,ceda_hadukgrid_region,daily
2022-08-20,London,24.9907,11.62345,ceda_hadukgrid_region,daily
2022-08-21,London,24.58618,13.75283,ceda_hadukgrid_region,daily
2022-08-22,London,23.21555,12.19125,ceda_hadukgrid_region,daily
2022-08-23,London,26.05485,17.80262,ceda_hadukgrid_region,daily
2022-08-24,London,29.05318,19.28655,ceda_hadukgrid_region,daily
2022-08-25,London,21.91948,17.58638,ceda_hadukgrid_region,daily
2022-08-26,London,24.70716,11.64071,ceda_hadukgrid_region,daily
2022-08-27,London,24.80786,13.38101,ceda_hadukgrid_region,daily
2022-08-28,London,23.80667,12.40722,ceda_hadukgrid_region,daily
2022-08-29,London,21.97662,14.78414,ceda_hadukgrid_region,daily
2022-08-30,London,23.84866,13.63385,ceda_hadukgrid_region,daily
2022-08-31,London,23.62907,13.72577,ceda_hadukgrid_region,daily
2022-09-01,London,23.68937,15.61163,ceda_hadukgrid_region,daily
2022-09-02,London,24.7487,16.01839,ceda_hadukgrid_region,daily
2022-09-03,London,24.12921,14.22979,ceda_hadukgrid_region,daily
2022-09-04,London,24.49216,14.8681,ceda_hadukgrid_region,daily
2022-09-05,London,23.1187,14.8167,ceda_hadukgrid_region,daily
2022-09-06,London,22.51315,14.67519,ceda_hadukgrid_region,daily
2022-09-07,London,21.61144,14.13106,ceda_hadukgrid_region,daily
2022-09-08,London,19.73492,13.31205,ceda_hadukgrid_region,daily
2022-09-09,London,20.68245,14.4495,ceda_hadukgrid_region,daily
2022-09-10,London,21.62064,12.30508,ceda_hadukgrid_region,daily
2022-09-11,London,23.28356,12.09703,ceda_hadukgrid_region,daily
2022-09-12,London,26.14473,13.87222,ceda_hadukgrid_region,daily
2022-09-13,London,18.99707,15.57728,ceda_hadukgrid_region,daily
2022-09-14,London,21.38748,14.41568,ceda_hadukgrid_region,daily
2022-09-15,London,19.02153,11.61051,ceda_hadukgrid_region,daily
2022-09-16,London,17.23785,9.33605,ceda_hadukgrid_region,daily
2022-09-17,London,17.35994,4.729,ceda_hadukgrid_region,daily
2022-09-18,London,17.86043,7.36918,ceda_hadukgrid_region,daily
2022-09-19,London,18.06112,9.79377,ceda_hadukgrid_region,daily
2022-09-20,London,19.25246,7.57698,ceda_hadukgrid_region,daily
2022-09-21,London,20.68452,12.19631,ceda_hadukgrid_region,daily
2022-09-22,London,20.13198,8.65175,ceda_hadukgrid_region,daily
2022-09-23,London,18.52712,13.84005,ceda_hadukgrid_region,daily
2022-09-24,London,18.53162,8.79468,ceda_hadukgrid_region,daily
2022-09-25,London,16.50215,7.89092,ceda_hadukgrid_region,daily
2022-09-26,London,15.61264,10.54227,ceda_hadukgrid_region,daily
2022-09-27,London,14.59986,8.08983,ceda_hadukgrid_region,daily
2022-09-28,London,14.91243,4.52126,ceda_hadukgrid_region,daily
2022-09-29,London,16.56898,3.69656,ceda_hadukgrid_region,daily
2022-09-30,London,16.40361,6.12175,ceda_hadukgrid_region,daily
2022-10-01,London,19.20228,10.72913,ceda_hadukgrid_region,daily
2022-10-02,London,18.56647,12.71103,ceda_hadukgrid_region,daily
2022-10-03,London,18.51735,5.62471,ceda_hadukgrid_region,daily
2022-10-04,London,18.11089,10.862,ceda_hadukgrid_region,daily
2022-10-05,London,18.98548,15.55111,ceda_hadukgrid_region,daily
2022-10-06,London,18.70846,6.85732,ceda_hadukgrid_region,daily
2022-10-07,London,19.02369,11.42246,ceda_hadukgrid_region,daily
2022-10-08,London,16.91512,6.46097,ceda_hadukgrid_region,daily
2022-10-09,London,18.13952,3.89952,ceda_hadukgrid_region,daily
2022-10-10,London,16.0573,8.37791,ceda_hadukgrid_region,daily
2022-10-11,London,16.50134,2.8606,ceda_hadukgrid_region,daily
2022-10-12,London,17.10676,3.67704,ceda_hadukgrid_region,daily
2022-10-13,London,17.45084,10.81787,ceda_hadukgrid_region,daily
2022-10-14,London,16.15719,9.17646,ceda_hadukgrid_region,daily
2022-10-15,London,17.14811,7.69622,ceda_hadukgrid_region,daily
2022-10-16,London,16.92817,9.67934,ceda_hadukgrid_region,daily
2022-10-17,London,19.0979,13.37041,ceda_hadukgrid_region,daily
2022-10-18,London,18.43582,5.41506,ceda_hadukgrid_region,daily
2022-10-19,London,17.16181,9.76788,ceda_hadukgrid_region,daily
2022-10-20,London,17.16474,14.02998,ceda_hadukgrid_region,daily
2022-10-21,London,18.42722,9.04851,ceda_hadukgrid_region,daily
2022-10-22,London,18.56115,11.82738,ceda_hadukgrid_region,daily
2022-10-23,London,18.76784,13.07491,ceda_hadukgrid_region,daily
2022-10-24,London,18.09215,11.79202,ceda_hadukgrid_region,daily
2022-10-25,London,17.79625,10.39549,ceda_hadukgrid_region,daily
2022-10-26,London,19.46525,13.24341,ceda_hadukgrid_region,daily
2022-10-27,London,20.51433,12.0589,ceda_hadukgrid_region,daily
2022-10-28,London,18.79857,13.33507,ceda_hadukgrid_region,daily
2022-10-29,London,21.91649,10.42917,ceda_hadukgrid_region,daily
2022-10-30,London,16.4251,12.77791,ceda_hadukgrid_region,daily
2022-10-31,London,17.27739,10.24199,ceda_hadukgrid_region,daily
2022-11-01,London,15.96662,11.24034,ceda_hadukgrid_region,daily
2022-11-02,London,15.09325,7.86913,ceda_hadukgrid_region,daily
2022-11-03,London,11.93637,10.25309,ceda_hadukgrid_region,daily
2022-11-04,London,12.37781,5.81127,ceda_hadukgrid_region,daily
2022-11-05,London,13.9271,4.58662,ceda_hadukgrid_region,daily
2022-11-06,London,13.74326,8.8546,ceda_hadukgrid_region,daily
2022-11-07,London,15.07211,9.66174,ceda_hadukgrid_region,daily
2022-11-08,London,15.38106,12.01237,ceda_hadukgrid_region,daily
2022-11-09,London,14.47699,10.04068,ceda_hadukgrid_region,daily
2022-11-10,London,15.27549,8.98129,ceda_hadukgrid_region,daily
2022-11-11,London,16.13549,13.10657,ceda_hadukgrid_region,daily
2022-11-12,London,16.29213,8.72311,ceda_hadukgrid_region,daily
2022-11-13,London,14.5247,9.35709,ceda_hadukgrid_region,daily
2022-11-14,London,13.80567,7.11247,ceda_hadukgrid_region,daily
2022-11-15,London,14.12161,8.39721,ceda_hadukgrid_region,daily
2022-11-16,London,12.52837,7.40622,ceda_hadukgrid_region,daily
2022-11-17,London,11.76181,8.51395,ceda_hadukgrid_region,daily
2022-11-18,London,12.22736,7.35704,ceda_hadukgrid_region,daily
2022-11-19,London,10.37656,7.3435,ceda_hadukgrid_region,daily
2022-11-20,London,11.17076,3.8176,ceda_hadukgrid_region,daily
2022-11-21,London,9.25077,2.93114,ceda_hadukgrid_region,daily
2022-11-22,London,10.55685,4.5791,ceda_hadukgrid_region,daily
2022-11-23,London,12.29924,2.62289,ceda_hadukgrid_region,daily
2022-11-24,London,13.06366,5.25111,ceda_hadukgrid_region,daily
2022-11-25,London,12.33054,6.82085,ceda_hadukgrid_region,daily
2022-11-26,London,12.50559,5.65939,ceda_hadukgrid_region,daily
2022-11-27,London,13.02273,8.81868,ceda_hadukgrid_region,daily
2022-11-28,London,11.46295,3.96127,ceda_hadukgrid_region,daily
2022-11-29,London,7.13901,4.28797,ceda_hadukgrid_region,daily
2022-11-30,London,9.59484,6.01807,ceda_hadukgrid_region,daily
2022-12-01,London,8.14752,3.15105,ceda_hadukgrid_region,daily
2022-12-02,London,7.51024,4.04344,ceda_hadukgrid_region,daily
2022-12-03,London,7.45558,4.84428,ceda_hadukgrid_region,daily
2022-12-04,London,6.02843,4.04921,ceda_hadukgrid_region,daily
2022-12-05,London,8.10015,3.8152,ceda_hadukgrid_region,daily
2022-12-06,London,7.02243,2.43422,ceda_hadukgrid_region,daily
2022-12-07,London,5.32744,1.29301,ceda_hadukgrid_region,daily
2022-12-08,London,3.65614,-4.15493,ceda_hadukgrid_region,daily
2022-12-09,London,3.3388,-4.36685,ceda_hadukgrid_region,daily
2022-12-10,London,4.41083,-4.60862,ceda_hadukgrid_region,daily
2022-12-11,London,0.40715,-4.86988,ceda_hadukgrid_region,daily
2022-12-12,London,1.15431,-3.33524,ceda_hadukgrid_region,daily
2022-12-13,London,1.22682,-3.21012,ceda_hadukgrid_region,daily
2022-12-14,London,0.97772,-2.97361,ceda_hadukgrid_region,daily
2022-12-15,London,1.53021,-6.79132,ceda_hadukgrid_region,daily
2022-12-16,London,2.74912,-6.25474,ceda_hadukgrid_region,daily
2022-12-17,London,4.92073,-6.04051,ceda_hadukgrid_region,daily
2022-12-18,London,12.11462,-3.73406,ceda_hadukgrid_region,daily
2022-12-19,London,13.28537,0.89551,ceda_hadukgrid_region,daily
2022-12-20,London,11.05847,9.20925,ceda_hadukgrid_region,daily
2022-12-21,London,11.2482,3.5866,ceda_hadukgrid_region,daily
2022-12-22,London,11.35119,4.97734,ceda_hadukgrid_region,daily
2022-12-23,London,13.02447,6.61031,ceda_hadukgrid_region,daily
2022-12-24,London,10.76896,5.3769,ceda_hadukgrid_region,daily
2022-12-25,London,11.63334,5.38495,ceda_hadukgrid_region,daily
2022-12-26,London,7.98725,3.04302,ceda_hadukgrid_region,daily
2022-12-27,London,11.10013,1.57526,ceda_hadukgrid_region,daily
2022-12-28,London,11.84008,4.85675,ceda_hadukgrid_region,daily
2022-12-29,London,9.70473,7.86183,ceda_hadukgrid_region,daily
2022-12-30,London,14.07686,4.38156,ceda_hadukgrid_region,daily
2022-12-31,London,13.83713,8.62457,ceda_hadukgrid_region,daily
2023-01-01,London,11.84784,10.03648,ceda_hadukgrid_region,daily
2023-01-02,London,9.0357,5.17012,ceda_hadukgrid_region,daily
2023-01-03,London,13.08854,0.42287,ceda_hadukgrid_region,daily
2023-01-04,London,13.70777,8.52066,ceda_hadukgrid_region,daily
2023-01-05,London,13.21631,9.20393,ceda_hadukgrid_region,daily
2023-01-06,London,12.48619,5.82966,ceda_hadukgrid_region,daily
2023-01-07,London,11.39866,6.52555,ceda_hadukgrid_region,daily
2023-01-08,London,9.66053,6.35787,ceda_hadukgrid_region,daily
2023-01-09,London,9.17766,4.50158,ceda_hadukgrid_region,daily
2023-01-10,London,12.83011,3.50294,ceda_hadukgrid_region,daily
2023-01-11,London,12.03792,6.86191,ceda_hadukgrid_region,daily
2023-01-12,London,12.44649,7.37934,ceda_hadukgrid_region,daily
2023-01-13,London,11.02609,7.35632,ceda_hadukgrid_region,daily
2023-01-14,London,12.3116,5.72973,ceda_hadukgrid_region,daily
2023-01-15,London,8.42012,3.96402,ceda_hadukgrid_region,daily
2023-01-16,London,5.17944,2.03999,ceda_hadukgrid_region,daily
2023-01-17,London,1.18139,-5.43962,ceda_hadukgrid_region,daily
2023-01-18,London,4.96573,-4.39586,ceda_hadukgrid_region,daily
2023-01-19,London,5.26419,-3.02624,ceda_hadukgrid_region,daily
2023-01-20,London,6.24116,-2.44275,ceda_hadukgrid_region,daily
2023-01-21,London,6.39722,-1.94021,ceda_hadukgrid_region,daily
2023-01-22,London,4.08647,-4.83379,ceda_hadukgrid_region,daily
2023-01-23,London,4.77301,-5.64265,ceda_hadukgrid_region,daily
2023-01-24,London,4.94477,-4.40596,ceda_hadukgrid_region,daily
2023-01-25,London,5.92612,-2.55175,ceda_hadukgrid_region,daily
2023-01-26,London,7.62701,-0.0885,ceda_hadukgrid_region,daily
2023-01-27,London,7.43302,3.84399,ceda_hadukgrid_region,daily
2023-01-28,London,6.36991,0.89071,ceda_hadukgrid_region,daily
2023-01-29,London,8.648,3.0628,ceda_hadukgrid_region,daily
2023-01-30,London,9.66174,4.83273,ceda_hadukgrid_region,daily
2023-01-31,London,12.14801,1.43571,ceda_hadukgrid_region,daily
2023-02-01,London,10.51793,3.99232,ceda_hadukgrid_region,daily
2023-02-02,London,11.59757,5.46417,ceda_hadukgrid_region,daily
2023-02-03,London,13.18753,7.54062,ceda_hadukgrid_region,daily
2023-02-04,London,9.83438,6.73251,ceda_hadukgrid_region,daily
2023-02-05,London,8.6681,3.30752,ceda_hadukgrid_region,daily
2023-02-06,London,11.24635,-0.6536,ceda_hadukgrid_region,daily
2023-02-07,London,8.70009,-2.54198,ceda_hadukgrid_region,daily
2023-02-08,London,8.21999,-4.92289,ceda_hadukgrid_region,daily
2023-02-09,London,9.8513,-2.69579,ceda_hadukgrid_region,daily
2023-02-10,London,9.06578,-2.56011,ceda_hadukgrid_region,daily
2023-02-11,London,10.41159,0.68413,ceda_hadukgrid_region,daily
2023-02-12,London,8.59802,6.78108,ceda_hadukgrid_region,daily
2023-02-13,London,12.62754,3.16079,ceda_hadukgrid_region,daily
2023-02-14,London,12.71766,-0.42763,ceda_hadukgrid_region,daily
2023-02-15,London,15.19019,-0.24723,ceda_hadukgrid_region,daily
2023-02-16,London,12.56049,2.64634,ceda_hadukgrid_region,daily
2023-02-17,London,14.7242,9.26165,ceda_hadukgrid_region,daily
2023-02-18,London,13.37217,10.34256,ceda_hadukgrid_region,daily
2023-02-19,London,13.56753,7.12702,ceda_hadukgrid_region,daily
2023-02-20,London,13.22382,5.82411,ceda_hadukgrid_region,daily
2023-02-21,London,9.88814,7.4841,ceda_hadukgrid_region,daily
2023-02-22,London,9.49199,5.24953,ceda_hadukgrid_region,daily
2023-02-23,London,8.8011,5.43034,ceda_hadukgrid_region,daily
2023-02-24,London,10.31377,-1.24817,ceda_hadukgrid_region,daily
2023-02-25,London,8.30301,3.03554,ceda_hadukgrid_region,daily
2023-02-26,London,7.6486,1.29607,ceda_hadukgrid_region,daily
2023-02-27,London,8.49936,-0.66542,ceda_hadukgrid_region,daily
2023-02-28,London,7.48207,0.63042,ceda_hadukgrid_region,daily
2023-03-01,London,8.01868,3.23613,ceda_hadukgrid_region,daily
2023-03-02,London,9.12626,0.98081,ceda_hadukgrid_region,daily
2023-03-03,London,6.73801,3.35186,ceda_hadukgrid_region,daily
2023-03-04,London,6.83008,4.51087,ceda_hadukgrid_region,daily
2023-03-05,London,4.96559,3.13263,ceda_hadukgrid_region,daily
2023-03-06,London,9.64888,-0.37332,ceda_hadukgrid_region,daily
2023-03-07,London,5.31667,1.80658,ceda_hadukgrid_region,daily
2023-03-08,London,3.74435,-0.64201,ceda_hadukgrid_region,daily
2023-03-09,London,10.15252,1.55328,ceda_hadukgrid_region,daily
2023-03-10,London,5.38064,2.76909,ceda_hadukgrid_region,daily
2023-03-11,London,9.69621,-2.66388,ceda_hadukgrid_region,daily
2023-03-12,London,13.64898,2.32641,ceda_hadukgrid_region,daily
2023-03-13,London,14.18821,9.62125,ceda_hadukgrid_region,daily
2023-03-14,London,9.90991,4.10729,ceda_hadukgrid_region,daily
2023-03-15,London,9.90936,-1.07861,ceda_hadukgrid_region,daily
2023-03-16,London,14.37577,3.77609,ceda_hadukgrid_region,daily
2023-03-17,London,14.60999,9.93924,ceda_hadukgrid_region,daily
2023-03-18,London,14.09393,8.80953,ceda_hadukgrid_region,daily
2023-03-19,London,10.94717,5.49577,ceda_hadukgrid_region,daily
2023-03-20,London,12.39667,7.29219,ceda_hadukgrid_region,daily
2023-03-21,London,14.3543,8.85029,ceda_hadukgrid_region,daily
2023-03-22,London,14.85781,9.99751,ceda_hadukgrid_region,daily
2023-03-23,London,15.27485,8.88908,ceda_hadukgrid_region,daily
2023-03-24,London,14.23815,7.70495,ceda_hadukgrid_region,daily
2023-03-25,London,14.94318,7.68592,ceda_hadukgrid_region,daily
2023-03-26,London,9.23744,6.45301,ceda_hadukgrid_region,daily
2023-03-27,London,10.93055,3.08968,ceda_hadukgrid_region,daily
2023-03-28,London,10.81803,3.7065,ceda_hadukgrid_region,daily
2023-03-29,London,14.12999,6.94301,ceda_hadukgrid_region,daily
2023-03-30,London,15.98336,10.24376,ceda_hadukgrid_region,daily
2023-03-31,London,13.89037,10.02228,ceda_hadukgrid_region,daily
2023-04-01,London,10.94595,8.31167,ceda_hadukgrid_region,daily
2023-04-02,London,11.39302,6.32494,ceda_hadukgrid_region,daily
2023-04-03,London,12.22364,0.80048,ceda_hadukgrid_region,daily
2023-04-04,London,14.29402,-0.9245,ceda_hadukgrid_region,daily
2023-04-05,London,13.54846,2.06739,ceda_hadukgrid_region,daily
2023-04-06,London,14.86797,8.00954,ceda_hadukgrid_region,daily
2023-04-07,London,15.04484,3.73133,ceda_hadukgrid_region,daily
2023-04-08,London,15.03487,1.84505,ceda_hadukgrid_region,daily
2023-04-09,London,16.23922,5.39396,ceda_hadukgrid_region,daily
2023-04-10,London,15.65189,9.37529,ceda_hadukgrid_region,daily
2023-04-11,London,13.31212,5.46562,ceda_hadukgrid_region,daily
2023-04-12,London,11.71924,4.25647,ceda_hadukgrid_region,daily
2023-04-13,London,13.69332,5.60491,ceda_hadukgrid_region,daily
2023-04-14,London,10.81592,3.26098,ceda_hadukgrid_region,daily
2023-04-15,London,15.36999,6.75054,ceda_hadukgrid_region,daily
2023-04-16,London,15.93074,6.17664,ceda_hadukgrid_region,daily
2023-04-17,London,16.71928,9.11441,ceda_hadukgrid_region,daily
2023-04-18,London,12.19909,7.25161,ceda_hadukgrid_region,daily
2023-04-19,London,15.90735,7.57377,ceda_hadukgrid_region,daily
2023-04-20,London,15.50146,4.75428,ceda_hadukgrid_region,daily
2023-04-21,London,11.82357,6.33147,ceda_hadukgrid_region,daily
2023-04-22,London,14.52775,2.42497,ceda_hadukgrid_region,daily
2023-04-23,London,14.65482,8.57119,ceda_hadukgrid_region,daily
2023-04-24,London,12.65886,6.40857,ceda_hadukgrid_region,daily
2023-04-25,London,11.71858,1.69149,ceda_hadukgrid_region,daily
2023-04-26,London,11.80704,3.74461,ceda_hadukgrid_region,daily
2023-04-27,London,14.5262,4.33801,ceda_hadukgrid_region,daily
2023-04-28,London,17.72221,9.24344,ceda_hadukgrid_region,daily
2023-04-29,London,18.40032,4.60529,ceda_hadukgrid_region,daily
2023-04-30,London,17.63477,5.09244,ceda_hadukgrid_region,daily
2023-05-01,London,17.86982,9.75287,ceda_hadukgrid_region,daily
2023-05-02,London,15.05631,8.19366,ceda_hadukgrid_region,daily
2023-05-03,London,15.46685,4.02919,ceda_hadukgrid_region,daily
2023-05-04,London,19.23208,7.35215,ceda_hadukgrid_region,daily
2023-05-05,London,19.30175,10.57463,ceda_hadukgrid_region,daily
2023-05-06,London,14.8838,9.07661,ceda_hadukgrid_region,daily
2023-05-07,London,20.44976,11.85042,ceda_hadukgrid_region,daily
2023-05-08,London,15.66371,8.65795,ceda_hadukgrid_region,daily
2023-05-09,London,18.47498,12.2459,ceda_hadukgrid_region,daily
2023-05-10,London,18.32943,9.04265,ceda_hadukgrid_region,daily
2023-05-11,London,18.61064,8.3516,ceda_hadukgrid_region,daily
2023-05-12,London,13.66926,8.89027,ceda_hadukgrid_region,daily
2023-05-13,London,13.78855,9.27369,ceda_hadukgrid_region,daily
2023-05-14,London,20.56956,8.30179,ceda_hadukgrid_region,daily
2023-05-15,London,15.98206,10.02732,ceda_hadukgrid_region,daily
2023-05-16,London,17.48133,5.73323,ceda_hadukgrid_region,daily
2023-05-17,London,18.1772,6.22013,ceda_hadukgrid_region,daily
2023-05-18,London,19.43609,7.63535,ceda_hadukgrid_region,daily
2023-05-19,London,17.87182,8.61635,ceda_hadukgrid_region,daily
2023-05-20,London,19.72223,7.34895,ceda_hadukgrid_region,daily
2023-05-21,London,18.73602,7.86613,ceda_hadukgrid_region,daily
2023-05-22,London,19.43314,11.06861,ceda_hadukgrid_region,daily
2023-05-23,London,18.10826,8.99038,ceda_hadukgrid_region,daily
2023-05-24,London,21.16269,7.23178,ceda_hadukgrid_region,daily
2023-05-25,London,17.91302,9.42491,ceda_hadukgrid_region,daily
2023-05-26,London,19.17633,8.56316,ceda_hadukgrid_region,daily
2023-05-27,London,20.62455,7.26388,ceda_hadukgrid_region,daily
2023-05-28,London,21.69248,6.59784,ceda_hadukgrid_region,daily
2023-05-29,London,17.47599,8.11596,ceda_hadukgrid_region,daily
2023-05-30,London,16.92032,8.94652,ceda_hadukgrid_region,daily
2023-05-31,London,18.39714,10.18955,ceda_hadukgrid_region,daily
2023-06-01,London,18.85865,9.9046,ceda_hadukgrid_region,daily
2023-06-02,London,18.42137,10.3845,ceda_hadukgrid_region,daily
2023-06-03,London,21.6344,8.11483,ceda_hadukgrid_region,daily
2023-06-04,London,21.83863,9.03265,ceda_hadukgrid_region,daily
2023-06-05,London,17.84987,9.89576,ceda_hadukgrid_region,daily
2023-06-06,London,17.00079,11.19,ceda_hadukgrid_region,daily
2023-06-07,London,21.07403,10.41913,ceda_hadukgrid_region,daily
2023-06-08,London,21.8862,10.17724,ceda_hadukgrid_region,daily
2023-06-09,London,25.60563,11.21604,ceda_hadukgrid_region,daily
2023-06-10,London,30.37452,12.87043,ceda_hadukgrid_region,daily
2023-06-11,London,30.80284,13.90391,ceda_hadukgrid_region,daily
2023-06-12,London,28.19316,15.6351,ceda_hadukgrid_region,daily
2023-06-13,London,28.17898,12.71734,ceda_hadukgrid_region,daily
2023-06-14,London,28.0888,11.24343,ceda_hadukgrid_region,daily
2023-06-15,London,27.26647,12.39007,ceda_hadukgrid_region,daily
2023-06-16,London,27.20612,12.2901,ceda_hadukgrid_region,daily
2023-06-17,London,25.68271,11.81646,ceda_hadukgrid_region,daily
2023-06-18,London,26.91653,16.0199,ceda_hadukgrid_region,daily
2023-06-19,London,24.73173,14.10928,ceda_hadukgrid_region,daily
2023-06-20,London,23.00283,15.94072,ceda_hadukgrid_region,daily
2023-06-21,London,25.37145,14.21219,ceda_hadukgrid_region,daily
2023-06-22,London,27.94149,13.29225,ceda_hadukgrid_region,daily
2023-06-23,London,27.19967,14.40452,ceda_hadukgrid_region,daily
2023-06-24,London,28.06011,14.85366,ceda_hadukgrid_region,daily
2023-06-25,London,30.70478,14.86786,ceda_hadukgrid_region,daily
2023-06-26,London,22.99686,13.70285,ceda_hadukgrid_region,daily
2023-06-27,London,23.00819,13.13118,ceda_hadukgrid_region,daily
2023-06-28,London,24.92845,17.74685,ceda_hadukgrid_region,daily
2023-06-29,London,22.62189,15.25885,ceda_hadukgrid_region,daily
2023-06-30,London,19.39834,11.14871,ceda_hadukgrid_region,daily
2023-07-01,London,22.63792,16.19366,ceda_hadukgrid_region,daily
2023-07-02,London,21.02812,11.43857,ceda_hadukgrid_region,daily
2023-07-03,London,20.95243,11.54767,ceda_hadukgrid_region,daily
2023-07-04,London,18.77352,13.14358,ceda_hadukgrid_region,daily
2023-07-05,London,21.12832,10.08604,ceda_hadukgrid_region,daily
2023-07-06,London,22.44227,10.14034,ceda_hadukgrid_region,daily
2023-07-07,London,29.30224,9.89311,ceda_hadukgrid_region,daily
2023-07-08,London,26.2206,18.0816,ceda_hadukgrid_region,daily
2023-07-09,London,23.36527,15.74844,ceda_hadukgrid_region,daily
2023-07-10,London,24.34214,13.04547,ceda_hadukgrid_region,daily
2023-07-11,London,23.49956,16.86709,ceda_hadukgrid_region,daily
2023-07-12,London,22.48639,13.48103,ceda_hadukgrid_region,daily
2023-07-13,London,22.54355,12.73782,ceda_hadukgrid_region,daily
2023-07-14,London,19.65714,13.20228,ceda_hadukgrid_region,daily
2023-07-15,London,21.34194,15.16864,ceda_hadukgrid_region,daily
2023-07-16,London,21.77849,14.24657,ceda_hadukgrid_region,daily
2023-07-17,London,23.04086,12.10857,ceda_hadukgrid_region,daily
2023-07-18,London,23.19408,10.77302,ceda_hadukgrid_region,daily
2023-07-19,London,23.74918,15.0498,ceda_hadukgrid_region,daily
2023-07-20,London,23.34995,12.61561,ceda_hadukgrid_region,daily
2023-07-21,London,21.3149,10.7308,ceda_hadukgrid_region,daily
2023-07-22,London,19.05982,12.75074,ceda_hadukgrid_region,daily
2023-07-23,London,23.80997,14.71297,ceda_hadukgrid_region,daily
2023-07-24,London,18.08819,14.40787,ceda_hadukgrid_region,daily
2023-07-25,London,20.76894,11.42684,ceda_hadukgrid_region,daily
2023-07-26,London,22.63989,8.92562,ceda_hadukgrid_region,daily
2023-07-27,London,22.18888,14.74614,ceda_hadukgrid_region,daily
2023-07-28,London,23.37484,16.33017,ceda_hadukgrid_region,daily
2023-07-29,London,23.59631,15.7649,ceda_hadukgrid_region,daily
2023-07-30,London,20.77257,14.33699,ceda_hadukgrid_region,daily
2023-07-31,London,20.19278,16.23928,ceda_hadukgrid_region,daily
2023-08-01,London,23.02643,13.69239,ceda_hadukgrid_region,daily
2023-08-02,London,19.88216,14.91011,ceda_hadukgrid_region,daily
2023-08-03,London,21.35784,14.60049,ceda_hadukgrid_region,daily
2023-08-04,London,20.10142,13.60092,ceda_hadukgrid_region,daily
2023-08-05,London,18.45803,12.91943,ceda_hadukgrid_region,daily
2023-08-06,London,20.19095,10.45874,ceda_hadukgrid_region,daily
2023-08-07,London,21.79478,9.53191,ceda_hadukgrid_region,daily
2023-08-08,London,18.066,10.77584,ceda_hadukgrid_region,daily
2023-08-09,London,24.31009,11.19802,ceda_hadukgrid_region,daily
2023-08-10,London,26.46467,12.91666,ceda_hadukgrid_region,daily
2023-08-11,London,24.69254,16.74117,ceda_hadukgrid_region,daily
2023-08-12,London,22.04808,14.13496,ceda_hadukgrid_region,daily
2023-08-13,London,22.68186,15.41122,ceda_hadukgrid_region,daily
2023-08-14,London,22.30432,15.06404,ceda_hadukgrid_region,daily
2023-08-15,London,24.43085,11.37455,ceda_hadukgrid_region,daily
2023-08-16,London,25.90002,12.22219,ceda_hadukgrid_region,daily
2023-08-17,London,24.01481,14.98052,ceda_hadukgrid_region,daily
2023-08-18,London,24.21332,17.40925,ceda_hadukgrid_region,daily
2023-08-19,London,24.03098,17.17049,ceda_hadukgrid_region,daily
2023-08-20,London,25.07124,13.72509,ceda_hadukgrid_region,daily
2023-08-21,London,24.51359,13.78537,ceda_hadukgrid_region,daily
2023-08-22,London,25.62387,14.2046,ceda_hadukgrid_region,daily
2023-08-23,London,27.05551,13.15624,ceda_hadukgrid_region,daily
2023-08-24,London,24.90004,15.37967,ceda_hadukgrid_region,daily
2023-08-25,London,21.43139,13.64445,ceda_hadukgrid_region,daily
2023-08-26,London,20.39709,10.87106,ceda_hadukgrid_region,daily
2023-08-27,London,20.15496,10.05352,ceda_hadukgrid_region,daily
2023-08-28,London,20.99572,10.08143,ceda_hadukgrid_region,daily
2023-08-29,London,20.7862,12.4458,ceda_hadukgrid_region,daily
2023-08-30,London,20.67045,10.11695,ceda_hadukgrid_region,daily
2023-08-31,London,17.86691,9.93954,ceda_hadukgrid_region,daily
2023-09-01,London,22.46129,13.894,ceda_hadukgrid_region,daily
2023-09-02,London,23.8776,15.54261,ceda_hadukgrid_region,daily
2023-09-03,London,26.31661,12.57584,ceda_hadukgrid_region,daily
2023-09-04,London,28.99541,15.256,ceda_hadukgrid_region,daily
2023-09-05,London,29.43536,14.75373,ceda_hadukgrid_region,daily
2023-09-06,London,30.97422,15.07126,ceda_hadukgrid_region,daily
2023-09-07,London,31.3995,16.87017,ceda_hadukgrid_region,daily
2023-09-08,London,30.08152,16.56856,ceda_hadukgrid_region,daily
2023-09-09,London,32.43212,16.71138,ceda_hadukgrid_region,daily
2023-09-10,London,30.66304,17.22265,ceda_hadukgrid_region,daily
2023-09-11,London,25.62491,17.84047,ceda_hadukgrid_region,daily
2023-09-12,London,23.0239,16.46276,ceda_hadukgrid_region,daily
2023-09-13,London,20.52749,13.79928,ceda_hadukgrid_region,daily
2023-09-14,London,23.9218,11.46169,ceda_hadukgrid_region,daily
2023-09-15,London,25.92816,10.28693,ceda_hadukgrid_region,daily
2023-09-16,London,26.92825,12.30934,ceda_hadukgrid_region,daily
2023-09-17,London,21.41288,15.80271,ceda_hadukgrid_region,daily
2023-09-18,London,20.01621,15.67272,ceda_hadukgrid_region,daily
2023-09-19,London,19.09836,12.60605,ceda_hadukgrid_region,daily
2023-09-20,London,20.59762,16.41809,ceda_hadukgrid_region,daily
2023-09-21,London,18.30994,10.54131,ceda_hadukgrid_region,daily
2023-09-22,London,18.44883,9.4609,ceda_hadukgrid_region,daily
2023-09-23,London,18.24843,7.88709,ceda_hadukgrid_region,daily
2023-09-24,London,20.63294,10.31197,ceda_hadukgrid_region,daily
2023-09-25,London,22.3975,14.67696,ceda_hadukgrid_region,daily
2023-09-26,London,23.12576,11.79137,ceda_hadukgrid_region,daily
2023-09-27,London,21.44518,13.02468,ceda_hadukgrid_region,daily
2023-09-28,London,19.39854,14.9946,ceda_hadukgrid_region,daily
2023-09-29,London,20.02135,15.09885,ceda_hadukgrid_region,daily
2023-09-30,London,19.81737,10.02895,ceda_hadukgrid_region,daily
2023-10-01,London,22.32197,13.85877,ceda_hadukgrid_region,daily
2023-10-02,London,19.78522,15.11262,ceda_hadukgrid_region,daily
2023-10-03,London,18.55019,12.09898,ceda_hadukgrid_region,daily
2023-10-04,London,18.35299,10.3022,ceda_hadukgrid_region,daily
2023-10-05,London,19.35262,12.59408,ceda_hadukgrid_region,daily
2023-10-06,London,21.41185,13.21673,ceda_hadukgrid_region,daily
2023-10-07,London,24.38909,14.03478,ceda_hadukgrid_region,daily
2023-10-08,London,24.90494,11.7506,ceda_hadukgrid_region,daily
2023-10-09,London,24.79331,12.0229,ceda_hadukgrid_region,daily
2023-10-10,London,23.17065,11.64719,ceda_hadukgrid_region,daily
2023-10-11,London,20.08989,14.47103,ceda_hadukgrid_region,daily
2023-10-12,London,19.36861,13.07644,ceda_hadukgrid_region,daily
2023-10-13,London,20.54309,13.52804,ceda_hadukgrid_region,daily
2023-10-14,London,14.13149,6.67272,ceda_hadukgrid_region,daily
2023-10-15,London,11.09629,2.46451,ceda_hadukgrid_region,daily
2023-10-16,London,12.65213,0.72074,ceda_hadukgrid_region,daily
2023-10-17,London,15.23691,6.18582,ceda_hadukgrid_region,daily
2023-10-18,London,16.85152,10.96428,ceda_hadukgrid_region,daily
2023-10-19,London,18.55624,12.34379,ceda_hadukgrid_region,daily
2023-10-20,London,17.31583,13.82431,ceda_hadukgrid_region,daily
2023-10-21,London,16.4189,11.8547,ceda_hadukgrid_region,daily
2023-10-22,London,16.12886,5.73126,ceda_hadukgrid_region,daily
2023-10-23,London,14.83317,6.12483,ceda_hadukgrid_region,daily
2023-10-24,London,15.68569,8.19797,ceda_hadukgrid_region,daily
2023-10-25,London,14.36711,6.83264,ceda_hadukgrid_region,daily
2023-10-26,London,16.14906,7.53342,ceda_hadukgrid_region,daily
2023-10-27,London,15.10104,6.27899,ceda_hadukgrid_region,daily
2023-10-28,London,15.44146,8.03592,ceda_hadukgrid_region,daily
2023-10-29,London,12.22386,8.2689,ceda_hadukgrid_region,daily
2023-10-30,London,15.15762,8.276,ceda_hadukgrid_region,daily
2023-10-31,London,15.26276,4.55815,ceda_hadukgrid_region,daily
2023-11-01,London,13.97753,9.40585,ceda_hadukgrid_region,daily
2023-11-02,London,11.32865,8.57429,ceda_hadukgrid_region,daily
2023-11-03,London,13.94984,7.49902,ceda_hadukgrid_region,daily
2023-11-04,London,13.31596,4.23356,ceda_hadukgrid_region,daily
2023-11-05,London,13.49925,7.28221,ceda_hadukgrid_region,daily
2023-11-06,London,13.48657,6.78676,ceda_hadukgrid_region,daily
2023-11-07,London,12.73278,4.77138,ceda_hadukgrid_region,daily
2023-11-08,London,12.94799,5.835,ceda_hadukgrid_region,daily
2023-11-09,London,11.30479,4.78291,ceda_hadukgrid_region,daily
2023-11-10,London,9.48835,5.06597,ceda_hadukgrid_region,daily
2023-11-11,London,10.9647,1.58799,ceda_hadukgrid_region,daily
2023-11-12,London,14.69756,2.01599,ceda_hadukgrid_region,daily
2023-11-13,London,15.85115,6.47499,ceda_hadukgrid_region,daily
2023-11-14,London,12.52052,10.67243,ceda_hadukgrid_region,daily
2023-11-15,London,12.1893,7.55664,ceda_hadukgrid_region,daily
2023-11-16,London,8.1876,3.55587,ceda_hadukgrid_region,daily
2023-11-17,London,12.40114,2.4019,ceda_hadukgrid_region,daily
2023-11-18,London,14.91482,4.64776,ceda_hadukgrid_region,daily
2023-11-19,London,14.0389,11.09408,ceda_hadukgrid_region,daily
2023-11-20,London,12.04163,7.52775,ceda_hadukgrid_region,daily
2023-11-21,London,10.89639,8.64766,ceda_hadukgrid_region,daily
2023-11-22,London,11.15325,4.10482,ceda_hadukgrid_region,daily
2023-11-23,London,13.75512,5.60968,ceda_hadukgrid_region,daily
2023-11-24,London,8.98051,8.41447,ceda_hadukgrid_region,daily
2023-11-25,London,6.16845,-0.94885,ceda_hadukgrid_region,daily
2023-11-26,London,9.46142,-1.43756,ceda_hadukgrid_region,daily
2023-11-27,London,9.88551,0.33638,ceda_hadukgrid_region,daily
2023-11-28,London,7.54678,2.65267,ceda_hadukgrid_region,daily
2023-11-29,London,6.25,0.33063,ceda_hadukgrid_region,daily
2023-11-30,London,4.32522,-2.62982,ceda_hadukgrid_region,daily
2023-12-01,London,3.65901,-1.92689,ceda_hadukgrid_region,daily
2023-12-02,London,5.03804,-1.47523,ceda_hadukgrid_region,daily
2023-12-03,London,8.15906,-2.87903,ceda_hadukgrid_region,daily
2023-12-04,London,7.4338,5.0115,ceda_hadukgrid_region,daily
2023-12-05,London,6.86926,5.43177,ceda_hadukgrid_region,daily
2023-12-06,London,7.18851,-0.68742,ceda_hadukgrid_region,daily
2023-12-07,London,8.53192,-0.38108,ceda_hadukgrid_region,daily
2023-12-08,London,11.57388,4.40254,ceda_hadukgrid_region,daily
2023-12-09,London,13.43871,5.95854,ceda_hadukgrid_region,daily
2023-12-10,London,11.79494,7.55392,ceda_hadukgrid_region,daily
2023-12-11,London,11.70073,8.30061,ceda_hadukgrid_region,daily
2023-12-12,London,11.46944,4.95746,ceda_hadukgrid_region,daily
2023-12-13,London,7.99976,6.98945,ceda_hadukgrid_region,daily
2023-12-14,London,7.93336,2.60715,ceda_hadukgrid_region,daily
2023-12-15,London,10.10264,3.11016,ceda_hadukgrid_region,daily
2023-12-16,London,11.14628,4.51454,ceda_hadukgrid_region,daily
2023-12-17,London,11.2529,8.84185,ceda_hadukgrid_region,daily
2023-12-18,London,12.49654,9.00872,ceda_hadukgrid_region,daily
2023-12-19,London,12.04095,10.43806,ceda_hadukgrid_region,daily
2023-12-20,London,12.35744,4.24847,ceda_hadukgrid_region,daily
2023-12-21,London,14.02972,6.62961,ceda_hadukgrid_region,daily
2023-12-22,London,12.19194,8.83659,ceda_hadukgrid_region,daily
2023-12-23,London,13.31891,8.80156,ceda_hadukgrid_region,daily
2023-12-24,London,14.76015,10.17004,ceda_hadukgrid_region,daily
2023-12-25,London,12.66757,11.71958,ceda_hadukgrid_region,daily
2023-12-26,London,11.54754,6.23235,ceda_hadukgrid_region,daily
2023-12-27,London,12.14473,4.03508,ceda_hadukgrid_region,daily
2023-12-28,London,12.3728,9.76029,ceda_hadukgrid_region,daily
2023-12-29,London,11.3287,9.06029,ceda_hadukgrid_region,daily
2023-12-30,London,11.94215,5.16768,ceda_hadukgrid_region,daily
2023-12-31,London,10.27483,5.7261,ceda_hadukgrid_region,daily
2024-01-01,London,12.24724,6.32843,ceda_hadukgrid_region,daily
2024-01-02,London,13.32886,6.7482,ceda_hadukgrid_region,daily
2024-01-03,London,11.62009,8.6005,ceda_hadukgrid_region,daily
2024-01-04,London,8.82759,5.16894,ceda_hadukgrid_region,daily
2024-01-05,London,7.40174,4.96022,ceda_hadukgrid_region,daily
2024-01-06,London,6.61461,4.57701,ceda_hadukgrid_region,daily
2024-01-07,London,5.12572,2.16462,ceda_hadukgrid_region,daily
2024-01-08,London,3.34037,2.17071,ceda_hadukgrid_region,daily
2024-01-09,London,4.05449,1.01773,ceda_hadukgrid_region,daily
2024-01-10,London,5.30472,-0.28095,ceda_hadukgrid_region,daily
2024-01-11,London,5.44662,-1.1983,ceda_hadukgrid_region,daily
2024-01-12,London,5.68179,0.77724,ceda_hadukgrid_region,daily
2024-01-13,London,4.04954,1.11125,ceda_hadukgrid_region,daily
2024-01-14,London,6.35981,1.00859,ceda_hadukgrid_region,daily
2024-01-15,London,2.96259,-1.89171,ceda_hadukgrid_region,daily
2024-01-16,London,4.68579,-5.00941,ceda_hadukgrid_region,daily
2024-01-17,London,2.7068,-3.7136,ceda_hadukgrid_region,daily
2024-01-18,London,2.89698,-5.98486,ceda_hadukgrid_region,daily
2024-01-19,London,5.93041,-5.31315,ceda_hadukgrid_region,daily
2024-01-20,London,8.8963,-3.5257,ceda_hadukgrid_region,daily
2024-01-21,London,12.92675,2.9923,ceda_hadukgrid_region,daily
2024-01-22,London,11.04705,8.41393,ceda_hadukgrid_region,daily
2024-01-23,London,13.41427,3.92758,ceda_hadukgrid_region,daily
2024-01-24,London,12.17811,7.46526,ceda_hadukgrid_region,daily
2024-01-25,London,12.87644,3.35805,ceda_hadukgrid_region,daily
2024-01-26,London,9.68808,7.22367,ceda_hadukgrid_region,daily
2024-01-27,London,8.78808,-0.83753,ceda_hadukgrid_region,daily
2024-01-28,London,11.53113,0.74548,ceda_hadukgrid_region,daily
2024-01-29,London,12.34576,3.80875,ceda_hadukgrid_region,daily
2024-01-30,London,8.59661,7.66207,ceda_hadukgrid_region,daily
2024-01-31,London,11.79795,5.94711,ceda_hadukgrid_region,daily
2024-02-01,London,9.96762,2.26604,ceda_hadukgrid_region,daily
2024-02-02,London,13.74013,2.83903,ceda_hadukgrid_region,daily
2024-02-03,London,13.36132,8.67006,ceda_hadukgrid_region,daily
2024-02-04,London,13.37879,10.59453,ceda_hadukgrid_region,daily
2024-02-05,London,12.16535,8.63847,ceda_hadukgrid_region,daily
2024-02-06,London,13.77355,9.09177,ceda_hadukgrid_region,daily
2024-02-07,London,6.71532,4.1826,ceda_hadukgrid_region,daily
2024-02-08,London,11.8989,4.39118,ceda_hadukgrid_region,daily
2024-02-09,London,12.55854,5.01805,ceda_hadukgrid_region,daily
2024-02-10,London,11.96625,6.63441,ceda_hadukgrid_region,daily
2024-02-11,London,11.73086,6.50806,ceda_hadukgrid_region,daily
2024-02-12,London,10.26543,2.11444,ceda_hadukgrid_region,daily
2024-02-13,London,12.27246,3.7696,ceda_hadukgrid_region,daily
2024-02-14,London,13.52617,6.99988,ceda_hadukgrid_region,daily
2024-02-15,London,17.28627,11.84015,ceda_hadukgrid_region,daily
2024-02-16,London,14.06278,9.39839,ceda_hadukgrid_region,daily
2024-02-17,London,13.17707,8.34446,ceda_hadukgrid_region,daily
2024-02-18,London,15.60632,9.72285,ceda_hadukgrid_region,daily
2024-02-19,London,13.67789,6.38495,ceda_hadukgrid_region,daily
2024-02-20,London,12.36837,4.8855,ceda_hadukgrid_region,daily
2024-02-21,London,11.90262,7.02478,ceda_hadukgrid_region,daily
2024-02-22,London,12.03927,8.58121,ceda_hadukgrid_region,daily
2024-02-23,London,9.84986,2.87496,ceda_hadukgrid_region,daily
2024-02-24,London,9.1266,-1.07825,ceda_hadukgrid_region,daily
2024-02-25,London,9.06964,-0.91435,ceda_hadukgrid_region,daily
2024-02-26,London,8.88555,2.91407,ceda_hadukgrid_region,daily
2024-02-27,London,8.98745,0.84513,ceda_hadukgrid_region,daily
2024-02-28,London,11.66531,3.428,ceda_hadukgrid_region,daily
2024-02-29,London,11.09017,7.89125,ceda_hadukgrid_region,daily
2024-03-01,London,9.50775,2.50143,ceda_hadukgrid_region,daily
2024-03-02,London,8.96018,2.91432,ceda_hadukgrid_region,daily
2024-03-03,London,10.09348,-0.41456,ceda_hadukgrid_region,daily
2024-03-04,London,11.74047,-0.3172,ceda_hadukgrid_region,daily
2024-03-05,London,10.54953,5.44471,ceda_hadukgrid_region,daily
2024-03-06,London,11.69427,2.71407,ceda_hadukgrid_region,daily
2024-03-07,London,11.15283,3.54798,ceda_hadukgrid_region,daily
2024-03-08,London,10.66087,4.51612,ceda_hadukgrid_region,daily
2024-03-09,London,13.45138,6.22579,ceda_hadukgrid_region,daily
2024-03-10,London,9.38235,7.73939,ceda_hadukgrid_region,daily
2024-03-11,London,8.54539,7.13407,ceda_hadukgrid_region,daily
2024-03-12,London,13.42965,6.64055,ceda_hadukgrid_region,daily
2024-03-13,London,13.27995,8.16788,ceda_hadukgrid_region,daily
2024-03-14,London,17.19166,7.55782,ceda_hadukgrid_region,daily
2024-03-15,London,15.69756,11.12329,ceda_hadukgrid_region,daily
2024-03-16,London,13.22808,5.44471,ceda_hadukgrid_region,daily
2024-03-17,London,15.74042,8.96298,ceda_hadukgrid_region,daily
2024-03-18,London,14.71033,7.61634,ceda_hadukgrid_region,daily
2024-03-19,London,12.96158,9.99192,ceda_hadukgrid_region,daily
2024-03-20,London,17.41484,9.75096,ceda_hadukgrid_region,daily
2024-03-21,London,16.37115,6.70428,ceda_hadukgrid_region,daily
2024-03-22,London,12.11071,9.31749,ceda_hadukgrid_region,daily
2024-03-23,London,11.01602,3.83576,ceda_hadukgrid_region,daily
2024-03-24,London,13.29471,5.14659,ceda_hadukgrid_region,daily
2024-03-25,London,12.25969,3.48178,ceda_hadukgrid_region,daily
2024-03-26,London,14.40297,7.76492,ceda_hadukgrid_region,daily
2024-03-27,London,11.58241,4.22924,ceda_hadukgrid_region,daily
2024-03-28,London,10.96218,4.42335,ceda_hadukgrid_region,daily
2024-03-29,London,14.12204,6.6706,ceda_hadukgrid_region,daily
2024-03-30,London,15.54177,3.63353,ceda_hadukgrid_region,daily
2024-03-31,London,13.26481,4.87259,ceda_hadukgrid_region,daily
2024-04-01,London,14.80175,6.77152,ceda_hadukgrid_region,daily
2024-04-02,London,15.20641,8.45811,ceda_hadukgrid_region,daily
2024-04-03,London,13.64427,9.59957,ceda_hadukgrid_region,daily
2024-04-04,London,15.95208,9.61437,ceda_hadukgrid_region,daily
2024-04-05,London,17.69727,11.49565,ceda_hadukgrid_region,daily
2024-04-06,London,19.01317,13.03289,ceda_hadukgrid_region,daily
2024-04-07,London,16.31092,11.04164,ceda_hadukgrid_region,daily
2024-04-08,London,17.70167,8.11642,ceda_hadukgrid_region,daily
2024-04-09,London,13.20017,7.86583,ceda_hadukgrid_region,daily
2024-04-10,London,14.3169,3.87368,ceda_hadukgrid_region,daily
2024-04-11,London,18.90854,10.45121,ceda_hadukgrid_region,daily
2024-04-12,London,20.85895,9.58006,ceda_hadukgrid_region,daily
2024-04-13,London,20.47856,10.56998,ceda_hadukgrid_region,daily
2024-04-14,London,14.68909,8.30202,ceda_hadukgrid_region,daily
2024-04-15,London,12.82936,6.6683,ceda_hadukgrid_region,daily
2024-04-16,London,13.58618,6.44099,ceda_hadukgrid_region,daily
2024-04-17,London,12.38207,3.5728,ceda_hadukgrid_region,daily
2024-04-18,London,14.19052,3.91541,ceda_hadukgrid_region,daily
2024-04-19,London,15.10016,7.6163,ceda_hadukgrid_region,daily
2024-04-20,London,11.29242,3.22834,ceda_hadukgrid_region,daily
2024-04-21,London,11.74753,4.35996,ceda_hadukgrid_region,daily
2024-04-22,London,9.54839,2.50296,ceda_hadukgrid_region,daily
2024-04-23,London,11.65075,5.29416,ceda_hadukgrid_region,daily
2024-04-24,London,10.49419,3.79568,ceda_hadukgrid_region,daily
2024-04-25,London,12.51749,2.03416,ceda_hadukgrid_region,daily
2024-04-26,London,13.3629,3.42615,ceda_hadukgrid_region,daily
2024-04-27,London,11.67729,5.74097,ceda_hadukgrid_region,daily
2024-04-28,London,12.95265,6.91114,ceda_hadukgrid_region,daily
2024-04-29,London,16.35774,5.31281,ceda_hadukgrid_region,daily
2024-04-30,London,19.1028,5.92553,ceda_hadukgrid_region,daily
2024-05-01,London,19.63268,9.4583,ceda_hadukgrid_region,daily
2024-05-02,London,16.26477,11.00565,ceda_hadukgrid_region,daily
2024-05-03,London,13.63215,9.06755,ceda_hadukgrid_region,daily
2024-05-04,London,17.59447,7.01124,ceda_hadukgrid_region,daily
2024-05-05,London,18.52597,5.1577,ceda_hadukgrid_region,daily
2024-05-06,London,15.77603,7.95505,ceda_hadukgrid_region,daily
2024-05-07,London,19.57962,8.54392,ceda_hadukgrid_region,daily
2024-05-08,London,20.58503,8.09631,ceda_hadukgrid_region,daily
2024-05-09,London,23.46566,8.84693,ceda_hadukgrid_region,daily
2024-05-10,London,23.45007,9.47132,ceda_hadukgrid_region,daily
2024-05-11,London,22.73413,9.51575,ceda_hadukgrid_region,daily
2024-05-12,London,26.1638,11.54981,ceda_hadukgrid_region,daily
2024-05-13,London,18.51144,11.6181,ceda_hadukgrid_region,daily
2024-05-14,London,17.15865,13.48264,ceda_hadukgrid_region,daily
2024-05-15,London,20.57342,12.65453,ceda_hadukgrid_region,daily
2024-05-16,London,17.99619,9.59897,ceda_hadukgrid_region,daily
2024-05-17,London,21.82217,8.86435,ceda_hadukgrid_region,daily
2024-05-18,London,19.87928,11.11326,ceda_hadukgrid_region,daily
2024-05-19,London,22.77641,8.77696,ceda_hadukgrid_region,daily
2024-05-20,London,20.85486,9.21116,ceda_hadukgrid_region,daily
2024-05-21,London,14.64633,11.27324,ceda_hadukgrid_region,daily
2024-05-22,London,15.58661,12.3618,ceda_hadukgrid_region,daily
2024-05-23,London,18.76096,11.70743,ceda_hadukgrid_region,daily
2024-05-24,London,18.63991,7.87649,ceda_hadukgrid_region,daily
2024-05-25,London,20.61937,7.65459,ceda_hadukgrid_region,daily
2024-05-26,London,19.96799,11.92856,ceda_hadukgrid_region,daily
2024-05-27,London,17.61355,10.37926,ceda_hadukgrid_region,daily
2024-05-28,London,17.66989,9.24709,ceda_hadukgrid_region,daily
2024-05-29,London,20.45777,12.65796,ceda_hadukgrid_region,daily
2024-05-30,London,18.43951,12.43614,ceda_hadukgrid_region,daily
2024-05-31,London,14.47192,11.78836,ceda_hadukgrid_region,daily
2024-06-01,London,16.70293,9.1658,ceda_hadukgrid_region,daily
2024-06-02,London,22.93905,9.42015,ceda_hadukgrid_region,daily
2024-06-03,London,20.74934,10.88605,ceda_hadukgrid_region,daily
2024-06-04,London,20.17906,14.30664,ceda_hadukgrid_region,daily
2024-06-05,London,17.36564,6.83679,ceda_hadukgrid_region,daily
2024-06-06,London,18.66073,8.52498,ceda_hadukgrid_region,daily
2024-06-07,London,19.67375,6.90271,ceda_hadukgrid_region,daily
2024-06-08,London,19.28059,9.30552,ceda_hadukgrid_region,daily
2024-06-09,London,16.90799,5.14766,ceda_hadukgrid_region,daily
2024-06-10,London,16.12135,9.99331,ceda_hadukgrid_region,daily
2024-06-11,London,16.54727,6.13934,ceda_hadukgrid_region,daily
2024-06-12,London,16.94756,6.67458,ceda_hadukgrid_region,daily
2024-06-13,London,16.92382,6.09326,ceda_hadukgrid_region,daily
2024-06-14,London,19.28895,11.09915,ceda_hadukgrid_region,daily
2024-06-15,London,18.0178,9.57165,ceda_hadukgrid_region,daily
2024-06-16,London,20.99373,10.83255,ceda_hadukgrid_region,daily
2024-06-17,London,22.34967,9.29283,ceda_hadukgrid_region,daily
2024-06-18,London,22.0291,10.96727,ceda_hadukgrid_region,daily
2024-06-19,London,20.86371,11.83824,ceda_hadukgrid_region,daily
2024-06-20,London,22.75017,7.87712,ceda_hadukgrid_region,daily
2024-06-21,London,24.65904,9.54649,ceda_hadukgrid_region,daily
2024-06-22,London,22.79748,13.72085,ceda_hadukgrid_region,daily
2024-06-23,London,24.22486,10.09646,ceda_hadukgrid_region,daily
2024-06-24,London,27.08452,14.21232,ceda_hadukgrid_region,daily
2024-06-25,London,28.70589,12.73529,ceda_hadukgrid_region,daily
2024-06-26,London,28.95663,14.47204,ceda_hadukgrid_region,daily
2024-06-27,London,24.44198,15.80612,ceda_hadukgrid_region,daily
2024-06-28,London,20.8252,11.6246,ceda_hadukgrid_region,daily
2024-06-29,London,24.38846,9.19728,ceda_hadukgrid_region,daily
2024-06-30,London,20.52406,13.63411,ceda_hadukgrid_region,daily
2024-07-01,London,20.2208,13.11515,ceda_hadukgrid_region,daily
2024-07-02,London,18.91994,12.96293,ceda_hadukgrid_region,daily
2024-07-03,London,19.15717,11.55848,ceda_hadukgrid_region,daily
2024-07-04,London,20.94439,11.81776,ceda_hadukgrid_region,daily
2024-07-05,London,21.26333,12.76038,ceda_hadukgrid_region,daily
2024-07-06,London,17.40261,11.90972,ceda_hadukgrid_region,daily
2024-07-07,London,18.28249,9.73195,ceda_hadukgrid_region,daily
2024-07-08,London,19.58099,9.0871,ceda_hadukgrid_region,daily
2024-07-09,London,19.57503,14.13676,ceda_hadukgrid_region,daily
2024-07-10,London,21.7853,15.22969,ceda_hadukgrid_region,daily
2024-07-11,London,22.96002,12.0264,ceda_hadukgrid_region,daily
2024-07-12,London,18.98281,13.18952,ceda_hadukgrid_region,daily
2024-07-13,London,20.16725,11.99051,ceda_hadukgrid_region,daily
2024-07-14,London,22.14898,11.00858,ceda_hadukgrid_region,daily
2024-07-15,London,21.38442,9.68119,ceda_hadukgrid_region,daily
2024-07-16,London,21.65906,13.66838,ceda_hadukgrid_region,daily
2024-07-17,London,23.94942,11.95163,ceda_hadukgrid_region,daily
2024-07-18,London,27.45074,12.76116,ceda_hadukgrid_region,daily
2024-07-19,London,30.7052,14.57604,ceda_hadukgrid_region,daily
2024-07-20,London,23.6657,15.97515,ceda_hadukgrid_region,daily
2024-07-21,London,23.37434,17.02499,ceda_hadukgrid_region,daily
2024-07-22,London,23.84732,12.37892,ceda_hadukgrid_region,daily
2024-07-23,London,23.53964,16.51498,ceda_hadukgrid_region,daily
2024-07-24,London,24.69375,14.40326,ceda_hadukgrid_region,daily
2024-07-25,London,20.25367,15.33891,ceda_hadukgrid_region,daily
2024-07-26,London,23.11964,12.64672,ceda_hadukgrid_region,daily
2024-07-27,London,23.75428,11.29476,ceda_hadukgrid_region,daily
2024-07-28,London,26.23027,10.74216,ceda_hadukgrid_region,daily
2024-07-29,London,28.47814,12.29742,ceda_hadukgrid_region,daily
2024-07-30,London,31.08517,14.72989,ceda_hadukgrid_region,daily
2024-07-31,London,28.59523,18.04979,ceda_hadukgrid_region,daily
2024-08-01,London,28.88739,17.49402,ceda_hadukgrid_region,daily
2024-08-02,London,27.41176,17.31417,ceda_hadukgrid_region,daily
2024-08-03,London,24.96599,17.37289,ceda_hadukgrid_region,daily
2024-08-04,London,23.14442,11.73732,ceda_hadukgrid_region,daily
2024-08-05,London,25.49749,13.25447,ceda_hadukgrid_region,daily
2024-08-06,London,22.53311,16.6853,ceda_hadukgrid_region,daily
2024-08-07,London,22.0121,10.86009,ceda_hadukgrid_region,daily
2024-08-08,London,21.45318,12.21891,ceda_hadukgrid_region,daily
2024-08-09,London,24.75628,17.51694,ceda_hadukgrid_region,daily
2024-08-10,London,24.45922,13.54818,ceda_hadukgrid_region,daily
2024-08-11,London,28.632,15.14068,ceda_hadukgrid_region,daily
2024-08-12,London,32.57927,17.88744,ceda_hadukgrid_region,daily
2024-08-13,London,26.64873,13.45356,ceda_hadukgrid_region,daily
2024-08-14,London,24.04343,16.08319,ceda_hadukgrid_region,daily
2024-08-15,London,22.86912,13.77972,ceda_hadukgrid_region,daily
2024-08-16,London,24.60392,14.83516,ceda_hadukgrid_region,daily
2024-08-17,London,23.27287,11.09602,ceda_hadukgrid_region,daily
2024-08-18,London,23.58086,11.80938,ceda_hadukgrid_region,daily
2024-08-19,London,21.04991,10.13702,ceda_hadukgrid_region,daily
2024-08-20,London,23.68584,16.94866,ceda_hadukgrid_region,daily
2024-08-21,London,21.16597,10.91184,ceda_hadukgrid_region,daily
2024-08-22,London,19.7678,14.63211,ceda_hadukgrid_region,daily
2024-08-23,London,22.80023,16.6897,ceda_hadukgrid_region,daily
2024-08-24,London,17.87526,13.46992,ceda_hadukgrid_region,daily
2024-08-25,London,20.7169,9.57003,ceda_hadukgrid_region,daily
2024-08-26,London,22.84926,14.51892,ceda_hadukgrid_region,daily
2024-08-27,London,25.33713,13.94533,ceda_hadukgrid_region,daily
2024-08-28,London,28.68966,12.86628,ceda_hadukgrid_region,daily
2024-08-29,London,23.01471,12.2502,ceda_hadukgrid_region,daily
2024-08-30,London,22.9778,9.5726,ceda_hadukgrid_region,daily
2024-08-31,London,20.84139,14.25181,ceda_hadukgrid_region,daily
2024-09-01,London,28.53221,16.00319,ceda_hadukgrid_region,daily
2024-09-02,London,21.8126,17.63476,ceda_hadukgrid_region,daily
2024-09-03,London,23.67621,16.55916,ceda_hadukgrid_region,daily
2024-09-04,London,20.03254,11.83421,ceda_hadukgrid_region,daily
2024-09-05,London,19.44419,13.65064,ceda_hadukgrid_region,daily
2024-09-06,London,20.17676,15.22413,ceda_hadukgrid_region,daily
2024-09-07,London,20.64109,12.75681,ceda_hadukgrid_region,daily
2024-09-08,London,21.09636,13.28536,ceda_hadukgrid_region,daily
2024-09-09,London,17.49236,13.52145,ceda_hadukgrid_region,daily
2024-09-10,London,19.38499,10.07992,ceda_hadukgrid_region,daily
2024-09-11,London,16.32342,7.35735,ceda_hadukgrid_region,daily
2024-09-12,London,15.85341,5.75925,ceda_hadukgrid_region,daily
2024-09-13,London,17.39783,3.80932,ceda_hadukgrid_region,daily
2024-09-14,London,19.44509,4.1242,ceda_hadukgrid_region,daily
2024-09-15,London,19.93331,7.14074,ceda_hadukgrid_region,daily
2024-09-16,London,20.54458,12.00008,ceda_hadukgrid_region,daily
2024-09-17,London,21.2643,9.01112,ceda_hadukgrid_region,daily
2024-09-18,London,23.59278,14.68494,ceda_hadukgrid_region,daily
2024-09-19,London,24.98934,15.93297,ceda_hadukgrid_region,daily
2024-09-20,London,23.31915,15.22734,ceda_hadukgrid_region,daily
2024-09-21,London,24.04468,14.70511,ceda_hadukgrid_region,daily
2024-09-22,London,21.04886,15.80941,ceda_hadukgrid_region,daily
2024-09-23,London,18.68108,15.36546,ceda_hadukgrid_region,daily
2024-09-24,London,17.03868,13.43877,ceda_hadukgrid_region,daily
2024-09-25,London,17.66831,10.5665,ceda_hadukgrid_region,daily
2024-09-26,London,18.42233,11.3763,ceda_hadukgrid_region,daily
2024-09-27,London,13.50119,9.18204,ceda_hadukgrid_region,daily
2024-09-28,London,15.32887,3.26851,ceda_hadukgrid_region,daily
2024-09-29,London,15.37063,4.01769,ceda_hadukgrid_region,daily
2024-09-30,London,17.3602,9.76364,ceda_hadukgrid_region,daily
2024-10-01,London,14.43255,11.2891,ceda_hadukgrid_region,daily
2024-10-02,London,17.18317,11.69937,ceda_hadukgrid_region,daily
2024-10-03,London,16.08337,9.03968,ceda_hadukgrid_region,daily
2024-10-04,London,17.22342,4.03429,ceda_hadukgrid_region,daily
2024-10-05,London,17.63776,6.33047,ceda_hadukgrid_region,daily
2024-10-06,London,15.28739,10.18694,ceda_hadukgrid_region,daily
2024-10-07,London,19.20124,10.21105,ceda_hadukgrid_region,daily
2024-10-08,London,18.18551,11.28716,ceda_hadukgrid_region,daily
2024-10-09,London,16.26606,12.55866,ceda_hadukgrid_region,daily
2024-10-10,London,12.34077,8.94274,ceda_hadukgrid_region,daily
2024-10-11,London,13.66454,1.48726,ceda_hadukgrid_region,daily
2024-10-12,London,15.23403,5.61323,ceda_hadukgrid_region,daily
2024-10-13,London,10.97414,4.33974,ceda_hadukgrid_region,daily
2024-10-14,London,12.86941,6.63542,ceda_hadukgrid_region,daily
2024-10-15,London,17.47711,9.75322,ceda_hadukgrid_region,daily
2024-10-16,London,21.64692,12.78221,ceda_hadukgrid_region,daily
2024-10-17,London,18.43969,13.70828,ceda_hadukgrid_region,daily
2024-10-18,London,17.13966,7.21109,ceda_hadukgrid_region,daily
2024-10-19,London,17.70689,9.83242,ceda_hadukgrid_region,daily
2024-10-20,London,17.626,9.31837,ceda_hadukgrid_region,daily
2024-10-21,London,14.28542,11.60605,ceda_hadukgrid_region,daily
2024-10-22,London,16.91506,6.83254,ceda_hadukgrid_region,daily
2024-10-23,London,17.13238,9.84903,ceda_hadukgrid_region,daily
2024-10-24,London,17.94248,7.40519,ceda_hadukgrid_region,daily
2024-10-25,London,16.4637,10.985,ceda_hadukgrid_region,daily
2024-10-26,London,14.65827,7.97802,ceda_hadukgrid_region,daily
2024-10-27,London,15.77371,6.03581,ceda_hadukgrid_region,daily
2024-10-28,London,15.08275,9.22424,ceda_hadukgrid_region,daily
2024-10-29,London,15.69376,11.35263,ceda_hadukgrid_region,daily
2024-10-30,London,14.42837,11.77105,ceda_hadukgrid_region,daily
2024-10-31,London,14.83612,7.98694,ceda_hadukgrid_region,daily
2024-11-01,London,12.59449,10.57804,ceda_hadukgrid_region,daily
2024-11-02,London,14.3439,10.90687,ceda_hadukgrid_region,daily
2024-11-03,London,12.66395,11.54729,ceda_hadukgrid_region,daily
2024-11-04,London,12.84059,10.22824,ceda_hadukgrid_region,daily
2024-11-05,London,11.288,8.79295,ceda_hadukgrid_region,daily
2024-11-06,London,10.82018,8.80082,ceda_hadukgrid_region,daily
2024-11-07,London,12.08013,9.02383,ceda_hadukgrid_region,daily
2024-11-08,London,9.4441,8.33329,ceda_hadukgrid_region,daily
2024-11-09,London,8.56362,7.38756,ceda_hadukgrid_region,daily
2024-11-10,London,11.93499,5.38047,ceda_hadukgrid_region,daily
2024-11-11,London,11.83009,7.38041,ceda_hadukgrid_region,daily
2024-11-12,London,12.57406,4.30357,ceda_hadukgrid_region,daily
2024-11-13,London,11.92952,7.37072,ceda_hadukgrid_region,daily
2024-11-14,London,12.47458,5.31119,ceda_hadukgrid_region,daily
2024-11-15,London,9.90886,8.07504,ceda_hadukgrid_region,daily
2024-11-16,London,10.9487,2.72923,ceda_hadukgrid_region,daily
2024-11-17,London,10.88225,6.59101,ceda_hadukgrid_region,daily
2024-11-18,London,11.54705,5.81575,ceda_hadukgrid_region,daily
2024-11-19,London,4.35936,1.77015,ceda_hadukgrid_region,daily
2024-11-20,London,5.29165,-1.522,ceda_hadukgrid_region,daily
2024-11-21,London,3.99652,-1.46443,ceda_hadukgrid_region,daily
2024-11-22,London,8.65149,-1.13955,ceda_hadukgrid_region,daily
2024-11-23,London,16.38072,-0.09396,ceda_hadukgrid_region,daily
2024-11-24,London,17.6302,8.43216,ceda_hadukgrid_region,daily
2024-11-25,London,12.06682,9.30955,ceda_hadukgrid_region,daily
2024-11-26,London,11.20295,4.61222,ceda_hadukgrid_region,daily
2024-11-27,London,7.34829,3.91144,ceda_hadukgrid_region,daily
2024-11-28,London,7.65006,-1.68448,ceda_hadukgrid_region,daily
2024-11-29,London,11.30403,-0.54489,ceda_hadukgrid_region,daily
2024-11-30,London,14.11897,5.14951,ceda_hadukgrid_region,daily
2024-12-01,London,13.35562,10.30879,ceda_hadukgrid_region,daily
2024-12-02,London,10.56686,7.98573,ceda_hadukgrid_region,daily
2024-12-03,London,7.90607,4.73061,ceda_hadukgrid_region,daily
2024-12-04,London,13.19491,0.72156,ceda_hadukgrid_region,daily
2024-12-05,London,14.16706,4.42552,ceda_hadukgrid_region,daily
2024-12-06,London,12.85658,5.61652,ceda_hadukgrid_region,daily
2024-12-07,London,7.97029,6.04327,ceda_hadukgrid_region,daily
2024-12-08,London,8.31568,5.86761,ceda_hadukgrid_region,daily
2024-12-09,London,8.07332,5.94489,ceda_hadukgrid_region,daily
2024-12-10,London,7.23584,5.97603,ceda_hadukgrid_region,daily
2024-12-11,London,6.95972,5.65748,ceda_hadukgrid_region,daily
2024-12-12,London,7.60431,4.73494,ceda_hadukgrid_region,daily
2024-12-13,London,5.50127,5.07692,ceda_hadukgrid_region,daily
2024-12-14,London,9.21298,3.56852,ceda_hadukgrid_region,daily
2024-12-15,London,12.30684,4.03144,ceda_hadukgrid_region,daily
2024-12-16,London,11.50398,9.13195,ceda_hadukgrid_region,daily
2024-12-17,London,13.74859,3.62374,ceda_hadukgrid_region,daily
2024-12-18,London,14.18201,8.17449,ceda_hadukgrid_region,daily
2024-12-19,London,7.13851,5.45723,ceda_hadukgrid_region,daily
2024-12-20,London,9.17625,1.14117,ceda_hadukgrid_region,daily
2024-12-21,London,12.42947,2.23742,ceda_hadukgrid_region,daily
2024-12-22,London,7.41234,4.06046,ceda_hadukgrid_region,daily
2024-12-23,London,8.66108,3.62694,ceda_hadukgrid_region,daily
2024-12-24,London,11.92264,3.72728,ceda_hadukgrid_region,daily
2024-12-25,London,9.44008,8.20975,ceda_hadukgrid_region,daily
2024-12-26,London,6.71996,5.98716,ceda_hadukgrid_region,daily
2024-12-27,London,6.09831,5.37292,ceda_hadukgrid_region,daily
2024-12-28,London,5.62499,3.16487,ceda_hadukgrid_region,daily
2024-12-29,London,8.13143,2.6937,ceda_hadukgrid_region,daily
2024-12-30,London,9.06269,3.11044,ceda_hadukgrid_region,daily
2024-12-31,London,12.35734,6.54874,ceda_hadukgrid_region,daily
