date,mean_relative_humidity_pct,relative_humidity_max_pct,relative_humidity_min_pct,total_precipitation_mm,precipitation_max_mm,precipitation_min_mm,mean_air_pressure_hpa,air_pressure_max_hpa,air_pressure_min_hpa,temperature_max_c,temperature_min_c,temperature_avg_c,mean_wind_speed_knots,wind_speed_max_knots,wind_speed_min_knots,wind_direction_deg
2022-04-07,58.95,89.1,34.7,4.4,2.2,0.0,989.8083333333334,1000.9,983.9,13.59414,6.81972,10.20693,13.0,16.0,4.0,270.6360893717208
2022-04-08,59.78333333333333,79.3,37.0,0.0,0.0,0.0,1000.825,1008.6,997.8,11.35049,1.85771,6.604100000000001,4.291666666666667,9.0,1.0,16.779590523457955
2022-04-09,56.104166666666664,86.4,32.0,0.0,0.0,0.0,1015.2458333333334,1019.1,1009.7,12.38106,0.59361,6.487335,5.458333333333333,9.0,3.0,306.18661411483424
2022-04-10,49.99166666666667,75.2,30.7,0.0,0.0,0.0,1018.6666666666666,1020.3,1016.2,13.33323,-0.20325,6.56499,2.9166666666666665,5.0,1.0,160.73831931112545
2022-04-11,51.479166666666664,70.6,26.5,0.0,0.0,0.0,1009.8125,1015.9,1005.9,17.46319,5.01811,11.24065,3.5,7.0,1.0,119.16778854117194
2022-04-12,68.86666666666666,84.3,59.4,0.0,0.0,0.0,1006.0375,1010.8,1003.6,18.83653,9.49818,14.167355,4.125,8.0,1.0,176.12298994176808
2022-04-13,71.25416666666666,88.8,51.0,0.0,0.0,0.0,1015.5041666666666,1020.1,1011.1,18.78232,9.19711,13.989715,4.75,9.0,1.0,233.2333292043444
2022-04-14,68.52916666666667,93.4,48.6,0.0,0.0,0.0,1021.9166666666666,1024.2,1020.1,19.09338,5.91189,12.502635,3.0416666666666665,5.0,2.0,257.5225862367721
2022-04-15,63.0625,86.0,41.9,0.0,0.0,0.0,1026.2875,1028.7,1024.3,22.20607,6.67611,14.44109,2.375,5.0,1.0,235.03856653380703
2022-04-16,66.94166666666666,89.3,42.1,0.0,0.0,0.0,1029.525,1030.9,1028.4,19.18508,6.93993,13.062505,2.7083333333333335,4.0,2.0,118.7525849087972
2022-04-17,51.10833333333333,87.7,17.2,0.0,0.0,0.0,1022.2958333333332,1028.2,1017.5,19.19558,6.10047,12.648025,3.3333333333333335,6.0,2.0,135.59058759599424
2022-04-18,55.90416666666667,84.2,31.8,0.0,0.0,0.0,1016.9791666666666,1018.1,1015.8,17.42938,6.04561,11.737495,4.0,6.0,2.0,274.91023832732066
2022-04-19,57.88333333333333,75.9,43.3,0.0,0.0,0.0,1016.05,1017.3,1015.1,16.17871,5.97352,11.076115,3.125,5.0,1.0,19.886798822308037
2022-04-20,56.39166666666667,89.0,27.9,0.0,0.0,0.0,1015.8291666666668,1017.4,1014.4,17.9567,7.0491,12.5029,4.041666666666667,6.0,2.0,77.03734767364836
2022-04-21,56.75416666666666,82.5,35.1,0.0,0.0,0.0,1012.1,1014.2,1010.7,18.24695,6.06327,12.15511,3.25,5.0,1.0,118.46408149258582
2022-04-22,62.395833333333336,77.0,48.4,0.0,0.0,0.0,1007.2791666666668,1010.6,1005.5,15.9828,8.2816,12.1322,4.041666666666667,6.0,3.0,79.23798925439638
2022-04-23,64.69583333333334,77.8,48.7,0.0,0.0,0.0,1003.1583333333332,1005.0,1002.2,16.80605,9.33112,13.068585,4.25,6.0,3.0,75.58524869272776
2022-04-24,56.75833333333333,82.6,37.2,0.0,0.0,0.0,1008.0791666666668,1013.7,1004.4,18.15504,7.74824,12.95164,4.583333333333333,6.0,3.0,41.90051636890985
2022-04-25,66.1125,85.5,48.4,0.8,0.6,0.0,1015.7333333333332,1018.9,1013.7,14.44366,6.11899,10.281325,4.458333333333333,7.0,2.0,43.03598342210836
2022-04-26,55.05416666666667,81.0,32.1,0.0,0.0,0.0,1021.9541666666668,1025.3,1019.3,15.67387,3.95236,9.813115,3.875,7.0,2.0,45.66618057977337
2022-04-27,59.2375,73.6,49.6,0.0,0.0,0.0,1027.525,1029.9,1025.5,11.30959,5.58442,8.447005,3.0833333333333335,5.0,2.0,79.08817721101468
2022-04-28,60.95416666666667,71.8,52.2,0.0,0.0,0.0,1030.7958333333331,1031.9,1029.6,13.69147,5.36858,9.530025,2.875,4.0,2.0,114.71522097791342
2022-04-29,60.70416666666667,78.4,48.5,0.0,0.0,0.0,1031.6958333333334,1032.5,1031.0,11.23224,5.36698,8.29961,3.4166666666666665,7.0,2.0,68.23973726227706
2022-04-30,55.916666666666664,73.4,33.4,0.0,0.0,0.0,1028.9,1031.9,1025.4,17.67977,2.42598,10.052875,2.7916666666666665,5.0,1.0,10.956715403392195
2022-05-01,65.49166666666666,83.6,43.9,0.0,0.0,0.0,1023.15,1025.6,1021.5,15.04285,9.13805,12.09045,4.5,6.0,2.0,246.12105570111152
2022-05-02,68.19583333333334,88.2,52.1,0.0,0.0,0.0,1020.9083333333332,1021.5,1020.1,16.73818,7.67829,12.208235,2.6666666666666665,4.0,1.0,250.8109479288354
2022-05-03,74.41666666666667,86.3,66.5,0.0,0.0,0.0,1020.9833333333332,1022.1,1020.1,15.07269,9.85703,12.46486,2.4166666666666665,5.0,1.0,87.78394374991865
2022-05-04,75.03750000000001,86.4,53.4,2.2,1.8,0.0,1019.0791666666668,1020.9,1017.4,18.15327,9.79213,13.9727,4.666666666666667,7.0,1.0,257.9513643370795
2022-05-05,65.10416666666667,87.7,46.6,0.0,0.0,0.0,1023.5333333333332,1025.6,1021.2,19.64043,6.29588,12.968155,3.875,6.0,1.0,329.5965776248357
2022-05-06,63.125,87.8,32.9,0.0,0.0,0.0,1024.7916666666667,1026.0,1023.3,22.71634,8.3266,15.52147,5.583333333333333,9.0,2.0,261.6627386302112
2022-05-07,77.41666666666667,96.4,59.6,0.8,0.8,0.0,1025.4125,1028.4,1023.7,19.19581,12.00469,15.60025,4.166666666666667,7.0,2.0,2.495768723841195
2022-05-08,61.34583333333333,82.0,40.2,0.0,0.0,0.0,1028.5333333333333,1030.0,1027.2,18.87238,9.26143,14.066905,2.9166666666666665,4.0,2.0,116.41350475642643
2022-05-09,60.28333333333333,84.7,45.0,0.0,0.0,0.0,1022.8375,1027.8,1017.6,22.05088,4.52816,13.28952,4.375,10.0,1.0,165.18262277647193
2022-05-10,64.03333333333333,80.9,42.4,0.0,0.0,0.0,1014.6416666666668,1017.4,1012.5,19.96763,13.70013,16.83388,7.541666666666667,11.0,4.0,233.66391119114803
2022-05-11,79.58333333333333,92.3,61.1,5.0,1.8,0.0,1010.3458333333332,1015.1,1007.6,15.86105,11.32601,13.59353,7.5,11.0,5.0,232.08926080318793
2022-05-12,66.63333333333334,93.2,43.9,0.0,0.0,0.0,1018.0083333333332,1019.0,1015.7,18.27883,6.62621,12.45252,6.541666666666667,10.0,3.0,245.23085380176292
2022-05-13,64.05,80.0,45.9,0.0,0.0,0.0,1019.6416666666668,1021.3,1018.7,20.50295,9.7034,15.103175,8.291666666666666,11.0,5.0,254.119385998927
2022-05-14,61.32083333333333,87.2,38.8,0.0,0.0,0.0,1020.5,1022.1,1018.6,22.54872,6.65131,14.600015,2.9583333333333335,4.0,1.0,225.71454853164735
2022-05-15,73.52916666666667,87.5,60.1,3.0,1.2,0.0,1015.0791666666668,1018.8,1011.0,18.33657,12.27199,15.30428,2.375,3.0,1.0,119.25902459500622
2022-05-16,76.95416666666667,93.4,58.5,0.4,0.2,0.0,1014.3041666666668,1018.3,1010.0,21.90645,11.62588,16.766165,6.416666666666667,12.0,1.0,207.28691236879
2022-05-17,63.26818181818182,86.2,35.5,0.0,0.0,0.0,1016.95,1019.0,1014.0,25.50615,9.92899,17.717570000000002,3.7142857142857144,7.0,1.0,140.152508549279
2022-05-18,57.21666666666667,83.9,29.2,0.4,0.4,0.0,1018.6,1021.6,1014.6,22.77549,10.38497,16.58023,4.75,7.0,2.0,204.4479234443315
2022-05-19,63.88333333333333,88.4,37.2,2.4000000000000004,2.2,0.0,1017.9583333333334,1020.6,1014.7,21.77826,13.21371,17.495985,5.041666666666667,8.0,1.0,266.50511894115806
2022-05-20,68.71666666666667,89.2,55.8,4.8,2.2,0.0,1018.4375,1020.4,1016.9,18.00242,11.33882,14.67062,6.125,10.0,3.0,238.5069975046319
2022-05-21,63.7375,87.7,42.1,0.0,0.0,0.0,1020.4166666666666,1022.1,1018.9,20.34462,9.11469,14.729655,5.5,7.0,3.0,250.07989820254116
2022-05-22,57.74166666666667,85.7,27.6,0.0,0.0,0.0,1013.1041666666666,1018.7,1007.9,23.0439,8.11557,15.579735,3.75,7.0,1.0,219.2928529141173
2022-05-23,66.72083333333333,90.2,48.4,0.4,0.2,0.0,1002.3125,1007.3,999.5,18.9506,10.3873,14.66895,4.875,9.0,3.0,276.13538561688927
2022-05-24,75.88333333333334,93.6,47.0,7.6,2.0,0.0,1006.0,1011.5,1001.5,18.03454,9.31052,13.67253,4.75,8.0,2.0,258.2970798033302
2022-05-25,72.77499999999999,84.4,58.1,0.2,0.2,0.0,1013.4208333333332,1018.1,1011.8,18.65965,8.08529,13.37247,8.291666666666666,13.0,4.0,234.961433425864
2022-05-26,74.49583333333334,89.1,62.7,0.0,0.0,0.0,1021.0041666666666,1022.6,1018.5,20.0918,10.2211,15.15645,8.333333333333334,12.0,5.0,250.3332431749463
2022-05-27,58.09583333333333,89.7,36.6,0.0,0.0,0.0,1024.1166666666666,1026.3,1022.3,20.18889,12.53896,16.363925000000002,7.375,9.0,5.0,316.73965139477633
2022-05-28,52.979166666666664,67.4,40.7,0.0,0.0,0.0,1024.675,1026.3,1023.0,18.34244,7.76186,13.05215,5.208333333333333,7.0,3.0,9.98185446085114
2022-05-29,56.59166666666667,71.0,41.6,0.0,0.0,0.0,1019.0041666666666,1022.7,1016.0,16.3968,6.74367,11.570235,5.208333333333333,8.0,2.0,31.75081978449867
2022-05-30,73.55,87.3,53.6,1.8,1.6,0.0,1013.5083333333332,1015.8,1012.2,15.35787,4.4486,9.903235,3.625,8.0,1.0,183.94419216631968
2022-05-31,80.1375,90.9,59.3,8.6,3.4,0.0,1012.4041666666668,1014.7,1011.5,16.39315,7.95555,12.17435,3.7916666666666665,7.0,1.0,225.1680198718913
2022-06-01,66.825,90.5,40.8,0.2,0.2,0.0,1016.95,1019.8,1014.9,18.38877,6.36097,12.37487,3.4166666666666665,5.0,1.0,305.10484559095687
2022-06-02,60.70416666666667,86.1,43.3,0.0,0.0,0.0,1019.8458333333332,1021.0,1018.7,20.69098,6.77818,13.73458,2.6666666666666665,5.0,1.0,120.82269026567012
2022-06-03,58.6125,78.4,37.1,0.0,0.0,0.0,1017.7666666666668,1019.3,1016.7,22.73698,10.26404,16.50051,2.8333333333333335,5.0,1.0,118.38189061019476
2022-06-04,63.87916666666666,78.0,48.3,0.0,0.0,0.0,1019.7625,1020.9,1018.7,19.90296,12.13501,16.018985,3.8333333333333335,5.0,3.0,102.08611234140784
2022-06-05,88.65833333333335,94.2,79.4,9.0,3.2,0.0,1015.8041666666668,1018.2,1014.9,14.98525,11.19756,13.091405,4.166666666666667,7.0,3.0,351.4390691351749
2022-06-06,83.9875,95.3,71.4,2.2,0.8,0.0,1014.3333333333334,1015.2,1013.2,17.8626,11.45528,14.65894,5.291666666666667,7.0,4.0,250.68525940423928
2022-06-07,71.08749999999999,81.9,51.5,0.0,0.0,0.0,1011.475,1013.9,1008.2,21.06871,9.4339,15.251305,4.0,8.0,1.0,217.2379659535488
2022-06-08,67.08749999999999,93.4,40.4,1.4,0.8,0.0,1005.675,1010.2,1003.5,22.0695,13.89255,17.981025000000002,6.916666666666667,11.0,2.0,251.04192429363687
2022-06-09,70.56666666666666,86.9,49.0,0.0,0.0,0.0,1015.1333333333332,1017.4,1010.7,20.20083,10.69078,15.445805,6.708333333333333,10.0,4.0,239.1337335647688
2022-06-10,65.61666666666666,91.4,43.3,0.2,0.2,0.0,1018.2666666666668,1019.7,1017.3,22.94065,15.06373,19.00219,7.958333333333333,11.0,5.0,225.83221145882803
2022-06-11,63.6,87.3,42.4,0.0,0.0,0.0,1021.375,1023.6,1019.9,22.64418,11.30462,16.9744,7.583333333333333,10.0,4.0,241.7186555437727
2022-06-12,56.7125,83.3,39.9,0.0,0.0,0.0,1023.1583333333332,1024.3,1021.7,21.99333,10.10788,16.050605,6.708333333333333,9.0,4.0,280.5626835437271
2022-06-13,54.0,72.8,41.0,0.0,0.0,0.0,1024.3041666666666,1025.6,1023.2,20.80966,9.00584,14.90775,4.083333333333333,6.0,2.0,297.3629760008982
2022-06-14,51.925,74.9,35.7,0.0,0.0,0.0,1020.6,1023.4,1017.7,24.09013,8.52131,16.30572,3.5833333333333335,6.0,2.0,195.39365652409293
2022-06-15,49.00833333333333,69.8,32.4,0.0,0.0,0.0,1018.275,1019.4,1017.3,27.11146,9.44943,18.280445,2.6666666666666665,5.0,1.0,151.90473005409535
2022-06-16,49.270833333333336,72.0,31.6,0.0,0.0,0.0,1021.3041666666668,1022.1,1019.4,28.45,11.36312,19.90656,3.75,8.0,1.0,241.7390576123476
2022-06-17,45.65,58.5,35.0,0.0,0.0,0.0,1019.3541666666666,1022.1,1017.3,31.57645,14.21755,22.897,6.75,13.0,1.0,222.08099075553963
2022-06-18,70.19166666666666,86.6,57.9,0.4,0.4,0.0,1017.4125,1018.5,1014.7,23.91849,16.59131,20.2549,5.791666666666667,12.0,2.0,18.383303671735064
2022-06-19,64.2375,81.1,45.7,0.2,0.2,0.0,1014.825,1016.1,1013.2,19.59943,9.99648,14.797955000000002,5.375,9.0,3.0,33.394422353293066
2022-06-20,55.333333333333336,71.2,39.1,0.0,0.0,0.0,1018.2333333333332,1019.4,1016.3,21.8439,11.17051,16.507205,4.541666666666667,8.0,2.0,40.67174886536304
2022-06-21,49.725,78.4,26.4,0.0,0.0,0.0,1014.6291666666666,1017.8,1012.4,24.953,8.44065,16.696825,2.6666666666666665,4.0,1.0,105.73634775702828
2022-06-22,54.22083333333333,76.7,37.0,0.0,0.0,0.0,1013.2625,1014.2,1011.9,26.30488,10.07592,18.1904,2.875,5.0,1.0,110.2785791880035
2022-06-23,65.96249999999999,80.8,47.8,0.4,0.4,0.0,1009.4375,1012.5,1007.1,25.11023,11.60425,18.35724,2.9583333333333335,7.0,1.0,79.80996219531005
2022-06-24,68.89583333333333,85.5,55.7,5.0,5.0,0.0,1004.675,1007.5,1003.2,22.0722,14.03742,18.05481,6.916666666666667,10.0,4.0,210.319032009903
2022-06-25,63.93333333333334,83.4,41.7,0.0,0.0,0.0,1007.7458333333334,1009.8,1004.7,20.81012,12.08573,16.447925,5.958333333333333,9.0,3.0,180.7242699335314
2022-06-26,56.479166666666664,81.4,38.3,0.0,0.0,0.0,1012.0166666666668,1014.4,1010.1,21.71063,9.99853,15.85458,6.166666666666667,10.0,2.0,191.9012198972607
2022-06-27,66.67916666666666,81.0,52.2,3.2,2.6,0.0,1016.0791666666668,1019.5,1014.1,20.44144,9.9753,15.20837,6.916666666666667,10.0,2.0,221.87846437716743
2022-06-28,58.975,79.9,39.5,0.0,0.0,0.0,1017.4416666666666,1019.9,1014.3,22.12698,9.53251,15.829745,5.416666666666667,9.0,2.0,186.09590484503912
2022-06-29,67.6875,86.4,53.2,1.0,1.0,0.0,1012.0125,1013.9,1010.7,21.19876,13.9422,17.57048,4.666666666666667,9.0,2.0,180.27312865738216
2022-06-30,69.42083333333333,86.8,48.0,4.8,4.6,0.0,1011.8541666666666,1014.1,1010.7,19.95031,13.10906,16.529685,4.791666666666667,8.0,2.0,218.55549542962055
2022-07-01,66.28750000000001,85.1,46.4,0.0,0.0,0.0,1016.2958333333332,1019.5,1014.1,21.46526,10.62173,16.043495,7.208333333333333,12.0,3.0,235.12756159767045
2022-07-02,65.00833333333334,83.0,46.5,0.0,0.0,0.0,1018.1208333333334,1019.6,1016.6,22.38668,10.9849,16.685789999999997,7.75,10.0,5.0,227.84471730314476
2022-07-03,62.73333333333333,83.7,41.8,0.0,0.0,0.0,1019.1541666666668,1021.1,1018.1,22.92957,10.62221,16.77589,5.166666666666667,7.0,3.0,280.81212617549056
2022-07-04,55.89166666666667,78.5,46.5,0.0,0.0,0.0,1021.0875,1022.7,1020.2,22.89442,10.02079,16.457605,5.583333333333333,8.0,3.0,290.5810223739211
2022-07-05,56.725,76.9,45.1,0.0,0.0,0.0,1024.7916666666667,1027.3,1023.0,22.2564,9.12978,15.69309,5.416666666666667,8.0,3.0,318.066394898794
2022-07-06,59.9875,69.4,50.3,0.0,0.0,0.0,1026.3125,1028.0,1024.1,24.29676,10.97318,17.63497,6.25,9.0,3.0,312.31123861217213
2022-07-07,58.42916666666667,74.5,38.1,0.0,0.0,0.0,1028.4458333333334,1031.7,1024.4,24.12261,16.01476,20.068685,5.0,8.0,1.0,356.99808438550883
2022-07-08,52.79583333333333,77.8,31.4,0.0,0.0,0.0,1031.2416666666666,1032.8,1029.4,28.45716,12.51284,20.485,4.458333333333333,7.0,2.0,333.44121416757906
2022-07-09,55.5875,73.0,32.7,0.0,0.0,0.0,1029.8541666666667,1031.0,1028.0,26.67258,14.77538,20.72398,4.916666666666667,7.0,2.0,15.627341708946917
2022-07-10,53.791666666666664,75.8,32.5,0.0,0.0,0.0,1026.4375,1029.4,1023.4,29.09741,12.84039,20.9689,3.75,6.0,1.0,224.0043304864686
2022-07-11,45.67083333333333,59.2,32.8,0.0,0.0,0.0,1022.9583333333334,1024.3,1021.1,31.20804,14.30074,22.75439,3.625,6.0,1.0,237.2799666475347
2022-07-12,47.68333333333334,57.5,37.2,0.0,0.0,0.0,1021.8125,1023.0,1020.5,30.75282,17.5131,24.13296,4.25,8.0,1.0,195.74626832107077
2022-07-13,52.54583333333333,77.3,37.6,0.0,0.0,0.0,1021.1291666666666,1021.9,1020.2,28.20402,19.39843,23.801225,4.0,6.0,2.0,326.7540301628982
2022-07-14,53.05,81.9,34.5,0.0,0.0,0.0,1022.5041666666666,1024.9,1021.4,25.30404,14.68715,19.995595,5.708333333333333,9.0,2.0,16.483154649622975
2022-07-15,48.40416666666667,67.5,34.3,0.0,0.0,0.0,1023.5666666666666,1025.2,1021.5,26.16927,11.41662,18.792945,5.25,8.0,2.0,322.88541754118654
2022-07-16,51.2,71.2,34.7,0.0,0.0,0.0,1024.7166666666667,1025.7,1023.9,27.99835,12.78036,20.389355,3.6666666666666665,6.0,2.0,54.20408422575167
2022-07-17,39.21666666666667,58.4,24.0,0.0,0.0,0.0,1024.7375,1026.4,1022.5,30.31136,13.47619,21.893775,3.0,5.0,1.0,141.31434171148726
2022-07-18,33.725,54.2,18.3,0.0,0.0,0.0,1018.9791666666666,1022.1,1016.1,36.5339,15.75317,26.143535,2.7916666666666665,6.0,1.0,160.8165771128896
2022-07-19,35.3375,70.1,15.4,0.2,0.2,0.0,1011.7291666666666,1015.7,1008.4,39.38515,19.3139,29.349525,4.416666666666667,9.0,1.0,150.8744490857379
2022-07-20,69.58749999999999,84.8,51.1,0.0,0.0,0.0,1015.4708333333332,1019.1,1012.5,26.85846,18.63789,22.748175,7.625,11.0,6.0,255.8740511644919
2022-07-21,66.5125,88.2,49.8,0.0,0.0,0.0,1021.2208333333332,1022.5,1019.4,23.98418,16.17015,20.077165,4.0,7.0,2.0,5.255732964733625
2022-07-22,65.175,74.4,53.8,0.2,0.2,0.0,1019.975,1022.2,1018.4,22.96469,16.72716,19.845925,3.2916666666666665,4.0,3.0,114.16460400764696
2022-07-23,62.3,77.9,37.3,0.0,0.0,0.0,1018.375,1019.2,1017.4,27.1968,14.31195,20.754375,5.583333333333333,10.0,1.0,214.2756730327864
2022-07-24,61.01666666666667,80.3,40.7,0.0,0.0,0.0,1013.5833333333334,1017.1,1009.7,28.48145,17.35747,22.91946,8.833333333333334,13.0,6.0,224.58227980320916
2022-07-25,64.25416666666666,79.7,50.3,0.0,0.0,0.0,1010.4583333333334,1016.3,1008.0,23.94528,17.61874,20.78201,8.958333333333334,11.0,8.0,258.25773533523017
2022-07-26,65.5,81.8,48.2,0.0,0.0,0.0,1019.0625,1021.0,1016.5,22.07549,14.72057,18.39803,4.416666666666667,8.0,3.0,355.0328156720679
2022-07-27,60.74166666666667,75.4,48.2,0.0,0.0,0.0,1020.0541666666668,1021.2,1018.4,22.12234,13.06719,17.594765000000002,2.7083333333333335,4.0,2.0,116.59044665017268
2022-07-28,56.75833333333333,74.3,41.2,0.0,0.0,0.0,1017.3416666666668,1018.6,1016.5,23.84805,14.79648,19.322265,2.9583333333333335,4.0,2.0,114.16460400764696
2022-07-29,53.79583333333333,74.3,34.5,0.0,0.0,0.0,1018.325,1019.4,1017.6,27.07141,12.64621,19.85881,2.5833333333333335,4.0,1.0,55.63158236046996
2022-07-30,60.74166666666667,77.9,48.9,0.0,0.0,0.0,1018.0291666666668,1019.4,1016.7,26.35233,14.9057,20.629015,5.416666666666667,8.0,3.0,234.65041453089157
2022-07-31,69.56666666666666,80.5,54.3,0.0,0.0,0.0,1016.0083333333332,1017.8,1015.0,26.54039,19.15281,22.8466,6.875,10.0,2.0,252.74842739952547
2022-08-01,64.17916666666666,78.8,49.7,0.0,0.0,0.0,1017.8708333333334,1019.0,1016.6,26.97139,16.96854,21.969965,3.4583333333333335,8.0,2.0,161.23142387005043
2022-08-02,71.02499999999999,83.8,63.0,0.0,0.0,0.0,1014.9958333333334,1016.9,1013.6,26.33549,18.02933,22.18241,7.958333333333333,11.0,4.0,229.16989811036908
2022-08-03,74.15416666666667,86.3,59.9,0.0,0.0,0.0,1013.25,1013.9,1012.2,27.25969,17.57941,22.41955,7.0,10.0,4.0,235.70134582037775
2022-08-04,53.42916666666667,73.9,37.5,0.0,0.0,0.0,1015.1083333333332,1018.0,1013.5,24.79368,16.38662,20.59015,6.041666666666667,9.0,4.0,321.1559314858087
2022-08-05,43.57083333333333,60.5,30.1,0.0,0.0,0.0,1022.3041666666668,1026.9,1018.3,23.20677,14.21463,18.7107,7.166666666666667,8.0,5.0,353.02582163411284
2022-08-06,44.44166666666666,64.4,24.6,0.0,0.0,0.0,1028.075,1029.5,1026.5,24.24766,10.11228,17.17997,4.5,7.0,2.0,5.438234095154087
2022-08-07,44.50416666666666,67.8,29.1,0.0,0.0,0.0,1025.625,1027.4,1023.4,27.1338,10.10318,18.61849,3.0416666666666665,6.0,1.0,322.8033610676158
2022-08-08,52.35833333333333,70.2,37.6,0.0,0.0,0.0,1026.4083333333333,1028.4,1025.3,28.54004,13.36439,20.952215,3.125,5.0,1.0,49.959184569552974
2022-08-09,60.020833333333336,83.9,38.7,0.0,0.0,0.0,1028.4,1029.9,1027.1,28.20501,13.52514,20.865075,2.75,4.0,1.0,93.55885355797034
2022-08-10,57.88333333333333,80.1,36.0,0.0,0.0,0.0,1025.2875,1027.8,1022.9,29.73812,13.47863,21.608375,2.625,4.0,1.0,98.4873964197932
2022-08-11,49.85833333333333,74.1,27.5,0.0,0.0,0.0,1021.275,1023.3,1019.0,32.28229,14.2995,23.290895000000003,2.4583333333333335,4.0,1.0,100.23643188509214
2022-08-12,43.6375,65.1,24.2,0.0,0.0,0.0,1017.8666666666668,1020.5,1015.9,32.78674,15.42516,24.10595,2.5,4.0,1.0,86.04670852513408
2022-08-13,44.025,70.2,20.5,0.0,0.0,0.0,1013.6125,1016.3,1011.3,33.70889,16.64244,25.175665,2.5833333333333335,5.0,1.0,89.21654096403944
2022-08-14,42.233333333333334,66.3,21.0,0.0,0.0,0.0,1006.5666666666666,1011.1,1003.6,32.87037,15.81905,24.34471,2.3333333333333335,4.0,1.0,115.32382014165604
2022-08-15,52.6625,71.8,33.3,0.4,0.4,0.0,1002.7833333333332,1005.6,1001.8,29.35947,16.74912,23.054295000000003,4.041666666666667,7.0,1.0,251.4459976612826
2022-08-16,75.90833333333333,87.7,61.4,3.1999999999999997,2.8,0.0,1007.3458333333332,1009.3,1005.4,22.88034,17.02463,19.952485,3.125,6.0,1.0,186.7519923448925
2022-08-17,81.14583333333333,92.2,52.9,23.6,13.4,0.0,1011.6458333333334,1014.6,1009.2,24.89917,15.76901,20.33409,3.2916666666666665,7.0,1.0,27.878900386155124
2022-08-18,71.325,87.2,48.7,0.0,0.0,0.0,1013.7333333333332,1014.9,1012.3,26.65679,17.34387,22.00033,4.583333333333333,9.0,1.0,241.99266869882945
2022-08-19,63.4875,93.1,37.1,0.2,0.2,0.0,1014.4791666666666,1017.7,1012.7,24.93754,18.51016,21.72385,6.125,9.0,4.0,261.4677883067679
2022-08-20,63.78333333333333,81.5,44.6,0.0,0.0,0.0,1017.075,1018.3,1015.6,24.99496,11.62823,18.311595,6.166666666666667,10.0,3.0,233.6580122567715
2022-08-21,65.64166666666667,85.1,38.5,0.0,0.0,0.0,1015.65,1016.3,1014.6,24.59463,13.75803,19.17633,4.625,7.0,3.0,234.80275108451096
2022-08-22,71.25833333333334,85.5,59.5,0.0,0.0,0.0,1013.725,1015.5,1012.3,23.20739,12.1979,17.702645,3.5,7.0,1.0,195.12152307779016
2022-08-23,79.15416666666667,94.1,60.6,1.6,1.0,0.0,1013.8791666666666,1015.9,1012.4,26.06007,17.80573,21.9329,4.583333333333333,7.0,1.0,218.72595690095957
2022-08-24,66.875,85.2,44.2,0.0,0.0,0.0,1016.0791666666668,1016.9,1015.5,29.06385,19.29086,24.177355,4.666666666666667,6.0,1.0,213.35539973450312
2022-08-25,82.72083333333333,94.1,67.0,36.4,8.2,0.0,1017.1916666666666,1019.6,1015.4,21.91715,17.58816,19.752654999999997,4.083333333333333,8.0,1.0,348.6933647639865
2022-08-26,64.83749999999999,92.2,40.4,0.2,0.2,0.0,1018.9625,1020.1,1017.5,24.71294,11.64414,18.17854,2.9166666666666665,5.0,1.0,314.54783790978456
2022-08-27,62.025,79.3,40.8,0.0,0.0,0.0,1018.8791666666666,1020.8,1018.1,24.81174,13.39187,19.101805,2.25,4.0,1.0,101.24948261039737
2022-08-28,62.416666666666664,78.0,46.6,0.0,0.0,0.0,1021.625,1022.6,1020.9,23.80048,12.41255,18.106515,2.5833333333333335,4.0,1.0,96.4129374846026
2022-08-29,61.49583333333334,77.3,47.2,0.0,0.0,0.0,1022.6166666666668,1023.3,1021.7,21.9722,14.79213,18.382165,3.0416666666666665,5.0,1.0,65.91624030108176
2022-08-30,63.85,79.8,49.6,0.0,0.0,0.0,1022.7791666666668,1024.3,1021.6,23.84611,13.64607,18.74609,4.333333333333333,6.0,3.0,45.37006753163979
2022-08-31,60.2625,76.5,40.7,0.0,0.0,0.0,1023.2625,1024.5,1021.7,23.62467,13.73194,18.678305,3.7083333333333335,5.0,3.0,60.88300198652752
2022-09-01,65.12916666666666,84.2,43.8,0.6,0.6,0.0,1018.9791666666666,1021.8,1016.9,23.67784,15.61748,19.64766,2.9583333333333335,4.0,2.0,104.9913889030172
2022-09-02,70.74166666666666,85.8,49.3,2.2,1.6,0.0,1012.2833333333332,1016.6,1009.0,24.75094,16.0212,20.38607,2.5,4.0,2.0,64.88759181895102
2022-09-03,69.56666666666666,85.8,53.9,0.0,0.0,0.0,1009.2916666666666,1012.1,1008.0,24.12997,14.24137,19.18567,3.2083333333333335,7.0,1.0,178.04365439875562
2022-09-04,67.72500000000001,87.9,53.7,0.0,0.0,0.0,1014.3583333333332,1015.7,1012.3,24.49218,14.8624,19.67729,3.375,5.0,2.0,126.931930223287
2022-09-05,73.52083333333333,91.0,57.9,7.4,6.0,0.0,1015.0291666666668,1017.2,1012.7,23.11443,14.82611,18.97027,2.75,6.0,1.0,158.14095584266852
2022-09-06,79.70416666666667,91.8,59.0,3.0,1.6,0.0,1011.4958333333334,1013.3,1009.4,22.51117,14.68423,18.5977,3.5416666666666665,6.0,1.0,157.67814267620977
2022-09-07,79.33333333333333,91.6,59.2,11.0,5.4,0.0,1008.325,1009.8,1006.6,21.60726,14.13144,17.86935,3.5833333333333335,7.0,1.0,155.986564931295
2022-09-08,86.25,92.4,72.5,8.0,1.8,0.0,1004.0833333333334,1006.0,1002.4,19.7309,13.31254,16.52172,3.1666666666666665,8.0,1.0,146.71631997491895
2022-09-09,84.30416666666666,93.6,64.9,1.8,1.2,0.0,1005.875,1010.9,1001.7,20.67992,14.45555,17.567735,4.5,7.0,1.0,284.5654529460062
2022-09-10,79.69090909090909,93.2,62.6,0.2,0.2,0.0,1015.1409090909092,1019.0,1011.0,21.61984,12.3029,16.96137,3.409090909090909,6.0,1.0,313.6703848402423
2022-09-11,77.12272727272727,97.8,53.9,0.0,0.0,0.0,1017.5545454545456,1019.3,1015.0,23.28767,12.09715,17.69241,2.45,5.0,1.0,127.1962574022324
2022-09-12,67.54166666666667,85.9,48.9,0.0,0.0,0.0,1011.675,1014.6,1009.7,26.15873,13.871,20.014865,2.75,6.0,1.0,179.07967272126825
2022-09-13,78.79583333333333,89.4,69.0,5.8,2.2,0.0,1010.4166666666666,1011.5,1009.1,18.99354,15.5819,17.28772,2.5416666666666665,5.0,1.0,70.5360184788085
2022-09-14,73.80833333333334,90.4,50.8,0.2,0.2,0.0,1007.2875,1009.9,1006.2,21.39065,14.42296,17.906805,4.083333333333333,8.0,1.0,20.77409520410538
2022-09-15,65.41250000000001,82.3,48.9,0.0,0.0,0.0,1012.4875,1015.3,1010.1,19.02365,11.61318,15.318415,4.666666666666667,7.0,3.0,334.72502055897064
2022-09-16,56.11666666666667,80.6,37.1,0.0,0.0,0.0,1017.8916666666668,1021.9,1015.5,17.23966,9.34268,13.29117,6.583333333333333,11.0,2.0,343.42359386251235
2022-09-17,53.8875,77.1,36.5,0.0,0.0,0.0,1022.1208333333334,1023.0,1021.0,17.35987,4.73488,11.047375,5.416666666666667,9.0,3.0,326.2627204180589
2022-09-18,62.395833333333336,78.1,50.1,0.0,0.0,0.0,1021.1833333333334,1023.1,1020.3,17.8595,7.37406,12.61678,5.458333333333333,9.0,2.0,317.4529723758423
2022-09-19,64.20416666666667,75.2,46.8,0.0,0.0,0.0,1024.3416666666667,1025.3,1023.2,18.06484,9.79429,13.929565,3.4166666666666665,5.0,1.0,334.07545893775995
2022-09-20,63.916666666666664,83.7,44.8,0.0,0.0,0.0,1025.9125,1026.7,1025.2,19.25377,7.57257,13.41317,2.9166666666666665,5.0,1.0,329.2867394611636
2022-09-21,60.99583333333334,71.8,41.3,0.0,0.0,0.0,1025.5166666666669,1026.7,1024.0,20.68877,12.20853,16.44865,1.8333333333333333,3.0,1.0,165.53007317678205
2022-09-22,70.13333333333334,84.6,54.1,0.0,0.0,0.0,1019.8166666666666,1023.6,1016.4,20.13305,8.65731,14.39518,3.4166666666666665,7.0,1.0,178.29726747590087
2022-09-23,77.0625,94.4,61.1,0.7999999999999999,0.6,0.0,1014.8958333333334,1016.2,1013.7,18.53022,13.84857,16.189395,4.541666666666667,7.0,3.0,333.0602924263573
2022-09-24,70.25,89.0,47.8,0.0,0.0,0.0,1016.7375,1020.0,1014.7,18.53167,8.79249,13.66208,5.666666666666667,8.0,3.0,10.001670177077358
2022-09-25,63.71666666666667,84.3,43.2,0.0,0.0,0.0,1017.7666666666668,1020.5,1011.1,16.50377,7.88982,12.196795,5.666666666666667,8.0,4.0,334.5551753816331
2022-09-26,72.79166666666667,93.8,53.6,2.2,1.0,0.0,1002.9208333333332,1010.2,1000.4,15.61099,10.54952,13.080255,8.125,11.0,4.0,298.12833789267086
2022-09-27,76.325,82.6,63.1,2.0,1.4,0.0,1001.2875,1003.5,999.4,14.59532,8.08958,11.34245,6.041666666666667,9.0,3.0,296.2291143343282
2022-09-28,72.84166666666667,91.3,53.8,0.0,0.0,0.0,1000.0916666666668,1000.7,999.6,14.91056,4.52251,9.716535,3.875,7.0,2.0,294.9408399259203
2022-09-29,68.76666666666667,85.3,48.8,0.0,0.0,0.0,1003.8458333333332,1009.2,999.9,16.56433,3.69809,10.13121,2.75,6.0,1.0,301.03633451384474
2022-09-30,83.41250000000001,97.3,56.7,9.2,3.0,0.0,1005.3541666666666,1009.6,997.7,16.40516,6.13567,11.270415,5.916666666666667,11.0,2.0,228.6879945414296
2022-10-01,74.59583333333333,91.2,54.8,0.2,0.2,0.0,1007.2125,1014.5,999.4,19.20171,10.73274,14.967225,7.416666666666667,9.0,5.0,247.07658004153348
2022-10-02,70.575,90.9,43.7,0.0,0.0,0.0,1020.4791666666666,1026.8,1014.8,18.57071,12.71607,15.64339,4.208333333333333,7.0,1.0,299.0762501539903
2022-10-03,73.78750000000001,87.5,56.4,0.0,0.0,0.0,1025.2541666666666,1027.3,1021.1,18.51762,5.62493,12.071275,2.1666666666666665,5.0,1.0,136.78091098866946
2022-10-04,79.4375,90.1,69.6,0.0,0.0,0.0,1016.8541666666666,1020.6,1014.3,18.10998,10.87051,14.490245,6.083333333333333,10.0,2.0,206.20732878091735
2022-10-05,73.29166666666667,87.5,65.5,1.4,1.4,0.0,1012.5625,1022.1,1008.3,18.98421,15.55387,17.26904,9.875,14.0,7.0,229.5245754443144
2022-10-06,71.24583333333334,83.9,55.0,0.0,0.0,0.0,1026.9708333333333,1029.0,1023.2,18.71079,6.86943,12.79011,7.041666666666667,10.0,4.0,234.19021104618457
2022-10-07,78.85833333333333,90.6,57.4,2.6,1.8,0.0,1019.5083333333332,1025.1,1015.5,19.02746,11.41633,15.221895,8.416666666666666,14.0,5.0,228.74461549097725
2022-10-08,72.00416666666668,91.4,46.5,0.2,0.2,0.0,1022.9291666666668,1024.6,1018.5,16.91746,6.46243,11.689945,3.9166666666666665,6.0,1.0,254.98224900870252
2022-10-09,68.10833333333333,85.9,44.4,0.0,0.0,0.0,1017.5166666666668,1023.7,1011.6,18.1417,3.90806,11.02488,2.625,6.0,1.0,130.6178197077404
2022-10-10,66.92083333333333,94.0,44.6,7.0,5.6,0.0,1018.0875,1026.4,1010.9,16.05904,8.37985,12.219445,4.75,9.0,1.0,346.34035321090903
2022-10-11,69.85833333333333,88.3,44.5,0.0,0.0,0.0,1026.5458333333331,1028.3,1024.8,16.50453,2.85714,9.680835,1.9166666666666667,3.0,1.0,257.12492561055956
2022-10-12,74.95,87.7,61.3,0.0,0.0,0.0,1020.6583333333332,1024.5,1017.9,17.10774,3.67924,10.39349,3.6666666666666665,7.0,1.0,182.43661524022716
2022-10-13,84.80416666666666,96.5,63.0,6.0,2.2,0.0,1015.5166666666668,1017.8,1014.2,17.45333,10.82325,14.13829,1.7916666666666667,5.0,1.0,185.52330959236411
2022-10-14,86.55833333333334,92.6,77.0,0.4,0.2,0.0,1009.8583333333332,1014.1,1006.9,16.1525,9.18077,12.666635,3.9166666666666665,7.0,1.0,227.21371986816283
2022-10-15,79.99166666666666,94.8,59.2,0.4,0.2,0.0,1003.8125,1006.4,1002.6,17.1482,7.70932,12.42876,6.75,14.0,1.0,203.5585841905369
2022-10-16,75.22500000000001,91.4,60.7,2.8000000000000003,2.6,0.0,1009.8708333333334,1012.5,1005.6,16.92583,9.68254,13.304185,5.083333333333333,8.0,2.0,184.552630234507
2022-10-17,76.19166666666668,89.4,52.8,1.0,0.4,0.0,1017.1666666666666,1024.8,1009.2,19.10094,13.37437,16.237655,5.166666666666667,9.0,1.0,212.75196320486324
2022-10-18,76.35833333333333,94.6,51.5,0.0,0.0,0.0,1027.2375,1028.6,1025.2,18.43357,5.4215,11.927535,1.9583333333333333,3.0,1.0,134.70043020587377
2022-10-19,79.91250000000001,85.9,69.4,0.0,0.0,0.0,1019.3083333333334,1026.4,1012.0,17.15612,9.78583,13.470975,4.166666666666667,6.0,2.0,115.0
2022-10-20,88.88333333333333,94.6,81.4,6.2,2.4,0.0,1006.7,1011.3,1004.3,17.16163,14.03095,15.59629,2.1666666666666665,5.0,1.0,142.11816169368797
2022-10-21,83.50416666666666,95.4,65.8,4.6000000000000005,3.2,0.0,1001.7125,1004.3,1000.6,18.42593,9.05563,13.74078,3.7916666666666665,6.0,1.0,132.5599830671199
2022-10-22,81.89583333333333,90.1,67.8,2.6,2.4,0.0,1008.7833333333332,1011.1,1002.5,18.56314,11.82455,15.193845,5.416666666666667,9.0,2.0,193.4119635967327
2022-10-23,86.50416666666666,94.3,73.0,22.6,7.6,0.0,1000.95,1009.3,995.3,18.76585,13.06809,15.91697,2.5416666666666665,5.0,1.0,125.40465498954944
2022-10-24,80.25416666666666,88.9,59.8,3.6,1.6,0.0,1002.5958333333332,1009.7,993.2,18.09484,11.79246,14.943650000000002,8.583333333333334,14.0,5.0,226.2888673422011
2022-10-25,81.39583333333333,89.4,67.0,0.4,0.2,0.0,1010.8291666666668,1012.7,1007.5,17.79651,10.39688,14.096695,4.166666666666667,7.0,2.0,178.22701066417176
2022-10-26,76.375,91.0,57.5,0.0,0.0,0.0,1011.0041666666666,1016.6,1006.2,19.46483,13.24284,16.353835,6.041666666666667,14.0,1.0,175.37122122894334
2022-10-27,82.08333333333333,93.3,68.1,0.2,0.2,0.0,1014.0333333333332,1016.1,1012.7,20.51836,12.05459,16.286475,3.5833333333333335,9.0,1.0,142.4462063977707
2022-10-28,77.2375,91.3,55.6,0.0,0.0,0.0,1015.0625,1019.6,1011.0,18.79853,13.33185,16.06519,4.583333333333333,10.0,1.0,173.253928663181
2022-10-29,81.21666666666667,91.0,65.6,2.0,1.0,0.0,1013.7416666666668,1018.4,1011.3,21.92324,10.43759,16.180415,2.5416666666666665,6.0,1.0,130.943264120525
2022-10-30,83.58333333333333,90.0,71.6,3.0,1.4,0.0,1014.7166666666668,1017.1,1013.7,16.42498,12.77809,14.601535000000002,3.2916666666666665,8.0,1.0,154.29196983007546
2022-10-31,83.72083333333333,92.9,66.3,2.2,0.8,0.0,1010.7166666666668,1017.0,999.8,17.27765,10.23877,13.758210000000002,3.2083333333333335,5.0,2.0,123.3042657632493
2022-11-01,77.36666666666666,86.5,65.8,3.8,0.8,0.0,1005.7625,1009.6,998.3,15.96719,11.24288,13.605035,10.625,19.0,6.0,220.89135024491844
2022-11-02,74.82083333333334,89.5,62.6,5.4,2.8,0.0,1012.6458333333334,1017.1,1007.1,15.09323,7.88063,11.48693,7.958333333333333,12.0,4.0,219.11963602280144
2022-11-03,87.54166666666667,92.4,78.8,16.2,6.0,0.0,1000.8291666666668,1006.5,998.6,11.93679,10.25247,11.09463,3.625,7.0,1.0,203.0003663860079
2022-11-04,79.01666666666667,91.9,62.0,2.8000000000000003,1.8,0.0,1010.1083333333332,1017.0,999.1,12.38097,5.81419,9.09758,4.916666666666667,8.0,1.0,333.492678684782
2022-11-05,86.85000000000001,93.2,82.0,2.2,0.6,0.0,1013.3916666666668,1016.9,1009.1,13.92536,4.58917,9.257265,4.208333333333333,8.0,1.0,186.9627212288229
2022-11-06,88.76666666666667,96.4,80.4,22.4,7.0,0.0,1003.1916666666666,1008.8,999.6,13.74403,8.85538,11.299705,5.5,9.0,2.0,210.1620953376245
2022-11-07,83.02916666666667,89.9,68.5,2.2,1.6,0.0,1003.3958333333334,1004.5,1000.6,15.07031,9.66332,12.366815,5.791666666666667,9.0,4.0,201.34497043226384
2022-11-08,77.63333333333334,88.1,66.3,7.2,3.0,0.0,997.7166666666668,999.8,996.8,15.38132,12.01281,13.697065,7.458333333333333,11.0,5.0,204.590641737186
2022-11-09,84.28333333333333,88.7,75.4,1.4,1.0,0.0,1002.0666666666666,1006.2,999.8,14.47727,10.04625,12.26176,6.166666666666667,10.0,4.0,219.10362519478016
2022-11-10,73.20833333333333,76.2,69.5,0.0,0.0,0.0,1022.0666666666666,1023.6,1020.4,15.27253,8.99621,12.13437,8.090909090909092,10.0,7.0,220.90565800435465
2022-11-11,76.54166666666667,85.4,70.4,0.0,0.0,0.0,1025.7375,1028.4,1023.4,16.13574,13.10664,14.62119,5.625,9.0,2.0,200.00520494168643
2022-11-12,86.25416666666666,95.2,73.0,0.0,0.0,0.0,1026.5458333333331,1028.3,1024.4,16.29698,8.71666,12.50682,1.9166666666666667,3.0,1.0,114.17520566623426
2022-11-13,93.07916666666668,96.8,83.7,0.0,0.0,0.0,1019.4208333333332,1024.3,1013.8,14.51914,9.36807,11.943605,1.8333333333333333,2.0,1.0,120.0
2022-11-14,93.29583333333332,98.4,78.8,0.2,0.2,0.0,1008.4333333333334,1013.2,1005.2,13.79863,7.11811,10.45837,1.9583333333333333,7.0,1.0,127.83972415844336
2022-11-15,83.03333333333333,91.8,75.2,7.2,2.0,0.0,996.1708333333332,1004.9,992.0,14.12202,8.4001,11.26106,4.416666666666667,8.0,2.0,148.80780799760998
2022-11-16,85.68333333333334,93.5,71.7,13.0,3.6,0.0,988.5541666666668,993.5,975.8,12.52537,7.40545,9.96541,3.25,5.0,2.0,127.85565669934016
2022-11-17,81.31666666666666,95.2,64.5,7.0,2.2,0.0,983.2125,990.9,973.9,11.76314,8.51634,10.13974,8.958333333333334,11.0,1.0,255.8796957848967
2022-11-18,73.6125,83.5,65.5,0.4,0.2,0.0,1000.6791666666668,1009.0,991.7,12.22881,7.365,9.796905,6.541666666666667,9.0,4.0,265.1025785507782
2022-11-19,76.78333333333333,87.1,68.9,0.0,0.0,0.0,1012.0333333333332,1013.0,1009.7,10.37476,7.34421,8.859485,4.5,8.0,1.0,296.29577297256236
2022-11-20,81.175,95.2,68.3,9.0,7.4,0.0,1008.2416666666668,1012.0,1006.3,11.17072,3.82533,7.498025,4.166666666666667,8.0,1.0,235.57489866820828
2022-11-21,83.1875,93.2,72.8,2.4,0.6,0.0,993.9333333333334,1008.1,982.2,9.24554,2.94333,6.094435,5.916666666666667,14.0,1.0,156.928029706124
2022-11-22,81.13333333333334,91.2,69.0,0.0,0.0,0.0,988.6958333333332,993.4,986.0,10.55699,4.59233,7.57466,6.208333333333333,11.0,2.0,240.48651744096077
2022-11-23,78.12083333333334,92.2,60.2,2.0,1.2,0.0,992.0541666666668,997.4,986.2,12.29836,2.63259,7.465475,6.541666666666667,12.0,1.0,185.9302458667796
2022-11-24,77.91250000000001,84.8,68.9,1.2,0.6,0.0,1002.5416666666666,1005.1,998.1,13.06362,5.25613,9.159875,5.625,10.0,2.0,187.07994836162345
2022-11-25,75.61666666666666,85.7,62.5,0.0,0.0,0.0,1014.925,1024.2,1004.0,12.33232,6.83056,9.58144,5.75,9.0,2.0,227.25267895106663
2022-11-26,82.60416666666667,88.2,74.1,0.0,0.0,0.0,1022.5875,1024.9,1016.7,12.50525,5.66009,9.08267,3.375,5.0,2.0,152.58654785743306
2022-11-27,91.025,94.4,84.5,5.2,0.8,0.0,1012.1791666666668,1016.2,1008.5,13.02264,8.81663,10.919635,3.0,5.0,1.0,169.42624287379613
2022-11-28,88.82916666666667,94.7,78.5,0.2,0.2,0.0,1009.3625,1013.8,1007.5,11.46579,3.9638,7.714795,2.0,4.0,1.0,185.94158465814584
2022-11-29,90.77916666666664,96.4,87.2,0.0,0.0,0.0,1019.8541666666666,1023.0,1014.6,7.14191,4.28884,5.715375,2.625,4.0,1.0,12.529883319041858
2022-11-30,88.29583333333333,92.0,79.4,0.0,0.0,0.0,1025.3291666666669,1028.7,1022.7,9.59462,6.02231,7.808465,1.6666666666666667,3.0,1.0,137.58334399637215
2022-12-01,87.05416666666667,94.3,77.2,0.0,0.0,0.0,1028.7583333333334,1030.0,1028.2,8.14505,3.1526,5.6488249999999995,2.7083333333333335,5.0,1.0,300.6385379904342
2022-12-02,85.1375,95.7,76.4,0.2,0.2,0.0,1025.4958333333334,1028.1,1024.2,7.50674,4.0416,5.77417,4.416666666666667,6.0,3.0,17.498418511741136
2022-12-03,72.53333333333333,80.2,65.7,0.0,0.0,0.0,1020.3291666666668,1023.9,1017.0,7.4594,4.84919,6.154294999999999,4.458333333333333,6.0,3.0,56.41466373525225
2022-12-04,75.44166666666666,83.5,64.9,0.0,0.0,0.0,1016.825,1019.1,1015.6,6.02937,4.05173,5.04055,3.3333333333333335,5.0,2.0,63.854755100593025
2022-12-05,80.0125,88.6,74.5,0.0,0.0,0.0,1021.7458333333334,1024.2,1019.2,8.10215,3.81674,5.959445,4.458333333333333,6.0,3.0,28.75099912885861
2022-12-06,78.39583333333333,86.6,64.1,0.0,0.0,0.0,1023.6458333333334,1024.5,1022.7,7.02436,2.44215,4.733255,4.625,6.0,3.0,14.230281266163274
2022-12-07,82.575,86.8,71.0,0.0,0.0,0.0,1020.8916666666668,1023.7,1016.5,5.3312,1.29615,3.313675,4.5,6.0,3.0,331.0130628198869
2022-12-08,81.00416666666666,90.5,62.4,0.0,0.0,0.0,1011.6416666666668,1015.9,1009.4,3.66087,-4.16004,-0.2495850000000001,3.2083333333333335,5.0,2.0,297.94031414182797
2022-12-09,85.825,92.0,77.7,0.0,0.0,0.0,1008.6,1009.5,1007.9,3.34365,-4.36845,-0.5124000000000002,3.25,5.0,2.0,290.0934008764509
2022-12-10,86.16666666666667,91.1,75.1,0.2,0.2,0.0,1009.8916666666668,1010.5,1009.5,4.41049,-4.60453,-0.0970199999999996,2.4583333333333335,4.0,1.0,222.60794143386607
2022-12-11,93.80416666666667,97.0,89.4,0.0,0.0,0.0,1007.7,1009.7,1006.5,0.41178,-4.86672,-2.22747,2.125,5.0,1.0,110.51415015003022
2022-12-12,90.5625,94.8,83.5,0.3,0.3,0.0,1008.6791666666668,1009.8,1007.0,1.14871,-3.32568,-1.088485,2.1666666666666665,4.0,1.0,121.04476178913842
2022-12-13,76.98333333333333,86.3,63.7,0.6,0.6,0.0,1007.2416666666668,1009.7,1003.9,1.22776,-3.21272,-0.99248,2.125,3.0,1.0,117.5250617447922
2022-12-14,79.22500000000001,91.2,69.5,0.0,0.0,0.0,1005.8833333333332,1009.3,1003.5,0.97428,-2.97369,-0.999705,4.833333333333333,7.0,2.0,20.524042585199822
2022-12-15,76.575,86.2,58.4,0.0,0.0,0.0,1011.3041666666668,1014.0,1009.5,1.53178,-6.79837,-2.6332950000000004,3.625,5.0,3.0,319.373907640914
2022-12-16,85.95416666666667,91.4,75.8,0.0,0.0,0.0,1018.1916666666666,1021.5,1014.3,2.75754,-6.25995,-1.751205,2.0416666666666665,3.0,1.0,231.69896454518664
2022-12-17,79.95833333333333,89.3,69.2,0.2,0.2,0.0,1022.25,1023.7,1021.2,4.91866,-6.03949,-0.5604149999999999,1.6666666666666667,3.0,1.0,125.1253503273681
2022-12-18,88.68333333333334,93.0,79.6,6.8,1.4,0.0,1016.2333333333332,1023.0,1008.1,12.11496,-3.724,4.19548,3.25,5.0,2.0,120.41852103624524
2022-12-19,88.07083333333333,92.0,84.7,3.2,1.6,0.0,1006.5666666666666,1008.0,1005.4,13.28596,0.88854,7.08725,9.416666666666666,12.0,4.0,215.10508357074903
2022-12-20,82.99166666666666,90.3,69.0,1.0,0.2,0.0,1007.0458333333332,1010.1,1003.1,11.05899,9.21634,10.137665,5.791666666666667,10.0,2.0,207.10962672651925
2022-12-21,86.1375,91.5,80.0,0.2,0.2,0.0,1006.1583333333332,1009.9,1003.2,11.25546,3.60799,7.431725,3.3333333333333335,7.0,2.0,187.46465428419924
2022-12-22,91.35416666666669,97.5,84.2,0.2,0.2,0.0,1003.1875,1004.9,1001.4,11.35656,4.98773,8.172145,4.458333333333333,8.0,2.0,221.92685755935085
2022-12-23,86.09166666666665,95.4,76.3,16.0,5.0,0.0,1002.4541666666668,1005.5,998.5,13.03502,6.61255,9.823785,5.791666666666667,10.0,2.0,220.80190306151223
2022-12-24,86.14583333333333,89.4,82.0,0.2,0.2,0.0,1009.45,1011.2,1005.8,10.7708,5.38999,8.080395,4.875,10.0,1.0,198.6098993660378
2022-12-25,85.81666666666666,91.6,77.0,0.8,0.4,0.0,1007.7791666666668,1009.4,1006.7,11.6325,5.39662,8.51456,3.25,7.0,2.0,179.60225172216178
2022-12-26,74.8875,85.4,58.7,1.4,1.4,0.0,1015.3666666666668,1022.5,1006.8,7.98636,3.04744,5.5169,7.5,10.0,3.0,247.35802688135115
2022-12-27,82.43333333333334,90.4,72.5,2.8,1.2,0.0,1019.2458333333334,1023.5,1010.3,11.10351,1.57741,6.34046,6.75,12.0,1.0,215.73189491590497
2022-12-28,87.19583333333333,93.6,76.0,5.4,3.2,0.0,1001.9458333333332,1009.8,994.9,11.84185,4.85907,8.35046,9.75,13.0,7.0,220.01267602485808
2022-12-29,72.4875,80.4,62.1,0.0,0.0,0.0,1000.7208333333332,1006.7,994.4,9.7058,7.86497,8.785385,10.958333333333334,14.0,6.0,231.24583333225976
2022-12-30,82.625,90.8,77.2,2.4,0.6,0.0,997.15,1006.3,989.1,14.08336,4.38065,9.232005,7.5,15.0,3.0,182.62970699634317
2022-12-31,83.43333333333334,89.9,73.2,4.8,1.4,0.0,999.4791666666666,1002.4,997.4,13.83959,8.62212,11.230855,10.333333333333334,16.0,4.0,221.28239437250215
2023-01-01,77.5,91.5,71.0,1.4,0.6,0.0,1007.8375,1010.0,1003.0,11.84969,10.03996,10.944825000000002,7.708333333333333,13.0,2.0,231.2997399356757
2023-01-02,82.53750000000001,92.2,64.2,0.6000000000000001,0.4,0.0,1016.7041666666668,1023.6,1009.0,9.03514,5.16832,7.10173,4.041666666666667,6.0,2.0,232.80041907889392
2023-01-03,87.77916666666665,93.6,82.5,2.4,1.2,0.0,1018.6416666666668,1023.1,1013.4,13.09145,0.42913,6.76029,5.541666666666667,12.0,1.0,175.56309356429483
2023-01-04,78.4875,90.2,67.0,0.4,0.2,0.0,1014.2583333333332,1018.2,1012.1,13.71149,8.52074,11.116115,12.25,16.0,8.0,237.92048998652265
2023-01-05,78.89583333333333,87.2,71.2,0.0,0.0,0.0,1018.45,1020.5,1013.9,13.22109,9.20562,11.213355,8.083333333333334,10.0,4.0,231.649116630281
2023-01-06,82.75,90.4,73.4,3.2,3.0,0.0,1013.7125,1016.6,1010.6,12.48726,5.84383,9.165545,6.625,11.0,2.0,219.71464033528036
2023-01-07,79.925,87.2,73.9,2.8,1.6,0.0,1000.7083333333334,1009.9,995.5,11.39741,6.53665,8.967030000000001,7.583333333333333,13.0,5.0,191.50018680020744
2023-01-08,83.325,88.1,76.8,8.4,2.8,0.0,992.8458333333332,997.4,988.4,9.65945,6.36166,8.010555,5.875,10.0,3.0,203.23995171338427
2023-01-09,76.65416666666667,90.2,58.1,0.0,0.0,0.0,1001.0,1013.4,988.5,9.17861,4.50487,6.841740000000001,7.333333333333333,10.0,3.0,257.9464266934684
2023-01-10,84.01666666666667,92.1,76.0,7.2,1.6,0.0,1008.2083333333334,1015.2,1001.7,12.83104,3.51316,8.1721,7.75,14.0,3.0,198.9154787958307
2023-01-11,76.7375,81.5,65.3,1.4,1.0,0.0,1008.1916666666666,1010.5,1004.0,12.03785,6.86889,9.45337,11.541666666666666,15.0,9.0,239.17835774813923
2023-01-12,78.92083333333333,88.3,57.7,6.2,2.2,0.0,1002.8083333333334,1005.2,1001.2,12.44784,7.37956,9.9137,13.75,17.0,10.0,234.98727533916056
2023-01-13,67.20416666666667,75.6,59.0,0.0,0.0,0.0,1008.45,1015.3,1002.0,11.02774,7.35914,9.19344,11.583333333333334,15.0,7.0,244.20293162541827
2023-01-14,79.78333333333333,90.4,61.9,9.4,1.8,0.0,1000.5739130434785,1012.6,994.3,12.31322,5.73365,9.023435,9.0,13.0,3.0,223.18677925402324
2023-01-15,72.44166666666666,83.2,61.7,0.2,0.2,0.0,998.1833333333334,999.9,991.8,8.42083,3.96391,6.19237,9.541666666666666,14.0,2.0,230.901816961043
2023-01-16,80.91666666666667,91.1,68.5,11.2,3.0,0.0,985.925,989.7,981.5,5.18101,2.03995,3.61048,6.25,11.0,2.0,340.17807014653044
2023-01-17,80.95416666666667,86.3,71.6,0.0,0.0,0.0,989.625,993.5,987.6,1.18532,-5.44126,-2.12797,2.4166666666666665,4.0,1.0,266.60059993620507
2023-01-18,80.05416666666666,86.3,65.2,0.2,0.2,0.0,998.0708333333332,1005.2,993.6,4.96622,-4.39197,0.2871250000000001,4.708333333333333,8.0,3.0,255.5568814256707
2023-01-19,81.02499999999999,90.5,62.1,0.0,0.0,0.0,1007.9416666666666,1012.7,1005.8,5.26792,-3.02571,1.121105,3.2083333333333335,6.0,1.0,267.2460570406401
2023-01-20,76.25416666666666,82.5,67.1,0.0,0.0,0.0,1018.8708333333334,1026.2,1013.0,6.24135,-2.44268,1.899335,4.875,8.0,3.0,295.734072116986
2023-01-21,77.92083333333333,88.1,58.0,0.0,0.0,0.0,1032.2416666666666,1035.5,1026.9,6.39963,-1.93941,2.23011,1.875,4.0,1.0,109.11083077513511
2023-01-22,87.7,93.0,69.0,0.0,0.0,0.0,1035.5583333333334,1036.7,1034.6,4.08691,-4.83526,-0.3741750000000001,1.5833333333333333,3.0,1.0,230.3425317091159
2023-01-23,86.95833333333333,96.3,74.2,0.2,0.2,0.0,1037.6375,1038.7,1036.2,4.77227,-5.64347,-0.4356,1.7916666666666667,3.0,1.0,248.44774360029248
2023-01-24,75.92083333333333,87.0,70.2,0.0,0.0,0.0,1038.8083333333334,1039.9,1038.2,4.9417,-4.40726,0.26722,1.75,3.0,1.0,91.48759339172904
2023-01-25,93.8375,97.3,83.2,2.4,1.4,0.0,1032.9583333333333,1037.8,1027.9,5.92186,-2.55857,1.6816449999999998,3.4166666666666665,6.0,2.0,274.71040701773063
2023-01-26,81.22916666666667,87.4,72.7,1.2000000000000002,0.4,0.0,1030.0875,1031.5,1028.3,7.62279,-0.09158,3.765605,6.458333333333333,9.0,5.0,13.338038990640769
2023-01-27,74.76666666666667,88.3,60.6,0.0,0.0,0.0,1030.475,1031.7,1029.7,7.42881,3.83887,5.63384,4.583333333333333,7.0,2.0,20.840725258998248
2023-01-28,67.16250000000001,77.9,59.0,0.0,0.0,0.0,1031.75,1032.8,1031.1,6.36633,0.89733,3.63183,3.4583333333333335,5.0,2.0,324.18251497819983
2023-01-29,84.93333333333334,89.8,80.9,0.0,0.0,0.0,1026.45,1030.9,1022.1,8.64636,3.06359,5.854975,6.25,9.0,3.0,238.7494093125747
2023-01-30,72.65416666666667,88.6,58.0,0.0,0.0,0.0,1024.7166666666667,1027.9,1020.8,9.66158,4.83452,7.248050000000001,5.875,10.0,3.0,281.5705617720863
2023-01-31,72.42916666666666,83.5,53.7,0.0,0.0,0.0,1024.7083333333333,1027.2,1023.1,12.15027,1.44226,6.796265,6.833333333333333,10.0,4.0,257.82340500708835
2023-02-01,71.06666666666666,76.6,61.5,0.0,0.0,0.0,1024.65,1026.1,1023.8,10.51486,4.00114,7.258000000000001,8.666666666666666,11.0,6.0,249.13153782681667
2023-02-02,75.87916666666666,84.5,68.1,0.0,0.0,0.0,1026.9291666666666,1028.2,1025.9,11.59621,5.4751,8.535655,8.25,11.0,4.0,245.8471023248001
2023-02-03,78.0,85.1,68.8,0.0,0.0,0.0,1031.1333333333334,1035.3,1028.2,13.1901,7.54344,10.36677,6.260869565217392,8.0,1.0,260.4468176544859
2023-02-04,78.41666666666667,87.6,63.6,0.0,0.0,0.0,1037.8666666666666,1039.7,1035.7,9.83258,6.7371,8.284839999999999,3.75,6.0,2.0,265.3064556080011
2023-02-05,69.82916666666667,81.6,53.3,0.0,0.0,0.0,1044.3083333333334,1046.4,1039.7,8.66353,3.31744,5.990485,4.541666666666667,8.0,1.0,356.98201458206296
2023-02-06,70.06666666666666,89.6,38.8,0.0,0.0,0.0,1041.8458333333333,1045.1,1038.9,11.25864,-0.64727,5.3056849999999995,1.7083333333333333,3.0,1.0,191.36799295990383
2023-02-07,82.72083333333333,95.7,63.9,0.0,0.0,0.0,1038.75,1039.8,1038.1,8.70114,-2.53831,3.081415,1.5,3.0,1.0,168.01452739629588
2023-02-08,76.6375,91.6,41.0,0.2,0.2,0.0,1034.5666666666666,1038.1,1030.7,8.22331,-4.92383,1.64974,2.0416666666666665,5.0,1.0,181.67633599959467
2023-02-09,76.29166666666667,88.9,48.3,0.0,0.0,0.0,1032.6791666666666,1036.6,1029.6,9.85247,-2.68838,3.582045,2.5416666666666665,5.0,1.0,268.78462930612716
2023-02-10,78.55,90.2,60.6,0.0,0.0,0.0,1036.4166666666667,1037.5,1035.6,9.06322,-2.55944,3.2518899999999995,4.166666666666667,8.0,1.0,249.6441084507028
2023-02-11,77.175,87.9,66.4,0.0,0.0,0.0,1036.5,1037.8,1035.3,10.41149,0.68195,5.5467200000000005,3.4166666666666665,5.0,1.0,246.4578269795894
2023-02-12,75.81666666666666,83.0,68.5,0.0,0.0,0.0,1037.2541666666666,1038.3,1036.0,8.59649,6.78627,7.69138,2.2083333333333335,4.0,1.0,138.05093345757768
2023-02-13,74.16666666666667,84.4,59.4,0.0,0.0,0.0,1033.9708333333333,1036.1,1032.2,12.64023,3.18746,7.913845,2.0416666666666665,3.0,1.0,125.34390245901318
2023-02-14,82.57083333333334,97.8,58.6,0.0,0.0,0.0,1030.5333333333333,1032.4,1027.2,12.7268,-0.40546,6.1606700000000005,1.5833333333333333,3.0,1.0,142.16831876260693
2023-02-15,73.25833333333334,87.1,51.7,0.2,0.2,0.0,1023.2375,1027.0,1021.3,15.20611,-0.22509,7.49051,4.041666666666667,8.0,1.0,186.55768430069625
2023-02-16,84.46249999999999,88.2,77.5,0.2,0.2,0.0,1020.0,1022.3,1018.5,12.5637,2.64326,7.60348,6.791666666666667,9.0,2.0,226.82308649716097
2023-02-17,81.91666666666667,90.5,72.3,0.0,0.0,0.0,1021.275,1024.2,1019.4,14.73052,9.26671,11.998615,9.583333333333334,13.0,6.0,240.850238218104
2023-02-18,78.14583333333333,91.7,69.8,0.0,0.0,0.0,1021.025,1022.8,1020.0,13.37423,10.3458,11.860015,9.666666666666666,13.0,7.0,247.0893040424124
2023-02-19,70.6875,83.2,55.6,0.0,0.0,0.0,1026.0375,1028.5,1021.9,13.56738,7.13389,10.350635,6.125,7.0,4.0,260.79773103381046
2023-02-20,82.13333333333334,89.0,71.1,0.0,0.0,0.0,1023.8666666666668,1026.6,1021.5,13.22895,5.82132,9.525135,7.958333333333333,10.0,5.0,237.91891773168172
2023-02-21,85.07916666666667,88.7,81.5,0.0,0.0,0.0,1017.7625,1021.4,1013.5,9.88586,7.48668,8.68627,4.0,7.0,2.0,235.55150320689245
2023-02-22,84.58333333333333,94.5,70.4,3.6,1.0,0.0,1011.7333333333332,1013.8,1010.6,9.49239,5.25195,7.372170000000001,4.125,6.0,2.0,283.6231147314113
2023-02-23,75.51666666666667,86.5,62.7,0.0,0.0,0.0,1017.8958333333334,1020.4,1014.3,8.79722,5.43721,7.117215,5.875,8.0,3.0,22.930889671296995
2023-02-24,74.89999999999999,88.8,56.9,0.0,0.0,0.0,1013.8833333333332,1019.1,1010.6,10.31404,-1.25154,4.53125,4.541666666666667,8.0,2.0,325.3365851580425
2023-02-25,69.0625,79.0,48.5,0.0,0.0,0.0,1017.2541666666666,1021.6,1014.9,8.30004,3.04922,5.67463,6.625,8.0,4.0,18.306115993158983
2023-02-26,61.24166666666667,79.5,41.1,0.0,0.0,0.0,1026.8416666666667,1030.7,1022.2,7.64401,1.30388,4.473945,3.9166666666666665,5.0,3.0,45.148345555430865
2023-02-27,65.15833333333333,77.1,53.4,0.0,0.0,0.0,1031.4041666666667,1032.8,1030.5,8.49965,-0.6632,3.918225000000001,3.4166666666666665,5.0,2.0,54.17734645909735
2023-02-28,77.27499999999999,84.3,69.8,0.0,0.0,0.0,1032.3375,1033.8,1030.5,7.47868,0.63011,4.0543949999999995,4.625,7.0,2.0,31.794014330356617
2023-03-01,73.32916666666667,84.3,62.6,0.0,0.0,0.0,1028.8708333333334,1032.7,1025.4,8.0206,3.24755,5.634075,3.3333333333333335,5.0,2.0,60.27286630110643
2023-03-02,66.63333333333334,80.2,52.7,0.0,0.0,0.0,1025.7083333333333,1027.5,1024.6,9.12587,0.98723,5.0565500000000005,4.041666666666667,6.0,3.0,40.92068563332941
2023-03-03,65.44583333333334,73.1,57.4,0.0,0.0,0.0,1028.7625,1030.4,1027.4,6.73079,3.35404,5.042415,4.083333333333333,6.0,3.0,33.631707906392535
2023-03-04,66.42916666666666,77.2,58.1,0.0,0.0,0.0,1029.2,1030.9,1026.6,6.82786,4.50831,5.668085,4.958333333333333,7.0,3.0,15.277927916346584
2023-03-05,65.27916666666667,73.7,57.9,0.0,0.0,0.0,1019.0125,1026.2,1011.7,4.96157,3.13422,4.0478950000000005,4.666666666666667,7.0,3.0,301.5442672705732
2023-03-06,79.64583333333333,89.3,60.9,2.0,1.0,0.0,1005.7708333333334,1011.4,1001.2,9.64872,-0.37154,4.638590000000001,5.166666666666667,9.0,2.0,247.06947525661815
2023-03-07,81.67083333333333,92.0,67.5,3.2,1.8,0.0,1000.0625,1001.0,999.1,5.31315,1.80823,3.56069,4.041666666666667,7.0,1.0,274.4231275195458
2023-03-08,90.04166666666667,95.3,79.7,13.0,1.6,0.0,991.5083333333332,998.1,989.1,3.74161,-0.64146,1.550075,3.2916666666666665,5.0,2.0,120.4148098234694
2023-03-09,92.70833333333331,96.3,84.5,4.8,1.2,0.0,990.9125,994.4,983.4,10.16309,1.55371,5.8584000000000005,2.5416666666666665,7.0,1.0,117.69243312817332
2023-03-10,76.7375,94.8,55.6,3.6,0.8,0.0,996.6791666666668,1009.8,981.0,5.37985,2.76874,4.074295,6.458333333333333,14.0,1.0,355.8860834675123
2023-03-11,68.74166666666666,91.6,49.9,1.6,1.0,0.0,1009.4291666666668,1011.2,1006.9,9.69689,-2.65804,3.519425,2.75,5.0,1.0,126.46081619577836
2023-03-12,84.04583333333333,93.2,68.0,1.0,0.4,0.0,1005.4833333333332,1008.8,997.6,13.65245,2.32224,7.987345,7.625,12.0,2.0,224.4821563265073
2023-03-13,75.49583333333334,90.1,64.0,0.6000000000000001,0.4,0.0,990.4583333333334,996.3,986.4,14.18911,9.62336,11.906235,14.833333333333334,19.0,9.0,228.3380389906407
2023-03-14,67.3,89.5,39.5,2.4,1.2,0.0,1002.8,1013.6,986.4,9.90868,4.11232,7.0105,8.416666666666666,12.0,4.0,300.5688664651161
2023-03-15,79.55,92.3,56.6,2.4,1.2,0.0,1015.5625,1017.7,1011.8,9.90678,-1.07894,4.41392,3.2916666666666665,6.0,1.0,186.2838443507321
2023-03-16,77.75833333333334,92.6,63.6,1.0,0.8,0.0,1006.2166666666668,1011.1,1003.2,14.38364,3.77653,9.080085,4.291666666666667,8.0,2.0,176.160534671832
2023-03-17,83.60416666666667,91.0,66.8,5.2,2.8,0.0,1003.775,1005.1,1003.1,14.61438,9.94207,12.278225,3.5416666666666665,7.0,1.0,177.5145600820499
2023-03-18,83.93333333333332,91.2,66.6,4.6,1.4,0.0,1006.0083333333332,1009.2,1004.6,14.09804,8.81106,11.45455,3.2916666666666665,6.0,2.0,182.04640399739367
2023-03-19,72.32916666666667,89.8,55.5,1.4,1.0,0.0,1015.5666666666666,1018.9,1009.6,10.94494,5.4988,8.221870000000001,5.416666666666667,7.0,3.0,281.9605037467013
2023-03-20,83.99166666666666,91.6,71.8,0.8,0.4,0.0,1016.4541666666668,1018.6,1014.2,12.39194,7.29596,9.84395,6.791666666666667,10.0,4.0,225.4177201967908
2023-03-21,78.91666666666667,90.7,65.5,0.4,0.2,0.0,1008.8833333333332,1013.5,1005.2,14.35364,8.84922,11.60143,8.0,13.0,3.0,219.60692650466137
2023-03-22,77.6875,90.1,66.2,1.2000000000000002,0.4,0.0,999.9125,1004.4,996.0,14.86256,10.00169,12.432125,10.25,13.0,6.0,220.41586343691785
2023-03-23,74.55,88.1,56.8,2.4,1.0,0.0,996.975,998.7,993.7,15.27845,8.89344,12.085945,10.458333333333334,15.0,5.0,220.98357137343135
2023-03-24,76.49583333333332,83.5,59.0,5.6,3.4,0.0,997.8625,999.0,995.1,14.23966,7.70816,10.97391,10.5,15.0,7.0,228.31261140439247
2023-03-25,67.35000000000001,81.3,49.6,0.6000000000000001,0.4,0.0,1003.325,1006.5,999.0,14.94359,7.6863,11.314945,10.708333333333334,14.0,2.0,239.2759970671724
2023-03-26,77.07083333333334,92.4,61.1,6.4,1.2,0.0,1007.4916666666668,1019.9,1000.1,9.23454,6.45756,7.84605,5.083333333333333,9.0,1.0,25.796810966723967
2023-03-27,53.479166666666664,70.6,34.7,0.0,0.0,0.0,1024.975,1026.6,1020.6,10.93039,3.09127,7.0108299999999995,3.7083333333333335,6.0,1.0,341.6066018188946
2023-03-28,75.05,87.6,57.7,3.4,1.2,0.0,1018.85,1025.4,1013.9,10.81498,3.70302,7.259,4.125,7.0,2.0,155.1548243495139
2023-03-29,87.27499999999999,93.3,72.3,7.0,4.6,0.0,1008.6666666666666,1013.9,1002.4,14.12784,6.94512,10.53648,4.958333333333333,11.0,1.0,195.1860256228394
2023-03-30,75.94583333333334,87.2,63.2,1.2000000000000002,0.4,0.0,1002.8666666666668,1005.1,996.9,15.98509,10.24507,13.11508,10.958333333333334,15.0,4.0,221.751254710202
2023-03-31,87.04166666666667,92.8,78.1,18.6,7.0,0.0,988.9583333333334,996.8,983.6,13.89241,10.02305,11.95773,8.0,14.0,4.0,227.46015177377728
2023-04-01,80.14166666666667,88.9,69.8,0.0,0.0,0.0,1006.5083333333332,1016.8,997.8,10.93465,8.31314,9.623895,6.791666666666667,8.0,4.0,350.96611344061057
2023-04-02,66.24583333333334,83.8,45.7,0.0,0.0,0.0,1025.5291666666667,1031.5,1017.6,11.3882,6.32358,8.855889999999999,6.0,8.0,3.0,32.39997059080497
2023-04-03,61.7625,78.1,39.9,0.0,0.0,0.0,1029.8958333333333,1031.3,1028.3,12.21822,0.8122,6.515210000000001,2.7916666666666665,4.0,1.0,97.29078548831689
2023-04-04,56.34583333333333,77.0,34.9,0.0,0.0,0.0,1027.1083333333331,1029.3,1024.6,14.30297,-0.92337,6.6898,2.375,4.0,1.0,129.64684048675736
2023-04-05,66.24583333333334,88.5,48.7,1.0,0.4,0.0,1020.6041666666666,1025.0,1016.2,13.55067,2.07346,7.812065,4.0,6.0,2.0,220.75608895867788
2023-04-06,79.69583333333334,94.8,54.4,4.6000000000000005,1.0,0.0,1014.1208333333334,1018.1,1012.0,14.8657,8.00842,11.43706,6.0,9.0,3.0,264.43334784905784
2023-04-07,59.675,80.6,31.6,0.0,0.0,0.0,1020.6416666666668,1023.5,1018.2,15.04403,3.73018,9.387105,3.4583333333333335,5.0,1.0,333.06193056963554
2023-04-08,68.21666666666667,88.5,42.3,0.0,0.0,0.0,1025.3833333333334,1026.7,1023.9,15.04007,1.85568,8.447875,2.25,3.0,1.0,105.94920156755433
2023-04-09,65.33749999999999,89.5,40.3,0.0,0.0,0.0,1021.275,1025.3,1016.5,16.25171,5.39945,10.82558,3.125,6.0,2.0,146.2452626028786
2023-04-10,71.86666666666666,92.4,47.8,15.8,3.4,0.0,1009.9125,1015.5,1006.5,15.65688,9.38086,12.51887,7.5,14.0,2.0,217.28232197484076
2023-04-11,74.6375,90.7,52.3,6.0,2.6,0.0,1008.45,1013.4,997.5,13.31226,5.47938,9.39582,8.125,12.0,4.0,219.4279106517746
2023-04-12,73.27083333333333,85.1,49.9,1.8,0.6,0.0,993.4166666666666,997.8,988.3,11.71922,4.25904,7.989129999999999,9.75,16.0,5.0,232.2077768570162
2023-04-13,60.55833333333334,78.4,37.6,0.0,0.0,0.0,1001.5458333333332,1005.9,994.8,13.69484,5.60774,9.65129,8.458333333333334,11.0,2.0,246.90926147598844
2023-04-14,77.8,89.9,62.6,12.8,8.2,0.0,1004.4916666666668,1007.8,1002.9,10.81726,3.26362,7.040439999999999,3.5833333333333335,6.0,2.0,121.51279999205656
2023-04-15,74.37083333333334,87.8,50.0,0.4,0.2,0.0,1017.9875,1025.5,1008.3,15.3663,6.75344,11.05987,4.75,7.0,1.0,17.217749964262055
2023-04-16,64.35000000000001,80.0,45.6,0.0,0.0,0.0,1025.8958333333333,1026.5,1025.3,15.92893,6.18247,11.0557,2.4166666666666665,5.0,1.0,266.78495835737436
2023-04-17,69.2375,86.8,51.3,0.6000000000000001,0.2,0.0,1027.5875,1029.5,1026.1,16.72735,9.11788,12.922615,2.5416666666666665,4.0,1.0,109.060432217036
2023-04-18,69.53750000000001,80.9,57.5,0.0,0.0,0.0,1027.4333333333334,1029.4,1026.0,12.18887,7.25527,9.72207,3.875,6.0,2.0,84.55660810941163
2023-04-19,65.77083333333333,83.8,41.4,0.0,0.0,0.0,1024.8458333333333,1026.1,1023.8,15.90124,7.57682,11.73903,3.5833333333333335,5.0,2.0,121.33920933047044
2023-04-20,61.083333333333336,81.1,28.1,1.7999999999999998,1.2,0.0,1020.7,1024.2,1017.4,15.49943,4.76151,10.13047,4.333333333333333,9.0,2.0,54.7059662195129
2023-04-21,77.21666666666667,88.3,58.1,1.2,0.6,0.0,1012.0333333333332,1017.1,1008.6,11.82023,6.33366,9.076945,3.5416666666666665,5.0,1.0,75.51860314560048
2023-04-22,70.95,91.3,47.5,0.0,0.0,0.0,1005.3625,1008.1,1002.9,14.53278,2.41649,8.474635000000001,2.9166666666666665,6.0,1.0,197.60530653130192
2023-04-23,79.675,91.2,52.1,3.8,1.8,0.0,1001.1583333333332,1004.6,999.5,14.65639,8.57022,11.613305,4.791666666666667,11.0,2.0,254.6956106680376
2023-04-24,76.6875,91.1,53.1,8.6,2.4,0.0,1009.85,1014.4,1005.4,12.65991,6.41586,9.537885,4.625,7.0,3.0,337.87414828243965
2023-04-25,56.28333333333333,76.1,35.4,0.0,0.0,0.0,1018.1458333333334,1019.8,1015.2,11.71731,1.69553,6.70642,4.541666666666667,7.0,2.0,37.61172446581491
2023-04-26,58.229166666666664,74.3,43.8,0.0,0.0,0.0,1018.425,1019.9,1017.5,11.804,3.74962,7.77681,3.0,5.0,1.0,116.66620435830242
2023-04-27,70.27916666666667,93.3,44.7,7.0,1.2,0.0,1014.7916666666666,1018.9,1008.5,14.52904,4.33543,9.432235,3.4166666666666665,6.0,1.0,119.58413656308215
2023-04-28,78.49583333333334,94.9,59.3,0.4,0.2,0.0,1011.4833333333332,1017.7,1007.5,17.72904,9.24775,13.488395,5.5,8.0,1.0,290.4090305928561
2023-04-29,66.45416666666667,83.5,45.1,0.0,0.0,0.0,1020.4,1022.5,1017.9,18.41222,4.60764,11.50993,2.5,5.0,1.0,95.5875753839041
2023-04-30,62.92083333333333,84.7,43.0,0.0,0.0,0.0,1020.7458333333334,1022.8,1018.4,17.63996,5.09451,11.367235,3.6666666666666665,7.0,1.0,176.4535625843739
2023-05-01,66.6375,83.3,50.9,0.0,0.0,0.0,1018.0291666666668,1021.9,1016.4,17.87004,9.76647,13.818255,5.25,8.0,3.0,305.7231411733855
2023-05-02,69.54166666666667,83.8,52.8,0.0,0.0,0.0,1026.2541666666666,1028.6,1022.2,15.05447,8.20364,11.629055,3.4166666666666665,4.0,2.0,90.343206136854
2023-05-03,64.7625,81.7,43.5,0.0,0.0,0.0,1025.6291666666666,1028.5,1021.6,15.45879,4.03978,9.749285,3.4583333333333335,5.0,1.0,120.8332702691041
2023-05-04,69.08333333333333,83.5,50.9,0.0,0.0,0.0,1015.1,1021.0,1012.1,19.23639,7.35935,13.29787,4.041666666666667,8.0,2.0,136.25823594811652
2023-05-05,73.77916666666667,86.4,55.2,2.8000000000000003,1.6,0.0,1013.8958333333334,1014.7,1012.9,19.30562,10.58524,14.945430000000002,5.434782608695652,10.0,2.0,205.3584385670407
2023-05-06,87.175,91.9,81.6,5.2,1.0,0.0,1013.7041666666668,1014.6,1012.7,14.87767,9.08134,11.979505,2.7916666666666665,4.0,1.0,149.17290935290958
2023-05-07,75.45416666666667,92.7,52.3,0.0,0.0,0.0,1017.0791666666668,1020.6,1014.0,20.44986,11.84663,16.148245,3.7916666666666665,5.0,2.0,251.90106513543117
2023-05-08,81.79583333333333,93.2,72.0,2.6,2.2,0.0,1018.725,1020.5,1014.4,15.65497,8.67028,12.162625,4.708333333333333,8.0,1.0,202.2081143878683
2023-05-09,82.4875,95.1,65.0,7.6,2.6,0.0,1010.6291666666666,1013.5,1008.4,18.47407,12.2508,15.362435,4.708333333333333,8.0,2.0,263.94960902885083
2023-05-10,78.32916666666667,93.1,57.5,0.4,0.4,0.0,1012.55,1014.4,1010.2,18.32953,9.04324,13.686385,4.833333333333333,8.0,1.0,261.2777363147406
2023-05-11,73.73636363636363,91.0,50.5,1.0,0.8,0.0,1015.9521739130436,1019.0,1014.4,18.61988,8.3568,13.48834,3.4583333333333335,6.0,2.0,238.7497092848461
2023-05-12,81.8875,89.1,69.1,0.4,0.4,0.0,1022.5333333333332,1026.2,1019.3,13.66127,8.89046,11.275865,7.083333333333333,11.0,2.0,21.252184555482472
2023-05-13,82.68333333333334,87.6,73.5,0.0,0.0,0.0,1026.0458333333331,1027.2,1024.6,13.77125,9.27642,11.523835,6.583333333333333,8.0,4.0,12.923419958466525
2023-05-14,68.89999999999999,90.6,43.1,0.0,0.0,0.0,1020.3583333333332,1024.3,1017.1,20.58678,8.30184,14.444310000000002,3.7083333333333335,5.0,2.0,294.3698194250069
2023-05-15,57.97083333333333,85.3,44.0,2.8000000000000003,1.8,0.0,1020.075,1023.8,1017.1,15.9806,10.03117,13.005885,6.125,10.0,1.0,8.309241986481823
2023-05-16,57.6875,80.6,41.9,0.0,0.0,0.0,1024.9333333333334,1027.1,1023.9,17.48008,5.7376,11.60884,5.0,8.0,3.0,334.65909970633913
2023-05-17,64.99166666666666,81.2,45.8,0.0,0.0,0.0,1028.1958333333334,1029.3,1027.2,18.18049,6.22645,12.20347,3.2916666666666665,5.0,2.0,341.9756858472376
2023-05-18,56.2125,72.4,43.0,0.0,0.0,0.0,1028.0291666666667,1029.1,1026.6,19.44626,7.63371,13.539985,2.3333333333333335,3.0,1.0,110.06897644309709
2023-05-19,60.4375,75.8,40.6,0.0,0.0,0.0,1027.1,1028.0,1025.7,17.86765,8.61769,13.24267,2.6666666666666665,5.0,2.0,93.92696472780447
2023-05-20,58.42083333333333,86.5,36.0,0.0,0.0,0.0,1024.9625,1027.8,1022.4,19.71766,7.3606,13.53913,4.708333333333333,6.0,3.0,30.773603203490268
2023-05-21,59.05416666666667,83.2,46.4,0.0,0.0,0.0,1021.4625,1022.7,1020.2,18.72709,7.87522,13.301155,5.666666666666667,9.0,3.0,22.089044882861288
2023-05-22,56.57083333333333,70.4,39.5,0.0,0.0,0.0,1021.2875,1025.4,1019.5,19.42557,11.08395,15.25476,6.583333333333333,9.0,5.0,11.272949901075435
2023-05-23,60.791666666666664,83.5,41.2,0.0,0.0,0.0,1026.4625,1027.1,1025.5,18.10306,8.99623,13.549645,4.583333333333333,6.0,2.0,35.960491023742975
2023-05-24,59.05833333333334,81.5,41.7,0.0,0.0,0.0,1025.6125,1026.8,1024.4,21.17011,7.23673,14.20342,4.25,7.0,2.0,346.5690134022362
2023-05-25,59.225,73.8,50.7,0.0,0.0,0.0,1029.2916666666667,1030.7,1027.0,17.9054,9.42889,13.667145,2.875,5.0,1.0,73.4279381050336
2023-05-26,58.0875,73.7,38.0,0.0,0.0,0.0,1031.1541666666667,1032.3,1030.1,19.16809,8.57361,13.87085,3.7083333333333335,5.0,2.0,109.9143133094302
2023-05-27,62.55416666666667,85.2,38.2,0.0,0.0,0.0,1026.2083333333333,1030.2,1023.2,20.61872,7.26052,13.93962,3.0,5.0,2.0,92.1132803158738
2023-05-28,50.375,80.9,22.3,0.0,0.0,0.0,1023.2916666666666,1026.2,1022.4,21.69161,6.59983,14.14572,3.2083333333333335,5.0,1.0,87.946406775637
2023-05-29,56.475,72.4,38.2,0.0,0.0,0.0,1027.5333333333333,1028.9,1026.6,17.4736,8.12158,12.79759,4.583333333333333,6.0,3.0,53.99970852515946
2023-05-30,65.26666666666667,72.3,53.1,0.0,0.0,0.0,1029.1458333333333,1030.4,1028.2,16.91607,8.95899,12.93753,4.708333333333333,6.0,3.0,52.72719989018316
2023-05-31,72.28750000000001,88.6,58.6,0.0,0.0,0.0,1026.7958333333331,1028.3,1025.1,18.39606,10.19209,14.294075,4.458333333333333,6.0,3.0,47.30146531846111
2023-06-01,68.32083333333334,80.6,50.0,0.0,0.0,0.0,1025.3041666666666,1026.6,1023.3,18.85725,9.90578,14.381515,5.083333333333333,9.0,3.0,49.35928873877765
2023-06-02,57.94166666666666,70.6,43.0,0.0,0.0,0.0,1024.3208333333334,1025.4,1022.9,18.4168,10.39292,14.40486,4.291666666666667,6.0,3.0,68.61368337137156
2023-06-03,63.21666666666667,86.7,43.3,0.0,0.0,0.0,1023.3166666666666,1024.5,1021.9,21.63678,8.12358,14.88018,4.041666666666667,6.0,2.0,62.906249662236576
2023-06-04,58.29583333333333,80.1,37.4,0.0,0.0,0.0,1023.7666666666668,1025.4,1022.7,21.84614,9.04104,15.44359,3.7083333333333335,6.0,2.0,74.54721118396554
2023-06-05,65.18333333333334,75.7,52.9,0.0,0.0,0.0,1024.3333333333333,1025.5,1022.7,17.84301,9.90339,13.8732,4.333333333333333,8.0,3.0,56.11619407002348
2023-06-06,64.45,71.2,54.7,0.0,0.0,0.0,1023.3458333333332,1024.1,1022.3,16.99657,11.19915,14.09786,4.333333333333333,6.0,3.0,45.11513328600023
2023-06-07,67.58749999999999,77.3,52.3,0.0,0.0,0.0,1021.7166666666668,1023.2,1019.9,21.08239,10.42652,15.754455,3.375,4.0,2.0,100.14401852376176
2023-06-08,62.925,77.8,40.4,0.0,0.0,0.0,1018.3416666666668,1021.1,1015.4,21.88997,10.18782,16.038895,3.4166666666666665,5.0,3.0,95.3119125017664
2023-06-09,64.79583333333333,83.8,44.7,0.0,0.0,0.0,1013.9666666666668,1016.2,1012.3,25.60864,11.21915,18.413895,3.5416666666666665,5.0,3.0,102.1799310737299
2023-06-10,54.4125,80.7,28.6,0.0,0.0,0.0,1013.0666666666666,1014.3,1012.1,30.38427,12.88203,21.63315,3.7916666666666665,6.0,2.0,80.86703342221438
2023-06-11,59.72083333333333,82.1,32.2,0.0,0.0,0.0,1013.6041666666666,1014.4,1012.6,30.80658,13.89552,22.35105,2.4166666666666665,6.0,1.0,357.08268703422965
2023-06-12,67.77916666666667,87.6,49.2,0.2,0.2,0.0,1014.1708333333332,1014.8,1013.4,28.20166,15.63855,21.920105,2.25,4.0,1.0,189.77457259912543
2023-06-13,41.3375,62.3,24.4,0.0,0.0,0.0,1014.0958333333332,1016.3,1013.2,28.17558,12.71698,20.44628,3.3333333333333335,6.0,1.0,82.44395098437298
2023-06-14,45.9375,76.9,23.0,0.0,0.0,0.0,1017.2458333333334,1019.5,1016.3,28.09869,11.25863,19.67866,3.5833333333333335,5.0,2.0,70.40446402615453
2023-06-15,49.29583333333333,73.8,29.3,0.0,0.0,0.0,1019.9,1020.7,1019.1,27.26706,12.39704,19.83205,3.5,5.0,1.0,76.49997473501054
2023-06-16,43.87083333333334,62.0,26.3,0.0,0.0,0.0,1019.0083333333332,1020.8,1016.9,27.20736,12.29056,19.74896,3.0,5.0,1.0,97.95388279779696
2023-06-17,53.51666666666667,65.5,39.1,0.0,0.0,0.0,1014.0416666666666,1017.5,1011.7,25.68203,11.81014,18.746085,2.4166666666666665,4.0,1.0,117.0304617121614
2023-06-18,75.7,90.0,52.0,2.6,0.8,0.0,1008.8666666666668,1011.4,1007.3,26.93243,16.0393,21.485865,4.083333333333333,9.0,2.0,170.17964876728558
2023-06-19,68.19166666666666,91.4,46.2,0.0,0.0,0.0,1010.3875,1011.3,1008.4,24.73525,14.11407,19.42466,5.833333333333333,8.0,3.0,217.74796332437535
2023-06-20,70.41250000000001,93.4,57.0,11.6,6.4,0.0,1008.0791666666668,1011.1,1006.2,23.00578,15.94732,19.47655,4.5,10.0,1.0,174.9409208955882
2023-06-21,65.96666666666667,86.3,46.8,0.0,0.0,0.0,1015.6875,1018.6,1011.5,25.37455,14.22033,19.79744,6.125,8.0,3.0,232.12612925132905
2023-06-22,60.39166666666667,86.9,31.4,0.0,0.0,0.0,1018.5791666666668,1021.5,1017.1,27.95245,13.2865,20.619475,3.25,5.0,1.0,255.02924420358391
2023-06-23,57.06666666666666,76.0,35.7,0.0,0.0,0.0,1023.0958333333332,1024.3,1021.0,27.20442,14.40952,20.80697,5.125,9.0,1.0,219.11930888888088
2023-06-24,64.80833333333334,86.9,48.1,0.0,0.0,0.0,1022.5583333333334,1024.6,1019.3,28.0722,14.83925,21.455725,4.458333333333333,6.0,2.0,227.33738480603577
2023-06-25,51.09583333333333,64.9,35.1,0.0,0.0,0.0,1014.3791666666666,1018.7,1011.2,30.70854,14.87257,22.790555,6.125,14.0,1.0,180.33493575683823
2023-06-26,55.275,84.6,38.1,0.0,0.0,0.0,1019.45,1021.9,1015.8,22.99571,13.70861,18.35216,6.833333333333333,10.0,5.0,279.7073226303255
2023-06-27,62.725,76.5,48.8,0.0,0.0,0.0,1020.7041666666668,1022.3,1018.8,23.00911,13.13596,18.072535,6.166666666666667,9.0,4.0,247.3705600008712
2023-06-28,75.19166666666666,84.0,56.6,0.0,0.0,0.0,1016.875,1018.7,1015.2,24.92894,17.74964,21.33929,6.041666666666667,9.0,5.0,237.8983122754636
2023-06-29,66.68333333333334,96.1,38.1,14.4,5.0,0.0,1015.7125,1016.6,1014.4,22.62208,15.26372,18.9429,5.208333333333333,7.0,1.0,339.4587519657673
2023-06-30,70.3,85.6,52.0,0.0,0.0,0.0,1011.6291666666666,1015.6,1005.8,19.38778,11.15461,15.271195,7.791666666666667,11.0,4.0,242.81804582212183
2023-07-01,65.14583333333333,89.6,42.8,0.0,0.0,0.0,1006.0458333333332,1009.8,1004.2,22.63255,16.20013,19.41634,8.041666666666666,10.0,5.0,275.7674330581756
2023-07-02,56.5,81.3,38.2,0.0,0.0,0.0,1011.3208333333332,1012.2,1010.1,21.02281,11.44649,16.234650000000002,7.541666666666667,11.0,4.0,257.05794861780134
2023-07-03,61.12083333333334,79.1,43.6,0.0,0.0,0.0,1010.6875,1011.6,1009.1,20.95206,11.55719,16.254625,9.708333333333334,14.0,6.0,247.91361608070025
2023-07-04,76.97083333333333,94.9,53.2,12.2,5.6,0.0,1009.775,1011.8,1005.5,18.7677,13.16152,15.96461,5.666666666666667,8.0,2.0,241.53207509142865
2023-07-05,69.08333333333333,93.2,39.6,1.8,0.8,0.0,1010.9416666666666,1015.3,1006.2,21.12493,10.09315,15.60904,6.833333333333333,9.0,5.0,266.96473716160483
2023-07-06,58.48333333333333,82.2,39.3,0.0,0.0,0.0,1015.9083333333332,1016.7,1015.4,22.44139,10.14199,16.29169,5.875,9.0,2.0,225.9484543700103
2023-07-07,46.03333333333333,65.9,28.1,0.0,0.0,0.0,1015.2041666666668,1016.8,1013.4,29.30093,9.87837,19.58965,3.0833333333333335,6.0,1.0,126.12407519157216
2023-07-08,64.48333333333333,78.7,52.0,0.0,0.0,0.0,1014.8958333333334,1017.1,1012.3,26.22169,18.07569,22.14869,2.875,7.0,1.0,176.0354549657701
2023-07-09,67.47500000000001,84.9,51.4,0.0,0.0,0.0,1018.925,1020.5,1017.4,23.3662,15.75354,19.55987,5.333333333333333,9.0,2.0,231.30377499070465
2023-07-10,64.39999999999999,85.5,40.9,0.0,0.0,0.0,1018.8291666666668,1021.0,1014.4,24.34891,13.0655,18.707205,6.791666666666667,11.0,2.0,216.8547684276603
2023-07-11,67.72916666666667,88.4,46.5,0.2,0.2,0.0,1009.8833333333332,1013.5,1008.0,23.50618,16.87665,20.191415,8.958333333333334,11.0,3.0,222.6382067600813
2023-07-12,71.16666666666667,86.8,52.5,0.2,0.2,0.0,1011.4625,1014.4,1008.9,22.4904,13.48845,17.989425,8.666666666666666,12.0,6.0,239.98724270729815
2023-07-13,71.70833333333333,84.4,56.7,0.0,0.0,0.0,1015.8458333333332,1016.9,1014.5,22.53944,12.74905,17.644244999999998,7.791666666666667,11.0,6.0,233.7565559533192
2023-07-14,82.46666666666667,93.0,68.8,0.2,0.2,0.0,1008.1875,1016.4,1000.6,19.65367,13.20889,16.43128,3.9166666666666665,10.0,2.0,146.1894846501009
2023-07-15,69.64999999999999,85.7,51.0,0.0,0.0,0.0,1000.9208333333332,1003.5,999.7,21.33753,15.17664,18.257085,10.791666666666666,18.0,3.0,213.92745348236824
2023-07-16,64.65416666666667,89.3,46.0,2.4,1.2,0.0,1009.4833333333332,1014.2,1004.0,21.77856,14.24742,18.01299,11.583333333333334,14.0,5.0,232.9069915584159
2023-07-17,68.45416666666667,89.7,41.5,0.2,0.2,0.0,1017.5416666666666,1020.9,1014.5,23.04604,12.11391,17.579975,7.125,11.0,3.0,234.57964362701364
2023-07-18,63.3375,80.0,47.8,0.0,0.0,0.0,1017.7583333333332,1021.0,1014.6,23.20531,10.77615,16.99073,5.208333333333333,9.0,2.0,240.0
2023-07-19,64.41666666666667,90.8,44.6,1.0,0.8,0.0,1014.9458333333332,1016.3,1014.2,23.75372,15.05081,19.402265,5.708333333333333,9.0,2.0,283.7215060876946
2023-07-20,52.291666666666664,68.8,33.0,0.0,0.0,0.0,1015.0541666666668,1016.5,1013.0,23.36637,12.61374,17.990054999999998,4.541666666666667,7.0,1.0,331.9574587597289
2023-07-21,56.50833333333333,67.9,47.9,0.0,0.0,0.0,1013.9,1014.8,1013.6,21.31782,10.7216,16.01971,5.5,8.0,3.0,297.0966065980216
2023-07-22,80.02916666666667,92.0,61.1,9.0,1.8,0.0,1010.3333333333334,1014.5,1004.7,19.0505,12.75836,15.90443,8.0,14.0,5.0,228.3040059393812
2023-07-23,73.9875,90.9,56.3,2.0,1.2,0.0,1003.0208333333334,1004.2,1001.6,23.81859,14.71801,19.2683,9.0,12.0,6.0,227.07658004153348
2023-07-24,77.53333333333333,87.5,64.6,0.0,0.0,0.0,1005.5291666666668,1009.0,1002.7,18.0702,14.41555,16.242874999999998,5.0,8.0,2.0,331.6539184838897
2023-07-25,59.84166666666667,81.6,42.5,0.0,0.0,0.0,1010.5,1013.0,1008.9,20.764,11.43254,16.09827,5.0,9.0,1.0,319.01003309280907
2023-07-26,67.65416666666667,94.8,38.5,8.2,2.4,0.0,1011.65,1013.6,1006.1,22.6394,8.93301,15.786205,4.666666666666667,10.0,2.0,231.41716106218655
2023-07-27,84.1125,92.2,74.3,1.4,0.6,0.0,1003.325,1005.1,1002.7,22.18733,14.74942,18.468375,9.0,12.0,7.0,229.5851901765306
2023-07-28,75.9375,89.7,62.1,0.0,0.0,0.0,1005.8791666666666,1006.6,1004.9,23.37222,16.32854,19.85038,6.5,10.0,4.0,243.14027616314092
2023-07-29,66.9375,90.1,45.1,0.4,0.2,0.0,1006.2625,1009.0,1005.3,23.59586,15.76925,19.682555,7.958333333333333,11.0,4.0,241.61045242033
2023-07-30,77.10833333333333,93.1,55.1,11.4,7.2,0.0,1010.3916666666668,1011.2,1009.2,20.77591,14.34776,17.561835,9.208333333333334,11.0,7.0,237.48249872287215
2023-07-31,79.45,90.9,61.3,1.4,0.8,0.0,1004.2625,1009.1,1001.1,20.19513,16.24356,18.219344999999997,9.291666666666666,11.0,7.0,239.57718860352753
2023-08-01,71.47500000000001,88.2,45.7,0.0,0.0,0.0,1001.1416666666668,1002.5,997.5,23.03342,13.69552,18.36447,7.25,10.0,4.0,251.58360375904184
2023-08-02,85.87916666666666,95.9,68.5,13.0,4.0,0.0,988.3958333333334,996.0,984.4,19.87878,14.91838,17.39858,6.916666666666667,14.0,3.0,225.9227925351254
2023-08-03,66.94583333333334,92.3,47.8,0.0,0.0,0.0,1004.7708333333334,1012.7,994.5,21.35674,14.60806,17.9824,5.833333333333333,8.0,4.0,333.2696893545623
2023-08-04,70.68333333333334,83.5,58.9,0.0,0.0,0.0,1016.7875,1018.4,1013.2,20.09998,13.60325,16.851615,5.166666666666667,7.0,2.0,309.87816167450853
2023-08-05,82.85416666666667,92.3,70.4,6.2,1.8,0.0,1007.9458333333332,1016.6,1000.9,18.45766,12.92814,15.692900000000002,5.166666666666667,11.0,2.0,210.5211315771008
2023-08-06,67.26666666666667,85.1,48.9,0.0,0.0,0.0,1016.4333333333334,1019.7,1011.8,20.18451,10.4625,15.323505,7.791666666666667,11.0,3.0,323.35453355398187
2023-08-07,64.075,89.2,41.4,0.0,0.0,0.0,1019.0958333333332,1020.4,1017.4,21.79569,9.53831,15.667,5.416666666666667,8.0,3.0,264.1097685487779
2023-08-08,86.36666666666667,94.7,70.3,2.8,0.8,0.0,1015.0708333333332,1017.3,1012.9,18.05689,10.78457,14.42073,5.791666666666667,10.0,3.0,242.9749050471487
2023-08-09,69.91666666666667,95.5,46.7,0.2,0.2,0.0,1017.8166666666666,1020.2,1014.6,24.31107,11.20157,17.756320000000002,3.5,6.0,1.0,263.8851820164699
2023-08-10,64.22916666666667,83.4,47.0,0.0,0.0,0.0,1019.0125,1020.3,1017.6,26.46919,12.9148,19.691995,3.8333333333333335,7.0,1.0,183.1658801018097
2023-08-11,71.05,86.7,56.7,0.0,0.0,0.0,1017.1958333333332,1018.5,1015.9,24.68815,16.74221,20.71518,6.791666666666667,10.0,2.0,221.05283686084792
2023-08-12,72.10000000000001,87.8,56.8,0.0,0.0,0.0,1014.3833333333332,1015.9,1013.2,22.04152,14.13562,18.088569999999997,8.666666666666666,14.0,2.0,229.1952423687951
2023-08-13,68.68333333333334,82.5,53.3,0.0,0.0,0.0,1013.6583333333332,1014.6,1012.9,22.68267,15.41165,19.04716,8.333333333333334,12.0,3.0,225.45210100602617
2023-08-14,78.64166666666667,90.1,61.3,3.2,1.8,0.0,1010.9291666666668,1013.2,1009.7,22.30245,15.06798,18.685215,4.875,9.0,1.0,179.62352037561004
2023-08-15,70.75,87.1,47.0,0.0,0.0,0.0,1015.7958333333332,1019.3,1012.4,24.44307,11.37465,17.90886,5.0,8.0,3.0,243.74418428793936
2023-08-16,60.6125,86.8,34.9,0.0,0.0,0.0,1020.0666666666666,1021.1,1019.1,25.91106,12.22808,19.06957,2.875,4.0,1.0,81.43161455196389
2023-08-17,70.30833333333334,86.0,51.0,0.0,0.0,0.0,1019.4375,1020.8,1017.6,24.00874,14.98382,19.49628,3.2083333333333335,5.0,2.0,115.84814895503932
2023-08-18,79.9875,94.2,67.6,6.4,4.0,0.0,1013.1708333333332,1017.3,1008.4,24.22175,17.41942,20.820585,3.0833333333333335,5.0,2.0,116.2529830137688
2023-08-19,71.88333333333334,94.2,55.1,0.0,0.0,0.0,1013.8541666666666,1019.4,1008.5,24.02816,17.16929,20.598725,7.583333333333333,12.0,2.0,218.3745743379447
2023-08-20,69.72500000000001,90.6,49.0,0.0,0.0,0.0,1021.6541666666668,1023.6,1019.9,25.07283,13.73309,19.40296,5.666666666666667,9.0,2.0,227.8686577859534
2023-08-21,73.77083333333333,93.9,54.0,0.0,0.0,0.0,1022.975,1024.8,1021.0,24.51992,13.80919,19.164555,5.916666666666667,8.0,4.0,236.6663016709069
2023-08-22,68.75416666666666,89.9,43.0,0.0,0.0,0.0,1020.3583333333332,1021.1,1019.3,25.63599,14.20716,19.921575,5.458333333333333,8.0,2.0,258.96139217623573
2023-08-23,62.25,82.7,38.5,0.0,0.0,0.0,1019.2666666666668,1021.1,1016.5,27.07642,13.1573,20.11686,3.0833333333333335,5.0,1.0,265.67476307215304
2023-08-24,72.17083333333333,84.9,51.5,1.0,0.8,0.0,1011.8375,1016.1,1009.3,24.89825,15.37128,20.134765,3.2916666666666665,6.0,1.0,209.7874093207255
2023-08-25,59.1,79.8,43.4,3.2,3.2,0.0,1009.6041666666666,1010.4,1008.4,21.43692,13.65599,17.546455,5.833333333333333,8.0,2.0,299.1284350495643
2023-08-26,79.91666666666667,94.2,60.1,10.2,9.6,0.0,1008.5375,1009.4,1008.0,20.40028,10.87326,15.63677,4.833333333333333,7.0,2.0,232.7001043425144
2023-08-27,71.67916666666666,91.9,52.5,0.0,0.0,0.0,1010.6166666666668,1013.7,1008.9,20.15202,10.06974,15.11088,5.5,8.0,3.0,280.9594393000115
2023-08-28,67.55,88.1,48.6,0.0,0.0,0.0,1014.3666666666668,1015.1,1013.5,21.00007,10.07831,15.53919,4.458333333333333,7.0,2.0,314.71793725781464
2023-08-29,69.6375,92.1,47.1,0.2,0.2,0.0,1011.8041666666668,1014.5,1008.4,20.79071,12.45064,16.620675,4.75,10.0,2.0,242.0382480679064
2023-08-30,65.74583333333334,88.2,43.5,0.0,0.0,0.0,1008.4833333333332,1010.0,1008.0,20.66864,10.11406,15.39135,5.416666666666667,9.0,3.0,298.9484210117649
2023-08-31,79.57083333333334,86.3,65.5,0.4,0.2,0.0,1009.7,1010.4,1009.0,17.86078,9.94313,13.901955,2.7916666666666665,4.0,1.0,192.76824841720952
2023-09-01,82.1875,93.5,66.0,0.2,0.2,0.0,1010.6,1015.1,1008.0,22.46822,13.903,18.18561,2.25,4.0,1.0,58.6912238827843
2023-09-02,75.5125,92.0,57.0,0.0,0.0,0.0,1020.4708333333332,1025.8,1015.6,23.87788,15.55732,19.7176,2.4166666666666665,4.0,1.0,83.39407965231305
2023-09-03,72.02499999999999,89.3,46.7,0.0,0.0,0.0,1026.5083333333334,1027.6,1025.5,26.31611,12.57143,19.44377,2.0833333333333335,5.0,1.0,91.33067994719256
2023-09-04,66.175,95.2,29.0,0.2,0.2,0.0,1022.5208333333334,1026.3,1019.5,28.98723,15.26016,22.123695,2.5416666666666665,4.0,1.0,112.87794598264804
2023-09-05,62.31666666666666,85.3,37.3,0.0,0.0,0.0,1017.2416666666668,1019.5,1015.8,29.43308,14.73714,22.08511,2.375,4.0,1.0,111.99565961935332
2023-09-06,63.31666666666667,77.2,43.7,0.0,0.0,0.0,1018.425,1019.7,1017.6,30.98771,15.06106,23.024385,2.0416666666666665,4.0,1.0,80.92148157530755
2023-09-07,63.01666666666667,85.4,35.5,0.0,0.0,0.0,1016.7583333333332,1018.8,1014.7,31.41193,16.86321,24.13757,1.875,3.0,1.0,105.57679950039837
2023-09-08,60.39166666666667,73.7,44.3,0.0,0.0,0.0,1016.1458333333334,1016.9,1015.4,30.0782,16.57935,23.328775,2.375,4.0,1.0,240.73523403935815
2023-09-09,56.104166666666664,76.1,36.8,0.0,0.0,0.0,1015.5083333333332,1016.1,1014.5,32.43717,16.69505,24.56611,2.0,4.0,1.0,226.928805396093
2023-09-10,65.82916666666667,82.0,50.7,0.0,0.0,0.0,1014.5916666666668,1016.0,1013.2,30.67568,17.21457,23.945124999999997,3.1666666666666665,7.0,1.0,162.60467132088274
2023-09-11,73.27499999999999,89.0,53.9,0.0,0.0,0.0,1013.1625,1014.1,1012.1,25.62359,17.84658,21.735085,5.958333333333333,8.0,4.0,241.65132569718105
2023-09-12,79.27916666666667,89.8,60.2,0.2,0.2,0.0,1013.7,1016.9,1012.6,23.03569,16.46442,19.750055,4.791666666666667,9.0,2.0,260.702009378112
2023-09-13,69.39583333333333,85.9,52.1,0.0,0.0,0.0,1020.9416666666666,1022.7,1017.3,20.52281,13.80262,17.162715,4.458333333333333,8.0,2.0,32.799640215840554
2023-09-14,67.66666666666667,87.2,42.8,0.0,0.0,0.0,1020.4041666666668,1022.5,1018.4,23.93736,11.46295,17.700155000000002,3.2083333333333335,6.0,1.0,208.6448900039827
2023-09-15,67.38333333333334,89.7,44.1,0.0,0.0,0.0,1014.5916666666668,1018.2,1011.7,25.93941,10.27755,18.10848,2.125,4.0,1.0,121.36387415084528
2023-09-16,65.27499999999999,87.1,39.6,0.0,0.0,0.0,1012.9208333333332,1014.8,1011.7,26.94142,12.29843,19.619925,2.4166666666666665,4.0,1.0,103.56274245388948
2023-09-17,83.22500000000001,91.9,72.5,2.4000000000000004,1.6,0.0,1010.1666666666666,1014.4,1003.4,21.40699,15.80187,18.60443,2.625,5.0,1.0,110.8809149603311
2023-09-18,77.3875,93.0,54.4,12.2,7.4,0.0,1002.2708333333334,1007.6,998.6,20.01341,15.66497,17.839190000000002,7.458333333333333,13.0,2.0,214.41331602360276
2023-09-19,77.8,82.3,70.7,0.2,0.2,0.0,1005.7541666666666,1008.0,1004.2,19.09537,12.6136,15.854485,11.375,16.0,7.0,226.66196100935923
2023-09-20,80.50833333333334,94.9,62.2,25.4,9.4,0.0,998.5791666666668,1004.1,993.1,20.5952,16.4142,18.5047,9.166666666666666,13.0,5.0,214.38713534198257
2023-09-21,80.78750000000001,91.2,61.1,7.8,4.2,0.0,995.6708333333332,996.3,994.7,18.30937,10.55506,14.432215,3.4583333333333335,7.0,1.0,190.9344980782002
2023-09-22,79.29583333333333,94.4,52.8,0.6000000000000001,0.2,0.0,1001.4291666666668,1008.3,996.4,18.45354,9.46608,13.95981,4.5,8.0,2.0,250.10203732325203
2023-09-23,69.50833333333334,89.3,45.6,0.0,0.0,0.0,1015.625,1020.0,1009.1,18.2508,7.88925,13.070025,5.0,8.0,2.0,237.08331499662916
2023-09-24,71.81666666666666,79.8,63.1,0.0,0.0,0.0,1017.85,1019.8,1014.9,20.63224,10.29308,15.46266,3.75,7.0,2.0,141.14492717218593
2023-09-25,71.5625,90.4,50.8,0.0,0.0,0.0,1018.5958333333332,1020.8,1014.9,22.40107,14.69072,18.545895,4.916666666666667,9.0,2.0,215.14586795874035
2023-09-26,74.89999999999999,89.4,44.6,0.0,0.0,0.0,1016.9708333333332,1019.8,1015.1,23.13199,11.8036,17.467795,5.166666666666667,10.0,1.0,182.38920978673505
2023-09-27,76.52083333333333,90.7,61.9,0.0,0.0,0.0,1013.5833333333334,1019.0,1007.9,21.44901,13.03175,17.240380000000002,4.625,12.0,1.0,147.576507753984
2023-09-28,71.13333333333334,88.9,57.4,0.2,0.2,0.0,1012.9083333333332,1015.2,1009.9,19.39975,15.00533,17.20254,7.166666666666667,13.0,3.0,208.10554905978532
2023-09-29,71.96249999999999,92.3,49.1,1.0,0.6,0.0,1017.925,1025.1,1008.6,20.02083,15.10921,17.56502,5.708333333333333,9.0,2.0,268.1382321384897
2023-09-30,72.53333333333333,86.2,55.7,0.0,0.0,0.0,1024.3458333333333,1026.4,1021.9,19.81952,10.03977,14.929645,3.7916666666666665,6.0,1.0,217.85801707185664
2023-10-01,79.8625,88.1,69.7,0.0,0.0,0.0,1020.0916666666668,1021.9,1018.5,22.32306,13.85293,18.087995,4.708333333333333,8.0,1.0,205.86925504691513
2023-10-02,88.9875,96.3,78.0,0.6000000000000001,0.4,0.0,1015.6791666666668,1019.4,1008.6,19.78551,15.12941,17.457459999999998,2.5,5.0,1.0,198.64980042823217
2023-10-03,73.33333333333333,88.3,50.4,0.2,0.2,0.0,1018.7083333333334,1026.3,1008.9,18.5469,12.10705,15.326975,7.583333333333333,10.0,4.0,270.4779835633226
2023-10-04,74.85416666666667,90.9,55.5,0.0,0.0,0.0,1025.7958333333331,1026.8,1024.4,18.34488,10.31436,14.32962,7.375,10.0,6.0,242.50796408160795
2023-10-05,72.19166666666666,79.6,61.2,0.0,0.0,0.0,1024.1875,1025.6,1023.3,19.35124,12.59928,15.97526,6.625,9.0,5.0,236.26579912783183
2023-10-06,76.36666666666666,87.7,59.4,0.0,0.0,0.0,1022.9833333333332,1023.6,1022.3,21.41062,13.22522,17.31792,7.958333333333333,10.0,6.0,234.17310691438368
2023-10-07,72.17916666666666,83.6,50.7,0.0,0.0,0.0,1022.8125,1024.5,1021.5,24.38858,14.0264,19.20749,7.041666666666667,10.0,5.0,236.2449831104172
2023-10-08,68.90833333333333,84.2,46.8,0.0,0.0,0.0,1023.825,1025.1,1022.3,24.90824,11.75569,18.331965,3.7083333333333335,6.0,1.0,247.41207574514823
2023-10-09,71.38333333333334,81.8,53.5,0.0,0.0,0.0,1021.2916666666666,1022.6,1020.2,24.79508,12.02085,18.407964999999997,3.25,4.0,2.0,243.18532942346695
2023-10-10,76.84583333333333,88.8,55.8,0.0,0.0,0.0,1016.9208333333332,1019.9,1015.2,23.18049,11.66676,17.423625,4.916666666666667,10.0,1.0,250.1473053022741
2023-10-11,82.33749999999999,94.5,69.9,4.6,1.4,0.0,1012.5333333333332,1014.6,1010.8,20.09308,14.4633,17.278190000000002,7.625,9.0,3.0,230.7222402245682
2023-10-12,94.125,96.7,90.0,6.8,2.4,0.0,1011.5166666666668,1012.5,1009.4,19.37043,13.0873,16.228865,2.7083333333333335,4.0,1.0,279.04535872223767
2023-10-13,78.85833333333333,96.0,66.9,12.8,3.4,0.0,1001.8458333333332,1008.3,997.9,20.54404,13.53268,17.038359999999997,9.391304347826088,15.0,2.0,233.21528437592937
2023-10-14,72.99583333333334,87.4,47.8,0.0,0.0,0.0,1016.925,1022.4,1008.5,14.12964,6.67442,10.40203,5.166666666666667,8.0,2.0,287.1387834462054
2023-10-15,66.51666666666667,88.4,43.0,0.0,0.0,0.0,1025.525,1026.9,1022.8,11.09458,2.45084,6.77271,3.7083333333333335,7.0,1.0,332.79472097145845
2023-10-16,71.02083333333333,83.6,53.1,0.0,0.0,0.0,1021.5916666666668,1025.3,1018.5,12.64845,0.69108,6.669765,2.0833333333333335,3.0,1.0,126.69158282678649
2023-10-17,62.8875,75.8,51.5,0.0,0.0,0.0,1013.8583333333332,1018.0,1008.4,15.23477,6.17701,10.70589,3.875,5.0,2.0,115.4177201967908
2023-10-18,80.825,96.5,67.8,10.8,2.8,0.0,994.7541666666666,1007.5,982.4,16.85199,10.96944,13.910715,4.666666666666667,11.0,3.0,124.67190898198464
2023-10-19,86.14166666666667,92.8,76.2,5.2,1.2,0.0,983.6958333333332,986.4,979.9,18.55033,12.3419,15.446115,3.9166666666666665,11.0,1.0,135.8933590633765
2023-10-20,88.46249999999999,97.0,69.0,18.6,6.8,0.0,976.525,979.2,974.4,17.31701,13.83613,15.57657,3.625,7.0,1.0,189.5549317618184
2023-10-21,89.03333333333335,94.1,79.0,11.8,4.4,0.0,984.7416666666668,996.1,978.8,16.43285,11.85805,14.14545,3.9166666666666665,9.0,2.0,184.57173349459248
2023-10-22,78.41666666666667,92.5,54.6,0.0,0.0,0.0,1005.05,1010.2,997.3,16.13448,5.73831,10.936395,3.7916666666666665,6.0,2.0,214.85417630755177
2023-10-23,84.375,93.9,69.7,0.2,0.2,0.0,1007.3041666666668,1010.4,1003.3,14.8341,6.12034,10.47722,2.125,4.0,1.0,120.39458641905514
2023-10-24,84.21249999999999,95.7,61.6,7.6,4.8,0.0,1000.875,1003.0,999.1,15.68825,8.17801,11.93313,2.7916666666666665,7.0,1.0,165.66297358269253
2023-10-25,81.79583333333333,93.0,65.6,1.0,0.6,0.0,995.8125,998.7,994.9,14.37005,6.81217,10.59111,2.4166666666666665,5.0,1.0,74.27299951780049
2023-10-26,85.90416666666665,96.8,67.3,4.0,1.4,0.0,991.1458333333334,994.7,989.9,16.15018,7.52209,11.836135,2.7916666666666665,7.0,1.0,167.52466087998187
2023-10-27,86.38333333333333,95.4,69.2,2.0,1.4,0.0,990.175,990.9,989.3,15.10408,6.27703,10.690555,2.5416666666666665,7.0,0.0,164.05727527764077
2023-10-28,86.91666666666667,93.6,72.9,3.8,1.4,0.0,987.55,990.5,982.0,15.44427,8.02909,11.73668,2.9583333333333335,5.0,1.0,128.35326893042645
2023-10-29,85.93333333333334,92.0,80.2,6.6000000000000005,3.0,0.0,988.2833333333332,993.4,982.3,12.21113,8.26509,10.23811,4.708333333333333,9.0,2.0,198.02956238637503
2023-10-30,84.72916666666667,90.5,71.5,1.0,0.8,0.0,995.2458333333334,997.7,993.7,15.1568,8.26701,11.711905000000002,2.5416666666666665,5.0,1.0,175.14906432037492
2023-10-31,87.52499999999999,93.5,69.1,2.0,1.2,0.0,1000.0958333333332,1001.8,998.0,15.25756,4.54431,9.900935,2.7083333333333335,7.0,1.0,175.9449421180026
2023-11-01,82.67083333333333,94.5,65.0,6.4,2.2,0.0,990.975,999.4,979.0,13.97557,9.39522,11.685395,5.333333333333333,11.0,2.0,170.45074340780252
2023-11-02,86.22083333333335,95.0,73.3,16.2,3.6,0.0,966.4791666666666,976.5,955.2,11.32207,8.57348,9.947775,8.083333333333334,12.0,2.0,225.20085630934423
2023-11-03,79.75833333333334,89.4,67.0,1.6,1.6,0.0,981.7125,984.3,977.4,13.94677,7.50958,10.728175,7.958333333333333,11.0,4.0,239.15193073918624
2023-11-04,86.8,94.1,77.5,4.6,1.6,0.0,970.325,983.8,964.6,13.32345,4.23978,8.781614999999999,3.7916666666666665,9.0,1.0,148.7193732897822
2023-11-05,80.32083333333334,96.4,60.9,1.8,1.0,0.0,980.4791666666666,992.2,965.5,13.49818,7.29202,10.3951,6.458333333333333,9.0,0.0,268.21605785183226
2023-11-06,77.1125,86.2,64.1,0.0,0.0,0.0,998.3958333333334,1004.5,992.6,13.48348,6.80523,10.144355,7.458333333333333,11.0,6.0,232.9367785165772
2023-11-07,81.14583333333333,89.3,67.5,0.0,0.0,0.0,1008.1666666666666,1011.0,1005.0,12.7299,4.78729,8.758595,6.041666666666667,8.0,5.0,243.3295630553023
2023-11-08,85.79583333333333,92.3,75.6,4.0,1.4,0.0,1004.7041666666668,1011.0,1001.1,12.94691,5.85742,9.402165,4.583333333333333,10.0,2.0,219.78239938801212
2023-11-09,79.34583333333333,89.4,67.3,1.6,0.4,0.0,997.0,1002.3,993.4,11.30914,4.78718,8.04816,5.875,11.0,2.0,212.564328738451
2023-11-10,80.69166666666666,86.7,71.4,0.6000000000000001,0.4,0.0,996.3666666666668,1004.8,991.7,9.48398,5.07222,7.2781,5.333333333333333,8.0,3.0,271.45439957519574
2023-11-11,83.3625,93.4,60.3,0.2,0.2,0.0,1006.7833333333332,1008.6,1004.6,10.96659,1.58833,6.27746,3.125,5.0,1.0,251.5456808917856
2023-11-12,89.47083333333335,95.3,76.4,1.7999999999999998,1.4,0.0,1003.7125,1005.1,1002.7,14.70182,2.01216,8.35699,2.0,4.0,1.0,129.74849592476323
2023-11-13,78.39583333333333,97.8,58.1,15.8,5.0,0.0,998.5916666666668,1003.7,993.9,15.85387,6.47611,11.16499,9.666666666666666,16.0,2.0,211.79682443466805
2023-11-14,84.09583333333333,91.1,75.6,11.2,7.6,0.0,1004.4083333333332,1011.0,1001.2,12.51353,10.67064,11.592085,7.875,12.0,6.0,237.8942249999785
2023-11-15,78.49166666666666,91.2,58.3,0.2,0.2,0.0,1015.95,1018.3,1011.7,12.18488,7.56639,9.875635,7.083333333333333,10.0,3.0,247.4824828126686
2023-11-16,86.31666666666666,92.0,78.5,0.6000000000000001,0.4,0.0,1013.975,1017.8,1010.4,8.18666,3.55432,5.87049,2.6666666666666665,5.0,1.0,121.7049532705833
2023-11-17,85.73333333333333,94.8,74.2,0.0,0.0,0.0,1019.6875,1021.7,1017.1,12.39955,2.40271,7.40113,3.375,7.0,1.0,221.7545881083556
2023-11-18,88.55833333333334,94.9,80.4,4.6,2.4,0.0,1011.2,1020.4,1007.8,14.91399,4.65208,9.783035,6.125,11.0,2.0,191.38539666988797
2023-11-19,77.07916666666667,90.9,67.6,0.2,0.2,0.0,1007.55,1009.7,1005.9,14.03457,11.09657,12.56557,11.291666666666666,14.0,9.0,235.4118957587401
2023-11-20,82.24583333333334,91.1,72.4,0.0,0.0,0.0,1009.3875,1013.4,1006.9,12.04186,7.52869,9.785275,5.541666666666667,11.0,1.0,278.33789409377084
2023-11-21,82.9375,93.0,74.2,0.6000000000000001,0.4,0.0,1022.5958333333332,1030.4,1013.9,10.89817,8.64622,9.772195,6.583333333333333,9.0,4.0,357.5882037212476
2023-11-22,85.18333333333334,92.9,76.1,0.0,0.0,0.0,1029.7291666666667,1031.6,1027.8,11.15163,4.09816,7.624895,4.416666666666667,6.0,2.0,258.12649181139835
2023-11-23,83.18333333333332,92.0,70.5,0.0,0.0,0.0,1024.7,1027.7,1021.4,13.755,5.60401,9.679505,6.416666666666667,9.0,3.0,254.4118284534637
2023-11-24,60.39565217391304,75.7,44.7,0.0,0.0,0.0,1021.3416666666668,1022.4,1020.4,8.98164,8.42322,8.70243,7.958333333333333,11.0,5.0,340.81415475919925
2023-11-25,70.91250000000001,81.1,54.8,0.0,0.0,0.0,1021.3875,1022.4,1020.3,6.17016,-0.94958,2.61029,3.9166666666666665,7.0,2.0,285.14113408488754
2023-11-26,88.03333333333335,97.4,74.9,4.2,1.0,0.0,1015.1208333333334,1020.4,1005.7,9.46197,-1.43404,4.013965000000001,2.0,3.0,1.0,199.81140781977945
2023-11-27,89.08333333333333,98.3,82.8,5.4,1.4,0.0,1000.2708333333334,1004.9,996.7,9.8863,0.33865,5.112475,6.791666666666667,9.0,2.0,297.20498629657936
2023-11-28,81.69166666666666,89.8,68.2,0.0,0.0,0.0,1008.975,1011.0,1004.4,7.54847,2.64269,5.09558,4.875,7.0,3.0,322.44240598543524
2023-11-29,77.20416666666667,90.4,57.9,0.0,0.0,0.0,1004.8083333333334,1007.7,1002.9,6.2586,0.32622,3.2924100000000003,2.7916666666666665,5.0,1.0,327.48627328246596
2023-11-30,80.96666666666667,93.9,67.2,0.0,0.0,0.0,1002.9791666666666,1005.3,1002.0,4.32437,-2.64658,0.838895,3.25,5.0,2.0,40.532999499692664
2023-12-01,85.57083333333333,92.4,71.6,0.0,0.0,0.0,1008.1875,1012.3,1005.5,3.65986,-1.93677,0.861545,4.375,6.0,3.0,13.480917328481269
2023-12-02,92.64166666666668,96.1,85.1,0.0,0.0,0.0,1015.8333333333334,1017.7,1012.7,5.03955,-1.46878,1.7853850000000002,3.375,5.0,1.0,298.51235916649586
2023-12-03,87.94583333333333,93.7,69.5,4.0,1.2,0.0,1010.5333333333332,1016.0,1004.6,8.16103,-2.85496,2.653035,2.625,4.0,1.0,134.31927780746992
2023-12-04,90.09166666666664,93.4,87.0,3.2,0.6,0.0,997.4916666666668,1003.9,994.5,7.43163,5.02106,6.226345,3.8333333333333335,6.0,2.0,108.88815693834351
2023-12-05,88.19166666666666,95.5,82.9,2.0,0.6,0.0,1008.0458333333332,1015.8,999.6,6.87299,5.44079,6.15689,5.625,7.0,5.0,358.75576054355577
2023-12-06,87.02499999999999,94.0,78.3,0.0,0.0,0.0,1017.3125,1018.4,1016.1,7.18892,-0.67167,3.2586250000000003,2.5,5.0,1.0,276.0826331707917
2023-12-07,83.38333333333334,93.6,69.5,3.1999999999999997,1.2,0.0,1007.5333333333332,1015.8,999.7,8.52848,-0.37661,4.075935,4.708333333333333,7.0,2.0,129.1741817194948
2023-12-08,83.56666666666666,94.4,73.0,0.0,0.0,0.0,1004.3083333333334,1006.3,1000.8,11.57581,4.41592,7.995865,5.75,10.0,1.0,221.7045009695398
2023-12-09,78.62916666666666,93.6,58.8,9.4,2.8,0.0,996.6375,1005.7,989.2,13.43259,5.97276,9.702675,8.583333333333334,15.0,3.0,209.35833647041463
2023-12-10,77.36666666666666,89.7,60.6,1.8,0.8,0.0,1001.4625,1006.6,996.7,11.79081,7.55346,9.672135,8.333333333333334,14.0,2.0,226.8624671692883
2023-12-11,76.8625,90.5,69.4,0.2,0.2,0.0,1003.3291666666668,1006.9,996.9,11.69636,8.29714,9.99675,7.166666666666667,15.0,1.0,232.2640068700333
2023-12-12,90.1875,95.5,82.9,10.8,4.2,0.0,997.8833333333332,1005.1,993.7,11.468,4.95871,8.213355,3.625,7.0,1.0,168.8697320215308
2023-12-13,86.7375,95.4,76.0,1.6,0.4,0.0,1002.6791666666668,1015.1,994.1,8.00154,7.00385,7.502695,7.708333333333333,11.0,4.0,334.6172881645934
2023-12-14,89.12083333333334,95.4,82.2,0.4,0.2,0.0,1021.5958333333332,1028.2,1015.7,7.92382,2.61888,5.27135,3.7916666666666665,7.0,2.0,266.43161062491794
2023-12-15,79.74166666666666,93.0,68.8,0.0,0.0,0.0,1035.5333333333333,1039.1,1028.9,10.09804,3.11011,6.604075,3.6666666666666665,6.0,2.0,238.34249336511448
2023-12-16,88.13333333333333,93.4,79.6,0.0,0.0,0.0,1038.575,1039.8,1037.4,11.13634,4.52339,7.829865,7.25,9.0,5.0,235.83751631722873
2023-12-17,78.67916666666666,88.6,73.8,0.0,0.0,0.0,1034.1375,1037.9,1032.1,11.251,8.84346,10.04723,8.75,11.0,7.0,230.41692241623957
2023-12-18,79.24166666666666,86.7,74.0,0.0,0.0,0.0,1028.2041666666669,1031.8,1023.9,12.49414,9.00969,10.751915,9.0,11.0,7.0,229.58201319747016
2023-12-19,87.65416666666665,95.5,69.6,15.0,3.0,0.0,1020.175,1023.2,1017.8,12.047,10.43395,11.240475,7.083333333333333,10.0,4.0,268.2400007303362
2023-12-20,81.4375,86.3,75.6,0.0,0.0,0.0,1018.0875,1021.5,1012.2,12.35121,4.2468,8.299005000000001,7.5,9.0,4.0,247.5237207948266
2023-12-21,70.69545454545454,83.6,56.3,0.0,0.0,0.0,1008.0272727272728,1011.7,1005.2,14.03217,6.62613,10.32915,10.5,14.0,7.0,276.9345815356825
2023-12-22,71.06666666666668,90.2,60.0,0.6000000000000001,0.2,0.0,1012.5625,1015.9,1010.0,12.19352,8.83491,10.514215,8.5,10.0,7.0,274.1736426078696
2023-12-23,73.55833333333334,80.2,65.6,0.0,0.0,0.0,1012.9541666666668,1015.7,1009.7,13.3177,8.80188,11.05979,9.416666666666666,12.0,8.0,250.40630054880427
2023-12-24,81.075,88.2,75.5,0.6000000000000001,0.2,0.0,1005.9833333333332,1009.4,1004.1,14.76191,10.17314,12.467525,12.916666666666666,15.0,11.0,243.74701698623113
2023-12-25,87.17083333333333,95.4,79.2,6.8,3.6,0.0,1006.9958333333334,1009.0,1005.7,12.67353,11.71778,12.195655,9.208333333333334,13.0,4.0,243.1379418257194
2023-12-26,76.63333333333334,82.8,69.9,0.0,0.0,0.0,1015.1916666666666,1018.8,1008.2,11.5484,6.23853,8.893465,4.875,9.0,1.0,230.26554619333484
2023-12-27,83.89583333333333,94.9,70.5,4.2,1.2,0.0,1006.7958333333332,1016.9,999.9,12.13982,4.02712,8.08347,6.625,14.0,2.0,180.8417463912492
2023-12-28,73.12083333333334,83.1,66.0,3.4,1.4,0.0,1004.8708333333334,1006.4,1003.3,12.37424,9.7605,11.06737,14.125,16.0,12.0,228.7525849087972
2023-12-29,73.39166666666667,81.6,65.7,0.0,0.0,0.0,1006.8375,1010.4,1004.9,11.32632,9.0613,10.19381,10.041666666666666,12.0,6.0,242.3341548140446
2023-12-30,82.14999999999999,91.7,76.9,0.8,0.4,0.0,1004.6958333333332,1011.4,992.2,11.93788,5.17037,8.554124999999999,5.375,10.0,2.0,174.06818018211015
2023-12-31,80.10000000000001,90.1,66.1,9.0,5.4,0.0,989.0166666666668,994.2,985.5,10.2797,5.71718,7.99844,9.625,15.0,4.0,211.3650245008135
2024-01-01,78.63333333333334,92.1,69.5,6.8,1.8,0.0,999.3833333333332,1004.6,989.6,12.24769,6.32799,9.28784,7.625,14.0,2.0,211.2898497849411
2024-01-02,82.47916666666667,95.2,68.0,7.2,2.4,0.0,985.9434782608696,990.7,977.2,13.3328,6.74884,10.04082,10.625,25.0,2.0,225.3468399844033
2024-01-03,77.99583333333334,89.9,70.8,3.2,1.0,0.0,990.7541666666666,998.2,988.0,11.62145,8.60153,10.11149,8.666666666666666,12.0,6.0,244.2156402535686
2024-01-04,84.46666666666667,94.3,73.8,21.6,6.4,0.0,998.9791666666666,1003.4,991.6,8.82176,5.18209,7.001925,4.708333333333333,8.0,1.0,210.4144124466367
2024-01-05,83.72500000000001,92.2,77.0,2.0,0.6,0.0,1001.3791666666666,1009.1,992.0,7.40012,4.96919,6.184655,6.583333333333333,11.0,4.0,327.893604686778
2024-01-06,79.26666666666667,86.0,74.3,0.2,0.2,0.0,1016.2041666666668,1021.6,1009.8,6.61466,4.58169,5.5981749999999995,5.416666666666667,7.0,4.0,359.61818566524147
2024-01-07,66.59583333333333,74.9,57.9,0.0,0.0,0.0,1026.9916666666666,1031.5,1022.3,5.1284,2.16465,3.646525,6.083333333333333,8.0,3.0,22.06403566669985
2024-01-08,62.00833333333333,74.7,55.0,0.2,0.2,0.0,1031.6291666666666,1032.4,1031.1,3.34768,2.18199,2.7648349999999997,4.5,7.0,3.0,60.006960521851795
2024-01-09,63.03333333333333,68.2,57.1,0.0,0.0,0.0,1030.5291666666667,1031.4,1029.9,4.05748,1.02345,2.540465,3.9583333333333335,5.0,3.0,121.75997868407552
2024-01-10,60.4875,70.8,48.6,0.0,0.0,0.0,1029.2291666666667,1031.3,1028.2,5.30456,-0.2657,2.5194300000000003,4.25,6.0,2.0,35.07841639173148
2024-01-11,78.95833333333333,89.7,68.6,0.0,0.0,0.0,1036.2875,1038.4,1031.8,5.44054,-1.20405,2.118245,4.166666666666667,8.0,1.0,32.34103691192877
2024-01-12,77.82083333333334,88.4,74.1,0.0,0.0,0.0,1035.7625,1038.1,1032.1,5.68806,0.75804,3.22305,3.625,5.0,2.0,26.940395400609987
2024-01-13,82.0,85.5,77.2,0.0,0.0,0.0,1025.5458333333331,1031.6,1019.6,4.05067,1.14202,2.5963450000000003,4.041666666666667,6.0,2.0,263.87229078928925
2024-01-14,80.84583333333333,90.6,65.0,0.0,0.0,0.0,1013.3958333333334,1018.7,1010.1,6.36091,1.00359,3.68225,4.958333333333333,7.0,4.0,278.35676833741167
2024-01-15,68.46666666666667,80.6,55.9,0.0,0.0,0.0,1011.2291666666666,1013.7,1009.2,2.96541,-1.90079,0.53231,4.833333333333333,9.0,2.0,308.24772564896074
2024-01-16,67.97083333333333,78.9,52.6,0.0,0.0,0.0,1008.1,1013.6,1000.5,4.68804,-5.0181,-0.1650299999999998,3.25,6.0,1.0,217.15138842732077
2024-01-17,71.83333333333333,78.6,63.3,0.0,0.0,0.0,993.3916666666668,999.7,990.0,2.70349,-3.72608,-0.511295,3.3333333333333335,7.0,1.0,64.00722695216967
2024-01-18,66.3125,76.5,53.1,0.0,0.0,0.0,1007.0041666666666,1017.3,997.0,2.89989,-6.02562,-1.562865,4.291666666666667,7.0,2.0,310.09952400710785
2024-01-19,73.1375,83.2,56.5,0.0,0.0,0.0,1022.0125,1025.1,1017.6,5.93509,-5.3381,0.2984949999999999,3.5416666666666665,7.0,2.0,226.620326600654
2024-01-20,68.55,80.0,53.6,0.0,0.0,0.0,1023.1875,1025.4,1016.8,8.89961,-3.55138,2.6741149999999996,5.083333333333333,8.0,3.0,194.5073145570429
2024-01-21,77.67916666666666,92.1,52.8,3.2,1.4,0.0,1010.4521739130436,1015.7,1000.3,12.9298,2.99482,7.96231,11.208333333333334,19.0,4.0,213.82542279424365
2024-01-22,71.70416666666667,88.4,60.1,4.2,1.8,0.0,1007.6833333333334,1019.5,997.5,11.04435,8.41672,9.730535,13.041666666666666,18.0,9.0,241.72376502520063
2024-01-23,83.37083333333334,90.6,69.7,2.8,1.0,0.0,1018.5,1024.2,1011.6,13.41432,3.92556,8.66994,9.166666666666666,16.0,3.0,223.07698732393095
2024-01-24,66.27083333333333,84.0,55.7,0.0,0.0,0.0,1023.4173913043478,1030.0,1012.7,12.17517,7.48452,9.829845,10.75,18.0,3.0,247.13261470396077
2024-01-25,85.5125,92.5,77.1,0.0,0.0,0.0,1025.0458333333331,1030.1,1019.6,12.87761,3.34323,8.110420000000001,4.875,9.0,1.0,190.54434492067253
2024-01-26,66.14782608695653,91.4,45.8,2.0,1.2,0.0,1027.025,1035.1,1016.9,9.68936,7.22592,8.457640000000001,8.0,12.0,3.0,258.52301449124974
2024-01-27,76.73333333333333,84.9,70.3,0.0,0.0,0.0,1032.9541666666669,1035.2,1028.9,8.78529,-0.8502,3.967545,2.7083333333333335,7.0,1.0,160.2313260387399
2024-01-28,79.73333333333333,88.9,66.5,0.0,0.0,0.0,1023.0208333333334,1028.4,1020.0,11.53298,0.72776,6.13037,2.2083333333333335,5.0,1.0,136.1561604896587
2024-01-29,87.13333333333333,92.8,81.4,0.0,0.0,0.0,1022.1541666666668,1023.3,1021.2,12.34551,3.78124,8.063375,3.0416666666666665,5.0,2.0,151.81651398677252
2024-01-30,77.28333333333333,88.2,70.1,0.2,0.2,0.0,1027.4416666666666,1034.4,1020.7,8.59524,7.66589,8.130565,6.416666666666667,10.0,2.0,277.80456348989765
2024-01-31,72.9375,90.2,62.9,0.0,0.0,0.0,1029.7791666666667,1034.7,1024.7,11.79739,5.97082,8.884105,8.125,13.0,3.0,234.50262147822224
2024-02-01,71.34166666666667,88.2,56.6,0.0,0.0,0.0,1032.5208333333333,1034.9,1027.0,9.96972,2.248,6.10886,5.041666666666667,8.0,3.0,286.6542889838811
2024-02-02,82.63333333333334,92.6,71.3,0.0,0.0,0.0,1029.6708333333331,1032.4,1028.1,13.74993,2.82176,8.285845,8.541666666666666,10.0,7.0,247.04289493105895
2024-02-03,83.11666666666666,93.0,78.8,0.2,0.2,0.0,1027.275,1028.3,1026.3,13.36664,8.67323,11.019935,8.291666666666666,11.0,7.0,245.4118957587401
2024-02-04,84.175,93.8,70.6,0.0,0.0,0.0,1024.5875,1026.4,1023.1,13.37905,10.61227,11.99566,10.125,11.0,8.0,245.83539599235297
2024-02-05,74.07083333333334,77.6,70.0,0.0,0.0,0.0,1019.9041666666668,1024.1,1014.8,12.169,8.64311,10.406055,11.708333333333334,14.0,10.0,240.8343317768389
2024-02-06,75.32083333333334,87.9,65.6,2.4,1.0,0.0,1008.9833333333332,1014.6,1003.7,13.77879,9.09291,11.43585,13.833333333333334,15.0,12.0,235.4177201967908
2024-02-07,85.03333333333333,92.9,79.3,11.2,5.2,0.0,1005.3125,1006.4,1004.0,6.70692,4.19068,5.4488,2.3333333333333335,8.0,1.0,104.14766079827922
2024-02-08,90.55416666666667,96.3,79.9,17.6,2.6,0.0,991.4166666666666,1003.6,979.5,11.9035,4.39955,8.151525,3.125,5.0,2.0,133.70559249513974
2024-02-09,88.13333333333333,93.8,77.5,6.6000000000000005,1.2,0.0,977.8291666666668,979.5,976.3,12.5567,5.02755,8.792124999999999,5.291666666666667,10.0,2.0,191.47366944293967
2024-02-10,84.85416666666667,93.5,68.9,0.4,0.2,0.0,983.0041666666666,985.0,979.6,11.97261,6.65958,9.316095,2.5416666666666665,5.0,1.0,157.42938073007485
2024-02-11,82.36666666666666,91.7,66.1,0.8,0.4,0.0,990.4708333333332,998.1,984.9,11.73307,6.5152,9.124135,3.5833333333333335,7.0,1.0,219.933665140922
2024-02-12,73.0125,89.1,46.7,0.0,0.0,0.0,1005.4208333333332,1012.7,998.6,10.26775,2.12526,6.196505,5.208333333333333,7.0,3.0,247.56063315895557
2024-02-13,83.15416666666667,91.3,75.4,1.4,0.4,0.0,1011.6208333333334,1013.7,1008.7,12.27449,3.77835,8.02642,4.833333333333333,10.0,2.0,184.60053025414385
2024-02-14,87.6875,92.2,85.6,1.0,0.4,0.0,1012.3166666666666,1014.1,1010.9,13.51739,6.98856,10.252975,8.166666666666666,10.0,3.0,221.97043271146268
2024-02-15,80.04166666666667,94.3,56.7,0.8,0.4,0.0,1008.6166666666668,1012.5,1005.3,17.28806,11.84364,14.56585,3.125,5.0,2.0,176.72273365256297
2024-02-16,78.29583333333333,94.8,65.2,1.8,0.8,0.0,1014.9875,1024.9,1005.8,14.06344,9.40355,11.733495,5.208333333333333,8.0,1.0,250.2841018830057
2024-02-17,83.70833333333333,94.7,75.7,3.4000000000000004,1.6,0.0,1028.4916666666666,1030.3,1025.7,13.17487,8.35483,10.76485,5.291666666666667,9.0,2.0,212.7585199049648
2024-02-18,84.1875,95.5,63.7,14.8,3.0,0.0,1025.2416666666666,1030.3,1021.5,15.6015,9.71496,12.65823,5.666666666666667,9.0,2.0,255.04375769409643
2024-02-19,77.05416666666666,96.8,56.3,0.6,0.6,0.0,1029.5708333333334,1030.9,1028.4,13.67829,6.37116,10.024725,5.916666666666667,10.0,3.0,260.4916049132846
2024-02-20,81.55416666666666,90.7,70.6,0.0,0.0,0.0,1026.15,1030.5,1021.7,12.36535,4.89019,8.62777,7.375,13.0,4.0,229.56877126032765
2024-02-21,84.53333333333333,89.9,79.5,6.6,1.4,0.0,1007.125,1020.7,998.2,11.90132,7.01283,9.457075,7.541666666666667,11.0,4.0,218.9507595292211
2024-02-22,86.7375,92.4,78.9,12.4,2.4,0.0,985.6291666666666,998.0,975.3,12.04949,8.59335,10.32142,6.75,12.0,3.0,225.71942068010583
2024-02-23,79.52083333333333,88.6,59.9,2.2,1.0,0.0,986.8166666666666,990.5,983.9,9.85621,2.87566,6.365935,6.208333333333333,9.0,3.0,225.87947275438424
2024-02-24,81.2,91.0,66.7,0.2,0.2,0.0,994.8166666666666,998.3,990.8,9.11606,-1.07662,4.0197199999999995,2.7083333333333335,5.0,1.0,206.72836348911665
2024-02-25,84.85416666666667,92.2,70.0,3.6,1.6,0.0,995.75,998.5,993.1,9.07167,-0.9028,4.084434999999999,3.0833333333333335,6.0,1.0,127.4855017062385
2024-02-26,71.26666666666667,85.9,57.0,0.4,0.4,0.0,1008.8,1020.4,995.9,8.88609,2.90228,5.894185,8.875,11.0,5.0,26.683166867616706
2024-02-27,76.41666666666667,89.0,59.6,0.0,0.0,0.0,1020.5583333333334,1022.0,1018.8,8.98883,0.82886,4.908845,4.541666666666667,7.0,1.0,268.38580319205266
2024-02-28,85.05,93.4,67.7,0.0,0.0,0.0,1016.9958333333334,1020.2,1010.4,11.66502,3.41946,7.54224,5.041666666666667,9.0,1.0,216.41593091404616
2024-02-29,85.35833333333333,93.9,66.9,7.4,2.0,0.0,1004.1583333333332,1009.9,1001.6,11.0888,7.90105,9.494925,5.458333333333333,12.0,2.0,233.44878664153325
2024-03-01,79.89999999999999,88.6,61.2,7.2,3.6,0.0,993.4291666666668,1001.2,989.4,9.51263,2.50667,6.00965,6.0,13.0,2.0,175.3617760609709
2024-03-02,80.31666666666666,90.0,66.0,8.6,3.4,0.0,991.7291666666666,996.1,989.0,8.96744,2.92869,5.948065,4.0,8.0,2.0,157.54506241856484
2024-03-03,74.42083333333333,92.2,49.0,0.0,0.0,0.0,1002.525,1008.8,996.6,10.09696,-0.42073,4.838114999999999,2.5,5.0,1.0,251.89984797211184
2024-03-04,71.29583333333333,88.2,42.0,0.0,0.0,0.0,1008.825,1010.2,1007.3,11.74152,-0.30512,5.7181999999999995,3.375,6.0,1.0,131.82834119784656
2024-03-05,80.8875,94.1,64.4,0.6000000000000001,0.2,0.0,1012.6458333333334,1017.8,1008.4,10.54483,5.47468,8.009755,3.5,7.0,1.0,47.19227804169526
2024-03-06,81.2375,94.1,60.5,0.0,0.0,0.0,1021.0875,1023.8,1018.2,11.70274,2.72459,7.213665000000001,1.8333333333333333,3.0,1.0,150.7805867186981
2024-03-07,78.55416666666666,94.9,62.6,0.0,0.0,0.0,1020.125,1023.9,1015.0,11.15655,3.56462,7.360585,3.125,5.0,2.0,122.46046459745936
2024-03-08,72.3125,83.6,55.1,0.0,0.0,0.0,1006.7708333333334,1014.4,999.3,10.66239,4.52377,7.59308,3.4166666666666665,5.0,2.0,127.41903804915091
2024-03-09,71.39166666666667,80.8,59.6,0.0,0.0,0.0,994.65,998.5,992.2,13.4533,6.22943,9.841365,2.75,4.0,2.0,120.41639225328596
2024-03-10,90.65416666666664,94.8,85.8,13.6,2.2,0.0,995.1958333333332,999.2,992.1,9.3764,7.75203,8.564215,1.7916666666666667,3.0,1.0,117.32744862896504
2024-03-11,86.92083333333333,93.7,79.8,1.6,0.6,0.0,1006.0833333333334,1012.7,999.7,8.54206,7.14481,7.843435,4.958333333333333,7.0,2.0,348.5466814912046
2024-03-12,88.22500000000001,94.5,81.6,12.6,2.2,0.0,1011.2875,1012.9,1009.6,13.42963,6.65424,10.041935,5.5,9.0,2.0,214.48542312074807
2024-03-13,80.30833333333334,87.0,72.6,0.0,0.0,0.0,1012.2958333333332,1012.8,1011.7,13.27106,8.17645,10.723755,8.5,11.0,5.0,226.2641258636924
2024-03-14,79.32916666666667,88.1,57.5,0.2,0.2,0.0,1007.0208333333334,1011.3,1003.7,17.20759,7.51834,12.362965,5.375,9.0,2.0,204.348868555274
2024-03-15,78.37916666666666,85.8,64.2,1.0,1.0,0.0,1005.3166666666666,1012.5,1003.3,15.69874,11.12163,13.410185,9.333333333333334,12.0,6.0,234.61287758987703
2024-03-16,67.1875,86.8,50.0,0.0,0.0,0.0,1019.1833333333334,1021.4,1013.1,13.23572,5.46708,9.3514,3.5833333333333335,6.0,2.0,229.1609376421424
2024-03-17,85.95,93.7,68.9,4.6,2.0,0.0,1014.8041666666668,1018.9,1012.7,15.7373,8.97429,12.355795,4.5,8.0,2.0,177.74430467015736
2024-03-18,81.10416666666667,91.3,66.8,0.0,0.0,0.0,1014.6958333333332,1015.5,1014.0,14.70104,7.65314,11.17709,5.875,8.0,4.0,230.78217295355225
2024-03-19,81.33749999999999,89.8,75.6,0.0,0.0,0.0,1015.625,1017.6,1013.8,12.94873,9.98777,11.46825,5.666666666666667,10.0,2.0,210.2725532424742
2024-03-20,73.15833333333333,88.4,50.8,0.0,0.0,0.0,1018.3833333333332,1022.5,1016.6,17.43663,9.77868,13.607655,2.9583333333333335,5.0,1.0,255.6278668888708
2024-03-21,76.4375,86.1,60.5,0.0,0.0,0.0,1024.2125,1026.3,1022.2,16.39793,6.667,11.532464999999998,5.875,10.0,1.0,235.71766152696367
2024-03-22,71.59583333333333,88.8,48.2,1.4,0.6,0.0,1017.7291666666666,1021.7,1015.3,12.10182,9.32168,10.71175,6.291666666666667,8.0,4.0,272.43869786065295
2024-03-23,62.7625,78.5,46.2,0.2,0.2,0.0,1011.7958333333332,1015.0,1009.6,11.01771,3.84305,7.43038,8.125,12.0,5.0,265.6098763866259
2024-03-24,57.395833333333336,74.7,35.4,0.4,0.4,0.0,1009.8791666666666,1011.0,1008.7,13.2958,5.18086,9.23833,7.5,12.0,3.0,282.8354854220901
2024-03-25,66.03750000000001,85.0,48.6,0.0,0.0,0.0,1000.4291666666668,1008.1,993.6,12.26257,3.49359,7.878080000000001,3.3333333333333335,5.0,1.0,129.17426805230775
2024-03-26,69.575,93.5,48.4,11.8,2.4,0.0,987.4083333333332,993.0,982.4,14.41787,7.80605,11.11196,2.7916666666666665,9.0,1.0,125.92086110015735
2024-03-27,75.3875,90.8,52.3,2.8000000000000003,2.2,0.0,980.5958333333332,982.6,977.7,11.5817,4.21982,7.90076,4.25,8.0,2.0,147.92868107546803
2024-03-28,77.3875,85.7,66.8,9.8,4.0,0.0,977.725,982.2,973.4,10.95268,4.42943,7.691055,7.166666666666667,14.0,3.0,164.2961322509666
2024-03-29,73.64999999999999,88.6,52.3,2.2,1.6,0.0,987.425,992.6,983.2,14.11626,6.71296,10.41461,6.833333333333333,13.0,2.0,198.0169121830425
2024-03-30,66.26666666666667,91.4,37.1,0.0,0.0,0.0,994.7333333333332,997.2,993.0,15.5519,3.63049,9.591195,2.7083333333333335,6.0,1.0,150.756028261364
2024-03-31,79.42083333333333,92.2,65.2,0.0,0.0,0.0,993.1833333333334,997.0,989.7,13.25898,4.91605,9.087515,2.4583333333333335,4.0,1.0,116.10465159910058
2024-04-01,73.63333333333334,87.2,58.9,0.0,0.0,0.0,994.0708333333332,997.8,989.7,14.80877,6.80841,10.80859,5.416666666666667,10.0,1.0,201.63575412930808
2024-04-02,78.96666666666667,92.2,56.9,5.0,1.8,0.0,1001.6083333333332,1004.5,998.0,15.20079,8.47554,11.838165,5.166666666666667,9.0,2.0,193.9994857810455
2024-04-03,77.61666666666666,92.1,60.3,0.2,0.2,0.0,1000.2666666666668,1004.0,997.2,13.63012,9.61134,11.62073,7.041666666666667,14.0,2.0,202.6263955465918
2024-04-04,79.27916666666667,93.2,58.4,4.4,1.0,0.0,1002.7083333333334,1006.5,999.0,15.95114,9.64729,12.799215,8.5,13.0,2.0,222.13179636090703
2024-04-05,74.97500000000001,89.8,57.1,2.0,1.0,0.0,1004.0083333333332,1006.8,999.8,17.69812,11.5368,14.61746,8.708333333333334,16.0,3.0,201.96443126068908
2024-04-06,62.8,79.8,50.3,0.0,0.0,0.0,1002.05,1005.4,1000.0,19.01215,13.03119,16.02167,7.791666666666667,15.0,3.0,171.7051378435856
2024-04-07,63.38333333333333,73.5,54.2,0.0,0.0,0.0,1007.9208333333332,1009.4,1004.7,16.31149,11.05204,13.681765,11.25,16.0,3.0,218.44874682621992
2024-04-08,72.85000000000001,87.1,46.7,1.0,0.6,0.0,1004.1291666666666,1008.6,999.9,17.70852,8.09851,12.903515,3.7916666666666665,9.0,2.0,145.35026397118713
2024-04-09,66.825,86.0,42.2,0.6000000000000001,0.4,0.0,1007.5458333333332,1022.0,996.5,13.19941,7.8659,10.532655,9.625,15.0,4.0,242.20835482587205
2024-04-10,79.31666666666668,90.9,57.7,0.6000000000000001,0.4,0.0,1025.275,1026.5,1022.5,14.31231,3.87421,9.09326,6.833333333333333,10.0,2.0,219.43218905695792
2024-04-11,81.30833333333334,90.0,68.3,0.0,0.0,0.0,1028.5875,1030.3,1025.4,18.90705,10.44506,14.676055000000002,7.208333333333333,9.0,6.0,230.8396474319449
2024-04-12,67.62083333333334,84.3,55.6,0.0,0.0,0.0,1028.35,1029.9,1026.6,20.86329,9.57687,15.22008,9.166666666666666,14.0,5.0,233.74860882969273
2024-04-13,67.3875,87.4,35.6,0.0,0.0,0.0,1022.3625,1026.2,1019.1,20.49109,10.58419,15.53764,7.958333333333333,12.0,2.0,236.30103729346553
2024-04-14,59.19166666666666,81.3,39.1,0.0,0.0,0.0,1022.15,1025.2,1017.2,14.69152,8.30769,11.499605,5.708333333333333,8.0,3.0,275.4436072258791
2024-04-15,61.57916666666667,83.3,38.6,2.0,0.8,0.0,1008.3086956521738,1016.3,1004.3,12.83038,6.69745,9.763915,11.791666666666666,17.0,7.0,266.83352326617444
2024-04-16,65.7375,88.4,47.3,0.6000000000000001,0.2,0.0,1012.6041666666666,1017.3,1008.0,13.58543,6.46928,10.027355,8.708333333333334,13.0,3.0,331.08633092434394
2024-04-17,66.8,87.5,48.0,0.0,0.0,0.0,1015.8625,1017.6,1014.2,12.3839,3.57801,7.980955,7.083333333333333,10.0,3.0,322.9318383996856
2024-04-18,64.77083333333333,84.6,44.4,0.4,0.2,0.0,1021.2291666666666,1024.0,1018.1,14.19789,3.9248,9.061345,6.666666666666667,10.0,3.0,316.94138980291046
2024-04-19,72.71249999999999,86.1,55.3,5.4,4.2,0.0,1018.1333333333332,1024.3,1015.5,15.0983,7.60522,11.35176,7.25,12.0,3.0,326.4922874400938
2024-04-20,60.12083333333334,70.1,50.5,0.0,0.0,0.0,1028.0083333333334,1029.5,1024.7,11.28335,3.22975,7.256550000000001,6.875,10.0,3.0,7.983918095927208
2024-04-21,63.14166666666667,77.8,51.2,0.0,0.0,0.0,1029.8,1031.2,1028.9,11.74752,4.36286,8.05519,7.458333333333333,10.0,5.0,14.98727533916059
2024-04-22,68.35833333333333,81.7,57.3,0.0,0.0,0.0,1027.9666666666667,1031.1,1025.4,9.55036,2.48745,6.018905,4.458333333333333,6.0,2.0,2.437688053492252
2024-04-23,75.25833333333334,91.5,59.9,0.4,0.2,0.0,1022.6125,1025.1,1020.9,11.6523,5.2949,8.473600000000001,5.0,8.0,1.0,352.9173899078836
2024-04-24,60.01666666666667,76.5,49.4,0.0,0.0,0.0,1016.45,1020.6,1012.7,10.49199,3.79416,7.143075,6.416666666666667,9.0,2.0,354.17099745516566
2024-04-25,72.5,90.2,55.1,1.4,0.8,0.0,1004.9208333333332,1011.9,1001.6,12.5177,2.03554,7.276619999999999,3.6666666666666665,7.0,1.0,260.9125172076747
2024-04-26,62.62916666666666,81.8,44.3,0.0,0.0,0.0,1003.3958333333334,1004.2,1002.3,13.37695,3.41529,8.39612,2.4583333333333335,4.0,1.0,97.7860313206208
2024-04-27,82.5625,91.9,67.2,12.4,2.4,0.0,1002.7333333333332,1004.0,999.9,11.67504,5.74101,8.708025,3.0416666666666665,6.0,2.0,85.91271993544069
2024-04-28,79.16666666666667,93.1,48.7,13.4,3.2,0.0,1004.5666666666666,1013.8,996.6,12.95016,6.90819,9.929175,6.0,9.0,3.0,296.91685025481195
2024-04-29,63.6375,87.9,38.4,0.0,0.0,0.0,1014.9541666666668,1015.7,1013.9,16.35862,5.31436,10.83649,5.0,10.0,2.0,162.02053532152377
2024-04-30,64.04166666666667,86.1,50.2,0.0,0.0,0.0,1011.1833333333334,1015.0,1008.8,19.10514,5.91103,12.508085,3.5833333333333335,6.0,1.0,129.2296989123534
2024-05-01,77.8125,96.0,58.5,0.0,0.0,0.0,1007.0541666666668,1009.0,1003.0,19.63956,9.4715,14.55553,1.8333333333333333,4.0,0.0,84.9179745592121
2024-05-02,84.33749999999999,90.8,73.5,7.2,6.4,0.0,1001.9333333333334,1005.6,999.2,16.26414,11.01939,13.641765,5.083333333333333,8.0,2.0,321.57998329290746
2024-05-03,84.71249999999999,94.9,71.0,5.6000000000000005,0.8,0.0,1008.7,1011.6,1005.9,13.62589,9.07631,11.3511,7.125,10.0,3.0,241.74882920523336
2024-05-04,68.85833333333333,91.5,47.7,0.0,0.0,0.0,1010.65,1012.3,1008.9,17.59939,7.02527,12.31233,2.3333333333333335,4.0,1.0,151.14378485217742
2024-05-05,69.34166666666667,85.3,41.9,0.0,0.0,0.0,1007.7541666666666,1009.1,1006.6,18.53054,5.14552,11.83803,2.375,5.0,1.0,163.10227303672718
2024-05-06,84.39166666666667,89.4,76.1,8.6,4.4,0.0,1008.3333333333334,1013.8,1006.0,15.75997,7.93807,11.84902,2.7083333333333335,6.0,1.0,29.571813882676963
2024-05-07,65.33749999999999,84.6,43.8,0.4,0.2,0.0,1021.425,1027.4,1014.4,19.57518,8.52126,14.04822,4.0,7.0,1.0,28.282367738922403
2024-05-08,70.22083333333333,91.2,47.7,0.0,0.0,0.0,1028.7458333333334,1029.7,1027.7,20.59659,8.09765,14.34712,2.6666666666666665,5.0,1.0,107.62968369394356
2024-05-09,66.95416666666667,88.4,42.6,0.0,0.0,0.0,1026.3666666666666,1029.2,1023.4,23.47484,8.85099,16.162914999999998,3.0416666666666665,5.0,2.0,239.03189000067948
2024-05-10,61.4,77.7,47.0,0.0,0.0,0.0,1023.3833333333332,1024.5,1022.0,23.45446,9.45588,16.455170000000003,2.375,4.0,1.0,123.439356281661
2024-05-11,70.8,92.5,48.3,0.0,0.0,0.0,1020.575,1022.9,1018.0,22.73013,9.50078,16.115455,2.75,5.0,1.0,117.09090670203987
2024-05-12,61.854166666666664,83.7,42.2,0.0,0.0,0.0,1012.4958333333334,1017.3,1009.4,26.17296,11.56485,18.868905,2.7916666666666665,4.0,2.0,123.7536896013678
2024-05-13,73.33749999999999,85.8,63.7,0.0,0.0,0.0,1007.0458333333332,1009.6,1002.8,18.50555,11.61096,15.058255,5.291666666666667,9.0,4.0,172.9846337191807
2024-05-14,76.22083333333333,91.5,62.6,4.2,1.0,0.0,1001.3333333333334,1003.1,1000.0,17.1525,13.48501,15.318755,3.6666666666666665,5.0,2.0,126.66630167090692
2024-05-15,66.11666666666666,88.5,43.8,0.2,0.2,0.0,1004.425,1006.2,1002.8,20.57965,12.65801,16.618830000000003,3.0833333333333335,5.0,1.0,129.5980002374705
2024-05-16,82.77499999999999,91.7,68.8,10.0,9.0,0.0,1005.25,1006.5,1004.3,18.00088,9.58982,13.79535,2.375,5.0,1.0,182.49192865807623
2024-05-17,66.5,92.3,46.2,0.0,0.0,0.0,1009.4541666666668,1011.9,1006.7,21.82744,8.86957,15.348505,2.0416666666666665,4.0,1.0,33.60228664624964
2024-05-18,73.10833333333333,86.7,44.2,0.2,0.2,0.0,1012.9625,1014.0,1011.7,19.87118,11.1059,15.48854,3.5833333333333335,6.0,1.0,357.665402400927
2024-05-19,62.675,84.0,41.7,0.0,0.0,0.0,1013.9333333333334,1015.4,1012.8,22.79092,8.76005,15.775485,4.416666666666667,6.0,3.0,26.615613425390904
2024-05-20,65.03750000000001,85.3,46.8,0.0,0.0,0.0,1013.5833333333334,1015.4,1011.2,20.8651,9.19548,15.03029,4.5,6.0,2.0,28.53049219558312
2024-05-21,87.5625,95.7,76.8,14.0,3.8,0.0,1009.4333333333334,1011.4,1007.9,14.63286,11.28889,12.960875,4.375,7.0,3.0,342.95119277886295
2024-05-22,91.02916666666664,96.4,83.6,13.2,2.8,0.0,1006.925,1009.8,1005.4,15.5757,12.36637,13.971035,6.5,9.0,3.0,246.66628576407675
2024-05-23,70.61666666666666,90.9,52.8,0.0,0.0,0.0,1013.3541666666666,1016.7,1010.0,18.76268,11.71382,15.23825,6.791666666666667,8.0,3.0,257.85152860407237
2024-05-24,60.55,76.8,42.0,0.0,0.0,0.0,1018.2958333333332,1019.0,1016.8,18.65435,7.87762,13.265985,4.125,5.0,3.0,263.6362614591063
2024-05-25,56.27916666666667,77.1,39.8,0.0,0.0,0.0,1016.4041666666668,1019.0,1013.6,20.62601,7.67592,14.150965,2.6666666666666665,7.0,1.0,142.1497602047803
2024-05-26,73.04583333333333,92.8,52.2,6.4,2.2,0.0,1011.7166666666668,1013.8,1010.6,19.96987,11.92201,15.94594,6.083333333333333,12.0,1.0,189.27070465221456
2024-05-27,72.36666666666666,87.3,52.0,0.2,0.2,0.0,1015.0541666666668,1016.4,1014.1,17.60948,10.39304,14.00126,7.041666666666667,10.0,5.0,222.66881497977536
2024-05-28,86.41250000000001,90.3,77.6,1.8,0.8,0.0,1012.2916666666666,1016.5,1009.2,17.65731,9.23503,13.44617,6.166666666666667,11.0,2.0,188.29576543211596
2024-05-29,66.82083333333334,86.2,48.4,0.2,0.2,0.0,1008.6708333333332,1009.4,1007.8,20.4576,12.65558,16.55659,7.166666666666667,9.0,5.0,276.0626207426992
2024-05-30,69.14166666666667,78.1,53.1,0.2,0.2,0.0,1010.4875,1015.6,1008.2,18.44818,12.44842,15.4483,7.0,11.0,4.0,325.2505763849333
2024-05-31,73.52499999999999,82.3,66.0,0.0,0.0,0.0,1018.9833333333332,1023.1,1015.9,14.45654,11.7943,13.12542,9.208333333333334,12.0,7.0,359.15387704848786
2024-06-01,69.9375,79.8,61.8,0.0,0.0,0.0,1025.3875,1027.9,1023.2,16.69339,9.16754,12.930465000000002,7.916666666666667,11.0,5.0,12.083729723042552
2024-06-02,56.979166666666664,81.2,31.0,0.0,0.0,0.0,1026.2375,1028.1,1023.9,22.94636,9.43275,16.189555,6.083333333333333,8.0,3.0,9.026555115776262
2024-06-03,66.66666666666667,79.3,53.7,0.0,0.0,0.0,1021.0291666666668,1024.2,1017.7,20.73953,10.88828,15.813904999999998,4.041666666666667,7.0,1.0,336.38555878490945
2024-06-04,72.64166666666667,83.9,59.9,0.6,0.6,0.0,1011.5291666666668,1017.2,1008.1,20.18416,14.31368,17.24892,6.5,10.0,1.0,242.833547472107
2024-06-05,55.69583333333333,83.7,35.0,0.0,0.0,0.0,1014.0333333333332,1016.2,1011.7,17.35994,6.83097,12.095455,5.458333333333333,9.0,3.0,289.2668947896864
2024-06-06,57.82916666666667,76.3,43.9,0.0,0.0,0.0,1017.0416666666666,1018.5,1015.9,18.66097,8.52027,13.59062,5.125,7.0,3.0,259.8322174926967
2024-06-07,62.81666666666666,81.1,45.7,0.0,0.0,0.0,1017.9875,1019.6,1015.9,19.67265,6.89155,13.2821,6.416666666666667,10.0,3.0,247.6059042548472
2024-06-08,60.0375,82.9,38.9,0.0,0.0,0.0,1013.4041666666668,1015.5,1012.0,19.27699,9.30827,14.29263,6.375,8.0,5.0,288.1813162768745
2024-06-09,57.80833333333334,73.6,44.6,0.0,0.0,0.0,1012.7458333333334,1015.5,1010.1,16.89707,5.11156,11.004315,5.416666666666667,8.0,2.0,295.1090051981641
2024-06-10,70.7,91.5,51.1,5.800000000000001,3.2,0.0,1011.1125,1016.1,1005.8,16.11198,9.99455,13.053265,7.25,11.0,1.0,331.0584711054622
2024-06-11,62.38333333333333,80.0,44.5,0.0,0.0,0.0,1018.3958333333334,1021.5,1016.1,16.55186,6.13038,11.34112,4.5,8.0,1.0,333.65799805419516
2024-06-12,59.75416666666666,79.7,43.8,0.0,0.0,0.0,1020.5916666666668,1021.8,1018.9,16.94294,6.64447,11.793705,3.25,6.0,1.0,247.63227547659508
2024-06-13,65.83749999999999,86.1,42.9,0.4,0.2,0.0,1012.7833333333332,1018.5,1005.2,16.91684,6.11116,11.514,4.916666666666667,9.0,2.0,192.31752024921147
2024-06-14,68.9875,90.3,48.4,1.6,0.8,0.0,1000.9958333333334,1004.1,998.6,19.28396,11.0999,15.19193,7.458333333333333,12.0,2.0,209.71282628851233
2024-06-15,75.72916666666667,86.1,55.7,5.4,3.4,0.0,999.3083333333334,1001.7,997.6,18.01751,9.57557,13.79654,8.25,14.0,3.0,226.91834318659784
2024-06-16,63.52916666666667,81.9,40.3,0.0,0.0,0.0,1002.3833333333332,1006.5,1000.3,20.99733,10.8219,15.909615,7.208333333333333,11.0,5.0,239.31315500002623
2024-06-17,58.99583333333334,80.3,35.9,0.0,0.0,0.0,1010.0333333333332,1013.5,1006.7,22.36354,9.27042,15.81698,5.208333333333333,7.0,3.0,240.84828145323888
2024-06-18,58.70416666666667,75.1,46.0,0.0,0.0,0.0,1014.1333333333332,1017.1,1013.0,22.04271,10.98512,16.513915,4.75,7.0,1.0,359.1353089723914
2024-06-19,61.88333333333333,81.1,40.7,0.0,0.0,0.0,1020.7875,1023.6,1017.8,20.86009,11.86127,16.36068,4.375,7.0,3.0,64.75234214998062
2024-06-20,53.87083333333334,75.5,32.6,0.0,0.0,0.0,1019.75,1023.1,1016.9,22.74475,7.83724,15.290995,2.5833333333333335,4.0,1.0,90.84519533587928
2024-06-21,58.21666666666667,75.2,40.6,0.0,0.0,0.0,1013.2,1017.3,1010.4,24.65912,9.54845,17.103785000000002,5.708333333333333,12.0,1.0,235.82512146371585
2024-06-22,65.60833333333333,88.8,38.6,0.0,0.0,0.0,1012.9708333333332,1017.1,1010.9,22.79651,13.70949,18.253,5.666666666666667,7.0,3.0,258.6865723726611
2024-06-23,62.70416666666667,78.0,50.1,0.0,0.0,0.0,1019.3291666666668,1020.7,1017.5,24.22079,10.08569,17.15324,4.208333333333333,6.0,3.0,273.4779453821999
2024-06-24,60.88333333333333,82.2,44.3,0.0,0.0,0.0,1018.925,1020.8,1016.9,27.08588,14.18835,20.637115,3.3333333333333335,5.0,1.0,270.69181020527833
2024-06-25,52.325,71.0,36.9,0.0,0.0,0.0,1015.5666666666666,1017.4,1013.6,28.70484,12.71601,20.710425,2.2916666666666665,4.0,1.0,115.09481998954855
2024-06-26,54.4,70.0,42.5,0.0,0.0,0.0,1011.6625,1015.0,1008.6,28.96041,14.48118,21.720795,3.1666666666666665,8.0,1.0,11.0391434847578
2024-06-27,59.40416666666667,79.7,42.7,0.0,0.0,0.0,1009.0,1012.7,1007.6,24.44098,15.80849,20.124735,7.208333333333333,10.0,3.0,253.7171466949241
2024-06-28,58.42916666666667,73.1,46.7,0.0,0.0,0.0,1015.6666666666666,1017.7,1012.6,20.8258,11.63488,16.23034,7.625,10.0,4.0,248.31891135823375
2024-06-29,49.40416666666667,72.9,29.5,0.0,0.0,0.0,1013.6625,1017.3,1009.9,24.40687,9.17934,16.793105,3.5416666666666665,5.0,2.0,286.9201142247784
2024-06-30,62.92083333333333,84.0,46.8,0.2,0.2,0.0,1013.0708333333332,1016.6,1010.2,20.53527,13.65635,17.09581,5.833333333333333,8.0,3.0,347.1476889693866
2024-07-01,60.59166666666667,69.7,51.4,0.0,0.0,0.0,1017.7583333333332,1018.5,1016.7,20.22271,13.11668,16.669695,6.416666666666667,8.0,5.0,321.4660775264529
2024-07-02,65.70416666666667,86.1,48.5,0.4,0.2,0.0,1017.725,1018.9,1015.3,18.91586,12.97294,15.944399999999998,6.041666666666667,8.0,3.0,334.4908851541445
2024-07-03,73.19583333333334,82.5,62.0,0.8,0.4,0.0,1008.9333333333334,1014.4,1005.0,19.14482,11.56632,15.35557,5.625,10.0,2.0,270.89667554825263
2024-07-04,54.9375,81.3,37.6,0.0,0.0,0.0,1009.1083333333332,1010.5,1005.7,20.93712,11.81842,16.377769999999998,8.25,12.0,4.0,288.8503583817279
2024-07-05,81.00833333333334,92.8,63.7,13.8,2.2,0.0,1005.6958333333332,1010.3,1000.1,21.26326,12.74541,17.004334999999998,6.708333333333333,10.0,2.0,228.3371780937272
2024-07-06,75.44583333333334,92.4,54.1,7.4,1.8,0.0,1002.2208333333332,1009.0,995.9,17.38683,11.89698,14.641905,7.291666666666667,11.0,2.0,273.5512773042219
2024-07-07,74.53333333333333,83.2,66.1,4.8,4.6,0.0,1010.0083333333332,1013.3,1008.6,18.27563,9.72145,13.99854,6.916666666666667,10.0,4.0,241.18652358613565
2024-07-08,74.75,91.7,56.8,3.1999999999999997,1.4,0.0,1014.9,1015.9,1013.6,19.57605,9.10035,14.3382,2.7916666666666665,5.0,1.0,71.29077914142721
2024-07-09,88.29166666666667,93.1,82.3,11.2,4.0,0.0,1010.3541666666666,1013.2,1009.6,19.56959,14.14453,16.85706,2.8333333333333335,6.0,1.0,151.9287427922137
2024-07-10,70.56666666666666,88.9,54.8,0.0,0.0,0.0,1012.3416666666668,1016.0,1010.0,21.79022,15.22706,18.50864,7.583333333333333,12.0,2.0,228.04235980613117
2024-07-11,63.65833333333333,88.1,37.7,8.8,4.8,0.0,1016.9125,1017.7,1016.1,22.98167,12.04573,17.5137,5.041666666666667,7.0,3.0,311.98152611007646
2024-07-12,66.71249999999999,84.8,49.4,0.2,0.2,0.0,1016.6791666666668,1017.3,1015.9,18.98937,13.21463,16.102,5.458333333333333,8.0,4.0,24.993548088272235
2024-07-13,64.46249999999999,76.1,45.6,0.0,0.0,0.0,1013.8708333333334,1016.1,1012.4,20.17189,11.99643,16.08416,4.958333333333333,7.0,4.0,322.7587828674001
2024-07-14,64.0,86.6,44.1,0.0,0.0,0.0,1011.8,1012.6,1011.1,22.1576,11.00497,16.581285,4.708333333333333,7.0,3.0,311.3392153242336
2024-07-15,71.85416666666667,93.9,56.3,19.4,11.2,0.0,1008.0666666666666,1011.9,1004.3,21.38649,9.68124,15.533865,2.7083333333333335,5.0,1.0,90.25550593228256
2024-07-16,77.89166666666667,90.6,61.2,0.0,0.0,0.0,1009.6458333333334,1016.2,1005.6,21.65311,13.67251,17.66281,5.708333333333333,9.0,2.0,284.83618800366776
2024-07-17,67.45,90.9,37.9,0.0,0.0,0.0,1019.9791666666666,1021.4,1016.8,23.95357,11.9423,17.947935,3.5416666666666665,6.0,2.0,339.4538548456821
2024-07-18,62.09583333333333,83.7,44.2,0.0,0.0,0.0,1020.2,1021.4,1018.8,27.45018,12.75136,20.10077,2.9583333333333335,8.0,1.0,40.40809447319816
2024-07-19,54.395833333333336,78.3,35.8,0.0,0.0,0.0,1015.6791666666668,1019.4,1012.5,30.71185,14.5698,22.640825,3.1666666666666665,6.0,1.0,157.68651650847164
2024-07-20,75.05833333333334,90.6,62.5,0.0,0.0,0.0,1008.2083333333334,1012.2,1005.4,23.65079,15.9554,19.803095,5.791666666666667,8.0,3.0,234.21038888396333
2024-07-21,65.80833333333334,90.8,46.5,1.0,0.6,0.0,1010.2,1014.6,1006.1,23.3748,17.04404,20.20942,5.291666666666667,7.0,4.0,302.91387497556764
2024-07-22,70.85000000000001,80.2,56.9,0.0,0.0,0.0,1014.5791666666668,1015.3,1013.8,23.85346,12.36964,18.11155,7.166666666666667,11.0,3.0,225.7963349842994
2024-07-23,70.63913043478261,90.7,50.9,0.6000000000000001,0.4,0.0,1017.7375,1022.4,1013.9,23.5271,16.5315,20.0293,4.666666666666667,7.0,1.0,321.0810616377752
2024-07-24,68.58749999999999,82.6,50.9,0.0,0.0,0.0,1019.8875,1022.5,1016.7,24.69969,14.40486,19.552275,5.083333333333333,10.0,1.0,185.83652534200047
2024-07-25,85.41666666666667,91.3,76.0,0.4,0.2,0.0,1011.3125,1016.5,1008.0,20.23702,15.33819,17.787605,6.208333333333333,8.0,5.0,227.22134123076356
2024-07-26,68.63333333333334,88.7,47.1,0.0,0.0,0.0,1010.8208333333332,1012.4,1009.2,23.11671,12.63204,17.874375,5.583333333333333,8.0,3.0,290.71841764390757
2024-07-27,63.3125,84.2,41.5,0.0,0.0,0.0,1015.1041666666666,1020.9,1012.4,23.75736,11.32511,17.541235,4.625,7.0,3.0,314.7903147124506
2024-07-28,58.604166666666664,80.2,40.5,0.0,0.0,0.0,1024.3625,1026.1,1021.5,26.23724,10.73187,18.484555,2.5416666666666665,5.0,1.0,8.232445379954925
2024-07-29,55.583333333333336,76.6,38.9,0.0,0.0,0.0,1020.6916666666666,1024.0,1017.4,28.47379,12.28916,20.381475,2.3333333333333335,4.0,1.0,129.94936336744593
2024-07-30,57.43333333333334,80.6,39.5,0.0,0.0,0.0,1016.3875,1018.0,1014.9,31.0916,14.71826,22.90493,2.4166666666666665,4.0,1.0,96.29528107575766
2024-07-31,58.3875,70.3,46.5,0.0,0.0,0.0,1014.5083333333332,1016.2,1013.1,28.58371,18.05543,23.31957,3.0,5.0,2.0,118.50952591421168
2024-08-01,69.91666666666667,85.4,50.9,1.2,1.2,0.0,1012.5291666666668,1013.3,1011.2,28.90877,17.50317,23.20597,2.25,4.0,1.0,90.2549267513216
2024-08-02,74.19583333333334,93.2,47.0,0.0,0.0,0.0,1011.875,1013.3,1010.5,27.41359,17.34392,22.378755,3.9166666666666665,7.0,1.0,246.01429554266176
2024-08-03,65.96249999999999,84.1,47.3,0.0,0.0,0.0,1011.3458333333332,1013.9,1010.4,24.96823,17.37753,21.17288,6.833333333333333,10.0,5.0,259.8323823673868
2024-08-04,62.791666666666664,77.5,49.9,0.0,0.0,0.0,1015.1875,1016.6,1014.1,23.15112,11.72188,17.4365,4.75,8.0,3.0,284.8357954559323
2024-08-05,73.1375,86.4,58.4,0.0,0.0,0.0,1012.4916666666668,1014.4,1010.7,25.49777,13.25496,19.376365,6.708333333333333,9.0,4.0,238.00446243914377
2024-08-06,75.16666666666667,92.1,55.9,2.2,1.6,0.0,1009.5083333333332,1011.3,1008.6,22.52387,16.70924,19.616555,4.708333333333333,7.0,2.0,254.17837533698776
2024-08-07,68.34166666666667,82.8,52.4,0.0,0.0,0.0,1012.4875,1014.6,1011.3,22.00616,10.87152,16.43884,6.541666666666667,11.0,2.0,251.65788027121815
2024-08-08,76.59166666666667,87.0,60.9,0.4,0.2,0.0,1013.6333333333332,1015.7,1010.6,21.44164,12.21307,16.827355,6.5,11.0,2.0,220.83423135574
2024-08-09,66.59166666666667,88.4,48.8,0.0,0.0,0.0,1013.9333333333334,1018.2,1010.0,24.75081,17.53364,21.142225,8.458333333333334,12.0,5.0,254.22602511728817
2024-08-10,72.32916666666667,81.9,64.2,0.0,0.0,0.0,1019.5791666666668,1021.0,1018.7,24.4507,13.56054,19.00562,6.166666666666667,11.0,3.0,241.67464236500015
2024-08-11,66.91250000000001,90.9,53.0,0.0,0.0,0.0,1019.2916666666666,1022.0,1014.8,28.63315,15.14523,21.88919,2.7916666666666665,4.0,1.0,132.28216090648982
2024-08-12,66.92083333333333,83.9,52.3,0.0,0.0,0.0,1008.4625,1013.7,1005.8,32.59574,17.87873,25.237235,4.333333333333333,8.0,2.0,176.72222880092636
2024-08-13,66.02499999999999,82.0,48.5,0.0,0.0,0.0,1009.4083333333332,1011.1,1008.5,26.64954,13.46839,20.058965,5.625,8.0,4.0,243.71985362460555
2024-08-14,76.50833333333334,90.2,62.3,0.0,0.0,0.0,1013.4458333333332,1016.2,1011.0,24.04125,16.10094,20.071095,4.166666666666667,6.0,2.0,262.5174390265264
2024-08-15,77.6875,93.5,65.3,2.4,2.4,0.0,1014.5375,1016.0,1012.8,22.85512,13.78594,18.32053,8.458333333333334,13.0,4.0,238.47850707269663
2024-08-16,69.23333333333333,93.0,47.1,1.4,0.8,0.0,1014.4416666666666,1016.4,1012.9,24.61068,14.84057,19.725625,4.25,7.0,2.0,311.09345454145927
2024-08-17,60.37916666666666,79.1,42.4,0.0,0.0,0.0,1013.525,1015.0,1011.9,23.28261,11.10139,17.192,3.8333333333333335,7.0,3.0,328.89064162007327
2024-08-18,64.1875,84.3,46.2,0.0,0.0,0.0,1014.4875,1018.3,1012.5,23.58423,11.8097,17.696965,4.708333333333333,7.0,3.0,281.62028995842894
2024-08-19,73.02499999999999,85.2,63.1,0.0,0.0,0.0,1015.475,1018.3,1011.1,21.04127,10.1461,15.593685,4.916666666666667,9.0,2.0,243.0375583557532
2024-08-20,66.96666666666667,87.7,44.0,0.0,0.0,0.0,1009.8333333333334,1014.8,1008.1,23.68074,16.95486,20.3178,7.541666666666667,10.0,4.0,254.06346986364457
2024-08-21,68.16250000000001,83.2,52.7,0.0,0.0,0.0,1016.5916666666668,1018.6,1013.8,21.16303,10.91376,16.038395,7.375,10.0,5.0,247.09965631242792
2024-08-22,78.40416666666667,84.0,72.0,0.0,0.0,0.0,1006.7291666666666,1012.9,1002.9,19.74777,14.62442,17.186095,9.583333333333334,12.0,5.0,227.08401180908916
2024-08-23,66.675,89.2,47.1,1.2,0.6,0.0,1004.0416666666666,1008.0,998.4,22.7962,16.7061,19.75115,9.75,12.0,6.0,238.30139245199967
2024-08-24,85.28333333333333,92.6,74.0,10.2,2.4,0.0,1005.4916666666668,1013.1,1001.5,17.86328,13.47706,15.67017,3.8333333333333335,7.0,2.0,192.07591444906151
2024-08-25,71.86666666666666,89.2,52.3,0.0,0.0,0.0,1017.8875,1019.5,1014.0,20.71836,9.57677,15.147565,8.25,13.0,5.0,238.3252925938067
2024-08-26,70.44166666666666,84.8,51.7,0.0,0.0,0.0,1019.1083333333332,1020.3,1018.1,22.85296,14.53358,18.69327,6.541666666666667,9.0,2.0,235.4021052776265
2024-08-27,67.52083333333333,91.0,45.7,0.0,0.0,0.0,1017.7958333333332,1020.1,1015.8,25.34409,13.93276,19.638425,3.8333333333333335,6.0,1.0,152.35745447109093
2024-08-28,62.49166666666667,74.7,45.7,0.0,0.0,0.0,1013.0375,1016.1,1010.9,28.70966,12.86295,20.786305,3.4166666666666665,7.0,1.0,125.30411352648277
2024-08-29,64.72916666666667,86.8,47.5,0.0,0.0,0.0,1018.1375,1021.3,1014.3,23.02227,12.27514,17.648705,4.708333333333333,7.0,2.0,280.5927871002498
2024-08-30,63.520833333333336,78.4,45.9,0.0,0.0,0.0,1022.9333333333334,1024.9,1021.6,22.97583,9.56057,16.2682,2.5833333333333335,4.0,1.0,74.75163615903722
2024-08-31,71.39999999999999,78.1,53.2,0.0,0.0,0.0,1022.0041666666666,1024.6,1018.9,20.83172,14.29428,17.563000000000002,3.0833333333333335,5.0,2.0,109.28729904969224
2024-09-01,75.39166666666667,86.8,59.3,0.0,0.0,0.0,1013.3791666666666,1018.4,1010.5,28.54639,16.01014,22.278265,2.4166666666666665,4.0,1.0,117.84927577759896
2024-09-02,83.3125,89.2,70.5,0.2,0.2,0.0,1010.325,1011.3,1009.4,21.7959,17.63938,19.71764,3.875,7.0,1.0,185.87628669707888
2024-09-03,79.64583333333333,92.9,65.5,0.4,0.2,0.0,1012.675,1015.6,1010.9,23.68415,16.55386,20.119005,5.125,9.0,2.0,269.32840687694477
2024-09-04,70.34583333333333,83.1,59.2,0.0,0.0,0.0,1016.7041666666668,1017.4,1015.4,20.02834,11.81604,15.92219,3.6666666666666665,5.0,2.0,348.59004030420635
2024-09-05,87.0,94.4,77.0,10.2,6.6,0.0,1012.1541666666668,1016.7,1008.5,19.44237,13.67292,16.557645,3.9166666666666665,7.0,1.0,56.70564073605152
2024-09-06,92.675,94.9,87.5,0.4,0.2,0.0,1010.1583333333332,1010.9,1009.6,20.17654,15.23628,17.706409999999998,3.5833333333333335,6.0,1.0,280.44784322754714
2024-09-07,82.50833333333334,93.6,70.1,0.0,0.0,0.0,1009.5083333333332,1011.3,1006.6,20.63779,12.75482,16.696305,1.4166666666666667,2.0,1.0,49.03572248942646
2024-09-08,82.05416666666666,92.6,65.2,8.2,3.8,0.0,1003.9416666666666,1006.2,1002.4,21.10326,13.2696,17.18643,2.8333333333333335,6.0,1.0,23.49640762678405
2024-09-09,75.89999999999999,90.8,61.5,0.2,0.2,0.0,1010.0375,1014.1,1004.0,17.48823,13.52549,15.50686,6.5,10.0,2.0,315.4953479169863
2024-09-10,79.23333333333333,87.1,59.9,1.8000000000000005,0.8,0.0,1008.5,1014.2,1004.4,19.38937,10.08336,14.736365,8.375,12.0,4.0,253.60367447868708
2024-09-11,71.60833333333333,88.5,45.6,0.8,0.8,0.0,1009.475,1012.3,1007.4,16.32258,7.36706,11.84482,6.125,10.0,4.0,281.1145976478173
2024-09-12,70.27083333333333,85.4,49.9,0.0,0.0,0.0,1016.5125,1023.1,1012.6,15.85531,5.73898,10.797145,5.333333333333333,8.0,3.0,327.60697999911855
2024-09-13,65.89583333333333,88.6,42.0,0.0,0.0,0.0,1028.2416666666666,1031.3,1023.6,17.3999,3.79261,10.596255,3.0416666666666665,5.0,1.0,324.5564820351548
2024-09-14,67.85833333333333,83.7,52.6,0.0,0.0,0.0,1030.4333333333334,1031.5,1029.3,19.44221,4.10125,11.77173,3.8333333333333335,8.0,1.0,293.6192026774734
2024-09-15,74.75416666666666,87.5,58.5,0.0,0.0,0.0,1027.0958333333333,1029.3,1025.4,19.94115,7.13963,13.54039,3.9583333333333335,8.0,2.0,266.5411409769286
2024-09-16,71.22916666666667,90.0,49.0,0.0,0.0,0.0,1028.6041666666667,1031.5,1026.0,20.54221,12.00506,16.273635,3.7083333333333335,6.0,2.0,24.927886754831036
2024-09-17,66.34166666666667,81.8,50.0,0.0,0.0,0.0,1030.5708333333334,1031.9,1028.9,21.26309,9.00788,15.135485,3.2916666666666665,5.0,2.0,72.50178843793032
2024-09-18,68.94583333333334,80.0,51.2,0.0,0.0,0.0,1027.6416666666669,1029.6,1025.6,23.60434,14.731,19.16767,3.6666666666666665,5.0,3.0,62.85120489004083
2024-09-19,72.08749999999999,84.7,44.0,0.0,0.0,0.0,1024.2958333333331,1026.5,1022.3,25.00224,15.95468,20.47846,3.9583333333333335,6.0,3.0,55.68664721064113
2024-09-20,71.85416666666667,82.4,54.5,0.0,0.0,0.0,1020.65,1023.4,1018.7,23.32701,15.25033,19.28867,3.75,7.0,2.0,70.86297198583907
2024-09-21,75.95416666666667,87.6,54.1,0.0,0.0,0.0,1017.1625,1018.9,1015.6,24.04683,14.71433,19.38058,2.375,3.0,1.0,97.740816728661
2024-09-22,85.20416666666667,92.1,68.5,19.6,6.8,0.0,1011.3541666666666,1015.7,1007.4,21.0658,15.816,18.4409,2.0,4.0,1.0,105.06691830880834
2024-09-23,83.02083333333333,95.1,68.1,27.2,11.6,0.0,1003.7708333333334,1006.8,1002.2,18.68338,15.38129,17.032335,6.833333333333333,12.0,2.0,232.3824782231614
2024-09-24,77.39166666666667,93.3,59.7,1.0,0.6,0.0,1003.2125,1004.9,1001.0,17.04272,13.4504,15.24656,5.041666666666667,7.0,2.0,292.8795563554501
2024-09-25,80.54583333333333,93.1,66.8,5.8,2.6,0.0,998.225,1004.6,989.4,17.67264,10.56571,14.119175,4.083333333333333,7.0,2.0,185.33960926381036
2024-09-26,83.87083333333334,94.9,66.4,15.8,7.4,0.0,986.8041666666668,989.9,982.8,18.41872,11.38304,14.90088,6.291666666666667,14.0,1.0,212.4171625466135
2024-09-27,74.10000000000001,89.4,50.4,10.2,4.8,0.0,1001.4166666666666,1016.2,990.0,13.49759,9.18509,11.34134,7.375,10.0,3.0,326.60352271422784
2024-09-28,69.78750000000001,88.2,45.1,0.0,0.0,0.0,1023.3,1027.1,1017.0,15.32956,3.25639,9.292975,3.7916666666666665,7.0,1.0,316.34269772282255
2024-09-29,69.50416666666666,83.3,53.3,0.2,0.2,0.0,1019.45,1026.8,1008.5,15.37054,4.01597,9.693255,3.75,7.0,1.0,109.49128036818048
2024-09-30,84.23333333333333,93.8,71.6,4.8,1.8,0.0,1002.1458333333334,1006.5,998.5,17.36512,9.76808,13.5666,7.166666666666667,12.0,2.0,210.32807974914337
2024-10-01,85.23333333333333,93.4,74.7,13.6,5.8,0.0,1007.0833333333334,1008.4,1004.6,14.4356,11.3091,12.87235,6.75,9.0,5.0,302.97128726993265
2024-10-02,80.09166666666667,92.1,64.4,2.4,0.8,0.0,1013.3875,1019.1,1007.7,17.18625,11.71447,14.45036,5.125,8.0,3.0,27.10919084618467
2024-10-03,72.2625,86.3,60.5,0.0,0.0,0.0,1021.1041666666666,1022.3,1019.1,16.0754,9.03785,12.556625,2.5833333333333335,5.0,0.0,50.39769267476089
2024-10-04,73.73333333333333,90.8,49.9,0.2,0.2,0.0,1021.1708333333332,1022.3,1020.0,17.22632,4.03336,10.629840000000002,1.9166666666666667,4.0,1.0,83.96219059756226
2024-10-05,67.08333333333333,79.1,48.2,0.0,0.0,0.0,1014.6583333333332,1019.8,1008.1,17.63885,6.33125,11.98505,2.7083333333333335,6.0,1.0,117.25212153126353
2024-10-06,81.02083333333333,93.8,71.0,0.4,0.2,0.0,1000.1458333333334,1006.8,995.7,15.27847,10.18073,12.7296,3.125,5.0,2.0,130.51226702268752
2024-10-07,81.8875,94.2,64.2,4.6,3.4,0.0,997.3041666666668,999.3,993.8,19.20537,10.22794,14.716655,3.625,7.0,1.0,160.96326667423102
2024-10-08,83.74166666666666,94.4,63.2,5.8,1.6,0.0,992.25,993.9,988.5,18.18334,11.28975,14.736545,3.6666666666666665,7.0,1.0,150.05407649611743
2024-10-09,82.05833333333334,89.7,68.1,0.6000000000000001,0.2,0.0,987.2,992.2,985.6,16.26202,12.56431,14.413165,5.25,7.0,2.0,288.98382750278523
2024-10-10,71.87916666666666,86.1,52.7,0.4,0.2,0.0,1005.3291666666668,1013.9,993.5,12.34087,8.94089,10.64088,5.791666666666667,8.0,2.0,0.8300694298835651
2024-10-11,70.50833333333334,91.3,45.0,0.0,0.0,0.0,1016.2208333333332,1018.0,1014.3,13.66191,1.46917,7.56554,2.375,4.0,1.0,230.25517310772707
2024-10-12,72.72083333333333,85.9,62.5,0.6,0.6,0.0,1008.5125,1014.2,1004.6,15.22791,5.61516,10.421535,4.0,8.0,1.0,182.6635167453379
2024-10-13,70.81666666666666,77.7,60.7,0.0,0.0,0.0,1017.8958333333334,1020.3,1011.8,10.9636,4.32496,7.64428,3.4583333333333335,7.0,1.0,250.34459360452803
2024-10-14,87.82916666666667,93.8,72.2,10.0,3.0,0.0,1015.1208333333334,1017.7,1012.3,12.86105,6.62408,9.742565,2.3333333333333335,3.0,1.0,120.41533596201162
2024-10-15,88.07083333333333,93.8,76.5,0.2,0.2,0.0,1013.4791666666666,1017.5,1007.0,17.4822,9.74751,13.614855,2.3333333333333335,3.0,2.0,118.75416666774026
2024-10-16,84.4875,92.6,69.7,0.4,0.2,0.0,1002.4458333333332,1006.3,1000.3,21.65642,12.80536,17.230890000000002,3.4166666666666665,5.0,1.0,134.11190167354147
2024-10-17,81.8,93.5,62.2,1.0,0.8,0.0,1009.3958333333334,1014.8,1002.9,18.44057,13.72416,16.082365,4.125,6.0,1.0,260.94854597281955
2024-10-18,87.36666666666667,97.8,63.9,0.6,0.6,0.0,1014.0625,1016.3,1010.5,17.14371,7.22563,12.18467,3.125,7.0,2.0,319.990028005093
2024-10-19,83.575,93.6,62.8,5.6,1.8,0.0,1011.3,1015.4,1008.2,17.70227,9.80415,13.75321,3.5416666666666665,8.0,1.0,139.9097203250871
2024-10-20,83.37083333333334,90.2,76.9,1.0,0.4,0.0,1010.7083333333334,1015.1,1006.5,17.62846,9.32709,13.477775,7.0,14.0,2.0,172.8223235485765
2024-10-21,81.56666666666666,91.2,75.6,0.0,0.0,0.0,1020.5125,1023.3,1015.5,14.28886,11.609,12.94893,4.875,10.0,2.0,253.8525085183239
2024-10-22,84.65416666666667,92.7,71.4,0.0,0.0,0.0,1028.05,1032.1,1024.0,16.9104,6.85909,11.884745,4.5,10.0,2.0,235.10776520458023
2024-10-23,83.82083333333334,93.6,67.5,0.0,0.0,0.0,1030.9666666666667,1032.9,1027.1,17.13315,9.85923,13.49619,2.5,4.0,1.0,37.89321690792565
2024-10-24,83.39583333333333,93.4,64.1,0.2,0.2,0.0,1019.3208333333332,1026.5,1013.9,17.95249,7.495,12.723745,2.6666666666666665,5.0,1.0,121.25858436033138
2024-10-25,91.25416666666666,95.3,86.7,0.6000000000000001,0.4,0.0,1013.9208333333332,1017.2,1012.1,16.4608,10.977,13.7189,2.0416666666666665,5.0,1.0,131.32359454359778
2024-10-26,88.36666666666667,93.7,76.9,0.2,0.2,0.0,1016.0458333333332,1017.3,1014.8,14.65743,7.97701,11.31722,1.75,3.0,1.0,113.89651338362351
2024-10-27,83.72916666666667,95.7,58.3,0.0,0.0,0.0,1021.5666666666666,1023.8,1016.9,15.78106,6.04555,10.913305,2.9166666666666665,5.0,1.0,333.1530248274866
2024-10-28,88.44166666666666,94.1,83.3,0.8,0.2,0.0,1021.6583333333332,1022.8,1020.8,15.06817,9.24343,12.1558,6.25,8.0,4.0,232.80467790094588
2024-10-29,87.86666666666667,94.6,76.3,0.6000000000000001,0.4,0.0,1024.2791666666667,1026.9,1022.2,15.68831,11.34629,13.5173,2.7083333333333335,5.0,1.0,319.26154736779006
2024-10-30,78.19166666666666,83.9,69.9,0.0,0.0,0.0,1028.7291666666667,1029.7,1027.3,14.43398,11.77714,13.10556,2.9166666666666665,4.0,2.0,13.073351729450051
2024-10-31,77.575,86.0,67.1,0.0,0.0,0.0,1027.0958333333333,1029.3,1025.1,14.83097,7.98873,11.40985,1.5416666666666667,3.0,1.0,8.236554878183767
2024-11-01,77.88333333333334,86.4,71.7,0.0,0.0,0.0,1025.25,1028.6,1023.7,12.57957,10.5478,11.563685,3.9166666666666665,6.0,2.0,343.3131381247411
2024-11-02,79.9875,90.3,73.0,0.2,0.2,0.0,1029.875,1031.0,1028.8,14.35025,10.93719,12.64372,2.125,3.0,1.0,86.86592131215332
2024-11-03,75.02916666666667,79.5,70.0,0.0,0.0,0.0,1028.3541666666667,1030.0,1027.3,12.67733,11.55512,12.116225,2.2916666666666665,3.0,2.0,120.0
2024-11-04,76.74166666666666,85.3,70.1,0.0,0.0,0.0,1025.3125,1027.5,1022.6,12.84312,10.23996,11.54154,2.125,3.0,1.0,121.66196100935927
2024-11-05,83.7,88.5,80.7,0.0,0.0,0.0,1023.3041666666668,1026.5,1021.6,11.28784,8.78906,10.03845,2.5,4.0,1.0,269.9915722758649
2024-11-06,91.325,94.4,88.9,0.0,0.0,0.0,1030.5083333333334,1032.7,1026.6,10.80727,8.80353,9.8054,1.7083333333333333,4.0,1.0,17.61359732929293
2024-11-07,87.65416666666665,93.3,76.9,0.0,0.0,0.0,1030.5583333333334,1032.7,1029.3,12.0881,9.07276,10.58043,2.0416666666666665,3.0,1.0,114.24060838271993
2024-11-08,80.40833333333333,83.5,77.0,0.0,0.0,0.0,1025.65,1029.0,1023.8,9.43371,8.35399,8.89385,2.2916666666666665,3.0,2.0,122.07103814222064
2024-11-09,77.6375,83.2,71.2,0.0,0.0,0.0,1024.3083333333334,1026.0,1023.4,8.56346,7.40745,7.985455,2.75,4.0,1.0,331.4522280618068
2024-11-10,84.425,94.3,74.6,0.0,0.0,0.0,1028.0833333333333,1030.5,1026.0,11.9173,5.38109,8.649194999999999,2.4166666666666665,4.0,1.0,337.0602051826907
2024-11-11,75.32083333333334,93.6,54.6,0.0,0.0,0.0,1034.75,1037.4,1030.8,11.83344,7.36586,9.59965,4.25,6.0,2.0,351.695926365568
2024-11-12,77.50416666666666,90.0,59.3,0.4,0.4,0.0,1035.55,1036.8,1034.3,12.57675,4.26937,8.42306,6.166666666666667,8.0,4.0,21.30462186357005
2024-11-13,81.53333333333333,89.7,70.5,0.0,0.0,0.0,1034.9791666666667,1036.6,1033.2,11.9255,7.38701,9.656255,3.4583333333333335,5.0,2.0,3.4624291655238153
2024-11-14,79.90833333333333,93.3,66.6,0.0,0.0,0.0,1031.6791666666666,1032.9,1031.0,12.47162,5.30513,8.888375,3.25,6.0,2.0,19.406448666342555
2024-11-15,76.92916666666666,89.6,72.8,0.0,0.0,0.0,1027.55,1031.1,1023.9,9.90399,8.10997,9.00698,2.7916666666666665,5.0,1.0,325.2368335172296
2024-11-16,86.29583333333333,90.8,82.5,0.2,0.2,0.0,1018.9416666666666,1023.5,1015.9,10.94595,2.6832,6.814575,3.7916666666666665,6.0,1.0,310.6479773263975
2024-11-17,82.5,90.5,68.6,1.4,0.8,0.0,1014.6458333333334,1016.5,1012.2,10.88294,6.60536,8.74415,5.0,8.0,3.0,286.6903042194133
2024-11-18,87.54166666666667,95.0,77.8,12.2,2.2,0.0,1009.4708333333332,1013.1,998.6,11.5518,5.81229,8.682045,2.2083333333333335,3.0,1.0,349.768536809486
2024-11-19,89.53333333333335,94.9,83.0,12.4,2.4,0.0,998.4166666666666,1005.3,994.5,4.3576,1.74734,3.0524699999999996,6.083333333333333,11.0,3.0,344.7885279355632
2024-11-20,81.85833333333333,89.6,66.2,0.0,0.0,0.0,1009.275,1011.3,1006.2,5.29498,-1.51724,1.88887,5.5,10.0,3.0,282.27196106903546
2024-11-21,77.40833333333333,88.4,59.5,0.0,0.0,0.0,1001.9,1009.8,997.4,3.99037,-1.48718,1.251595,3.2916666666666665,6.0,1.0,265.6070492398245
2024-11-22,72.88333333333334,80.9,64.3,0.0,0.0,0.0,1007.8541666666666,1014.8,1001.8,8.64936,-1.13102,3.75917,6.291666666666667,10.0,2.0,265.85224480243534
2024-11-23,85.15833333333333,90.1,74.4,3.6,0.8,0.0,1003.4375,1014.4,996.5,16.36551,-0.10612,8.129695,6.0,11.0,1.0,164.19523339723366
2024-11-24,74.59583333333333,88.0,64.4,6.2,3.6,0.0,994.9583333333334,996.9,993.3,17.63155,8.46313,13.04734,10.208333333333334,13.0,7.0,211.41155026339217
2024-11-25,76.55833333333334,89.9,57.3,3.8,1.6,0.0,1001.4666666666668,1010.0,995.5,12.0714,9.33207,10.701735,7.916666666666667,11.0,5.0,234.5598006257252
2024-11-26,74.74166666666666,81.6,63.8,0.0,0.0,0.0,1014.9416666666666,1017.7,1010.5,11.19673,4.62167,7.9092,3.9166666666666665,7.0,1.0,219.31762425111577
2024-11-27,88.68333333333334,96.2,79.7,26.4,7.8,0.0,1013.0,1022.9,1004.8,7.33427,3.93719,5.635730000000001,4.833333333333333,9.0,1.0,351.44389732836584
2024-11-28,87.86666666666667,94.1,71.6,0.2,0.2,0.0,1027.9,1029.8,1023.9,7.64452,-1.69901,2.9727550000000003,1.5416666666666667,2.0,1.0,175.7905408953958
2024-11-29,78.08333333333333,90.6,56.6,0.0,0.0,0.0,1026.1041666666667,1029.5,1023.4,11.31002,-0.55896,5.3755299999999995,2.75,5.0,2.0,128.8130960026184
2024-11-30,88.23333333333333,93.4,77.0,0.0,0.0,0.0,1023.1416666666668,1024.3,1020.7,14.1174,5.13994,9.62867,2.5,4.0,1.0,145.5115518472627
2024-12-01,88.75416666666666,93.3,83.1,2.6,1.4,0.0,1014.2375,1020.0,1011.5,13.34815,10.30891,11.82853,4.375,8.0,2.0,169.40491968917513
2024-12-02,80.00833333333334,88.1,68.7,0.0,0.0,0.0,1013.2041666666668,1018.8,1010.4,10.57449,7.98577,9.28013,7.0,8.0,5.0,276.89018339055565
2024-12-03,79.4375,87.2,69.6,0.0,0.0,0.0,1022.6208333333334,1025.1,1019.2,7.89994,4.74862,6.32428,3.1666666666666665,6.0,1.0,54.817467499886334
2024-12-04,86.64583333333333,92.3,80.7,0.4,0.2,0.0,1024.2958333333331,1026.3,1019.2,13.19402,0.696,6.94501,3.125,5.0,2.0,213.96785842505577
2024-12-05,85.75,93.3,68.3,7.8,1.6,0.0,1007.7333333333332,1018.2,999.3,14.15144,4.44599,9.298715,8.083333333333334,15.0,4.0,222.0272783638995
2024-12-06,72.99166666666666,90.8,65.5,0.6000000000000001,0.4,0.0,1013.2041666666668,1019.2,1001.7,12.85462,5.61114,9.23288,5.916666666666667,12.0,2.0,258.26010728204477
2024-12-07,78.91250000000001,90.5,67.2,5.6,3.0,0.0,994.5958333333332,1004.1,988.6,7.96144,6.02851,6.994975,14.5,20.0,5.0,281.93442449010263
2024-12-08,83.78750000000001,87.4,79.3,8.4,1.2,0.0,1016.4208333333332,1026.1,1004.7,8.30585,5.89026,7.098055,11.5,15.0,7.0,5.8018372314376165
2024-12-09,75.60833333333333,79.7,68.6,0.0,0.0,0.0,1030.0708333333334,1032.2,1026.8,8.07134,5.96535,7.018345,7.333333333333333,9.0,6.0,28.75258490879725
2024-12-10,78.05833333333334,90.0,69.6,0.0,0.0,0.0,1032.3333333333333,1033.0,1031.8,7.23291,5.96416,6.598535,5.833333333333333,7.0,4.0,32.078441529485815
2024-12-11,75.9625,83.2,69.9,0.0,0.0,0.0,1032.3458333333333,1033.1,1031.5,6.94867,5.62447,6.286569999999999,4.125,6.0,2.0,48.70572786705884
2024-12-12,87.2625,93.6,69.0,1.2000000000000002,0.4,0.0,1030.9708333333333,1033.1,1028.8,7.60037,4.71245,6.156409999999999,1.9583333333333333,4.0,1.0,68.42770868367194
2024-12-13,88.95833333333333,94.3,82.9,0.8,0.2,0.0,1025.5208333333333,1028.5,1022.9,5.50293,5.08979,5.29636,2.375,4.0,1.0,151.24812477631542
2024-12-14,85.1375,93.3,70.4,0.4,0.2,0.0,1022.6541666666668,1025.4,1020.7,9.21193,3.57039,6.39116,4.791666666666667,7.0,3.0,271.2009323815297
2024-12-15,86.43333333333334,91.0,82.1,0.0,0.0,0.0,1027.3916666666669,1030.3,1024.7,12.30456,4.04328,8.17392,6.541666666666667,10.0,4.0,244.20381715998175
2024-12-16,80.03333333333333,86.9,69.4,0.0,0.0,0.0,1030.7625,1032.2,1030.1,11.5008,9.13853,10.319665,8.125,10.0,6.0,244.5881042412599
2024-12-17,87.64583333333333,93.4,81.9,0.2,0.2,0.0,1023.375,1030.0,1013.5,13.74635,3.59556,8.670955,3.2916666666666665,6.0,1.0,187.4787528274086
2024-12-18,84.35833333333333,91.1,74.7,2.0,0.6,0.0,1006.1291666666666,1012.8,996.9,14.18123,8.18436,11.182795,9.958333333333334,15.0,5.0,227.47891203970468
2024-12-19,77.58333333333333,87.6,67.7,1.0,1.0,0.0,1007.4583333333334,1019.9,994.4,7.14048,5.46333,6.301905,9.0,13.0,3.0,308.9293995067513
2024-12-20,83.9,90.7,76.7,0.8,0.4,0.0,1018.8333333333334,1022.1,1014.9,9.16852,1.1248,5.14666,5.75,10.0,3.0,249.40735390655087
2024-12-21,82.71249999999999,91.7,67.9,1.0,0.8,0.0,1011.0416666666666,1017.2,1004.4,12.42636,2.22899,7.327675,9.125,15.0,4.0,244.4278741669641
2024-12-22,70.34166666666667,78.1,56.8,0.0,0.0,0.0,1006.7166666666668,1015.1,1003.5,7.41244,4.08328,5.74786,9.958333333333334,13.0,8.0,293.9838099458842
2024-12-23,74.18333333333334,94.7,62.0,0.2,0.2,0.0,1022.4666666666668,1025.2,1015.9,8.65678,3.63481,6.145795,6.166666666666667,11.0,3.0,299.5892062499041
2024-12-24,92.06666666666666,94.6,88.5,0.2,0.2,0.0,1025.9083333333333,1030.1,1023.1,11.91389,3.72347,7.81868,3.7083333333333335,6.0,2.0,253.9741597200498
2024-12-25,90.29166666666669,93.2,85.8,0.0,0.0,0.0,1032.6791666666666,1034.5,1030.3,9.43317,8.21576,8.824465,3.875,5.0,2.0,250.40579703873817
2024-12-26,92.05833333333334,94.6,89.0,0.0,0.0,0.0,1034.7291666666667,1036.0,1034.1,6.70989,6.0358,6.372845,1.9166666666666667,3.0,1.0,208.29221108082777
2024-12-27,96.09583333333336,97.0,93.3,0.0,0.0,0.0,1032.825,1034.0,1031.2,6.10401,5.40951,5.75676,1.9583333333333333,3.0,1.0,247.03898743874
2024-12-28,94.25416666666666,97.2,86.6,0.0,0.0,0.0,1029.2916666666667,1030.9,1028.1,5.62366,3.21615,4.419905,3.4166666666666665,5.0,2.0,271.2351271663708
2024-12-29,92.725,97.1,80.7,0.0,0.0,0.0,1029.9333333333334,1031.5,1029.0,8.12578,2.71103,5.418405,4.333333333333333,6.0,2.0,258.15898695827116
2024-12-30,79.66250000000001,83.8,77.1,0.0,0.0,0.0,1027.8041666666666,1029.5,1026.4,9.05168,3.09129,6.071484999999999,7.958333333333333,10.0,6.0,244.16989811036905
2024-12-31,78.15416666666667,86.2,71.7,0.0,0.0,0.0,1020.2666666666668,1026.0,1013.7,12.29007,6.57913,9.4346,10.041666666666666,16.0,6.0,230.0
2025-01-01,82.72500000000001,91.4,72.0,10.2,4.2,0.0,1008.3041666666668,1013.1,1003.8,12.25561,8.74756,10.501585,13.166666666666666,19.0,5.0,245.49491517250743
2025-01-02,80.70833333333333,92.2,65.9,0.0,0.0,0.0,1018.1833333333334,1024.0,1011.4,4.32768,0.81573,2.571705,4.5,6.0,2.0,337.52847790188014
2025-01-03,81.91666666666667,89.7,67.2,0.0,0.0,0.0,1023.6708333333332,1024.2,1022.9,5.01728,-3.44375,0.7867650000000002,3.7083333333333335,5.0,2.0,262.9242383604758
2025-01-04,84.25,94.2,74.9,3.8,1.4,0.0,1015.0916666666668,1023.4,1003.2,5.9199,-2.62118,1.6493600000000002,2.0833333333333335,5.0,1.0,136.30109700064634
2025-01-05,93.2625,97.8,88.7,21.8,3.2,0.0,988.3083333333334,1001.4,980.2,12.72802,-1.10896,5.8095300000000005,5.958333333333333,10.0,1.0,181.06189249157288
2025-01-06,84.16666666666667,91.3,72.3,4.8,1.4,0.0,982.5125,994.0,971.3,6.70723,4.26337,5.4853000000000005,8.625,11.0,6.0,247.49350828537212
2025-01-07,83.35416666666667,89.5,73.6,0.2,0.2,0.0,998.8708333333334,1003.5,994.4,5.55382,0.46902,3.01142,5.916666666666667,8.0,4.0,256.1268938855002
2025-01-08,85.27916666666667,89.6,76.9,0.8,0.4,0.0,1001.6375,1004.3,998.3,2.82675,-1.80957,0.5085900000000001,2.5,5.0,1.0,146.6377073961624
2025-01-09,78.33333333333333,86.8,58.2,0.0,0.0,0.0,1008.1583333333332,1017.6,999.4,3.97201,-0.71003,1.63099,4.541666666666667,7.0,3.0,313.8874674748234
2025-01-10,85.7375,92.2,73.1,0.2,0.2,0.0,1020.0791666666668,1024.0,1017.9,2.23745,-4.71292,-1.2377350000000005,1.5833333333333333,3.0,1.0,171.3704978075299
2025-01-11,87.77083333333333,92.2,75.1,0.0,0.0,0.0,1030.2083333333333,1036.5,1024.3,4.78359,-5.53509,-0.37575,1.8333333333333333,3.0,1.0,236.7810587958876
2025-01-12,85.74583333333334,93.7,71.5,0.0,0.0,0.0,1039.7625,1041.6,1036.0,4.15843,-5.09667,-0.4691199999999997,1.2083333333333333,2.0,0.0,169.27555012156608
2025-01-13,73.82083333333334,82.3,65.8,0.0,0.0,0.0,1039.275,1041.6,1037.1,6.50941,-2.01711,2.24615,3.75,8.0,2.0,197.7671203171195
2025-01-14,83.7375,94.5,77.5,0.0,0.0,0.0,1035.0375,1036.4,1033.9,10.21863,1.40802,5.813325,4.125,6.0,2.0,242.5047687215366
2025-01-15,95.15652173913044,97.2,92.1,0.4,0.2,0.0,1034.2833333333333,1035.0,1033.5,9.42054,3.37358,6.397060000000001,1.9166666666666667,3.0,1.0,256.4423303654715
2025-01-16,85.55416666666667,94.7,76.2,0.2,0.2,0.0,1034.5375,1035.2,1033.5,9.37312,5.70955,7.541335,2.7083333333333335,5.0,2.0,221.87017888048933
2025-01-17,80.82083333333334,82.7,79.3,0.0,0.0,0.0,1035.5166666666669,1036.8,1034.4,5.57019,4.84325,5.206720000000001,3.3333333333333335,5.0,2.0,219.62069589713855
2025-01-18,84.17083333333333,86.7,81.1,0.0,0.0,0.0,1029.6875,1034.2,1025.1,3.19171,1.75486,2.473285,2.1666666666666665,3.0,2.0,138.18727309959945
2025-01-19,77.37083333333334,80.9,72.6,0.0,0.0,0.0,1021.1666666666666,1024.9,1019.5,3.38772,1.80227,2.594995,2.4166666666666665,3.0,1.0,155.26836031513096
2025-01-20,82.625,86.5,80.1,0.2,0.2,0.0,1018.1958333333332,1019.7,1017.1,6.25396,1.22743,3.740695,2.0833333333333335,5.0,1.0,197.2679756546244
2025-01-21,87.8625,96.5,80.7,0.0,0.0,0.0,1013.7541666666666,1016.8,1009.3,5.79762,0.27902,3.03832,2.0416666666666665,3.0,1.0,164.9768056447963
2025-01-22,85.22500000000001,90.6,70.1,0.2,0.2,0.0,1004.5,1008.8,1002.6,4.75753,1.80094,3.279235,2.9166666666666665,5.0,1.0,23.092336354232486
2025-01-23,83.91250000000001,91.9,75.2,4.800000000000001,3.2,0.0,1002.6291666666666,1005.3,998.0,10.50716,0.13425,5.320705,5.708333333333333,12.0,3.0,234.3015236240728
2025-01-24,73.16250000000001,88.5,51.1,2.8,0.8,0.0,996.0541666666668,1001.1,990.3,11.15744,4.0161,7.58677,8.375,15.0,2.0,209.27356377104417
2025-01-25,72.97916666666667,87.7,53.4,1.2,1.2,0.0,1004.3,1008.2,997.8,8.12981,2.29205,5.21093,3.25,7.0,1.0,246.49517451122293
2025-01-26,81.23333333333333,90.1,72.4,5.0,1.6,0.0,995.45,1007.9,981.2,9.98847,-1.43823,4.275119999999999,4.333333333333333,8.0,1.0,145.02058407375335
2025-01-27,79.94583333333334,91.1,72.3,8.8,3.4,0.0,981.15,983.7,974.9,9.77281,4.45345,7.11313,8.291666666666666,16.0,5.0,207.0388188151728
2025-01-28,83.45,88.4,75.9,4.2,1.0,0.0,983.4333333333334,996.1,978.4,10.15168,5.59966,7.87567,7.375,13.0,4.0,219.03047700962873
2025-01-29,81.1875,90.0,73.5,0.0,0.0,0.0,1002.75,1008.4,997.3,8.38786,3.24852,5.8181899999999995,4.208333333333333,7.0,1.0,301.9507487150544
2025-01-30,72.75833333333334,80.0,60.6,0.0,0.0,0.0,1019.4541666666668,1025.2,1009.9,8.13636,1.45242,4.79439,5.375,8.0,3.0,335.989466965212
2025-01-31,88.325,93.4,81.3,5.4,1.4,0.0,1024.7166666666667,1028.8,1022.4,8.00785,1.03638,4.522114999999999,2.625,4.0,1.0,160.0619865007036
2025-02-01,84.02916666666667,89.8,77.6,0.0,0.0,0.0,1028.8916666666669,1030.5,1025.6,5.88248,4.45253,5.167505,2.25,3.0,1.0,128.62121231903683
2025-02-02,83.125,92.3,62.6,0.0,0.0,0.0,1023.1125,1025.4,1021.4,8.55133,-1.72863,3.41135,2.1666666666666665,4.0,1.0,152.34300821991883
2025-02-03,88.22916666666667,94.1,77.3,0.2,0.2,0.0,1024.6625,1025.5,1023.7,8.47846,-1.60712,3.43567,2.4583333333333335,4.0,2.0,173.98237633666315
2025-02-04,84.50416666666666,92.6,74.2,0.0,0.0,0.0,1023.2458333333334,1028.5,1021.2,10.01569,2.85,6.4328449999999995,5.0,9.0,2.0,208.22567496438893
2025-02-05,78.85833333333333,91.2,66.2,0.0,0.0,0.0,1037.2958333333331,1042.9,1029.5,10.10074,1.0699,5.58532,3.875,6.0,1.0,279.92268172365203
2025-02-06,77.10416666666667,86.2,65.0,0.0,0.0,0.0,1041.7083333333333,1044.0,1036.7,8.37315,-0.52064,3.926255,2.875,4.0,2.0,71.82164248599543
2025-02-07,83.16666666666667,90.8,75.3,6.8,1.2,0.0,1025.275,1035.9,1017.3,4.56634,1.70663,3.1364850000000004,3.7916666666666665,6.0,2.0,96.75067190727157
2025-02-08,89.26666666666667,94.4,77.8,2.6,0.6,0.0,1018.0416666666666,1023.3,1015.4,6.2137,2.60279,4.408245,2.2083333333333335,3.0,1.0,125.00635426544636
2025-02-09,86.61666666666667,90.9,82.9,2.4000000000000004,0.8,0.0,1027.4041666666667,1029.3,1023.8,6.07608,-0.27164,2.90222,2.125,4.0,1.0,101.9596214425963
2025-02-10,84.05416666666666,89.7,77.4,2.4,0.6,0.0,1023.8291666666664,1028.8,1019.8,4.337,3.40881,3.872905,4.458333333333333,6.0,3.0,47.343675540597985
2025-02-11,86.41666666666667,90.5,79.8,0.2,0.2,0.0,1018.5125,1019.6,1017.6,4.61753,2.30549,3.46151,4.458333333333333,6.0,3.0,0.8991979875224274
2025-02-12,81.69166666666666,88.1,71.7,0.0,0.0,0.0,1019.4,1021.4,1018.4,5.5604,3.21717,4.3887849999999995,4.083333333333333,5.0,3.0,19.961581841108625
2025-02-13,73.45416666666667,84.7,63.0,0.0,0.0,0.0,1023.3125,1025.0,1021.6,4.499,3.5844,4.0417,2.9583333333333335,5.0,2.0,68.89862020231698
2025-02-14,66.55,76.1,55.5,0.0,0.0,0.0,1024.8875,1026.3,1024.0,6.12346,1.81932,3.97139,3.4583333333333335,6.0,2.0,125.0
2025-02-15,77.425,83.9,67.7,0.8,0.4,0.0,1020.2916666666666,1023.8,1018.3,6.10055,1.30108,3.700815,2.8333333333333335,4.0,2.0,123.72138488479106
2025-02-16,74.22500000000001,87.2,64.2,0.0,0.0,0.0,1020.4125,1022.0,1018.7,5.18949,1.0345,3.1119950000000003,3.1666666666666665,4.0,2.0,121.66196100935927
2025-02-17,70.1375,80.5,54.0,0.0,0.0,0.0,1022.1833333333334,1023.0,1021.4,6.55227,-1.89685,2.32771,2.7916666666666665,5.0,1.0,122.0784415294858
2025-02-18,71.3,81.3,55.7,0.0,0.0,0.0,1020.5208333333334,1022.5,1017.9,7.53717,-0.73191,3.40263,2.8333333333333335,4.0,2.0,122.4952312784634
2025-02-19,76.69166666666666,86.6,71.3,0.0,0.0,0.0,1015.975,1017.6,1015.1,11.6013,0.66078,6.1310400000000005,2.3333333333333335,4.0,1.0,130.12478471574263
2025-02-20,89.925,93.1,85.6,1.4,1.2,0.0,1014.2958333333332,1016.1,1012.7,12.97996,2.86884,7.9244,6.0,11.0,2.0,197.921301946583
2025-02-21,86.20416666666667,94.0,71.2,3.2,0.6,0.0,1010.2125,1015.3,1007.1,15.48779,11.32645,13.40712,4.125,6.0,3.0,152.48525244465625
2025-02-22,84.82083333333334,94.5,61.6,5.2,1.2,0.0,1013.0541666666668,1022.0,1007.2,13.81976,9.07159,11.445675,4.208333333333333,9.0,1.0,225.69432236098737
2025-02-23,83.96666666666667,93.9,74.7,0.2,0.2,0.0,1019.975,1023.5,1014.3,11.15291,5.05766,8.105285,5.291666666666667,10.0,2.0,186.4148476398492
2025-02-24,85.39583333333333,93.7,68.9,13.6,2.8,0.0,1011.625,1013.6,1009.6,14.20639,9.04241,11.6244,6.833333333333333,10.0,3.0,229.0104041839466
2025-02-25,76.91250000000001,92.9,57.2,1.2,1.0,0.0,1013.6833333333334,1017.5,1011.3,11.69771,6.57294,9.135325,4.458333333333333,8.0,2.0,270.4136456610474
2025-02-26,84.58749999999999,90.2,70.8,4.8,1.8,0.0,1013.4458333333332,1018.0,1009.8,9.07724,1.82034,5.44879,4.916666666666667,9.0,2.0,222.79291518301412
2025-02-27,73.0125,86.9,54.4,0.0,0.0,0.0,1019.4416666666666,1026.6,1013.0,10.11426,3.23537,6.674815,5.5,8.0,2.0,320.17830165284954
2025-02-28,72.96666666666667,89.6,52.1,0.0,0.0,0.0,1028.975,1031.2,1026.9,10.30769,-1.20472,4.551485,2.3333333333333335,5.0,1.0,331.1370390909586
2025-03-01,76.67916666666666,95.2,51.1,0.0,0.0,0.0,1034.2583333333334,1036.6,1031.5,10.07504,-1.26559,4.404725,1.875,3.0,1.0,121.33822809999856
2025-03-02,75.40833333333333,92.3,50.5,0.0,0.0,0.0,1034.25,1036.4,1031.6,11.14593,-1.98795,4.57899,1.9166666666666667,4.0,1.0,171.13629908168912
2025-03-03,72.25416666666666,92.4,42.5,0.0,0.0,0.0,1029.6958333333334,1031.6,1027.7,12.59103,-2.33677,5.12713,1.7916666666666667,3.0,1.0,193.8796351123629
2025-03-04,69.25,87.1,37.7,0.0,0.0,0.0,1026.1583333333333,1028.4,1023.7,13.69787,-2.01203,5.8429199999999994,2.5416666666666665,5.0,1.0,228.8721188076829
2025-03-05,74.03333333333333,89.8,50.4,0.2,0.2,0.0,1022.0,1024.3,1018.9,14.65968,-1.58971,6.534985,2.9166666666666665,6.0,1.0,220.2588796900401
2025-03-06,66.67083333333333,88.6,47.2,0.0,0.0,0.0,1014.2791666666668,1018.5,1012.0,17.34854,0.63952,8.99403,2.25,5.0,0.0,151.3018438882629
2025-03-07,68.09166666666667,77.7,58.9,0.0,0.0,0.0,1011.6291666666666,1012.6,1011.1,17.29905,6.58791,11.94348,2.7916666666666665,4.0,2.0,139.69437700212725
2025-03-08,62.42916666666667,77.4,47.8,0.0,0.0,0.0,1008.0333333333332,1011.2,1005.7,17.42828,5.7384,11.58334,2.75,5.0,1.0,125.41294263579044
2025-03-09,63.69583333333333,78.6,46.2,0.0,0.0,0.0,1002.825,1005.4,1001.1,18.11097,6.82351,12.46724,2.2916666666666665,4.0,1.0,125.41189575874006
2025-03-10,71.83749999999999,80.0,62.7,0.0,0.0,0.0,1003.45,1007.4,1000.6,13.11312,8.16324,10.63818,3.9583333333333335,7.0,1.0,45.90034579292944
2025-03-11,69.92916666666666,82.9,58.4,0.0,0.0,0.0,1007.4791666666666,1008.4,1006.7,8.94084,5.63087,7.285855,6.333333333333333,8.0,4.0,23.32106562272321
2025-03-12,73.14583333333333,82.2,55.9,0.0,0.0,0.0,1003.3666666666668,1006.2,1001.5,8.7832,3.2131,5.998150000000001,4.833333333333333,7.0,3.0,335.4241870094479
2025-03-13,80.14583333333333,86.9,72.3,2.2,1.2,0.0,1003.9125,1006.9,1002.4,8.23607,1.56437,4.90022,4.583333333333333,7.0,1.0,20.952482238231767
2025-03-14,74.39166666666667,91.8,55.6,0.0,0.0,0.0,1011.2666666666668,1017.8,1006.9,8.65626,-1.68174,3.48726,3.0,7.0,1.0,64.52466562419471
2025-03-15,64.96249999999999,87.4,45.2,0.0,0.0,0.0,1021.5458333333332,1024.1,1018.2,8.64215,0.7525,4.697325,4.166666666666667,6.0,2.0,53.1171906451213
2025-03-16,68.9375,84.4,52.1,0.0,0.0,0.0,1025.0375,1027.2,1023.7,9.1165,-1.04145,4.0375250000000005,4.041666666666667,6.0,2.0,49.18508100535155
2025-03-17,71.85416666666667,82.5,60.1,0.0,0.0,0.0,1027.8791666666666,1029.1,1027.0,8.33881,3.95585,6.14733,3.0833333333333335,4.0,2.0,105.41602249768243
2025-03-18,62.833333333333336,82.1,40.3,0.0,0.0,0.0,1023.9791666666666,1027.0,1021.6,11.40921,1.72344,6.566325,3.3333333333333335,6.0,2.0,123.7470169862312
2025-03-19,66.65833333333333,83.4,50.4,0.0,0.0,0.0,1020.7041666666668,1021.5,1019.3,17.67813,-0.25451,8.71181,2.4583333333333335,5.0,1.0,149.22096698443596
2025-03-20,62.57083333333333,79.8,47.8,0.0,0.0,0.0,1018.8791666666666,1021.0,1016.0,20.24488,5.7501,12.99749,2.0416666666666665,4.0,1.0,129.03484228589076
2025-03-21,67.51666666666667,79.5,52.2,0.0,0.0,0.0,1007.1166666666668,1015.4,1001.6,17.70957,8.86347,13.28652,2.9166666666666665,4.0,2.0,124.54789899397385
2025-03-22,76.46249999999999,85.1,66.0,0.0,0.0,0.0,999.9125,1001.1,998.5,16.82745,10.94586,13.886655,2.75,4.0,1.0,123.11709122446224
2025-03-23,83.19583333333334,88.0,77.2,0.0,0.0,0.0,1003.425,1011.2,999.1,13.27422,8.12561,10.699915,3.7916666666666665,9.0,1.0,31.521527186958167
2025-03-24,74.10833333333333,85.1,57.7,0.0,0.0,0.0,1017.4,1021.5,1011.8,13.37911,7.01673,10.19792,5.083333333333333,8.0,1.0,7.395426862505189
2025-03-25,81.71249999999999,94.9,67.9,0.0,0.0,0.0,1022.1875,1024.2,1021.1,14.64286,3.07305,8.857955,4.291666666666667,6.0,2.0,289.4968905673218
2025-03-26,72.85833333333333,89.9,50.3,0.0,0.0,0.0,1024.7166666666667,1026.2,1023.4,17.12897,7.22394,12.176455,2.625,4.0,1.0,251.80924372108876
2025-03-27,77.94166666666666,88.4,65.9,0.0,0.0,0.0,1020.4625,1023.9,1015.8,14.63882,3.45858,9.0487,4.75,7.0,1.0,245.07852162522943
2025-03-28,65.74166666666666,88.5,41.2,0.2,0.2,0.0,1012.8333333333334,1017.4,1011.0,15.2743,8.57769,11.925995,7.75,10.0,6.0,281.7051840794014
2025-03-29,66.825,84.0,44.2,0.0,0.0,0.0,1020.5708333333332,1023.4,1017.1,14.48137,1.79239,8.13688,6.583333333333333,11.0,3.0,262.541347233742
2025-03-30,63.87916666666666,84.7,39.2,0.0,0.0,0.0,1020.825,1026.6,1016.8,17.25853,8.43194,12.845235,7.75,12.0,4.0,317.6246521891183
2025-03-31,62.7304347826087,80.1,46.3,0.0,0.0,0.0,1028.3260869565215,1029.6,1027.1,16.69273,3.05123,9.87198,2.652173913043478,4.0,1.0,82.1785180496147
2025-04-01,66.77499999999999,85.6,40.4,0.0,0.0,0.0,1025.9166666666667,1028.3,1023.4,14.27636,4.97667,9.626515,8.208333333333334,12.0,5.0,85.03807584731015
2025-04-02,60.675,76.7,41.8,0.0,0.0,0.0,1021.7,1024.2,1019.2,16.29793,6.05538,11.176655,8.458333333333334,13.0,4.0,67.46005837877078
2025-04-03,61.1375,73.6,44.2,0.0,0.0,0.0,1019.3291666666668,1020.1,1018.5,18.64455,8.0997,13.372125,7.041666666666667,10.0,4.0,74.60058428165746
2025-04-04,56.20416666666666,77.5,32.9,0.0,0.0,0.0,1018.9625,1020.2,1017.1,21.51107,8.49219,15.00163,6.208333333333333,10.0,2.0,70.76564157653945
2025-04-05,55.425,83.9,27.9,0.0,0.0,0.0,1020.4708333333332,1022.6,1019.5,17.86781,5.515,11.691405,7.625,10.0,5.0,52.09764187796037
2025-04-06,57.82083333333333,82.2,29.0,0.0,0.0,0.0,1023.6916666666666,1026.1,1022.4,15.37464,4.94665,10.160645,6.416666666666667,9.0,4.0,65.37685122253299
2025-04-07,59.708333333333336,87.6,33.7,0.0,0.0,0.0,1026.1875,1027.7,1025.3,15.25483,3.30809,9.28146,4.875,7.0,2.0,75.0294850968624
2025-04-08,60.72083333333333,84.7,39.2,0.0,0.0,0.0,1027.2125,1028.5,1025.7,16.14497,1.95404,9.049505,3.7916666666666665,7.0,2.0,74.61506394585302
2025-04-09,68.10000000000001,87.1,53.2,0.0,0.0,0.0,1029.4,1032.7,1027.3,13.34357,3.22995,8.28676,4.458333333333333,7.0,2.0,45.83724731963093
2025-04-10,64.30416666666666,76.8,42.5,0.0,0.0,0.0,1030.675,1032.9,1027.3,15.95922,4.54755,10.253385,2.9166666666666665,5.0,1.0,59.80117145567294
2025-04-11,59.80416666666667,94.5,22.5,0.0,0.0,0.0,1021.6833333333334,1027.0,1016.2,22.32665,3.43683,12.88174,2.125,4.0,1.0,215.79192508674052
2025-04-12,57.29583333333333,90.2,31.2,0.0,0.0,0.0,1006.5583333333334,1015.9,999.5,22.38913,5.21699,13.80306,3.7916666666666665,6.0,1.0,118.30221059328716
2025-04-13,69.08749999999999,79.8,48.8,0.2,0.2,0.0,1003.5833333333334,1007.0,999.8,17.04681,10.18055,13.61368,4.291666666666667,6.0,3.0,236.83434837971097
2025-04-14,69.86666666666666,94.4,47.8,0.0,0.0,0.0,1004.7666666666668,1007.6,1000.2,15.60713,3.67672,9.641925,3.7916666666666665,7.0,1.0,173.18757205921133
2025-04-15,83.77499999999999,95.1,65.3,7.2,2.6,0.0,996.3458333333332,999.8,995.0,16.21515,9.61636,12.915755,2.875,7.0,1.0,93.99191037447406
2025-04-16,58.475,74.6,36.1,0.0,0.0,0.0,1004.0375,1010.8,997.8,15.45394,8.34305,11.898495,7.458333333333333,10.0,2.0,202.524265419422
2025-04-17,60.61666666666667,96.7,37.0,0.0,0.0,0.0,1012.475,1013.6,1011.2,17.45723,2.48812,9.972675,2.0416666666666665,5.0,1.0,197.6236735144647
2025-04-18,58.24583333333334,74.8,42.5,0.0,0.0,0.0,1010.3833333333332,1013.5,1007.8,17.151,6.80771,11.979355,5.166666666666667,9.0,1.0,112.71853982123224
2025-04-19,59.05833333333334,77.0,39.8,0.2,0.2,0.0,1007.8583333333332,1008.9,1007.0,16.55944,11.03805,13.798745,7.833333333333333,12.0,5.0,80.53894412160196
2025-04-20,72.17916666666666,80.3,59.7,0.0,0.0,0.0,1007.7375,1008.9,1006.7,14.27071,5.77458,10.022645,5.458333333333333,8.0,3.0,73.65543634556832
2025-04-21,79.42916666666666,93.7,60.4,2.0,1.0,0.0,1009.975,1014.1,1007.5,15.89472,8.88435,12.389535,2.5833333333333335,6.0,1.0,225.61204483107343
2025-04-22,67.3625,91.2,40.2,0.0,0.0,0.0,1016.1791666666668,1017.6,1014.7,17.23762,4.77074,11.00418,3.4583333333333335,6.0,1.0,214.7810626433876
2025-04-23,80.07916666666667,93.0,70.4,9.6,3.6,0.0,1013.2583333333332,1019.0,1008.9,12.52845,7.90636,10.217405,5.041666666666667,8.0,0.0,91.47461703190334
2025-04-24,68.55416666666666,85.1,50.4,0.0,0.0,0.0,1022.125,1023.8,1019.4,15.69446,8.22822,11.96134,3.4166666666666665,5.0,2.0,12.756981016829684
2025-04-25,72.21666666666667,85.9,57.6,0.0,0.0,0.0,1022.8583333333332,1023.9,1021.4,15.81064,4.14832,9.97948,3.8333333333333335,6.0,1.0,95.37021535810608
2025-04-26,71.10416666666667,87.9,49.6,0.0,0.0,0.0,1022.8833333333332,1025.1,1021.6,18.04015,7.43916,12.739655,4.291666666666667,6.0,2.0,95.42785767241446
2025-04-27,91.03,98.4,64.7,0.0,0.0,0.0,1025.8916666666669,1027.0,1025.0,20.84051,5.1772,13.008855,2.0833333333333335,4.0,1.0,204.64784430307145
2025-04-28,62.5125,95.4,35.2,0.0,0.0,0.0,1026.75,1027.8,1025.3,23.15616,6.33163,14.743895,2.4166666666666665,6.0,1.0,180.41458388571755
2025-04-29,59.46666666666667,92.8,32.6,0.0,0.0,0.0,1025.8583333333331,1027.4,1023.7,22.79037,6.12945,14.45991,3.9583333333333335,7.0,0.0,76.2354412886599
2025-04-30,59.75833333333333,92.8,25.1,0.0,0.0,0.0,1022.4291666666668,1024.7,1019.8,25.40044,6.50085,15.950645,3.0416666666666665,6.0,0.0,61.89402537299827
2025-05-01,57.2375,93.6,27.5,0.0,0.0,0.0,1017.0208333333334,1020.7,1014.0,27.94242,8.17601,18.059215,2.125,4.0,1.0,126.9863215487796
2025-05-02,65.55,82.7,49.5,0.2,0.2,0.0,1015.3791666666666,1016.8,1014.3,24.19379,13.24211,18.71795,3.1666666666666665,6.0,1.0,357.3011853042583
2025-05-03,63.35833333333333,87.2,30.9,0.0,0.0,0.0,1014.5208333333334,1017.6,1012.8,20.29355,9.4663,14.879925,4.083333333333333,6.0,1.0,2.6624721007872836
2025-05-04,61.53333333333333,84.0,41.4,0.0,0.0,0.0,1019.0166666666668,1021.3,1017.9,14.3854,6.64752,10.51646,4.583333333333333,7.0,2.0,4.93040339758636
2025-05-05,63.775,82.4,39.3,0.0,0.0,0.0,1022.1,1025.2,1021.0,14.55069,4.73091,9.6408,4.0,4.0,4.0,40.0
2025-05-06,63.09583333333333,80.4,45.4,0.0,0.0,0.0,1025.1916666666666,1026.3,1024.2,15.28149,5.16287,10.22218,4.6,6.0,3.0,35.03747332491565
2025-05-07,67.94583333333334,94.8,48.3,0.0,0.0,0.0,1023.9041666666668,1025.5,1022.3,16.46172,4.932,10.69686,4.625,6.0,4.0,39.92267058862495
2025-05-08,62.05,80.0,48.5,0.0,0.0,0.0,1021.1333333333332,1022.4,1020.1,16.71358,8.80183,12.757705,4.958333333333333,8.0,3.0,34.32377524999703
2025-05-09,58.15416666666667,90.8,27.5,0.0,0.0,0.0,1020.7208333333332,1021.7,1019.5,18.95698,6.29097,12.623975000000002,3.2083333333333335,5.0,2.0,84.06990293938617
2025-05-10,52.5375,91.2,27.3,0.0,0.0,0.0,1017.7125,1020.8,1015.2,22.18061,6.39105,14.28583,3.0,5.0,1.0,119.5916249805344
2025-05-11,55.30833333333334,89.2,30.8,0.0,0.0,0.0,1008.8416666666668,1009.7,1008.3,24.63179,7.71457,16.17318,2.5,5.0,1.0,120.95790946591433
2025-05-12,55.5,63.1,48.0,0.0,0.0,0.0,1011.0666666666666,1014.7,1009.0,23.44898,13.20862,18.3288,2.75,7.0,1.0,147.95501213021242
2025-05-13,54.52916666666667,75.9,38.0,0.0,0.0,0.0,1017.4041666666668,1020.1,1014.9,23.94354,10.81323,17.378385,2.6666666666666665,5.0,1.0,105.05081702107674
2025-05-14,57.5,78.1,40.0,0.0,0.0,0.0,1021.1041666666666,1023.6,1020.0,22.49202,8.21109,15.351555,4.041666666666667,7.0,2.0,47.77666264853645
2025-05-15,72.35416666666667,80.9,64.5,0.0,0.0,0.0,1024.8166666666666,1026.8,1023.4,13.82425,8.64065,11.23245,6.75,9.0,5.0,20.41692241623963
2025-05-16,68.6125,88.7,53.8,0.0,0.0,0.0,1025.7041666666669,1027.1,1024.1,18.47357,6.80814,12.640854999999998,5.833333333333333,8.0,3.0,22.495231278463393
2025-05-17,62.62083333333334,73.5,50.1,0.0,0.0,0.0,1022.7583333333332,1024.4,1021.0,19.10969,10.1481,14.628895,5.125,7.0,3.0,21.511276932488443
2025-05-18,68.24583333333334,84.8,54.3,0.0,0.0,0.0,1020.4041666666668,1021.5,1018.8,16.90709,8.78306,12.845075,4.375,7.0,2.0,32.33494684043444
2025-05-19,64.17083333333333,82.8,46.0,0.0,0.0,0.0,1020.4291666666668,1021.6,1019.5,20.29433,9.59822,14.946275,2.7083333333333335,4.0,2.0,107.49593568794518
2025-05-20,56.25833333333333,76.7,41.1,0.0,0.0,0.0,1020.3125,1022.0,1018.6,22.39628,6.96106,14.67867,3.625,6.0,1.0,27.23696013250526
2025-05-21,64.87083333333334,88.3,44.2,8.6,6.6,0.0,1017.0916666666668,1018.4,1015.8,19.13522,11.13617,15.135695,3.75,7.0,2.0,3.154366640124067
2025-05-22,63.61666666666667,75.8,53.2,0.0,0.0,0.0,1019.2958333333332,1021.1,1018.0,15.63253,4.84348,10.238005,3.4166666666666665,6.0,2.0,28.27093657147975
2025-05-23,59.55416666666667,77.9,44.7,0.0,0.0,0.0,1019.1,1021.0,1016.4,20.21587,3.34849,11.78218,4.958333333333333,12.0,1.0,256.6167828734874
2025-05-24,78.60000000000001,93.0,64.4,7.8,4.8,0.0,1011.9458333333332,1016.0,1008.6,21.07915,12.1766,16.627875,7.666666666666667,10.0,5.0,243.68616610662363
2025-05-25,64.20833333333333,91.8,43.9,2.0,1.4,0.0,1009.5625,1014.3,1006.4,20.37626,13.84033,17.108295,9.875,11.0,8.0,259.96273176695547
2025-05-26,69.5125,79.3,59.5,0.2,0.2,0.0,1015.0166666666668,1016.6,1012.5,19.02643,10.2984,14.662415,9.208333333333334,13.0,6.0,244.8182256790454
2025-05-27,82.68333333333334,89.4,70.9,8.8,3.0,0.0,1011.3958333333334,1013.3,1010.1,17.78045,12.80211,15.29128,10.625,14.0,5.0,235.43793029956913
2025-05-28,66.25416666666666,87.4,49.5,0.0,0.0,0.0,1015.8583333333332,1021.1,1011.2,21.37056,12.8911,17.13083,7.791666666666667,10.0,5.0,278.70438788324566
2025-05-29,71.275,86.7,55.6,0.2,0.2,0.0,1018.8,1021.2,1017.2,24.20162,12.77585,18.488735,8.5,12.0,3.0,239.85459900095972
2025-05-30,72.17916666666666,86.1,55.0,0.0,0.0,0.0,1018.8583333333332,1020.0,1017.9,24.28697,14.55002,19.418495,6.75,8.0,4.0,240.58681147943904
2025-05-31,69.325,84.3,50.3,0.0,0.0,0.0,1016.1083333333332,1018.7,1013.4,25.97206,13.96247,19.967265,5.166666666666667,9.0,3.0,276.623720567291
2025-06-01,64.41666666666667,83.6,44.9,0.0,0.0,0.0,1013.9125,1014.9,1012.7,21.46203,12.43214,16.947085,7.666666666666667,11.0,5.0,249.89913249493029
2025-06-02,58.3125,79.1,41.4,0.0,0.0,0.0,1015.9458333333332,1018.1,1013.2,21.2034,10.79878,16.001089999999998,6.0,9.0,3.0,277.869441804362
2025-06-03,76.81666666666666,83.6,66.8,0.4,0.4,0.0,1006.8791666666666,1012.6,1004.6,17.65723,10.56721,14.11222,8.166666666666666,12.0,4.0,222.0784415294858
2025-06-04,71.71249999999999,84.8,54.4,0.0,0.0,0.0,1006.0208333333334,1006.7,1005.5,19.33683,9.9346,14.635715,6.875,10.0,5.0,246.93556107191552
2025-06-05,83.47083333333333,90.7,75.4,6.2,1.6,0.0,1003.3375,1006.3,1000.8,16.36401,11.73047,14.04724,6.375,9.0,3.0,224.58680072444784
2025-06-06,68.07916666666667,88.2,43.4,0.2,0.2,0.0,1006.4708333333332,1008.4,1003.4,20.17708,10.13505,15.156065,8.166666666666666,11.0,6.0,248.2528300387326
2025-06-07,82.2375,91.2,63.5,10.2,3.4,0.0,1006.2375,1008.4,1004.4,17.48124,11.06019,14.270715,6.041666666666667,10.0,3.0,252.68707638744056
2025-06-08,65.59166666666667,89.5,47.1,0.2,0.2,0.0,1016.9583333333334,1021.3,1009.4,18.74405,7.85448,13.299265,6.791666666666667,10.0,4.0,294.4864987313605
2025-06-09,67.74166666666666,79.1,54.2,0.0,0.0,0.0,1020.6625,1022.2,1017.9,20.29186,9.84841,15.070135,6.791666666666667,10.0,3.0,271.60314633101285
2025-06-10,67.93333333333334,79.6,49.9,0.0,0.0,0.0,1016.925,1020.2,1015.1,22.7848,13.63324,18.20902,6.916666666666667,10.0,2.0,284.01290803813447
2025-06-11,72.19583333333334,92.7,53.3,0.0,0.0,0.0,1019.3208333333332,1021.2,1017.0,23.28981,11.82466,17.557235,3.1666666666666665,4.0,2.0,121.24106390657424
2025-06-12,68.075,84.2,54.3,0.0,0.0,0.0,1013.1166666666668,1016.3,1010.6,25.54896,13.08995,19.319455,3.9583333333333335,7.0,2.0,152.8260804435215
2025-06-13,65.44583333333334,80.8,43.6,1.6,0.8,0.0,1017.35,1019.6,1014.0,28.42244,13.91286,21.16765,3.2916666666666665,6.0,1.0,160.7180650595808
2025-06-14,67.65833333333333,88.7,47.6,0.0,0.0,0.0,1015.6416666666668,1019.6,1013.1,24.23641,15.48227,19.85934,7.666666666666667,12.0,2.0,212.2255998200297
2025-06-15,65.15416666666667,86.4,43.3,0.0,0.0,0.0,1022.1208333333334,1026.3,1019.5,24.21501,11.78737,18.00119,6.25,9.0,4.0,266.3140188607176
2025-06-16,64.69583333333334,85.6,46.9,0.0,0.0,0.0,1027.2541666666666,1028.7,1025.7,25.76074,11.75257,18.756655,4.083333333333333,7.0,2.0,307.513935118865
2025-06-17,60.0625,81.6,42.4,0.0,0.0,0.0,1025.1041666666667,1027.0,1023.1,26.99756,12.6854,19.84148,5.25,7.0,3.0,311.1162420005644
2025-06-18,58.7875,79.6,37.9,0.0,0.0,0.0,1024.4416666666666,1025.4,1023.2,28.31817,13.08958,20.703875,3.5416666666666665,5.0,2.0,347.42293732755473
2025-06-19,55.00416666666666,74.1,36.2,0.0,0.0,0.0,1024.3333333333333,1025.4,1022.6,30.82745,14.44072,22.634085,2.375,4.0,1.0,61.482024892817094
2025-06-20,59.375,78.2,44.0,0.0,0.0,0.0,1023.2,1025.0,1021.2,28.80191,16.65109,22.7265,2.9583333333333335,4.0,2.0,119.16672973089584
2025-06-21,52.708333333333336,73.5,41.1,0.0,0.0,0.0,1017.1708333333332,1020.8,1012.7,31.81261,14.7368,23.274705,3.0833333333333335,6.0,1.0,128.73607706474752
2025-06-22,63.30416666666667,77.6,47.1,0.0,0.0,0.0,1012.7041666666668,1014.8,1011.1,25.65338,16.21838,20.935879999999997,9.541666666666666,15.0,3.0,239.8529802759261
2025-06-23,56.60833333333333,78.9,43.0,0.0,0.0,0.0,1013.0916666666668,1015.2,1009.7,23.08773,16.01575,19.55174,9.708333333333334,12.0,7.0,274.31547145132123
2025-06-24,72.4375,84.8,58.8,0.4,0.2,0.0,1012.3541666666666,1015.3,1010.6,26.19686,13.27208,19.73447,9.0,12.0,6.0,241.24741509120275
2025-06-25,70.3875,89.1,54.8,0.0,0.0,0.0,1011.425,1012.9,1009.3,27.33633,15.54568,21.441005,5.166666666666667,8.0,4.0,324.6563930217768
2025-06-26,65.20833333333333,83.1,45.8,0.2,0.2,0.0,1012.0875,1018.3,1009.4,25.00456,17.33277,21.168665,8.583333333333334,12.0,5.0,260.12900696517903
2025-06-27,67.85,83.6,54.9,1.6,1.2,0.0,1020.1833333333334,1022.0,1019.2,27.12154,12.34323,19.732385,7.625,13.0,2.0,245.015962958136
2025-06-28,71.49583333333334,84.3,52.5,0.0,0.0,0.0,1022.9833333333332,1024.8,1022.0,30.04132,18.15619,24.098754999999997,8.666666666666666,10.0,5.0,243.2787097752943
2025-06-29,66.12916666666666,79.6,46.8,0.0,0.0,0.0,1024.1791666666666,1026.0,1021.7,29.66725,18.48102,24.074135,3.9166666666666665,6.0,2.0,346.34778961530606
2025-06-30,57.40833333333333,74.4,41.3,0.0,0.0,0.0,1017.8791666666666,1022.8,1014.1,32.1778,16.61159,24.394695,3.5416666666666665,7.0,2.0,145.69119910013853
2025-07-01,56.52916666666667,71.9,38.2,0.0,0.0,0.0,1013.3208333333332,1014.4,1012.4,33.81906,20.13247,26.975765000000003,4.125,7.0,1.0,346.5888453968828
2025-07-02,65.00833333333334,87.2,35.4,0.6000000000000001,0.4,0.0,1017.5708333333332,1024.3,1014.1,24.39765,17.60255,21.0001,6.208333333333333,10.0,2.0,358.67652691641837
2025-07-03,47.825,63.5,34.7,0.0,0.0,0.0,1027.3458333333333,1028.8,1025.0,24.91875,10.26785,17.5933,4.833333333333333,6.0,4.0,323.01617355397457
2025-07-04,53.925,72.4,38.9,0.0,0.0,0.0,1025.5916666666667,1028.8,1020.7,27.23458,11.19083,19.212705,6.708333333333333,10.0,3.0,275.1251964103317
2025-07-05,71.32083333333334,82.8,59.3,0.0,0.0,0.0,1014.7333333333332,1020.1,1010.0,22.36976,16.41513,19.392445,9.041666666666666,13.0,6.0,240.01270840742995
2025-07-06,72.2375,81.9,57.1,9.4,9.4,0.0,1006.525,1009.7,1004.8,22.33301,16.5109,19.421955,5.25,8.0,3.0,304.2618973376486
2025-07-07,65.2375,93.1,44.2,11.4,4.0,0.0,1011.3083333333334,1014.7,1007.1,21.57761,13.23013,17.40387,8.0,10.0,5.0,350.7280149229216
2025-07-08,54.85,78.0,37.7,0.2,0.2,0.0,1017.3833333333332,1019.8,1014.2,24.31011,11.92707,18.11859,5.583333333333333,8.0,2.0,335.15892399869574
2025-07-09,58.45,74.1,48.7,0.0,0.0,0.0,1021.2666666666668,1022.5,1020.0,26.75927,11.24402,19.001645,3.375,5.0,1.0,317.6008342127241
2025-07-10,54.604166666666664,68.1,40.8,0.0,0.0,0.0,1022.0958333333332,1023.2,1020.5,30.55397,14.36203,22.458,3.25,5.0,1.0,348.6123768994839
2025-07-11,53.06666666666666,73.1,36.4,0.0,0.0,0.0,1019.9875,1021.9,1017.5,31.47819,15.87506,23.676625,2.5833333333333335,7.0,1.0,112.13601895504904
2025-07-12,58.23333333333333,76.1,42.8,0.0,0.0,0.0,1016.2291666666666,1018.4,1014.2,29.26562,15.64229,22.453955,2.7916666666666665,4.0,1.0,114.79689073266331
2025-07-13,66.175,86.4,43.7,0.0,0.0,0.0,1012.4208333333332,1014.9,1009.5,27.83786,13.7304,20.78413,2.7916666666666665,4.0,1.0,88.65302404598509
2025-07-14,62.791666666666664,84.8,49.2,0.8,0.8,0.0,1013.0458333333332,1016.4,1011.0,25.4917,16.95526,21.22348,7.75,12.0,2.0,225.00166138165483
2025-07-15,66.77499999999999,87.4,55.3,1.6,1.6,0.0,1015.0875,1016.8,1013.0,22.65634,13.42853,18.042435,9.25,14.0,3.0,234.7640806336426
2025-07-16,62.31739130434782,83.7,44.4,0.2,0.2,0.0,1015.625,1017.9,1013.9,25.24653,14.2695,19.758015,6.166666666666667,9.0,1.0,335.05778888591476
2025-07-17,65.00833333333334,76.3,56.6,0.0,0.0,0.0,1016.2958333333332,1017.8,1014.6,26.24551,17.02632,21.635914999999997,3.6666666666666665,6.0,1.0,19.219639581291347
2025-07-18,65.4875,89.8,43.9,0.0,0.0,0.0,1012.1833333333334,1014.5,1009.4,30.09764,17.68814,23.89289,4.458333333333333,7.0,3.0,349.07060288940676
2025-07-19,81.7,94.9,62.6,27.0,6.4,0.0,1005.6833333333334,1009.7,1003.6,23.1166,17.44966,20.28313,2.4583333333333335,4.0,1.0,52.014906974096675
2025-07-20,76.0,90.4,53.1,1.0,0.4,0.0,1000.4458333333332,1003.3,999.1,22.47681,16.74544,19.611125,4.041666666666667,9.0,2.0,147.56564415217298
2025-07-21,72.57083333333334,90.5,44.2,2.2,0.8,0.0,1000.5958333333332,1005.4,998.2,24.74985,14.05886,19.404355,3.6666666666666665,7.0,1.0,315.210245837973
2025-07-22,74.66250000000001,89.3,53.8,0.6000000000000001,0.4,0.0,1009.6875,1012.4,1005.7,23.15657,14.34965,18.75311,4.625,6.0,2.0,272.13137018353126
2025-07-23,67.63333333333334,83.3,53.9,0.2,0.2,0.0,1013.5791666666668,1015.3,1012.2,22.43206,15.92784,19.17995,4.875,7.0,3.0,343.8819227190642
2025-07-24,77.81666666666666,91.0,66.7,2.8,1.2,0.0,1017.4125,1019.8,1015.5,21.96711,14.97446,18.470785,5.583333333333333,8.0,3.0,359.4062223380035
2025-07-25,65.08333333333333,79.3,53.9,0.0,0.0,0.0,1018.6916666666666,1019.8,1017.0,26.36503,15.25082,20.807925,5.0,8.0,2.0,295.70287206080366
2025-07-26,68.67083333333333,79.4,55.2,0.0,0.0,0.0,1016.6625,1017.9,1015.6,23.49464,14.01932,18.75698,4.333333333333333,7.0,1.0,307.3165185345853
2025-07-27,59.7375,71.7,46.8,0.0,0.0,0.0,1017.3583333333332,1019.0,1016.8,21.74327,14.8838,18.313535,5.5,7.0,4.0,357.16796691732793
2025-07-28,59.45416666666667,75.5,45.1,0.0,0.0,0.0,1019.7666666666668,1020.7,1019.0,24.38136,12.41095,18.396155,4.583333333333333,7.0,3.0,314.2097322056126
2025-07-29,69.44583333333334,79.1,61.7,0.0,0.0,0.0,1019.0041666666666,1020.1,1017.7,20.15173,13.37059,16.76116,3.8333333333333335,5.0,2.0,341.7575319454983
2025-07-30,68.71249999999999,83.8,49.7,0.0,0.0,0.0,1018.1416666666668,1019.2,1017.3,24.72549,15.08859,19.90704,4.041666666666667,7.0,2.0,351.73076411106615
2025-07-31,79.04166666666667,92.4,63.1,7.6,4.8,0.0,1016.025,1017.8,1014.4,22.9391,14.49463,18.716865,5.0,7.0,2.0,337.174862493562
2025-08-01,70.39999999999999,76.2,60.7,0.0,0.0,0.0,1016.2375,1018.1,1015.5,20.86622,13.10358,16.9849,5.375,8.0,3.0,351.02814442750855
2025-08-02,60.70416666666667,79.5,45.7,0.0,0.0,0.0,1018.3875,1019.3,1017.7,22.00614,10.90782,16.456979999999998,4.541666666666667,6.0,3.0,303.6965129879374
2025-08-03,72.075,83.5,55.4,3.2,3.2,0.0,1018.0208333333334,1019.1,1016.6,23.9181,11.54984,17.73397,6.0,9.0,4.0,256.6999957435909
2025-08-04,74.48333333333333,84.3,55.3,0.0,0.0,0.0,1015.4083333333332,1018.5,1012.5,22.01727,15.80274,18.910005,8.0,15.0,3.0,252.33466205553097
2025-08-05,56.00833333333333,73.9,42.8,0.0,0.0,0.0,1021.8375,1026.1,1017.1,22.69097,12.1105,17.400735,7.041666666666667,11.0,3.0,302.3098490806401
2025-08-06,60.31818181818182,75.7,41.0,0.0,0.0,0.0,1023.06,1026.6,1018.9,23.55137,9.18433,16.367849999999997,4.260869565217392,8.0,1.0,239.75941828726064
2025-08-07,71.05,85.3,49.3,0.0,0.0,0.0,1015.3333333333334,1018.0,1013.6,23.66874,13.75238,18.71056,7.75,11.0,4.0,233.74860882969273
2025-08-08,64.875,83.8,44.9,0.0,0.0,0.0,1018.075,1019.7,1014.9,25.51017,14.28068,19.895425,5.125,7.0,3.0,311.96222118237
2025-08-09,59.4375,74.5,41.8,0.0,0.0,0.0,1021.1083333333332,1025.2,1019.5,25.8587,11.47081,18.664755,5.375,9.0,2.0,306.05787739290673
2025-08-10,61.49166666666667,81.3,44.1,0.0,0.0,0.0,1026.8291666666669,1028.8,1025.2,26.92983,11.28881,19.10932,2.5416666666666665,4.0,1.0,323.3933310842307
2025-08-11,56.55,72.8,37.7,0.0,0.0,0.0,1021.9958333333334,1026.1,1018.4,30.15998,12.57835,21.369165,2.0416666666666665,3.0,1.0,119.2623227042406
2025-08-12,55.7625,78.2,35.2,0.0,0.0,0.0,1014.2791666666668,1017.1,1012.3,32.21994,17.75435,24.987145,2.5,4.0,1.0,103.08520654550148
2025-08-13,76.98333333333333,85.4,65.5,1.6,1.4,0.0,1014.3791666666666,1015.9,1013.4,26.81715,15.89837,21.35776,4.0,7.0,1.0,219.91984956738565
2025-08-14,70.11666666666666,87.7,50.0,0.2,0.2,0.0,1018.3333333333334,1022.4,1015.8,28.21687,15.63269,21.92478,4.916666666666667,7.0,3.0,245.48554180243644
2025-08-15,65.89583333333333,84.4,44.0,0.0,0.0,0.0,1024.5541666666666,1026.5,1022.9,29.61642,14.97306,22.29474,3.4166666666666665,6.0,2.0,348.2833116417753
2025-08-16,73.17916666666666,82.4,59.0,0.0,0.0,0.0,1027.1791666666666,1028.7,1025.7,21.08474,16.26269,18.673715,2.9166666666666665,4.0,1.0,78.12833080824464
2025-08-17,65.95416666666667,78.2,44.9,0.0,0.0,0.0,1024.0166666666669,1026.0,1022.2,25.82701,11.52236,18.674685,2.6666666666666665,4.0,1.0,92.50599552308849
2025-08-18,70.67916666666666,83.3,59.7,0.0,0.0,0.0,1020.6541666666668,1022.7,1018.4,21.84671,16.52416,19.185435,2.5833333333333335,3.0,2.0,109.34559150299803
2025-08-19,71.16666666666667,83.5,56.0,0.0,0.0,0.0,1015.975,1018.2,1014.3,25.13566,15.59334,20.3645,3.125,6.0,2.0,78.51483817767411
2025-08-20,67.83333333333333,82.9,49.0,0.0,0.0,0.0,1016.2916666666666,1017.1,1015.5,21.24046,14.91993,18.080195,6.0,9.0,3.0,27.879463454330676
2025-08-21,65.175,78.6,48.5,0.0,0.0,0.0,1018.3,1021.9,1016.1,20.91042,13.99011,17.450264999999998,5.833333333333333,8.0,3.0,19.569870742845865
2025-08-22,60.12083333333334,81.9,42.0,0.0,0.0,0.0,1021.3208333333332,1022.6,1019.6,22.68315,7.78759,15.23537,3.5,6.0,2.0,322.3247247433356
2025-08-23,61.029999999999994,71.6,50.4,0.0,0.0,0.0,1020.7458333333334,1021.5,1020.1,22.7861,13.76616,18.27613,3.4166666666666665,5.0,2.0,37.82418644128137
2025-08-24,58.43333333333333,72.4,47.6,0.0,0.0,0.0,1020.4416666666666,1021.5,1018.9,24.93819,11.71219,18.32519,2.6666666666666665,6.0,1.0,170.79206629282157
2025-08-25,54.916666666666664,81.4,38.2,0.0,0.0,0.0,1015.7708333333334,1019.4,1011.2,27.6435,10.79208,19.21779,2.4166666666666665,4.0,1.0,141.7723465029976
2025-08-26,67.10000000000001,89.9,50.7,0.4,0.2,0.0,1007.3125,1010.4,1006.1,25.66565,14.09814,19.881895,5.541666666666667,11.0,1.0,228.69686877475297
2025-08-27,74.96666666666667,86.4,60.9,0.4,0.2,0.0,1005.1666666666666,1007.5,1003.6,22.62634,13.04053,17.833435,5.666666666666667,11.0,2.0,209.2071265493262
2025-08-28,73.64583333333333,91.4,58.6,0.0,0.0,0.0,1002.0916666666668,1003.9,999.3,21.88687,11.28612,16.586495,6.625,12.0,2.0,231.21088062456556
2025-08-29,81.2,99.9,63.4,15.4,4.0,0.0,996.8916666666668,1001.5,993.8,21.06036,13.94094,17.50065,4.708333333333333,7.0,1.0,245.16355955851407
2025-08-30,79.0125,86.5,64.2,1.4,0.4,0.0,1002.8,1004.7,1000.5,21.3984,11.61371,16.506055,5.166666666666667,9.0,2.0,207.7094230723454
2025-08-31,70.07083333333334,83.5,52.3,0.0,0.0,0.0,1003.675,1004.6,1002.2,22.29305,12.31997,17.30651,6.0,10.0,2.0,204.68230031098005
2025-09-01,76.5,86.4,65.0,6.8,2.8,0.0,1003.2666666666668,1005.3,1002.3,21.34552,12.75133,17.048425,5.166666666666667,10.0,2.0,202.74235466204289
2025-09-02,79.19166666666666,84.8,70.0,2.8,1.2,0.0,1002.625,1005.3,999.8,19.04207,11.34819,15.19513,3.4583333333333335,6.0,2.0,152.67884780780105
2025-09-03,81.47083333333333,94.0,68.3,17.6,6.4,0.0,997.4291666666668,1003.1,994.3,21.52266,15.27943,18.401045,8.083333333333334,13.0,2.0,213.05392223900137
2025-09-04,73.22083333333333,83.6,56.5,1.0,0.4,0.0,1006.5833333333334,1013.8,1003.4,19.94937,12.96527,16.45732,6.375,11.0,2.0,233.35892774523012
2025-09-05,70.12083333333334,85.3,48.6,0.0,0.0,0.0,1019.4458333333332,1022.1,1014.3,22.65163,9.97098,16.311305,4.708333333333333,7.0,1.0,349.4979698352038
2025-09-06,66.46666666666667,84.0,45.7,0.0,0.0,0.0,1017.8791666666666,1022.1,1012.7,23.5794,10.93388,17.25664,3.2916666666666665,7.0,1.0,117.16347558200904
2025-09-07,67.52083333333333,78.5,57.8,0.0,0.0,0.0,1009.0458333333332,1012.7,1006.1,25.86224,14.40274,20.13249,4.708333333333333,11.0,2.0,152.48305677058772
2025-09-08,67.47916666666667,82.4,51.4,0.0,0.0,0.0,1016.0208333333334,1018.0,1012.9,21.83036,12.42207,17.126215,5.916666666666667,9.0,2.0,229.68898604320933
2025-09-09,68.29166666666667,83.1,50.3,0.0,0.0,0.0,1015.0333333333332,1017.4,1010.6,21.71584,8.1307,14.92327,3.5,9.0,1.0,183.59383258732208
2025-09-10,78.24583333333334,84.8,71.4,3.0,1.6,0.0,1002.7083333333334,1009.6,998.4,18.7185,13.19281,15.955655,4.125,8.0,2.0,154.19608262758516
2025-09-11,75.09583333333333,82.6,58.5,5.2,4.0,0.0,1003.2541666666666,1005.9,1000.7,19.50238,11.51399,15.508185,8.416666666666666,11.0,6.0,233.3252925938067
2025-09-12,74.5625,82.1,55.7,2.2,1.2,0.0,1009.9291666666668,1011.7,1006.2,19.42297,10.58148,15.002225,7.958333333333333,12.0,3.0,234.23874480131929
2025-09-13,75.84166666666667,85.4,59.1,2.2,1.0,0.0,1008.8333333333334,1011.4,1007.1,18.48449,10.64906,14.566775,5.625,10.0,2.0,220.7397376954563
2025-09-14,79.54583333333333,84.9,69.8,3.8,1.4,0.0,1008.2541666666666,1013.1,1001.1,17.83999,7.04529,12.44264,4.666666666666667,14.0,1.0,180.56685703630788
2025-09-15,68.14583333333333,78.7,56.3,0.0,0.0,0.0,1005.2666666666668,1011.8,1001.6,19.18734,13.35882,16.27308,14.25,18.0,12.0,245.00637041604887
2025-09-16,67.17083333333333,80.6,49.5,0.0,0.0,0.0,1016.8666666666668,1019.9,1012.1,19.55506,11.37931,15.467185,8.666666666666666,11.0,5.0,260.3728549838098
2025-09-17,80.85000000000001,84.4,78.7,1.8,0.6,0.0,1016.7708333333334,1019.8,1015.6,19.20321,12.00987,15.60654,8.125,12.0,2.0,226.35285522152685
2025-09-18,78.3125,81.7,71.0,0.0,0.0,0.0,1018.8375,1021.1,1016.8,21.59828,15.18301,18.390645,9.083333333333334,11.0,5.0,231.25059068742524
2025-09-19,71.02083333333333,83.5,45.4,0.0,0.0,0.0,1017.3458333333332,1021.5,1014.3,27.03661,14.22398,20.630295,4.0,8.0,1.0,194.03681180385627
2025-09-20,75.83333333333333,84.3,65.6,0.0,0.0,0.0,1009.2708333333334,1014.4,1004.8,21.2029,13.15769,17.180295,6.625,15.0,1.0,212.1564979973768
2025-09-21,65.0,78.4,46.8,0.0,0.0,0.0,1017.7791666666668,1024.2,1008.7,16.625,9.18325,12.904125,6.5,13.0,3.0,0.5787967734748918
2025-09-22,62.583333333333336,78.1,49.3,0.0,0.0,0.0,1026.5708333333334,1028.4,1024.3,16.82366,6.94193,11.882795,5.5,9.0,1.0,26.270009016680035
2025-09-23,67.91666666666667,80.8,56.8,0.0,0.0,0.0,1028.0333333333333,1028.6,1027.1,17.21191,3.76052,10.486215,4.208333333333333,6.0,2.0,18.265200067367346
2025-09-24,64.70416666666667,83.9,37.0,0.0,0.0,0.0,1026.7625,1028.0,1025.2,18.05926,8.93001,13.494635,3.7083333333333335,5.0,3.0,53.1029648431757
2025-09-25,59.166666666666664,75.1,37.4,0.0,0.0,0.0,1024.5333333333333,1025.9,1022.9,18.95586,7.79977,13.377815,3.9166666666666665,5.0,3.0,47.01045486110269
2025-09-26,70.51666666666667,75.8,65.7,0.0,0.0,0.0,1021.7458333333334,1023.7,1020.8,15.32354,7.97736,11.65045,2.5833333333333335,4.0,1.0,72.70735737505765
2025-09-27,71.33333333333333,82.7,58.3,0.0,0.0,0.0,1019.65,1020.7,1018.7,17.99638,9.36524,13.68081,2.4583333333333335,4.0,1.0,126.98447757364818
2025-09-28,82.49166666666666,85.0,73.1,2.2,1.0,0.0,1020.8291666666668,1024.1,1019.0,16.41592,8.94972,12.68282,2.0833333333333335,5.0,1.0,181.54432483223377
2025-09-29,72.81666666666666,88.1,54.6,0.2,0.2,0.0,1025.1583333333333,1026.1,1024.3,18.92939,5.58099,12.25519,2.0,4.0,0.0,316.2122853977256
2025-09-30,70.84166666666667,86.7,49.8,0.0,0.0,0.0,1026.0625,1027.1,1025.1,20.41641,6.01518,13.215795,1.875,4.0,1.0,217.45986266553655
2025-10-01,76.71666666666667,84.9,65.9,0.0,0.0,0.0,1027.1791666666666,1028.2,1026.3,18.38149,7.56964,12.975565,2.0833333333333335,5.0,1.0,116.28899363425028
2025-10-02,77.44166666666666,88.7,60.8,0.0,0.0,0.0,1022.4166666666666,1026.2,1016.6,18.91986,8.74879,13.834325,2.6666666666666665,8.0,1.0,164.3490353589641
2025-10-03,81.85000000000001,86.2,74.4,10.2,2.0,0.0,1007.7166666666668,1016.3,996.4,18.05971,13.13897,15.59934,5.75,13.0,2.0,181.9502477154724
2025-10-04,69.24166666666666,83.8,52.8,2.8,2.0,0.0,1001.1125,1009.0,996.5,14.94526,10.92905,12.937155,11.708333333333334,15.0,9.0,258.23033759477454
2025-10-05,65.4875,76.1,50.4,0.0,0.0,0.0,1016.0208333333334,1023.0,1009.5,16.81599,9.76531,13.29065,8.0,12.0,4.0,295.0597298978019
2025-10-06,74.9875,86.0,62.1,0.0,0.0,0.0,1024.0375,1024.8,1023.1,20.90418,8.96254,14.93336,5.208333333333333,7.0,4.0,265.51308572316776
2025-10-07,75.91250000000001,85.3,63.3,0.0,0.0,0.0,1024.25,1025.2,1023.3,17.54301,10.61921,14.08111,4.5,7.0,2.0,251.52891570429009
2025-10-08,79.29166666666667,85.3,72.1,0.0,0.0,0.0,1023.7916666666666,1026.0,1022.5,17.2974,11.28614,14.29177,3.0,5.0,1.0,307.09425649395786
2025-10-09,74.10000000000001,79.9,66.9,0.0,0.0,0.0,1028.075,1031.3,1025.9,15.61637,6.91351,11.26494,3.875,7.0,1.0,332.92594647668574
2025-10-10,76.7,79.9,71.7,0.0,0.0,0.0,1033.4375,1034.6,1031.3,15.37274,12.03681,13.704775,2.7916666666666665,4.0,2.0,350.4779774825809
2025-10-11,72.70416666666667,81.7,59.5,0.0,0.0,0.0,1034.2458333333334,1035.2,1033.2,16.36926,9.94977,13.159515,1.7916666666666667,3.0,1.0,9.8981622153359
2025-10-12,77.70416666666667,85.2,64.3,0.0,0.0,0.0,1032.0708333333334,1033.8,1030.8,15.59046,6.19958,10.89502,1.8333333333333333,3.0,1.0,55.68674035049975
2025-10-13,79.74583333333334,86.6,72.9,0.0,0.0,0.0,1029.5625,1030.8,1028.4,15.97706,10.48552,13.23129,2.6666666666666665,5.0,1.0,42.063021599642184
2025-10-14,81.79583333333333,86.5,76.0,0.0,0.0,0.0,1029.95,1030.6,1029.1,12.86577,10.95962,11.912695,4.375,8.0,2.0,29.757954236032106
2025-10-15,79.14583333333333,85.1,70.9,0.0,0.0,0.0,1029.6875,1030.6,1028.8,13.4609,10.37779,11.919345,3.6666666666666665,5.0,2.0,35.60359653509363
2025-10-16,76.73333333333333,86.6,64.7,0.0,0.0,0.0,1027.5208333333333,1028.7,1026.5,15.64265,10.1062,12.874425,2.5,4.0,1.0,46.423677696281175
2025-10-17,71.16666666666667,80.8,62.1,0.0,0.0,0.0,1026.075,1026.7,1025.2,14.78962,11.47291,13.131265,1.625,2.0,1.0,113.37788305786177
2025-10-18,68.04166666666667,76.1,55.9,0.0,0.0,0.0,1022.575,1026.1,1016.2,15.18338,10.95493,13.069155,2.6666666666666665,5.0,1.0,121.65344185939722
2025-10-19,80.25833333333334,85.3,75.9,6.0,3.6,0.0,1004.2291666666666,1014.8,994.8,15.40528,11.34542,13.37535,3.3333333333333335,9.0,2.0,124.17009391845257
2025-10-20,83.14583333333333,85.2,81.0,9.0,2.4,0.0,989.1791666666668,995.3,984.8,15.0257,11.55622,13.29096,3.2083333333333335,9.0,1.0,153.84013282781507
2025-10-21,80.97500000000001,85.6,70.5,1.0,0.8,0.0,992.5416666666666,995.5,989.0,16.0732,11.09116,13.58218,7.5,11.0,5.0,244.13286495007128
2025-10-22,80.00416666666666,87.4,64.4,7.6,2.8,0.0,994.6708333333332,998.6,982.5,16.40156,8.08469,12.243125,2.9166666666666665,4.0,1.0,219.10723872319463
2025-10-23,80.73333333333333,86.6,67.3,6.6,1.4,0.0,986.7083333333334,998.9,975.5,12.61897,9.46768,11.043325,9.458333333333334,12.0,4.0,332.8184320315263
2025-10-24,75.55416666666666,84.5,61.5,0.0,0.0,0.0,999.3,1000.8,996.9,13.32386,4.98208,9.15297,9.25,12.0,7.0,247.0855901982665
2025-10-25,75.33333333333333,86.0,62.5,0.2,0.2,0.0,1003.1166666666668,1007.4,997.0,12.20186,7.65844,9.93015,6.541666666666667,10.0,4.0,304.53271576286966
2025-10-26,78.62916666666666,87.1,66.7,0.4,0.2,0.0,1008.4833333333332,1011.6,1002.7,11.65274,3.44958,7.551159999999999,7.208333333333333,11.0,4.0,282.80434957848166
2025-10-27,69.9875,84.8,58.7,0.0,0.0,0.0,1006.4083333333332,1010.4,1002.4,13.80109,6.70249,10.25179,8.375,13.0,5.0,282.45338971095094
2025-10-28,72.14583333333333,86.2,57.6,1.2,1.0,0.0,1006.8541666666666,1008.1,1005.6,15.45808,10.80686,13.13247,8.875,12.0,4.0,254.96821105018037
2025-10-29,83.33749999999999,87.7,79.1,3.0,1.6,0.0,1000.7,1005.4,997.5,12.70581,10.42328,11.564545,4.416666666666667,7.0,2.0,243.06540387720088
2025-10-30,79.64583333333333,87.6,67.0,0.2,0.2,0.0,1006.2208333333332,1009.0,1001.7,14.52844,4.28831,9.408375,4.0,7.0,2.0,202.47858000051275
2025-10-31,82.5625,87.1,78.7,8.4,3.4,0.0,1001.7833333333332,1003.5,999.5,16.12156,7.22518,11.673369999999998,3.4583333333333335,6.0,2.0,152.28783701098428
2025-11-01,77.54583333333333,85.7,58.9,9.2,6.6,0.0,1001.9125,1006.7,997.8,16.02661,11.68727,13.856940000000002,7.833333333333333,14.0,4.0,221.78911576315568
2025-11-02,77.95833333333333,88.2,58.0,1.6,1.0,0.0,1008.3541666666666,1013.5,1004.9,13.91617,5.92415,9.92016,5.125,9.0,2.0,218.22376634303905
2025-11-03,80.65416666666667,85.3,73.6,0.0,0.0,0.0,1012.5916666666668,1013.6,1011.8,16.16636,5.96178,11.06407,8.125,15.0,3.0,222.9234199584665
2025-11-04,78.65833333333333,84.8,71.6,0.6000000000000001,0.4,0.0,1011.1041666666666,1013.2,1008.7,16.24673,13.55308,14.899905,5.0,10.0,2.0,180.28707310378255
2025-11-05,73.29583333333333,77.9,69.1,0.0,0.0,0.0,1007.7625,1009.2,1005.7,17.34819,13.31882,15.333505,2.875,4.0,2.0,128.7698273640665
2025-11-06,78.39166666666667,86.1,72.9,0.8,0.6,0.0,1005.7583333333332,1006.7,1004.8,17.19159,13.01142,15.101505,2.25,6.0,1.0,150.91059627047684
2025-11-07,83.5,86.7,76.8,2.2,1.4,0.0,1005.6666666666666,1006.6,1004.7,15.39222,11.16727,13.279745,2.4583333333333335,4.0,1.0,124.58177484378194
2025-11-08,80.41250000000001,86.6,67.9,0.2,0.2,0.0,1012.7291666666666,1017.5,1006.7,14.87462,10.3943,12.63446,4.041666666666667,6.0,2.0,241.08514233719524
2025-11-09,82.79166666666667,90.2,72.6,0.6000000000000001,0.4,0.0,1015.0,1017.6,1010.5,14.65403,4.34521,9.49962,2.5,7.0,1.0,150.05047549453104
2025-11-10,84.875,86.6,82.8,6.8,1.6,0.0,1005.625,1010.1,1002.7,13.51961,8.02909,10.77435,3.7083333333333335,8.0,2.0,165.9201444881361
2025-11-11,82.22083333333333,87.7,75.9,2.8000000000000003,1.6,0.0,1005.6833333333334,1007.3,1003.4,15.08308,6.58407,10.833575,3.5,7.0,2.0,147.71461647502093
2025-11-12,79.1125,82.8,74.6,0.2,0.2,0.0,1003.3875,1004.1,1002.3,16.85701,12.31028,14.583645,3.25,8.0,2.0,156.59754596180642
2025-11-13,80.15833333333333,87.8,69.3,6.800000000000001,3.2,0.0,1005.7875,1008.0,1002.1,17.5795,11.79122,14.68536,4.041666666666667,9.0,1.0,185.1556745564032
2025-11-14,85.16250000000001,87.6,82.1,10.4,2.8,0.0,1001.4458333333332,1005.3,998.9,14.26769,12.81907,13.54338,2.0416666666666665,3.0,1.0,121.01861171167508
2025-11-15,84.64166666666667,86.6,81.8,0.0,0.0,0.0,1007.6583333333332,1009.6,1004.0,13.56565,9.64769,11.60667,2.4166666666666665,5.0,1.0,66.40208166266655
2025-11-16,72.1125,86.1,52.9,0.0,0.0,0.0,1012.0125,1015.8,1009.5,10.2661,9.46657,9.866335,4.75,7.0,2.0,31.24738268249172
2025-11-17,72.58333333333333,83.3,57.9,0.0,0.0,0.0,1021.9541666666668,1026.2,1016.1,8.30497,4.51763,6.411300000000001,6.5,9.0,3.0,358.9985973427938
2025-11-18,83.4875,90.7,70.9,0.0,0.0,0.0,1017.4125,1025.7,1008.2,7.63404,-1.74853,2.942755,4.875,8.0,2.0,250.7969983827976
2025-11-19,80.22500000000001,90.3,68.4,6.0,1.6,0.0,1008.5125,1013.2,1004.0,5.32432,1.78665,3.555485,7.541666666666667,12.0,4.0,328.3841389038945
2025-11-20,70.92916666666666,77.5,63.4,0.0,0.0,0.0,1015.0666666666666,1019.0,1013.1,3.87841,-2.18329,0.8475600000000001,5.625,8.0,3.0,321.964889744661
2025-11-21,77.45416666666667,86.9,56.8,0.2,0.2,0.0,1025.5958333333333,1028.4,1019.9,6.81782,-0.97118,2.92332,4.166666666666667,6.0,2.0,328.48432240123077
2025-11-22,81.38333333333334,89.9,69.5,8.200000000000001,3.2,0.0,1017.9958333333334,1026.9,1008.7,9.22811,-1.54554,3.841285,3.375,8.0,2.0,170.17822739343558
2025-11-23,79.64166666666667,90.2,59.7,4.6,1.4,0.0,1000.2,1008.2,995.9,10.49742,5.75127,8.124345,6.916666666666667,11.0,2.0,229.354845823216
2025-11-24,81.63333333333334,90.6,76.0,1.4,1.0,0.0,994.2833333333332,1003.1,990.0,7.55346,3.7258,5.63963,5.916666666666667,10.0,2.0,295.83013841010853
2025-11-25,77.85833333333333,83.3,72.5,0.0,0.0,0.0,1013.2208333333332,1020.5,1003.9,6.9351,3.35209,5.143595,6.083333333333333,9.0,3.0,343.40642948689464
2025-11-26,82.59166666666667,92.7,62.3,0.2,0.2,0.0,1021.5625,1024.2,1017.9,11.34265,-1.71498,4.813835,3.0,5.0,2.0,249.7179317322359
2025-11-27,87.2625,92.1,83.1,1.0,0.2,0.0,1013.9833333333332,1017.1,1012.4,13.5661,-0.26471,6.650695000000001,8.25,10.0,5.0,229.16566822316108
2025-11-28,79.94166666666666,86.3,65.7,0.0,0.0,0.0,1011.1541666666668,1013.2,1008.9,12.96176,8.36913,10.665445,7.5,13.0,3.0,229.99999999999997
2025-11-29,83.7375,88.1,76.6,2.2,1.0,0.0,1002.7375,1008.4,998.6,11.43497,9.1781,10.306535,5.791666666666667,9.0,2.0,218.23465879658264
2025-11-30,77.04166666666667,84.4,63.7,0.0,0.0,0.0,1012.4,1015.1,1006.1,9.96808,1.93367,5.950875,4.875,7.0,2.0,249.9654628994572
2025-12-01,85.8625,89.5,81.9,2.4,0.6,0.0,1002.8875,1012.5,996.5,11.77646,2.70447,7.240465,5.791666666666667,9.0,2.0,193.46822797615948
2025-12-02,84.26666666666667,90.1,74.2,3.0,1.4,0.0,1002.4708333333332,1006.0,997.7,11.66755,6.86919,9.26837,3.6666666666666665,9.0,2.0,187.3100147345551
2025-12-03,84.64999999999999,91.0,70.7,0.8,0.4,0.0,1007.375,1008.9,1005.2,10.71753,2.56614,6.641835,2.4166666666666665,6.0,1.0,144.7019064699557
2025-12-04,86.25,90.8,82.2,4.8,2.0,0.0,999.0541666666668,1004.3,994.2,8.4221,3.67791,6.0500050000000005,4.666666666666667,7.0,3.0,174.34441747578978
2025-12-05,84.70833333333333,91.8,73.0,3.0,0.8,0.0,1002.7333333333332,1007.4,993.4,10.60048,-0.90315,4.848665,3.0,6.0,1.0,138.2778580715252
2025-12-06,80.54583333333333,88.0,74.7,4.4,3.6,0.0,996.3791666666666,1003.0,992.6,12.53449,0.98146,6.757975,8.375,13.0,4.0,225.60506922320275
2025-12-07,84.17916666666666,92.2,72.5,4.0,1.4,0.0,1001.2041666666668,1005.2,996.8,14.53328,6.57532,10.5543,6.333333333333333,14.0,2.0,201.08905334701967
2025-12-08,84.05416666666666,90.2,78.7,2.2,0.6,0.0,1007.9208333333332,1010.5,1005.7,14.25013,9.59377,11.92195,6.5,10.0,2.0,220.1930970117944
2025-12-09,81.075,87.7,72.5,8.0,2.2,0.0,1004.575,1008.8,1001.5,14.47956,11.54075,13.010155,6.125,15.0,3.0,180.8484800868459
2025-12-10,76.15416666666667,84.3,63.3,0.0,0.0,0.0,1015.0625,1022.1,1008.3,13.85598,9.85032,11.85315,7.916666666666667,10.0,6.0,230.3341059065726
2025-12-11,84.03333333333333,91.0,76.1,0.2,0.2,0.0,1018.5125,1022.0,1015.4,12.21347,5.62966,8.921565,3.25,6.0,1.0,168.35885006630588
2025-12-12,85.27916666666667,89.6,79.7,0.0,0.0,0.0,1017.2875,1024.5,1014.1,12.31357,8.61822,10.465895,3.2083333333333335,8.0,2.0,165.7228607919634
2025-12-13,85.27499999999999,93.1,68.5,0.0,0.0,0.0,1026.7375,1028.8,1025.0,10.56477,1.42775,5.9962599999999995,2.6666666666666665,6.0,1.0,211.26349745947317
2025-12-14,82.6375,91.3,69.8,0.2,0.2,0.0,1018.65,1025.0,1011.9,11.25572,2.00483,6.630275,4.125,9.0,2.0,201.4468551646885
2025-12-15,81.52499999999999,85.2,77.6,0.0,0.0,0.0,1006.95,1011.4,1005.1,11.69269,6.99284,9.342765,3.5,8.0,2.0,157.4114844552172
2025-12-16,84.42916666666666,87.9,76.7,0.4,0.2,0.0,1009.0916666666668,1015.5,1004.7,12.09216,10.15585,11.124005,3.6666666666666665,7.0,2.0,82.66375313294981
2025-12-17,87.375,97.7,79.6,0.2,0.2,0.0,1014.5791666666668,1017.5,1009.7,11.16621,0.25497,5.71059,3.75,7.0,1.0,228.74054662921984
2025-12-18,88.53333333333335,93.5,79.4,20.6,3.0,0.0,1004.9,1009.2,998.9,12.5058,1.69989,7.102845,5.791666666666667,13.0,2.0,189.2500438555604
2025-12-19,76.7375,87.1,64.7,0.0,0.0,0.0,1014.6166666666668,1018.4,1006.1,11.31345,6.69949,9.00647,6.125,9.0,2.0,224.3268466524332
2025-12-20,86.3875,94.4,72.0,0.2,0.2,0.0,1012.4083333333332,1017.5,1007.4,10.13156,1.97702,6.05429,2.1666666666666665,4.0,1.0,121.66618820082044
2025-12-21,91.62916666666666,94.4,85.9,3.0,1.0,0.0,1006.7083333333334,1008.1,1004.9,10.78838,2.84334,6.81586,2.1666666666666665,4.0,1.0,121.68308591791094
2025-12-22,89.41666666666667,92.4,84.7,1.0,0.4,0.0,1007.5916666666668,1011.6,1003.8,10.9604,8.2645,9.61245,2.2083333333333335,4.0,1.0,119.58413656308215
2025-12-23,80.02083333333333,90.2,75.0,0.0,0.0,0.0,1017.6708333333332,1024.9,1012.0,7.40677,6.79905,7.10291,3.25,4.0,2.0,109.41567414380567
2025-12-24,67.39999999999999,75.7,58.1,0.0,0.0,0.0,1030.7583333333334,1033.3,1025.4,6.09493,4.34315,5.21904,4.708333333333333,6.0,4.0,104.57148260263584
2025-12-25,64.14999999999999,73.1,47.1,0.0,0.0,0.0,1028.3041666666666,1030.7,1026.6,5.69842,2.66152,4.17997,4.625,7.0,3.0,95.56023567312752
2025-12-26,77.52083333333333,84.9,72.0,0.0,0.0,0.0,1029.2416666666666,1032.5,1027.7,6.36585,2.61698,4.491415,2.8333333333333335,3.0,2.0,100.36479322905149
2025-12-27,81.46666666666667,88.9,74.4,0.0,0.0,0.0,1033.8666666666666,1035.0,1032.6,7.65538,1.64995,4.652665,3.375,4.0,3.0,67.96210192119008
2025-12-28,72.94166666666666,89.1,68.9,0.0,0.0,0.0,1032.1333333333334,1034.3,1029.4,7.32209,3.544,5.433045,3.0,4.0,2.0,82.12930203233418
2025-12-29,73.94166666666666,85.5,68.5,0.0,0.0,0.0,1029.0708333333334,1030.3,1028.4,6.58758,4.24052,5.41405,3.5416666666666665,5.0,3.0,63.68720630566543
2025-12-30,75.74583333333334,84.9,60.5,0.0,0.0,0.0,1033.2458333333334,1034.7,1030.5,7.07948,2.13598,4.60773,4.166666666666667,6.0,3.0,29.163537073980365
2025-12-31,90.49166666666667,94.2,84.2,0.0,0.0,0.0,1028.7833333333333,1033.9,1020.7,3.67804,-1.55403,1.062005,4.0,6.0,2.0,273.4106040625287
