date,mean_wind_speed_knots,hourly_obs_count,wind_speed_max_knots,wind_speed_min_knots,wind_direction_deg,mean_wind_speed_iqr_outlier,wind_speed_max_iqr_outlier,wind_speed_min_iqr_outlier,wind_speed_iqr_outlier,wind_imputed_from_kew
2022-04-07,13.0,24,16.0,4.0,270.6360893717208,True,False,False,True,False
2022-04-08,4.291666666666667,24,9.0,1.0,16.779590523457955,False,False,False,False,False
2022-04-09,5.458333333333333,24,9.0,3.0,306.18661411483424,False,False,False,False,False
2022-04-10,2.9166666666666665,24,5.0,1.0,160.73831931112545,False,False,False,False,False
2022-04-11,3.5,24,7.0,1.0,119.16778854117194,False,False,False,False,False
2022-04-12,4.125,24,8.0,1.0,176.12298994176808,False,False,False,False,False
2022-04-13,4.75,24,9.0,1.0,233.2333292043444,False,False,False,False,False
2022-04-14,3.0416666666666665,24,5.0,2.0,257.5225862367721,False,False,False,False,False
2022-04-15,2.375,24,5.0,1.0,235.03856653380706,False,False,False,False,False
2022-04-16,2.7083333333333335,24,4.0,2.0,118.75258490879719,False,False,False,False,False
2022-04-17,3.3333333333333335,24,6.0,2.0,135.59058759599424,False,False,False,False,False
2022-04-18,4.0,24,6.0,2.0,274.91023832732066,False,False,False,False,False
2022-04-19,3.125,24,5.0,1.0,19.886798822308037,False,False,False,False,False
2022-04-20,4.041666666666667,24,6.0,2.0,77.03734767364836,False,False,False,False,False
2022-04-21,3.25,24,5.0,1.0,118.46408149258582,False,False,False,False,False
2022-04-22,4.041666666666667,24,6.0,3.0,79.23798925439638,False,False,False,False,False
2022-04-23,4.25,24,6.0,3.0,75.58524869272776,False,False,False,False,False
2022-04-24,4.583333333333333,24,6.0,3.0,41.90051636890985,False,False,False,False,False
2022-04-25,4.458333333333333,24,7.0,2.0,43.03598342210836,False,False,False,False,False
2022-04-26,3.875,24,7.0,2.0,45.66618057977337,False,False,False,False,False
2022-04-27,3.0833333333333335,24,5.0,2.0,79.08817721101468,False,False,False,False,False
2022-04-28,2.875,24,4.0,2.0,114.71522097791342,False,False,False,False,False
2022-04-29,3.4166666666666665,24,7.0,2.0,68.23973726227706,False,False,False,False,False
2022-04-30,2.7916666666666665,24,5.0,1.0,10.956715403392195,False,False,False,False,False
2022-05-01,4.5,24,6.0,2.0,246.12105570111154,False,False,False,False,False
2022-05-02,2.6666666666666665,24,4.0,1.0,250.8109479288354,False,False,False,False,False
2022-05-03,2.4166666666666665,24,5.0,1.0,87.78394374991865,False,False,False,False,False
2022-05-04,4.666666666666667,24,7.0,1.0,257.9513643370795,False,False,False,False,False
2022-05-05,3.875,24,6.0,1.0,329.5965776248357,False,False,False,False,False
2022-05-06,5.583333333333333,24,9.0,2.0,261.6627386302112,False,False,False,False,False
2022-05-07,4.166666666666667,24,7.0,2.0,2.495768723841195,False,False,False,False,False
2022-05-08,2.9166666666666665,24,4.0,2.0,116.41350475642645,False,False,False,False,False
2022-05-09,4.375,24,10.0,1.0,165.18262277647193,False,False,False,False,False
2022-05-10,7.541666666666667,24,11.0,4.0,233.66391119114803,False,False,False,False,False
2022-05-11,7.5,24,11.0,5.0,232.08926080318793,False,False,False,False,False
2022-05-12,6.541666666666667,24,10.0,3.0,245.23085380176292,False,False,False,False,False
2022-05-13,8.291666666666666,24,11.0,5.0,254.119385998927,False,False,False,False,False
2022-05-14,2.9583333333333335,24,4.0,1.0,225.71454853164738,False,False,False,False,False
2022-05-15,2.375,24,3.0,1.0,119.25902459500622,False,False,False,False,False
2022-05-16,6.416666666666667,24,12.0,1.0,207.28691236878998,False,False,False,False,False
2022-05-17,3.7142857142857144,21,7.0,1.0,140.152508549279,False,False,False,False,False
2022-05-18,4.75,24,7.0,2.0,204.4479234443315,False,False,False,False,False
2022-05-19,5.041666666666667,24,8.0,1.0,266.50511894115806,False,False,False,False,False
2022-05-20,6.125,24,10.0,3.0,238.5069975046319,False,False,False,False,False
2022-05-21,5.5,24,7.0,3.0,250.07989820254116,False,False,False,False,False
2022-05-22,3.75,24,7.0,1.0,219.2928529141173,False,False,False,False,False
2022-05-23,4.875,24,9.0,3.0,276.13538561688927,False,False,False,False,False
2022-05-24,4.75,24,8.0,2.0,258.2970798033302,False,False,False,False,False
2022-05-25,8.291666666666666,24,13.0,4.0,234.96143342586402,False,False,False,False,False
2022-05-26,8.333333333333334,24,12.0,5.0,250.3332431749463,False,False,False,False,False
2022-05-27,7.375,24,9.0,5.0,316.73965139477633,False,False,False,False,False
2022-05-28,5.208333333333333,24,7.0,3.0,9.981854460851139,False,False,False,False,False
2022-05-29,5.208333333333333,24,8.0,2.0,31.750819784498674,False,False,False,False,False
2022-05-30,3.625,24,8.0,1.0,183.94419216631968,False,False,False,False,False
2022-05-31,3.7916666666666665,24,7.0,1.0,225.16801987189126,False,False,False,False,False
2022-06-01,3.4166666666666665,24,5.0,1.0,305.10484559095687,False,False,False,False,False
2022-06-02,2.6666666666666665,24,5.0,1.0,120.82269026567013,False,False,False,False,False
2022-06-03,2.8333333333333335,24,5.0,1.0,118.38189061019477,False,False,False,False,False
2022-06-04,3.8333333333333335,24,5.0,3.0,102.08611234140784,False,False,False,False,False
2022-06-05,4.166666666666667,24,7.0,3.0,351.4390691351749,False,False,False,False,False
2022-06-06,5.291666666666667,24,7.0,4.0,250.68525940423928,False,False,False,False,False
2022-06-07,4.0,24,8.0,1.0,217.23796595354878,False,False,False,False,False
2022-06-08,6.916666666666667,24,11.0,2.0,251.04192429363687,False,False,False,False,False
2022-06-09,6.708333333333333,24,10.0,4.0,239.1337335647688,False,False,False,False,False
2022-06-10,7.958333333333333,24,11.0,5.0,225.83221145882803,False,False,False,False,False
2022-06-11,7.583333333333333,24,10.0,4.0,241.71865554377274,False,False,False,False,False
2022-06-12,6.708333333333333,24,9.0,4.0,280.5626835437271,False,False,False,False,False
2022-06-13,4.083333333333333,24,6.0,2.0,297.3629760008982,False,False,False,False,False
2022-06-14,3.5833333333333335,24,6.0,2.0,195.39365652409293,False,False,False,False,False
2022-06-15,2.6666666666666665,24,5.0,1.0,151.90473005409535,False,False,False,False,False
2022-06-16,3.75,24,8.0,1.0,241.73905761234758,False,False,False,False,False
2022-06-17,6.75,24,13.0,1.0,222.08099075553963,False,False,False,False,False
2022-06-18,5.791666666666667,24,12.0,2.0,18.383303671735064,False,False,False,False,False
2022-06-19,5.375,24,9.0,3.0,33.394422353293066,False,False,False,False,False
2022-06-20,4.541666666666667,24,8.0,2.0,40.67174886536304,False,False,False,False,False
2022-06-21,2.6666666666666665,24,4.0,1.0,105.73634775702828,False,False,False,False,False
2022-06-22,2.875,24,5.0,1.0,110.2785791880035,False,False,False,False,False
2022-06-23,2.9583333333333335,24,7.0,1.0,79.80996219531005,False,False,False,False,False
2022-06-24,6.916666666666667,24,10.0,4.0,210.319032009903,False,False,False,False,False
2022-06-25,5.958333333333333,24,9.0,3.0,180.7242699335314,False,False,False,False,False
2022-06-26,6.166666666666667,24,10.0,2.0,191.9012198972607,False,False,False,False,False
2022-06-27,6.916666666666667,24,10.0,2.0,221.87846437716746,False,False,False,False,False
2022-06-28,5.416666666666667,24,9.0,2.0,186.09590484503914,False,False,False,False,False
2022-06-29,4.666666666666667,24,9.0,2.0,180.27312865738216,False,False,False,False,False
2022-06-30,4.791666666666667,24,8.0,2.0,218.55549542962058,False,False,False,False,False
2022-07-01,7.208333333333333,24,12.0,3.0,235.12756159767045,False,False,False,False,False
2022-07-02,7.75,24,10.0,5.0,227.84471730314476,False,False,False,False,False
2022-07-03,5.166666666666667,24,7.0,3.0,280.81212617549056,False,False,False,False,False
2022-07-04,5.583333333333333,24,8.0,3.0,290.5810223739211,False,False,False,False,False
2022-07-05,5.416666666666667,24,8.0,3.0,318.066394898794,False,False,False,False,False
2022-07-06,6.25,24,9.0,3.0,312.31123861217213,False,False,False,False,False
2022-07-07,5.0,24,8.0,1.0,356.99808438550883,False,False,False,False,False
2022-07-08,4.458333333333333,24,7.0,2.0,333.44121416757906,False,False,False,False,False
2022-07-09,4.916666666666667,24,7.0,2.0,15.627341708946915,False,False,False,False,False
2022-07-10,3.75,24,6.0,1.0,224.0043304864686,False,False,False,False,False
2022-07-11,3.625,24,6.0,1.0,237.2799666475347,False,False,False,False,False
2022-07-12,4.25,24,8.0,1.0,195.74626832107077,False,False,False,False,False
2022-07-13,4.0,24,6.0,2.0,326.7540301628982,False,False,False,False,False
2022-07-14,5.708333333333333,24,9.0,2.0,16.483154649622975,False,False,False,False,False
2022-07-15,5.25,24,8.0,2.0,322.88541754118654,False,False,False,False,False
2022-07-16,3.6666666666666665,24,6.0,2.0,54.20408422575167,False,False,False,False,False
2022-07-17,3.0,24,5.0,1.0,141.31434171148726,False,False,False,False,False
2022-07-18,2.7916666666666665,24,6.0,1.0,160.8165771128896,False,False,False,False,False
2022-07-19,4.416666666666667,24,9.0,1.0,150.87444908573787,False,False,False,False,False
2022-07-20,7.625,24,11.0,6.0,255.8740511644919,False,False,False,False,False
2022-07-21,4.0,24,7.0,2.0,5.255732964733625,False,False,False,False,False
2022-07-22,3.2916666666666665,24,4.0,3.0,114.16460400764697,False,False,False,False,False
2022-07-23,5.583333333333333,24,10.0,1.0,214.2756730327864,False,False,False,False,False
2022-07-24,8.833333333333334,24,13.0,6.0,224.58227980320916,False,False,False,False,False
2022-07-25,8.958333333333334,24,11.0,8.0,258.25773533523017,False,False,True,True,False
2022-07-26,4.416666666666667,24,8.0,3.0,355.0328156720679,False,False,False,False,False
2022-07-27,2.7083333333333335,24,4.0,2.0,116.59044665017268,False,False,False,False,False
2022-07-28,2.9583333333333335,24,4.0,2.0,114.16460400764697,False,False,False,False,False
2022-07-29,2.5833333333333335,24,4.0,1.0,55.63158236046996,False,False,False,False,False
2022-07-30,5.416666666666667,24,8.0,3.0,234.65041453089157,False,False,False,False,False
2022-07-31,6.875,24,10.0,2.0,252.74842739952547,False,False,False,False,False
2022-08-01,3.4583333333333335,24,8.0,2.0,161.23142387005043,False,False,False,False,False
2022-08-02,7.958333333333333,24,11.0,4.0,229.16989811036908,False,False,False,False,False
2022-08-03,7.0,24,10.0,4.0,235.70134582037775,False,False,False,False,False
2022-08-04,6.041666666666667,24,9.0,4.0,321.1559314858087,False,False,False,False,False
2022-08-05,7.166666666666667,24,8.0,5.0,353.02582163411284,False,False,False,False,False
2022-08-06,4.5,24,7.0,2.0,5.438234095154087,False,False,False,False,False
2022-08-07,3.0416666666666665,24,6.0,1.0,322.8033610676158,False,False,False,False,False
2022-08-08,3.125,24,5.0,1.0,49.959184569552974,False,False,False,False,False
2022-08-09,2.75,24,4.0,1.0,93.55885355797034,False,False,False,False,False
2022-08-10,2.625,24,4.0,1.0,98.48739641979319,False,False,False,False,False
2022-08-11,2.4583333333333335,24,4.0,1.0,100.23643188509214,False,False,False,False,False
2022-08-12,2.5,24,4.0,1.0,86.04670852513408,False,False,False,False,False
2022-08-13,2.5833333333333335,24,5.0,1.0,89.21654096403944,False,False,False,False,False
2022-08-14,2.3333333333333335,24,4.0,1.0,115.32382014165603,False,False,False,False,False
2022-08-15,4.041666666666667,24,7.0,1.0,251.4459976612826,False,False,False,False,False
2022-08-16,3.125,24,6.0,1.0,186.7519923448925,False,False,False,False,False
2022-08-17,3.2916666666666665,24,7.0,1.0,27.878900386155124,False,False,False,False,False
2022-08-18,4.583333333333333,24,9.0,1.0,241.99266869882945,False,False,False,False,False
2022-08-19,6.125,24,9.0,4.0,261.4677883067679,False,False,False,False,False
2022-08-20,6.166666666666667,24,10.0,3.0,233.65801225677154,False,False,False,False,False
2022-08-21,4.625,24,7.0,3.0,234.80275108451096,False,False,False,False,False
2022-08-22,3.5,24,7.0,1.0,195.12152307779016,False,False,False,False,False
2022-08-23,4.583333333333333,24,7.0,1.0,218.72595690095957,False,False,False,False,False
2022-08-24,4.666666666666667,24,6.0,1.0,213.35539973450312,False,False,False,False,False
2022-08-25,4.083333333333333,24,8.0,1.0,348.6933647639865,False,False,False,False,False
2022-08-26,2.9166666666666665,24,5.0,1.0,314.54783790978456,False,False,False,False,False
2022-08-27,2.25,24,4.0,1.0,101.24948261039737,False,False,False,False,False
2022-08-28,2.5833333333333335,24,4.0,1.0,96.4129374846026,False,False,False,False,False
2022-08-29,3.0416666666666665,24,5.0,1.0,65.91624030108176,False,False,False,False,False
2022-08-30,4.333333333333333,24,6.0,3.0,45.37006753163979,False,False,False,False,False
2022-08-31,3.7083333333333335,24,5.0,3.0,60.88300198652752,False,False,False,False,False
2022-09-01,2.9583333333333335,24,4.0,2.0,104.9913889030172,False,False,False,False,False
2022-09-02,2.5,24,4.0,2.0,64.88759181895102,False,False,False,False,False
2022-09-03,3.2083333333333335,24,7.0,1.0,178.04365439875562,False,False,False,False,False
2022-09-04,3.375,24,5.0,2.0,126.931930223287,False,False,False,False,False
2022-09-05,2.75,24,6.0,1.0,158.14095584266852,False,False,False,False,False
2022-09-06,3.5416666666666665,24,6.0,1.0,157.67814267620975,False,False,False,False,False
2022-09-07,3.5833333333333335,24,7.0,1.0,155.986564931295,False,False,False,False,False
2022-09-08,3.1666666666666665,24,8.0,1.0,146.71631997491897,False,False,False,False,False
2022-09-09,4.5,24,7.0,1.0,284.5654529460062,False,False,False,False,False
2022-09-10,3.409090909090909,22,6.0,1.0,313.6703848402423,False,False,False,False,False
2022-09-11,2.45,20,5.0,1.0,127.19625740223239,False,False,False,False,False
2022-09-12,2.75,24,6.0,1.0,179.07967272126825,False,False,False,False,False
2022-09-13,2.5416666666666665,24,5.0,1.0,70.5360184788085,False,False,False,False,False
2022-09-14,4.083333333333333,24,8.0,1.0,20.77409520410538,False,False,False,False,False
2022-09-15,4.666666666666667,24,7.0,3.0,334.72502055897064,False,False,False,False,False
2022-09-16,6.583333333333333,24,11.0,2.0,343.42359386251235,False,False,False,False,False
2022-09-17,5.416666666666667,24,9.0,3.0,326.2627204180589,False,False,False,False,False
2022-09-18,5.458333333333333,24,9.0,2.0,317.4529723758423,False,False,False,False,False
2022-09-19,3.4166666666666665,24,5.0,1.0,334.07545893775995,False,False,False,False,False
2022-09-20,2.9166666666666665,24,5.0,1.0,329.2867394611636,False,False,False,False,False
2022-09-21,1.8333333333333333,24,3.0,1.0,165.53007317678203,False,False,False,False,False
2022-09-22,3.4166666666666665,24,7.0,1.0,178.29726747590087,False,False,False,False,False
2022-09-23,4.541666666666667,24,7.0,3.0,333.0602924263573,False,False,False,False,False
2022-09-24,5.666666666666667,24,8.0,3.0,10.001670177077358,False,False,False,False,False
2022-09-25,5.666666666666667,24,8.0,4.0,334.5551753816331,False,False,False,False,False
2022-09-26,8.125,24,11.0,4.0,298.12833789267086,False,False,False,False,False
2022-09-27,6.041666666666667,24,9.0,3.0,296.2291143343282,False,False,False,False,False
2022-09-28,3.875,24,7.0,2.0,294.9408399259203,False,False,False,False,False
2022-09-29,2.75,24,6.0,1.0,301.03633451384474,False,False,False,False,False
2022-09-30,5.916666666666667,24,11.0,2.0,228.6879945414296,False,False,False,False,False
2022-10-01,7.416666666666667,24,9.0,5.0,247.07658004153348,False,False,False,False,False
2022-10-02,4.208333333333333,24,7.0,1.0,299.0762501539903,False,False,False,False,False
2022-10-03,2.1666666666666665,24,5.0,1.0,136.78091098866946,False,False,False,False,False
2022-10-04,6.083333333333333,24,10.0,2.0,206.20732878091735,False,False,False,False,False
2022-10-05,9.875,24,14.0,7.0,229.5245754443144,False,False,True,True,False
2022-10-06,7.041666666666667,24,10.0,4.0,234.19021104618457,False,False,False,False,False
2022-10-07,8.416666666666666,24,14.0,5.0,228.74461549097725,False,False,False,False,False
2022-10-08,3.9166666666666665,24,6.0,1.0,254.98224900870252,False,False,False,False,False
2022-10-09,2.625,24,6.0,1.0,130.6178197077404,False,False,False,False,False
2022-10-10,4.75,24,9.0,1.0,346.34035321090903,False,False,False,False,False
2022-10-11,1.9166666666666667,24,3.0,1.0,257.12492561055956,False,False,False,False,False
2022-10-12,3.6666666666666665,24,7.0,1.0,182.43661524022716,False,False,False,False,False
2022-10-13,1.7916666666666667,24,5.0,1.0,185.52330959236411,False,False,False,False,False
2022-10-14,3.9166666666666665,24,7.0,1.0,227.21371986816285,False,False,False,False,False
2022-10-15,6.75,24,14.0,1.0,203.55858419053686,False,False,False,False,False
2022-10-16,5.083333333333333,24,8.0,2.0,184.552630234507,False,False,False,False,False
2022-10-17,5.166666666666667,24,9.0,1.0,212.75196320486324,False,False,False,False,False
2022-10-18,1.9583333333333333,24,3.0,1.0,134.70043020587377,False,False,False,False,False
2022-10-19,4.166666666666667,24,6.0,2.0,115.0,False,False,False,False,False
2022-10-20,2.1666666666666665,24,5.0,1.0,142.11816169368797,False,False,False,False,False
2022-10-21,3.7916666666666665,24,6.0,1.0,132.5599830671199,False,False,False,False,False
2022-10-22,5.416666666666667,24,9.0,2.0,193.4119635967327,False,False,False,False,False
2022-10-23,2.5416666666666665,24,5.0,1.0,125.40465498954944,False,False,False,False,False
2022-10-24,8.583333333333334,24,14.0,5.0,226.2888673422011,False,False,False,False,False
2022-10-25,4.166666666666667,24,7.0,2.0,178.22701066417176,False,False,False,False,False
2022-10-26,6.041666666666667,24,14.0,1.0,175.37122122894334,False,False,False,False,False
2022-10-27,3.5833333333333335,24,9.0,1.0,142.4462063977707,False,False,False,False,False
2022-10-28,4.583333333333333,24,10.0,1.0,173.253928663181,False,False,False,False,False
2022-10-29,2.5416666666666665,24,6.0,1.0,130.943264120525,False,False,False,False,False
2022-10-30,3.2916666666666665,24,8.0,1.0,154.29196983007546,False,False,False,False,False
2022-10-31,3.2083333333333335,24,5.0,2.0,123.3042657632493,False,False,False,False,False
2022-11-01,10.625,24,19.0,6.0,220.89135024491844,False,True,False,True,False
2022-11-02,7.958333333333333,24,12.0,4.0,219.11963602280144,False,False,False,False,False
2022-11-03,3.625,24,7.0,1.0,203.0003663860079,False,False,False,False,False
2022-11-04,4.916666666666667,24,8.0,1.0,333.492678684782,False,False,False,False,False
2022-11-05,4.208333333333333,24,8.0,1.0,186.96272122882286,False,False,False,False,False
2022-11-06,5.5,24,9.0,2.0,210.16209533762446,False,False,False,False,False
2022-11-07,5.791666666666667,24,9.0,4.0,201.34497043226386,False,False,False,False,False
2022-11-08,7.458333333333333,24,11.0,5.0,204.59064173718602,False,False,False,False,False
2022-11-09,6.166666666666667,12,10.0,4.0,219.10362519478016,False,False,False,False,False
2022-11-10,8.090909090909092,11,10.0,7.0,220.90565800435462,False,False,True,True,False
2022-11-11,5.625,24,9.0,2.0,200.00520494168643,False,False,False,False,False
2022-11-12,1.9166666666666667,24,3.0,1.0,114.17520566623426,False,False,False,False,False
2022-11-13,1.8333333333333333,24,2.0,1.0,120.0,False,False,False,False,False
2022-11-14,1.9583333333333333,24,7.0,1.0,127.83972415844335,False,False,False,False,False
2022-11-15,4.416666666666667,24,8.0,2.0,148.80780799760998,False,False,False,False,False
2022-11-16,3.25,24,5.0,2.0,127.85565669934016,False,False,False,False,False
2022-11-17,8.958333333333334,24,11.0,1.0,255.8796957848967,False,False,False,False,False
2022-11-18,6.541666666666667,24,9.0,4.0,265.1025785507782,False,False,False,False,False
2022-11-19,4.5,24,8.0,1.0,296.29577297256236,False,False,False,False,False
2022-11-20,4.166666666666667,24,8.0,1.0,235.57489866820828,False,False,False,False,False
2022-11-21,5.916666666666667,24,14.0,1.0,156.928029706124,False,False,False,False,False
2022-11-22,6.208333333333333,24,11.0,2.0,240.48651744096077,False,False,False,False,False
2022-11-23,6.541666666666667,24,12.0,1.0,185.9302458667796,False,False,False,False,False
2022-11-24,5.625,24,10.0,2.0,187.07994836162342,False,False,False,False,False
2022-11-25,5.75,24,9.0,2.0,227.25267895106666,False,False,False,False,False
2022-11-26,3.375,24,5.0,2.0,152.58654785743306,False,False,False,False,False
2022-11-27,3.0,24,5.0,1.0,169.42624287379613,False,False,False,False,False
2022-11-28,2.0,24,4.0,1.0,185.94158465814584,False,False,False,False,False
2022-11-29,2.625,24,4.0,1.0,12.529883319041858,False,False,False,False,False
2022-11-30,1.6666666666666667,24,3.0,1.0,137.58334399637215,False,False,False,False,False
2022-12-01,2.7083333333333335,24,5.0,1.0,300.6385379904342,False,False,False,False,False
2022-12-02,4.416666666666667,24,6.0,3.0,17.498418511741136,False,False,False,False,False
2022-12-03,4.458333333333333,24,6.0,3.0,56.41466373525225,False,False,False,False,False
2022-12-04,3.3333333333333335,24,5.0,2.0,63.854755100593025,False,False,False,False,False
2022-12-05,4.458333333333333,24,6.0,3.0,28.75099912885861,False,False,False,False,False
2022-12-06,4.625,24,6.0,3.0,14.230281266163274,False,False,False,False,False
2022-12-07,4.5,24,6.0,3.0,331.0130628198869,False,False,False,False,False
2022-12-08,3.2083333333333335,24,5.0,2.0,297.94031414182797,False,False,False,False,False
2022-12-09,3.25,24,5.0,2.0,290.0934008764509,False,False,False,False,False
2022-12-10,2.4583333333333335,24,4.0,1.0,222.60794143386607,False,False,False,False,False
2022-12-11,2.125,24,5.0,1.0,110.51415015003022,False,False,False,False,False
2022-12-12,2.1666666666666665,24,4.0,1.0,121.04476178913842,False,False,False,False,False
2022-12-13,2.125,24,3.0,1.0,117.5250617447922,False,False,False,False,False
2022-12-14,4.833333333333333,24,7.0,2.0,20.524042585199822,False,False,False,False,False
2022-12-15,3.625,24,5.0,3.0,319.373907640914,False,False,False,False,False
2022-12-16,2.0416666666666665,24,3.0,1.0,231.69896454518664,False,False,False,False,False
2022-12-17,1.6666666666666667,24,3.0,1.0,125.1253503273681,False,False,False,False,False
2022-12-18,3.25,24,5.0,2.0,120.41852103624524,False,False,False,False,False
2022-12-19,9.416666666666666,24,12.0,4.0,215.10508357074903,False,False,False,False,False
2022-12-20,5.791666666666667,24,10.0,2.0,207.10962672651925,False,False,False,False,False
2022-12-21,3.3333333333333335,24,7.0,2.0,187.46465428419924,False,False,False,False,False
2022-12-22,4.458333333333333,24,8.0,2.0,221.92685755935085,False,False,False,False,False
2022-12-23,5.791666666666667,24,10.0,2.0,220.80190306151223,False,False,False,False,False
2022-12-24,4.875,24,10.0,1.0,198.6098993660378,False,False,False,False,False
2022-12-25,3.25,24,7.0,2.0,179.60225172216178,False,False,False,False,False
2022-12-26,7.5,24,10.0,3.0,247.35802688135115,False,False,False,False,False
2022-12-27,6.75,24,12.0,1.0,215.73189491590495,False,False,False,False,False
2022-12-28,9.75,24,13.0,7.0,220.01267602485808,False,False,True,True,False
2022-12-29,10.958333333333334,24,14.0,6.0,231.24583333225974,False,False,False,False,False
2022-12-30,7.5,24,15.0,3.0,182.62970699634317,False,False,False,False,False
2022-12-31,10.333333333333334,24,16.0,4.0,221.28239437250215,False,False,False,False,False
2023-01-01,7.708333333333333,24,13.0,2.0,231.2997399356757,False,False,False,False,False
2023-01-02,4.041666666666667,24,6.0,2.0,232.80041907889392,False,False,False,False,False
2023-01-03,5.541666666666667,24,12.0,1.0,175.56309356429483,False,False,False,False,False
2023-01-04,12.25,24,16.0,8.0,237.92048998652263,True,False,True,True,False
2023-01-05,8.083333333333334,24,10.0,4.0,231.649116630281,False,False,False,False,False
2023-01-06,6.625,24,11.0,2.0,219.71464033528036,False,False,False,False,False
2023-01-07,7.583333333333333,24,13.0,5.0,191.50018680020742,False,False,False,False,False
2023-01-08,5.875,24,10.0,3.0,203.23995171338427,False,False,False,False,False
2023-01-09,7.333333333333333,24,10.0,3.0,257.9464266934684,False,False,False,False,False
2023-01-10,7.75,24,14.0,3.0,198.9154787958307,False,False,False,False,False
2023-01-11,11.541666666666666,24,15.0,9.0,239.17835774813923,True,False,True,True,False
2023-01-12,13.75,24,17.0,10.0,234.98727533916056,True,False,True,True,False
2023-01-13,11.583333333333334,24,15.0,7.0,244.20293162541827,True,False,True,True,False
2023-01-14,9.0,24,13.0,3.0,223.18677925402324,False,False,False,False,False
2023-01-15,9.541666666666666,24,14.0,2.0,230.901816961043,False,False,False,False,False
2023-01-16,6.25,24,11.0,2.0,340.17807014653044,False,False,False,False,False
2023-01-17,2.4166666666666665,24,4.0,1.0,266.60059993620507,False,False,False,False,False
2023-01-18,4.708333333333333,24,8.0,3.0,255.5568814256707,False,False,False,False,False
2023-01-19,3.2083333333333335,24,6.0,1.0,267.2460570406401,False,False,False,False,False
2023-01-20,4.875,24,8.0,3.0,295.734072116986,False,False,False,False,False
2023-01-21,1.875,24,4.0,1.0,109.11083077513513,False,False,False,False,False
2023-01-22,1.5833333333333333,24,3.0,1.0,230.3425317091159,False,False,False,False,False
2023-01-23,1.7916666666666667,24,3.0,1.0,248.44774360029248,False,False,False,False,False
2023-01-24,1.75,24,3.0,1.0,91.48759339172904,False,False,False,False,False
2023-01-25,3.4166666666666665,24,6.0,2.0,274.71040701773063,False,False,False,False,False
2023-01-26,6.458333333333333,24,9.0,5.0,13.338038990640769,False,False,False,False,False
2023-01-27,4.583333333333333,24,7.0,2.0,20.840725258998248,False,False,False,False,False
2023-01-28,3.4583333333333335,24,5.0,2.0,324.18251497819983,False,False,False,False,False
2023-01-29,6.25,24,9.0,3.0,238.7494093125747,False,False,False,False,False
2023-01-30,5.875,24,10.0,3.0,281.5705617720863,False,False,False,False,False
2023-01-31,6.833333333333333,24,10.0,4.0,257.82340500708835,False,False,False,False,False
2023-02-01,8.666666666666666,24,11.0,6.0,249.13153782681667,False,False,False,False,False
2023-02-02,8.25,24,11.0,4.0,245.8471023248001,False,False,False,False,False
2023-02-03,6.260869565217392,23,8.0,1.0,260.4468176544859,False,False,False,False,False
2023-02-04,3.75,24,6.0,2.0,265.3064556080011,False,False,False,False,False
2023-02-05,4.541666666666667,24,8.0,1.0,356.98201458206296,False,False,False,False,False
2023-02-06,1.7083333333333333,24,3.0,1.0,191.36799295990383,False,False,False,False,False
2023-02-07,1.5,24,3.0,1.0,168.01452739629588,False,False,False,False,False
2023-02-08,2.0416666666666665,24,5.0,1.0,181.67633599959467,False,False,False,False,False
2023-02-09,2.5416666666666665,24,5.0,1.0,268.78462930612716,False,False,False,False,False
2023-02-10,4.166666666666667,24,8.0,1.0,249.6441084507028,False,False,False,False,False
2023-02-11,3.4166666666666665,24,5.0,1.0,246.4578269795894,False,False,False,False,False
2023-02-12,2.2083333333333335,24,4.0,1.0,138.05093345757768,False,False,False,False,False
2023-02-13,2.0416666666666665,24,3.0,1.0,125.34390245901318,False,False,False,False,False
2023-02-14,1.5833333333333333,24,3.0,1.0,142.16831876260693,False,False,False,False,False
2023-02-15,4.041666666666667,24,8.0,1.0,186.55768430069622,False,False,False,False,False
2023-02-16,6.791666666666667,24,9.0,2.0,226.82308649716097,False,False,False,False,False
2023-02-17,9.583333333333334,24,13.0,6.0,240.85023821810398,False,False,False,False,False
2023-02-18,9.666666666666666,24,13.0,7.0,247.08930404241238,False,False,True,True,False
2023-02-19,6.125,24,7.0,4.0,260.79773103381046,False,False,False,False,False
2023-02-20,7.958333333333333,24,10.0,5.0,237.91891773168172,False,False,False,False,False
2023-02-21,4.0,24,7.0,2.0,235.55150320689245,False,False,False,False,False
2023-02-22,4.125,24,6.0,2.0,283.6231147314113,False,False,False,False,False
2023-02-23,5.875,24,8.0,3.0,22.930889671296995,False,False,False,False,False
2023-02-24,4.541666666666667,24,8.0,2.0,325.3365851580425,False,False,False,False,False
2023-02-25,6.625,24,8.0,4.0,18.306115993158983,False,False,False,False,False
2023-02-26,3.9166666666666665,24,5.0,3.0,45.148345555430865,False,False,False,False,False
2023-02-27,3.4166666666666665,24,5.0,2.0,54.17734645909735,False,False,False,False,False
2023-02-28,4.625,24,7.0,2.0,31.794014330356617,False,False,False,False,False
2023-03-01,3.3333333333333335,24,5.0,2.0,60.27286630110643,False,False,False,False,False
2023-03-02,4.041666666666667,24,6.0,3.0,40.92068563332941,False,False,False,False,False
2023-03-03,4.083333333333333,24,6.0,3.0,33.631707906392535,False,False,False,False,False
2023-03-04,4.958333333333333,24,7.0,3.0,15.277927916346584,False,False,False,False,False
2023-03-05,4.666666666666667,24,7.0,3.0,301.5442672705732,False,False,False,False,False
2023-03-06,5.166666666666667,24,9.0,2.0,247.06947525661815,False,False,False,False,False
2023-03-07,4.041666666666667,24,7.0,1.0,274.4231275195458,False,False,False,False,False
2023-03-08,3.2916666666666665,24,5.0,2.0,120.4148098234694,False,False,False,False,False
2023-03-09,2.5416666666666665,24,7.0,1.0,117.69243312817332,False,False,False,False,False
2023-03-10,6.458333333333333,24,14.0,1.0,355.8860834675123,False,False,False,False,False
2023-03-11,2.75,24,5.0,1.0,126.46081619577836,False,False,False,False,False
2023-03-12,7.625,24,12.0,2.0,224.48215632650727,False,False,False,False,False
2023-03-13,14.833333333333334,24,19.0,9.0,228.3380389906407,True,True,True,True,False
2023-03-14,8.416666666666666,24,12.0,4.0,300.5688664651161,False,False,False,False,False
2023-03-15,3.2916666666666665,24,6.0,1.0,186.2838443507321,False,False,False,False,False
2023-03-16,4.291666666666667,24,8.0,2.0,176.160534671832,False,False,False,False,False
2023-03-17,3.5416666666666665,24,7.0,1.0,177.5145600820499,False,False,False,False,False
2023-03-18,3.2916666666666665,24,6.0,2.0,182.04640399739367,False,False,False,False,False
2023-03-19,5.416666666666667,24,7.0,3.0,281.9605037467013,False,False,False,False,False
2023-03-20,6.791666666666667,24,10.0,4.0,225.4177201967908,False,False,False,False,False
2023-03-21,8.0,24,13.0,3.0,219.60692650466135,False,False,False,False,False
2023-03-22,10.25,24,13.0,6.0,220.41586343691785,False,False,False,False,False
2023-03-23,10.458333333333334,24,15.0,5.0,220.98357137343135,False,False,False,False,False
2023-03-24,10.5,24,15.0,7.0,228.31261140439247,False,False,True,True,False
2023-03-25,10.708333333333334,24,14.0,2.0,239.2759970671724,False,False,False,False,False
2023-03-26,5.083333333333333,24,9.0,1.0,25.796810966723967,False,False,False,False,False
2023-03-27,3.7083333333333335,24,6.0,1.0,341.6066018188946,False,False,False,False,False
2023-03-28,4.125,24,7.0,2.0,155.1548243495139,False,False,False,False,False
2023-03-29,4.958333333333333,24,11.0,1.0,195.1860256228394,False,False,False,False,False
2023-03-30,10.958333333333334,24,15.0,4.0,221.751254710202,False,False,False,False,False
2023-03-31,8.0,24,14.0,4.0,227.46015177377726,False,False,False,False,False
2023-04-01,6.791666666666667,24,8.0,4.0,350.96611344061057,False,False,False,False,False
2023-04-02,6.0,24,8.0,3.0,32.39997059080497,False,False,False,False,False
2023-04-03,2.7916666666666665,24,4.0,1.0,97.29078548831689,False,False,False,False,False
2023-04-04,2.375,24,4.0,1.0,129.64684048675736,False,False,False,False,False
2023-04-05,4.0,24,6.0,2.0,220.75608895867788,False,False,False,False,False
2023-04-06,6.0,24,9.0,3.0,264.43334784905784,False,False,False,False,False
2023-04-07,3.4583333333333335,24,5.0,1.0,333.06193056963554,False,False,False,False,False
2023-04-08,2.25,24,3.0,1.0,105.94920156755433,False,False,False,False,False
2023-04-09,3.125,24,6.0,2.0,146.2452626028786,False,False,False,False,False
2023-04-10,7.5,24,14.0,2.0,217.28232197484076,False,False,False,False,False
2023-04-11,8.125,24,12.0,4.0,219.4279106517746,False,False,False,False,False
2023-04-12,9.75,24,16.0,5.0,232.2077768570162,False,False,False,False,False
2023-04-13,8.458333333333334,24,11.0,2.0,246.90926147598844,False,False,False,False,False
2023-04-14,3.5833333333333335,24,6.0,2.0,121.51279999205656,False,False,False,False,False
2023-04-15,4.75,24,7.0,1.0,17.217749964262055,False,False,False,False,False
2023-04-16,2.4166666666666665,24,5.0,1.0,266.78495835737436,False,False,False,False,False
2023-04-17,2.5416666666666665,24,4.0,1.0,109.06043221703601,False,False,False,False,False
2023-04-18,3.875,24,6.0,2.0,84.55660810941163,False,False,False,False,False
2023-04-19,3.5833333333333335,24,5.0,2.0,121.33920933047045,False,False,False,False,False
2023-04-20,4.333333333333333,24,9.0,2.0,54.7059662195129,False,False,False,False,False
2023-04-21,3.5416666666666665,24,5.0,1.0,75.51860314560048,False,False,False,False,False
2023-04-22,2.9166666666666665,24,6.0,1.0,197.60530653130192,False,False,False,False,False
2023-04-23,4.791666666666667,24,11.0,2.0,254.6956106680376,False,False,False,False,False
2023-04-24,4.625,24,7.0,3.0,337.87414828243965,False,False,False,False,False
2023-04-25,4.541666666666667,24,7.0,2.0,37.611724465814916,False,False,False,False,False
2023-04-26,3.0,24,5.0,1.0,116.66620435830242,False,False,False,False,False
2023-04-27,3.4166666666666665,24,6.0,1.0,119.58413656308215,False,False,False,False,False
2023-04-28,5.5,24,8.0,1.0,290.4090305928561,False,False,False,False,False
2023-04-29,2.5,24,5.0,1.0,95.5875753839041,False,False,False,False,False
2023-04-30,3.6666666666666665,24,7.0,1.0,176.4535625843739,False,False,False,False,False
2023-05-01,5.25,24,8.0,3.0,305.7231411733855,False,False,False,False,False
2023-05-02,3.4166666666666665,24,4.0,2.0,90.34320613685401,False,False,False,False,False
2023-05-03,3.4583333333333335,24,5.0,1.0,120.8332702691041,False,False,False,False,False
2023-05-04,4.041666666666667,24,8.0,2.0,136.25823594811652,False,False,False,False,False
2023-05-05,5.434782608695652,23,10.0,2.0,205.3584385670407,False,False,False,False,False
2023-05-06,2.7916666666666665,24,4.0,1.0,149.17290935290958,False,False,False,False,False
2023-05-07,3.7916666666666665,24,5.0,2.0,251.90106513543117,False,False,False,False,False
2023-05-08,4.708333333333333,24,8.0,1.0,202.20811438786833,False,False,False,False,False
2023-05-09,4.708333333333333,24,8.0,2.0,263.94960902885083,False,False,False,False,False
2023-05-10,4.833333333333333,24,8.0,1.0,261.2777363147406,False,False,False,False,False
2023-05-11,3.4583333333333335,24,6.0,2.0,238.74970928484606,False,False,False,False,False
2023-05-12,7.083333333333333,24,11.0,2.0,21.252184555482472,False,False,False,False,False
2023-05-13,6.583333333333333,24,8.0,4.0,12.923419958466525,False,False,False,False,False
2023-05-14,3.7083333333333335,24,5.0,2.0,294.3698194250069,False,False,False,False,False
2023-05-15,6.125,24,10.0,1.0,8.309241986481823,False,False,False,False,False
2023-05-16,5.0,24,8.0,3.0,334.65909970633913,False,False,False,False,False
2023-05-17,3.2916666666666665,24,5.0,2.0,341.9756858472376,False,False,False,False,False
2023-05-18,2.3333333333333335,24,3.0,1.0,110.06897644309709,False,False,False,False,False
2023-05-19,2.6666666666666665,24,5.0,2.0,93.92696472780449,False,False,False,False,False
2023-05-20,4.708333333333333,24,6.0,3.0,30.773603203490268,False,False,False,False,False
2023-05-21,5.666666666666667,24,9.0,3.0,22.089044882861288,False,False,False,False,False
2023-05-22,6.583333333333333,24,9.0,5.0,11.272949901075435,False,False,False,False,False
2023-05-23,4.583333333333333,24,6.0,2.0,35.960491023742975,False,False,False,False,False
2023-05-24,4.25,24,7.0,2.0,346.5690134022362,False,False,False,False,False
2023-05-25,2.875,24,5.0,1.0,73.4279381050336,False,False,False,False,False
2023-05-26,3.7083333333333335,24,5.0,2.0,109.91431330943021,False,False,False,False,False
2023-05-27,3.0,24,5.0,2.0,92.1132803158738,False,False,False,False,False
2023-05-28,3.2083333333333335,24,5.0,1.0,87.946406775637,False,False,False,False,False
2023-05-29,4.583333333333333,24,6.0,3.0,53.99970852515946,False,False,False,False,False
2023-05-30,4.708333333333333,24,6.0,3.0,52.72719989018316,False,False,False,False,False
2023-05-31,4.458333333333333,24,6.0,3.0,47.30146531846111,False,False,False,False,False
2023-06-01,5.083333333333333,24,9.0,3.0,49.35928873877765,False,False,False,False,False
2023-06-02,4.291666666666667,24,6.0,3.0,68.61368337137156,False,False,False,False,False
2023-06-03,4.041666666666667,24,6.0,2.0,62.906249662236576,False,False,False,False,False
2023-06-04,3.7083333333333335,24,6.0,2.0,74.54721118396554,False,False,False,False,False
2023-06-05,4.333333333333333,24,8.0,3.0,56.11619407002348,False,False,False,False,False
2023-06-06,4.333333333333333,24,6.0,3.0,45.11513328600023,False,False,False,False,False
2023-06-07,3.375,24,4.0,2.0,100.14401852376176,False,False,False,False,False
2023-06-08,3.4166666666666665,24,5.0,3.0,95.31191250176641,False,False,False,False,False
2023-06-09,3.5416666666666665,24,5.0,3.0,102.1799310737299,False,False,False,False,False
2023-06-10,3.7916666666666665,24,6.0,2.0,80.86703342221438,False,False,False,False,False
2023-06-11,2.4166666666666665,24,6.0,1.0,357.08268703422965,False,False,False,False,False
2023-06-12,2.25,24,4.0,1.0,189.77457259912546,False,False,False,False,False
2023-06-13,3.3333333333333335,24,6.0,1.0,82.44395098437298,False,False,False,False,False
2023-06-14,3.5833333333333335,24,5.0,2.0,70.40446402615453,False,False,False,False,False
2023-06-15,3.5,24,5.0,1.0,76.49997473501054,False,False,False,False,False
2023-06-16,3.0,24,5.0,1.0,97.95388279779695,False,False,False,False,False
2023-06-17,2.4166666666666665,24,4.0,1.0,117.03046171216141,False,False,False,False,False
2023-06-18,4.083333333333333,24,9.0,2.0,170.17964876728558,False,False,False,False,False
2023-06-19,5.833333333333333,24,8.0,3.0,217.74796332437538,False,False,False,False,False
2023-06-20,4.5,24,10.0,1.0,174.9409208955882,False,False,False,False,False
2023-06-21,6.125,24,8.0,3.0,232.12612925132902,False,False,False,False,False
2023-06-22,3.25,24,5.0,1.0,255.02924420358394,False,False,False,False,False
2023-06-23,5.125,24,9.0,1.0,219.11930888888088,False,False,False,False,False
2023-06-24,4.458333333333333,24,6.0,2.0,227.33738480603574,False,False,False,False,False
2023-06-25,6.125,24,14.0,1.0,180.33493575683823,False,False,False,False,False
2023-06-26,6.833333333333333,24,10.0,5.0,279.7073226303255,False,False,False,False,False
2023-06-27,6.166666666666667,24,9.0,4.0,247.3705600008712,False,False,False,False,False
2023-06-28,6.041666666666667,24,9.0,5.0,237.89831227546358,False,False,False,False,False
2023-06-29,5.208333333333333,24,7.0,1.0,339.4587519657673,False,False,False,False,False
2023-06-30,7.791666666666667,24,11.0,4.0,242.81804582212186,False,False,False,False,False
2023-07-01,8.041666666666666,24,10.0,5.0,275.7674330581756,False,False,False,False,False
2023-07-02,7.541666666666667,24,11.0,4.0,257.05794861780134,False,False,False,False,False
2023-07-03,9.708333333333334,24,14.0,6.0,247.91361608070025,False,False,False,False,False
2023-07-04,5.666666666666667,24,8.0,2.0,241.53207509142865,False,False,False,False,False
2023-07-05,6.833333333333333,24,9.0,5.0,266.96473716160483,False,False,False,False,False
2023-07-06,5.875,24,9.0,2.0,225.9484543700103,False,False,False,False,False
2023-07-07,3.0833333333333335,24,6.0,1.0,126.12407519157216,False,False,False,False,False
2023-07-08,2.875,24,7.0,1.0,176.0354549657701,False,False,False,False,False
2023-07-09,5.333333333333333,24,9.0,2.0,231.30377499070465,False,False,False,False,False
2023-07-10,6.791666666666667,24,11.0,2.0,216.8547684276603,False,False,False,False,False
2023-07-11,8.958333333333334,24,11.0,3.0,222.63820676008126,False,False,False,False,False
2023-07-12,8.666666666666666,24,12.0,6.0,239.98724270729815,False,False,False,False,False
2023-07-13,7.791666666666667,24,11.0,6.0,233.7565559533192,False,False,False,False,False
2023-07-14,3.9166666666666665,24,10.0,2.0,146.1894846501009,False,False,False,False,False
2023-07-15,10.791666666666666,24,18.0,3.0,213.92745348236824,False,True,False,True,False
2023-07-16,11.583333333333334,24,14.0,5.0,232.9069915584159,True,False,False,True,False
2023-07-17,7.125,24,11.0,3.0,234.57964362701364,False,False,False,False,False
2023-07-18,5.208333333333333,24,9.0,2.0,240.0,False,False,False,False,False
2023-07-19,5.708333333333333,24,9.0,2.0,283.7215060876946,False,False,False,False,False
2023-07-20,4.541666666666667,24,7.0,1.0,331.9574587597289,False,False,False,False,False
2023-07-21,5.5,24,8.0,3.0,297.0966065980216,False,False,False,False,False
2023-07-22,8.0,24,14.0,5.0,228.3040059393812,False,False,False,False,False
2023-07-23,9.0,24,12.0,6.0,227.07658004153348,False,False,False,False,False
2023-07-24,5.0,24,8.0,2.0,331.6539184838897,False,False,False,False,False
2023-07-25,5.0,24,9.0,1.0,319.01003309280907,False,False,False,False,False
2023-07-26,4.666666666666667,24,10.0,2.0,231.41716106218658,False,False,False,False,False
2023-07-27,9.0,24,12.0,7.0,229.5851901765306,False,False,True,True,False
2023-07-28,6.5,24,10.0,4.0,243.14027616314092,False,False,False,False,False
2023-07-29,7.958333333333333,24,11.0,4.0,241.61045242032998,False,False,False,False,False
2023-07-30,9.208333333333334,24,11.0,7.0,237.48249872287215,False,False,True,True,False
2023-07-31,9.291666666666666,24,11.0,7.0,239.57718860352753,False,False,True,True,False
2023-08-01,7.25,24,10.0,4.0,251.58360375904186,False,False,False,False,False
2023-08-02,6.916666666666667,24,14.0,3.0,225.9227925351254,False,False,False,False,False
2023-08-03,5.833333333333333,24,8.0,4.0,333.2696893545623,False,False,False,False,False
2023-08-04,5.166666666666667,24,7.0,2.0,309.87816167450853,False,False,False,False,False
2023-08-05,5.166666666666667,24,11.0,2.0,210.52113157710082,False,False,False,False,False
2023-08-06,7.791666666666667,24,11.0,3.0,323.35453355398187,False,False,False,False,False
2023-08-07,5.416666666666667,24,8.0,3.0,264.1097685487779,False,False,False,False,False
2023-08-08,5.791666666666667,24,10.0,3.0,242.9749050471487,False,False,False,False,False
2023-08-09,3.5,24,6.0,1.0,263.8851820164699,False,False,False,False,False
2023-08-10,3.8333333333333335,24,7.0,1.0,183.1658801018097,False,False,False,False,False
2023-08-11,6.791666666666667,24,10.0,2.0,221.05283686084792,False,False,False,False,False
2023-08-12,8.666666666666666,24,14.0,2.0,229.1952423687951,False,False,False,False,False
2023-08-13,8.333333333333334,24,12.0,3.0,225.45210100602617,False,False,False,False,False
2023-08-14,4.875,24,9.0,1.0,179.62352037561004,False,False,False,False,False
2023-08-15,5.0,24,8.0,3.0,243.74418428793936,False,False,False,False,False
2023-08-16,2.875,24,4.0,1.0,81.43161455196389,False,False,False,False,False
2023-08-17,3.2083333333333335,24,5.0,2.0,115.84814895503933,False,False,False,False,False
2023-08-18,3.0833333333333335,24,5.0,2.0,116.25298301376881,False,False,False,False,False
2023-08-19,7.583333333333333,24,12.0,2.0,218.3745743379447,False,False,False,False,False
2023-08-20,5.666666666666667,24,9.0,2.0,227.8686577859534,False,False,False,False,False
2023-08-21,5.916666666666667,24,8.0,4.0,236.6663016709069,False,False,False,False,False
2023-08-22,5.458333333333333,24,8.0,2.0,258.96139217623573,False,False,False,False,False
2023-08-23,3.0833333333333335,24,5.0,1.0,265.67476307215304,False,False,False,False,False
2023-08-24,3.2916666666666665,24,6.0,1.0,209.7874093207255,False,False,False,False,False
2023-08-25,5.833333333333333,24,8.0,2.0,299.1284350495643,False,False,False,False,False
2023-08-26,4.833333333333333,24,7.0,2.0,232.70010434251438,False,False,False,False,False
2023-08-27,5.5,24,8.0,3.0,280.9594393000115,False,False,False,False,False
2023-08-28,4.458333333333333,24,7.0,2.0,314.71793725781464,False,False,False,False,False
2023-08-29,4.75,24,10.0,2.0,242.0382480679064,False,False,False,False,False
2023-08-30,5.416666666666667,24,9.0,3.0,298.9484210117649,False,False,False,False,False
2023-08-31,2.7916666666666665,24,4.0,1.0,192.76824841720952,False,False,False,False,False
2023-09-01,2.25,24,4.0,1.0,58.6912238827843,False,False,False,False,False
2023-09-02,2.4166666666666665,24,4.0,1.0,83.39407965231305,False,False,False,False,False
2023-09-03,2.0833333333333335,24,5.0,1.0,91.33067994719255,False,False,False,False,False
2023-09-04,2.5416666666666665,24,4.0,1.0,112.87794598264804,False,False,False,False,False
2023-09-05,2.375,24,4.0,1.0,111.99565961935332,False,False,False,False,False
2023-09-06,2.0416666666666665,24,4.0,1.0,80.92148157530755,False,False,False,False,False
2023-09-07,1.875,24,3.0,1.0,105.57679950039835,False,False,False,False,False
2023-09-08,2.375,24,4.0,1.0,240.73523403935815,False,False,False,False,False
2023-09-09,2.0,24,4.0,1.0,226.928805396093,False,False,False,False,False
2023-09-10,3.1666666666666665,24,7.0,1.0,162.60467132088274,False,False,False,False,False
2023-09-11,5.958333333333333,24,8.0,4.0,241.65132569718105,False,False,False,False,False
2023-09-12,4.791666666666667,24,9.0,2.0,260.702009378112,False,False,False,False,False
2023-09-13,4.458333333333333,24,8.0,2.0,32.799640215840554,False,False,False,False,False
2023-09-14,3.2083333333333335,24,6.0,1.0,208.6448900039827,False,False,False,False,False
2023-09-15,2.125,24,4.0,1.0,121.36387415084528,False,False,False,False,False
2023-09-16,2.4166666666666665,24,4.0,1.0,103.56274245388948,False,False,False,False,False
2023-09-17,2.625,24,5.0,1.0,110.8809149603311,False,False,False,False,False
2023-09-18,7.458333333333333,24,13.0,2.0,214.41331602360276,False,False,False,False,False
2023-09-19,11.375,24,16.0,7.0,226.66196100935923,True,False,True,True,False
2023-09-20,9.166666666666666,24,13.0,5.0,214.38713534198257,False,False,False,False,False
2023-09-21,3.4583333333333335,24,7.0,1.0,190.9344980782002,False,False,False,False,False
2023-09-22,4.5,24,8.0,2.0,250.10203732325203,False,False,False,False,False
2023-09-23,5.0,24,8.0,2.0,237.08331499662916,False,False,False,False,False
2023-09-24,3.75,24,7.0,2.0,141.14492717218593,False,False,False,False,False
2023-09-25,4.916666666666667,24,9.0,2.0,215.14586795874035,False,False,False,False,False
2023-09-26,5.166666666666667,24,10.0,1.0,182.38920978673502,False,False,False,False,False
2023-09-27,4.625,24,12.0,1.0,147.576507753984,False,False,False,False,False
2023-09-28,7.166666666666667,24,13.0,3.0,208.10554905978532,False,False,False,False,False
2023-09-29,5.708333333333333,24,9.0,2.0,268.1382321384897,False,False,False,False,False
2023-09-30,3.7916666666666665,24,6.0,1.0,217.85801707185666,False,False,False,False,False
2023-10-01,4.708333333333333,24,8.0,1.0,205.86925504691513,False,False,False,False,False
2023-10-02,2.5,24,5.0,1.0,198.64980042823217,False,False,False,False,False
2023-10-03,7.583333333333333,24,10.0,4.0,270.4779835633226,False,False,False,False,False
2023-10-04,7.375,24,10.0,6.0,242.50796408160795,False,False,False,False,False
2023-10-05,6.625,24,9.0,5.0,236.26579912783185,False,False,False,False,False
2023-10-06,7.958333333333333,24,10.0,6.0,234.17310691438368,False,False,False,False,False
2023-10-07,7.041666666666667,24,10.0,5.0,236.2449831104172,False,False,False,False,False
2023-10-08,3.7083333333333335,24,6.0,1.0,247.41207574514823,False,False,False,False,False
2023-10-09,3.25,24,4.0,2.0,243.18532942346698,False,False,False,False,False
2023-10-10,4.916666666666667,24,10.0,1.0,250.1473053022741,False,False,False,False,False
2023-10-11,7.625,24,9.0,3.0,230.7222402245682,False,False,False,False,False
2023-10-12,2.7083333333333335,24,4.0,1.0,279.04535872223767,False,False,False,False,False
2023-10-13,9.391304347826088,23,15.0,2.0,233.21528437592934,False,False,False,False,False
2023-10-14,5.166666666666667,24,8.0,2.0,287.1387834462054,False,False,False,False,False
2023-10-15,3.7083333333333335,24,7.0,1.0,332.79472097145845,False,False,False,False,False
2023-10-16,2.0833333333333335,24,3.0,1.0,126.69158282678649,False,False,False,False,False
2023-10-17,3.875,24,5.0,2.0,115.41772019679081,False,False,False,False,False
2023-10-18,4.666666666666667,24,11.0,3.0,124.67190898198464,False,False,False,False,False
2023-10-19,3.9166666666666665,24,11.0,1.0,135.89335906337647,False,False,False,False,False
2023-10-20,3.625,24,7.0,1.0,189.55493176181838,False,False,False,False,False
2023-10-21,3.9166666666666665,24,9.0,2.0,184.57173349459248,False,False,False,False,False
2023-10-22,3.7916666666666665,24,6.0,2.0,214.85417630755177,False,False,False,False,False
2023-10-23,2.125,24,4.0,1.0,120.39458641905514,False,False,False,False,False
2023-10-24,2.7916666666666665,24,7.0,1.0,165.66297358269253,False,False,False,False,False
2023-10-25,2.4166666666666665,24,5.0,1.0,74.27299951780049,False,False,False,False,False
2023-10-26,2.7916666666666665,24,7.0,1.0,167.52466087998187,False,False,False,False,False
2023-10-27,2.5416666666666665,24,7.0,0.0,164.05727527764077,False,False,False,False,False
2023-10-28,2.9583333333333335,24,5.0,1.0,128.35326893042645,False,False,False,False,False
2023-10-29,4.708333333333333,24,9.0,2.0,198.02956238637503,False,False,False,False,False
2023-10-30,2.5416666666666665,24,5.0,1.0,175.14906432037492,False,False,False,False,False
2023-10-31,2.7083333333333335,24,7.0,1.0,175.9449421180026,False,False,False,False,False
2023-11-01,5.333333333333333,24,11.0,2.0,170.45074340780252,False,False,False,False,False
2023-11-02,8.083333333333334,24,12.0,2.0,225.20085630934423,False,False,False,False,False
2023-11-03,7.958333333333333,24,11.0,4.0,239.15193073918624,False,False,False,False,False
2023-11-04,3.7916666666666665,24,9.0,1.0,148.7193732897822,False,False,False,False,False
2023-11-05,6.458333333333333,24,9.0,0.0,268.21605785183226,False,False,False,False,False
2023-11-06,7.458333333333333,24,11.0,6.0,232.9367785165772,False,False,False,False,False
2023-11-07,6.041666666666667,24,8.0,5.0,243.3295630553023,False,False,False,False,False
2023-11-08,4.583333333333333,24,10.0,2.0,219.78239938801212,False,False,False,False,False
2023-11-09,5.875,24,11.0,2.0,212.564328738451,False,False,False,False,False
2023-11-10,5.333333333333333,24,8.0,3.0,271.45439957519574,False,False,False,False,False
2023-11-11,3.125,24,5.0,1.0,251.54568089178562,False,False,False,False,False
2023-11-12,2.0,24,4.0,1.0,129.74849592476323,False,False,False,False,False
2023-11-13,9.666666666666666,24,16.0,2.0,211.79682443466805,False,False,False,False,False
2023-11-14,7.875,24,12.0,6.0,237.89422499997846,False,False,False,False,False
2023-11-15,7.083333333333333,24,10.0,3.0,247.4824828126686,False,False,False,False,False
2023-11-16,2.6666666666666665,24,5.0,1.0,121.7049532705833,False,False,False,False,False
2023-11-17,3.375,24,7.0,1.0,221.75458810835562,False,False,False,False,False
2023-11-18,6.125,24,11.0,2.0,191.38539666988797,False,False,False,False,False
2023-11-19,11.291666666666666,24,14.0,9.0,235.41189575874006,True,False,True,True,False
2023-11-20,5.541666666666667,24,11.0,1.0,278.33789409377084,False,False,False,False,False
2023-11-21,6.583333333333333,24,9.0,4.0,357.5882037212476,False,False,False,False,False
2023-11-22,4.416666666666667,24,6.0,2.0,258.12649181139835,False,False,False,False,False
2023-11-23,6.416666666666667,24,9.0,3.0,254.4118284534637,False,False,False,False,False
2023-11-24,7.958333333333333,24,11.0,5.0,340.81415475919925,False,False,False,False,False
2023-11-25,3.9166666666666665,24,7.0,2.0,285.14113408488754,False,False,False,False,False
2023-11-26,2.0,24,3.0,1.0,199.81140781977942,False,False,False,False,False
2023-11-27,6.791666666666667,24,9.0,2.0,297.20498629657936,False,False,False,False,False
2023-11-28,4.875,24,7.0,3.0,322.44240598543524,False,False,False,False,False
2023-11-29,2.7916666666666665,24,5.0,1.0,327.48627328246596,False,False,False,False,False
2023-11-30,3.25,24,5.0,2.0,40.532999499692664,False,False,False,False,False
2023-12-01,4.375,24,6.0,3.0,13.480917328481269,False,False,False,False,False
2023-12-02,3.375,24,5.0,1.0,298.51235916649586,False,False,False,False,False
2023-12-03,2.625,24,4.0,1.0,134.31927780746992,False,False,False,False,False
2023-12-04,3.8333333333333335,24,6.0,2.0,108.88815693834351,False,False,False,False,False
2023-12-05,5.625,24,7.0,5.0,358.75576054355577,False,False,False,False,False
2023-12-06,2.5,24,5.0,1.0,276.0826331707917,False,False,False,False,False
2023-12-07,4.708333333333333,24,7.0,2.0,129.1741817194948,False,False,False,False,False
2023-12-08,5.75,24,10.0,1.0,221.7045009695398,False,False,False,False,False
2023-12-09,8.583333333333334,24,15.0,3.0,209.35833647041463,False,False,False,False,False
2023-12-10,8.333333333333334,24,14.0,2.0,226.8624671692883,False,False,False,False,False
2023-12-11,7.166666666666667,24,15.0,1.0,232.2640068700333,False,False,False,False,False
2023-12-12,3.625,24,7.0,1.0,168.8697320215308,False,False,False,False,False
2023-12-13,7.708333333333333,24,11.0,4.0,334.6172881645934,False,False,False,False,False
2023-12-14,3.7916666666666665,24,7.0,2.0,266.43161062491794,False,False,False,False,False
2023-12-15,3.6666666666666665,24,6.0,2.0,238.34249336511448,False,False,False,False,False
2023-12-16,7.25,24,9.0,5.0,235.83751631722873,False,False,False,False,False
2023-12-17,8.75,24,11.0,7.0,230.41692241623957,False,False,True,True,False
2023-12-18,9.0,24,11.0,7.0,229.58201319747016,False,False,True,True,False
2023-12-19,7.083333333333333,24,10.0,4.0,268.2400007303362,False,False,False,False,False
2023-12-20,7.5,24,9.0,4.0,247.5237207948266,False,False,False,False,False
2023-12-21,10.5,24,14.0,7.0,276.9345815356825,False,False,True,True,False
2023-12-22,8.5,24,10.0,7.0,274.1736426078696,False,False,True,True,False
2023-12-23,9.416666666666666,24,12.0,8.0,250.40630054880427,False,False,True,True,False
2023-12-24,12.916666666666666,24,15.0,11.0,243.74701698623113,True,False,True,True,False
2023-12-25,9.208333333333334,24,13.0,4.0,243.1379418257194,False,False,False,False,False
2023-12-26,4.875,24,9.0,1.0,230.26554619333484,False,False,False,False,False
2023-12-27,6.625,24,14.0,2.0,180.84174639124922,False,False,False,False,False
2023-12-28,14.125,24,16.0,12.0,228.7525849087972,True,False,True,True,False
2023-12-29,10.041666666666666,24,12.0,6.0,242.3341548140446,False,False,False,False,False
2023-12-30,5.375,24,10.0,2.0,174.06818018211015,False,False,False,False,False
2023-12-31,9.625,24,15.0,4.0,211.3650245008135,False,False,False,False,False
2024-01-01,7.625,24,14.0,2.0,211.28984978494114,False,False,False,False,False
2024-01-02,10.625,24,25.0,2.0,225.3468399844033,False,True,False,True,False
2024-01-03,8.666666666666666,24,12.0,6.0,244.2156402535686,False,False,False,False,False
2024-01-04,4.708333333333333,24,8.0,1.0,210.4144124466367,False,False,False,False,False
2024-01-05,6.583333333333333,24,11.0,4.0,327.893604686778,False,False,False,False,False
2024-01-06,5.416666666666667,24,7.0,4.0,359.61818566524147,False,False,False,False,False
2024-01-07,6.083333333333333,24,8.0,3.0,22.06403566669985,False,False,False,False,False
2024-01-08,4.5,24,7.0,3.0,60.006960521851795,False,False,False,False,False
2024-01-09,3.9583333333333335,24,5.0,3.0,121.75997868407552,False,False,False,False,False
2024-01-10,4.25,24,6.0,2.0,35.07841639173148,False,False,False,False,False
2024-01-11,4.166666666666667,24,8.0,1.0,32.34103691192877,False,False,False,False,False
2024-01-12,3.625,24,5.0,2.0,26.940395400609987,False,False,False,False,False
2024-01-13,4.041666666666667,24,6.0,2.0,263.87229078928925,False,False,False,False,False
2024-01-14,4.958333333333333,24,7.0,4.0,278.35676833741167,False,False,False,False,False
2024-01-15,4.833333333333333,24,9.0,2.0,308.24772564896074,False,False,False,False,False
2024-01-16,3.25,24,6.0,1.0,217.15138842732077,False,False,False,False,False
2024-01-17,3.3333333333333335,24,7.0,1.0,64.00722695216967,False,False,False,False,False
2024-01-18,4.291666666666667,24,7.0,2.0,310.09952400710785,False,False,False,False,False
2024-01-19,3.5416666666666665,24,7.0,2.0,226.620326600654,False,False,False,False,False
2024-01-20,5.083333333333333,24,8.0,3.0,194.50731455704286,False,False,False,False,False
2024-01-21,11.208333333333334,24,19.0,4.0,213.82542279424365,True,True,False,True,False
2024-01-22,13.041666666666666,24,18.0,9.0,241.72376502520063,True,True,True,True,False
2024-01-23,9.166666666666666,24,16.0,3.0,223.07698732393098,False,False,False,False,False
2024-01-24,10.75,24,18.0,3.0,247.13261470396077,False,True,False,True,False
2024-01-25,4.875,24,9.0,1.0,190.54434492067253,False,False,False,False,False
2024-01-26,8.0,24,12.0,3.0,258.52301449124974,False,False,False,False,False
2024-01-27,2.7083333333333335,24,7.0,1.0,160.2313260387399,False,False,False,False,False
2024-01-28,2.2083333333333335,24,5.0,1.0,136.1561604896587,False,False,False,False,False
2024-01-29,3.0416666666666665,24,5.0,2.0,151.81651398677252,False,False,False,False,False
2024-01-30,6.416666666666667,24,10.0,2.0,277.80456348989765,False,False,False,False,False
2024-01-31,8.125,24,13.0,3.0,234.50262147822224,False,False,False,False,False
2024-02-01,5.041666666666667,24,8.0,3.0,286.6542889838811,False,False,False,False,False
2024-02-02,8.541666666666666,24,10.0,7.0,247.04289493105898,False,False,True,True,False
2024-02-03,8.291666666666666,24,11.0,7.0,245.41189575874006,False,False,True,True,False
2024-02-04,10.125,24,11.0,8.0,245.83539599235297,False,False,True,True,False
2024-02-05,11.708333333333334,24,14.0,10.0,240.8343317768389,True,False,True,True,False
2024-02-06,13.833333333333334,24,15.0,12.0,235.4177201967908,True,False,True,True,False
2024-02-07,2.3333333333333335,24,8.0,1.0,104.14766079827922,False,False,False,False,False
2024-02-08,3.125,24,5.0,2.0,133.70559249513974,False,False,False,False,False
2024-02-09,5.291666666666667,24,10.0,2.0,191.47366944293967,False,False,False,False,False
2024-02-10,2.5416666666666665,24,5.0,1.0,157.42938073007485,False,False,False,False,False
2024-02-11,3.5833333333333335,24,7.0,1.0,219.933665140922,False,False,False,False,False
2024-02-12,5.208333333333333,24,7.0,3.0,247.56063315895557,False,False,False,False,False
2024-02-13,4.833333333333333,24,10.0,2.0,184.60053025414382,False,False,False,False,False
2024-02-14,8.166666666666666,24,10.0,3.0,221.97043271146268,False,False,False,False,False
2024-02-15,3.125,24,5.0,2.0,176.72273365256297,False,False,False,False,False
2024-02-16,5.208333333333333,24,8.0,1.0,250.28410188300566,False,False,False,False,False
2024-02-17,5.291666666666667,24,9.0,2.0,212.7585199049648,False,False,False,False,False
2024-02-18,5.666666666666667,24,9.0,2.0,255.04375769409643,False,False,False,False,False
2024-02-19,5.916666666666667,24,10.0,3.0,260.4916049132846,False,False,False,False,False
2024-02-20,7.375,24,13.0,4.0,229.56877126032765,False,False,False,False,False
2024-02-21,7.541666666666667,24,11.0,4.0,218.9507595292211,False,False,False,False,False
2024-02-22,6.75,24,12.0,3.0,225.71942068010586,False,False,False,False,False
2024-02-23,6.208333333333333,24,9.0,3.0,225.87947275438424,False,False,False,False,False
2024-02-24,2.7083333333333335,24,5.0,1.0,206.72836348911662,False,False,False,False,False
2024-02-25,3.0833333333333335,24,6.0,1.0,127.4855017062385,False,False,False,False,False
2024-02-26,8.875,24,11.0,5.0,26.683166867616706,False,False,False,False,False
2024-02-27,4.541666666666667,24,7.0,1.0,268.38580319205266,False,False,False,False,False
2024-02-28,5.041666666666667,24,9.0,1.0,216.41593091404616,False,False,False,False,False
2024-02-29,5.458333333333333,24,12.0,2.0,233.44878664153325,False,False,False,False,False
2024-03-01,6.0,24,13.0,2.0,175.3617760609709,False,False,False,False,False
2024-03-02,4.0,24,8.0,2.0,157.54506241856484,False,False,False,False,False
2024-03-03,2.5,24,5.0,1.0,251.89984797211184,False,False,False,False,False
2024-03-04,3.375,24,6.0,1.0,131.82834119784656,False,False,False,False,False
2024-03-05,3.5,24,7.0,1.0,47.19227804169526,False,False,False,False,False
2024-03-06,1.8333333333333333,24,3.0,1.0,150.7805867186981,False,False,False,False,False
2024-03-07,3.125,24,5.0,2.0,122.46046459745935,False,False,False,False,False
2024-03-08,3.4166666666666665,24,5.0,2.0,127.41903804915091,False,False,False,False,False
2024-03-09,2.75,24,4.0,2.0,120.41639225328595,False,False,False,False,False
2024-03-10,1.7916666666666667,24,3.0,1.0,117.32744862896504,False,False,False,False,False
2024-03-11,4.958333333333333,24,7.0,2.0,348.5466814912046,False,False,False,False,False
2024-03-12,5.5,24,9.0,2.0,214.48542312074807,False,False,False,False,False
2024-03-13,8.5,24,11.0,5.0,226.2641258636924,False,False,False,False,False
2024-03-14,5.375,24,9.0,2.0,204.348868555274,False,False,False,False,False
2024-03-15,9.333333333333334,24,12.0,6.0,234.61287758987703,False,False,False,False,False
2024-03-16,3.5833333333333335,24,6.0,2.0,229.16093764214241,False,False,False,False,False
2024-03-17,4.5,24,8.0,2.0,177.74430467015736,False,False,False,False,False
2024-03-18,5.875,24,8.0,4.0,230.78217295355225,False,False,False,False,False
2024-03-19,5.666666666666667,24,10.0,2.0,210.2725532424742,False,False,False,False,False
2024-03-20,2.9583333333333335,24,5.0,1.0,255.6278668888708,False,False,False,False,False
2024-03-21,5.875,24,10.0,1.0,235.71766152696367,False,False,False,False,False
2024-03-22,6.291666666666667,24,8.0,4.0,272.43869786065295,False,False,False,False,False
2024-03-23,8.125,24,12.0,5.0,265.6098763866259,False,False,False,False,False
2024-03-24,7.5,24,12.0,3.0,282.8354854220901,False,False,False,False,False
2024-03-25,3.3333333333333335,24,5.0,1.0,129.17426805230775,False,False,False,False,False
2024-03-26,2.7916666666666665,24,9.0,1.0,125.92086110015737,False,False,False,False,False
2024-03-27,4.25,24,8.0,2.0,147.92868107546803,False,False,False,False,False
2024-03-28,7.166666666666667,24,14.0,3.0,164.2961322509666,False,False,False,False,False
2024-03-29,6.833333333333333,24,13.0,2.0,198.0169121830425,False,False,False,False,False
2024-03-30,2.7083333333333335,24,6.0,1.0,150.756028261364,False,False,False,False,False
2024-03-31,2.4583333333333335,24,4.0,1.0,116.10465159910058,False,False,False,False,False
2024-04-01,5.416666666666667,24,10.0,1.0,201.63575412930808,False,False,False,False,False
2024-04-02,5.166666666666667,24,9.0,2.0,193.9994857810455,False,False,False,False,False
2024-04-03,7.041666666666667,24,14.0,2.0,202.6263955465918,False,False,False,False,False
2024-04-04,8.5,24,13.0,2.0,222.13179636090706,False,False,False,False,False
2024-04-05,8.708333333333334,24,16.0,3.0,201.96443126068908,False,False,False,False,False
2024-04-06,7.791666666666667,24,15.0,3.0,171.7051378435856,False,False,False,False,False
2024-04-07,11.25,24,16.0,3.0,218.44874682621992,True,False,False,True,False
2024-04-08,3.7916666666666665,24,9.0,2.0,145.35026397118713,False,False,False,False,False
2024-04-09,9.625,24,15.0,4.0,242.20835482587205,False,False,False,False,False
2024-04-10,6.833333333333333,24,10.0,2.0,219.43218905695792,False,False,False,False,False
2024-04-11,7.208333333333333,24,9.0,6.0,230.8396474319449,False,False,False,False,False
2024-04-12,9.166666666666666,24,14.0,5.0,233.74860882969273,False,False,False,False,False
2024-04-13,7.958333333333333,24,12.0,2.0,236.30103729346553,False,False,False,False,False
2024-04-14,5.708333333333333,24,8.0,3.0,275.4436072258791,False,False,False,False,False
2024-04-15,11.791666666666666,24,17.0,7.0,266.83352326617444,True,False,True,True,False
2024-04-16,8.708333333333334,24,13.0,3.0,331.08633092434394,False,False,False,False,False
2024-04-17,7.083333333333333,24,10.0,3.0,322.9318383996856,False,False,False,False,False
2024-04-18,6.666666666666667,24,10.0,3.0,316.94138980291046,False,False,False,False,False
2024-04-19,7.25,24,12.0,3.0,326.4922874400938,False,False,False,False,False
2024-04-20,6.875,24,10.0,3.0,7.9839180959272085,False,False,False,False,False
2024-04-21,7.458333333333333,24,10.0,5.0,14.98727533916059,False,False,False,False,False
2024-04-22,4.458333333333333,24,6.0,2.0,2.437688053492252,False,False,False,False,False
2024-04-23,5.0,24,8.0,1.0,352.9173899078836,False,False,False,False,False
2024-04-24,6.416666666666667,24,9.0,2.0,354.17099745516566,False,False,False,False,False
2024-04-25,3.6666666666666665,24,7.0,1.0,260.9125172076747,False,False,False,False,False
2024-04-26,2.4583333333333335,24,4.0,1.0,97.7860313206208,False,False,False,False,False
2024-04-27,3.0416666666666665,24,6.0,2.0,85.91271993544069,False,False,False,False,False
2024-04-28,6.0,24,9.0,3.0,296.91685025481195,False,False,False,False,False
2024-04-29,5.0,24,10.0,2.0,162.02053532152377,False,False,False,False,False
2024-04-30,3.5833333333333335,24,6.0,1.0,129.2296989123534,False,False,False,False,False
2024-05-01,1.8333333333333333,24,4.0,0.0,84.9179745592121,False,False,False,False,False
2024-05-02,5.083333333333333,24,8.0,2.0,321.57998329290746,False,False,False,False,False
2024-05-03,7.125,24,10.0,3.0,241.74882920523336,False,False,False,False,False
2024-05-04,2.3333333333333335,24,4.0,1.0,151.14378485217742,False,False,False,False,False
2024-05-05,2.375,24,5.0,1.0,163.10227303672718,False,False,False,False,False
2024-05-06,2.7083333333333335,24,6.0,1.0,29.571813882676963,False,False,False,False,False
2024-05-07,4.0,24,7.0,1.0,28.282367738922403,False,False,False,False,False
2024-05-08,2.6666666666666665,24,5.0,1.0,107.62968369394355,False,False,False,False,False
2024-05-09,3.0416666666666665,24,5.0,2.0,239.03189000067948,False,False,False,False,False
2024-05-10,2.375,24,4.0,1.0,123.43935628166099,False,False,False,False,False
2024-05-11,2.75,24,5.0,1.0,117.09090670203989,False,False,False,False,False
2024-05-12,2.7916666666666665,24,4.0,2.0,123.7536896013678,False,False,False,False,False
2024-05-13,5.291666666666667,24,9.0,4.0,172.9846337191807,False,False,False,False,False
2024-05-14,3.6666666666666665,24,5.0,2.0,126.66630167090693,False,False,False,False,False
2024-05-15,3.0833333333333335,24,5.0,1.0,129.5980002374705,False,False,False,False,False
2024-05-16,2.375,24,5.0,1.0,182.49192865807626,False,False,False,False,False
2024-05-17,2.0416666666666665,24,4.0,1.0,33.60228664624964,False,False,False,False,False
2024-05-18,3.5833333333333335,24,6.0,1.0,357.665402400927,False,False,False,False,False
2024-05-19,4.416666666666667,24,6.0,3.0,26.615613425390904,False,False,False,False,False
2024-05-20,4.5,24,6.0,2.0,28.530492195583122,False,False,False,False,False
2024-05-21,4.375,24,7.0,3.0,342.95119277886295,False,False,False,False,False
2024-05-22,6.5,24,9.0,3.0,246.66628576407675,False,False,False,False,False
2024-05-23,6.791666666666667,24,8.0,3.0,257.85152860407237,False,False,False,False,False
2024-05-24,4.125,24,5.0,3.0,263.6362614591063,False,False,False,False,False
2024-05-25,2.6666666666666665,24,7.0,1.0,142.1497602047803,False,False,False,False,False
2024-05-26,6.083333333333333,24,12.0,1.0,189.27070465221456,False,False,False,False,False
2024-05-27,7.041666666666667,24,10.0,5.0,222.66881497977536,False,False,False,False,False
2024-05-28,6.166666666666667,24,11.0,2.0,188.29576543211596,False,False,False,False,False
2024-05-29,7.166666666666667,24,9.0,5.0,276.0626207426992,False,False,False,False,False
2024-05-30,7.0,24,11.0,4.0,325.2505763849333,False,False,False,False,False
2024-05-31,9.208333333333334,24,12.0,7.0,359.15387704848786,False,False,True,True,False
2024-06-01,7.916666666666667,24,11.0,5.0,12.083729723042552,False,False,False,False,False
2024-06-02,6.083333333333333,24,8.0,3.0,9.026555115776262,False,False,False,False,False
2024-06-03,4.041666666666667,24,7.0,1.0,336.38555878490945,False,False,False,False,False
2024-06-04,6.5,24,10.0,1.0,242.833547472107,False,False,False,False,False
2024-06-05,5.458333333333333,24,9.0,3.0,289.2668947896864,False,False,False,False,False
2024-06-06,5.125,24,7.0,3.0,259.8322174926967,False,False,False,False,False
2024-06-07,6.416666666666667,24,10.0,3.0,247.6059042548472,False,False,False,False,False
2024-06-08,6.375,24,8.0,5.0,288.1813162768745,False,False,False,False,False
2024-06-09,5.416666666666667,24,8.0,2.0,295.1090051981641,False,False,False,False,False
2024-06-10,7.25,24,11.0,1.0,331.0584711054622,False,False,False,False,False
2024-06-11,4.5,24,8.0,1.0,333.65799805419516,False,False,False,False,False
2024-06-12,3.25,24,6.0,1.0,247.63227547659508,False,False,False,False,False
2024-06-13,4.916666666666667,24,9.0,2.0,192.31752024921147,False,False,False,False,False
2024-06-14,7.458333333333333,24,12.0,2.0,209.71282628851233,False,False,False,False,False
2024-06-15,8.25,24,14.0,3.0,226.91834318659784,False,False,False,False,False
2024-06-16,7.208333333333333,24,11.0,5.0,239.31315500002626,False,False,False,False,False
2024-06-17,5.208333333333333,24,7.0,3.0,240.84828145323888,False,False,False,False,False
2024-06-18,4.75,24,7.0,1.0,359.1353089723914,False,False,False,False,False
2024-06-19,4.375,24,7.0,3.0,64.75234214998062,False,False,False,False,False
2024-06-20,2.5833333333333335,24,4.0,1.0,90.84519533587928,False,False,False,False,False
2024-06-21,5.708333333333333,24,12.0,1.0,235.82512146371585,False,False,False,False,False
2024-06-22,5.666666666666667,24,7.0,3.0,258.6865723726611,False,False,False,False,False
2024-06-23,4.208333333333333,24,6.0,3.0,273.4779453821999,False,False,False,False,False
2024-06-24,3.3333333333333335,24,5.0,1.0,270.69181020527833,False,False,False,False,False
2024-06-25,2.2916666666666665,24,4.0,1.0,115.09481998954857,False,False,False,False,False
2024-06-26,3.1666666666666665,24,8.0,1.0,11.039143484757801,False,False,False,False,False
2024-06-27,7.208333333333333,24,10.0,3.0,253.7171466949241,False,False,False,False,False
2024-06-28,7.625,24,10.0,4.0,248.31891135823375,False,False,False,False,False
2024-06-29,3.5416666666666665,24,5.0,2.0,286.9201142247784,False,False,False,False,False
2024-06-30,5.833333333333333,24,8.0,3.0,347.1476889693866,False,False,False,False,False
2024-07-01,6.416666666666667,24,8.0,5.0,321.4660775264529,False,False,False,False,False
2024-07-02,6.041666666666667,24,8.0,3.0,334.4908851541445,False,False,False,False,False
2024-07-03,5.625,24,10.0,2.0,270.89667554825263,False,False,False,False,False
2024-07-04,8.25,24,12.0,4.0,288.8503583817279,False,False,False,False,False
2024-07-05,6.708333333333333,24,10.0,2.0,228.33717809372718,False,False,False,False,False
2024-07-06,7.291666666666667,24,11.0,2.0,273.5512773042219,False,False,False,False,False
2024-07-07,6.916666666666667,24,10.0,4.0,241.18652358613565,False,False,False,False,False
2024-07-08,2.7916666666666665,24,5.0,1.0,71.29077914142721,False,False,False,False,False
2024-07-09,2.8333333333333335,24,6.0,1.0,151.9287427922137,False,False,False,False,False
2024-07-10,7.583333333333333,24,12.0,2.0,228.04235980613117,False,False,False,False,False
2024-07-11,5.041666666666667,24,7.0,3.0,311.98152611007646,False,False,False,False,False
2024-07-12,5.458333333333333,24,8.0,4.0,24.993548088272235,False,False,False,False,False
2024-07-13,4.958333333333333,24,7.0,4.0,322.7587828674001,False,False,False,False,False
2024-07-14,4.708333333333333,24,7.0,3.0,311.3392153242336,False,False,False,False,False
2024-07-15,2.7083333333333335,24,5.0,1.0,90.25550593228257,False,False,False,False,False
2024-07-16,5.708333333333333,24,9.0,2.0,284.83618800366776,False,False,False,False,False
2024-07-17,3.5416666666666665,24,6.0,2.0,339.4538548456821,False,False,False,False,False
2024-07-18,2.9583333333333335,24,8.0,1.0,40.40809447319816,False,False,False,False,False
2024-07-19,3.1666666666666665,24,6.0,1.0,157.68651650847164,False,False,False,False,False
2024-07-20,5.791666666666667,24,8.0,3.0,234.21038888396333,False,False,False,False,False
2024-07-21,5.291666666666667,24,7.0,4.0,302.91387497556764,False,False,False,False,False
2024-07-22,7.166666666666667,24,11.0,3.0,225.7963349842994,False,False,False,False,False
2024-07-23,4.666666666666667,24,7.0,1.0,321.0810616377752,False,False,False,False,False
2024-07-24,5.083333333333333,24,10.0,1.0,185.83652534200047,False,False,False,False,False
2024-07-25,6.208333333333333,24,8.0,5.0,227.22134123076356,False,False,False,False,False
2024-07-26,5.583333333333333,24,8.0,3.0,290.71841764390757,False,False,False,False,False
2024-07-27,4.625,24,7.0,3.0,314.7903147124506,False,False,False,False,False
2024-07-28,2.5416666666666665,24,5.0,1.0,8.232445379954925,False,False,False,False,False
2024-07-29,2.3333333333333335,24,4.0,1.0,129.94936336744593,False,False,False,False,False
2024-07-30,2.4166666666666665,24,4.0,1.0,96.29528107575766,False,False,False,False,False
2024-07-31,3.0,24,5.0,2.0,118.50952591421168,False,False,False,False,False
2024-08-01,2.25,24,4.0,1.0,90.25492675132159,False,False,False,False,False
2024-08-02,3.9166666666666665,24,7.0,1.0,246.01429554266178,False,False,False,False,False
2024-08-03,6.833333333333333,24,10.0,5.0,259.8323823673868,False,False,False,False,False
2024-08-04,4.75,24,8.0,3.0,284.8357954559323,False,False,False,False,False
2024-08-05,6.708333333333333,24,9.0,4.0,238.00446243914374,False,False,False,False,False
2024-08-06,4.708333333333333,24,7.0,2.0,254.17837533698776,False,False,False,False,False
2024-08-07,6.541666666666667,24,11.0,2.0,251.65788027121818,False,False,False,False,False
2024-08-08,6.5,24,11.0,2.0,220.83423135574,False,False,False,False,False
2024-08-09,8.458333333333334,24,12.0,5.0,254.22602511728815,False,False,False,False,False
2024-08-10,6.166666666666667,24,11.0,3.0,241.67464236500018,False,False,False,False,False
2024-08-11,2.7916666666666665,24,4.0,1.0,132.28216090648982,False,False,False,False,False
2024-08-12,4.333333333333333,24,8.0,2.0,176.72222880092636,False,False,False,False,False
2024-08-13,5.625,24,8.0,4.0,243.71985362460555,False,False,False,False,False
2024-08-14,4.166666666666667,24,6.0,2.0,262.5174390265264,False,False,False,False,False
2024-08-15,8.458333333333334,24,13.0,4.0,238.47850707269663,False,False,False,False,False
2024-08-16,4.25,24,7.0,2.0,311.09345454145927,False,False,False,False,False
2024-08-17,3.8333333333333335,24,7.0,3.0,328.89064162007327,False,False,False,False,False
2024-08-18,4.708333333333333,24,7.0,3.0,281.62028995842894,False,False,False,False,False
2024-08-19,4.916666666666667,24,9.0,2.0,243.0375583557532,False,False,False,False,False
2024-08-20,7.541666666666667,24,10.0,4.0,254.06346986364457,False,False,False,False,False
2024-08-21,7.375,24,10.0,5.0,247.09965631242792,False,False,False,False,False
2024-08-22,9.583333333333334,24,12.0,5.0,227.08401180908916,False,False,False,False,False
2024-08-23,9.75,24,12.0,6.0,238.30139245199967,False,False,False,False,False
2024-08-24,3.8333333333333335,24,7.0,2.0,192.07591444906151,False,False,False,False,False
2024-08-25,8.25,24,13.0,5.0,238.3252925938067,False,False,False,False,False
2024-08-26,6.541666666666667,24,9.0,2.0,235.4021052776265,False,False,False,False,False
2024-08-27,3.8333333333333335,24,6.0,1.0,152.35745447109093,False,False,False,False,False
2024-08-28,3.4166666666666665,24,7.0,1.0,125.30411352648275,False,False,False,False,False
2024-08-29,4.708333333333333,24,7.0,2.0,280.5927871002498,False,False,False,False,False
2024-08-30,2.5833333333333335,24,4.0,1.0,74.75163615903722,False,False,False,False,False
2024-08-31,3.0833333333333335,24,5.0,2.0,109.28729904969225,False,False,False,False,False
2024-09-01,2.4166666666666665,24,4.0,1.0,117.84927577759896,False,False,False,False,False
2024-09-02,3.875,24,7.0,1.0,185.87628669707888,False,False,False,False,False
2024-09-03,5.125,24,9.0,2.0,269.32840687694477,False,False,False,False,False
2024-09-04,3.6666666666666665,24,5.0,2.0,348.59004030420635,False,False,False,False,False
2024-09-05,3.9166666666666665,24,7.0,1.0,56.70564073605152,False,False,False,False,False
2024-09-06,3.5833333333333335,24,6.0,1.0,280.44784322754714,False,False,False,False,False
2024-09-07,1.4166666666666667,24,2.0,1.0,49.03572248942646,False,False,False,False,False
2024-09-08,2.8333333333333335,24,6.0,1.0,23.49640762678405,False,False,False,False,False
2024-09-09,6.5,24,10.0,2.0,315.4953479169863,False,False,False,False,False
2024-09-10,8.375,24,12.0,4.0,253.60367447868708,False,False,False,False,False
2024-09-11,6.125,24,10.0,4.0,281.1145976478173,False,False,False,False,False
2024-09-12,5.333333333333333,24,8.0,3.0,327.60697999911855,False,False,False,False,False
2024-09-13,3.0416666666666665,24,5.0,1.0,324.5564820351548,False,False,False,False,False
2024-09-14,3.8333333333333335,24,8.0,1.0,293.6192026774734,False,False,False,False,False
2024-09-15,3.9583333333333335,24,8.0,2.0,266.5411409769286,False,False,False,False,False
2024-09-16,3.7083333333333335,24,6.0,2.0,24.927886754831036,False,False,False,False,False
2024-09-17,3.2916666666666665,24,5.0,2.0,72.50178843793032,False,False,False,False,False
2024-09-18,3.6666666666666665,24,5.0,3.0,62.85120489004083,False,False,False,False,False
2024-09-19,3.9583333333333335,24,6.0,3.0,55.68664721064113,False,False,False,False,False
2024-09-20,3.75,24,7.0,2.0,70.86297198583907,False,False,False,False,False
2024-09-21,2.375,24,3.0,1.0,97.740816728661,False,False,False,False,False
2024-09-22,2.0,24,4.0,1.0,105.06691830880834,False,False,False,False,False
2024-09-23,6.833333333333333,24,12.0,2.0,232.3824782231614,False,False,False,False,False
2024-09-24,5.041666666666667,24,7.0,2.0,292.8795563554501,False,False,False,False,False
2024-09-25,4.083333333333333,24,7.0,2.0,185.33960926381036,False,False,False,False,False
2024-09-26,6.291666666666667,24,14.0,1.0,212.4171625466135,False,False,False,False,False
2024-09-27,7.375,24,10.0,3.0,326.60352271422784,False,False,False,False,False
2024-09-28,3.7916666666666665,24,7.0,1.0,316.34269772282255,False,False,False,False,False
2024-09-29,3.75,24,7.0,1.0,109.49128036818047,False,False,False,False,False
2024-09-30,7.166666666666667,24,12.0,2.0,210.32807974914334,False,False,False,False,False
2024-10-01,6.75,24,9.0,5.0,302.97128726993265,False,False,False,False,False
2024-10-02,5.125,24,8.0,3.0,27.109190846184674,False,False,False,False,False
2024-10-03,2.5833333333333335,24,5.0,0.0,50.39769267476089,False,False,False,False,False
2024-10-04,1.9166666666666667,24,4.0,1.0,83.96219059756226,False,False,False,False,False
2024-10-05,2.7083333333333335,24,6.0,1.0,117.25212153126353,False,False,False,False,False
2024-10-06,3.125,24,5.0,2.0,130.51226702268752,False,False,False,False,False
2024-10-07,3.625,24,7.0,1.0,160.96326667423102,False,False,False,False,False
2024-10-08,3.6666666666666665,24,7.0,1.0,150.05407649611743,False,False,False,False,False
2024-10-09,5.25,24,7.0,2.0,288.98382750278523,False,False,False,False,False
2024-10-10,5.791666666666667,24,8.0,2.0,0.8300694298835651,False,False,False,False,False
2024-10-11,2.375,24,4.0,1.0,230.25517310772707,False,False,False,False,False
2024-10-12,4.0,24,8.0,1.0,182.6635167453379,False,False,False,False,False
2024-10-13,3.4583333333333335,24,7.0,1.0,250.34459360452803,False,False,False,False,False
2024-10-14,2.3333333333333335,24,3.0,1.0,120.41533596201162,False,False,False,False,False
2024-10-15,2.3333333333333335,24,3.0,2.0,118.75416666774026,False,False,False,False,False
2024-10-16,3.4166666666666665,24,5.0,1.0,134.11190167354147,False,False,False,False,False
2024-10-17,4.125,24,6.0,1.0,260.94854597281955,False,False,False,False,False
2024-10-18,3.125,24,7.0,2.0,319.990028005093,False,False,False,False,False
2024-10-19,3.5416666666666665,24,8.0,1.0,139.9097203250871,False,False,False,False,False
2024-10-20,7.0,24,14.0,2.0,172.8223235485765,False,False,False,False,False
2024-10-21,4.875,24,10.0,2.0,253.8525085183239,False,False,False,False,False
2024-10-22,4.5,24,10.0,2.0,235.10776520458023,False,False,False,False,False
2024-10-23,2.5,24,4.0,1.0,37.89321690792565,False,False,False,False,False
2024-10-24,2.6666666666666665,24,5.0,1.0,121.25858436033138,False,False,False,False,False
2024-10-25,2.0416666666666665,24,5.0,1.0,131.32359454359778,False,False,False,False,False
2024-10-26,1.75,24,3.0,1.0,113.89651338362353,False,False,False,False,False
2024-10-27,2.9166666666666665,24,5.0,1.0,333.1530248274866,False,False,False,False,False
2024-10-28,6.25,24,8.0,4.0,232.80467790094588,False,False,False,False,False
2024-10-29,2.7083333333333335,24,5.0,1.0,319.26154736779006,False,False,False,False,False
2024-10-30,2.9166666666666665,24,4.0,2.0,13.073351729450053,False,False,False,False,False
2024-10-31,1.5416666666666667,24,3.0,1.0,8.236554878183767,False,False,False,False,False
2024-11-01,3.9166666666666665,24,6.0,2.0,343.3131381247411,False,False,False,False,False
2024-11-02,2.125,24,3.0,1.0,86.86592131215332,False,False,False,False,False
2024-11-03,2.2916666666666665,24,3.0,2.0,120.0,False,False,False,False,False
2024-11-04,2.125,24,3.0,1.0,121.66196100935929,False,False,False,False,False
2024-11-05,2.5,24,4.0,1.0,269.9915722758649,False,False,False,False,False
2024-11-06,1.7083333333333333,24,4.0,1.0,17.61359732929293,False,False,False,False,False
2024-11-07,2.0416666666666665,24,3.0,1.0,114.24060838271993,False,False,False,False,False
2024-11-08,2.2916666666666665,24,3.0,2.0,122.07103814222063,False,False,False,False,False
2024-11-09,2.75,24,4.0,1.0,331.4522280618068,False,False,False,False,False
2024-11-10,2.4166666666666665,24,4.0,1.0,337.0602051826907,False,False,False,False,False
2024-11-11,4.25,24,6.0,2.0,351.695926365568,False,False,False,False,False
2024-11-12,6.166666666666667,24,8.0,4.0,21.30462186357005,False,False,False,False,False
2024-11-13,3.4583333333333335,24,5.0,2.0,3.4624291655238153,False,False,False,False,False
2024-11-14,3.25,24,6.0,2.0,19.406448666342555,False,False,False,False,False
2024-11-15,2.7916666666666665,24,5.0,1.0,325.2368335172296,False,False,False,False,False
2024-11-16,3.7916666666666665,24,6.0,1.0,310.6479773263975,False,False,False,False,False
2024-11-17,5.0,24,8.0,3.0,286.6903042194133,False,False,False,False,False
2024-11-18,2.2083333333333335,24,3.0,1.0,349.768536809486,False,False,False,False,False
2024-11-19,6.083333333333333,24,11.0,3.0,344.7885279355632,False,False,False,False,False
2024-11-20,5.5,24,10.0,3.0,282.27196106903546,False,False,False,False,False
2024-11-21,3.2916666666666665,24,6.0,1.0,265.6070492398245,False,False,False,False,False
2024-11-22,6.291666666666667,24,10.0,2.0,265.85224480243534,False,False,False,False,False
2024-11-23,6.0,24,11.0,1.0,164.19523339723366,False,False,False,False,False
2024-11-24,10.208333333333334,24,13.0,7.0,211.41155026339217,False,False,True,True,False
2024-11-25,7.916666666666667,24,11.0,5.0,234.5598006257252,False,False,False,False,False
2024-11-26,3.9166666666666665,24,7.0,1.0,219.31762425111575,False,False,False,False,False
2024-11-27,4.833333333333333,24,9.0,1.0,351.44389732836584,False,False,False,False,False
2024-11-28,1.5416666666666667,24,2.0,1.0,175.7905408953958,False,False,False,False,False
2024-11-29,2.75,24,5.0,2.0,128.8130960026184,False,False,False,False,False
2024-11-30,2.5,24,4.0,1.0,145.5115518472627,False,False,False,False,False
2024-12-01,4.375,24,8.0,2.0,169.40491968917513,False,False,False,False,False
2024-12-02,7.0,24,8.0,5.0,276.89018339055565,False,False,False,False,False
2024-12-03,3.1666666666666665,24,6.0,1.0,54.817467499886334,False,False,False,False,False
2024-12-04,3.125,24,5.0,2.0,213.96785842505577,False,False,False,False,False
2024-12-05,8.083333333333334,24,15.0,4.0,222.02727836389954,False,False,False,False,False
2024-12-06,5.916666666666667,24,12.0,2.0,258.26010728204477,False,False,False,False,False
2024-12-07,14.5,24,20.0,5.0,281.93442449010263,True,True,False,True,False
2024-12-08,11.5,24,15.0,7.0,5.8018372314376165,True,False,True,True,False
2024-12-09,7.333333333333333,24,9.0,6.0,28.752584908797246,False,False,False,False,False
2024-12-10,5.833333333333333,24,7.0,4.0,32.078441529485815,False,False,False,False,False
2024-12-11,4.125,24,6.0,2.0,48.70572786705884,False,False,False,False,False
2024-12-12,1.9583333333333333,24,4.0,1.0,68.42770868367194,False,False,False,False,False
2024-12-13,2.375,24,4.0,1.0,151.24812477631542,False,False,False,False,False
2024-12-14,4.791666666666667,24,7.0,3.0,271.2009323815297,False,False,False,False,False
2024-12-15,6.541666666666667,24,10.0,4.0,244.20381715998178,False,False,False,False,False
2024-12-16,8.125,24,10.0,6.0,244.5881042412599,False,False,False,False,False
2024-12-17,3.2916666666666665,24,6.0,1.0,187.4787528274086,False,False,False,False,False
2024-12-18,9.958333333333334,24,15.0,5.0,227.47891203970468,False,False,False,False,False
2024-12-19,9.0,24,13.0,3.0,308.9293995067513,False,False,False,False,False
2024-12-20,5.75,24,10.0,3.0,249.40735390655087,False,False,False,False,False
2024-12-21,9.125,24,15.0,4.0,244.4278741669641,False,False,False,False,False
2024-12-22,9.958333333333334,24,13.0,8.0,293.9838099458842,False,False,True,True,False
2024-12-23,6.166666666666667,24,11.0,3.0,299.5892062499041,False,False,False,False,False
2024-12-24,3.7083333333333335,24,6.0,2.0,253.9741597200498,False,False,False,False,False
2024-12-25,3.875,24,5.0,2.0,250.40579703873817,False,False,False,False,False
2024-12-26,1.9166666666666667,24,3.0,1.0,208.29221108082774,False,False,False,False,False
2024-12-27,1.9583333333333333,24,3.0,1.0,247.03898743873998,False,False,False,False,False
2024-12-28,3.4166666666666665,24,5.0,2.0,271.2351271663708,False,False,False,False,False
2024-12-29,4.333333333333333,24,6.0,2.0,258.15898695827116,False,False,False,False,False
2024-12-30,7.958333333333333,24,10.0,6.0,244.16989811036905,False,False,False,False,False
2024-12-31,10.041666666666666,24,16.0,6.0,230.0,False,False,False,False,False
2025-01-01,13.166666666666666,24,19.0,5.0,245.49491517250743,True,True,False,True,False
2025-01-02,4.5,24,6.0,2.0,337.52847790188014,False,False,False,False,False
2025-01-03,3.7083333333333335,24,5.0,2.0,262.9242383604758,False,False,False,False,False
2025-01-04,2.0833333333333335,24,5.0,1.0,136.30109700064634,False,False,False,False,False
2025-01-05,5.958333333333333,24,10.0,1.0,181.06189249157288,False,False,False,False,False
2025-01-06,8.625,24,11.0,6.0,247.49350828537212,False,False,False,False,False
2025-01-07,5.916666666666667,24,8.0,4.0,256.1268938855002,False,False,False,False,False
2025-01-08,2.5,24,5.0,1.0,146.6377073961624,False,False,False,False,False
2025-01-09,4.541666666666667,24,7.0,3.0,313.8874674748234,False,False,False,False,False
2025-01-10,1.5833333333333333,24,3.0,1.0,171.3704978075299,False,False,False,False,False
2025-01-11,1.8333333333333333,24,3.0,1.0,236.78105879588762,False,False,False,False,False
2025-01-12,1.2083333333333333,24,2.0,0.0,169.27555012156608,False,False,False,False,False
2025-01-13,3.75,24,8.0,2.0,197.7671203171195,False,False,False,False,False
2025-01-14,4.125,24,6.0,2.0,242.5047687215366,False,False,False,False,False
2025-01-15,1.9166666666666667,24,3.0,1.0,256.4423303654715,False,False,False,False,False
2025-01-16,2.7083333333333335,24,5.0,2.0,221.87017888048933,False,False,False,False,False
2025-01-17,3.3333333333333335,24,5.0,2.0,219.62069589713857,False,False,False,False,False
2025-01-18,2.1666666666666665,24,3.0,2.0,138.18727309959945,False,False,False,False,False
2025-01-19,2.4166666666666665,24,3.0,1.0,155.26836031513096,False,False,False,False,False
2025-01-20,2.0833333333333335,24,5.0,1.0,197.26797565462442,False,False,False,False,False
2025-01-21,2.0416666666666665,24,3.0,1.0,164.9768056447963,False,False,False,False,False
2025-01-22,2.9166666666666665,24,5.0,1.0,23.092336354232486,False,False,False,False,False
2025-01-23,5.708333333333333,24,12.0,3.0,234.3015236240728,False,False,False,False,False
2025-01-24,8.375,24,15.0,2.0,209.27356377104414,False,False,False,False,False
2025-01-25,3.25,24,7.0,1.0,246.49517451122293,False,False,False,False,False
2025-01-26,4.333333333333333,24,8.0,1.0,145.02058407375335,False,False,False,False,False
2025-01-27,8.291666666666666,24,16.0,5.0,207.0388188151728,False,False,False,False,False
2025-01-28,7.375,24,13.0,4.0,219.03047700962873,False,False,False,False,False
2025-01-29,4.208333333333333,24,7.0,1.0,301.9507487150544,False,False,False,False,False
2025-01-30,5.375,24,8.0,3.0,335.989466965212,False,False,False,False,False
2025-01-31,2.625,24,4.0,1.0,160.0619865007036,False,False,False,False,False
2025-02-01,2.25,24,3.0,1.0,128.62121231903683,False,False,False,False,False
2025-02-02,2.1666666666666665,24,4.0,1.0,152.34300821991883,False,False,False,False,False
2025-02-03,2.4583333333333335,24,4.0,2.0,173.98237633666315,False,False,False,False,False
2025-02-04,5.0,24,9.0,2.0,208.22567496438893,False,False,False,False,False
2025-02-05,3.875,24,6.0,1.0,279.92268172365203,False,False,False,False,False
2025-02-06,2.875,24,4.0,2.0,71.82164248599543,False,False,False,False,False
2025-02-07,3.7916666666666665,24,6.0,2.0,96.75067190727157,False,False,False,False,False
2025-02-08,2.2083333333333335,24,3.0,1.0,125.00635426544636,False,False,False,False,False
2025-02-09,2.125,24,4.0,1.0,101.9596214425963,False,False,False,False,False
2025-02-10,4.458333333333333,24,6.0,3.0,47.343675540597985,False,False,False,False,False
2025-02-11,4.458333333333333,24,6.0,3.0,0.8991979875224274,False,False,False,False,False
2025-02-12,4.083333333333333,24,5.0,3.0,19.961581841108625,False,False,False,False,False
2025-02-13,2.9583333333333335,24,5.0,2.0,68.89862020231698,False,False,False,False,False
2025-02-14,3.4583333333333335,24,6.0,2.0,125.0,False,False,False,False,False
2025-02-15,2.8333333333333335,24,4.0,2.0,123.72138488479106,False,False,False,False,False
2025-02-16,3.1666666666666665,24,4.0,2.0,121.66196100935929,False,False,False,False,False
2025-02-17,2.7916666666666665,24,5.0,1.0,122.07844152948581,False,False,False,False,False
2025-02-18,2.8333333333333335,24,4.0,2.0,122.4952312784634,False,False,False,False,False
2025-02-19,2.3333333333333335,24,4.0,1.0,130.12478471574263,False,False,False,False,False
2025-02-20,6.0,24,11.0,2.0,197.92130194658301,False,False,False,False,False
2025-02-21,4.125,24,6.0,3.0,152.48525244465623,False,False,False,False,False
2025-02-22,4.208333333333333,24,9.0,1.0,225.69432236098737,False,False,False,False,False
2025-02-23,5.291666666666667,24,10.0,2.0,186.4148476398492,False,False,False,False,False
2025-02-24,6.833333333333333,24,10.0,3.0,229.0104041839466,False,False,False,False,False
2025-02-25,4.458333333333333,24,8.0,2.0,270.4136456610474,False,False,False,False,False
2025-02-26,4.916666666666667,24,9.0,2.0,222.79291518301412,False,False,False,False,False
2025-02-27,5.5,24,8.0,2.0,320.17830165284954,False,False,False,False,False
2025-02-28,2.3333333333333335,24,5.0,1.0,331.1370390909586,False,False,False,False,False
2025-03-01,1.875,24,3.0,1.0,121.33822809999856,False,False,False,False,False
2025-03-02,1.9166666666666667,24,4.0,1.0,171.13629908168912,False,False,False,False,False
2025-03-03,1.7916666666666667,24,3.0,1.0,193.8796351123629,False,False,False,False,False
2025-03-04,2.5416666666666665,24,5.0,1.0,228.8721188076829,False,False,False,False,False
2025-03-05,2.9166666666666665,24,6.0,1.0,220.25887969004006,False,False,False,False,False
2025-03-06,2.25,24,5.0,0.0,151.3018438882629,False,False,False,False,False
2025-03-07,2.7916666666666665,24,4.0,2.0,139.69437700212723,False,False,False,False,False
2025-03-08,2.75,24,5.0,1.0,125.41294263579044,False,False,False,False,False
2025-03-09,2.2916666666666665,24,4.0,1.0,125.41189575874006,False,False,False,False,False
2025-03-10,3.9583333333333335,24,7.0,1.0,45.90034579292944,False,False,False,False,False
2025-03-11,6.333333333333333,24,8.0,4.0,23.32106562272321,False,False,False,False,False
2025-03-12,4.833333333333333,24,7.0,3.0,335.4241870094479,False,False,False,False,False
2025-03-13,4.583333333333333,24,7.0,1.0,20.952482238231767,False,False,False,False,False
2025-03-14,3.0,24,7.0,1.0,64.52466562419471,False,False,False,False,False
2025-03-15,4.166666666666667,24,6.0,2.0,53.1171906451213,False,False,False,False,False
2025-03-16,4.041666666666667,24,6.0,2.0,49.18508100535155,False,False,False,False,False
2025-03-17,3.0833333333333335,24,4.0,2.0,105.41602249768243,False,False,False,False,False
2025-03-18,3.3333333333333335,24,6.0,2.0,123.74701698623119,False,False,False,False,False
2025-03-19,2.4583333333333335,24,5.0,1.0,149.22096698443596,False,False,False,False,False
2025-03-20,2.0416666666666665,24,4.0,1.0,129.03484228589076,False,False,False,False,False
2025-03-21,2.9166666666666665,24,4.0,2.0,124.54789899397383,False,False,False,False,False
2025-03-22,2.75,24,4.0,1.0,123.11709122446223,False,False,False,False,False
2025-03-23,3.7916666666666665,24,9.0,1.0,31.521527186958167,False,False,False,False,False
2025-03-24,5.083333333333333,24,8.0,1.0,7.3954268625051895,False,False,False,False,False
2025-03-25,4.291666666666667,24,6.0,2.0,289.4968905673218,False,False,False,False,False
2025-03-26,2.625,24,4.0,1.0,251.80924372108876,False,False,False,False,False
2025-03-27,4.75,24,7.0,1.0,245.07852162522943,False,False,False,False,False
2025-03-28,7.75,24,10.0,6.0,281.7051840794014,False,False,False,False,False
2025-03-29,6.583333333333333,24,11.0,3.0,262.541347233742,False,False,False,False,False
2025-03-30,7.75,24,12.0,4.0,317.6246521891183,False,False,False,False,False
2025-03-31,2.652173913043478,23,4.0,1.0,82.1785180496147,False,False,False,False,False
2025-04-01,8.208333333333334,24,12.0,5.0,85.03807584731015,False,False,False,False,True
2025-04-02,8.458333333333334,24,13.0,4.0,67.46005837877078,False,True,False,True,True
2025-04-03,7.041666666666667,24,10.0,4.0,74.60058428165746,False,False,False,False,True
2025-04-04,6.208333333333333,24,10.0,2.0,70.76564157653945,False,False,False,False,True
2025-04-05,7.625,24,10.0,5.0,52.09764187796037,False,False,False,False,True
2025-04-06,6.416666666666667,24,9.0,4.0,65.37685122253299,False,False,False,False,True
2025-04-07,4.875,24,7.0,2.0,75.0294850968624,False,False,False,False,True
2025-04-08,3.7916666666666665,24,7.0,2.0,74.61506394585302,False,False,False,False,True
2025-04-09,4.458333333333333,24,7.0,2.0,45.83724731963093,False,False,False,False,True
2025-04-10,2.9166666666666665,24,5.0,1.0,59.80117145567294,False,False,False,False,True
2025-04-11,2.125,24,4.0,1.0,215.79192508674052,False,False,False,False,True
2025-04-12,3.7916666666666665,24,6.0,1.0,118.30221059328716,False,False,False,False,True
2025-04-13,4.291666666666667,24,6.0,3.0,236.83434837971097,False,False,False,False,True
2025-04-14,3.7916666666666665,24,7.0,1.0,173.18757205921133,False,False,False,False,True
2025-04-15,2.875,24,7.0,1.0,93.99191037447406,False,False,False,False,True
2025-04-16,7.458333333333333,24,10.0,2.0,202.52426541942202,False,False,False,False,True
2025-04-17,2.0416666666666665,24,5.0,1.0,197.62367351446474,False,False,False,False,True
2025-04-18,5.166666666666667,24,9.0,1.0,112.71853982123224,False,False,False,False,True
2025-04-19,7.833333333333333,24,12.0,5.0,80.53894412160196,False,False,False,False,True
2025-04-20,5.458333333333333,24,8.0,3.0,73.65543634556832,False,False,False,False,True
2025-04-21,2.5833333333333335,24,6.0,1.0,225.61204483107343,False,False,False,False,True
2025-04-22,3.4583333333333335,24,6.0,1.0,214.7810626433876,False,False,False,False,True
2025-04-23,5.041666666666667,24,8.0,0.0,91.47461703190334,False,False,False,False,True
2025-04-24,3.4166666666666665,24,5.0,2.0,12.756981016829684,False,False,False,False,True
2025-04-25,3.8333333333333335,24,6.0,1.0,95.37021535810607,False,False,False,False,True
2025-04-26,4.291666666666667,24,6.0,2.0,95.42785767241446,False,False,False,False,True
2025-04-27,2.0833333333333335,24,4.0,1.0,204.64784430307142,False,False,False,False,True
2025-04-28,2.4166666666666665,24,6.0,1.0,180.41458388571755,False,False,False,False,True
2025-04-29,3.9583333333333335,24,7.0,0.0,76.2354412886599,False,False,False,False,True
2025-04-30,3.0416666666666665,24,6.0,0.0,61.89402537299827,False,False,False,False,True
2025-05-01,2.125,24,4.0,1.0,126.98632154877959,False,False,False,False,True
2025-05-02,3.1666666666666665,24,6.0,1.0,357.3011853042583,False,False,False,False,True
2025-05-03,4.083333333333333,24,6.0,1.0,2.6624721007872836,False,False,False,False,True
2025-05-04,4.583333333333333,24,7.0,2.0,4.93040339758636,False,False,False,False,True
2025-05-05,4.0,1,4.0,4.0,40.0,False,False,False,False,False
2025-05-06,4.6,20,6.0,3.0,35.03747332491565,False,False,False,False,False
2025-05-07,4.625,8,6.0,4.0,39.92267058862495,False,False,False,False,False
2025-05-08,4.958333333333333,24,8.0,3.0,34.32377524999703,False,False,False,False,False
2025-05-09,3.2083333333333335,24,5.0,2.0,84.06990293938617,False,False,False,False,False
2025-05-10,3.0,24,5.0,1.0,119.59162498053439,False,False,False,False,False
2025-05-11,2.5,24,5.0,1.0,120.95790946591433,False,False,False,False,False
2025-05-12,2.75,24,7.0,1.0,147.95501213021242,False,False,False,False,False
2025-05-13,2.6666666666666665,24,5.0,1.0,105.05081702107674,False,False,False,False,False
2025-05-14,4.041666666666667,24,7.0,2.0,47.776662648536444,False,False,False,False,False
2025-05-15,6.75,24,9.0,5.0,20.41692241623963,False,False,False,False,False
2025-05-16,5.833333333333333,24,8.0,3.0,22.495231278463393,False,False,False,False,False
2025-05-17,5.125,24,7.0,3.0,21.511276932488443,False,False,False,False,False
2025-05-18,4.375,24,7.0,2.0,32.33494684043444,False,False,False,False,False
2025-05-19,2.7083333333333335,24,4.0,2.0,107.49593568794518,False,False,False,False,False
2025-05-20,3.625,24,6.0,1.0,27.23696013250526,False,False,False,False,False
2025-05-21,3.75,24,7.0,2.0,3.154366640124067,False,False,False,False,False
2025-05-22,3.4166666666666665,24,6.0,2.0,28.27093657147975,False,False,False,False,False
2025-05-23,4.958333333333333,24,12.0,1.0,256.6167828734874,False,False,False,False,False
2025-05-24,7.666666666666667,24,10.0,5.0,243.68616610662363,False,False,False,False,False
2025-05-25,9.875,24,11.0,8.0,259.96273176695547,False,False,True,True,False
2025-05-26,9.208333333333334,24,13.0,6.0,244.8182256790454,False,False,False,False,False
2025-05-27,10.625,24,14.0,5.0,235.43793029956913,False,False,False,False,False
2025-05-28,7.791666666666667,24,10.0,5.0,278.70438788324566,False,False,False,False,False
2025-05-29,8.5,24,12.0,3.0,239.85459900095972,False,False,False,False,False
2025-05-30,6.75,24,8.0,4.0,240.58681147943904,False,False,False,False,False
2025-05-31,5.166666666666667,24,9.0,3.0,276.623720567291,False,False,False,False,False
2025-06-01,7.666666666666667,24,11.0,5.0,249.89913249493029,False,False,False,False,False
2025-06-02,6.0,24,9.0,3.0,277.869441804362,False,False,False,False,False
2025-06-03,8.166666666666666,24,12.0,4.0,222.0784415294858,False,False,False,False,False
2025-06-04,6.875,24,10.0,5.0,246.93556107191552,False,False,False,False,False
2025-06-05,6.375,24,9.0,3.0,224.58680072444784,False,False,False,False,False
2025-06-06,8.166666666666666,24,11.0,6.0,248.2528300387326,False,False,False,False,False
2025-06-07,6.041666666666667,24,10.0,3.0,252.68707638744056,False,False,False,False,False
2025-06-08,6.791666666666667,24,10.0,4.0,294.4864987313605,False,False,False,False,False
2025-06-09,6.791666666666667,24,10.0,3.0,271.60314633101285,False,False,False,False,False
2025-06-10,6.916666666666667,24,10.0,2.0,284.01290803813447,False,False,False,False,False
2025-06-11,3.1666666666666665,24,4.0,2.0,121.24106390657425,False,False,False,False,False
2025-06-12,3.9583333333333335,24,7.0,2.0,152.8260804435215,False,False,False,False,False
2025-06-13,3.2916666666666665,24,6.0,1.0,160.7180650595808,False,False,False,False,False
2025-06-14,7.666666666666667,24,12.0,2.0,212.2255998200297,False,False,False,False,False
2025-06-15,6.25,24,9.0,4.0,266.3140188607176,False,False,False,False,False
2025-06-16,4.083333333333333,24,7.0,2.0,307.513935118865,False,False,False,False,False
2025-06-17,5.25,24,7.0,3.0,311.1162420005644,False,False,False,False,False
2025-06-18,3.5416666666666665,24,5.0,2.0,347.42293732755473,False,False,False,False,False
2025-06-19,2.375,24,4.0,1.0,61.482024892817094,False,False,False,False,False
2025-06-20,2.9583333333333335,24,4.0,2.0,119.16672973089584,False,False,False,False,False
2025-06-21,3.0833333333333335,24,6.0,1.0,128.73607706474752,False,False,False,False,False
2025-06-22,9.541666666666666,24,15.0,3.0,239.8529802759261,False,False,False,False,False
2025-06-23,9.708333333333334,24,12.0,7.0,274.31547145132123,False,False,True,True,False
2025-06-24,9.0,24,12.0,6.0,241.24741509120275,False,False,False,False,False
2025-06-25,5.166666666666667,24,8.0,4.0,324.6563930217768,False,False,False,False,False
2025-06-26,8.583333333333334,24,12.0,5.0,260.12900696517903,False,False,False,False,False
2025-06-27,7.625,24,13.0,2.0,245.015962958136,False,False,False,False,False
2025-06-28,8.666666666666666,24,10.0,5.0,243.2787097752943,False,False,False,False,False
2025-06-29,3.9166666666666665,24,6.0,2.0,346.34778961530606,False,False,False,False,False
2025-06-30,3.5416666666666665,24,7.0,2.0,145.69119910013853,False,False,False,False,False
2025-07-01,4.125,24,7.0,1.0,346.5888453968828,False,False,False,False,False
2025-07-02,6.208333333333333,24,10.0,2.0,358.67652691641837,False,False,False,False,False
2025-07-03,4.833333333333333,24,6.0,4.0,323.01617355397457,False,False,False,False,False
2025-07-04,6.708333333333333,24,10.0,3.0,275.1251964103317,False,False,False,False,False
2025-07-05,9.041666666666666,24,13.0,6.0,240.01270840742995,False,False,False,False,False
2025-07-06,5.25,24,8.0,3.0,304.2618973376486,False,False,False,False,False
2025-07-07,8.0,24,10.0,5.0,350.7280149229216,False,False,False,False,False
2025-07-08,5.583333333333333,24,8.0,2.0,335.15892399869574,False,False,False,False,False
2025-07-09,3.375,24,5.0,1.0,317.6008342127241,False,False,False,False,False
2025-07-10,3.25,24,5.0,1.0,348.6123768994839,False,False,False,False,False
2025-07-11,2.5833333333333335,24,7.0,1.0,112.13601895504905,False,False,False,False,False
2025-07-12,2.7916666666666665,24,4.0,1.0,114.79689073266331,False,False,False,False,False
2025-07-13,2.7916666666666665,24,4.0,1.0,88.65302404598509,False,False,False,False,False
2025-07-14,7.75,24,12.0,2.0,225.00166138165483,False,False,False,False,False
2025-07-15,9.25,24,14.0,3.0,234.7640806336426,False,False,False,False,False
2025-07-16,6.166666666666667,24,9.0,1.0,335.05778888591476,False,False,False,False,False
2025-07-17,3.6666666666666665,24,6.0,1.0,19.219639581291347,False,False,False,False,False
2025-07-18,4.458333333333333,24,7.0,3.0,349.07060288940676,False,False,False,False,False
2025-07-19,2.4583333333333335,24,4.0,1.0,52.014906974096675,False,False,False,False,False
2025-07-20,4.041666666666667,24,9.0,2.0,147.56564415217298,False,False,False,False,False
2025-07-21,3.6666666666666665,24,7.0,1.0,315.210245837973,False,False,False,False,False
2025-07-22,4.625,24,6.0,2.0,272.13137018353126,False,False,False,False,False
2025-07-23,4.875,24,7.0,3.0,343.8819227190642,False,False,False,False,False
2025-07-24,5.583333333333333,24,8.0,3.0,359.4062223380035,False,False,False,False,False
2025-07-25,5.0,24,8.0,2.0,295.70287206080366,False,False,False,False,False
2025-07-26,4.333333333333333,24,7.0,1.0,307.3165185345853,False,False,False,False,False
2025-07-27,5.5,24,7.0,4.0,357.16796691732793,False,False,False,False,False
2025-07-28,4.583333333333333,24,7.0,3.0,314.2097322056126,False,False,False,False,False
2025-07-29,3.8333333333333335,24,5.0,2.0,341.7575319454983,False,False,False,False,False
2025-07-30,4.041666666666667,24,7.0,2.0,351.73076411106615,False,False,False,False,False
2025-07-31,5.0,24,7.0,2.0,337.174862493562,False,False,False,False,False
2025-08-01,5.375,24,8.0,3.0,351.02814442750855,False,False,False,False,False
2025-08-02,4.541666666666667,24,6.0,3.0,303.6965129879374,False,False,False,False,False
2025-08-03,6.0,24,9.0,4.0,256.6999957435909,False,False,False,False,False
2025-08-04,8.0,24,15.0,3.0,252.33466205553094,False,False,False,False,False
2025-08-05,7.041666666666667,24,11.0,3.0,302.3098490806401,False,False,False,False,False
2025-08-06,4.260869565217392,23,8.0,1.0,239.75941828726062,False,False,False,False,False
2025-08-07,7.75,24,11.0,4.0,233.74860882969273,False,False,False,False,False
2025-08-08,5.125,24,7.0,3.0,311.96222118237,False,False,False,False,False
2025-08-09,5.375,24,9.0,2.0,306.05787739290673,False,False,False,False,False
2025-08-10,2.5416666666666665,24,4.0,1.0,323.3933310842307,False,False,False,False,False
2025-08-11,2.0416666666666665,24,3.0,1.0,119.2623227042406,False,False,False,False,False
2025-08-12,2.5,24,4.0,1.0,103.08520654550148,False,False,False,False,False
2025-08-13,4.0,24,7.0,1.0,219.91984956738563,False,False,False,False,False
2025-08-14,4.916666666666667,24,7.0,3.0,245.48554180243644,False,False,False,False,False
2025-08-15,3.4166666666666665,24,6.0,2.0,348.2833116417753,False,False,False,False,False
2025-08-16,2.9166666666666665,24,4.0,1.0,78.12833080824464,False,False,False,False,False
2025-08-17,2.6666666666666665,24,4.0,1.0,92.50599552308847,False,False,False,False,False
2025-08-18,2.5833333333333335,24,3.0,2.0,109.34559150299805,False,False,False,False,False
2025-08-19,3.125,24,6.0,2.0,78.51483817767411,False,False,False,False,False
2025-08-20,6.0,24,9.0,3.0,27.879463454330676,False,False,False,False,False
2025-08-21,5.833333333333333,24,8.0,3.0,19.569870742845865,False,False,False,False,False
2025-08-22,3.5,24,6.0,2.0,322.3247247433356,False,False,False,False,False
2025-08-23,3.4166666666666665,24,5.0,2.0,37.82418644128137,False,False,False,False,False
2025-08-24,2.6666666666666665,24,6.0,1.0,170.79206629282157,False,False,False,False,False
2025-08-25,2.4166666666666665,24,4.0,1.0,141.7723465029976,False,False,False,False,False
2025-08-26,5.541666666666667,24,11.0,1.0,228.69686877475294,False,False,False,False,False
2025-08-27,5.666666666666667,24,11.0,2.0,209.2071265493262,False,False,False,False,False
2025-08-28,6.625,24,12.0,2.0,231.21088062456556,False,False,False,False,False
2025-08-29,4.708333333333333,24,7.0,1.0,245.16355955851407,False,False,False,False,False
2025-08-30,5.166666666666667,24,9.0,2.0,207.7094230723454,False,False,False,False,False
2025-08-31,6.0,24,10.0,2.0,204.68230031098003,False,False,False,False,False
2025-09-01,5.166666666666667,24,10.0,2.0,202.74235466204286,False,False,False,False,False
2025-09-02,3.4583333333333335,24,6.0,2.0,152.67884780780105,False,False,False,False,False
2025-09-03,8.083333333333334,24,13.0,2.0,213.05392223900134,False,False,False,False,False
2025-09-04,6.375,24,11.0,2.0,233.35892774523012,False,False,False,False,False
2025-09-05,4.708333333333333,24,7.0,1.0,349.4979698352038,False,False,False,False,False
2025-09-06,3.2916666666666665,24,7.0,1.0,117.16347558200903,False,False,False,False,False
2025-09-07,4.708333333333333,24,11.0,2.0,152.48305677058772,False,False,False,False,False
2025-09-08,5.916666666666667,24,9.0,2.0,229.68898604320933,False,False,False,False,False
2025-09-09,3.5,24,9.0,1.0,183.59383258732208,False,False,False,False,False
2025-09-10,4.125,24,8.0,2.0,154.19608262758516,False,False,False,False,False
2025-09-11,8.416666666666666,24,11.0,6.0,233.3252925938067,False,False,False,False,False
2025-09-12,7.958333333333333,24,12.0,3.0,234.23874480131926,False,False,False,False,False
2025-09-13,5.625,24,10.0,2.0,220.7397376954563,False,False,False,False,False
2025-09-14,4.666666666666667,24,14.0,1.0,180.56685703630788,False,False,False,False,False
2025-09-15,14.25,24,18.0,12.0,245.00637041604887,True,True,True,True,False
2025-09-16,8.666666666666666,24,11.0,5.0,260.3728549838098,False,False,False,False,False
2025-09-17,8.125,24,12.0,2.0,226.35285522152685,False,False,False,False,False
2025-09-18,9.083333333333334,24,11.0,5.0,231.25059068742524,False,False,False,False,False
2025-09-19,4.0,24,8.0,1.0,194.03681180385627,False,False,False,False,False
2025-09-20,6.625,24,15.0,1.0,212.15649799737682,False,False,False,False,False
2025-09-21,6.5,24,13.0,3.0,0.5787967734748918,False,False,False,False,False
2025-09-22,5.5,24,9.0,1.0,26.270009016680035,False,False,False,False,False
2025-09-23,4.208333333333333,24,6.0,2.0,18.265200067367346,False,False,False,False,False
2025-09-24,3.7083333333333335,24,5.0,3.0,53.1029648431757,False,False,False,False,False
2025-09-25,3.9166666666666665,24,5.0,3.0,47.01045486110269,False,False,False,False,False
2025-09-26,2.5833333333333335,24,4.0,1.0,72.70735737505765,False,False,False,False,False
2025-09-27,2.4583333333333335,24,4.0,1.0,126.98447757364818,False,False,False,False,False
2025-09-28,2.0833333333333335,24,5.0,1.0,181.54432483223374,False,False,False,False,False
2025-09-29,2.0,24,4.0,0.0,316.2122853977256,False,False,False,False,False
2025-09-30,1.875,24,4.0,1.0,217.45986266553655,False,False,False,False,False
2025-10-01,2.0833333333333335,24,5.0,1.0,116.28899363425029,False,False,False,False,False
2025-10-02,2.6666666666666665,24,8.0,1.0,164.3490353589641,False,False,False,False,False
2025-10-03,5.75,24,13.0,2.0,181.95024771547241,False,False,False,False,False
2025-10-04,11.708333333333334,24,15.0,9.0,258.23033759477454,True,False,True,True,False
2025-10-05,8.0,24,12.0,4.0,295.0597298978019,False,False,False,False,False
2025-10-06,5.208333333333333,24,7.0,4.0,265.51308572316776,False,False,False,False,False
2025-10-07,4.5,24,7.0,2.0,251.52891570429006,False,False,False,False,False
2025-10-08,3.0,24,5.0,1.0,307.09425649395786,False,False,False,False,False
2025-10-09,3.875,24,7.0,1.0,332.92594647668574,False,False,False,False,False
2025-10-10,2.7916666666666665,24,4.0,2.0,350.4779774825809,False,False,False,False,False
2025-10-11,1.7916666666666667,24,3.0,1.0,9.898162215335901,False,False,False,False,False
2025-10-12,1.8333333333333333,24,3.0,1.0,55.68674035049975,False,False,False,False,False
2025-10-13,2.6666666666666665,24,5.0,1.0,42.063021599642184,False,False,False,False,False
2025-10-14,4.375,24,8.0,2.0,29.757954236032106,False,False,False,False,False
2025-10-15,3.6666666666666665,24,5.0,2.0,35.60359653509363,False,False,False,False,False
2025-10-16,2.5,24,4.0,1.0,46.423677696281175,False,False,False,False,False
2025-10-17,1.625,24,2.0,1.0,113.37788305786177,False,False,False,False,False
2025-10-18,2.6666666666666665,24,5.0,1.0,121.65344185939722,False,False,False,False,False
2025-10-19,3.3333333333333335,24,9.0,2.0,124.17009391845255,False,False,False,False,False
2025-10-20,3.2083333333333335,24,9.0,1.0,153.84013282781507,False,False,False,False,False
2025-10-21,7.5,24,11.0,5.0,244.13286495007128,False,False,False,False,False
2025-10-22,2.9166666666666665,24,4.0,1.0,219.10723872319463,False,False,False,False,False
2025-10-23,9.458333333333334,24,12.0,4.0,332.8184320315263,False,False,False,False,False
2025-10-24,9.25,24,12.0,7.0,247.08559019826646,False,False,True,True,False
2025-10-25,6.541666666666667,24,10.0,4.0,304.53271576286966,False,False,False,False,False
2025-10-26,7.208333333333333,24,11.0,4.0,282.80434957848166,False,False,False,False,False
2025-10-27,8.375,24,13.0,5.0,282.45338971095094,False,False,False,False,False
2025-10-28,8.875,24,12.0,4.0,254.96821105018037,False,False,False,False,False
2025-10-29,4.416666666666667,24,7.0,2.0,243.06540387720088,False,False,False,False,False
2025-10-30,4.0,24,7.0,2.0,202.47858000051275,False,False,False,False,False
2025-10-31,3.4583333333333335,24,6.0,2.0,152.28783701098428,False,False,False,False,False
2025-11-01,7.833333333333333,24,14.0,4.0,221.78911576315568,False,False,False,False,False
2025-11-02,5.125,24,9.0,2.0,218.22376634303905,False,False,False,False,False
2025-11-03,8.125,24,15.0,3.0,222.9234199584665,False,False,False,False,False
2025-11-04,5.0,24,10.0,2.0,180.28707310378255,False,False,False,False,False
2025-11-05,2.875,24,4.0,2.0,128.7698273640665,False,False,False,False,False
2025-11-06,2.25,24,6.0,1.0,150.91059627047684,False,False,False,False,False
2025-11-07,2.4583333333333335,24,4.0,1.0,124.58177484378194,False,False,False,False,False
2025-11-08,4.041666666666667,24,6.0,2.0,241.08514233719524,False,False,False,False,False
2025-11-09,2.5,24,7.0,1.0,150.05047549453104,False,False,False,False,False
2025-11-10,3.7083333333333335,24,8.0,2.0,165.9201444881361,False,False,False,False,False
2025-11-11,3.5,24,7.0,2.0,147.71461647502093,False,False,False,False,False
2025-11-12,3.25,24,8.0,2.0,156.59754596180642,False,False,False,False,False
2025-11-13,4.041666666666667,24,9.0,1.0,185.1556745564032,False,False,False,False,False
2025-11-14,2.0416666666666665,24,3.0,1.0,121.01861171167508,False,False,False,False,False
2025-11-15,2.4166666666666665,24,5.0,1.0,66.40208166266655,False,False,False,False,False
2025-11-16,4.75,24,7.0,2.0,31.24738268249172,False,False,False,False,False
2025-11-17,6.5,24,9.0,3.0,358.9985973427938,False,False,False,False,False
2025-11-18,4.875,24,8.0,2.0,250.7969983827976,False,False,False,False,False
2025-11-19,7.541666666666667,24,12.0,4.0,328.3841389038945,False,False,False,False,False
2025-11-20,5.625,24,8.0,3.0,321.964889744661,False,False,False,False,False
2025-11-21,4.166666666666667,24,6.0,2.0,328.48432240123077,False,False,False,False,False
2025-11-22,3.375,24,8.0,2.0,170.17822739343558,False,False,False,False,False
2025-11-23,6.916666666666667,24,11.0,2.0,229.354845823216,False,False,False,False,False
2025-11-24,5.916666666666667,24,10.0,2.0,295.83013841010853,False,False,False,False,False
2025-11-25,6.083333333333333,24,9.0,3.0,343.40642948689464,False,False,False,False,False
2025-11-26,3.0,24,5.0,2.0,249.7179317322359,False,False,False,False,False
2025-11-27,8.25,24,10.0,5.0,229.16566822316108,False,False,False,False,False
2025-11-28,7.5,24,13.0,3.0,229.99999999999997,False,False,False,False,False
2025-11-29,5.791666666666667,24,9.0,2.0,218.23465879658266,False,False,False,False,False
2025-11-30,4.875,24,7.0,2.0,249.96546289945718,False,False,False,False,False
2025-12-01,5.791666666666667,24,9.0,2.0,193.46822797615948,False,False,False,False,False
2025-12-02,3.6666666666666665,24,9.0,2.0,187.3100147345551,False,False,False,False,False
2025-12-03,2.4166666666666665,24,6.0,1.0,144.7019064699557,False,False,False,False,False
2025-12-04,4.666666666666667,24,7.0,3.0,174.34441747578978,False,False,False,False,False
2025-12-05,3.0,24,6.0,1.0,138.2778580715252,False,False,False,False,False
2025-12-06,8.375,24,13.0,4.0,225.60506922320275,False,False,False,False,False
2025-12-07,6.333333333333333,24,14.0,2.0,201.08905334701967,False,False,False,False,False
2025-12-08,6.5,24,10.0,2.0,220.19309701179438,False,False,False,False,False
2025-12-09,6.125,24,15.0,3.0,180.84848008684594,False,False,False,False,False
2025-12-10,7.916666666666667,24,10.0,6.0,230.3341059065726,False,False,False,False,False
2025-12-11,3.25,24,6.0,1.0,168.35885006630588,False,False,False,False,False
2025-12-12,3.2083333333333335,24,8.0,2.0,165.7228607919634,False,False,False,False,False
2025-12-13,2.6666666666666665,24,6.0,1.0,211.26349745947317,False,False,False,False,False
2025-12-14,4.125,24,9.0,2.0,201.4468551646885,False,False,False,False,False
2025-12-15,3.5,24,8.0,2.0,157.4114844552172,False,False,False,False,False
2025-12-16,3.6666666666666665,24,7.0,2.0,82.66375313294981,False,False,False,False,False
2025-12-17,3.75,24,7.0,1.0,228.74054662921984,False,False,False,False,False
2025-12-18,5.791666666666667,24,13.0,2.0,189.25004385556042,False,False,False,False,False
2025-12-19,6.125,24,9.0,2.0,224.32684665243318,False,False,False,False,False
2025-12-20,2.1666666666666665,24,4.0,1.0,121.66618820082044,False,False,False,False,False
2025-12-21,2.1666666666666665,24,4.0,1.0,121.68308591791094,False,False,False,False,False
2025-12-22,2.2083333333333335,24,4.0,1.0,119.58413656308215,False,False,False,False,False
2025-12-23,3.25,24,4.0,2.0,109.41567414380569,False,False,False,False,False
2025-12-24,4.708333333333333,24,6.0,4.0,104.57148260263585,False,False,False,False,False
2025-12-25,4.625,24,7.0,3.0,95.56023567312752,False,False,False,False,False
2025-12-26,2.8333333333333335,24,3.0,2.0,100.36479322905149,False,False,False,False,False
2025-12-27,3.375,24,4.0,3.0,67.96210192119008,False,False,False,False,False
2025-12-28,3.0,24,4.0,2.0,82.12930203233418,False,False,False,False,False
2025-12-29,3.5416666666666665,24,5.0,3.0,63.68720630566543,False,False,False,False,False
2025-12-30,4.166666666666667,24,6.0,3.0,29.163537073980365,False,False,False,False,False
2025-12-31,4.0,24,6.0,2.0,273.4106040625287,False,False,False,False,False
