date,pm25,station,city,local_authority,zone,agglomeration,environment,latitude,longitude,country,spatial_cluster,spatial_cluster_code,environment_code,is_urban,is_roadside,year,month,day_of_month,day_of_week_x,day_of_year,week_of_year,quarter,is_weekend,is_weekday,morning_peak_hour,evening_peak_hour,season,season_code,month_sin,month_cos,doy_sin,doy_cos,dow_sin,dow_cos,week_sin,week_cos,pm25_lag1,pm25_lag7,pm25_rollmean3,pm25_rollstd3,O3,NO,NO2,NOx,CO,PM10,day_of_week_y,quarter_num
2021-01-01,17.167,London Marylebone Road,London,Westminster,Greater London,Greater London Urban Area,Urban Traffic,51.52253,-0.154611,England,London Central,0,2,1,1,2021,1,1,4,1,53,1,0,1,8,18,Winter,0,0.4999999999999999,0.8660254037844387,0.0172133561558346,0.9998518392091162,-0.433883739117558,-0.9009688679024191,0.1205366802553231,0.992708874098054,,,17.167,,14.168777916666665,21.13648625,29.890934166666668,62.29976208333334,0.3305843333333333,21.254,4,1
2021-01-02,5.167,London Marylebone Road,London,Westminster,Greater London,Greater London Urban Area,Urban Traffic,51.52253,-0.154611,England,London Central,0,2,1,1,2021,1,2,5,2,53,1,1,0,8,18,Winter,0,0.4999999999999999,0.8660254037844387,0.0344216116227457,0.9994074007397048,-0.9749279121818236,-0.2225209339563146,0.1205366802553231,0.992708874098054,17.167,,11.167000000000002,8.485281374238571,21.77847333333333,11.243935833333332,24.35309458333333,41.59355541666667,0.2433166249999999,7.629,5,1
2021-01-03,4.5,London Marylebone Road,London,Westminster,Greater London,Greater London Urban Area,Urban Traffic,51.52253,-0.154611,England,London Central,0,2,1,1,2021,1,3,6,3,53,1,1,0,8,18,Winter,0,0.4999999999999999,0.8660254037844387,0.0516196672232537,0.998666816288476,-0.7818314824680299,0.6234898018587334,0.1205366802553231,0.992708874098054,5.167,,8.944666666666668,7.128554996163904,25.28510458333333,6.264511250000001,16.727747083333334,26.333196666666662,0.1201442916666666,7.838,6,1
2021-01-04,3.458,London Marylebone Road,London,Westminster,Greater London,Greater London Urban Area,Urban Traffic,51.52253,-0.154611,England,London Central,0,2,1,1,2021,1,4,0,4,1,1,0,1,8,18,Winter,0,0.4999999999999999,0.8660254037844387,0.0688024268023198,0.9976303053065856,0.0,1.0,0.120536680255323,0.992708874098054,4.5,,4.375,0.8613297858544193,35.14580208333333,3.982668333333333,13.439897916666666,19.54657125,0.132457875,7.171,0,1
2021-01-05,3.25,London Marylebone Road,London,Westminster,Greater London,Greater London Urban Area,Urban Traffic,51.52253,-0.154611,England,London Central,0,2,1,1,2021,1,5,1,5,1,1,0,1,8,18,Winter,0,0.4999999999999999,0.8660254037844387,0.0859647987374464,0.9962981749346078,0.7818314824680298,0.6234898018587336,0.120536680255323,0.992708874098054,3.458,,3.736,0.6697671237079511,29.90015958333333,6.389799166666666,15.996389583333332,25.793945,0.0988824583333333,7.671,1,1
2021-01-06,4.542,London Marylebone Road,London,Westminster,Greater London,Greater London Urban Area,Urban Traffic,51.52253,-0.154611,England,London Central,0,2,1,1,2021,1,6,2,6,1,1,0,1,8,18,Winter,0,0.4999999999999999,0.8660254037844387,0.1031016974474348,0.9946708199115212,0.9749279121818236,-0.2225209339563143,0.120536680255323,0.992708874098054,3.25,,3.75,0.6937319367017937,19.011815,10.700645652173913,22.537950434782605,38.94537521739131,0.18876375,10.129,2,1
2021-01-07,15.333,London Marylebone Road,London,Westminster,Greater London,Greater London Urban Area,Urban Traffic,51.52253,-0.154611,England,London Central,0,2,1,1,2021,1,7,3,7,1,1,0,1,8,18,Winter,0,0.4999999999999999,0.8660254037844387,0.1202080448993527,0.9927487224577402,0.4338837391175582,-0.900968867902419,0.120536680255323,0.992708874098054,4.542,,7.708333333333333,6.634679520017025,7.240649583333333,54.85548833333333,46.88085208333334,130.99142833333335,0.3441514166666666,25.379,3,1
2021-01-08,19.958,London Marylebone Road,London,Westminster,Greater London,Greater London Urban Area,Urban Traffic,51.52253,-0.154611,England,London Central,0,2,1,1,2021,1,8,4,8,1,1,0,1,8,18,Winter,0,0.4999999999999999,0.8660254037844387,0.1372787721132647,0.9905324521322229,-0.433883739117558,-0.9009688679024191,0.120536680255323,0.992708874098054,15.333,17.167,13.277666666666669,7.910850797059272,4.689202916666667,40.403775,40.75550666666667,102.70709708333334,0.275775125,,4,1
2021-01-09,15.458,London Marylebone Road,London,Westminster,Greater London,Greater London Urban Area,Urban Traffic,51.52253,-0.154611,England,London Central,0,2,1,1,2021,1,9,5,9,1,1,1,0,8,18,Winter,0,0.4999999999999999,0.8660254037844387,0.1543088206642811,0.9880226656636976,-0.9749279121818236,-0.2225209339563146,0.120536680255323,0.992708874098054,19.958,5.167,16.91633333333333,2.634901958960395,12.358095416666666,40.67346333333333,41.303106666666665,103.66821416666666,0.4074330416666666,20.296,5,1
2021-01-10,16.583,London Marylebone Road,London,Westminster,Greater London,Greater London Urban Area,Urban Traffic,51.52253,-0.154611,England,London Central,0,2,1,1,2021,1,10,6,10,1,1,1,0,8,18,Winter,0,0.4999999999999999,0.8660254037844387,0.1712931441814776,0.9852201067560606,-0.7818314824680299,0.6234898018587334,0.120536680255323,0.992708874098054,15.458,4.5,17.333,2.341874249399398,10.43723375,31.936141666666668,40.6046575,89.57272458333334,0.2350839583333333,17.796,6,1
2021-01-11,6.25,London Marylebone Road,London,Westminster,Greater London,Greater London Urban Area,Urban Traffic,51.52253,-0.154611,England,London Central,0,2,1,1,2021,1,11,0,11,2,1,0,1,8,18,Winter,0,0.4999999999999999,0.8660254037844387,0.1882267098432442,0.9821256058680006,0.0,1.0,0.2393156642875577,0.970941817426052,16.583,3.458,12.763666666666666,5.668976656622726,19.97001695652174,44.96445583333334,47.32020166666666,116.2647375,0.3958339583333333,,0,1
2021-01-12,3.125,London Marylebone Road,London,Westminster,Greater London,Greater London Urban Area,Urban Traffic,51.52253,-0.154611,England,London Central,0,2,1,1,2021,1,12,1,12,2,1,0,1,8,18,Winter,0,0.4999999999999999,0.8660254037844387,0.2051044998686192,0.9787400799669153,0.7818314824680298,0.6234898018587336,0.2393156642875577,0.970941817426052,6.25,3.25,8.652666666666667,7.043368961891279,30.73586,16.31206166666667,35.204805416666666,60.21628416666667,0.3285422083333333,8.629,1,1
2021-01-13,12.25,London Marylebone Road,London,Westminster,Greater London,Greater London Urban Area,Urban Traffic,51.52253,-0.154611,England,London Central,0,2,1,1,2021,1,13,2,13,2,1,0,1,8,18,Winter,0,0.4999999999999999,0.8660254037844387,0.2219215130041655,0.9750645322571948,0.9749279121818236,-0.2225209339563143,0.2393156642875577,0.970941817426052,3.125,4.542,7.208333333333333,4.6373708427657006,5.310779583333333,88.47427125,58.36058791666667,194.0192425,0.4498663333333333,19.5,2,1
2021-01-14,5.125,London Marylebone Road,London,Westminster,Greater London,Greater London Urban Area,Urban Traffic,51.52253,-0.154611,England,London Central,0,2,1,1,2021,1,14,3,14,2,1,0,1,8,18,Winter,0,0.4999999999999999,0.8660254037844387,0.2386727660059501,0.9711000518829505,0.4338837391175582,-0.900968867902419,0.2393156642875577,0.970941817426052,12.25,15.333,6.833333333333333,4.796374498861976,18.226701666666667,22.53392833333333,42.11095875,76.66249875,0.2753307083333333,5.966,3,1
2021-01-15,11.167,London Marylebone Road,London,Westminster,Greater London,Greater London Urban Area,Urban Traffic,51.52253,-0.154611,England,London Central,0,2,1,1,2021,1,15,4,15,2,1,0,1,8,18,Winter,0,0.4999999999999999,0.8660254037844387,0.255353295116187,0.9668478136052776,-0.433883739117558,-0.9009688679024191,0.2393156642875577,0.970941817426052,5.125,19.958,9.514,3.839363619143165,11.249373749999998,39.16749458333333,41.44181458333333,101.49780166666666,0.3097499166666667,16.875,4,1
2021-01-16,7.875,London Marylebone Road,London,Westminster,Greater London,Greater London Urban Area,Urban Traffic,51.52253,-0.154611,England,London Central,0,2,1,1,2021,1,16,5,16,2,1,1,0,8,18,Winter,0,0.4999999999999999,0.8660254037844387,0.2719581575341055,0.9623090774541486,-0.9749279121818236,-0.2225209339563146,0.2393156642875577,0.970941817426052,11.167,15.458,8.055666666666667,3.025048980319733,13.998312083333332,40.13592416666666,43.24650875,104.78740041666669,0.3196276666666667,13.25,5,1
2021-01-17,7.208,London Marylebone Road,London,Westminster,Greater London,Greater London Urban Area,Urban Traffic,51.52253,-0.154611,England,London Central,0,2,1,1,2021,1,17,6,17,2,1,1,0,8,18,Winter,0,0.4999999999999999,0.8660254037844387,0.288482432880609,0.9574851883550392,-0.7818314824680299,0.6234898018587334,0.2393156642875577,0.970941817426052,7.875,16.583,8.75,2.119584629119609,30.142693750000003,18.03462083333333,34.49488916666667,62.14758875,0.2430705416666666,,6,1
2021-01-18,7.042,London Marylebone Road,London,Westminster,Greater London,Greater London Urban Area,Urban Traffic,51.52253,-0.154611,England,London Central,0,2,1,1,2021,1,18,0,18,3,1,0,1,8,18,Winter,0,0.4999999999999999,0.8660254037844387,0.304921224656289,0.9523775757303974,0.0,1.0,0.3546048870425356,0.9350162426854148,7.208,6.25,7.375,0.4408956792713355,18.614754166666668,59.39507166666667,50.58435125,141.65552375,0.4127724166666666,,0,1
2021-01-19,2.208,London Marylebone Road,London,Westminster,Greater London,Greater London Urban Area,Urban Traffic,51.52253,-0.154611,England,London Central,0,2,1,1,2021,1,19,1,19,3,1,0,1,8,18,Winter,0,0.4999999999999999,0.8660254037844387,0.3212696616923644,0.9469877530760752,0.7818314824680298,0.6234898018587336,0.3546048870425356,0.9350162426854148,7.042,3.125,5.486,2.840044365850675,35.57841565217391,32.8810625,34.11775041666667,84.53467500000001,0.2340170833333333,8.583,1,1
2021-01-20,6.625,London Marylebone Road,London,Westminster,Greater London,Greater London Urban Area,Urban Traffic,51.52253,-0.154611,England,London Central,0,2,1,1,2021,1,20,2,20,3,1,0,1,8,18,Winter,0,0.4999999999999999,0.8660254037844387,0.3375228995941133,0.9413173175128472,0.9749279121818236,-0.2225209339563143,0.3546048870425356,0.9350162426854148,2.208,12.25,5.291666666666667,2.678660548358731,37.74982260869565,28.88187782608696,31.57427,75.85919739130435,0.2152723043478261,10.583,2,1
2021-01-21,4.0,London Marylebone Road,London,Westminster,Greater London,Greater London Urban Area,Urban Traffic,51.52253,-0.154611,England,London Central,0,2,1,1,2021,1,21,3,21,3,1,0,1,8,18,Winter,0,0.4999999999999999,0.8660254037844387,0.3536761221763716,0.9353679493131484,0.4338837391175582,-0.900968867902419,0.3546048870425356,0.9350162426854148,6.625,5.125,4.277666666666667,2.2215526852482053,28.206587916666667,46.989123750000005,47.64756625,119.69655125,0.4126718333333333,14.958,3,1
2021-01-22,9.25,London Marylebone Road,London,Westminster,Greater London,Greater London Urban Area,Urban Traffic,51.52253,-0.154611,England,London Central,0,2,1,1,2021,1,22,4,22,3,1,0,1,8,18,Winter,0,0.4999999999999999,0.8660254037844387,0.3697245428906731,0.9291414114031744,-0.433883739117558,-0.9009688679024191,0.3546048870425356,0.9350162426854148,4.0,11.167,6.625,2.625000000000028,13.719746666666666,68.56150875,58.1542625,163.28044458333332,0.3336274999999999,18.216,4,1
2021-01-23,8.583,London Marylebone Road,London,Westminster,Greater London,Greater London Urban Area,Urban Traffic,51.52253,-0.154611,England,London Central,0,2,1,1,2021,1,23,5,23,3,1,1,0,8,18,Winter,0,0.4999999999999999,0.8660254037844387,0.385663406243607,0.9226395488404876,-0.9749279121818236,-0.2225209339563146,0.3546048870425356,0.9350162426854148,9.25,7.875,7.277666666666666,2.8580668874841737,21.342211666666667,31.3920225,44.66687166666667,92.80063416666668,0.324223875,15.25,5,1
2021-01-24,8.583,London Marylebone Road,London,Westminster,Greater London,Greater London Urban Area,Urban Traffic,51.52253,-0.154611,England,London Central,0,2,1,1,2021,1,24,6,24,3,1,1,0,8,18,Winter,0,0.4999999999999999,0.8660254037844387,0.401487989205973,0.9158642882672872,-0.7818314824680299,0.6234898018587334,0.3546048870425356,0.9350162426854148,8.583,7.208,8.805333333333333,0.3850926295496353,17.72639,28.83029458333333,49.07803125,93.28386541666669,0.27162225,12.375,6,1
2021-01-25,9.375,London Marylebone Road,London,Westminster,Greater London,Greater London Urban Area,Urban Traffic,51.52253,-0.154611,England,London Central,0,2,1,1,2021,1,25,0,25,4,1,0,1,8,18,Winter,0,0.4999999999999999,0.8660254037844387,0.4171936026123168,0.9088176373395028,0.0,1.0,0.4647231720437685,0.8854560256532099,8.583,7.042,8.847,0.4572614131983138,19.414419166666665,47.272365416666666,52.96078958333334,125.4440725,0.3325885833333333,15.145,0,1
2021-01-26,8.083,London Marylebone Road,London,Westminster,Greater London,Greater London Urban Area,Urban Traffic,51.52253,-0.154611,England,London Central,0,2,1,1,2021,1,26,1,26,4,1,0,1,8,18,Winter,0,0.4999999999999999,0.8660254037844387,0.4327755925504312,0.901501684131884,0.7818314824680298,0.6234898018587336,0.4647231720437685,0.8854560256532099,9.375,2.208,8.680333333333332,0.6514762722720254,15.0775145,54.5277215,55.0103445,138.6183495,0.3329247142857142,15.062,1,1
2021-01-27,12.667,London Marylebone Road,London,Westminster,Greater London,Greater London Urban Area,Urban Traffic,51.52253,-0.154611,England,London Central,0,2,1,1,2021,1,27,2,27,4,1,0,1,8,18,Winter,0,0.4999999999999999,0.8660254037844387,0.4482293417404106,0.893918596519257,0.9749279121818236,-0.2225209339563143,0.4647231720437685,0.8854560256532099,8.083,6.625,10.041666666666666,2.363598386641317,5.585881666666666,68.87112833333333,52.24660583333334,157.84753041666667,0.3015854166666666,,2,1
2021-01-28,5.391,London Marylebone Road,London,Westminster,Greater London,Greater London Urban Area,Urban Traffic,51.52253,-0.154611,England,London Central,0,2,1,1,2021,1,28,3,28,4,1,0,1,8,18,Winter,0,0.4999999999999999,0.8660254037844387,0.4635502709028509,0.886070621534138,0.4338837391175582,-0.900968867902419,0.4647231720437685,0.8854560256532099,12.667,4.0,8.713666666666667,3.678770084326208,13.593627916666668,57.3503425,51.75221041666666,139.68817333333334,0.28601675,11.608,3,1
2021-01-29,5.766,London Marylebone Road,London,Westminster,Greater London,Greater London Urban Area,Urban Traffic,51.52253,-0.154611,England,London Central,0,2,1,1,2021,1,29,4,29,4,1,0,1,8,18,Winter,0,0.4999999999999999,0.8660254037844387,0.4787338401157884,0.8779600847008882,-0.433883739117558,-0.9009688679024191,0.4647231720437685,0.8854560256532099,5.391,9.25,7.941333333333334,4.096840286529787,26.520635833333333,38.68250875,46.26711875,105.57946916666668,0.389461,,4,1
2021-01-30,5.141,London Marylebone Road,London,Westminster,Greater London,Greater London Urban Area,Urban Traffic,51.52253,-0.154611,England,London Central,0,2,1,1,2021,1,30,5,30,4,1,1,0,8,18,Winter,0,0.4999999999999999,0.8660254037844387,0.4937755501599772,0.869589389346611,-0.9749279121818236,-0.2225209339563146,0.4647231720437685,0.8854560256532099,5.766,8.583,5.432666666666667,0.3145764348032166,24.8644825,19.398932916666663,30.257210416666663,60.00182458333333,0.2086685416666666,,5,1
2021-01-31,8.141,London Marylebone Road,London,Westminster,Greater London,Greater London Urban Area,Urban Traffic,51.52253,-0.154611,England,London Central,0,2,1,1,2021,1,31,6,31,4,1,1,0,8,18,Winter,0,0.4999999999999999,0.8660254037844387,0.5086709438521044,0.8609610158889943,-0.7818314824680299,0.6234898018587334,0.4647231720437685,0.8854560256532099,5.141,8.583,6.349333333333334,1.5827849927685973,22.055950416666665,25.351143333333336,32.642563333333335,71.51377333333333,0.193506875,,6,1
2021-02-01,13.724,London Marylebone Road,London,Westminster,Greater London,Greater London Urban Area,Urban Traffic,51.52253,-0.154611,England,London Central,0,2,1,1,2021,2,1,0,32,5,1,0,1,8,18,Winter,0,0.8660254037844386,0.5000000000000001,0.5234156073655503,0.8520775211013093,0.0,1.0,0.5680647467311558,0.8229838658936564,8.141,9.375,9.002,4.355796482849046,13.732218333333334,21.781320833333336,30.7913575,64.18891666666667,0.2064720416666666,,0,1
2021-02-02,10.49,London Marylebone Road,London,Westminster,Greater London,Greater London Urban Area,Urban Traffic,51.52253,-0.154611,England,London Central,0,2,1,1,2021,2,2,1,33,5,1,0,1,8,18,Winter,0,0.8660254037844386,0.5000000000000001,0.5380051715382996,0.8429415373547828,0.7818314824680298,0.6234898018587336,0.5680647467311558,0.8229838658936564,13.724,8.083,10.785000000000002,2.80316624551597,20.74488708333333,63.662215833333335,52.19914666666667,149.81318375,0.310880375,,1,1
2021-02-03,9.141,London Marylebone Road,London,Westminster,Greater London,Greater London Urban Area,Urban Traffic,51.52253,-0.154611,England,London Central,0,2,1,1,2021,2,3,2,34,5,1,0,1,8,18,Winter,0,0.8660254037844386,0.5000000000000001,0.5524353131676196,0.8335557718385699,0.9749279121818236,-0.2225209339563143,0.5680647467311558,0.8229838658936564,10.49,12.667,11.118333333333334,2.35522277785636,20.184770869565217,57.877030000000005,60.355556521739125,149.09909826086957,0.4060126956521738,24.423,2,1
2021-02-04,8.266,London Marylebone Road,London,Westminster,Greater London,Greater London Urban Area,Urban Traffic,51.52253,-0.154611,England,London Central,0,2,1,1,2021,2,4,3,35,5,1,0,1,8,18,Winter,0,0.8660254037844386,0.5000000000000001,0.5667017562911176,0.8239230057575542,0.4338837391175582,-0.900968867902419,0.5680647467311558,0.8229838658936564,9.141,5.391,9.299,1.1203869867149117,13.181322916666666,58.84174333333333,57.85192541666667,148.07467041666666,0.2212813333333333,16.733,3,1
2021-02-05,7.224,London Marylebone Road,London,Westminster,Greater London,Greater London Urban Area,Urban Traffic,51.52253,-0.154611,England,London Central,0,2,1,1,2021,2,5,4,36,5,1,0,1,8,18,Winter,0,0.8660254037844386,0.5000000000000001,0.5808002734538009,0.8140460935082178,-0.433883739117558,-0.9009688679024191,0.5680647467311558,0.8229838658936564,8.266,5.766,8.210333333333333,0.9597115886210128,18.93836208333333,54.55042875,59.75340500000001,143.39622958333334,0.325560875,14.942,4,1
2021-02-06,9.016,London Marylebone Road,London,Westminster,Greater London,Greater London Urban Area,Urban Traffic,51.52253,-0.154611,England,London Central,0,2,1,1,2021,2,6,5,37,5,1,1,0,8,18,Winter,0,0.8660254037844386,0.5000000000000001,0.5947266869607634,0.8039279618328213,-0.9749279121818236,-0.2225209339563146,0.5680647467311558,0.8229838658936564,7.224,5.141,8.168666666666667,0.8999562952352012,19.55093083333333,15.00381,29.083572083333333,52.08909375,0.145618625,12.525,5,1
2021-02-07,7.307,London Marylebone Road,London,Westminster,Greater London,Greater London Urban Area,Urban Traffic,51.52253,-0.154611,England,London Central,0,2,1,1,2021,2,7,6,38,5,1,1,0,8,18,Winter,0,0.8660254037844386,0.5000000000000001,0.6084768701151261,0.7935716089521474,-0.7818314824680299,0.6234898018587334,0.5680647467311558,0.8229838658936564,9.016,8.141,7.849000000000001,1.0115033366233352,61.208396666666665,1.8755775,7.968253333333333,10.844097916666668,0.194924375,12.233,6,1
2021-02-08,4.724,London Marylebone Road,London,Westminster,Greater London,Greater London Urban Area,Urban Traffic,51.52253,-0.154611,England,London Central,0,2,1,1,2021,2,8,0,39,6,1,0,1,8,18,Winter,0,0.8660254037844386,0.5000000000000001,0.6220467484408675,0.7829801036770628,0.0,1.0,0.6631226582407952,0.7485107481711011,7.307,13.724,7.015666666666665,2.160780491705135,53.737687916666665,4.374355416666666,17.066999166666665,23.774252083333334,0.1252462916666666,8.324,0,1
2021-02-09,3.724,London Marylebone Road,London,Westminster,Greater London,Greater London Urban Area,Urban Traffic,51.52253,-0.154611,England,London Central,0,2,1,1,2021,2,9,1,40,6,1,0,1,8,18,Winter,0,0.8660254037844386,0.5000000000000001,0.6354323008901774,0.7721565844991642,0.7818314824680298,0.6234898018587336,0.6631226582407952,0.7485107481711011,4.724,10.49,5.251666666666667,1.8488635247993592,43.41201875,21.1364575,34.85685375,67.2656375,0.1280998333333333,10.9,1,1
2021-02-10,4.391,London Marylebone Road,London,Westminster,Greater London,Greater London Urban Area,Urban Traffic,51.52253,-0.154611,England,London Central,0,2,1,1,2021,2,10,2,41,6,1,0,1,8,18,Winter,0,0.8660254037844386,0.5000000000000001,0.6486295610349814,0.7611042586607747,0.9749279121818236,-0.2225209339563143,0.6631226582407952,0.7485107481711011,3.724,9.141,4.2796666666666665,0.5092114819341016,45.65787541666666,7.811163333333333,28.83725375,40.81420166666667,0.1832320416666666,13.635,2,1
2021-02-11,12.375,London Marylebone Road,London,Westminster,Greater London,Greater London Urban Area,Urban Traffic,51.52253,-0.154611,England,London Central,0,2,1,1,2021,2,11,3,42,6,1,0,1,8,18,Winter,0,0.8660254037844386,0.5000000000000001,0.6616346182422783,0.7498264012045686,0.4338837391175582,-0.900968867902419,0.6631226582407952,0.7485107481711011,4.391,8.266,6.830000000000001,4.813677492312936,25.4160725,52.66613791666666,56.06626083333333,136.81987875000002,0.2955572083333333,31.411,3,1
2021-02-12,11.625,London Marylebone Road,London,Westminster,Greater London,Greater London Urban Area,Urban Traffic,51.52253,-0.154611,England,London Central,0,2,1,1,2021,2,12,4,43,6,1,0,1,8,18,Winter,0,0.8660254037844386,0.5000000000000001,0.6744436188329455,0.7383263540031065,-0.433883739117558,-0.9009688679024191,0.6631226582407952,0.7485107481711011,12.375,7.224,9.463666666666668,4.409034512604028,29.337484166666663,49.54130583333333,53.13540583333333,129.0976825,0.1810125,30.332,4,1
2021-02-13,10.417,London Marylebone Road,London,Westminster,Greater London,Greater London Urban Area,Urban Traffic,51.52253,-0.154611,England,London Central,0,2,1,1,2021,2,13,5,44,6,1,1,0,8,18,Winter,0,0.8660254037844386,0.5000000000000001,0.6870527672236669,0.7266075247685656,-0.9749279121818236,-0.2225209339563146,0.6631226582407952,0.7485107481711011,11.625,9.016,11.472333333333331,0.98788730801312,36.60862375,34.169698333333336,41.89934291666667,94.29215,0.1982140833333333,21.079,5,1
2021-02-14,10.083,London Marylebone Road,London,Westminster,Greater London,Greater London Urban Area,Urban Traffic,51.52253,-0.154611,England,London Central,0,2,1,1,2021,2,14,6,45,6,1,1,0,8,18,Winter,0,0.8660254037844386,0.5000000000000001,0.6994583270516471,0.7146733860429609,-0.7818314824680299,0.6234898018587334,0.6631226582407952,0.7485107481711011,10.417,7.307,10.708333333333334,0.8112319849053174,36.8996625,25.786601666666662,37.30967833333333,76.84858291666667,0.332695,23.5,6,1
2021-02-15,8.667,London Marylebone Road,London,Westminster,Greater London,Greater London Urban Area,Urban Traffic,51.52253,-0.154611,England,London Central,0,2,1,1,2021,2,15,0,46,7,1,0,1,8,18,Winter,0,0.8660254037844386,0.5000000000000001,0.7116566222817746,0.7025274741691571,0.0,1.0,0.7485107481711011,0.6631226582407953,10.083,4.724,9.722333333333331,0.9290776788479198,13.842399166666668,79.62402208333333,56.77106458333333,178.85952875,0.412916125,13.029,0,1
2021-02-16,7.583,London Marylebone Road,London,Westminster,Greater London,Greater London Urban Area,Urban Traffic,51.52253,-0.154611,England,London Central,0,2,1,1,2021,2,16,1,47,7,1,0,1,8,18,Winter,0,0.8660254037844386,0.5000000000000001,0.7236440382959124,0.6901733882429719,0.7818314824680298,0.6234898018587336,0.7485107481711011,0.6631226582407953,8.667,3.724,8.777666666666667,1.2536687494443868,19.762281666666667,80.73611958333333,56.79400125,180.5876570833333,0.3654729583333333,17.012,1,1
2021-02-17,5.167,London Marylebone Road,London,Westminster,Greater London,Greater London Urban Area,Urban Traffic,51.52253,-0.154611,England,London Central,0,2,1,1,2021,2,17,2,48,7,1,0,1,8,18,Winter,0,0.8660254037844386,0.5000000000000001,0.7354170229639855,0.6776147890466889,0.9749279121818236,-0.2225209339563143,0.7485107481711011,0.6631226582407953,7.583,4.391,7.139,1.7917455176447752,26.27093304347826,64.81572434782608,53.41342043478261,152.79614565217392,0.2596444545454545,16.639,2,1
2021-02-18,5.375,London Marylebone Road,London,Westminster,Greater London,Greater London Urban Area,Urban Traffic,51.52253,-0.154611,England,London Central,0,2,1,1,2021,2,18,3,49,7,1,0,1,8,18,Winter,0,0.8660254037844386,0.5000000000000001,0.7469720876965552,0.6648553979642865,0.4338837391175582,-0.900968867902419,0.7485107481711011,0.6631226582407953,5.167,12.375,6.041666666666667,1.3388791332056424,31.181151,34.721021111111114,42.58828333333334,95.82643777777778,0.175503,16.667,3,1
2021-02-19,6.375,London Marylebone Road,London,Westminster,Greater London,Greater London Urban Area,Urban Traffic,51.52253,-0.154611,England,London Central,0,2,1,1,2021,2,19,4,50,7,1,0,1,8,18,Winter,0,0.8660254037844386,0.5000000000000001,0.7583058084785624,0.6518989958787126,-0.433883739117558,-0.9009688679024191,0.7485107481711011,0.6631226582407953,5.375,11.625,5.639,0.6458235053016921,20.738651333333333,58.472039333333335,60.93225066666666,150.58812600000002,0.2791914,18.792,4,1
2021-02-20,12.75,London Marylebone Road,London,Westminster,Greater London,Greater London Urban Area,Urban Traffic,51.52253,-0.154611,England,London Central,0,2,1,1,2021,2,20,5,51,7,1,1,0,8,18,Winter,0,0.8660254037844386,0.5000000000000001,0.7694148268839378,0.6387494220515272,-0.9749279121818236,-0.2225209339563146,0.7485107481711011,0.6631226582407953,6.375,10.417,8.166666666666666,4.000650988693398,26.53796,32.592155416666664,49.20491333333334,99.17885375,0.314317125,38.625,5,1
2021-02-21,11.667,London Marylebone Road,London,Westminster,Greater London,Greater London Urban Area,Urban Traffic,51.52253,-0.154611,England,London Central,0,2,1,1,2021,2,21,6,52,7,1,1,0,8,18,Winter,0,0.8660254037844386,0.5000000000000001,0.7802958510707755,0.6254105729852463,-0.7818314824680299,0.6234898018587334,0.7485107481711011,0.6631226582407953,12.75,10.083,10.264,3.411226025932626,23.148042083333333,31.84322708333333,51.20518166666667,100.03078125,0.3399954583333333,25.542,6,1
2021-02-22,18.083,London Marylebone Road,London,Westminster,Greater London,Greater London Urban Area,Urban Traffic,51.52253,-0.154611,England,London Central,0,2,1,1,2021,2,22,0,53,8,1,0,1,8,18,Winter,0,0.8660254037844386,0.5000000000000001,0.7909456567567772,0.6118864012687243,0.0,1.0,0.8229838658936564,0.5680647467311559,11.667,8.667,14.166666666666666,3.4345992973465425,3.183419166666667,92.24554666666668,63.78059583333334,205.221795,0.3584450416666667,33.042,0,1
2021-02-23,7.792,London Marylebone Road,London,Westminster,Greater London,Greater London Urban Area,Urban Traffic,51.52253,-0.154611,England,London Central,0,2,1,1,2021,2,23,1,54,8,1,0,1,8,18,Winter,0,0.8660254037844386,0.5000000000000001,0.8013610881746766,0.5981809144059164,0.7818314824680298,0.6234898018587336,0.8229838658936564,0.5680647467311559,18.083,7.583,12.514,5.197521236127858,24.61017,49.90022041666666,53.05917041666667,129.57177458333334,0.2585899583333333,15.875,1,1
2021-02-24,6.917,London Marylebone Road,London,Westminster,Greater London,Greater London Urban Area,Urban Traffic,51.52253,-0.154611,England,London Central,0,2,1,1,2021,2,24,2,55,8,1,0,1,8,18,Winter,0,0.8660254037844386,0.5000000000000001,0.811539059007361,0.5842981736283684,0.9749279121818236,-0.2225209339563143,0.8229838658936564,0.5680647467311559,7.792,5.167,10.930666666666667,6.209533825766102,25.633659166666664,53.38224208333333,53.28429,135.13591958333333,0.236694,22.13,2,1
2021-02-25,9.792,London Marylebone Road,London,Westminster,Greater London,Greater London Urban Area,Urban Traffic,51.52253,-0.154611,England,London Central,0,2,1,1,2021,2,25,3,56,8,1,0,1,8,18,Winter,0,0.8660254037844386,0.5000000000000001,0.8214765533024142,0.5702422926917871,0.4338837391175582,-0.900968867902419,0.8229838658936564,0.5680647467311559,6.917,5.375,8.167,1.4737282653189911,30.41294375,25.455479166666667,48.70890125,87.74008958333333,0.3571844166666666,22.545,3,1
2021-02-26,11.0,London Marylebone Road,London,Westminster,Greater London,Greater London Urban Area,Urban Traffic,51.52253,-0.154611,England,London Central,0,2,1,1,2021,2,26,4,57,8,1,0,1,8,18,Winter,0,0.8660254037844386,0.5000000000000001,0.8311706263658079,0.5560174366570446,-0.433883739117558,-0.9009688679024191,0.8229838658936564,0.5680647467311559,9.792,6.375,9.236333333333333,2.0974499596732783,21.4024975,50.78706875,57.05185,134.92427125,0.3314219166666666,29.433,4,1
2021-02-27,17.958,London Marylebone Road,London,Westminster,Greater London,Greater London Urban Area,Urban Traffic,51.52253,-0.154611,England,London Central,0,2,1,1,2021,2,27,5,58,8,1,1,0,8,18,Winter,0,0.8660254037844386,0.5000000000000001,0.8406184056344782,0.5416278206559814,-0.9749279121818236,-0.2225209339563146,0.8229838658936564,0.5680647467311559,11.0,12.75,12.916666666666666,4.407504660613911,22.3954975,46.16736791666667,55.87156833333333,126.66054375,0.3408358333333333,30.014,5,1
2021-02-28,16.583,London Marylebone Road,London,Westminster,Greater London,Greater London Urban Area,Urban Traffic,51.52253,-0.154611,England,London Central,0,2,1,1,2021,2,28,6,59,8,1,1,0,8,18,Winter,0,0.8660254037844386,0.5000000000000001,0.8498170915275278,0.5270777086423722,-0.7818314824680299,0.6234898018587334,0.8229838658936564,0.5680647467311559,17.958,11.667,15.180333333333332,3.684975757496012,33.500735416666664,9.9052475,33.33995125,48.52778625,0.1740742916666666,24.181,6,1
2021-03-01,26.917,London Marylebone Road,London,Westminster,Greater London,Greater London Urban Area,Urban Traffic,51.52253,-0.154611,England,London Central,0,2,1,1,2021,3,1,0,60,9,1,0,1,8,18,Spring,1,1.0,6.123233995736766e-17,0.8587639582758029,0.5123714121284237,0.0,1.0,0.8854560256532099,0.4647231720437686,16.583,18.083,20.486,5.611682189860709,22.76691875,35.83819166666667,41.69780291666667,96.64892875,0.2431660416666666,36.681,0,1
2021-03-02,38.542,London Marylebone Road,London,Westminster,Greater London,Greater London Urban Area,Urban Traffic,51.52253,-0.154611,England,London Central,0,2,1,1,2021,3,2,1,61,9,1,0,1,8,18,Spring,1,1.0,6.123233995736766e-17,0.8674563547295968,0.4975132889071806,0.7818314824680298,0.6234898018587336,0.8854560256532099,0.4647231720437686,26.917,7.792,27.34733333333333,10.985823152287365,13.00254125,24.556687083333333,35.08143375,72.73449583333333,0.1771424166666666,45.847,1,1
2021-03-03,43.583,London Marylebone Road,London,Westminster,Greater London,Greater London Urban Area,Urban Traffic,51.52253,-0.154611,England,London Central,0,2,1,1,2021,3,3,2,62,9,1,0,1,8,18,Spring,1,1.0,6.123233995736766e-17,0.8758917051442429,0.4825077417612184,0.9749279121818236,-0.2225209339563143,0.8854560256532099,0.4647231720437686,38.542,6.917,36.34733333333333,8.547005928003838,1.3131134782608695,53.95741130434782,48.88050260869565,131.61404652173914,0.17079625,50.514,2,1
2021-03-04,11.917,London Marylebone Road,London,Westminster,Greater London,Greater London Urban Area,Urban Traffic,51.52253,-0.154611,England,London Central,0,2,1,1,2021,3,4,3,63,9,1,0,1,8,18,Spring,1,1.0,6.123233995736766e-17,0.8840675099433636,0.4673592171580022,0.4338837391175582,-0.900968867902419,0.8854560256532099,0.4647231720437686,43.583,9.792,31.34733333333333,17.014884963858346,30.92711375,9.384331666666666,29.385737083333336,43.77484208333333,0.1744104583333333,17.931,3,1
2021-03-05,4.333,London Marylebone Road,London,Westminster,Greater London,Greater London Urban Area,Urban Traffic,51.52253,-0.154611,England,London Central,0,2,1,1,2021,3,5,4,64,9,1,0,1,8,18,Spring,1,1.0,6.123233995736766e-17,0.8919813464595485,0.4520722039323043,-0.433883739117558,-0.9009688679024191,0.8854560256532099,0.4647231720437686,11.917,11.0,19.944333333333333,20.81992279844796,52.19656416666667,7.207245833333334,26.54759,37.59854583333333,0.2300959166666666,15.242,4,1
2021-03-06,6.083,London Marylebone Road,London,Westminster,Greater London,Greater London Urban Area,Urban Traffic,51.52253,-0.154611,England,London Central,0,2,1,1,2021,3,6,5,65,9,1,1,0,8,18,Spring,1,1.0,6.123233995736766e-17,0.8996308696522433,0.436651231956064,-0.9749279121818236,-0.2225209339563146,0.8854560256532099,0.4647231720437686,4.333,17.958,7.444333333333333,3.971043355761011,43.90401458333333,8.310474166666667,32.65384916666667,45.39639875,0.1466730416666666,13.514,5,1
2021-03-07,14.375,London Marylebone Road,London,Westminster,Greater London,Greater London Urban Area,Urban Traffic,51.52253,-0.154611,England,London Central,0,2,1,1,2021,3,7,6,66,9,1,1,0,8,18,Spring,1,1.0,6.123233995736766e-17,0.907013812802636,0.4211008707960896,-0.7818314824680299,0.6234898018587334,0.8854560256532099,0.4647231720437686,6.083,16.583,8.263666666666667,5.364412487247196,42.01572333333333,14.361283333333333,37.47703125,59.49735625,0.2574971666666666,22.139,6,1
2021-03-08,30.292,London Marylebone Road,London,Westminster,Greater London,Greater London Urban Area,Urban Traffic,51.52253,-0.154611,England,London Central,0,2,1,1,2021,3,8,0,67,10,1,0,1,8,18,Spring,1,1.0,6.123233995736766e-17,0.9141279881853336,0.4054257283599973,0.0,1.0,0.9350162426854148,0.3546048870425355,14.375,26.917,16.916666666666668,12.303006637945597,9.733197083333334,72.76879541666666,69.359795,180.93705666666665,0.4778425833333333,42.889,0,1
2021-03-09,15.542,London Marylebone Road,London,Westminster,Greater London,Greater London Urban Area,Urban Traffic,51.52253,-0.154611,England,London Central,0,2,1,1,2021,3,9,1,68,10,1,0,1,8,18,Spring,1,1.0,6.123233995736766e-17,0.9209712877166346,0.3896304495307879,0.7818314824680298,0.6234898018587336,0.9350162426854148,0.3546048870425355,30.292,38.542,20.069666666666667,8.872009148627681,21.12393125,41.265656666666665,58.001195,121.27431916666669,0.3480646249999999,,1,1
2021-03-10,7.417,London Marylebone Road,London,Westminster,Greater London,Greater London Urban Area,Urban Traffic,51.52253,-0.154611,England,London Central,0,2,1,1,2021,3,10,2,69,10,1,0,1,8,18,Spring,1,1.0,6.123233995736766e-17,0.9275416835791966,0.373719714790469,0.9749279121818236,-0.2225209339563143,0.9350162426854148,0.3546048870425355,15.542,43.583,17.750333333333334,11.59629071441956,36.6564375,38.57703875,44.45041791666667,103.60105083333332,0.3669765,,2,1
2021-03-11,7.5,London Marylebone Road,London,Westminster,Greater London,Greater London Urban Area,Urban Traffic,51.52253,-0.154611,England,London Central,0,2,1,1,2021,3,11,3,70,10,1,0,1,8,18,Spring,1,1.0,6.123233995736766e-17,0.9338372288229252,0.3576982388331254,0.4338837391175582,-0.900968867902419,0.9350162426854148,0.3546048870425355,7.417,11.917,10.153,4.66719541052228,40.07476625,29.12292833333333,41.777915416666666,86.43244791666666,0.4553164583333333,,3,1
2021-03-12,5.917,London Marylebone Road,London,Westminster,Greater London,Greater London Urban Area,Urban Traffic,51.52253,-0.154611,England,London Central,0,2,1,1,2021,3,12,4,71,10,1,0,1,8,18,Spring,1,1.0,6.123233995736766e-17,0.9398560579418954,0.3415707691678556,-0.433883739117558,-0.9009688679024191,0.9350162426854148,0.3546048870425355,7.5,4.333,6.9446666666666665,0.8909524865747169,38.50038083333333,36.72924125,47.0511975,103.36858125,0.282503,,4,1
2021-03-13,3.75,London Marylebone Road,London,Westminster,Greater London,Greater London Urban Area,Urban Traffic,51.52253,-0.154611,England,London Central,0,2,1,1,2021,3,13,5,72,10,1,1,0,8,18,Spring,1,1.0,6.123233995736766e-17,0.9455963874271426,0.3253420847119801,-0.9749279121818236,-0.2225209339563146,0.9350162426854148,0.3546048870425355,5.917,6.083,5.722333333333334,1.882563766073732,48.17813833333333,15.774400833333331,34.012165,58.19924291666666,0.3649592916666666,,5,1
2021-03-14,4.625,London Marylebone Road,London,Westminster,Greater London,Greater London Urban Area,Urban Traffic,51.52253,-0.154611,England,London Central,0,2,1,1,2021,3,14,6,73,10,1,1,0,8,18,Spring,1,1.0,6.123233995736766e-17,0.9510565162951536,0.3090169943749474,-0.7818314824680299,0.6234898018587334,0.9350162426854148,0.3546048870425355,3.75,14.375,4.764,1.090166501044869,43.437659583333335,11.747026666666669,32.33207708333333,50.34393208333333,0.2223629166666666,,6,1
2021-03-15,6.833,London Marylebone Road,London,Westminster,Greater London,Greater London Urban Area,Urban Traffic,51.52253,-0.154611,England,London Central,0,2,1,1,2021,3,15,0,74,11,1,0,1,8,18,Spring,1,1.0,6.123233995736766e-17,0.9562348265919056,0.2926003356333483,0.0,1.0,0.970941817426052,0.239315664287558,4.625,30.292,5.069333333333334,1.5888034281602414,57.52813291666666,5.575541666666666,28.500475833333336,37.049522083333336,0.1562550416666666,,0,1
2021-03-16,5.667,London Marylebone Road,London,Westminster,Greater London,Greater London Urban Area,Urban Traffic,51.52253,-0.154611,England,London Central,0,2,1,1,2021,3,16,1,75,11,1,0,1,8,18,Spring,1,1.0,6.123233995736766e-17,0.9611297838723007,0.2760969730974688,0.7818314824680298,0.6234898018587336,0.970941817426052,0.239315664287558,6.833,15.542,5.708333333333333,1.1045801615698676,38.96881583333333,15.388822083333332,32.612838333333336,56.208703750000005,0.289647625,,1,1
2021-03-17,7.917,London Marylebone Road,London,Westminster,Greater London,Greater London Urban Area,Urban Traffic,51.52253,-0.154611,England,London Central,0,2,1,1,2021,3,17,2,76,11,1,0,1,8,18,Spring,1,1.0,6.123233995736766e-17,0.9657399376548548,0.2595117970697999,0.9749279121818236,-0.2225209339563143,0.970941817426052,0.239315664287558,5.667,7.417,6.805666666666667,1.125249009479092,43.45258909090909,9.207488636363635,25.98770272727273,40.10565409090909,0.1606029545454545,,2,1
2021-03-18,7.75,London Marylebone Road,London,Westminster,Greater London,Greater London Urban Area,Urban Traffic,51.52253,-0.154611,England,London Central,0,2,1,1,2021,3,18,3,77,11,1,0,1,8,18,Spring,1,1.0,6.123233995736766e-17,0.9700639218515072,0.2428497220959356,0.4338837391175582,-0.900968867902419,0.970941817426052,0.239315664287558,7.917,7.5,7.1113333333333335,1.2536133109271246,34.91920833333334,8.472107916666667,28.364320000000003,41.35470458333334,0.2819969583333333,,3,1
2021-03-19,3.583,London Marylebone Road,London,Westminster,Greater London,Greater London Urban Area,Urban Traffic,51.52253,-0.154611,England,London Central,0,2,1,1,2021,3,19,4,78,11,1,0,1,8,18,Spring,1,1.0,6.123233995736766e-17,0.9741004551724204,0.2261156855082882,-0.433883739117558,-0.9009688679024191,0.970941817426052,0.239315664287558,7.75,5.917,6.416666666666667,2.455447481281913,51.12318375,7.425540833333333,25.69747083333333,37.08313875,0.3278416249999999,,4,1
2021-03-20,8.792,London Marylebone Road,London,Westminster,Greater London,Greater London Urban Area,Urban Traffic,51.52253,-0.154611,England,London Central,0,2,1,1,2021,3,20,5,79,11,1,1,0,8,18,Spring,1,1.0,6.123233995736766e-17,0.9778483415056568,0.2093146459630484,-0.9749279121818236,-0.2225209339563146,0.970941817426052,0.239315664287558,3.583,3.75,6.708333333333333,2.7563059215794024,33.31987541666667,10.896798095238095,31.831453809523808,48.53964047619048,0.2599226666666667,12.715,5,1
2021-03-21,6.833,London Marylebone Road,London,Westminster,Greater London,Greater London Urban Area,Urban Traffic,51.52253,-0.154611,England,London Central,0,2,1,1,2021,3,21,6,80,11,1,1,0,8,18,Spring,1,1.0,6.123233995736766e-17,0.9813064702716092,0.1924515819708299,-0.7818314824680299,0.6234898018587334,0.970941817426052,0.239315664287558,8.792,4.625,6.402666666666666,2.63102837942385,47.851065,11.47743,47.02825,64.62672,0.21522875,11.435,6,1
2021-03-22,12.583,London Marylebone Road,London,Westminster,Greater London,Greater London Urban Area,Urban Traffic,51.52253,-0.154611,England,London Central,0,2,1,1,2021,3,22,0,81,12,1,0,1,8,18,Spring,1,1.0,6.123233995736766e-17,0.9844738167520922,0.1755314904214282,0.0,1.0,0.992708874098054,0.120536680255323,6.833,6.833,9.402666666666669,2.923236277370268,26.56498625,28.50529823529412,54.07760764705883,97.78512176470588,0.1919998181818181,24.167,0,1
2021-03-23,15.458,London Marylebone Road,London,Westminster,Greater London,Greater London Urban Area,Urban Traffic,51.52253,-0.154611,England,London Central,0,2,1,1,2021,3,23,1,82,12,1,0,1,8,18,Spring,1,1.0,6.123233995736766e-17,0.9873494423939864,0.1585593851031347,0.7818314824680298,0.6234898018587336,0.992708874098054,0.120536680255323,12.583,5.667,11.624666666666664,4.391635040999365,20.24111083333333,58.230314166666666,65.21304958333333,154.49828583333334,,29.268,1,1
2021-03-24,16.583,London Marylebone Road,London,Westminster,Greater London,Greater London Urban Area,Urban Traffic,51.52253,-0.154611,England,London Central,0,2,1,1,2021,3,24,2,83,12,1,0,1,8,18,Spring,1,1.0,6.123233995736766e-17,0.989932495087353,0.141540295217043,0.9749279121818236,-0.2225209339563143,0.992708874098054,0.120536680255323,15.458,7.917,14.874666666666664,2.062815632414434,25.85055291666667,54.6486325,62.22218916666666,146.01559,,31.055,2,1
2021-03-25,7.333,London Marylebone Road,London,Westminster,Greater London,Greater London Urban Area,Urban Traffic,51.52253,-0.154611,England,London Central,0,2,1,1,2021,3,25,3,84,12,1,0,1,8,18,Spring,1,1.0,6.123233995736766e-17,0.9922222094179324,0.1244792638867891,0.4338837391175582,-0.900968867902419,0.992708874098054,0.120536680255323,16.583,7.75,13.124666666666668,5.04717330129781,27.180326250000004,49.02700875,59.12184583333333,134.29554291666668,0.2486393,19.153,3,1
2021-03-26,5.75,London Marylebone Road,London,Westminster,Greater London,Greater London Urban Area,Urban Traffic,51.52253,-0.154611,England,London Central,0,2,1,1,2021,3,26,4,85,12,1,0,1,8,18,Spring,1,1.0,6.123233995736766e-17,0.994217906893952,0.107381346664163,-0.433883739117558,-0.9009688679024191,0.992708874098054,0.120536680255323,7.333,3.583,9.888666666666666,5.851243144267171,35.96556291666666,39.5373825,53.550085,114.17322791666668,0.3277128333333333,19.069,4,1
2021-03-27,5.458,London Marylebone Road,London,Westminster,Greater London,Greater London Urban Area,Urban Traffic,51.52253,-0.154611,England,London Central,0,2,1,1,2021,3,27,5,86,12,1,1,0,8,18,Spring,1,1.0,6.123233995736766e-17,0.995918996147179,0.0902516100310411,-0.9749279121818236,-0.2225209339563146,0.992708874098054,0.120536680255323,5.75,8.792,6.1803333333333335,1.0088589263785748,45.61075458333334,20.82235208333333,39.38259583333333,71.309755,0.2455663333333333,22.444,5,1
2021-03-28,6.5,London Marylebone Road,London,Westminster,Greater London,Greater London Urban Area,Urban Traffic,51.52253,-0.154611,England,London Central,0,2,1,1,2021,3,28,6,87,12,1,1,0,8,18,Spring,1,1.0,6.123233995736766e-17,0.9973249731081556,0.0730951298980777,-0.7818314824680299,0.6234898018587334,0.992708874098054,0.120536680255323,5.458,6.833,5.902666666666666,0.5375140308250024,59.32010458333334,14.07144125,28.24248916666667,49.81839666666667,0.1547157083333333,32.069,6,1
2021-03-29,7.333,London Marylebone Road,London,Westminster,Greater London,Greater London Urban Area,Urban Traffic,51.52253,-0.154611,England,London Central,0,2,1,1,2021,3,29,0,88,13,1,0,1,8,18,Spring,1,1.0,6.123233995736766e-17,0.9984354211555644,0.0559169901006034,0.0,1.0,1.0,-1.6081226496766364e-16,6.5,12.583,6.4303333333333335,0.9394393718243452,35.62740375,40.08477166666667,59.816505416666665,121.27896375,0.32213725,24.924,0,1
2021-03-30,14.292,London Marylebone Road,London,Westminster,Greater London,Greater London Urban Area,Urban Traffic,51.52253,-0.154611,England,London Central,0,2,1,1,2021,3,30,1,89,13,1,0,1,8,18,Spring,1,1.0,6.123233995736766e-17,0.9992500112396836,0.0387222808921744,0.7818314824680298,0.6234898018587336,1.0,-1.6081226496766364e-16,7.333,15.458,9.375,4.278567400427422,14.30806125,64.68224541666667,95.03451125,194.21256625,0.3999517083333333,26.376,1,1
2021-03-31,24.708,London Marylebone Road,London,Westminster,Greater London,Greater London Urban Area,Urban Traffic,51.52253,-0.154611,England,London Central,0,2,1,1,2021,3,31,2,90,13,1,0,1,8,18,Spring,1,1.0,6.123233995736766e-17,0.9997685019798908,0.0215160974362222,0.9749279121818236,-0.2225209339563143,1.0,-1.6081226496766364e-16,14.292,16.583,15.444333333333333,8.744630371452718,5.555422608695652,93.33097608695653,99.75553434782609,242.86103478260867,0.4311489333333334,46.028,2,1
2021-04-01,17.167,London Marylebone Road,London,Westminster,Greater London,Greater London Urban Area,Urban Traffic,51.52253,-0.154611,England,London Central,0,2,1,1,2021,4,1,3,91,13,2,0,1,8,18,Spring,1,0.8660254037844387,-0.4999999999999998,0.99999073973619,0.0043035382962442,0.4338837391175582,-0.900968867902419,1.0,-1.6081226496766364e-16,24.708,7.333,18.72233333333333,5.3793643056901415,48.230110833333335,9.498455,28.079224166666663,42.64331791666667,0.1422008260869565,25.736,3,2
2021-04-02,4.542,London Marylebone Road,London,Westminster,Greater London,Greater London Urban Area,Urban Traffic,51.52253,-0.154611,England,London Central,0,2,1,1,2021,4,2,4,92,13,2,0,1,8,18,Spring,1,0.8660254037844387,-0.4999999999999998,0.999916658654738,-0.0129102960750088,-0.433883739117558,-0.9009688679024191,1.0,-1.6081226496766364e-16,17.167,5.75,15.472333333333331,10.18924974339786,71.57702958333333,2.6128454166666666,13.29407,17.30037625,0.1339539166666666,,4,2
2021-04-03,7.583,London Marylebone Road,London,Westminster,Greater London,Greater London Urban Area,Urban Traffic,51.52253,-0.154611,England,London Central,0,2,1,1,2021,4,3,5,93,13,2,1,0,8,18,Spring,1,0.8660254037844387,-0.4999999999999998,0.9995462806873572,-0.0301203048469081,-0.9749279121818236,-0.2225209339563146,1.0,-1.6081226496766364e-16,4.542,5.458,9.764,6.589023220478155,74.47495125,2.06272875,13.465346666666669,16.628150416666667,0.167660625,,5,2
2021-04-04,11.458,London Marylebone Road,London,Westminster,Greater London,Greater London Urban Area,Urban Traffic,51.52253,-0.154611,England,London Central,0,2,1,1,2021,4,4,6,94,13,2,1,0,8,18,Spring,1,0.8660254037844387,-0.4999999999999998,0.9988797155850336,-0.0473213883224318,-0.7818314824680299,0.6234898018587334,1.0,-1.6081226496766364e-16,7.583,6.5,7.861,3.466370868790644,55.214367083333336,9.719305833333332,35.97048541666667,50.87321291666667,0.1656029583333333,,6,2
2021-04-05,5.292,London Marylebone Road,London,Westminster,Greater London,Greater London Urban Area,Urban Traffic,51.52253,-0.154611,England,London Central,0,2,1,1,2021,4,5,0,95,14,2,0,1,8,18,Spring,1,0.8660254037844387,-0.4999999999999998,0.9979171608653922,-0.0645084494493162,0.0,1.0,0.992708874098054,-0.1205366802553228,11.458,7.333,8.110999999999999,3.1167253648662068,62.37532708333333,3.93822,16.724436666666666,22.762955714285717,0.4798915833333333,,0,2
2021-04-06,2.167,London Marylebone Road,London,Westminster,Greater London,Greater London Urban Area,Urban Traffic,51.52253,-0.154611,England,London Central,0,2,1,1,2021,4,6,1,96,14,2,0,1,8,18,Spring,1,0.8660254037844387,-0.4999999999999998,0.9966589017541702,-0.0816763953304224,0.7818314824680298,0.6234898018587336,0.992708874098054,-0.1205366802553228,5.292,14.292,6.305666666666667,4.727717243378015,52.79760454545454,6.105422857142857,22.885881428571427,32.24739785714286,0.1906445833333333,,1,2
2021-04-07,4.25,London Marylebone Road,London,Westminster,Greater London,Greater London Urban Area,Urban Traffic,51.52253,-0.154611,England,London Central,0,2,1,1,2021,4,7,2,97,14,2,0,1,8,18,Spring,1,0.8660254037844387,-0.4999999999999998,0.9951053111006976,-0.0988201387328714,0.9749279121818236,-0.2225209339563143,0.992708874098054,-0.1205366802553228,2.167,24.708,3.903,1.5911357578788174,36.98974583333334,19.605784347826088,44.71721913043479,74.77900173913044,0.2062271249999999,12.808,2,2
2021-04-08,6.758,London Marylebone Road,London,Westminster,Greater London,Greater London Urban Area,Urban Traffic,51.52253,-0.154611,England,London Central,0,2,1,1,2021,4,8,3,98,14,2,0,1,8,18,Spring,1,0.8660254037844387,-0.4999999999999998,0.9932568492674144,-0.1159345995955004,0.4338837391175582,-0.900968867902419,0.992708874098054,-0.1205366802553228,4.25,17.167,4.391666666666667,2.2987762686555446,26.54835375,,,,0.3087002916666667,18.406,3,2
2021-04-09,6.799,London Marylebone Road,London,Westminster,Greater London,Greater London Urban Area,Urban Traffic,51.52253,-0.154611,England,London Central,0,2,1,1,2021,4,9,4,99,14,2,0,1,8,18,Spring,1,0.8660254037844387,-0.4999999999999998,0.9911140639934548,-0.1330147065341959,-0.433883739117558,-0.9009688679024191,0.992708874098054,-0.1205366802553228,6.758,4.542,5.935666666666667,1.4599740865281925,32.166111666666666,,,,0.317808875,14.595,4,2
2021-04-10,4.883,London Marylebone Road,London,Westminster,Greater London,Greater London Urban Area,Urban Traffic,51.52253,-0.154611,England,London Central,0,2,1,1,2021,4,10,5,100,14,2,1,0,8,18,Spring,1,0.8660254037844387,-0.4999999999999998,0.9886775902323404,-0.1500553983446526,-0.9749279121818236,-0.2225209339563146,0.992708874098054,-0.1205366802553228,6.799,7.583,6.146666666666667,1.0945594243045094,54.74385333333333,,,,0.2459861666666666,11.656,5,2
2021-04-11,3.924,London Marylebone Road,London,Westminster,Greater London,Greater London Urban Area,Urban Traffic,51.52253,-0.154611,England,London Central,0,2,1,1,2021,4,11,6,101,14,2,1,0,8,18,Spring,1,0.8660254037844387,-0.4999999999999998,0.9859481499638304,-0.1670516255021192,-0.7818314824680299,0.6234898018587334,0.992708874098054,-0.1205366802553228,4.883,11.458,5.202000000000001,1.463805656499706,54.43548958333333,,,,0.19587775,7.615,6,2
2021-04-12,6.508,London Marylebone Road,London,Westminster,Greater London,Greater London Urban Area,Urban Traffic,51.52253,-0.154611,England,London Central,0,2,1,1,2021,4,12,0,102,15,2,0,1,8,18,Spring,1,0.8660254037844387,-0.4999999999999998,0.9829265519799822,-0.18399835165768,0.0,1.0,0.970941817426052,-0.2393156642875575,3.924,5.292,5.105,1.3062262438033236,30.11705333333333,34.55453333333333,64.18515000000001,117.16802416666668,0.396158375,16.781,0,2
2021-04-13,12.466,London Marylebone Road,London,Westminster,Greater London,Greater London Urban Area,Urban Traffic,51.52253,-0.154611,England,London Central,0,2,1,1,2021,4,13,1,103,15,2,0,1,8,18,Spring,1,0.8660254037844387,-0.4999999999999998,0.97961369164549,-0.200890555130635,0.7818314824680298,0.6234898018587336,0.970941817426052,-0.2393156642875575,6.508,2.167,7.632666666666665,4.380650332237639,15.845027916666666,103.02162125,98.17602666666666,256.14030833333334,0.4742240833333333,25.615,1,2
2021-04-14,8.924,London Marylebone Road,London,Westminster,Greater London,Greater London Urban Area,Urban Traffic,51.52253,-0.154611,England,London Central,0,2,1,1,2021,4,14,2,104,15,2,0,1,8,18,Spring,1,0.8660254037844387,-0.4999999999999998,0.9760105506323684,-0.2177232303965317,0.9749279121818236,-0.2225209339563143,0.970941817426052,-0.2393156642875575,12.466,4.25,9.299333333333331,2.9966810529873977,41.17216043478261,21.83859958333333,50.70834708333334,84.19373041666667,0.2177725652173913,18.698,2,2
2021-04-15,4.091,London Marylebone Road,London,Westminster,Greater London,Greater London Urban Area,Urban Traffic,51.52253,-0.154611,England,London Central,0,2,1,1,2021,4,15,3,105,15,2,0,1,8,18,Spring,1,0.8660254037844387,-0.4999999999999998,0.9721181966290612,-0.2344913895704098,0.4338837391175582,-0.900968867902419,0.970941817426052,-0.2393156642875575,8.924,6.758,8.493666666666666,4.20405118110302,53.63929,8.087925416666666,30.794484166666667,43.19579708333333,0.154893125,10.365,3,2
2021-04-16,6.466,London Marylebone Road,London,Westminster,Greater London,Greater London Urban Area,Urban Traffic,51.52253,-0.154611,England,London Central,0,2,1,1,2021,4,16,4,106,15,2,0,1,8,18,Spring,1,0.8660254037844387,-0.4999999999999998,0.9679377830240642,-0.2511900638848193,-0.433883739117558,-0.9009688679024191,0.970941817426052,-0.2393156642875575,4.091,6.799,6.493666666666667,2.4166187811348707,46.69938041666666,14.87755,42.24621208333333,65.05813791666667,0.24024125,14.637,4,2
2021-04-17,5.508,London Marylebone Road,London,Westminster,Greater London,Greater London Urban Area,Urban Traffic,51.52253,-0.154611,England,London Central,0,2,1,1,2021,4,17,5,107,15,2,1,0,8,18,Spring,1,0.8660254037844387,-0.4999999999999998,0.9634705485641488,-0.2678143051621742,-0.9749279121818236,-0.2225209339563146,0.970941817426052,-0.2393156642875575,6.466,4.883,5.355,1.1948694489359537,51.48906,13.7324125,39.3912225,60.44729541666666,0.2187986666666666,,5,2
2021-04-18,7.716,London Marylebone Road,London,Westminster,Greater London,Greater London Urban Area,Urban Traffic,51.52253,-0.154611,England,London Central,0,2,1,1,2021,4,18,6,108,15,2,1,0,8,18,Spring,1,0.8660254037844387,-0.4999999999999998,0.9587178169872964,-0.2843591872810034,-0.7818314824680299,0.6234898018587334,0.970941817426052,-0.2393156642875575,5.508,3.924,6.563333333333333,1.1072133188025637,50.767005833333336,11.799707083333333,43.46328333333333,61.55591375,0.26227675,,6,2
2021-04-19,13.508,London Marylebone Road,London,Westminster,Greater London,Greater London Urban Area,Urban Traffic,51.52253,-0.154611,England,London Central,0,2,1,1,2021,4,19,0,109,16,2,0,1,8,18,Spring,1,0.8660254037844387,-0.4999999999999998,0.9536809966304456,-0.3008198076356673,0.0,1.0,0.9350162426854148,-0.3546048870425354,7.716,6.508,8.910666666666666,4.131636641009671,28.767184166666667,30.326630416666664,65.8801975,112.38038291666668,0.2149494583333333,,0,2
2021-04-20,30.341,London Marylebone Road,London,Westminster,Greater London,Greater London Urban Area,Urban Traffic,51.52253,-0.154611,England,London Central,0,2,1,1,2021,4,20,1,110,16,2,0,1,8,18,Spring,1,0.8660254037844387,-0.4999999999999998,0.9483615800121716,-0.3171912885891061,0.7818314824680298,0.6234898018587336,0.9350162426854148,-0.3546048870425354,13.508,12.466,17.188333333333333,11.752927138944294,31.399707916666667,28.375052916666665,67.96208875,111.46989708333332,0.226398375,,1,2
2021-04-21,30.674,London Marylebone Road,London,Westminster,Greater London,Greater London Urban Area,Urban Traffic,51.52253,-0.154611,England,London Central,0,2,1,1,2021,4,21,2,111,16,2,0,1,8,18,Spring,1,0.8660254037844387,-0.4999999999999998,0.9427611433904208,-0.3334687789181868,0.9749279121818236,-0.2225209339563143,0.9350162426854148,-0.3546048870425354,30.341,8.924,24.841,9.816078086486456,35.90804833333333,28.695675416666663,57.21996875,101.21939041666668,0.303331125,,2,2
2021-04-22,6.174,London Marylebone Road,London,Westminster,Greater London,Greater London Urban Area,Urban Traffic,51.52253,-0.154611,England,London Central,0,2,1,1,2021,4,22,3,112,16,2,0,1,8,18,Spring,1,0.8660254037844387,-0.4999999999999998,0.9368813462954316,-0.3496474552512284,0.4338837391175582,-0.900968867902419,0.9350162426854148,-0.3546048870425354,30.674,4.091,22.39633333333333,14.049939371162177,41.83070416666667,38.50491291666667,51.18923125,110.22927166666666,0.2232445416666666,24.99,3,2
2021-04-23,8.667,London Marylebone Road,London,Westminster,Greater London,Greater London Urban Area,Urban Traffic,51.52253,-0.154611,England,London Central,0,2,1,1,2021,4,23,4,113,16,2,0,1,8,18,Spring,1,0.8660254037844387,-0.4999999999999998,0.9307239310379796,-0.3657225234972689,-0.433883739117558,-0.9009688679024191,0.9350162426854148,-0.3546048870425354,6.174,6.466,15.171666666666669,13.483156764398062,33.47232458333333,36.703419583333336,58.63569125,114.9134825,0.2866684583333333,21.125,4,2
2021-04-24,9.042,London Marylebone Road,London,Westminster,Greater London,Greater London Urban Area,Urban Traffic,51.52253,-0.154611,England,London Central,0,2,1,1,2021,4,24,5,114,16,2,1,0,8,18,Spring,1,0.8660254037844387,-0.4999999999999998,0.9242907221930934,-0.3816892202666588,-0.9749279121818236,-0.2225209339563146,0.9350162426854148,-0.3546048870425354,8.667,5.508,7.961000000000001,1.5589044229843545,48.67121869565217,20.96183083333333,44.527279166666666,76.66830416666667,0.193920875,19.375,5,2
2021-04-25,7.125,London Marylebone Road,London,Westminster,Greater London,Greater London Urban Area,Urban Traffic,51.52253,-0.154611,England,London Central,0,2,1,1,2021,4,25,6,115,16,2,1,0,8,18,Spring,1,0.8660254037844387,-0.4999999999999998,0.9175836260593936,-0.3975428142825559,-0.7818314824680299,0.6234898018587334,0.9350162426854148,-0.3546048870425354,9.042,7.716,8.278,1.0159788383623805,63.36952272727273,9.335220833333333,21.70932708333333,36.02313041666667,0.1719859166666666,13.708,6,2
2021-04-26,5.458,London Marylebone Road,London,Westminster,Greater London,Greater London Urban Area,Urban Traffic,51.52253,-0.154611,England,London Central,0,2,1,1,2021,4,26,0,116,17,2,0,1,8,18,Spring,1,0.8660254037844387,-0.4999999999999998,0.9106046300942164,-0.4132786077829042,0.0,1.0,0.8854560256532099,-0.4647231720437685,7.125,13.508,7.208333333333333,1.7934526292415824,62.08567333333334,16.872469166666665,32.66891208333333,58.53967,0.1430995416666666,16.042,0,2
2021-04-27,12.458,London Marylebone Road,London,Westminster,Greater London,Greater London Urban Area,Urban Traffic,51.52253,-0.154611,England,London Central,0,2,1,1,2021,4,27,1,117,17,2,0,1,8,18,Spring,1,0.8660254037844387,-0.4999999999999998,0.9033558023246844,-0.4288919379124835,0.7818314824680298,0.6234898018587336,0.8854560256532099,-0.4647231720437685,5.458,30.341,8.347,3.6564960002713214,39.71581625,34.47063416666666,62.71104125,115.565275,0.36927925,28.875,1,2
2021-04-28,13.208,London Marylebone Road,London,Westminster,Greater London,Greater London Urban Area,Urban Traffic,51.52253,-0.154611,England,London Central,0,2,1,1,2021,4,28,2,118,17,2,0,1,8,18,Spring,1,0.8660254037844387,-0.4999999999999998,0.895839290734909,-0.4443781781046132,0.9749279121818236,-0.2225209339563143,0.8854560256532099,-0.4647231720437685,12.458,30.674,10.374666666666668,4.274439534410732,59.17171333333334,10.846678636363636,32.16812818181818,48.79947045454546,0.1590325714285714,,2,2
2021-04-29,6.958,London Marylebone Road,London,Westminster,Greater London,Greater London Urban Area,Urban Traffic,51.52253,-0.154611,England,London Central,0,2,1,1,2021,4,29,3,119,17,2,0,1,8,18,Spring,1,0.8660254037844387,-0.4999999999999998,0.8880573226294932,-0.4597327394521039,0.4338837391175582,-0.900968867902419,0.8854560256532099,-0.4647231720437685,13.208,6.174,10.874666666666668,3.412599204907224,65.44371583333333,7.026440833333333,22.99946875,33.77319333333333,0.3061195833333333,11.0,3,2
2021-04-30,9.375,London Marylebone Road,London,Westminster,Greater London,Greater London Urban Area,Urban Traffic,51.52253,-0.154611,England,London Central,0,2,1,1,2021,4,30,4,120,17,2,0,1,8,18,Spring,1,0.8660254037844387,-0.4999999999999998,0.8800122039735357,-0.4749510720670499,-0.433883739117558,-0.9009688679024191,0.8854560256532099,-0.4647231720437685,6.958,8.667,9.847,3.151620694182617,48.394340416666665,18.088940416666667,40.38214208333333,68.11813041666666,0.2698661666666667,16.708,4,2
2021-05-01,10.0,London Marylebone Road,London,Westminster,Greater London,Greater London Urban Area,Urban Traffic,51.52253,-0.154611,England,London Central,0,2,1,1,2021,5,1,5,121,17,2,1,0,8,18,Spring,1,0.4999999999999999,-0.8660254037844387,0.8717063187093219,-0.4900286664290592,-0.9749279121818236,-0.2225209339563146,0.8854560256532099,-0.4647231720437685,9.375,9.042,8.777666666666667,1.6065635167441998,61.915900416666666,4.518165416666666,23.83720166666667,30.764955,0.1650526666666666,,5,2
2021-05-02,12.458,London Marylebone Road,London,Westminster,Greater London,Greater London Urban Area,Urban Traffic,51.52253,-0.154611,England,London Central,0,2,1,1,2021,5,2,6,122,17,2,1,0,8,18,Spring,1,0.4999999999999999,-0.8660254037844387,0.8631421280499114,-0.5049610547215204,-0.7818314824680299,0.6234898018587334,0.8854560256532099,-0.4647231720437685,10.0,7.125,10.611,1.629789250179329,46.19214125,14.7460725,41.2469775,63.85730708333333,0.2890810833333333,,6,2
2021-05-03,7.333,London Marylebone Road,London,Westminster,Greater London,Greater London Urban Area,Urban Traffic,51.52253,-0.154611,England,London Central,0,2,1,1,2021,5,3,0,123,18,2,0,1,8,18,Spring,1,0.4999999999999999,-0.8660254037844387,0.854322169749827,-0.5197438121555155,0.0,1.0,0.8229838658936565,-0.5680647467311557,12.458,5.458,9.930333333333332,2.563210161756826,42.70798,18.09016958333333,31.501146666666667,59.23901708333333,0.310205,,0,2
2021-05-04,4.125,London Marylebone Road,London,Westminster,Greater London,Greater London Urban Area,Urban Traffic,51.52253,-0.154611,England,London Central,0,2,1,1,2021,5,4,1,124,18,2,0,1,8,18,Spring,1,0.4999999999999999,-0.8660254037844387,0.8452490573530633,-0.5343725582809786,0.7818314824680298,0.6234898018587336,0.8229838658936565,-0.5680647467311557,7.333,12.458,7.972,4.203089696877784,47.62466,17.029062083333333,30.48673833333333,56.5976025,0.4030755416666666,,1,2
2021-05-05,4.958,London Marylebone Road,London,Westminster,Greater London,Greater London Urban Area,Urban Traffic,51.52253,-0.154611,England,London Central,0,2,1,1,2021,5,5,2,125,18,2,0,1,8,18,Spring,1,0.4999999999999999,-0.8660254037844387,0.8359254794186372,-0.548842958284719,0.9749279121818236,-0.2225209339563143,0.8229838658936565,-0.5680647467311557,4.125,13.208,5.472,1.6646209778806311,32.37444739130435,32.649408333333334,40.5940925,90.65581875,0.4154462916666666,9.333,2,2
2021-05-06,6.083,London Marylebone Road,London,Westminster,Greater London,Greater London Urban Area,Urban Traffic,51.52253,-0.154611,England,London Central,0,2,1,1,2021,5,6,3,126,18,2,0,1,8,18,Spring,1,0.4999999999999999,-0.8660254037844387,0.8263541987239096,-0.5631507242749186,0.4338837391175582,-0.900968867902419,0.8229838658936565,-0.5680647467311557,4.958,6.958,5.0553333333333335,0.9826221722175904,36.11316291666667,33.031159583333334,37.76271416666667,88.40978666666666,0.5562381666666667,13.5,3,2
2021-05-07,6.792,London Marylebone Road,London,Westminster,Greater London,Greater London Urban Area,Urban Traffic,51.52253,-0.154611,England,London Central,0,2,1,1,2021,5,7,4,127,18,2,0,1,8,18,Spring,1,0.4999999999999999,-0.8660254037844387,0.8165380514459161,-0.5772916165517272,-0.433883739117558,-0.9009688679024191,0.8229838658936565,-0.5680647467311557,6.083,9.375,5.944333333333333,0.924829894268986,37.292565833333335,29.77125125,47.20478333333333,92.85339666666664,0.4394385833333333,18.167,4,2
2021-05-08,7.292,London Marylebone Road,London,Westminster,Greater London,Greater London Urban Area,Urban Traffic,51.52253,-0.154611,England,London Central,0,2,1,1,2021,5,8,5,128,18,2,1,0,8,18,Spring,1,0.4999999999999999,-0.8660254037844387,0.8064799463209448,-0.5912614448635781,-0.9749279121818236,-0.2225209339563146,0.8229838658936565,-0.5680647467311557,6.792,10.0,6.722333333333334,0.6075033607590632,31.73232458333333,31.77881375,30.980363333333333,79.70719791666667,0.188711625,13.833,5,2
2021-05-09,6.0,London Marylebone Road,London,Westminster,Greater London,Greater London Urban Area,Urban Traffic,51.52253,-0.154611,England,London Central,0,2,1,1,2021,5,9,6,129,18,2,1,0,8,18,Spring,1,0.4999999999999999,-0.8660254037844387,0.7961828637826158,-0.6050560696488488,-0.7818314824680299,0.6234898018587334,0.8229838658936565,-0.5680647467311557,7.292,12.458,6.6946666666666665,0.6514762722721047,24.86101791666667,27.934435,32.35875,75.19095208333333,0.10302025,10.625,6,2
2021-05-10,5.833,London Marylebone Road,London,Westminster,Greater London,Greater London Urban Area,Urban Traffic,51.52253,-0.154611,England,London Central,0,2,1,1,2021,5,10,0,130,19,2,0,1,8,18,Spring,1,0.4999999999999999,-0.8660254037844387,0.7856498550787147,-0.6186714032625031,0.0,1.0,0.7485107481711013,-0.663122658240795,6.0,7.333,6.375,0.7985230115658752,37.4089825,40.98702291666667,43.58826333333334,106.434155,0.1889728333333333,19.046,0,2
2021-05-11,6.167,London Marylebone Road,London,Westminster,Greater London,Greater London Urban Area,Urban Traffic,51.52253,-0.154611,England,London Central,0,2,1,1,2021,5,11,1,131,19,2,0,1,8,18,Spring,1,0.4999999999999999,-0.8660254037844387,0.7748840413670407,-0.6321034111873487,0.7818314824680298,0.6234898018587336,0.7485107481711013,-0.663122658240795,5.833,4.125,6.0,0.1670000000007425,33.743269166666664,48.730747916666665,53.93887375,128.65831208333333,0.2558251666666666,18.833,1,2
2021-05-12,6.792,London Marylebone Road,London,Westminster,Greater London,Greater London Urban Area,Urban Traffic,51.52253,-0.154611,England,London Central,0,2,1,1,2021,5,12,2,132,19,2,0,1,8,18,Spring,1,0.4999999999999999,-0.8660254037844387,0.7638886127905428,-0.6453481132295501,0.9749279121818236,-0.2225209339563143,0.7485107481711013,-0.663122658240795,6.167,4.958,6.264,0.4868028348317608,36.53505,50.31738,56.58020565217392,133.7324456521739,0.3263718695652174,21.583,2,2
2021-05-13,8.375,London Marylebone Road,London,Westminster,Greater London,Greater London Urban Area,Urban Traffic,51.52253,-0.154611,England,London Central,0,2,1,1,2021,5,13,3,133,19,2,0,1,8,18,Spring,1,0.4999999999999999,-0.8660254037844387,0.7526668275320084,-0.6584015846980488,0.4338837391175582,-0.900968867902419,0.7485107481711013,-0.663122658240795,6.792,6.083,7.1113333333333335,1.1381108616182969,26.647447083333333,36.14688291666666,50.01540083333333,105.43984708333332,0.175467375,16.958,3,2
2021-05-14,8.125,London Marylebone Road,London,Westminster,Greater London,Greater London Urban Area,Urban Traffic,51.52253,-0.154611,England,London Central,0,2,1,1,2021,5,14,4,134,19,2,0,1,8,18,Spring,1,0.4999999999999999,-0.8660254037844387,0.741222010848596,-0.6712599575675313,-0.433883739117558,-0.9009688679024191,0.7485107481711013,-0.663122658240795,8.375,6.792,7.764,0.8510070504996923,45.93925294117647,10.13411625,31.5124225,47.05118166666667,0.2257772916666666,11.203,4,2
2021-05-15,9.875,London Marylebone Road,London,Westminster,Greater London,Greater London Urban Area,Urban Traffic,51.52253,-0.154611,England,London Central,0,2,1,1,2021,5,15,5,135,19,2,1,0,8,18,Spring,1,0.4999999999999999,-0.8660254037844387,0.7295575540864875,-0.6839194216246106,-0.9749279121818236,-0.2225209339563146,0.7485107481711013,-0.663122658240795,8.125,7.292,8.791666666666666,0.9464847243001244,49.09422,35.721365,46.74123375,101.51322875,0.2382057916666666,11.333,5,2
2021-05-16,6.042,London Marylebone Road,London,Westminster,Greater London,Greater London Urban Area,Urban Traffic,51.52253,-0.154611,England,London Central,0,2,1,1,2021,5,16,6,136,19,2,1,0,8,18,Spring,1,0.4999999999999999,-0.8660254037844387,0.717676913675962,-0.6963762255968722,-0.7818314824680299,0.6234898018587334,0.7485107481711013,-0.663122658240795,9.875,6.0,8.014,1.9189093256327088,30.46696434782609,27.073172916666667,38.29001125,79.80163166666667,0.229015875,13.0,6,2
2021-05-17,6.542,London Marylebone Road,London,Westminster,Greater London,Greater London Urban Area,Urban Traffic,51.52253,-0.154611,England,London Central,0,2,1,1,2021,5,17,0,137,20,2,0,1,8,18,Spring,1,0.4999999999999999,-0.8660254037844387,0.705583610107178,-0.7086266782644596,0.0,1.0,0.6631226582407952,-0.7485107481711012,6.042,5.833,7.486333333333333,2.083697754793993,26.226825,26.61344625,41.643537083333335,82.45025166666666,0.4401341666666666,10.29,0,2
2021-05-18,6.333,London Marylebone Road,London,Westminster,Greater London,Greater London Urban Area,Urban Traffic,51.52253,-0.154611,England,London Central,0,2,1,1,2021,5,18,1,138,20,2,0,1,8,18,Spring,1,0.4999999999999999,-0.8660254037844387,0.6932812268869777,-0.7206671495538609,0.7818314824680298,0.6234898018587336,0.6631226582407952,-0.7485107481711012,6.542,6.167,6.305666666666667,0.251118166076393,16.609350833333334,63.59315208333334,56.45834333333334,153.96648291666668,0.2632565416666667,16.0,1,2
2021-05-19,7.583,London Marylebone Road,London,Westminster,Greater London,Greater London Urban Area,Urban Traffic,51.52253,-0.154611,England,London Central,0,2,1,1,2021,5,19,2,139,20,2,0,1,8,18,Spring,1,0.4999999999999999,-0.8660254037844387,0.6807734094770161,-0.7324940716135789,0.9749279121818236,-0.2225209339563143,0.6631226582407952,-0.7485107481711012,6.333,6.792,6.819333333333333,0.6695598056436428,38.48305666666666,18.9575575,37.66136,66.72921083333334,0.5605278333333333,9.042,2,2
2021-05-20,7.125,London Marylebone Road,London,Westminster,Greater London,Greater London Urban Area,Urban Traffic,51.52253,-0.154611,England,London Central,0,2,1,1,2021,5,20,3,140,20,2,0,1,8,18,Spring,1,0.4999999999999999,-0.8660254037844387,0.6680638642135335,-0.7441039398713607,0.4338837391175582,-0.900968867902419,0.6631226582407952,-0.7485107481711012,7.583,8.375,7.0136666666666665,0.6323933375151463,25.891185909090908,61.49806791666666,48.26961458333333,142.56533625,0.2543692916666666,20.229,3,2
2021-05-21,9.458,London Marylebone Road,London,Westminster,Greater London,Greater London Urban Area,Urban Traffic,51.52253,-0.154611,England,London Central,0,2,1,1,2021,5,21,4,141,20,2,0,1,8,18,Spring,1,0.4999999999999999,-0.8660254037844387,0.6551563572090853,-0.7554933140726803,-0.433883739117558,-0.9009688679024191,0.6631226582407952,-0.7485107481711012,7.125,8.125,8.055333333333333,1.2361417124802103,36.54972291666667,49.86378666666667,43.11199208333333,119.5687325,0.1910698333333333,17.188,4,2
2021-05-22,7.417,London Marylebone Road,London,Westminster,Greater London,Greater London Urban Area,Urban Traffic,51.52253,-0.154611,England,London Central,0,2,1,1,2021,5,22,5,142,20,2,1,0,8,18,Spring,1,0.4999999999999999,-0.8660254037844387,0.6420547132365637,-0.766658819300159,-0.9749279121818236,-0.2225209339563146,0.6631226582407952,-0.7485107481711012,9.458,9.875,8.0,1.2710778890375587,28.375667916666668,29.916105416666667,41.65337041666667,87.52409125000001,0.4934210833333333,9.813,5,2
2021-05-23,5.833,London Marylebone Road,London,Westminster,Greater London,Greater London Urban Area,Urban Traffic,51.52253,-0.154611,England,London Central,0,2,1,1,2021,5,23,6,143,20,2,1,0,8,18,Spring,1,0.4999999999999999,-0.8660254037844387,0.6287628145958344,-0.777597146973627,-0.7818314824680299,0.6234898018587334,0.6631226582407952,-0.7485107481711012,7.417,6.042,7.569333333333333,1.8172947843796623,40.89244791666667,28.84626375,40.99760458333333,85.22792708333334,0.2694543333333333,,6,2
2021-05-24,4.708,London Marylebone Road,London,Westminster,Greater London,Greater London Urban Area,Urban Traffic,51.52253,-0.154611,England,London Central,0,2,1,1,2021,5,24,0,144,21,2,0,1,8,18,Spring,1,0.4999999999999999,-0.8660254037844387,0.6152845999633276,-0.7883050558305255,0.0,1.0,0.5680647467311558,-0.8229838658936564,5.833,6.542,5.986,1.3609654661306607,33.4931125,48.84685083333334,55.35537583333333,130.25283583333334,0.3427479583333333,,0,2
2021-05-25,6.82,London Marylebone Road,London,Westminster,Greater London,Greater London Urban Area,Urban Traffic,51.52253,-0.154611,England,London Central,0,2,1,1,2021,5,25,1,145,21,2,0,1,8,18,Spring,1,0.4999999999999999,-0.8660254037844387,0.6016240632249226,-0.7987793728863649,0.7818314824680298,0.6234898018587336,0.5680647467311558,-0.8229838658936564,4.708,6.333,5.787,1.056751153299704,23.01430208333333,47.69618333333333,48.72997708333333,121.863105,0.3198940416666667,13.646,1,2
2021-05-26,6.458,London Marylebone Road,London,Westminster,Greater London,Greater London Urban Area,Urban Traffic,51.52253,-0.154611,England,London Central,0,2,1,1,2021,5,26,2,146,21,2,0,1,8,18,Spring,1,0.4999999999999999,-0.8660254037844387,0.5877852522924732,-0.8090169943749473,0.9749279121818236,-0.2225209339563143,0.5680647467311558,-0.8229838658936564,6.82,7.583,5.995333333333334,1.1294606382400318,32.206302916666665,26.603697083333333,39.46755916666667,80.259325,0.498935625,,2,2
2021-05-27,10.083,London Marylebone Road,London,Westminster,Greater London,Greater London Urban Area,Urban Traffic,51.52253,-0.154611,England,London Central,0,2,1,1,2021,5,27,3,147,21,2,0,1,8,18,Spring,1,0.4999999999999999,-0.8660254037844387,0.5737722679043246,-0.8190148866680801,0.4338837391175582,-0.900968867902419,0.5680647467311558,-0.8229838658936564,6.458,7.125,7.787,1.9966153860972276,30.641618750000003,35.20135208333333,54.90976375,108.88441541666668,0.51428375,15.354,3,2
2021-05-28,14.417,London Marylebone Road,London,Westminster,Greater London,Greater London Urban Area,Urban Traffic,51.52253,-0.154611,England,London Central,0,2,1,1,2021,5,28,4,148,21,2,0,1,8,18,Spring,1,0.4999999999999999,-0.8660254037844387,0.5595892624101765,-0.8287700871745038,-0.433883739117558,-0.9009688679024191,0.5680647467311558,-0.8229838658936564,10.083,9.458,10.319333333333333,3.984759758546733,24.024625416666662,42.43185041666667,67.68091666666668,132.74218,0.258933,,4,2
2021-05-29,11.292,London Marylebone Road,London,Westminster,Greater London,Greater London Urban Area,Urban Traffic,51.52253,-0.154611,England,London Central,0,2,1,1,2021,5,29,5,149,21,2,1,0,8,18,Spring,1,0.4999999999999999,-0.8660254037844387,0.545240438540651,-0.8382797052177744,-0.9749279121818236,-0.2225209339563146,0.5680647467311558,-0.8229838658936564,14.417,7.417,11.930666666666667,2.236472743704552,43.77859041666667,20.96172625,44.815929583333336,76.95679541666667,0.1872714166666666,,5,2
2021-05-30,10.75,London Marylebone Road,London,Westminster,Greater London,Greater London Urban Area,Urban Traffic,51.52253,-0.154611,England,London Central,0,2,1,1,2021,5,30,6,150,21,2,1,0,8,18,Spring,1,0.4999999999999999,-0.8660254037844387,0.5307300481619334,-0.8475409228928311,-0.7818314824680299,0.6234898018587334,0.5680647467311558,-0.8229838658936564,11.292,5.833,12.153,1.9793213483414016,58.35066458333333,13.47387125,28.681451666666664,49.34109916666667,0.110623,,6,2
2021-05-31,13.125,London Marylebone Road,London,Westminster,Greater London,Greater London Urban Area,Urban Traffic,51.52253,-0.154611,England,London Central,0,2,1,1,2021,5,31,0,151,22,2,0,1,8,18,Spring,1,0.4999999999999999,-0.8660254037844387,0.5160623910158528,-0.8565509959010036,0.0,1.0,0.464723172043769,-0.8854560256532096,10.75,4.708,11.722333333333331,1.2446068991185022,54.28014826086957,13.52095875,36.42915375,57.161,,,0,2
2021-06-01,12.385,London Marylebone Road,London,Westminster,Greater London,Greater London Urban Area,Urban Traffic,51.52253,-0.154611,England,London Central,0,2,1,1,2021,6,1,1,152,22,2,0,1,8,18,Summer,2,1.2246467991473532e-16,-1.0,0.5012418134457758,-0.865307254363206,0.7818314824680298,0.6234898018587336,0.464723172043769,-0.8854560256532096,13.125,6.82,12.086666666666666,1.215281174598439,63.07916761904762,16.78368,48.94347166666666,74.67808916666667,,,1,2
2021-06-02,9.247,London Marylebone Road,London,Westminster,Greater London,Greater London Urban Area,Urban Traffic,51.52253,-0.154611,England,London Central,0,2,1,1,2021,6,2,2,153,22,2,0,1,8,18,Summer,2,1.2246467991473532e-16,-1.0,0.48627270710869,-0.8738071036110808,0.9749279121818236,-0.2225209339563143,0.464723172043769,-0.8854560256532096,12.385,6.458,11.585666666666668,2.058864088115915,58.88909041666667,21.209589166666667,60.885755,93.40667083333334,,,2,2
2021-06-03,11.59,London Marylebone Road,London,Westminster,Greater London,Greater London Urban Area,Urban Traffic,51.52253,-0.154611,England,London Central,0,2,1,1,2021,6,3,3,154,22,2,0,1,8,18,Summer,2,1.2246467991473532e-16,-1.0,0.4711595076738638,-0.8820480249558537,0.4338837391175582,-0.900968867902419,0.464723172043769,-0.8854560256532096,9.247,10.083,11.074,1.631396027946636,38.17954291666667,30.49120083333333,48.45710916666667,95.20963375,,,3,2
2021-06-04,6.375,London Marylebone Road,London,Westminster,Greater London,Greater London Urban Area,Urban Traffic,51.52253,-0.154611,England,London Central,0,2,1,1,2021,6,4,4,155,22,2,0,1,8,18,Summer,2,1.2246467991473532e-16,-1.0,0.4559066935084588,-0.8900275764346767,-0.433883739117558,-0.9009688679024191,0.464723172043769,-0.8854560256532096,11.59,14.417,9.070666666666668,2.611967904345966,28.835095,9.86137625,22.91233791666667,38.0329025,,,4,2
2021-06-05,6.862,London Marylebone Road,London,Westminster,Greater London,Greater London Urban Area,Urban Traffic,51.52253,-0.154611,England,London Central,0,2,1,1,2021,6,5,5,156,22,2,1,0,8,18,Summer,2,1.2246467991473532e-16,-1.0,0.440518784350495,-0.8977433935342337,-0.9749279121818236,-0.2225209339563146,0.464723172043769,-0.8854560256532096,6.375,11.292,8.275666666666668,2.880606938360991,25.01277,9.22405,15.45126,29.5946,,,5,2
2021-06-06,5.458,London Marylebone Road,London,Westminster,Greater London,Greater London Urban Area,Urban Traffic,51.52253,-0.154611,England,London Central,0,2,1,1,2021,6,6,6,157,22,2,1,0,8,18,Summer,2,1.2246467991473532e-16,-1.0,0.4250003399695541,-0.9051931898913974,-0.7818314824680299,0.6234898018587334,0.464723172043769,-0.8854560256532096,6.862,10.75,6.2316666666666665,0.7128901271118463,27.282522173913044,25.453926666666664,36.18783,75.21664,,,6,2
2021-06-07,6.292,London Marylebone Road,London,Westminster,Greater London,Greater London Urban Area,Urban Traffic,51.52253,-0.154611,England,London Central,0,2,1,1,2021,6,7,0,158,23,2,0,1,8,18,Summer,2,1.2246467991473532e-16,-1.0,0.4093559588156213,-0.9123747579707272,0.0,1.0,0.3546048870425358,-0.9350162426854148,5.458,13.125,6.204000000000001,0.7061246348911869,28.448427916666663,34.57085173913043,43.177740434782606,96.18564217391304,,,0,2
2021-06-08,7.364,London Marylebone Road,London,Westminster,Greater London,Greater London Urban Area,Urban Traffic,51.52253,-0.154611,England,London Central,0,2,1,1,2021,6,8,1,159,23,2,0,1,8,18,Summer,2,1.2246467991473532e-16,-1.0,0.3935902766564667,-0.9192859697186104,0.7818314824680298,0.6234898018587336,0.3546048870425358,-0.9350162426854148,6.292,12.385,6.371333333333333,0.9554733556376858,28.66047125,34.92378291666667,47.29216125,100.841215,,,1,2
2021-06-09,6.151,London Marylebone Road,London,Westminster,Greater London,Greater London Urban Area,Urban Traffic,51.52253,-0.154611,England,London Central,0,2,1,1,2021,6,9,2,160,23,2,0,1,8,18,Summer,2,1.2246467991473532e-16,-1.0,0.3777079652039649,-0.9259247771938498,0.9749279121818236,-0.2225209339563143,0.3546048870425358,-0.9350162426854148,7.364,9.247,6.602333333333333,0.6633794791320671,26.294071739130437,40.14679869565217,50.66175782608696,112.2193247826087,,,2,2
2021-06-10,7.615,London Marylebone Road,London,Westminster,Greater London,Greater London Urban Area,Urban Traffic,51.52253,-0.154611,England,London Central,0,2,1,1,2021,6,10,3,161,23,2,0,1,8,18,Summer,2,1.2246467991473532e-16,-1.0,0.3617137307297676,-0.9322892131745132,0.4338837391175582,-0.900968867902419,0.3546048870425358,-0.9350162426854148,6.151,11.59,7.043333333333333,0.7829076148138542,12.596472083333332,52.084435000000006,35.84031708333333,115.70200291666669,,,3,2
2021-06-11,5.146,London Marylebone Road,London,Westminster,Greater London,Greater London Urban Area,Urban Traffic,51.52253,-0.154611,England,London Central,0,2,1,1,2021,6,11,4,162,23,2,0,1,8,18,Summer,2,1.2246467991473532e-16,-1.0,0.3456123126707335,-0.938377391740864,-0.433883739117558,-0.9009688679024191,0.3546048870425358,-0.9350162426854148,7.615,6.375,6.303999999999999,1.2415905122061015,14.98438125,44.087095833333336,34.26411708333333,101.86338958333332,,,4,2
2021-06-12,8.075,London Marylebone Road,London,Westminster,Greater London,Greater London Urban Area,Urban Traffic,51.52253,-0.154611,England,London Central,0,2,1,1,2021,6,12,5,163,23,2,1,0,8,18,Summer,2,1.2246467991473532e-16,-1.0,0.3294084822245304,-0.9441875088341992,-0.9749279121818236,-0.2225209339563146,0.3546048870425358,-0.9350162426854148,5.146,6.862,6.945333333333333,1.575150892242874,43.54090791666667,9.18559375,24.85424958333333,38.93862958333333,,,5,2
2021-06-13,9.456,London Marylebone Road,London,Westminster,Greater London,Greater London Urban Area,Urban Traffic,51.52253,-0.154611,England,London Central,0,2,1,1,2021,6,13,6,164,23,2,1,0,8,18,Summer,2,1.2246467991473532e-16,-1.0,0.3131070409358269,-0.9497178427914316,-0.7818314824680299,0.6234898018587334,0.3546048870425358,-0.9350162426854148,8.075,5.458,7.559,2.2008446105984327,48.97988291666667,13.510184166666669,37.98242041666666,58.697743333333335,,,6,2
2021-06-14,7.657,London Marylebone Road,London,Westminster,Greater London,Greater London Urban Area,Urban Traffic,51.52253,-0.154611,England,London Central,0,2,1,1,2021,6,14,0,165,24,2,0,1,8,18,Summer,2,1.2246467991473532e-16,-1.0,0.2967128192734907,-0.9549667548552552,0.0,1.0,0.2393156642875576,-0.970941817426052,9.456,6.292,8.395999999999999,0.9414780932130812,46.20461458333333,16.068815416666666,34.84039875,59.47890458333333,,,0,2
2021-06-15,7.071,London Marylebone Road,London,Westminster,Greater London,Greater London Urban Area,Urban Traffic,51.52253,-0.154611,England,London Central,0,2,1,1,2021,6,15,1,166,24,2,0,1,8,18,Summer,2,1.2246467991473532e-16,-1.0,0.2802306751992159,-0.9599326896597448,0.7818314824680298,0.6234898018587336,0.2393156642875576,-0.970941817426052,7.657,7.364,8.061333333333332,1.2428476710093976,40.48915041666667,17.30804125,36.66656416666667,63.20519041666666,,,1,2
2021-06-16,8.452,London Marylebone Road,London,Westminster,Greater London,Greater London Urban Area,Urban Traffic,51.52253,-0.154611,England,London Central,0,2,1,1,2021,6,16,2,167,24,2,0,1,8,18,Summer,2,1.2246467991473532e-16,-1.0,0.263665492728007,-0.9646141756912436,0.9749279121818236,-0.2225209339563143,0.2393156642875576,-0.970941817426052,7.071,6.151,7.726666666666667,0.6931308197833188,32.16640928571429,44.45447708333333,62.88634083333333,131.04892208333334,,,2,2
2021-06-17,11.031,London Marylebone Road,London,Westminster,Greater London,Greater London Urban Area,Urban Traffic,51.52253,-0.154611,England,London Central,0,2,1,1,2021,6,17,3,168,24,2,0,1,8,18,Summer,2,1.2246467991473532e-16,-1.0,0.2470221804809355,-0.9690098257244062,0.4338837391175582,-0.900968867902419,0.2393156642875576,-0.970941817426052,8.452,7.615,8.851333333333335,2.009975207143973,29.98189315789474,9.401174736842105,24.15308157894737,38.56801631578948,,,3,2
2021-06-18,7.849,London Marylebone Road,London,Westminster,Greater London,Greater London Urban Area,Urban Traffic,51.52253,-0.154611,England,London Central,0,2,1,1,2021,6,18,4,169,24,2,0,1,8,18,Summer,2,1.2246467991473532e-16,-1.0,0.2303056702306122,-0.973118337233262,-0.433883739117558,-0.9009688679024191,0.2393156642875576,-0.970941817426052,11.031,5.146,9.110666666666669,1.6901663626203922,32.53898181818182,8.932672727272728,18.412889090909093,32.109460909090906,,,4,2
2021-06-19,4.667,London Marylebone Road,London,Westminster,Greater London,Greater London Urban Area,Urban Traffic,51.52253,-0.154611,England,London Central,0,2,1,1,2021,6,19,5,170,24,2,1,0,8,18,Summer,2,1.2246467991473532e-16,-1.0,0.2135209154397961,-0.9769384927771816,-0.9749279121818236,-0.2225209339563146,0.2393156642875576,-0.970941817426052,7.849,8.075,7.849,3.1820000000000257,32.71354291666667,10.131497083333333,22.62668791666667,38.16143208333333,,,5,2
2021-06-20,5.146,London Marylebone Road,London,Westminster,Greater London,Greater London Urban Area,Urban Traffic,51.52253,-0.154611,England,London Central,0,2,1,1,2021,6,20,6,171,24,2,1,0,8,18,Summer,2,1.2246467991473532e-16,-1.0,0.1966728897935764,-0.980469160361632,-0.7818314824680299,0.6234898018587334,0.2393156642875576,-0.970941817426052,4.667,9.456,5.887333333333333,1.715652159772944,34.95801045454545,4.042294166666666,14.050324166666668,20.24842125,,,6,2
2021-06-21,4.958,London Marylebone Road,London,Westminster,Greater London,Greater London Urban Area,Urban Traffic,51.52253,-0.154611,England,London Central,0,2,1,1,2021,6,21,0,172,25,2,0,1,8,18,Summer,2,1.2246467991473532e-16,-1.0,0.1797665857255624,-0.9837092937736096,0.0,1.0,0.120536680255323,-0.992708874098054,5.146,7.657,4.923666666666667,0.2413386279351132,44.90551863636364,3.217366666666667,16.321884166666667,21.255111666666668,,,0,2
2021-06-22,4.792,London Marylebone Road,London,Westminster,Greater London,Greater London Urban Area,Urban Traffic,51.52253,-0.154611,England,London Central,0,2,1,1,2021,6,22,1,173,25,2,0,1,8,18,Summer,2,1.2246467991473532e-16,-1.0,0.1628070129385171,-0.986657932891657,0.7818314824680298,0.6234898018587336,0.120536680255323,-0.992708874098054,4.958,7.071,4.965333333333334,0.177113899323575,43.70167333333333,4.432570416666667,14.709917083333332,21.50643125,,,1,2
2021-06-23,7.208,London Marylebone Road,London,Westminster,Greater London,Greater London Urban Area,Urban Traffic,51.52253,-0.154611,England,London Central,0,2,1,1,2021,6,23,2,174,25,2,0,1,8,18,Summer,2,1.2246467991473532e-16,-1.0,0.1457991969198751,-0.9893142039703664,0.9749279121818236,-0.2225209339563143,0.120536680255323,-0.992708874098054,4.792,8.452,5.652666666666666,1.3495129985789591,39.194340454545454,10.26933318181818,30.202267727272726,45.94836,,,2,2
2021-06-24,11.13,London Marylebone Road,London,Westminster,Greater London,Greater London Urban Area,Urban Traffic,51.52253,-0.154611,England,London Central,0,2,1,1,2021,6,24,3,175,25,2,0,1,8,18,Summer,2,1.2246467991473532e-16,-1.0,0.1287481774525813,-0.99167731989929,0.4338837391175582,-0.900968867902419,0.120536680255323,-0.992708874098054,7.208,11.031,7.710000000000001,3.198681603411031,19.78515,27.22519708333333,41.93257625,83.677295,,,3,2
2021-06-25,5.732,London Marylebone Road,London,Westminster,Greater London,Greater London Urban Area,Urban Traffic,51.52253,-0.154611,England,London Central,0,2,1,1,2021,6,25,4,176,25,2,0,1,8,18,Summer,2,1.2246467991473532e-16,-1.0,0.1116590071216951,-0.993746580436178,-0.433883739117558,-0.9009688679024191,0.120536680255323,-0.992708874098054,11.13,7.849,8.023333333333333,2.7898346426506158,25.48883208333333,36.02889541666666,36.71175791666666,91.95529291666666,,,4,2
2021-06-26,9.456,London Marylebone Road,London,Westminster,Greater London,Greater London Urban Area,Urban Traffic,51.52253,-0.154611,England,London Central,0,2,1,1,2021,6,26,5,177,25,2,1,0,8,18,Summer,2,1.2246467991473532e-16,-1.0,0.0945367498171991,-0.9955213724144752,-0.9749279121818236,-0.2225209339563146,0.120536680255323,-0.992708874098054,5.732,4.667,8.772666666666668,2.763115874033055,31.19112875,17.428874166666667,30.38204958333333,57.10595125,,,5,2
2021-06-27,14.5,London Marylebone Road,London,Westminster,Greater London,Greater London Urban Area,Urban Traffic,51.52253,-0.154611,England,London Central,0,2,1,1,2021,6,27,6,178,25,2,1,0,8,18,Summer,2,1.2246467991473532e-16,-1.0,0.077386479233463,-0.9970011699250152,-0.7818314824680299,0.6234898018587334,0.120536680255323,-0.992708874098054,9.456,5.146,9.896,4.400529059101879,49.22103083333334,3.3199920833333336,17.33006333333333,22.4206475,,,6,2
2021-06-28,9.042,London Marylebone Road,London,Westminster,Greater London,Greater London Urban Area,Urban Traffic,51.52253,-0.154611,England,London Central,0,2,1,1,2021,6,28,0,179,26,2,0,1,8,18,Summer,2,1.2246467991473532e-16,-1.0,0.060213277365793,-0.9981855344718586,0.0,1.0,-3.216245299353273e-16,-1.0,14.5,4.958,10.999333333333333,3.0387249519055444,29.200279166666665,7.143548333333334,19.19467375,30.147959166666663,,,0,2
2021-06-29,6.417,London Marylebone Road,London,Westminster,Greater London,Greater London Urban Area,Urban Traffic,51.52253,-0.154611,England,London Central,0,2,1,1,2021,6,29,1,180,26,2,0,1,8,18,Summer,2,1.2246467991473532e-16,-1.0,0.0430222330045305,-0.99907411510223,0.7818314824680298,0.6234898018587336,-3.216245299353273e-16,-1.0,9.042,4.792,9.986333333333333,4.1234144023289,28.35765083333333,7.7654125,18.149564166666668,30.056363333333334,,,1,2
2021-06-30,4.917,London Marylebone Road,London,Westminster,Greater London,Greater London Urban Area,Urban Traffic,51.52253,-0.154611,England,London Central,0,2,1,1,2021,6,30,2,181,26,2,0,1,8,18,Summer,2,1.2246467991473532e-16,-1.0,0.025818440227133,-0.9996666485105112,0.9749279121818236,-0.2225209339563143,-3.216245299353273e-16,-1.0,6.417,7.208,6.791999999999999,2.087911636061309,34.784081666666665,10.346540833333334,21.372909583333332,37.23738458333333,,,2,2
2021-07-01,7.72,London Marylebone Road,London,Westminster,Greater London,Greater London Urban Area,Urban Traffic,51.52253,-0.154611,England,London Central,0,2,1,1,2021,7,1,3,182,26,3,0,1,8,18,Summer,2,-0.4999999999999997,-0.8660254037844388,0.0086069968886886,-0.9999629591162656,0.4338837391175582,-0.900968867902419,-3.216245299353273e-16,-1.0,4.917,11.13,6.351333333333333,1.402653319011353,37.652206666666665,12.3170875,30.6,49.4859375,,,3,3
2021-07-02,12.657,London Marylebone Road,London,Westminster,Greater London,Greater London Urban Area,Urban Traffic,51.52253,-0.154611,England,London Central,0,2,1,1,2021,7,2,4,183,26,3,0,1,8,18,Summer,2,-0.4999999999999997,-0.8660254037844388,-0.008606996888688,-0.9999629591162656,-0.433883739117558,-0.9009688679024191,-3.216245299353273e-16,-1.0,7.72,5.732,8.431333333333333,3.9187238143729215,22.92560375,52.43857083333333,58.16390625,138.53671875,,,4,3
2021-07-03,6.13,London Marylebone Road,London,Westminster,Greater London,Greater London Urban Area,Urban Traffic,51.52253,-0.154611,England,London Central,0,2,1,1,2021,7,3,5,184,26,3,1,0,8,18,Summer,2,-0.4999999999999997,-0.8660254037844388,-0.0258184402271323,-0.9996666485105112,-0.9749279121818236,-0.2225209339563146,-3.216245299353273e-16,-1.0,12.657,9.456,8.835666666666667,3.403522635936692,29.81076875,27.627695,34.3453125,76.6753125,,,5,3
2021-07-04,4.958,London Marylebone Road,London,Westminster,Greater London,Greater London Urban Area,Urban Traffic,51.52253,-0.154611,England,London Central,0,2,1,1,2021,7,4,6,185,26,3,1,0,8,18,Summer,2,-0.4999999999999997,-0.8660254037844388,-0.0430222330045303,-0.99907411510223,-0.7818314824680299,0.6234898018587334,-3.216245299353273e-16,-1.0,6.13,14.5,7.914999999999999,4.148291093932556,21.59513708333333,31.489127916666664,29.46046875,77.7590625,,,6,3
2021-07-05,4.749,London Marylebone Road,London,Westminster,Greater London,Greater London Urban Area,Urban Traffic,51.52253,-0.154611,England,London Central,0,2,1,1,2021,7,5,0,186,27,3,0,1,8,18,Summer,2,-0.4999999999999997,-0.8660254037844388,-0.0602132773657927,-0.9981855344718586,0.0,1.0,-0.1205366802553228,-0.992708874098054,4.958,9.042,5.278999999999999,0.7443594561771113,17.711837499999998,82.72717250000001,56.6578125,183.5203125,,,0,3
2021-07-06,4.271,London Marylebone Road,London,Westminster,Greater London,Greater London Urban Area,Urban Traffic,51.52253,-0.154611,England,London Central,0,2,1,1,2021,7,6,1,187,27,3,0,1,8,18,Summer,2,-0.4999999999999997,-0.8660254037844388,-0.0773864792334632,-0.9970011699250152,0.7818314824680298,0.6234898018587336,-0.1205366802553228,-0.992708874098054,4.749,6.417,4.659333333333333,0.3521680470083103,20.642479565217396,70.64395375,49.0875,157.39875,0.6306083333333333,,1,3
2021-07-07,5.962,London Marylebone Road,London,Westminster,Greater London,Greater London Urban Area,Urban Traffic,51.52253,-0.154611,England,London Central,0,2,1,1,2021,7,7,2,188,27,3,0,1,8,18,Summer,2,-0.4999999999999997,-0.8660254037844388,-0.0945367498171993,-0.9955213724144752,0.9749279121818236,-0.2225209339563143,-0.1205366802553228,-0.992708874098054,4.271,4.917,4.994,0.8717161235174549,19.063273478260868,77.50835590909091,48.64704545454545,167.47414772727274,0.6327173913043478,,2,3
2021-07-08,6.967,London Marylebone Road,London,Westminster,Greater London,Greater London Urban Area,Urban Traffic,51.52253,-0.154611,England,London Central,0,2,1,1,2021,7,8,3,189,27,3,0,1,8,18,Summer,2,-0.4999999999999997,-0.8660254037844388,-0.1116590071216944,-0.993746580436178,0.4338837391175582,-0.900968867902419,-0.1205366802553228,-0.992708874098054,5.962,7.72,5.733333333333332,1.3624684705833003,16.14022375,101.1872125,70.2365625,225.36421875,0.7106470833333334,,3,3
2021-07-09,7.51,London Marylebone Road,London,Westminster,Greater London,Greater London Urban Area,Urban Traffic,51.52253,-0.154611,England,London Central,0,2,1,1,2021,7,9,4,190,27,3,0,1,8,18,Summer,2,-0.4999999999999997,-0.8660254037844388,-0.1287481774525806,-0.99167731989929,-0.433883739117558,-0.9009688679024191,-0.1205366802553228,-0.992708874098054,6.967,12.657,6.812999999999999,0.7854062642990668,13.778645416666668,109.55451666666666,71.02546875,238.99875,0.7824394166666666,,4,3
2021-07-10,5.795,London Marylebone Road,London,Westminster,Greater London,Greater London Urban Area,Urban Traffic,51.52253,-0.154611,England,London Central,0,2,1,1,2021,7,10,5,191,27,3,1,0,8,18,Summer,2,-0.4999999999999997,-0.8660254037844388,-0.1457991969198744,-0.9893142039703664,-0.9749279121818236,-0.2225209339563146,-0.1205366802553228,-0.992708874098054,7.51,6.13,6.7573333333333325,0.8765137382457571,16.248324166666666,37.92831416666667,41.95546875,100.0875,0.6150856666666666,,5,3
2021-07-11,7.646,London Marylebone Road,London,Westminster,Greater London,Greater London Urban Area,Urban Traffic,51.52253,-0.154611,England,London Central,0,2,1,1,2021,7,11,6,192,27,3,1,0,8,18,Summer,2,-0.4999999999999997,-0.8660254037844388,-0.1628070129385164,-0.9866579328916572,-0.7818314824680299,0.6234898018587334,-0.1205366802553228,-0.992708874098054,5.795,4.958,6.983666666666665,1.031659019896371,22.7010875,26.73899375,34.265625,75.256875,0.5573607500000001,,6,3
2021-07-12,4.438,London Marylebone Road,London,Westminster,Greater London,Greater London Urban Area,Urban Traffic,51.52253,-0.154611,England,London Central,0,2,1,1,2021,7,12,0,193,28,3,0,1,8,18,Summer,2,-0.4999999999999997,-0.8660254037844388,-0.1797665857255621,-0.9837092937736098,0.0,1.0,-0.2393156642875574,-0.970941817426052,7.646,4.749,5.959666666666666,1.6103267784315052,19.175350833333333,20.45572,36.178125,67.55109374999999,0.4254180833333333,,0,3
2021-07-13,5.962,London Marylebone Road,London,Westminster,Greater London,Greater London Urban Area,Urban Traffic,51.52253,-0.154611,England,London Central,0,2,1,1,2021,7,13,1,194,28,3,0,1,8,18,Summer,2,-0.4999999999999997,-0.8660254037844388,-0.1966728897935762,-0.980469160361632,0.7818314824680298,0.6234898018587336,-0.2393156642875574,-0.970941817426052,4.438,4.271,6.015333333333333,1.604664866361069,38.19270875,7.421435,20.39203125,31.7634375,0.3337373333333333,,1,3
2021-07-14,5.146,London Marylebone Road,London,Westminster,Greater London,Greater London Urban Area,Urban Traffic,51.52253,-0.154611,England,London Central,0,2,1,1,2021,7,14,2,195,28,3,0,1,8,18,Summer,2,-0.4999999999999997,-0.8660254037844388,-0.2135209154397959,-0.9769384927771816,0.9749279121818236,-0.2225209339563143,-0.2393156642875574,-0.970941817426052,5.962,5.962,5.181999999999999,0.7626375285811022,32.87583133333333,7.821610416666666,17.451562499999998,29.44453125,0.3560511666666666,,2,3
2021-07-15,4.1,London Marylebone Road,London,Westminster,Greater London,Greater London Urban Area,Urban Traffic,51.52253,-0.154611,England,London Central,0,2,1,1,2021,7,15,3,196,28,3,0,1,8,18,Summer,2,-0.4999999999999997,-0.8660254037844388,-0.2303056702306119,-0.973118337233262,0.4338837391175582,-0.900968867902419,-0.2393156642875574,-0.970941817426052,5.146,6.967,5.069333333333333,0.9333645232885328,,8.289347916666667,15.148593750000002,27.83484375,0.3482898333333333,,3,3
2021-07-16,8.125,London Marylebone Road,London,Westminster,Greater London,Greater London Urban Area,Urban Traffic,51.52253,-0.154611,England,London Central,0,2,1,1,2021,7,16,4,197,28,3,0,1,8,18,Summer,2,-0.4999999999999997,-0.8660254037844388,-0.2470221804809352,-0.9690098257244064,-0.433883739117558,-0.9009688679024191,-0.2393156642875574,-0.970941817426052,4.1,7.51,5.790333333333333,2.088427718005485,,7.03165375,18.14484375,28.8946875,0.4001937499999999,,4,3
2021-07-17,3.598,London Marylebone Road,London,Westminster,Greater London,Greater London Urban Area,Urban Traffic,51.52253,-0.154611,England,London Central,0,2,1,1,2021,7,17,5,198,28,3,1,0,8,18,Summer,2,-0.4999999999999997,-0.8660254037844388,-0.2636654927280072,-0.9646141756912436,-0.9749279121818236,-0.2225209339563146,-0.2393156642875574,-0.970941817426052,8.125,5.795,5.274333333333332,2.481476643721157,,10.2590425,23.91421875,39.62859375,0.4288136666666666,,5,3
2021-07-18,5.188,London Marylebone Road,London,Westminster,Greater London,Greater London Urban Area,Urban Traffic,51.52253,-0.154611,England,London Central,0,2,1,1,2021,7,18,6,199,28,3,1,0,8,18,Summer,2,-0.4999999999999997,-0.8660254037844388,-0.2802306751992161,-0.9599326896597444,-0.7818314824680299,0.6234898018587334,-0.2393156642875574,-0.970941817426052,3.598,7.646,5.6370000000000005,2.296656918218364,,16.4955425,33.0703125,58.38703125,0.5054568333333334,,6,3
2021-07-19,9.205,London Marylebone Road,London,Westminster,Greater London,Greater London Urban Area,Urban Traffic,51.52253,-0.154611,England,London Central,0,2,1,1,2021,7,19,0,200,29,3,0,1,8,18,Summer,2,-0.4999999999999997,-0.8660254037844388,-0.2967128192734901,-0.9549667548552552,0.0,1.0,-0.3546048870425356,-0.9350162426854148,5.188,4.438,5.997,2.8897184984008835,,17.78758260869565,41.01896739130434,68.30119565217392,0.4373342608695652,,0,3
2021-07-20,9.375,London Marylebone Road,London,Westminster,Greater London,Greater London Urban Area,Urban Traffic,51.52253,-0.154611,England,London Central,0,2,1,1,2021,7,20,1,201,29,3,0,1,8,18,Summer,2,-0.4999999999999997,-0.8660254037844388,-0.3131070409358267,-0.9497178427914316,0.7818314824680298,0.6234898018587336,-0.3546048870425356,-0.9350162426854148,9.205,5.962,7.922666666666667,2.369815674969997,,27.69006,58.81734375,101.29078125,0.4603440833333334,,1,3
2021-07-21,13.389,London Marylebone Road,London,Westminster,Greater London,Greater London Urban Area,Urban Traffic,51.52253,-0.154611,England,London Central,0,2,1,1,2021,7,21,2,202,29,3,0,1,8,18,Summer,2,-0.4999999999999997,-0.8660254037844388,-0.3294084822245302,-0.9441875088341994,0.9749279121818236,-0.2225209339563143,-0.3546048870425356,-0.9350162426854148,9.375,5.146,10.656333333333333,2.3680847394747886,,14.186681739130435,46.016413043478266,67.76902173913044,0.372544,,2,3
2021-07-22,11.674,London Marylebone Road,London,Westminster,Greater London,Greater London Urban Area,Urban Traffic,51.52253,-0.154611,England,London Central,0,2,1,1,2021,7,22,3,203,29,3,0,1,8,18,Summer,2,-0.4999999999999997,-0.8660254037844388,-0.3456123126707333,-0.9383773917408642,0.4338837391175582,-0.900968867902419,-0.3546048870425356,-0.9350162426854148,13.389,4.1,11.479333333333336,2.014068105435697,40.34384307692308,20.33099,46.9040625,78.06984375,,,3,3
2021-07-23,7.708,London Marylebone Road,London,Westminster,Greater London,Greater London Urban Area,Urban Traffic,51.52253,-0.154611,England,London Central,0,2,1,1,2021,7,23,4,204,29,3,0,1,8,18,Summer,2,-0.4999999999999997,-0.8660254037844388,-0.3617137307297674,-0.9322892131745134,-0.433883739117558,-0.9009688679024191,-0.3546048870425356,-0.9350162426854148,11.674,8.125,10.923666666666668,2.9138789153520714,37.20317416666666,17.755044347826086,27.465163043478263,54.63097826086957,,,4,3
2021-07-24,11.423,London Marylebone Road,London,Westminster,Greater London,Greater London Urban Area,Urban Traffic,51.52253,-0.154611,England,London Central,0,2,1,1,2021,7,24,5,205,29,3,1,0,8,18,Summer,2,-0.4999999999999997,-0.8660254037844388,-0.3777079652039646,-0.92592477719385,-0.9749279121818236,-0.2225209339563146,-0.3546048870425356,-0.9350162426854148,7.708,3.598,10.268333333333333,2.220862520133427,38.0679775,8.709088823529411,21.33,34.706250000000004,,,5,3
2021-07-25,10.083,London Marylebone Road,London,Westminster,Greater London,Greater London Urban Area,Urban Traffic,51.52253,-0.154611,England,London Central,0,2,1,1,2021,7,25,6,206,29,3,1,0,8,18,Summer,2,-0.4999999999999997,-0.8660254037844388,-0.3935902766564664,-0.9192859697186104,-0.7818314824680299,0.6234898018587334,-0.3546048870425356,-0.9350162426854148,11.423,5.188,9.738,1.8813758263568947,36.31342458333334,,,,,,6,3
2021-07-26,7.699,London Marylebone Road,London,Westminster,Greater London,Greater London Urban Area,Urban Traffic,51.52253,-0.154611,England,London Central,0,2,1,1,2021,7,26,0,207,30,3,0,1,8,18,Summer,2,-0.4999999999999997,-0.8660254037844388,-0.4093559588156211,-0.9123747579707274,0.0,1.0,-0.464723172043768,-0.8854560256532101,10.083,9.205,9.735,1.8862322232429625,30.3246615,36.54589,55.8928125,111.945,0.564637,,0,3
2021-07-27,0.583,London Marylebone Road,London,Westminster,Greater London,Greater London Urban Area,Urban Traffic,51.52253,-0.154611,England,London Central,0,2,1,1,2021,7,27,1,208,30,3,0,1,8,18,Summer,2,-0.4999999999999997,-0.8660254037844388,-0.4250003399695539,-0.9051931898913976,0.7818314824680298,0.6234898018587336,-0.464723172043768,-0.8854560256532101,7.699,9.375,6.121666666666666,4.94251811664192,31.523744583333336,40.901045833333335,52.306875,115.04484375,0.5132181666666666,,1,3
2021-07-28,3.625,London Marylebone Road,London,Westminster,Greater London,Greater London Urban Area,Urban Traffic,51.52253,-0.154611,England,London Central,0,2,1,1,2021,7,28,2,209,30,3,0,1,8,18,Summer,2,-0.4999999999999997,-0.8660254037844388,-0.4405187843504952,-0.8977433935342336,0.9749279121818236,-0.2225209339563143,-0.464723172043768,-0.8854560256532101,0.583,13.389,3.969,3.57045039175737,18.95083458333333,48.3640575,43.174687500000005,117.3159375,0.4579186666666666,,2,3
2021-07-29,6.276,London Marylebone Road,London,Westminster,Greater London,Greater London Urban Area,Urban Traffic,51.52253,-0.154611,England,London Central,0,2,1,1,2021,7,29,3,210,30,3,0,1,8,18,Summer,2,-0.4999999999999997,-0.8660254037844388,-0.455906693508459,-0.8900275764346766,0.4338837391175582,-0.900968867902419,-0.464723172043768,-0.8854560256532101,3.625,11.674,3.494666666666667,2.848736971595256,17.87814583333333,52.56330083333333,45.20671875,125.78671875,0.6185445217391304,,3,3
2021-07-30,6.042,London Marylebone Road,London,Westminster,Greater London,Greater London Urban Area,Urban Traffic,51.52253,-0.154611,England,London Central,0,2,1,1,2021,7,30,4,211,30,3,0,1,8,18,Summer,2,-0.4999999999999997,-0.8660254037844388,-0.4711595076738639,-0.8820480249558535,-0.433883739117558,-0.9009688679024191,-0.464723172043768,-0.8854560256532101,6.276,7.708,5.314333333333333,1.467676508408316,20.015207916666665,40.92183416666666,39.32578125,102.08765625,0.5127330833333333,,4,3
2021-07-31,4.958,London Marylebone Road,London,Westminster,Greater London,Greater London Urban Area,Urban Traffic,51.52253,-0.154611,England,London Central,0,2,1,1,2021,7,31,5,212,30,3,1,0,8,18,Summer,2,-0.4999999999999997,-0.8660254037844388,-0.4862727071086902,-0.8738071036110807,-0.9749279121818236,-0.2225209339563146,-0.464723172043768,-0.8854560256532101,6.042,11.423,5.758666666666667,0.7031993553279221,21.087896666666666,36.878503333333335,46.441875,103.0040625,0.611205,,5,3
2021-08-01,4.333,London Marylebone Road,London,Westminster,Greater London,Greater London Urban Area,Urban Traffic,51.52253,-0.154611,England,London Central,0,2,1,1,2021,8,1,6,213,30,3,1,0,8,18,Summer,2,-0.8660254037844384,-0.5000000000000004,-0.5012418134457756,-0.8653072543632061,-0.7818314824680299,0.6234898018587334,-0.464723172043768,-0.8854560256532101,4.958,10.083,5.111,0.8647120908142216,24.1978625,19.946405833333333,25.723125,56.3071875,0.3371329166666667,,6,3
2021-08-02,5.5,London Marylebone Road,London,Westminster,Greater London,Greater London Urban Area,Urban Traffic,51.52253,-0.154611,England,London Central,0,2,1,1,2021,8,2,0,214,31,3,0,1,8,18,Summer,2,-0.8660254037844384,-0.5000000000000004,-0.5160623910158526,-0.8565509959010037,0.0,1.0,-0.5680647467311556,-0.8229838658936565,4.333,7.699,4.9303333333333335,0.583991723685914,23.965030833333334,34.15003458333333,44.29828125,96.66890625,0.4797474166666666,,0,3
2021-08-03,6.479,London Marylebone Road,London,Westminster,Greater London,Greater London Urban Area,Urban Traffic,51.52253,-0.154611,England,London Central,0,2,1,1,2021,8,3,1,215,31,3,0,1,8,18,Summer,2,-0.8660254037844384,-0.5000000000000004,-0.5307300481619331,-0.8475409228928312,0.7818314824680298,0.6234898018587336,-0.5680647467311556,-0.8229838658936565,5.5,0.583,5.437333333333334,1.074371599277281,32.213924166666665,31.052572916666666,47.27859375,94.891875,0.46422475,,1,3
2021-08-04,7.458,London Marylebone Road,London,Westminster,Greater London,Greater London Urban Area,Urban Traffic,51.52253,-0.154611,England,London Central,0,2,1,1,2021,8,4,2,216,31,3,0,1,8,18,Summer,2,-0.8660254037844384,-0.5000000000000004,-0.5452404385406507,-0.8382797052177745,0.9749279121818236,-0.2225209339563143,-0.5680647467311556,-0.8229838658936565,6.479,3.625,6.479,0.979000000000124,33.70129913043478,26.76814260869565,53.78282608695652,94.82673913043476,0.4864331304347826,,2,3
2021-08-05,1.417,London Marylebone Road,London,Westminster,Greater London,Greater London Urban Area,Urban Traffic,51.52253,-0.154611,England,London Central,0,2,1,1,2021,8,5,3,217,31,3,0,1,8,18,Summer,2,-0.8660254037844384,-0.5000000000000004,-0.5595892624101763,-0.828770087174504,0.4338837391175582,-0.900968867902419,-0.5680647467311556,-0.8229838658936565,7.458,6.276,5.118,3.2423233953448114,24.91298833333333,35.86507208333334,48.29859375,103.306875,0.4661650833333333,,3,3
2021-08-06,5.25,London Marylebone Road,London,Westminster,Greater London,Greater London Urban Area,Urban Traffic,51.52253,-0.154611,England,London Central,0,2,1,1,2021,8,6,4,218,31,3,0,1,8,18,Summer,2,-0.8660254037844384,-0.5000000000000004,-0.5737722679043243,-0.8190148866680802,-0.433883739117558,-0.9009688679024191,-0.5680647467311556,-0.8229838658936565,1.417,6.042,4.708333333333333,3.056709396284452,19.7075375,43.44241958333333,41.166562500000005,107.77734375,0.46422475,,4,3
2021-08-07,4.208,London Marylebone Road,London,Westminster,Greater London,Greater London Urban Area,Urban Traffic,51.52253,-0.154611,England,London Central,0,2,1,1,2021,8,7,5,219,31,3,1,0,8,18,Summer,2,-0.8660254037844384,-0.5000000000000004,-0.5877852522924734,-0.8090169943749472,-0.9749279121818236,-0.2225209339563146,-0.5680647467311556,-0.8229838658936565,5.25,4.958,3.625,1.9818902593232492,20.72201833333333,31.91009166666667,37.6921875,86.6203125,0.4346346666666666,,5,3
2021-08-08,1.799,London Marylebone Road,London,Westminster,Greater London,Greater London Urban Area,Urban Traffic,51.52253,-0.154611,England,London Central,0,2,1,1,2021,8,8,6,220,31,3,1,0,8,18,Summer,2,-0.8660254037844384,-0.5000000000000004,-0.6016240632249227,-0.7987793728863648,-0.7818314824680299,0.6234898018587334,-0.5680647467311556,-0.8229838658936565,4.208,4.333,3.752333333333333,1.7700492460193598,26.06883125,25.02915333333333,29.9146875,68.27625,0.43803025,,6,3
2021-08-09,5.542,London Marylebone Road,London,Westminster,Greater London,Greater London Urban Area,Urban Traffic,51.52253,-0.154611,England,London Central,0,2,1,1,2021,8,9,0,221,32,3,0,1,8,18,Summer,2,-0.8660254037844384,-0.5000000000000004,-0.6152845999633277,-0.7883050558305253,0.0,1.0,-0.663122658240795,-0.7485107481711013,1.799,5.5,3.8496666666666655,1.8970541197693067,15.3169975,44.00370458333333,39.83578125,107.323125,0.4341495833333333,,0,3
2021-08-10,7.083,London Marylebone Road,London,Westminster,Greater London,Greater London Urban Area,Urban Traffic,51.52253,-0.154611,England,London Central,0,2,1,1,2021,8,10,1,222,32,3,0,1,8,18,Summer,2,-0.8660254037844384,-0.5000000000000004,-0.6287628145958345,-0.7775971469736268,0.7818314824680298,0.6234898018587336,-0.663122658240795,-0.7485107481711013,5.542,6.479,4.808,2.717394156172476,14.559538636363635,46.10852333333333,44.25843750000001,114.96515625,0.4865385833333333,,1,3
2021-08-11,7.583,London Marylebone Road,London,Westminster,Greater London,Greater London Urban Area,Urban Traffic,51.52253,-0.154611,England,London Central,0,2,1,1,2021,8,11,2,223,32,3,0,1,8,18,Summer,2,-0.8660254037844384,-0.5000000000000004,-0.6420547132365636,-0.7666588193001592,0.9749279121818236,-0.2225209339563143,-0.663122658240795,-0.7485107481711013,7.083,7.458,6.736,1.0638265836123093,17.903092083333334,45.93701958333333,48.928125,119.371875,0.5161286666666667,,2,3
2021-08-12,6.667,London Marylebone Road,London,Westminster,Greater London,Greater London Urban Area,Urban Traffic,51.52253,-0.154611,England,London Central,0,2,1,1,2021,8,12,3,224,32,3,0,1,8,18,Summer,2,-0.8660254037844384,-0.5000000000000004,-0.655156357209085,-0.7554933140726804,0.4338837391175582,-0.900968867902419,-0.663122658240795,-0.7485107481711013,7.583,1.417,7.111,0.4586414721764929,14.726602916666666,52.85433749999999,42.7603125,123.79453125,0.4477319166666667,,3,3
2021-08-13,7.75,London Marylebone Road,London,Westminster,Greater London,Greater London Urban Area,Urban Traffic,51.52253,-0.154611,England,London Central,0,2,1,1,2021,8,13,4,225,32,3,0,1,8,18,Summer,2,-0.8660254037844384,-0.5000000000000004,-0.6680638642135333,-0.7441039398713608,-0.433883739117558,-0.9009688679024191,-0.663122658240795,-0.7485107481711013,6.667,5.25,7.333333333333333,0.5830714650311265,14.211047083333334,53.50397291666667,46.40203125,128.43234375,0.6276978333333333,,4,3
2021-08-14,7.125,London Marylebone Road,London,Westminster,Greater London,Greater London Urban Area,Urban Traffic,51.52253,-0.154611,England,London Central,0,2,1,1,2021,8,14,5,226,32,3,1,0,8,18,Summer,2,-0.8660254037844384,-0.5000000000000004,-0.680773409477016,-0.732494071613579,-0.9749279121818236,-0.2225209339563146,-0.663122658240795,-0.7485107481711013,7.75,4.208,7.180666666666667,0.5436417325165084,21.387251666666668,36.629043333333335,42.7603125,98.93203125,0.5132181666666666,,5,3
2021-08-15,5.314,London Marylebone Road,London,Westminster,Greater London,Greater London Urban Area,Urban Traffic,51.52253,-0.154611,England,London Central,0,2,1,1,2021,8,15,6,227,32,3,1,0,8,18,Summer,2,-0.8660254037844384,-0.5000000000000004,-0.6932812268869771,-0.7206671495538615,-0.7818314824680299,0.6234898018587334,-0.663122658240795,-0.7485107481711013,7.125,1.799,6.729666666666667,1.2652036726683855,25.717315909090907,27.26909625,37.41328125,79.23328124999999,0.4666501666666667,,6,3
2021-08-16,9.042,London Marylebone Road,London,Westminster,Greater London,Greater London Urban Area,Urban Traffic,51.52253,-0.154611,England,London Central,0,2,1,1,2021,8,16,0,228,33,3,0,1,8,18,Summer,2,-0.8660254037844384,-0.5000000000000004,-0.7055836101071774,-0.70862667826446,0.0,1.0,-0.7485107481711011,-0.6631226582407952,5.314,5.542,7.160333333333334,1.8642511454558768,35.27182826086957,11.963685833333336,27.60375,45.963750000000005,0.413291,,0,3
2021-08-17,5.042,London Marylebone Road,London,Westminster,Greater London,Greater London Urban Area,Urban Traffic,51.52253,-0.154611,England,London Central,0,2,1,1,2021,8,17,1,229,33,3,0,1,8,18,Summer,2,-0.8660254037844384,-0.5000000000000004,-0.7176769136759615,-0.6963762255968726,0.7818314824680298,0.6234898018587336,-0.7485107481711011,-0.6631226582407952,9.042,7.083,6.466,2.235023042386868,12.057354166666668,38.37526333333333,46.162968750000005,104.98828125,0.4855684166666666,,1,3
2021-08-18,4.708,London Marylebone Road,London,Westminster,Greater London,Greater London Urban Area,Urban Traffic,51.52253,-0.154611,England,London Central,0,2,1,1,2021,8,18,2,230,33,3,0,1,8,18,Summer,2,-0.8660254037844384,-0.5000000000000004,-0.7295575540864876,-0.6839194216246105,0.9749279121818236,-0.2225209339563143,-0.7485107481711011,-0.6631226582407952,5.042,7.583,6.264,2.4116077624689014,14.082700434782607,39.62075565217391,46.76478260869565,107.55733695652174,0.4920010434782609,,2,3
2021-08-19,6.5,London Marylebone Road,London,Westminster,Greater London,Greater London Urban Area,Urban Traffic,51.52253,-0.154611,England,London Central,0,2,1,1,2021,8,19,3,231,33,3,0,1,8,18,Summer,2,-0.8660254037844384,-0.5000000000000004,-0.7412220108485957,-0.6712599575675315,0.4338837391175582,-0.900968867902419,-0.7485107481711011,-0.6631226582407952,4.708,6.667,5.416666666666667,0.9529414112806917,17.728468333333335,46.711385,48.5615625,120.19265625,0.5466889166666666,,3,3
2021-08-20,3.808,London Marylebone Road,London,Westminster,Greater London,Greater London Urban Area,Urban Traffic,51.52253,-0.154611,England,London Central,0,2,1,1,2021,8,20,4,232,33,3,0,1,8,18,Summer,2,-0.8660254037844384,-0.5000000000000004,-0.7526668275320083,-0.6584015846980489,-0.433883739117558,-0.9009688679024191,-0.7485107481711011,-0.6631226582407952,6.5,7.75,5.005333333333334,1.3704091846356168,11.1260275,51.28481833333333,46.64109375,125.30859375,0.52534525,,4,3
2021-08-21,5.833,London Marylebone Road,London,Westminster,Greater London,Greater London Urban Area,Urban Traffic,51.52253,-0.154611,England,London Central,0,2,1,1,2021,8,21,5,233,33,3,1,0,8,18,Summer,2,-0.8660254037844384,-0.5000000000000004,-0.7638886127905429,-0.64534811322955,-0.9749279121818236,-0.2225209339563146,-0.7485107481711011,-0.6631226582407952,3.808,7.125,5.380333333333333,1.4019259371784367,15.998861666666665,29.60778375,39.7640625,85.14609374999999,0.4399705833333333,,5,3
2021-08-22,4.333,London Marylebone Road,London,Westminster,Greater London,Greater London Urban Area,Urban Traffic,51.52253,-0.154611,England,London Central,0,2,1,1,2021,8,22,6,234,33,3,1,0,8,18,Summer,2,-0.8660254037844384,-0.5000000000000004,-0.7748840413670406,-0.6321034111873488,-0.7818314824680299,0.6234898018587334,-0.7485107481711011,-0.6631226582407952,5.833,5.314,4.658,1.0508924778493467,26.06883125,10.4461375,23.14921875,39.1265625,0.308513,,6,3
2021-08-23,4.083,London Marylebone Road,London,Westminster,Greater London,Greater London Urban Area,Urban Traffic,51.52253,-0.154611,England,London Central,0,2,1,1,2021,8,23,0,235,34,3,0,1,8,18,Summer,2,-0.8660254037844384,-0.5000000000000004,-0.7856498550787144,-0.6186714032625032,0.0,1.0,-0.8229838658936564,-0.5680647467311559,4.333,9.042,4.749666666666667,0.9464847243002223,42.10095458333333,5.259448333333333,18.14484375,26.233125,0.3094831666666667,,0,3
2021-08-24,3.542,London Marylebone Road,London,Westminster,Greater London,Greater London Urban Area,Urban Traffic,51.52253,-0.154611,England,London Central,0,2,1,1,2021,8,24,1,236,34,3,0,1,8,18,Summer,2,-0.8660254037844384,-0.5000000000000004,-0.7961828637826154,-0.6050560696488494,0.7818314824680298,0.6234898018587336,-0.8229838658936564,-0.5680647467311559,4.083,5.042,3.986,0.4043228907697073,42.82439583333333,9.250808333333334,25.404375,39.62859375,0.3715738333333333,,1,3
2021-08-25,2.125,London Marylebone Road,London,Westminster,Greater London,Greater London Urban Area,Urban Traffic,51.52253,-0.154611,England,London Central,0,2,1,1,2021,8,25,2,237,34,3,0,1,8,18,Summer,2,-0.8660254037844384,-0.5000000000000004,-0.8064799463209447,-0.5912614448635783,0.9749279121818236,-0.2225209339563143,-0.8229838658936564,-0.5680647467311559,3.542,4.708,3.25,1.0111325333508012,39.14898166666666,7.670895000000001,20.23265625,31.96265625,0.3327671666666666,,2,3
2021-08-26,4.833,London Marylebone Road,London,Westminster,Greater London,Greater London Urban Area,Urban Traffic,51.52253,-0.154611,England,London Central,0,2,1,1,2021,8,26,3,238,34,3,0,1,8,18,Summer,2,-0.8660254037844384,-0.5000000000000004,-0.8165380514459157,-0.5772916165517278,0.4338837391175582,-0.900968867902419,-0.8229838658936564,-0.5680647467311559,2.125,6.5,3.5,1.3544884643290238,43.96360791666667,7.987917083333333,16.24828125,28.49625,0.3870965,,3,3
2021-08-27,5.208,London Marylebone Road,London,Westminster,Greater London,Greater London Urban Area,Urban Traffic,51.52253,-0.154611,England,London Central,0,2,1,1,2021,8,27,4,239,34,3,0,1,8,18,Summer,2,-0.8660254037844384,-0.5000000000000004,-0.8263541987239094,-0.5631507242749189,-0.433883739117558,-0.9009688679024191,-0.8229838658936564,-0.5680647467311559,4.833,3.808,4.0553333333333335,1.682199849403662,42.16747791666666,8.419275,19.666875,32.57625,0.4055296666666666,,4,3
2021-08-28,5.167,London Marylebone Road,London,Westminster,Greater London,Greater London Urban Area,Urban Traffic,51.52253,-0.154611,England,London Central,0,2,1,1,2021,8,28,5,240,34,3,1,0,8,18,Summer,2,-0.8660254037844384,-0.5000000000000004,-0.8359254794186365,-0.5488429582847199,-0.9749279121818236,-0.2225209339563146,-0.8229838658936564,-0.5680647467311559,5.208,5.833,5.069333333333334,0.2056947576717781,35.914284583333334,6.527536666666666,20.00953125,30.02625,0.4108655833333333,,5,3
2021-08-29,3.917,London Marylebone Road,London,Westminster,Greater London,Greater London Urban Area,Urban Traffic,51.52253,-0.154611,England,London Central,0,2,1,1,2021,8,29,6,241,34,3,1,0,8,18,Summer,2,-0.8660254037844384,-0.5000000000000004,-0.8452490573530633,-0.5343725582809785,-0.7818314824680299,0.6234898018587334,-0.8229838658936564,-0.5680647467311559,5.167,4.333,4.764,0.733809920892552,42.10927,7.4838,19.093125,30.5521875,0.4574335833333333,,6,3
2021-08-30,3.0,London Marylebone Road,London,Westminster,Greater London,Greater London Urban Area,Urban Traffic,51.52253,-0.154611,England,London Central,0,2,1,1,2021,8,30,0,242,35,3,0,1,8,18,Summer,2,-0.8660254037844384,-0.5000000000000004,-0.8543221697498269,-0.5197438121555157,0.0,1.0,-0.8854560256532096,-0.4647231720437691,3.917,4.083,4.028,1.0877559468926703,51.65061666666666,2.8999725,9.80953125,14.24015625,0.3541108333333333,,0,3
2021-08-31,3.875,London Marylebone Road,London,Westminster,Greater London,Greater London Urban Area,Urban Traffic,51.52253,-0.154611,England,London Central,0,2,1,1,2021,8,31,1,243,35,3,0,1,8,18,Summer,2,-0.8660254037844384,-0.5000000000000004,-0.8631421280499115,-0.5049610547215202,0.7818314824680298,0.6234898018587336,-0.8854560256532096,-0.4647231720437691,3.0,3.542,3.5973333333333333,0.5177319126089531,46.81579583333333,5.171097916666667,16.1765625,24.10546875,0.3744843333333333,,1,3
2021-09-01,6.417,London Marylebone Road,London,Westminster,Greater London,Greater London Urban Area,Urban Traffic,51.52253,-0.154611,England,London Central,0,2,1,1,2021,9,1,2,244,35,3,0,1,8,18,Autumn,3,-1.0,-1.8369701987210294e-16,-0.8717063187093217,-0.4900286664290594,0.9749279121818236,-0.2225209339563143,-0.8854560256532096,-0.4647231720437691,3.875,2.125,4.430666666666666,1.77497784023736,44.77309565217391,4.333011739130435,17.204184782608696,23.87298913043478,0.3846921739130435,,2,3
2021-09-02,7.083,London Marylebone Road,London,Westminster,Greater London,Greater London Urban Area,Urban Traffic,51.52253,-0.154611,England,London Central,0,2,1,1,2021,9,2,3,245,35,3,0,1,8,18,Autumn,3,-1.0,-1.8369701987210294e-16,-0.8800122039735356,-0.4749510720670502,0.4338837391175582,-0.900968867902419,-0.8854560256532096,-0.4647231720437691,6.417,4.833,5.791666666666667,1.69295520712558,49.792715,4.355155833333334,17.754375,24.41625,0.3982534166666667,,3,3
2021-09-03,11.167,London Marylebone Road,London,Westminster,Greater London,Greater London Urban Area,Urban Traffic,51.52253,-0.154611,England,London Central,0,2,1,1,2021,9,3,4,246,35,3,0,1,8,18,Autumn,3,-1.0,-1.8369701987210294e-16,-0.888057322629493,-0.4597327394521046,-0.433883739117558,-0.9009688679024191,-0.8854560256532096,-0.4647231720437691,7.083,5.208,8.222333333333333,2.5718058506297665,46.01751583333333,13.226577083333334,37.26984375,57.534375,0.4535529166666667,,4,3
2021-09-04,11.708,London Marylebone Road,London,Westminster,Greater London,Greater London Urban Area,Urban Traffic,51.52253,-0.154611,England,London Central,0,2,1,1,2021,9,4,5,247,35,3,1,0,8,18,Autumn,3,-1.0,-1.8369701987210294e-16,-0.8958392907349089,-0.4443781781046134,-0.9749279121818236,-0.2225209339563146,-0.8854560256532096,-0.4647231720437691,11.167,5.167,9.986,2.528582013698602,46.599595,11.67784625,34.13015625,52.02796874999999,0.4317241666666667,,5,3
2021-09-05,13.9065,London Marylebone Road,London,Westminster,Greater London,Greater London Urban Area,Urban Traffic,51.52253,-0.154611,England,London Central,0,2,1,1,2021,9,5,6,248,35,3,1,0,8,18,Autumn,3,-1.0,-1.8369701987210294e-16,-0.9033558023246842,-0.4288919379124841,-0.7818314824680299,0.6234898018587334,-0.8854560256532096,-0.4647231720437691,11.708,3.917,12.2605,1.450916003771398,37.938257,5.4257550000000005,19.278,27.559125,0.34926,,6,3
2021-09-06,16.105,London Marylebone Road,London,Westminster,Greater London,Greater London Urban Area,Urban Traffic,51.52253,-0.154611,England,London Central,0,2,1,1,2021,9,6,0,249,36,3,0,1,8,18,Autumn,3,-1.0,-1.8369701987210294e-16,-0.9106046300942162,-0.4132786077829044,0.0,1.0,-0.9350162426854148,-0.3546048870425359,13.9065,3.0,13.9065,2.198499999999973,,,,,,,0,3
2021-09-07,18.3035,London Marylebone Road,London,Westminster,Greater London,Greater London Urban Area,Urban Traffic,51.52253,-0.154611,England,London Central,0,2,1,1,2021,9,7,1,250,36,3,0,1,8,18,Autumn,3,-1.0,-1.8369701987210294e-16,-0.9175836260593934,-0.3975428142825566,0.7818314824680298,0.6234898018587336,-0.9350162426854148,-0.3546048870425359,16.105,3.875,16.105,2.198499999999947,,,,,,,1,3
2021-09-08,20.502,London Marylebone Road,London,Westminster,Greater London,Greater London Urban Area,Urban Traffic,51.52253,-0.154611,England,London Central,0,2,1,1,2021,9,8,2,251,36,3,0,1,8,18,Autumn,3,-1.0,-1.8369701987210294e-16,-0.9242907221930934,-0.3816892202666586,0.9749279121818236,-0.2225209339563143,-0.9350162426854148,-0.3546048870425359,18.3035,6.417,18.3035,2.198499999999919,,,,,,,2,3
2021-09-09,8.452,London Marylebone Road,London,Westminster,Greater London,Greater London Urban Area,Urban Traffic,51.52253,-0.154611,England,London Central,0,2,1,1,2021,9,9,3,252,36,3,0,1,8,18,Autumn,3,-1.0,-1.8369701987210294e-16,-0.9307239310379792,-0.3657225234972692,0.4338837391175582,-0.900968867902419,-0.9350162426854148,-0.3546048870425359,20.502,7.083,15.7525,6.417267779203216,,,,,,,3,3
2021-09-10,6.569,London Marylebone Road,London,Westminster,Greater London,Greater London Urban Area,Urban Traffic,51.52253,-0.154611,England,London Central,0,2,1,1,2021,9,10,4,253,36,3,0,1,8,18,Autumn,3,-1.0,-1.8369701987210294e-16,-0.9368813462954316,-0.3496474552512282,-0.433883739117558,-0.9009688679024191,-0.9350162426854148,-0.3546048870425359,8.452,11.167,11.841,7.559504811824646,,,,,,,4,3
2021-09-11,7.167,London Marylebone Road,London,Westminster,Greater London,Greater London Urban Area,Urban Traffic,51.52253,-0.154611,England,London Central,0,2,1,1,2021,9,11,5,254,36,3,1,0,8,18,Autumn,3,-1.0,-1.8369701987210294e-16,-0.9427611433904206,-0.333468778918187,-0.9749279121818236,-0.2225209339563146,-0.9350162426854148,-0.3546048870425359,6.569,11.708,7.396,0.9621605895068772,,,,,,,5,3
2021-09-12,6.36,London Marylebone Road,London,Westminster,Greater London,Greater London Urban Area,Urban Traffic,51.52253,-0.154611,England,London Central,0,2,1,1,2021,9,12,6,255,36,3,1,0,8,18,Autumn,3,-1.0,-1.8369701987210294e-16,-0.9483615800121716,-0.3171912885891059,-0.7818314824680299,0.6234898018587334,-0.9350162426854148,-0.3546048870425359,7.167,13.9065,6.698666666666667,0.418834493963418,,,,,,,6,3
2021-09-13,5.958,London Marylebone Road,London,Westminster,Greater London,Greater London Urban Area,Urban Traffic,51.52253,-0.154611,England,London Central,0,2,1,1,2021,9,13,0,256,37,3,0,1,8,18,Autumn,3,-1.0,-1.8369701987210294e-16,-0.9536809966304456,-0.300819807635668,0.0,1.0,-0.970941817426052,-0.2393156642875577,6.36,16.105,6.495,0.6157020383272009,,,,,,,0,3
2021-09-14,11.042,London Marylebone Road,London,Westminster,Greater London,Greater London Urban Area,Urban Traffic,51.52253,-0.154611,England,London Central,0,2,1,1,2021,9,14,1,257,37,3,0,1,8,18,Autumn,3,-1.0,-1.8369701987210294e-16,-0.9587178169872964,-0.2843591872810036,0.7818314824680298,0.6234898018587336,-0.970941817426052,-0.2393156642875577,5.958,18.3035,7.786666666666666,2.826357608890554,4.67564,54.57828428571429,53.42705357142857,137.09892857142856,0.5189005714285714,,1,3
2021-09-15,9.038,London Marylebone Road,London,Westminster,Greater London,Greater London Urban Area,Urban Traffic,51.52253,-0.154611,England,London Central,0,2,1,1,2021,9,15,2,258,37,3,0,1,8,18,Autumn,3,-1.0,-1.8369701987210294e-16,-0.9634705485641486,-0.2678143051621748,0.9749279121818236,-0.2225209339563143,-0.970941817426052,-0.2393156642875577,11.042,20.502,8.679333333333334,2.5609071309466658,27.306382173913043,27.218255217391302,37.51826086956522,79.22739130434783,0.453025652173913,,2,3
2021-09-16,12.208,London Marylebone Road,London,Westminster,Greater London,Greater London Urban Area,Urban Traffic,51.52253,-0.154611,England,London Central,0,2,1,1,2021,9,16,3,259,37,3,0,1,8,18,Autumn,3,-1.0,-1.8369701987210294e-16,-0.967937783024064,-0.2511900638848195,0.4338837391175582,-0.900968867902419,-0.970941817426052,-0.2393156642875577,9.038,8.452,10.762666666666666,1.6033544004160054,10.735202916666664,83.6626475,70.125,198.41390625,0.6199365,,3,3
2021-09-17,10.084,London Marylebone Road,London,Westminster,Greater London,Greater London Urban Area,Urban Traffic,51.52253,-0.154611,England,London Central,0,2,1,1,2021,9,17,4,260,37,3,0,1,8,18,Autumn,3,-1.0,-1.8369701987210294e-16,-0.9721181966290612,-0.2344913895704105,-0.433883739117558,-0.9009688679024191,-0.970941817426052,-0.2393156642875577,12.208,6.569,10.443333333333332,1.6152601441666874,14.285885833333332,77.94585583333334,74.2209375,193.76015625,0.5908315000000001,,4,3
2021-09-18,13.473,London Marylebone Road,London,Westminster,Greater London,Greater London Urban Area,Urban Traffic,51.52253,-0.154611,England,London Central,0,2,1,1,2021,9,18,5,261,37,3,1,0,8,18,Autumn,3,-1.0,-1.8369701987210294e-16,-0.9760105506323682,-0.2177232303965322,-0.9749279121818236,-0.2225209339563146,-0.970941817426052,-0.2393156642875577,10.084,7.167,11.921666666666669,1.7125479068724772,16.506102083333335,40.05911833333334,68.085,129.508125,0.5636668333333333,,5,3
2021-09-19,18.625,London Marylebone Road,London,Westminster,Greater London,Greater London Urban Area,Urban Traffic,51.52253,-0.154611,England,London Central,0,2,1,1,2021,9,19,6,262,37,3,1,0,8,18,Autumn,3,-1.0,-1.8369701987210294e-16,-0.97961369164549,-0.2008905551306352,-0.7818314824680299,0.6234898018587334,-0.970941817426052,-0.2393156642875577,13.473,6.36,14.060666666666668,4.300719048407276,17.395851666666665,19.156449166666665,38.64046875,68.02125,0.41183575,,6,3
2021-09-20,13.5175,London Marylebone Road,London,Westminster,Greater London,Greater London Urban Area,Urban Traffic,51.52253,-0.154611,England,London Central,0,2,1,1,2021,9,20,0,263,38,3,0,1,8,18,Autumn,3,-1.0,-1.8369701987210294e-16,-0.9829265519799822,-0.1839983516576798,0.0,1.0,-0.992708874098054,-0.1205366802553235,18.625,5.958,15.205166666666663,2.9617461206749494,26.54281,15.85630125,28.9584375,53.287031250000005,0.4128059166666666,,0,3
2021-09-21,8.41,London Marylebone Road,London,Westminster,Greater London,Greater London Urban Area,Urban Traffic,51.52253,-0.154611,England,London Central,0,2,1,1,2021,9,21,1,264,38,3,0,1,8,18,Autumn,3,-1.0,-1.8369701987210294e-16,-0.9859481499638304,-0.1670516255021195,0.7818314824680298,0.6234898018587336,-0.992708874098054,-0.1205366802553235,13.5175,11.042,13.5175,5.107499999999988,12.1238775,44.086857916666666,48.29859375,115.90546875,0.6209066666666666,,1,3
2021-09-22,12.458,London Marylebone Road,London,Westminster,Greater London,Greater London Urban Area,Urban Traffic,51.52253,-0.154611,England,London Central,0,2,1,1,2021,9,22,2,265,38,3,0,1,8,18,Autumn,3,-1.0,-1.8369701987210294e-16,-0.9886775902323404,-0.1500553983446526,0.9749279121818236,-0.2225209339563143,-0.992708874098054,-0.1205366802553235,8.41,9.038,11.461833333333333,2.695533357859501,8.15742375,83.95888125,69.40781249999999,198.15890625,0.7164680833333333,,2,3
2021-09-23,8.25,London Marylebone Road,London,Westminster,Greater London,Greater London Urban Area,Urban Traffic,51.52253,-0.154611,England,London Central,0,2,1,1,2021,9,23,3,266,38,3,0,1,8,18,Autumn,3,-1.0,-1.8369701987210294e-16,-0.9911140639934546,-0.1330147065341963,0.4338837391175582,-0.900968867902419,-0.992708874098054,-0.1205366802553235,12.458,12.208,9.706,2.3846442082625394,9.95355375,76.79210333333333,61.1840625,178.91437499999998,0.6762061666666667,,3,3
2021-09-24,10.083,London Marylebone Road,London,Westminster,Greater London,Greater London Urban Area,Urban Traffic,51.52253,-0.154611,England,London Central,0,2,1,1,2021,9,24,4,267,38,3,0,1,8,18,Autumn,3,-1.0,-1.8369701987210294e-16,-0.9932568492674144,-0.1159345995955006,-0.433883739117558,-0.9009688679024191,-0.992708874098054,-0.1205366802553235,8.25,10.084,10.263666666666666,2.109809549066782,11.25075875,88.47514666666666,62.06859375,197.71265625,0.7077365833333333,,4,3
2021-09-25,9.542,London Marylebone Road,London,Westminster,Greater London,Greater London Urban Area,Urban Traffic,51.52253,-0.154611,England,London Central,0,2,1,1,2021,9,25,5,268,38,3,1,0,8,18,Autumn,3,-1.0,-1.8369701987210294e-16,-0.9951053111006974,-0.0988201387328721,-0.9749279121818236,-0.2225209339563146,-0.992708874098054,-0.1205366802553235,10.083,13.473,9.291666666666666,0.941792086043106,9.768426315789474,41.14530875,37.68421875,100.76484375,0.59519725,,5,3
2021-09-26,12.301,London Marylebone Road,London,Westminster,Greater London,Greater London Urban Area,Urban Traffic,51.52253,-0.154611,England,London Central,0,2,1,1,2021,9,26,6,269,38,3,1,0,8,18,Autumn,3,-1.0,-1.8369701987210294e-16,-0.99665890175417,-0.0816763953304228,-0.7818314824680299,0.6234898018587334,-0.992708874098054,-0.1205366802553235,9.542,18.625,10.642,1.4619784540136116,23.5991525,33.86939208333333,45.70875,97.665,0.5098225833333333,,6,3
2021-09-27,4.75,London Marylebone Road,London,Westminster,Greater London,Greater London Urban Area,Urban Traffic,51.52253,-0.154611,England,London Central,0,2,1,1,2021,9,27,0,270,39,3,0,1,8,18,Autumn,3,-1.0,-1.8369701987210294e-16,-0.9979171608653922,-0.0645084494493162,0.0,1.0,-1.0,-1.8369701987210294e-16,12.301,13.5175,8.864333333333335,3.820840788796812,30.166581052631575,38.46881083333333,46.4896875,105.4584375,0.5437784166666667,,0,3
2021-09-28,6.208,London Marylebone Road,London,Westminster,Greater London,Greater London Urban Area,Urban Traffic,51.52253,-0.154611,England,London Central,0,2,1,1,2021,9,28,1,271,39,3,0,1,8,18,Autumn,3,-1.0,-1.8369701987210294e-16,-0.9988797155850336,-0.0473213883224323,0.7818314824680298,0.6234898018587336,-1.0,-1.8369701987210294e-16,4.75,8.41,7.753,4.005579733322027,25.112558333333336,46.25923875,48.92015625,119.85,0.5757939166666667,,1,3
2021-09-29,5.958,London Marylebone Road,London,Westminster,Greater London,Greater London Urban Area,Urban Traffic,51.52253,-0.154611,England,London Central,0,2,1,1,2021,9,29,2,272,39,3,0,1,8,18,Autumn,3,-1.0,-1.8369701987210294e-16,-0.9995462806873572,-0.0301203048469083,0.9749279121818236,-0.2225209339563143,-1.0,-1.8369701987210294e-16,6.208,12.458,5.6386666666666665,0.7796931020174477,18.41250173913044,36.86042652173913,44.57788043478261,101.07146739130437,0.7319274782608696,,2,3
2021-09-30,5.875,London Marylebone Road,London,Westminster,Greater London,Greater London Urban Area,Urban Traffic,51.52253,-0.154611,England,London Central,0,2,1,1,2021,9,30,3,273,39,3,0,1,8,18,Autumn,3,-1.0,-1.8369701987210294e-16,-0.999916658654738,-0.0129102960750088,0.4338837391175582,-0.900968867902419,-1.0,-1.8369701987210294e-16,5.958,8.25,6.0136666666666665,0.1733387819663371,15.450044166666666,61.75174416666667,50.2509375,144.90375,0.7528493333333334,,3,3
2021-10-01,6.083,London Marylebone Road,London,Westminster,Greater London,Greater London Urban Area,Urban Traffic,51.52253,-0.154611,England,London Central,0,2,1,1,2021,10,1,4,274,39,4,0,1,8,18,Autumn,3,-0.8660254037844386,0.5000000000000001,-0.99999073973619,0.0043035382962438,-0.433883739117558,-0.9009688679024191,-1.0,-1.8369701987210294e-16,5.875,10.083,5.972,0.1047043456607312,12.833886153846152,66.03014307692307,71.33625,172.59576923076924,0.6465787692307692,,4,4
2021-10-02,4.708,London Marylebone Road,London,Westminster,Greater London,Greater London Urban Area,Urban Traffic,51.52253,-0.154611,England,London Central,0,2,1,1,2021,10,2,5,275,39,4,1,0,8,18,Autumn,3,-0.8660254037844386,0.5000000000000001,-0.9997685019798908,0.0215160974362222,-0.9749279121818236,-0.2225209339563146,-1.0,-1.8369701987210294e-16,6.083,9.542,5.5553333333333335,0.7411452849027603,17.595421666666667,41.21806791666666,51.82875000000001,115.036875,0.4637396666666666,,5,4
2021-10-03,4.667,London Marylebone Road,London,Westminster,Greater London,Greater London Urban Area,Urban Traffic,51.52253,-0.154611,England,London Central,0,2,1,1,2021,10,3,6,276,39,4,1,0,8,18,Autumn,3,-0.8660254037844386,0.5000000000000001,-0.9992500112396836,0.0387222808921739,-0.7818314824680299,0.6234898018587334,-1.0,-1.8369701987210294e-16,4.708,12.301,5.152666666666667,0.8059530590137446,23.615783333333336,37.78799291666667,42.19453125,100.12734375,0.51661375,,6,4
2021-10-04,6.208,London Marylebone Road,London,Westminster,Greater London,Greater London Urban Area,Urban Traffic,51.52253,-0.154611,England,London Central,0,2,1,1,2021,10,4,0,277,40,4,0,1,8,18,Autumn,3,-0.8660254037844386,0.5000000000000001,-0.9984354211555644,0.055916990100603,0.0,1.0,-0.992708874098054,0.1205366802553232,4.667,4.75,5.194333333333334,0.8781004118741833,21.162735416666667,55.42169666666666,56.85703125,141.84375,0.4952700833333334,,0,4
2021-10-05,3.917,London Marylebone Road,London,Westminster,Greater London,Greater London Urban Area,Urban Traffic,51.52253,-0.154611,England,London Central,0,2,1,1,2021,10,5,1,278,40,4,0,1,8,18,Autumn,3,-0.8660254037844386,0.5000000000000001,-0.9973249731081556,0.0730951298980777,0.7818314824680298,0.6234898018587336,-0.992708874098054,0.1205366802553232,6.208,6.208,4.930666666666666,1.1680369571779925,22.734349166666664,53.51956416666667,51.286875,133.3490625,0.5088524166666667,,1,4
2021-10-06,6.667,London Marylebone Road,London,Westminster,Greater London,Greater London Urban Area,Urban Traffic,51.52253,-0.154611,England,London Central,0,2,1,1,2021,10,6,2,279,40,4,0,1,8,18,Autumn,3,-0.8660254037844386,0.5000000000000001,-0.9959189961471792,0.0902516100310407,0.9749279121818236,-0.2225209339563143,-0.992708874098054,0.1205366802553232,3.917,5.958,5.597333333333334,1.4731973164968746,21.636714166666668,34.70092541666667,46.0434375,99.2428125,0.6121751666666667,,2,4
2021-10-07,8.556,London Marylebone Road,London,Westminster,Greater London,Greater London Urban Area,Urban Traffic,51.52253,-0.154611,England,London Central,0,2,1,1,2021,10,7,3,280,40,4,0,1,8,18,Autumn,3,-0.8660254037844386,0.5000000000000001,-0.994217906893952,0.107381346664163,0.4338837391175582,-0.900968867902419,-0.992708874098054,0.1205366802553232,6.667,5.875,6.38,2.332778815061604,7.242727916666666,79.31268874999999,53.99625,175.62328125,0.5193344347826087,,3,4
2021-10-08,9.521,London Marylebone Road,London,Westminster,Greater London,Greater London Urban Area,Urban Traffic,51.52253,-0.154611,England,London Central,0,2,1,1,2021,10,8,4,281,40,4,0,1,8,18,Autumn,3,-0.8660254037844386,0.5000000000000001,-0.9922222094179324,0.1244792638867886,-0.433883739117558,-0.9009688679024191,-0.992708874098054,0.1205366802553232,8.556,6.083,8.248,1.451715192453443,6.41118625,63.60190583333334,46.00359375,143.533125,0.4530678333333333,,4,4
2021-10-09,23.313,London Marylebone Road,London,Westminster,Greater London,Greater London Urban Area,Urban Traffic,51.52253,-0.154611,England,London Central,0,2,1,1,2021,10,9,5,282,40,4,1,0,8,18,Autumn,3,-0.8660254037844386,0.5000000000000001,-0.989932495087353,0.141540295217043,-0.9749279121818236,-0.2225209339563146,-0.992708874098054,0.1205366802553232,9.521,4.708,13.796666666666669,8.255498551470602,14.901226666666666,20.84550125,48.099375,80.038125,0.52825575,,5,4
2021-10-10,12.646,London Marylebone Road,London,Westminster,Greater London,Greater London Urban Area,Urban Traffic,51.52253,-0.154611,England,London Central,0,2,1,1,2021,10,10,6,283,40,4,1,0,8,18,Autumn,3,-0.8660254037844386,0.5000000000000001,-0.9873494423939864,0.1585593851031347,-0.7818314824680299,0.6234898018587334,-0.992708874098054,0.1205366802553232,23.313,4.667,15.160000000000002,7.231525634331929,16.198431666666668,26.006205,34.14609375,74.03765625,0.5505695833333334,,6,4
2021-10-11,8.438,London Marylebone Road,London,Westminster,Greater London,Greater London Urban Area,Urban Traffic,51.52253,-0.154611,England,London Central,0,2,1,1,2021,10,11,0,284,41,4,0,1,8,18,Autumn,3,-0.8660254037844386,0.5000000000000001,-0.9844738167520924,0.1755314904214277,0.0,1.0,-0.970941817426052,0.2393156642875573,12.646,6.208,14.799,7.667656943291074,18.37707083333333,22.887955,35.89125,71.049375,0.5505695833333334,,0,4
2021-10-12,8.021,London Marylebone Road,London,Westminster,Greater London,Greater London Urban Area,Urban Traffic,51.52253,-0.154611,England,London Central,0,2,1,1,2021,10,12,1,285,41,4,0,1,8,18,Autumn,3,-0.8660254037844386,0.5000000000000001,-0.9813064702716092,0.1924515819708299,0.7818314824680298,0.6234898018587336,-0.970941817426052,0.2393156642875573,8.438,3.917,9.701666666666668,2.558377676054377,12.473125,37.93351125,38.65640625,96.86015625,0.5243750833333333,,1,4
2021-10-13,9.354,London Marylebone Road,London,Westminster,Greater London,Greater London Urban Area,Urban Traffic,51.52253,-0.154611,England,London Central,0,2,1,1,2021,10,13,2,286,41,4,0,1,8,18,Autumn,3,-0.8660254037844386,0.5000000000000001,-0.9778483415056568,0.2093146459630488,0.9749279121818236,-0.2225209339563143,-0.970941817426052,0.2393156642875573,8.021,6.667,8.604333333333335,0.6818887983633704,8.533993333333333,65.41521545454545,50.95943181818182,151.27875,0.6530103636363637,,2,4
2021-10-14,11.563,London Marylebone Road,London,Westminster,Greater London,Greater London Urban Area,Urban Traffic,51.52253,-0.154611,England,London Central,0,2,1,1,2021,10,14,3,287,41,4,0,1,8,18,Autumn,3,-0.8660254037844386,0.5000000000000001,-0.9741004551724206,0.226115685508288,0.4338837391175582,-0.900968867902419,-0.970941817426052,0.2393156642875573,9.354,8.556,9.646,1.7889631075011194,5.928892083333333,87.94504416666666,59.9409375,194.79609375,0.6844525833333334,,3,4
2021-10-15,9.146,London Marylebone Road,London,Westminster,Greater London,Greater London Urban Area,Urban Traffic,51.52253,-0.154611,England,London Central,0,2,1,1,2021,10,15,4,288,41,4,0,1,8,18,Autumn,3,-0.8660254037844386,0.5000000000000001,-0.970063921851507,0.2428497220959358,-0.433883739117558,-0.9009688679024191,-0.970941817426052,0.2393156642875573,11.563,9.521,10.021,1.339454739810213,21.15442,26.77537333333333,43.318125,84.38109375,0.5772491666666667,,4,4
2021-10-16,14.396,London Marylebone Road,London,Westminster,Greater London,Greater London Urban Area,Urban Traffic,51.52253,-0.154611,England,London Central,0,2,1,1,2021,10,16,5,289,41,4,1,0,8,18,Autumn,3,-0.8660254037844386,0.5000000000000001,-0.965739937654855,0.2595117970697994,-0.9749279121818236,-0.2225209339563146,-0.970941817426052,0.2393156642875573,9.146,23.313,11.701666666666668,2.627745484884962,4.673264166666667,68.15974791666666,59.67796875,164.15625,0.7795289166666667,,5,4
2021-10-17,10.646,London Marylebone Road,London,Westminster,Greater London,Greater London Urban Area,Urban Traffic,51.52253,-0.154611,England,London Central,0,2,1,1,2021,10,17,6,290,41,4,1,0,8,18,Autumn,3,-0.8660254037844386,0.5000000000000001,-0.9611297838723007,0.2760969730974688,-0.7818314824680299,0.6234898018587334,-0.970941817426052,0.2393156642875573,14.396,12.646,11.396,2.704163456597989,13.8202225,45.69795375,50.60953125,120.67078125,0.61848125,,6,4
2021-10-18,10.271,London Marylebone Road,London,Westminster,Greater London,Greater London Urban Area,Urban Traffic,51.52253,-0.154611,England,London Central,0,2,1,1,2021,10,18,0,291,42,4,0,1,8,18,Autumn,3,-0.8660254037844386,0.5000000000000001,-0.9562348265919058,0.2926003356333479,0.0,1.0,-0.9350162426854148,0.3546048870425355,10.646,8.438,11.771,2.2810359488618253,9.695775833333334,59.1532025,49.2309375,139.95515625,0.4952700833333334,,0,4
2021-10-19,14.438,London Marylebone Road,London,Westminster,Greater London,Greater London Urban Area,Urban Traffic,51.52253,-0.154611,England,London Central,0,2,1,1,2021,10,19,1,292,42,4,0,1,8,18,Autumn,3,-0.8660254037844386,0.5000000000000001,-0.9510565162951536,0.3090169943749472,0.7818314824680298,0.6234898018587336,-0.9350162426854148,0.3546048870425355,10.271,8.021,11.785000000000002,2.3052034617360717,16.805457083333334,38.9469425,32.64796875,92.34984375,0.296871,,1,4
2021-10-20,7.479,London Marylebone Road,London,Westminster,Greater London,Greater London Urban Area,Urban Traffic,51.52253,-0.154611,England,London Central,0,2,1,1,2021,10,20,2,293,42,4,0,1,8,18,Autumn,3,-0.8660254037844386,0.5000000000000001,-0.9455963874271428,0.3253420847119795,0.9749279121818236,-0.2225209339563143,-0.9350162426854148,0.3546048870425355,14.438,9.354,10.729333333333336,3.502066865914091,27.083312083333336,42.35103208333333,43.48546875,108.43078125,0.3924324166666667,,2,4
2021-10-21,4.75,London Marylebone Road,London,Westminster,Greater London,Greater London Urban Area,Urban Traffic,51.52253,-0.154611,England,London Central,0,2,1,1,2021,10,21,3,294,42,4,0,1,8,18,Autumn,3,-0.8660254037844386,0.5000000000000001,-0.9398560579418952,0.341570769167856,0.4338837391175582,-0.900968867902419,-0.9350162426854148,0.3546048870425355,7.479,11.563,8.889000000000001,4.99553911004609,29.303528333333333,34.53981583333333,39.4453125,92.42953125,0.6645641666666667,,3,4
2021-10-22,6.708,London Marylebone Road,London,Westminster,Greater London,Greater London Urban Area,Urban Traffic,51.52253,-0.154611,England,London Central,0,2,1,1,2021,10,22,4,295,42,4,0,1,8,18,Autumn,3,-0.8660254037844386,0.5000000000000001,-0.9338372288229252,0.3576982388331254,-0.433883739117558,-0.9009688679024191,-0.9350162426854148,0.3546048870425355,4.75,9.146,6.312333333333334,1.4068668498950117,10.286170416666666,70.92979333333334,61.78968750000001,170.53125,0.7935963333333333,,4,4
2021-10-23,5.458,London Marylebone Road,London,Westminster,Greater London,Greater London Urban Area,Urban Traffic,51.52253,-0.154611,England,London Central,0,2,1,1,2021,10,23,5,296,42,4,1,0,8,18,Autumn,3,-0.8660254037844386,0.5000000000000001,-0.9275416835791964,0.3737197147904692,-0.9749279121818236,-0.2225209339563146,-0.9350162426854148,0.3546048870425355,6.708,14.396,5.6386666666666665,0.9914238918512804,14.194416249999998,53.65988541666667,57.3590625,139.62046875,0.7324758333333333,,5,4
2021-10-24,6.167,London Marylebone Road,London,Westminster,Greater London,Greater London Urban Area,Urban Traffic,51.52253,-0.154611,England,London Central,0,2,1,1,2021,10,24,6,297,42,4,1,0,8,18,Autumn,3,-0.8660254037844386,0.5000000000000001,-0.9209712877166346,0.3896304495307877,-0.7818314824680299,0.6234898018587334,-0.9350162426854148,0.3546048870425355,5.458,10.646,6.111000000000001,0.6268787761602618,25.42854416666667,35.69876541666667,48.41015625,103.1634375,0.60101825,,6,4
2021-10-25,7.833,London Marylebone Road,London,Westminster,Greater London,Greater London Urban Area,Urban Traffic,51.52253,-0.154611,England,London Central,0,2,1,1,2021,10,25,0,298,43,4,0,1,8,18,Autumn,3,-0.8660254037844386,0.5000000000000001,-0.9141279881853336,0.4054257283599973,0.0,1.0,-0.8854560256532101,0.464723172043768,6.167,10.271,6.486,1.2192116305220242,14.29420125,70.76348666666667,57.4546875,165.94921875,0.60683925,,0,4
2021-10-26,6.542,London Marylebone Road,London,Westminster,Greater London,Greater London Urban Area,Urban Traffic,51.52253,-0.154611,England,London Central,0,2,1,1,2021,10,26,1,299,43,4,0,1,8,18,Autumn,3,-0.8660254037844386,0.5000000000000001,-0.9070138128026362,0.4211008707960891,0.7818314824680298,0.6234898018587336,-0.8854560256532101,0.464723172043768,7.833,14.438,6.847333333333334,0.8739624324497549,20.164885416666667,61.54386083333333,51.1753125,145.5253125,0.552995,,1,4
2021-10-27,5.083,London Marylebone Road,London,Westminster,Greater London,Greater London Urban Area,Urban Traffic,51.52253,-0.154611,England,London Central,0,2,1,1,2021,10,27,2,300,43,4,0,1,8,18,Autumn,3,-0.8660254037844386,0.5000000000000001,-0.8996308696522434,0.4366512319560638,0.9749279121818236,-0.2225209339563143,-0.8854560256532101,0.464723172043768,6.542,7.479,6.486,1.375855006895775,26.803118695652174,44.1815352173913,46.95603260869565,114.69179347826088,0.4651738260869565,,2,4
2021-10-28,7.708,London Marylebone Road,London,Westminster,Greater London,Greater London Urban Area,Urban Traffic,51.52253,-0.154611,England,London Central,0,2,1,1,2021,10,28,3,301,43,4,0,1,8,18,Autumn,3,-0.8660254037844386,0.5000000000000001,-0.8919813464595487,0.4520722039323037,0.4338837391175582,-0.900968867902419,-0.8854560256532101,0.464723172043768,5.083,4.75,6.444333333333334,1.3152225413721848,16.28990125,61.98561291666667,57.82921875,152.8725,0.5796745833333333,,3,4
2021-10-29,7.125,London Marylebone Road,London,Westminster,Greater London,Greater London Urban Area,Urban Traffic,51.52253,-0.154611,England,London Central,0,2,1,1,2021,10,29,4,302,43,4,0,1,8,18,Autumn,3,-0.8660254037844386,0.5000000000000001,-0.8840675099433637,0.467359217158002,-0.433883739117558,-0.9009688679024191,-0.8854560256532101,0.464723172043768,7.708,6.708,6.6386666666666665,1.378421681973082,21.387251666666668,56.27401833333334,59.48671875,145.764375,0.57482375,,4,4
2021-10-30,5.625,London Marylebone Road,London,Westminster,Greater London,Greater London Urban Area,Urban Traffic,51.52253,-0.154611,England,London Central,0,2,1,1,2021,10,30,5,303,43,4,1,0,8,18,Autumn,3,-0.8660254037844386,0.5000000000000001,-0.8758917051442433,0.4825077417612176,-0.9749279121818236,-0.2225209339563146,-0.8854560256532101,0.464723172043768,7.125,5.458,6.819333333333334,1.074614504524061,18.33549375,49.40347416666666,52.80890625,128.57578125,0.5403828333333334,,5,4
2021-10-31,4.542,London Marylebone Road,London,Westminster,Greater London,Greater London Urban Area,Urban Traffic,51.52253,-0.154611,England,London Central,0,2,1,1,2021,10,31,6,304,43,4,1,0,8,18,Autumn,3,-0.8660254037844386,0.5000000000000001,-0.8674563547295971,0.4975132889071803,-0.7818314824680299,0.6234898018587334,-0.8854560256532101,0.464723172043768,5.625,6.167,5.763999999999999,1.2970979145770765,32.52159458333333,33.16778583333333,40.50515625,91.39359375,0.47877725,,6,4
2021-11-01,6.417,London Marylebone Road,London,Westminster,Greater London,Greater London Urban Area,Urban Traffic,51.52253,-0.154611,England,London Central,0,2,1,1,2021,11,1,0,305,44,4,0,1,8,18,Autumn,3,-0.5000000000000004,0.8660254037844384,-0.8587639582758031,0.5123714121284235,0.0,1.0,-0.822983865893657,0.5680647467311548,4.542,7.833,5.528,0.9412560756777136,21.062950416666663,68.40401083333333,56.96859375,161.86125,0.6252724166666667,,0,4
2021-11-02,10.042,London Marylebone Road,London,Westminster,Greater London,Greater London Urban Area,Urban Traffic,51.52253,-0.154611,England,London Central,0,2,1,1,2021,11,2,1,306,44,4,0,1,8,18,Autumn,3,-0.5000000000000004,0.8660254037844384,-0.8498170915275277,0.5270777086423724,0.7818314824680298,0.6234898018587336,-0.822983865893657,0.5680647467311548,6.417,6.542,7.000333333333333,2.796016511634631,3.41763625,99.14995583333332,61.78968750000001,213.80953125,0.8537466666666668,,1,4
2021-11-03,10.292,London Marylebone Road,London,Westminster,Greater London,Greater London Urban Area,Urban Traffic,51.52253,-0.154611,England,London Central,0,2,1,1,2021,11,3,2,307,44,4,0,1,8,18,Autumn,3,-0.5000000000000004,0.8660254037844384,-0.8406184056344783,0.5416278206559811,0.9749279121818236,-0.2225209339563143,-0.822983865893657,0.5680647467311548,10.042,5.083,8.917,2.1686689466122044,16.198431666666668,66.84488583333334,39.0946875,141.62859375000002,0.7591554166666666,,2,4
2021-11-04,6.875,London Marylebone Road,London,Westminster,Greater London,Greater London Urban Area,Urban Traffic,51.52253,-0.154611,England,London Central,0,2,1,1,2021,11,4,3,308,44,4,0,1,8,18,Autumn,3,-0.5000000000000004,0.8660254037844384,-0.8311706263658079,0.5560174366570446,0.4338837391175582,-0.900968867902419,-0.822983865893657,0.5680647467311548,10.292,7.708,9.069666666666665,1.9047431147882947,34.30940916666666,14.634986666666668,26.48015625,48.8803125,0.4865385833333333,,3,4
2021-11-05,18.75,London Marylebone Road,London,Westminster,Greater London,Greater London Urban Area,Urban Traffic,51.52253,-0.154611,England,London Central,0,2,1,1,2021,11,5,4,309,44,4,0,1,8,18,Autumn,3,-0.5000000000000004,0.8660254037844384,-0.8214765533024145,0.5702422926917867,-0.433883739117558,-0.9009688679024191,-0.822983865893657,0.5680647467311548,6.875,7.125,11.972333333333331,6.113227161927922,2.4530479166666668,101.44706666666669,65.06484375000001,220.606875,1.0996839166666663,,4,4
2021-11-06,11.625,London Marylebone Road,London,Westminster,Greater London,Greater London Urban Area,Urban Traffic,51.52253,-0.154611,England,London Central,0,2,1,1,2021,11,6,5,310,44,4,1,0,8,18,Autumn,3,-0.5000000000000004,0.8660254037844384,-0.8115390590073611,0.5842981736283683,-0.9749279121818236,-0.2225209339563146,-0.822983865893657,0.5680647467311548,18.75,5.625,12.416666666666666,5.976952261256008,16.356424583333332,52.51133000000001,49.66921875,130.18546875,0.5854955833333334,,5,4
2021-11-07,9.042,London Marylebone Road,London,Westminster,Greater London,Greater London Urban Area,Urban Traffic,51.52253,-0.154611,England,London Central,0,2,1,1,2021,11,7,6,311,44,4,1,0,8,18,Autumn,3,-0.5000000000000004,0.8660254037844384,-0.801361088174677,0.5981809144059159,-0.7818314824680299,0.6234898018587334,-0.822983865893657,0.5680647467311548,11.625,4.542,13.138999999999998,5.027968078657614,28.322309166666667,25.25262791666667,39.43734375,78.18140625,1.0007269166666666,,6,4
2021-11-08,12.333,London Marylebone Road,London,Westminster,Greater London,Greater London Urban Area,Urban Traffic,51.52253,-0.154611,England,London Central,0,2,1,1,2021,11,8,0,312,45,4,0,1,8,18,Autumn,3,-0.5000000000000004,0.8660254037844384,-0.7909456567567774,0.6118864012687242,0.0,1.0,-0.7485107481711011,0.6631226582407952,9.042,6.417,11.0,1.7322352611582574,5.346812916666667,95.50680041666668,61.0246875,207.474375,0.7945665000000001,,0,4
2021-11-09,7.667,London Marylebone Road,London,Westminster,Greater London,Greater London Urban Area,Urban Traffic,51.52253,-0.154611,England,London Central,0,2,1,1,2021,11,9,1,313,45,4,0,1,8,18,Autumn,3,-0.5000000000000004,0.8660254037844384,-0.780295851070776,0.6254105729852457,0.7818314824680298,0.6234898018587336,-0.7485107481711011,0.6631226582407952,12.333,10.042,9.680666666666664,2.397667686176172,11.741368333333334,78.19531583333334,59.39109375,179.296875,0.5200093333333333,,1,4
2021-11-10,8.917,London Marylebone Road,London,Westminster,Greater London,Greater London Urban Area,Urban Traffic,51.52253,-0.154611,England,London Central,0,2,1,1,2021,11,10,2,314,45,4,0,1,8,18,Autumn,3,-0.5000000000000004,0.8660254037844384,-0.7694148268839381,0.6387494220515268,0.9749279121818236,-0.2225209339563143,-0.7485107481711011,0.6631226582407952,7.667,10.292,9.638999999999998,2.415336829512618,9.848345652173911,90.07132913043479,57.0008152173913,195.14152173913044,0.4100571111111111,,2,4
2021-11-11,9.125,London Marylebone Road,London,Westminster,Greater London,Greater London Urban Area,Urban Traffic,51.52253,-0.154611,England,London Central,0,2,1,1,2021,11,11,3,315,45,4,0,1,8,18,Autumn,3,-0.5000000000000004,0.8660254037844384,-0.7583058084785625,0.6518989958787125,0.4338837391175582,-0.900968867902419,-0.7485107481711011,0.6631226582407952,8.917,6.875,8.569666666666665,0.788619891540554,6.9350575,87.69038708333333,62.22,196.700625,0.5547666086956522,,3,4
2021-11-12,8.792,London Marylebone Road,London,Westminster,Greater London,Greater London Urban Area,Urban Traffic,51.52253,-0.154611,England,London Central,0,2,1,1,2021,11,12,4,316,45,4,0,1,8,18,Autumn,3,-0.5000000000000004,0.8660254037844384,-0.7469720876965551,0.6648553979642866,-0.433883739117558,-0.9009688679024191,-0.7485107481711011,0.6631226582407952,9.125,18.75,8.944666666666665,0.1682151400243782,13.071835,66.34596583333334,56.195625,157.93265625,0.4826579166666667,,4,4
2021-11-13,4.0,London Marylebone Road,London,Westminster,Greater London,Greater London Urban Area,Urban Traffic,51.52253,-0.154611,England,London Central,0,2,1,1,2021,11,13,5,317,45,4,1,0,8,18,Autumn,3,-0.5000000000000004,0.8660254037844384,-0.7354170229639858,0.6776147890466887,-0.9749279121818236,-0.2225209339563146,-0.7485107481711011,0.6631226582407952,8.792,11.625,7.305666666666664,2.867629043885119,28.471986666666663,16.147337916666668,29.68359375,54.45046875,0.61266025,,5,4
2021-11-14,5.208,London Marylebone Road,London,Westminster,Greater London,Greater London Urban Area,Urban Traffic,51.52253,-0.154611,England,London Central,0,2,1,1,2021,11,14,6,318,45,4,1,0,8,18,Autumn,3,-0.5000000000000004,0.8660254037844384,-0.7236440382959123,0.690173388242972,-0.7818314824680299,0.6234898018587334,-0.7485107481711011,0.6631226582407952,4.0,9.042,5.999999999999999,2.492240758835349,27.781807083333334,6.886135416666666,18.36796875,28.910625,0.3453793333333333,,6,4
2021-11-15,9.667,London Marylebone Road,London,Westminster,Greater London,Greater London Urban Area,Urban Traffic,51.52253,-0.154611,England,London Central,0,2,1,1,2021,11,15,0,319,46,4,0,1,8,18,Autumn,3,-0.5000000000000004,0.8660254037844384,-0.7116566222817751,0.7025274741691566,0.0,1.0,-0.6631226582407955,0.7485107481711007,5.208,12.333,6.291666666666665,2.9848739225189256,5.987100000000001,26.338818333333336,40.87171875,81.24140625,0.5452336666666667,,0,4
2021-11-16,15.0,London Marylebone Road,London,Westminster,Greater London,Greater London Urban Area,Urban Traffic,51.52253,-0.154611,England,London Central,0,2,1,1,2021,11,16,1,320,46,4,0,1,8,18,Autumn,3,-0.5000000000000004,0.8660254037844384,-0.6994583270516471,0.7146733860429609,0.7818314824680298,0.6234898018587336,-0.6631226582407955,0.7485107481711007,9.667,7.667,9.958333333333332,4.902496540879287,3.26795875,101.60817625,62.897343750000005,218.6784375,0.8493809166666667,,1,4
2021-11-17,11.458,London Marylebone Road,London,Westminster,Greater London,Greater London Urban Area,Urban Traffic,51.52253,-0.154611,England,London Central,0,2,1,1,2021,11,17,2,321,46,4,0,1,8,18,Autumn,3,-0.5000000000000004,0.8660254037844384,-0.6870527672236675,0.726607524768565,0.9749279121818236,-0.2225209339563143,-0.6631226582407955,0.7485107481711007,15.0,8.917,12.041666666666664,2.7139864283620314,5.6711141666666665,78.51233791666667,59.662031250000005,180.061875,0.9333003333333334,,2,4
2021-11-18,11.127466666666669,London Marylebone Road,London,Westminster,Greater London,Greater London Urban Area,Urban Traffic,51.52253,-0.154611,England,London Central,0,2,1,1,2021,11,18,3,322,46,4,0,1,8,18,Autumn,3,-0.5000000000000004,0.8660254037844384,-0.6744436188329457,0.7383263540031063,0.4338837391175582,-0.900968867902419,-0.6631226582407955,0.7485107481711007,11.458,9.125,12.528488888888887,2.146762318089805,4.024661666666667,101.6861325,69.11296875000001,225.0375,0.675236,,3,4
2021-11-19,10.796933333333332,London Marylebone Road,London,Westminster,Greater London,Greater London Urban Area,Urban Traffic,51.52253,-0.154611,England,London Central,0,2,1,1,2021,11,19,4,323,46,4,0,1,8,18,Autumn,3,-0.5000000000000004,0.8660254037844384,-0.661634618242279,0.749826401204568,-0.433883739117558,-0.9009688679024191,-0.6631226582407955,0.7485107481711007,11.127466666666669,8.792,11.127466666666663,0.3305333333333156,8.822657083333334,67.30222916666666,57.39890625,160.57828125,0.6669895833333334,,4,4
2021-11-20,10.4664,London Marylebone Road,London,Westminster,Greater London,Greater London Urban Area,Urban Traffic,51.52253,-0.154611,England,London Central,0,2,1,1,2021,11,20,5,324,46,4,1,0,8,18,Autumn,3,-0.5000000000000004,0.8660254037844384,-0.6486295610349818,0.7611042586607742,-0.9749279121818236,-0.2225209339563146,-0.6631226582407955,0.7485107481711007,10.796933333333332,4.0,10.796933333333332,0.330533333333332,20.056785,40.95821375,54.0759375,116.85375,0.8028129166666665,,5,4
2021-11-21,10.4664,London Marylebone Road,London,Westminster,Greater London,Greater London Urban Area,Urban Traffic,51.52253,-0.154611,England,London Central,0,2,1,1,2021,11,21,6,325,46,4,1,0,8,18,Autumn,3,-0.5000000000000004,0.8660254037844384,-0.6354323008901775,0.7721565844991641,-0.7818314824680299,0.6234898018587334,-0.6631226582407955,0.7485107481711007,10.4664,5.208,10.576577777777777,0.1908335089761598,41.57708333333333,8.065873333333334,17.563125,29.92265625,0.4836280833333333,,6,4
2021-11-22,10.4664,London Marylebone Road,London,Westminster,Greater London,Greater London Urban Area,Urban Traffic,51.52253,-0.154611,England,London Central,0,2,1,1,2021,11,22,0,326,47,4,0,1,8,18,Autumn,3,-0.5000000000000004,0.8660254037844384,-0.622046748440868,0.7829801036770625,0.0,1.0,-0.5680647467311559,0.8229838658936564,10.4664,9.667,10.4664,0.0,29.403313333333333,9.983597083333336,23.6990625,39.00703125,0.5030314166666666,,0,4
2021-11-23,10.4664,London Marylebone Road,London,Westminster,Greater London,Greater London Urban Area,Urban Traffic,51.52253,-0.154611,England,London Central,0,2,1,1,2021,11,23,1,327,47,4,0,1,8,18,Autumn,3,-0.5000000000000004,0.8660254037844384,-0.6084768701151264,0.7935716089521472,0.7818314824680298,0.6234898018587336,-0.5680647467311559,0.8229838658936564,10.4664,15.0,10.4664,0.0,3.2346970833333333,73.12815958333333,53.10375,165.2240625,0.8023278333333334,,1,4
2021-11-24,10.4664,London Marylebone Road,London,Westminster,Greater London,Greater London Urban Area,Urban Traffic,51.52253,-0.154611,England,London Central,0,2,1,1,2021,11,24,2,328,47,4,0,1,8,18,Autumn,3,-0.5000000000000004,0.8660254037844384,-0.594726686960764,0.8039279618328208,0.9749279121818236,-0.2225209339563143,-0.5680647467311559,0.8229838658936564,10.4664,11.458,10.4664,0.0,6.950242173913043,113.37957,63.628043478260864,237.4992391304348,1.008804608695652,,2,4
2021-11-25,10.4664,London Marylebone Road,London,Westminster,Greater London,Greater London Urban Area,Urban Traffic,51.52253,-0.154611,England,London Central,0,2,1,1,2021,11,25,3,329,47,4,0,1,8,18,Autumn,3,-0.5000000000000004,0.8660254037844384,-0.5808002734538013,0.8140460935082175,0.4338837391175582,-0.900968867902419,-0.5680647467311559,0.8229838658936564,10.4664,11.127466666666669,10.4664,0.0,18.14423916666667,31.51511333333333,41.25421875,89.57671875,0.6281829166666667,,3,4
2021-11-26,10.4664,London Marylebone Road,London,Westminster,Greater London,Greater London Urban Area,Urban Traffic,51.52253,-0.154611,England,London Central,0,2,1,1,2021,11,26,4,330,47,4,0,1,8,18,Autumn,3,-0.5000000000000004,0.8660254037844384,-0.5667017562911184,0.8239230057575536,-0.433883739117558,-0.9009688679024191,-0.5680647467311559,0.8229838658936564,10.4664,10.796933333333332,10.4664,0.0,18.88431125,59.74567,54.67359375,146.25046875,0.8193057499999999,,4,4
2021-11-27,10.4664,London Marylebone Road,London,Westminster,Greater London,Greater London Urban Area,Urban Traffic,51.52253,-0.154611,England,London Central,0,2,1,1,2021,11,27,5,331,47,4,1,0,8,18,Autumn,3,-0.5000000000000004,0.8660254037844384,-0.5524353131676203,0.8335557718385695,-0.9749279121818236,-0.2225209339563146,-0.5680647467311559,0.8229838658936564,10.4664,10.4664,10.4664,0.0,49.50167541666667,7.71766875,15.02109375,26.8865625,0.4695606666666667,,5,4
2021-11-28,10.4664,London Marylebone Road,London,Westminster,Greater London,Greater London Urban Area,Urban Traffic,51.52253,-0.154611,England,London Central,0,2,1,1,2021,11,28,6,332,47,4,1,0,8,18,Autumn,3,-0.5000000000000004,0.8660254037844384,-0.5380051715382992,0.8429415373547832,-0.7818314824680299,0.6234898018587334,-0.5680647467311559,0.8229838658936564,10.4664,10.4664,10.4664,0.0,44.28790916666667,9.687363333333334,24.20109375,39.0628125,0.7601255833333332,,6,4
2021-11-29,10.4664,London Marylebone Road,London,Westminster,Greater London,Greater London Urban Area,Urban Traffic,51.52253,-0.154611,England,London Central,0,2,1,1,2021,11,29,0,333,48,4,0,1,8,18,Autumn,3,-0.5000000000000004,0.8660254037844384,-0.5234156073655503,0.8520775211013093,0.0,1.0,-0.4647231720437684,0.88545602565321,10.4664,10.4664,10.4664,0.0,6.926742083333333,120.29688791666666,67.75828125,252.195,1.0278915833333333,,0,4
2021-11-30,10.4664,London Marylebone Road,London,Westminster,Greater London,Greater London Urban Area,Urban Traffic,51.52253,-0.154611,England,London Central,0,2,1,1,2021,11,30,1,334,48,4,0,1,8,18,Autumn,3,-0.5000000000000004,0.8660254037844384,-0.5086709438521042,0.8609610158889945,0.7818314824680298,0.6234898018587336,-0.4647231720437684,0.88545602565321,10.4664,10.4664,10.4664,0.0,13.030257916666663,86.47426958333334,58.044375,190.67625,0.5534800833333333,,1,4
2021-12-01,10.4664,London Marylebone Road,London,Westminster,Greater London,Greater London Urban Area,Urban Traffic,51.52253,-0.154611,England,London Central,0,2,1,1,2021,12,1,2,335,48,4,0,1,8,18,Winter,0,-2.4492935982947064e-16,1.0,-0.4937755501599773,0.8695893893466109,0.9749279121818236,-0.2225209339563143,-0.4647231720437684,0.88545602565321,10.4664,10.4664,10.4664,0.0,35.5733525,22.763225,34.2178125,69.105,0.75818525,,2,4
2021-12-02,6.5,London Marylebone Road,London,Westminster,Greater London,Greater London Urban Area,Urban Traffic,51.52253,-0.154611,England,London Central,0,2,1,1,2021,12,2,3,336,48,4,0,1,8,18,Winter,0,-2.4492935982947064e-16,1.0,-0.4787338401157883,0.8779600847008883,0.4338837391175582,-0.900968867902419,-0.4647231720437684,0.88545602565321,10.4664,10.4664,9.144266666666663,2.290002107713742,25.3952825,43.86858041666667,45.35015625,112.62234375,1.0177048333333334,,3,4
2021-12-03,11.083,London Marylebone Road,London,Westminster,Greater London,Greater London Urban Area,Urban Traffic,51.52253,-0.154611,England,London Central,0,2,1,1,2021,12,3,4,337,48,4,0,1,8,18,Winter,0,-2.4492935982947064e-16,1.0,-0.4635502709028512,0.8860706215341378,-0.433883739117558,-0.9009688679024191,-0.4647231720437684,0.88545602565321,6.5,10.4664,9.3498,2.4871809182285154,8.398570833333332,130.99248541666665,74.46,275.31234375,0.9352406666666668,,4,4
2021-12-04,9.333,London Marylebone Road,London,Westminster,Greater London,Greater London Urban Area,Urban Traffic,51.52253,-0.154611,England,London Central,0,2,1,1,2021,12,4,5,338,48,4,1,0,8,18,Winter,0,-2.4492935982947064e-16,1.0,-0.4482293417404106,0.893918596519257,-0.9749279121818236,-0.2225209339563146,-0.4647231720437684,0.88545602565321,11.083,10.4664,8.972,2.3127284751998127,14.89291125,54.00289291666667,52.47421875,135.26953125,1.0167346666666666,,5,4
2021-12-05,3.583,London Marylebone Road,London,Westminster,Greater London,Greater London Urban Area,Urban Traffic,51.52253,-0.154611,England,London Central,0,2,1,1,2021,12,5,6,339,48,4,1,0,8,18,Winter,0,-2.4492935982947064e-16,1.0,-0.4327755925504317,0.9015016841318838,-0.7818314824680299,0.6234898018587334,-0.4647231720437684,0.88545602565321,9.333,10.4664,7.999666666666665,3.9237524556645273,40.03041583333333,7.71766875,16.2721875,28.073906250000004,0.5845254166666667,,6,4
2021-12-06,9.333,London Marylebone Road,London,Westminster,Greater London,Greater London Urban Area,Urban Traffic,51.52253,-0.154611,England,London Central,0,2,1,1,2021,12,6,0,340,49,4,0,1,8,18,Winter,0,-2.4492935982947064e-16,1.0,-0.4171936026123169,0.9088176373395028,0.0,1.0,-0.3546048870425359,0.9350162426854148,3.583,10.4664,7.4163333333333314,3.3197640478403616,8.55656375,89.10919083333333,60.72984375000001,197.35406250000003,0.88915775,,0,4
2021-12-07,7.792,London Marylebone Road,London,Westminster,Greater London,Greater London Urban Area,Urban Traffic,51.52253,-0.154611,England,London Central,0,2,1,1,2021,12,7,1,341,49,4,0,1,8,18,Winter,0,-2.4492935982947064e-16,1.0,-0.4014879892059737,0.9158642882672868,0.7818314824680298,0.6234898018587336,-0.3546048870425359,0.9350162426854148,9.333,10.4664,6.902666666666666,2.9763753683521568,15.150689166666666,78.79298041666667,70.7784375,191.62453125,0.6960945833333333,,1,4
2021-12-08,7.833,London Marylebone Road,London,Westminster,Greater London,Greater London Urban Area,Urban Traffic,51.52253,-0.154611,England,London Central,0,2,1,1,2021,12,8,2,342,49,4,0,1,8,18,Winter,0,-2.4492935982947064e-16,1.0,-0.3856634062436074,0.9226395488404876,0.9749279121818236,-0.2225209339563143,-0.3546048870425359,0.9350162426854148,7.792,10.4664,8.319333333333333,0.8781004118740647,24.47453909090909,77.92790227272727,64.06005681818182,183.55653409090908,0.7413837272727274,,2,4
2021-12-09,9.208,London Marylebone Road,London,Westminster,Greater London,Greater London Urban Area,Urban Traffic,51.52253,-0.154611,England,London Central,0,2,1,1,2021,12,9,3,343,49,4,0,1,8,18,Winter,0,-2.4492935982947064e-16,1.0,-0.3697245428906732,0.9291414114031744,0.4338837391175582,-0.900968867902419,-0.3546048870425359,0.9350162426854148,7.833,6.5,8.277666666666667,0.8059530590136145,11.508536666666666,112.1010875,74.18906249999999,246.075,0.8052383333333334,,3,4
2021-12-10,6.333,London Marylebone Road,London,Westminster,Greater London,Greater London Urban Area,Urban Traffic,51.52253,-0.154611,England,London Central,0,2,1,1,2021,12,10,4,344,49,4,0,1,8,18,Winter,0,-2.4492935982947064e-16,1.0,-0.353676122176372,0.935367949313148,-0.433883739117558,-0.9009688679024191,-0.3546048870425359,0.9350162426854148,9.208,11.083,7.7913333333333314,1.4379528272281448,35.024535,21.209297083333336,35.00671875,67.5590625,0.9517335,,4,4
2021-12-11,10.083,London Marylebone Road,London,Westminster,Greater London,Greater London Urban Area,Urban Traffic,51.52253,-0.154611,England,London Central,0,2,1,1,2021,12,11,5,345,49,4,1,0,8,18,Winter,0,-2.4492935982947064e-16,1.0,-0.3375228995941134,0.941317317512847,-0.9749279121818236,-0.2225209339563146,-0.3546048870425359,0.9350162426854148,6.333,9.333,8.541333333333332,1.961876227832275,5.496490416666667,94.42580708333332,67.85390625000001,212.64609375,0.8037830833333334,,5,4
2021-12-12,6.625,London Marylebone Road,London,Westminster,Greater London,Greater London Urban Area,Urban Traffic,51.52253,-0.154611,England,London Central,0,2,1,1,2021,12,12,6,346,49,4,1,0,8,18,Winter,0,-2.4492935982947064e-16,1.0,-0.3212696616923651,0.9469877530760752,-0.7818314824680299,0.6234898018587334,-0.3546048870425359,0.9350162426854148,10.083,3.583,7.680333333333333,2.085886222528309,17.204597083333333,60.62397708333333,52.76109375000001,145.74046875,0.4001937499999999,,6,4
2021-12-13,6.208,London Marylebone Road,London,Westminster,Greater London,Greater London Urban Area,Urban Traffic,51.52253,-0.154611,England,London Central,0,2,1,1,2021,12,13,0,347,50,4,0,1,8,18,Winter,0,-2.4492935982947064e-16,1.0,-0.3049212246562894,0.9523775757303972,0.0,1.0,-0.2393156642875578,0.970941817426052,6.625,9.333,7.638666666666666,2.127098101483196,17.271120416666665,76.50106666666666,55.52625,172.82625,0.44967225,,0,4
2021-12-14,9.083,London Marylebone Road,London,Westminster,Greater London,Greater London Urban Area,Urban Traffic,51.52253,-0.154611,England,London Central,0,2,1,1,2021,12,14,1,348,50,4,0,1,8,18,Winter,0,-2.4492935982947064e-16,1.0,-0.2884824328806098,0.9574851883550388,0.7818314824680298,0.6234898018587336,-0.2393156642875578,0.970941817426052,6.208,7.792,7.305333333333333,1.5535592468050343,9.9286075,96.52023166666667,57.54234374999999,205.55390625,0.5117629166666667,,1,4
2021-12-15,8.208,London Marylebone Road,London,Westminster,Greater London,Greater London Urban Area,Urban Traffic,51.52253,-0.154611,England,London Central,0,2,1,1,2021,12,15,2,349,50,4,0,1,8,18,Winter,0,-2.4492935982947064e-16,1.0,-0.2719581575341052,0.9623090774541488,0.9749279121818236,-0.2225209339563143,-0.2393156642875578,0.970941817426052,9.083,7.833,7.832999999999998,1.4737282653189767,10.494055833333332,92.16507583333332,63.24,204.5259375,0.5753088333333333,,2,4
2021-12-16,8.837310344827586,London Marylebone Road,London,Westminster,Greater London,Greater London Urban Area,Urban Traffic,51.52253,-0.154611,England,London Central,0,2,1,1,2021,12,16,3,350,50,4,0,1,8,18,Winter,0,-2.4492935982947064e-16,1.0,-0.2553532951161881,0.9668478136052772,0.4338837391175582,-0.900968867902419,-0.2393156642875578,0.970941817426052,8.208,9.208,8.709436781609194,0.4512981122580553,24.455640416666668,26.702614166666667,46.0753125,87.01078125,0.4661650833333333,,3,4
2021-12-17,9.466620689655173,London Marylebone Road,London,Westminster,Greater London,Greater London Urban Area,Urban Traffic,51.52253,-0.154611,England,London Central,0,2,1,1,2021,12,17,4,351,50,4,0,1,8,18,Winter,0,-2.4492935982947064e-16,1.0,-0.2386727660059499,0.9711000518829505,-0.433883739117558,-0.9009688679024191,-0.2393156642875578,0.970941817426052,8.837310344827586,6.333,8.837310344827586,0.6293103448276304,29.37836708333333,16.765790833333334,30.70359375,56.42671875,0.424933,,4,4
2021-12-18,10.095931034482758,London Marylebone Road,London,Westminster,Greater London,Greater London Urban Area,Urban Traffic,51.52253,-0.154611,England,London Central,0,2,1,1,2021,12,18,5,352,50,4,1,0,8,18,Winter,0,-2.4492935982947064e-16,1.0,-0.2219215130041667,0.9750645322571944,-0.9749279121818236,-0.2225209339563146,-0.2393156642875578,0.970941817426052,9.466620689655173,10.083,9.466620689655173,0.6293103448276182,20.34782458333333,35.47009375,38.25796875,92.6446875,0.4428810833333333,,5,4
2021-12-19,10.095931034482758,London Marylebone Road,London,Westminster,Greater London,Greater London Urban Area,Urban Traffic,51.52253,-0.154611,England,London Central,0,2,1,1,2021,12,19,6,353,50,4,1,0,8,18,Winter,0,-2.4492935982947064e-16,1.0,-0.2051044998686192,0.9787400799669153,-0.7818314824680299,0.6234898018587334,-0.2393156642875578,0.970941817426052,10.095931034482758,6.625,9.88616091954023,0.3633324969900644,16.023807916666666,11.27247375,27.38859375,44.65687500000001,0.5064270000000001,,6,4
2021-12-20,10.095931034482758,London Marylebone Road,London,Westminster,Greater London,Greater London Urban Area,Urban Traffic,51.52253,-0.154611,England,London Central,0,2,1,1,2021,12,20,0,354,51,4,0,1,8,18,Winter,0,-2.4492935982947064e-16,1.0,-0.1882267098432439,0.9821256058680006,0.0,1.0,-0.1205366802553236,0.992708874098054,10.095931034482758,6.208,10.095931034482758,0.0,40.52102541666667,12.618518333333334,31.16578125,50.49796874999999,0.529711,,0,4
2021-12-21,10.095931034482758,London Marylebone Road,London,Westminster,Greater London,Greater London Urban Area,Urban Traffic,51.52253,-0.154611,England,London Central,0,2,1,1,2021,12,21,1,355,51,4,0,1,8,18,Winter,0,-2.4492935982947064e-16,1.0,-0.1712931441814778,0.9852201067560606,0.7818314824680298,0.6234898018587336,-0.1205366802553236,0.992708874098054,10.095931034482758,9.083,10.095931034482758,0.0,23.91513833333333,45.84347208333333,50.7290625,121.029375,0.7693421666666667,,1,4
2021-12-22,10.095931034482758,London Marylebone Road,London,Westminster,Greater London,Greater London Urban Area,Urban Traffic,51.52253,-0.154611,England,London Central,0,2,1,1,2021,12,22,2,356,51,4,0,1,8,18,Winter,0,-2.4492935982947064e-16,1.0,-0.154308820664281,0.9880226656636976,0.9749279121818236,-0.2225209339563143,-0.1205366802553236,0.992708874098054,10.095931034482758,8.208,10.095931034482758,0.0,4.307385833333334,78.5094004347826,59.14614130434782,179.52554347826086,0.9410616666666668,,2,4
2021-12-23,10.095931034482758,London Marylebone Road,London,Westminster,Greater London,Greater London Urban Area,Urban Traffic,51.52253,-0.154611,England,London Central,0,2,1,1,2021,12,23,3,357,51,4,0,1,8,18,Winter,0,-2.4492935982947064e-16,1.0,-0.1372787721132651,0.9905324521322229,0.4338837391175582,-0.900968867902419,-0.1205366802553236,0.992708874098054,10.095931034482758,8.837310344827586,10.095931034482758,0.0,4.2491779166666666,84.02644333333333,53.805,182.64375,0.7004603333333334,,3,4
2021-12-24,10.095931034482758,London Marylebone Road,London,Westminster,Greater London,Greater London Urban Area,Urban Traffic,51.52253,-0.154611,England,London Central,0,2,1,1,2021,12,24,4,358,51,4,0,1,8,18,Winter,0,-2.4492935982947064e-16,1.0,-0.1202080448993527,0.9927487224577402,-0.433883739117558,-0.9009688679024191,-0.1205366802553236,0.992708874098054,10.095931034482758,9.466620689655173,10.095931034482758,0.0,13.14667375,51.51349,52.76109374999999,131.73140625,0.5675475,,4,4
2021-12-25,10.095931034482758,London Marylebone Road,London,Westminster,Greater London,Greater London Urban Area,Urban Traffic,51.52253,-0.154611,England,London Central,0,2,1,1,2021,12,25,5,359,51,4,1,0,8,18,Winter,0,-2.4492935982947064e-16,1.0,-0.1031016974474354,0.9946708199115212,-0.9749279121818236,-0.2225209339563146,-0.1205366802553236,0.992708874098054,10.095931034482758,10.095931034482758,10.095931034482758,0.0,16.298216666666665,40.35535208333334,34.87921875,96.74859375,0.57773425,,5,4
2021-12-26,10.095931034482758,London Marylebone Road,London,Westminster,Greater London,Greater London Urban Area,Urban Traffic,51.52253,-0.154611,England,London Central,0,2,1,1,2021,12,26,6,360,51,4,1,0,8,18,Winter,0,-2.4492935982947064e-16,1.0,-0.0859647987374467,0.9962981749346076,-0.7818314824680299,0.6234898018587334,-0.1205366802553236,0.992708874098054,10.095931034482758,10.095931034482758,10.095931034482758,0.0,2.685879583333333,51.02496416666667,37.98703125,116.22421875,0.7771035,,6,4
2021-12-27,10.095931034482758,London Marylebone Road,London,Westminster,Greater London,Greater London Urban Area,Urban Traffic,51.52253,-0.154611,England,London Central,0,2,1,1,2021,12,27,0,361,52,4,0,1,8,18,Winter,0,-2.4492935982947064e-16,1.0,-0.0688024268023206,0.9976303053065856,0.0,1.0,6.432490598706546e-16,1.0,10.095931034482758,10.095931034482758,10.095931034482758,0.0,20.397717083333333,39.56539541666667,49.78078125,110.3990625,0.4501573333333333,,0,4
2021-12-28,10.095931034482758,London Marylebone Road,London,Westminster,Greater London,Greater London Urban Area,Urban Traffic,51.52253,-0.154611,England,London Central,0,2,1,1,2021,12,28,1,362,52,4,0,1,8,18,Winter,0,-2.4492935982947064e-16,1.0,-0.0516196672232541,0.998666816288476,0.7818314824680298,0.6234898018587336,6.432490598706546e-16,1.0,10.095931034482758,10.095931034482758,10.095931034482758,0.0,32.36360166666667,20.22704833333333,33.95484375,64.98515625,0.7775885833333334,,1,4
2021-12-29,10.095931034482758,London Marylebone Road,London,Westminster,Greater London,Greater London Urban Area,Urban Traffic,51.52253,-0.154611,England,London Central,0,2,1,1,2021,12,29,2,363,52,4,0,1,8,18,Winter,0,-2.4492935982947064e-16,1.0,-0.0344216116227458,0.9994074007397048,0.9749279121818236,-0.2225209339563143,6.432490598706546e-16,1.0,10.095931034482758,10.095931034482758,10.095931034482758,0.0,17.345959166666667,40.59441791666666,43.64484375,105.86484375,0.45258275,,2,4
2021-12-30,10.095931034482758,London Marylebone Road,London,Westminster,Greater London,Greater London Urban Area,Urban Traffic,51.52253,-0.154611,England,London Central,0,2,1,1,2021,12,30,3,364,52,4,0,1,8,18,Winter,0,-2.4492935982947064e-16,1.0,-0.0172133561558352,0.9998518392091162,0.4338837391175582,-0.900968867902419,6.432490598706546e-16,1.0,10.095931034482758,10.095931034482758,10.095931034482758,0.0,27.083312083333336,34.342326666666665,30.87890625,83.5125,0.250303,,3,4
2021-12-31,10.095931034482758,London Marylebone Road,London,Westminster,Greater London,Greater London Urban Area,Urban Traffic,51.52253,-0.154611,England,London Central,0,2,1,1,2021,12,31,4,365,52,4,0,1,8,18,Winter,0,-2.4492935982947064e-16,1.0,6.432490598706546e-16,1.0,-0.433883739117558,-0.9009688679024191,6.432490598706546e-16,1.0,10.095931034482758,10.095931034482758,10.095931034482758,0.0,27.349405416666663,32.409011666666665,33.60421875,83.28937499999999,0.3182146666666667,,4,4
2022-01-01,10.095931034482758,London Marylebone Road,London,Westminster,Greater London,Greater London Urban Area,Urban Traffic,51.52253,-0.154611,England,London Central,0,2,1,1,2022,1,1,5,1,52,1,1,0,8,18,Winter,0,0.4999999999999999,0.8660254037844387,0.0172133561558346,0.9998518392091162,-0.9749279121818236,-0.2225209339563146,6.432490598706546e-16,1.0,10.095931034482758,10.095931034482758,10.095931034482758,0.0,19.965315416666662,33.25613625,34.89515625,85.87921875,0.2672809166666666,,5,1
2022-01-02,10.095931034482758,London Marylebone Road,London,Westminster,Greater London,Greater London Urban Area,Urban Traffic,51.52253,-0.154611,England,London Central,0,2,1,1,2022,1,2,6,2,52,1,1,0,8,18,Winter,0,0.4999999999999999,0.8660254037844387,0.0344216116227457,0.9994074007397048,-0.7818314824680299,0.6234898018587334,6.432490598706546e-16,1.0,10.095931034482758,10.095931034482758,10.095931034482758,0.0,39.18224333333333,23.15300625,34.41703125,69.9178125,0.2973560833333333,,6,1
2022-01-03,10.095931034482758,London Marylebone Road,London,Westminster,Greater London,Greater London Urban Area,Urban Traffic,51.52253,-0.154611,England,London Central,0,2,1,1,2022,1,3,0,3,1,1,0,1,8,18,Winter,0,0.4999999999999999,0.8660254037844387,0.0516196672232537,0.998666816288476,0.0,1.0,0.120536680255323,0.992708874098054,10.095931034482758,10.095931034482758,10.095931034482758,0.0,33.735645416666664,32.5233475,44.9278125,94.8121875,0.395828,,0,1
2022-01-04,10.095931034482758,London Marylebone Road,London,Westminster,Greater London,Greater London Urban Area,Urban Traffic,51.52253,-0.154611,England,London Central,0,2,1,1,2022,1,4,1,4,1,1,0,1,8,18,Winter,0,0.4999999999999999,0.8660254037844387,0.0688024268023198,0.9976303053065856,0.7818314824680298,0.6234898018587336,0.120536680255323,0.992708874098054,10.095931034482758,10.095931034482758,10.095931034482758,0.0,26.36818625,22.009647916666665,38.48109375,72.23671875,0.57191325,,1,1
2022-01-05,10.095931034482758,London Marylebone Road,London,Westminster,Greater London,Greater London Urban Area,Urban Traffic,51.52253,-0.154611,England,London Central,0,2,1,1,2022,1,5,2,5,1,1,0,1,8,18,Winter,0,0.4999999999999999,0.8660254037844387,0.0859647987374464,0.9962981749346078,0.9749279121818236,-0.2225209339563143,0.120536680255323,0.992708874098054,10.095931034482758,10.095931034482758,10.095931034482758,0.0,20.78379,25.046971904761904,43.35,81.74571428571429,0.9854610588235294,,2,1
2022-01-06,10.095931034482758,London Marylebone Road,London,Westminster,Greater London,Greater London Urban Area,Urban Traffic,51.52253,-0.154611,England,London Central,0,2,1,1,2022,1,6,3,6,1,1,0,1,8,18,Winter,0,0.4999999999999999,0.8660254037844387,0.1031016974474348,0.9946708199115212,0.4338837391175582,-0.900968867902419,0.120536680255323,0.992708874098054,10.095931034482758,10.095931034482758,10.095931034482758,0.0,9.321582083333334,76.73493541666666,63.85359375,181.50421875,0.56318175,,3,1
2022-01-07,10.095931034482758,London Marylebone Road,London,Westminster,Greater London,Greater London Urban Area,Urban Traffic,51.52253,-0.154611,England,London Central,0,2,1,1,2022,1,7,4,7,1,1,0,1,8,18,Winter,0,0.4999999999999999,0.8660254037844387,0.1202080448993527,0.9927487224577402,-0.433883739117558,-0.9009688679024191,0.120536680255323,0.992708874098054,10.095931034482758,10.095931034482758,10.095931034482758,0.0,23.30811291666667,55.3489375,60.0046875,144.87984375,0.5631817499999999,,4,1
2022-01-08,10.095931034482758,London Marylebone Road,London,Westminster,Greater London,Greater London Urban Area,Urban Traffic,51.52253,-0.154611,England,London Central,0,2,1,1,2022,1,8,5,8,1,1,1,0,8,18,Winter,0,0.4999999999999999,0.8660254037844387,0.1372787721132647,0.9905324521322229,-0.9749279121818236,-0.2225209339563146,0.120536680255323,0.992708874098054,10.095931034482758,10.095931034482758,10.095931034482758,0.0,25.204027916666664,35.485685,48.88828125,103.31484375,0.4860534999999999,,5,1
2022-01-09,10.095931034482758,London Marylebone Road,London,Westminster,Greater London,Greater London Urban Area,Urban Traffic,51.52253,-0.154611,England,London Central,0,2,1,1,2022,1,9,6,9,1,1,1,0,8,18,Winter,0,0.4999999999999999,0.8660254037844387,0.1543088206642811,0.9880226656636976,-0.7818314824680299,0.6234898018587334,0.120536680255323,0.992708874098054,10.095931034482758,10.095931034482758,10.095931034482758,0.0,19.566175416666667,48.457605,56.57015625,130.87875,0.5825850833333334,,6,1
2022-01-10,10.095931034482758,London Marylebone Road,London,Westminster,Greater London,Greater London Urban Area,Urban Traffic,51.52253,-0.154611,England,London Central,0,2,1,1,2022,1,10,0,10,2,1,0,1,8,18,Winter,0,0.4999999999999999,0.8660254037844387,0.1712931441814776,0.9852201067560606,0.0,1.0,0.2393156642875577,0.970941817426052,10.095931034482758,10.095931034482758,10.095931034482758,0.0,4.432117083333334,84.52016625,67.61484374999999,197.17875,0.52825575,,0,1
2022-01-11,10.095931034482758,London Marylebone Road,London,Westminster,Greater London,Greater London Urban Area,Urban Traffic,51.52253,-0.154611,England,London Central,0,2,1,1,2022,1,11,1,11,2,1,0,1,8,18,Winter,0,0.4999999999999999,0.8660254037844387,0.1882267098432442,0.9821256058680006,0.7818314824680298,0.6234898018587336,0.2393156642875577,0.970941817426052,10.095931034482758,10.095931034482758,10.095931034482758,0.0,13.77033,58.986895833333335,47.955937500000005,138.40125,0.2629151666666666,,1,1
2022-01-12,10.095931034482758,London Marylebone Road,London,Westminster,Greater London,Greater London Urban Area,Urban Traffic,51.52253,-0.154611,England,London Central,0,2,1,1,2022,1,12,2,12,2,1,0,1,8,18,Winter,0,0.4999999999999999,0.8660254037844387,0.2051044998686192,0.9787400799669153,0.9749279121818236,-0.2225209339563143,0.2393156642875577,0.970941817426052,10.095931034482758,10.095931034482758,10.095931034482758,0.0,4.6400025000000005,119.83954458333334,68.7384375,252.47390625,0.6699000833333333,,2,1
2022-01-13,26.458,London Marylebone Road,London,Westminster,Greater London,Greater London Urban Area,Urban Traffic,51.52253,-0.154611,England,London Central,0,2,1,1,2022,1,13,3,13,2,1,0,1,8,18,Winter,0,0.4999999999999999,0.8660254037844387,0.2219215130041655,0.9750645322571948,0.4338837391175582,-0.900968867902419,0.2393156642875577,0.970941817426052,10.095931034482758,10.095931034482758,15.549954022988503,9.446644921740596,1.6048754166666666,150.78817583333333,76.4521875,307.6415625,0.7940814166666667,,3,1
2022-01-14,38.292,London Marylebone Road,London,Westminster,Greater London,Greater London Urban Area,Urban Traffic,51.52253,-0.154611,England,London Central,0,2,1,1,2022,1,14,4,14,2,1,0,1,8,18,Winter,0,0.4999999999999999,0.8660254037844387,0.2386727660059501,0.9711000518829505,-0.433883739117558,-0.9009688679024191,0.2393156642875577,0.970941817426052,26.458,10.095931034482758,24.94864367816092,14.158502521691958,1.87096875,161.42660541666666,80.325,327.82640625,0.9599799166666668,,4,1
2022-01-15,26.833,London Marylebone Road,London,Westminster,Greater London,Greater London Urban Area,Urban Traffic,51.52253,-0.154611,England,London Central,0,2,1,1,2022,1,15,5,15,2,1,1,0,8,18,Winter,0,0.4999999999999999,0.8660254037844387,0.255353295116187,0.9668478136052776,-0.9749279121818236,-0.2225209339563146,0.2393156642875577,0.970941817426052,38.292,10.095931034482758,30.527666666666665,6.726723595728676,1.92086125,84.86837083333333,60.72984374999999,190.87546875,0.55445025,,5,1
2022-01-16,16.708,London Marylebone Road,London,Westminster,Greater London,Greater London Urban Area,Urban Traffic,51.52253,-0.154611,England,London Central,0,2,1,1,2022,1,16,6,16,2,1,1,0,8,18,Winter,0,0.4999999999999999,0.8660254037844387,0.2719581575341055,0.9623090774541486,-0.7818314824680299,0.6234898018587334,0.2393156642875577,0.970941817426052,26.833,10.095931034482758,27.277666666666665,10.79886847467516,11.267389583333332,35.21023958333333,45.98765624999999,99.96,0.62721275,,6,1
2022-01-17,17.292,London Marylebone Road,London,Westminster,Greater London,Greater London Urban Area,Urban Traffic,51.52253,-0.154611,England,London Central,0,2,1,1,2022,1,17,0,17,3,1,0,1,8,18,Winter,0,0.4999999999999999,0.8660254037844387,0.288482432880609,0.9574851883550392,0.0,1.0,0.3546048870425356,0.9350162426854148,16.708,10.095931034482758,20.277666666666665,5.684589724275023,7.5337675,133.86127541666667,73.06546875,278.32453125,0.7344161666666666,,0,1
2022-01-18,28.542,London Marylebone Road,London,Westminster,Greater London,Greater London Urban Area,Urban Traffic,51.52253,-0.154611,England,London Central,0,2,1,1,2022,1,18,1,18,3,1,0,1,8,18,Winter,0,0.4999999999999999,0.8660254037844387,0.304921224656289,0.9523775757303974,0.7818314824680298,0.6234898018587336,0.3546048870425356,0.9350162426854148,17.292,10.095931034482758,20.84733333333333,6.67017131214283,2.635987083333333,165.35040333333333,74.72296874999999,328.24875000000003,0.8193057499999999,,1,1
2022-01-19,19.083,London Marylebone Road,London,Westminster,Greater London,Greater London Urban Area,Urban Traffic,51.52253,-0.154611,England,London Central,0,2,1,1,2022,1,19,2,19,3,1,0,1,8,18,Winter,0,0.4999999999999999,0.8660254037844387,0.3212696616923644,0.9469877530760752,0.9749279121818236,-0.2225209339563143,0.3546048870425356,0.9350162426854148,28.542,10.095931034482758,21.639,6.044871958941714,16.331478333333333,38.30837913043478,47.272010869565214,106.01902173913044,0.3730501739130435,,2,1
2022-01-20,17.917,London Marylebone Road,London,Westminster,Greater London,Greater London Urban Area,Urban Traffic,51.52253,-0.154611,England,London Central,0,2,1,1,2022,1,20,3,20,3,1,0,1,8,18,Winter,0,0.4999999999999999,0.8660254037844387,0.3375228995941133,0.9413173175128472,0.4338837391175582,-0.900968867902419,0.3546048870425356,0.9350162426854148,19.083,26.458,21.84733333333333,5.82698981750725,31.748260833333333,12.6289125,34.27359375,53.5978125,0.3909771666666666,,3,1
2022-01-21,17.26,London Marylebone Road,London,Westminster,Greater London,Greater London Urban Area,Urban Traffic,51.52253,-0.154611,England,London Central,0,2,1,1,2022,1,21,4,21,3,1,0,1,8,18,Winter,0,0.4999999999999999,0.8660254037844387,0.3536761221763716,0.9353679493131484,-0.433883739117558,-0.9009688679024191,0.3546048870425356,0.9350162426854148,17.917,38.292,18.08666666666667,0.9232672058149028,7.418797826086957,82.8717459090909,69.43244318181819,196.49198863636363,0.7845695652173914,,4,1
2022-01-22,13.0,London Marylebone Road,London,Westminster,Greater London,Greater London Urban Area,Urban Traffic,51.52253,-0.154611,England,London Central,0,2,1,1,2022,1,22,5,22,3,1,1,0,8,18,Winter,0,0.4999999999999999,0.8660254037844387,0.3697245428906731,0.9291414114031744,-0.9749279121818236,-0.2225209339563146,0.3546048870425356,0.9350162426854148,17.26,26.833,16.059,2.669461181587025,28.646610416666665,16.921703333333333,39.301875,65.27203125,0.45840375,,5,1
2022-01-23,16.167,London Marylebone Road,London,Westminster,Greater London,Greater London Urban Area,Urban Traffic,51.52253,-0.154611,England,London Central,0,2,1,1,2022,1,23,6,23,3,1,1,0,8,18,Winter,0,0.4999999999999999,0.8660254037844387,0.385663406243607,0.9226395488404876,-0.7818314824680299,0.6234898018587334,0.3546048870425356,0.9350162426854148,13.0,16.708,15.475666666666667,2.2125452161104757,28.846180416666662,37.39821166666667,45.2625,102.59765625,0.37690975,,6,1
2022-01-24,21.708,London Marylebone Road,London,Westminster,Greater London,Greater London Urban Area,Urban Traffic,51.52253,-0.154611,England,London Central,0,2,1,1,2022,1,24,0,24,4,1,0,1,8,18,Winter,0,0.4999999999999999,0.8660254037844387,0.401487989205973,0.9158642882672872,0.0,1.0,0.4647231720437685,0.8854560256532099,16.167,17.292,16.958333333333332,4.4076039220117424,17.38753625,38.12580333333333,47.90015625,106.3509375,0.3395583333333333,,0,1
2022-01-25,30.0,London Marylebone Road,London,Westminster,Greater London,Greater London Urban Area,Urban Traffic,51.52253,-0.154611,England,London Central,0,2,1,1,2022,1,25,1,25,4,1,0,1,8,18,Winter,0,0.4999999999999999,0.8660254037844387,0.4171936026123168,0.9088176373395028,0.7818314824680298,0.6234898018587336,0.4647231720437685,0.8854560256532099,21.708,28.542,22.625,6.961942185913339,13.978215416666666,39.88761458333333,44.39390624999999,105.538125,0.5403828333333334,,1,1
2022-01-26,22.583,London Marylebone Road,London,Westminster,Greater London,Greater London Urban Area,Urban Traffic,51.52253,-0.154611,England,London Central,0,2,1,1,2022,1,26,2,26,4,1,0,1,8,18,Winter,0,0.4999999999999999,0.8660254037844387,0.4327755925504312,0.901501684131884,0.9749279121818236,-0.2225209339563143,0.4647231720437685,0.8854560256532099,30.0,19.083,24.763666666666666,4.555852975385958,9.9485645,67.915485,56.7151875,160.8890625,0.5751147999999999,,2,1
2022-01-27,11.542,London Marylebone Road,London,Westminster,Greater London,Greater London Urban Area,Urban Traffic,51.52253,-0.154611,England,London Central,0,2,1,1,2022,1,27,3,27,4,1,0,1,8,18,Winter,0,0.4999999999999999,0.8660254037844387,0.4482293417404106,0.893918596519257,0.4338837391175582,-0.900968867902419,0.4647231720437685,0.8854560256532099,22.583,17.917,21.375,9.288104704405512,17.994561666666666,49.55938666666666,52.1475,128.1534375,0.4414258333333333,,3,1
2022-01-28,19.833,London Marylebone Road,London,Westminster,Greater London,Greater London Urban Area,Urban Traffic,51.52253,-0.154611,England,London Central,0,2,1,1,2022,1,28,4,28,4,1,0,1,8,18,Winter,0,0.4999999999999999,0.8660254037844387,0.4635502709028509,0.886070621534138,-0.433883739117558,-0.9009688679024191,0.4647231720437685,0.8854560256532099,11.542,17.26,17.986,5.747562700832404,6.876849583333333,85.62194791666667,65.79796875,197.0671875,0.5204944166666666,,4,1
2022-01-29,12.208,London Marylebone Road,London,Westminster,Greater London,Greater London Urban Area,Urban Traffic,51.52253,-0.154611,England,London Central,0,2,1,1,2022,1,29,5,29,4,1,1,0,8,18,Winter,0,0.4999999999999999,0.8660254037844387,0.4787338401157884,0.8779600847008882,-0.9749279121818236,-0.2225209339563146,0.4647231720437685,0.8854560256532099,19.833,13.0,14.527666666666669,4.606605076771104,34.30940916666667,17.264710833333332,34.2178125,60.658125000000005,0.3405285,,5,1
2022-01-30,16.042,London Marylebone Road,London,Westminster,Greater London,Greater London Urban Area,Urban Traffic,51.52253,-0.154611,England,London Central,0,2,1,1,2022,1,30,6,30,4,1,1,0,8,18,Winter,0,0.4999999999999999,0.8660254037844387,0.4937755501599772,0.869589389346611,-0.7818314824680299,0.6234898018587334,0.4647231720437685,0.8854560256532099,12.208,16.167,16.027666666666665,3.812520207596711,22.15227,35.96901375,52.0678125,107.24343749999998,0.60974975,,6,1
2022-01-31,11.875,London Marylebone Road,London,Westminster,Greater London,Greater London Urban Area,Urban Traffic,51.52253,-0.154611,England,London Central,0,2,1,1,2022,1,31,0,31,5,1,0,1,8,18,Winter,0,0.4999999999999999,0.8660254037844387,0.5086709438521044,0.8609610158889943,0.0,1.0,0.5680647467311558,0.8229838658936564,16.042,21.708,13.375,2.3156832684976623,50.5411025,11.636269583333332,26.22515625,44.02734375,0.7004603333333334,,0,1
2022-02-01,7.792,London Marylebone Road,London,Westminster,Greater London,Greater London Urban Area,Urban Traffic,51.52253,-0.154611,England,London Central,0,2,1,1,2022,2,1,1,32,5,1,0,1,8,18,Winter,0,0.8660254037844386,0.5000000000000001,0.5234156073655503,0.8520775211013093,0.7818314824680298,0.6234898018587336,0.5680647467311558,0.8229838658936564,11.875,30.0,11.903,4.1250712721115566,27.74854541666667,25.19546,42.05109375,80.7075,0.6393398333333333,,1,1
2022-02-02,14.208,London Marylebone Road,London,Westminster,Greater London,Greater London Urban Area,Urban Traffic,51.52253,-0.154611,England,London Central,0,2,1,1,2022,2,2,2,33,5,1,0,1,8,18,Winter,0,0.8660254037844386,0.5000000000000001,0.5380051715382996,0.8429415373547828,0.9749279121818236,-0.2225209339563143,0.5680647467311558,0.8229838658936564,7.792,22.583,11.291666666666666,3.24753326901102,15.392920869565216,50.03842217391305,50.14076086956521,126.89021739130436,0.5137665217391304,,2,1
2022-02-03,8.833,London Marylebone Road,London,Westminster,Greater London,Greater London Urban Area,Urban Traffic,51.52253,-0.154611,England,London Central,0,2,1,1,2022,2,3,3,34,5,1,0,1,8,18,Winter,0,0.8660254037844386,0.5000000000000001,0.5524353131676196,0.8335557718385699,0.4338837391175582,-0.900968867902419,0.5680647467311558,0.8229838658936564,14.208,11.542,10.277666666666669,3.4433356405284434,21.021373333333333,63.87735125,59.32734375,157.2871875,0.3604169166666666,,3,1
2022-02-04,9.667,London Marylebone Road,London,Westminster,Greater London,Greater London Urban Area,Urban Traffic,51.52253,-0.154611,England,London Central,0,2,1,1,2022,2,4,4,35,5,1,0,1,8,18,Winter,0,0.8660254037844386,0.5000000000000001,0.5667017562911176,0.8239230057575542,-0.433883739117558,-0.9009688679024191,0.5680647467311558,0.8229838658936564,8.833,19.833,10.902666666666669,2.8927167737843624,33.81879958333334,32.87674916666666,45.84421875,96.2465625,0.5161286666666667,,4,1
2022-02-05,12.458,London Marylebone Road,London,Westminster,Greater London,Greater London Urban Area,Urban Traffic,51.52253,-0.154611,England,London Central,0,2,1,1,2022,2,5,5,36,5,1,1,0,8,18,Winter,0,0.8660254037844386,0.5000000000000001,0.5808002734538009,0.8140460935082178,-0.9749279121818236,-0.2225209339563146,0.5680647467311558,0.8229838658936564,9.667,12.208,10.319333333333333,1.8985021288725024,26.027254166666665,41.19727958333333,48.991875,112.1521875,0.4259031666666666,,5,1
2022-02-06,10.75,London Marylebone Road,London,Westminster,Greater London,Greater London Urban Area,Urban Traffic,51.52253,-0.154611,England,London Central,0,2,1,1,2022,2,6,6,37,5,1,1,0,8,18,Winter,0,0.8660254037844386,0.5000000000000001,0.5947266869607634,0.8039279618328213,-0.7818314824680299,0.6234898018587334,0.5680647467311558,0.8229838658936564,12.458,16.042,10.958333333333334,1.4071148969907914,48.212785833333335,13.429263333333331,25.8346875,46.4259375,0.5015761666666666,,6,1
2022-02-07,11.833,London Marylebone Road,London,Westminster,Greater London,Greater London Urban Area,Urban Traffic,51.52253,-0.154611,England,London Central,0,2,1,1,2022,2,7,0,38,6,1,0,1,8,18,Winter,0,0.8660254037844386,0.5000000000000001,0.6084768701151261,0.7935716089521474,0.0,1.0,0.6631226582407952,0.7485107481711011,10.75,11.875,11.680333333333332,0.8641737865345055,19.990261666666665,62.780766666666665,57.6140625,153.93234375,0.63594425,,0,1
2022-02-08,7.292,London Marylebone Road,London,Westminster,Greater London,Greater London Urban Area,Urban Traffic,51.52253,-0.154611,England,London Central,0,2,1,1,2022,2,8,1,39,6,1,0,1,8,18,Winter,0,0.8660254037844386,0.5000000000000001,0.6220467484408675,0.7829801036770628,0.7818314824680298,0.6234898018587336,0.6631226582407952,0.7485107481711011,11.833,7.792,9.958333333333334,2.371755116645357,28.156000833333334,56.481901666666666,55.940625,142.52906249999998,0.3007516666666667,,1,1
2022-02-09,5.292,London Marylebone Road,London,Westminster,Greater London,Greater London Urban Area,Urban Traffic,51.52253,-0.154611,England,London Central,0,2,1,1,2022,2,9,2,40,6,1,0,1,8,18,Winter,0,0.8660254037844386,0.5000000000000001,0.6354323008901774,0.7721565844991642,0.9749279121818236,-0.2225209339563143,0.6631226582407952,0.7485107481711011,7.292,14.208,8.139000000000001,3.351749841500728,21.67829125,65.98217,59.39906250000001,160.58625,0.3225804166666666,,2,1
2022-02-10,10.083,London Marylebone Road,London,Westminster,Greater London,Greater London Urban Area,Urban Traffic,51.52253,-0.154611,England,London Central,0,2,1,1,2022,2,10,3,41,6,1,0,1,8,18,Winter,0,0.8660254037844386,0.5000000000000001,0.6486295610349814,0.7611042586607747,0.4338837391175582,-0.900968867902419,0.6631226582407952,0.7485107481711011,5.292,8.833,7.555666666666667,2.406358313579568,21.97487444444444,34.959047222222225,52.4025,105.963125,0.8666822222222222,,3,1
2022-02-11,11.625,London Marylebone Road,London,Westminster,Greater London,Greater London Urban Area,Urban Traffic,51.52253,-0.154611,England,London Central,0,2,1,1,2022,2,11,4,42,6,1,0,1,8,18,Winter,0,0.8660254037844386,0.5000000000000001,0.6616346182422783,0.7498264012045686,-0.433883739117558,-0.9009688679024191,0.6631226582407952,0.7485107481711011,10.083,9.667,9.0,3.3024822482490537,10.85161875,70.11904833333334,70.9696875,178.49203125,0.58937625,,4,1
2022-02-12,10.5,London Marylebone Road,London,Westminster,Greater London,Greater London Urban Area,Urban Traffic,51.52253,-0.154611,England,London Central,0,2,1,1,2022,2,12,5,43,6,1,1,0,8,18,Winter,0,0.8660254037844386,0.5000000000000001,0.6744436188329455,0.7383263540031065,-0.9749279121818236,-0.2225209339563146,0.6631226582407952,0.7485107481711011,11.625,12.458,10.736,0.7976296132918259,20.888326666666668,46.65421708333333,56.31515625,127.83468750000002,0.4098954166666667,,5,1
2022-02-13,8.417,London Marylebone Road,London,Westminster,Greater London,Greater London Urban Area,Urban Traffic,51.52253,-0.154611,England,London Central,0,2,1,1,2022,2,13,6,44,6,1,1,0,8,18,Winter,0,0.8660254037844386,0.5000000000000001,0.6870527672236669,0.7266075247685656,-0.7818314824680299,0.6234898018587334,0.6631226582407952,0.7485107481711011,10.5,10.75,10.180666666666667,1.6276659157620217,26.22682416666667,37.75161333333333,46.2665625,104.1675,0.2886245833333333,,6,1
2022-02-14,5.458,London Marylebone Road,London,Westminster,Greater London,Greater London Urban Area,Urban Traffic,51.52253,-0.154611,England,London Central,0,2,1,1,2022,2,14,0,45,7,1,0,1,8,18,Winter,0,0.8660254037844386,0.5000000000000001,0.6994583270516471,0.7146733860429609,0.0,1.0,0.7485107481711011,0.6631226582407953,8.417,11.833,8.125,2.5336513177625988,24.32259375,45.78110708333333,54.681562500000005,124.88625,0.5981077499999999,,0,1
2022-02-15,8.083,London Marylebone Road,London,Westminster,Greater London,Greater London Urban Area,Urban Traffic,51.52253,-0.154611,England,London Central,0,2,1,1,2022,2,15,1,46,7,1,0,1,8,18,Winter,0,0.8660254037844386,0.5000000000000001,0.7116566222817746,0.7025274741691571,0.7818314824680298,0.6234898018587336,0.7485107481711011,0.6631226582407953,5.458,7.292,7.319333333333333,1.6205895017966498,18.426963333333333,64.09562875,66.57890625,164.889375,0.4050445833333333,,1,1
2022-02-16,10.6455,London Marylebone Road,London,Westminster,Greater London,Greater London Urban Area,Urban Traffic,51.52253,-0.154611,England,London Central,0,2,1,1,2022,2,16,2,47,7,1,0,1,8,18,Winter,0,0.8660254037844386,0.5000000000000001,0.7236440382959124,0.6901733882429719,0.9749279121818236,-0.2225209339563143,0.7485107481711011,0.6631226582407953,8.083,5.292,8.062166666666668,2.5938127502449926,27.474136666666663,48.43320130434783,48.21163043478261,122.47483695652171,0.1940333333333333,,2,1
2022-02-17,13.208,London Marylebone Road,London,Westminster,Greater London,Greater London Urban Area,Urban Traffic,51.52253,-0.154611,England,London Central,0,2,1,1,2022,2,17,3,48,7,1,0,1,8,18,Winter,0,0.8660254037844386,0.5000000000000001,0.7354170229639855,0.6776147890466889,0.4338837391175582,-0.900968867902419,0.7485107481711011,0.6631226582407953,10.6455,10.083,10.6455,2.562500000000015,32.12245458333333,45.67196833333333,53.81296875,123.82640625,0.5384425,,3,1
2022-02-18,11.0,London Marylebone Road,London,Westminster,Greater London,Greater London Urban Area,Urban Traffic,51.52253,-0.154611,England,London Central,0,2,1,1,2022,2,18,4,49,7,1,0,1,8,18,Winter,0,0.8660254037844386,0.5000000000000001,0.7469720876965552,0.6648553979642865,-0.433883739117558,-0.9009688679024191,0.7485107481711011,0.6631226582407953,13.208,11.625,11.617833333333332,1.3884848156654,42.50841,23.65712333333333,35.64421875,71.88609375,0.35944675,,4,1
2022-02-19,8.458,London Marylebone Road,London,Westminster,Greater London,Greater London Urban Area,Urban Traffic,51.52253,-0.154611,England,London Central,0,2,1,1,2022,2,19,5,50,7,1,1,0,8,18,Winter,0,0.8660254037844386,0.5000000000000001,0.7583058084785624,0.6518989958787126,-0.9749279121818236,-0.2225209339563146,0.7485107481711011,0.6631226582407953,11.0,10.5,10.888666666666667,2.376956317085656,30.2847475,43.49439041666667,51.7809375,118.48734375,0.4748965833333333,,5,1
2022-02-20,6.917,London Marylebone Road,London,Westminster,Greater London,Greater London Urban Area,Urban Traffic,51.52253,-0.154611,England,London Central,0,2,1,1,2022,2,20,6,51,7,1,1,0,8,18,Winter,0,0.8660254037844386,0.5000000000000001,0.7694148268839378,0.6387494220515272,-0.7818314824680299,0.6234898018587334,0.7485107481711011,0.6631226582407953,8.458,8.417,8.791666666666666,2.0618492508749218,47.12346625,23.37648083333333,33.0703125,68.91375000000001,0.2347803333333333,,6,1
2022-02-21,17.542,London Marylebone Road,London,Westminster,Greater London,Greater London Urban Area,Urban Traffic,51.52253,-0.154611,England,London Central,0,2,1,1,2022,2,21,0,52,8,1,0,1,8,18,Winter,0,0.8660254037844386,0.5000000000000001,0.7802958510707755,0.6254105729852463,0.0,1.0,0.8229838658936564,0.5680647467311559,6.917,5.458,10.972333333333331,5.741433647908282,47.1484125,15.981709130434782,31.464782608695653,55.95309782608695,0.4685904999999999,,0,1
2022-02-22,11.292,London Marylebone Road,London,Westminster,Greater London,Greater London Urban Area,Urban Traffic,51.52253,-0.154611,England,London Central,0,2,1,1,2022,2,22,1,53,8,1,0,1,8,18,Winter,0,0.8660254037844386,0.5000000000000001,0.7909456567567772,0.6118864012687243,0.7818314824680298,0.6234898018587336,0.8229838658936564,0.5680647467311559,17.542,8.083,11.917000000000002,5.34000234082346,25.31212833333333,47.79237833333334,58.96078125,132.2175,0.3803053333333333,,1,1
2022-02-23,11.0,London Marylebone Road,London,Westminster,Greater London,Greater London Urban Area,Urban Traffic,51.52253,-0.154611,England,London Central,0,2,1,1,2022,2,23,2,54,8,1,0,1,8,18,Winter,0,0.8660254037844386,0.5000000000000001,0.8013610881746766,0.5981809144059164,0.9749279121818236,-0.2225209339563143,0.8229838658936564,0.5680647467311559,11.292,10.6455,13.278,3.69561740444002,21.520298333333333,66.92284208333334,68.8021875,171.4396875,0.30705775,,2,1
2022-02-24,13.0,London Marylebone Road,London,Westminster,Greater London,Greater London Urban Area,Urban Traffic,51.52253,-0.154611,England,London Central,0,2,1,1,2022,2,24,3,55,8,1,0,1,8,18,Winter,0,0.8660254037844386,0.5000000000000001,0.811539059007361,0.5842981736283684,0.4338837391175582,-0.900968867902419,0.8229838658936564,0.5680647467311559,11.0,13.208,11.764,1.0803184715629168,30.176647083333336,56.684587916666665,60.68203125,147.58921875,0.5073971666666667,,3,1
2022-02-25,11.792,London Marylebone Road,London,Westminster,Greater London,Greater London Urban Area,Urban Traffic,51.52253,-0.154611,England,London Central,0,2,1,1,2022,2,25,4,56,8,1,0,1,8,18,Winter,0,0.8660254037844386,0.5000000000000001,0.8214765533024142,0.5702422926917871,-0.433883739117558,-0.9009688679024191,0.8229838658936564,0.5680647467311559,13.0,11.0,11.930666666666667,1.0071848555917449,27.923169166666668,59.13761125,57.86109375,148.51359375,0.535532,,4,1
2022-02-26,16.167,London Marylebone Road,London,Westminster,Greater London,Greater London Urban Area,Urban Traffic,51.52253,-0.154611,England,London Central,0,2,1,1,2022,2,26,5,57,8,1,1,0,8,18,Winter,0,0.8660254037844386,0.5000000000000001,0.8311706263658079,0.5560174366570446,-0.9749279121818236,-0.2225209339563146,0.8229838658936564,0.5680647467311559,11.792,8.458,13.653,2.259416517599174,18.069400416666667,58.42561083333334,70.3959375,159.980625,0.4530678333333333,,5,1
2022-02-27,9.667,London Marylebone Road,London,Westminster,Greater London,Greater London Urban Area,Urban Traffic,51.52253,-0.154611,England,London Central,0,2,1,1,2022,2,27,6,58,8,1,1,0,8,18,Winter,0,0.8660254037844386,0.5000000000000001,0.8406184056344782,0.5416278206559814,-0.7818314824680299,0.6234898018587334,0.8229838658936564,0.5680647467311559,16.167,6.917,12.542,3.314268395890715,27.840015,46.17088833333333,56.50640625,127.34859375,0.3647826666666667,,6,1
2022-02-28,14.875,London Marylebone Road,London,Westminster,Greater London,Greater London Urban Area,Urban Traffic,51.52253,-0.154611,England,London Central,0,2,1,1,2022,2,28,0,59,9,1,0,1,8,18,Winter,0,0.8660254037844386,0.5000000000000001,0.8498170915275278,0.5270777086423722,0.0,1.0,0.8854560256532099,0.4647231720437686,9.667,17.542,13.569666666666668,3.440991330028792,14.5187175,78.04460041666667,72.42,192.07078125,0.2585494166666667,,0,1
2022-03-01,12.917,London Marylebone Road,London,Westminster,Greater London,Greater London Urban Area,Urban Traffic,51.52253,-0.154611,England,London Central,0,2,1,1,2022,3,1,1,60,9,1,0,1,8,18,Spring,1,1.0,6.123233995736766e-17,0.8587639582758029,0.5123714121284237,0.7818314824680298,0.6234898018587336,0.8854560256532099,0.4647231720437686,14.875,11.292,12.486333333333334,2.6305743352609032,20.015207916666668,24.317152916666668,39.32578125,76.595625,0.1275769166666666,,1,1
2022-03-02,23.208,London Marylebone Road,London,Westminster,Greater London,Greater London Urban Area,Urban Traffic,51.52253,-0.154611,England,London Central,0,2,1,1,2022,3,2,2,61,9,1,0,1,8,18,Spring,1,1.0,6.123233995736766e-17,0.8674563547295968,0.4975132889071806,0.9749279121818236,-0.2225209339563143,0.8854560256532099,0.4647231720437686,12.917,11.0,17.0,5.464694776471954,10.286170416666666,90.02252173913044,81.0816847826087,219.1392391304348,0.37690975,,2,1
2022-03-03,23.292,London Marylebone Road,London,Westminster,Greater London,Greater London Urban Area,Urban Traffic,51.52253,-0.154611,England,London Central,0,2,1,1,2022,3,3,3,62,9,1,0,1,8,18,Spring,1,1.0,6.123233995736766e-17,0.8758917051442429,0.4825077417612184,0.4338837391175582,-0.900968867902419,0.8854560256532099,0.4647231720437686,23.208,13.0,19.805666666666667,5.9659081733909645,7.966169166666667,101.74330041666668,81.89484374999999,237.8671875,0.4026191666666667,,3,1
2022-03-04,9.458,London Marylebone Road,London,Westminster,Greater London,Greater London Urban Area,Urban Traffic,51.52253,-0.154611,England,London Central,0,2,1,1,2022,3,4,4,63,9,1,0,1,8,18,Spring,1,1.0,6.123233995736766e-17,0.8840675099433636,0.4673592171580022,-0.433883739117558,-0.9009688679024191,0.8854560256532099,0.4647231720437686,23.292,11.792,18.652666666666665,7.962925676743012,27.28288208333333,21.120946666666665,43.03921875,75.41625,0.2148919166666666,,4,1
2022-03-05,12.667,London Marylebone Road,London,Westminster,Greater London,Greater London Urban Area,Urban Traffic,51.52253,-0.154611,England,London Central,0,2,1,1,2022,3,5,5,64,9,1,1,0,8,18,Spring,1,1.0,6.123233995736766e-17,0.8919813464595485,0.4520722039323043,-0.9749279121818236,-0.2225209339563146,0.8854560256532099,0.4647231720437686,9.458,16.167,15.139,7.240716608181816,49.67629916666667,6.901726666666666,18.2803125,28.88671875,0.2134366666666667,,5,1
2022-03-06,11.708,London Marylebone Road,London,Westminster,Greater London,Greater London Urban Area,Urban Traffic,51.52253,-0.154611,England,London Central,0,2,1,1,2022,3,6,6,65,9,1,1,0,8,18,Spring,1,1.0,6.123233995736766e-17,0.8996308696522433,0.436651231956064,-0.7818314824680299,0.6234898018587334,0.8854560256532099,0.4647231720437686,12.667,9.667,11.277666666666669,1.6472128986058383,59.372075,5.805142083333333,17.91375,26.8228125,0.3060875833333333,,6,1
2022-03-07,12.042,London Marylebone Road,London,Westminster,Greater London,Greater London Urban Area,Urban Traffic,51.52253,-0.154611,England,London Central,0,2,1,1,2022,3,7,0,66,10,1,0,1,8,18,Spring,1,1.0,6.123233995736766e-17,0.907013812802636,0.4211008707960896,0.0,1.0,0.9350162426854148,0.3546048870425355,11.708,14.875,12.139,0.4868028348316025,38.09292375,38.09462083333333,49.8046875,108.215625,0.413291,,0,1
2022-03-08,22.5,London Marylebone Road,London,Westminster,Greater London,Greater London Urban Area,Urban Traffic,51.52253,-0.154611,England,London Central,0,2,1,1,2022,3,8,1,67,10,1,0,1,8,18,Spring,1,1.0,6.123233995736766e-17,0.9141279881853336,0.4054257283599973,0.7818314824680298,0.6234898018587336,0.9350162426854148,0.3546048870425355,12.042,12.917,15.416666666666666,6.136619373346639,23.83198416666667,55.43728791666666,67.543125,152.5378125,0.53116625,,1,1
2022-03-09,10.708,London Marylebone Road,London,Westminster,Greater London,Greater London Urban Area,Urban Traffic,51.52253,-0.154611,England,London Central,0,2,1,1,2022,3,9,2,68,10,1,0,1,8,18,Spring,1,1.0,6.123233995736766e-17,0.9209712877166346,0.3896304495307879,0.9749279121818236,-0.2225209339563143,0.9350162426854148,0.3546048870425355,22.5,23.208,15.083333333333334,6.457561252774403,21.736499166666665,59.55337791666667,67.033125,158.33906249999998,0.3104533333333333,,2,1
2022-03-10,11.576,London Marylebone Road,London,Westminster,Greater London,Greater London Urban Area,Urban Traffic,51.52253,-0.154611,England,London Central,0,2,1,1,2022,3,10,3,69,10,1,0,1,8,18,Spring,1,1.0,6.123233995736766e-17,0.9275416835791966,0.373719714790469,0.4338837391175582,-0.900968867902419,0.9350162426854148,0.3546048870425355,10.708,23.292,14.928,6.571890443396024,22.84244958333333,61.491890000000005,67.7821875,162.0684375,0.3366478333333333,,3,1
2022-03-11,12.444,London Marylebone Road,London,Westminster,Greater London,Greater London Urban Area,Urban Traffic,51.52253,-0.154611,England,London Central,0,2,1,1,2022,3,11,4,70,10,1,0,1,8,18,Spring,1,1.0,6.123233995736766e-17,0.9338372288229252,0.3576982388331254,-0.433883739117558,-0.9009688679024191,0.9350162426854148,0.3546048870425355,11.576,9.458,11.576,0.868000000000071,26.110408333333336,51.65381125,62.69015625,141.93140625,0.2934754166666666,18.865,4,1
2022-03-12,7.052,London Marylebone Road,London,Westminster,Greater London,Greater London Urban Area,Urban Traffic,51.52253,-0.154611,England,London Central,0,2,1,1,2022,3,12,5,71,10,1,1,0,8,18,Spring,1,1.0,6.123233995736766e-17,0.9398560579418954,0.3415707691678556,-0.9749279121818236,-0.2225209339563146,0.9350162426854148,0.3546048870425355,12.444,12.667,10.357333333333337,2.8952162843790297,36.3716325,32.44539125,50.33859375,100.09546875,0.2624300833333333,16.359,5,1
2022-03-13,7.382,London Marylebone Road,London,Westminster,Greater London,Greater London Urban Area,Urban Traffic,51.52253,-0.154611,England,London Central,0,2,1,1,2022,3,13,6,72,10,1,1,0,8,18,Spring,1,1.0,6.123233995736766e-17,0.9455963874271426,0.3253420847119801,-0.7818314824680299,0.6234898018587334,0.9350162426854148,0.3546048870425355,7.052,11.708,8.959333333333333,3.022317212559525,30.833565,36.784955833333335,53.89265625,110.29546875,0.2886245833333333,14.529,6,1
2022-03-14,10.875,London Marylebone Road,London,Westminster,Greater London,Greater London Urban Area,Urban Traffic,51.52253,-0.154611,England,London Central,0,2,1,1,2022,3,14,0,73,11,1,0,1,8,18,Spring,1,1.0,6.123233995736766e-17,0.9510565162951536,0.3090169943749474,0.0,1.0,0.970941817426052,0.239315664287558,7.382,12.042,8.436333333333332,2.118382952474268,15.3169975,67.45814166666666,72.85828125,176.29265625000002,0.4098954166666667,23.477,0,1
2022-03-15,14.146,London Marylebone Road,London,Westminster,Greater London,Greater London Urban Area,Urban Traffic,51.52253,-0.154611,England,London Central,0,2,1,1,2022,3,15,1,74,11,1,0,1,8,18,Spring,1,1.0,6.123233995736766e-17,0.9562348265919056,0.2926003356333483,0.7818314824680298,0.6234898018587336,0.970941817426052,0.239315664287558,10.875,22.5,10.801,3.382607130602098,14.069685,48.312086666666666,70.20468749999999,144.298125,0.3841859999999999,24.203,1,1
2022-03-16,17.29,London Marylebone Road,London,Westminster,Greater London,Greater London Urban Area,Urban Traffic,51.52253,-0.154611,England,London Central,0,2,1,1,2022,3,16,2,75,11,1,0,1,8,18,Spring,1,1.0,6.123233995736766e-17,0.9611297838723007,0.2760969730974688,0.9749279121818236,-0.2225209339563143,0.970941817426052,0.239315664287558,14.146,10.708,14.103666666666667,3.207709515110953,17.370905416666666,55.33131260869565,47.72934782608696,132.61940217391304,0.3760872173913043,23.821,2,1
2022-03-17,13.398,London Marylebone Road,London,Westminster,Greater London,Greater London Urban Area,Urban Traffic,51.52253,-0.154611,England,London Central,0,2,1,1,2022,3,17,3,76,11,1,0,1,8,18,Spring,1,1.0,6.123233995736766e-17,0.9657399376548548,0.2595117970697999,0.4338837391175582,-0.900968867902419,0.970941817426052,0.239315664287558,17.29,11.576,14.944666666666668,2.065264470554149,16.572625416666664,63.98649,70.70671875000001,168.83390625,0.7416924166666666,24.225,3,1
2022-03-18,13.616,London Marylebone Road,London,Westminster,Greater London,Greater London Urban Area,Urban Traffic,51.52253,-0.154611,England,London Central,0,2,1,1,2022,3,18,4,77,11,1,0,1,8,18,Spring,1,1.0,6.123233995736766e-17,0.9700639218515072,0.2428497220959356,-0.433883739117558,-0.9009688679024191,0.970941817426052,0.239315664287558,13.398,12.444,14.768,2.1868342415464377,25.13750458333333,38.6663,57.7575,117.06890625,0.3618721666666666,26.988,4,1
2022-03-19,19.698,London Marylebone Road,London,Westminster,Greater London,Greater London Urban Area,Urban Traffic,51.52253,-0.154611,England,London Central,0,2,1,1,2022,3,19,5,78,11,1,1,0,8,18,Spring,1,1.0,6.123233995736766e-17,0.9741004551724204,0.2261156855082882,-0.9749279121818236,-0.2225209339563146,0.970941817426052,0.239315664287558,13.616,7.052,15.570666666666668,3.57603709898727,42.90754999999999,11.994868333333336,34.711875,53.12765625,0.3458644166666667,33.369,5,1
2022-03-20,22.324,London Marylebone Road,London,Westminster,Greater London,Greater London Urban Area,Urban Traffic,51.52253,-0.154611,England,London Central,0,2,1,1,2022,3,20,6,79,11,1,1,0,8,18,Spring,1,1.0,6.123233995736766e-17,0.9778483415056568,0.2093146459630484,-0.7818314824680299,0.6234898018587334,0.970941817426052,0.239315664287558,19.698,7.382,18.546000000000003,4.466838255410625,45.36059791666667,12.883569583333331,39.6684375,59.39109375,0.4812026666666666,32.418,6,1
2022-03-21,37.609,London Marylebone Road,London,Westminster,Greater London,Greater London Urban Area,Urban Traffic,51.52253,-0.154611,England,London Central,0,2,1,1,2022,3,21,0,80,12,1,0,1,8,18,Spring,1,1.0,6.123233995736766e-17,0.9813064702716092,0.1924515819708299,0.0,1.0,0.992708874098054,0.120536680255323,22.324,10.875,26.543666666666667,9.672392172225694,19.449759583333336,39.49783333333333,78.2690625,138.8315625,0.6179961666666667,51.332,0,1
2022-03-22,38.819,London Marylebone Road,London,Westminster,Greater London,Greater London Urban Area,Urban Traffic,51.52253,-0.154611,England,London Central,0,2,1,1,2022,3,22,1,81,12,1,0,1,8,18,Spring,1,1.0,6.123233995736766e-17,0.9844738167520922,0.1755314904214282,0.7818314824680298,0.6234898018587336,0.992708874098054,0.120536680255323,37.609,14.146,32.91733333333334,9.194022967848872,18.9092575,32.902734583333334,70.91390625000001,121.40390625,0.3633274166666667,54.323,1,1
2022-03-23,36.7384375,London Marylebone Road,London,Westminster,Greater London,Greater London Urban Area,Urban Traffic,51.52253,-0.154611,England,London Central,0,2,1,1,2022,3,23,2,82,12,1,0,1,8,18,Spring,1,1.0,6.123233995736766e-17,0.9873494423939864,0.1585593851031347,0.9749279121818236,-0.2225209339563143,0.992708874098054,0.120536680255323,38.819,17.29,37.722145833333336,1.0448859094662917,16.531048333333334,40.885454583333335,91.01109375,153.69328125,0.4443363333333334,,2,1
2022-03-24,34.657875000000004,London Marylebone Road,London,Westminster,Greater London,Greater London Urban Area,Urban Traffic,51.52253,-0.154611,England,London Central,0,2,1,1,2022,3,24,3,83,12,1,0,1,8,18,Spring,1,1.0,6.123233995736766e-17,0.989932495087353,0.141540295217043,0.4338837391175582,-0.900968867902419,0.992708874098054,0.120536680255323,36.7384375,13.398,36.7384375,2.080562499999797,23.12517375,56.819712083333336,96.86015625,183.95859375,0.6252724166666667,,3,1
2022-03-25,32.577312500000005,London Marylebone Road,London,Westminster,Greater London,Greater London Urban Area,Urban Traffic,51.52253,-0.154611,England,London Central,0,2,1,1,2022,3,25,4,84,12,1,0,1,8,18,Spring,1,1.0,6.123233995736766e-17,0.9922222094179324,0.1244792638867891,-0.433883739117558,-0.9009688679024191,0.992708874098054,0.120536680255323,34.657875000000004,13.616,34.65787500000001,2.0805624999998185,34.55887166666667,27.357446666666664,74.83453125,116.73421875,0.4443363333333334,,4,1
2022-03-26,32.577312500000005,London Marylebone Road,London,Westminster,Greater London,Greater London Urban Area,Urban Traffic,51.52253,-0.154611,England,London Central,0,2,1,1,2022,3,26,5,85,12,1,1,0,8,18,Spring,1,1.0,6.123233995736766e-17,0.994217906893952,0.107381346664163,-0.9749279121818236,-0.2225209339563146,0.992708874098054,0.120536680255323,32.577312500000005,19.698,33.27083333333334,1.2012133194405514,58.856519166666665,20.00357375,53.900625,84.564375,0.3526555833333333,,5,1
2022-03-27,32.577312500000005,London Marylebone Road,London,Westminster,Greater London,Greater London Urban Area,Urban Traffic,51.52253,-0.154611,England,London Central,0,2,1,1,2022,3,27,6,86,12,1,1,0,8,18,Spring,1,1.0,6.123233995736766e-17,0.995918996147179,0.0902516100310411,-0.7818314824680299,0.6234898018587334,0.992708874098054,0.120536680255323,32.577312500000005,22.324,32.577312500000005,0.0,33.145250833333336,19.249996666666664,38.0746875,67.58296875,0.2032499166666666,,6,1
2022-03-28,32.577312500000005,London Marylebone Road,London,Westminster,Greater London,Greater London Urban Area,Urban Traffic,51.52253,-0.154611,England,London Central,0,2,1,1,2022,3,28,0,87,13,1,0,1,8,18,Spring,1,1.0,6.123233995736766e-17,0.9973249731081556,0.0730951298980777,0.0,1.0,1.0,-1.6081226496766364e-16,32.577312500000005,37.609,32.577312500000005,0.0,19.799007083333333,29.05169583333333,60.11625,104.6615625,0.2857140833333333,,0,1
2022-03-29,32.577312500000005,London Marylebone Road,London,Westminster,Greater London,Greater London Urban Area,Urban Traffic,51.52253,-0.154611,England,London Central,0,2,1,1,2022,3,29,1,88,13,1,0,1,8,18,Spring,1,1.0,6.123233995736766e-17,0.9984354211555644,0.0559169901006034,0.7818314824680298,0.6234898018587336,1.0,-1.6081226496766364e-16,32.577312500000005,38.819,32.577312500000005,0.0,39.93894625,13.164212083333332,34.225781250000004,54.41859374999999,0.1959736666666666,,1,1
2022-03-30,32.577312500000005,London Marylebone Road,London,Westminster,Greater London,Greater London Urban Area,Urban Traffic,51.52253,-0.154611,England,London Central,0,2,1,1,2022,3,30,2,89,13,1,0,1,8,18,Spring,1,1.0,6.123233995736766e-17,0.9992500112396836,0.0387222808921744,0.9749279121818236,-0.2225209339563143,1.0,-1.6081226496766364e-16,32.577312500000005,36.7384375,32.577312500000005,0.0,57.82323826086956,7.429569565217391,28.63760869565217,40.05440217391305,0.2308153043478261,,2,1
2022-03-31,32.577312500000005,London Marylebone Road,London,Westminster,Greater London,Greater London Urban Area,Urban Traffic,51.52253,-0.154611,England,London Central,0,2,1,1,2022,3,31,3,90,13,1,0,1,8,18,Spring,1,1.0,6.123233995736766e-17,0.9997685019798908,0.0215160974362222,0.4338837391175582,-0.900968867902419,1.0,-1.6081226496766364e-16,32.577312500000005,34.657875000000004,32.577312500000005,0.0,61.550714166666666,7.244734166666666,18.5990625,29.74734375,0.4496722499999999,,3,1
2022-04-01,32.577312500000005,London Marylebone Road,London,Westminster,Greater London,Greater London Urban Area,Urban Traffic,51.52253,-0.154611,England,London Central,0,2,1,1,2022,4,1,4,91,13,2,0,1,8,18,Spring,1,0.8660254037844387,-0.4999999999999998,0.99999073973619,0.0043035382962442,-0.433883739117558,-0.9009688679024191,1.0,-1.6081226496766364e-16,32.577312500000005,32.577312500000005,32.577312500000005,0.0,64.25322458333333,7.068033333333333,19.06125,29.90671875,0.4685904999999999,,4,2
2022-04-02,32.577312500000005,London Marylebone Road,London,Westminster,Greater London,Greater London Urban Area,Urban Traffic,51.52253,-0.154611,England,London Central,0,2,1,1,2022,4,2,5,92,13,2,1,0,8,18,Spring,1,0.8660254037844387,-0.4999999999999998,0.999916658654738,-0.0129102960750088,-0.9749279121818236,-0.2225209339563146,1.0,-1.6081226496766364e-16,32.577312500000005,32.577312500000005,32.577312500000005,0.0,53.00246583333333,7.010865416666667,28.24921875,39.00703125,0.4753816666666666,,5,2
2022-04-03,32.577312500000005,London Marylebone Road,London,Westminster,Greater London,Greater London Urban Area,Urban Traffic,51.52253,-0.154611,England,London Central,0,2,1,1,2022,4,3,6,93,13,2,1,0,8,18,Spring,1,0.8660254037844387,-0.4999999999999998,0.9995462806873572,-0.0301203048469081,-0.7818314824680299,0.6234898018587334,1.0,-1.6081226496766364e-16,32.577312500000005,32.577312500000005,32.577312500000005,0.0,48.961173333333335,9.702954583333334,35.1740625,50.05171875,0.6073243333333334,,6,2
2022-04-04,32.577312500000005,London Marylebone Road,London,Westminster,Greater London,Greater London Urban Area,Urban Traffic,51.52253,-0.154611,England,London Central,0,2,1,1,2022,4,4,0,94,14,2,0,1,8,18,Spring,1,0.8660254037844387,-0.4999999999999998,0.9988797155850336,-0.0473213883224318,0.0,1.0,0.992708874098054,-0.1205366802553228,32.577312500000005,32.577312500000005,32.577312500000005,0.0,25.96904625,49.21637916666666,52.22718750000001,127.7071875,0.6102348333333333,,0,2
2022-04-05,32.577312500000005,London Marylebone Road,London,Westminster,Greater London,Greater London Urban Area,Urban Traffic,51.52253,-0.154611,England,London Central,0,2,1,1,2022,4,5,1,95,14,2,0,1,8,18,Spring,1,0.8660254037844387,-0.4999999999999998,0.9979171608653922,-0.0645084494493162,0.7818314824680298,0.6234898018587336,0.992708874098054,-0.1205366802553228,32.577312500000005,32.577312500000005,32.577312500000005,0.0,26.709118333333333,39.31593541666667,48.545625,108.8053125,0.4603440833333334,,1,2
2022-04-06,32.577312500000005,London Marylebone Road,London,Westminster,Greater London,Greater London Urban Area,Urban Traffic,51.52253,-0.154611,England,London Central,0,2,1,1,2022,4,6,2,96,14,2,0,1,8,18,Spring,1,0.8660254037844387,-0.4999999999999998,0.9966589017541702,-0.0816763953304224,0.9749279121818236,-0.2225209339563143,0.992708874098054,-0.1205366802553228,32.577312500000005,32.577312500000005,32.577312500000005,0.0,33.99342333333333,55.04750666666666,55.08796875,139.50890625,0.28086325,,2,2
2022-04-07,5.53,London Marylebone Road,London,Westminster,Greater London,Greater London Urban Area,Urban Traffic,51.52253,-0.154611,England,London Central,0,2,1,1,2022,4,7,3,97,14,2,0,1,8,18,Spring,1,0.8660254037844387,-0.4999999999999998,0.9951053111006976,-0.0988201387328714,0.4338837391175582,-0.900968867902419,0.992708874098054,-0.1205366802553228,32.577312500000005,32.577312500000005,23.561541666666667,15.615773152730917,47.08188916666666,22.06161875,37.41328125,71.24859375,0.5597861666666667,14.56,3,2
2022-04-08,6.72,London Marylebone Road,London,Westminster,Greater London,Greater London Urban Area,Urban Traffic,51.52253,-0.154611,England,London Central,0,2,1,1,2022,4,8,4,98,14,2,0,1,8,18,Spring,1,0.8660254037844387,-0.4999999999999998,0.9932568492674144,-0.1159345995955004,-0.433883739117558,-0.9009688679024191,0.992708874098054,-0.1205366802553228,5.53,32.577312500000005,14.942437500000002,15.28383581432418,40.055362083333335,20.008770833333333,39.20625,69.901875,0.4579186666666666,14.96,4,2
2022-04-09,5.62,London Marylebone Road,London,Westminster,Greater London,Greater London Urban Area,Urban Traffic,51.52253,-0.154611,England,London Central,0,2,1,1,2022,4,9,5,99,14,2,1,0,8,18,Spring,1,0.8660254037844387,-0.4999999999999998,0.9911140639934548,-0.1330147065341959,-0.9749279121818236,-0.2225209339563146,0.992708874098054,-0.1205366802553228,6.72,32.577312500000005,5.956666666666667,0.6625959050078294,43.41479041666667,12.104007083333334,34.49671875,53.071875,0.7295653333333334,12.11,5,2
2022-04-10,8.36,London Marylebone Road,London,Westminster,Greater London,Greater London Urban Area,Urban Traffic,51.52253,-0.154611,England,London Central,0,2,1,1,2022,4,10,6,100,14,2,1,0,8,18,Spring,1,0.8660254037844387,-0.4999999999999998,0.9886775902323404,-0.1500553983446526,-0.7818314824680299,0.6234898018587334,0.992708874098054,-0.1205366802553228,5.62,32.577312500000005,6.9,1.37884009225138,36.58783333333333,28.838615416666663,54.68953125,98.93203125,0.5365021666666666,15.77,6,2
2022-04-11,15.9,London Marylebone Road,London,Westminster,Greater London,Greater London Urban Area,Urban Traffic,51.52253,-0.154611,England,London Central,0,2,1,1,2022,4,11,0,101,15,2,0,1,8,18,Spring,1,0.8660254037844387,-0.4999999999999998,0.9859481499638304,-0.1670516255021192,0.0,1.0,0.970941817426052,-0.2393156642875575,8.36,32.577312500000005,9.96,5.323495092512037,23.81535333333333,53.74303875,78.56390625,160.96078125,0.4923595833333333,29.25,0,2
2022-04-12,15.02,London Marylebone Road,London,Westminster,Greater London,Greater London Urban Area,Urban Traffic,51.52253,-0.154611,England,London Central,0,2,1,1,2022,4,12,1,102,15,2,0,1,8,18,Spring,1,0.8660254037844387,-0.4999999999999998,0.9829265519799822,-0.18399835165768,0.7818314824680298,0.6234898018587336,0.970941817426052,-0.2393156642875575,15.9,32.577312500000005,13.093333333333334,4.122733720886302,22.20929,44.12843458333333,62.99296875,130.64765624999998,0.29832625,26.56,1,2
2022-04-13,9.36,London Marylebone Road,London,Westminster,Greater London,Greater London Urban Area,Urban Traffic,51.52253,-0.154611,England,London Central,0,2,1,1,2022,4,13,2,103,15,2,0,1,8,18,Spring,1,0.8660254037844387,-0.4999999999999998,0.97961369164549,-0.200890555130635,0.9749279121818236,-0.2225209339563143,0.970941817426052,-0.2393156642875575,15.02,32.577312500000005,13.426666666666668,3.5492158758425787,21.631652608695653,40.52098086956522,55.96141304347826,118.12597826086956,0.3649513913043478,17.91,2,2
2022-04-14,9.04,London Marylebone Road,London,Westminster,Greater London,Greater London Urban Area,Urban Traffic,51.52253,-0.154611,England,London Central,0,2,1,1,2022,4,14,3,104,15,2,0,1,8,18,Spring,1,0.8660254037844387,-0.4999999999999998,0.9760105506323684,-0.2177232303965317,0.4338837391175582,-0.900968867902419,0.970941817426052,-0.2393156642875575,9.36,5.53,11.14,3.363985731241989,20.34782458333333,37.80358416666667,58.0603125,116.0409375,0.4569485,17.83,3,2
2022-04-15,15.99,London Marylebone Road,London,Westminster,Greater London,Greater London Urban Area,Urban Traffic,51.52253,-0.154611,England,London Central,0,2,1,1,2022,4,15,4,105,15,2,0,1,8,18,Spring,1,0.8660254037844387,-0.4999999999999998,0.9721181966290612,-0.2344913895704098,-0.433883739117558,-0.9009688679024191,0.970941817426052,-0.2393156642875575,9.04,6.72,11.463333333333331,3.923472101765607,23.06335043478261,28.0330675,58.3790625,101.37046875,0.3735141666666666,23.21,4,2
2022-04-16,25.59,London Marylebone Road,London,Westminster,Greater London,Greater London Urban Area,Urban Traffic,51.52253,-0.154611,England,London Central,0,2,1,1,2022,4,16,5,106,15,2,1,0,8,18,Spring,1,0.8660254037844387,-0.4999999999999998,0.9679377830240642,-0.2511900638848193,-0.9749279121818236,-0.2225209339563146,0.970941817426052,-0.2393156642875575,15.99,5.62,16.87333333333333,8.310284792552716,27.00847333333333,17.685674583333334,52.10765625,79.27312500000001,0.3036621666666667,33.82,5,2
2022-04-17,16.25,London Marylebone Road,London,Westminster,Greater London,Greater London Urban Area,Urban Traffic,51.52253,-0.154611,England,London Central,0,2,1,1,2022,4,17,6,107,15,2,1,0,8,18,Spring,1,0.8660254037844387,-0.4999999999999998,0.9634705485641488,-0.2678143051621742,-0.7818314824680299,0.6234898018587334,0.970941817426052,-0.2393156642875575,25.59,8.36,19.276666666666667,5.469052324976688,41.96790791666667,13.013496666666668,46.441875,66.41953124999999,0.4360899166666667,23.08,6,2
2022-04-18,8.49,London Marylebone Road,London,Westminster,Greater London,Greater London Urban Area,Urban Traffic,51.52253,-0.154611,England,London Central,0,2,1,1,2022,4,18,0,108,16,2,0,1,8,18,Spring,1,0.8660254037844387,-0.4999999999999998,0.9587178169872964,-0.2843591872810034,0.0,1.0,0.9350162426854148,-0.3546048870425354,16.25,15.9,16.776666666666667,8.562157049092999,50.11701625,11.314050416666667,38.56078125,55.90078125,0.5549353333333333,17.23,0,2
2022-04-19,8.54,London Marylebone Road,London,Westminster,Greater London,Greater London Urban Area,Urban Traffic,51.52253,-0.154611,England,London Central,0,2,1,1,2022,4,19,1,109,16,2,0,1,8,18,Spring,1,0.8660254037844387,-0.4999999999999998,0.9536809966304456,-0.3008198076356673,0.7818314824680298,0.6234898018587336,0.9350162426854148,-0.3546048870425354,8.49,15.02,11.093333333333334,4.465874307829657,53.4348675,10.1343125,28.34484375,43.8759375,0.337618,19.1,1,2
2022-04-20,13.95,London Marylebone Road,London,Westminster,Greater London,Greater London Urban Area,Urban Traffic,51.52253,-0.154611,England,London Central,0,2,1,1,2022,4,20,2,110,16,2,0,1,8,18,Spring,1,0.8660254037844387,-0.4999999999999998,0.9483615800121716,-0.3171912885891061,0.9749279121818236,-0.2225209339563143,0.9350162426854148,-0.3546048870425354,8.54,9.36,10.326666666666666,3.137998300403145,53.75085333333333,14.629789583333334,36.61640625,59.0484375,0.3604169166666666,20.47,2,2
2022-04-21,12.8,London Marylebone Road,London,Westminster,Greater London,Greater London Urban Area,Urban Traffic,51.52253,-0.154611,England,London Central,0,2,1,1,2022,4,21,3,111,16,2,0,1,8,18,Spring,1,0.8660254037844387,-0.4999999999999998,0.9427611433904208,-0.3334687789181868,0.4338837391175582,-0.900968867902419,0.9350162426854148,-0.3546048870425354,13.95,9.04,11.763333333333334,2.8500935657155213,53.97066956521739,22.34745833333333,39.1265625,73.4240625,0.3429539166666666,20.83,3,2
2022-04-22,10.63,London Marylebone Road,London,Westminster,Greater London,Greater London Urban Area,Urban Traffic,51.52253,-0.154611,England,London Central,0,2,1,1,2022,4,22,4,112,16,2,0,1,8,18,Spring,1,0.8660254037844387,-0.4999999999999998,0.9368813462954316,-0.3496474552512284,-0.433883739117558,-0.9009688679024191,0.9350162426854148,-0.3546048870425354,12.8,15.99,12.46,1.685912215982691,59.28060541666667,10.997028333333333,26.58375,43.445625,0.2871693333333333,18.61,4,2
2022-04-23,17.31,London Marylebone Road,London,Westminster,Greater London,Greater London Urban Area,Urban Traffic,51.52253,-0.154611,England,London Central,0,2,1,1,2022,4,23,5,113,16,2,1,0,8,18,Spring,1,0.8660254037844387,-0.4999999999999998,0.9307239310379796,-0.3657225234972689,-0.9749279121818236,-0.2225209339563146,0.9350162426854148,-0.3546048870425354,10.63,25.59,13.58,3.4076238055277828,64.87688083333333,4.323973333333334,16.989375,23.62734375,0.2483626666666666,27.27,5,2
2022-04-24,10.0,London Marylebone Road,London,Westminster,Greater London,Greater London Urban Area,Urban Traffic,51.52253,-0.154611,England,London Central,0,2,1,1,2022,4,24,6,114,16,2,1,0,8,18,Spring,1,0.8660254037844387,-0.4999999999999998,0.9242907221930934,-0.3816892202666588,-0.7818314824680299,0.6234898018587334,0.9350162426854148,-0.3546048870425354,17.31,16.25,12.646666666666668,4.050831190426601,73.79751521739131,2.8220162500000003,13.41140625,17.7225,0.2959008333333333,17.89,6,2
2022-04-25,7.74,London Marylebone Road,London,Westminster,Greater London,Greater London Urban Area,Urban Traffic,51.52253,-0.154611,England,London Central,0,2,1,1,2022,4,25,0,115,17,2,0,1,8,18,Spring,1,0.8660254037844387,-0.4999999999999998,0.9175836260593936,-0.3975428142825559,0.0,1.0,0.8854560256532099,-0.4647231720437685,10.0,8.49,11.683333333333332,5.002142874142342,57.20175125,6.31445625,21.706875,31.4128125,0.29541575,15.59,0,2
2022-04-26,8.49,London Marylebone Road,London,Westminster,Greater London,Greater London Urban Area,Urban Traffic,51.52253,-0.154611,England,London Central,0,2,1,1,2022,4,26,1,116,17,2,0,1,8,18,Spring,1,0.8660254037844387,-0.4999999999999998,0.9106046300942164,-0.4132786077829042,0.7818314824680298,0.6234898018587336,0.8854560256532099,-0.4647231720437685,7.74,8.54,8.743333333333334,1.1511009223057067,54.80010772727273,7.925552083333334,28.105781250000003,40.26609375,0.3652677499999999,,1,2
2022-04-27,6.03,London Marylebone Road,London,Westminster,Greater London,Greater London Urban Area,Urban Traffic,51.52253,-0.154611,England,London Central,0,2,1,1,2022,4,27,2,117,17,2,0,1,8,18,Spring,1,0.8660254037844387,-0.4999999999999998,0.9033558023246844,-0.4288919379124835,0.9749279121818236,-0.2225209339563143,0.8854560256532099,-0.4647231720437685,8.49,13.95,7.420000000000001,1.2608330579421407,51.588845000000006,9.371019130434782,31.065652173913044,45.43434782608696,0.3639390434782608,14.17,2,2
2022-04-28,9.52,London Marylebone Road,London,Westminster,Greater London,Greater London Urban Area,Urban Traffic,51.52253,-0.154611,England,London Central,0,2,1,1,2022,4,28,3,118,17,2,0,1,8,18,Spring,1,0.8660254037844387,-0.4999999999999998,0.895839290734909,-0.4443781781046132,0.4338837391175582,-0.900968867902419,0.8854560256532099,-0.4647231720437685,6.03,12.8,8.013333333333334,1.7931629410996246,55.0314275,17.659689166666666,40.26609375,67.35984375,0.36817825,19.56,3,2
2022-04-29,7.15,London Marylebone Road,London,Westminster,Greater London,Greater London Urban Area,Urban Traffic,51.52253,-0.154611,England,London Central,0,2,1,1,2022,4,29,4,119,17,2,0,1,8,18,Spring,1,0.8660254037844387,-0.4999999999999998,0.8880573226294932,-0.4597327394521039,-0.433883739117558,-0.9009688679024191,0.8854560256532099,-0.4647231720437685,9.52,10.63,7.566666666666667,1.7819184418297769,58.09981625,5.929872083333334,25.8346875,34.92703125,0.3570213333333333,14.95,4,2
2022-04-30,9.17,London Marylebone Road,London,Westminster,Greater London,Greater London Urban Area,Urban Traffic,51.52253,-0.154611,England,London Central,0,2,1,1,2022,4,30,5,120,17,2,1,0,8,18,Spring,1,0.8660254037844387,-0.4999999999999998,0.8800122039735357,-0.4749510720670499,-0.9749279121818236,-0.2225209339563146,0.8854560256532099,-0.4647231720437685,7.15,17.31,8.613333333333333,1.279309709700137,54.623972083333335,10.18108625,37.55671875,53.15953124999999,0.4186269166666667,16.61,5,2
2022-05-01,13.99,London Marylebone Road,London,Westminster,Greater London,Greater London Urban Area,Urban Traffic,51.52253,-0.154611,England,London Central,0,2,1,1,2022,5,1,6,121,17,2,1,0,8,18,Spring,1,0.4999999999999999,-0.8660254037844387,0.8717063187093219,-0.4900286664290592,-0.7818314824680299,0.6234898018587334,0.8854560256532099,-0.4647231720437685,9.17,10.0,10.103333333333332,3.514218737263381,44.39600958333333,20.08153,48.5934375,79.36874999999999,0.5122479999999999,24.74,6,2
2022-05-02,16.16,London Marylebone Road,London,Westminster,Greater London,Greater London Urban Area,Urban Traffic,51.52253,-0.154611,England,London Central,0,2,1,1,2022,5,2,0,122,18,2,0,1,8,18,Spring,1,0.4999999999999999,-0.8660254037844387,0.8631421280499114,-0.5049610547215204,0.0,1.0,0.8229838658936565,-0.5680647467311557,13.99,7.74,13.106666666666667,3.57774137317568,43.747407083333336,15.882286666666666,44.8003125,69.14484374999999,0.4186269166666667,24.33,0,2
2022-05-03,14.4,London Marylebone Road,London,Westminster,Greater London,Greater London Urban Area,Urban Traffic,51.52253,-0.154611,England,London Central,0,2,1,1,2022,5,3,1,123,18,2,0,1,8,18,Spring,1,0.4999999999999999,-0.8660254037844387,0.854322169749827,-0.5197438121555155,0.7818314824680298,0.6234898018587336,0.8229838658936565,-0.5680647467311557,16.16,8.49,14.85,1.152865993947104,33.685752916666665,14.520650833333333,33.9309375,56.17171875,0.3104533333333333,23.4,1,2
2022-05-04,16.93,London Marylebone Road,London,Westminster,Greater London,Greater London Urban Area,Urban Traffic,51.52253,-0.154611,England,London Central,0,2,1,1,2022,5,4,2,124,18,2,0,1,8,18,Spring,1,0.4999999999999999,-0.8660254037844387,0.8452490573530633,-0.5343725582809786,0.9749279121818236,-0.2225209339563143,0.8229838658936565,-0.5680647467311557,14.4,6.03,15.829999999999998,1.2968808734805322,24.88804208333333,53.8521775,57.5025,140.0746875,0.39437275,,2,2
2022-05-05,7.79,London Marylebone Road,London,Westminster,Greater London,Greater London Urban Area,Urban Traffic,51.52253,-0.154611,England,London Central,0,2,1,1,2022,5,5,3,125,18,2,0,1,8,18,Spring,1,0.4999999999999999,-0.8660254037844387,0.8359254794186372,-0.548842958284719,0.4338837391175582,-0.900968867902419,0.8229838658936565,-0.5680647467311557,16.93,9.52,13.04,4.719332579931158,34.691918333333334,18.953762916666665,39.620625,68.6746875,0.4981805833333333,,3,2
2022-05-06,8.89,London Marylebone Road,London,Westminster,Greater London,Greater London Urban Area,Urban Traffic,51.52253,-0.154611,England,London Central,0,2,1,1,2022,5,6,4,126,18,2,0,1,8,18,Spring,1,0.4999999999999999,-0.8660254037844387,0.8263541987239096,-0.5631507242749186,-0.433883739117558,-0.9009688679024191,0.8229838658936565,-0.5680647467311557,7.79,7.15,11.203333333333331,4.989843016902741,22.7010875,48.44721083333334,56.9128125,131.18953125,0.390007,,4,2
2022-05-07,6.08,London Marylebone Road,London,Westminster,Greater London,Greater London Urban Area,Urban Traffic,51.52253,-0.154611,England,London Central,0,2,1,1,2022,5,7,5,127,18,2,1,0,8,18,Spring,1,0.4999999999999999,-0.8660254037844387,0.8165380514459161,-0.5772916165517272,-0.9749279121818236,-0.2225209339563146,0.8229838658936565,-0.5680647467311557,8.89,9.17,7.586666666666666,1.4159919962108274,30.043600416666667,13.73589125,25.9621875,47.015625,0.19645875,,5,2
2022-05-08,6.62,London Marylebone Road,London,Westminster,Greater London,Greater London Urban Area,Urban Traffic,51.52253,-0.154611,England,London Central,0,2,1,1,2022,5,8,6,128,18,2,1,0,8,18,Spring,1,0.4999999999999999,-0.8660254037844387,0.8064799463209448,-0.5912614448635781,-0.7818314824680299,0.6234898018587334,0.8229838658936565,-0.5680647467311557,6.08,13.99,7.196666666666666,1.491118148683441,55.99601583333333,9.022136666666666,26.46421875,40.29796875,0.3133638333333333,,6,2
2022-05-09,10.08,London Marylebone Road,London,Westminster,Greater London,Greater London Urban Area,Urban Traffic,51.52253,-0.154611,England,London Central,0,2,1,1,2022,5,9,0,129,19,2,0,1,8,18,Spring,1,0.4999999999999999,-0.8660254037844387,0.7961828637826158,-0.6050560696488488,0.0,1.0,0.7485107481711013,-0.663122658240795,6.62,16.16,7.593333333333334,2.170376311456869,36.138800833333335,33.34448666666667,61.72593749999999,112.82156249999998,0.35653625,,0,2
2022-05-10,8.61,London Marylebone Road,London,Westminster,Greater London,Greater London Urban Area,Urban Traffic,51.52253,-0.154611,England,London Central,0,2,1,1,2022,5,10,1,130,19,2,0,1,8,18,Spring,1,0.4999999999999999,-0.8660254037844387,0.7856498550787147,-0.6186714032625031,0.7818314824680298,0.6234898018587336,0.7485107481711013,-0.663122658240795,10.08,14.4,8.436666666666667,1.7365003119300333,35.49851375,40.3189725,49.55765625,111.37125,0.3235505833333333,,1,2
2022-05-11,6.95,London Marylebone Road,London,Westminster,Greater London,Greater London Urban Area,Urban Traffic,51.52253,-0.154611,England,London Central,0,2,1,1,2022,5,11,2,131,19,2,0,1,8,18,Spring,1,0.4999999999999999,-0.8660254037844387,0.7748840413670407,-0.6321034111873487,0.9749279121818236,-0.2225209339563143,0.7485107481711013,-0.663122658240795,8.61,16.93,8.546666666666667,1.565960833907764,23.607467916666664,47.89632,52.139531250000005,125.57953125,0.33907325,,2,2
2022-05-12,7.93,London Marylebone Road,London,Westminster,Greater London,Greater London Urban Area,Urban Traffic,51.52253,-0.154611,England,London Central,0,2,1,1,2022,5,12,3,132,19,2,0,1,8,18,Spring,1,0.4999999999999999,-0.8660254037844387,0.7638886127905428,-0.6453481132295501,0.4338837391175582,-0.900968867902419,0.7485107481711013,-0.663122658240795,6.95,7.79,7.829999999999999,0.8345058418008717,19.78237625,51.71097916666667,57.4228125,136.7278125,0.4152313333333333,,3,2
2022-05-13,8.27,London Marylebone Road,London,Westminster,Greater London,Greater London Urban Area,Urban Traffic,51.52253,-0.154611,England,London Central,0,2,1,1,2022,5,13,4,133,19,2,0,1,8,18,Spring,1,0.4999999999999999,-0.8660254037844387,0.7526668275320084,-0.6584015846980488,-0.433883739117558,-0.9009688679024191,0.7485107481711013,-0.663122658240795,7.93,8.89,7.716666666666666,0.685370945790028,31.374067083333333,41.12452041666666,54.64171875,117.6984375,0.3744843333333333,,4,2
2022-05-14,10.04,London Marylebone Road,London,Westminster,Greater London,Greater London Urban Area,Urban Traffic,51.52253,-0.154611,England,London Central,0,2,1,1,2022,5,14,5,134,19,2,1,0,8,18,Spring,1,0.4999999999999999,-0.8660254037844387,0.741222010848596,-0.6712599575675313,-0.9749279121818236,-0.2225209339563146,0.7485107481711013,-0.663122658240795,8.27,6.08,8.746666666666666,1.1328871670793588,43.26511291666667,20.18547166666667,44.4496875,75.41625,0.3453793333333333,,5,2
2022-05-15,16.43,London Marylebone Road,London,Westminster,Greater London,Greater London Urban Area,Urban Traffic,51.52253,-0.154611,England,London Central,0,2,1,1,2022,5,15,6,135,19,2,1,0,8,18,Spring,1,0.4999999999999999,-0.8660254037844387,0.7295575540864875,-0.6839194216246106,-0.7818314824680299,0.6234898018587334,0.7485107481711013,-0.663122658240795,10.04,6.62,11.579999999999998,4.292446854650585,37.6688375,13.647540833333332,47.955937500000005,68.88984375,0.267766,,6,2
2022-05-16,8.69,London Marylebone Road,London,Westminster,Greater London,Greater London Urban Area,Urban Traffic,51.52253,-0.154611,England,London Central,0,2,1,1,2022,5,16,0,136,20,2,0,1,8,18,Spring,1,0.4999999999999999,-0.8660254037844387,0.717676913675962,-0.6963762255968722,0.0,1.0,0.6631226582407952,-0.7485107481711012,16.43,10.08,11.72,4.134452805390297,26.426394166666668,39.56539541666667,52.84875,113.5228125,0.2629151666666666,,0,2
2022-05-17,7.9,London Marylebone Road,London,Westminster,Greater London,Greater London Urban Area,Urban Traffic,51.52253,-0.154611,England,London Central,0,2,1,1,2022,5,17,1,137,20,2,0,1,8,18,Spring,1,0.4999999999999999,-0.8660254037844387,0.705583610107178,-0.7086266782644596,0.7818314824680298,0.6234898018587336,0.6631226582407952,-0.7485107481711012,8.69,8.61,11.006666666666666,4.713325082500998,27.83169958333333,38.006270416666666,56.54624999999999,114.83765625,0.2624300833333333,,1,2
2022-05-18,6.46,London Marylebone Road,London,Westminster,Greater London,Greater London Urban Area,Urban Traffic,51.52253,-0.154611,England,London Central,0,2,1,1,2022,5,18,2,138,20,2,0,1,8,18,Spring,1,0.4999999999999999,-0.8660254037844387,0.6932812268869777,-0.7206671495538609,0.9749279121818236,-0.2225209339563143,0.6631226582407952,-0.7485107481711012,7.9,6.95,7.683333333333334,1.130678262519052,34.32604,39.78367291666667,53.486250000000005,114.4790625,0.3424688333333333,,2,2
2022-05-19,7.22,London Marylebone Road,London,Westminster,Greater London,Greater London Urban Area,Urban Traffic,51.52253,-0.154611,England,London Central,0,2,1,1,2022,5,19,3,139,20,2,0,1,8,18,Spring,1,0.4999999999999999,-0.8660254037844387,0.6807734094770161,-0.7324940716135789,0.4338837391175582,-0.900968867902419,0.6631226582407952,-0.7485107481711012,6.46,7.93,7.1933333333333325,0.7203702751593175,33.50281375,31.95166833333333,52.1315625,101.139375,0.30705775,16.53,3,2
2022-05-20,7.81,London Marylebone Road,London,Westminster,Greater London,Greater London Urban Area,Urban Traffic,51.52253,-0.154611,England,London Central,0,2,1,1,2022,5,20,4,140,20,2,0,1,8,18,Spring,1,0.4999999999999999,-0.8660254037844387,0.6680638642135335,-0.7441039398713607,-0.433883739117558,-0.9009688679024191,0.6631226582407952,-0.7485107481711012,7.22,8.27,7.163333333333333,0.6767815994344932,29.72761458333333,48.67068541666666,59.2396875,133.86703125,0.3599318333333333,19.08,4,2
2022-05-21,7.57,London Marylebone Road,London,Westminster,Greater London,Greater London Urban Area,Urban Traffic,51.52253,-0.154611,England,London Central,0,2,1,1,2022,5,21,5,141,20,2,1,0,8,18,Spring,1,0.4999999999999999,-0.8660254037844387,0.6551563572090853,-0.7554933140726803,-0.9749279121818236,-0.2225209339563146,0.6631226582407952,-0.7485107481711012,7.81,10.04,7.533333333333332,0.2967041174859309,32.413494166666666,23.256947916666665,40.74421875,76.39640625,0.3308268333333333,19.68,5,2
2022-05-22,7.79,London Marylebone Road,London,Westminster,Greater London,Greater London Urban Area,Urban Traffic,51.52253,-0.154611,England,London Central,0,2,1,1,2022,5,22,6,142,20,2,1,0,8,18,Spring,1,0.4999999999999999,-0.8660254037844387,0.6420547132365637,-0.766658819300159,-0.7818314824680299,0.6234898018587334,0.6631226582407952,-0.7485107481711012,7.57,16.43,7.723333333333334,0.1331665623687189,38.91615,21.318435833333336,41.6765625,74.364375,0.3332522499999999,17.5,6,2
2022-05-23,6.63,London Marylebone Road,London,Westminster,Greater London,Greater London Urban Area,Urban Traffic,51.52253,-0.154611,England,London Central,0,2,1,1,2022,5,23,0,143,21,2,0,1,8,18,Spring,1,0.4999999999999999,-0.8660254037844387,0.6287628145958344,-0.777597146973627,0.0,1.0,0.5680647467311558,-0.8229838658936564,7.79,8.69,7.330000000000001,0.6161168720297922,30.35127083333333,23.59475833333333,40.69640625,76.85859375,0.29250525,14.37,0,2
2022-05-24,5.0,London Marylebone Road,London,Westminster,Greater London,Greater London Urban Area,Urban Traffic,51.52253,-0.154611,England,London Central,0,2,1,1,2022,5,24,1,144,21,2,0,1,8,18,Spring,1,0.4999999999999999,-0.8660254037844387,0.6152845999633276,-0.7883050558305255,0.7818314824680298,0.6234898018587336,0.5680647467311558,-0.8229838658936564,6.63,7.9,6.473333333333334,1.4015824390071112,25.28718208333333,32.668865833333335,43.74046875,93.8240625,0.3056025,11.58,1,2
2022-05-25,6.47,London Marylebone Road,London,Westminster,Greater London,Greater London Urban Area,Urban Traffic,51.52253,-0.154611,England,London Central,0,2,1,1,2022,5,25,2,145,21,2,0,1,8,18,Spring,1,0.4999999999999999,-0.8660254037844387,0.6016240632249226,-0.7987793728863649,0.9749279121818236,-0.2225209339563143,0.5680647467311558,-0.8229838658936564,5.0,6.46,6.033333333333334,0.8984616482260831,22.559725416666662,42.84204347826087,50.66461956521739,116.36315217391304,0.3285068695652174,15.24,2,2
2022-05-26,6.56,London Marylebone Road,London,Westminster,Greater London,Greater London Urban Area,Urban Traffic,51.52253,-0.154611,England,London Central,0,2,1,1,2022,5,26,3,146,21,2,0,1,8,18,Spring,1,0.4999999999999999,-0.8660254037844387,0.5877852522924732,-0.8090169943749473,0.4338837391175582,-0.900968867902419,0.5680647467311558,-0.8229838658936564,6.47,7.22,6.010000000000001,0.8758424515857842,18.4103325,50.15185416666666,46.25062500000001,123.1490625,0.2755273333333333,15.93,3,2
2022-05-27,5.97,London Marylebone Road,London,Westminster,Greater London,Greater London Urban Area,Urban Traffic,51.52253,-0.154611,England,London Central,0,2,1,1,2022,5,27,4,147,21,2,0,1,8,18,Spring,1,0.4999999999999999,-0.8660254037844387,0.5737722679043246,-0.8190148866680801,-0.433883739117558,-0.9009688679024191,0.5680647467311558,-0.8229838658936564,6.56,7.81,6.333333333333333,0.3178574103794423,50.923611666666666,9.33915875,22.70296875,36.99890625,0.2706765,14.43,4,2
2022-05-28,4.56,London Marylebone Road,London,Westminster,Greater London,Greater London Urban Area,Urban Traffic,51.52253,-0.154611,England,London Central,0,2,1,1,2022,5,28,5,148,21,2,1,0,8,18,Spring,1,0.4999999999999999,-0.8660254037844387,0.5595892624101765,-0.8287700871745038,-0.9749279121818236,-0.2225209339563146,0.5680647467311558,-0.8229838658936564,5.97,7.57,5.696666666666666,1.0276348248931308,53.40992125,4.672177916666667,13.9453125,21.133125,0.3211251666666666,9.68,5,2
2022-05-29,3.92,London Marylebone Road,London,Westminster,Greater London,Greater London Urban Area,Urban Traffic,51.52253,-0.154611,England,London Central,0,2,1,1,2022,5,29,6,149,21,2,1,0,8,18,Spring,1,0.4999999999999999,-0.8660254037844387,0.545240438540651,-0.8382797052177744,-0.7818314824680299,0.6234898018587334,0.5680647467311558,-0.8229838658936564,4.56,7.79,4.816666666666666,1.0488247390928331,53.02741208333333,4.547447916666667,12.7978125,19.7784375,0.3526555833333333,8.46,6,2
2022-05-30,8.15,London Marylebone Road,London,Westminster,Greater London,Greater London Urban Area,Urban Traffic,51.52253,-0.154611,England,London Central,0,2,1,1,2022,5,30,0,150,22,2,0,1,8,18,Spring,1,0.4999999999999999,-0.8660254037844387,0.5307300481619334,-0.8475409228928311,0.0,1.0,0.464723172043769,-0.8854560256532096,3.92,6.63,5.543333333333334,2.28000730992976,20.896642083333333,48.19255375,57.6778125,131.58796875,0.4370600833333333,16.74,0,2
2022-05-31,6.95,London Marylebone Road,London,Westminster,Greater London,Greater London Urban Area,Urban Traffic,51.52253,-0.154611,England,London Central,0,2,1,1,2022,5,31,1,151,22,2,0,1,8,18,Spring,1,0.4999999999999999,-0.8660254037844387,0.5160623910158528,-0.8565509959010036,0.7818314824680298,0.6234898018587336,0.464723172043769,-0.8854560256532096,8.15,5.0,6.340000000000001,2.1799770640994813,20.43097875,50.44808791666667,58.4109375,135.76359375,0.3812755,14.75,1,2
2022-06-01,7.07,London Marylebone Road,London,Westminster,Greater London,Greater London Urban Area,Urban Traffic,51.52253,-0.154611,England,London Central,0,2,1,1,2022,6,1,2,152,22,2,0,1,8,18,Summer,2,1.2246467991473532e-16,-1.0,0.5012418134457758,-0.865307254363206,0.9749279121818236,-0.2225209339563143,0.464723172043769,-0.8854560256532096,6.95,6.47,7.390000000000001,0.6609084656741643,23.407897916666663,30.3405725,43.3340625,89.83968750000001,0.3880666666666667,13.19,2,2
2022-06-02,9.3,London Marylebone Road,London,Westminster,Greater London,Greater London Urban Area,Urban Traffic,51.52253,-0.154611,England,London Central,0,2,1,1,2022,6,2,3,153,22,2,0,1,8,18,Summer,2,1.2246467991473532e-16,-1.0,0.48627270710869,-0.8738071036110808,0.4338837391175582,-0.900968867902419,0.464723172043769,-0.8854560256532096,7.07,6.56,7.773333333333334,1.323492853525514,38.05134666666667,15.54447625,48.306562500000005,72.14109375,0.3647826666666667,17.37,3,2
2022-06-03,8.33,London Marylebone Road,London,Westminster,Greater London,Greater London Urban Area,Urban Traffic,51.52253,-0.154611,England,London Central,0,2,1,1,2022,6,3,4,154,22,2,0,1,8,18,Summer,2,1.2246467991473532e-16,-1.0,0.4711595076738638,-0.8820480249558537,-0.433883739117558,-0.9009688679024191,0.464723172043769,-0.8854560256532096,9.3,5.97,8.233333333333334,1.1181383337195363,65.74999958333333,5.519302499999999,27.16546875,35.64421875,0.2789229166666667,15.31,4,2
2022-06-04,6.55,London Marylebone Road,London,Westminster,Greater London,Greater London Urban Area,Urban Traffic,51.52253,-0.154611,England,London Central,0,2,1,1,2022,6,4,5,155,22,2,1,0,8,18,Summer,2,1.2246467991473532e-16,-1.0,0.4559066935084588,-0.8900275764346767,-0.9749279121818236,-0.2225209339563146,0.464723172043769,-0.8854560256532096,8.33,4.56,8.06,1.394740119161907,67.7041225,3.04029375,11.9371875,16.56703125,0.23284,14.45,5,2
2022-06-05,7.08,London Marylebone Road,London,Westminster,Greater London,Greater London Urban Area,Urban Traffic,51.52253,-0.154611,England,London Central,0,2,1,1,2022,6,5,6,156,22,2,1,0,8,18,Summer,2,1.2246467991473532e-16,-1.0,0.440518784350495,-0.8977433935342337,-0.7818314824680299,0.6234898018587334,0.464723172043769,-0.8854560256532096,6.55,3.92,7.320000000000001,0.9139474820796756,32.26381666666666,9.380735416666669,21.515625,35.9071875,0.1983990833333333,12.76,6,2
2022-06-06,7.17,London Marylebone Road,London,Westminster,Greater London,Greater London Urban Area,Urban Traffic,51.52253,-0.154611,England,London Central,0,2,1,1,2022,6,6,0,157,23,2,0,1,8,18,Summer,2,1.2246467991473532e-16,-1.0,0.4250003399695541,-0.9051931898913974,0.0,1.0,0.3546048870425358,-0.9350162426854148,7.08,8.15,6.933333333333335,0.3350124375797357,18.45190958333333,52.70362208333333,55.478437500000005,136.3134375,0.3148190833333333,14.31,0,2
2022-06-07,6.85,London Marylebone Road,London,Westminster,Greater London,Greater London Urban Area,Urban Traffic,51.52253,-0.154611,England,London Central,0,2,1,1,2022,6,7,1,158,23,2,0,1,8,18,Summer,2,1.2246467991473532e-16,-1.0,0.4093559588156213,-0.9123747579707272,0.7818314824680298,0.6234898018587336,0.3546048870425358,-0.9350162426854148,7.17,6.95,7.033333333333334,0.1650252505924932,23.16675083333333,40.064315416666666,46.94390625,108.35109375,0.2731019166666666,13.35,1,2
2022-06-08,6.26,London Marylebone Road,London,Westminster,Greater London,Greater London Urban Area,Urban Traffic,51.52253,-0.154611,England,London Central,0,2,1,1,2022,6,8,2,159,23,2,0,1,8,18,Summer,2,1.2246467991473532e-16,-1.0,0.3935902766564667,-0.9192859697186104,0.9749279121818236,-0.2225209339563143,0.3546048870425358,-0.9350162426854148,6.85,7.07,6.760000000000002,0.4616275555031185,24.46034043478261,34.6478247826087,45.01858695652174,98.16114130434784,0.2606795652173913,14.4,2,2
2022-06-09,7.55,London Marylebone Road,London,Westminster,Greater London,Greater London Urban Area,Urban Traffic,51.52253,-0.154611,England,London Central,0,2,1,1,2022,6,9,3,160,23,2,0,1,8,18,Summer,2,1.2246467991473532e-16,-1.0,0.3777079652039649,-0.9259247771938498,0.4338837391175582,-0.900968867902419,0.3546048870425358,-0.9350162426854148,6.26,9.3,6.886666666666668,0.6457811806898034,17.83656875,54.04446958333333,51.3825,134.2415625,0.3167594166666667,20.43,3,2
2022-06-10,8.5,London Marylebone Road,London,Westminster,Greater London,Greater London Urban Area,Urban Traffic,51.52253,-0.154611,England,London Central,0,2,1,1,2022,6,10,4,161,23,2,0,1,8,18,Summer,2,1.2246467991473532e-16,-1.0,0.3617137307297676,-0.9322892131745132,-0.433883739117558,-0.9009688679024191,0.3546048870425358,-0.9350162426854148,7.55,8.33,7.436666666666667,1.124292370041312,23.41621333333333,48.603123333333336,49.03968749999999,123.5634375,0.2857140833333333,21.11,4,2
2022-06-11,7.35,London Marylebone Road,London,Westminster,Greater London,Greater London Urban Area,Urban Traffic,51.52253,-0.154611,England,London Central,0,2,1,1,2022,6,11,5,162,23,2,1,0,8,18,Summer,2,1.2246467991473532e-16,-1.0,0.3456123126707335,-0.938377391740864,-0.9749279121818236,-0.2225209339563146,0.3546048870425358,-0.9350162426854148,8.5,6.55,7.800000000000001,0.6144102863720409,31.15786625,24.784890416666663,39.1584375,77.16140625,0.2915350833333333,21.04,5,2
2022-06-12,6.73,London Marylebone Road,London,Westminster,Greater London,Greater London Urban Area,Urban Traffic,51.52253,-0.154611,England,London Central,0,2,1,1,2022,6,12,6,163,23,2,1,0,8,18,Summer,2,1.2246467991473532e-16,-1.0,0.3294084822245304,-0.9441875088341992,-0.7818314824680299,0.6234898018587334,0.3546048870425358,-0.9350162426854148,7.35,7.08,7.526666666666668,0.8981276820881922,41.89306916666667,12.561350416666668,27.938437500000003,47.21484375,0.2920201666666667,16.65,6,2
2022-06-13,6.6,London Marylebone Road,London,Westminster,Greater London,Greater London Urban Area,Urban Traffic,51.52253,-0.154611,England,London Central,0,2,1,1,2022,6,13,0,164,24,2,0,1,8,18,Summer,2,1.2246467991473532e-16,-1.0,0.3131070409358269,-0.9497178427914316,0.0,1.0,0.2393156642875576,-0.970941817426052,6.73,7.17,6.893333333333334,0.4007908847929488,46.31687083333333,12.805613333333334,32.2575,51.86859375,0.314334,13.47,0,2
2022-06-14,9.92,London Marylebone Road,London,Westminster,Greater London,Greater London Urban Area,Urban Traffic,51.52253,-0.154611,England,London Central,0,2,1,1,2022,6,14,1,165,24,2,0,1,8,18,Summer,2,1.2246467991473532e-16,-1.0,0.2967128192734907,-0.9549667548552552,0.7818314824680298,0.6234898018587336,0.2393156642875576,-0.970941817426052,6.6,6.85,7.750000000000001,1.8803988938519864,40.570917916666666,39.22238791666667,64.3078125,124.4240625,0.3730290833333333,20.0,1,2
2022-06-15,13.67,London Marylebone Road,London,Westminster,Greater London,Greater London Urban Area,Urban Traffic,51.52253,-0.154611,England,London Central,0,2,1,1,2022,6,15,2,166,24,2,0,1,8,18,Summer,2,1.2246467991473532e-16,-1.0,0.2802306751992159,-0.9599326896597448,0.9749279121818236,-0.2225209339563143,0.2393156642875576,-0.970941817426052,9.92,6.26,10.063333333333334,3.5371787251046687,50.70741083333333,31.64504041666667,77.9025,126.41625,0.36526775,25.73,2,2
2022-06-16,13.37,London Marylebone Road,London,Westminster,Greater London,Greater London Urban Area,Urban Traffic,51.52253,-0.154611,England,London Central,0,2,1,1,2022,6,16,3,167,24,2,0,1,8,18,Summer,2,1.2246467991473532e-16,-1.0,0.263665492728007,-0.9646141756912436,0.4338837391175582,-0.900968867902419,0.2393156642875576,-0.970941817426052,13.67,7.55,12.32,2.0838665984174063,39.11572,49.65813125,93.32203125,169.479375,0.3832158333333333,25.21,3,2
2022-06-17,11.495,London Marylebone Road,London,Westminster,Greater London,Greater London Urban Area,Urban Traffic,51.52253,-0.154611,England,London Central,0,2,1,1,2022,6,17,4,168,24,2,0,1,8,18,Summer,2,1.2246467991473532e-16,-1.0,0.2470221804809355,-0.9690098257244062,-0.433883739117558,-0.9009688679024191,0.2393156642875576,-0.970941817426052,13.37,8.5,12.845,1.1787175234125125,55.81307666666667,35.40253166666667,85.71984375,139.98703125,0.3400434166666666,31.66,4,2
2022-06-18,9.62,London Marylebone Road,London,Westminster,Greater London,Greater London Urban Area,Urban Traffic,51.52253,-0.154611,England,London Central,0,2,1,1,2022,6,18,5,169,24,2,1,0,8,18,Summer,2,1.2246467991473532e-16,-1.0,0.2303056702306122,-0.973118337233262,-0.9749279121818236,-0.2225209339563146,0.2393156642875576,-0.970941817426052,11.495,7.35,11.495,1.8749999999999325,40.096939166666665,5.841521666666666,20.368125,29.3409375,0.1343680833333333,17.83,5,2
2022-06-19,5.44,London Marylebone Road,London,Westminster,Greater London,Greater London Urban Area,Urban Traffic,51.52253,-0.154611,England,London Central,0,2,1,1,2022,6,19,6,170,24,2,1,0,8,18,Summer,2,1.2246467991473532e-16,-1.0,0.2135209154397961,-0.9769384927771816,-0.7818314824680299,0.6234898018587334,0.2393156642875576,-0.970941817426052,9.62,6.73,8.851666666666668,3.0997593992652277,42.46683291666667,4.963214583333333,14.57484375,22.22484375,0.2391460833333333,11.75,6,2
2022-06-20,6.91,London Marylebone Road,London,Westminster,Greater London,Greater London Urban Area,Urban Traffic,51.52253,-0.154611,England,London Central,0,2,1,1,2022,6,20,0,171,25,2,0,1,8,18,Summer,2,1.2246467991473532e-16,-1.0,0.1966728897935764,-0.980469160361632,0.0,1.0,0.120536680255323,-0.992708874098054,5.44,6.6,7.323333333333334,2.1204323458514653,41.65192208333333,10.3214075,25.7709375,41.596875,0.26048975,15.36,0,2
2022-06-21,8.42,London Marylebone Road,London,Westminster,Greater London,Greater London Urban Area,Urban Traffic,51.52253,-0.154611,England,London Central,0,2,1,1,2022,6,21,1,172,25,2,0,1,8,18,Summer,2,1.2246467991473532e-16,-1.0,0.1797665857255624,-0.9837092937736096,0.7818314824680298,0.6234898018587336,0.120536680255323,-0.992708874098054,6.91,9.92,6.923333333333335,1.4900447420574852,32.912419166666666,30.205448333333333,56.12390625,102.3984375,0.3521705,19.1,1,2
2022-06-22,8.45,London Marylebone Road,London,Westminster,Greater London,Greater London Urban Area,Urban Traffic,51.52253,-0.154611,England,London Central,0,2,1,1,2022,6,22,2,173,25,2,0,1,8,18,Summer,2,1.2246467991473532e-16,-1.0,0.1628070129385171,-0.986657932891657,0.9749279121818236,-0.2225209339563143,0.120536680255323,-0.992708874098054,8.42,13.67,7.926666666666667,0.8805869254838748,37.44432125,20.356975416666668,45.93984375,77.169375,0.2774676666666666,17.52,2,2
2022-06-23,11.36,London Marylebone Road,London,Westminster,Greater London,Greater London Urban Area,Urban Traffic,51.52253,-0.154611,England,London Central,0,2,1,1,2022,6,23,3,174,25,2,0,1,8,18,Summer,2,1.2246467991473532e-16,-1.0,0.1457991969198751,-0.9893142039703664,0.4338837391175582,-0.900968867902419,0.120536680255323,-0.992708874098054,8.45,13.37,9.410000000000002,1.6888161534044466,47.1484125,13.772270833333332,43.06312500000001,64.17234375,0.2304145833333333,,3,2
2022-06-24,8.9,London Marylebone Road,London,Westminster,Greater London,Greater London Urban Area,Urban Traffic,51.52253,-0.154611,England,London Central,0,2,1,1,2022,6,24,4,175,25,2,0,1,8,18,Summer,2,1.2246467991473532e-16,-1.0,0.1287481774525813,-0.99167731989929,-0.433883739117558,-0.9009688679024191,0.120536680255323,-0.992708874098054,11.36,11.495,9.570000000000002,1.566429059995948,39.53980625,42.0028275,52.02796874999999,116.43140625,0.2959008333333333,16.89,4,2
2022-06-25,6.02,London Marylebone Road,London,Westminster,Greater London,Greater London Urban Area,Urban Traffic,51.52253,-0.154611,England,London Central,0,2,1,1,2022,6,25,5,176,25,2,1,0,8,18,Summer,2,1.2246467991473532e-16,-1.0,0.1116590071216951,-0.993746580436178,-0.9749279121818236,-0.2225209339563146,0.120536680255323,-0.992708874098054,8.9,9.62,8.760000000000002,2.6727513913568166,35.10768916666667,26.661037500000003,39.620625,80.50828125,0.3284014166666666,18.62,5,2
2022-06-26,5.56,London Marylebone Road,London,Westminster,Greater London,Greater London Urban Area,Urban Traffic,51.52253,-0.154611,England,London Central,0,2,1,1,2022,6,26,6,177,25,2,1,0,8,18,Summer,2,1.2246467991473532e-16,-1.0,0.0945367498171991,-0.9955213724144752,-0.7818314824680299,0.6234898018587334,0.120536680255323,-0.992708874098054,6.02,5.44,6.826666666666668,1.810230187941068,39.11572,22.711254166666667,35.83546875,70.6509375,0.3647826666666667,15.06,6,2
2022-06-27,6.3,London Marylebone Road,London,Westminster,Greater London,Greater London Urban Area,Urban Traffic,51.52253,-0.154611,England,London Central,0,2,1,1,2022,6,27,0,178,26,2,0,1,8,18,Summer,2,1.2246467991473532e-16,-1.0,0.077386479233463,-0.9970011699250152,0.0,1.0,-3.216245299353273e-16,-1.0,5.56,6.91,5.960000000000001,0.3736308338451569,24.28933208333333,47.67284541666667,46.760625000000005,119.818125,0.3293715833333333,16.88,0,2
2022-06-28,6.68,London Marylebone Road,London,Westminster,Greater London,Greater London Urban Area,Urban Traffic,51.52253,-0.154611,England,London Central,0,2,1,1,2022,6,28,1,179,26,2,0,1,8,18,Summer,2,1.2246467991473532e-16,-1.0,0.060213277365793,-0.9981855344718586,0.7818314824680298,0.6234898018587336,-3.216245299353273e-16,-1.0,6.3,8.42,6.180000000000002,0.5695612346357724,25.478436666666667,48.821400833333335,51.90046875,126.7190625,0.3604169166666666,17.98,1,2
2022-06-29,6.82,London Marylebone Road,London,Westminster,Greater London,Greater London Urban Area,Urban Traffic,51.52253,-0.154611,England,London Central,0,2,1,1,2022,6,29,2,180,26,2,0,1,8,18,Summer,2,1.2246467991473532e-16,-1.0,0.0430222330045305,-0.99907411510223,0.9749279121818236,-0.2225209339563143,-3.216245299353273e-16,-1.0,6.68,8.45,6.600000000000001,0.2690724809411436,21.021373333333333,50.328555,50.3784375,127.53984375,0.2939605,17.75,2,2
2022-06-30,6.49,London Marylebone Road,London,Westminster,Greater London,Greater London Urban Area,Urban Traffic,51.52253,-0.154611,England,London Central,0,2,1,1,2022,6,30,3,181,26,2,0,1,8,18,Summer,2,1.2246467991473532e-16,-1.0,0.025818440227133,-0.9996666485105112,0.4338837391175582,-0.900968867902419,-3.216245299353273e-16,-1.0,6.82,11.36,6.663333333333335,0.1656301099835259,20.7053875,46.91407125,49.565625,121.49953125,0.314334,16.85,3,2
2022-07-01,6.99,London Marylebone Road,London,Westminster,Greater London,Greater London Urban Area,Urban Traffic,51.52253,-0.154611,England,London Central,0,2,1,1,2022,7,1,4,182,26,3,0,1,8,18,Summer,2,-0.4999999999999997,-0.8660254037844388,0.0086069968886886,-0.9999629591162656,-0.433883739117558,-0.9009688679024191,-3.216245299353273e-16,-1.0,6.49,8.9,6.766666666666668,0.2542308662085589,23.840299583333334,46.85690333333333,45.868125,117.73828125,0.3662379166666666,16.27,4,3
2022-07-02,5.69,London Marylebone Road,London,Westminster,Greater London,Greater London Urban Area,Urban Traffic,51.52253,-0.154611,England,London Central,0,2,1,1,2022,7,2,5,183,26,3,1,0,8,18,Summer,2,-0.4999999999999997,-0.8660254037844388,-0.008606996888688,-0.9999629591162656,-0.9749279121818236,-0.2225209339563146,-3.216245299353273e-16,-1.0,6.99,6.02,6.3900000000000015,0.6557438524300653,31.67342208333333,29.9663825,37.708125,83.671875,0.3337373333333333,,5,3
2022-07-03,5.24,London Marylebone Road,London,Westminster,Greater London,Greater London Urban Area,Urban Traffic,51.52253,-0.154611,England,London Central,0,2,1,1,2022,7,3,6,184,26,3,1,0,8,18,Summer,2,-0.4999999999999997,-0.8660254037844388,-0.0258184402271323,-0.9996666485105112,-0.7818314824680299,0.6234898018587334,-3.216245299353273e-16,-1.0,5.69,5.56,5.973333333333335,0.90875372534761,32.188977916666666,14.369935416666666,24.750937500000003,46.78453124999999,0.2774676666666666,10.53,6,3
2022-07-04,6.87,London Marylebone Road,London,Westminster,Greater London,Greater London Urban Area,Urban Traffic,51.52253,-0.154611,England,London Central,0,2,1,1,2022,7,4,0,185,27,3,0,1,8,18,Summer,2,-0.4999999999999997,-0.8660254037844388,-0.0430222330045303,-0.99907411510223,0.0,1.0,-0.1205366802553228,-0.992708874098054,5.24,6.3,5.933333333333335,0.8418036192207534,29.51141375,23.36088958333333,35.931093749999995,71.75859375,0.424933,13.14,0,3
2022-07-05,5.4,London Marylebone Road,London,Westminster,Greater London,Greater London Urban Area,Urban Traffic,51.52253,-0.154611,England,London Central,0,2,1,1,2022,7,5,1,186,27,3,0,1,8,18,Summer,2,-0.4999999999999997,-0.8660254037844388,-0.0602132773657927,-0.9981855344718586,0.7818314824680298,0.6234898018587336,-0.1205366802553228,-0.992708874098054,6.87,6.68,5.836666666666669,0.8984616482260998,38.575217916666666,11.028210833333333,23.02171875,39.9075,0.27795275,10.44,1,3
2022-07-06,7.01,London Marylebone Road,London,Westminster,Greater London,Greater London Urban Area,Urban Traffic,51.52253,-0.154611,England,London Central,0,2,1,1,2022,7,6,2,187,27,3,0,1,8,18,Summer,2,-0.4999999999999997,-0.8660254037844388,-0.0773864792334632,-0.9970011699250152,0.9749279121818236,-0.2225209339563143,-0.1205366802553228,-0.992708874098054,5.4,6.82,6.426666666666669,0.8918706931686656,23.67399125,19.300611739130435,26.91635869565217,56.47695652173913,0.2247412173913043,13.38,2,3
2022-07-07,5.62,London Marylebone Road,London,Westminster,Greater London,Greater London Urban Area,Urban Traffic,51.52253,-0.154611,England,London Central,0,2,1,1,2022,7,7,3,188,27,3,0,1,8,18,Summer,2,-0.4999999999999997,-0.8660254037844388,-0.0945367498171993,-0.9955213724144752,0.4338837391175582,-0.900968867902419,-0.1205366802553228,-0.992708874098054,7.01,6.49,6.010000000000002,0.8729833904489964,33.893638333333335,14.20362875,27.21328125,48.99984375,0.2250786666666666,11.63,3,3
2022-07-08,7.64,London Marylebone Road,London,Westminster,Greater London,Greater London Urban Area,Urban Traffic,51.52253,-0.154611,England,London Central,0,2,1,1,2022,7,8,4,189,27,3,0,1,8,18,Summer,2,-0.4999999999999997,-0.8660254037844388,-0.1116590071216944,-0.993746580436178,-0.433883739117558,-0.9009688679024191,-0.1205366802553228,-0.992708874098054,5.62,6.99,6.756666666666668,1.0335537399347725,44.12160083333333,10.14990375,26.99015625,42.52921875,0.2192576666666666,13.29,4,3
2022-07-09,5.88,London Marylebone Road,London,Westminster,Greater London,Greater London Urban Area,Urban Traffic,51.52253,-0.154611,England,London Central,0,2,1,1,2022,7,9,5,190,27,3,1,0,8,18,Summer,2,-0.4999999999999997,-0.8660254037844388,-0.1287481774525806,-0.99167731989929,-0.9749279121818236,-0.2225209339563146,-0.1205366802553228,-0.992708874098054,7.64,5.69,6.380000000000002,1.0989085494252118,39.73106083333334,10.809933333333332,23.90625,40.4653125,0.2076156666666666,11.37,5,3
2022-07-10,8.45,London Marylebone Road,London,Westminster,Greater London,Greater London Urban Area,Urban Traffic,51.52253,-0.154611,England,London Central,0,2,1,1,2022,7,10,6,191,27,3,1,0,8,18,Summer,2,-0.4999999999999997,-0.8660254037844388,-0.1457991969198744,-0.9893142039703664,-0.7818314824680299,0.6234898018587334,-0.1205366802553228,-0.992708874098054,5.88,5.24,7.323333333333334,1.3139381010280329,54.17493958333333,14.82727875,36.53671875,59.2715625,0.2731019166666666,16.03,6,3
2022-07-11,10.3,London Marylebone Road,London,Westminster,Greater London,Greater London Urban Area,Urban Traffic,51.52253,-0.154611,England,London Central,0,2,1,1,2022,7,11,0,192,28,3,0,1,8,18,Summer,2,-0.4999999999999997,-0.8660254037844388,-0.1628070129385164,-0.9866579328916572,0.0,1.0,-0.2393156642875574,-0.970941817426052,8.45,6.87,8.21,2.2197522384265818,48.595295,26.240073750000004,60.77765625,101.0278125,0.320155,19.91,0,3
2022-07-12,12.04,London Marylebone Road,London,Westminster,Greater London,Greater London Urban Area,Urban Traffic,51.52253,-0.154611,England,London Central,0,2,1,1,2022,7,12,1,193,28,3,0,1,8,18,Summer,2,-0.4999999999999997,-0.8660254037844388,-0.1797665857255621,-0.9837092937736098,0.7818314824680298,0.6234898018587336,-0.2393156642875574,-0.970941817426052,10.3,5.4,10.263333333333335,1.7952808508233873,40.25493208333334,30.117097916666665,61.0725,107.25140625,0.2769825833333333,22.96,1,3
2022-07-13,8.82,London Marylebone Road,London,Westminster,Greater London,Greater London Urban Area,Urban Traffic,51.52253,-0.154611,England,London Central,0,2,1,1,2022,7,13,2,194,28,3,0,1,8,18,Summer,2,-0.4999999999999997,-0.8660254037844388,-0.1966728897935762,-0.980469160361632,0.9749279121818236,-0.2225209339563143,-0.2393156642875574,-0.970941817426052,12.04,7.01,10.386666666666668,1.6117485329086374,60.35329416666667,8.845435833333333,27.763125,41.341875,0.186272,16.62,2,3
2022-07-14,5.96,London Marylebone Road,London,Westminster,Greater London,Greater London Urban Area,Urban Traffic,51.52253,-0.154611,England,London Central,0,2,1,1,2022,7,14,3,195,28,3,0,1,8,18,Summer,2,-0.4999999999999997,-0.8660254037844388,-0.2135209154397959,-0.9769384927771816,0.4338837391175582,-0.900968867902419,-0.2393156642875574,-0.970941817426052,8.82,5.62,8.940000000000001,3.041775797129009,44.91988083333334,8.034690833333334,20.75859375,33.0703125,0.2638853333333333,14.05,3,3
2022-07-15,6.63,London Marylebone Road,London,Westminster,Greater London,Greater London Urban Area,Urban Traffic,51.52253,-0.154611,England,London Central,0,2,1,1,2022,7,15,4,196,28,3,0,1,8,18,Summer,2,-0.4999999999999997,-0.8660254037844388,-0.2303056702306119,-0.973118337233262,-0.433883739117558,-0.9009688679024191,-0.2393156642875574,-0.970941817426052,5.96,7.64,7.136666666666668,1.495805245790094,39.348551666666665,15.4977025,29.500312500000003,53.25515625,0.32161025,12.85,4,3
2022-07-16,7.3,London Marylebone Road,London,Westminster,Greater London,Greater London Urban Area,Urban Traffic,51.52253,-0.154611,England,London Central,0,2,1,1,2022,7,16,5,197,28,3,1,0,8,18,Summer,2,-0.4999999999999997,-0.8660254037844388,-0.2470221804809352,-0.9690098257244064,-0.9749279121818236,-0.2225209339563146,-0.2393156642875574,-0.970941817426052,6.63,5.88,6.630000000000002,0.6699999999998747,44.52905625,13.959365833333337,35.88328125,57.279375,0.3109384166666666,15.76,5,3
2022-07-17,8.75,London Marylebone Road,London,Westminster,Greater London,Greater London Urban Area,Urban Traffic,51.52253,-0.154611,England,London Central,0,2,1,1,2022,7,17,6,198,28,3,1,0,8,18,Summer,2,-0.4999999999999997,-0.8660254037844388,-0.2636654927280072,-0.9646141756912436,-0.7818314824680299,0.6234898018587334,-0.2393156642875574,-0.970941817426052,7.3,8.45,7.560000000000001,1.0836512354073278,53.50139083333334,14.8740525,45.4696875,68.26828125,0.4001937499999999,17.4,6,3
2022-07-18,13.57,London Marylebone Road,London,Westminster,Greater London,Greater London Urban Area,Urban Traffic,51.52253,-0.154611,England,London Central,0,2,1,1,2022,7,18,0,199,29,3,0,1,8,18,Summer,2,-0.4999999999999997,-0.8660254037844388,-0.2802306751992161,-0.9599326896597444,0.0,1.0,-0.3546048870425356,-0.9350162426854148,8.75,10.3,9.873333333333337,3.2824736607219185,43.10712,25.551831428571436,86.88214285714287,126.05196428571428,0.4645712380952381,30.38,0,3
2022-07-19,19.36,London Marylebone Road,London,Westminster,Greater London,Greater London Urban Area,Urban Traffic,51.52253,-0.154611,England,London Central,0,2,1,1,2022,7,19,1,200,29,3,0,1,8,18,Summer,2,-0.4999999999999997,-0.8660254037844388,-0.2967128192734901,-0.9549667548552552,0.7818314824680298,0.6234898018587336,-0.3546048870425356,-0.9350162426854148,13.57,12.04,13.893333333333336,5.3123849007139095,48.58697958333334,20.980625416666665,74.48390625,106.62984375,0.3992235833333333,39.97,1,3
2022-07-20,17.37,London Marylebone Road,London,Westminster,Greater London,Greater London Urban Area,Urban Traffic,51.52253,-0.154611,England,London Central,0,2,1,1,2022,7,20,2,201,29,3,0,1,8,18,Summer,2,-0.4999999999999997,-0.8660254037844388,-0.3131070409358267,-0.9497178427914316,0.9749279121818236,-0.2225209339563143,-0.3546048870425356,-0.9350162426854148,19.36,8.82,16.76666666666667,2.9417738412959475,44.73838782608696,24.87550043478261,41.235163043478266,79.3770652173913,0.2460005217391304,28.04,2,3
2022-07-21,7.25,London Marylebone Road,London,Westminster,Greater London,Greater London Urban Area,Urban Traffic,51.52253,-0.154611,England,London Central,0,2,1,1,2022,7,21,3,202,29,3,0,1,8,18,Summer,2,-0.4999999999999997,-0.8660254037844388,-0.3294084822245302,-0.9441875088341994,0.4338837391175582,-0.900968867902419,-0.3546048870425356,-0.9350162426854148,17.37,5.96,14.660000000000002,6.49392793307716,33.8770075,11.017816666666668,23.29265625,40.20234375,0.1886974166666666,18.78,3,3
2022-07-22,5.82,London Marylebone Road,London,Westminster,Greater London,Greater London Urban Area,Urban Traffic,51.52253,-0.154611,England,London Central,0,2,1,1,2022,7,22,4,203,29,3,0,1,8,18,Summer,2,-0.4999999999999997,-0.8660254037844388,-0.3456123126707333,-0.9383773917408642,-0.433883739117558,-0.9009688679024191,-0.3546048870425356,-0.9350162426854148,7.25,6.63,10.146666666666668,6.296319030460032,35.656506666666665,22.09280125,36.17015625,70.04531250000001,0.244482,17.6,4,3
2022-07-23,6.87,London Marylebone Road,London,Westminster,Greater London,Greater London Urban Area,Urban Traffic,51.52253,-0.154611,England,London Central,0,2,1,1,2022,7,23,5,204,29,3,1,0,8,18,Summer,2,-0.4999999999999997,-0.8660254037844388,-0.3617137307297674,-0.9322892131745134,-0.9749279121818236,-0.2225209339563146,-0.3546048870425356,-0.9350162426854148,5.82,7.3,6.646666666666668,0.7406978691296239,35.182527916666665,22.81519583333333,36.24984375,71.2246875,0.2760124166666666,15.73,5,3
2022-07-24,6.59,London Marylebone Road,London,Westminster,Greater London,Greater London Urban Area,Urban Traffic,51.52253,-0.154611,England,London Central,0,2,1,1,2022,7,24,6,205,29,3,1,0,8,18,Summer,2,-0.4999999999999997,-0.8660254037844388,-0.3777079652039646,-0.92592477719385,-0.7818314824680299,0.6234898018587334,-0.3546048870425356,-0.9350162426854148,6.87,8.75,6.4266666666666685,0.5437217425606286,36.75414166666666,15.975834166666669,22.54359375,47.079375,0.2396311666666666,14.66,6,3
2022-07-25,5.14,London Marylebone Road,London,Westminster,Greater London,Greater London Urban Area,Urban Traffic,51.52253,-0.154611,England,London Central,0,2,1,1,2022,7,25,0,206,30,3,0,1,8,18,Summer,2,-0.4999999999999997,-0.8660254037844388,-0.3935902766564664,-0.9192859697186104,0.0,1.0,-0.464723172043768,-0.8854560256532101,6.59,13.57,6.2,0.9286010984270018,28.76302625,26.60386958333333,30.663750000000004,71.4796875,0.238661,14.35,0,3
2022-07-26,5.24,London Marylebone Road,London,Westminster,Greater London,Greater London Urban Area,Urban Traffic,51.52253,-0.154611,England,London Central,0,2,1,1,2022,7,26,1,207,30,3,0,1,8,18,Summer,2,-0.4999999999999997,-0.8660254037844388,-0.4093559588156211,-0.9123747579707274,0.7818314824680298,0.6234898018587336,-0.464723172043768,-0.8854560256532101,5.14,19.36,5.656666666666667,0.8098353742169881,42.78281875,10.451334583333333,21.26859375,37.31765625,0.2202278333333333,13.39,1,3
2022-07-27,5.61,London Marylebone Road,London,Westminster,Greater London,Greater London Urban Area,Urban Traffic,51.52253,-0.154611,England,London Central,0,2,1,1,2022,7,27,2,208,30,3,0,1,8,18,Summer,2,-0.4999999999999997,-0.8660254037844388,-0.4250003399695539,-0.9051931898913976,0.9749279121818236,-0.2225209339563143,-0.464723172043768,-0.8854560256532101,5.24,17.37,5.330000000000001,0.2475883680624707,32.03930041666667,25.377357916666668,39.89953125,78.83484375,0.3046323333333333,15.1,2,3
2022-07-28,7.18,London Marylebone Road,London,Westminster,Greater London,Greater London Urban Area,Urban Traffic,51.52253,-0.154611,England,London Central,0,2,1,1,2022,7,28,3,209,30,3,0,1,8,18,Summer,2,-0.4999999999999997,-0.8660254037844388,-0.4405187843504952,-0.8977433935342336,0.4338837391175582,-0.900968867902419,-0.464723172043768,-0.8854560256532101,5.61,7.25,6.010000000000002,1.0299999999999192,42.541671666666666,22.040830416666665,43.35796875,77.14546875,0.3308268333333333,20.18,3,3
2022-07-29,7.19,London Marylebone Road,London,Westminster,Greater London,Greater London Urban Area,Urban Traffic,51.52253,-0.154611,England,London Central,0,2,1,1,2022,7,29,4,210,30,3,0,1,8,18,Summer,2,-0.4999999999999997,-0.8660254037844388,-0.455906693508459,-0.8900275764346766,-0.433883739117558,-0.9009688679024191,-0.464723172043768,-0.8854560256532101,7.18,5.82,6.660000000000001,0.9093404203046463,57.6258375,10.061553333333334,34.425000000000004,49.87640625,0.2847439166666666,19.09,4,3
2022-07-30,8.55,London Marylebone Road,London,Westminster,Greater London,Greater London Urban Area,Urban Traffic,51.52253,-0.154611,England,London Central,0,2,1,1,2022,7,30,5,211,30,3,1,0,8,18,Summer,2,-0.4999999999999997,-0.8660254037844388,-0.4711595076738639,-0.8820480249558535,-0.9749279121818236,-0.2225209339563146,-0.464723172043768,-0.8854560256532101,7.19,6.87,7.6400000000000015,0.7880989785552495,40.579233333333335,22.68526875,44.66484375,79.4484375,0.3080279166666667,18.75,5,3
2022-07-31,4.93,London Marylebone Road,London,Westminster,Greater London,Greater London Urban Area,Urban Traffic,51.52253,-0.154611,England,London Central,0,2,1,1,2022,7,31,6,212,30,3,1,0,8,18,Summer,2,-0.4999999999999997,-0.8660254037844388,-0.4862727071086902,-0.8738071036110807,-0.7818314824680299,0.6234898018587334,-0.464723172043768,-0.8854560256532101,8.55,6.59,6.8900000000000015,1.8285513391753128,23.91513833333333,16.459162916666667,20.00953125,45.27046875,0.16153275,10.71,6,3
2022-08-01,6.8,London Marylebone Road,London,Westminster,Greater London,Greater London Urban Area,Urban Traffic,51.52253,-0.154611,England,London Central,0,2,1,1,2022,8,1,0,213,31,3,0,1,8,18,Summer,2,-0.8660254037844384,-0.5000000000000004,-0.5012418134457756,-0.8653072543632061,0.0,1.0,-0.5680647467311556,-0.8229838658936565,4.93,5.14,6.760000000000002,1.8103314613627617,35.79786875,22.74763375,36.82359375,71.686875,0.30414725,14.86,0,3
2022-08-02,6.84,London Marylebone Road,London,Westminster,Greater London,Greater London Urban Area,Urban Traffic,51.52253,-0.154611,England,London Central,0,2,1,1,2022,8,2,1,214,31,3,0,1,8,18,Summer,2,-0.8660254037844384,-0.5000000000000004,-0.5160623910158526,-0.8565509959010037,0.7818314824680298,0.6234898018587336,-0.5680647467311556,-0.8229838658936565,6.8,5.24,6.190000000000001,1.0913752791775306,17.78667625,31.57228125,24.153281250000003,72.579375,0.2338101666666666,19.08,1,3
2022-08-03,6.57,London Marylebone Road,London,Westminster,Greater London,Greater London Urban Area,Urban Traffic,51.52253,-0.154611,England,London Central,0,2,1,1,2022,8,3,2,215,31,3,0,1,8,18,Summer,2,-0.8660254037844384,-0.5000000000000004,-0.5307300481619331,-0.8475409228928312,0.9749279121818236,-0.2225209339563143,-0.5680647467311556,-0.8229838658936565,6.84,5.61,6.736666666666668,0.1457166199620473,11.259074166666666,34.862035,29.1496875,82.588125,0.2148919166666666,16.64,2,3
2022-08-04,5.5,London Marylebone Road,London,Westminster,Greater London,Greater London Urban Area,Urban Traffic,51.52253,-0.154611,England,London Central,0,2,1,1,2022,8,4,3,216,31,3,0,1,8,18,Summer,2,-0.8660254037844384,-0.5000000000000004,-0.5452404385406507,-0.8382797052177745,0.4338837391175582,-0.900968867902419,-0.5680647467311556,-0.8229838658936565,6.57,7.18,6.303333333333335,0.7086842268127359,41.02826583333333,11.0074225,20.37609375,37.28578125,0.2832886666666667,14.4,3,3
2022-08-05,4.64,London Marylebone Road,London,Westminster,Greater London,Greater London Urban Area,Urban Traffic,51.52253,-0.154611,England,London Central,0,2,1,1,2022,8,5,4,217,31,3,0,1,8,18,Summer,2,-0.8660254037844384,-0.5000000000000004,-0.5595892624101763,-0.828770087174504,-0.433883739117558,-0.9009688679024191,-0.5680647467311556,-0.8229838658936565,5.5,7.19,5.57,0.9669022701389396,49.40189041666667,6.335244583333334,15.6028125,25.316718750000003,0.3706036666666667,11.72,4,3
2022-08-06,9.06,London Marylebone Road,London,Westminster,Greater London,Greater London Urban Area,Urban Traffic,51.52253,-0.154611,England,London Central,0,2,1,1,2022,8,6,5,218,31,3,1,0,8,18,Summer,2,-0.8660254037844384,-0.5000000000000004,-0.5737722679043243,-0.8190148866680802,-0.9749279121818236,-0.2225209339563146,-0.5680647467311556,-0.8229838658936565,4.64,8.55,6.400000000000001,2.3434163095787808,48.62855666666667,6.397609583333334,20.878125,30.67171875,0.4166865833333333,16.77,5,3
2022-08-07,8.94,London Marylebone Road,London,Westminster,Greater London,Greater London Urban Area,Urban Traffic,51.52253,-0.154611,England,London Central,0,2,1,1,2022,8,7,6,219,31,3,1,0,8,18,Summer,2,-0.8660254037844384,-0.5000000000000004,-0.5877852522924734,-0.8090169943749472,-0.7818314824680299,0.6234898018587334,-0.5680647467311556,-0.8229838658936565,9.06,4.93,7.546666666666667,2.51796213897929,53.651068333333335,6.626281250000001,29.4046875,39.556875,0.42929875,17.72,6,3
2022-08-08,7.55,London Marylebone Road,London,Westminster,Greater London,Greater London Urban Area,Urban Traffic,51.52253,-0.154611,England,London Central,0,2,1,1,2022,8,8,0,220,32,3,0,1,8,18,Summer,2,-0.8660254037844384,-0.5000000000000004,-0.6016240632249227,-0.7987793728863648,0.0,1.0,-0.663122658240795,-0.7485107481711013,8.94,6.8,8.516666666666667,0.8393052682624821,45.61006041666667,9.349552916666669,29.1975,43.51734375,0.3206400833333333,17.73,0,3
2022-08-09,7.57,London Marylebone Road,London,Westminster,Greater London,Greater London Urban Area,Urban Traffic,51.52253,-0.154611,England,London Central,0,2,1,1,2022,8,9,1,221,32,3,0,1,8,18,Summer,2,-0.8660254037844384,-0.5000000000000004,-0.6152845999633277,-0.7883050558305253,0.7818314824680298,0.6234898018587336,-0.663122658240795,-0.7485107481711013,7.55,6.84,8.020000000000001,0.7968061244743444,21.5036675,7.03165375,24.55171875,35.3334375,0.2386609999999999,16.58,1,3
2022-08-10,8.49,London Marylebone Road,London,Westminster,Greater London,Greater London Urban Area,Urban Traffic,51.52253,-0.154611,England,London Central,0,2,1,1,2022,8,10,2,222,32,3,0,1,8,18,Summer,2,-0.8660254037844384,-0.5000000000000004,-0.6287628145958345,-0.7775971469736268,0.9749279121818236,-0.2225209339563143,-0.663122658240795,-0.7485107481711013,7.57,6.57,7.870000000000002,0.5370288632837396,57.795472,15.95410090909091,55.14954545454545,79.62954545454545,0.34926,19.15,2,3
2022-08-11,11.91,London Marylebone Road,London,Westminster,Greater London,Greater London Urban Area,Urban Traffic,51.52253,-0.154611,England,London Central,0,2,1,1,2022,8,11,3,223,32,3,0,1,8,18,Summer,2,-0.8660254037844384,-0.5000000000000004,-0.6420547132365636,-0.7666588193001592,0.4338837391175582,-0.900968867902419,-0.663122658240795,-0.7485107481711013,8.49,5.5,9.323333333333336,2.286861021866688,58.831572916666666,11.6934375,44.84015625,62.7778125,0.3119085833333333,22.42,3,3
2022-08-12,13.83,London Marylebone Road,London,Westminster,Greater London,Greater London Urban Area,Urban Traffic,51.52253,-0.154611,England,London Central,0,2,1,1,2022,8,12,4,224,32,3,0,1,8,18,Summer,2,-0.8660254037844384,-0.5000000000000004,-0.655156357209085,-0.7554933140726804,-0.433883739117558,-0.9009688679024191,-0.663122658240795,-0.7485107481711013,11.91,4.64,11.410000000000002,2.7048844707306454,71.53752958333332,10.165495,47.40609375,63.016875,0.3395583333333333,25.5,4,3
2022-08-13,14.32,London Marylebone Road,London,Westminster,Greater London,Greater London Urban Area,Urban Traffic,51.52253,-0.154611,England,London Central,0,2,1,1,2022,8,13,5,225,32,3,1,0,8,18,Summer,2,-0.8660254037844384,-0.5000000000000004,-0.6680638642135333,-0.7441039398713608,-0.9749279121818236,-0.2225209339563146,-0.663122658240795,-0.7485107481711013,13.83,9.06,13.353333333333332,1.273747751061068,72.80978833333333,7.46820875,46.81640625,58.267500000000005,0.3148190833333333,24.8,5,3
2022-08-14,14.59,London Marylebone Road,London,Westminster,Greater London,Greater London Urban Area,Urban Traffic,51.52253,-0.154611,England,London Central,0,2,1,1,2022,8,14,6,226,32,3,1,0,8,18,Summer,2,-0.8660254037844384,-0.5000000000000004,-0.680773409477016,-0.732494071613579,-0.7818314824680299,0.6234898018587334,-0.663122658240795,-0.7485107481711013,14.32,8.94,14.24666666666667,0.3852704677666373,78.28964791666667,6.78219375,48.163125,58.56234375,0.3342224166666667,22.85,6,3
2022-08-15,16.51,London Marylebone Road,London,Westminster,Greater London,Greater London Urban Area,Urban Traffic,51.52253,-0.154611,England,London Central,0,2,1,1,2022,8,15,0,227,33,3,0,1,8,18,Summer,2,-0.8660254037844384,-0.5000000000000004,-0.6932812268869771,-0.7206671495538615,0.0,1.0,-0.7485107481711011,-0.6631226582407952,14.59,7.55,15.140000000000002,1.19411054764615,60.54454875,21.349618333333336,57.57421875,90.2859375,0.2478775833333333,28.2,0,3
2022-08-16,16.38,London Marylebone Road,London,Westminster,Greater London,Greater London Urban Area,Urban Traffic,51.52253,-0.154611,England,London Central,0,2,1,1,2022,8,16,1,228,33,3,0,1,8,18,Summer,2,-0.8660254037844384,-0.5000000000000004,-0.7055836101071774,-0.70862667826446,0.7818314824680298,0.6234898018587336,-0.7485107481711011,-0.6631226582407952,16.51,7.57,15.826666666666668,1.0729554200119946,37.56073708333333,26.02179625,50.521875,90.429375,0.139704,28.75,1,3
2022-08-17,17.79,London Marylebone Road,London,Westminster,Greater London,Greater London Urban Area,Urban Traffic,51.52253,-0.154611,England,London Central,0,2,1,1,2022,8,17,2,229,33,3,0,1,8,18,Summer,2,-0.8660254037844384,-0.5000000000000004,-0.7176769136759615,-0.6963762255968726,0.9749279121818236,-0.2225209339563143,-0.7485107481711011,-0.6631226582407952,16.38,8.49,16.893333333333334,0.7792517778825447,34.642025833333335,4.157666666666667,27.4921875,33.84328125,,24.1,2,3
2022-08-18,8.66,London Marylebone Road,London,Westminster,Greater London,Greater London Urban Area,Urban Traffic,51.52253,-0.154611,England,London Central,0,2,1,1,2022,8,18,3,230,33,3,0,1,8,18,Summer,2,-0.8660254037844384,-0.5000000000000004,-0.7295575540864876,-0.6839194216246105,0.4338837391175582,-0.900968867902419,-0.7485107481711011,-0.6631226582407952,17.79,11.91,14.276666666666667,4.915000847744903,29.095642916666662,24.1664375,43.99546874999999,81.03421875,,20.77,3,3
2022-08-19,6.89,London Marylebone Road,London,Westminster,Greater London,Greater London Urban Area,Urban Traffic,51.52253,-0.154611,England,London Central,0,2,1,1,2022,8,19,4,231,33,3,0,1,8,18,Summer,2,-0.8660254037844384,-0.5000000000000004,-0.7412220108485957,-0.6712599575675315,-0.433883739117558,-0.9009688679024191,-0.7485107481711011,-0.6631226582407952,8.66,13.83,11.113333333333337,5.849498554007268,20.07341583333333,31.51511333333333,39.13453125,87.42515625,,16.04,4,3
2022-08-20,7.43,London Marylebone Road,London,Westminster,Greater London,Greater London Urban Area,Urban Traffic,51.52253,-0.154611,England,London Central,0,2,1,1,2022,8,20,5,232,33,3,1,0,8,18,Summer,2,-0.8660254037844384,-0.5000000000000004,-0.7526668275320083,-0.6584015846980489,-0.9749279121818236,-0.2225209339563146,-0.7485107481711011,-0.6631226582407952,6.89,14.32,7.660000000000003,0.9071383576940156,21.69492208333333,27.622497916666664,34.9190625,77.24109375,,19.39,5,3
2022-08-21,7.8,London Marylebone Road,London,Westminster,Greater London,Greater London Urban Area,Urban Traffic,51.52253,-0.154611,England,London Central,0,2,1,1,2022,8,21,6,233,33,3,1,0,8,18,Summer,2,-0.8660254037844384,-0.5000000000000004,-0.7638886127905429,-0.64534811322955,-0.7818314824680299,0.6234898018587334,-0.7485107481711011,-0.6631226582407952,7.43,14.59,7.373333333333335,0.4576388678129612,27.96474625,21.318435833333336,31.723593750000003,64.4353125,,20.57,6,3
2022-08-22,7.19,London Marylebone Road,London,Westminster,Greater London,Greater London Urban Area,Urban Traffic,51.52253,-0.154611,England,London Central,0,2,1,1,2022,8,22,0,234,34,3,0,1,8,18,Summer,2,-0.8660254037844384,-0.5000000000000004,-0.7748840413670406,-0.6321034111873488,0.0,1.0,-0.8229838658936564,-0.5680647467311559,7.8,16.51,7.473333333333335,0.3073000705062216,18.27728583333333,34.680137083333335,40.568906250000005,93.76828125,,17.31,0,3
2022-08-23,5.7,London Marylebone Road,London,Westminster,Greater London,Greater London Urban Area,Urban Traffic,51.52253,-0.154611,England,London Central,0,2,1,1,2022,8,23,1,235,34,3,0,1,8,18,Summer,2,-0.8660254037844384,-0.5000000000000004,-0.7856498550787144,-0.6186714032625032,0.7818314824680298,0.6234898018587336,-0.8229838658936564,-0.5680647467311559,7.19,16.38,6.896666666666668,1.0802931700853846,10.194700833333334,34.976370833333334,30.56015625,84.21375,,10.7,1,3
2022-08-24,6.74,London Marylebone Road,London,Westminster,Greater London,Greater London Urban Area,Urban Traffic,51.52253,-0.154611,England,London Central,0,2,1,1,2022,8,24,2,236,34,3,0,1,8,18,Summer,2,-0.8660254037844384,-0.5000000000000004,-0.7961828637826154,-0.6050560696488494,0.9749279121818236,-0.2225209339563143,-0.8229838658936564,-0.5680647467311559,5.7,17.79,6.5433333333333366,0.7642207360004901,13.09678125,35.77672166666667,37.52484375,92.39765625,,12.56,2,3
2022-08-25,5.86,London Marylebone Road,London,Westminster,Greater London,Greater London Urban Area,Urban Traffic,51.52253,-0.154611,England,London Central,0,2,1,1,2022,8,25,3,237,34,3,0,1,8,18,Summer,2,-0.8660254037844384,-0.5000000000000004,-0.8064799463209447,-0.5912614448635783,0.4338837391175582,-0.900968867902419,-0.8229838658936564,-0.5680647467311559,6.74,8.66,6.100000000000002,0.5599999999998194,9.662514166666666,12.436620416666663,21.499687500000004,40.58484375,,10.29,3,3
2022-08-26,8.6,London Marylebone Road,London,Westminster,Greater London,Greater London Urban Area,Urban Traffic,51.52253,-0.154611,England,London Central,0,2,1,1,2022,8,26,4,238,34,3,0,1,8,18,Summer,2,-0.8660254037844384,-0.5000000000000004,-0.8165380514459157,-0.5772916165517278,-0.433883739117558,-0.9009688679024191,-0.8229838658936564,-0.5680647467311559,5.86,6.89,7.066666666666669,1.3989043331597515,25.644745,18.57437583333333,36.26578125,64.74609375,,17.5,4,3
2022-08-27,7.1,London Marylebone Road,London,Westminster,Greater London,Greater London Urban Area,Urban Traffic,51.52253,-0.154611,England,London Central,0,2,1,1,2022,8,27,5,239,34,3,1,0,8,18,Summer,2,-0.8660254037844384,-0.5000000000000004,-0.8263541987239094,-0.5631507242749189,-0.9749279121818236,-0.2225209339563146,-0.8229838658936564,-0.5680647467311559,8.6,7.43,7.186666666666668,1.3720544206893286,29.170481666666664,15.60684125,36.20203125,60.14015625,,15.37,5,3
2022-08-28,4.12,London Marylebone Road,London,Westminster,Greater London,Greater London Urban Area,Urban Traffic,51.52253,-0.154611,England,London Central,0,2,1,1,2022,8,28,6,240,34,3,1,0,8,18,Summer,2,-0.8660254037844384,-0.5000000000000004,-0.8359254794186365,-0.5488429582847199,-0.7818314824680299,0.6234898018587334,-0.8229838658936564,-0.5680647467311559,7.1,7.8,6.606666666666669,2.2803800852781384,35.34883625,8.055479166666666,23.922187500000003,36.27375,,11.49,6,3
2022-08-29,3.88,London Marylebone Road,London,Westminster,Greater London,Greater London Urban Area,Urban Traffic,51.52253,-0.154611,England,London Central,0,2,1,1,2022,8,29,0,241,35,3,0,1,8,18,Summer,2,-0.8660254037844384,-0.5000000000000004,-0.8452490573530633,-0.5343725582809785,0.0,1.0,-0.8854560256532096,-0.4647231720437691,4.12,7.19,5.033333333333335,1.7938041513312228,43.64762208333334,3.180615,15.88171875,20.75859375,,9.39,0,3
2022-08-30,4.43,London Marylebone Road,London,Westminster,Greater London,Greater London Urban Area,Urban Traffic,51.52253,-0.154611,England,London Central,0,2,1,1,2022,8,30,1,242,35,3,0,1,8,18,Summer,2,-0.8660254037844384,-0.5000000000000004,-0.8543221697498269,-0.5197438121555157,0.7818314824680298,0.6234898018587336,-0.8854560256532096,-0.4647231720437691,3.88,5.7,4.143333333333335,0.275741424768077,45.46869833333333,3.928995,15.945468750000002,21.98578125,,12.05,1,3
2022-08-31,5.22,London Marylebone Road,London,Westminster,Greater London,Greater London Urban Area,Urban Traffic,51.52253,-0.154611,England,London Central,0,2,1,1,2022,8,31,2,243,35,3,0,1,8,18,Summer,2,-0.8660254037844384,-0.5000000000000004,-0.8631421280499115,-0.5049610547215202,0.9749279121818236,-0.2225209339563143,-0.8854560256532096,-0.4647231720437691,4.43,6.74,4.510000000000002,0.6735725647618047,44.76441869565217,5.498966086956521,20.23092391304348,28.67086956521739,,13.63,2,3
2022-09-01,7.73,London Marylebone Road,London,Westminster,Greater London,Greater London Urban Area,Urban Traffic,51.52253,-0.154611,England,London Central,0,2,1,1,2022,9,1,3,244,35,3,0,1,8,18,Autumn,3,-1.0,-1.8369701987210294e-16,-0.8717063187093217,-0.4900286664290594,0.4338837391175582,-0.900968867902419,-0.8854560256532096,-0.4647231720437691,5.22,5.86,5.793333333333336,1.7230883126912362,44.786834166666665,6.319653333333334,28.2890625,37.9790625,,18.57,3,3
2022-09-02,11.83,London Marylebone Road,London,Westminster,Greater London,Greater London Urban Area,Urban Traffic,51.52253,-0.154611,England,London Central,0,2,1,1,2022,9,2,4,245,35,3,0,1,8,18,Autumn,3,-1.0,-1.8369701987210294e-16,-0.8800122039735356,-0.4749510720670502,-0.433883739117558,-0.9009688679024191,-0.8854560256532096,-0.4647231720437691,7.73,8.6,8.260000000000002,3.3367199462945343,34.60876416666667,14.458285833333331,42.99140625,65.15249999999999,0.3450265454545454,24.73,4,3
2022-09-03,11.76,London Marylebone Road,London,Westminster,Greater London,Greater London Urban Area,Urban Traffic,51.52253,-0.154611,England,London Central,0,2,1,1,2022,9,3,5,246,35,3,1,0,8,18,Autumn,3,-1.0,-1.8369701987210294e-16,-0.888057322629493,-0.4597327394521046,-0.9749279121818236,-0.2225209339563146,-0.8854560256532096,-0.4647231720437691,11.83,7.1,10.440000000000005,2.347189809112122,37.21148958333333,21.926494583333334,51.1275,84.755625,0.3182146666666667,21.07,5,3
2022-09-04,7.5,London Marylebone Road,London,Westminster,Greater London,Greater London Urban Area,Urban Traffic,51.52253,-0.154611,England,London Central,0,2,1,1,2022,9,4,6,247,35,3,1,0,8,18,Autumn,3,-1.0,-1.8369701987210294e-16,-0.8958392907349089,-0.4443781781046134,-0.7818314824680299,0.6234898018587334,-0.8854560256532096,-0.4647231720437691,11.76,4.12,10.363333333333337,2.4799663976217765,36.06396208333333,16.952885833333333,34.67203125,60.66609375,0.3031770833333333,17.31,6,3
2022-09-05,7.51,London Marylebone Road,London,Westminster,Greater London,Greater London Urban Area,Urban Traffic,51.52253,-0.154611,England,London Central,0,2,1,1,2022,9,5,0,248,36,3,0,1,8,18,Autumn,3,-1.0,-1.8369701987210294e-16,-0.9033558023246842,-0.4288919379124841,0.0,1.0,-0.9350162426854148,-0.3546048870425359,7.5,3.88,8.923333333333334,2.4566304836774138,17.9114075,38.068635416666666,46.67296875,105.0440625,0.3385881666666666,19.38,0,3
2022-09-06,6.85,London Marylebone Road,London,Westminster,Greater London,Greater London Urban Area,Urban Traffic,51.52253,-0.154611,England,London Central,0,2,1,1,2022,9,6,1,249,36,3,0,1,8,18,Autumn,3,-1.0,-1.8369701987210294e-16,-0.9106046300942162,-0.4132786077829044,0.7818314824680298,0.6234898018587336,-0.9350162426854148,-0.3546048870425359,7.51,4.43,7.286666666666668,0.3781974792791692,20.264670416666664,33.36007791666667,44.19468749999999,95.34609375,0.3123936666666667,19.19,1,3
2022-09-07,6.49,London Marylebone Road,London,Westminster,Greater London,Greater London Urban Area,Urban Traffic,51.52253,-0.154611,England,London Central,0,2,1,1,2022,9,7,2,250,36,3,0,1,8,18,Autumn,3,-1.0,-1.8369701987210294e-16,-0.9175836260593934,-0.3975428142825566,0.9749279121818236,-0.2225209339563143,-0.9350162426854148,-0.3546048870425359,6.85,5.22,6.95,0.5173006862548926,19.5079675,37.86075208333333,44.79234374999999,102.82875,0.3245207499999999,19.18,2,3
2022-09-08,5.6,London Marylebone Road,London,Westminster,Greater London,Greater London Urban Area,Urban Traffic,51.52253,-0.154611,England,London Central,0,2,1,1,2022,9,8,3,251,36,3,0,1,8,18,Autumn,3,-1.0,-1.8369701987210294e-16,-0.9242907221930934,-0.3816892202666586,0.4338837391175582,-0.900968867902419,-0.9350162426854148,-0.3546048870425359,6.49,7.73,6.313333333333335,0.6434542200756117,15.466675,43.63471166666667,48.76078125,115.68234375,0.3638125,15.09,3,3
2022-09-09,7.9,London Marylebone Road,London,Westminster,Greater London,Greater London Urban Area,Urban Traffic,51.52253,-0.154611,England,London Central,0,2,1,1,2022,9,9,4,252,36,3,0,1,8,18,Autumn,3,-1.0,-1.8369701987210294e-16,-0.9307239310379792,-0.3657225234972692,-0.433883739117558,-0.9009688679024191,-0.9350162426854148,-0.3546048870425359,5.6,11.83,6.663333333333334,1.1597557214056398,12.456494166666666,28.240950833333333,43.45359375,86.72390624999998,0.3458644166666667,16.5,4,3
2022-09-10,7.4,London Marylebone Road,London,Westminster,Greater London,Greater London Urban Area,Urban Traffic,51.52253,-0.154611,England,London Central,0,2,1,1,2022,9,10,5,253,36,3,1,0,8,18,Autumn,3,-1.0,-1.8369701987210294e-16,-0.9368813462954316,-0.3496474552512282,-0.9749279121818236,-0.2225209339563146,-0.9350162426854148,-0.3546048870425359,7.9,11.76,6.966666666666669,1.209683154108181,21.985961666666668,13.257759583333334,31.141875,51.4621875,0.2847439166666666,14.47,5,3
2022-09-11,7.82,London Marylebone Road,London,Westminster,Greater London,Greater London Urban Area,Urban Traffic,51.52253,-0.154611,England,London Central,0,2,1,1,2022,9,11,6,254,36,3,1,0,8,18,Autumn,3,-1.0,-1.8369701987210294e-16,-0.9427611433904206,-0.333468778918187,-0.7818314824680299,0.6234898018587334,-0.9350162426854148,-0.3546048870425359,7.4,7.5,7.706666666666668,0.2685764943793818,25.47012125,18.72509125,39.7640625,68.4834375,0.3172445,14.78,6,3
2022-09-12,8.59,London Marylebone Road,London,Westminster,Greater London,Greater London Urban Area,Urban Traffic,51.52253,-0.154611,England,London Central,0,2,1,1,2022,9,12,0,255,37,3,0,1,8,18,Autumn,3,-1.0,-1.8369701987210294e-16,-0.9483615800121716,-0.3171912885891059,0.0,1.0,-0.970941817426052,-0.2393156642875577,7.82,7.51,7.936666666666667,0.6035174672974413,20.88001125,41.40516291666666,56.09203125,119.55515625,0.3652677499999999,17.02,0,3
2022-09-13,5.85,London Marylebone Road,London,Westminster,Greater London,Greater London Urban Area,Urban Traffic,51.52253,-0.154611,England,London Central,0,2,1,1,2022,9,13,1,256,37,3,0,1,8,18,Autumn,3,-1.0,-1.8369701987210294e-16,-0.9536809966304456,-0.300819807635668,0.7818314824680298,0.6234898018587336,-0.970941817426052,-0.2393156642875577,8.59,6.85,7.420000000000002,1.4131171218267031,19.399867083333334,12.280707916666666,27.635625,46.441875,0.2425416666666666,12.6,1,3
2022-09-14,6.33,London Marylebone Road,London,Westminster,Greater London,Greater London Urban Area,Urban Traffic,51.52253,-0.154611,England,London Central,0,2,1,1,2022,9,14,2,257,37,3,0,1,8,18,Autumn,3,-1.0,-1.8369701987210294e-16,-0.9587178169872964,-0.2843591872810036,0.9749279121818236,-0.2225209339563143,-0.970941817426052,-0.2393156642875577,5.85,6.49,6.923333333333335,1.4631928558235645,26.043885,10.027207391304348,28.39646739130435,43.75467391304348,0.2125930434782608,14.0,2,3
2022-09-15,6.11,London Marylebone Road,London,Westminster,Greater London,Greater London Urban Area,Urban Traffic,51.52253,-0.154611,England,London Central,0,2,1,1,2022,9,15,3,258,37,3,0,1,8,18,Autumn,3,-1.0,-1.8369701987210294e-16,-0.9634705485641486,-0.2678143051621748,0.4338837391175582,-0.900968867902419,-0.970941817426052,-0.2393156642875577,6.33,5.6,6.096666666666668,0.2402776172120862,23.208327916666665,11.885729583333337,28.671562500000004,46.888125,0.2236234166666666,14.43,3,3
2022-09-16,3.75,London Marylebone Road,London,Westminster,Greater London,Greater London Urban Area,Urban Traffic,51.52253,-0.154611,England,London Central,0,2,1,1,2022,9,16,4,259,37,3,0,1,8,18,Autumn,3,-1.0,-1.8369701987210294e-16,-0.967937783024064,-0.2511900638848195,-0.433883739117558,-0.9009688679024191,-0.970941817426052,-0.2393156642875577,6.11,7.9,5.396666666666668,1.4302913456121864,37.057654375,9.99399125,23.0775,38.3775,0.2090709166666666,8.95,4,3
2022-09-17,5.31,London Marylebone Road,London,Westminster,Greater London,Greater London Urban Area,Urban Traffic,51.52253,-0.154611,England,London Central,0,2,1,1,2022,9,17,5,260,37,3,1,0,8,18,Autumn,3,-1.0,-1.8369701987210294e-16,-0.9721181966290612,-0.2344913895704105,-0.9749279121818236,-0.2225209339563146,-0.970941817426052,-0.2393156642875577,3.75,7.4,5.056666666666668,1.2002222016498112,29.97707708333333,9.100092916666666,26.551875,40.52109375,0.2148919166666666,11.81,5,3
2022-09-18,4.41,London Marylebone Road,London,Westminster,Greater London,Greater London Urban Area,Urban Traffic,51.52253,-0.154611,England,London Central,0,2,1,1,2022,9,18,6,261,37,3,1,0,8,18,Autumn,3,-1.0,-1.8369701987210294e-16,-0.9760105506323682,-0.2177232303965322,-0.7818314824680299,0.6234898018587334,-0.970941817426052,-0.2393156642875577,5.31,7.82,4.490000000000001,0.78307087801794,30.50926375,8.569990416666666,23.93015625,37.0546875,0.2027648333333333,9.69,6,3
2022-09-19,3.83,London Marylebone Road,London,Westminster,Greater London,Greater London Urban Area,Urban Traffic,51.52253,-0.154611,England,London Central,0,2,1,1,2022,9,19,0,262,38,3,0,1,8,18,Autumn,3,-1.0,-1.8369701987210294e-16,-0.97961369164549,-0.2008905551306352,0.0,1.0,-0.992708874098054,-0.1205366802553235,4.41,8.59,4.516666666666668,0.7457434768961245,33.694068333333334,6.2313029166666665,19.69078125,29.25328125,0.1722045833333333,9.15,0,3
2022-09-20,6.21,London Marylebone Road,London,Westminster,Greater London,Greater London Urban Area,Urban Traffic,51.52253,-0.154611,England,London Central,0,2,1,1,2022,9,20,1,263,38,3,0,1,8,18,Autumn,3,-1.0,-1.8369701987210294e-16,-0.9829265519799822,-0.1839983516576798,0.7818314824680298,0.6234898018587336,-0.992708874098054,-0.1205366802553235,3.83,5.85,4.816666666666667,1.2410210849671814,19.840584166666662,19.249996666666664,37.49296875,67.00125,0.2061604166666666,11.35,1,3
2022-09-21,10.99,London Marylebone Road,London,Westminster,Greater London,Greater London Urban Area,Urban Traffic,51.52253,-0.154611,England,London Central,0,2,1,1,2022,9,21,2,264,38,3,0,1,8,18,Autumn,3,-1.0,-1.8369701987210294e-16,-0.9859481499638304,-0.1670516255021195,0.9749279121818236,-0.2225209339563143,-0.992708874098054,-0.1205366802553235,6.21,6.33,7.010000000000002,3.646422904710832,9.645883333333334,64.64651958333333,62.38734375000001,161.4946875,0.3909771666666666,21.94,2,3
2022-09-22,9.01,London Marylebone Road,London,Westminster,Greater London,Greater London Urban Area,Urban Traffic,51.52253,-0.154611,England,London Central,0,2,1,1,2022,9,22,3,265,38,3,0,1,8,18,Autumn,3,-1.0,-1.8369701987210294e-16,-0.9886775902323404,-0.1500553983446526,0.4338837391175582,-0.900968867902419,-0.992708874098054,-0.1205366802553235,10.99,6.11,8.736666666666666,2.401693846711756,18.50299,48.946130833333335,61.78968750000001,136.839375,0.29105,19.71,3,3
2022-09-23,6.52,London Marylebone Road,London,Westminster,Greater London,Greater London Urban Area,Urban Traffic,51.52253,-0.154611,England,London Central,0,2,1,1,2022,9,23,4,266,38,3,0,1,8,18,Autumn,3,-1.0,-1.8369701987210294e-16,-0.9911140639934546,-0.1330147065341963,-0.433883739117558,-0.9009688679024191,-0.992708874098054,-0.1205366802553235,9.01,3.75,8.840000000000002,2.2398437445500035,26.75069541666667,19.769705,31.5721875,61.853437500000005,0.18481675,13.45,4,3
2022-09-24,3.73,London Marylebone Road,London,Westminster,Greater London,Greater London Urban Area,Urban Traffic,51.52253,-0.154611,England,London Central,0,2,1,1,2022,9,24,5,267,38,3,1,0,8,18,Autumn,3,-1.0,-1.8369701987210294e-16,-0.9932568492674144,-0.1159345995955006,-0.9749279121818236,-0.2225209339563146,-0.992708874098054,-0.1205366802553235,6.52,5.31,6.420000000000001,2.641420072612418,30.750410833333333,5.981842916666667,15.746250000000002,24.9103125,0.2527284166666667,9.13,5,3
2022-09-25,4.44,London Marylebone Road,London,Westminster,Greater London,Greater London Urban Area,Urban Traffic,51.52253,-0.154611,England,London Central,0,2,1,1,2022,9,25,6,268,38,3,1,0,8,18,Autumn,3,-1.0,-1.8369701987210294e-16,-0.9951053111006974,-0.0988201387328721,-0.7818314824680299,0.6234898018587334,-0.992708874098054,-0.1205366802553235,3.73,4.41,4.896666666666667,1.449977011311949,32.396863333333336,12.836795833333332,24.28078125,43.94765625,0.3313119166666666,10.31,6,3
2022-09-26,4.69,London Marylebone Road,London,Westminster,Greater London,Greater London Urban Area,Urban Traffic,51.52253,-0.154611,England,London Central,0,2,1,1,2022,9,26,0,269,39,3,0,1,8,18,Autumn,3,-1.0,-1.8369701987210294e-16,-0.99665890175417,-0.0816763953304228,0.0,1.0,-1.0,-1.8369701987210294e-16,4.44,3.83,4.286666666666668,0.4980294502668854,31.40732875,13.008299583333333,24.02578125,43.99546874999999,0.3002665833333333,12.18,0,3
2022-09-27,5.73,London Marylebone Road,London,Westminster,Greater London,Greater London Urban Area,Urban Traffic,51.52253,-0.154611,England,London Central,0,2,1,1,2022,9,27,1,270,39,3,0,1,8,18,Autumn,3,-1.0,-1.8369701987210294e-16,-0.9979171608653922,-0.0645084494493162,0.7818314824680298,0.6234898018587336,-1.0,-1.8369701987210294e-16,4.69,6.21,4.953333333333334,0.6841296173483006,19.97363083333333,27.341855416666665,40.2421875,82.17375,0.3924324166666667,15.09,1,3
2022-09-28,7.64,London Marylebone Road,London,Westminster,Greater London,Greater London Urban Area,Urban Traffic,51.52253,-0.154611,England,London Central,0,2,1,1,2022,9,28,2,271,39,3,0,1,8,18,Autumn,3,-1.0,-1.8369701987210294e-16,-0.9988797155850336,-0.0473213883224323,0.9749279121818236,-0.2225209339563143,-1.0,-1.8369701987210294e-16,5.73,10.99,6.0200000000000005,1.4962285921609009,11.638559545454546,39.76052227272727,43.05732954545454,104.0313068181818,0.4794387272727272,16.74,2,3
2022-09-29,10.21,London Marylebone Road,London,Westminster,Greater London,Greater London Urban Area,Urban Traffic,51.52253,-0.154611,England,London Central,0,2,1,1,2022,9,29,3,272,39,3,0,1,8,18,Autumn,3,-1.0,-1.8369701987210294e-16,-0.9995462806873572,-0.0301203048469083,0.4338837391175582,-0.900968867902419,-1.0,-1.8369701987210294e-16,7.64,9.01,7.860000000000002,2.248088076566348,9.238427916666668,46.53988125,47.04750000000001,118.38375,0.5782193333333333,18.22,3,3
2022-09-30,9.65,London Marylebone Road,London,Westminster,Greater London,Greater London Urban Area,Urban Traffic,51.52253,-0.154611,England,London Central,0,2,1,1,2022,9,30,4,273,39,3,0,1,8,18,Autumn,3,-1.0,-1.8369701987210294e-16,-0.999916658654738,-0.0129102960750088,-0.433883739117558,-0.9009688679024191,-1.0,-1.8369701987210294e-16,10.21,6.52,9.166666666666668,1.3514560049565472,10.0283925,55.46327333333334,45.74859375,130.77515625,0.5757939166666667,18.73,4,3
2022-10-01,7.05,London Marylebone Road,London,Westminster,Greater London,Greater London Urban Area,Urban Traffic,51.52253,-0.154611,England,London Central,0,2,1,1,2022,10,1,5,274,39,4,1,0,8,18,Autumn,3,-0.8660254037844386,0.5000000000000001,-0.99999073973619,0.0043035382962438,-0.9749279121818236,-0.2225209339563146,-1.0,-1.8369701987210294e-16,9.65,3.73,8.970000000000002,1.6861791126685732,15.682875833333334,32.18034,40.967343750000005,90.301875,0.5224347500000001,20.33,5,4
2022-10-02,5.91,London Marylebone Road,London,Westminster,Greater London,Greater London Urban Area,Urban Traffic,51.52253,-0.154611,England,London Central,0,2,1,1,2022,10,2,6,275,39,4,1,0,8,18,Autumn,3,-0.8660254037844386,0.5000000000000001,-0.9997685019798908,0.0215160974362222,-0.7818314824680299,0.6234898018587334,-1.0,-1.8369701987210294e-16,7.05,4.44,7.536666666666668,1.9169072312798845,21.82796875,14.868855416666667,28.464375,51.286875,0.4273584166666666,15.77,6,4
2022-10-03,11.41,London Marylebone Road,London,Westminster,Greater London,Greater London Urban Area,Urban Traffic,51.52253,-0.154611,England,London Central,0,2,1,1,2022,10,3,0,276,40,4,0,1,8,18,Autumn,3,-0.8660254037844386,0.5000000000000001,-0.9992500112396836,0.0387222808921739,0.0,1.0,-0.992708874098054,0.1205366802553232,5.91,4.69,8.123333333333335,2.902849175092139,6.91011125,65.61317708333333,54.825,155.4065625,0.5626966666666667,24.49,0,4
2022-10-04,5.34,London Marylebone Road,London,Westminster,Greater London,Greater London Urban Area,Urban Traffic,51.52253,-0.154611,England,London Central,0,2,1,1,2022,10,4,1,277,40,4,0,1,8,18,Autumn,3,-0.8660254037844386,0.5000000000000001,-0.9984354211555644,0.055916990100603,0.7818314824680298,0.6234898018587336,-0.992708874098054,0.1205366802553232,11.41,5.73,7.553333333333335,3.3521087890062744,18.568325416666667,36.831729583333335,43.31015625,99.82453125,0.343439,13.22,1,4
2022-10-05,5.09,London Marylebone Road,London,Westminster,Greater London,Greater London Urban Area,Urban Traffic,51.52253,-0.154611,England,London Central,0,2,1,1,2022,10,5,2,278,40,4,0,1,8,18,Autumn,3,-0.8660254037844386,0.5000000000000001,-0.9973249731081556,0.0730951298980777,0.9749279121818236,-0.2225209339563143,-0.992708874098054,0.1205366802553232,5.34,7.64,7.280000000000001,3.5788685362834687,27.848330416666663,29.867637916666663,38.78390625,84.564375,0.38855175,15.97,2,4
2022-10-06,6.96,London Marylebone Road,London,Westminster,Greater London,Greater London Urban Area,Urban Traffic,51.52253,-0.154611,England,London Central,0,2,1,1,2022,10,6,3,279,40,4,0,1,8,18,Autumn,3,-0.8660254037844386,0.5000000000000001,-0.9959189961471792,0.0902516100310407,0.4338837391175582,-0.900968867902419,-0.992708874098054,0.1205366802553232,5.09,10.21,5.796666666666668,1.0152011294975574,17.071550416666668,45.40691708333333,46.1390625,115.7540625,0.5151585,22.2,3,4
2022-10-07,6.05,London Marylebone Road,London,Westminster,Greater London,Greater London Urban Area,Urban Traffic,51.52253,-0.154611,England,London Central,0,2,1,1,2022,10,7,4,280,40,4,0,1,8,18,Autumn,3,-0.8660254037844386,0.5000000000000001,-0.994217906893952,0.107381346664163,-0.433883739117558,-0.9009688679024191,-0.992708874098054,0.1205366802553232,6.96,9.65,6.033333333333334,0.9351114015629984,20.55571,35.83388958333334,41.469375,96.421875,0.5117629166666667,17.65,4,4
2022-10-08,7.49,London Marylebone Road,London,Westminster,Greater London,Greater London Urban Area,Urban Traffic,51.52253,-0.154611,England,London Central,0,2,1,1,2022,10,8,5,281,40,4,1,0,8,18,Autumn,3,-0.8660254037844386,0.5000000000000001,-0.9922222094179324,0.1244792638867886,-0.9749279121818236,-0.2225209339563146,-0.992708874098054,0.1205366802553232,6.05,7.05,6.833333333333335,0.728308542674814,11.367174583333332,41.16609708333333,45.19078125000001,108.3271875,0.7479985,19.9,5,4
2022-10-09,7.49,London Marylebone Road,London,Westminster,Greater London,Greater London Urban Area,Urban Traffic,51.52253,-0.154611,England,London Central,0,2,1,1,2022,10,9,6,282,40,4,1,0,8,18,Autumn,3,-0.8660254037844386,0.5000000000000001,-0.989932495087353,0.141540295217043,-0.7818314824680299,0.6234898018587334,-0.992708874098054,0.1205366802553232,7.49,5.91,7.010000000000001,0.8313843876329272,11.367174583333332,38.40124875,49.900312500000005,108.79734375,0.58355525,16.18,6,4
2022-10-10,6.16,London Marylebone Road,London,Westminster,Greater London,Greater London Urban Area,Urban Traffic,51.52253,-0.154611,England,London Central,0,2,1,1,2022,10,10,0,283,41,4,0,1,8,18,Autumn,3,-0.8660254037844386,0.5000000000000001,-0.9873494423939864,0.1585593851031347,0.0,1.0,-0.970941817426052,0.2393156642875573,7.49,11.41,7.046666666666668,0.7678758580220568,24.638579583333332,13.730694166666666,31.843125,52.9125,0.4273584166666666,15.4,0,4
2022-10-11,11.41,London Marylebone Road,London,Westminster,Greater London,Greater London Urban Area,Urban Traffic,51.52253,-0.154611,England,London Central,0,2,1,1,2022,10,11,1,284,41,4,0,1,8,18,Autumn,3,-0.8660254037844386,0.5000000000000001,-0.9844738167520924,0.1755314904214277,0.7818314824680298,0.6234898018587336,-0.970941817426052,0.2393156642875573,6.16,5.34,8.353333333333333,2.729401643828388,6.951688333333333,83.55350875,60.90515625,189.01875,0.7644913333333333,29.32,1,4
2022-10-12,11.02,London Marylebone Road,London,Westminster,Greater London,Greater London Urban Area,Urban Traffic,51.52253,-0.154611,England,London Central,0,2,1,1,2022,10,12,2,285,41,4,0,1,8,18,Autumn,3,-0.8660254037844386,0.5000000000000001,-0.9813064702716092,0.1924515819708299,0.9749279121818236,-0.2225209339563143,-0.970941817426052,0.2393156642875573,11.41,5.09,9.53,2.925012820484685,8.234431739130434,66.02013130434783,62.50548913043478,163.7349456521739,0.6600507826086957,24.57,2,4
2022-10-13,10.35,London Marylebone Road,London,Westminster,Greater London,Greater London Urban Area,Urban Traffic,51.52253,-0.154611,England,London Central,0,2,1,1,2022,10,13,3,286,41,4,0,1,8,18,Autumn,3,-0.8660254037844386,0.5000000000000001,-0.9778483415056568,0.2093146459630488,0.4338837391175582,-0.900968867902419,-0.970941817426052,0.2393156642875573,11.02,6.96,10.926666666666668,0.5361280941464553,8.9307575,41.30641833333333,50.3625,113.73,0.5583309166666667,19.93,3,4
2022-10-14,11.28,London Marylebone Road,London,Westminster,Greater London,Greater London Urban Area,Urban Traffic,51.52253,-0.154611,England,London Central,0,2,1,1,2022,10,14,4,287,41,4,0,1,8,18,Autumn,3,-0.8660254037844386,0.5000000000000001,-0.9741004551724206,0.226115685508288,-0.433883739117558,-0.9009688679024191,-0.970941817426052,0.2393156642875573,10.35,6.05,10.883333333333333,0.4798263574806097,6.577494583333333,67.0735575,59.56640625,162.42703125,1.082706,24.35,4,4
2022-10-15,6.56,London Marylebone Road,London,Westminster,Greater London,Greater London Urban Area,Urban Traffic,51.52253,-0.154611,England,London Central,0,2,1,1,2022,10,15,5,288,41,4,1,0,8,18,Autumn,3,-0.8660254037844386,0.5000000000000001,-0.970063921851507,0.2428497220959358,-0.9749279121818236,-0.2225209339563146,-0.970941817426052,0.2393156642875573,11.28,7.49,9.396666666666668,2.500246654498934,20.855065,32.034821666666666,41.84390625,90.93140625,,16.05,5,4
2022-10-16,5.9,London Marylebone Road,London,Westminster,Greater London,Greater London Urban Area,Urban Traffic,51.52253,-0.154611,England,London Central,0,2,1,1,2022,10,16,6,289,41,4,1,0,8,18,Autumn,3,-0.8660254037844386,0.5000000000000001,-0.965739937654855,0.2595117970697994,-0.7818314824680299,0.6234898018587334,-0.970941817426052,0.2393156642875573,6.56,7.49,7.913333333333334,2.934234709993921,27.71528375,21.7342025,33.76359375,67.1128125,,18.16,6,4
2022-10-17,8.03,London Marylebone Road,London,Westminster,Greater London,Greater London Urban Area,Urban Traffic,51.52253,-0.154611,England,London Central,0,2,1,1,2022,10,17,0,290,42,4,0,1,8,18,Autumn,3,-0.8660254037844386,0.5000000000000001,-0.9611297838723007,0.2760969730974688,0.0,1.0,-0.9350162426854148,0.3546048870425355,5.9,6.16,6.830000000000001,1.090366910723073,13.525403181818184,45.63558875,52.39453125,122.36015625,,23.71,0,4
2022-10-18,9.2,London Marylebone Road,London,Westminster,Greater London,Greater London Urban Area,Urban Traffic,51.52253,-0.154611,England,London Central,0,2,1,1,2022,10,18,1,291,42,4,0,1,8,18,Autumn,3,-0.8660254037844386,0.5000000000000001,-0.9562348265919058,0.2926003356333479,0.7818314824680298,0.6234898018587336,-0.9350162426854148,0.3546048870425355,8.03,11.41,7.710000000000001,1.6731108749870034,10.818357083333334,49.12802875,52.434375,127.79484375,,23.76,1,4
2022-10-19,9.62,London Marylebone Road,London,Westminster,Greater London,Greater London Urban Area,Urban Traffic,51.52253,-0.154611,England,London Central,0,2,1,1,2022,10,19,2,292,42,4,0,1,8,18,Autumn,3,-0.8660254037844386,0.5000000000000001,-0.9510565162951536,0.3090169943749472,0.9749279121818236,-0.2225209339563143,-0.9350162426854148,0.3546048870425355,9.2,11.02,8.950000000000001,0.8239538822044449,16.098646666666667,27.248307916666665,42.9196875,84.72375,,28.98,2,4
2022-10-20,12.82,London Marylebone Road,London,Westminster,Greater London,Greater London Urban Area,Urban Traffic,51.52253,-0.154611,England,London Central,0,2,1,1,2022,10,20,3,293,42,4,0,1,8,18,Autumn,3,-0.8660254037844386,0.5000000000000001,-0.9455963874271428,0.3253420847119795,0.4338837391175582,-0.900968867902419,-0.9350162426854148,0.3546048870425355,9.62,10.35,10.546666666666669,1.979932658787442,3.3012204166666663,59.67810791666667,53.836875,145.35,,26.68,3,4
2022-10-21,8.72,London Marylebone Road,London,Westminster,Greater London,Greater London Urban Area,Urban Traffic,51.52253,-0.154611,England,London Central,0,2,1,1,2022,10,21,4,294,42,4,0,1,8,18,Autumn,3,-0.8660254037844386,0.5000000000000001,-0.9398560579418952,0.341570769167856,-0.433883739117558,-0.9009688679024191,-0.9350162426854148,0.3546048870425355,12.82,11.28,10.386666666666668,2.154839514519145,11.932622916666666,41.82092958333333,51.03187500000001,115.1484375,,24.73,4,4
2022-10-22,6.46,London Marylebone Road,London,Westminster,Greater London,Greater London Urban Area,Urban Traffic,51.52253,-0.154611,England,London Central,0,2,1,1,2022,10,22,5,295,42,4,1,0,8,18,Autumn,3,-0.8660254037844386,0.5000000000000001,-0.9338372288229252,0.3576982388331254,-0.9749279121818236,-0.2225209339563146,-0.9350162426854148,0.3546048870425355,8.72,6.56,9.333333333333336,3.2240554172242613,21.32904375,27.243110833333333,38.81578125,80.58796875,,19.35,5,4
2022-10-23,5.9,London Marylebone Road,London,Westminster,Greater London,Greater London Urban Area,Urban Traffic,51.52253,-0.154611,England,London Central,0,2,1,1,2022,10,23,6,296,42,4,1,0,8,18,Autumn,3,-0.8660254037844386,0.5000000000000001,-0.9275416835791964,0.3737197147904692,-0.7818314824680299,0.6234898018587334,-0.9350162426854148,0.3546048870425355,6.46,5.9,7.026666666666668,1.4929612631723217,17.354274583333332,20.38296083333333,36.879375,68.1328125,,13.86,6,4
2022-10-24,5.57,London Marylebone Road,London,Westminster,Greater London,Greater London Urban Area,Urban Traffic,51.52253,-0.154611,England,London Central,0,2,1,1,2022,10,24,0,297,43,4,0,1,8,18,Autumn,3,-0.8660254037844386,0.5000000000000001,-0.9209712877166346,0.3896304495307877,0.0,1.0,-0.8854560256532101,0.464723172043768,5.9,8.03,5.976666666666669,0.4499259198280184,27.14152,35.844283749999995,44.29828125,99.23484375,,15.28,0,4
2022-10-25,6.09,London Marylebone Road,London,Westminster,Greater London,Greater London Urban Area,Urban Traffic,51.52253,-0.154611,England,London Central,0,2,1,1,2022,10,25,1,298,43,4,0,1,8,18,Autumn,3,-0.8660254037844386,0.5000000000000001,-0.9141279881853336,0.4054257283599973,0.7818314824680298,0.6234898018587336,-0.8854560256532101,0.464723172043768,5.57,9.2,5.853333333333335,0.263122278291079,18.925888333333333,35.56364125,43.94765625,98.45390625,,18.16,1,4
2022-10-26,8.14,London Marylebone Road,London,Westminster,Greater London,Greater London Urban Area,Urban Traffic,51.52253,-0.154611,England,London Central,0,2,1,1,2022,10,26,2,299,43,4,0,1,8,18,Autumn,3,-0.8660254037844386,0.5000000000000001,-0.9070138128026362,0.4211008707960891,0.9749279121818236,-0.2225209339563143,-0.8854560256532101,0.464723172043768,6.09,9.62,6.600000000000002,1.3587862230681316,15.002457826086957,37.061079130434784,46.0995652173913,102.94239130434784,,22.14,2,4
2022-10-27,9.53,London Marylebone Road,London,Westminster,Greater London,Greater London Urban Area,Urban Traffic,51.52253,-0.154611,England,London Central,0,2,1,1,2022,10,27,3,300,43,4,0,1,8,18,Autumn,3,-0.8660254037844386,0.5000000000000001,-0.8996308696522434,0.4366512319560638,0.4338837391175582,-0.900968867902419,-0.8854560256532101,0.464723172043768,8.14,12.82,7.920000000000002,1.7305201530175145,7.924592083333334,47.4909475,48.5934375,121.40390625,,22.11,3,4
2022-10-28,9.5,London Marylebone Road,London,Westminster,Greater London,Greater London Urban Area,Urban Traffic,51.52253,-0.154611,England,London Central,0,2,1,1,2022,10,28,4,301,43,4,0,1,8,18,Autumn,3,-0.8660254037844386,0.5000000000000001,-0.8919813464595487,0.4520722039323037,-0.433883739117558,-0.9009688679024191,-0.8854560256532101,0.464723172043768,9.53,8.72,9.05666666666667,0.7939983207369505,11.5251675,47.54811541666667,55.5740625,128.5040625,,23.0,4,4
2022-10-29,10.78,London Marylebone Road,London,Westminster,Greater London,Greater London Urban Area,Urban Traffic,51.52253,-0.154611,England,London Central,0,2,1,1,2022,10,29,5,302,43,4,1,0,8,18,Autumn,3,-0.8660254037844386,0.5000000000000001,-0.8840675099433637,0.467359217158002,-0.9749279121818236,-0.2225209339563146,-0.8854560256532101,0.464723172043768,9.5,6.46,9.93666666666667,0.7305021104234377,12.315132083333332,40.08510375,53.46234375,114.9571875,,26.2,5,4
2022-10-30,5.35,London Marylebone Road,London,Westminster,Greater London,Greater London Urban Area,Urban Traffic,51.52253,-0.154611,England,London Central,0,2,1,1,2022,10,30,6,303,43,4,1,0,8,18,Autumn,3,-0.8660254037844386,0.5000000000000001,-0.8758917051442433,0.4825077417612176,-0.7818314824680299,0.6234898018587334,-0.8854560256532101,0.464723172043768,10.78,5.9,8.543333333333337,2.8385970713246884,19.73248375,25.263022083333336,40.18640625,78.89859375,,16.76,6,4
2022-10-31,7.13,London Marylebone Road,London,Westminster,Greater London,Greater London Urban Area,Urban Traffic,51.52253,-0.154611,England,London Central,0,2,1,1,2022,10,31,0,304,44,4,0,1,8,18,Autumn,3,-0.8660254037844386,0.5000000000000001,-0.8674563547295971,0.4975132889071803,0.0,1.0,-0.822983865893657,0.5680647467311548,5.35,5.57,7.753333333333336,2.7681461907444658,16.847034166666667,28.19937416666667,41.533125,84.755625,,19.61,0,4
2022-11-01,4.69,London Marylebone Road,London,Westminster,Greater London,Greater London Urban Area,Urban Traffic,51.52253,-0.154611,England,London Central,0,2,1,1,2022,11,1,1,305,44,4,0,1,8,18,Autumn,3,-0.5000000000000004,0.8660254037844384,-0.8587639582758031,0.5123714121284235,0.7818314824680298,0.6234898018587336,-0.822983865893657,0.5680647467311548,7.13,6.09,5.723333333333336,1.2621146276519808,32.172347083333335,29.60778375,37.01484375,82.39687500000001,,14.97,1,4
2022-11-02,5.89,London Marylebone Road,London,Westminster,Greater London,Greater London Urban Area,Urban Traffic,51.52253,-0.154611,England,London Central,0,2,1,1,2022,11,2,2,306,44,4,0,1,8,18,Autumn,3,-0.5000000000000004,0.8660254037844384,-0.8498170915275277,0.5270777086423724,0.9749279121818236,-0.2225209339563143,-0.822983865893657,0.5680647467311548,4.69,8.14,5.903333333333336,1.2200546435849084,25.86926125,34.04089583333333,40.34578125,92.533125,,20.09,2,4
2022-11-03,7.13,London Marylebone Road,London,Westminster,Greater London,Greater London Urban Area,Urban Traffic,51.52253,-0.154611,England,London Central,0,2,1,1,2022,11,3,3,307,44,4,0,1,8,18,Autumn,3,-0.5000000000000004,0.8660254037844384,-0.8406184056344783,0.5416278206559811,0.4338837391175582,-0.900968867902419,-0.822983865893657,0.5680647467311548,5.89,9.53,5.903333333333336,1.2200546435849084,13.271405,45.8070925,57.19171875,127.41234375,,15.8,3,4
2022-11-04,11.53,London Marylebone Road,London,Westminster,Greater London,Greater London Urban Area,Urban Traffic,51.52253,-0.154611,England,London Central,0,2,1,1,2022,11,4,4,308,44,4,0,1,8,18,Autumn,3,-0.5000000000000004,0.8660254037844384,-0.8311706263658079,0.5560174366570446,-0.433883739117558,-0.9009688679024191,-0.822983865893657,0.5680647467311548,7.13,9.5,8.183333333333335,2.9638713422368888,12.37334,29.68574,42.97546875,88.52484375,,21.26,4,4
2022-11-05,9.52,London Marylebone Road,London,Westminster,Greater London,Greater London Urban Area,Urban Traffic,51.52253,-0.154611,England,London Central,0,2,1,1,2022,11,5,5,309,44,4,1,0,8,18,Autumn,3,-0.5000000000000004,0.8660254037844384,-0.8214765533024145,0.5702422926917867,-0.9749279121818236,-0.2225209339563146,-0.822983865893657,0.5680647467311548,11.53,10.78,9.393333333333336,2.202733150731857,12.2236625,36.74857625,45.28640625,101.64140625,,16.1,5,4
2022-11-06,4.67,London Marylebone Road,London,Westminster,Greater London,Greater London Urban Area,Urban Traffic,51.52253,-0.154611,England,London Central,0,2,1,1,2022,11,6,6,310,44,4,1,0,8,18,Autumn,3,-0.5000000000000004,0.8660254037844384,-0.8115390590073611,0.5842981736283683,-0.7818314824680299,0.6234898018587334,-0.822983865893657,0.5680647467311548,9.52,5.35,8.573333333333336,3.526617832050007,22.742664583333333,26.993650833333334,38.728125,80.14171875000001,,10.57,6,4
2022-11-07,6.48,London Marylebone Road,London,Westminster,Greater London,Greater London Urban Area,Urban Traffic,51.52253,-0.154611,England,London Central,0,2,1,1,2022,11,7,0,311,45,4,0,1,8,18,Autumn,3,-0.5000000000000004,0.8660254037844384,-0.801361088174677,0.5981809144059159,0.0,1.0,-0.7485107481711011,0.6631226582407952,4.67,7.13,6.890000000000003,2.4508569929720005,25.96904625,36.5770725,44.50546875,100.58953125,,18.97,0,4
2022-11-08,5.86,London Marylebone Road,London,Westminster,Greater London,Greater London Urban Area,Urban Traffic,51.52253,-0.154611,England,London Central,0,2,1,1,2022,11,8,1,312,45,4,0,1,8,18,Autumn,3,-0.5000000000000004,0.8660254037844384,-0.7909456567567774,0.6118864012687242,0.7818314824680298,0.6234898018587336,-0.7485107481711011,0.6631226582407952,6.48,4.69,5.670000000000003,0.9198369420716678,29.7858225,42.075586666666666,43.75640625,108.27140625,,16.97,1,4
2022-11-09,6.64,London Marylebone Road,London,Westminster,Greater London,Greater London Urban Area,Urban Traffic,51.52253,-0.154611,England,London Central,0,2,1,1,2022,11,9,2,313,45,4,0,1,8,18,Autumn,3,-0.5000000000000004,0.8660254037844384,-0.780295851070776,0.6254105729852457,0.9749279121818236,-0.2225209339563143,-0.7485107481711011,0.6631226582407952,5.86,5.89,6.326666666666669,0.4119870548125147,17.570475416666667,51.29001541666667,51.7490625,130.39265625,,17.13,2,4
2022-11-10,6.82,London Marylebone Road,London,Westminster,Greater London,Greater London Urban Area,Urban Traffic,51.52253,-0.154611,England,London Central,0,2,1,1,2022,11,10,3,314,45,4,0,1,8,18,Autumn,3,-0.5000000000000004,0.8660254037844384,-0.7694148268839381,0.6387494220515268,0.4338837391175582,-0.900968867902419,-0.7485107481711011,0.6631226582407952,6.64,7.13,6.440000000000002,0.5102940328866847,20.655495,50.1102775,50.68921875,127.5159375,,21.33,3,4
2022-11-11,7.2,London Marylebone Road,London,Westminster,Greater London,Greater London Urban Area,Urban Traffic,51.52253,-0.154611,England,London Central,0,2,1,1,2022,11,11,4,315,45,4,0,1,8,18,Autumn,3,-0.5000000000000004,0.8660254037844384,-0.7583058084785625,0.6518989958787125,-0.433883739117558,-0.9009688679024191,-0.7485107481711011,0.6631226582407952,6.82,11.53,6.886666666666669,0.2858904218981314,20.5058175,43.20335375,45.3103125,111.53859375,,17.7,4,4
2022-11-12,14.42,London Marylebone Road,London,Westminster,Greater London,Greater London Urban Area,Urban Traffic,51.52253,-0.154611,England,London Central,0,2,1,1,2022,11,12,5,316,45,4,1,0,8,18,Autumn,3,-0.5000000000000004,0.8660254037844384,-0.7469720876965551,0.6648553979642866,-0.9749279121818236,-0.2225209339563146,-0.7485107481711011,0.6631226582407952,7.2,9.52,9.480000000000002,4.282382514442138,8.689610416666666,26.77537333333333,36.1303125,77.2171875,,24.51,5,4
2022-11-13,18.01,London Marylebone Road,London,Westminster,Greater London,Greater London Urban Area,Urban Traffic,51.52253,-0.154611,England,London Central,0,2,1,1,2022,11,13,6,317,45,4,1,0,8,18,Autumn,3,-0.5000000000000004,0.8660254037844384,-0.7354170229639858,0.6776147890466887,-0.7818314824680299,0.6234898018587334,-0.7485107481711011,0.6631226582407952,14.42,4.67,13.210000000000004,5.505642560137717,5.288605,37.06559833333333,35.66015625,92.50125,,24.27,6,4
2022-11-14,20.58,London Marylebone Road,London,Westminster,Greater London,Greater London Urban Area,Urban Traffic,51.52253,-0.154611,England,London Central,0,2,1,1,2022,11,14,0,318,46,4,0,1,8,18,Autumn,3,-0.5000000000000004,0.8660254037844384,-0.7236440382959123,0.690173388242972,0.0,1.0,-0.6631226582407955,0.7485107481711007,18.01,6.48,17.67,3.094042662924962,3.2430125000000003,62.19349625,42.776250000000005,138.1621875,,29.95,0,4
2022-11-15,5.44,London Marylebone Road,London,Westminster,Greater London,Greater London Urban Area,Urban Traffic,51.52253,-0.154611,England,London Central,0,2,1,1,2022,11,15,1,319,46,4,0,1,8,18,Autumn,3,-0.5000000000000004,0.8660254037844384,-0.7116566222817751,0.7025274741691566,0.7818314824680298,0.6234898018587336,-0.6631226582407955,0.7485107481711007,20.58,5.86,14.676666666666668,8.101742610903726,20.62223333333333,36.59266375,45.4696875,101.585625,,14.9,1,4
2022-11-16,5.29,London Marylebone Road,London,Westminster,Greater London,Greater London Urban Area,Urban Traffic,51.52253,-0.154611,England,London Central,0,2,1,1,2022,11,16,2,320,46,4,0,1,8,18,Autumn,3,-0.5000000000000004,0.8660254037844384,-0.6994583270516471,0.7146733860429609,0.9749279121818236,-0.2225209339563143,-0.6631226582407955,0.7485107481711007,5.44,6.64,10.43666666666667,8.784704510302728,20.8051725,39.86162916666667,49.820625,110.91703125,,11.8,2,4
2022-11-17,6.33,London Marylebone Road,London,Westminster,Greater London,Greater London Urban Area,Urban Traffic,51.52253,-0.154611,England,London Central,0,2,1,1,2022,11,17,3,321,46,4,0,1,8,18,Autumn,3,-0.5000000000000004,0.8660254037844384,-0.6870527672236675,0.726607524768565,0.4338837391175582,-0.900968867902419,-0.6631226582407955,0.7485107481711007,5.29,6.82,5.68666666666667,0.5621684207896126,13.404451666666668,58.986895833333335,55.66171875,146.12296875,,13.39,3,4
2022-11-18,6.9,London Marylebone Road,London,Westminster,Greater London,Greater London Urban Area,Urban Traffic,51.52253,-0.154611,England,London Central,0,2,1,1,2022,11,18,4,322,46,4,0,1,8,18,Autumn,3,-0.5000000000000004,0.8660254037844384,-0.6744436188329457,0.7383263540031063,-0.433883739117558,-0.9009688679024191,-0.6631226582407955,0.7485107481711007,6.33,7.2,6.173333333333336,0.816353681521121,17.53721375,43.02145583333333,50.545781250000005,116.535,,16.49,4,4
2022-11-19,9.22,London Marylebone Road,London,Westminster,Greater London,Greater London Urban Area,Urban Traffic,51.52253,-0.154611,England,London Central,0,2,1,1,2022,11,19,5,323,46,4,1,0,8,18,Autumn,3,-0.5000000000000004,0.8660254037844384,-0.661634618242279,0.749826401204568,-0.9749279121818236,-0.2225209339563146,-0.6631226582407955,0.7485107481711007,6.9,14.42,7.483333333333337,1.5307623373120631,19.300082083333333,21.47434833333333,39.71625,72.63515625000001,,19.85,5,4
2022-11-20,7.46,London Marylebone Road,London,Westminster,Greater London,Greater London Urban Area,Urban Traffic,51.52253,-0.154611,England,London Central,0,2,1,1,2022,11,20,6,324,46,4,1,0,8,18,Autumn,3,-0.5000000000000004,0.8660254037844384,-0.6486295610349818,0.7611042586607742,-0.7818314824680299,0.6234898018587334,-0.6631226582407955,0.7485107481711007,9.22,18.01,7.860000000000003,1.2106196760336243,16.747249166666666,23.30891875,45.38999999999999,81.11390625,,15.72,6,4
2022-11-21,6.29,London Marylebone Road,London,Westminster,Greater London,Greater London Urban Area,Urban Traffic,51.52253,-0.154611,England,London Central,0,2,1,1,2022,11,21,0,325,47,4,0,1,8,18,Autumn,3,-0.5000000000000004,0.8660254037844384,-0.6354323008901775,0.7721565844991641,0.0,1.0,-0.5680647467311559,0.8229838658936564,7.46,20.58,7.656666666666669,1.4748672256623951,17.404167083333334,32.393420416666665,45.74859375,95.40984375,,16.1,0,4
2022-11-22,8.52,London Marylebone Road,London,Westminster,Greater London,Greater London Urban Area,Urban Traffic,51.52253,-0.154611,England,London Central,0,2,1,1,2022,11,22,1,326,47,4,0,1,8,18,Autumn,3,-0.5000000000000004,0.8660254037844384,-0.622046748440868,0.7829801036770625,0.7818314824680298,0.6234898018587336,-0.5680647467311559,0.8229838658936564,6.29,5.44,7.423333333333336,1.1154520757670805,13.404451666666668,69.15758791666667,54.793125,160.83328125,,18.49,1,4
2022-11-23,7.8,London Marylebone Road,London,Westminster,Greater London,Greater London Urban Area,Urban Traffic,51.52253,-0.154611,England,London Central,0,2,1,1,2022,11,23,2,327,47,4,0,1,8,18,Autumn,3,-0.5000000000000004,0.8660254037844384,-0.6084768701151264,0.7935716089521472,0.9749279121818236,-0.2225209339563143,-0.5680647467311559,0.8229838658936564,8.52,5.29,7.536666666666669,1.138083183837231,14.915688260869564,49.54492521739131,56.03625,132.02070652173913,,18.95,2,4
2022-11-24,8.93,London Marylebone Road,London,Westminster,Greater London,Greater London Urban Area,Urban Traffic,51.52253,-0.154611,England,London Central,0,2,1,1,2022,11,24,3,328,47,4,0,1,8,18,Autumn,3,-0.5000000000000004,0.8660254037844384,-0.594726686960764,0.8039279618328208,0.4338837391175582,-0.900968867902419,-0.5680647467311559,0.8229838658936564,7.8,6.33,8.41666666666667,0.572043121917473,20.655495,53.493578750000005,58.363125,140.36953125,,25.26,3,4
2022-11-25,11.04,London Marylebone Road,London,Westminster,Greater London,Greater London Urban Area,Urban Traffic,51.52253,-0.154611,England,London Central,0,2,1,1,2022,11,25,4,329,47,4,0,1,8,18,Autumn,3,-0.5000000000000004,0.8660254037844384,-0.5808002734538013,0.8140460935082175,-0.433883739117558,-0.9009688679024191,-0.5680647467311559,0.8229838658936564,8.93,6.9,9.25666666666667,1.6445161395781709,13.080150416666667,71.15326791666666,55.70953125,164.83359375,,30.53,4,4
2022-11-26,8.18,London Marylebone Road,London,Westminster,Greater London,Greater London Urban Area,Urban Traffic,51.52253,-0.154611,England,London Central,0,2,1,1,2022,11,26,5,330,47,4,1,0,8,18,Autumn,3,-0.5000000000000004,0.8660254037844384,-0.5667017562911184,0.8239230057575536,-0.9749279121818236,-0.2225209339563146,-0.5680647467311559,0.8229838658936564,11.04,9.22,9.383333333333336,1.4829137983487406,18.701372083333336,25.80351875,43.29421875,82.86703125,,23.12,5,4
2022-11-27,7.51,London Marylebone Road,London,Westminster,Greater London,Greater London Urban Area,Urban Traffic,51.52253,-0.154611,England,London Central,0,2,1,1,2022,11,27,6,331,47,4,1,0,8,18,Autumn,3,-0.5000000000000004,0.8660254037844384,-0.5524353131676203,0.8335557718385695,-0.7818314824680299,0.6234898018587334,-0.5680647467311559,0.8229838658936564,8.18,7.46,8.910000000000002,1.8748066566981665,16.2150625,33.80702708333333,45.07921875,96.931875,,14.98,6,4
2022-11-28,9.51,London Marylebone Road,London,Westminster,Greater London,Greater London Urban Area,Urban Traffic,51.52253,-0.154611,England,London Central,0,2,1,1,2022,11,28,0,332,48,4,0,1,8,18,Autumn,3,-0.5000000000000004,0.8660254037844384,-0.5380051715382992,0.8429415373547832,0.0,1.0,-0.4647231720437684,0.88545602565321,7.51,6.29,8.400000000000002,1.0179882121123796,9.55441375,52.62566583333333,59.2078125,139.899375,,23.48,0,4
2022-11-29,14.66,London Marylebone Road,London,Westminster,Greater London,Greater London Urban Area,Urban Traffic,51.52253,-0.154611,England,London Central,0,2,1,1,2022,11,29,1,333,48,4,0,1,8,18,Autumn,3,-0.5000000000000004,0.8660254037844384,-0.5234156073655503,0.8520775211013093,0.7818314824680298,0.6234898018587336,-0.4647231720437684,0.88545602565321,9.51,8.52,10.560000000000002,3.688834504284484,12.315132083333332,21.276859166666668,34.59234375,67.2403125,,23.09,1,4
2022-11-30,17.0,London Marylebone Road,London,Westminster,Greater London,Greater London Urban Area,Urban Traffic,51.52253,-0.154611,England,London Central,0,2,1,1,2022,11,30,2,334,48,4,0,1,8,18,Autumn,3,-0.5000000000000004,0.8660254037844384,-0.5086709438521042,0.8609610158889945,0.9749279121818236,-0.2225209339563143,-0.4647231720437684,0.88545602565321,14.66,7.8,13.723333333333336,3.831844638465015,8.199000833333333,25.11750375,44.39390624999999,82.89093749999999,,27.88,2,4
2022-12-01,18.85,London Marylebone Road,London,Westminster,Greater London,Greater London Urban Area,Urban Traffic,51.52253,-0.154611,England,London Central,0,2,1,1,2022,12,1,3,335,48,4,0,1,8,18,Winter,0,-2.4492935982947064e-16,1.0,-0.4937755501599773,0.8695893893466109,0.4338837391175582,-0.900968867902419,-0.4647231720437684,0.88545602565321,17.0,8.93,16.83666666666667,2.099769828655767,9.263374166666669,16.8073675,35.1103125,60.87328125,,25.72,3,4
2022-12-02,11.48,London Marylebone Road,London,Westminster,Greater London,Greater London Urban Area,Urban Traffic,51.52253,-0.154611,England,London Central,0,2,1,1,2022,12,2,4,336,48,4,0,1,8,18,Winter,0,-2.4492935982947064e-16,1.0,-0.4787338401157883,0.8779600847008883,-0.433883739117558,-0.9009688679024191,-0.4647231720437684,0.88545602565321,18.85,11.04,15.77666666666667,3.834270899836509,14.202731666666669,10.529290833333333,24.5596875,40.72828125,,16.3,4,4
2022-12-03,10.55,London Marylebone Road,London,Westminster,Greater London,Greater London Urban Area,Urban Traffic,51.52253,-0.154611,England,London Central,0,2,1,1,2022,12,3,5,337,48,4,1,0,8,18,Winter,0,-2.4492935982947064e-16,1.0,-0.4635502709028512,0.8860706215341378,-0.9749279121818236,-0.2225209339563146,-0.4647231720437684,0.88545602565321,11.48,8.18,13.62666666666667,4.547376533049917,36.94539625,3.3365275000000003,15.555,20.686875,,17.26,5,4
2022-12-04,16.42,London Marylebone Road,London,Westminster,Greater London,Greater London Urban Area,Urban Traffic,51.52253,-0.154611,England,London Central,0,2,1,1,2022,12,4,6,338,48,4,1,0,8,18,Winter,0,-2.4492935982947064e-16,1.0,-0.4482293417404106,0.893918596519257,-0.7818314824680299,0.6234898018587334,-0.4647231720437684,0.88545602565321,10.55,7.51,12.81666666666667,3.155033016203331,20.4060325,6.293667916666667,17.95359375,27.6196875,,22.0,6,4
2022-12-05,8.61,London Marylebone Road,London,Westminster,Greater London,Greater London Urban Area,Urban Traffic,51.52253,-0.154611,England,London Central,0,2,1,1,2022,12,5,0,339,49,4,0,1,8,18,Winter,0,-2.4492935982947064e-16,1.0,-0.4327755925504317,0.9015016841318838,0.0,1.0,-0.3546048870425359,0.9350162426854148,16.42,9.51,11.860000000000005,4.066460377281421,16.863665,7.9515375,22.30453125,34.48078125,,14.65,0,4
2022-12-06,6.16,London Marylebone Road,London,Westminster,Greater London,Greater London Urban Area,Urban Traffic,51.52253,-0.154611,England,London Central,0,2,1,1,2022,12,6,1,340,49,4,0,1,8,18,Winter,0,-2.4492935982947064e-16,1.0,-0.4171936026123169,0.9088176373395028,0.7818314824680298,0.6234898018587336,-0.3546048870425359,0.9350162426854148,8.61,14.66,10.39666666666667,5.358267754912318,23.183381666666666,12.67568625,29.739375,49.15921875,,12.52,1,4
2022-12-07,14.35,London Marylebone Road,London,Westminster,Greater London,Greater London Urban Area,Urban Traffic,51.52253,-0.154611,England,London Central,0,2,1,1,2022,12,7,2,341,49,4,0,1,8,18,Winter,0,-2.4492935982947064e-16,1.0,-0.4014879892059737,0.9158642882672868,0.9749279121818236,-0.2225209339563143,-0.3546048870425359,0.9350162426854148,6.16,17.0,9.706666666666669,4.203692821000731,15.67926043478261,30.087045217391307,44.14548913043478,90.23673913043478,,23.66,2,4
2022-12-08,21.59,London Marylebone Road,London,Westminster,Greater London,Greater London Urban Area,Urban Traffic,51.52253,-0.154611,England,London Central,0,2,1,1,2022,12,8,3,342,49,4,0,1,8,18,Winter,0,-2.4492935982947064e-16,1.0,-0.3856634062436074,0.9226395488404876,0.4338837391175582,-0.900968867902419,-0.3546048870425359,0.9350162426854148,14.35,18.85,14.033333333333337,7.719872624165058,3.4342670833333333,61.803715,65.20031250000001,159.95671875,,34.91,3,4
2022-12-09,27.28,London Marylebone Road,London,Westminster,Greater London,Greater London Urban Area,Urban Traffic,51.52253,-0.154611,England,London Central,0,2,1,1,2022,12,9,4,343,49,4,0,1,8,18,Winter,0,-2.4492935982947064e-16,1.0,-0.3697245428906732,0.9291414114031744,-0.433883739117558,-0.9009688679024191,-0.3546048870425359,0.9350162426854148,21.59,11.48,21.073333333333338,6.4804655182581685,4.881149583333333,64.60494291666667,60.275625,159.30328125,,42.4,4,4
2022-12-10,26.95,London Marylebone Road,London,Westminster,Greater London,Greater London Urban Area,Urban Traffic,51.52253,-0.154611,England,London Central,0,2,1,1,2022,12,10,5,344,49,4,1,0,8,18,Winter,0,-2.4492935982947064e-16,1.0,-0.353676122176372,0.935367949313148,-0.9749279121818236,-0.2225209339563146,-0.3546048870425359,0.9350162426854148,27.28,10.55,25.273333333333337,3.1941248149271027,1.0810041666666663,89.12478208333334,70.8103125,207.48234375,,35.08,5,4
2022-12-11,34.79,London Marylebone Road,London,Westminster,Greater London,Greater London Urban Area,Urban Traffic,51.52253,-0.154611,England,London Central,0,2,1,1,2022,12,11,6,345,49,4,1,0,8,18,Winter,0,-2.4492935982947064e-16,1.0,-0.3375228995941134,0.941317317512847,-0.7818314824680299,0.6234898018587334,-0.3546048870425359,0.9350162426854148,26.95,16.42,29.673333333333336,4.434234244301159,2.095485,71.34036291666666,56.865,166.20421875,,38.78,6,4
2022-12-12,16.84,London Marylebone Road,London,Westminster,Greater London,Greater London Urban Area,Urban Traffic,51.52253,-0.154611,England,London Central,0,2,1,1,2022,12,12,0,346,50,4,0,1,8,18,Winter,0,-2.4492935982947064e-16,1.0,-0.3212696616923651,0.9469877530760752,0.0,1.0,-0.2393156642875578,0.970941817426052,34.79,8.61,26.19333333333334,8.998890672373628,8.30710125,41.57146958333333,48.226875,111.98484375,,20.67,0,4
2022-12-13,26.11,London Marylebone Road,London,Westminster,Greater London,Greater London Urban Area,Urban Traffic,51.52253,-0.154611,England,London Central,0,2,1,1,2022,12,13,1,347,50,4,0,1,8,18,Winter,0,-2.4492935982947064e-16,1.0,-0.3049212246562894,0.9523775757303972,0.7818314824680298,0.6234898018587336,-0.2393156642875578,0.970941817426052,16.84,6.16,25.913333333333338,8.976615917668145,2.5528329166666666,40.33976083333334,61.64625,123.515625,0.4901282,34.38,1,4
2022-12-14,17.97,London Marylebone Road,London,Westminster,Greater London,Greater London Urban Area,Urban Traffic,51.52253,-0.154611,England,London Central,0,2,1,1,2022,12,14,2,348,50,4,0,1,8,18,Winter,0,-2.4492935982947064e-16,1.0,-0.2884824328806098,0.9574851883550388,0.9749279121818236,-0.2225209339563143,-0.2393156642875578,0.970941817426052,26.11,14.35,20.306666666666672,5.05749279122899,17.728468333333335,14.406315,38.0746875,60.1640625,0.3002665833333333,23.34,2,4
2022-12-15,16.13,London Marylebone Road,London,Westminster,Greater London,Greater London Urban Area,Urban Traffic,51.52253,-0.154611,England,London Central,0,2,1,1,2022,12,15,3,349,50,4,0,1,8,18,Winter,0,-2.4492935982947064e-16,1.0,-0.2719581575341052,0.9623090774541488,0.4338837391175582,-0.900968867902419,-0.2393156642875578,0.970941817426052,17.97,21.59,20.070000000000004,5.311082752132551,11.333912916666668,37.00323333333333,59.51859375,116.2321875,0.39728325,26.73,3,4
2022-12-16,38.15,London Marylebone Road,London,Westminster,Greater London,Greater London Urban Area,Urban Traffic,51.52253,-0.154611,England,London Central,0,2,1,1,2022,12,16,4,350,50,4,0,1,8,18,Winter,0,-2.4492935982947064e-16,1.0,-0.2553532951161881,0.9668478136052772,-0.433883739117558,-0.9009688679024191,-0.2393156642875578,0.970941817426052,16.13,27.28,24.08333333333333,12.216780808925613,6.352978333333334,121.48702,71.83828125000001,258.1396875,0.7751631666666666,50.4,4,4
2022-12-17,25.15,London Marylebone Road,London,Westminster,Greater London,Greater London Urban Area,Urban Traffic,51.52253,-0.154611,England,London Central,0,2,1,1,2022,12,17,5,351,50,4,1,0,8,18,Winter,0,-2.4492935982947064e-16,1.0,-0.2386727660059499,0.9711000518829505,-0.9749279121818236,-0.2225209339563146,-0.2393156642875578,0.970941817426052,38.15,26.95,26.47666666666667,11.069784701308926,3.01849625,90.5851625,73.06546875,211.99265625,0.7334459999999999,33.2,5,4
2022-12-18,16.26,London Marylebone Road,London,Westminster,Greater London,Greater London Urban Area,Urban Traffic,51.52253,-0.154611,England,London Central,0,2,1,1,2022,12,18,6,352,50,4,1,0,8,18,Winter,0,-2.4492935982947064e-16,1.0,-0.2219215130041667,0.9750645322571944,-0.7818314824680299,0.6234898018587334,-0.2393156642875578,0.970941817426052,25.15,34.79,26.520000000000007,11.009118947490746,13.778645416666665,19.369529583333332,36.5925,66.331875,0.3832158333333333,20.46,6,4
2022-12-19,4.54,London Marylebone Road,London,Westminster,Greater London,Greater London Urban Area,Urban Traffic,51.52253,-0.154611,England,London Central,0,2,1,1,2022,12,19,0,353,51,4,0,1,8,18,Winter,0,-2.4492935982947064e-16,1.0,-0.2051044998686192,0.9787400799669153,0.0,1.0,-0.1205366802553236,0.992708874098054,16.26,16.84,15.316666666666672,10.337332022012896,25.06266583333333,21.925364782608696,25.76054347826087,59.37896739130434,0.227019,10.4,0,4
2022-12-20,8.11,London Marylebone Road,London,Westminster,Greater London,Greater London Urban Area,Urban Traffic,51.52253,-0.154611,England,London Central,0,2,1,1,2022,12,20,1,354,51,4,0,1,8,18,Winter,0,-2.4492935982947064e-16,1.0,-0.1882267098432439,0.9821256058680006,0.7818314824680298,0.6234898018587336,-0.1205366802553236,0.992708874098054,4.54,26.11,9.636666666666672,6.007298338965139,17.479005833333336,44.37789458333333,52.07578125,120.1209375,0.3861263333333333,21.65,1,4
2022-12-21,8.16,London Marylebone Road,London,Westminster,Greater London,Greater London Urban Area,Urban Traffic,51.52253,-0.154611,England,London Central,0,2,1,1,2022,12,21,2,355,51,4,0,1,8,18,Winter,0,-2.4492935982947064e-16,1.0,-0.1712931441814778,0.9852201067560606,0.9749279121818236,-0.2225209339563143,-0.1205366802553236,0.992708874098054,8.11,17.97,6.936666666666671,2.075724773021061,14.127892916666667,45.15745708333333,57.885,127.10953125,0.41474625,19.7,2,4
2022-12-22,7.83,London Marylebone Road,London,Westminster,Greater London,Greater London Urban Area,Urban Traffic,51.52253,-0.154611,England,London Central,0,2,1,1,2022,12,22,3,356,51,4,0,1,8,18,Winter,0,-2.4492935982947064e-16,1.0,-0.154308820664281,0.9880226656636976,0.4338837391175582,-0.900968867902419,-0.1205366802553236,0.992708874098054,8.16,16.13,8.033333333333339,0.1778576209593593,12.99699625,41.91447708333333,51.6215625,115.85765625,0.4244479166666666,16.66,3,4
2022-12-23,5.72,London Marylebone Road,London,Westminster,Greater London,Greater London Urban Area,Urban Traffic,51.52253,-0.154611,England,London Central,0,2,1,1,2022,12,23,4,357,51,4,0,1,8,18,Winter,0,-2.4492935982947064e-16,1.0,-0.1372787721132651,0.9905324521322229,-0.433883739117558,-0.9009688679024191,-0.1205366802553236,0.992708874098054,7.83,38.15,7.236666666666672,1.3237950495954167,20.173200833333333,30.174265833333333,44.68875,90.97125,0.3613870833333333,12.92,4,4
2022-12-24,7.91,London Marylebone Road,London,Westminster,Greater London,Greater London Urban Area,Urban Traffic,51.52253,-0.154611,England,London Central,0,2,1,1,2022,12,24,5,358,51,4,1,0,8,18,Winter,0,-2.4492935982947064e-16,1.0,-0.1202080448993527,0.9927487224577402,-0.9749279121818236,-0.2225209339563146,-0.1205366802553236,0.992708874098054,5.72,25.15,7.153333333333339,1.2419473955580134,22.95886541666667,25.507285,42.8240625,81.93468750000001,0.2891096666666666,24.22,5,4
2022-12-25,4.37,London Marylebone Road,London,Westminster,Greater London,Greater London Urban Area,Urban Traffic,51.52253,-0.154611,England,London Central,0,2,1,1,2022,12,25,6,359,51,4,1,0,8,18,Winter,0,-2.4492935982947064e-16,1.0,-0.1031016974474354,0.9946708199115212,-0.7818314824680299,0.6234898018587334,-0.1205366802553236,0.992708874098054,7.91,16.26,6.000000000000004,1.7865329551956244,31.44890583333333,13.169409166666666,33.827343750000004,54.05203125,0.2158620833333333,10.71,6,4
2022-12-26,4.67,London Marylebone Road,London,Westminster,Greater London,Greater London Urban Area,Urban Traffic,51.52253,-0.154611,England,London Central,0,2,1,1,2022,12,26,0,360,52,4,0,1,8,18,Winter,0,-2.4492935982947064e-16,1.0,-0.0859647987374467,0.9962981749346076,0.0,1.0,6.432490598706546e-16,1.0,4.37,4.54,5.650000000000006,1.9629569531703988,35.55672166666667,16.968477083333333,33.93890625,59.9728125,0.3017218333333333,11.37,0,4
2022-12-27,3.87,London Marylebone Road,London,Westminster,Greater London,Greater London Urban Area,Urban Traffic,51.52253,-0.154611,England,London Central,0,2,1,1,2022,12,27,1,361,52,4,0,1,8,18,Winter,0,-2.4492935982947064e-16,1.0,-0.0688024268023206,0.9976303053065856,0.7818314824680298,0.6234898018587336,6.432490598706546e-16,1.0,4.67,8.11,4.303333333333338,0.4041451884327751,36.98697333333333,14.629789583333334,33.373125,55.80515625,0.2318698333333333,11.63,1,4
2022-12-28,2.84,London Marylebone Road,London,Westminster,Greater London,Greater London Urban Area,Urban Traffic,51.52253,-0.154611,England,London Central,0,2,1,1,2022,12,28,2,362,52,4,0,1,8,18,Winter,0,-2.4492935982947064e-16,1.0,-0.0516196672232541,0.998666816288476,0.9749279121818236,-0.2225209339563143,6.432490598706546e-16,1.0,3.87,8.16,3.793333333333338,0.9174057626445178,43.996869583333336,12.0052625,23.77875,42.2025,0.1969438333333333,7.77,2,4
2022-12-29,5.89,London Marylebone Road,London,Westminster,Greater London,Greater London Urban Area,Urban Traffic,51.52253,-0.154611,England,London Central,0,2,1,1,2022,12,29,3,363,52,4,0,1,8,18,Winter,0,-2.4492935982947064e-16,1.0,-0.0344216116227458,0.9994074007397048,0.4338837391175582,-0.900968867902419,6.432490598706546e-16,1.0,2.84,7.83,4.200000000000005,1.551547614480468,35.50682916666667,20.55446458333333,32.04234375,63.55875,0.32743125,17.54,3,4
2022-12-30,4.15,London Marylebone Road,London,Westminster,Greater London,Greater London Urban Area,Urban Traffic,51.52253,-0.154611,England,London Central,0,2,1,1,2022,12,30,4,364,52,4,0,1,8,18,Winter,0,-2.4492935982947064e-16,1.0,-0.0172133561558352,0.9998518392091162,-0.433883739117558,-0.9009688679024191,6.432490598706546e-16,1.0,5.89,5.72,4.293333333333338,1.5300435723643175,34.708549166666664,15.534082083333333,30.1378125,53.95640624999999,0.3002665833333333,12.28,4,4
2022-12-31,4.98,London Marylebone Road,London,Westminster,Greater London,Greater London Urban Area,Urban Traffic,51.52253,-0.154611,England,London Central,0,2,1,1,2022,12,31,5,365,52,4,1,0,8,18,Winter,0,-2.4492935982947064e-16,1.0,6.432490598706546e-16,1.0,-0.9749279121818236,-0.2225209339563146,6.432490598706546e-16,1.0,4.15,7.91,5.006666666666671,0.8703064594344645,46.52475625,10.6955975,20.93390625,37.33359375,0.25175825,14.04,5,4
2023-01-01,7.0,London Marylebone Road,London,Westminster,Greater London,Greater London Urban Area,Urban Traffic,51.52253,-0.154611,England,London Central,0,2,1,1,2023,1,1,6,1,52,1,1,0,8,18,Winter,0,0.4999999999999999,0.8660254037844387,0.0172133561558346,0.9998518392091162,-0.7818314824680299,0.6234898018587334,6.432490598706546e-16,1.0,4.98,4.37,5.376666666666672,1.4658217263137248,40.77048791666667,14.136066666666666,32.831250000000004,54.5221875,0.3182146666666667,22.0,6,1
2023-01-02,7.4,London Marylebone Road,London,Westminster,Greater London,Greater London Urban Area,Urban Traffic,51.52253,-0.154611,England,London Central,0,2,1,1,2023,1,2,0,2,1,1,0,1,8,18,Winter,0,0.4999999999999999,0.8660254037844387,0.0344216116227457,0.9994074007397048,0.0,1.0,0.120536680255323,0.992708874098054,7.0,4.67,6.460000000000005,1.297227813454522,21.886176666666668,25.62162083333333,48.195,87.47296875,0.471501,14.3,0,1
2023-01-03,4.9,London Marylebone Road,London,Westminster,Greater London,Greater London Urban Area,Urban Traffic,51.52253,-0.154611,England,London Central,0,2,1,1,2023,1,3,1,3,1,1,0,1,8,18,Winter,0,0.4999999999999999,0.8660254037844387,0.0516196672232537,0.998666816288476,0.7818314824680298,0.6234898018587336,0.120536680255323,0.992708874098054,7.4,3.87,6.433333333333338,1.3428824718989127,28.61334875,18.137820833333333,40.82390625,68.61093749999999,0.28668425,11.5,1,1
2023-01-04,7.3,London Marylebone Road,London,Westminster,Greater London,Greater London Urban Area,Urban Traffic,51.52253,-0.154611,England,London Central,0,2,1,1,2023,1,4,2,4,1,1,0,1,8,18,Winter,0,0.4999999999999999,0.8660254037844387,0.0688024268023198,0.9976303053065856,0.9749279121818236,-0.2225209339563143,0.120536680255323,0.992708874098054,4.9,2.84,6.5333333333333385,1.415391583037476,35.627583478260874,18.373271304347828,33.46875,61.64902173913043,0.2864944347826087,19.0,2,1
2023-01-05,7.2,London Marylebone Road,London,Westminster,Greater London,Greater London Urban Area,Urban Traffic,51.52253,-0.154611,England,London Central,0,2,1,1,2023,1,5,3,5,1,1,0,1,8,18,Winter,0,0.4999999999999999,0.8660254037844387,0.0859647987374464,0.9962981749346078,0.4338837391175582,-0.900968867902419,0.120536680255323,0.992708874098054,7.3,5.89,6.466666666666671,1.357694123627753,30.94998083333333,21.4847425,36.96703125,69.8859375,0.3235505833333333,20.9,3,1
2023-01-06,3.5,London Marylebone Road,London,Westminster,Greater London,Greater London Urban Area,Urban Traffic,51.52253,-0.154611,England,London Central,0,2,1,1,2023,1,6,4,6,1,1,0,1,8,18,Winter,0,0.4999999999999999,0.8660254037844387,0.1031016974474348,0.9946708199115212,-0.433883739117558,-0.9009688679024191,0.120536680255323,0.992708874098054,7.2,4.15,6.000000000000004,2.1656407827707733,30.30137833333333,36.7018025,47.18296874999999,103.49015625,0.3589616666666667,9.4,4,1
2023-01-07,4.9,London Marylebone Road,London,Westminster,Greater London,Greater London Urban Area,Urban Traffic,51.52253,-0.154611,England,London Central,0,2,1,1,2023,1,7,5,7,1,1,1,0,8,18,Winter,0,0.4999999999999999,0.8660254037844387,0.1202080448993527,0.9927487224577402,-0.9749279121818236,-0.2225209339563146,0.120536680255323,0.992708874098054,3.5,4.98,5.200000000000005,1.8681541692269463,40.04704666666667,18.44964583333333,32.098125,60.39515625000001,0.3405285,12.8,5,1
2023-01-08,4.2,London Marylebone Road,London,Westminster,Greater London,Greater London Urban Area,Urban Traffic,51.52253,-0.154611,England,London Central,0,2,1,1,2023,1,8,6,8,1,1,1,0,8,18,Winter,0,0.4999999999999999,0.8660254037844387,0.1372787721132647,0.9905324521322229,-0.7818314824680299,0.6234898018587334,0.120536680255323,0.992708874098054,4.9,7.0,4.2000000000000055,0.7000000000000272,39.14898166666666,20.263427916666668,39.174375,70.2684375,0.3875815833333333,11.4,6,1
2023-01-09,5.6,London Marylebone Road,London,Westminster,Greater London,Greater London Urban Area,Urban Traffic,51.52253,-0.154611,England,London Central,0,2,1,1,2023,1,9,0,9,2,1,0,1,8,18,Winter,0,0.4999999999999999,0.8660254037844387,0.1543088206642811,0.9880226656636976,0.0,1.0,0.2393156642875577,0.970941817426052,4.2,7.4,4.900000000000005,0.7000000000000192,23.0004425,39.98635916666667,53.41453125,114.72609375,0.5132181666666666,16.4,0,1
2023-01-10,5.2,London Marylebone Road,London,Westminster,Greater London,Greater London Urban Area,Urban Traffic,51.52253,-0.154611,England,London Central,0,2,1,1,2023,1,10,1,10,2,1,0,1,8,18,Winter,0,0.4999999999999999,0.8660254037844387,0.1712931441814776,0.9852201067560606,0.7818314824680298,0.6234898018587336,0.2393156642875577,0.970941817426052,5.6,4.9,5.000000000000004,0.7211102550928155,24.93793458333333,36.166502916666666,44.146875,99.60140625,0.3405285,14.8,1,1
2023-01-11,5.5,London Marylebone Road,London,Westminster,Greater London,Greater London Urban Area,Urban Traffic,51.52253,-0.154611,England,London Central,0,2,1,1,2023,1,11,2,11,2,1,0,1,8,18,Winter,0,0.4999999999999999,0.8660254037844387,0.1882267098432442,0.9821256058680006,0.9749279121818236,-0.2225209339563143,0.2393156642875577,0.970941817426052,5.2,7.3,5.433333333333338,0.2081665999466586,28.671556666666664,51.9188625,52.55390625,132.19359375000002,0.3919473333333333,16.2,2,1
2023-01-12,5.1,London Marylebone Road,London,Westminster,Greater London,Greater London Urban Area,Urban Traffic,51.52253,-0.154611,England,London Central,0,2,1,1,2023,1,12,3,12,2,1,0,1,8,18,Winter,0,0.4999999999999999,0.8660254037844387,0.2051044998686192,0.9787400799669153,0.4338837391175582,-0.900968867902419,0.2393156642875577,0.970941817426052,5.5,7.2,5.266666666666671,0.2081665999466643,31.9312,46.456727916666665,46.2665625,117.51515625,0.37982025,14.0,3,1
2023-01-13,7.2,London Marylebone Road,London,Westminster,Greater London,Greater London Urban Area,Urban Traffic,51.52253,-0.154611,England,London Central,0,2,1,1,2023,1,13,4,13,2,1,0,1,8,18,Winter,0,0.4999999999999999,0.8660254037844387,0.2219215130041655,0.9750645322571948,-0.433883739117558,-0.9009688679024191,0.2393156642875577,0.970941817426052,5.1,3.5,5.933333333333338,1.115048578911855,28.471986666666663,45.31856666666667,53.23921875,122.71078125,0.4695606666666667,21.4,4,1
2023-01-14,4.1,London Marylebone Road,London,Westminster,Greater London,Greater London Urban Area,Urban Traffic,51.52253,-0.154611,England,London Central,0,2,1,1,2023,1,14,5,14,2,1,1,0,8,18,Winter,0,0.4999999999999999,0.8660254037844387,0.2386727660059501,0.9711000518829505,-0.9749279121818236,-0.2225209339563146,0.2393156642875577,0.970941817426052,7.2,4.9,5.466666666666671,1.5821925715074487,32.2804475,28.4696225,43.43765625,87.04265625,0.3982534166666667,10.8,5,1
2023-01-15,4.8,London Marylebone Road,London,Westminster,Greater London,Greater London Urban Area,Urban Traffic,51.52253,-0.154611,England,London Central,0,2,1,1,2023,1,15,6,15,2,1,1,0,8,18,Winter,0,0.4999999999999999,0.8660254037844387,0.255353295116187,0.9668478136052776,-0.7818314824680299,0.6234898018587334,0.2393156642875577,0.970941817426052,4.1,4.2,5.366666666666672,1.625833119767633,35.85607666666667,27.279490416666665,41.68453125,83.55234374999999,0.4103805,12.8,6,1
2023-01-16,6.2,London Marylebone Road,London,Westminster,Greater London,Greater London Urban Area,Urban Traffic,51.52253,-0.154611,England,London Central,0,2,1,1,2023,1,16,0,16,3,1,0,1,8,18,Winter,0,0.4999999999999999,0.8660254037844387,0.2719581575341055,0.9623090774541486,0.0,1.0,0.3546048870425356,0.9350162426854148,4.8,5.6,5.0333333333333385,1.0692676621563744,30.8834575,14.697351666666668,34.1221875,56.63390625,0.3788500833333333,12.3,0,1
2023-01-17,20.1,London Marylebone Road,London,Westminster,Greater London,Greater London Urban Area,Urban Traffic,51.52253,-0.154611,England,London Central,0,2,1,1,2023,1,17,1,17,3,1,0,1,8,18,Winter,0,0.4999999999999999,0.8660254037844387,0.288482432880609,0.9574851883550392,0.7818314824680298,0.6234898018587336,0.3546048870425356,0.9350162426854148,6.2,5.2,10.366666666666672,8.458329228242023,1.4635133333333332,88.483462,73.40175,209.0649375,0.8182662857142857,33.3,1,1
2023-01-18,12.4,London Marylebone Road,London,Westminster,Greater London,Greater London Urban Area,Urban Traffic,51.52253,-0.154611,England,London Central,0,2,1,1,2023,1,18,2,18,3,1,0,1,8,18,Winter,0,0.4999999999999999,0.8660254037844387,0.304921224656289,0.9523775757303974,0.9749279121818236,-0.2225209339563143,0.3546048870425356,0.9350162426854148,20.1,5.5,12.900000000000006,6.963476143421469,6.26150875,63.29527791666666,60.49078125,157.53421875,0.6839675000000001,20.9,2,1
2023-01-19,12.1,London Marylebone Road,London,Westminster,Greater London,Greater London Urban Area,Urban Traffic,51.52253,-0.154611,England,London Central,0,2,1,1,2023,1,19,3,19,3,1,0,1,8,18,Winter,0,0.4999999999999999,0.8660254037844387,0.3212696616923644,0.9469877530760752,0.4338837391175582,-0.900968867902419,0.3546048870425356,0.9350162426854148,12.4,5.1,14.866666666666672,4.5346811721810445,6.7271720833333335,65.29095791666667,59.7496875,159.853125,0.66213875,23.0,3,1
2023-01-20,6.9,London Marylebone Road,London,Westminster,Greater London,Greater London Urban Area,Urban Traffic,51.52253,-0.154611,England,London Central,0,2,1,1,2023,1,20,4,20,3,1,0,1,8,18,Winter,0,0.4999999999999999,0.8660254037844387,0.3375228995941133,0.9413173175128472,-0.433883739117558,-0.9009688679024191,0.3546048870425356,0.9350162426854148,12.1,7.2,10.46666666666667,3.0924639582917197,17.528898333333334,25.55925583333333,43.79624999999999,82.970625,0.49332975,15.2,4,1
2023-01-21,19.8,London Marylebone Road,London,Westminster,Greater London,Greater London Urban Area,Urban Traffic,51.52253,-0.154611,England,London Central,0,2,1,1,2023,1,21,5,21,3,1,1,0,8,18,Winter,0,0.4999999999999999,0.8660254037844387,0.3536761221763716,0.9353679493131484,-0.9749279121818236,-0.2225209339563146,0.3546048870425356,0.9350162426854148,6.9,4.1,12.93333333333334,6.490249096400944,13.080150416666667,29.987170833333334,46.2984375,92.28609375,0.5321364166666667,29.1,5,1
2023-01-22,32.2,London Marylebone Road,London,Westminster,Greater London,Greater London Urban Area,Urban Traffic,51.52253,-0.154611,England,London Central,0,2,1,1,2023,1,22,6,22,3,1,1,0,8,18,Winter,0,0.4999999999999999,0.8660254037844387,0.3697245428906731,0.9291414114031744,-0.7818314824680299,0.6234898018587334,0.3546048870425356,0.9350162426854148,19.8,4.8,19.63333333333334,12.650823425110843,5.4299670833333336,79.96232416666668,62.03671875,184.65984375,0.8886726666666666,42.0,6,1
2023-01-23,29.8,London Marylebone Road,London,Westminster,Greater London,Greater London Urban Area,Urban Traffic,51.52253,-0.154611,England,London Central,0,2,1,1,2023,1,23,0,23,4,1,0,1,8,18,Winter,0,0.4999999999999999,0.8660254037844387,0.385663406243607,0.9226395488404876,0.0,1.0,0.4647231720437685,0.8854560256532099,32.2,6.2,27.26666666666668,6.576726642740535,5.18882,117.01752833333336,69.9815625,249.4059375,0.9265091666666666,38.5,0,1
2023-01-24,16.9,London Marylebone Road,London,Westminster,Greater London,Greater London Urban Area,Urban Traffic,51.52253,-0.154611,England,London Central,0,2,1,1,2023,1,24,1,24,4,1,0,1,8,18,Winter,0,0.4999999999999999,0.8660254037844387,0.401487989205973,0.9158642882672872,0.7818314824680298,0.6234898018587336,0.4647231720437685,0.8854560256532099,29.8,20.1,26.300000000000008,8.228608630868276,21.62839875,16.734608333333334,39.86765625,65.52703125000001,0.3327671666666666,23.5,1,1
2023-01-25,30.1,London Marylebone Road,London,Westminster,Greater London,Greater London Urban Area,Urban Traffic,51.52253,-0.154611,England,London Central,0,2,1,1,2023,1,25,2,25,4,1,0,1,8,18,Winter,0,0.4999999999999999,0.8660254037844387,0.4171936026123168,0.9088176373395028,0.9749279121818236,-0.2225209339563143,0.4647231720437685,0.8854560256532099,16.9,12.4,25.600000000000005,7.535914012248273,2.935342083333333,111.38389,58.4746875,229.26890625,0.7358714166666668,39.0,2,1
2023-01-26,5.2,London Marylebone Road,London,Westminster,Greater London,Greater London Urban Area,Urban Traffic,51.52253,-0.154611,England,London Central,0,2,1,1,2023,1,26,3,26,4,1,0,1,8,18,Winter,0,0.4999999999999999,0.8660254037844387,0.4327755925504312,0.901501684131884,0.4338837391175582,-0.900968867902419,0.4647231720437685,0.8854560256532099,30.1,12.1,17.400000000000006,12.45752784464076,36.80403416666667,12.380808260869566,27.689673913043475,46.665000000000006,0.2585494166666667,13.2,3,1
2023-01-27,6.3,London Marylebone Road,London,Westminster,Greater London,Greater London Urban Area,Urban Traffic,51.52253,-0.154611,England,London Central,0,2,1,1,2023,1,27,4,27,4,1,0,1,8,18,Winter,0,0.4999999999999999,0.8660254037844387,0.4482293417404106,0.893918596519257,-0.433883739117558,-0.9009688679024191,0.4647231720437685,0.8854560256532099,5.2,6.9,13.866666666666667,14.069233573060515,34.10152375,8.502428333333333,30.17765625,43.26234375000001,0.29541575,16.0,4,1
2023-01-28,13.3,London Marylebone Road,London,Westminster,Greater London,Greater London Urban Area,Urban Traffic,51.52253,-0.154611,England,London Central,0,2,1,1,2023,1,28,5,28,4,1,1,0,8,18,Winter,0,0.4999999999999999,0.8660254037844387,0.4635502709028509,0.886070621534138,-0.9749279121818236,-0.2225209339563146,0.4647231720437685,0.8854560256532099,6.3,19.8,8.266666666666671,4.393555887129827,27.73191458333333,20.071135833333333,41.0071875,71.79843749999999,0.4220225,29.0,5,1
2023-01-29,12.8,London Marylebone Road,London,Westminster,Greater London,Greater London Urban Area,Urban Traffic,51.52253,-0.154611,England,London Central,0,2,1,1,2023,1,29,6,29,4,1,1,0,8,18,Winter,0,0.4999999999999999,0.8660254037844387,0.4787338401157884,0.8779600847008882,-0.7818314824680299,0.6234898018587334,0.4647231720437685,0.8854560256532099,13.3,32.2,10.800000000000006,3.9051248379533057,14.585240833333332,34.47225375,43.46953125,96.33421875,0.4603440833333334,19.0,6,1
2023-01-30,9.2,London Marylebone Road,London,Westminster,Greater London,Greater London Urban Area,Urban Traffic,51.52253,-0.154611,England,London Central,0,2,1,1,2023,1,30,0,30,5,1,0,1,8,18,Winter,0,0.4999999999999999,0.8660254037844387,0.4937755501599772,0.869589389346611,0.0,1.0,0.5680647467311558,0.8229838658936564,12.8,29.8,11.766666666666673,2.236813209307646,21.32072833333333,33.240545000000004,45.05531249999999,95.98359375,0.5098225833333333,30.1,0,1
2023-01-31,9.1,London Marylebone Road,London,Westminster,Greater London,Greater London Urban Area,Urban Traffic,51.52253,-0.154611,England,London Central,0,2,1,1,2023,1,31,1,31,5,1,0,1,8,18,Winter,0,0.4999999999999999,0.8660254037844387,0.5086709438521044,0.8609610158889943,0.7818314824680298,0.6234898018587336,0.5680647467311558,0.8229838658936564,9.2,16.9,10.366666666666672,2.107921567168277,16.16517,45.292581250000005,52.34671875,121.80234375,0.49624025,28.6,1,1
2023-02-01,12.4,London Marylebone Road,London,Westminster,Greater London,Greater London Urban Area,Urban Traffic,51.52253,-0.154611,England,London Central,0,2,1,1,2023,2,1,2,32,5,1,0,1,8,18,Winter,0,0.8660254037844386,0.5000000000000001,0.5234156073655503,0.8520775211013093,0.9749279121818236,-0.2225209339563143,0.5680647467311558,0.8229838658936564,9.1,30.1,10.233333333333338,1.8770544300400995,21.128389130434783,34.512248695652175,45.65885869565217,98.55195652173914,0.4920010434782609,37.0,2,1
2023-02-02,6.4,London Marylebone Road,London,Westminster,Greater London,Greater London Urban Area,Urban Traffic,51.52253,-0.154611,England,London Central,0,2,1,1,2023,2,2,3,33,5,1,0,1,8,18,Winter,0,0.8660254037844386,0.5000000000000001,0.5380051715382996,0.8429415373547828,0.4338837391175582,-0.900968867902419,0.5680647467311558,0.8229838658936564,12.4,5.2,9.300000000000004,3.0049958402633155,19.39155166666667,51.59664333333333,51.9084375,131.01421875,0.46422475,23.3,3,1
2023-02-03,6.7,London Marylebone Road,London,Westminster,Greater London,Greater London Urban Area,Urban Traffic,51.52253,-0.154611,England,London Central,0,2,1,1,2023,2,3,4,34,5,1,0,1,8,18,Winter,0,0.8660254037844386,0.5000000000000001,0.5524353131676196,0.8335557718385699,-0.433883739117558,-0.9009688679024191,0.5680647467311558,0.8229838658936564,6.4,6.3,8.500000000000005,3.3808283008753683,21.761445416666664,32.611697916666664,45.65296875000001,95.66484375,0.51661375,16.8,4,1
2023-02-04,10.6,London Marylebone Road,London,Westminster,Greater London,Greater London Urban Area,Urban Traffic,51.52253,-0.154611,England,London Central,0,2,1,1,2023,2,4,5,35,5,1,1,0,8,18,Winter,0,0.8660254037844386,0.5000000000000001,0.5667017562911176,0.8239230057575542,-0.9749279121818236,-0.2225209339563146,0.5680647467311558,0.8229838658936564,6.7,13.3,7.900000000000005,2.3430749027719604,16.472840416666667,30.033944583333334,49.37437499999999,95.4496875,0.5593010833333333,25.1,5,1
2023-02-05,7.6,London Marylebone Road,London,Westminster,Greater London,Greater London Urban Area,Urban Traffic,51.52253,-0.154611,England,London Central,0,2,1,1,2023,2,5,6,36,5,1,1,0,8,18,Winter,0,0.8660254037844386,0.5000000000000001,0.5808002734538009,0.8140460935082178,-0.7818314824680299,0.6234898018587334,0.5680647467311558,0.8229838658936564,10.6,12.8,8.300000000000004,2.0420577856661724,38.6666875,6.4547775,23.59546875,33.4846875,0.3676931666666667,21.9,6,1
2023-02-06,19.1,London Marylebone Road,London,Westminster,Greater London,Greater London Urban Area,Urban Traffic,51.52253,-0.154611,England,London Central,0,2,1,1,2023,2,6,0,37,6,1,0,1,8,18,Winter,0,0.8660254037844386,0.5000000000000001,0.5947266869607634,0.8039279618328213,0.0,1.0,0.6631226582407952,0.7485107481711011,7.6,9.2,12.433333333333335,5.965176722724412,5.41333625,80.513215,66.586875,190.03078125,0.6315785,48.9,0,1
2023-02-07,28.9,London Marylebone Road,London,Westminster,Greater London,Greater London Urban Area,Urban Traffic,51.52253,-0.154611,England,London Central,0,2,1,1,2023,2,7,1,38,6,1,0,1,8,18,Winter,0,0.8660254037844386,0.5000000000000001,0.6084768701151261,0.7935716089521474,0.7818314824680298,0.6234898018587336,0.6631226582407952,0.7485107481711011,19.1,9.1,18.53333333333334,10.661300733650332,2.3615783333333336,106.8000625,65.90953125,229.65140625,0.75527475,52.8,1,1
2023-02-08,35.2,London Marylebone Road,London,Westminster,Greater London,Greater London Urban Area,Urban Traffic,51.52253,-0.154611,England,London Central,0,2,1,1,2023,2,8,2,39,6,1,0,1,8,18,Winter,0,0.8660254037844386,0.5000000000000001,0.6220467484408675,0.7829801036770628,0.9749279121818236,-0.2225209339563143,0.6631226582407952,0.7485107481711011,28.9,12.4,27.733333333333334,8.113158036999714,1.7462375,142.08825833333333,72.44390625,290.29359375,0.8474405833333334,49.2,2,1
2023-02-09,23.6,London Marylebone Road,London,Westminster,Greater London,Greater London Urban Area,Urban Traffic,51.52253,-0.154611,England,London Central,0,2,1,1,2023,2,9,3,40,6,1,0,1,8,18,Winter,0,0.8660254037844386,0.5000000000000001,0.6354323008901774,0.7721565844991642,0.4338837391175582,-0.900968867902419,0.6631226582407952,0.7485107481711011,35.2,6.4,29.233333333333334,5.80717946453638,10.485740416666667,69.34468291666666,57.2475,163.5825,0.61266025,42.8,3,1
2023-02-10,21.4,London Marylebone Road,London,Westminster,Greater London,Greater London Urban Area,Urban Traffic,51.52253,-0.154611,England,London Central,0,2,1,1,2023,2,10,4,41,6,1,0,1,8,18,Winter,0,0.8660254037844386,0.5000000000000001,0.6486295610349814,0.7611042586607747,-0.433883739117558,-0.9009688679024191,0.6631226582407952,0.7485107481711011,23.6,6.7,26.733333333333334,7.41440040281971,4.008030833333334,88.66743874999999,68.09296875,204.06375,0.6592282500000001,45.0,4,1
2023-02-11,9.6,London Marylebone Road,London,Westminster,Greater London,Greater London Urban Area,Urban Traffic,51.52253,-0.154611,England,London Central,0,2,1,1,2023,2,11,5,42,6,1,1,0,8,18,Winter,0,0.8660254037844386,0.5000000000000001,0.6616346182422783,0.7498264012045686,-0.9749279121818236,-0.2225209339563146,0.6631226582407952,0.7485107481711011,21.4,10.6,18.200000000000006,7.528612089887473,18.718002916666663,29.394703333333336,44.63296875,89.69625,0.3967981666666667,22.2,5,1
2023-02-12,10.5,London Marylebone Road,London,Westminster,Greater London,Greater London Urban Area,Urban Traffic,51.52253,-0.154611,England,London Central,0,2,1,1,2023,2,12,6,43,6,1,1,0,8,18,Winter,0,0.8660254037844386,0.5000000000000001,0.6744436188329455,0.7383263540031065,-0.7818314824680299,0.6234898018587334,0.6631226582407952,0.7485107481711011,9.6,7.6,13.833333333333336,6.568358496103358,28.71313375,18.13262375,34.1221875,61.92515624999999,0.3017218333333333,21.5,6,1
2023-02-13,26.7,London Marylebone Road,London,Westminster,Greater London,Greater London Urban Area,Urban Traffic,51.52253,-0.154611,England,London Central,0,2,1,1,2023,2,13,0,44,7,1,0,1,8,18,Winter,0,0.8660254037844386,0.5000000000000001,0.6870527672236669,0.7266075247685656,0.0,1.0,0.7485107481711011,0.6631226582407953,10.5,19.1,15.600000000000003,9.623408959407255,16.93850375,35.610415,46.2984375,100.90828125,0.3817605833333333,40.9,0,1
2023-02-14,40.6,London Marylebone Road,London,Westminster,Greater London,Greater London Urban Area,Urban Traffic,51.52253,-0.154611,England,London Central,0,2,1,1,2023,2,14,1,45,7,1,0,1,8,18,Winter,0,0.8660254037844386,0.5000000000000001,0.6994583270516471,0.7146733860429609,0.7818314824680298,0.6234898018587336,0.7485107481711011,0.6631226582407953,26.7,28.9,25.933333333333337,15.064638506560094,3.1265966666666665,101.04689125,68.31609375000001,223.26046875,0.7145277499999999,63.4,1,1
2023-02-15,35.7,London Marylebone Road,London,Westminster,Greater London,Greater London Urban Area,Urban Traffic,51.52253,-0.154611,England,London Central,0,2,1,1,2023,2,15,2,46,7,1,0,1,8,18,Winter,0,0.8660254037844386,0.5000000000000001,0.7116566222817746,0.7025274741691571,0.9749279121818236,-0.2225209339563143,0.7485107481711011,0.6631226582407953,40.6,35.2,34.333333333333336,7.050059101407107,12.414917083333334,60.09907166666667,61.33546875,153.4621875,0.5389275833333333,56.3,2,1
2023-02-16,6.0,London Marylebone Road,London,Westminster,Greater London,Greater London Urban Area,Urban Traffic,51.52253,-0.154611,England,London Central,0,2,1,1,2023,2,16,3,47,7,1,0,1,8,18,Winter,0,0.8660254037844386,0.5000000000000001,0.7236440382959124,0.6901733882429719,0.4338837391175582,-0.900968867902419,0.7485107481711011,0.6631226582407953,35.7,23.6,27.433333333333337,18.72280249677738,21.04631958333333,47.64686,47.64515625000001,120.68671875,0.3531406666666667,10.7,3,1
2023-02-17,4.8,London Marylebone Road,London,Westminster,Greater London,Greater London Urban Area,Urban Traffic,51.52253,-0.154611,England,London Central,0,2,1,1,2023,2,17,4,48,7,1,0,1,8,18,Winter,0,0.8660254037844386,0.5000000000000001,0.7354170229639855,0.6776147890466889,-0.433883739117558,-0.9009688679024191,0.7485107481711011,0.6631226582407953,6.0,21.4,15.500000000000004,17.503999542961605,23.26653583333333,37.44498541666667,41.851875,99.27468749999998,0.31869975,12.9,4,1
2023-02-18,4.5,London Marylebone Road,London,Westminster,Greater London,Greater London Urban Area,Urban Traffic,51.52253,-0.154611,England,London Central,0,2,1,1,2023,2,18,5,49,7,1,1,0,8,18,Winter,0,0.8660254037844386,0.5000000000000001,0.7469720876965552,0.6648553979642865,-0.9749279121818236,-0.2225209339563146,0.7485107481711011,0.6631226582407953,4.8,9.6,5.100000000000005,0.7937253933194228,31.84804583333333,23.017882083333333,39.33375,74.61140625,0.2973560833333333,14.1,5,1
2023-02-19,6.4,London Marylebone Road,London,Westminster,Greater London,Greater London Urban Area,Urban Traffic,51.52253,-0.154611,England,London Central,0,2,1,1,2023,2,19,6,50,7,1,1,0,8,18,Winter,0,0.8660254037844386,0.5000000000000001,0.7583058084785624,0.6518989958787126,-0.7818314824680299,0.6234898018587334,0.7485107481711011,0.6631226582407953,4.5,10.5,5.233333333333338,1.0214368964030058,29.56130625,21.69262583333333,39.86765625,73.12921874999999,0.3482898333333333,17.6,6,1
2023-02-20,6.8,London Marylebone Road,London,Westminster,Greater London,Greater London Urban Area,Urban Traffic,51.52253,-0.154611,England,London Central,0,2,1,1,2023,2,20,0,51,8,1,0,1,8,18,Winter,0,0.8660254037844386,0.5000000000000001,0.7694148268839378,0.6387494220515272,0.0,1.0,0.8229838658936564,0.5680647467311559,6.4,26.7,5.900000000000005,1.2288205727444774,21.021373333333333,45.91623125,46.58531249999999,117.02109375,0.2832886666666667,17.0,0,1
2023-02-21,12.4,London Marylebone Road,London,Westminster,Greater London,Greater London Urban Area,Urban Traffic,51.52253,-0.154611,England,London Central,0,2,1,1,2023,2,21,1,52,8,1,0,1,8,18,Winter,0,0.8660254037844386,0.5000000000000001,0.7802958510707755,0.6254105729852463,0.7818314824680298,0.6234898018587336,0.8229838658936564,0.5680647467311559,6.8,40.6,8.533333333333339,3.3545988334424397,17.296066666666665,42.98507625,43.74046875,109.67390625,0.3031770833333333,25.1,1,1
2023-02-22,16.3,London Marylebone Road,London,Westminster,Greater London,Greater London Urban Area,Urban Traffic,51.52253,-0.154611,England,London Central,0,2,1,1,2023,2,22,2,53,8,1,0,1,8,18,Winter,0,0.8660254037844386,0.5000000000000001,0.7909456567567772,0.6118864012687243,0.9749279121818236,-0.2225209339563143,0.8229838658936564,0.5680647467311559,12.4,35.7,11.833333333333336,4.775283586692349,14.867965,34.804867083333335,42.46546875,95.848125,0.2891096666666666,26.0,2,1
2023-02-23,5.0,London Marylebone Road,London,Westminster,Greater London,Greater London Urban Area,Urban Traffic,51.52253,-0.154611,England,London Central,0,2,1,1,2023,2,23,3,54,8,1,0,1,8,18,Winter,0,0.8660254037844386,0.5000000000000001,0.8013610881746766,0.5981809144059164,0.4338837391175582,-0.900968867902419,0.8229838658936564,0.5680647467311559,16.3,6.0,11.23333333333334,5.73962832710737,42.58324875,6.896529583333333,25.69921875,36.2896875,0.1722045833333333,14.7,3,1
2023-02-24,9.1,London Marylebone Road,London,Westminster,Greater London,Greater London Urban Area,Urban Traffic,51.52253,-0.154611,England,London Central,0,2,1,1,2023,2,24,4,55,8,1,0,1,8,18,Winter,0,0.8660254037844386,0.5000000000000001,0.811539059007361,0.5842981736283684,-0.433883739117558,-0.9009688679024191,0.8229838658936564,0.5680647467311559,5.0,4.8,10.133333333333338,5.720431219176869,24.77994166666667,35.87026916666667,44.64890625,99.6571875,0.36235725,26.9,4,1
2023-02-25,4.3,London Marylebone Road,London,Westminster,Greater London,Greater London Urban Area,Urban Traffic,51.52253,-0.154611,England,London Central,0,2,1,1,2023,2,25,5,56,8,1,1,0,8,18,Winter,0,0.8660254037844386,0.5000000000000001,0.8214765533024142,0.5702422926917871,-0.9749279121818236,-0.2225209339563146,0.8229838658936564,0.5680647467311559,9.1,4.5,6.133333333333336,2.592939130279266,50.85708833333334,3.918600833333333,16.26421875,22.27265625,0.1654134166666666,13.6,5,1
2023-02-26,4.3,London Marylebone Road,London,Westminster,Greater London,Greater London Urban Area,Urban Traffic,51.52253,-0.154611,England,London Central,0,2,1,1,2023,2,26,6,57,8,1,1,0,8,18,Winter,0,0.8660254037844386,0.5000000000000001,0.8311706263658079,0.5560174366570446,-0.7818314824680299,0.6234898018587334,0.8229838658936564,0.5680647467311559,4.3,6.4,5.900000000000003,2.771281292110216,47.33135166666667,3.2533741666666667,20.02546875,24.98203125,0.1896675833333333,13.1,6,1
2023-02-27,4.5,London Marylebone Road,London,Westminster,Greater London,Greater London Urban Area,Urban Traffic,51.52253,-0.154611,England,London Central,0,2,1,1,2023,2,27,0,58,9,1,0,1,8,18,Winter,0,0.8660254037844386,0.5000000000000001,0.8406184056344782,0.5416278206559814,0.0,1.0,0.8854560256532099,0.4647231720437686,4.3,6.8,4.36666666666667,0.1154700538382725,44.44590208333333,4.750134166666666,24.9103125,32.2096875,0.1945184166666666,12.7,0,1
2023-02-28,4.1,London Marylebone Road,London,Westminster,Greater London,Greater London Urban Area,Urban Traffic,51.52253,-0.154611,England,London Central,0,2,1,1,2023,2,28,1,59,9,1,0,1,8,18,Winter,0,0.8660254037844386,0.5000000000000001,0.8498170915275278,0.5270777086423722,0.7818314824680298,0.6234898018587336,0.8854560256532099,0.4647231720437686,4.5,12.4,4.300000000000003,0.2000000000002024,45.79299958333333,5.025579583333333,22.20890625,29.898750000000003,0.2255637499999999,9.3,1,1
2023-03-01,4.2,London Marylebone Road,London,Westminster,Greater London,Greater London Urban Area,Urban Traffic,51.52253,-0.154611,England,London Central,0,2,1,1,2023,3,1,2,60,9,1,0,1,8,18,Spring,1,1.0,6.123233995736766e-17,0.8587639582758029,0.5123714121284237,0.9749279121818236,-0.2225209339563143,0.8854560256532099,0.4647231720437686,4.1,16.3,4.26666666666667,0.2081665999468085,42.820780434782606,5.998379090909091,24.506079545454543,33.69477272727273,0.3352895999999999,9.7,2,1
2023-03-02,12.7,London Marylebone Road,London,Westminster,Greater London,Greater London Urban Area,Urban Traffic,51.52253,-0.154611,England,London Central,0,2,1,1,2023,3,2,3,61,9,1,0,1,8,18,Spring,1,1.0,6.123233995736766e-17,0.8674563547295968,0.4975132889071806,0.4338837391175582,-0.900968867902419,0.8854560256532099,0.4647231720437686,4.2,5.0,7.000000000000004,4.936598018878998,44.17149333333333,5.306222083333333,24.551718750000003,32.671875,0.1938646086956521,19.3,3,1
2023-03-03,4.7,London Marylebone Road,London,Westminster,Greater London,Greater London Urban Area,Urban Traffic,51.52253,-0.154611,England,London Central,0,2,1,1,2023,3,3,4,62,9,1,0,1,8,18,Spring,1,1.0,6.123233995736766e-17,0.8758917051442429,0.4825077417612184,-0.433883739117558,-0.9009688679024191,0.8854560256532099,0.4647231720437686,12.7,9.1,7.200000000000004,4.7696960070847325,49.01938125,5.545287916666666,25.021875,33.49265625,0.1983990833333333,11.8,4,1
2023-03-04,5.6,London Marylebone Road,London,Westminster,Greater London,Greater London Urban Area,Urban Traffic,51.52253,-0.154611,England,London Central,0,2,1,1,2023,3,4,5,63,9,1,1,0,8,18,Spring,1,1.0,6.123233995736766e-17,0.8840675099433636,0.4673592171580022,-0.9749279121818236,-0.2225209339563146,0.8854560256532099,0.4647231720437686,4.7,4.3,7.6666666666666705,4.382160806421116,54.65723375,5.638835416666667,19.89,28.528125,0.2182875,12.3,5,1
2023-03-05,16.6,London Marylebone Road,London,Westminster,Greater London,Greater London Urban Area,Urban Traffic,51.52253,-0.154611,England,London Central,0,2,1,1,2023,3,5,6,64,9,1,1,0,8,18,Spring,1,1.0,6.123233995736766e-17,0.8919813464595485,0.4520722039323043,-0.7818314824680299,0.6234898018587334,0.8854560256532099,0.4647231720437686,5.6,4.3,8.96666666666667,6.6259590500797225,34.841595833333336,11.495948333333333,32.5603125,50.17124999999999,0.2653405833333333,21.6,6,1
2023-03-06,11.1,London Marylebone Road,London,Westminster,Greater London,Greater London Urban Area,Urban Traffic,51.52253,-0.154611,England,London Central,0,2,1,1,2023,3,6,0,65,10,1,0,1,8,18,Spring,1,1.0,6.123233995736766e-17,0.8996308696522433,0.436651231956064,0.0,1.0,0.9350162426854148,0.3546048870425355,16.6,4.5,11.100000000000003,5.500000000000002,14.003161666666664,41.30641833333333,52.96828125,116.28796875,0.3613870833333333,21.4,0,1
2023-03-07,9.2,London Marylebone Road,London,Westminster,Greater London,Greater London Urban Area,Urban Traffic,51.52253,-0.154611,England,London Central,0,2,1,1,2023,3,7,1,66,10,1,0,1,8,18,Spring,1,1.0,6.123233995736766e-17,0.907013812802636,0.4211008707960896,0.7818314824680298,0.6234898018587336,0.9350162426854148,0.3546048870425355,11.1,4.1,12.300000000000004,3.843175770115129,24.92961916666667,29.945594166666663,46.86421875,92.77218750000002,0.3327671666666666,19.1,1,1
2023-03-08,11.1,London Marylebone Road,London,Westminster,Greater London,Greater London Urban Area,Urban Traffic,51.52253,-0.154611,England,London Central,0,2,1,1,2023,3,8,2,67,10,1,0,1,8,18,Spring,1,1.0,6.123233995736766e-17,0.9141279881853336,0.4054257283599973,0.9749279121818236,-0.2225209339563143,0.9350162426854148,0.3546048870425355,9.2,4.2,10.46666666666667,1.0969655114602954,19.017357916666665,24.42109458333333,49.1671875,86.58046875000001,0.3250058333333333,15.2,2,1
2023-03-09,9.9,London Marylebone Road,London,Westminster,Greater London,Greater London Urban Area,Urban Traffic,51.52253,-0.154611,England,London Central,0,2,1,1,2023,3,9,3,68,10,1,0,1,8,18,Spring,1,1.0,6.123233995736766e-17,0.9209712877166346,0.3896304495307879,0.4338837391175582,-0.900968867902419,0.9350162426854148,0.3546048870425355,11.1,12.7,10.06666666666667,0.9609023536933132,18.64316416666667,40.6307975,49.94015625,112.26375,0.3822456666666667,14.2,3,1
2023-03-10,3.9,London Marylebone Road,London,Westminster,Greater London,Greater London Urban Area,Urban Traffic,51.52253,-0.154611,England,London Central,0,2,1,1,2023,3,10,4,69,10,1,0,1,8,18,Spring,1,1.0,6.123233995736766e-17,0.9275416835791966,0.373719714790469,-0.433883739117558,-0.9009688679024191,0.9350162426854148,0.3546048870425355,9.9,4.7,8.300000000000002,3.857460304397185,37.70209916666666,9.6977575,31.269375,46.1390625,0.3182146666666667,9.6,4,1
2023-03-11,4.0,London Marylebone Road,London,Westminster,Greater London,Greater London Urban Area,Urban Traffic,51.52253,-0.154611,England,London Central,0,2,1,1,2023,3,11,5,70,10,1,1,0,8,18,Spring,1,1.0,6.123233995736766e-17,0.9338372288229252,0.3576982388331254,-0.9749279121818236,-0.2225209339563146,0.9350162426854148,0.3546048870425355,3.9,5.6,5.933333333333337,3.4355979586286547,29.53636,2.61933,42.26625,46.2825,0.430754,,5,1
2023-03-12,4.1,London Marylebone Road,London,Westminster,Greater London,Greater London Urban Area,Urban Traffic,51.52253,-0.154611,England,London Central,0,2,1,1,2023,3,12,6,71,10,1,1,0,8,18,Spring,1,1.0,6.123233995736766e-17,0.9398560579418954,0.3415707691678556,-0.7818314824680299,0.6234898018587334,0.9350162426854148,0.3546048870425355,4.0,16.6,4.000000000000004,0.1000000000002801,,,,,,,6,1
2023-03-13,4.2,London Marylebone Road,London,Westminster,Greater London,Greater London Urban Area,Urban Traffic,51.52253,-0.154611,England,London Central,0,2,1,1,2023,3,13,0,72,11,1,0,1,8,18,Spring,1,1.0,6.123233995736766e-17,0.9455963874271426,0.3253420847119801,0.0,1.0,0.970941817426052,0.239315664287558,4.1,11.1,4.100000000000004,0.1000000000002777,41.41984636363637,30.95571818181818,41.13613636363636,88.58352272727272,0.590566909090909,,0,1
2023-03-14,4.3,London Marylebone Road,London,Westminster,Greater London,Greater London Urban Area,Urban Traffic,51.52253,-0.154611,England,London Central,0,2,1,1,2023,3,14,1,73,11,1,0,1,8,18,Spring,1,1.0,6.123233995736766e-17,0.9510565162951536,0.3090169943749474,0.7818314824680298,0.6234898018587336,0.970941817426052,0.239315664287558,4.2,9.2,4.200000000000004,0.1000000000002756,40.85364208333333,20.9234575,33.39703125,65.47921875,0.2760124166666666,12.8,1,1
2023-03-15,7.7,London Marylebone Road,London,Westminster,Greater London,Greater London Urban Area,Urban Traffic,51.52253,-0.154611,England,London Central,0,2,1,1,2023,3,15,2,74,11,1,0,1,8,18,Spring,1,1.0,6.123233995736766e-17,0.9562348265919056,0.2926003356333483,0.9749279121818236,-0.2225209339563143,0.970941817426052,0.239315664287558,4.3,11.1,5.400000000000003,1.9924858845171405,14.635133333333334,54.34974173913043,55.65375,139.00548913043477,0.3948578333333333,21.4,2,1
2023-03-16,7.2,London Marylebone Road,London,Westminster,Greater London,Greater London Urban Area,Urban Traffic,51.52253,-0.154611,England,London Central,0,2,1,1,2023,3,16,3,75,11,1,0,1,8,18,Spring,1,1.0,6.123233995736766e-17,0.9611297838723007,0.2760969730974688,0.4338837391175582,-0.900968867902419,0.970941817426052,0.239315664287558,7.7,9.9,6.400000000000003,1.835755975068595,27.01678875,29.79487875,42.43359375,88.07859375,0.3254909166666667,18.6,3,1
2023-03-17,7.9,London Marylebone Road,London,Westminster,Greater London,Greater London Urban Area,Urban Traffic,51.52253,-0.154611,England,London Central,0,2,1,1,2023,3,17,4,76,11,1,0,1,8,18,Spring,1,1.0,6.123233995736766e-17,0.9657399376548548,0.2595117970697999,-0.433883739117558,-0.9009688679024191,0.970941817426052,0.239315664287558,7.2,3.9,7.600000000000004,0.3605551275464586,21.561875416666663,36.29643,46.13109375,101.83265625,0.3153041666666666,15.2,4,1
2023-03-18,6.9,London Marylebone Road,London,Westminster,Greater London,Greater London Urban Area,Urban Traffic,51.52253,-0.154611,England,London Central,0,2,1,1,2023,3,18,5,77,11,1,1,0,8,18,Spring,1,1.0,6.123233995736766e-17,0.9700639218515072,0.2428497220959356,-0.9749279121818236,-0.2225209339563146,0.970941817426052,0.239315664287558,7.9,4.0,7.333333333333338,0.5131601439447313,23.590837083333337,26.90010333333333,46.059375,87.32953125,0.314334,14.5,5,1
2023-03-19,5.5,London Marylebone Road,London,Westminster,Greater London,Greater London Urban Area,Urban Traffic,51.52253,-0.154611,England,London Central,0,2,1,1,2023,3,19,6,78,11,1,1,0,8,18,Spring,1,1.0,6.123233995736766e-17,0.9741004551724204,0.2261156855082882,-0.7818314824680299,0.6234898018587334,0.970941817426052,0.239315664287558,6.9,4.1,6.76666666666667,1.205542754668361,37.51916,16.126549583333333,33.7875,58.49859375,0.24011625,13.8,6,1
2023-03-20,6.4,London Marylebone Road,London,Westminster,Greater London,Greater London Urban Area,Urban Traffic,51.52253,-0.154611,England,London Central,0,2,1,1,2023,3,20,0,79,12,1,0,1,8,18,Spring,1,1.0,6.123233995736766e-17,0.9778483415056568,0.2093146459630484,0.0,1.0,0.992708874098054,0.120536680255323,5.5,4.2,6.26666666666667,0.7094598884597932,30.675572083333336,26.515519166666667,37.49296875,78.1415625,0.2090709166666666,17.1,0,1
2023-03-21,5.7,London Marylebone Road,London,Westminster,Greater London,Greater London Urban Area,Urban Traffic,51.52253,-0.154611,England,London Central,0,2,1,1,2023,3,21,1,80,12,1,0,1,8,18,Spring,1,1.0,6.123233995736766e-17,0.9813064702716092,0.1924515819708299,0.7818314824680298,0.6234898018587336,0.992708874098054,0.120536680255323,6.4,4.3,5.866666666666671,0.4725815626253146,42.38367875,8.000538571428573,21.119464285714287,33.35946428571428,0.12078575,18.0,1,1
2023-03-22,5.9,London Marylebone Road,London,Westminster,Greater London,Greater London Urban Area,Urban Traffic,51.52253,-0.154611,England,London Central,0,2,1,1,2023,3,22,2,81,12,1,0,1,8,18,Spring,1,1.0,6.123233995736766e-17,0.9844738167520922,0.1755314904214282,0.9749279121818236,-0.2225209339563143,0.992708874098054,0.120536680255323,5.7,7.7,6.000000000000004,0.3605551275464682,44.983078,22.900428,35.935875,71.049375,0.2014066,18.2,2,1
2023-03-23,7.9,London Marylebone Road,London,Westminster,Greater London,Greater London Urban Area,Urban Traffic,51.52253,-0.154611,England,London Central,0,2,1,1,2023,3,23,3,82,12,1,0,1,8,18,Spring,1,1.0,6.123233995736766e-17,0.9873494423939864,0.1585593851031347,0.4338837391175582,-0.900968867902419,0.992708874098054,0.120536680255323,5.9,7.2,6.500000000000004,1.216552506059663,47.955007916666666,24.92001458333333,35.3015625,73.52765624999999,0.1692940833333333,23.3,3,1
2023-03-24,7.7,London Marylebone Road,London,Westminster,Greater London,Greater London Urban Area,Urban Traffic,51.52253,-0.154611,England,London Central,0,2,1,1,2023,3,24,4,83,12,1,0,1,8,18,Spring,1,1.0,6.123233995736766e-17,0.989932495087353,0.141540295217043,-0.433883739117558,-0.9009688679024191,0.992708874098054,0.120536680255323,7.9,7.9,7.166666666666671,1.101514109457239,40.91185,25.580044166666667,37.23,76.44421875,0.1605625833333333,18.4,4,1
2023-03-25,7.5,London Marylebone Road,London,Westminster,Greater London,Greater London Urban Area,Urban Traffic,51.52253,-0.154611,England,London Central,0,2,1,1,2023,3,25,5,84,12,1,1,0,8,18,Spring,1,1.0,6.123233995736766e-17,0.9922222094179324,0.1244792638867891,-0.9749279121818236,-0.2225209339563146,0.992708874098054,0.120536680255323,7.7,6.9,7.700000000000003,0.200000000000092,43.63930666666667,19.187631666666665,34.06640625,63.4790625,0.1853018333333333,19.2,5,1
2023-03-26,7.300000000000001,London Marylebone Road,London,Westminster,Greater London,Greater London Urban Area,Urban Traffic,51.52253,-0.154611,England,London Central,0,2,1,1,2023,3,26,6,85,12,1,1,0,8,18,Spring,1,1.0,6.123233995736766e-17,0.994217906893952,0.107381346664163,-0.7818314824680299,0.6234898018587334,0.992708874098054,0.120536680255323,7.5,5.5,7.500000000000004,0.2000000000000955,53.642752916666666,6.085784583333333,19.9378125,29.30109375,0.122241,11.6,6,1
2023-03-27,7.300000000000001,London Marylebone Road,London,Westminster,Greater London,Greater London Urban Area,Urban Traffic,51.52253,-0.154611,England,London Central,0,2,1,1,2023,3,27,0,86,13,1,0,1,8,18,Spring,1,1.0,6.123233995736766e-17,0.995918996147179,0.0902516100310411,0.0,1.0,1.0,-1.6081226496766364e-16,7.300000000000001,6.4,7.366666666666671,0.1154700538380948,49.82597666666666,11.480357083333333,28.105781250000003,45.6928125,0.2202278333333333,12.9,0,1
2023-03-28,6.9,London Marylebone Road,London,Westminster,Greater London,Greater London Urban Area,Urban Traffic,51.52253,-0.154611,England,London Central,0,2,1,1,2023,3,28,1,87,13,1,0,1,8,18,Spring,1,1.0,6.123233995736766e-17,0.9973249731081556,0.0730951298980777,0.7818314824680298,0.6234898018587336,1.0,-1.6081226496766364e-16,7.300000000000001,5.7,7.166666666666671,0.2309401076759387,33.83543041666667,26.380395,38.36953125,78.81890625,0.2410864166666666,15.9,1,1
2023-03-29,8.0,London Marylebone Road,London,Westminster,Greater London,Greater London Urban Area,Urban Traffic,51.52253,-0.154611,England,London Central,0,2,1,1,2023,3,29,2,88,13,1,0,1,8,18,Spring,1,1.0,6.123233995736766e-17,0.9984354211555644,0.0559169901006034,0.9749279121818236,-0.2225209339563143,1.0,-1.6081226496766364e-16,6.9,5.9,7.400000000000003,0.556776436283037,26.34324,22.84118125,30.43265625,65.4075,0.1775405,19.1,2,1
2023-03-30,9.6,London Marylebone Road,London,Westminster,Greater London,Greater London Urban Area,Urban Traffic,51.52253,-0.154611,England,London Central,0,2,1,1,2023,3,30,3,89,13,1,0,1,8,18,Spring,1,1.0,6.123233995736766e-17,0.9992500112396836,0.0387222808921744,0.4338837391175582,-0.900968867902419,1.0,-1.6081226496766364e-16,8.0,7.9,8.16666666666667,1.3576941236277649,,,,,,26.7,3,1
2023-03-31,5.0,London Marylebone Road,London,Westminster,Greater London,Greater London Urban Area,Urban Traffic,51.52253,-0.154611,England,London Central,0,2,1,1,2023,3,31,4,90,13,1,0,1,8,18,Spring,1,1.0,6.123233995736766e-17,0.9997685019798908,0.0215160974362222,-0.433883739117558,-0.9009688679024191,1.0,-1.6081226496766364e-16,9.6,7.7,7.533333333333336,2.3352373184182738,,,,,,10.3,4,1
2023-04-01,2.9,London Marylebone Road,London,Westminster,Greater London,Greater London Urban Area,Urban Traffic,51.52253,-0.154611,England,London Central,0,2,1,1,2023,4,1,5,91,13,2,1,0,8,18,Spring,1,0.8660254037844387,-0.4999999999999998,0.99999073973619,0.0043035382962442,-0.9749279121818236,-0.2225209339563146,1.0,-1.6081226496766364e-16,5.0,7.5,5.833333333333337,3.426854728950935,,,,,,5.6,5,2
2023-04-02,4.8,London Marylebone Road,London,Westminster,Greater London,Greater London Urban Area,Urban Traffic,51.52253,-0.154611,England,London Central,0,2,1,1,2023,4,2,6,92,13,2,1,0,8,18,Spring,1,0.8660254037844387,-0.4999999999999998,0.999916658654738,-0.0129102960750088,-0.7818314824680299,0.6234898018587334,1.0,-1.6081226496766364e-16,2.9,7.300000000000001,4.233333333333337,1.1590225767142772,,,,,,11.9,6,2
2023-04-03,7.7,London Marylebone Road,London,Westminster,Greater London,Greater London Urban Area,Urban Traffic,51.52253,-0.154611,England,London Central,0,2,1,1,2023,4,3,0,93,14,2,0,1,8,18,Spring,1,0.8660254037844387,-0.4999999999999998,0.9995462806873572,-0.0301203048469081,0.0,1.0,0.992708874098054,-0.1205366802553228,4.8,7.300000000000001,5.133333333333336,2.4172987679087985,,,,,,18.1,0,2
2023-04-04,13.5,London Marylebone Road,London,Westminster,Greater London,Greater London Urban Area,Urban Traffic,51.52253,-0.154611,England,London Central,0,2,1,1,2023,4,4,1,94,14,2,0,1,8,18,Spring,1,0.8660254037844387,-0.4999999999999998,0.9988797155850336,-0.0473213883224318,0.7818314824680298,0.6234898018587336,0.992708874098054,-0.1205366802553228,7.7,6.9,8.66666666666667,4.429823171790649,,,,,,26.7,1,2
2023-04-05,15.2,London Marylebone Road,London,Westminster,Greater London,Greater London Urban Area,Urban Traffic,51.52253,-0.154611,England,London Central,0,2,1,1,2023,4,5,2,95,14,2,0,1,8,18,Spring,1,0.8660254037844387,-0.4999999999999998,0.9979171608653922,-0.0645084494493162,0.9749279121818236,-0.2225209339563143,0.992708874098054,-0.1205366802553228,13.5,8.0,12.133333333333338,3.93234450847498,,,,,,27.0,2,2
2023-04-06,5.5,London Marylebone Road,London,Westminster,Greater London,Greater London Urban Area,Urban Traffic,51.52253,-0.154611,England,London Central,0,2,1,1,2023,4,6,3,96,14,2,0,1,8,18,Spring,1,0.8660254037844387,-0.4999999999999998,0.9966589017541702,-0.0816763953304224,0.4338837391175582,-0.900968867902419,0.992708874098054,-0.1205366802553228,15.2,9.6,11.400000000000004,5.179768334587948,,,,,,9.8,3,2
2023-04-07,5.4,London Marylebone Road,London,Westminster,Greater London,Greater London Urban Area,Urban Traffic,51.52253,-0.154611,England,London Central,0,2,1,1,2023,4,7,4,97,14,2,0,1,8,18,Spring,1,0.8660254037844387,-0.4999999999999998,0.9951053111006976,-0.0988201387328714,-0.433883739117558,-0.9009688679024191,0.992708874098054,-0.1205366802553228,5.5,5.0,8.700000000000003,5.629387178015031,51.35089615384615,5.958256153846154,29.01115384615385,38.191153846153846,0.265974923076923,11.7,4,2
2023-04-08,13.6,London Marylebone Road,London,Westminster,Greater London,Greater London Urban Area,Urban Traffic,51.52253,-0.154611,England,London Central,0,2,1,1,2023,4,8,5,98,14,2,1,0,8,18,Spring,1,0.8660254037844387,-0.4999999999999998,0.9932568492674144,-0.1159345995955004,-0.9749279121818236,-0.2225209339563146,0.992708874098054,-0.1205366802553228,5.4,2.9,8.16666666666667,4.705670338361302,36.76245708333334,13.7203,37.84359375,58.88109375,0.3046323333333333,21.1,5,2
2023-04-09,15.4,London Marylebone Road,London,Westminster,Greater London,Greater London Urban Area,Urban Traffic,51.52253,-0.154611,England,London Central,0,2,1,1,2023,4,9,6,99,14,2,1,0,8,18,Spring,1,0.8660254037844387,-0.4999999999999998,0.9911140639934548,-0.1330147065341959,-0.7818314824680299,0.6234898018587334,0.992708874098054,-0.1205366802553228,13.6,4.8,11.466666666666669,5.330415868704181,45.90110000000001,11.4439775,36.0984375,53.645625,0.3114235,21.7,6,2
2023-04-10,4.9,London Marylebone Road,London,Westminster,Greater London,Greater London Urban Area,Urban Traffic,51.52253,-0.154611,England,London Central,0,2,1,1,2023,4,10,0,100,15,2,0,1,8,18,Spring,1,0.8660254037844387,-0.4999999999999998,0.9886775902323404,-0.1500553983446526,0.0,1.0,0.970941817426052,-0.2393156642875575,15.4,7.7,11.300000000000004,5.615158056546584,45.89278458333334,11.916912083333337,32.18578125,50.43421875000001,0.2430267499999999,10.8,0,2
2023-04-11,5.0,London Marylebone Road,London,Westminster,Greater London,Greater London Urban Area,Urban Traffic,51.52253,-0.154611,England,London Central,0,2,1,1,2023,4,11,1,101,15,2,0,1,8,18,Spring,1,0.8660254037844387,-0.4999999999999998,0.9859481499638304,-0.1670516255021192,0.7818314824680298,0.6234898018587336,0.970941817426052,-0.2393156642875575,4.9,13.5,8.433333333333337,6.0335174925853465,41.38582875,23.490816666666664,40.60875,76.6115625,0.2832886666666667,16.3,1,2
2023-04-12,5.2,London Marylebone Road,London,Westminster,Greater London,Greater London Urban Area,Urban Traffic,51.52253,-0.154611,England,London Central,0,2,1,1,2023,4,12,2,102,15,2,0,1,8,18,Spring,1,0.8660254037844387,-0.4999999999999998,0.9829265519799822,-0.18399835165768,0.9749279121818236,-0.2225209339563143,0.970941817426052,-0.2393156642875575,5.0,15.2,5.033333333333336,0.1527525231653719,46.28288608695652,20.71060304347826,40.98570652173913,72.72489130434782,0.2885191304347826,16.3,2,2
2023-04-13,5.4,London Marylebone Road,London,Westminster,Greater London,Greater London Urban Area,Urban Traffic,51.52253,-0.154611,England,London Central,0,2,1,1,2023,4,13,3,103,15,2,0,1,8,18,Spring,1,0.8660254037844387,-0.4999999999999998,0.97961369164549,-0.200890555130635,0.4338837391175582,-0.900968867902419,0.970941817426052,-0.2393156642875575,5.2,5.5,5.200000000000003,0.2000000000001336,39.14898166666666,25.502087916666667,47.685,86.74781250000001,0.31287875,17.1,3,2
2023-04-14,5.0,London Marylebone Road,London,Westminster,Greater London,Greater London Urban Area,Urban Traffic,51.52253,-0.154611,England,London Central,0,2,1,1,2023,4,14,4,104,15,2,0,1,8,18,Spring,1,0.8660254037844387,-0.4999999999999998,0.9760105506323684,-0.2177232303965317,-0.433883739117558,-0.9009688679024191,0.970941817426052,-0.2393156642875575,5.4,5.4,5.200000000000003,0.2000000000001336,37.41105958333333,17.467397083333335,40.77609375,67.58296875,0.2828035833333333,13.3,4,2
2023-04-15,8.7,London Marylebone Road,London,Westminster,Greater London,Greater London Urban Area,Urban Traffic,51.52253,-0.154611,England,London Central,0,2,1,1,2023,4,15,5,105,15,2,1,0,8,18,Spring,1,0.8660254037844387,-0.4999999999999998,0.9721181966290612,-0.2344913895704098,-0.9749279121818236,-0.2225209339563146,0.970941817426052,-0.2393156642875575,5.0,13.6,6.36666666666667,2.030599254735749,48.894650000000006,7.946340416666666,30.59203125,42.808125,0.2498179166666666,12.9,5,2
2023-04-16,8.6,London Marylebone Road,London,Westminster,Greater London,Greater London Urban Area,Urban Traffic,51.52253,-0.154611,England,London Central,0,2,1,1,2023,4,16,6,106,15,2,1,0,8,18,Spring,1,0.8660254037844387,-0.4999999999999998,0.9679377830240642,-0.2511900638848193,-0.7818314824680299,0.6234898018587334,0.970941817426052,-0.2393156642875575,8.7,15.4,7.4333333333333345,2.107921567168327,39.598014166666665,14.531045,44.64890625,66.9375,0.3070577499999999,14.6,6,2
2023-04-17,13.9,London Marylebone Road,London,Westminster,Greater London,Greater London Urban Area,Urban Traffic,51.52253,-0.154611,England,London Central,0,2,1,1,2023,4,17,0,107,16,2,0,1,8,18,Spring,1,0.8660254037844387,-0.4999999999999998,0.9634705485641488,-0.2678143051621742,0.0,1.0,0.9350162426854148,-0.3546048870425354,8.6,4.9,10.400000000000002,3.0315012782448285,38.89120375,15.752359583333332,39.21421875,63.38343750000001,0.2624300833333333,24.3,0,2
2023-04-18,15.5,London Marylebone Road,London,Westminster,Greater London,Greater London Urban Area,Urban Traffic,51.52253,-0.154611,England,London Central,0,2,1,1,2023,4,18,1,108,16,2,0,1,8,18,Spring,1,0.8660254037844387,-0.4999999999999998,0.9587178169872964,-0.2843591872810034,0.7818314824680298,0.6234898018587336,0.9350162426854148,-0.3546048870425354,13.9,5.0,12.66666666666667,3.6115555282084952,59.84605375,3.903009583333333,21.06140625,27.02203125,0.22265325,23.6,1,2
2023-04-19,13.1,London Marylebone Road,London,Westminster,Greater London,Greater London Urban Area,Urban Traffic,51.52253,-0.154611,England,London Central,0,2,1,1,2023,4,19,2,109,16,2,0,1,8,18,Spring,1,0.8660254037844387,-0.4999999999999998,0.9536809966304456,-0.3008198076356673,0.9749279121818236,-0.2225209339563143,0.9350162426854148,-0.3546048870425354,15.5,5.2,14.16666666666667,1.222020185321555,53.50970625,10.789145,27.91453125,44.45765625000001,0.2105261666666666,21.6,2,2
2023-04-20,7.5,London Marylebone Road,London,Westminster,Greater London,Greater London Urban Area,Urban Traffic,51.52253,-0.154611,England,London Central,0,2,1,1,2023,4,20,3,110,16,2,0,1,8,18,Spring,1,0.8660254037844387,-0.4999999999999998,0.9483615800121716,-0.3171912885891061,0.4338837391175582,-0.900968867902419,0.9350162426854148,-0.3546048870425354,13.1,5.4,12.033333333333337,4.105281151557509,67.92032333333334,2.8220162500000003,21.324375,25.65140625,0.1610476666666666,16.3,3,2
2023-04-21,16.3,London Marylebone Road,London,Westminster,Greater London,Greater London Urban Area,Urban Traffic,51.52253,-0.154611,England,London Central,0,2,1,1,2023,4,21,4,111,16,2,0,1,8,18,Spring,1,0.8660254037844387,-0.4999999999999998,0.9427611433904208,-0.3334687789181868,-0.433883739117558,-0.9009688679024191,0.9350162426854148,-0.3546048870425354,7.5,5.0,12.300000000000002,4.45421149026402,39.47328291666667,20.6116325,45.44578125,77.07375,0.1983990833333333,25.0,4,2
2023-04-22,22.6,London Marylebone Road,London,Westminster,Greater London,Greater London Urban Area,Urban Traffic,51.52253,-0.154611,England,London Central,0,2,1,1,2023,4,22,5,112,16,2,1,0,8,18,Spring,1,0.8660254037844387,-0.4999999999999998,0.9368813462954316,-0.3496474552512284,-0.9749279121818236,-0.2225209339563146,0.9350162426854148,-0.3546048870425354,16.3,8.7,15.466666666666669,7.584413842435903,26.434709583333333,47.55850958333334,64.01296875,136.94296875,0.4011639166666667,32.6,5,2
2023-04-23,6.7,London Marylebone Road,London,Westminster,Greater London,Greater London Urban Area,Urban Traffic,51.52253,-0.154611,England,London Central,0,2,1,1,2023,4,23,6,113,16,2,1,0,8,18,Spring,1,0.8660254037844387,-0.4999999999999998,0.9307239310379796,-0.3657225234972689,-0.7818314824680299,0.6234898018587334,0.9350162426854148,-0.3546048870425354,22.6,8.6,15.200000000000005,8.006872048434394,49.08590458333333,11.199714583333334,36.8315625,54.05203125,0.1435846666666666,11.8,6,2
2023-04-24,8.8,London Marylebone Road,London,Westminster,Greater London,Greater London Urban Area,Urban Traffic,51.52253,-0.154611,England,London Central,0,2,1,1,2023,4,24,0,114,17,2,0,1,8,18,Spring,1,0.8660254037844387,-0.4999999999999998,0.9242907221930934,-0.3816892202666588,0.0,1.0,0.8854560256532099,-0.4647231720437685,6.7,13.9,12.700000000000005,8.637708029332781,44.978088750000005,9.9472175,31.21359375,46.47375,0.1785106666666666,14.6,0,2
2023-04-25,6.2,London Marylebone Road,London,Westminster,Greater London,Greater London Urban Area,Urban Traffic,51.52253,-0.154611,England,London Central,0,2,1,1,2023,4,25,1,115,17,2,0,1,8,18,Spring,1,0.8660254037844387,-0.4999999999999998,0.9175836260593936,-0.3975428142825559,0.7818314824680298,0.6234898018587336,0.8854560256532099,-0.4647231720437685,8.8,15.5,7.233333333333335,1.379613472438339,56.01264666666667,7.909960833333333,29.1178125,41.2621875,0.3676931666666667,15.7,1,2
2023-04-26,9.6,London Marylebone Road,London,Westminster,Greater London,Greater London Urban Area,Urban Traffic,51.52253,-0.154611,England,London Central,0,2,1,1,2023,4,26,2,116,17,2,0,1,8,18,Spring,1,0.8660254037844387,-0.4999999999999998,0.9106046300942164,-0.4132786077829042,0.9749279121818236,-0.2225209339563143,0.8854560256532099,-0.4647231720437685,6.2,13.1,8.200000000000003,1.7776388834631265,41.410775,24.046904583333333,53.2153125,90.05484374999999,0.4414258333333333,22.8,2,2
2023-04-27,18.3,London Marylebone Road,London,Westminster,Greater London,Greater London Urban Area,Urban Traffic,51.52253,-0.154611,England,London Central,0,2,1,1,2023,4,27,3,117,17,2,0,1,8,18,Spring,1,0.8660254037844387,-0.4999999999999998,0.9033558023246844,-0.4288919379124835,0.4338837391175582,-0.900968867902419,0.8854560256532099,-0.4647231720437685,9.6,7.5,11.366666666666667,6.240459384799595,34.03500041666667,26.125737916666665,55.940625,95.9915625,0.3861263333333333,29.3,3,2
2023-04-28,7.2,London Marylebone Road,London,Westminster,Greater London,Greater London Urban Area,Urban Traffic,51.52253,-0.154611,England,London Central,0,2,1,1,2023,4,28,4,118,17,2,0,1,8,18,Spring,1,0.8660254037844387,-0.4999999999999998,0.895839290734909,-0.4443781781046132,-0.433883739117558,-0.9009688679024191,0.8854560256532099,-0.4647231720437685,18.3,16.3,11.700000000000005,5.840376700179536,23.366320833333333,30.92264583333333,39.40546875,86.8275,0.1809360833333333,12.0,4,2
2023-04-29,11.5,London Marylebone Road,London,Westminster,Greater London,Greater London Urban Area,Urban Traffic,51.52253,-0.154611,England,London Central,0,2,1,1,2023,4,29,5,119,17,2,1,0,8,18,Spring,1,0.8660254037844387,-0.4999999999999998,0.8880573226294932,-0.4597327394521039,-0.9749279121818236,-0.2225209339563146,0.8854560256532099,-0.4647231720437685,7.2,22.6,12.333333333333336,5.596725232967341,34.642025833333335,17.545353333333335,54.1715625,81.058125,0.2454521666666666,19.9,5,2
2023-04-30,14.8,London Marylebone Road,London,Westminster,Greater London,Greater London Urban Area,Urban Traffic,51.52253,-0.154611,England,London Central,0,2,1,1,2023,4,30,6,120,17,2,1,0,8,18,Spring,1,0.8660254037844387,-0.4999999999999998,0.8800122039735357,-0.4749510720670499,-0.7818314824680299,0.6234898018587334,0.8854560256532099,-0.4647231720437685,11.5,6.7,11.16666666666667,3.8109491381194447,45.32733625,16.027805,45.52546875,70.10109375,0.2527284166666667,24.6,6,2
2023-05-01,5.3,London Marylebone Road,London,Westminster,Greater London,Greater London Urban Area,Urban Traffic,51.52253,-0.154611,England,London Central,0,2,1,1,2023,5,1,0,121,18,2,0,1,8,18,Spring,1,0.4999999999999999,-0.8660254037844387,0.8717063187093219,-0.4900286664290592,0.0,1.0,0.8229838658936565,-0.5680647467311557,14.8,8.8,10.533333333333337,4.82320778459039,49.80103041666666,6.262485416666667,27.29296875,36.90328125,0.1241813333333333,10.3,0,2
2023-05-02,6.0,London Marylebone Road,London,Westminster,Greater London,Greater London Urban Area,Urban Traffic,51.52253,-0.154611,England,London Central,0,2,1,1,2023,5,2,1,122,18,2,0,1,8,18,Spring,1,0.4999999999999999,-0.8660254037844387,0.8631421280499114,-0.5049610547215204,0.7818314824680298,0.6234898018587336,0.8229838658936565,-0.5680647467311557,5.3,6.2,8.700000000000003,5.29433659677962,41.37751333333333,19.047310416666665,41.7084375,70.92984375,0.1911228333333333,17.0,1,2
2023-05-03,9.0,London Marylebone Road,London,Westminster,Greater London,Greater London Urban Area,Urban Traffic,51.52253,-0.154611,England,London Central,0,2,1,1,2023,5,3,2,123,18,2,0,1,8,18,Spring,1,0.4999999999999999,-0.8660254037844387,0.854322169749827,-0.5197438121555155,0.9749279121818236,-0.2225209339563143,0.8229838658936565,-0.5680647467311557,6.0,9.6,6.766666666666669,1.9655363983740792,45.82626125,18.964157083333333,47.3025,76.404375,0.227019,22.7,2,2
2023-05-04,14.4,London Marylebone Road,London,Westminster,Greater London,Greater London Urban Area,Urban Traffic,51.52253,-0.154611,England,London Central,0,2,1,1,2023,5,4,3,124,18,2,0,1,8,18,Spring,1,0.4999999999999999,-0.8660254037844387,0.8452490573530633,-0.5343725582809786,0.4338837391175582,-0.900968867902419,0.8229838658936565,-0.5680647467311557,9.0,18.3,9.800000000000002,4.256759330758554,36.1720625,21.729005416666663,51.02390625,84.33328125,0.2420565833333333,27.7,3,2
2023-05-05,7.0,London Marylebone Road,London,Westminster,Greater London,Greater London Urban Area,Urban Traffic,51.52253,-0.154611,England,London Central,0,2,1,1,2023,5,5,4,125,18,2,0,1,8,18,Spring,1,0.4999999999999999,-0.8660254037844387,0.8359254794186372,-0.548842958284719,-0.433883739117558,-0.9009688679024191,0.8229838658936565,-0.5680647467311557,14.4,7.2,10.133333333333336,3.827967258654826,30.45105583333333,39.46665083333333,53.84484375,114.37546875,0.2187725833333333,17.3,4,2
2023-05-06,6.6,London Marylebone Road,London,Westminster,Greater London,Greater London Urban Area,Urban Traffic,51.52253,-0.154611,England,London Central,0,2,1,1,2023,5,6,5,126,18,2,1,0,8,18,Spring,1,0.4999999999999999,-0.8660254037844387,0.8263541987239096,-0.5631507242749186,-0.9749279121818236,-0.2225209339563146,0.8229838658936565,-0.5680647467311557,7.0,11.5,9.333333333333336,4.392417709341104,25.154135416666666,20.8610925,42.68859375,74.69109375000001,0.19936925,15.0,5,2
2023-05-07,6.9,London Marylebone Road,London,Westminster,Greater London,Greater London Urban Area,Urban Traffic,51.52253,-0.154611,England,London Central,0,2,1,1,2023,5,7,6,127,18,2,1,0,8,18,Spring,1,0.4999999999999999,-0.8660254037844387,0.8165380514459161,-0.5772916165517272,-0.7818314824680299,0.6234898018587334,0.8229838658936565,-0.5680647467311557,6.6,14.8,6.833333333333336,0.2081665999466875,25.80273791666667,17.748039583333334,36.71203125,63.9253125,0.209556,12.6,6,2
2023-05-08,6.3,London Marylebone Road,London,Westminster,Greater London,Greater London Urban Area,Urban Traffic,51.52253,-0.154611,England,London Central,0,2,1,1,2023,5,8,0,128,19,2,0,1,8,18,Spring,1,0.4999999999999999,-0.8660254037844387,0.8064799463209448,-0.5912614448635781,0.0,1.0,0.7485107481711013,-0.663122658240795,6.9,5.3,6.600000000000002,0.3000000000000544,26.601017916666667,18.236565416666668,33.66796875,61.60640625,0.2042200833333333,11.2,0,2
2023-05-09,5.6,London Marylebone Road,London,Westminster,Greater London,Greater London Urban Area,Urban Traffic,51.52253,-0.154611,England,London Central,0,2,1,1,2023,5,9,1,129,19,2,0,1,8,18,Spring,1,0.4999999999999999,-0.8660254037844387,0.7961828637826158,-0.6050560696488488,0.7818314824680298,0.6234898018587336,0.7485107481711013,-0.663122658240795,6.3,6.0,6.266666666666669,0.6506407098647979,19.23355875,30.57963833333333,47.1590625,94.03125,0.1785106666666666,11.6,1,2
2023-05-10,6.8,London Marylebone Road,London,Westminster,Greater London,Greater London Urban Area,Urban Traffic,51.52253,-0.154611,England,London Central,0,2,1,1,2023,5,10,2,130,19,2,0,1,8,18,Spring,1,0.4999999999999999,-0.8660254037844387,0.7856498550787147,-0.6186714032625031,0.9749279121818236,-0.2225209339563143,0.7485107481711013,-0.663122658240795,5.6,9.0,6.233333333333335,0.6027713773341995,17.29317434782609,32.212878260869566,51.55434782608695,100.98,0.2237288695652173,15.9,2,2
2023-05-11,6.7,London Marylebone Road,London,Westminster,Greater London,Greater London Urban Area,Urban Traffic,51.52253,-0.154611,England,London Central,0,2,1,1,2023,5,11,3,131,19,2,0,1,8,18,Spring,1,0.4999999999999999,-0.8660254037844387,0.7748840413670407,-0.6321034111873487,0.4338837391175582,-0.900968867902419,0.7485107481711013,-0.663122658240795,6.8,14.4,6.366666666666668,0.6658328118479646,22.260370416666664,23.210626086956523,47.6295652173913,83.24364130434783,0.2207129166666666,15.7,3,2
2023-05-12,6.9,London Marylebone Road,London,Westminster,Greater London,Greater London Urban Area,Urban Traffic,51.52253,-0.154611,England,London Central,0,2,1,1,2023,5,12,4,132,19,2,0,1,8,18,Spring,1,0.4999999999999999,-0.8660254037844387,0.7638886127905428,-0.6453481132295501,-0.433883739117558,-0.9009688679024191,0.7485107481711013,-0.663122658240795,6.7,7.0,6.800000000000003,0.1000000000001521,45.66826833333334,4.292790833333333,18.4396875,25.01390625,0.0693669166666666,12.4,4,2
2023-05-13,8.5,London Marylebone Road,London,Westminster,Greater London,Greater London Urban Area,Urban Traffic,51.52253,-0.154611,England,London Central,0,2,1,1,2023,5,13,5,133,19,2,1,0,8,18,Spring,1,0.4999999999999999,-0.8660254037844387,0.7526668275320084,-0.6584015846980488,-0.9749279121818236,-0.2225209339563146,0.7485107481711013,-0.663122658240795,6.9,6.6,7.36666666666667,0.9865765724632624,61.4176675,2.9727316666666668,15.62671875,20.1928125,0.0921658333333333,14.8,5,2
2023-05-14,8.9,London Marylebone Road,London,Westminster,Greater London,Greater London Urban Area,Urban Traffic,51.52253,-0.154611,England,London Central,0,2,1,1,2023,5,14,6,134,19,2,1,0,8,18,Spring,1,0.4999999999999999,-0.8660254037844387,0.741222010848596,-0.6712599575675313,-0.7818314824680299,0.6234898018587334,0.7485107481711013,-0.663122658240795,8.5,6.9,8.100000000000003,1.0583005244258452,51.39759041666667,7.847595833333333,30.86296875,42.8878125,0.1377636666666666,14.1,6,2
2023-05-15,4.7,London Marylebone Road,London,Westminster,Greater London,Greater London Urban Area,Urban Traffic,51.52253,-0.154611,England,London Central,0,2,1,1,2023,5,15,0,135,20,2,0,1,8,18,Spring,1,0.4999999999999999,-0.8660254037844387,0.7295575540864875,-0.6839194216246106,0.0,1.0,0.6631226582407952,-0.7485107481711012,8.9,6.3,7.36666666666667,2.3180451534285003,47.46439833333333,5.732382916666666,22.41609375,31.24546875,0.1096288333333333,10.2,0,2
2023-05-16,7.0,London Marylebone Road,London,Westminster,Greater London,Greater London Urban Area,Urban Traffic,51.52253,-0.154611,England,London Central,0,2,1,1,2023,5,16,1,136,20,2,0,1,8,18,Spring,1,0.4999999999999999,-0.8660254037844387,0.717676913675962,-0.6963762255968722,0.7818314824680298,0.6234898018587336,0.6631226582407952,-0.7485107481711012,4.7,5.6,6.86666666666667,2.1031722072463217,39.373497916666665,9.359947083333331,32.44875,46.7925,0.151346,16.5,1,2
2023-05-17,8.0,London Marylebone Road,London,Westminster,Greater London,Greater London Urban Area,Urban Traffic,51.52253,-0.154611,England,London Central,0,2,1,1,2023,5,17,2,137,20,2,0,1,8,18,Spring,1,0.4999999999999999,-0.8660254037844387,0.705583610107178,-0.7086266782644596,0.9749279121818236,-0.2225209339563143,0.6631226582407952,-0.7485107481711012,7.0,6.8,6.566666666666669,1.692138686199617,37.53579083333333,13.356504166666667,42.0909375,62.57859375,0.1600775,19.3,2,2
2023-05-18,8.0,London Marylebone Road,London,Westminster,Greater London,Greater London Urban Area,Urban Traffic,51.52253,-0.154611,England,London Central,0,2,1,1,2023,5,18,3,138,20,2,0,1,8,18,Spring,1,0.4999999999999999,-0.8660254037844387,0.6932812268869777,-0.7206671495538609,0.4338837391175582,-0.900968867902419,0.6631226582407952,-0.7485107481711012,8.0,6.7,7.666666666666669,0.5773502691896445,35.390413333333335,24.259985,49.47796875,86.7159375,0.1911228333333333,19.6,3,2
2023-05-19,8.6,London Marylebone Road,London,Westminster,Greater London,Greater London Urban Area,Urban Traffic,51.52253,-0.154611,England,London Central,0,2,1,1,2023,5,19,4,139,20,2,0,1,8,18,Spring,1,0.4999999999999999,-0.8660254037844387,0.6807734094770161,-0.7324940716135789,-0.433883739117558,-0.9009688679024191,0.6631226582407952,-0.7485107481711012,8.0,6.9,8.200000000000003,0.3464101615137984,45.019665833333335,12.20794875,38.8715625,57.598125,0.1484355,18.0,4,2
2023-05-20,7.0,London Marylebone Road,London,Westminster,Greater London,Greater London Urban Area,Urban Traffic,51.52253,-0.154611,England,London Central,0,2,1,1,2023,5,20,5,140,20,2,1,0,8,18,Spring,1,0.4999999999999999,-0.8660254037844387,0.6680638642135335,-0.7441039398713607,-0.9749279121818236,-0.2225209339563146,0.6631226582407952,-0.7485107481711012,8.6,8.5,7.86666666666667,0.8082903768654878,64.23659375,2.0840304166666668,16.224375,19.43578125,0.1125393333333333,13.1,5,2
2023-05-21,6.2,London Marylebone Road,London,Westminster,Greater London,Greater London Urban Area,Urban Traffic,51.52253,-0.154611,England,London Central,0,2,1,1,2023,5,21,6,141,20,2,1,0,8,18,Spring,1,0.4999999999999999,-0.8660254037844387,0.6551563572090853,-0.7554933140726803,-0.7818314824680299,0.6234898018587334,0.6631226582407952,-0.7485107481711012,7.0,8.9,7.266666666666669,1.222020185321567,65.97451583333333,1.85535875,13.20421875,16.057031249999998,0.1101139166666666,11.7,6,2
2023-05-22,7.1,London Marylebone Road,London,Westminster,Greater London,Greater London Urban Area,Urban Traffic,51.52253,-0.154611,England,London Central,0,2,1,1,2023,5,22,0,142,21,2,0,1,8,18,Spring,1,0.4999999999999999,-0.8660254037844387,0.6420547132365637,-0.766658819300159,0.0,1.0,0.5680647467311558,-0.8229838658936564,6.2,4.7,6.766666666666669,0.4932882862316533,59.73795333333334,5.644032500000001,21.0375,29.6915625,0.1285470833333333,12.9,0,2
2023-05-23,6.4,London Marylebone Road,London,Westminster,Greater London,Greater London Urban Area,Urban Traffic,51.52253,-0.154611,England,London Central,0,2,1,1,2023,5,23,1,143,21,2,0,1,8,18,Spring,1,0.4999999999999999,-0.8660254037844387,0.6287628145958344,-0.777597146973627,0.7818314824680298,0.6234898018587336,0.5680647467311558,-0.8229838658936564,7.1,7.0,6.566666666666669,0.4725815626252923,42.38367875,21.14986956521739,36.3375,68.74190217391305,0.1692940833333333,15.1,1,2
2023-05-24,9.4,London Marylebone Road,London,Westminster,Greater London,Greater London Urban Area,Urban Traffic,51.52253,-0.154611,England,London Central,0,2,1,1,2023,5,24,2,144,21,2,0,1,8,18,Spring,1,0.4999999999999999,-0.8660254037844387,0.6152845999633276,-0.7883050558305255,0.9749279121818236,-0.2225209339563143,0.5680647467311558,-0.8229838658936564,6.4,8.0,7.633333333333336,1.5695009822658144,47.33135166666667,9.365144166666669,32.16984375,46.52953125,0.1654134166666666,20.4,2,2
2023-05-25,8.6,London Marylebone Road,London,Westminster,Greater London,Greater London Urban Area,Urban Traffic,51.52253,-0.154611,England,London Central,0,2,1,1,2023,5,25,3,145,21,2,0,1,8,18,Spring,1,0.4999999999999999,-0.8660254037844387,0.6016240632249226,-0.7987793728863649,0.4338837391175582,-0.900968867902419,0.5680647467311558,-0.8229838658936564,9.4,8.0,8.133333333333335,1.553490693030812,48.395725,6.527536666666666,27.308906250000003,37.349531250000005,0.1392189166666666,17.6,3,2
2023-05-26,9.4,London Marylebone Road,London,Westminster,Greater London,Greater London Urban Area,Urban Traffic,51.52253,-0.154611,England,London Central,0,2,1,1,2023,5,26,4,146,21,2,0,1,8,18,Spring,1,0.4999999999999999,-0.8660254037844387,0.5877852522924732,-0.8090169943749473,-0.433883739117558,-0.9009688679024191,0.5680647467311558,-0.8229838658936564,8.6,8.6,9.133333333333336,0.4618802153517132,50.95687333333333,11.77885043478261,29.003478260869567,47.0475,0.1537714166666666,26.0,4,2
2023-05-27,8.7,London Marylebone Road,London,Westminster,Greater London,Greater London Urban Area,Urban Traffic,51.52253,-0.154611,England,London Central,0,2,1,1,2023,5,27,5,147,21,2,1,0,8,18,Spring,1,0.4999999999999999,-0.8660254037844387,0.5737722679043246,-0.8190148866680801,-0.9749279121818236,-0.2225209339563146,0.5680647467311558,-0.8229838658936564,9.4,7.0,8.900000000000002,0.4358898943540827,48.0464775,8.866224166666667,31.492500000000003,45.0871875,0.1823913333333333,22.0,5,2
2023-05-28,7.1,London Marylebone Road,London,Westminster,Greater London,Greater London Urban Area,Urban Traffic,51.52253,-0.154611,England,London Central,0,2,1,1,2023,5,28,6,148,21,2,1,0,8,18,Spring,1,0.4999999999999999,-0.8660254037844387,0.5595892624101765,-0.8287700871745038,-0.7818314824680299,0.6234898018587334,0.5680647467311558,-0.8229838658936564,8.7,6.2,8.400000000000004,1.178982612255167,57.575945,2.4738116666666667,17.427656250000002,21.18890625,0.157167,13.6,6,2
2023-05-29,5.4,London Marylebone Road,London,Westminster,Greater London,Greater London Urban Area,Urban Traffic,51.52253,-0.154611,England,London Central,0,2,1,1,2023,5,29,0,149,22,2,0,1,8,18,Spring,1,0.4999999999999999,-0.8660254037844387,0.545240438540651,-0.8382797052177744,0.0,1.0,0.464723172043769,-0.8854560256532096,7.1,7.1,7.066666666666669,1.6502525059315494,61.40103666666667,2.0008770833333336,12.08859375,15.140625,0.1261216666666666,15.3,0,2
2023-05-30,4.8,London Marylebone Road,London,Westminster,Greater London,Greater London Urban Area,Urban Traffic,51.52253,-0.154611,England,London Central,0,2,1,1,2023,5,30,1,150,22,2,0,1,8,18,Spring,1,0.4999999999999999,-0.8660254037844387,0.5307300481619334,-0.8475409228928311,0.7818314824680298,0.6234898018587336,0.464723172043769,-0.8854560256532096,5.4,6.4,5.766666666666669,1.193035344544901,59.59659125,2.74406,13.738124999999998,17.92171875,0.128062,13.1,1,2
2023-05-31,4.6,London Marylebone Road,London,Westminster,Greater London,Greater London Urban Area,Urban Traffic,51.52253,-0.154611,England,London Central,0,2,1,1,2023,5,31,2,151,22,2,0,1,8,18,Spring,1,0.4999999999999999,-0.8660254037844387,0.5160623910158528,-0.8565509959010036,0.9749279121818236,-0.2225209339563143,0.464723172043769,-0.8854560256532096,4.8,9.4,4.933333333333336,0.4163331998932791,50.923611666666666,3.0143083333333336,14.375625,18.9975,0.1227260833333333,9.0,2,2
2023-06-01,5.8,London Marylebone Road,London,Westminster,Greater London,Greater London Urban Area,Urban Traffic,51.52253,-0.154611,England,London Central,0,2,1,1,2023,6,1,3,152,22,2,0,1,8,18,Summer,2,1.2246467991473532e-16,-1.0,0.5012418134457758,-0.865307254363206,0.4338837391175582,-0.900968867902419,0.464723172043769,-0.8854560256532096,4.6,8.6,5.066666666666669,0.6429100507328963,59.67143000000001,4.147272500000001,16.50328125,22.86234375,0.1324277499999999,11.2,3,2
2023-06-02,5.6,London Marylebone Road,London,Westminster,Greater London,Greater London Urban Area,Urban Traffic,51.52253,-0.154611,England,London Central,0,2,1,1,2023,6,2,4,153,22,2,0,1,8,18,Summer,2,1.2246467991473532e-16,-1.0,0.48627270710869,-0.8738071036110808,-0.433883739117558,-0.9009688679024191,0.464723172043769,-0.8854560256532096,5.8,9.4,5.333333333333336,0.6429100507328942,64.13680875,3.28975375,14.39953125,19.411875,0.14115925,16.6,4,2
2023-06-03,6.5,London Marylebone Road,London,Westminster,Greater London,Greater London Urban Area,Urban Traffic,51.52253,-0.154611,England,London Central,0,2,1,1,2023,6,3,5,154,22,2,1,0,8,18,Summer,2,1.2246467991473532e-16,-1.0,0.4711595076738638,-0.8820480249558537,-0.9749279121818236,-0.2225209339563146,0.464723172043769,-0.8854560256532096,5.6,8.7,5.966666666666669,0.4725815626252959,55.28920541666667,3.72630875,18.4715625,24.20109375,0.1489205833333333,16.1,5,2
2023-06-04,5.8,London Marylebone Road,London,Westminster,Greater London,Greater London Urban Area,Urban Traffic,51.52253,-0.154611,England,London Central,0,2,1,1,2023,6,4,6,155,22,2,1,0,8,18,Summer,2,1.2246467991473532e-16,-1.0,0.4559066935084588,-0.8900275764346767,-0.7818314824680299,0.6234898018587334,0.464723172043769,-0.8854560256532096,6.5,7.1,5.966666666666669,0.4725815626252959,52.129347083333336,4.869667083333334,19.80234375,27.285,0.1625029166666666,12.6,6,2
2023-06-05,5.1,London Marylebone Road,London,Westminster,Greater London,Greater London Urban Area,Urban Traffic,51.52253,-0.154611,England,London Central,0,2,1,1,2023,6,5,0,156,23,2,0,1,8,18,Summer,2,1.2246467991473532e-16,-1.0,0.440518784350495,-0.8977433935342337,0.0,1.0,0.3546048870425358,-0.9350162426854148,5.8,5.4,5.800000000000002,0.7000000000000246,56.2288475,3.7782795833333336,16.017187500000002,21.82640625,0.133883,10.2,0,2
2023-06-06,4.9,London Marylebone Road,London,Westminster,Greater London,Greater London Urban Area,Urban Traffic,51.52253,-0.154611,England,London Central,0,2,1,1,2023,6,6,1,157,23,2,0,1,8,18,Summer,2,1.2246467991473532e-16,-1.0,0.4250003399695541,-0.9051931898913974,0.7818314824680298,0.6234898018587336,0.3546048870425358,-0.9350162426854148,5.1,4.8,5.266666666666669,0.4725815626253014,59.05608916666667,3.22738875,14.758125,19.69875,0.1392189166666666,10.3,1,2
2023-06-07,7.8,London Marylebone Road,London,Westminster,Greater London,Greater London Urban Area,Urban Traffic,51.52253,-0.154611,England,London Central,0,2,1,1,2023,6,7,2,158,23,2,0,1,8,18,Summer,2,1.2246467991473532e-16,-1.0,0.4093559588156213,-0.9123747579707272,0.9749279121818236,-0.2225209339563143,0.3546048870425358,-0.9350162426854148,4.9,4.6,5.933333333333335,1.6196707484341892,53.46740608695652,10.999998095238094,29.470714285714287,46.32803571428572,0.17899575,18.5,2,2
2023-06-08,7.1,London Marylebone Road,London,Westminster,Greater London,Greater London Urban Area,Urban Traffic,51.52253,-0.154611,England,London Central,0,2,1,1,2023,6,8,3,159,23,2,0,1,8,18,Summer,2,1.2246467991473532e-16,-1.0,0.3935902766564667,-0.9192859697186104,0.4338837391175582,-0.900968867902419,0.3546048870425358,-0.9350162426854148,7.8,5.8,6.600000000000002,1.513274595042165,56.03759291666666,8.68432625,24.4321875,37.73203125,0.1809360833333333,16.7,3,2
2023-06-09,10.3,London Marylebone Road,London,Westminster,Greater London,Greater London Urban Area,Urban Traffic,51.52253,-0.154611,England,London Central,0,2,1,1,2023,6,9,4,160,23,2,0,1,8,18,Summer,2,1.2246467991473532e-16,-1.0,0.3777079652039649,-0.9259247771938498,-0.433883739117558,-0.9009688679024191,0.3546048870425358,-0.9350162426854148,7.1,5.6,8.400000000000002,1.6822603841260784,60.5196025,10.830721666666667,32.8471875,49.47,0.1959736666666666,23.6,4,2
2023-06-10,15.3,London Marylebone Road,London,Westminster,Greater London,Greater London Urban Area,Urban Traffic,51.52253,-0.154611,England,London Central,0,2,1,1,2023,6,10,5,161,23,2,1,0,8,18,Summer,2,1.2246467991473532e-16,-1.0,0.3617137307297676,-0.9322892131745132,-0.9749279121818236,-0.2225209339563146,0.3546048870425358,-0.9350162426854148,10.3,6.5,10.9,4.132795663954366,71.46269083333333,7.707274583333334,42.21046875,54.03609375,0.2536985833333333,26.8,5,2
2023-06-11,19.0,London Marylebone Road,London,Westminster,Greater London,Greater London Urban Area,Urban Traffic,51.52253,-0.154611,England,London Central,0,2,1,1,2023,6,11,6,162,23,2,1,0,8,18,Summer,2,1.2246467991473532e-16,-1.0,0.3456123126707335,-0.938377391740864,-0.7818314824680299,0.6234898018587334,0.3546048870425358,-0.9350162426854148,15.3,5.8,14.866666666666667,4.366157731156,67.24677458333333,9.708151666666668,55.96453125,70.83421875,0.31869975,30.6,6,2
2023-06-12,16.4,London Marylebone Road,London,Westminster,Greater London,Greater London Urban Area,Urban Traffic,51.52253,-0.154611,England,London Central,0,2,1,1,2023,6,12,0,163,24,2,0,1,8,18,Summer,2,1.2246467991473532e-16,-1.0,0.3294084822245304,-0.9441875088341992,0.0,1.0,0.2393156642875576,-0.970941817426052,19.0,5.1,16.900000000000002,1.8999999999999928,50.02554666666666,19.28637625,61.30359375,90.88359375,0.33034175,28.4,0,2
2023-06-13,13.8,London Marylebone Road,London,Westminster,Greater London,Greater London Urban Area,Urban Traffic,51.52253,-0.154611,England,London Central,0,2,1,1,2023,6,13,1,164,24,2,0,1,8,18,Summer,2,1.2246467991473532e-16,-1.0,0.3131070409358269,-0.9497178427914316,0.7818314824680298,0.6234898018587336,0.2393156642875576,-0.970941817426052,16.4,4.9,16.400000000000002,2.5999999999999948,76.50183333333334,7.338281666666667,36.31359375,47.5734375,0.209556,22.8,1,2
2023-06-14,12.0,London Marylebone Road,London,Westminster,Greater London,Greater London Urban Area,Urban Traffic,51.52253,-0.154611,England,London Central,0,2,1,1,2023,6,14,2,165,24,2,0,1,8,18,Summer,2,1.2246467991473532e-16,-1.0,0.2967128192734907,-0.9549667548552552,0.9749279121818236,-0.2225209339563143,0.2393156642875576,-0.970941817426052,13.8,7.8,14.066666666666668,2.212088003071605,66.93910416666667,13.715102916666666,45.50953125,66.53109375,0.23138475,24.2,2,2
2023-06-15,11.6,London Marylebone Road,London,Westminster,Greater London,Greater London Urban Area,Urban Traffic,51.52253,-0.154611,England,London Central,0,2,1,1,2023,6,15,3,166,24,2,0,1,8,18,Summer,2,1.2246467991473532e-16,-1.0,0.2802306751992159,-0.9599326896597448,0.4338837391175582,-0.900968867902419,0.2393156642875576,-0.970941817426052,12.0,7.1,12.466666666666669,1.1718930554164624,65.00161208333334,12.150780833333334,45.87609375,64.53093750000001,0.227019,22.3,3,2
2023-06-16,11.4,London Marylebone Road,London,Westminster,Greater London,Greater London Urban Area,Urban Traffic,51.52253,-0.154611,England,London Central,0,2,1,1,2023,6,16,4,167,24,2,0,1,8,18,Summer,2,1.2246467991473532e-16,-1.0,0.263665492728007,-0.9646141756912436,-0.433883739117558,-0.9009688679024191,0.2393156642875576,-0.970941817426052,11.6,10.3,11.66666666666667,0.3055050463303916,64.49437166666667,11.812970416666666,50.458125,68.5790625,0.2308996666666666,21.0,4,2
2023-06-17,12.8,London Marylebone Road,London,Westminster,Greater London,Greater London Urban Area,Urban Traffic,51.52253,-0.154611,England,London Central,0,2,1,1,2023,6,17,5,168,24,2,1,0,8,18,Summer,2,1.2246467991473532e-16,-1.0,0.2470221804809355,-0.9690098257244062,-0.9749279121818236,-0.2225209339563146,0.2393156642875576,-0.970941817426052,11.4,15.3,11.933333333333335,0.7571877794400369,54.391140416666666,13.528007916666668,58.80140625000001,79.5121875,0.2672809166666666,24.0,5,2
2023-06-18,13.7,London Marylebone Road,London,Westminster,Greater London,Greater London Urban Area,Urban Traffic,51.52253,-0.154611,England,London Central,0,2,1,1,2023,6,18,6,169,24,2,1,0,8,18,Summer,2,1.2246467991473532e-16,-1.0,0.2303056702306122,-0.973118337233262,-0.7818314824680299,0.6234898018587334,0.2393156642875576,-0.970941817426052,12.8,19.0,12.633333333333336,1.1590225767142457,31.6817375,16.942491666666665,50.27484375,76.25296875,0.2881395,22.9,6,2
2023-06-19,7.9,London Marylebone Road,London,Westminster,Greater London,Greater London Urban Area,Urban Traffic,51.52253,-0.154611,England,London Central,0,2,1,1,2023,6,19,0,170,25,2,0,1,8,18,Summer,2,1.2246467991473532e-16,-1.0,0.2135209154397961,-0.9769384927771816,0.0,1.0,0.120536680255323,-0.992708874098054,13.7,16.4,11.466666666666669,3.121431295629192,18.47685583333333,21.214494166666665,29.9625,62.48296875,0.1547415833333333,16.5,0,2
2023-06-20,7.9,London Marylebone Road,London,Westminster,Greater London,Greater London Urban Area,Urban Traffic,51.52253,-0.154611,England,London Central,0,2,1,1,2023,6,20,1,171,25,2,0,1,8,18,Summer,2,1.2246467991473532e-16,-1.0,0.1966728897935764,-0.980469160361632,0.7818314824680298,0.6234898018587336,0.120536680255323,-0.992708874098054,7.9,13.8,9.833333333333336,3.3486315612998308,20.08715434782609,35.0179475,58.108125,111.7696875,0.24593725,16.0,1,2
2023-06-21,8.4,London Marylebone Road,London,Westminster,Greater London,Greater London Urban Area,Urban Traffic,51.52253,-0.154611,England,London Central,0,2,1,1,2023,6,21,2,172,25,2,0,1,8,18,Summer,2,1.2246467991473532e-16,-1.0,0.1797665857255624,-0.9837092937736096,0.9749279121818236,-0.2225209339563143,0.120536680255323,-0.992708874098054,7.9,12.0,8.06666666666667,0.2886751345948567,25.628114166666663,38.0738325,55.59796875,113.985,0.2464223333333333,15.3,2,2
2023-06-22,7.4,London Marylebone Road,London,Westminster,Greater London,Greater London Urban Area,Urban Traffic,51.52253,-0.154611,England,London Central,0,2,1,1,2023,6,22,3,173,25,2,0,1,8,18,Summer,2,1.2246467991473532e-16,-1.0,0.1628070129385171,-0.986657932891657,0.4338837391175582,-0.900968867902419,0.120536680255323,-0.992708874098054,8.4,11.6,7.900000000000003,0.5000000000000271,39.71443,13.803453333333335,38.7121875,59.88515625,0.1663835833333333,15.6,3,2
2023-06-23,9.0,London Marylebone Road,London,Westminster,Greater London,Greater London Urban Area,Urban Traffic,51.52253,-0.154611,England,London Central,0,2,1,1,2023,6,23,4,174,25,2,0,1,8,18,Summer,2,1.2246467991473532e-16,-1.0,0.1457991969198751,-0.9893142039703664,-0.433883739117558,-0.9009688679024191,0.120536680255323,-0.992708874098054,7.4,11.4,8.26666666666667,0.8082903768654901,17.770045416666665,39.3211325,65.92546875000001,126.21703125,0.2667958333333333,19.1,4,2
2023-06-24,7.4,London Marylebone Road,London,Westminster,Greater London,Greater London Urban Area,Urban Traffic,51.52253,-0.154611,England,London Central,0,2,1,1,2023,6,24,5,175,25,2,1,0,8,18,Summer,2,1.2246467991473532e-16,-1.0,0.1287481774525813,-0.99167731989929,-0.9749279121818236,-0.2225209339563146,0.120536680255323,-0.992708874098054,9.0,12.8,7.9333333333333345,0.9237604307034156,19.291766666666664,26.993650833333334,44.28234375,85.65609375000001,0.221198,14.7,5,2
2023-06-25,8.0,London Marylebone Road,London,Westminster,Greater London,Greater London Urban Area,Urban Traffic,51.52253,-0.154611,England,London Central,0,2,1,1,2023,6,25,6,176,25,2,1,0,8,18,Summer,2,1.2246467991473532e-16,-1.0,0.1116590071216951,-0.993746580436178,-0.7818314824680299,0.6234898018587334,0.120536680255323,-0.992708874098054,7.4,13.7,8.133333333333335,0.8082903768654911,42.66640291666667,13.533205,40.44140625,61.1521875,0.1959736666666666,17.9,6,2
2023-06-26,6.0,London Marylebone Road,London,Westminster,Greater London,Greater London Urban Area,Urban Traffic,51.52253,-0.154611,England,London Central,0,2,1,1,2023,6,26,0,177,26,2,0,1,8,18,Summer,2,1.2246467991473532e-16,-1.0,0.0945367498171991,-0.9955213724144752,0.0,1.0,-3.216245299353273e-16,-1.0,8.0,7.9,7.133333333333336,1.0263202878893958,33.61922958333333,18.953762916666665,40.40953125,69.47953125,0.1464951666666666,,0,2
2023-06-27,7.4,London Marylebone Road,London,Westminster,Greater London,Greater London Urban Area,Urban Traffic,51.52253,-0.154611,England,London Central,0,2,1,1,2023,6,27,1,178,26,2,0,1,8,18,Summer,2,1.2246467991473532e-16,-1.0,0.077386479233463,-0.9970011699250152,0.7818314824680298,0.6234898018587336,-3.216245299353273e-16,-1.0,6.0,7.9,7.133333333333336,1.0263202878893958,22.185531666666662,35.83388958333333,53.3109375,108.279375,0.2032499166666666,,1,2
2023-06-28,11.3,London Marylebone Road,London,Westminster,Greater London,Greater London Urban Area,Urban Traffic,51.52253,-0.154611,England,London Central,0,2,1,1,2023,6,28,2,179,26,2,0,1,8,18,Summer,2,1.2246467991473532e-16,-1.0,0.060213277365793,-0.9981855344718586,0.9749279121818236,-0.2225209339563143,-3.216245299353273e-16,-1.0,7.4,8.4,8.233333333333336,2.7465129406819404,13.013627083333333,44.970362083333335,51.2071875,120.1528125,0.2658256666666667,,2,2
2023-06-29,5.6,London Marylebone Road,London,Westminster,Greater London,Greater London Urban Area,Urban Traffic,51.52253,-0.154611,England,London Central,0,2,1,1,2023,6,29,3,180,26,2,0,1,8,18,Summer,2,1.2246467991473532e-16,-1.0,0.0430222330045305,-0.99907411510223,0.4338837391175582,-0.900968867902419,-3.216245299353273e-16,-1.0,11.3,7.4,8.100000000000003,2.913760456866698,25.154135416666666,11.423189166666669,29.8828125,47.43796875,0.1333979166666666,,3,2
2023-06-30,6.4,London Marylebone Road,London,Westminster,Greater London,Greater London Urban Area,Urban Traffic,51.52253,-0.154611,England,London Central,0,2,1,1,2023,6,30,4,181,26,2,0,1,8,18,Summer,2,1.2246467991473532e-16,-1.0,0.025818440227133,-0.9996666485105112,-0.433883739117558,-0.9009688679024191,-3.216245299353273e-16,-1.0,5.6,9.0,7.766666666666668,3.0859898466024425,16.65975652173913,38.58314666666667,47.398125,106.5421875,0.2013095833333333,,4,2
2023-07-01,6.3,London Marylebone Road,London,Westminster,Greater London,Greater London Urban Area,Urban Traffic,51.52253,-0.154611,England,London Central,0,2,1,1,2023,7,1,5,182,26,3,1,0,8,18,Summer,2,-0.4999999999999997,-0.8660254037844388,0.0086069968886886,-0.9999629591162656,-0.9749279121818236,-0.2225209339563146,-3.216245299353273e-16,-1.0,6.4,7.4,6.100000000000002,0.4358898943541271,21.187681666666663,21.053384583333333,29.6915625,61.98890625000001,0.2047051666666667,13.5,5,3
2023-07-02,8.9,London Marylebone Road,London,Westminster,Greater London,Greater London Urban Area,Urban Traffic,51.52253,-0.154611,England,London Central,0,2,1,1,2023,7,2,6,183,26,3,1,0,8,18,Summer,2,-0.4999999999999997,-0.8660254037844388,-0.008606996888688,-0.9999629591162656,-0.7818314824680299,0.6234898018587334,-3.216245299353273e-16,-1.0,6.3,8.0,7.200000000000003,1.4730919862656364,32.13077,18.43405458333333,33.68390625,61.933125,0.2047051666666667,22.9,6,3
2023-07-03,6.4,London Marylebone Road,London,Westminster,Greater London,Greater London Urban Area,Urban Traffic,51.52253,-0.154611,England,London Central,0,2,1,1,2023,7,3,0,184,27,3,0,1,8,18,Summer,2,-0.4999999999999997,-0.8660254037844388,-0.0258184402271323,-0.9996666485105112,0.0,1.0,-0.1205366802553228,-0.992708874098054,8.9,6.0,7.200000000000003,1.4730919862656364,22.2021625,36.010590416666666,42.8559375,98.11125,0.2032499166666666,20.7,0,3
2023-07-04,6.5,London Marylebone Road,London,Westminster,Greater London,Greater London Urban Area,Urban Traffic,51.52253,-0.154611,England,London Central,0,2,1,1,2023,7,4,1,185,27,3,0,1,8,18,Summer,2,-0.4999999999999997,-0.8660254037844388,-0.0430222330045303,-0.99907411510223,0.7818314824680298,0.6234898018587336,-0.1205366802553228,-0.992708874098054,6.4,7.4,7.266666666666668,1.4153915830374897,17.262805,50.13106583333334,50.13140625,127.02984375,0.24011625,16.1,1,3
2023-07-05,5.9,London Marylebone Road,London,Westminster,Greater London,Greater London Urban Area,Urban Traffic,51.52253,-0.154611,England,London Central,0,2,1,1,2023,7,5,2,186,27,3,0,1,8,18,Summer,2,-0.4999999999999997,-0.8660254037844388,-0.0602132773657927,-0.9981855344718586,0.9749279121818236,-0.2225209339563143,-0.1205366802553228,-0.992708874098054,6.5,11.3,6.266666666666669,0.3214550253665134,14.39507086956522,35.29859,43.28070652173913,97.43771739130436,0.2191733043478261,14.1,2,3
2023-07-06,6.8,London Marylebone Road,London,Westminster,Greater London,Greater London Urban Area,Urban Traffic,51.52253,-0.154611,England,London Central,0,2,1,1,2023,7,6,3,187,27,3,0,1,8,18,Summer,2,-0.4999999999999997,-0.8660254037844388,-0.0773864792334632,-0.9970011699250152,0.4338837391175582,-0.900968867902419,-0.1205366802553228,-0.992708874098054,5.9,5.6,6.400000000000002,0.4582575694956386,18.169185416666668,48.27051,53.932500000000005,127.95421875,0.2527284166666667,17.9,3,3
2023-07-07,10.8,London Marylebone Road,London,Westminster,Greater London,Greater London Urban Area,Urban Traffic,51.52253,-0.154611,England,London Central,0,2,1,1,2023,7,7,4,188,27,3,0,1,8,18,Summer,2,-0.4999999999999997,-0.8660254037844388,-0.0945367498171993,-0.9955213724144752,-0.433883739117558,-0.9009688679024191,-0.1205366802553228,-0.992708874098054,6.8,6.4,7.833333333333336,2.608320021265289,20.688756666666663,31.146120416666665,68.49140625,116.2640625,0.2638853333333333,23.6,4,3
2023-07-08,10.8,London Marylebone Road,London,Westminster,Greater London,Greater London Urban Area,Urban Traffic,51.52253,-0.154611,England,London Central,0,2,1,1,2023,7,8,5,189,27,3,1,0,8,18,Summer,2,-0.4999999999999997,-0.8660254037844388,-0.1116590071216944,-0.993746580436178,-0.9749279121818236,-0.2225209339563146,-0.1205366802553228,-0.992708874098054,10.8,6.3,9.46666666666667,2.309401076758504,17.794991666666668,25.949037083333334,55.69359375,95.47359375,0.2415715,20.6,5,3
2023-07-09,6.3,London Marylebone Road,London,Westminster,Greater London,Greater London Urban Area,Urban Traffic,51.52253,-0.154611,England,London Central,0,2,1,1,2023,7,9,6,190,27,3,1,0,8,18,Summer,2,-0.4999999999999997,-0.8660254037844388,-0.1287481774525806,-0.99167731989929,-0.7818314824680299,0.6234898018587334,-0.1205366802553228,-0.992708874098054,10.8,8.9,9.300000000000002,2.5980762113533165,23.208327916666665,26.026993333333333,38.24203125,78.16546875,0.2110112499999999,17.7,6,3
2023-07-10,6.0,London Marylebone Road,London,Westminster,Greater London,Greater London Urban Area,Urban Traffic,51.52253,-0.154611,England,London Central,0,2,1,1,2023,7,10,0,191,28,3,0,1,8,18,Summer,2,-0.4999999999999997,-0.8660254037844388,-0.1457991969198744,-0.9893142039703664,0.0,1.0,-0.2393156642875574,-0.970941817426052,6.3,6.4,7.700000000000003,2.6888659319497545,23.856930416666668,32.393420416666665,41.724375,91.40953125,0.17608525,17.9,0,3
2023-07-11,6.0,London Marylebone Road,London,Westminster,Greater London,Greater London Urban Area,Urban Traffic,51.52253,-0.154611,England,London Central,0,2,1,1,2023,7,11,1,192,28,3,0,1,8,18,Summer,2,-0.4999999999999997,-0.8660254037844388,-0.1628070129385164,-0.9866579328916572,0.7818314824680298,0.6234898018587336,-0.2393156642875574,-0.970941817426052,6.0,6.5,6.100000000000002,0.1732050807569944,23.3995825,30.849886666666663,36.01078125,83.31328125,0.18190625,16.9,1,3
2023-07-12,6.0,London Marylebone Road,London,Westminster,Greater London,Greater London Urban Area,Urban Traffic,51.52253,-0.154611,England,London Central,0,2,1,1,2023,7,12,2,193,28,3,0,1,8,18,Summer,2,-0.4999999999999997,-0.8660254037844388,-0.1797665857255621,-0.9837092937736098,0.9749279121818236,-0.2225209339563143,-0.2393156642875574,-0.970941817426052,6.0,5.9,6.0,0.0,15.496023529411769,42.951142352941176,44.56125,110.43,0.1944898823529411,15.3,2,3
2023-07-13,5.9,London Marylebone Road,London,Westminster,Greater London,Greater London Urban Area,Urban Traffic,51.52253,-0.154611,England,London Central,0,2,1,1,2023,7,13,3,194,28,3,0,1,8,18,Summer,2,-0.4999999999999997,-0.8660254037844388,-0.1966728897935762,-0.980469160361632,0.4338837391175582,-0.900968867902419,-0.2393156642875574,-0.970941817426052,6.0,6.8,5.966666666666669,0.0577350269192975,17.681901999999997,54.299126666666666,60.29475,143.52675,0.2716466666666666,14.1,3,3
2023-07-14,6.1,London Marylebone Road,London,Westminster,Greater London,Greater London Urban Area,Urban Traffic,51.52253,-0.154611,England,London Central,0,2,1,1,2023,7,14,4,195,28,3,0,1,8,18,Summer,2,-0.4999999999999997,-0.8660254037844388,-0.2135209154397959,-0.9769384927771816,-0.433883739117558,-0.9009688679024191,-0.2393156642875574,-0.970941817426052,5.9,10.8,6.000000000000003,0.100000000000191,14.89291125,39.37310333333333,43.35,103.71328125,0.2342952499999999,14.1,4,3
2023-07-15,5.9,London Marylebone Road,London,Westminster,Greater London,Greater London Urban Area,Urban Traffic,51.52253,-0.154611,England,London Central,0,2,1,1,2023,7,15,5,196,28,3,1,0,8,18,Summer,2,-0.4999999999999997,-0.8660254037844388,-0.2303056702306119,-0.973118337233262,-0.9749279121818236,-0.2225209339563146,-0.2393156642875574,-0.970941817426052,6.1,10.8,5.966666666666669,0.1154700538380924,28.33062458333333,23.18418875,25.30078125,60.87328125,0.1765703333333333,18.4,5,3
2023-07-16,5.4,London Marylebone Road,London,Westminster,Greater London,Greater London Urban Area,Urban Traffic,51.52253,-0.154611,England,London Central,0,2,1,1,2023,7,16,6,197,28,3,1,0,8,18,Summer,2,-0.4999999999999997,-0.8660254037844388,-0.2470221804809352,-0.9690098257244064,-0.7818314824680299,0.6234898018587334,-0.2393156642875574,-0.970941817426052,5.9,6.3,5.800000000000003,0.3605551275464558,32.29707833333333,22.066815833333333,26.543906250000003,60.36328125,0.1940333333333333,15.9,6,3
2023-07-17,5.9,London Marylebone Road,London,Westminster,Greater London,Greater London Urban Area,Urban Traffic,51.52253,-0.154611,England,London Central,0,2,1,1,2023,7,17,0,198,29,3,0,1,8,18,Summer,2,-0.4999999999999997,-0.8660254037844388,-0.2636654927280072,-0.9646141756912436,0.0,1.0,-0.3546048870425356,-0.9350162426854148,5.4,6.0,5.733333333333335,0.288675134594886,16.331478333333333,41.94565958333333,42.808125,107.10796875,0.2241085,15.5,0,3
2023-07-18,6.6,London Marylebone Road,London,Westminster,Greater London,Greater London Urban Area,Urban Traffic,51.52253,-0.154611,England,London Central,0,2,1,1,2023,7,18,1,199,29,3,0,1,8,18,Summer,2,-0.4999999999999997,-0.8660254037844388,-0.2802306751992161,-0.9599326896597444,0.7818314824680298,0.6234898018587336,-0.3546048870425356,-0.9350162426854148,5.9,6.0,5.966666666666669,0.6027713773342028,18.418647916666668,43.95173375,48.928125,116.31984375,0.2469074166666666,16.8,1,3
2023-07-19,5.5,London Marylebone Road,London,Westminster,Greater London,Greater London Urban Area,Urban Traffic,51.52253,-0.154611,England,London Central,0,2,1,1,2023,7,19,2,200,29,3,0,1,8,18,Summer,2,-0.4999999999999997,-0.8660254037844388,-0.2967128192734901,-0.9549667548552552,0.9749279121818236,-0.2225209339563143,-0.3546048870425356,-0.9350162426854148,6.6,6.0,6.000000000000003,0.5567764362830366,28.896072916666668,19.405909166666667,28.3528125,58.108125,0.2013095833333333,11.7,2,3
2023-07-20,5.5,London Marylebone Road,London,Westminster,Greater London,Greater London Urban Area,Urban Traffic,51.52253,-0.154611,England,London Central,0,2,1,1,2023,7,20,3,201,29,3,0,1,8,18,Summer,2,-0.4999999999999997,-0.8660254037844388,-0.3131070409358267,-0.9497178427914316,0.4338837391175582,-0.900968867902419,-0.3546048870425356,-0.9350162426854148,5.5,5.9,5.86666666666667,0.6350852961086197,35.52346,11.683043333333332,23.715,41.596875,0.18481675,10.4,3,3
2023-07-21,8.5,London Marylebone Road,London,Westminster,Greater London,Greater London Urban Area,Urban Traffic,51.52253,-0.154611,England,London Central,0,2,1,1,2023,7,21,4,202,29,3,0,1,8,18,Summer,2,-0.4999999999999997,-0.8660254037844388,-0.3294084822245302,-0.9441875088341994,-0.433883739117558,-0.9009688679024191,-0.3546048870425356,-0.9350162426854148,5.5,6.1,6.500000000000003,1.7320508075688863,21.900638260869563,26.063372916666665,37.36546875,77.32078125,0.2430267499999999,16.7,4,3
2023-07-22,4.8,London Marylebone Road,London,Westminster,Greater London,Greater London Urban Area,Urban Traffic,51.52253,-0.154611,England,London Central,0,2,1,1,2023,7,22,5,203,29,3,1,0,8,18,Summer,2,-0.4999999999999997,-0.8660254037844388,-0.3456123126707333,-0.9383773917408642,-0.9749279121818236,-0.2225209339563146,-0.3546048870425356,-0.9350162426854148,8.5,5.9,6.266666666666669,1.9655363983740848,21.146104583333333,25.881475,28.2253125,67.91765625000001,0.2318698333333333,10.6,5,3
2023-07-23,4.7,London Marylebone Road,London,Westminster,Greater London,Greater London Urban Area,Urban Traffic,51.52253,-0.154611,England,London Central,0,2,1,1,2023,7,23,6,204,29,3,1,0,8,18,Summer,2,-0.4999999999999997,-0.8660254037844388,-0.3617137307297674,-0.9322892131745134,-0.7818314824680299,0.6234898018587334,-0.3546048870425356,-0.9350162426854148,4.8,5.4,6.000000000000003,2.1656407827707804,23.840299583333334,20.933851666666666,24.29671875,56.39484375,0.2740720833333333,9.8,6,3
2023-07-24,4.3,London Marylebone Road,London,Westminster,Greater London,Greater London Urban Area,Urban Traffic,51.52253,-0.154611,England,London Central,0,2,1,1,2023,7,24,0,205,30,3,0,1,8,18,Summer,2,-0.4999999999999997,-0.8660254037844388,-0.3777079652039646,-0.92592477719385,0.0,1.0,-0.464723172043768,-0.8854560256532101,4.7,5.9,4.600000000000002,0.2645751311065681,26.847416842105265,11.022193157894735,18.05802631578948,34.96855263157895,0.1746299999999999,10.5,0,3
2023-07-25,5.1,London Marylebone Road,London,Westminster,Greater London,Greater London Urban Area,Urban Traffic,51.52253,-0.154611,England,London Central,0,2,1,1,2023,7,25,1,206,30,3,0,1,8,18,Summer,2,-0.4999999999999997,-0.8660254037844388,-0.3935902766564664,-0.9192859697186104,0.7818314824680298,0.6234898018587336,-0.464723172043768,-0.8854560256532101,4.3,6.6,4.700000000000002,0.4000000000000702,27.31614375,14.3751325,24.8146875,46.8403125,0.168809,11.8,1,3
2023-07-26,6.4,London Marylebone Road,London,Westminster,Greater London,Greater London Urban Area,Urban Traffic,51.52253,-0.154611,England,London Central,0,2,1,1,2023,7,26,2,207,30,3,0,1,8,18,Summer,2,-0.4999999999999997,-0.8660254037844388,-0.4093559588156211,-0.9123747579707274,0.9749279121818236,-0.2225209339563143,-0.464723172043768,-0.8854560256532101,5.1,5.5,5.266666666666669,1.059874206372333,13.886745833333334,41.22846208333333,46.9359375,110.16796875,0.2755273333333333,13.1,2,3
2023-07-27,4.7,London Marylebone Road,London,Westminster,Greater London,Greater London Urban Area,Urban Traffic,51.52253,-0.154611,England,London Central,0,2,1,1,2023,7,27,3,208,30,3,0,1,8,18,Summer,2,-0.4999999999999997,-0.8660254037844388,-0.4250003399695539,-0.9051931898913976,0.4338837391175582,-0.900968867902419,-0.464723172043768,-0.8854560256532101,6.4,5.5,5.400000000000002,0.8888194417315856,10.094915833333332,38.84819791666667,30.855,90.42140625,0.2813483333333333,11.1,3,3
2023-07-28,4.3,London Marylebone Road,London,Westminster,Greater London,Greater London Urban Area,Urban Traffic,51.52253,-0.154611,England,London Central,0,2,1,1,2023,7,28,4,209,30,3,0,1,8,18,Summer,2,-0.4999999999999997,-0.8660254037844388,-0.4405187843504952,-0.8977433935342336,-0.433883739117558,-0.9009688679024191,-0.464723172043768,-0.8854560256532101,4.7,8.5,5.133333333333336,1.1150485789118718,10.560579166666669,42.30425833333333,33.405,98.31046875,0.2216830833333333,8.9,4,3
2023-07-29,5.1,London Marylebone Road,London,Westminster,Greater London,Greater London Urban Area,Urban Traffic,51.52253,-0.154611,England,London Central,0,2,1,1,2023,7,29,5,210,30,3,1,0,8,18,Summer,2,-0.4999999999999997,-0.8660254037844388,-0.455906693508459,-0.8900275764346766,-0.9749279121818236,-0.2225209339563146,-0.464723172043768,-0.8854560256532101,4.3,4.8,4.700000000000002,0.4000000000000712,20.988111666666665,28.45403125,35.29359375,78.96234375,0.2745571666666667,12.8,5,3
2023-07-30,4.8,London Marylebone Road,London,Westminster,Greater London,Greater London Urban Area,Urban Traffic,51.52253,-0.154611,England,London Central,0,2,1,1,2023,7,30,6,211,30,3,1,0,8,18,Summer,2,-0.4999999999999997,-0.8660254037844388,-0.4711595076738639,-0.8820480249558535,-0.7818314824680299,0.6234898018587334,-0.464723172043768,-0.8854560256532101,5.1,4.7,4.733333333333335,0.404145188432808,22.94223458333333,25.138292083333337,27.50015625,66.06093750000001,0.2522433333333333,12.3,6,3
2023-07-31,5.2,London Marylebone Road,London,Westminster,Greater London,Greater London Urban Area,Urban Traffic,51.52253,-0.154611,England,London Central,0,2,1,1,2023,7,31,0,212,31,3,0,1,8,18,Summer,2,-0.4999999999999997,-0.8660254037844388,-0.4862727071086902,-0.8738071036110807,0.0,1.0,-0.5680647467311556,-0.8229838658936565,4.8,4.3,5.033333333333335,0.2081665999467395,17.121442916666666,34.311144166666665,38.67234375,91.29,0.2813483333333333,11.7,0,3
2023-08-01,5.7,London Marylebone Road,London,Westminster,Greater London,Greater London Urban Area,Urban Traffic,51.52253,-0.154611,England,London Central,0,2,1,1,2023,8,1,1,213,31,3,0,1,8,18,Summer,2,-0.8660254037844384,-0.5000000000000004,-0.5012418134457756,-0.8653072543632061,0.7818314824680298,0.6234898018587336,-0.5680647467311556,-0.8229838658936565,5.2,5.1,5.233333333333336,0.4509249752823447,20.94653458333333,27.196337083333333,32.9428125,74.619375,0.2643704166666666,14.4,1,3
2023-08-02,4.2,London Marylebone Road,London,Westminster,Greater London,Greater London Urban Area,Urban Traffic,51.52253,-0.154611,England,London Central,0,2,1,1,2023,8,2,2,214,31,3,0,1,8,18,Summer,2,-0.8660254037844384,-0.5000000000000004,-0.5160623910158526,-0.8565509959010037,0.9749279121818236,-0.2225209339563143,-0.5680647467311556,-0.8229838658936565,5.7,6.4,5.033333333333336,0.7637626158260075,14.659323636363636,28.35906636363636,32.773295454545455,76.24789772727273,0.2402485454545454,9.2,2,3
2023-08-03,4.7,London Marylebone Road,London,Westminster,Greater London,Greater London Urban Area,Urban Traffic,51.52253,-0.154611,England,London Central,0,2,1,1,2023,8,3,3,215,31,3,0,1,8,18,Summer,2,-0.8660254037844384,-0.5000000000000004,-0.5307300481619331,-0.8475409228928312,0.4338837391175582,-0.900968867902419,-0.5680647467311556,-0.8229838658936565,4.2,4.7,4.86666666666667,0.7637626158260088,32.29707833333333,8.455654583333333,17.74640625,30.70359375,0.1678388333333333,10.4,3,3
2023-08-04,6.4,London Marylebone Road,London,Westminster,Greater London,Greater London Urban Area,Urban Traffic,51.52253,-0.154611,England,London Central,0,2,1,1,2023,8,4,4,216,31,3,0,1,8,18,Summer,2,-0.8660254037844384,-0.5000000000000004,-0.5452404385406507,-0.8382797052177745,-0.433883739117558,-0.9009688679024191,-0.5680647467311556,-0.8229838658936565,4.7,4.3,5.100000000000002,1.153256259467102,22.19384708333333,14.723337083333334,26.17734375,48.74484375,0.18772725,14.7,4,3
2023-08-05,5.5,London Marylebone Road,London,Westminster,Greater London,Greater London Urban Area,Urban Traffic,51.52253,-0.154611,England,London Central,0,2,1,1,2023,8,5,5,217,31,3,1,0,8,18,Summer,2,-0.8660254037844384,-0.5000000000000004,-0.5595892624101763,-0.828770087174504,-0.9749279121818236,-0.2225209339563146,-0.5680647467311556,-0.8229838658936565,6.4,5.1,5.533333333333336,0.8504900548115656,24.106392916666668,20.06526086956521,24.621358695652173,55.412608695652175,0.2032499166666666,10.5,5,3
2023-08-06,3.9,London Marylebone Road,London,Westminster,Greater London,Greater London Urban Area,Urban Traffic,51.52253,-0.154611,England,London Central,0,2,1,1,2023,8,6,6,218,31,3,1,0,8,18,Summer,2,-0.8660254037844384,-0.5000000000000004,-0.5737722679043243,-0.8190148866680802,-0.7818314824680299,0.6234898018587334,-0.5680647467311556,-0.8229838658936565,5.5,4.8,5.266666666666669,1.2662279942148584,32.64632583333333,7.98272,15.268125,27.508125,0.1722045833333333,8.4,6,3
2023-08-07,5.0,London Marylebone Road,London,Westminster,Greater London,Greater London Urban Area,Urban Traffic,51.52253,-0.154611,England,London Central,0,2,1,1,2023,8,7,0,219,32,3,0,1,8,18,Summer,2,-0.8660254037844384,-0.5000000000000004,-0.5877852522924734,-0.8090169943749472,0.0,1.0,-0.663122658240795,-0.7485107481711013,3.9,5.2,4.8000000000000025,0.8185352771872791,18.518432916666665,34.758093333333335,41.8996875,95.20265625,0.2415715,12.2,0,3
2023-08-08,5.5,London Marylebone Road,London,Westminster,Greater London,Greater London Urban Area,Urban Traffic,51.52253,-0.154611,England,London Central,0,2,1,1,2023,8,8,1,220,32,3,0,1,8,18,Summer,2,-0.8660254037844384,-0.5000000000000004,-0.6016240632249227,-0.7987793728863648,0.7818314824680298,0.6234898018587336,-0.663122658240795,-0.7485107481711013,5.0,5.7,4.8000000000000025,0.8185352771872791,8.514986666666667,60.06269208333333,52.139531250000005,144.22640625,0.308513,11.9,1,3
2023-08-09,5.8,London Marylebone Road,London,Westminster,Greater London,Greater London Urban Area,Urban Traffic,51.52253,-0.154611,England,London Central,0,2,1,1,2023,8,9,2,221,32,3,0,1,8,18,Summer,2,-0.8660254037844384,-0.5000000000000004,-0.6152845999633277,-0.7883050558305253,0.9749279121818236,-0.2225209339563143,-0.663122658240795,-0.7485107481711013,5.5,4.2,5.433333333333336,0.4041451884327972,18.493486666666666,29.25957916666667,41.365781250000005,86.21390625,0.2580643333333333,12.2,2,3
2023-08-10,6.7,London Marylebone Road,London,Westminster,Greater London,Greater London Urban Area,Urban Traffic,51.52253,-0.154611,England,London Central,0,2,1,1,2023,8,10,3,222,32,3,0,1,8,18,Summer,2,-0.8660254037844384,-0.5000000000000004,-0.6287628145958345,-0.7775971469736268,0.4338837391175582,-0.900968867902419,-0.663122658240795,-0.7485107481711013,5.8,4.7,6.000000000000003,0.6244997998398731,19.765745416666665,52.79716958333333,66.89765625,147.87609375,0.2997815,,3,3
2023-08-11,5.6,London Marylebone Road,London,Westminster,Greater London,Greater London Urban Area,Urban Traffic,51.52253,-0.154611,England,London Central,0,2,1,1,2023,8,11,4,223,32,3,0,1,8,18,Summer,2,-0.8660254037844384,-0.5000000000000004,-0.6420547132365636,-0.7666588193001592,-0.433883739117558,-0.9009688679024191,-0.663122658240795,-0.7485107481711013,6.7,6.4,6.033333333333336,0.5859465277082668,21.32904375,45.92662541666667,45.4378125,115.84171875,0.2876544166666666,,4,3
2023-08-12,5.6,London Marylebone Road,London,Westminster,Greater London,Greater London Urban Area,Urban Traffic,51.52253,-0.154611,England,London Central,0,2,1,1,2023,8,12,5,224,32,3,1,0,8,18,Summer,2,-0.8660254037844384,-0.5000000000000004,-0.655156357209085,-0.7554933140726804,-0.9749279121818236,-0.2225209339563146,-0.663122658240795,-0.7485107481711013,5.6,5.5,5.966666666666669,0.6350852961086216,29.95213083333333,21.973268333333333,26.265,59.9728125,0.2352654166666666,,5,3
2023-08-13,4.0,London Marylebone Road,London,Westminster,Greater London,Greater London Urban Area,Urban Traffic,51.52253,-0.154611,England,London Central,0,2,1,1,2023,8,13,6,225,32,3,1,0,8,18,Summer,2,-0.8660254037844384,-0.5000000000000004,-0.6680638642135333,-0.7441039398713608,-0.7818314824680299,0.6234898018587334,-0.663122658240795,-0.7485107481711013,5.6,3.9,5.066666666666669,0.923760430703429,31.09965833333333,19.187631666666665,24.703125,54.09984375,0.2376908333333333,,6,3
2023-08-14,4.8,London Marylebone Road,London,Westminster,Greater London,Greater London Urban Area,Urban Traffic,51.52253,-0.154611,England,London Central,0,2,1,1,2023,8,14,0,226,33,3,0,1,8,18,Summer,2,-0.8660254037844384,-0.5000000000000004,-0.680773409477016,-0.732494071613579,0.0,1.0,-0.7485107481711011,-0.6631226582407952,4.0,5.0,4.800000000000002,0.8000000000000339,19.25018958333333,30.92264583333333,38.05875,85.46484375,0.2439969166666666,13.9,0,3
2023-08-15,5.4,London Marylebone Road,London,Westminster,Greater London,Greater London Urban Area,Urban Traffic,51.52253,-0.154611,England,London Central,0,2,1,1,2023,8,15,1,227,33,3,0,1,8,18,Summer,2,-0.8660254037844384,-0.5000000000000004,-0.6932812268869771,-0.7206671495538615,0.7818314824680298,0.6234898018587336,-0.7485107481711011,-0.6631226582407952,4.8,5.5,4.733333333333335,0.7023769168568887,16.065385,33.37566916666667,40.2740625,91.44140625,0.2687361666666666,13.6,1,3
2023-08-16,6.9,London Marylebone Road,London,Westminster,Greater London,Greater London Urban Area,Urban Traffic,51.52253,-0.154611,England,London Central,0,2,1,1,2023,8,16,2,228,33,3,0,1,8,18,Summer,2,-0.8660254037844384,-0.5000000000000004,-0.7055836101071774,-0.70862667826446,0.9749279121818236,-0.2225209339563143,-0.7485107481711011,-0.6631226582407952,5.4,5.8,5.700000000000003,1.081665382639218,29.276051304347824,16.865665217391303,38.64081521739131,64.50114130434783,0.2353708695652173,15.4,2,3
2023-08-17,5.7,London Marylebone Road,London,Westminster,Greater London,Greater London Urban Area,Urban Traffic,51.52253,-0.154611,England,London Central,0,2,1,1,2023,8,17,3,229,33,3,0,1,8,18,Summer,2,-0.8660254037844384,-0.5000000000000004,-0.7176769136759615,-0.6963762255968726,0.4338837391175582,-0.900968867902419,-0.7485107481711011,-0.6631226582407952,6.9,6.7,6.000000000000003,0.7937253933194037,34.442455833333334,16.08497291666667,29.8828125,54.538125,0.19645875,18.6,3,3
2023-08-18,16.3,London Marylebone Road,London,Westminster,Greater London,Greater London Urban Area,Urban Traffic,51.52253,-0.154611,England,London Central,0,2,1,1,2023,8,18,4,230,33,3,0,1,8,18,Summer,2,-0.8660254037844384,-0.5000000000000004,-0.7295575540864876,-0.6839194216246105,-0.433883739117558,-0.9009688679024191,-0.7485107481711011,-0.6631226582407952,5.7,5.6,9.633333333333336,5.804595880277399,24.738364583333333,21.541910416666667,39.525,72.53953125,0.27213175,30.7,4,3
2023-08-19,5.8,London Marylebone Road,London,Westminster,Greater London,Greater London Urban Area,Urban Traffic,51.52253,-0.154611,England,London Central,0,2,1,1,2023,8,19,5,231,33,3,1,0,8,18,Summer,2,-0.8660254037844384,-0.5000000000000004,-0.7412220108485957,-0.6712599575675315,-0.9749279121818236,-0.2225209339563146,-0.7485107481711011,-0.6631226582407952,16.3,5.6,9.26666666666667,6.091250555783546,26.077146666666668,22.835984166666663,29.6596875,64.674375,0.2876544166666666,16.8,5,3
2023-08-20,5.3,London Marylebone Road,London,Westminster,Greater London,Greater London Urban Area,Urban Traffic,51.52253,-0.154611,England,London Central,0,2,1,1,2023,8,20,6,232,33,3,1,0,8,18,Summer,2,-0.8660254037844384,-0.5000000000000004,-0.7526668275320083,-0.6584015846980489,-0.7818314824680299,0.6234898018587334,-0.7485107481711011,-0.6631226582407952,5.8,4.0,9.133333333333336,6.211548384528077,25.628114166666663,22.149969166666665,29.1815625,63.1603125,0.2832886666666667,15.3,6,3
2023-08-21,5.4,London Marylebone Road,London,Westminster,Greater London,Greater London Urban Area,Urban Traffic,51.52253,-0.154611,England,London Central,0,2,1,1,2023,8,21,0,233,34,3,0,1,8,18,Summer,2,-0.8660254037844384,-0.5000000000000004,-0.7638886127905429,-0.64534811322955,0.0,1.0,-0.8229838658936564,-0.5680647467311559,5.3,4.8,5.500000000000003,0.2645751311065537,23.258220416666664,32.159551666666665,37.5965625,86.89921874999999,0.2638853333333333,13.4,0,3
2023-08-22,4.9,London Marylebone Road,London,Westminster,Greater London,Greater London Urban Area,Urban Traffic,51.52253,-0.154611,England,London Central,0,2,1,1,2023,8,22,1,234,34,3,0,1,8,18,Summer,2,-0.8660254037844384,-0.5000000000000004,-0.7748840413670406,-0.6321034111873488,0.7818314824680298,0.6234898018587336,-0.8229838658936564,-0.5680647467311559,5.4,5.4,5.200000000000002,0.2645751311065583,23.9982925,30.366557916666665,41.50125,88.04671875000001,0.2493328333333333,12.9,1,3
2023-08-23,6.4,London Marylebone Road,London,Westminster,Greater London,Greater London Urban Area,Urban Traffic,51.52253,-0.154611,England,London Central,0,2,1,1,2023,8,23,2,235,34,3,0,1,8,18,Summer,2,-0.8660254037844384,-0.5000000000000004,-0.7856498550787144,-0.6186714032625032,0.9749279121818236,-0.2225209339563143,-0.8229838658936564,-0.5680647467311559,4.9,6.9,5.56666666666667,0.7637626158260062,29.866084347826085,24.78330869565217,47.0475,85.08130434782608,0.2566301739130435,16.2,2,3
2023-08-24,8.7,London Marylebone Road,London,Westminster,Greater London,Greater London Urban Area,Urban Traffic,51.52253,-0.154611,England,London Central,0,2,1,1,2023,8,24,3,236,34,3,0,1,8,18,Summer,2,-0.8660254037844384,-0.5000000000000004,-0.7961828637826154,-0.6050560696488494,0.4338837391175582,-0.900968867902419,-0.8229838658936564,-0.5680647467311559,6.4,5.7,6.666666666666669,1.913983629327423,17.678575833333333,41.73257916666667,62.12437500000001,126.05765625,0.28086325,19.1,3,3
2023-08-25,4.6,London Marylebone Road,London,Westminster,Greater London,Greater London Urban Area,Urban Traffic,51.52253,-0.154611,England,London Central,0,2,1,1,2023,8,25,4,237,34,3,0,1,8,18,Summer,2,-0.8660254037844384,-0.5000000000000004,-0.8064799463209447,-0.5912614448635783,-0.433883739117558,-0.9009688679024191,-0.8229838658936564,-0.5680647467311559,8.7,16.3,6.566666666666669,2.0550750189064573,32.51327916666667,24.95119708333333,38.1384375,76.404375,0.1537714166666666,11.8,4,3
2023-08-26,5.4,London Marylebone Road,London,Westminster,Greater London,Greater London Urban Area,Urban Traffic,51.52253,-0.154611,England,London Central,0,2,1,1,2023,8,26,5,238,34,3,1,0,8,18,Summer,2,-0.8660254037844384,-0.5000000000000004,-0.8165380514459157,-0.5772916165517278,-0.9749279121818236,-0.2225209339563146,-0.8229838658936564,-0.5680647467311559,4.6,5.8,6.233333333333335,2.173323108360415,16.98839625,37.25789041666667,39.72421875,96.8521875,0.2449670833333333,12.4,5,3
2023-08-27,4.3,London Marylebone Road,London,Westminster,Greater London,Greater London Urban Area,Urban Traffic,51.52253,-0.154611,England,London Central,0,2,1,1,2023,8,27,6,239,34,3,1,0,8,18,Summer,2,-0.8660254037844384,-0.5000000000000004,-0.8263541987239094,-0.5631507242749189,-0.7818314824680299,0.6234898018587334,-0.8229838658936564,-0.5680647467311559,5.4,5.3,4.766666666666669,0.5686240703077805,24.463955833333333,16.984068333333333,27.35671875,53.41453125,0.1207857499999999,9.9,6,3
2023-08-28,4.2,London Marylebone Road,London,Westminster,Greater London,Greater London Urban Area,Urban Traffic,51.52253,-0.154611,England,London Central,0,2,1,1,2023,8,28,0,240,35,3,0,1,8,18,Summer,2,-0.8660254037844384,-0.5000000000000004,-0.8359254794186365,-0.5488429582847199,0.0,1.0,-0.8854560256532096,-0.4647231720437691,4.3,5.4,4.633333333333336,0.6658328118479809,32.98725791666667,8.954574583333335,20.5434375,34.28953125,0.2289593333333333,9.8,0,3
2023-08-29,5.5,London Marylebone Road,London,Westminster,Greater London,Greater London Urban Area,Urban Traffic,51.52253,-0.154611,England,London Central,0,2,1,1,2023,8,29,1,241,35,3,0,1,8,18,Summer,2,-0.8660254037844384,-0.5000000000000004,-0.8452490573530633,-0.5343725582809785,0.7818314824680298,0.6234898018587336,-0.8854560256532096,-0.4647231720437691,4.2,4.9,4.666666666666669,0.7234178138070614,20.55571,35.6415975,43.66078125000001,98.334375,0.4516125833333333,12.3,1,3
2023-08-30,4.7,London Marylebone Road,London,Westminster,Greater London,Greater London Urban Area,Urban Traffic,51.52253,-0.154611,England,London Central,0,2,1,1,2023,8,30,2,242,35,3,0,1,8,18,Summer,2,-0.8660254037844384,-0.5000000000000004,-0.8543221697498269,-0.5197438121555157,0.9749279121818236,-0.2225209339563143,-0.8854560256532096,-0.4647231720437691,5.5,6.4,4.800000000000002,0.6557438524302409,23.91513833333333,17.115125217391302,31.84728260869565,58.11505434782609,0.4069638260869565,12.5,2,3
2023-08-31,6.7,London Marylebone Road,London,Westminster,Greater London,Greater London Urban Area,Urban Traffic,51.52253,-0.154611,England,London Central,0,2,1,1,2023,8,31,3,243,35,3,0,1,8,18,Summer,2,-0.8660254037844384,-0.5000000000000004,-0.8631421280499115,-0.5049610547215202,0.4338837391175582,-0.900968867902419,-0.8854560256532096,-0.4647231720437691,4.7,8.7,5.633333333333336,1.0066445913694562,15.025957916666668,43.42163125,47.6371875,114.20015625,0.4899341666666667,14.6,3,3
2023-09-01,6.0,London Marylebone Road,London,Westminster,Greater London,Greater London Urban Area,Urban Traffic,51.52253,-0.154611,England,London Central,0,2,1,1,2023,9,1,4,244,35,3,0,1,8,18,Autumn,3,-1.0,-1.8369701987210294e-16,-0.8717063187093217,-0.4900286664290594,-0.433883739117558,-0.9009688679024191,-0.8854560256532096,-0.4647231720437691,6.7,4.6,5.800000000000002,1.014889156509244,14.976065416666666,16.282462083333332,28.910625,53.884687500000005,0.3997086666666666,10.1,4,3
2023-09-02,8.2,London Marylebone Road,London,Westminster,Greater London,Greater London Urban Area,Urban Traffic,51.52253,-0.154611,England,London Central,0,2,1,1,2023,9,2,5,245,35,3,1,0,8,18,Autumn,3,-1.0,-1.8369701987210294e-16,-0.8800122039735356,-0.4749510720670502,-0.9749279121818236,-0.2225209339563146,-0.8854560256532096,-0.4647231720437691,6.0,5.4,6.966666666666669,1.1239810200058389,32.3802325,11.282867916666667,25.46015625,42.75234375,0.39146225,13.8,5,3
2023-09-03,11.5,London Marylebone Road,London,Westminster,Greater London,Greater London Urban Area,Urban Traffic,51.52253,-0.154611,England,London Central,0,2,1,1,2023,9,3,6,246,35,3,1,0,8,18,Autumn,3,-1.0,-1.8369701987210294e-16,-0.888057322629493,-0.4597327394521046,-0.7818314824680299,0.6234898018587334,-0.8854560256532096,-0.4647231720437691,8.2,4.3,8.566666666666668,2.768272626265945,45.93436166666667,10.77355375,32.95875,49.4859375,0.4220225,17.4,6,3
2023-09-04,10.8,London Marylebone Road,London,Westminster,Greater London,Greater London Urban Area,Urban Traffic,51.52253,-0.154611,England,London Central,0,2,1,1,2023,9,4,0,247,36,3,0,1,8,18,Autumn,3,-1.0,-1.8369701987210294e-16,-0.8958392907349089,-0.4443781781046134,0.0,1.0,-0.9350162426854148,-0.3546048870425359,11.5,4.2,10.16666666666667,1.738773514099331,38.11787,20.82991,50.59359375,82.58015625,0.44967225,18.6,0,3
2023-09-05,12.8,London Marylebone Road,London,Westminster,Greater London,Greater London Urban Area,Urban Traffic,51.52253,-0.154611,England,London Central,0,2,1,1,2023,9,5,1,248,36,3,0,1,8,18,Autumn,3,-1.0,-1.8369701987210294e-16,-0.9033558023246842,-0.4288919379124841,0.7818314824680298,0.6234898018587336,-0.9350162426854148,-0.3546048870425359,10.8,5.5,11.700000000000005,1.0148891565092149,42.092639166666665,17.288662608695653,54.53951086956522,81.04010869565218,0.4797474166666666,22.6,1,3
2023-09-06,20.2,London Marylebone Road,London,Westminster,Greater London,Greater London Urban Area,Urban Traffic,51.52253,-0.154611,England,London Central,0,2,1,1,2023,9,6,2,249,36,3,0,1,8,18,Autumn,3,-1.0,-1.8369701987210294e-16,-0.9106046300942162,-0.4132786077829044,0.9749279121818236,-0.2225209339563143,-0.9350162426854148,-0.3546048870425359,12.8,4.7,14.600000000000003,4.951767361255973,47.2481975,12.774430833333334,64.77796875,84.3890625,0.5170988333333334,35.1,2,3
2023-09-07,20.7,London Marylebone Road,London,Westminster,Greater London,Greater London Urban Area,Urban Traffic,51.52253,-0.154611,England,London Central,0,2,1,1,2023,9,7,3,250,36,3,0,1,8,18,Autumn,3,-1.0,-1.8369701987210294e-16,-0.9175836260593934,-0.3975428142825566,0.4338837391175582,-0.900968867902419,-0.9350162426854148,-0.3546048870425359,20.2,6.7,17.900000000000002,4.42379927211892,51.66368375,16.334432916666668,68.93765625,93.999375,0.5491143333333334,32.9,3,3
2023-09-08,16.9,London Marylebone Road,London,Westminster,Greater London,Greater London Urban Area,Urban Traffic,51.52253,-0.154611,England,London Central,0,2,1,1,2023,9,8,4,251,36,3,0,1,8,18,Autumn,3,-1.0,-1.8369701987210294e-16,-0.9242907221930934,-0.3816892202666586,-0.433883739117558,-0.9009688679024191,-0.9350162426854148,-0.3546048870425359,20.7,6.0,19.26666666666667,2.0647840887931133,26.34324,36.74337916666666,91.7203125,148.06734375,0.6699000833333333,31.1,4,3
2023-09-09,19.1,London Marylebone Road,London,Westminster,Greater London,Greater London Urban Area,Urban Traffic,51.52253,-0.154611,England,London Central,0,2,1,1,2023,9,9,5,252,36,3,1,0,8,18,Autumn,3,-1.0,-1.8369701987210294e-16,-0.9307239310379792,-0.3657225234972692,-0.9749279121818236,-0.2225209339563146,-0.9350162426854148,-0.3546048870425359,16.9,8.2,18.9,1.907878402833861,42.07600833333333,24.628977916666667,85.36921875,123.1171875,0.6529643478260869,35.0,5,3
2023-09-10,20.4,London Marylebone Road,London,Westminster,Greater London,Greater London Urban Area,Urban Traffic,51.52253,-0.154611,England,London Central,0,2,1,1,2023,9,10,6,253,36,3,1,0,8,18,Autumn,3,-1.0,-1.8369701987210294e-16,-0.9368813462954316,-0.3496474552512282,-0.7818314824680299,0.6234898018587334,-0.9350162426854148,-0.3546048870425359,19.1,11.5,18.8,1.769180601295381,39.282028333333336,18.66272625,61.76578125,90.3975,,34.3,6,3
2023-09-11,8.5,London Marylebone Road,London,Westminster,Greater London,Greater London Urban Area,Urban Traffic,51.52253,-0.154611,England,London Central,0,2,1,1,2023,9,11,0,254,37,3,0,1,8,18,Autumn,3,-1.0,-1.8369701987210294e-16,-0.9427611433904206,-0.333468778918187,0.0,1.0,-0.970941817426052,-0.2393156642875577,20.4,10.8,16.000000000000004,6.527633568147033,29.819084166666663,32.81958125,49.748906250000005,100.055625,,16.6,0,3
2023-09-12,5.4,London Marylebone Road,London,Westminster,Greater London,Greater London Urban Area,Urban Traffic,51.52253,-0.154611,England,London Central,0,2,1,1,2023,9,12,1,255,37,3,0,1,8,18,Autumn,3,-1.0,-1.8369701987210294e-16,-0.9483615800121716,-0.3171912885891059,0.7818314824680298,0.6234898018587336,-0.970941817426052,-0.2393156642875577,8.5,12.8,11.433333333333335,7.91854363714272,19.017357916666665,37.21111666666667,44.4496875,101.51390625,,13.1,1,3
2023-09-13,5.3,London Marylebone Road,London,Westminster,Greater London,Greater London Urban Area,Urban Traffic,51.52253,-0.154611,England,London Central,0,2,1,1,2023,9,13,2,256,37,3,0,1,8,18,Autumn,3,-1.0,-1.8369701987210294e-16,-0.9536809966304456,-0.300819807635668,0.9749279121818236,-0.2225209339563143,-0.970941817426052,-0.2393156642875577,5.4,20.2,6.400000000000002,1.819340539866108,30.438763478260867,16.572820869565216,29.08663043478261,54.51456521739131,,13.7,2,3
2023-09-14,6.4,London Marylebone Road,London,Westminster,Greater London,Greater London Urban Area,Urban Traffic,51.52253,-0.154611,England,London Central,0,2,1,1,2023,9,14,3,257,37,3,0,1,8,18,Autumn,3,-1.0,-1.8369701987210294e-16,-0.9587178169872964,-0.2843591872810036,0.4338837391175582,-0.900968867902419,-0.970941817426052,-0.2393156642875577,5.3,20.7,5.700000000000003,0.6082762530300873,22.035854166666667,49.980350416666674,64.25203125,140.84765625,,15.9,3,3
2023-09-15,9.3,London Marylebone Road,London,Westminster,Greater London,Greater London Urban Area,Urban Traffic,51.52253,-0.154611,England,London Central,0,2,1,1,2023,9,15,4,258,37,3,0,1,8,18,Autumn,3,-1.0,-1.8369701987210294e-16,-0.9634705485641486,-0.2678143051621748,-0.433883739117558,-0.9009688679024191,-0.970941817426052,-0.2393156642875577,6.4,16.9,7.000000000000003,2.066397831977251,22.55141,34.56580125,63.4153125,116.375625,0.3313492307692308,20.6,4,3
2023-09-16,9.9,London Marylebone Road,London,Westminster,Greater London,Greater London Urban Area,Urban Traffic,51.52253,-0.154611,England,London Central,0,2,1,1,2023,9,16,5,259,37,3,1,0,8,18,Autumn,3,-1.0,-1.8369701987210294e-16,-0.967937783024064,-0.2511900638848195,-0.9749279121818236,-0.2225209339563146,-0.970941817426052,-0.2393156642875577,9.3,19.1,8.533333333333337,1.8717193521822573,42.026115833333336,14.021730833333336,40.48921875,61.965,0.261945,19.7,5,3
2023-09-17,18.1,London Marylebone Road,London,Westminster,Greater London,Greater London Urban Area,Urban Traffic,51.52253,-0.154611,England,London Central,0,2,1,1,2023,9,17,6,260,37,3,1,0,8,18,Autumn,3,-1.0,-1.8369701987210294e-16,-0.9721181966290612,-0.2344913895704105,-0.7818314824680299,0.6234898018587334,-0.970941817426052,-0.2393156642875577,9.9,20.4,12.433333333333335,4.916638417997957,46.799165,15.539279166666669,34.9509375,58.78546875,0.25175825,32.3,6,3
2023-09-18,5.6,London Marylebone Road,London,Westminster,Greater London,Greater London Urban Area,Urban Traffic,51.52253,-0.154611,England,London Central,0,2,1,1,2023,9,18,0,261,38,3,0,1,8,18,Autumn,3,-1.0,-1.8369701987210294e-16,-0.9760105506323682,-0.2177232303965322,0.0,1.0,-0.992708874098054,-0.1205366802553235,18.1,8.5,11.200000000000005,6.350590523722984,21.77807625,42.8759375,48.76078125,114.51890625,0.2828035833333333,16.1,0,3
2023-09-19,5.2,London Marylebone Road,London,Westminster,Greater London,Greater London Urban Area,Urban Traffic,51.52253,-0.154611,England,London Central,0,2,1,1,2023,9,19,1,262,38,3,0,1,8,18,Autumn,3,-1.0,-1.8369701987210294e-16,-0.97961369164549,-0.2008905551306352,0.7818314824680298,0.6234898018587336,-0.992708874098054,-0.1205366802553235,5.6,5.4,9.633333333333338,7.335075550622061,27.89822291666667,33.5211875,34.57640625,85.98281250000001,0.2920201666666667,17.3,1,3
2023-09-20,5.9,London Marylebone Road,London,Westminster,Greater London,Greater London Urban Area,Urban Traffic,51.52253,-0.154611,England,London Central,0,2,1,1,2023,9,20,2,263,38,3,0,1,8,18,Autumn,3,-1.0,-1.8369701987210294e-16,-0.9829265519799822,-0.1839983516576798,0.9749279121818236,-0.2225209339563143,-0.992708874098054,-0.1205366802553235,5.2,5.3,5.56666666666667,0.351188458428872,31.67342208333333,34.170822916666665,42.1546875,94.53328125,0.3031770833333333,16.4,2,3
2023-09-21,5.7,London Marylebone Road,London,Westminster,Greater London,Greater London Urban Area,Urban Traffic,51.52253,-0.154611,England,London Central,0,2,1,1,2023,9,21,3,264,38,3,0,1,8,18,Autumn,3,-1.0,-1.8369701987210294e-16,-0.9859481499638304,-0.1670516255021195,0.4338837391175582,-0.900968867902419,-0.992708874098054,-0.1205366802553235,5.9,6.4,5.600000000000004,0.3605551275468333,15.400151666666666,56.94963916666666,60.084375,147.44578125,0.3516854166666667,16.5,3,3
2023-09-22,5.5,London Marylebone Road,London,Westminster,Greater London,Greater London Urban Area,Urban Traffic,51.52253,-0.154611,England,London Central,0,2,1,1,2023,9,22,4,265,38,3,0,1,8,18,Autumn,3,-1.0,-1.8369701987210294e-16,-0.9886775902323404,-0.1500553983446526,-0.433883739117558,-0.9009688679024191,-0.992708874098054,-0.1205366802553235,5.7,9.3,5.700000000000004,0.2000000000007755,15.9157075,43.87213631578947,48.8291447368421,116.08875,0.28959475,13.7,4,3
2023-09-23,5.9,London Marylebone Road,London,Westminster,Greater London,Greater London Urban Area,Urban Traffic,51.52253,-0.154611,England,London Central,0,2,1,1,2023,9,23,5,266,38,3,1,0,8,18,Autumn,3,-1.0,-1.8369701987210294e-16,-0.9911140639934546,-0.1330147065341963,-0.9749279121818236,-0.2225209339563146,-0.992708874098054,-0.1205366802553235,5.5,9.9,5.700000000000003,0.2000000000007755,17.819937916666667,39.42507416666667,51.06375,111.530625,0.3298566666666666,15.3,5,3
2023-09-24,5.6,London Marylebone Road,London,Westminster,Greater London,Greater London Urban Area,Urban Traffic,51.52253,-0.154611,England,London Central,0,2,1,1,2023,9,24,6,267,38,3,1,0,8,18,Autumn,3,-1.0,-1.8369701987210294e-16,-0.9932568492674144,-0.1159345995955006,-0.7818314824680299,0.6234898018587334,-0.992708874098054,-0.1205366802553235,5.9,18.1,5.666666666666671,0.2081665999473609,29.22037416666667,26.66623458333333,40.26609375,81.121875,0.2755273333333333,17.0,6,3
2023-09-25,6.8,London Marylebone Road,London,Westminster,Greater London,Greater London Urban Area,Urban Traffic,51.52253,-0.154611,England,London Central,0,2,1,1,2023,9,25,0,268,39,3,0,1,8,18,Autumn,3,-1.0,-1.8369701987210294e-16,-0.9951053111006974,-0.0988201387328721,0.0,1.0,-1.0,-1.8369701987210294e-16,5.6,5.6,6.100000000000004,0.6244997998400783,25.41191333333333,40.500870416666665,49.11140625,111.211875,0.2716466666666666,21.4,0,3
2023-09-26,6.6,London Marylebone Road,London,Westminster,Greater London,Greater London Urban Area,Urban Traffic,51.52253,-0.154611,England,London Central,0,2,1,1,2023,9,26,1,269,39,3,0,1,8,18,Autumn,3,-1.0,-1.8369701987210294e-16,-0.99665890175417,-0.0816763953304228,0.7818314824680298,0.6234898018587336,-1.0,-1.8369701987210294e-16,6.8,5.2,6.333333333333337,0.6429100507330897,23.74883,40.05911833333334,50.19515625,111.594375,0.2828035833333333,19.8,1,3
2023-09-27,7.2,London Marylebone Road,London,Westminster,Greater London,Greater London Urban Area,Urban Traffic,51.52253,-0.154611,England,London Central,0,2,1,1,2023,9,27,2,270,39,3,0,1,8,18,Autumn,3,-1.0,-1.8369701987210294e-16,-0.9979171608653922,-0.0645084494493162,0.9749279121818236,-0.2225209339563143,-1.0,-1.8369701987210294e-16,6.6,5.9,6.86666666666667,0.3055050463308378,26.06883125,34.72374739130435,47.18054347826087,100.4228804347826,0.2606795652173913,22.4,2,3
2023-09-28,6.3,London Marylebone Road,London,Westminster,Greater London,Greater London Urban Area,Urban Traffic,51.52253,-0.154611,England,London Central,0,2,1,1,2023,9,28,3,271,39,3,0,1,8,18,Autumn,3,-1.0,-1.8369701987210294e-16,-0.9988797155850336,-0.0473213883224323,0.4338837391175582,-0.900968867902419,-1.0,-1.8369701987210294e-16,7.2,5.7,6.700000000000003,0.4582575694958886,26.51786375,46.82052375,49.14328125,120.94171875,0.3254909166666667,25.8,3,3
2023-09-29,5.7,London Marylebone Road,London,Westminster,Greater London,Greater London Urban Area,Urban Traffic,51.52253,-0.154611,England,London Central,0,2,1,1,2023,9,29,4,272,39,3,0,1,8,18,Autumn,3,-1.0,-1.8369701987210294e-16,-0.9995462806873572,-0.0301203048469083,-0.433883739117558,-0.9009688679024191,-1.0,-1.8369701987210294e-16,6.3,5.5,6.400000000000003,0.7549834435272658,20.314562916666667,29.337535416666668,43.7484375,88.708125,0.2580643333333333,15.9,4,3
2023-09-30,6.2,London Marylebone Road,London,Westminster,Greater London,Greater London Urban Area,Urban Traffic,51.52253,-0.154611,England,London Central,0,2,1,1,2023,9,30,5,273,39,3,1,0,8,18,Autumn,3,-1.0,-1.8369701987210294e-16,-0.999916658654738,-0.0129102960750088,-0.9749279121818236,-0.2225209339563146,-1.0,-1.8369701987210294e-16,5.7,5.9,6.06666666666667,0.3214550253668953,22.71771833333333,31.1825,43.11890625,90.94734375,0.2997815,20.4,5,3
2023-10-01,8.1,London Marylebone Road,London,Westminster,Greater London,Greater London Urban Area,Urban Traffic,51.52253,-0.154611,England,London Central,0,2,1,1,2023,10,1,6,274,39,4,1,0,8,18,Autumn,3,-0.8660254037844386,0.5000000000000001,-0.99999073973619,0.0043035382962438,-0.7818314824680299,0.6234898018587334,-1.0,-1.8369701987210294e-16,6.2,5.6,6.666666666666671,1.2662279942149488,29.619514166666665,21.70821708333333,38.5846875,71.84625,0.2915350833333333,18.5,6,4
2023-10-02,10.5,London Marylebone Road,London,Westminster,Greater London,Greater London Urban Area,Urban Traffic,51.52253,-0.154611,England,London Central,0,2,1,1,2023,10,2,0,275,40,4,0,1,8,18,Autumn,3,-0.8660254037844386,0.5000000000000001,-0.9997685019798908,0.0215160974362222,0.0,1.0,-0.992708874098054,0.1205366802553232,8.1,6.8,8.266666666666671,2.154839514519252,10.05333875,50.80668666666667,49.3584375,127.25296875,0.279408,18.6,0,4
2023-10-03,5.6,London Marylebone Road,London,Westminster,Greater London,Greater London Urban Area,Urban Traffic,51.52253,-0.154611,England,London Central,0,2,1,1,2023,10,3,1,276,40,4,0,1,8,18,Autumn,3,-0.8660254037844386,0.5000000000000001,-0.9992500112396836,0.0387222808921739,0.7818314824680298,0.6234898018587336,-0.992708874098054,0.1205366802553232,10.5,6.6,8.06666666666667,2.4501700621249896,20.79685708333333,33.73426791666667,46.7446875,98.45390625,0.2959008333333333,15.3,1,4
2023-10-04,5.7,London Marylebone Road,London,Westminster,Greater London,Greater London Urban Area,Urban Traffic,51.52253,-0.154611,England,London Central,0,2,1,1,2023,10,4,2,277,40,4,0,1,8,18,Autumn,3,-0.8660254037844386,0.5000000000000001,-0.9984354211555644,0.055916990100603,0.9749279121818236,-0.2225209339563143,-0.992708874098054,0.1205366802553232,5.6,7.2,7.26666666666667,2.8005951748393767,18.72631833333333,47.11156041666666,59.0803125,131.31703125,0.331797,18.5,2,4
2023-10-05,6.0,London Marylebone Road,London,Westminster,Greater London,Greater London Urban Area,Urban Traffic,51.52253,-0.154611,England,London Central,0,2,1,1,2023,10,5,3,278,40,4,0,1,8,18,Autumn,3,-0.8660254037844386,0.5000000000000001,-0.9973249731081556,0.0730951298980777,0.4338837391175582,-0.900968867902419,-0.992708874098054,0.1205366802553232,5.7,6.3,5.76666666666667,0.2081665999473548,25.48675208333333,52.241081666666666,61.71,141.78796875,0.3322820833333333,18.2,3,4
2023-10-06,6.7,London Marylebone Road,London,Westminster,Greater London,Greater London Urban Area,Urban Traffic,51.52253,-0.154611,England,London Central,0,2,1,1,2023,10,6,4,279,40,4,0,1,8,18,Autumn,3,-0.8660254037844386,0.5000000000000001,-0.9959189961471792,0.0902516100310407,-0.433883739117558,-0.9009688679024191,-0.992708874098054,0.1205366802553232,6.0,5.7,6.133333333333337,0.5131601439449787,27.23298958333333,43.83220083333333,60.18,127.404375,0.3250058333333333,16.9,4,4
2023-10-07,8.8,London Marylebone Road,London,Westminster,Greater London,Greater London Urban Area,Urban Traffic,51.52253,-0.154611,England,London Central,0,2,1,1,2023,10,7,5,280,40,4,1,0,8,18,Autumn,3,-0.8660254037844386,0.5000000000000001,-0.994217906893952,0.107381346664163,-0.9749279121818236,-0.2225209339563146,-0.992708874098054,0.1205366802553232,6.7,6.2,7.166666666666671,1.4571661996263845,26.675856666666665,32.35184375,53.685468750000005,103.29890625,0.3410135833333333,18.3,5,4
2023-10-08,11.1,London Marylebone Road,London,Westminster,Greater London,Greater London Urban Area,Urban Traffic,51.52253,-0.154611,England,London Central,0,2,1,1,2023,10,8,6,281,40,4,1,0,8,18,Autumn,3,-0.8660254037844386,0.5000000000000001,-0.9922222094179324,0.1244792638867886,-0.7818314824680299,0.6234898018587334,-0.992708874098054,0.1205366802553232,8.8,8.1,8.86666666666667,2.200757445365923,17.4124825,32.544135833333335,64.32375,114.2240625,0.4098954166666667,20.4,6,4
2023-10-09,14.3,London Marylebone Road,London,Westminster,Greater London,Greater London Urban Area,Urban Traffic,51.52253,-0.154611,England,London Central,0,2,1,1,2023,10,9,0,282,41,4,0,1,8,18,Autumn,3,-0.8660254037844386,0.5000000000000001,-0.989932495087353,0.141540295217043,0.0,1.0,-0.970941817426052,0.2393156642875573,11.1,10.5,11.400000000000006,2.76224546338665,11.458644166666666,59.51180125,77.55984375,168.8259375,0.4778070833333334,30.6,0,4
2023-10-10,13.0,London Marylebone Road,London,Westminster,Greater London,Greater London Urban Area,Urban Traffic,51.52253,-0.154611,England,London Central,0,2,1,1,2023,10,10,1,283,41,4,0,1,8,18,Autumn,3,-0.8660254037844386,0.5000000000000001,-0.9873494423939864,0.1585593851031347,0.7818314824680298,0.6234898018587336,-0.970941817426052,0.2393156642875573,14.3,5.6,12.800000000000002,1.609347693943134,23.407897916666663,43.4372225,64.34765625,130.9425,0.337618,26.0,1,4
2023-10-11,10.8,London Marylebone Road,London,Westminster,Greater London,Greater London Urban Area,Urban Traffic,51.52253,-0.154611,England,London Central,0,2,1,1,2023,10,11,2,284,41,4,0,1,8,18,Autumn,3,-0.8660254037844386,0.5000000000000001,-0.9844738167520924,0.1755314904214277,0.9749279121818236,-0.2225209339563143,-0.970941817426052,0.2393156642875573,13.0,5.7,12.700000000000005,1.7691806012954372,25.445175000000003,36.67604304347826,51.21342391304348,107.42429347826086,0.285229,28.6,2,4
2023-10-12,6.0,London Marylebone Road,London,Westminster,Greater London,Greater London Urban Area,Urban Traffic,51.52253,-0.154611,England,London Central,0,2,1,1,2023,10,12,3,285,41,4,0,1,8,18,Autumn,3,-0.8660254037844386,0.5000000000000001,-0.9813064702716092,0.1924515819708299,0.4338837391175582,-0.900968867902419,-0.970941817426052,0.2393156642875573,10.8,6.0,9.933333333333335,3.579571668975704,8.697925833333334,38.93654833333333,44.01140625,103.7053125,0.29541575,12.1,3,4
2023-10-13,5.8,London Marylebone Road,London,Westminster,Greater London,Greater London Urban Area,Urban Traffic,51.52253,-0.154611,England,London Central,0,2,1,1,2023,10,13,4,286,41,4,0,1,8,18,Autumn,3,-0.8660254037844386,0.5000000000000001,-0.9778483415056568,0.2093146459630488,-0.433883739117558,-0.9009688679024191,-0.970941817426052,0.2393156642875573,6.0,6.7,7.533333333333338,2.8307831660749976,28.03126958333333,21.48993958333333,36.0346875,68.96953125,0.2066455,16.7,4,4
2023-10-14,4.9,London Marylebone Road,London,Westminster,Greater London,Greater London Urban Area,Urban Traffic,51.52253,-0.154611,England,London Central,0,2,1,1,2023,10,14,5,287,41,4,1,0,8,18,Autumn,3,-0.8660254037844386,0.5000000000000001,-0.9741004551724206,0.226115685508288,-0.9749279121818236,-0.2225209339563146,-0.970941817426052,0.2393156642875573,5.8,8.8,5.56666666666667,0.5859465277084976,30.13507,19.41110625,36.91125,66.6984375,0.3220953333333333,13.4,5,4
2023-10-15,5.8,London Marylebone Road,London,Westminster,Greater London,Greater London Urban Area,Urban Traffic,51.52253,-0.154611,England,London Central,0,2,1,1,2023,10,15,6,288,41,4,1,0,8,18,Autumn,3,-0.8660254037844386,0.5000000000000001,-0.970063921851507,0.2428497220959358,-0.7818314824680299,0.6234898018587334,-0.970941817426052,0.2393156642875573,4.9,11.1,5.500000000000004,0.5196152422709651,24.57314086956521,19.270785,32.377031249999995,61.92515624999999,0.36817825,11.7,6,4
2023-10-16,8.4,London Marylebone Road,London,Westminster,Greater London,Greater London Urban Area,Urban Traffic,51.52253,-0.154611,England,London Central,0,2,1,1,2023,10,16,0,289,42,4,0,1,8,18,Autumn,3,-0.8660254037844386,0.5000000000000001,-0.965739937654855,0.2595117970697994,0.0,1.0,-0.9350162426854148,0.3546048870425355,5.8,14.3,6.36666666666667,1.8175074506954907,12.3234475,26.489533750000003,53.92453125,94.573125,0.3764246666666667,15.7,0,4
2023-10-17,5.8,London Marylebone Road,London,Westminster,Greater London,Greater London Urban Area,Urban Traffic,51.52253,-0.154611,England,London Central,0,2,1,1,2023,10,17,1,290,42,4,0,1,8,18,Autumn,3,-0.8660254037844386,0.5000000000000001,-0.9611297838723007,0.2760969730974688,0.7818314824680298,0.6234898018587336,-0.9350162426854148,0.3546048870425355,8.4,13.0,6.666666666666671,1.50111069989312,21.977646250000003,28.287724583333333,53.087812500000005,96.485625,0.3138489166666666,19.1,1,4
2023-10-18,6.8,London Marylebone Road,London,Westminster,Greater London,Greater London Urban Area,Urban Traffic,51.52253,-0.154611,England,London Central,0,2,1,1,2023,10,18,2,291,42,4,0,1,8,18,Autumn,3,-0.8660254037844386,0.5000000000000001,-0.9562348265919058,0.2926003356333479,0.9749279121818236,-0.2225209339563143,-0.9350162426854148,0.3546048870425355,5.8,10.8,7.000000000000004,1.3114877048605027,12.19871625,28.77105333333333,43.7325,87.8315625,0.3570213333333333,17.5,2,4
2023-10-19,5.2,London Marylebone Road,London,Westminster,Greater London,Greater London Urban Area,Urban Traffic,51.52253,-0.154611,England,London Central,0,2,1,1,2023,10,19,3,292,42,4,0,1,8,18,Autumn,3,-0.8660254037844386,0.5000000000000001,-0.9510565162951536,0.3090169943749472,0.4338837391175582,-0.900968867902419,-0.9350162426854148,0.3546048870425355,6.8,6.0,5.933333333333337,0.8082903768656631,17.121442916666666,33.66670583333333,52.55390625,104.20734375,0.3157892499999999,15.0,3,4
2023-10-20,5.5,London Marylebone Road,London,Westminster,Greater London,Greater London Urban Area,Urban Traffic,51.52253,-0.154611,England,London Central,0,2,1,1,2023,10,20,4,293,42,4,0,1,8,18,Autumn,3,-0.8660254037844386,0.5000000000000001,-0.9455963874271428,0.3253420847119795,-0.433883739117558,-0.9009688679024191,-0.9350162426854148,0.3546048870425355,5.2,5.8,5.833333333333337,0.8504900548117178,12.082300416666667,42.39260875,53.685468750000005,118.670625,0.3992235833333333,13.0,4,4
2023-10-21,4.1,London Marylebone Road,London,Westminster,Greater London,Greater London Urban Area,Urban Traffic,51.52253,-0.154611,England,London Central,0,2,1,1,2023,10,21,5,294,42,4,1,0,8,18,Autumn,3,-0.8660254037844386,0.5000000000000001,-0.9398560579418952,0.341570769167856,-0.9749279121818236,-0.2225209339563146,-0.9350162426854148,0.3546048870425355,5.5,4.9,4.933333333333337,0.7371114795834257,12.456494166666667,31.56188708333333,43.41375,91.7521875,0.3497450833333333,9.9,5,4
2023-10-22,5.7,London Marylebone Road,London,Westminster,Greater London,Greater London Urban Area,Urban Traffic,51.52253,-0.154611,England,London Central,0,2,1,1,2023,10,22,6,295,42,4,1,0,8,18,Autumn,3,-0.8660254037844386,0.5000000000000001,-0.9338372288229252,0.3576982388331254,-0.7818314824680299,0.6234898018587334,-0.9350162426854148,0.3546048870425355,4.1,5.8,5.100000000000004,0.8717797887083232,9.9785,33.96293958333333,47.175,99.23484375,0.4341495833333333,13.1,6,4
2023-10-23,8.1,London Marylebone Road,London,Westminster,Greater London,Greater London Urban Area,Urban Traffic,51.52253,-0.154611,England,London Central,0,2,1,1,2023,10,23,0,296,43,4,0,1,8,18,Autumn,3,-0.8660254037844386,0.5000000000000001,-0.9275416835791964,0.3737197147904692,0.0,1.0,-0.8854560256532101,0.464723172043768,5.7,8.4,5.966666666666671,2.0132891827389416,6.81032625,37.31505833333333,58.96875,116.14453125,0.3982534166666667,19.6,0,4
2023-10-24,8.7,London Marylebone Road,London,Westminster,Greater London,Greater London Urban Area,Urban Traffic,51.52253,-0.154611,England,London Central,0,2,1,1,2023,10,24,1,297,43,4,0,1,8,18,Autumn,3,-0.8660254037844386,0.5000000000000001,-0.9209712877166346,0.3896304495307877,0.7818314824680298,0.6234898018587336,-0.8854560256532101,0.464723172043768,8.1,5.8,7.500000000000003,1.5874507866388343,8.390255416666667,46.52948708333333,67.04109375,138.369375,0.44967225,16.9,1,4
2023-10-25,9.3,London Marylebone Road,London,Westminster,Greater London,Greater London Urban Area,Urban Traffic,51.52253,-0.154611,England,London Central,0,2,1,1,2023,10,25,2,298,43,4,0,1,8,18,Autumn,3,-0.8660254037844386,0.5000000000000001,-0.9141279881853336,0.4054257283599973,0.9749279121818236,-0.2225209339563143,-0.8854560256532101,0.464723172043768,8.7,6.8,8.700000000000003,0.6000000000001835,8.720341304347826,21.71435909090909,44.29176136363637,77.58664772727273,0.3698047058823529,17.0,2,4
2023-10-26,7.2,London Marylebone Road,London,Westminster,Greater London,Greater London Urban Area,Urban Traffic,51.52253,-0.154611,England,London Central,0,2,1,1,2023,10,26,3,299,43,4,0,1,8,18,Autumn,3,-0.8660254037844386,0.5000000000000001,-0.9070138128026362,0.4211008707960891,0.4338837391175582,-0.900968867902419,-0.8854560256532101,0.464723172043768,9.3,5.2,8.400000000000004,1.081665382639302,9.571044583333334,47.22589625,53.09578125,125.48390625,0.3366478333333333,16.8,3,4
2023-10-27,6.0,London Marylebone Road,London,Westminster,Greater London,Greater London Urban Area,Urban Traffic,51.52253,-0.154611,England,London Central,0,2,1,1,2023,10,27,4,300,43,4,0,1,8,18,Autumn,3,-0.8660254037844386,0.5000000000000001,-0.8996308696522434,0.4366512319560638,-0.433883739117558,-0.9009688679024191,-0.8854560256532101,0.464723172043768,7.2,5.5,7.500000000000004,1.6703293088490827,11.217497083333331,45.80189541666667,55.5103125,125.73890625,0.3633274166666667,14.7,4,4
2023-10-28,4.2,London Marylebone Road,London,Westminster,Greater London,Greater London Urban Area,Urban Traffic,51.52253,-0.154611,England,London Central,0,2,1,1,2023,10,28,5,301,43,4,1,0,8,18,Autumn,3,-0.8660254037844386,0.5000000000000001,-0.8919813464595487,0.4520722039323037,-0.9749279121818236,-0.2225209339563146,-0.8854560256532101,0.464723172043768,6.0,4.1,5.800000000000004,1.5099668870542495,22.0025925,23.095838333333333,39.24609375,74.6671875,0.2735869999999999,12.5,5,4
2023-10-29,3.2,London Marylebone Road,London,Westminster,Greater London,Greater London Urban Area,Urban Traffic,51.52253,-0.154611,England,London Central,0,2,1,1,2023,10,29,6,302,43,4,1,0,8,18,Autumn,3,-0.8660254037844386,0.5000000000000001,-0.8840675099433637,0.467359217158002,-0.7818314824680299,0.6234898018587334,-0.8854560256532101,0.464723172043768,4.2,5.7,4.466666666666671,1.4189197769196362,29.01248875,21.193705833333333,35.37328125,67.86984375,0.2595195833333333,10.3,6,4
2023-10-30,5.9,London Marylebone Road,London,Westminster,Greater London,Greater London Urban Area,Urban Traffic,51.52253,-0.154611,England,London Central,0,2,1,1,2023,10,30,0,303,44,4,0,1,8,18,Autumn,3,-0.8660254037844386,0.5000000000000001,-0.8758917051442433,0.4825077417612176,0.0,1.0,-0.822983865893657,0.5680647467311548,3.2,8.1,4.433333333333337,1.3650396819630086,13.213197083333334,46.95564791666666,51.6534375,123.66703125,0.3545959166666666,18.2,0,4
2023-10-31,6.7,London Marylebone Road,London,Westminster,Greater London,Greater London Urban Area,Urban Traffic,51.52253,-0.154611,England,London Central,0,2,1,1,2023,10,31,1,304,44,4,0,1,8,18,Autumn,3,-0.8660254037844386,0.5000000000000001,-0.8674563547295971,0.4975132889071803,0.7818314824680298,0.6234898018587336,-0.822983865893657,0.5680647467311548,5.9,8.7,5.26666666666667,1.833939293797276,7.944786666666666,52.1683225,47.84437500000001,127.82671875,0.3837009166666666,15.4,1,4
2023-11-01,4.1,London Marylebone Road,London,Westminster,Greater London,Greater London Urban Area,Urban Traffic,51.52253,-0.154611,England,London Central,0,2,1,1,2023,11,1,2,305,44,4,0,1,8,18,Autumn,3,-0.5000000000000004,0.8660254037844384,-0.8587639582758031,0.5123714121284235,0.9749279121818236,-0.2225209339563143,-0.822983865893657,0.5680647467311548,6.7,9.3,5.56666666666667,1.331665623695995,26.401447916666665,26.52213363636364,34.48585227272727,75.13517045454545,0.2465066956521739,13.8,2,4
2023-11-02,3.1,London Marylebone Road,London,Westminster,Greater London,Greater London Urban Area,Urban Traffic,51.52253,-0.154611,England,London Central,0,2,1,1,2023,11,2,3,306,44,4,0,1,8,18,Autumn,3,-0.5000000000000004,0.8660254037844384,-0.8498170915275277,0.5270777086423724,0.4338837391175582,-0.900968867902419,-0.822983865893657,0.5680647467311548,4.1,7.2,4.633333333333337,1.8583146486356037,27.682022083333333,31.4257235,38.7759375,86.9900625,0.2595195833333333,8.4,3,4
2023-11-03,5.9,London Marylebone Road,London,Westminster,Greater London,Greater London Urban Area,Urban Traffic,51.52253,-0.154611,England,London Central,0,2,1,1,2023,11,3,4,307,44,4,0,1,8,18,Autumn,3,-0.5000000000000004,0.8660254037844384,-0.8406184056344783,0.5416278206559811,-0.433883739117558,-0.9009688679024191,-0.822983865893657,0.5680647467311548,3.1,6.0,4.366666666666671,1.4189197769196376,19.4081825,44.13882875,41.62078125,109.2834375,0.3473196666666667,15.9,4,4
2023-11-04,7.1,London Marylebone Road,London,Westminster,Greater London,Greater London Urban Area,Urban Traffic,51.52253,-0.154611,England,London Central,0,2,1,1,2023,11,4,5,308,44,4,1,0,8,18,Autumn,3,-0.5000000000000004,0.8660254037844384,-0.8311706263658079,0.5560174366570446,-0.9749279121818236,-0.2225209339563146,-0.822983865893657,0.5680647467311548,5.9,4.2,5.366666666666671,2.05264057577883,22.010907916666667,23.77145916666667,36.8315625,73.28859375,0.337618,15.6,5,4
2023-11-05,9.4,London Marylebone Road,London,Westminster,Greater London,Greater London Urban Area,Urban Traffic,51.52253,-0.154611,England,London Central,0,2,1,1,2023,11,5,6,309,44,4,1,0,8,18,Autumn,3,-0.5000000000000004,0.8660254037844384,-0.8214765533024145,0.5702422926917867,-0.7818314824680299,0.6234898018587334,-0.822983865893657,0.5680647467311548,7.1,3.2,7.466666666666671,1.778576209593954,20.36445541666667,20.086727083333333,29.60390625,60.42703125,0.33034175,15.7,6,4
2023-11-06,6.8,London Marylebone Road,London,Westminster,Greater London,Greater London Urban Area,Urban Traffic,51.52253,-0.154611,England,London Central,0,2,1,1,2023,11,6,0,310,45,4,0,1,8,18,Autumn,3,-0.5000000000000004,0.8660254037844384,-0.8115390590073611,0.5842981736283683,0.0,1.0,-0.7485107481711011,0.6631226582407952,9.4,5.9,7.76666666666667,1.4224392195568814,20.015207916666665,39.52856391304348,42.75684782608696,103.34983695652171,0.3245207499999999,16.1,0,4
2023-11-07,6.2,London Marylebone Road,London,Westminster,Greater London,Greater London Urban Area,Urban Traffic,51.52253,-0.154611,England,London Central,0,2,1,1,2023,11,7,1,311,45,4,0,1,8,18,Autumn,3,-0.5000000000000004,0.8660254037844384,-0.801361088174677,0.5981809144059159,0.7818314824680298,0.6234898018587336,-0.7485107481711011,0.6631226582407952,6.8,6.7,7.466666666666671,1.7009801096231538,13.678860416666666,51.77334416666667,53.71734375,133.11,0.3749694166666666,15.7,1,4
2023-11-08,5.9,London Marylebone Road,London,Westminster,Greater London,Greater London Urban Area,Urban Traffic,51.52253,-0.154611,England,London Central,0,2,1,1,2023,11,8,2,312,45,4,0,1,8,18,Autumn,3,-0.5000000000000004,0.8660254037844384,-0.7909456567567774,0.6118864012687242,0.9749279121818236,-0.2225209339563143,-0.7485107481711011,0.6631226582407952,6.2,4.1,6.300000000000004,0.4582575694959013,15.250474166666663,39.15979695652174,58.3229347826087,118.34217391304348,0.3381241739130435,14.9,2,4
2023-11-09,5.5,London Marylebone Road,London,Westminster,Greater London,Greater London Urban Area,Urban Traffic,51.52253,-0.154611,England,London Central,0,2,1,1,2023,11,9,3,313,45,4,0,1,8,18,Autumn,3,-0.5000000000000004,0.8660254037844384,-0.780295851070776,0.6254105729852457,0.4338837391175582,-0.900968867902419,-0.7485107481711011,0.6631226582407952,5.9,3.1,5.86666666666667,0.3511884584288549,17.12975833333333,43.82180666666667,58.2196875,125.428125,0.3827307499999999,15.2,3,4
2023-11-10,6.3,London Marylebone Road,London,Westminster,Greater London,Greater London Urban Area,Urban Traffic,51.52253,-0.154611,England,London Central,0,2,1,1,2023,11,10,4,314,45,4,0,1,8,18,Autumn,3,-0.5000000000000004,0.8660254037844384,-0.7694148268839381,0.6387494220515268,-0.433883739117558,-0.9009688679024191,-0.7485107481711011,0.6631226582407952,5.5,5.9,5.900000000000003,0.4000000000003765,18.518432916666665,30.89146333333333,48.864375,96.2146875,0.3744843333333333,13.8,4,4
2023-11-11,12.0,London Marylebone Road,London,Westminster,Greater London,Greater London Urban Area,Urban Traffic,51.52253,-0.154611,England,London Central,0,2,1,1,2023,11,11,5,315,45,4,1,0,8,18,Autumn,3,-0.5000000000000004,0.8660254037844384,-0.7583058084785625,0.6518989958787125,-0.9749279121818236,-0.2225209339563146,-0.7485107481711011,0.6631226582407952,6.3,7.1,7.933333333333337,3.544479275342653,7.749968333333332,55.40090833333334,57.271406250000005,142.21828125,0.5301960833333333,20.8,5,4
2023-11-12,13.6,London Marylebone Road,London,Westminster,Greater London,Greater London Urban Area,Urban Traffic,51.52253,-0.154611,England,London Central,0,2,1,1,2023,11,12,6,316,45,4,1,0,8,18,Autumn,3,-0.5000000000000004,0.8660254037844384,-0.7469720876965551,0.6648553979642866,-0.7818314824680299,0.6234898018587334,-0.7485107481711011,0.6631226582407952,12.0,9.4,10.633333333333336,3.837099599089592,7.425667083333334,26.58827833333333,49.15921875,89.92734374999999,0.45258275,20.3,6,4
2023-11-13,5.3,London Marylebone Road,London,Westminster,Greater London,Greater London Urban Area,Urban Traffic,51.52253,-0.154611,England,London Central,0,2,1,1,2023,11,13,0,317,46,4,0,1,8,18,Autumn,3,-0.5000000000000004,0.8660254037844384,-0.7354170229639858,0.6776147890466887,0.0,1.0,-0.6631226582407955,0.7485107481711007,13.6,6.8,10.300000000000002,4.40340777126082,27.174781666666664,25.299401666666668,42.54515625,81.313125,0.3119085833333333,18.1,0,4
2023-11-14,6.4,London Marylebone Road,London,Westminster,Greater London,Greater London Urban Area,Urban Traffic,51.52253,-0.154611,England,London Central,0,2,1,1,2023,11,14,1,318,46,4,0,1,8,18,Autumn,3,-0.5000000000000004,0.8660254037844384,-0.7236440382959123,0.690173388242972,0.7818314824680298,0.6234898018587336,-0.6631226582407955,0.7485107481711007,5.3,6.2,8.433333333333335,4.508140784551162,18.98409625,43.30209833333333,53.39859375,119.78625,0.3861263333333333,21.7,1,4
2023-11-15,6.4,London Marylebone Road,London,Westminster,Greater London,Greater London Urban Area,Urban Traffic,51.52253,-0.154611,England,London Central,0,2,1,1,2023,11,15,2,319,46,4,0,1,8,18,Autumn,3,-0.5000000000000004,0.8660254037844384,-0.7116566222817751,0.7025274741691566,0.9749279121818236,-0.2225209339563143,-0.6631226582407955,0.7485107481711007,6.4,5.9,6.033333333333336,0.6350852961088105,13.105096666666666,46.207267916666666,57.79734375,128.6634375,0.3812755,18.2,2,4
2023-11-16,10.9,London Marylebone Road,London,Westminster,Greater London,Greater London Urban Area,Urban Traffic,51.52253,-0.154611,England,London Central,0,2,1,1,2023,11,16,3,320,46,4,0,1,8,18,Autumn,3,-0.5000000000000004,0.8660254037844384,-0.6994583270516471,0.7146733860429609,0.4338837391175582,-0.900968867902419,-0.6631226582407955,0.7485107481711007,6.4,5.5,7.900000000000003,2.5980762113533618,5.721006666666667,29.10366666666667,52.69734375,97.33828125,0.3153041666666666,23.8,3,4
2023-11-17,9.8,London Marylebone Road,London,Westminster,Greater London,Greater London Urban Area,Urban Traffic,51.52253,-0.154611,England,London Central,0,2,1,1,2023,11,17,4,321,46,4,0,1,8,18,Autumn,3,-0.5000000000000004,0.8660254037844384,-0.6870527672236675,0.726607524768565,-0.433883739117558,-0.9009688679024191,-0.6631226582407955,0.7485107481711007,10.9,6.3,9.033333333333337,2.345918441321766,7.500505833333331,61.48669291666667,64.96921875,159.2315625,0.4162014999999999,24.1,4,4
2023-11-18,4.5,London Marylebone Road,London,Westminster,Greater London,Greater London Urban Area,Urban Traffic,51.52253,-0.154611,England,London Central,0,2,1,1,2023,11,18,5,322,46,4,1,0,8,18,Autumn,3,-0.5000000000000004,0.8660254037844384,-0.6744436188329457,0.7383263540031063,-0.9749279121818236,-0.2225209339563146,-0.6631226582407955,0.7485107481711007,9.8,12.0,8.400000000000004,3.421987726453767,24.247755,22.70605708333333,34.9509375,69.76640625,0.22847425,12.3,5,4
2023-11-19,5.0,London Marylebone Road,London,Westminster,Greater London,Greater London Urban Area,Urban Traffic,51.52253,-0.154611,England,London Central,0,2,1,1,2023,11,19,6,323,46,4,1,0,8,18,Autumn,3,-0.5000000000000004,0.8660254037844384,-0.661634618242279,0.749826401204568,-0.7818314824680299,0.6234898018587334,-0.6631226582407955,0.7485107481711007,4.5,13.6,6.433333333333337,2.9263173671585245,36.41320958333333,16.194111666666668,29.9465625,54.78515625,0.23138475,18.9,6,4
2023-11-20,4.3,London Marylebone Road,London,Westminster,Greater London,Greater London Urban Area,Urban Traffic,51.52253,-0.154611,England,London Central,0,2,1,1,2023,11,20,0,324,47,4,0,1,8,18,Autumn,3,-0.5000000000000004,0.8660254037844384,-0.6486295610349818,0.7611042586607742,0.0,1.0,-0.5680647467311559,0.8229838658936564,5.0,5.3,4.600000000000004,0.3605551275468172,27.9398,18.174200416666668,33.628125000000004,61.502812500000005,0.2367206666666667,13.8,0,4
2023-11-21,2.3,London Marylebone Road,London,Westminster,Greater London,Greater London Urban Area,Urban Traffic,51.52253,-0.154611,England,London Central,0,2,1,1,2023,11,21,1,325,47,4,0,1,8,18,Autumn,3,-0.5000000000000004,0.8660254037844384,-0.6354323008901775,0.7721565844991641,0.7818314824680298,0.6234898018587336,-0.5680647467311559,0.8229838658936564,4.3,6.4,3.8666666666666702,1.4011899704656932,24.114708333333336,8.3880925,12.27984375,25.1334375,0.20227975,7.5,1,4
2023-11-22,10.3,London Marylebone Road,London,Westminster,Greater London,Greater London Urban Area,Urban Traffic,51.52253,-0.154611,England,London Central,0,2,1,1,2023,11,22,2,326,47,4,0,1,8,18,Autumn,3,-0.5000000000000004,0.8660254037844384,-0.622046748440868,0.7829801036770625,0.9749279121818236,-0.2225209339563143,-0.5680647467311559,0.8229838658936564,2.3,6.4,5.633333333333337,4.1633319989323,6.325501304347825,67.82058173913043,45.99978260869565,150.04809782608694,0.4084823478260869,21.3,2,4
2023-11-23,6.7,London Marylebone Road,London,Westminster,Greater London,Greater London Urban Area,Urban Traffic,51.52253,-0.154611,England,London Central,0,2,1,1,2023,11,23,3,327,47,4,0,1,8,18,Autumn,3,-0.5000000000000004,0.8660254037844384,-0.6084768701151264,0.7935716089521472,0.4338837391175582,-0.900968867902419,-0.5680647467311559,0.8229838658936564,10.3,10.9,6.433333333333337,4.006661120351159,14.302516666666667,37.41380291666667,43.724531250000005,101.0915625,0.2755273333333333,15.2,3,4
2023-11-24,4.7,London Marylebone Road,London,Westminster,Greater London,Greater London Urban Area,Urban Traffic,51.52253,-0.154611,England,London Central,0,2,1,1,2023,11,24,4,328,47,4,0,1,8,18,Autumn,3,-0.5000000000000004,0.8660254037844384,-0.594726686960764,0.8039279618328208,-0.433883739117558,-0.9009688679024191,-0.5680647467311559,0.8229838658936564,6.7,9.8,7.233333333333338,2.83783955383908,46.79084958333333,5.415360833333334,16.734375,25.02984375,0.2493328333333333,12.2,4,4
2023-11-25,11.3,London Marylebone Road,London,Westminster,Greater London,Greater London Urban Area,Urban Traffic,51.52253,-0.154611,England,London Central,0,2,1,1,2023,11,25,5,329,47,4,1,0,8,18,Autumn,3,-0.5000000000000004,0.8660254037844384,-0.5808002734538013,0.8140460935082175,-0.9749279121818236,-0.2225209339563146,-0.5680647467311559,0.8229838658936564,4.7,4.5,7.56666666666667,3.3842773723992514,18.767895416666665,34.03569875,44.6728125,96.8521875,0.4360899166666667,21.4,5,4
2023-11-26,9.8,London Marylebone Road,London,Westminster,Greater London,Greater London Urban Area,Urban Traffic,51.52253,-0.154611,England,London Central,0,2,1,1,2023,11,26,6,330,47,4,1,0,8,18,Autumn,3,-0.5000000000000004,0.8660254037844384,-0.5667017562911184,0.8239230057575536,-0.7818314824680299,0.6234898018587334,-0.5680647467311559,0.8229838658936564,11.3,5.0,8.600000000000003,3.459768778401272,4.307385833333334,53.337666250000005,52.880625,134.67984375,0.5956823333333333,,6,4
2023-11-27,8.3,London Marylebone Road,London,Westminster,Greater London,Greater London Urban Area,Urban Traffic,51.52253,-0.154611,England,London Central,0,2,1,1,2023,11,27,0,331,48,4,0,1,8,18,Autumn,3,-0.5000000000000004,0.8660254037844384,-0.5524353131676203,0.8335557718385695,0.0,1.0,-0.4647231720437684,0.88545602565321,9.8,4.3,9.800000000000004,1.5000000000000682,22.95886541666667,21.42757458333333,28.902656250000003,61.7578125,0.2861991666666666,,0,4
2023-11-28,6.8,London Marylebone Road,London,Westminster,Greater London,Greater London Urban Area,Urban Traffic,51.52253,-0.154611,England,London Central,0,2,1,1,2023,11,28,1,332,48,4,0,1,8,18,Autumn,3,-0.5000000000000004,0.8660254037844384,-0.5380051715382992,0.8429415373547832,0.7818314824680298,0.6234898018587336,-0.4647231720437684,0.88545602565321,8.3,2.3,8.300000000000004,1.5000000000000755,19.641014166666668,33.058647083333334,35.27765625,85.97484374999999,0.38564125,15.7,1,4
2023-11-29,13.2,London Marylebone Road,London,Westminster,Greater London,Greater London Urban Area,Urban Traffic,51.52253,-0.154611,England,London Central,0,2,1,1,2023,11,29,2,333,48,4,0,1,8,18,Autumn,3,-0.5000000000000004,0.8660254037844384,-0.5234156073655503,0.8520775211013093,0.9749279121818236,-0.2225209339563143,-0.4647231720437684,0.88545602565321,6.8,10.3,9.433333333333335,3.347138081007944,7.924592083333334,28.81263,44.0353125,88.19015625000002,0.4341495833333333,23.2,2,4
2023-11-30,11.2,London Marylebone Road,London,Westminster,Greater London,Greater London Urban Area,Urban Traffic,51.52253,-0.154611,England,London Central,0,2,1,1,2023,11,30,3,334,48,4,0,1,8,18,Autumn,3,-0.5000000000000004,0.8660254037844384,-0.5086709438521042,0.8609610158889945,0.4338837391175582,-0.900968867902419,-0.4647231720437684,0.88545602565321,13.2,6.7,10.400000000000004,3.2741411087490104,8.6314025,13.491628333333331,33.89109375,54.55406249999999,0.4152313333333333,16.7,3,4
2023-12-01,11.1,London Marylebone Road,London,Westminster,Greater London,Greater London Urban Area,Urban Traffic,51.52253,-0.154611,England,London Central,0,2,1,1,2023,12,1,4,335,48,4,0,1,8,18,Winter,0,-2.4492935982947064e-16,1.0,-0.4937755501599773,0.8695893893466109,-0.433883739117558,-0.9009688679024191,-0.4647231720437684,0.88545602565321,11.2,4.7,11.833333333333336,1.1846237095945338,12.115562083333332,16.344827083333332,26.84671875,51.9084375,0.42056725,15.3,4,4
2023-12-02,18.4,London Marylebone Road,London,Westminster,Greater London,Greater London Urban Area,Urban Traffic,51.52253,-0.154611,England,London Central,0,2,1,1,2023,12,2,5,336,48,4,1,0,8,18,Winter,0,-2.4492935982947064e-16,1.0,-0.4787338401157883,0.8779600847008883,-0.9749279121818236,-0.2225209339563146,-0.4647231720437684,0.88545602565321,11.1,11.3,13.566666666666668,4.186088070422491,9.695775833333334,61.81410916666667,40.72828125,135.5165625,0.6223619166666666,26.1,5,4
2023-12-03,9.4,London Marylebone Road,London,Westminster,Greater London,Greater London Urban Area,Urban Traffic,51.52253,-0.154611,England,London Central,0,2,1,1,2023,12,3,6,337,48,4,1,0,8,18,Winter,0,-2.4492935982947064e-16,1.0,-0.4635502709028512,0.8860706215341378,-0.7818314824680299,0.6234898018587334,-0.4647231720437684,0.88545602565321,18.4,9.8,12.966666666666669,4.781561809004825,11.79957625,36.56148125,44.0671875,100.12734375,0.5234049166666667,17.0,6,4
2023-12-04,6.2,London Marylebone Road,London,Westminster,Greater London,Greater London Urban Area,Urban Traffic,51.52253,-0.154611,England,London Central,0,2,1,1,2023,12,4,0,338,49,4,0,1,8,18,Winter,0,-2.4492935982947064e-16,1.0,-0.4482293417404106,0.893918596519257,0.0,1.0,-0.3546048870425359,0.9350162426854148,9.4,8.3,11.333333333333336,6.325609325063754,28.37220166666667,16.57869583333333,23.4440625,48.9121875,0.3589616666666667,9.8,0,4
2023-12-05,5.8,London Marylebone Road,London,Westminster,Greater London,Greater London Urban Area,Urban Traffic,51.52253,-0.154611,England,London Central,0,2,1,1,2023,12,5,1,339,49,4,0,1,8,18,Winter,0,-2.4492935982947064e-16,1.0,-0.4327755925504317,0.9015016841318838,0.7818314824680298,0.6234898018587336,-0.3546048870425359,0.9350162426854148,6.2,6.8,7.133333333333336,1.9731531449265631,23.9982925,11.84935,28.33232142857143,46.47375,0.1363777142857143,9.8,1,4
2023-12-06,13.9,London Marylebone Road,London,Westminster,Greater London,Greater London Urban Area,Urban Traffic,51.52253,-0.154611,England,London Central,0,2,1,1,2023,12,6,2,340,49,4,0,1,8,18,Winter,0,-2.4492935982947064e-16,1.0,-0.4171936026123169,0.9088176373395028,0.9749279121818236,-0.2225209339563143,-0.3546048870425359,0.9350162426854148,5.8,13.2,8.633333333333335,4.565449959569546,7.338035384615384,65.55374956521739,57.73255434782609,158.23027173913042,0.2964232307692307,26.1,2,4
2023-12-07,7.7,London Marylebone Road,London,Westminster,Greater London,Greater London Urban Area,Urban Traffic,51.52253,-0.154611,England,London Central,0,2,1,1,2023,12,7,3,341,49,4,0,1,8,18,Winter,0,-2.4492935982947064e-16,1.0,-0.4014879892059737,0.9158642882672868,0.4338837391175582,-0.900968867902419,-0.3546048870425359,0.9350162426854148,13.9,11.2,9.133333333333336,4.235957192103522,18.785610869565215,32.097186666666666,42.106875,91.34578125,0.2546054782608696,14.3,3,4
2023-12-08,9.7,London Marylebone Road,London,Westminster,Greater London,Greater London Urban Area,Urban Traffic,51.52253,-0.154611,England,London Central,0,2,1,1,2023,12,8,4,342,49,4,0,1,8,18,Winter,0,-2.4492935982947064e-16,1.0,-0.3856634062436074,0.9226395488404876,-0.433883739117558,-0.9009688679024191,-0.3546048870425359,0.9350162426854148,7.7,11.1,10.433333333333335,3.164385143014917,14.89291125,55.697142083333326,62.30765625,147.7246875,0.3269461666666666,31.0,4,4
2023-12-09,6.1,London Marylebone Road,London,Westminster,Greater London,Greater London Urban Area,Urban Traffic,51.52253,-0.154611,England,London Central,0,2,1,1,2023,12,9,5,343,49,4,1,0,8,18,Winter,0,-2.4492935982947064e-16,1.0,-0.3697245428906732,0.9291414114031744,-0.9749279121818236,-0.2225209339563146,-0.3546048870425359,0.9350162426854148,9.7,18.4,7.833333333333336,1.8036999011292263,33.12030458333333,24.40030625,44.625,82.0303125,0.2682510833333333,17.2,5,4
2023-12-10,7.4,London Marylebone Road,London,Westminster,Greater London,Greater London Urban Area,Urban Traffic,51.52253,-0.154611,England,London Central,0,2,1,1,2023,12,10,6,344,49,4,1,0,8,18,Winter,0,-2.4492935982947064e-16,1.0,-0.353676122176372,0.935367949313148,-0.7818314824680299,0.6234898018587334,-0.3546048870425359,0.9350162426854148,6.1,9.4,7.733333333333335,1.8230011885167767,31.00818875,24.971985416666666,45.07921875,83.36109375,0.30996825,22.7,6,4
2023-12-11,8.1,London Marylebone Road,London,Westminster,Greater London,Greater London Urban Area,Urban Traffic,51.52253,-0.154611,England,London Central,0,2,1,1,2023,12,11,0,345,50,4,0,1,8,18,Winter,0,-2.4492935982947064e-16,1.0,-0.3375228995941134,0.941317317512847,0.0,1.0,-0.2393156642875578,0.970941817426052,7.4,6.2,7.200000000000003,1.0148891565093496,21.9028075,49.07086083333333,61.87734375,137.11828125,0.3468345833333333,23.0,0,4
2023-12-12,6.1,London Marylebone Road,London,Westminster,Greater London,Greater London Urban Area,Urban Traffic,51.52253,-0.154611,England,London Central,0,2,1,1,2023,12,12,1,346,50,4,0,1,8,18,Winter,0,-2.4492935982947064e-16,1.0,-0.3212696616923651,0.9469877530760752,0.7818314824680298,0.6234898018587336,-0.2393156642875578,0.970941817426052,8.1,5.8,7.200000000000003,1.0148891565093496,15.1174275,52.39179708333333,65.42343749999999,145.7484375,0.3356776666666667,14.0,1,4
2023-12-13,3.8,London Marylebone Road,London,Westminster,Greater London,Greater London Urban Area,Urban Traffic,51.52253,-0.154611,England,London Central,0,2,1,1,2023,12,13,2,347,50,4,0,1,8,18,Winter,0,-2.4492935982947064e-16,1.0,-0.3049212246562894,0.9523775757303972,0.9749279121818236,-0.2225209339563143,-0.2393156642875578,0.970941817426052,6.1,13.9,6.000000000000003,2.1517434791350665,24.17291625,12.556153333333333,23.64328125,42.87984375,0.2008245,7.3,2,4
2023-12-14,11.9,London Marylebone Road,London,Westminster,Greater London,Greater London Urban Area,Urban Traffic,51.52253,-0.154611,England,London Central,0,2,1,1,2023,12,14,3,348,50,4,0,1,8,18,Winter,0,-2.4492935982947064e-16,1.0,-0.2884824328806098,0.9574851883550388,0.4338837391175582,-0.900968867902419,-0.2393156642875578,0.970941817426052,3.8,7.7,7.266666666666668,4.174126655161962,6.66064875,100.04905125,61.741875,215.15625,0.4491871666666667,23.4,3,4
2023-12-15,14.2,London Marylebone Road,London,Westminster,Greater London,Greater London Urban Area,Urban Traffic,51.52253,-0.154611,England,London Central,0,2,1,1,2023,12,15,4,349,50,4,0,1,8,18,Winter,0,-2.4492935982947064e-16,1.0,-0.2719581575341052,0.9623090774541488,-0.433883739117558,-0.9009688679024191,-0.2393156642875578,0.970941817426052,11.9,9.7,9.966666666666669,5.462905209989786,2.36989375,93.34481375,72.07734375,215.21203125,0.4302689166666666,37.7,4,4
2023-12-16,5.4,London Marylebone Road,London,Westminster,Greater London,Greater London Urban Area,Urban Traffic,51.52253,-0.154611,England,London Central,0,2,1,1,2023,12,16,5,350,50,4,1,0,8,18,Winter,0,-2.4492935982947064e-16,1.0,-0.2553532951161881,0.9668478136052772,-0.9749279121818236,-0.2225209339563146,-0.2393156642875578,0.970941817426052,14.2,6.1,10.500000000000002,4.563989482897632,20.023523333333333,35.80270708333333,46.059375,100.97203125,0.2342952499999999,12.7,5,4
2023-12-17,6.6,London Marylebone Road,London,Westminster,Greater London,Greater London Urban Area,Urban Traffic,51.52253,-0.154611,England,London Central,0,2,1,1,2023,12,17,6,351,50,4,1,0,8,18,Winter,0,-2.4492935982947064e-16,1.0,-0.2386727660059499,0.9711000518829505,-0.7818314824680299,0.6234898018587334,-0.2393156642875578,0.970941817426052,5.4,7.4,8.733333333333336,4.772141378179565,33.05378125,23.98973666666667,37.2778125,74.02968750000001,0.2498179166666666,18.4,6,4
2023-12-18,6.3,London Marylebone Road,London,Westminster,Greater London,Greater London Urban Area,Urban Traffic,51.52253,-0.154611,England,London Central,0,2,1,1,2023,12,18,0,352,51,4,0,1,8,18,Winter,0,-2.4492935982947064e-16,1.0,-0.2219215130041667,0.9750645322571944,0.0,1.0,-0.1205366802553236,0.992708874098054,6.6,8.1,6.100000000000002,0.6244997998400543,36.138800833333335,28.05905291666667,41.788125,84.79546875,0.2085858333333333,22.8,0,4
2023-12-19,4.4,London Marylebone Road,London,Westminster,Greater London,Greater London Urban Area,Urban Traffic,51.52253,-0.154611,England,London Central,0,2,1,1,2023,12,19,1,353,51,4,0,1,8,18,Winter,0,-2.4492935982947064e-16,1.0,-0.2051044998686192,0.9787400799669153,0.7818314824680298,0.6234898018587336,-0.1205366802553236,0.992708874098054,6.3,6.1,5.766666666666669,1.1930353445449997,30.80861875,20.75195375,39.015,70.81828125,0.2134366666666667,12.0,1,4
2023-12-20,5.6,London Marylebone Road,London,Westminster,Greater London,Greater London Urban Area,Urban Traffic,51.52253,-0.154611,England,London Central,0,2,1,1,2023,12,20,2,354,51,4,0,1,8,18,Winter,0,-2.4492935982947064e-16,1.0,-0.1882267098432439,0.9821256058680006,0.9749279121818236,-0.2225209339563143,-0.1205366802553236,0.992708874098054,4.4,3.8,5.433333333333336,0.96090235369345,16.63083333333333,40.422914166666665,54.46640625,116.4553125,0.2915561739130434,15.9,2,4
2023-12-21,4.1,London Marylebone Road,London,Westminster,Greater London,Greater London Urban Area,Urban Traffic,51.52253,-0.154611,England,London Central,0,2,1,1,2023,12,21,3,355,51,4,0,1,8,18,Winter,0,-2.4492935982947064e-16,1.0,-0.1712931441814778,0.9852201067560606,0.4338837391175582,-0.900968867902419,-0.1205366802553236,0.992708874098054,5.6,11.9,4.700000000000002,0.7937253933195609,40.29650916666667,14.177643333333334,31.2215625,52.92046875,0.1726896666666666,10.7,3,4
2023-12-22,3.7,London Marylebone Road,London,Westminster,Greater London,Greater London Urban Area,Urban Traffic,51.52253,-0.154611,England,London Central,0,2,1,1,2023,12,22,4,356,51,4,0,1,8,18,Winter,0,-2.4492935982947064e-16,1.0,-0.154308820664281,0.9880226656636976,-0.433883739117558,-0.9009688679024191,-0.1205366802553236,0.992708874098054,4.1,14.2,4.466666666666669,1.0016652800879289,39.1656125,14.151657916666666,34.56046875,56.29125,0.1988841666666666,8.6,4,4
2023-12-23,3.4,London Marylebone Road,London,Westminster,Greater London,Greater London Urban Area,Urban Traffic,51.52253,-0.154611,England,London Central,0,2,1,1,2023,12,23,5,357,51,4,1,0,8,18,Winter,0,-2.4492935982947064e-16,1.0,-0.1372787721132651,0.9905324521322229,-0.9749279121818236,-0.2225209339563146,-0.1205366802553236,0.992708874098054,3.7,5.4,3.733333333333336,0.3511884584288635,39.74769166666667,16.848944166666666,36.63234375,62.46703125,0.221198,8.6,5,4
2023-12-24,1.9,London Marylebone Road,London,Westminster,Greater London,Greater London Urban Area,Urban Traffic,51.52253,-0.154611,England,London Central,0,2,1,1,2023,12,24,6,358,51,4,1,0,8,18,Winter,0,-2.4492935982947064e-16,1.0,-0.1202080448993527,0.9927487224577402,-0.7818314824680299,0.6234898018587334,-0.1205366802553236,0.992708874098054,3.4,6.6,3.000000000000002,0.9643650760994616,46.12561625,11.386809583333331,22.894218750000004,40.35375,0.197914,5.1,6,4
2023-12-25,2.3,London Marylebone Road,London,Westminster,Greater London,Greater London Urban Area,Urban Traffic,51.52253,-0.154611,England,London Central,0,2,1,1,2023,12,25,0,359,52,4,0,1,8,18,Winter,0,-2.4492935982947064e-16,1.0,-0.1031016974474354,0.9946708199115212,0.0,1.0,6.432490598706546e-16,1.0,1.9,6.3,2.5333333333333354,0.7767453465156139,41.26941291666667,13.709905833333332,27.32484375,48.36234375,0.25757925,4.9,0,4
2023-12-26,6.3,London Marylebone Road,London,Westminster,Greater London,Greater London Urban Area,Urban Traffic,51.52253,-0.154611,England,London Central,0,2,1,1,2023,12,26,1,360,52,4,0,1,8,18,Winter,0,-2.4492935982947064e-16,1.0,-0.0859647987374467,0.9962981749346076,0.7818314824680298,0.6234898018587336,6.432490598706546e-16,1.0,2.3,4.4,3.500000000000002,2.433105012119352,28.31399375,21.469829130434785,41.78396739130435,74.70391304347827,0.3089980833333333,17.9,1,4
2023-12-27,5.4,London Marylebone Road,London,Westminster,Greater London,Greater London Urban Area,Urban Traffic,51.52253,-0.154611,England,London Central,0,2,1,1,2023,12,27,2,361,52,4,0,1,8,18,Winter,0,-2.4492935982947064e-16,1.0,-0.0688024268023206,0.9976303053065856,0.9749279121818236,-0.2225209339563143,6.432490598706546e-16,1.0,6.3,5.6,4.666666666666669,2.098412098071689,37.08675833333333,13.216182916666668,30.297187500000003,50.5378125,0.2352654166666666,14.1,2,4
2023-12-28,6.8,London Marylebone Road,London,Westminster,Greater London,Greater London Urban Area,Urban Traffic,51.52253,-0.154611,England,London Central,0,2,1,1,2023,12,28,3,362,52,4,0,1,8,18,Winter,0,-2.4492935982947064e-16,1.0,-0.0516196672232541,0.998666816288476,0.4338837391175582,-0.900968867902419,6.432490598706546e-16,1.0,5.4,4.1,6.166666666666669,0.7094598884599481,49.451782916666666,14.977994166666669,27.86671875,50.80875,0.2066455,24.7,3,4
2023-12-29,4.3,London Marylebone Road,London,Westminster,Greater London,Greater London Urban Area,Urban Traffic,51.52253,-0.154611,England,London Central,0,2,1,1,2023,12,29,4,363,52,4,0,1,8,18,Winter,0,-2.4492935982947064e-16,1.0,-0.0344216116227458,0.9994074007397048,-0.433883739117558,-0.9009688679024191,6.432490598706546e-16,1.0,6.8,3.7,5.500000000000003,1.2529964086142786,33.81048416666667,23.262145,38.6484375,74.3165625,0.2580643333333333,13.5,4,4
2023-12-30,4.2,London Marylebone Road,London,Westminster,Greater London,Greater London Urban Area,Urban Traffic,51.52253,-0.154611,England,London Central,0,2,1,1,2023,12,30,5,364,52,4,1,0,8,18,Winter,0,-2.4492935982947064e-16,1.0,-0.0172133561558352,0.9998518392091162,-0.9749279121818236,-0.2225209339563146,6.432490598706546e-16,1.0,4.3,3.4,5.100000000000002,1.4730919862657206,35.706399166666664,14.941614583333331,33.7715625,56.673750000000005,0.2265339166666666,13.8,5,4
2023-12-31,3.4,London Marylebone Road,London,Westminster,Greater London,Greater London Urban Area,Urban Traffic,51.52253,-0.154611,England,London Central,0,2,1,1,2023,12,31,6,365,52,4,1,0,8,18,Winter,0,-2.4492935982947064e-16,1.0,6.432490598706546e-16,1.0,-0.7818314824680299,0.6234898018587334,6.432490598706546e-16,1.0,4.2,1.9,3.966666666666669,0.4932882862319316,46.42497125,16.220097083333332,28.815,53.6775,0.2178024166666666,9.8,6,4
2024-01-01,4.3,London Marylebone Road,London,Westminster,Greater London,Greater London Urban Area,Urban Traffic,51.52253,-0.154611,England,London Central,0,2,1,1,2024,1,1,0,1,1,1,0,1,8,18,Winter,0,0.4999999999999999,0.8660254037844387,0.0172133561558346,0.9998518392091162,0.0,1.0,0.120536680255323,0.992708874098054,3.4,2.3,3.966666666666669,0.4932882862319316,33.01220416666667,21.666640416666667,39.4771875,72.69890625000001,0.2207129166666666,14.3,0,1
2024-01-02,3.5,London Marylebone Road,London,Westminster,Greater London,Greater London Urban Area,Urban Traffic,51.52253,-0.154611,England,London Central,0,2,1,1,2024,1,2,1,2,1,1,0,1,8,18,Winter,0,0.4999999999999999,0.8660254037844387,0.0344216116227457,0.9994074007397048,0.7818314824680298,0.6234898018587336,0.120536680255323,0.992708874098054,4.3,6.3,3.733333333333336,0.4932882862319348,43.32332083333333,17.33747,33.6440625,60.2278125,0.1552266666666666,10.7,1,1
2024-01-03,5.3,London Marylebone Road,London,Westminster,Greater London,Greater London Urban Area,Urban Traffic,51.52253,-0.154611,England,London Central,0,2,1,1,2024,1,3,2,3,1,1,0,1,8,18,Winter,0,0.4999999999999999,0.8660254037844387,0.0516196672232537,0.998666816288476,0.9749279121818236,-0.2225209339563143,0.120536680255323,0.992708874098054,3.5,5.4,4.366666666666668,0.9018499505647438,29.510329130434783,24.918884782608696,44.48641304347826,82.68652173913043,0.1822226086956521,16.0,2,1
2024-01-04,5.0,London Marylebone Road,London,Westminster,Greater London,Greater London Urban Area,Urban Traffic,51.52253,-0.154611,England,London Central,0,2,1,1,2024,1,4,3,4,1,1,0,1,8,18,Winter,0,0.4999999999999999,0.8660254037844387,0.0688024268023198,0.9976303053065856,0.4338837391175582,-0.900968867902419,0.120536680255323,0.992708874098054,5.3,6.8,4.600000000000002,0.9643650760994484,27.75686083333333,28.5319875,46.0115625,89.76,0.26631075,14.9,3,1
2024-01-05,6.5,London Marylebone Road,London,Westminster,Greater London,Greater London Urban Area,Urban Traffic,51.52253,-0.154611,England,London Central,0,2,1,1,2024,1,5,4,5,1,1,0,1,8,18,Winter,0,0.4999999999999999,0.8660254037844387,0.0859647987374464,0.9962981749346078,-0.433883739117558,-0.9009688679024191,0.120536680255323,0.992708874098054,5.0,4.3,5.600000000000002,0.7937253933195555,26.334924583333333,12.415832083333331,30.41671875,49.44609375,0.2687361666666666,11.8,4,1
2024-01-06,4.5,London Marylebone Road,London,Westminster,Greater London,Greater London Urban Area,Urban Traffic,51.52253,-0.154611,England,London Central,0,2,1,1,2024,1,6,5,6,1,1,1,0,8,18,Winter,0,0.4999999999999999,0.8660254037844387,0.1031016974474348,0.9946708199115212,-0.9749279121818236,-0.2225209339563146,0.120536680255323,0.992708874098054,6.5,4.2,5.333333333333336,1.0408329997332038,29.33679,8.689523333333334,21.8503125,35.15015625,0.2595195833333333,8.9,5,1
2024-01-07,3.7,London Marylebone Road,London,Westminster,Greater London,Greater London Urban Area,Urban Traffic,51.52253,-0.154611,England,London Central,0,2,1,1,2024,1,7,6,7,1,1,1,0,8,18,Winter,0,0.4999999999999999,0.8660254037844387,0.1202080448993527,0.9927487224577402,-0.7818314824680299,0.6234898018587334,0.120536680255323,0.992708874098054,4.5,3.4,4.900000000000002,1.4422205101856966,53.983685,4.401929583333334,15.19640625,21.9459375,0.2134366666666667,10.4,6,1
2024-01-08,4.2,London Marylebone Road,London,Westminster,Greater London,Greater London Urban Area,Urban Traffic,51.52253,-0.154611,England,London Central,0,2,1,1,2024,1,8,0,8,2,1,0,1,8,18,Winter,0,0.4999999999999999,0.8660254037844387,0.1372787721132647,0.9905324521322229,0.0,1.0,0.2393156642875577,0.970941817426052,3.7,4.3,4.133333333333336,0.4041451884331091,51.40590583333333,4.734542916666666,17.6428125,24.90234375,0.2017946666666666,11.4,0,1
2024-01-09,5.4,London Marylebone Road,London,Westminster,Greater London,Greater London Urban Area,Urban Traffic,51.52253,-0.154611,England,London Central,0,2,1,1,2024,1,9,1,9,2,1,0,1,8,18,Winter,0,0.4999999999999999,0.8660254037844387,0.1543088206642811,0.9880226656636976,0.7818314824680298,0.6234898018587336,0.2393156642875577,0.970941817426052,4.2,3.5,4.433333333333336,0.8736894948055804,48.47056375,5.914280833333334,21.1171875,30.17765625,0.2289593333333333,15.9,1,1
2024-01-10,4.2,London Marylebone Road,London,Westminster,Greater London,Greater London Urban Area,Urban Traffic,51.52253,-0.154611,England,London Central,0,2,1,1,2024,1,10,2,10,2,1,0,1,8,18,Winter,0,0.4999999999999999,0.8660254037844387,0.1712931441814776,0.9852201067560606,0.9749279121818236,-0.2225209339563143,0.2393156642875577,0.970941817426052,5.4,5.3,4.600000000000002,0.6928203230277639,47.14009708333333,4.921637916666667,24.64734375,32.2096875,0.2260488333333333,15.5,2,1
2024-01-11,6.0,London Marylebone Road,London,Westminster,Greater London,Greater London Urban Area,Urban Traffic,51.52253,-0.154611,England,London Central,0,2,1,1,2024,1,11,3,11,2,1,0,1,8,18,Winter,0,0.4999999999999999,0.8660254037844387,0.1882267098432442,0.9821256058680006,0.4338837391175582,-0.900968867902419,0.2393156642875577,0.970941817426052,4.2,5.0,5.200000000000003,0.9165151389913252,33.943530833333334,7.166777916666667,27.7471875,38.76,0.2653405833333333,13.9,3,1
2024-01-12,4.5,London Marylebone Road,London,Westminster,Greater London,Greater London Urban Area,Urban Traffic,51.52253,-0.154611,England,London Central,0,2,1,1,2024,1,12,4,12,2,1,0,1,8,18,Winter,0,0.4999999999999999,0.8660254037844387,0.2051044998686192,0.9787400799669153,-0.433883739117558,-0.9009688679024191,0.2393156642875577,0.970941817426052,6.0,6.5,4.900000000000002,0.9643650760994464,45.14439708333333,8.87142125,24.352500000000003,37.963125,0.2352654166666666,11.5,4,1
2024-01-13,16.7,London Marylebone Road,London,Westminster,Greater London,Greater London Urban Area,Urban Traffic,51.52253,-0.154611,England,London Central,0,2,1,1,2024,1,13,5,13,2,1,1,0,8,18,Winter,0,0.4999999999999999,0.8660254037844387,0.2219215130041655,0.9750645322571948,-0.9749279121818236,-0.2225209339563146,0.2393156642875577,0.970941817426052,4.5,4.5,9.066666666666668,6.653069467045537,21.81133791666667,33.96293958333333,46.88015625,98.99578125,0.3963130833333333,27.3,5,1
2024-01-14,12.4,London Marylebone Road,London,Westminster,Greater London,Greater London Urban Area,Urban Traffic,51.52253,-0.154611,England,London Central,0,2,1,1,2024,1,14,6,14,2,1,1,0,8,18,Winter,0,0.4999999999999999,0.8660254037844387,0.2386727660059501,0.9711000518829505,-0.7818314824680299,0.6234898018587334,0.2393156642875577,0.970941817426052,16.7,3.7,11.200000000000005,6.187891401762012,27.86496125,16.313644583333332,34.4409375,59.47078125,0.3284014166666666,19.2,6,1
2024-01-15,9.3,London Marylebone Road,London,Westminster,Greater London,Greater London Urban Area,Urban Traffic,51.52253,-0.154611,England,London Central,0,2,1,1,2024,1,15,0,15,3,1,0,1,8,18,Winter,0,0.4999999999999999,0.8660254037844387,0.255353295116187,0.9668478136052776,0.0,1.0,0.3546048870425356,0.9350162426854148,12.4,4.2,12.800000000000002,3.716180835212439,26.40976333333333,23.677911666666663,49.73296875,86.0625,0.4045594999999999,32.2,0,1
2024-01-16,17.2,London Marylebone Road,London,Westminster,Greater London,Greater London Urban Area,Urban Traffic,51.52253,-0.154611,England,London Central,0,2,1,1,2024,1,16,1,16,3,1,0,1,8,18,Winter,0,0.4999999999999999,0.8660254037844387,0.2719581575341055,0.9623090774541486,0.7818314824680298,0.6234898018587336,0.3546048870425356,0.9350162426854148,9.3,5.4,12.966666666666669,3.980368492154156,8.922442083333333,69.27192375,80.7075,186.8990625,0.5442635,55.4,1,1
2024-01-17,14.2,London Marylebone Road,London,Westminster,Greater London,Greater London Urban Area,Urban Traffic,51.52253,-0.154611,England,London Central,0,2,1,1,2024,1,17,2,17,3,1,0,1,8,18,Winter,0,0.4999999999999999,0.8660254037844387,0.288482432880609,0.9574851883550392,0.9749279121818236,-0.2225209339563143,0.3546048870425356,0.9350162426854148,17.2,4.2,13.56666666666667,3.987898360456738,18.293916666666664,32.706375217391304,54.72244565217392,104.85489130434782,0.448217,28.4,2,1
2024-01-18,16.6,London Marylebone Road,London,Westminster,Greater London,Greater London Urban Area,Urban Traffic,51.52253,-0.154611,England,London Central,0,2,1,1,2024,1,18,3,18,3,1,0,1,8,18,Winter,0,0.4999999999999999,0.8660254037844387,0.304921224656289,0.9523775757303974,0.4338837391175582,-0.900968867902419,0.3546048870425356,0.9350162426854148,14.2,6.0,16.000000000000004,1.5874507866388137,15.973915416666664,56.066135,65.57484375,151.52578125,0.5185540833333333,42.6,3,1
2024-01-19,17.3,London Marylebone Road,London,Westminster,Greater London,Greater London Urban Area,Urban Traffic,51.52253,-0.154611,England,London Central,0,2,1,1,2024,1,19,4,19,3,1,0,1,8,18,Winter,0,0.4999999999999999,0.8660254037844387,0.3212696616923644,0.9469877530760752,-0.433883739117558,-0.9009688679024191,0.3546048870425356,0.9350162426854148,16.6,4.5,16.033333333333335,1.6258331197676843,5.995415416666667,80.27934625,80.68359375,203.7609375,0.6015033333333334,39.7,4,1
2024-01-20,8.1,London Marylebone Road,London,Westminster,Greater London,Greater London Urban Area,Urban Traffic,51.52253,-0.154611,England,London Central,0,2,1,1,2024,1,20,5,20,3,1,1,0,8,18,Winter,0,0.4999999999999999,0.8660254037844387,0.3375228995941133,0.9413173175128472,-0.9749279121818236,-0.2225209339563146,0.3546048870425356,0.9350162426854148,17.3,16.7,14.000000000000002,5.121523210920774,32.54654083333333,27.357446666666664,46.00359375,87.94312500000001,0.41183575,27.7,5,1
2024-01-21,6.4,London Marylebone Road,London,Westminster,Greater London,Greater London Urban Area,Urban Traffic,51.52253,-0.154611,England,London Central,0,2,1,1,2024,1,21,6,21,3,1,1,0,8,18,Winter,0,0.4999999999999999,0.8660254037844387,0.3536761221763716,0.9353679493131484,-0.7818314824680299,0.6234898018587334,0.3546048870425356,0.9350162426854148,8.1,12.4,10.600000000000003,5.864298764558325,50.39974041666667,12.30149625,21.5953125,40.40953125,0.2959008333333333,21.0,6,1
2024-01-22,6.2,London Marylebone Road,London,Westminster,Greater London,Greater London Urban Area,Urban Traffic,51.52253,-0.154611,England,London Central,0,2,1,1,2024,1,22,0,22,4,1,0,1,8,18,Winter,0,0.4999999999999999,0.8660254037844387,0.3697245428906731,0.9291414114031744,0.0,1.0,0.4647231720437685,0.8854560256532099,6.4,9.3,6.900000000000003,1.0440306508912305,39.21075333333334,28.85231681818182,44.62210227272727,88.86170454545454,0.2272961904761904,26.8,0,1
2024-01-23,4.4,London Marylebone Road,London,Westminster,Greater London,Greater London Urban Area,Urban Traffic,51.52253,-0.154611,England,London Central,0,2,1,1,2024,1,23,1,23,4,1,0,1,8,18,Winter,0,0.4999999999999999,0.8660254037844387,0.385663406243607,0.9226395488404876,0.7818314824680298,0.6234898018587336,0.4647231720437685,0.8854560256532099,6.2,17.2,5.666666666666671,1.1015141094573973,30.6838875,30.39254333333333,43.03921875,89.664375,0.1974289166666666,16.5,1,1
2024-01-24,10.9,London Marylebone Road,London,Westminster,Greater London,Greater London Urban Area,Urban Traffic,51.52253,-0.154611,England,London Central,0,2,1,1,2024,1,24,2,24,4,1,0,1,8,18,Winter,0,0.4999999999999999,0.8660254037844387,0.401487989205973,0.9158642882672872,0.9749279121818236,-0.2225209339563143,0.4647231720437685,0.8854560256532099,4.4,14.2,7.166666666666671,3.3560889936552183,33.02051958333333,39.95517666666667,55.74140625,117.00515625,0.2973560833333333,42.4,2,1
2024-01-25,7.4,London Marylebone Road,London,Westminster,Greater London,Greater London Urban Area,Urban Traffic,51.52253,-0.154611,England,London Central,0,2,1,1,2024,1,25,3,25,4,1,0,1,8,18,Winter,0,0.4999999999999999,0.8660254037844387,0.4171936026123168,0.9088176373395028,0.4338837391175582,-0.900968867902419,0.4647231720437685,0.8854560256532099,10.9,16.6,7.566666666666671,3.2532035493239104,19.23355875,43.12020041666667,52.6734375,118.76625,0.2478775833333333,22.5,3,1
2024-01-26,6.8,London Marylebone Road,London,Westminster,Greater London,Greater London Urban Area,Urban Traffic,51.52253,-0.154611,England,London Central,0,2,1,1,2024,1,26,4,26,4,1,0,1,8,18,Winter,0,0.4999999999999999,0.8660254037844387,0.4327755925504312,0.901501684131884,-0.433883739117558,-0.9009688679024191,0.4647231720437685,0.8854560256532099,7.4,17.3,8.36666666666667,2.2143471573657267,30.24317041666667,39.794809523809526,52.36607142857143,113.37482142857144,0.3426074285714285,21.6,4,1
2024-01-27,9.0,London Marylebone Road,London,Westminster,Greater London,Greater London Urban Area,Urban Traffic,51.52253,-0.154611,England,London Central,0,2,1,1,2024,1,27,5,27,4,1,1,0,8,18,Winter,0,0.4999999999999999,0.8660254037844387,0.4482293417404106,0.893918596519257,-0.9749279121818236,-0.2225209339563146,0.4647231720437685,0.8854560256532099,6.8,8.1,7.733333333333338,1.1372481406156196,19.050619583333333,34.612575,56.68171875,109.75359375,0.3555660833333333,31.6,5,1
2024-01-28,12.1,London Marylebone Road,London,Westminster,Greater London,Greater London Urban Area,Urban Traffic,51.52253,-0.154611,England,London Central,0,2,1,1,2024,1,28,6,28,4,1,1,0,8,18,Winter,0,0.4999999999999999,0.8660254037844387,0.4635502709028509,0.886070621534138,-0.7818314824680299,0.6234898018587334,0.4647231720437685,0.8854560256532099,9.0,6.4,9.300000000000004,2.662705391138931,14.14452375,23.189385833333333,46.09921875,81.65578125,0.39728325,23.7,6,1
2024-01-29,15.3,London Marylebone Road,London,Westminster,Greater London,Greater London Urban Area,Urban Traffic,51.52253,-0.154611,England,London Central,0,2,1,1,2024,1,29,0,29,5,1,0,1,8,18,Winter,0,0.4999999999999999,0.8660254037844387,0.4787338401157884,0.8779600847008882,0.0,1.0,0.5680647467311558,0.8229838658936564,12.1,6.2,12.133333333333338,3.1501322723551826,12.273555,35.04913,44.7046875,98.45390625,0.3439240833333333,30.7,0,1
2024-01-30,4.7,London Marylebone Road,London,Westminster,Greater London,Greater London Urban Area,Urban Traffic,51.52253,-0.154611,England,London Central,0,2,1,1,2024,1,30,1,30,5,1,0,1,8,18,Winter,0,0.4999999999999999,0.8660254037844387,0.4937755501599772,0.869589389346611,0.7818314824680298,0.6234898018587336,0.5680647467311558,0.8229838658936564,15.3,4.4,10.700000000000005,5.436910887627303,32.9789425,18.220974166666668,36.34546875,64.29984375,0.2532135,12.6,1,1
2024-01-31,9.1,London Marylebone Road,London,Westminster,Greater London,Greater London Urban Area,Urban Traffic,51.52253,-0.154611,England,London Central,0,2,1,1,2024,1,31,2,31,5,1,0,1,8,18,Winter,0,0.4999999999999999,0.8660254037844387,0.5086709438521044,0.8609610158889943,0.9749279121818236,-0.2225209339563143,0.5680647467311558,0.8229838658936564,4.7,10.9,9.700000000000005,5.32541078227777,29.70989913043478,33.38967869565217,49.76657608695652,100.9633695652174,0.2940870434782608,22.0,2,1
2024-02-01,9.7,London Marylebone Road,London,Westminster,Greater London,Greater London Urban Area,Urban Traffic,51.52253,-0.154611,England,London Central,0,2,1,1,2024,2,1,3,32,5,1,0,1,8,18,Winter,0,0.8660254037844386,0.5000000000000001,0.5234156073655503,0.8520775211013093,0.4338837391175582,-0.900968867902419,0.5680647467311558,0.8229838658936564,9.1,7.4,7.833333333333338,2.7300793639258325,28.82954958333333,33.87458916666667,55.51828125,107.44265625,0.3351925833333333,28.8,3,1
2024-02-02,5.9,London Marylebone Road,London,Westminster,Greater London,Greater London Urban Area,Urban Traffic,51.52253,-0.154611,England,London Central,0,2,1,1,2024,2,2,4,33,5,1,0,1,8,18,Winter,0,0.8660254037844386,0.5000000000000001,0.5380051715382996,0.8429415373547828,-0.433883739117558,-0.9009688679024191,0.5680647467311558,0.8229838658936564,9.7,6.8,8.233333333333338,2.042873792806025,26.892057500000004,35.2050425,49.4540625,103.41046875,0.3332522499999999,15.8,4,1
2024-02-03,4.8,London Marylebone Road,London,Westminster,Greater London,Greater London Urban Area,Urban Traffic,51.52253,-0.154611,England,London Central,0,2,1,1,2024,2,3,5,34,5,1,1,0,8,18,Winter,0,0.8660254037844386,0.5000000000000001,0.5524353131676196,0.8335557718385699,-0.9749279121818236,-0.2225209339563146,0.5680647467311558,0.8229838658936564,5.9,9.0,6.800000000000004,2.570992026436558,29.120589166666665,26.250467916666665,46.60125,86.859375,0.3230655,11.8,5,1
2024-02-04,5.3,London Marylebone Road,London,Westminster,Greater London,Greater London Urban Area,Urban Traffic,51.52253,-0.154611,England,London Central,0,2,1,1,2024,2,4,6,35,5,1,1,0,8,18,Winter,0,0.8660254037844386,0.5000000000000001,0.5667017562911176,0.8239230057575542,-0.7818314824680299,0.6234898018587334,0.5680647467311558,0.8229838658936564,4.8,12.1,5.333333333333338,0.5507570547289565,35.0744275,17.9923025,33.34921875,60.945,0.2861991666666666,15.4,6,1
2024-02-05,8.8,London Marylebone Road,London,Westminster,Greater London,Greater London Urban Area,Urban Traffic,51.52253,-0.154611,England,London Central,0,2,1,1,2024,2,5,0,36,6,1,0,1,8,18,Winter,0,0.8660254037844386,0.5000000000000001,0.5808002734538009,0.8140460935082178,0.0,1.0,0.6631226582407952,0.7485107481711011,5.3,15.3,6.300000000000004,2.179449471770422,38.4671175,26.536307500000003,38.0428125,78.75515625,0.26922125,28.7,0,1
2024-02-06,8.5,London Marylebone Road,London,Westminster,Greater London,Greater London Urban Area,Urban Traffic,51.52253,-0.154611,England,London Central,0,2,1,1,2024,2,6,1,37,6,1,0,1,8,18,Winter,0,0.8660254037844386,0.5000000000000001,0.5947266869607634,0.8039279618328213,0.7818314824680298,0.6234898018587336,0.6631226582407952,0.7485107481711011,8.8,4.7,7.533333333333338,1.9399312702602864,41.71844541666667,22.81519583333333,33.87515625,68.8340625,0.2585494166666667,26.8,1,1
2024-02-07,5.2,London Marylebone Road,London,Westminster,Greater London,Greater London Urban Area,Urban Traffic,51.52253,-0.154611,England,London Central,0,2,1,1,2024,2,7,2,38,6,1,0,1,8,18,Winter,0,0.8660254037844386,0.5000000000000001,0.6084768701151261,0.7935716089521474,0.9749279121818236,-0.2225209339563143,0.6631226582407952,0.7485107481711011,8.5,9.1,7.5000000000000036,1.9974984355439065,38.00145416666667,16.142140833333332,39.971250000000005,64.71421875,0.2706765,18.4,2,1
2024-02-08,7.7,London Marylebone Road,London,Westminster,Greater London,Greater London Urban Area,Urban Traffic,51.52253,-0.154611,England,London Central,0,2,1,1,2024,2,8,3,39,6,1,0,1,8,18,Winter,0,0.8660254037844386,0.5000000000000001,0.6220467484408675,0.7829801036770628,0.4338837391175582,-0.900968867902419,0.6631226582407952,0.7485107481711011,5.2,9.7,7.133333333333337,1.7214335111568178,19.47470583333333,44.071266666666666,55.23140625,122.7984375,0.34780475,18.3,3,1
2024-02-09,5.7,London Marylebone Road,London,Westminster,Greater London,Greater London Urban Area,Urban Traffic,51.52253,-0.154611,England,London Central,0,2,1,1,2024,2,9,4,40,6,1,0,1,8,18,Winter,0,0.8660254037844386,0.5000000000000001,0.6354323008901774,0.7721565844991642,-0.433883739117558,-0.9009688679024191,0.6631226582407952,0.7485107481711011,7.7,5.9,6.200000000000004,1.322875655532433,32.75442625,28.98933083333333,50.16328125,94.5890625,0.2939605,15.2,4,1
2024-02-10,6.0,London Marylebone Road,London,Westminster,Greater London,Greater London Urban Area,Urban Traffic,51.52253,-0.154611,England,London Central,0,2,1,1,2024,2,10,5,41,6,1,1,0,8,18,Winter,0,0.8660254037844386,0.5000000000000001,0.6486295610349814,0.7611042586607747,-0.9749279121818236,-0.2225209339563146,0.6631226582407952,0.7485107481711011,5.7,4.8,6.466666666666671,1.0785793124910636,27.224674166666663,24.5406275,49.103437500000005,86.74781250000001,0.3356776666666667,16.0,5,1
2024-02-11,8.0,London Marylebone Road,London,Westminster,Greater London,Greater London Urban Area,Urban Traffic,51.52253,-0.154611,England,London Central,0,2,1,1,2024,2,11,6,42,6,1,1,0,8,18,Winter,0,0.8660254037844386,0.5000000000000001,0.6616346182422783,0.7498264012045686,-0.7818314824680299,0.6234898018587334,0.6631226582407952,0.7485107481711011,6.0,5.3,6.56666666666667,1.2503332889008814,23.41621333333333,17.327075833333335,42.776250000000005,69.36,0.3662379166666666,19.2,6,1
2024-02-12,6.6,London Marylebone Road,London,Westminster,Greater London,Greater London Urban Area,Urban Traffic,51.52253,-0.154611,England,London Central,0,2,1,1,2024,2,12,0,43,7,1,0,1,8,18,Winter,0,0.8660254037844386,0.5000000000000001,0.6744436188329455,0.7383263540031065,0.0,1.0,0.7485107481711011,0.6631226582407953,8.0,8.8,6.866666666666671,1.026320287889552,24.139654583333336,37.231905,57.36703125,114.4471875,0.3841859999999999,17.9,0,1
2024-02-13,5.2,London Marylebone Road,London,Westminster,Greater London,Greater London Urban Area,Urban Traffic,51.52253,-0.154611,England,London Central,0,2,1,1,2024,2,13,1,44,7,1,0,1,8,18,Winter,0,0.8660254037844386,0.5000000000000001,0.6870527672236669,0.7266075247685656,0.7818314824680298,0.6234898018587336,0.7485107481711011,0.6631226582407953,6.6,8.5,6.600000000000004,1.4000000000001291,31.149550833333333,33.027464583333334,53.31890625,103.9284375,0.3429539166666666,13.8,1,1
2024-02-14,5.3,London Marylebone Road,London,Westminster,Greater London,Greater London Urban Area,Urban Traffic,51.52253,-0.154611,England,London Central,0,2,1,1,2024,2,14,2,45,7,1,0,1,8,18,Winter,0,0.8660254037844386,0.5000000000000001,0.6994583270516471,0.7146733860429609,0.9749279121818236,-0.2225209339563143,0.7485107481711011,0.6631226582407953,5.2,5.2,5.700000000000004,0.7810249675909012,28.46041739130435,38.33888375,45.63703125,104.454375,0.2647289565217391,14.2,2,1
2024-02-15,8.4,London Marylebone Road,London,Westminster,Greater London,Greater London Urban Area,Urban Traffic,51.52253,-0.154611,England,London Central,0,2,1,1,2024,2,15,3,46,7,1,0,1,8,18,Winter,0,0.8660254037844386,0.5000000000000001,0.7116566222817746,0.7025274741691571,0.4338837391175582,-0.900968867902419,0.7485107481711011,0.6631226582407953,5.3,7.7,6.300000000000004,1.819340539866125,13.9200075,42.465367916666665,53.84484375,118.9415625,0.3754545,19.1,3,1
2024-02-16,7.1,London Marylebone Road,London,Westminster,Greater London,Greater London Urban Area,Urban Traffic,51.52253,-0.154611,England,London Central,0,2,1,1,2024,2,16,4,47,7,1,0,1,8,18,Winter,0,0.8660254037844386,0.5000000000000001,0.7236440382959124,0.6901733882429719,-0.433883739117558,-0.9009688679024191,0.7485107481711011,0.6631226582407953,8.4,5.7,6.933333333333337,1.5567059238448635,18.10266208333333,42.647265833333336,62.2359375,127.63546875000002,0.43220925,17.4,4,1
2024-02-17,5.3,London Marylebone Road,London,Westminster,Greater London,Greater London Urban Area,Urban Traffic,51.52253,-0.154611,England,London Central,0,2,1,1,2024,2,17,5,48,7,1,1,0,8,18,Winter,0,0.8660254037844386,0.5000000000000001,0.7354170229639855,0.6776147890466889,-0.9749279121818236,-0.2225209339563146,0.7485107481711011,0.6631226582407953,7.1,6.0,6.933333333333337,1.5567059238448635,28.00632333333333,38.09462083333333,55.14375,113.53078125,0.37690975,12.0,5,1
2024-02-18,4.6,London Marylebone Road,London,Westminster,Greater London,Greater London Urban Area,Urban Traffic,51.52253,-0.154611,England,London Central,0,2,1,1,2024,2,18,6,49,7,1,1,0,8,18,Winter,0,0.8660254037844386,0.5000000000000001,0.7469720876965552,0.6648553979642865,-0.7818314824680299,0.6234898018587334,0.7485107481711011,0.6631226582407953,5.3,8.0,5.666666666666671,1.289702808143683,32.471702083333334,16.505936666666667,35.4928125,60.8015625,0.32161025,10.0,6,1
2024-02-19,7.2,London Marylebone Road,London,Westminster,Greater London,Greater London Urban Area,Urban Traffic,51.52253,-0.154611,England,London Central,0,2,1,1,2024,2,19,0,50,8,1,0,1,8,18,Winter,0,0.8660254037844386,0.5000000000000001,0.7583058084785624,0.6518989958787126,0.0,1.0,0.8229838658936564,0.5680647467311559,4.6,6.6,5.700000000000004,1.345362404707508,21.894492083333333,35.44930541666667,53.23125,107.58609375,0.4035893333333333,19.4,0,1
2024-02-20,7.5,London Marylebone Road,London,Westminster,Greater London,Greater London Urban Area,Urban Traffic,51.52253,-0.154611,England,London Central,0,2,1,1,2024,2,20,1,51,8,1,0,1,8,18,Winter,0,0.8660254037844386,0.5000000000000001,0.7694148268839378,0.6387494220515272,0.7818314824680298,0.6234898018587336,0.8229838658936564,0.5680647467311559,7.2,5.2,6.433333333333337,1.5947831618542052,24.214493333333333,45.81228958333333,53.99625,124.25671875,0.46422475,24.1,1,1
2024-02-21,4.7,London Marylebone Road,London,Westminster,Greater London,Greater London Urban Area,Urban Traffic,51.52253,-0.154611,England,London Central,0,2,1,1,2024,2,21,2,52,8,1,0,1,8,18,Winter,0,0.8660254037844386,0.5000000000000001,0.7802958510707755,0.6254105729852463,0.9749279121818236,-0.2225209339563143,0.8229838658936564,0.5680647467311559,7.5,5.3,6.466666666666671,1.537313674346812,36.08890833333333,33.60434083333333,49.47,101.011875,0.3686633333333333,12.5,2,1
2024-02-22,4.0,London Marylebone Road,London,Westminster,Greater London,Greater London Urban Area,Urban Traffic,51.52253,-0.154611,England,London Central,0,2,1,1,2024,2,22,3,53,8,1,0,1,8,18,Winter,0,0.8660254037844386,0.5000000000000001,0.7909456567567772,0.6118864012687243,0.4338837391175582,-0.900968867902419,0.8229838658936564,0.5680647467311559,4.7,8.4,5.400000000000005,1.852025917745314,33.90195375,36.234065,54.84890625,110.40703125,0.3706036666666666,10.7,3,1
2024-02-23,5.6,London Marylebone Road,London,Westminster,Greater London,Greater London Urban Area,Urban Traffic,51.52253,-0.154611,England,London Central,0,2,1,1,2024,2,23,4,54,8,1,0,1,8,18,Winter,0,0.8660254037844386,0.5000000000000001,0.8013610881746766,0.5981809144059164,-0.433883739117558,-0.9009688679024191,0.8229838658936564,0.5680647467311559,4.0,7.1,4.76666666666667,0.8020806277013001,23.732199166666664,67.45294458333333,76.47609375,179.87062500000002,0.5209795,14.3,4,1
2024-02-24,9.8,London Marylebone Road,London,Westminster,Greater London,Greater London Urban Area,Urban Traffic,51.52253,-0.154611,England,London Central,0,2,1,1,2024,2,24,5,55,8,1,1,0,8,18,Winter,0,0.8660254037844386,0.5000000000000001,0.811539059007361,0.5842981736283684,-0.9749279121818236,-0.2225209339563146,0.8229838658936564,0.5680647467311559,5.6,5.3,6.466666666666671,2.99555225848819,17.844884166666667,43.94133958333333,63.7021875,131.07796875,0.5227812380952381,20.5,5,1
2024-02-25,12.9,London Marylebone Road,London,Westminster,Greater London,Greater London Urban Area,Urban Traffic,51.52253,-0.154611,England,London Central,0,2,1,1,2024,2,25,6,56,8,1,1,0,8,18,Winter,0,0.8660254037844386,0.5000000000000001,0.8214765533024142,0.5702422926917871,-0.7818314824680299,0.6234898018587334,0.8229838658936564,0.5680647467311559,9.8,4.6,9.433333333333335,3.663786747797102,26.584387083333336,37.87114625,45.358125,103.4503125,,21.0,6,1
2024-02-26,3.0,London Marylebone Road,London,Westminster,Greater London,Greater London Urban Area,Urban Traffic,51.52253,-0.154611,England,London Central,0,2,1,1,2024,2,26,0,57,9,1,0,1,8,18,Winter,0,0.8660254037844386,0.5000000000000001,0.8311706263658079,0.5560174366570446,0.0,1.0,0.8854560256532099,0.4647231720437686,12.9,7.2,8.56666666666667,5.063924696649198,64.560895,4.765725416666666,12.68625,20.04140625,,8.3,0,1
2024-02-27,7.0,London Marylebone Road,London,Westminster,Greater London,Greater London Urban Area,Urban Traffic,51.52253,-0.154611,England,London Central,0,2,1,1,2024,2,27,1,58,9,1,0,1,8,18,Winter,0,0.8660254037844386,0.5000000000000001,0.8406184056344782,0.5416278206559814,0.7818314824680298,0.6234898018587336,0.8854560256532099,0.4647231720437686,3.0,7.5,7.633333333333337,4.980294502670869,24.4972175,41.69619958333333,56.02828125,119.99343749999998,,16.4,1,1
2024-02-28,6.5,London Marylebone Road,London,Westminster,Greater London,Greater London Urban Area,Urban Traffic,51.52253,-0.154611,England,London Central,0,2,1,1,2024,2,28,2,59,9,1,0,1,8,18,Winter,0,0.8660254037844386,0.5000000000000001,0.8498170915275278,0.5270777086423722,0.9749279121818236,-0.2225209339563143,0.8854560256532099,0.4647231720437686,7.0,4.7,5.500000000000004,2.1794494717704187,25.40612869565217,37.06181863636363,53.071875,109.8818181818182,,20.3,2,1
2024-02-29,4.2,London Marylebone Road,London,Westminster,Greater London,Greater London Urban Area,Urban Traffic,51.52253,-0.154611,England,London Central,0,2,1,1,2024,2,29,3,60,9,1,0,1,8,18,Winter,0,0.8660254037844386,0.5000000000000001,0.8587639582758029,0.5123714121284237,0.4338837391175582,-0.900968867902419,0.8854560256532099,0.4647231720437686,6.5,4.0,5.900000000000003,1.4933184523069265,49.16074333333333,27.092395416666665,47.23078125,88.7559375,,10.8,3,1
2024-03-01,4.9,London Marylebone Road,London,Westminster,Greater London,Greater London Urban Area,Urban Traffic,51.52253,-0.154611,England,London Central,0,2,1,1,2024,3,1,4,61,9,1,0,1,8,18,Spring,1,1.0,6.123233995736766e-17,0.8674563547295968,0.4975132889071806,-0.433883739117558,-0.9009688679024191,0.8854560256532099,0.4647231720437686,4.2,5.6,5.200000000000004,1.178982612255311,40.72095695652174,29.81566708333333,51.350625,97.09125,,13.2,4,1
2024-03-02,4.0,London Marylebone Road,London,Westminster,Greater London,Greater London Urban Area,Urban Traffic,51.52253,-0.154611,England,London Central,0,2,1,1,2024,3,2,5,62,9,1,1,0,8,18,Spring,1,1.0,6.123233995736766e-17,0.8758917051442429,0.4825077417612184,-0.9749279121818236,-0.2225209339563146,0.8854560256532099,0.4647231720437686,4.9,9.8,4.366666666666671,0.4725815626256437,42.21737041666667,21.69262583333333,45.549375,78.81890625,,10.2,5,1
2024-03-03,9.4,London Marylebone Road,London,Westminster,Greater London,Greater London Urban Area,Urban Traffic,51.52253,-0.154611,England,London Central,0,2,1,1,2024,3,3,6,63,9,1,1,0,8,18,Spring,1,1.0,6.123233995736766e-17,0.8840675099433636,0.4673592171580022,-0.7818314824680299,0.6234898018587334,0.8854560256532099,0.4647231720437686,4.0,12.9,6.100000000000004,2.893095228297948,24.94625,26.437562916666668,54.30703125,94.828125,,17.2,6,1
2024-03-04,7.2,London Marylebone Road,London,Westminster,Greater London,Greater London Urban Area,Urban Traffic,51.52253,-0.154611,England,London Central,0,2,1,1,2024,3,4,0,64,10,1,0,1,8,18,Spring,1,1.0,6.123233995736766e-17,0.8919813464595485,0.4520722039323043,0.0,1.0,0.9350162426854148,0.3546048870425355,9.4,3.0,6.86666666666667,2.715388247255572,28.52983304347826,36.34320375,53.97234375,109.68984375,,18.9,0,1
2024-03-05,5.4,London Marylebone Road,London,Westminster,Greater London,Greater London Urban Area,Urban Traffic,51.52253,-0.154611,England,London Central,0,2,1,1,2024,3,5,1,65,10,1,0,1,8,18,Spring,1,1.0,6.123233995736766e-17,0.8996308696522433,0.436651231956064,0.7818314824680298,0.6234898018587336,0.9350162426854148,0.3546048870425355,7.2,7.0,7.333333333333337,2.0033305601756504,39.373497916666665,12.353467083333332,31.54828125,50.497968750000005,,11.8,1,1
2024-03-06,21.9,London Marylebone Road,London,Westminster,Greater London,Greater London Urban Area,Urban Traffic,51.52253,-0.154611,England,London Central,0,2,1,1,2024,3,6,2,66,10,1,0,1,8,18,Spring,1,1.0,6.123233995736766e-17,0.907013812802636,0.4211008707960896,0.9749279121818236,-0.2225209339563143,0.9350162426854148,0.3546048870425355,5.4,6.5,11.500000000000004,9.051519209502915,31.9312,35.71955375,54.9365625,109.70578125,,41.3,2,1
2024-03-07,30.5,London Marylebone Road,London,Westminster,Greater London,Greater London Urban Area,Urban Traffic,51.52253,-0.154611,England,London Central,0,2,1,1,2024,3,7,3,67,10,1,0,1,8,18,Spring,1,1.0,6.123233995736766e-17,0.9141279881853336,0.4054257283599973,0.4338837391175582,-0.900968867902419,0.9350162426854148,0.3546048870425355,21.9,4.2,19.26666666666667,12.755521680171832,28.02656956521739,21.69262583333333,43.82015625,77.08171875000001,,45.0,3,1
2024-03-08,26.6,London Marylebone Road,London,Westminster,Greater London,Greater London Urban Area,Urban Traffic,51.52253,-0.154611,England,London Central,0,2,1,1,2024,3,8,4,68,10,1,0,1,8,18,Spring,1,1.0,6.123233995736766e-17,0.9209712877166346,0.3896304495307879,-0.433883739117558,-0.9009688679024191,0.9350162426854148,0.3546048870425355,30.5,4.9,26.33333333333334,4.306197084822487,25.14582,19.293463181818183,40.79710227272727,70.35392045454546,,42.1,4,1
2024-03-09,13.7,London Marylebone Road,London,Westminster,Greater London,Greater London Urban Area,Urban Traffic,51.52253,-0.154611,England,London Central,0,2,1,1,2024,3,9,5,69,10,1,1,0,8,18,Spring,1,1.0,6.123233995736766e-17,0.9275416835791966,0.373719714790469,-0.9749279121818236,-0.2225209339563146,0.9350162426854148,0.3546048870425355,26.6,4.0,23.600000000000005,8.792610533851725,31.440590416666662,17.737645416666666,45.230625,72.4678125,,21.5,5,1
2024-03-10,15.0,London Marylebone Road,London,Westminster,Greater London,Greater London Urban Area,Urban Traffic,51.52253,-0.154611,England,London Central,0,2,1,1,2024,3,10,6,70,10,1,1,0,8,18,Spring,1,1.0,6.123233995736766e-17,0.9338372288229252,0.3576982388331254,-0.7818314824680299,0.6234898018587334,0.9350162426854148,0.3546048870425355,13.7,9.4,18.433333333333337,7.102347029914382,27.241305,14.790899166666668,37.90734375,60.5784375,,20.1,6,1
2024-03-11,32.3,London Marylebone Road,London,Westminster,Greater London,Greater London Urban Area,Urban Traffic,51.52253,-0.154611,England,London Central,0,2,1,1,2024,3,11,0,71,11,1,0,1,8,18,Spring,1,1.0,6.123233995736766e-17,0.9398560579418954,0.3415707691678556,0.0,1.0,0.970941817426052,0.239315664287558,15.0,7.2,20.33333333333334,10.383801487573498,28.072846666666667,12.852387083333332,29.46046875,49.151250000000005,,48.6,0,1
2024-03-12,23.866666666666667,London Marylebone Road,London,Westminster,Greater London,Greater London Urban Area,Urban Traffic,51.52253,-0.154611,England,London Central,0,2,1,1,2024,3,12,1,72,11,1,0,1,8,18,Spring,1,1.0,6.123233995736766e-17,0.9455963874271426,0.3253420847119801,0.7818314824680298,0.6234898018587336,0.970941817426052,0.239315664287558,32.3,5.4,23.72222222222223,8.650904469946965,16.2150625,40.869863333333335,47.93203125,110.61421875,,,1,1
2024-03-13,15.433333333333334,London Marylebone Road,London,Westminster,Greater London,Greater London Urban Area,Urban Traffic,51.52253,-0.154611,England,London Central,0,2,1,1,2024,3,13,2,73,11,1,0,1,8,18,Spring,1,1.0,6.123233995736766e-17,0.9510565162951536,0.3090169943749474,0.9749279121818236,-0.2225209339563143,0.970941817426052,0.239315664287558,23.866666666666667,21.9,23.86666666666667,8.433333333333348,32.15680086956522,28.308286956521737,37.6679347826087,81.06505434782609,,,2,1
2024-03-14,7.0,London Marylebone Road,London,Westminster,Greater London,Greater London Urban Area,Urban Traffic,51.52253,-0.154611,England,London Central,0,2,1,1,2024,3,14,3,74,11,1,0,1,8,18,Spring,1,1.0,6.123233995736766e-17,0.9562348265919056,0.2926003356333483,0.4338837391175582,-0.900968867902419,0.970941817426052,0.239315664287558,15.433333333333334,30.5,15.433333333333335,8.433333333333351,26.9918425,31.51511333333333,40.8478125,89.17828125,,16.7,3,1
2024-03-15,7.2,London Marylebone Road,London,Westminster,Greater London,Greater London Urban Area,Urban Traffic,51.52253,-0.154611,England,London Central,0,2,1,1,2024,3,15,4,75,11,1,0,1,8,18,Spring,1,1.0,6.123233995736766e-17,0.9611297838723007,0.2760969730974688,-0.433883739117558,-0.9009688679024191,0.970941817426052,0.239315664287558,7.0,26.6,9.877777777777782,4.812291361518799,43.14038166666666,23.054261666666665,38.56875,73.91015625,,18.3,4,1
2024-03-16,5.0,London Marylebone Road,London,Westminster,Greater London,Greater London Urban Area,Urban Traffic,51.52253,-0.154611,England,London Central,0,2,1,1,2024,3,16,5,76,11,1,1,0,8,18,Spring,1,1.0,6.123233995736766e-17,0.9657399376548548,0.2595117970697999,-0.9749279121818236,-0.2225209339563146,0.970941817426052,0.239315664287558,7.2,13.7,6.400000000000005,1.2165525060597704,33.83543041666667,20.38296083333333,41.1984375,72.42,,11.2,5,1
2024-03-17,5.6,London Marylebone Road,London,Westminster,Greater London,Greater London Urban Area,Urban Traffic,51.52253,-0.154611,England,London Central,0,2,1,1,2024,3,17,6,77,11,1,1,0,8,18,Spring,1,1.0,6.123233995736766e-17,0.9700639218515072,0.2428497220959356,-0.7818314824680299,0.6234898018587334,0.970941817426052,0.239315664287558,5.0,15.0,5.933333333333338,1.137248140615601,29.95213083333333,21.037793333333333,36.9909375,69.2325,,12.7,6,1
2024-03-18,6.1,London Marylebone Road,London,Westminster,Greater London,Greater London Urban Area,Urban Traffic,51.52253,-0.154611,England,London Central,0,2,1,1,2024,3,18,0,78,12,1,0,1,8,18,Spring,1,1.0,6.123233995736766e-17,0.9741004551724204,0.2261156855082882,0.0,1.0,0.992708874098054,0.120536680255323,5.6,32.3,5.566666666666671,0.55075705472889,34.98295791666667,30.79791583333333,45.7246875,92.915625,0.23284,18.5,0,1
2024-03-19,5.1,London Marylebone Road,London,Westminster,Greater London,Greater London Urban Area,Urban Traffic,51.52253,-0.154611,England,London Central,0,2,1,1,2024,3,19,1,79,12,1,0,1,8,18,Spring,1,1.0,6.123233995736766e-17,0.9778483415056568,0.2093146459630484,0.7818314824680298,0.6234898018587336,0.992708874098054,0.120536680255323,6.1,23.866666666666667,5.600000000000005,0.5000000000003083,37.01191958333333,28.589155416666667,44.77640625,88.6284375,0.19936925,14.7,1,1
2024-03-20,8.5,London Marylebone Road,London,Westminster,Greater London,Greater London Urban Area,Urban Traffic,51.52253,-0.154611,England,London Central,0,2,1,1,2024,3,20,2,80,12,1,0,1,8,18,Spring,1,1.0,6.123233995736766e-17,0.9813064702716092,0.1924515819708299,0.9749279121818236,-0.2225209339563143,0.992708874098054,0.120536680255323,5.1,15.433333333333334,6.566666666666671,1.7473789896109084,27.499082916666666,33.69269125,51.31078125,102.94828125,0.2287906086956521,23.3,2,1
2024-03-21,10.4,London Marylebone Road,London,Westminster,Greater London,Greater London Urban Area,Urban Traffic,51.52253,-0.154611,England,London Central,0,2,1,1,2024,3,21,3,81,12,1,0,1,8,18,Spring,1,1.0,6.123233995736766e-17,0.9844738167520922,0.1755314904214282,0.4338837391175582,-0.900968867902419,0.992708874098054,0.120536680255323,8.5,7.0,8.000000000000005,2.685144316419567,26.185247083333334,41.83652083333333,47.62921875,111.82546874999998,0.2419511304347826,18.1,3,1
2024-03-22,7.4,London Marylebone Road,London,Westminster,Greater London,Greater London Urban Area,Urban Traffic,51.52253,-0.154611,England,London Central,0,2,1,1,2024,3,22,4,82,12,1,0,1,8,18,Spring,1,1.0,6.123233995736766e-17,0.9873494423939864,0.1585593851031347,-0.433883739117558,-0.9009688679024191,0.992708874098054,0.120536680255323,10.4,7.2,8.766666666666671,1.517673658377728,32.52991,25.6631975,44.09109375,83.44078125,0.2105683478260869,18.1,4,1
2024-03-23,4.3,London Marylebone Road,London,Westminster,Greater London,Greater London Urban Area,Urban Traffic,51.52253,-0.154611,England,London Central,0,2,1,1,2024,3,23,5,83,12,1,1,0,8,18,Spring,1,1.0,6.123233995736766e-17,0.989932495087353,0.141540295217043,-0.9749279121818236,-0.2225209339563146,0.992708874098054,0.120536680255323,7.4,5.0,7.366666666666672,3.050136608962561,38.38396333333333,15.683441739130432,37.1025,61.15842391304348,0.2009510434782608,12.4,5,1
2024-03-24,5.7,London Marylebone Road,London,Westminster,Greater London,Greater London Urban Area,Urban Traffic,51.52253,-0.154611,England,London Central,0,2,1,1,2024,3,24,6,84,12,1,1,0,8,18,Spring,1,1.0,6.123233995736766e-17,0.9922222094179324,0.1244792638867891,-0.7818314824680299,0.6234898018587334,0.992708874098054,0.120536680255323,4.3,5.6,5.800000000000004,1.5524174696260964,46.84074208333333,12.764036666666668,31.0940625,50.68125,0.2136053913043478,13.7,6,1
2024-03-25,7.6,London Marylebone Road,London,Westminster,Greater London,Greater London Urban Area,Urban Traffic,51.52253,-0.154611,England,London Central,0,2,1,1,2024,3,25,0,85,13,1,0,1,8,18,Spring,1,1.0,6.123233995736766e-17,0.994217906893952,0.107381346664163,0.0,1.0,1.0,-1.6081226496766364e-16,5.7,6.1,5.866666666666672,1.6563010998407337,34.83798043478261,26.7234025,53.709375,94.7165625,0.2298029565217391,21.5,0,1
2024-03-26,11.2,London Marylebone Road,London,Westminster,Greater London,Greater London Urban Area,Urban Traffic,51.52253,-0.154611,England,London Central,0,2,1,1,2024,3,26,1,86,13,1,0,1,8,18,Spring,1,1.0,6.123233995736766e-17,0.995918996147179,0.0902516100310411,0.7818314824680298,0.6234898018587336,1.0,-1.6081226496766364e-16,7.6,5.1,8.166666666666671,2.793444707405827,21.29578208333333,38.858592083333335,59.4946875,119.0690625,0.29541575,24.7,1,1
2024-03-27,7.3,London Marylebone Road,London,Westminster,Greater London,Greater London Urban Area,Urban Traffic,51.52253,-0.154611,England,London Central,0,2,1,1,2024,3,27,2,87,13,1,0,1,8,18,Spring,1,1.0,6.123233995736766e-17,0.9973249731081556,0.0730951298980777,0.9749279121818236,-0.2225209339563143,1.0,-1.6081226496766364e-16,11.2,8.5,8.700000000000005,2.1702534414211385,42.31751695652174,21.6718375,44.18671875,77.41640625000001,0.2454521666666666,13.6,2,1
2024-03-28,5.2,London Marylebone Road,London,Westminster,Greater London,Greater London Urban Area,Urban Traffic,51.52253,-0.154611,England,London Central,0,2,1,1,2024,3,28,3,88,13,1,0,1,8,18,Spring,1,1.0,6.123233995736766e-17,0.9984354211555644,0.0559169901006034,0.4338837391175582,-0.900968867902419,1.0,-1.6081226496766364e-16,7.3,10.4,7.900000000000006,3.0446674695277145,52.45364833333334,21.56269875,36.8634375,69.93375,0.2304145833333333,13.9,3,1
2024-03-29,4.1,London Marylebone Road,London,Westminster,Greater London,Greater London Urban Area,Urban Traffic,51.52253,-0.154611,England,London Central,0,2,1,1,2024,3,29,4,89,13,1,0,1,8,18,Spring,1,1.0,6.123233995736766e-17,0.9992500112396836,0.0387222808921744,-0.433883739117558,-0.9009688679024191,1.0,-1.6081226496766364e-16,5.2,7.4,5.5333333333333385,1.6258331197677196,54.21651666666667,13.741088333333332,33.26953125,54.346875,0.2352654166666666,12.8,4,1
2024-03-30,5.4,London Marylebone Road,London,Westminster,Greater London,Greater London Urban Area,Urban Traffic,51.52253,-0.154611,England,London Central,0,2,1,1,2024,3,30,5,90,13,1,1,0,8,18,Spring,1,1.0,6.123233995736766e-17,0.9997685019798908,0.0215160974362222,-0.9749279121818236,-0.2225209339563146,1.0,-1.6081226496766364e-16,4.1,4.3,4.900000000000005,0.700000000000218,42.32547083333333,17.701265833333334,48.39421875,75.51984374999999,0.2857140833333333,14.5,5,1
2024-03-31,17.4,London Marylebone Road,London,Westminster,Greater London,Greater London Urban Area,Urban Traffic,51.52253,-0.154611,England,London Central,0,2,1,1,2024,3,31,6,91,13,1,1,0,8,18,Spring,1,1.0,6.123233995736766e-17,0.99999073973619,0.0043035382962442,-0.7818314824680299,0.6234898018587334,1.0,-1.6081226496766364e-16,5.4,5.7,8.96666666666667,7.332348418708266,39.97220791666667,7.9619316666666675,28.528125,40.7521875,0.2609748333333333,28.3,6,1
2024-04-01,4.7,London Marylebone Road,London,Westminster,Greater London,Greater London Urban Area,Urban Traffic,51.52253,-0.154611,England,London Central,0,2,1,1,2024,4,1,0,92,14,2,0,1,8,18,Spring,1,0.8660254037844387,-0.4999999999999998,0.999916658654738,-0.0129102960750088,0.0,1.0,0.992708874098054,-0.1205366802553228,17.4,7.6,9.16666666666667,7.138860786801603,49.55988333333334,13.793059166666666,32.77546875,53.9165625,0.2158620833333333,11.1,0,2
2024-04-02,4.4,London Marylebone Road,London,Westminster,Greater London,Greater London Urban Area,Urban Traffic,51.52253,-0.154611,England,London Central,0,2,1,1,2024,4,2,1,93,14,2,0,1,8,18,Spring,1,0.8660254037844387,-0.4999999999999998,0.9995462806873572,-0.0301203048469081,0.7818314824680298,0.6234898018587336,0.992708874098054,-0.1205366802553228,4.7,11.2,8.833333333333337,7.420467191042191,42.250632083333336,26.88451208333333,44.9278125,86.18203125000001,0.2358770434782608,12.3,1,2
2024-04-03,4.3,London Marylebone Road,London,Westminster,Greater London,Greater London Urban Area,Urban Traffic,51.52253,-0.154611,England,London Central,0,2,1,1,2024,4,3,2,94,14,2,0,1,8,18,Spring,1,0.8660254037844387,-0.4999999999999998,0.9988797155850336,-0.0473213883224318,0.9749279121818236,-0.2225209339563143,0.992708874098054,-0.1205366802553228,4.4,7.3,4.466666666666671,0.2081665999472987,39.95557708333333,27.39382625,44.8640625,86.859375,0.2420565833333333,11.6,2,2
2024-04-04,6.2,London Marylebone Road,London,Westminster,Greater London,Greater London Urban Area,Urban Traffic,51.52253,-0.154611,England,London Central,0,2,1,1,2024,4,4,3,95,14,2,0,1,8,18,Spring,1,0.8660254037844387,-0.4999999999999998,0.9979171608653922,-0.0645084494493162,0.4338837391175582,-0.900968867902419,0.992708874098054,-0.1205366802553228,4.3,5.2,4.966666666666671,1.0692676621564956,41.610345,30.784551904761905,47.62125,94.83267857142856,0.2470128695652173,17.5,3,2
2024-04-05,7.2,London Marylebone Road,London,Westminster,Greater London,Greater London Urban Area,Urban Traffic,51.52253,-0.154611,England,London Central,0,2,1,1,2024,4,5,4,96,14,2,0,1,8,18,Spring,1,0.8660254037844387,-0.4999999999999998,0.9966589017541702,-0.0816763953304224,-0.433883739117558,-0.9009688679024191,0.992708874098054,-0.1205366802553228,6.2,4.1,5.900000000000006,1.473091986265719,41.93464625,21.417180416666667,35.054531250000004,67.8778125,0.2221681666666667,20.2,4,2
2024-04-06,5.9,London Marylebone Road,London,Westminster,Greater London,Greater London Urban Area,Urban Traffic,51.52253,-0.154611,England,London Central,0,2,1,1,2024,4,6,5,97,14,2,1,0,8,18,Spring,1,0.8660254037844387,-0.4999999999999998,0.9951053111006976,-0.0988201387328714,-0.9749279121818236,-0.2225209339563146,0.992708874098054,-0.1205366802553228,7.2,5.4,6.433333333333338,0.6806859285556093,61.525767916666666,10.654020833333334,25.3884375,41.73234375,0.209556,14.6,5,2
2024-04-07,6.4,London Marylebone Road,London,Westminster,Greater London,Greater London Urban Area,Urban Traffic,51.52253,-0.154611,England,London Central,0,2,1,1,2024,4,7,6,98,14,2,1,0,8,18,Spring,1,0.8660254037844387,-0.4999999999999998,0.9932568492674144,-0.1159345995955004,-0.7818314824680299,0.6234898018587334,0.992708874098054,-0.1205366802553228,5.9,17.4,6.500000000000004,0.6557438524304124,63.60462208333333,14.104884166666666,25.085625,46.696875,0.221198,22.2,6,2
2024-04-08,6.2,London Marylebone Road,London,Westminster,Greater London,Greater London Urban Area,Urban Traffic,51.52253,-0.154611,England,London Central,0,2,1,1,2024,4,8,0,99,15,2,0,1,8,18,Spring,1,0.8660254037844387,-0.4999999999999998,0.9911140639934548,-0.1330147065341959,0.0,1.0,0.970941817426052,-0.2393156642875575,6.4,4.7,6.166666666666671,0.251661147842913,43.206905,18.03907625,36.29765625,63.91734374999999,0.2376908333333333,19.7,0,2
2024-04-09,4.0,London Marylebone Road,London,Westminster,Greater London,Greater London Urban Area,Urban Traffic,51.52253,-0.154611,England,London Central,0,2,1,1,2024,4,9,1,100,15,2,0,1,8,18,Spring,1,0.8660254037844387,-0.4999999999999998,0.9886775902323404,-0.1500553983446526,0.7818314824680298,0.6234898018587336,0.970941817426052,-0.2393156642875575,6.2,4.4,5.5333333333333385,1.331665623695984,49.42683666666666,22.20194,35.24578125,69.264375,0.2414449565217391,10.9,1,2
2024-04-10,5.0,London Marylebone Road,London,Westminster,Greater London,Greater London Urban Area,Urban Traffic,51.52253,-0.154611,England,London Central,0,2,1,1,2024,4,10,2,101,15,2,0,1,8,18,Spring,1,0.8660254037844387,-0.4999999999999998,0.9859481499638304,-0.1670516255021192,0.9749279121818236,-0.2225209339563143,0.970941817426052,-0.2393156642875575,4.0,4.3,5.066666666666671,1.1015141094573484,33.05378125,29.14146363636364,37.84142045454546,82.4809090909091,0.2590345,15.5,2,2
2024-04-11,5.4,London Marylebone Road,London,Westminster,Greater London,Greater London Urban Area,Urban Traffic,51.52253,-0.154611,England,London Central,0,2,1,1,2024,4,11,3,102,15,2,0,1,8,18,Spring,1,0.8660254037844387,-0.4999999999999998,0.9829265519799822,-0.18399835165768,0.4338837391175582,-0.900968867902419,0.970941817426052,-0.2393156642875575,5.0,6.2,4.800000000000005,0.7211102550929936,26.06051583333333,35.88066333333334,37.11046875,92.11078125,0.2425416666666666,13.0,3,2
2024-04-12,6.7,London Marylebone Road,London,Westminster,Greater London,Greater London Urban Area,Urban Traffic,51.52253,-0.154611,England,London Central,0,2,1,1,2024,4,12,4,103,15,2,0,1,8,18,Spring,1,0.8660254037844387,-0.4999999999999998,0.97961369164549,-0.200890555130635,-0.433883739117558,-0.9009688679024191,0.970941817426052,-0.2393156642875575,5.4,7.2,5.7000000000000055,0.8888194417317166,32.54654083333333,30.600426666666667,36.688125,83.608125,0.2435118333333333,17.0,4,2
2024-04-13,6.0,London Marylebone Road,London,Westminster,Greater London,Greater London Urban Area,Urban Traffic,51.52253,-0.154611,England,London Central,0,2,1,1,2024,4,13,5,104,15,2,1,0,8,18,Spring,1,0.8660254037844387,-0.4999999999999998,0.9760105506323684,-0.2177232303965317,-0.9749279121818236,-0.2225209339563146,0.970941817426052,-0.2393156642875575,6.7,5.9,6.0333333333333385,0.6506407098649858,37.860092083333335,19.338347083333336,33.15,62.79375,0.2245935833333333,12.6,5,2
2024-04-14,4.6,London Marylebone Road,London,Westminster,Greater London,Greater London Urban Area,Urban Traffic,51.52253,-0.154611,England,London Central,0,2,1,1,2024,4,14,6,105,15,2,1,0,8,18,Spring,1,0.8660254037844387,-0.4999999999999998,0.9721181966290612,-0.2344913895704098,-0.7818314824680299,0.6234898018587334,0.970941817426052,-0.2393156642875575,6.0,6.4,5.76666666666667,1.069267662156494,49.1441125,14.17244625,32.895,54.64171875,0.2202278333333333,12.6,6,2
2024-04-15,4.3,London Marylebone Road,London,Westminster,Greater London,Greater London Urban Area,Urban Traffic,51.52253,-0.154611,England,London Central,0,2,1,1,2024,4,15,0,106,16,2,0,1,8,18,Spring,1,0.8660254037844387,-0.4999999999999998,0.9679377830240642,-0.2511900638848193,0.0,1.0,0.9350162426854148,-0.3546048870425354,4.6,6.2,4.966666666666671,0.907377172587902,58.54884875,15.851104166666667,29.3728125,53.685468750000005,0.1896675833333333,13.4,0,2
2024-04-16,3.0,London Marylebone Road,London,Westminster,Greater London,Greater London Urban Area,Urban Traffic,51.52253,-0.154611,England,London Central,0,2,1,1,2024,4,16,1,107,16,2,0,1,8,18,Spring,1,0.8660254037844387,-0.4999999999999998,0.9634705485641488,-0.2678143051621742,0.7818314824680298,0.6234898018587336,0.9350162426854148,-0.3546048870425354,4.3,4.0,3.966666666666671,0.8504900548117041,63.05580458333333,6.922515,18.0571875,28.67953125,0.1552266666666666,8.8,1,2
2024-04-17,3.2,London Marylebone Road,London,Westminster,Greater London,Greater London Urban Area,Urban Traffic,51.52253,-0.154611,England,London Central,0,2,1,1,2024,4,17,2,108,16,2,0,1,8,18,Spring,1,0.8660254037844387,-0.4999999999999998,0.9587178169872964,-0.2843591872810034,0.9749279121818236,-0.2225209339563143,0.9350162426854148,-0.3546048870425354,3.0,5.0,3.500000000000005,0.700000000000202,56.636302916666665,8.3880925,21.6909375,34.56046875,0.1857869166666666,8.4,2,2
2024-04-18,3.4,London Marylebone Road,London,Westminster,Greater London,Greater London Urban Area,Urban Traffic,51.52253,-0.154611,England,London Central,0,2,1,1,2024,4,18,3,109,16,2,0,1,8,18,Spring,1,0.8660254037844387,-0.4999999999999998,0.9536809966304456,-0.3008198076356673,0.4338837391175582,-0.900968867902419,0.9350162426854148,-0.3546048870425354,3.2,5.4,3.2000000000000046,0.2000000000007084,49.38525958333333,20.195865833333333,35.29359375,66.23625,0.2348646956521738,12.3,3,2
2024-04-19,3.8,London Marylebone Road,London,Westminster,Greater London,Greater London Urban Area,Urban Traffic,51.52253,-0.154611,England,London Central,0,2,1,1,2024,4,19,4,110,16,2,0,1,8,18,Spring,1,0.8660254037844387,-0.4999999999999998,0.9483615800121716,-0.3171912885891061,-0.433883739117558,-0.9009688679024191,0.9350162426854148,-0.3546048870425354,3.4,6.7,3.466666666666672,0.3055050463308527,49.84260750000001,10.867779130434783,23.15788043478261,39.81326086956521,0.1766546956521739,11.5,4,2
2024-04-20,3.8,London Marylebone Road,London,Westminster,Greater London,Greater London Urban Area,Urban Traffic,51.52253,-0.154611,England,London Central,0,2,1,1,2024,4,20,5,111,16,2,1,0,8,18,Spring,1,0.8660254037844387,-0.4999999999999998,0.9427611433904208,-0.3334687789181868,-0.9749279121818236,-0.2225209339563146,0.9350162426854148,-0.3546048870425354,3.8,6.0,3.666666666666672,0.2309401076764633,63.80419208333333,6.506748333333333,15.6665625,25.65140625,0.2013095833333333,13.3,5,2
2024-04-21,3.5,London Marylebone Road,London,Westminster,Greater London,Greater London Urban Area,Urban Traffic,51.52253,-0.154611,England,London Central,0,2,1,1,2024,4,21,6,112,16,2,1,0,8,18,Spring,1,0.8660254037844387,-0.4999999999999998,0.9368813462954316,-0.3496474552512284,-0.7818314824680299,0.6234898018587334,0.9350162426854148,-0.3546048870425354,3.8,4.6,3.7000000000000046,0.173205080757705,68.66039541666667,5.030776666666667,11.32359375,19.06921875,0.1857869166666666,13.8,6,2
2024-04-22,4.2,London Marylebone Road,London,Westminster,Greater London,Greater London Urban Area,Urban Traffic,51.52253,-0.154611,England,London Central,0,2,1,1,2024,4,22,0,113,17,2,0,1,8,18,Spring,1,0.8660254037844387,-0.4999999999999998,0.9307239310379796,-0.3657225234972689,0.0,1.0,0.8854560256532099,-0.4647231720437685,3.5,4.3,3.833333333333338,0.351188458428828,61.49250625,7.944758695652174,19.92326086956522,32.08010869565217,0.2191733043478261,12.3,0,2
2024-04-23,5.3,London Marylebone Road,London,Westminster,Greater London,Greater London Urban Area,Urban Traffic,51.52253,-0.154611,England,London Central,0,2,1,1,2024,4,23,1,114,17,2,0,1,8,18,Spring,1,0.8660254037844387,-0.4999999999999998,0.9242907221930934,-0.3816892202666588,0.7818314824680298,0.6234898018587336,0.8854560256532099,-0.4647231720437685,4.2,3.0,4.333333333333338,0.9073771725879028,50.948557916666665,11.885729583333337,25.30875,43.525312500000005,0.23138475,11.0,1,2
2024-04-24,4.5,London Marylebone Road,London,Westminster,Greater London,Greater London Urban Area,Urban Traffic,51.52253,-0.154611,England,London Central,0,2,1,1,2024,4,24,2,115,17,2,0,1,8,18,Spring,1,0.8660254037844387,-0.4999999999999998,0.9175836260593936,-0.3975428142825559,0.9749279121818236,-0.2225209339563143,0.8854560256532099,-0.4647231720437685,5.3,3.2,4.666666666666671,0.5686240703079822,62.88118083333333,8.258165416666666,21.8025,34.456875000000004,0.2379017391304347,12.2,2,2
2024-04-25,10.4,London Marylebone Road,London,Westminster,Greater London,Greater London Urban Area,Urban Traffic,51.52253,-0.154611,England,London Central,0,2,1,1,2024,4,25,3,116,17,2,0,1,8,18,Spring,1,0.8660254037844387,-0.4999999999999998,0.9106046300942164,-0.4132786077829042,0.4338837391175582,-0.900968867902419,0.8854560256532099,-0.4647231720437685,4.5,3.4,6.733333333333338,3.20052079095475,26.309978333333333,30.73555083333333,54.825,101.94421875,0.3545959166666666,22.3,3,2
2024-04-26,8.9,London Marylebone Road,London,Westminster,Greater London,Greater London Urban Area,Urban Traffic,51.52253,-0.154611,England,London Central,0,2,1,1,2024,4,26,4,117,17,2,0,1,8,18,Spring,1,0.8660254037844387,-0.4999999999999998,0.9033558023246844,-0.4288919379124835,-0.433883739117558,-0.9009688679024191,0.8854560256532099,-0.4647231720437685,10.4,3.8,7.933333333333337,3.0664855018952264,43.34826708333333,14.681760416666668,38.14640625,60.65015625,0.3157892499999999,15.8,4,2
2024-04-27,6.6,London Marylebone Road,London,Westminster,Greater London,Greater London Urban Area,Urban Traffic,51.52253,-0.154611,England,London Central,0,2,1,1,2024,4,27,5,118,17,2,1,0,8,18,Spring,1,0.8660254037844387,-0.4999999999999998,0.895839290734909,-0.4443781781046132,-0.9749279121818236,-0.2225209339563146,0.8854560256532099,-0.4647231720437685,8.9,3.8,8.633333333333338,1.9139836293274868,63.13064333333333,4.479885833333333,15.65859375,22.54359375,0.2410864166666666,9.9,5,2
2024-04-28,4.2,London Marylebone Road,London,Westminster,Greater London,Greater London Urban Area,Urban Traffic,51.52253,-0.154611,England,London Central,0,2,1,1,2024,4,28,6,119,17,2,1,0,8,18,Spring,1,0.8660254037844387,-0.4999999999999998,0.8880573226294932,-0.4597327394521039,-0.7818314824680299,0.6234898018587334,0.8854560256532099,-0.4647231720437685,6.6,3.5,6.566666666666671,2.3501772982763693,48.686764583333336,14.848067083333332,28.209375,50.96812499999999,0.31869975,7.7,6,2
2024-04-29,5.8,London Marylebone Road,London,Westminster,Greater London,Greater London Urban Area,Urban Traffic,51.52253,-0.154611,England,London Central,0,2,1,1,2024,4,29,0,120,18,2,0,1,8,18,Spring,1,0.8660254037844387,-0.4999999999999998,0.8800122039735357,-0.4749510720670499,0.0,1.0,0.8229838658936565,-0.5680647467311557,4.2,4.2,5.5333333333333385,1.2220201853216712,45.70984541666667,22.129180833333333,42.29015625,76.245,0.3104533333333333,13.8,0,2
2024-04-30,7.4,London Marylebone Road,London,Westminster,Greater London,Greater London Urban Area,Urban Traffic,51.52253,-0.154611,England,London Central,0,2,1,1,2024,4,30,1,121,18,2,0,1,8,18,Spring,1,0.8660254037844387,-0.4999999999999998,0.8717063187093219,-0.4900286664290592,0.7818314824680298,0.6234898018587336,0.8229838658936565,-0.5680647467311557,5.8,5.3,5.800000000000004,1.6000000000000874,40.92016541666667,21.03259625,42.2184375,74.45203125,0.30996825,15.4,1,2
2024-05-01,13.9,London Marylebone Road,London,Westminster,Greater London,Greater London Urban Area,Urban Traffic,51.52253,-0.154611,England,London Central,0,2,1,1,2024,5,1,2,122,18,2,0,1,8,18,Spring,1,0.4999999999999999,-0.8660254037844387,0.8631421280499114,-0.5049610547215204,0.9749279121818236,-0.2225209339563143,0.8229838658936565,-0.5680647467311557,7.4,4.5,9.03333333333334,4.289910643980083,32.06424666666667,17.379046666666667,38.95125,65.59078125,0.325976,24.4,2,2
2024-05-02,19.6,London Marylebone Road,London,Westminster,Greater London,Greater London Urban Area,Urban Traffic,51.52253,-0.154611,England,London Central,0,2,1,1,2024,5,2,3,123,18,2,0,1,8,18,Spring,1,0.4999999999999999,-0.8660254037844387,0.854322169749827,-0.5197438121555155,0.4338837391175582,-0.900968867902419,0.8229838658936565,-0.5680647467311557,13.9,10.4,13.63333333333334,6.104370019365931,39.42339041666667,18.220974166666668,33.2775,61.2159375,0.3555660833333333,33.0,3,2
2024-05-03,5.8,London Marylebone Road,London,Westminster,Greater London,Greater London Urban Area,Urban Traffic,51.52253,-0.154611,England,London Central,0,2,1,1,2024,5,3,4,124,18,2,0,1,8,18,Spring,1,0.4999999999999999,-0.8660254037844387,0.8452490573530633,-0.5343725582809786,-0.433883739117558,-0.9009688679024191,0.8229838658936565,-0.5680647467311557,19.6,8.9,13.100000000000009,6.934695379034343,26.53449458333333,45.20423083333333,54.97640625,124.27265625,0.401649,12.4,4,2
2024-05-04,6.4,London Marylebone Road,London,Westminster,Greater London,Greater London Urban Area,Urban Traffic,51.52253,-0.154611,England,London Central,0,2,1,1,2024,5,4,5,125,18,2,1,0,8,18,Spring,1,0.4999999999999999,-0.8660254037844387,0.8359254794186372,-0.548842958284719,-0.9749279121818236,-0.2225209339563146,0.8229838658936565,-0.5680647467311557,5.8,6.6,10.600000000000003,7.800000000000017,41.751707083333336,20.66360333333333,41.46140625,73.14515625,0.35653625,12.7,5,2
2024-05-05,7.7,London Marylebone Road,London,Westminster,Greater London,Greater London Urban Area,Urban Traffic,51.52253,-0.154611,England,London Central,0,2,1,1,2024,5,5,6,126,18,2,1,0,8,18,Spring,1,0.4999999999999999,-0.8660254037844387,0.8263541987239096,-0.5631507242749186,-0.7818314824680299,0.6234898018587334,0.8229838658936565,-0.5680647467311557,6.4,4.2,6.633333333333337,0.971253485622354,31.440590416666662,24.473065416666667,46.513593750000005,84.0065625,0.4186269166666667,14.2,6,2
2024-05-06,12.5,London Marylebone Road,London,Westminster,Greater London,Greater London Urban Area,Urban Traffic,51.52253,-0.154611,England,London Central,0,2,1,1,2024,5,6,0,127,19,2,0,1,8,18,Spring,1,0.4999999999999999,-0.8660254037844387,0.8165380514459161,-0.5772916165517272,0.0,1.0,0.7485107481711013,-0.663122658240795,7.7,5.8,8.866666666666672,3.2129944496269487,37.835145833333335,6.491157083333333,24.1771875,34.14609375,0.2881395,18.7,0,2
2024-05-07,9.2,London Marylebone Road,London,Westminster,Greater London,Greater London Urban Area,Urban Traffic,51.52253,-0.154611,England,London Central,0,2,1,1,2024,5,7,1,128,19,2,0,1,8,18,Spring,1,0.4999999999999999,-0.8660254037844387,0.8064799463209448,-0.5912614448635781,0.7818314824680298,0.6234898018587336,0.7485107481711013,-0.663122658240795,12.5,7.4,9.800000000000004,2.455605831561786,59.72963791666667,5.7012004166666665,21.8503125,30.6,0.244482,14.5,1,2
2024-05-08,9.8,London Marylebone Road,London,Westminster,Greater London,Greater London Urban Area,Urban Traffic,51.52253,-0.154611,England,London Central,0,2,1,1,2024,5,8,2,129,19,2,0,1,8,18,Spring,1,0.4999999999999999,-0.8660254037844387,0.7961828637826158,-0.6050560696488488,0.9749279121818236,-0.2225209339563143,0.7485107481711013,-0.663122658240795,9.2,13.9,10.500000000000004,1.7578395831247662,44.22138583333333,12.6289125,31.88296875,51.27890625,0.2949306666666667,16.8,2,2
2024-05-09,10.5,London Marylebone Road,London,Westminster,Greater London,Greater London Urban Area,Urban Traffic,51.52253,-0.154611,England,London Central,0,2,1,1,2024,5,9,3,130,19,2,0,1,8,18,Spring,1,0.4999999999999999,-0.8660254037844387,0.7856498550787147,-0.6186714032625031,0.4338837391175582,-0.900968867902419,0.7485107481711013,-0.663122658240795,9.8,19.6,9.833333333333336,0.6506407098649621,48.4456175,23.79744458333333,45.39796875,81.886875,0.3366478333333333,19.3,3,2
2024-05-10,11.9,London Marylebone Road,London,Westminster,Greater London,Greater London Urban Area,Urban Traffic,51.52253,-0.154611,England,London Central,0,2,1,1,2024,5,10,4,131,19,2,0,1,8,18,Spring,1,0.4999999999999999,-0.8660254037844387,0.7748840413670407,-0.6321034111873487,-0.433883739117558,-0.9009688679024191,0.7485107481711013,-0.663122658240795,10.5,5.8,10.73333333333334,1.0692676621564827,42.43357125,20.64010347826087,50.73114130434783,82.37054347826087,0.3468345833333333,22.2,4,2
2024-05-11,17.0,London Marylebone Road,London,Westminster,Greater London,Greater London Urban Area,Urban Traffic,51.52253,-0.154611,England,London Central,0,2,1,1,2024,5,11,5,132,19,2,1,0,8,18,Spring,1,0.4999999999999999,-0.8660254037844387,0.7638886127905428,-0.6453481132295501,-0.9749279121818236,-0.2225209339563146,0.7485107481711013,-0.663122658240795,11.9,6.4,13.133333333333338,3.4210134950528346,53.84232291666667,12.524970833333334,35.731875,54.91265625,0.3060875833333333,27.5,5,2
2024-05-12,12.5,London Marylebone Road,London,Westminster,Greater London,Greater London Urban Area,Urban Traffic,51.52253,-0.154611,England,London Central,0,2,1,1,2024,5,12,6,133,19,2,1,0,8,18,Spring,1,0.4999999999999999,-0.8660254037844387,0.7526668275320084,-0.6584015846980488,-0.7818314824680299,0.6234898018587334,0.7485107481711013,-0.663122658240795,17.0,7.7,13.800000000000004,2.787471972953321,59.579960416666665,12.197554583333334,39.365625,58.03640625,0.3206400833333333,20.8,6,2
2024-05-13,8.6,London Marylebone Road,London,Westminster,Greater London,Greater London Urban Area,Urban Traffic,51.52253,-0.154611,England,London Central,0,2,1,1,2024,5,13,0,134,20,2,0,1,8,18,Spring,1,0.4999999999999999,-0.8660254037844387,0.741222010848596,-0.6712599575675313,0.0,1.0,0.6631226582407952,-0.7485107481711012,12.5,12.5,12.700000000000005,4.203569911396774,43.58941416666666,27.794001666666663,38.91140625,81.5203125,0.2983262499999999,16.1,0,2
2024-05-14,7.1,London Marylebone Road,London,Westminster,Greater London,Greater London Urban Area,Urban Traffic,51.52253,-0.154611,England,London Central,0,2,1,1,2024,5,14,1,135,20,2,0,1,8,18,Spring,1,0.4999999999999999,-0.8660254037844387,0.7295575540864875,-0.6839194216246106,0.7818314824680298,0.6234898018587336,0.6631226582407952,-0.7485107481711012,8.6,9.2,9.400000000000004,2.787471972953317,23.02538875,78.96968125,64.83375,185.926875,0.3880666666666667,13.3,1,2
2024-05-15,7.3,London Marylebone Road,London,Westminster,Greater London,Greater London Urban Area,Urban Traffic,51.52253,-0.154611,England,London Central,0,2,1,1,2024,5,15,2,136,20,2,0,1,8,18,Spring,1,0.4999999999999999,-0.8660254037844387,0.717676913675962,-0.6963762255968722,0.9749279121818236,-0.2225209339563143,0.6631226582407952,-0.7485107481711012,7.1,9.8,7.666666666666671,0.8144527815248633,19.665960416666667,64.23075291666667,68.76234375,167.248125,0.3633274166666667,15.8,2,2
2024-05-16,11.1,London Marylebone Road,London,Westminster,Greater London,Greater London Urban Area,Urban Traffic,51.52253,-0.154611,England,London Central,0,2,1,1,2024,5,16,3,137,20,2,0,1,8,18,Spring,1,0.4999999999999999,-0.8660254037844387,0.705583610107178,-0.7086266782644596,0.4338837391175582,-0.900968867902419,0.6631226582407952,-0.7485107481711012,7.3,10.5,8.500000000000005,2.253885533916986,14.069685,28.78664458333333,43.54125,87.64828125000001,0.3240356666666666,19.3,3,2
2024-05-17,6.9,London Marylebone Road,London,Westminster,Greater London,Greater London Urban Area,Urban Traffic,51.52253,-0.154611,England,London Central,0,2,1,1,2024,5,17,4,138,20,2,0,1,8,18,Spring,1,0.4999999999999999,-0.8660254037844387,0.6932812268869777,-0.7206671495538609,-0.433883739117558,-0.9009688679024191,0.6631226582407952,-0.7485107481711012,11.1,11.9,8.433333333333337,2.31804515342855,32.920734583333335,25.455314166666668,40.40953125,79.45640625,0.2871693333333333,13.5,4,2
2024-05-18,10.1,London Marylebone Road,London,Westminster,Greater London,Greater London Urban Area,Urban Traffic,51.52253,-0.154611,England,London Central,0,2,1,1,2024,5,18,5,139,20,2,1,0,8,18,Spring,1,0.4999999999999999,-0.8660254037844387,0.6807734094770161,-0.7324940716135789,-0.9749279121818236,-0.2225209339563146,0.6631226582407952,-0.7485107481711012,6.9,17.0,9.366666666666672,2.193931022920637,52.57837958333334,5.851915833333333,21.1171875,30.11390625,0.2250786666666666,15.6,5,2
2024-05-19,11.5,London Marylebone Road,London,Westminster,Greater London,Greater London Urban Area,Urban Traffic,51.52253,-0.154611,England,London Central,0,2,1,1,2024,5,19,6,140,20,2,1,0,8,18,Spring,1,0.4999999999999999,-0.8660254037844387,0.6680638642135335,-0.7441039398713607,-0.7818314824680299,0.6234898018587334,0.6631226582407952,-0.7485107481711012,10.1,12.5,9.500000000000004,2.357965224510375,85.76520749999999,2.9623375000000003,11.78578125,16.3040625,0.1891825,23.0,6,2
2024-05-20,9.3,London Marylebone Road,London,Westminster,Greater London,Greater London Urban Area,Urban Traffic,51.52253,-0.154611,England,London Central,0,2,1,1,2024,5,20,0,141,21,2,0,1,8,18,Spring,1,0.4999999999999999,-0.8660254037844387,0.6551563572090853,-0.7554933140726803,0.0,1.0,0.5680647467311558,-0.8229838658936564,11.5,8.6,10.300000000000004,1.1135528725661243,72.85968083333334,4.91124375,16.3040625,23.81859375,0.180451,18.8,0,2
2024-05-21,9.0,London Marylebone Road,London,Westminster,Greater London,Greater London Urban Area,Urban Traffic,51.52253,-0.154611,England,London Central,0,2,1,1,2024,5,21,1,142,21,2,0,1,8,18,Spring,1,0.4999999999999999,-0.8660254037844387,0.6420547132365637,-0.766658819300159,0.7818314824680298,0.6234898018587336,0.5680647467311558,-0.8229838658936564,9.3,7.1,9.933333333333335,1.365039681962982,38.575217916666666,10.529290833333333,24.153281250000003,40.29796875,0.2071305833333333,18.0,1,2
2024-05-22,10.7,London Marylebone Road,London,Westminster,Greater London,Greater London Urban Area,Urban Traffic,51.52253,-0.154611,England,London Central,0,2,1,1,2024,5,22,2,143,21,2,0,1,8,18,Spring,1,0.4999999999999999,-0.8660254037844387,0.6287628145958344,-0.777597146973627,0.9749279121818236,-0.2225209339563143,0.5680647467311558,-0.8229838658936564,9.0,7.3,9.666666666666671,0.9073771725878916,12.77248,41.248211000000005,34.15725,97.441875,0.2759154,16.5,2,2
2024-05-23,6.1,London Marylebone Road,London,Westminster,Greater London,Greater London Urban Area,Urban Traffic,51.52253,-0.154611,England,London Central,0,2,1,1,2024,5,23,3,144,21,2,0,1,8,18,Spring,1,0.4999999999999999,-0.8660254037844387,0.6152845999633276,-0.7883050558305255,0.4338837391175582,-0.900968867902419,0.5680647467311558,-0.8229838658936564,10.7,11.1,8.600000000000003,2.325940669922657,27.001821,28.513278000000003,43.146,86.904,0.3073488,14.0,3,2
2024-05-24,7.1,London Marylebone Road,London,Westminster,Greater London,Greater London Urban Area,Urban Traffic,51.52253,-0.154611,England,London Central,0,2,1,1,2024,5,24,4,145,21,2,0,1,8,18,Spring,1,0.4999999999999999,-0.8660254037844387,0.6016240632249226,-0.7987793728863649,-0.433883739117558,-0.9009688679024191,0.5680647467311558,-0.8229838658936564,6.1,6.9,7.966666666666671,2.4193663082165933,33.02051958333333,28.947754166666662,39.46125,83.83921875,0.2764975,16.8,4,2
2024-05-25,9.1,London Marylebone Road,London,Westminster,Greater London,Greater London Urban Area,Urban Traffic,51.52253,-0.154611,England,London Central,0,2,1,1,2024,5,25,5,146,21,2,1,0,8,18,Spring,1,0.4999999999999999,-0.8660254037844387,0.5877852522924732,-0.8090169943749473,-0.9749279121818236,-0.2225209339563146,0.5680647467311558,-0.8229838658936564,7.1,10.1,7.433333333333337,1.5275252316520294,30.093492916666666,19.6137925,43.923750000000005,73.98984374999999,0.3051174166666666,18.3,5,2
2024-05-26,5.1,London Marylebone Road,London,Westminster,Greater London,Greater London Urban Area,Urban Traffic,51.52253,-0.154611,England,London Central,0,2,1,1,2024,5,26,6,147,21,2,1,0,8,18,Spring,1,0.4999999999999999,-0.8660254037844387,0.5737722679043246,-0.8190148866680801,-0.7818314824680299,0.6234898018587334,0.5680647467311558,-0.8229838658936564,9.1,11.5,7.100000000000004,2.000000000000062,36.75414166666667,20.881880833333334,31.50046875,63.48703125,0.2493328333333333,11.2,6,2
2024-05-27,4.1,London Marylebone Road,London,Westminster,Greater London,Greater London Urban Area,Urban Traffic,51.52253,-0.154611,England,London Central,0,2,1,1,2024,5,27,0,148,22,2,0,1,8,18,Spring,1,0.4999999999999999,-0.8660254037844387,0.5595892624101765,-0.8287700871745038,0.0,1.0,0.464723172043769,-0.8854560256532096,5.1,9.3,6.100000000000004,2.6457513110646365,43.93034624999999,16.36041833333333,26.6634375,51.75703125,0.2119814166666666,11.6,0,2
2024-05-28,5.3,London Marylebone Road,London,Westminster,Greater London,Greater London Urban Area,Urban Traffic,51.52253,-0.154611,England,London Central,0,2,1,1,2024,5,28,1,149,22,2,0,1,8,18,Spring,1,0.4999999999999999,-0.8660254037844387,0.545240438540651,-0.8382797052177744,0.7818314824680298,0.6234898018587336,0.464723172043769,-0.8854560256532096,4.1,9.0,4.833333333333337,0.6429100507330441,26.700802916666664,29.4050975,31.77140625,76.87453125,0.1945184166666666,14.7,1,2
2024-05-29,4.8,London Marylebone Road,London,Westminster,Greater London,Greater London Urban Area,Urban Traffic,51.52253,-0.154611,England,London Central,0,2,1,1,2024,5,29,2,150,22,2,0,1,8,18,Spring,1,0.4999999999999999,-0.8660254037844387,0.5307300481619334,-0.8475409228928311,0.9749279121818236,-0.2225209339563143,0.464723172043769,-0.8854560256532096,5.3,10.7,4.733333333333337,0.6027713773343625,37.72704541666667,17.550550416666667,27.874687500000004,54.76921875,0.151346,11.8,2,2
2024-05-30,3.2,London Marylebone Road,London,Westminster,Greater London,Greater London Urban Area,Urban Traffic,51.52253,-0.154611,England,London Central,0,2,1,1,2024,5,30,3,151,22,2,0,1,8,18,Spring,1,0.4999999999999999,-0.8660254037844387,0.5160623910158528,-0.8565509959010036,0.4338837391175582,-0.900968867902419,0.464723172043769,-0.8854560256532096,4.8,6.1,4.433333333333337,1.0969655114603931,50.35816333333333,5.550484999999999,15.4753125,23.9859375,0.0863448333333333,7.5,3,2
2024-05-31,4.0,London Marylebone Road,London,Westminster,Greater London,Greater London Urban Area,Urban Traffic,51.52253,-0.154611,England,London Central,0,2,1,1,2024,5,31,4,152,22,2,0,1,8,18,Spring,1,0.4999999999999999,-0.8660254037844387,0.5012418134457758,-0.865307254363206,-0.433883739117558,-0.9009688679024191,0.464723172043769,-0.8854560256532096,3.2,7.1,4.000000000000004,0.800000000000141,56.10411625,3.9549804166666656,8.518593749999999,14.52703125,0.1159349166666666,9.6,4,2
2024-06-01,5.1,London Marylebone Road,London,Westminster,Greater London,Greater London Urban Area,Urban Traffic,51.52253,-0.154611,England,London Central,0,2,1,1,2024,6,1,5,153,22,2,1,0,8,18,Summer,2,1.2246467991473532e-16,-1.0,0.48627270710869,-0.8738071036110808,-0.9749279121818236,-0.2225209339563146,0.464723172043769,-0.8854560256532096,4.0,9.1,4.100000000000004,0.953939201417064,58.46569458333334,3.154629583333333,8.932968749999999,13.76203125,0.1198155833333333,10.2,5,2
2024-06-02,6.6,London Marylebone Road,London,Westminster,Greater London,Greater London Urban Area,Urban Traffic,51.52253,-0.154611,England,London Central,0,2,1,1,2024,6,2,6,154,22,2,1,0,8,18,Summer,2,1.2246467991473532e-16,-1.0,0.4711595076738638,-0.8820480249558537,-0.7818314824680299,0.6234898018587334,0.464723172043769,-0.8854560256532096,5.1,5.1,5.233333333333338,1.305118130030215,70.47315625,2.0216654166666665,10.95703125,14.056875,0.13824875,15.1,6,2
2024-06-03,4.9,London Marylebone Road,London,Westminster,Greater London,Greater London Urban Area,Urban Traffic,51.52253,-0.154611,England,London Central,0,2,1,1,2024,6,3,0,155,23,2,0,1,8,18,Summer,2,1.2246467991473532e-16,-1.0,0.4559066935084588,-0.8900275764346767,0.0,1.0,0.3546048870425358,-0.9350162426854148,6.6,4.1,5.533333333333338,0.9291573243178826,32.28876291666666,7.2031575,17.1646875,28.1934375,0.1280619999999999,9.6,0,2
2024-06-04,7.2,London Marylebone Road,London,Westminster,Greater London,Greater London Urban Area,Urban Traffic,51.52253,-0.154611,England,London Central,0,2,1,1,2024,6,4,1,156,23,2,0,1,8,18,Summer,2,1.2246467991473532e-16,-1.0,0.440518784350495,-0.8977433935342337,0.7818314824680298,0.6234898018587336,0.3546048870425358,-0.9350162426854148,4.9,5.3,6.233333333333337,1.1930353445449842,19.549544583333333,36.291232916666665,33.564375,89.18624999999999,0.2236234166666666,16.4,1,2
2024-06-05,10.1,London Marylebone Road,London,Westminster,Greater London,Greater London Urban Area,Urban Traffic,51.52253,-0.154611,England,London Central,0,2,1,1,2024,6,5,2,157,23,2,0,1,8,18,Summer,2,1.2246467991473532e-16,-1.0,0.4250003399695541,-0.9051931898913974,0.9749279121818236,-0.2225209339563143,0.3546048870425358,-0.9350162426854148,7.2,4.8,7.400000000000005,2.605762844159122,31.53206,16.906584545454546,31.947443181818183,57.853125,0.1936805454545454,21.2,2,2
2024-06-06,11.3,London Marylebone Road,London,Westminster,Greater London,Greater London Urban Area,Urban Traffic,51.52253,-0.154611,England,London Central,0,2,1,1,2024,6,6,3,158,23,2,0,1,8,18,Summer,2,1.2246467991473532e-16,-1.0,0.4093559588156213,-0.9123747579707272,0.4338837391175582,-0.900968867902419,0.3546048870425358,-0.9350162426854148,10.1,3.2,9.533333333333337,2.107921567168374,27.73191458333333,25.507285,38.67234375,77.79890625,0.238661,23.2,3,2
2024-06-07,8.4,London Marylebone Road,London,Westminster,Greater London,Greater London Urban Area,Urban Traffic,51.52253,-0.154611,England,London Central,0,2,1,1,2024,6,7,4,159,23,2,0,1,8,18,Summer,2,1.2246467991473532e-16,-1.0,0.3935902766564667,-0.9192859697186104,-0.433883739117558,-0.9009688679024191,0.3546048870425358,-0.9350162426854148,11.3,4.0,9.933333333333335,1.4571661996263765,26.917003750000003,30.818704166666667,43.40578125,90.6684375,0.2697063333333333,22.5,4,2
2024-06-08,4.8,London Marylebone Road,London,Westminster,Greater London,Greater London Urban Area,Urban Traffic,51.52253,-0.154611,England,London Central,0,2,1,1,2024,6,8,5,160,23,2,1,0,8,18,Summer,2,1.2246467991473532e-16,-1.0,0.3777079652039649,-0.9259247771938498,-0.9749279121818236,-0.2225209339563146,0.3546048870425358,-0.9350162426854148,8.4,5.1,8.16666666666667,3.256275991578967,41.95127708333333,13.304533333333334,21.63515625,42.01921875,0.18772725,12.3,5,2
2024-06-09,6.1,London Marylebone Road,London,Westminster,Greater London,Greater London Urban Area,Urban Traffic,51.52253,-0.154611,England,London Central,0,2,1,1,2024,6,9,6,161,23,2,1,0,8,18,Summer,2,1.2246467991473532e-16,-1.0,0.3617137307297676,-0.9322892131745132,-0.7818314824680299,0.6234898018587334,0.3546048870425358,-0.9350162426854148,4.8,6.6,6.433333333333337,1.8230011885167785,36.03901583333333,12.89396375,25.04578125,44.82421875,0.2241085,16.4,6,2
2024-06-10,4.2,London Marylebone Road,London,Westminster,Greater London,Greater London Urban Area,Urban Traffic,51.52253,-0.154611,England,London Central,0,2,1,1,2024,6,10,0,162,24,2,0,1,8,18,Summer,2,1.2246467991473532e-16,-1.0,0.3456123126707335,-0.938377391740864,0.0,1.0,0.2393156642875576,-0.970941817426052,6.1,4.9,5.033333333333338,0.9712534856223626,37.31959,11.147743749999998,18.2165625,35.30953125,0.1838465833333333,9.8,0,2
2024-06-11,4.4,London Marylebone Road,London,Westminster,Greater London,Greater London Urban Area,Urban Traffic,51.52253,-0.154611,England,London Central,0,2,1,1,2024,6,11,1,163,24,2,0,1,8,18,Summer,2,1.2246467991473532e-16,-1.0,0.3294084822245304,-0.9441875088341992,0.7818314824680298,0.6234898018587336,0.2393156642875576,-0.970941817426052,4.2,7.2,4.900000000000004,1.0440306508911774,35.706399166666664,7.06283625,19.89796875,30.75140625,0.1809360833333333,9.7,1,2
2024-06-12,8.3,London Marylebone Road,London,Westminster,Greater London,Greater London Urban Area,Urban Traffic,51.52253,-0.154611,England,London Central,0,2,1,1,2024,6,12,2,164,24,2,0,1,8,18,Summer,2,1.2246467991473532e-16,-1.0,0.3131070409358269,-0.9497178427914316,0.9749279121818236,-0.2225209339563143,0.2393156642875576,-0.970941817426052,4.4,10.1,5.633333333333337,2.311565126344829,21.42051333333333,28.92176875,47.24671874999999,91.60078125,0.30414725,19.3,2,2
2024-06-13,6.9,London Marylebone Road,London,Westminster,Greater London,Greater London Urban Area,Urban Traffic,51.52253,-0.154611,England,London Central,0,2,1,1,2024,6,13,3,165,24,2,0,1,8,18,Summer,2,1.2246467991473532e-16,-1.0,0.2967128192734907,-0.9549667548552552,0.4338837391175582,-0.900968867902419,0.2393156642875576,-0.970941817426052,8.3,11.3,6.5333333333333385,1.9756855350317215,33.7772225,33.11061791666666,39.51703125,90.29390625,0.2949306666666667,19.1,3,2
2024-06-14,4.4,London Marylebone Road,London,Westminster,Greater London,Greater London Urban Area,Urban Traffic,51.52253,-0.154611,England,London Central,0,2,1,1,2024,6,14,4,166,24,2,0,1,8,18,Summer,2,1.2246467991473532e-16,-1.0,0.2802306751992159,-0.9599326896597448,-0.433883739117558,-0.9009688679024191,0.2393156642875576,-0.970941817426052,6.9,8.4,6.5333333333333385,1.9756855350317215,30.30137833333333,31.457945416666664,33.55640625,81.7753125,0.2731019166666666,13.8,4,2
2024-06-15,4.8,London Marylebone Road,London,Westminster,Greater London,Greater London Urban Area,Urban Traffic,51.52253,-0.154611,England,London Central,0,2,1,1,2024,6,15,5,167,24,2,1,0,8,18,Summer,2,1.2246467991473532e-16,-1.0,0.263665492728007,-0.9646141756912436,-0.9749279121818236,-0.2225209339563146,0.2393156642875576,-0.970941817426052,4.4,4.8,5.366666666666671,1.3428824718990071,34.392563333333335,28.854206666666663,31.7315625,75.98203124999999,0.2900798333333333,14.3,5,2
2024-06-16,5.2,London Marylebone Road,London,Westminster,Greater London,Greater London Urban Area,Urban Traffic,51.52253,-0.154611,England,London Central,0,2,1,1,2024,6,16,6,168,24,2,1,0,8,18,Summer,2,1.2246467991473532e-16,-1.0,0.2470221804809355,-0.9690098257244062,-0.7818314824680299,0.6234898018587334,0.2393156642875576,-0.970941817426052,4.8,6.1,4.800000000000004,0.4000000000003218,40.43787125,18.65233208333333,29.7871875,58.38703125,0.2726168333333333,15.6,6,2
2024-06-17,5.9,London Marylebone Road,London,Westminster,Greater London,Greater London Urban Area,Urban Traffic,51.52253,-0.154611,England,London Central,0,2,1,1,2024,6,17,0,169,25,2,0,1,8,18,Summer,2,1.2246467991473532e-16,-1.0,0.2303056702306122,-0.973118337233262,0.0,1.0,0.120536680255323,-0.992708874098054,5.2,4.2,5.300000000000004,0.5567764362832305,34.4757175,31.49952208333333,42.01125,90.301875,0.3060875833333333,16.6,0,2
2024-06-18,6.0,London Marylebone Road,London,Westminster,Greater London,Greater London Urban Area,Urban Traffic,51.52253,-0.154611,England,London Central,0,2,1,1,2024,6,18,1,170,25,2,0,1,8,18,Summer,2,1.2246467991473532e-16,-1.0,0.2135209154397961,-0.9769384927771816,0.7818314824680298,0.6234898018587336,0.120536680255323,-0.992708874098054,5.9,4.4,5.700000000000004,0.4358898943543551,49.52662166666667,6.0805875,17.98546875,27.308906250000003,0.21392175,12.7,1,2
2024-06-19,4.3,London Marylebone Road,London,Westminster,Greater London,Greater London Urban Area,Urban Traffic,51.52253,-0.154611,England,London Central,0,2,1,1,2024,6,19,2,171,25,2,0,1,8,18,Summer,2,1.2246467991473532e-16,-1.0,0.1966728897935764,-0.980469160361632,0.9749279121818236,-0.2225209339563143,0.120536680255323,-0.992708874098054,6.0,8.3,5.400000000000005,0.9539392014170788,48.794865,2.1827750000000004,7.191,10.59525,0.2178024166666666,12.1,2,2
2024-06-20,5.4,London Marylebone Road,London,Westminster,Greater London,Greater London Urban Area,Urban Traffic,51.52253,-0.154611,England,London Central,0,2,1,1,2024,6,20,3,172,25,2,0,1,8,18,Summer,2,1.2246467991473532e-16,-1.0,0.1797665857255624,-0.9837092937736096,0.4338837391175582,-0.900968867902419,0.120536680255323,-0.992708874098054,4.3,6.9,5.233333333333338,0.8621678104253189,40.37966333333333,,,,0.2512731666666666,14.5,3,2
2024-06-21,8.8,London Marylebone Road,London,Westminster,Greater London,Greater London Urban Area,Urban Traffic,51.52253,-0.154611,England,London Central,0,2,1,1,2024,6,21,4,173,25,2,0,1,8,18,Summer,2,1.2246467991473532e-16,-1.0,0.1628070129385171,-0.986657932891657,-0.433883739117558,-0.9009688679024191,0.120536680255323,-0.992708874098054,5.4,4.4,6.166666666666671,2.3459184413217744,34.24288583333333,,,,0.3332522499999999,22.1,4,2
2024-06-22,5.2,London Marylebone Road,London,Westminster,Greater London,Greater London Urban Area,Urban Traffic,51.52253,-0.154611,England,London Central,0,2,1,1,2024,6,22,5,174,25,2,1,0,8,18,Summer,2,1.2246467991473532e-16,-1.0,0.1457991969198751,-0.9893142039703664,-0.9749279121818236,-0.2225209339563146,0.120536680255323,-0.992708874098054,8.8,4.8,6.466666666666671,2.023198787399197,33.63586041666667,,,,0.2828035833333333,12.6,5,2
2024-06-23,6.7,London Marylebone Road,London,Westminster,Greater London,Greater London Urban Area,Urban Traffic,51.52253,-0.154611,England,London Central,0,2,1,1,2024,6,23,6,175,25,2,1,0,8,18,Summer,2,1.2246467991473532e-16,-1.0,0.1287481774525813,-0.99167731989929,-0.7818314824680299,0.6234898018587334,0.120536680255323,-0.992708874098054,5.2,5.2,6.900000000000006,1.8083141320025795,33.26166666666666,,,,0.2939605,14.0,6,2
2024-06-24,8.4,London Marylebone Road,London,Westminster,Greater London,Greater London Urban Area,Urban Traffic,51.52253,-0.154611,England,London Central,0,2,1,1,2024,6,24,0,176,26,2,0,1,8,18,Summer,2,1.2246467991473532e-16,-1.0,0.1116590071216951,-0.993746580436178,0.0,1.0,-3.216245299353273e-16,-1.0,6.7,5.9,6.766666666666672,1.60104132780312,34.026685,,,,0.2828035833333333,16.7,0,2
2024-06-25,10.6,London Marylebone Road,London,Westminster,Greater London,Greater London Urban Area,Urban Traffic,51.52253,-0.154611,England,London Central,0,2,1,1,2024,6,25,1,177,26,2,0,1,8,18,Summer,2,1.2246467991473532e-16,-1.0,0.0945367498171991,-0.9955213724144752,0.7818314824680298,0.6234898018587336,-3.216245299353273e-16,-1.0,8.4,6.0,8.566666666666672,1.955334583475053,55.22268208333333,,,,0.2789229166666667,19.5,1,2
2024-06-26,12.4,London Marylebone Road,London,Westminster,Greater London,Greater London Urban Area,Urban Traffic,51.52253,-0.154611,England,London Central,0,2,1,1,2024,6,26,2,178,26,2,0,1,8,18,Summer,2,1.2246467991473532e-16,-1.0,0.077386479233463,-0.9970011699250152,0.9749279121818236,-0.2225209339563143,-3.216245299353273e-16,-1.0,10.6,4.3,10.46666666666667,2.003330560175614,70.22369375,,,,0.2706765,21.3,2,2
2024-06-27,9.3,London Marylebone Road,London,Westminster,Greater London,Greater London Urban Area,Urban Traffic,51.52253,-0.154611,England,London Central,0,2,1,1,2024,6,27,3,179,26,2,0,1,8,18,Summer,2,1.2246467991473532e-16,-1.0,0.060213277365793,-0.9981855344718586,0.4338837391175582,-0.900968867902419,-3.216245299353273e-16,-1.0,12.4,5.4,10.766666666666673,1.5567059238448142,40.25493208333334,,,,0.2876544166666666,21.9,3,2
2024-06-28,6.1,London Marylebone Road,London,Westminster,Greater London,Greater London Urban Area,Urban Traffic,51.52253,-0.154611,England,London Central,0,2,1,1,2024,6,28,4,180,26,2,0,1,8,18,Summer,2,1.2246467991473532e-16,-1.0,0.0430222330045305,-0.99907411510223,-0.433883739117558,-0.9009688679024191,-3.216245299353273e-16,-1.0,9.3,8.8,9.266666666666673,3.150132272355172,23.12517375,,,,0.3007516666666667,21.2,4,2
2024-06-29,5.9,London Marylebone Road,London,Westminster,Greater London,Greater London Urban Area,Urban Traffic,51.52253,-0.154611,England,London Central,0,2,1,1,2024,6,29,5,181,26,2,1,0,8,18,Summer,2,1.2246467991473532e-16,-1.0,0.025818440227133,-0.9996666485105112,-0.9749279121818236,-0.2225209339563146,-3.216245299353273e-16,-1.0,6.1,5.2,7.100000000000005,1.9078784028339573,46.948842500000005,,,,0.2245935833333333,17.7,5,2
2024-06-30,4.2,London Marylebone Road,London,Westminster,Greater London,Greater London Urban Area,Urban Traffic,51.52253,-0.154611,England,London Central,0,2,1,1,2024,6,30,6,182,26,2,1,0,8,18,Summer,2,1.2246467991473532e-16,-1.0,0.0086069968886886,-0.9999629591162656,-0.7818314824680299,0.6234898018587334,-3.216245299353273e-16,-1.0,5.9,6.7,5.400000000000005,1.044030650891184,42.94081166666667,,,,0.1251515,10.1,6,2
2024-07-01,4.2,London Marylebone Road,London,Westminster,Greater London,Greater London Urban Area,Urban Traffic,51.52253,-0.154611,England,London Central,0,2,1,1,2024,7,1,0,183,27,3,0,1,8,18,Summer,2,-0.4999999999999997,-0.8660254037844388,-0.008606996888688,-0.9999629591162656,0.0,1.0,-0.1205366802553228,-0.992708874098054,4.2,8.4,4.766666666666672,0.981495457622505,35.34883625,,,,0.1319426666666666,12.7,0,3
2024-07-02,5.0,London Marylebone Road,London,Westminster,Greater London,Greater London Urban Area,Urban Traffic,51.52253,-0.154611,England,London Central,0,2,1,1,2024,7,2,1,184,27,3,0,1,8,18,Summer,2,-0.4999999999999997,-0.8660254037844388,-0.0258184402271323,-0.9996666485105112,0.7818314824680298,0.6234898018587336,-0.1205366802553228,-0.992708874098054,4.2,10.6,4.466666666666671,0.4618802153520042,37.99087090909091,14.510256666666663,30.329062500000003,52.5778125,0.1683239166666666,14.3,1,3
2024-07-03,8.1,London Marylebone Road,London,Westminster,Greater London,Greater London Urban Area,Urban Traffic,51.52253,-0.154611,England,London Central,0,2,1,1,2024,7,3,2,185,27,3,0,1,8,18,Summer,2,-0.4999999999999997,-0.8660254037844388,-0.0430222330045303,-0.99907411510223,0.9749279121818236,-0.2225209339563143,-0.1205366802553228,-0.992708874098054,5.0,12.4,5.76666666666667,2.059935274064114,22.525379130434786,36.42116,41.88375,97.74538043478262,0.2409387826086956,17.2,2,3
2024-07-04,6.8,London Marylebone Road,London,Westminster,Greater London,Greater London Urban Area,Urban Traffic,51.52253,-0.154611,England,London Central,0,2,1,1,2024,7,4,3,186,27,3,0,1,8,18,Summer,2,-0.4999999999999997,-0.8660254037844388,-0.0602132773657927,-0.9981855344718586,0.4338837391175582,-0.900968867902419,-0.1205366802553228,-0.992708874098054,8.1,9.3,6.633333333333337,1.5567059238448298,29.26195125,25.08632125,36.40921875,74.88234375,0.2124665,21.2,3,3
2024-07-05,5.1,London Marylebone Road,London,Westminster,Greater London,Greater London Urban Area,Urban Traffic,51.52253,-0.154611,England,London Central,0,2,1,1,2024,7,5,4,187,27,3,0,1,8,18,Summer,2,-0.4999999999999997,-0.8660254037844388,-0.0773864792334632,-0.9970011699250152,-0.433883739117558,-0.9009688679024191,-0.1205366802553228,-0.992708874098054,6.8,6.1,6.666666666666671,1.5044378795196516,16.555994583333334,38.33888375,30.7434375,89.54484375,0.2473925,12.4,4,3
2024-07-06,4.5,London Marylebone Road,London,Westminster,Greater London,Greater London Urban Area,Urban Traffic,51.52253,-0.154611,England,London Central,0,2,1,1,2024,7,6,5,188,27,3,1,0,8,18,Summer,2,-0.4999999999999997,-0.8660254037844388,-0.0945367498171993,-0.9955213724144752,-0.9749279121818236,-0.2225209339563146,-0.1205366802553228,-0.992708874098054,5.1,5.9,5.466666666666671,1.1930353445449975,21.94438458333333,23.012685,31.524375000000003,66.80203125,0.2352654166666666,9.0,5,3
2024-07-07,4.0,London Marylebone Road,London,Westminster,Greater London,Greater London Urban Area,Urban Traffic,51.52253,-0.154611,England,London Central,0,2,1,1,2024,7,7,6,189,27,3,1,0,8,18,Summer,2,-0.4999999999999997,-0.8660254037844388,-0.1116590071216944,-0.993746580436178,-0.7818314824680299,0.6234898018587334,-0.1205366802553228,-0.992708874098054,4.5,4.2,4.533333333333338,0.5507570547288652,27.60718333333333,23.4180575,26.71921875,62.61046875,0.2595195833333333,12.2,6,3
2024-07-08,6.1,London Marylebone Road,London,Westminster,Greater London,Greater London Urban Area,Urban Traffic,51.52253,-0.154611,England,London Central,0,2,1,1,2024,7,8,0,190,28,3,0,1,8,18,Summer,2,-0.4999999999999997,-0.8660254037844388,-0.1287481774525806,-0.99167731989929,0.0,1.0,-0.2393156642875574,-0.970941817426052,4.0,4.2,4.866666666666672,1.0969655114604144,19.458075,38.811818333333335,39.27,98.8125,0.261945,13.9,0,3
2024-07-09,5.3,London Marylebone Road,London,Westminster,Greater London,Greater London Urban Area,Urban Traffic,51.52253,-0.154611,England,London Central,0,2,1,1,2024,7,9,1,191,28,3,0,1,8,18,Summer,2,-0.4999999999999997,-0.8660254037844388,-0.1457991969198744,-0.9893142039703664,0.7818314824680298,0.6234898018587336,-0.2393156642875574,-0.970941817426052,6.1,5.0,5.133333333333338,1.0598742063724376,12.77248,34.93479416666667,34.75171875,88.29375,0.29105,12.5,1,3
2024-07-10,4.0,London Marylebone Road,London,Westminster,Greater London,Greater London Urban Area,Urban Traffic,51.52253,-0.154611,England,London Central,0,2,1,1,2024,7,10,2,192,28,3,0,1,8,18,Summer,2,-0.4999999999999997,-0.8660254037844388,-0.1628070129385164,-0.9866579328916572,0.9749279121818236,-0.2225209339563143,-0.2393156642875574,-0.970941817426052,5.3,8.1,5.133333333333337,1.0598742063724376,27.183097083333333,28.80223583333333,35.00671875,79.16953124999999,0.2711615833333333,12.1,2,3
2024-07-11,5.5,London Marylebone Road,London,Westminster,Greater London,Greater London Urban Area,Urban Traffic,51.52253,-0.154611,England,London Central,0,2,1,1,2024,7,11,3,193,28,3,0,1,8,18,Summer,2,-0.4999999999999997,-0.8660254037844388,-0.1797665857255621,-0.9837092937736098,0.4338837391175582,-0.900968867902419,-0.2393156642875574,-0.970941817426052,4.0,6.8,4.933333333333338,0.8144527815248763,33.85206125,16.2460825,26.46421875,51.35859375,0.2017946666666666,14.4,3,3
2024-07-12,4.6,London Marylebone Road,London,Westminster,Greater London,Greater London Urban Area,Urban Traffic,51.52253,-0.154611,England,London Central,0,2,1,1,2024,7,12,4,194,28,3,0,1,8,18,Summer,2,-0.4999999999999997,-0.8660254037844388,-0.1966728897935762,-0.980469160361632,-0.433883739117558,-0.9009688679024191,-0.2393156642875574,-0.970941817426052,5.5,5.1,4.700000000000005,0.7549834435272591,42.566617916666665,4.56823625,10.27171875,17.2603125,0.1697791666666666,10.7,4,3
2024-07-13,5.4,London Marylebone Road,London,Westminster,Greater London,Greater London Urban Area,Urban Traffic,51.52253,-0.154611,England,London Central,0,2,1,1,2024,7,13,5,195,28,3,1,0,8,18,Summer,2,-0.4999999999999997,-0.8660254037844388,-0.2135209154397959,-0.9769384927771816,-0.9749279121818236,-0.2225209339563146,-0.2393156642875574,-0.970941817426052,4.6,4.5,5.166666666666671,0.4932882862319,32.50496375,14.45308875,25.850625,48.035625,0.2381759166666666,10.3,5,3
2024-07-14,6.9,London Marylebone Road,London,Westminster,Greater London,Greater London Urban Area,Urban Traffic,51.52253,-0.154611,England,London Central,0,2,1,1,2024,7,14,6,196,28,3,1,0,8,18,Summer,2,-0.4999999999999997,-0.8660254037844388,-0.2303056702306119,-0.973118337233262,-0.7818314824680299,0.6234898018587334,-0.2393156642875574,-0.970941817426052,5.4,4.0,5.633333333333337,1.1676186592092466,32.230555,21.71861125,37.389375,70.6828125,0.3031770833333333,12.4,6,3
2024-07-15,7.6,London Marylebone Road,London,Westminster,Greater London,Greater London Urban Area,Urban Traffic,51.52253,-0.154611,England,London Central,0,2,1,1,2024,7,15,0,197,29,3,0,1,8,18,Summer,2,-0.4999999999999997,-0.8660254037844388,-0.2470221804809352,-0.9690098257244064,0.0,1.0,-0.3546048870425356,-0.9350162426854148,6.9,6.1,6.633333333333337,1.1239810200059357,27.9398,23.644469565217392,45.6921195652174,81.96309782608695,0.3007516666666667,15.7,0,3
2024-07-16,9.1,London Marylebone Road,London,Westminster,Greater London,Greater London Urban Area,Urban Traffic,51.52253,-0.154611,England,London Central,0,2,1,1,2024,7,16,1,198,29,3,0,1,8,18,Summer,2,-0.4999999999999997,-0.8660254037844388,-0.2636654927280072,-0.9646141756912436,0.7818314824680298,0.6234898018587336,-0.3546048870425356,-0.9350162426854148,7.6,5.3,7.866666666666672,1.1239810200059277,28.2890475,24.48345958333333,40.85578125,78.40453125,0.2832886666666667,18.7,1,3
2024-07-17,8.4,London Marylebone Road,London,Westminster,Greater London,Greater London Urban Area,Urban Traffic,51.52253,-0.154611,England,London Central,0,2,1,1,2024,7,17,2,199,29,3,0,1,8,18,Summer,2,-0.4999999999999997,-0.8660254037844388,-0.2802306751992161,-0.9599326896597444,0.9749279121818236,-0.2225209339563143,-0.3546048870425356,-0.9350162426854148,9.1,4.0,8.366666666666672,0.7505553499466636,27.474136666666663,26.637989565217392,42.74021739130435,83.60119565217391,0.2900798333333333,15.8,2,3
2024-07-18,8.7,London Marylebone Road,London,Westminster,Greater London,Greater London Urban Area,Urban Traffic,51.52253,-0.154611,England,London Central,0,2,1,1,2024,7,18,3,200,29,3,0,1,8,18,Summer,2,-0.4999999999999997,-0.8660254037844388,-0.2967128192734901,-0.9549667548552552,0.4338837391175582,-0.900968867902419,-0.3546048870425356,-0.9350162426854148,8.4,5.5,8.733333333333338,0.351188458428738,34.883172916666666,25.1019125,50.43421875000001,88.92328125,0.29105,20.5,3,3
2024-07-19,11.8,London Marylebone Road,London,Westminster,Greater London,Greater London Urban Area,Urban Traffic,51.52253,-0.154611,England,London Central,0,2,1,1,2024,7,19,4,201,29,3,0,1,8,18,Summer,2,-0.4999999999999997,-0.8660254037844388,-0.3131070409358267,-0.9497178427914316,-0.433883739117558,-0.9009688679024191,-0.3546048870425356,-0.9350162426854148,8.7,4.6,9.633333333333338,1.8823743871327887,41.36919791666666,18.028682083333333,55.62984375,83.2734375,0.3114235,23.5,4,3
2024-07-20,6.8,London Marylebone Road,London,Westminster,Greater London,Greater London Urban Area,Urban Traffic,51.52253,-0.154611,England,London Central,0,2,1,1,2024,7,20,5,202,29,3,1,0,8,18,Summer,2,-0.4999999999999997,-0.8660254037844388,-0.3294084822245302,-0.9441875088341994,-0.9749279121818236,-0.2225209339563146,-0.3546048870425356,-0.9350162426854148,11.8,5.4,9.100000000000003,2.523885892824836,19.68259125,31.473536666666664,28.83890625,77.0896875,0.26631075,16.1,5,3
2024-07-21,4.8,London Marylebone Road,London,Westminster,Greater London,Greater London Urban Area,Urban Traffic,51.52253,-0.154611,England,London Central,0,2,1,1,2024,7,21,6,203,29,3,1,0,8,18,Summer,2,-0.4999999999999997,-0.8660254037844388,-0.3456123126707333,-0.9383773917408642,-0.7818314824680299,0.6234898018587334,-0.3546048870425356,-0.9350162426854148,6.8,6.9,7.800000000000004,3.6055512754640224,31.15786625,10.685203333333334,19.78640625,36.14625,0.23284,9.2,6,3
2024-07-22,6.0,London Marylebone Road,London,Westminster,Greater London,Greater London Urban Area,Urban Traffic,51.52253,-0.154611,England,London Central,0,2,1,1,2024,7,22,0,204,30,3,0,1,8,18,Summer,2,-0.4999999999999997,-0.8660254037844388,-0.3617137307297674,-0.9322892131745134,0.0,1.0,-0.464723172043768,-0.8854560256532101,4.8,7.6,5.866666666666672,1.0066445913695643,27.14152,25.6008325,26.58375,65.82187499999999,,14.2,0,3
2024-07-23,5.6,London Marylebone Road,London,Westminster,Greater London,Greater London Urban Area,Urban Traffic,51.52253,-0.154611,England,London Central,0,2,1,1,2024,7,23,1,205,30,3,0,1,8,18,Summer,2,-0.4999999999999997,-0.8660254037844388,-0.3777079652039646,-0.92592477719385,0.7818314824680298,0.6234898018587336,-0.464723172043768,-0.8854560256532101,6.0,9.1,5.466666666666671,0.6110100926609994,30.517579166666668,12.0676275,20.049375,38.56078125,,11.5,1,3
2024-07-24,8.4,London Marylebone Road,London,Westminster,Greater London,Greater London Urban Area,Urban Traffic,51.52253,-0.154611,England,London Central,0,2,1,1,2024,7,24,2,206,30,3,0,1,8,18,Summer,2,-0.4999999999999997,-0.8660254037844388,-0.3935902766564664,-0.9192859697186104,0.9749279121818236,-0.2225209339563143,-0.464723172043768,-0.8854560256532101,5.6,8.4,6.666666666666671,1.5143755588801566,22.368470833333333,27.133972083333333,37.76390625,79.36875,,16.1,2,3
2024-07-25,5.2,London Marylebone Road,London,Westminster,Greater London,Greater London Urban Area,Urban Traffic,51.52253,-0.154611,England,London Central,0,2,1,1,2024,7,25,3,207,30,3,0,1,8,18,Summer,2,-0.4999999999999997,-0.8660254037844388,-0.4093559588156211,-0.9123747579707274,0.4338837391175582,-0.900968867902419,-0.464723172043768,-0.8854560256532101,8.4,8.7,6.400000000000005,1.7435595774163433,18.65147958333333,32.81958125,29.803125,80.10984375,,11.7,3,3
2024-07-26,7.4,London Marylebone Road,London,Westminster,Greater London,Greater London Urban Area,Urban Traffic,51.52253,-0.154611,England,London Central,0,2,1,1,2024,7,26,4,208,30,3,0,1,8,18,Summer,2,-0.4999999999999997,-0.8660254037844388,-0.4250003399695539,-0.9051931898913976,-0.433883739117558,-0.9009688679024191,-0.464723172043768,-0.8854560256532101,5.2,11.8,7.000000000000004,1.6370705543745658,19.258505,35.0803125,37.01484375,90.7959375,,19.5,4,3
2024-07-27,5.8,London Marylebone Road,London,Westminster,Greater London,Greater London Urban Area,Urban Traffic,51.52253,-0.154611,England,London Central,0,2,1,1,2024,7,27,5,209,30,3,1,0,8,18,Summer,2,-0.4999999999999997,-0.8660254037844388,-0.4405187843504952,-0.8977433935342336,-0.9749279121818236,-0.2225209339563146,-0.464723172043768,-0.8854560256532101,7.4,6.8,6.133333333333337,1.13724814061558,30.45105583333333,13.67352625,26.09765625,47.07140625,,14.1,5,3
2024-07-28,8.0,London Marylebone Road,London,Westminster,Greater London,Greater London Urban Area,Urban Traffic,51.52253,-0.154611,England,London Central,0,2,1,1,2024,7,28,6,210,30,3,1,0,8,18,Summer,2,-0.4999999999999997,-0.8660254037844388,-0.455906693508459,-0.8900275764346766,-0.7818314824680299,0.6234898018587334,-0.464723172043768,-0.8854560256532101,5.8,4.8,7.066666666666673,1.1372481406155748,34.209624166666664,16.800588695652173,33.61010869565217,59.37065217391305,,15.7,6,3
2024-07-29,10.4,London Marylebone Road,London,Westminster,Greater London,Greater London Urban Area,Urban Traffic,51.52253,-0.154611,England,London Central,0,2,1,1,2024,7,29,0,211,31,3,0,1,8,18,Summer,2,-0.4999999999999997,-0.8660254037844388,-0.4711595076738639,-0.8820480249558535,0.0,1.0,-0.5680647467311556,-0.8229838658936565,8.0,6.0,8.066666666666672,2.300724523565038,47.78038416666666,14.655775,43.573125000000005,66.03703125,,20.8,0,3
2024-07-30,13.2,London Marylebone Road,London,Westminster,Greater London,Greater London Urban Area,Urban Traffic,51.52253,-0.154611,England,London Central,0,2,1,1,2024,7,30,1,212,31,3,0,1,8,18,Summer,2,-0.4999999999999997,-0.8660254037844388,-0.4862727071086902,-0.8738071036110807,0.7818314824680298,0.6234898018587336,-0.5680647467311556,-0.8229838658936565,10.4,5.6,10.533333333333337,2.6025628394591256,82.44735625,6.044207916666667,36.99890625,46.25859375,,24.2,1,3
2024-07-31,10.7,London Marylebone Road,London,Westminster,Greater London,Greater London Urban Area,Urban Traffic,51.52253,-0.154611,England,London Central,0,2,1,1,2024,7,31,2,213,31,3,0,1,8,18,Summer,2,-0.4999999999999997,-0.8660254037844388,-0.5012418134457756,-0.8653072543632061,0.9749279121818236,-0.2225209339563143,-0.5680647467311556,-0.8229838658936565,13.2,8.4,11.433333333333335,1.5373136743467608,77.9884852173913,9.387288260869566,30.126032608695656,44.53630434782609,,22.2,2,3
2024-08-01,11.3,London Marylebone Road,London,Westminster,Greater London,Greater London Urban Area,Urban Traffic,51.52253,-0.154611,England,London Central,0,2,1,1,2024,8,1,3,214,31,3,0,1,8,18,Summer,2,-0.8660254037844384,-0.5000000000000004,-0.5160623910158526,-0.8565509959010037,0.4338837391175582,-0.900968867902419,-0.5680647467311556,-0.8229838658936565,10.7,5.2,11.73333333333334,1.3051181300302042,52.5368025,7.702077500000001,30.83109375,42.6646875,,24.0,3,3
2024-08-02,11.6,London Marylebone Road,London,Westminster,Greater London,Greater London Urban Area,Urban Traffic,51.52253,-0.154611,England,London Central,0,2,1,1,2024,8,2,4,215,31,3,0,1,8,18,Summer,2,-0.8660254037844384,-0.5000000000000004,-0.5307300481619331,-0.8475409228928312,-0.433883739117558,-0.9009688679024191,-0.5680647467311556,-0.8229838658936565,11.3,7.4,11.200000000000005,0.4582575694958118,33.627545000000005,24.99797083333333,42.776250000000005,81.0740625,,21.8,4,3
2024-08-03,6.4,London Marylebone Road,London,Westminster,Greater London,Greater London Urban Area,Urban Traffic,51.52253,-0.154611,England,London Central,0,2,1,1,2024,8,3,5,216,31,3,1,0,8,18,Summer,2,-0.8660254037844384,-0.5000000000000004,-0.5452404385406507,-0.8382797052177745,-0.9749279121818236,-0.2225209339563146,-0.5680647467311556,-0.8229838658936565,11.6,5.8,9.766666666666673,2.9194748386197054,34.625395,16.401995,24.830625,49.97203125000001,,15.9,5,3
2024-08-04,6.2,London Marylebone Road,London,Westminster,Greater London,Greater London Urban Area,Urban Traffic,51.52253,-0.154611,England,London Central,0,2,1,1,2024,8,4,6,217,31,3,1,0,8,18,Summer,2,-0.8660254037844384,-0.5000000000000004,-0.5595892624101763,-0.828770087174504,-0.7818314824680299,0.6234898018587334,-0.5680647467311556,-0.8229838658936565,6.4,8.0,8.066666666666672,3.061590000854714,31.0830275,18.66792333333333,22.6471875,51.2709375,,18.1,6,3
2024-08-05,6.3,London Marylebone Road,London,Westminster,Greater London,Greater London Urban Area,Urban Traffic,51.52253,-0.154611,England,London Central,0,2,1,1,2024,8,5,0,218,32,3,0,1,8,18,Summer,2,-0.8660254037844384,-0.5000000000000004,-0.5737722679043243,-0.8190148866680802,0.0,1.0,-0.663122658240795,-0.7485107481711013,6.2,10.4,6.300000000000004,0.1000000000012601,28.771341666666668,24.13005791666667,23.954062500000003,60.95296875,,17.9,0,3
2024-08-06,6.6,London Marylebone Road,London,Westminster,Greater London,Greater London Urban Area,Urban Traffic,51.52253,-0.154611,England,London Central,0,2,1,1,2024,8,6,1,219,32,3,0,1,8,18,Summer,2,-0.8660254037844384,-0.5000000000000004,-0.5877852522924734,-0.8090169943749472,0.7818314824680298,0.6234898018587336,-0.663122658240795,-0.7485107481711013,6.3,13.2,6.366666666666672,0.2081665999472167,20.813487916666663,31.97765375,33.74765625,82.80328125,,17.9,1,3
2024-08-07,6.8,London Marylebone Road,London,Westminster,Greater London,Greater London Urban Area,Urban Traffic,51.52253,-0.154611,England,London Central,0,2,1,1,2024,8,7,2,220,32,3,0,1,8,18,Summer,2,-0.8660254037844384,-0.5000000000000004,-0.6016240632249227,-0.7987793728863648,0.9749279121818236,-0.2225209339563143,-0.663122658240795,-0.7485107481711013,6.6,10.7,6.566666666666671,0.2516611478428536,25.212343333333333,29.84684958333333,35.4928125,81.2334375,,22.8,2,3
2024-08-08,6.2,London Marylebone Road,London,Westminster,Greater London,Greater London Urban Area,Urban Traffic,51.52253,-0.154611,England,London Central,0,2,1,1,2024,8,8,3,221,32,3,0,1,8,18,Summer,2,-0.8660254037844384,-0.5000000000000004,-0.6152845999633277,-0.7883050558305253,0.4338837391175582,-0.900968867902419,-0.663122658240795,-0.7485107481711013,6.8,11.3,6.5333333333333385,0.3055050463307977,27.823384166666667,30.1534775,26.870625,73.1053125,,20.5,3,3
2024-08-09,6.4,London Marylebone Road,London,Westminster,Greater London,Greater London Urban Area,Urban Traffic,51.52253,-0.154611,England,London Central,0,2,1,1,2024,8,9,4,222,32,3,0,1,8,18,Summer,2,-0.8660254037844384,-0.5000000000000004,-0.6287628145958345,-0.7775971469736268,-0.433883739117558,-0.9009688679024191,-0.663122658240795,-0.7485107481711013,6.2,11.6,6.466666666666671,0.3055050463307989,26.16861625,25.74635083333333,31.0303125,70.48359375,,19.7,4,3
2024-08-10,6.7,London Marylebone Road,London,Westminster,Greater London,Greater London Urban Area,Urban Traffic,51.52253,-0.154611,England,London Central,0,2,1,1,2024,8,10,5,223,32,3,1,0,8,18,Summer,2,-0.8660254037844384,-0.5000000000000004,-0.6420547132365636,-0.7666588193001592,-0.9749279121818236,-0.2225209339563146,-0.663122658240795,-0.7485107481711013,6.4,6.4,6.433333333333338,0.2516611478428565,25.578221666666664,24.68614583333333,27.65953125,65.5190625,,18.9,5,3
2024-08-11,6.3,London Marylebone Road,London,Westminster,Greater London,Greater London Urban Area,Urban Traffic,51.52253,-0.154611,England,London Central,0,2,1,1,2024,8,11,6,224,32,3,1,0,8,18,Summer,2,-0.8660254037844384,-0.5000000000000004,-0.655156357209085,-0.7554933140726804,-0.7818314824680299,0.6234898018587334,-0.663122658240795,-0.7485107481711013,6.7,6.2,6.466666666666671,0.2081665999472148,40.346401666666665,11.080181666666666,24.29671875,41.30203125,,13.8,6,3
2024-08-12,9.7,London Marylebone Road,London,Westminster,Greater London,Greater London Urban Area,Urban Traffic,51.52253,-0.154611,England,London Central,0,2,1,1,2024,8,12,0,225,33,3,0,1,8,18,Summer,2,-0.8660254037844384,-0.5000000000000004,-0.6680638642135333,-0.7441039398713608,0.0,1.0,-0.7485107481711011,-0.6631226582407952,6.3,6.3,7.566666666666671,1.8583146486355775,34.417509583333334,17.737645416666666,40.4175,67.59093750000001,,24.1,0,3
2024-08-13,7.0,London Marylebone Road,London,Westminster,Greater London,Greater London Urban Area,Urban Traffic,51.52253,-0.154611,England,London Central,0,2,1,1,2024,8,13,1,226,33,3,0,1,8,18,Summer,2,-0.8660254037844384,-0.5000000000000004,-0.680773409477016,-0.732494071613579,0.7818314824680298,0.6234898018587336,-0.7485107481711011,-0.6631226582407952,9.7,6.6,7.666666666666671,1.7953644012660968,27.51344590909091,26.02918157894737,31.69717105263158,71.59796052631579,,24.7,1,3
2024-08-14,7.9,London Marylebone Road,London,Westminster,Greater London,Greater London Urban Area,Urban Traffic,51.52253,-0.154611,England,London Central,0,2,1,1,2024,8,14,2,227,33,3,0,1,8,18,Summer,2,-0.8660254037844384,-0.5000000000000004,-0.6932812268869771,-0.7206671495538615,0.9749279121818236,-0.2225209339563143,-0.7485107481711011,-0.6631226582407952,7.0,6.8,8.200000000000005,1.3747727084868355,23.523229130434785,18.94269086956522,31.68097826086957,60.73434782608696,,18.3,2,3
2024-08-15,7.1,London Marylebone Road,London,Westminster,Greater London,Greater London Urban Area,Urban Traffic,51.52253,-0.154611,England,London Central,0,2,1,1,2024,8,15,3,228,33,3,0,1,8,18,Summer,2,-0.8660254037844384,-0.5000000000000004,-0.7055836101071774,-0.70862667826446,0.4338837391175582,-0.900968867902419,-0.7485107481711011,-0.6631226582407952,7.9,6.2,7.333333333333338,0.4932882862318674,22.55141,26.484336666666668,26.12953125,66.70640625,,17.0,3,3
2024-08-16,6.3,London Marylebone Road,London,Westminster,Greater London,Greater London Urban Area,Urban Traffic,51.52253,-0.154611,England,London Central,0,2,1,1,2024,8,16,4,229,33,3,0,1,8,18,Summer,2,-0.8660254037844384,-0.5000000000000004,-0.7176769136759615,-0.6963762255968726,-0.433883739117558,-0.9009688679024191,-0.7485107481711011,-0.6631226582407952,7.1,6.4,7.100000000000005,0.8000000000001513,25.578221666666668,19.490418260869568,33.51032608695652,63.42016304347826,,16.0,4,3
2024-08-17,6.7,London Marylebone Road,London,Westminster,Greater London,Greater London Urban Area,Urban Traffic,51.52253,-0.154611,England,London Central,0,2,1,1,2024,8,17,5,230,33,3,1,0,8,18,Summer,2,-0.8660254037844384,-0.5000000000000004,-0.7295575540864876,-0.6839194216246105,-0.9749279121818236,-0.2225209339563146,-0.7485107481711011,-0.6631226582407952,6.3,6.7,6.7000000000000055,0.4000000000003066,39.914,9.084501666666666,25.531875,39.429375,,16.9,5,3
2024-08-18,8.5,London Marylebone Road,London,Westminster,Greater London,Greater London Urban Area,Urban Traffic,51.52253,-0.154611,England,London Central,0,2,1,1,2024,8,18,6,231,33,3,1,0,8,18,Summer,2,-0.8660254037844384,-0.5000000000000004,-0.7412220108485957,-0.6712599575675315,-0.7818314824680299,0.6234898018587334,-0.7485107481711011,-0.6631226582407952,6.7,6.3,7.166666666666671,1.171893055416566,38.42554041666667,8.59077875,22.12125,35.29359375,,19.1,6,3
2024-08-19,18.3,London Marylebone Road,London,Westminster,Greater London,Greater London Urban Area,Urban Traffic,51.52253,-0.154611,England,London Central,0,2,1,1,2024,8,19,0,232,34,3,0,1,8,18,Summer,2,-0.8660254037844384,-0.5000000000000004,-0.7526668275320083,-0.6584015846980489,0.0,1.0,-0.8229838658936564,-0.5680647467311559,8.5,9.7,11.166666666666671,6.2428625912584,25.14582,27.0352275,32.09015625,73.535625,,34.4,0,3
2024-08-20,6.7,London Marylebone Road,London,Westminster,Greater London,Greater London Urban Area,Urban Traffic,51.52253,-0.154611,England,London Central,0,2,1,1,2024,8,20,1,233,34,3,0,1,8,18,Summer,2,-0.8660254037844384,-0.5000000000000004,-0.7638886127905429,-0.64534811322955,0.7818314824680298,0.6234898018587336,-0.8229838658936564,-0.5680647467311559,18.3,7.0,11.166666666666671,6.2428625912584,31.47385208333333,18.54319333333333,25.53984375,53.95640624999999,,16.2,1,3
2024-08-21,6.4,London Marylebone Road,London,Westminster,Greater London,Greater London Urban Area,Urban Traffic,51.52253,-0.154611,England,London Central,0,2,1,1,2024,8,21,2,234,34,3,0,1,8,18,Summer,2,-0.8660254037844384,-0.5000000000000004,-0.7748840413670406,-0.6321034111873488,0.9749279121818236,-0.2225209339563143,-0.8229838658936564,-0.5680647467311559,6.7,7.9,10.466666666666672,6.7855238068504,27.03341958333333,25.756745,29.5959375,69.105,0.2292967826086956,22.0,2,3
2024-08-22,4.5,London Marylebone Road,London,Westminster,Greater London,Greater London Urban Area,Urban Traffic,51.52253,-0.154611,England,London Central,0,2,1,1,2024,8,22,3,235,34,3,0,1,8,18,Summer,2,-0.8660254037844384,-0.5000000000000004,-0.7856498550787144,-0.6186714032625032,0.4338837391175582,-0.900968867902419,-0.8229838658936564,-0.5680647467311559,6.4,7.1,5.866666666666672,1.1930353445449793,37.19485875,19.021325,21.5475,50.6653125,0.1785106666666666,16.8,3,3
2024-08-23,5.7,London Marylebone Road,London,Westminster,Greater London,Greater London Urban Area,Urban Traffic,51.52253,-0.154611,England,London Central,0,2,1,1,2024,8,23,4,236,34,3,0,1,8,18,Summer,2,-0.8660254037844384,-0.5000000000000004,-0.7961828637826154,-0.6050560696488494,-0.433883739117558,-0.9009688679024191,-0.8229838658936564,-0.5680647467311559,4.5,6.3,5.5333333333333385,0.9609023536934224,36.93708083333333,23.77145916666667,32.233593750000004,68.68265625,0.2047051666666667,16.2,4,3
2024-08-24,5.1,London Marylebone Road,London,Westminster,Greater London,Greater London Urban Area,Urban Traffic,51.52253,-0.154611,England,London Central,0,2,1,1,2024,8,24,5,237,34,3,1,0,8,18,Summer,2,-0.8660254037844384,-0.5000000000000004,-0.8064799463209447,-0.5912614448635783,-0.9749279121818236,-0.2225209339563146,-0.8229838658936564,-0.5680647467311559,5.7,6.7,5.100000000000004,0.6000000000001893,28.61334875,19.284342608695653,33.08625,62.66347826086957,0.25466875,12.6,5,3
2024-08-25,5.1,London Marylebone Road,London,Westminster,Greater London,Greater London Urban Area,Urban Traffic,51.52253,-0.154611,England,London Central,0,2,1,1,2024,8,25,6,238,34,3,1,0,8,18,Summer,2,-0.8660254037844384,-0.5000000000000004,-0.8165380514459157,-0.5772916165517278,-0.7818314824680299,0.6234898018587334,-0.8229838658936564,-0.5680647467311559,5.1,8.5,5.300000000000005,0.3464101615141022,33.95184625,17.85265913043478,22.96663043478261,50.37358695652174,0.197914,16.6,6,3
2024-08-26,7.7,London Marylebone Road,London,Westminster,Greater London,Greater London Urban Area,Urban Traffic,51.52253,-0.154611,England,London Central,0,2,1,1,2024,8,26,0,239,35,3,0,1,8,18,Summer,2,-0.8660254037844384,-0.5000000000000004,-0.8263541987239094,-0.5631507242749189,0.0,1.0,-0.8854560256532096,-0.4647231720437691,5.1,18.3,5.966666666666671,1.5011106998931014,40.11357,17.32187875,27.2053125,53.75718749999999,0.2148919166666666,22.4,0,3
2024-08-27,8.1,London Marylebone Road,London,Westminster,Greater London,Greater London Urban Area,Urban Traffic,51.52253,-0.154611,England,London Central,0,2,1,1,2024,8,27,1,240,35,3,0,1,8,18,Summer,2,-0.8660254037844384,-0.5000000000000004,-0.8359254794186365,-0.5488429582847199,0.7818314824680298,0.6234898018587336,-0.8854560256532096,-0.4647231720437691,7.7,6.7,6.966666666666671,1.628905563049482,32.62137958333333,23.70954608695652,41.70913043478261,78.05494565217391,0.3599318333333333,19.8,1,3
2024-08-28,12.4,London Marylebone Road,London,Westminster,Greater London,Greater London Urban Area,Urban Traffic,51.52253,-0.154611,England,London Central,0,2,1,1,2024,8,28,2,241,35,3,0,1,8,18,Summer,2,-0.8660254037844384,-0.5000000000000004,-0.8452490573530633,-0.5343725582809785,0.9749279121818236,-0.2225209339563143,-0.8854560256532096,-0.4647231720437691,8.1,6.4,9.400000000000006,2.6057628441591154,31.30645913043478,20.341836086956523,52.62701086956522,83.81739130434782,0.3631195238095238,26.0,2,3
2024-08-29,8.4,London Marylebone Road,London,Westminster,Greater London,Greater London Urban Area,Urban Traffic,51.52253,-0.154611,England,London Central,0,2,1,1,2024,8,29,3,242,35,3,0,1,8,18,Summer,2,-0.8660254037844384,-0.5000000000000004,-0.8543221697498269,-0.5197438121555157,0.4338837391175582,-0.900968867902419,-0.8854560256532096,-0.4647231720437691,12.4,4.5,9.633333333333338,2.400694344004154,29.57793708333333,18.563981666666667,33.22171875,61.678125,0.2439969166666666,20.1,3,3
2024-08-30,11.9,London Marylebone Road,London,Westminster,Greater London,Greater London Urban Area,Urban Traffic,51.52253,-0.154611,England,London Central,0,2,1,1,2024,8,30,4,243,35,3,0,1,8,18,Summer,2,-0.8660254037844384,-0.5000000000000004,-0.8631421280499115,-0.5049610547215202,-0.433883739117558,-0.9009688679024191,-0.8854560256532096,-0.4647231720437691,8.4,5.7,10.900000000000006,2.17944947177038,40.72891083333334,10.487714166666668,26.07375,42.1546875,0.2507880833333333,22.4,4,3
2024-08-31,11.2,London Marylebone Road,London,Westminster,Greater London,Greater London Urban Area,Urban Traffic,51.52253,-0.154611,England,London Central,0,2,1,1,2024,8,31,5,244,35,3,1,0,8,18,Summer,2,-0.8660254037844384,-0.5000000000000004,-0.8717063187093217,-0.4900286664290594,-0.9749279121818236,-0.2225209339563146,-0.8854560256532096,-0.4647231720437691,11.9,5.1,10.500000000000004,1.8520259177452647,53.32676708333333,4.427915,12.0965625,18.86203125,0.1882123333333333,20.3,5,3
2024-09-01,13.5,London Marylebone Road,London,Westminster,Greater London,Greater London Urban Area,Urban Traffic,51.52253,-0.154611,England,London Central,0,2,1,1,2024,9,1,6,245,35,3,1,0,8,18,Autumn,3,-1.0,-1.8369701987210294e-16,-0.8800122039735356,-0.4749510720670502,-0.7818314824680299,0.6234898018587334,-0.8854560256532096,-0.4647231720437691,11.2,5.1,12.200000000000005,1.1789826122552347,45.30239,7.120004166666667,24.4321875,35.3653125,0.25466875,27.8,6,3
2024-09-02,8.4,London Marylebone Road,London,Westminster,Greater London,Greater London Urban Area,Urban Traffic,51.52253,-0.154611,England,London Central,0,2,1,1,2024,9,2,0,246,36,3,0,1,8,18,Autumn,3,-1.0,-1.8369701987210294e-16,-0.888057322629493,-0.4597327394521046,0.0,1.0,-0.9350162426854148,-0.3546048870425359,13.5,7.7,11.03333333333334,2.5540817005987733,28.11442375,23.28293333333333,32.61609375,68.26828125,0.3002665833333333,15.6,0,3
2024-09-03,5.3,London Marylebone Road,London,Westminster,Greater London,Greater London Urban Area,Urban Traffic,51.52253,-0.154611,England,London Central,0,2,1,1,2024,9,3,1,247,36,3,0,1,8,18,Autumn,3,-1.0,-1.8369701987210294e-16,-0.8958392907349089,-0.4443781781046134,0.7818314824680298,0.6234898018587336,-0.9350162426854148,-0.3546048870425359,8.4,8.1,9.066666666666672,4.140450861118091,26.002307916666663,22.86196958333333,25.404375,60.458906250000005,0.279408,12.8,1,3
2024-09-04,5.8,London Marylebone Road,London,Westminster,Greater London,Greater London Urban Area,Urban Traffic,51.52253,-0.154611,England,London Central,0,2,1,1,2024,9,4,2,248,36,3,0,1,8,18,Autumn,3,-1.0,-1.8369701987210294e-16,-0.9033558023246842,-0.4288919379124841,0.9749279121818236,-0.2225209339563143,-0.9350162426854148,-0.3546048870425359,5.3,12.4,6.500000000000004,1.6643316977093947,32.59643333333333,7.120004166666667,15.395625,26.312812500000003,0.2682510833333333,11.8,2,3
2024-09-05,9.8,London Marylebone Road,London,Westminster,Greater London,Greater London Urban Area,Urban Traffic,51.52253,-0.154611,England,London Central,0,2,1,1,2024,9,5,3,249,36,3,0,1,8,18,Autumn,3,-1.0,-1.8369701987210294e-16,-0.9106046300942162,-0.4132786077829044,0.4338837391175582,-0.900968867902419,-0.9350162426854148,-0.3546048870425359,5.8,8.4,6.966666666666671,2.466441431158171,37.52747541666667,6.163740833333333,18.36,27.78703125,0.2614599166666667,18.7,3,3
2024-09-06,12.8,London Marylebone Road,London,Westminster,Greater London,Greater London Urban Area,Urban Traffic,51.52253,-0.154611,England,London Central,0,2,1,1,2024,9,6,4,250,36,3,0,1,8,18,Autumn,3,-1.0,-1.8369701987210294e-16,-0.9175836260593934,-0.3975428142825566,-0.433883739117558,-0.9009688679024191,-0.9350162426854148,-0.3546048870425359,9.8,11.9,9.46666666666667,3.511884584284276,10.361009166666667,37.47616791666667,34.337343749999995,91.79203125,0.4283285833333333,25.9,4,3
2024-09-07,12.3,London Marylebone Road,London,Westminster,Greater London,Greater London Urban Area,Urban Traffic,51.52253,-0.154611,England,London Central,0,2,1,1,2024,9,7,5,251,36,3,1,0,8,18,Autumn,3,-1.0,-1.8369701987210294e-16,-0.9242907221930934,-0.3816892202666586,-0.9749279121818236,-0.2225209339563146,-0.9350162426854148,-0.3546048870425359,12.8,11.2,11.63333333333334,1.607275126832216,14.876280416666669,19.608595416666667,40.7203125,70.7784375,0.4239628333333333,20.0,5,3
2024-09-08,6.3,London Marylebone Road,London,Westminster,Greater London,Greater London Urban Area,Urban Traffic,51.52253,-0.154611,England,London Central,0,2,1,1,2024,9,8,6,252,36,3,1,0,8,18,Autumn,3,-1.0,-1.8369701987210294e-16,-0.9307239310379792,-0.3657225234972692,-0.7818314824680299,0.6234898018587334,-0.9350162426854148,-0.3546048870425359,12.3,13.5,10.46666666666667,3.617089069035146,31.232705,17.21274,37.4371875,63.8296875,0.3934025833333334,11.9,6,3
2024-09-09,6.2,London Marylebone Road,London,Westminster,Greater London,Greater London Urban Area,Urban Traffic,51.52253,-0.154611,England,London Central,0,2,1,1,2024,9,9,0,253,37,3,0,1,8,18,Autumn,3,-1.0,-1.8369701987210294e-16,-0.9368813462954316,-0.3496474552512282,0.0,1.0,-0.970941817426052,-0.2393156642875577,6.3,8.4,8.266666666666673,3.49332697200442,31.22438958333333,9.98382304347826,21.852391304347822,37.14407608695653,0.3153041666666666,17.6,0,3
2024-09-10,6.5,London Marylebone Road,London,Westminster,Greater London,Greater London Urban Area,Urban Traffic,51.52253,-0.154611,England,London Central,0,2,1,1,2024,9,10,1,254,37,3,0,1,8,18,Autumn,3,-1.0,-1.8369701987210294e-16,-0.9427611433904206,-0.333468778918187,0.7818314824680298,0.6234898018587336,-0.970941817426052,-0.2393156642875577,6.2,5.3,6.333333333333338,0.1527525231660778,24.38911708333333,30.97981375,31.4765625,78.97031249999999,0.3735141666666666,18.9,1,3
2024-09-11,4.9,London Marylebone Road,London,Westminster,Greater London,Greater London Urban Area,Urban Traffic,51.52253,-0.154611,England,London Central,0,2,1,1,2024,9,11,2,255,37,3,0,1,8,18,Autumn,3,-1.0,-1.8369701987210294e-16,-0.9483615800121716,-0.3171912885891059,0.9749279121818236,-0.2225209339563143,-0.970941817426052,-0.2393156642875577,6.5,5.8,5.866666666666672,0.8504900548117014,23.989977083333333,16.88705611111111,26.488125,52.391875,0.3750748695652173,12.5,2,3
2024-09-12,3.5,London Marylebone Road,London,Westminster,Greater London,Greater London Urban Area,Urban Traffic,51.52253,-0.154611,England,London Central,0,2,1,1,2024,9,12,3,256,37,3,0,1,8,18,Autumn,3,-1.0,-1.8369701987210294e-16,-0.9536809966304456,-0.300819807635668,0.4338837391175582,-0.900968867902419,-0.970941817426052,-0.2393156642875577,4.9,9.8,4.966666666666671,1.5011106998931243,31.640160416666664,13.304533333333334,18.5990625,38.99109375,0.35071525,8.5,3,3
2024-09-13,7.4,London Marylebone Road,London,Westminster,Greater London,Greater London Urban Area,Urban Traffic,51.52253,-0.154611,England,London Central,0,2,1,1,2024,9,13,4,257,37,3,0,1,8,18,Autumn,3,-1.0,-1.8369701987210294e-16,-0.9587178169872964,-0.2843591872810036,-0.433883739117558,-0.9009688679024191,-0.970941817426052,-0.2393156642875577,3.5,12.8,5.266666666666672,1.975685535031732,30.268116666666668,25.309795833333336,30.32109375,69.12890625,0.4564634166666666,16.7,4,3
2024-09-14,10.2,London Marylebone Road,London,Westminster,Greater London,Greater London Urban Area,Urban Traffic,51.52253,-0.154611,England,London Central,0,2,1,1,2024,9,14,5,258,37,3,1,0,8,18,Autumn,3,-1.0,-1.8369701987210294e-16,-0.9634705485641486,-0.2678143051621748,-0.9749279121818236,-0.2225209339563146,-0.970941817426052,-0.2393156642875577,7.4,12.3,7.0333333333333385,3.365016097039298,24.488902083333333,30.50168208333333,42.5690625,89.33765625000001,0.49332975,21.8,5,3
2024-09-15,7.1,London Marylebone Road,London,Westminster,Greater London,Greater London Urban Area,Urban Traffic,51.52253,-0.154611,England,London Central,0,2,1,1,2024,9,15,6,259,37,3,1,0,8,18,Autumn,3,-1.0,-1.8369701987210294e-16,-0.967937783024064,-0.2511900638848195,-0.7818314824680299,0.6234898018587334,-0.970941817426052,-0.2393156642875577,10.2,6.3,8.233333333333338,1.7097758137643573,34.40087875,16.677440416666666,32.55234375,58.116093750000005,0.3744843333333333,15.9,6,3
2024-09-16,4.8,London Marylebone Road,London,Westminster,Greater London,Greater London Urban Area,Urban Traffic,51.52253,-0.154611,England,London Central,0,2,1,1,2024,9,16,0,260,38,3,0,1,8,18,Autumn,3,-1.0,-1.8369701987210294e-16,-0.9721181966290612,-0.2344913895704105,0.0,1.0,-0.992708874098054,-0.1205366802553235,7.1,6.2,7.366666666666671,2.7098585448937333,33.54439083333333,6.626281250000001,15.45140625,25.60359375,0.2818334166666666,11.0,0,3
2024-09-17,3.8,London Marylebone Road,London,Westminster,Greater London,Greater London Urban Area,Urban Traffic,51.52253,-0.154611,England,London Central,0,2,1,1,2024,9,17,1,261,38,3,0,1,8,18,Autumn,3,-1.0,-1.8369701987210294e-16,-0.9760105506323682,-0.2177232303965322,0.7818314824680298,0.6234898018587336,-0.992708874098054,-0.1205366802553235,4.8,6.5,5.233333333333338,1.6921386861996894,32.47289,2.5480557142857143,9.617142857142856,13.57875,0.2062297142857143,11.6,1,3
2024-09-18,8.5,London Marylebone Road,London,Westminster,Greater London,Greater London Urban Area,Urban Traffic,51.52253,-0.154611,England,London Central,0,2,1,1,2024,9,18,2,262,38,3,0,1,8,18,Autumn,3,-1.0,-1.8369701987210294e-16,-0.97961369164549,-0.2008905551306352,0.9749279121818236,-0.2225209339563143,-0.992708874098054,-0.1205366802553235,3.8,4.9,5.7000000000000055,2.4758836806280446,62.08441272727273,4.36555,16.047613636363636,22.74136363636364,0.2084976363636363,24.3,2,3
2024-09-19,18.8,London Marylebone Road,London,Westminster,Greater London,Greater London Urban Area,Urban Traffic,51.52253,-0.154611,England,London Central,0,2,1,1,2024,9,19,3,263,38,3,0,1,8,18,Autumn,3,-1.0,-1.8369701987210294e-16,-0.9829265519799822,-0.1839983516576798,0.4338837391175582,-0.900968867902419,-0.992708874098054,-0.1205366802553235,8.5,3.5,10.36666666666667,7.67224434786416,59.34712875,3.9861629166666663,15.91359375,22.025625,0.2323549166666666,36.7,3,3
2024-09-20,18.8,London Marylebone Road,London,Westminster,Greater London,Greater London Urban Area,Urban Traffic,51.52253,-0.154611,England,London Central,0,2,1,1,2024,9,20,4,264,38,3,0,1,8,18,Autumn,3,-1.0,-1.8369701987210294e-16,-0.9859481499638304,-0.1670516255021195,-0.433883739117558,-0.9009688679024191,-0.992708874098054,-0.1205366802553235,18.8,7.4,15.366666666666667,5.946707772653159,62.19931666666667,8.102252916666666,25.021875,37.47703125,0.2760124166666666,35.4,4,3
2024-09-21,18.7,London Marylebone Road,London,Westminster,Greater London,Greater London Urban Area,Urban Traffic,51.52253,-0.154611,England,London Central,0,2,1,1,2024,9,21,5,265,38,3,1,0,8,18,Autumn,3,-1.0,-1.8369701987210294e-16,-0.9886775902323404,-0.1500553983446526,-0.9749279121818236,-0.2225209339563146,-0.992708874098054,-0.1205366802553235,18.8,10.2,18.76666666666667,0.057735026920073,36.24690125,16.00701666666667,40.704375,65.28796875,0.3230655,34.1,5,3
2024-09-22,14.4,London Marylebone Road,London,Westminster,Greater London,Greater London Urban Area,Urban Traffic,51.52253,-0.154611,England,London Central,0,2,1,1,2024,9,22,6,266,38,3,1,0,8,18,Autumn,3,-1.0,-1.8369701987210294e-16,-0.9911140639934546,-0.1330147065341963,-0.7818314824680299,0.6234898018587334,-0.992708874098054,-0.1205366802553235,18.7,7.1,17.300000000000004,2.511971337416122,28.38051708333333,15.10792125,30.40078125,53.5659375,0.3031770833333333,21.2,6,3
2024-09-23,7.2,London Marylebone Road,London,Westminster,Greater London,Greater London Urban Area,Urban Traffic,51.52253,-0.154611,England,London Central,0,2,1,1,2024,9,23,0,267,39,3,0,1,8,18,Autumn,3,-1.0,-1.8369701987210294e-16,-0.9932568492674144,-0.1159345995955006,0.0,1.0,-1.0,-1.8369701987210294e-16,14.4,4.8,13.433333333333335,5.810622456616288,35.23242041666666,29.129652083333337,40.959375,85.61625,0.331797,13.7,0,3
2024-09-24,7.3,London Marylebone Road,London,Westminster,Greater London,Greater London Urban Area,Urban Traffic,51.52253,-0.154611,England,London Central,0,2,1,1,2024,9,24,1,268,39,3,0,1,8,18,Autumn,3,-1.0,-1.8369701987210294e-16,-0.9951053111006974,-0.0988201387328721,0.7818314824680298,0.6234898018587336,-1.0,-1.8369701987210294e-16,7.2,3.8,9.633333333333338,4.128357219686003,39.64790666666666,17.753236666666666,37.71609375,64.92937500000001,0.2857140833333333,14.3,1,3
2024-09-25,6.4,London Marylebone Road,London,Westminster,Greater London,Greater London Urban Area,Urban Traffic,51.52253,-0.154611,England,London Central,0,2,1,1,2024,9,25,2,269,39,3,0,1,8,18,Autumn,3,-1.0,-1.8369701987210294e-16,-0.99665890175417,-0.0816763953304228,0.9749279121818236,-0.2225209339563143,-1.0,-1.8369701987210294e-16,7.3,8.5,6.966666666666671,0.4932882862318587,29.644460416666664,37.50215333333333,49.01578125,106.53421875,0.3075428333333333,13.8,2,3
2024-09-26,5.2,London Marylebone Road,London,Westminster,Greater London,Greater London Urban Area,Urban Traffic,51.52253,-0.154611,England,London Central,0,2,1,1,2024,9,26,3,270,39,3,0,1,8,18,Autumn,3,-1.0,-1.8369701987210294e-16,-0.9979171608653922,-0.0645084494493162,0.4338837391175582,-0.900968867902419,-1.0,-1.8369701987210294e-16,6.4,18.8,6.300000000000005,1.0535653752853855,22.243739583333333,39.52381875,49.3425,109.89703125,0.3075428333333333,13.2,3,3
2024-09-27,4.3,London Marylebone Road,London,Westminster,Greater London,Greater London Urban Area,Urban Traffic,51.52253,-0.154611,England,London Central,0,2,1,1,2024,9,27,4,271,39,3,0,1,8,18,Autumn,3,-1.0,-1.8369701987210294e-16,-0.9988797155850336,-0.0473213883224323,-0.433883739117558,-0.9009688679024191,-1.0,-1.8369701987210294e-16,5.2,18.8,5.300000000000005,1.0535653752853895,37.41105958333333,9.541845,23.65921875,38.2659375,0.2187725833333333,10.6,4,3
2024-09-28,8.2,London Marylebone Road,London,Westminster,Greater London,Greater London Urban Area,Urban Traffic,51.52253,-0.154611,England,London Central,0,2,1,1,2024,9,28,5,272,39,3,1,0,8,18,Autumn,3,-1.0,-1.8369701987210294e-16,-0.9995462806873572,-0.0301203048469083,-0.9749279121818236,-0.2225209339563146,-1.0,-1.8369701987210294e-16,4.3,18.7,5.900000000000005,2.042057785666272,21.37893625,32.90793166666666,40.61671875,91.066875,0.4035893333333333,19.4,5,3
2024-09-29,6.6,London Marylebone Road,London,Westminster,Greater London,Greater London Urban Area,Urban Traffic,51.52253,-0.154611,England,London Central,0,2,1,1,2024,9,29,6,273,39,3,1,0,8,18,Autumn,3,-1.0,-1.8369701987210294e-16,-0.999916658654738,-0.0129102960750088,-0.7818314824680299,0.6234898018587334,-1.0,-1.8369701987210294e-16,8.2,14.4,6.366666666666672,1.960442127004408,30.376217083333334,24.078087083333333,33.60421875,70.5234375,0.3870965,13.5,6,3
2024-09-30,3.4,London Marylebone Road,London,Westminster,Greater London,Greater London Urban Area,Urban Traffic,51.52253,-0.154611,England,London Central,0,2,1,1,2024,9,30,0,274,40,3,0,1,8,18,Autumn,3,-1.0,-1.8369701987210294e-16,-0.99999073973619,0.0043035382962438,0.0,1.0,-0.992708874098054,0.1205366802553232,6.6,7.2,6.066666666666671,2.444040370643163,21.19599708333333,34.7061225,34.0425,87.24984375000001,0.3347075,8.3,0,3
2024-10-01,4.1,London Marylebone Road,London,Westminster,Greater London,Greater London Urban Area,Urban Traffic,51.52253,-0.154611,England,London Central,0,2,1,1,2024,10,1,1,275,40,4,0,1,8,18,Autumn,3,-0.8660254037844386,0.5000000000000001,-0.9997685019798908,0.0215160974362222,0.7818314824680298,0.6234898018587336,-0.992708874098054,0.1205366802553232,3.4,7.3,4.700000000000005,1.682260384126146,24.01492333333333,22.75283083333333,28.018125,62.897343750000005,0.4462766666666666,9.5,1,4
2024-10-02,3.5,London Marylebone Road,London,Westminster,Greater London,Greater London Urban Area,Urban Traffic,51.52253,-0.154611,England,London Central,0,2,1,1,2024,10,2,2,276,40,4,0,1,8,18,Autumn,3,-0.8660254037844386,0.5000000000000001,-0.9992500112396836,0.0387222808921739,0.9749279121818236,-0.2225209339563143,-0.992708874098054,0.1205366802553232,4.1,6.4,3.666666666666672,0.3785938897203556,38.97435791666667,3.49244,12.3834375,17.7384375,0.3870965,9.9,2,4
2024-10-03,6.5,London Marylebone Road,London,Westminster,Greater London,Greater London Urban Area,Urban Traffic,51.52253,-0.154611,England,London Central,0,2,1,1,2024,10,3,3,277,40,4,0,1,8,18,Autumn,3,-0.8660254037844386,0.5000000000000001,-0.9984354211555644,0.055916990100603,0.4338837391175582,-0.900968867902419,-0.992708874098054,0.1205366802553232,3.5,5.2,4.700000000000005,1.5874507866388328,29.877292083333334,15.88748375,36.83953125,61.168125,0.5277706666666667,17.4,3,4
2024-10-04,9.4,London Marylebone Road,London,Westminster,Greater London,Greater London Urban Area,Urban Traffic,51.52253,-0.154611,England,London Central,0,2,1,1,2024,10,4,4,278,40,4,0,1,8,18,Autumn,3,-0.8660254037844386,0.5000000000000001,-0.9973249731081556,0.0730951298980777,-0.433883739117558,-0.9009688679024191,-0.992708874098054,0.1205366802553232,6.5,4.3,6.466666666666671,2.9501412395567725,13.811907083333333,49.580175,62.0925,138.114375,0.6034436666666666,19.2,4,4
2024-10-05,8.1,London Marylebone Road,London,Westminster,Greater London,Greater London Urban Area,Urban Traffic,51.52253,-0.154611,England,London Central,0,2,1,1,2024,10,5,5,279,40,4,1,0,8,18,Autumn,3,-0.8660254037844386,0.5000000000000001,-0.9959189961471792,0.0902516100310407,-0.9749279121818236,-0.2225209339563146,-0.992708874098054,0.1205366802553232,9.4,8.2,8.000000000000005,1.452583904633472,29.7858225,19.764507916666663,41.0390625,71.33624999999999,0.5466889166666666,15.2,5,4
2024-10-06,5.0,London Marylebone Road,London,Westminster,Greater London,Greater London Urban Area,Urban Traffic,51.52253,-0.154611,England,London Central,0,2,1,1,2024,10,6,6,280,40,4,1,0,8,18,Autumn,3,-0.8660254037844386,0.5000000000000001,-0.994217906893952,0.107381346664163,-0.7818314824680299,0.6234898018587334,-0.992708874098054,0.1205366802553232,8.1,6.6,7.500000000000004,2.260530911091514,26.26008583333333,18.891397916666666,28.6078125,57.598125,0.5190391666666666,12.1,6,4
2024-10-07,5.6,London Marylebone Road,London,Westminster,Greater London,Greater London Urban Area,Urban Traffic,51.52253,-0.154611,England,London Central,0,2,1,1,2024,10,7,0,281,41,4,0,1,8,18,Autumn,3,-0.8660254037844386,0.5000000000000001,-0.9922222094179324,0.1244792638867886,0.0,1.0,-0.970941817426052,0.2393156642875573,5.0,3.4,6.233333333333338,1.6441816606852102,23.66567583333333,38.65590583333333,47.34234375,106.621875,0.5263154166666667,16.9,0,4
2024-10-08,5.1,London Marylebone Road,London,Westminster,Greater London,Greater London Urban Area,Urban Traffic,51.52253,-0.154611,England,London Central,0,2,1,1,2024,10,8,1,282,41,4,0,1,8,18,Autumn,3,-0.8660254037844386,0.5000000000000001,-0.989932495087353,0.141540295217043,0.7818314824680298,0.6234898018587336,-0.970941817426052,0.2393156642875573,5.6,4.1,5.233333333333338,0.321455025366828,26.16030083333333,34.22799083333333,46.21078125,98.685,0.5040015833333333,15.2,1,4
2024-10-09,4.5,London Marylebone Road,London,Westminster,Greater London,Greater London Urban Area,Urban Traffic,51.52253,-0.154611,England,London Central,0,2,1,1,2024,10,9,2,283,41,4,0,1,8,18,Autumn,3,-0.8660254037844386,0.5000000000000001,-0.9873494423939864,0.1585593851031347,0.9749279121818236,-0.2225209339563143,-0.970941817426052,0.2393156642875573,5.1,3.5,5.066666666666671,0.5507570547288428,32.230555,23.904775652173917,32.52913043478261,69.19923913043478,0.4793466956521739,11.5,2,4
2024-10-10,5.0,London Marylebone Road,London,Westminster,Greater London,Greater London Urban Area,Urban Traffic,51.52253,-0.154611,England,London Central,0,2,1,1,2024,10,10,3,284,41,4,0,1,8,18,Autumn,3,-0.8660254037844386,0.5000000000000001,-0.9844738167520924,0.1755314904214277,0.4338837391175582,-0.900968867902419,-0.970941817426052,0.2393156642875573,4.5,6.5,4.866666666666672,0.321455025366834,39.282028333333336,9.786107916666667,24.93421875,39.9234375,0.4588888333333333,14.2,3,4
2024-10-11,10.7,London Marylebone Road,London,Westminster,Greater London,Greater London Urban Area,Urban Traffic,51.52253,-0.154611,England,London Central,0,2,1,1,2024,10,11,4,285,41,4,0,1,8,18,Autumn,3,-0.8660254037844386,0.5000000000000001,-0.9813064702716092,0.1924515819708299,-0.433883739117558,-0.9009688679024191,-0.970941817426052,0.2393156642875573,5.0,9.4,6.733333333333338,3.444318994131288,12.140508333333337,62.93667916666666,61.3434375,157.813125,0.6572879166666666,22.3,4,4
2024-10-12,5.2,London Marylebone Road,London,Westminster,Greater London,Greater London Urban Area,Urban Traffic,51.52253,-0.154611,England,London Central,0,2,1,1,2024,10,12,5,286,41,4,1,0,8,18,Autumn,3,-0.8660254037844386,0.5000000000000001,-0.9778483415056568,0.2093146459630488,-0.9749279121818236,-0.2225209339563146,-0.970941817426052,0.2393156642875573,10.7,8.1,6.966666666666671,3.234707611722204,26.13535458333333,25.330584166666668,44.322187500000005,83.161875,0.488964,12.6,5,4
2024-10-13,5.5,London Marylebone Road,London,Westminster,Greater London,Greater London Urban Area,Urban Traffic,51.52253,-0.154611,England,London Central,0,2,1,1,2024,10,13,6,287,41,4,1,0,8,18,Autumn,3,-0.8660254037844386,0.5000000000000001,-0.9741004551724206,0.226115685508288,-0.7818314824680299,0.6234898018587334,-0.970941817426052,0.2393156642875573,5.2,5.0,7.133333333333337,3.092463958291764,22.434994166666662,24.81087583333333,37.7878125,75.85453125,0.4717540869565217,15.7,6,4
2024-10-14,7.2,London Marylebone Road,London,Westminster,Greater London,Greater London Urban Area,Urban Traffic,51.52253,-0.154611,England,London Central,0,2,1,1,2024,10,14,0,288,42,4,0,1,8,18,Autumn,3,-0.8660254037844386,0.5000000000000001,-0.970063921851507,0.2428497220959358,0.0,1.0,-0.9350162426854148,0.3546048870425355,5.5,5.6,5.966666666666671,1.0785793124910117,16.198431666666668,26.437562916666668,44.63296875,85.138125,0.4516125833333333,18.7,0,4
2024-10-15,17.2,London Marylebone Road,London,Westminster,Greater London,Greater London Urban Area,Urban Traffic,51.52253,-0.154611,England,London Central,0,2,1,1,2024,10,15,1,289,42,4,0,1,8,18,Autumn,3,-0.8660254037844386,0.5000000000000001,-0.965739937654855,0.2595117970697994,0.7818314824680298,0.6234898018587336,-0.9350162426854148,0.3546048870425355,7.2,5.1,9.966666666666672,6.321655901212398,5.96215375,38.67669416666666,40.545,99.84046875,0.4850833333333333,31.2,1,4
2024-10-16,9.7,London Marylebone Road,London,Westminster,Greater London,Greater London Urban Area,Urban Traffic,51.52253,-0.154611,England,London Central,0,2,1,1,2024,10,16,2,290,42,4,0,1,8,18,Autumn,3,-0.8660254037844386,0.5000000000000001,-0.9611297838723007,0.2760969730974688,0.9749279121818236,-0.2225209339563143,-0.9350162426854148,0.3546048870425355,17.2,4.5,11.366666666666672,5.204164998665349,13.380693333333332,26.156920416666665,31.37296875,71.45578125,0.3642975833333333,24.8,2,4
2024-10-17,7.3,London Marylebone Road,London,Westminster,Greater London,Greater London Urban Area,Urban Traffic,51.52253,-0.154611,England,London Central,0,2,1,1,2024,10,17,3,291,42,4,0,1,8,18,Autumn,3,-0.8660254037844386,0.5000000000000001,-0.9562348265919058,0.2926003356333479,0.4338837391175582,-0.900968867902419,-0.9350162426854148,0.3546048870425355,9.7,5.0,11.400000000000004,5.16430053347016,16.223377916666667,43.75944166666667,46.70484375,113.8415625,0.40601475,20.7,3,4
2024-10-18,7.9,London Marylebone Road,London,Westminster,Greater London,Greater London Urban Area,Urban Traffic,51.52253,-0.154611,England,London Central,0,2,1,1,2024,10,18,4,292,42,4,0,1,8,18,Autumn,3,-0.8660254037844386,0.5000000000000001,-0.9510565162951536,0.3090169943749472,-0.433883739117558,-0.9009688679024191,-0.9350162426854148,0.3546048870425355,7.3,10.7,8.300000000000006,1.2489995996797725,13.961584583333334,44.580580833333336,43.48546875,111.84140625,0.4162015,19.3,4,4
2024-10-19,6.5,London Marylebone Road,London,Westminster,Greater London,Greater London Urban Area,Urban Traffic,51.52253,-0.154611,England,London Central,0,2,1,1,2024,10,19,5,293,42,4,1,0,8,18,Autumn,3,-0.8660254037844386,0.5000000000000001,-0.9455963874271428,0.3253420847119795,-0.9749279121818236,-0.2225209339563146,-0.9350162426854148,0.3546048870425355,7.9,5.2,7.233333333333339,0.7023769168570247,25.004457916666667,19.47866833333333,39.10265625,68.96953125,0.3347075,15.8,5,4
2024-10-20,5.9,London Marylebone Road,London,Westminster,Greater London,Greater London Urban Area,Urban Traffic,51.52253,-0.154611,England,London Central,0,2,1,1,2024,10,20,6,294,42,4,1,0,8,18,Autumn,3,-0.8660254037844386,0.5000000000000001,-0.9398560579418952,0.341570769167856,-0.7818314824680299,0.6234898018587334,-0.9350162426854148,0.3546048870425355,6.5,5.5,6.766666666666673,1.0263202878894997,37.08675833333333,13.95416875,24.4959375,45.9,0.250303,21.6,6,4
2024-10-21,8.8,London Marylebone Road,London,Westminster,Greater London,Greater London Urban Area,Urban Traffic,51.52253,-0.154611,England,London Central,0,2,1,1,2024,10,21,0,295,43,4,0,1,8,18,Autumn,3,-0.8660254037844386,0.5000000000000001,-0.9338372288229252,0.3576982388331254,0.0,1.0,-0.8854560256532101,0.464723172043768,5.9,7.2,7.0666666666666735,1.5307950004274196,16.847034166666667,45.27179291666667,43.45359375,112.87734375,0.3492599999999999,31.0,0,4
2024-10-22,7.2,London Marylebone Road,London,Westminster,Greater London,Greater London Urban Area,Urban Traffic,51.52253,-0.154611,England,London Central,0,2,1,1,2024,10,22,1,296,43,4,0,1,8,18,Autumn,3,-0.8660254037844386,0.5000000000000001,-0.9275416835791964,0.3737197147904692,0.7818314824680298,0.6234898018587336,-0.8854560256532101,0.464723172043768,8.8,17.2,7.300000000000007,1.45258390463348,14.660079583333331,42.90712,43.56515625,109.35515625,0.325976,24.0,1,4
2024-10-23,7.6,London Marylebone Road,London,Westminster,Greater London,Greater London Urban Area,Urban Traffic,51.52253,-0.154611,England,London Central,0,2,1,1,2024,10,23,2,297,43,4,0,1,8,18,Autumn,3,-0.8660254037844386,0.5000000000000001,-0.9209712877166346,0.3896304495307877,0.9749279121818236,-0.2225209339563143,-0.8854560256532101,0.464723172043768,7.2,9.7,7.866666666666673,0.8326663997865972,22.386547826086957,32.326762173913046,40.32048913043479,89.82929347826087,0.2875067826086956,21.8,2,4
2024-10-24,9.0,London Marylebone Road,London,Westminster,Greater London,Greater London Urban Area,Urban Traffic,51.52253,-0.154611,England,London Central,0,2,1,1,2024,10,24,3,298,43,4,0,1,8,18,Autumn,3,-0.8660254037844386,0.5000000000000001,-0.9141279881853336,0.4054257283599973,0.4338837391175582,-0.900968867902419,-0.8854560256532101,0.464723172043768,7.6,7.3,7.93333333333334,0.9451631252506476,16.256639583333335,30.714762500000003,33.95484375,81.09796874999999,0.37108875,22.0,3,4
2024-10-25,12.1,London Marylebone Road,London,Westminster,Greater London,Greater London Urban Area,Urban Traffic,51.52253,-0.154611,England,London Central,0,2,1,1,2024,10,25,4,299,43,4,0,1,8,18,Autumn,3,-0.8660254037844386,0.5000000000000001,-0.9070138128026362,0.4211008707960891,-0.433883739117558,-0.9009688679024191,-0.8854560256532101,0.464723172043768,9.0,7.9,9.566666666666672,2.3028967265888296,5.355128333333333,41.270038750000005,38.9671875,102.223125,0.4588888333333333,25.9,4,4
2024-10-26,13.0,London Marylebone Road,London,Westminster,Greater London,Greater London Urban Area,Urban Traffic,51.52253,-0.154611,England,London Central,0,2,1,1,2024,10,26,5,300,43,4,1,0,8,18,Autumn,3,-0.8660254037844386,0.5000000000000001,-0.8996308696522434,0.4366512319560638,-0.9749279121818236,-0.2225209339563146,-0.8854560256532101,0.464723172043768,12.1,6.5,11.366666666666672,2.0984120980716625,3.733622083333333,51.31600083333333,44.29828125,122.99765625,0.53116625,24.7,5,4
2024-10-27,7.8,London Marylebone Road,London,Westminster,Greater London,Greater London Urban Area,Urban Traffic,51.52253,-0.154611,England,London Central,0,2,1,1,2024,10,27,6,301,43,4,1,0,8,18,Autumn,3,-0.8660254037844386,0.5000000000000001,-0.8919813464595487,0.4520722039323037,-0.7818314824680299,0.6234898018587334,-0.8854560256532101,0.464723172043768,13.0,5.9,10.966666666666674,2.779088579612662,16.78882625,26.624657916666667,33.58828125,74.40421875,0.4142611666666667,16.4,6,4
2024-10-28,5.8,London Marylebone Road,London,Westminster,Greater London,Greater London Urban Area,Urban Traffic,51.52253,-0.154611,England,London Central,0,2,1,1,2024,10,28,0,302,44,4,0,1,8,18,Autumn,3,-0.8660254037844386,0.5000000000000001,-0.8840675099433637,0.467359217158002,0.0,1.0,-0.822983865893657,0.5680647467311548,7.8,8.8,8.866666666666672,3.716629297271058,24.68847208333333,29.79487875,31.1578125,76.850625,0.3288865,14.5,0,4
2024-10-29,7.1,London Marylebone Road,London,Westminster,Greater London,Greater London Urban Area,Urban Traffic,51.52253,-0.154611,England,London Central,0,2,1,1,2024,10,29,1,303,44,4,0,1,8,18,Autumn,3,-0.8660254037844386,0.5000000000000001,-0.8758917051442433,0.4825077417612176,0.7818314824680298,0.6234898018587336,-0.822983865893657,0.5680647467311548,5.8,7.2,6.900000000000006,1.0148891565093503,7.292620416666666,38.1361975,34.48078125,92.97140625,0.3526555833333333,15.1,1,4
2024-10-30,8.9,London Marylebone Road,London,Westminster,Greater London,Greater London Urban Area,Urban Traffic,51.52253,-0.154611,England,London Central,0,2,1,1,2024,10,30,2,304,44,4,0,1,8,18,Autumn,3,-0.8660254037844386,0.5000000000000001,-0.8674563547295971,0.4975132889071803,0.9749279121818236,-0.2225209339563143,-0.822983865893657,0.5680647467311548,7.1,7.6,7.266666666666673,1.5567059238448313,15.782660833333331,12.02085375,23.80265625,42.2184375,0.2731019166666666,14.7,2,4
2024-10-31,18.4,London Marylebone Road,London,Westminster,Greater London,Greater London Urban Area,Urban Traffic,51.52253,-0.154611,England,London Central,0,2,1,1,2024,10,31,3,305,44,4,0,1,8,18,Autumn,3,-0.8660254037844386,0.5000000000000001,-0.8587639582758031,0.5123714121284235,0.4338837391175582,-0.900968867902419,-0.822983865893657,0.5680647467311548,8.9,9.0,11.466666666666674,6.071518206621267,5.255343333333333,42.89152875,42.09890625,107.8809375,0.4341495833333333,27.8,3,4
2024-11-01,16.8,London Marylebone Road,London,Westminster,Greater London,Greater London Urban Area,Urban Traffic,51.52253,-0.154611,England,London Central,0,2,1,1,2024,11,1,4,306,44,4,0,1,8,18,Autumn,3,-0.5000000000000004,0.8660254037844384,-0.8498170915275277,0.5270777086423724,-0.433883739117558,-0.9009688679024191,-0.822983865893657,0.5680647467311548,18.4,12.1,14.700000000000008,5.086255990411823,17.977930833333335,21.276859166666668,31.7315625,64.37953125,0.3385881666666666,25.9,4,4
2024-11-02,7.1,London Marylebone Road,London,Westminster,Greater London,Greater London Urban Area,Urban Traffic,51.52253,-0.154611,England,London Central,0,2,1,1,2024,11,2,5,307,44,4,1,0,8,18,Autumn,3,-0.5000000000000004,0.8660254037844384,-0.8406184056344783,0.5416278206559811,-0.9749279121818236,-0.2225209339563146,-0.822983865893657,0.5680647467311548,16.8,13.0,14.100000000000009,6.1147362984841935,18.493486666666666,20.918260416666666,27.3965625,59.47078125,0.3211251666666666,12.1,5,4
2024-11-03,13.8,London Marylebone Road,London,Westminster,Greater London,Greater London Urban Area,Urban Traffic,51.52253,-0.154611,England,London Central,0,2,1,1,2024,11,3,6,308,44,4,1,0,8,18,Autumn,3,-0.5000000000000004,0.8660254037844384,-0.8311706263658079,0.5560174366570446,-0.7818314824680299,0.6234898018587334,-0.822983865893657,0.5680647467311548,7.1,7.8,12.566666666666675,4.966219219218332,15.632983333333334,22.960714166666666,26.169375,61.39921875,0.38855175,21.0,6,4
2024-11-04,19.9,London Marylebone Road,London,Westminster,Greater London,Greater London Urban Area,Urban Traffic,51.52253,-0.154611,England,London Central,0,2,1,1,2024,11,4,0,309,45,4,0,1,8,18,Autumn,3,-0.5000000000000004,0.8660254037844384,-0.8214765533024145,0.5702422926917867,0.0,1.0,-0.7485107481711011,0.6631226582407952,13.8,5.8,13.600000000000009,6.402343321003661,10.660364166666666,36.29643,33.60421875,89.25796874999999,0.4113506666666666,28.2,0,4
2024-11-05,30.3,London Marylebone Road,London,Westminster,Greater London,Greater London Urban Area,Urban Traffic,51.52253,-0.154611,England,London Central,0,2,1,1,2024,11,5,1,310,45,4,0,1,8,18,Autumn,3,-0.5000000000000004,0.8660254037844384,-0.8115390590073611,0.5842981736283683,0.7818314824680298,0.6234898018587336,-0.7485107481711011,0.6631226582407952,19.9,7.1,21.333333333333343,8.342861219829409,8.855918749999999,28.9061775,32.91890625,77.265,0.4273584166666667,41.4,1,4
2024-11-06,25.6,London Marylebone Road,London,Westminster,Greater London,Greater London Urban Area,Urban Traffic,51.52253,-0.154611,England,London Central,0,2,1,1,2024,11,6,2,311,45,4,0,1,8,18,Autumn,3,-0.5000000000000004,0.8660254037844384,-0.801361088174677,0.5981809144059159,0.9749279121818236,-0.2225209339563143,-0.7485107481711011,0.6631226582407952,30.3,8.9,25.26666666666668,5.208006656421768,3.96289,41.38201227272727,36.79823863636364,100.25846590909092,0.4852597272727272,36.4,2,4
2024-11-07,24.0,London Marylebone Road,London,Westminster,Greater London,Greater London Urban Area,Urban Traffic,51.52253,-0.154611,England,London Central,0,2,1,1,2024,11,7,3,312,45,4,0,1,8,18,Autumn,3,-0.5000000000000004,0.8660254037844384,-0.7909456567567774,0.6118864012687242,0.4338837391175582,-0.900968867902419,-0.7485107481711011,0.6631226582407952,25.6,18.4,26.633333333333344,3.2746501085357838,4.573479166666667,35.69356833333333,36.0984375,90.84375,0.3895219166666666,33.7,3,4
2024-11-08,23.1,London Marylebone Road,London,Westminster,Greater London,Greater London Urban Area,Urban Traffic,51.52253,-0.154611,England,London Central,0,2,1,1,2024,11,8,4,313,45,4,0,1,8,18,Autumn,3,-0.5000000000000004,0.8660254037844384,-0.780295851070776,0.6254105729852457,-0.433883739117558,-0.9009688679024191,-0.7485107481711011,0.6631226582407952,24.0,16.8,24.233333333333345,1.266227994214879,7.417351666666666,32.28947875,37.42125,86.93109375,0.3807904166666667,31.1,4,4
2024-11-09,22.7,London Marylebone Road,London,Westminster,Greater London,Greater London Urban Area,Urban Traffic,51.52253,-0.154611,England,London Central,0,2,1,1,2024,11,9,5,314,45,4,1,0,8,18,Autumn,3,-0.5000000000000004,0.8660254037844384,-0.7694148268839381,0.6387494220515268,-0.9749279121818236,-0.2225209339563146,-0.7485107481711011,0.6631226582407952,23.1,7.1,23.26666666666668,0.6658328118480222,12.77248,14.655775,27.4284375,49.884375,0.3056025,27.3,5,4
2024-11-10,26.9,London Marylebone Road,London,Westminster,Greater London,Greater London Urban Area,Urban Traffic,51.52253,-0.154611,England,London Central,0,2,1,1,2024,11,10,6,315,45,4,1,0,8,18,Autumn,3,-0.5000000000000004,0.8660254037844384,-0.7583058084785625,0.6518989958787125,-0.7818314824680299,0.6234898018587334,-0.7485107481711011,0.6631226582407952,22.7,13.8,24.233333333333334,2.3180451534285145,8.356993749999999,43.02145583333333,33.261562500000004,99.25875,0.4351197499999999,36.5,6,4
2024-11-11,7.5,London Marylebone Road,London,Westminster,Greater London,Greater London Urban Area,Urban Traffic,51.52253,-0.154611,England,London Central,0,2,1,1,2024,11,11,0,316,46,4,0,1,8,18,Autumn,3,-0.5000000000000004,0.8660254037844384,-0.7469720876965551,0.6648553979642866,0.0,1.0,-0.6631226582407955,0.7485107481711007,26.9,19.9,19.033333333333346,10.206533855003542,22.94223458333333,15.321001666666668,26.52796875,50.03578124999999,0.2003394166666666,19.6,0,4
2024-11-12,4.6,London Marylebone Road,London,Westminster,Greater London,Greater London Urban Area,Urban Traffic,51.52253,-0.154611,England,London Central,0,2,1,1,2024,11,12,1,317,46,4,0,1,8,18,Autumn,3,-0.5000000000000004,0.8660254037844384,-0.7354170229639858,0.6776147890466887,0.7818314824680298,0.6234898018587336,-0.6631226582407955,0.7485107481711007,7.5,30.3,13.000000000000009,12.12476803901832,43.22353583333333,4.44350625,13.228125,20.0653125,0.1246664166666666,16.2,1,4
2024-11-13,9.0,London Marylebone Road,London,Westminster,Greater London,Greater London Urban Area,Urban Traffic,51.52253,-0.154611,England,London Central,0,2,1,1,2024,11,13,2,318,46,4,0,1,8,18,Autumn,3,-0.5000000000000004,0.8660254037844384,-0.7236440382959123,0.690173388242972,0.9749279121818236,-0.2225209339563143,-0.6631226582407955,0.7485107481711007,4.6,25.6,7.033333333333341,2.236813209307736,24.954565416666668,20.35177833333333,28.5440625,59.74171875,0.2066455,24.3,2,4
2024-11-14,11.8,London Marylebone Road,London,Westminster,Greater London,Greater London Urban Area,Urban Traffic,51.52253,-0.154611,England,London Central,0,2,1,1,2024,11,14,3,319,46,4,0,1,8,18,Autumn,3,-0.5000000000000004,0.8660254037844384,-0.7116566222817751,0.7025274741691566,0.4338837391175582,-0.900968867902419,-0.6631226582407955,0.7485107481711007,9.0,24.0,8.466666666666676,3.629508690351018,28.61334875,10.518896666666668,23.67515625,39.7959375,0.1494056666666666,23.6,3,4
2024-11-15,14.0,London Marylebone Road,London,Westminster,Greater London,Greater London Urban Area,Urban Traffic,51.52253,-0.154611,England,London Central,0,2,1,1,2024,11,15,4,320,46,4,0,1,8,18,Autumn,3,-0.5000000000000004,0.8660254037844384,-0.6994583270516471,0.7146733860429609,-0.433883739117558,-0.9009688679024191,-0.6631226582407955,0.7485107481711007,11.8,23.1,11.600000000000009,2.5059928172283725,23.15012,44.82484375000001,45.613125,114.3515625,0.2886245833333333,33.9,4,4
2024-11-16,14.9,London Marylebone Road,London,Westminster,Greater London,Greater London Urban Area,Urban Traffic,51.52253,-0.154611,England,London Central,0,2,1,1,2024,11,16,5,321,46,4,1,0,8,18,Autumn,3,-0.5000000000000004,0.8660254037844384,-0.6870527672236675,0.726607524768565,-0.9749279121818236,-0.2225209339563146,-0.6631226582407955,0.7485107481711007,14.0,22.7,13.566666666666675,1.594783161854146,10.768464583333332,43.33847791666667,43.99546874999999,110.43890625,0.3119085833333333,25.8,5,4
2024-11-17,5.0,London Marylebone Road,London,Westminster,Greater London,Greater London Urban Area,Urban Traffic,51.52253,-0.154611,England,London Central,0,2,1,1,2024,11,17,6,322,46,4,1,0,8,18,Autumn,3,-0.5000000000000004,0.8660254037844384,-0.6744436188329457,0.7383263540031063,-0.7818314824680299,0.6234898018587334,-0.6631226582407955,0.7485107481711007,14.9,26.9,11.30000000000001,5.474486277268415,25.66137583333333,19.884040833333334,33.8990625,64.41140625,0.1983990833333333,13.0,6,4
2024-11-18,6.5,London Marylebone Road,London,Westminster,Greater London,Greater London Urban Area,Urban Traffic,51.52253,-0.154611,England,London Central,0,2,1,1,2024,11,18,0,323,47,4,0,1,8,18,Autumn,3,-0.5000000000000004,0.8660254037844384,-0.661634618242279,0.749826401204568,0.0,1.0,-0.5680647467311559,0.8229838658936564,5.0,7.5,8.80000000000001,5.33572862878166,21.42051333333333,19.062901666666665,36.40125,65.59078125,0.1726896666666666,11.0,0,4
2024-11-19,4.1,London Marylebone Road,London,Westminster,Greater London,Greater London Urban Area,Urban Traffic,51.52253,-0.154611,England,London Central,0,2,1,1,2024,11,19,1,324,47,4,0,1,8,18,Autumn,3,-0.5000000000000004,0.8660254037844384,-0.6486295610349818,0.7611042586607742,0.7818314824680298,0.6234898018587336,-0.5680647467311559,0.8229838658936564,6.5,4.6,5.200000000000008,1.212435565298311,30.24317041666667,13.731146086956524,25.827065217391304,46.88119565217391,0.2313214782608695,7.3,1,4
2024-11-20,8.0,London Marylebone Road,London,Westminster,Greater London,Greater London Urban Area,Urban Traffic,51.52253,-0.154611,England,London Central,0,2,1,1,2024,11,20,2,325,47,4,0,1,8,18,Autumn,3,-0.5000000000000004,0.8660254037844384,-0.6354323008901775,0.7721565844991641,0.9749279121818236,-0.2225209339563143,-0.5680647467311559,0.8229838658936564,4.1,9.0,6.200000000000007,1.967231557290659,14.958678636363636,32.50350409090909,44.25698863636364,94.11238636363636,0.3587852727272727,21.1,2,4
2024-11-21,10.3,London Marylebone Road,London,Westminster,Greater London,Greater London Urban Area,Urban Traffic,51.52253,-0.154611,England,London Central,0,2,1,1,2024,11,21,3,326,47,4,0,1,8,18,Autumn,3,-0.5000000000000004,0.8660254037844384,-0.622046748440868,0.7829801036770625,0.4338837391175582,-0.900968867902419,-0.5680647467311559,0.8229838658936564,8.0,11.8,7.466666666666676,3.1342197327777708,10.35269375,43.43202541666667,48.47390625,115.0528125,0.4166865833333333,27.2,3,4
2024-11-22,7.9,London Marylebone Road,London,Westminster,Greater London,Greater London Urban Area,Urban Traffic,51.52253,-0.154611,England,London Central,0,2,1,1,2024,11,22,4,327,47,4,0,1,8,18,Autumn,3,-0.5000000000000004,0.8660254037844384,-0.6084768701151264,0.7935716089521472,-0.433883739117558,-0.9009688679024191,-0.5680647467311559,0.8229838658936564,10.3,14.0,8.733333333333341,1.3576941236278337,19.923738333333333,33.30810708333333,45.73265625,96.804375,0.3458644166666667,28.3,4,4
2024-11-23,5.2,London Marylebone Road,London,Westminster,Greater London,Greater London Urban Area,Urban Traffic,51.52253,-0.154611,England,London Central,0,2,1,1,2024,11,23,5,328,47,4,1,0,8,18,Autumn,3,-0.5000000000000004,0.8660254037844384,-0.594726686960764,0.8039279618328208,-0.9749279121818236,-0.2225209339563146,-0.5680647467311559,0.8229838658936564,7.9,14.9,7.800000000000008,2.5514701644346576,31.07471208333333,17.2439225,28.6715625,55.13578125,0.2711615833333333,14.4,5,4
2024-11-24,8.4,London Marylebone Road,London,Westminster,Greater London,Greater London Urban Area,Urban Traffic,51.52253,-0.154611,England,London Central,0,2,1,1,2024,11,24,6,329,47,4,1,0,8,18,Autumn,3,-0.5000000000000004,0.8660254037844384,-0.5808002734538013,0.8140460935082175,-0.7818314824680299,0.6234898018587334,-0.5680647467311559,0.8229838658936564,5.2,5.0,7.166666666666676,1.7214335111567778,39.97220791666667,8.751888333333333,12.43125,25.87453125,0.2158620833333333,26.2,6,4
2024-11-25,6.2,London Marylebone Road,London,Westminster,Greater London,Greater London Urban Area,Urban Traffic,51.52253,-0.154611,England,London Central,0,2,1,1,2024,11,25,0,330,48,4,0,1,8,18,Autumn,3,-0.5000000000000004,0.8660254037844384,-0.5667017562911184,0.8239230057575536,0.0,1.0,-0.4647231720437684,0.88545602565321,8.4,6.5,6.6000000000000085,1.637070554374557,27.74854541666667,46.378771666666665,45.2465625,116.39953125,0.3463495,20.3,0,4
2024-11-26,8.7,London Marylebone Road,London,Westminster,Greater London,Greater London Urban Area,Urban Traffic,51.52253,-0.154611,England,London Central,0,2,1,1,2024,11,26,1,331,48,4,0,1,8,18,Autumn,3,-0.5000000000000004,0.8660254037844384,-0.5524353131676203,0.8335557718385695,0.7818314824680298,0.6234898018587336,-0.4647231720437684,0.88545602565321,6.2,4.1,7.7666666666666755,1.3650396819629642,17.14638916666667,68.40401083333333,61.89328125,166.7540625,0.44967225,,1,4
2024-11-27,7.8,London Marylebone Road,London,Westminster,Greater London,Greater London Urban Area,Urban Traffic,51.52253,-0.154611,England,London Central,0,2,1,1,2024,11,27,2,332,48,4,0,1,8,18,Autumn,3,-0.5000000000000004,0.8660254037844384,-0.5380051715382992,0.8429415373547832,0.9749279121818236,-0.2225209339563143,-0.4647231720437684,0.88545602565321,8.7,8.0,7.566666666666674,1.2662279942149242,25.328759166666668,25.884186521739128,34.898967391304346,74.57918478260869,0.3366478333333333,13.2,2,4
2024-11-28,8.9,London Marylebone Road,London,Westminster,Greater London,Greater London Urban Area,Urban Traffic,51.52253,-0.154611,England,London Central,0,2,1,1,2024,11,28,3,333,48,4,0,1,8,18,Autumn,3,-0.5000000000000004,0.8660254037844384,-0.5234156073655503,0.8520775211013093,0.4338837391175582,-0.900968867902419,-0.4647231720437684,0.88545602565321,7.8,10.3,8.466666666666674,0.5859465277084173,7.342512916666667,65.80546916666667,56.1159375,157.00828125,0.5059419166666667,,3,4
2024-11-29,10.0,London Marylebone Road,London,Westminster,Greater London,Greater London Urban Area,Urban Traffic,51.52253,-0.154611,England,London Central,0,2,1,1,2024,11,29,4,334,48,4,0,1,8,18,Autumn,3,-0.5000000000000004,0.8660254037844384,-0.5086709438521042,0.8609610158889945,-0.433883739117558,-0.9009688679024191,-0.4647231720437684,0.88545602565321,8.9,7.9,8.900000000000007,1.100000000000099,12.54796375,51.29001541666667,56.79328125,135.41296875,0.4370600833333333,24.2,4,4
2024-11-30,10.9,London Marylebone Road,London,Westminster,Greater London,Greater London Urban Area,Urban Traffic,51.52253,-0.154611,England,London Central,0,2,1,1,2024,11,30,5,335,48,4,1,0,8,18,Autumn,3,-0.5000000000000004,0.8660254037844384,-0.4937755501599773,0.8695893893466109,-0.9749279121818236,-0.2225209339563146,-0.4647231720437684,0.88545602565321,10.0,5.2,9.933333333333342,1.0016652800878891,6.793695416666666,52.25147583333333,43.61296875,123.73078125,0.4152313333333333,22.9,5,4
2024-12-01,7.5,London Marylebone Road,London,Westminster,Greater London,Greater London Urban Area,Urban Traffic,51.52253,-0.154611,England,London Central,0,2,1,1,2024,12,1,6,336,48,4,1,0,8,18,Winter,0,-2.4492935982947064e-16,1.0,-0.4787338401157883,0.8779600847008883,-0.7818314824680299,0.6234898018587334,-0.4647231720437684,0.88545602565321,10.9,8.4,9.466666666666676,1.7616280348965696,20.8051725,36.010590416666666,36.815625,92.04703125,0.3647826666666667,15.5,6,4
2024-12-02,4.4,London Marylebone Road,London,Westminster,Greater London,Greater London Urban Area,Urban Traffic,51.52253,-0.154611,England,London Central,0,2,1,1,2024,12,2,0,337,49,4,0,1,8,18,Winter,0,-2.4492935982947064e-16,1.0,-0.4635502709028512,0.8860706215341378,0.0,1.0,-0.3546048870425359,0.9350162426854148,7.5,6.2,7.600000000000008,3.251153641401804,28.70481833333333,31.109740833333333,32.44875,80.15765625,0.2716466666666666,12.6,0,4
2024-12-03,8.0,London Marylebone Road,London,Westminster,Greater London,Greater London Urban Area,Urban Traffic,51.52253,-0.154611,England,London Central,0,2,1,1,2024,12,3,1,338,49,4,0,1,8,18,Winter,0,-2.4492935982947064e-16,1.0,-0.4482293417404106,0.893918596519257,0.7818314824680298,0.6234898018587336,-0.3546048870425359,0.9350162426854148,4.4,8.7,6.633333333333343,1.9502136635080636,22.476571250000003,27.20673125,37.1821875,78.9225,0.3424688333333334,18.9,1,4
2024-12-04,13.4,London Marylebone Road,London,Westminster,Greater London,Greater London Urban Area,Urban Traffic,51.52253,-0.154611,England,London Central,0,2,1,1,2024,12,4,2,339,49,4,0,1,8,18,Winter,0,-2.4492935982947064e-16,1.0,-0.4327755925504317,0.9015016841318838,0.9749279121818236,-0.2225209339563143,-0.3546048870425359,0.9350162426854148,8.0,7.8,8.600000000000009,4.529900661162474,5.856945652173914,71.23167608695653,57.72423913043478,166.9446195652174,0.5198406086956522,24.2,2,4
2024-12-05,4.9,London Marylebone Road,London,Westminster,Greater London,Greater London Urban Area,Urban Traffic,51.52253,-0.154611,England,London Central,0,2,1,1,2024,12,5,3,340,49,4,0,1,8,18,Winter,0,-2.4492935982947064e-16,1.0,-0.4171936026123169,0.9088176373395028,0.4338837391175582,-0.900968867902419,-0.3546048870425359,0.9350162426854148,13.4,8.9,8.766666666666675,4.301550108197456,29.045750416666667,33.65111458333333,36.71203125,88.30171875,0.3196699166666666,8.9,3,4
2024-12-06,7.3,London Marylebone Road,London,Westminster,Greater London,Greater London Urban Area,Urban Traffic,51.52253,-0.154611,England,London Central,0,2,1,1,2024,12,6,4,341,49,4,0,1,8,18,Winter,0,-2.4492935982947064e-16,1.0,-0.4014879892059737,0.9158642882672868,-0.433883739117558,-0.9009688679024191,-0.3546048870425359,0.9350162426854148,4.9,10.0,8.533333333333342,4.382160806421136,26.808903333333333,36.87330625,39.97921875,96.5175,0.3463495,19.2,4,4
2024-12-07,2.4,London Marylebone Road,London,Westminster,Greater London,Greater London Urban Area,Urban Traffic,51.52253,-0.154611,England,London Central,0,2,1,1,2024,12,7,5,342,49,4,1,0,8,18,Winter,0,-2.4492935982947064e-16,1.0,-0.3856634062436074,0.9226395488404876,-0.9749279121818236,-0.2225209339563146,-0.3546048870425359,0.9350162426854148,7.3,10.9,4.866666666666675,2.450170062124977,55.829707500000005,5.649229583333334,12.00890625,20.66296875,0.2682510833333333,5.3,5,4
2024-12-08,2.2,London Marylebone Road,London,Westminster,Greater London,Greater London Urban Area,Urban Traffic,51.52253,-0.154611,England,London Central,0,2,1,1,2024,12,8,6,343,49,4,1,0,8,18,Winter,0,-2.4492935982947064e-16,1.0,-0.3697245428906732,0.9291414114031744,-0.7818314824680299,0.6234898018587334,-0.3546048870425359,0.9350162426854148,2.4,7.5,3.9666666666666752,2.888482877452021,43.980238750000005,2.733665833333333,4.335,8.53453125,0.2507880833333333,4.8,6,4
2024-12-09,3.7,London Marylebone Road,London,Westminster,Greater London,Greater London Urban Area,Urban Traffic,51.52253,-0.154611,England,London Central,0,2,1,1,2024,12,9,0,344,50,4,0,1,8,18,Winter,0,-2.4492935982947064e-16,1.0,-0.353676122176372,0.935367949313148,0.0,1.0,-0.2393156642875578,0.970941817426052,2.2,4.4,2.766666666666675,0.8144527815248102,41.78496875,2.281519583333333,6.3590625,9.85734375,0.2706765,10.2,0,4
2024-12-10,3.1,London Marylebone Road,London,Westminster,Greater London,Greater London Urban Area,Urban Traffic,51.52253,-0.154611,England,London Central,0,2,1,1,2024,12,10,1,345,50,4,0,1,8,18,Winter,0,-2.4492935982947064e-16,1.0,-0.3375228995941134,0.941317317512847,0.7818314824680298,0.6234898018587336,-0.2393156642875578,0.970941817426052,3.7,8.0,3.0000000000000084,0.7549834435271865,46.998735,2.13600125,9.58640625,12.845625,0.2532135,9.6,1,4
2024-12-11,4.0,London Marylebone Road,London,Westminster,Greater London,Greater London Urban Area,Urban Traffic,51.52253,-0.154611,England,London Central,0,2,1,1,2024,12,11,2,346,50,4,0,1,8,18,Winter,0,-2.4492935982947064e-16,1.0,-0.3212696616923651,0.9469877530760752,0.9749279121818236,-0.2225209339563143,-0.2393156642875578,0.970941817426052,3.1,13.4,3.6000000000000085,0.4582575694957721,49.451782916666666,3.6119729166666654,15.555,21.14109375,0.2643704166666666,11.9,2,4
2024-12-12,6.1,London Marylebone Road,London,Westminster,Greater London,Greater London Urban Area,Urban Traffic,51.52253,-0.154611,England,London Central,0,2,1,1,2024,12,12,3,347,50,4,0,1,8,18,Winter,0,-2.4492935982947064e-16,1.0,-0.3049212246562894,0.9523775757303972,0.4338837391175582,-0.900968867902419,-0.2393156642875578,0.970941817426052,4.0,4.9,4.400000000000008,1.5394804318341226,27.7901225,9.666575,26.28890625,41.09484375,0.3056025,10.1,3,4
2024-12-13,18.6,London Marylebone Road,London,Westminster,Greater London,Greater London Urban Area,Urban Traffic,51.52253,-0.154611,England,London Central,0,2,1,1,2024,12,13,4,348,50,4,0,1,8,18,Winter,0,-2.4492935982947064e-16,1.0,-0.2884824328806098,0.9574851883550388,-0.433883739117558,-0.9009688679024191,-0.2393156642875578,0.970941817426052,6.1,7.3,9.566666666666675,7.893246058076079,4.049607916666667,46.441136666666665,44.5771875,115.7859375,0.5268005,26.8,4,4
2024-12-14,11.7,London Marylebone Road,London,Westminster,Greater London,Greater London Urban Area,Urban Traffic,51.52253,-0.154611,England,London Central,0,2,1,1,2024,12,14,5,349,50,4,1,0,8,18,Winter,0,-2.4492935982947064e-16,1.0,-0.2719581575341052,0.9623090774541488,-0.9749279121818236,-0.2225209339563146,-0.2393156642875578,0.970941817426052,18.6,2.4,12.13333333333334,6.261256529909438,14.1195775,34.10326083333333,46.2984375,98.58140625,0.4404556666666666,20.0,5,4
2024-12-15,4.8,London Marylebone Road,London,Westminster,Greater London,Greater London Urban Area,Urban Traffic,51.52253,-0.154611,England,London Central,0,2,1,1,2024,12,15,6,350,50,4,1,0,8,18,Winter,0,-2.4492935982947064e-16,1.0,-0.2553532951161881,0.9668478136052772,-0.7818314824680299,0.6234898018587334,-0.2393156642875578,0.970941817426052,11.7,2.2,11.700000000000008,6.900000000000017,18.56001,31.130529166666665,43.89984375,91.6246875,0.4069849166666666,10.7,6,4
2024-12-16,3.4,London Marylebone Road,London,Westminster,Greater London,Greater London Urban Area,Urban Traffic,51.52253,-0.154611,England,London Central,0,2,1,1,2024,12,16,0,351,51,4,0,1,8,18,Winter,0,-2.4492935982947064e-16,1.0,-0.2386727660059499,0.9711000518829505,0.0,1.0,-0.1205366802553236,0.992708874098054,4.8,3.7,6.63333333333334,4.443347086750429,29.56130625,29.88842625,42.24234375,88.0546875,0.3560511666666666,11.9,0,4
2024-12-17,7.0,London Marylebone Road,London,Westminster,Greater London,Greater London Urban Area,Urban Traffic,51.52253,-0.154611,England,London Central,0,2,1,1,2024,12,17,1,352,51,4,0,1,8,18,Winter,0,-2.4492935982947064e-16,1.0,-0.2219215130041667,0.9750645322571944,0.7818314824680298,0.6234898018587336,-0.1205366802553236,0.992708874098054,3.4,3.1,5.0666666666666735,1.814754345175544,18.16087,27.93432291666667,42.09890625,84.92296875,0.3817605833333333,14.4,1,4
2024-12-18,5.7,London Marylebone Road,London,Westminster,Greater London,Greater London Urban Area,Urban Traffic,51.52253,-0.154611,England,London Central,0,2,1,1,2024,12,18,2,353,51,4,0,1,8,18,Winter,0,-2.4492935982947064e-16,1.0,-0.2051044998686192,0.9787400799669153,0.9749279121818236,-0.2225209339563143,-0.1205366802553236,0.992708874098054,7.0,4.0,5.366666666666673,1.82300118851676,39.72350136363636,16.60042909090909,27.1575,52.61982954545454,0.3042795454545454,14.0,2,4
2024-12-19,4.1,London Marylebone Road,London,Westminster,Greater London,Greater London Urban Area,Urban Traffic,51.52253,-0.154611,England,London Central,0,2,1,1,2024,12,19,3,354,51,4,0,1,8,18,Winter,0,-2.4492935982947064e-16,1.0,-0.1882267098432439,0.9821256058680006,0.4338837391175582,-0.900968867902419,-0.1205366802553236,0.992708874098054,5.7,6.1,5.600000000000008,1.4525839046334594,42.3587325,12.561350416666668,29.9784375,49.23890625000001,0.29250525,10.0,3,4
2024-12-20,6.4,London Marylebone Road,London,Westminster,Greater London,Greater London Urban Area,Urban Traffic,51.52253,-0.154611,England,London Central,0,2,1,1,2024,12,20,4,355,51,4,0,1,8,18,Winter,0,-2.4492935982947064e-16,1.0,-0.1712931441814778,0.9852201067560606,-0.433883739117558,-0.9009688679024191,-0.1205366802553236,0.992708874098054,4.1,18.6,5.400000000000007,1.1789826122552387,19.524598333333333,39.77847583333333,51.72515625,112.6940625,0.4084401666666666,15.8,4,4
2024-12-21,6.5,London Marylebone Road,London,Westminster,Greater London,Greater London Urban Area,Urban Traffic,51.52253,-0.154611,England,London Central,0,2,1,1,2024,12,21,5,356,51,4,1,0,8,18,Winter,0,-2.4492935982947064e-16,1.0,-0.154308820664281,0.9880226656636976,-0.9749279121818236,-0.2225209339563146,-0.1205366802553236,0.992708874098054,6.4,11.7,5.666666666666674,1.3576941236278222,26.88374208333333,25.138292083333337,39.37359375,77.9184375,0.35362575,16.6,5,4
2024-12-22,5.4,London Marylebone Road,London,Westminster,Greater London,Greater London Urban Area,Urban Traffic,51.52253,-0.154611,England,London Central,0,2,1,1,2024,12,22,6,357,51,4,1,0,8,18,Winter,0,-2.4492935982947064e-16,1.0,-0.1372787721132651,0.9905324521322229,-0.7818314824680299,0.6234898018587334,-0.1205366802553236,0.992708874098054,6.5,4.8,6.100000000000008,0.6082762530299753,54.14167791666667,7.837201666666666,19.9696875,31.9865625,0.3104533333333333,14.6,6,4
2024-12-23,8.3,London Marylebone Road,London,Westminster,Greater London,Greater London Urban Area,Urban Traffic,51.52253,-0.154611,England,London Central,0,2,1,1,2024,12,23,0,358,52,4,0,1,8,18,Winter,0,-2.4492935982947064e-16,1.0,-0.1202080448993527,0.9927487224577402,0.0,1.0,6.432490598706546e-16,1.0,5.4,3.4,6.733333333333341,1.4640127503999143,37.219805,21.417180416666667,33.428906250000004,66.268125,0.4360899166666667,22.8,0,4
2024-12-24,9.9,London Marylebone Road,London,Westminster,Greater London,Greater London Urban Area,Urban Traffic,51.52253,-0.154611,England,London Central,0,2,1,1,2024,12,24,1,359,52,4,0,1,8,18,Winter,0,-2.4492935982947064e-16,1.0,-0.1031016974474354,0.9946708199115212,0.7818314824680298,0.6234898018587336,6.432490598706546e-16,1.0,8.3,7.0,7.866666666666674,2.281081614790125,13.653914166666668,31.348806666666665,38.154375,86.22984375,0.4457915833333333,15.2,1,4
2024-12-25,7.5,London Marylebone Road,London,Westminster,Greater London,Greater London Urban Area,Urban Traffic,51.52253,-0.154611,England,London Central,0,2,1,1,2024,12,25,2,360,52,4,0,1,8,18,Winter,0,-2.4492935982947064e-16,1.0,-0.0859647987374467,0.9962981749346076,0.9749279121818236,-0.2225209339563143,6.432490598706546e-16,1.0,9.9,5.7,8.566666666666675,1.222020185321636,31.13292,17.96112,29.82703125,57.375,0.41183575,11.2,2,4
2024-12-26,11.2,London Marylebone Road,London,Westminster,Greater London,Greater London Urban Area,Urban Traffic,51.52253,-0.154611,England,London Central,0,2,1,1,2024,12,26,3,361,52,4,0,1,8,18,Winter,0,-2.4492935982947064e-16,1.0,-0.0688024268023206,0.9976303053065856,0.4338837391175582,-0.900968867902419,6.432490598706546e-16,1.0,7.5,4.1,9.53333333333334,1.877054430040196,20.28130125,23.095838333333333,29.77921875,65.19234375,0.4394855,13.6,3,4
2024-12-27,15.3,London Marylebone Road,London,Westminster,Greater London,Greater London Urban Area,Urban Traffic,51.52253,-0.154611,England,London Central,0,2,1,1,2024,12,27,4,362,52,4,0,1,8,18,Winter,0,-2.4492935982947064e-16,1.0,-0.0516196672232541,0.998666816288476,-0.433883739117558,-0.9009688679024191,6.432490598706546e-16,1.0,11.2,6.4,11.33333333333334,3.9017090272512025,7.899645833333333,40.298184166666665,41.7084375,103.49015625,0.5127330833333333,18.1,4,4
2024-12-28,8.2,London Marylebone Road,London,Westminster,Greater London,Greater London Urban Area,Urban Traffic,51.52253,-0.154611,England,London Central,0,2,1,1,2024,12,28,5,363,52,4,1,0,8,18,Winter,0,-2.4492935982947064e-16,1.0,-0.0344216116227458,0.9994074007397048,-0.9749279121818236,-0.2225209339563146,6.432490598706546e-16,1.0,15.3,6.5,11.566666666666675,3.564173583502005,8.514986666666667,28.95814833333333,30.25734375,74.6353125,0.4710159166666667,11.3,5,4
2024-12-29,6.8,London Marylebone Road,London,Westminster,Greater London,Greater London Urban Area,Urban Traffic,51.52253,-0.154611,England,London Central,0,2,1,1,2024,12,29,6,364,52,4,1,0,8,18,Winter,0,-2.4492935982947064e-16,1.0,-0.0172133561558352,0.9998518392091162,-0.7818314824680299,0.6234898018587334,6.432490598706546e-16,1.0,8.2,5.4,10.100000000000009,4.557411546042358,20.139939166666668,30.163871666666665,34.64015625,80.84296875,0.49332975,9.7,6,4
2024-12-30,3.8,London Marylebone Road,London,Westminster,Greater London,Greater London Urban Area,Urban Traffic,51.52253,-0.154611,England,London Central,0,2,1,1,2024,12,30,0,365,1,4,0,1,8,18,Winter,0,-2.4492935982947064e-16,1.0,6.432490598706546e-16,1.0,0.0,1.0,0.120536680255323,0.992708874098054,6.8,8.3,6.266666666666673,2.2479620400116898,38.55858708333333,19.96719416666667,31.325156250000003,61.95703125,0.4428810833333333,7.2,0,4
2024-12-31,4.2,London Marylebone Road,London,Westminster,Greater London,Greater London Urban Area,Urban Traffic,51.52253,-0.154611,England,London Central,0,2,1,1,2024,12,31,1,366,1,4,0,1,8,18,Winter,0,-2.4492935982947064e-16,1.0,0.0172133561558339,0.9998518392091162,0.7818314824680298,0.6234898018587336,0.120536680255323,0.992708874098054,3.8,9.9,4.933333333333341,1.6289055630494715,46.17550875,12.602927083333334,20.878125,40.194375,0.4312390833333333,10.6,1,4
2025-01-01,4.0,London Marylebone Road,London,Westminster,Greater London,Greater London Urban Area,Urban Traffic,51.52253,-0.154611,England,London Central,0,2,1,1,2025,1,1,2,1,1,1,0,1,8,18,Winter,0,0.4999999999999999,0.8660254037844387,0.0172133561558346,0.9998518392091162,0.9749279121818236,-0.2225209339563143,0.120536680255323,0.992708874098054,4.2,7.5,4.000000000000007,0.200000000000453,50.35237869565218,14.202211363636364,23.59329545454545,45.35232954545455,0.2672598260869565,9.3,2,1
2025-01-02,6.4,London Marylebone Road,London,Westminster,Greater London,Greater London Urban Area,Urban Traffic,51.52253,-0.154611,England,London Central,0,2,1,1,2025,1,2,3,2,1,1,0,1,8,18,Winter,0,0.4999999999999999,0.8660254037844387,0.0344216116227457,0.9994074007397048,0.4338837391175582,-0.900968867902419,0.120536680255323,0.992708874098054,4.0,11.2,4.866666666666674,1.3316656236959472,29.544675416666664,13.08105875,28.4484375,48.4978125,0.162988,13.9,3,1
2025-01-03,13.7,London Marylebone Road,London,Westminster,Greater London,Greater London Urban Area,Urban Traffic,51.52253,-0.154611,England,London Central,0,2,1,1,2025,1,3,4,3,1,1,0,1,8,18,Winter,0,0.4999999999999999,0.8660254037844387,0.0516196672232537,0.998666816288476,-0.433883739117558,-0.9009688679024191,0.120536680255323,0.992708874098054,6.4,15.3,8.03333333333334,5.05206228517954,9.080435,42.63167458333333,55.2234375,120.583125,0.2638853333333333,25.4,4,1
2025-01-04,13.5,London Marylebone Road,London,Westminster,Greater London,Greater London Urban Area,Urban Traffic,51.52253,-0.154611,England,London Central,0,2,1,1,2025,1,4,5,4,1,1,1,0,8,18,Winter,0,0.4999999999999999,0.8660254037844387,0.0688024268023198,0.9976303053065856,-0.9749279121818236,-0.2225209339563146,0.120536680255323,0.992708874098054,13.7,8.2,11.200000000000008,4.15812457725838,17.503952083333335,28.27733041666667,44.7046875,88.07859375,0.2711615833333333,22.6,5,1
2025-01-05,3.0,London Marylebone Road,London,Westminster,Greater London,Greater London Urban Area,Urban Traffic,51.52253,-0.154611,England,London Central,0,2,1,1,2025,1,5,6,5,1,1,1,0,8,18,Winter,0,0.4999999999999999,0.8660254037844387,0.0859647987374464,0.9962981749346078,-0.7818314824680299,0.6234898018587334,0.120536680255323,0.992708874098054,13.5,6.8,10.066666666666674,6.120729803980366,35.3737825,15.04555625,28.137656250000003,51.21515625,0.2595195833333333,6.0,6,1
2025-01-06,9.0,London Marylebone Road,London,Westminster,Greater London,Greater London Urban Area,Urban Traffic,51.52253,-0.154611,England,London Central,0,2,1,1,2025,1,6,0,6,2,1,0,1,8,18,Winter,0,0.4999999999999999,0.8660254037844387,0.1031016974474348,0.9946708199115212,0.0,1.0,0.2393156642875577,0.970941817426052,3.0,3.8,8.500000000000007,5.267826876426389,34.73349541666666,20.04515041666667,28.77515625,59.50265625,0.2570941666666667,12.2,0,1
2025-01-07,15.0,London Marylebone Road,London,Westminster,Greater London,Greater London Urban Area,Urban Traffic,51.52253,-0.154611,England,London Central,0,2,1,1,2025,1,7,1,7,2,1,0,1,8,18,Winter,0,0.4999999999999999,0.8660254037844387,0.1202080448993527,0.9927487224577402,0.7818314824680298,0.6234898018587336,0.2393156642875577,0.970941817426052,9.0,4.2,9.000000000000007,6.000000000000017,19.491336666666665,33.7706475,44.019375,95.81625,0.227019,15.6,1,1
2025-01-08,21.0,London Marylebone Road,London,Westminster,Greater London,Greater London Urban Area,Urban Traffic,51.52253,-0.154611,England,London Central,0,2,1,1,2025,1,8,2,8,2,1,0,1,8,18,Winter,0,0.4999999999999999,0.8660254037844387,0.1372787721132647,0.9905324521322229,0.9749279121818236,-0.2225209339563143,0.2393156642875577,0.970941817426052,15.0,4.0,15.000000000000009,6.000000000000013,9.5294675,38.77024166666667,49.39828125,108.885,0.2726168333333333,,2,1
2025-01-09,21.0,London Marylebone Road,London,Westminster,Greater London,Greater London Urban Area,Urban Traffic,51.52253,-0.154611,England,London Central,0,2,1,1,2025,1,9,3,9,2,1,0,1,8,18,Winter,0,0.4999999999999999,0.8660254037844387,0.1543088206642811,0.9880226656636976,0.4338837391175582,-0.900968867902419,0.2393156642875577,0.970941817426052,21.0,6.4,19.000000000000007,3.4641016151377744,13.703806666666669,33.18337708333333,46.67296875,97.5534375,0.2600046666666666,27.3,3,1
2025-01-10,21.0,London Marylebone Road,London,Westminster,Greater London,Greater London Urban Area,Urban Traffic,51.52253,-0.154611,England,London Central,0,2,1,1,2025,1,10,4,10,2,1,0,1,8,18,Winter,0,0.4999999999999999,0.8660254037844387,0.1712931441814776,0.9852201067560606,-0.433883739117558,-0.9009688679024191,0.2393156642875577,0.970941817426052,21.0,13.7,21.0,0.0,2.96860375,55.458076250000005,61.94109375,146.98359374999998,0.4094103333333334,32.5,4,1
2025-01-11,39.0,London Marylebone Road,London,Westminster,Greater London,Greater London Urban Area,Urban Traffic,51.52253,-0.154611,England,London Central,0,2,1,1,2025,1,11,5,11,2,1,1,0,8,18,Winter,0,0.4999999999999999,0.8660254037844387,0.1882267098432442,0.9821256058680006,-0.9749279121818236,-0.2225209339563146,0.2393156642875577,0.970941817426052,21.0,13.5,27.00000000000001,10.392304845413266,1.4053054166666668,106.3635075,68.7065625,231.7790625,0.675236,53.0,5,1
2025-01-12,36.0,London Marylebone Road,London,Westminster,Greater London,Greater London Urban Area,Urban Traffic,51.52253,-0.154611,England,London Central,0,2,1,1,2025,1,12,6,12,2,1,1,0,8,18,Winter,0,0.4999999999999999,0.8660254037844387,0.2051044998686192,0.9787400799669153,-0.7818314824680299,0.6234898018587334,0.2393156642875577,0.970941817426052,39.0,3.0,32.00000000000001,9.643650760992951,2.3449475,103.11013333333334,67.72640625,225.86625,0.8765455833333333,45.0,6,1
2025-01-13,12.3,London Marylebone Road,London,Westminster,Greater London,Greater London Urban Area,Urban Traffic,51.52253,-0.154611,England,London Central,0,2,1,1,2025,1,13,0,13,3,1,0,1,8,18,Winter,0,0.4999999999999999,0.8660254037844387,0.2219215130041655,0.9750645322571948,0.0,1.0,0.3546048870425356,0.9350162426854148,36.0,9.0,29.10000000000001,14.626346091898688,21.17936625,30.81350708333333,45.2625,92.50921875,0.2265339166666666,28.4,0,1
2025-01-14,16.5,London Marylebone Road,London,Westminster,Greater London,Greater London Urban Area,Urban Traffic,51.52253,-0.154611,England,London Central,0,2,1,1,2025,1,14,1,14,3,1,0,1,8,18,Winter,0,0.4999999999999999,0.8660254037844387,0.2386727660059501,0.9711000518829505,0.7818314824680298,0.6234898018587336,0.3546048870425356,0.9350162426854148,12.3,15.0,21.60000000000001,12.646343345014804,13.911692083333334,46.25923875,48.418125,119.3240625,0.2556389166666666,26.9,1,1
2025-01-15,17.8,London Marylebone Road,London,Westminster,Greater London,Greater London Urban Area,Urban Traffic,51.52253,-0.154611,England,London Central,0,2,1,1,2025,1,15,2,15,3,1,0,1,8,18,Winter,0,0.4999999999999999,0.8660254037844387,0.255353295116187,0.9668478136052776,0.9749279121818236,-0.2225209339563143,0.3546048870425356,0.9350162426854148,16.5,21.0,15.53333333333334,2.874601421646787,5.544575217391304,43.86157565217391,42.71527173913044,109.9604347826087,0.279408,24.5,2,1
2025-01-16,14.1,London Marylebone Road,London,Westminster,Greater London,Greater London Urban Area,Urban Traffic,51.52253,-0.154611,England,London Central,0,2,1,1,2025,1,16,3,16,3,1,0,1,8,18,Winter,0,0.4999999999999999,0.8660254037844387,0.2719581575341055,0.9623090774541486,0.4338837391175582,-0.900968867902419,0.3546048870425356,0.9350162426854148,17.8,21.0,16.133333333333344,1.8770544300402463,19.441444166666667,30.756339166666667,38.1065625,85.27359375,0.30996825,23.7,3,1
2025-01-17,20.8,London Marylebone Road,London,Westminster,Greater London,Greater London Urban Area,Urban Traffic,51.52253,-0.154611,England,London Central,0,2,1,1,2025,1,17,4,17,3,1,0,1,8,18,Winter,0,0.4999999999999999,0.8660254037844387,0.288482432880609,0.9574851883550392,-0.433883739117558,-0.9009688679024191,0.3546048870425356,0.9350162426854148,14.1,21.0,17.566666666666674,3.3560889936552174,23.01707333333333,32.5857125,36.17015625,86.17406249999999,0.3589616666666667,46.5,4,1
2025-01-18,29.2,London Marylebone Road,London,Westminster,Greater London,Greater London Urban Area,Urban Traffic,51.52253,-0.154611,England,London Central,0,2,1,1,2025,1,18,5,18,3,1,1,0,8,18,Winter,0,0.4999999999999999,0.8660254037844387,0.304921224656289,0.9523775757303974,-0.9749279121818236,-0.2225209339563146,0.3546048870425356,0.9350162426854148,20.8,39.0,21.366666666666674,7.565932416651209,15.04258875,21.318435833333336,36.58453125,69.2803125,0.4001937499999999,44.9,5,1
2025-01-19,23.1,London Marylebone Road,London,Westminster,Greater London,Greater London Urban Area,Urban Traffic,51.52253,-0.154611,England,London Central,0,2,1,1,2025,1,19,6,19,3,1,1,0,8,18,Winter,0,0.4999999999999999,0.8660254037844387,0.3212696616923644,0.9469877530760752,-0.7818314824680299,0.6234898018587334,0.3546048870425356,0.9350162426854148,29.2,36.0,24.366666666666674,4.340890845590745,20.38108625,20.268625,28.72734375,59.79750000000001,0.4176567499999999,38.8,6,1
2025-01-20,21.1,London Marylebone Road,London,Westminster,Greater London,Greater London Urban Area,Urban Traffic,51.52253,-0.154611,England,London Central,0,2,1,1,2025,1,20,0,20,4,1,0,1,8,18,Winter,0,0.4999999999999999,0.8660254037844387,0.3375228995941133,0.9413173175128472,0.0,1.0,0.4647231720437685,0.8854560256532099,23.1,12.3,24.466666666666672,4.219399641339218,7.475559583333333,51.9188625,45.11109375,124.71890625,0.5505695833333334,30.2,0,1
2025-01-21,24.4,London Marylebone Road,London,Westminster,Greater London,Greater London Urban Area,Urban Traffic,51.52253,-0.154611,England,London Central,0,2,1,1,2025,1,21,1,21,4,1,0,1,8,18,Winter,0,0.4999999999999999,0.8660254037844387,0.3536761221763716,0.9353679493131484,0.7818314824680298,0.6234898018587336,0.4647231720437685,0.8854560256532099,21.1,16.5,22.866666666666674,1.6623276853056297,8.8309725,44.64814291666666,46.19484375,114.63046875,0.52389,40.4,1,1
2025-01-22,28.1,London Marylebone Road,London,Westminster,Greater London,Greater London Urban Area,Urban Traffic,51.52253,-0.154611,England,London Central,0,2,1,1,2025,1,22,2,22,4,1,0,1,8,18,Winter,0,0.4999999999999999,0.8660254037844387,0.3697245428906731,0.9291414114031744,0.9749279121818236,-0.2225209339563143,0.4647231720437685,0.8854560256532099,24.4,17.8,24.533333333333346,3.501904243884109,9.446313333333334,23.66232041666667,38.95921875,75.23296875,0.4564634166666666,36.4,2,1
2025-01-23,12.8,London Marylebone Road,London,Westminster,Greater London,Greater London Urban Area,Urban Traffic,51.52253,-0.154611,England,London Central,0,2,1,1,2025,1,23,3,23,4,1,0,1,8,18,Winter,0,0.4999999999999999,0.8660254037844387,0.385663406243607,0.9226395488404876,0.4338837391175582,-0.900968867902419,0.4647231720437685,0.8854560256532099,28.1,14.1,21.76666666666667,7.982689605222892,19.73248375,36.02098458333334,46.18687499999999,101.3784375,0.4681054166666666,21.0,3,1
2025-01-24,9.6,London Marylebone Road,London,Westminster,Greater London,Greater London Urban Area,Urban Traffic,51.52253,-0.154611,England,London Central,0,2,1,1,2025,1,24,4,24,4,1,0,1,8,18,Winter,0,0.4999999999999999,0.8660254037844387,0.401487989205973,0.9158642882672872,-0.433883739117558,-0.9009688679024191,0.4647231720437685,0.8854560256532099,12.8,20.8,16.83333333333334,9.8875342393002,37.75199166666667,22.695662916666667,33.428906250000004,68.244375,0.4254180833333333,37.8,4,1
2025-01-25,7.5,London Marylebone Road,London,Westminster,Greater London,Greater London Urban Area,Urban Traffic,51.52253,-0.154611,England,London Central,0,2,1,1,2025,1,25,5,25,4,1,1,0,8,18,Winter,0,0.4999999999999999,0.8660254037844387,0.4171936026123168,0.9088176373395028,-0.9749279121818236,-0.2225209339563146,0.4647231720437685,0.8854560256532099,9.6,29.2,9.966666666666674,2.6689573494782475,29.794137916666667,26.499927916666667,39.71625,80.3728125,0.4792623333333333,23.4,5,1
2025-01-26,5.1,London Marylebone Road,London,Westminster,Greater London,Greater London Urban Area,Urban Traffic,51.52253,-0.154611,England,London Central,0,2,1,1,2025,1,26,6,26,4,1,1,0,8,18,Winter,0,0.4999999999999999,0.8660254037844387,0.4327755925504312,0.901501684131884,-0.7818314824680299,0.6234898018587334,0.4647231720437685,0.8854560256532099,7.5,23.1,7.400000000000006,2.251666049839692,42.20073958333334,14.316834782608694,28.57940217391304,50.56483695652174,0.4535318260869565,16.0,6,1
2025-01-27,4.1,London Marylebone Road,London,Westminster,Greater London,Greater London Urban Area,Urban Traffic,51.52253,-0.154611,England,London Central,0,2,1,1,2025,1,27,0,27,5,1,0,1,8,18,Winter,0,0.4999999999999999,0.8660254037844387,0.4482293417404106,0.893918596519257,0.0,1.0,0.5680647467311558,0.8229838658936564,5.1,21.1,5.566666666666673,1.7473789896110303,53.12032782608696,18.843824615384616,25.068461538461538,53.96192307692308,,14.8,0,1
2025-01-28,5.0,London Marylebone Road,London,Westminster,Greater London,Greater London Urban Area,Urban Traffic,51.52253,-0.154611,England,London Central,0,2,1,1,2025,1,28,1,28,5,1,0,1,8,18,Winter,0,0.4999999999999999,0.8660254037844387,0.4635502709028509,0.886070621534138,0.7818314824680298,0.6234898018587336,0.5680647467311558,0.8229838658936564,4.1,24.4,4.733333333333339,0.5507570547292944,36.45781045454545,23.524078,26.526375,62.6056875,,13.2,1,1
2025-01-29,7.8,London Marylebone Road,London,Westminster,Greater London,Greater London Urban Area,Urban Traffic,51.52253,-0.154611,England,London Central,0,2,1,1,2025,1,29,2,29,5,1,0,1,8,18,Winter,0,0.4999999999999999,0.8660254037844387,0.4787338401157884,0.8779600847008882,0.9749279121818236,-0.2225209339563143,0.5680647467311558,0.8229838658936564,5.0,28.1,5.633333333333339,1.9295940851210296,18.73354913043478,24.6423095652174,38.42461956521739,76.23391304347827,,22.4,2,1
2025-01-30,7.7,London Marylebone Road,London,Westminster,Greater London,Greater London Urban Area,Urban Traffic,51.52253,-0.154611,England,London Central,0,2,1,1,2025,1,30,3,30,5,1,0,1,8,18,Winter,0,0.4999999999999999,0.8660254037844387,0.4937755501599772,0.869589389346611,0.4338837391175582,-0.900968867902419,0.5680647467311558,0.8229838658936564,7.8,12.8,6.833333333333339,1.588500340992734,27.848330416666663,35.43891125,39.4771875,93.76828125,,18.1,3,1
2025-01-31,7.8,London Marylebone Road,London,Westminster,Greater London,Greater London Urban Area,Urban Traffic,51.52253,-0.154611,England,London Central,0,2,1,1,2025,1,31,4,31,5,1,0,1,8,18,Winter,0,0.4999999999999999,0.8660254037844387,0.5086709438521044,0.8609610158889943,-0.433883739117558,-0.9009688679024191,0.5680647467311558,0.8229838658936564,7.7,9.6,7.766666666666673,0.057735026924812,21.81133791666667,38.853395,46.60125,106.1915625,,14.1,4,1
2025-02-01,10.0,London Marylebone Road,London,Westminster,Greater London,Greater London Urban Area,Urban Traffic,51.52253,-0.154611,England,London Central,0,2,1,1,2025,2,1,5,32,5,1,1,0,8,18,Winter,0,0.8660254037844386,0.5000000000000001,0.5234156073655503,0.8520775211013093,-0.9749279121818236,-0.2225209339563146,0.5680647467311558,0.8229838658936564,7.8,7.5,8.500000000000005,1.3000000000002525,31.265966666666667,25.611226666666667,35.99484375,75.26484375,,19.1,5,1
2025-02-02,17.9,London Marylebone Road,London,Westminster,Greater London,Greater London Urban Area,Urban Traffic,51.52253,-0.154611,England,London Central,0,2,1,1,2025,2,2,6,33,5,1,1,0,8,18,Winter,0,0.8660254037844386,0.5000000000000001,0.5380051715382996,0.8429415373547828,-0.7818314824680299,0.6234898018587334,0.5680647467311558,0.8229838658936564,10.0,5.1,11.900000000000006,5.311308689955854,17.029973333333334,35.17386,47.708906250000005,101.6334375,,31.2,6,1
2025-02-03,18.2,London Marylebone Road,London,Westminster,Greater London,Greater London Urban Area,Urban Traffic,51.52253,-0.154611,England,London Central,0,2,1,1,2025,2,3,0,34,6,1,0,1,8,18,Winter,0,0.8660254037844386,0.5000000000000001,0.5524353131676196,0.8335557718385699,0.0,1.0,0.6631226582407952,0.7485107481711011,17.9,4.1,15.366666666666672,4.650089604871482,11.25075875,55.08388625,50.93625,135.373125,,30.0,0,1
2025-02-04,6.9,London Marylebone Road,London,Westminster,Greater London,Greater London Urban Area,Urban Traffic,51.52253,-0.154611,England,London Central,0,2,1,1,2025,2,4,1,35,6,1,0,1,8,18,Winter,0,0.8660254037844386,0.5000000000000001,0.5667017562911176,0.8239230057575542,0.7818314824680298,0.6234898018587336,0.6631226582407952,0.7485107481711011,18.2,5.0,14.333333333333336,6.439202849214632,23.422260909090905,42.21071083333333,43.828125,108.56625,,19.1,1,1
2025-02-05,7.9,London Marylebone Road,London,Westminster,Greater London,Greater London Urban Area,Urban Traffic,51.52253,-0.154611,England,London Central,0,2,1,1,2025,2,5,2,36,6,1,0,1,8,18,Winter,0,0.8660254037844386,0.5000000000000001,0.5808002734538009,0.8140460935082178,0.9749279121818236,-0.2225209339563143,0.6631226582407952,0.7485107481711011,6.9,7.8,11.000000000000004,6.255397669213412,19.03398875,44.34671208333333,48.39421875,116.36765625,,27.9,2,1
2025-02-06,9.2,London Marylebone Road,London,Westminster,Greater London,Greater London Urban Area,Urban Traffic,51.52253,-0.154611,England,London Central,0,2,1,1,2025,2,6,3,37,6,1,0,1,8,18,Winter,0,0.8660254037844386,0.5000000000000001,0.5947266869607634,0.8039279618328213,0.4338837391175582,-0.900968867902419,0.6631226582407952,0.7485107481711011,7.9,7.7,8.000000000000005,1.153256259467363,36.88718833333333,9.718545833333334,22.5515625,37.44515625,,22.7,3,1
2025-02-07,11.0,London Marylebone Road,London,Westminster,Greater London,Greater London Urban Area,Urban Traffic,51.52253,-0.154611,England,London Central,0,2,1,1,2025,2,7,4,38,6,1,0,1,8,18,Winter,0,0.8660254037844386,0.5000000000000001,0.6084768701151261,0.7935716089521474,-0.433883739117558,-0.9009688679024191,0.6631226582407952,0.7485107481711011,9.2,7.8,9.366666666666672,1.5567059238449492,37.70209916666666,10.664415,18.73453125,35.11828125,0.1558236923076923,19.2,4,1
2025-02-08,20.8,London Marylebone Road,London,Westminster,Greater London,Greater London Urban Area,Urban Traffic,51.52253,-0.154611,England,London Central,0,2,1,1,2025,2,8,5,39,6,1,1,0,8,18,Winter,0,0.8660254037844386,0.5000000000000001,0.6220467484408675,0.7829801036770628,-0.9749279121818236,-0.2225209339563146,0.6631226582407952,0.7485107481711011,11.0,10.0,13.666666666666671,6.242862591258425,14.277570416666668,24.28077333333333,29.04609375,66.3,0.2376908333333333,30.8,5,1
2025-02-09,20.0,London Marylebone Road,London,Westminster,Greater London,Greater London Urban Area,Urban Traffic,51.52253,-0.154611,England,London Central,0,2,1,1,2025,2,9,6,40,6,1,1,0,8,18,Winter,0,0.8660254037844386,0.5000000000000001,0.6354323008901774,0.7721565844991642,-0.7818314824680299,0.6234898018587334,0.6631226582407952,0.7485107481711011,20.8,17.9,17.266666666666673,5.441813423238044,20.422663333333333,9.458691666666668,22.926093750000003,37.39734375,0.2279891666666667,24.1,6,1
2025-02-10,33.9,London Marylebone Road,London,Westminster,Greater London,Greater London Urban Area,Urban Traffic,51.52253,-0.154611,England,London Central,0,2,1,1,2025,2,10,0,41,7,1,0,1,8,18,Winter,0,0.8660254037844386,0.5000000000000001,0.6486295610349814,0.7611042586607747,0.0,1.0,0.7485107481711011,0.6631226582407953,20.0,18.2,24.90000000000001,7.804485889538157,34.75012625,5.06715625,14.120625,21.898125,0.180451,43.2,0,1
2025-02-11,26.6,London Marylebone Road,London,Westminster,Greater London,Greater London Urban Area,Urban Traffic,51.52253,-0.154611,England,London Central,0,2,1,1,2025,2,11,1,42,7,1,0,1,8,18,Winter,0,0.8660254037844386,0.5000000000000001,0.6616346182422783,0.7498264012045686,0.7818314824680298,0.6234898018587336,0.7485107481711011,0.6631226582407953,33.9,6.9,26.833333333333343,6.952937029294418,16.348109166666667,15.315804583333334,19.06125,42.5371875,0.2959008333333333,32.7,1,1
2025-02-12,21.0,London Marylebone Road,London,Westminster,Greater London,Greater London Urban Area,Urban Traffic,51.52253,-0.154611,England,London Central,0,2,1,1,2025,2,12,2,43,7,1,0,1,8,18,Winter,0,0.8660254037844386,0.5000000000000001,0.6744436188329455,0.7383263540031065,0.9749279121818236,-0.2225209339563143,0.7485107481711011,0.6631226582407953,26.6,7.9,27.166666666666675,6.468642309892662,9.695775833333334,13.382489583333331,19.85015625,40.37765625,0.2925685217391304,29.4,2,1
2025-02-13,21.2,London Marylebone Road,London,Westminster,Greater London,Greater London Urban Area,Urban Traffic,51.52253,-0.154611,England,London Central,0,2,1,1,2025,2,13,3,44,7,1,0,1,8,18,Winter,0,0.8660254037844386,0.5000000000000001,0.6870527672236669,0.7266075247685656,0.4338837391175582,-0.900968867902419,0.7485107481711011,0.6631226582407953,21.0,9.2,22.933333333333337,3.177000681985069,40.85364208333333,9.344355833333331,20.9259375,35.27765625,0.244482,32.8,3,1
2025-02-14,22.8,London Marylebone Road,London,Westminster,Greater London,Greater London Urban Area,Urban Traffic,51.52253,-0.154611,England,London Central,0,2,1,1,2025,2,14,4,45,7,1,0,1,8,18,Winter,0,0.8660254037844386,0.5000000000000001,0.6994583270516471,0.7146733860429609,-0.433883739117558,-0.9009688679024191,0.7485107481711011,0.6631226582407953,21.2,11.0,21.66666666666667,0.986576572463392,32.97062708333333,31.457945416666664,44.81625,93.0590625,0.4229926666666666,34.2,4,1
2025-02-15,25.9,London Marylebone Road,London,Westminster,Greater London,Greater London Urban Area,Urban Traffic,51.52253,-0.154611,England,London Central,0,2,1,1,2025,2,15,5,46,7,1,1,0,8,18,Winter,0,0.8660254037844386,0.5000000000000001,0.7116566222817746,0.7025274741691571,-0.9749279121818236,-0.2225209339563146,0.7485107481711011,0.6631226582407953,22.8,20.8,23.3,2.389560629069757,28.56345625,21.323632916666664,33.7715625,66.4753125,0.3293715833333333,34.2,5,1
2025-02-16,21.8,London Marylebone Road,London,Westminster,Greater London,Greater London Urban Area,Urban Traffic,51.52253,-0.154611,England,London Central,0,2,1,1,2025,2,16,6,47,7,1,1,0,8,18,Winter,0,0.8660254037844386,0.5000000000000001,0.7236440382959124,0.6901733882429719,-0.7818314824680299,0.6234898018587334,0.7485107481711011,0.6631226582407953,25.9,20.0,23.500000000000004,2.137755832643254,31.989407916666664,16.57349875,30.40875,55.8609375,0.2245935833333333,30.7,6,1
2025-02-17,20.5,London Marylebone Road,London,Westminster,Greater London,Greater London Urban Area,Urban Traffic,51.52253,-0.154611,England,London Central,0,2,1,1,2025,2,17,0,48,8,1,0,1,8,18,Winter,0,0.8660254037844386,0.5000000000000001,0.7354170229639855,0.6776147890466889,0.0,1.0,0.8229838658936564,0.5680647467311559,21.8,33.9,22.733333333333334,2.818391976523776,24.307626000000003,34.867232083333334,44.23453125,97.72078125,0.2638853333333333,34.3,0,1
2025-02-18,30.9,London Marylebone Road,London,Westminster,Greater London,Greater London Urban Area,Urban Traffic,51.52253,-0.154611,England,London Central,0,2,1,1,2025,2,18,1,49,8,1,0,1,8,18,Winter,0,0.8660254037844386,0.5000000000000001,0.7469720876965552,0.6648553979642865,0.7818314824680298,0.6234898018587336,0.8229838658936564,0.5680647467311559,20.5,26.6,24.40000000000001,5.666568626602897,15.21166888888889,22.770154444444447,40.375,75.31,0.2716466666666666,49.1,1,1
2025-02-19,32.0,London Marylebone Road,London,Westminster,Greater London,Greater London Urban Area,Urban Traffic,51.52253,-0.154611,England,London Central,0,2,1,1,2025,2,19,2,50,8,1,0,1,8,18,Winter,0,0.8660254037844386,0.5000000000000001,0.7583058084785624,0.6518989958787126,0.9749279121818236,-0.2225209339563143,0.8229838658936564,0.5680647467311559,30.9,21.0,27.800000000000008,6.34586479528206,9.90592909090909,35.29859,39.3975,93.55602272727272,0.4064116363636363,45.8,2,1
2025-02-20,6.7,London Marylebone Road,London,Westminster,Greater London,Greater London Urban Area,Urban Traffic,51.52253,-0.154611,England,London Central,0,2,1,1,2025,2,20,3,51,8,1,0,1,8,18,Winter,0,0.8660254037844386,0.5000000000000001,0.7694148268839378,0.6387494220515272,0.4338837391175582,-0.900968867902419,0.8229838658936564,0.5680647467311559,32.0,21.2,23.200000000000006,14.30000000000001,32.629695,22.321472916666664,29.81109375,64.02890625,0.2134366666666667,12.2,3,1
2025-02-21,8.7,London Marylebone Road,London,Westminster,Greater London,Greater London Urban Area,Urban Traffic,51.52253,-0.154611,England,London Central,0,2,1,1,2025,2,21,4,52,8,1,0,1,8,18,Winter,0,0.8660254037844386,0.5000000000000001,0.7802958510707755,0.6254105729852463,-0.433883739117558,-0.9009688679024191,0.8229838658936564,0.5680647467311559,6.7,22.8,15.800000000000002,14.065205295337869,31.95614625,19.187631666666665,26.48015625,55.91671875,0.203735,15.4,4,1
2025-02-22,7.4,London Marylebone Road,London,Westminster,Greater London,Greater London Urban Area,Urban Traffic,51.52253,-0.154611,England,London Central,0,2,1,1,2025,2,22,5,53,8,1,1,0,8,18,Winter,0,0.8660254037844386,0.5000000000000001,0.7909456567567772,0.6118864012687243,-0.9749279121818236,-0.2225209339563146,0.8229838658936564,0.5680647467311559,8.7,25.9,7.600000000000004,1.0148891565094464,27.85664583333333,22.62810083333333,37.1821875,71.9259375,0.2527284166666667,19.2,5,1
2025-02-23,4.8,London Marylebone Road,London,Westminster,Greater London,Greater London Urban Area,Urban Traffic,51.52253,-0.154611,England,London Central,0,2,1,1,2025,2,23,6,54,8,1,1,0,8,18,Winter,0,0.8660254037844386,0.5000000000000001,0.8013610881746766,0.5981809144059164,-0.7818314824680299,0.6234898018587334,0.8229838658936564,0.5680647467311559,7.4,21.8,6.966666666666671,1.9857828011476468,48.72002625,9.988794166666668,19.65890625,34.95890625,0.1561968333333333,14.9,6,1
2025-02-24,4.7,London Marylebone Road,London,Westminster,Greater London,Greater London Urban Area,Urban Traffic,51.52253,-0.154611,England,London Central,0,2,1,1,2025,2,24,0,55,9,1,0,1,8,18,Winter,0,0.8660254037844386,0.5000000000000001,0.811539059007361,0.5842981736283684,0.0,1.0,0.8854560256532099,0.4647231720437686,4.8,20.5,5.633333333333337,1.5307950004274928,42.73292625,24.706934166666667,35.88328125,73.76671875000001,0.2129515833333333,14.9,0,1
2025-02-25,6.0,London Marylebone Road,London,Westminster,Greater London,Greater London Urban Area,Urban Traffic,51.52253,-0.154611,England,London Central,0,2,1,1,2025,2,25,1,56,9,1,0,1,8,18,Winter,0,0.8660254037844386,0.5000000000000001,0.8214765533024142,0.5702422926917871,0.7818314824680298,0.6234898018587336,0.8854560256532099,0.4647231720437686,4.7,30.9,5.166666666666671,0.7234178138073539,36.4714175,18.673120416666663,37.9790625,66.586875,0.215377,19.4,1,1
2025-02-26,5.9,London Marylebone Road,London,Westminster,Greater London,Greater London Urban Area,Urban Traffic,51.52253,-0.154611,England,London Central,0,2,1,1,2025,2,26,2,57,9,1,0,1,8,18,Winter,0,0.8660254037844386,0.5000000000000001,0.8311706263658079,0.5560174366570446,0.9749279121818236,-0.2225209339563143,0.8854560256532099,0.4647231720437686,6.0,32.0,5.5333333333333385,0.7234178138073515,25.65776043478261,33.18902608695652,46.29913043478261,97.19657608695653,0.313321652173913,20.6,2,1
2025-02-27,5.2,London Marylebone Road,London,Westminster,Greater London,Greater London Urban Area,Urban Traffic,51.52253,-0.154611,England,London Central,0,2,1,1,2025,2,27,3,58,9,1,0,1,8,18,Winter,0,0.8660254037844386,0.5000000000000001,0.8406184056344782,0.5416278206559814,0.4338837391175582,-0.900968867902419,0.8854560256532099,0.4647231720437686,5.9,6.7,5.7000000000000055,0.4358898943546097,40.71228,10.747568333333334,25.786875,42.29015625,0.2032499166666666,12.9,3,1
2025-02-28,11.5,London Marylebone Road,London,Westminster,Greater London,Greater London Urban Area,Urban Traffic,51.52253,-0.154611,England,London Central,0,2,1,1,2025,2,28,4,59,9,1,0,1,8,18,Winter,0,0.8660254037844386,0.5000000000000001,0.8498170915275278,0.5270777086423722,-0.433883739117558,-0.9009688679024191,0.8854560256532099,0.4647231720437686,5.2,8.7,7.533333333333338,3.45301800362144,24.54711,22.035633333333333,43.89984375,77.6475,0.30123675,25.9,4,1
2025-03-01,11.0,London Marylebone Road,London,Westminster,Greater London,Greater London Urban Area,Urban Traffic,51.52253,-0.154611,England,London Central,0,2,1,1,2025,3,1,5,60,9,1,1,0,8,18,Spring,1,1.0,6.123233995736766e-17,0.8587639582758029,0.5123714121284237,-0.9749279121818236,-0.2225209339563146,0.8854560256532099,0.4647231720437686,11.5,7.4,9.23333333333334,3.501904243884145,33.03715041666667,11.527130833333333,41.405625,59.09625,0.2614599166666667,21.3,5,1
2025-03-02,21.0,London Marylebone Road,London,Westminster,Greater London,Greater London Urban Area,Urban Traffic,51.52253,-0.154611,England,London Central,0,2,1,1,2025,3,2,6,61,9,1,1,0,8,18,Spring,1,1.0,6.123233995736766e-17,0.8674563547295968,0.4975132889071806,-0.7818314824680299,0.6234898018587334,0.8854560256532099,0.4647231720437686,11.0,4.8,14.500000000000004,5.634713834792359,21.062950416666663,29.27517041666667,52.66546875,97.52953125,0.4297838333333333,35.3,6,1
2025-03-03,26.5,London Marylebone Road,London,Westminster,Greater London,Greater London Urban Area,Urban Traffic,51.52253,-0.154611,England,London Central,0,2,1,1,2025,3,3,0,62,10,1,0,1,8,18,Spring,1,1.0,6.123233995736766e-17,0.8758917051442429,0.4825077417612184,0.0,1.0,0.9350162426854148,0.3546048870425355,21.0,4.7,19.500000000000004,7.858116822750879,16.356424583333332,47.449370833333326,59.70984375,132.46453125,0.4870236666666667,49.0,0,1
2025-03-04,27.8,London Marylebone Road,London,Westminster,Greater London,Greater London Urban Area,Urban Traffic,51.52253,-0.154611,England,London Central,0,2,1,1,2025,3,4,1,63,10,1,0,1,8,18,Spring,1,1.0,6.123233995736766e-17,0.8840675099433636,0.4673592171580022,0.7818314824680298,0.6234898018587336,0.9350162426854148,0.3546048870425355,26.5,6.0,25.100000000000005,3.609709129556051,16.36474,52.1059575,62.88140625,142.79203125,0.4942999166666666,53.9,1,1
2025-03-05,39.9,London Marylebone Road,London,Westminster,Greater London,Greater London Urban Area,Urban Traffic,51.52253,-0.154611,England,London Central,0,2,1,1,2025,3,5,2,64,10,1,0,1,8,18,Spring,1,1.0,6.123233995736766e-17,0.8919813464595485,0.4520722039323043,0.9749279121818236,-0.2225209339563143,0.9350162426854148,0.3546048870425355,27.8,5.9,31.40000000000001,7.389857914736942,21.520298333333333,38.54157,59.128125,118.25625,0.45549325,67.5,2,1
2025-03-06,23.6,London Marylebone Road,London,Westminster,Greater London,Greater London Urban Area,Urban Traffic,51.52253,-0.154611,England,London Central,0,2,1,1,2025,3,6,3,65,10,1,0,1,8,18,Spring,1,1.0,6.123233995736766e-17,0.8996308696522433,0.436651231956064,0.4338837391175582,-0.900968867902419,0.9350162426854148,0.3546048870425355,39.9,5.2,30.433333333333337,8.463056973300697,23.965030833333334,43.06822958333333,62.91328125,128.96625,0.4792623333333333,48.7,3,1
2025-03-07,12.0,London Marylebone Road,London,Westminster,Greater London,Greater London Urban Area,Urban Traffic,51.52253,-0.154611,England,London Central,0,2,1,1,2025,3,7,4,66,10,1,0,1,8,18,Spring,1,1.0,6.123233995736766e-17,0.907013812802636,0.4211008707960896,-0.433883739117558,-0.9009688679024191,0.9350162426854148,0.3546048870425355,23.6,11.5,25.166666666666675,14.015824390071872,33.26166666666666,23.59475833333333,42.4096875,78.60375,0.3497450833333333,32.0,4,1
2025-03-08,21.1,London Marylebone Road,London,Westminster,Greater London,Greater London Urban Area,Urban Traffic,51.52253,-0.154611,England,London Central,0,2,1,1,2025,3,8,5,67,10,1,1,0,8,18,Spring,1,1.0,6.123233995736766e-17,0.9141279881853336,0.4054257283599973,-0.9749279121818236,-0.2225209339563146,0.9350162426854148,0.3546048870425355,12.0,11.0,18.90000000000001,6.104916051838902,32.446755833333334,14.17244625,48.52171875,70.26046875,0.3545959166666666,37.2,5,1
2025-03-09,34.7,London Marylebone Road,London,Westminster,Greater London,Greater London Urban Area,Urban Traffic,51.52253,-0.154611,England,London Central,0,2,1,1,2025,3,9,6,68,10,1,1,0,8,18,Spring,1,1.0,6.123233995736766e-17,0.9209712877166346,0.3896304495307879,-0.7818314824680299,0.6234898018587334,0.9350162426854148,0.3546048870425355,21.1,21.0,22.600000000000005,11.424097338520898,40.030415833333336,11.371218333333331,46.52953125,63.9571875,0.3977683333333333,49.8,6,1
2025-03-10,59.8,London Marylebone Road,London,Westminster,Greater London,Greater London Urban Area,Urban Traffic,51.52253,-0.154611,England,London Central,0,2,1,1,2025,3,10,0,69,11,1,0,1,8,18,Spring,1,1.0,6.123233995736766e-17,0.9275416835791966,0.373719714790469,0.0,1.0,0.970941817426052,0.239315664287558,34.7,26.5,38.53333333333334,19.63271079941161,42.84102666666666,7.036850833333333,27.707343750000003,38.505,0.35653625,74.9,0,1
2025-03-11,7.7,London Marylebone Road,London,Westminster,Greater London,Greater London Urban Area,Urban Traffic,51.52253,-0.154611,England,London Central,0,2,1,1,2025,3,11,1,70,11,1,0,1,8,18,Spring,1,1.0,6.123233995736766e-17,0.9338372288229252,0.3576982388331254,0.7818314824680298,0.6234898018587336,0.970941817426052,0.239315664287558,59.8,27.8,34.06666666666667,26.05577351247384,64.95171958333333,4.822893333333334,16.670625,24.10546875,0.2231383333333333,18.7,1,1
2025-03-12,6.2,London Marylebone Road,London,Westminster,Greater London,Greater London Urban Area,Urban Traffic,51.52253,-0.154611,England,London Central,0,2,1,1,2025,3,12,2,71,11,1,0,1,8,18,Spring,1,1.0,6.123233995736766e-17,0.9398560579418954,0.3415707691678556,0.9749279121818236,-0.2225209339563143,0.970941817426052,0.239315664287558,7.7,39.9,24.566666666666663,30.52217772920755,40.93679625,10.97624,26.891413043478263,43.75467391304348,0.2551116521739131,15.0,2,1
2025-03-13,5.3,London Marylebone Road,London,Westminster,Greater London,Greater London Urban Area,Urban Traffic,51.52253,-0.154611,England,London Central,0,2,1,1,2025,3,13,3,72,11,1,0,1,8,18,Spring,1,1.0,6.123233995736766e-17,0.9455963874271426,0.3253420847119801,0.4338837391175582,-0.900968867902419,0.970941817426052,0.239315664287558,6.2,23.6,6.400000000000005,1.212435565298166,49.96733875,8.440063333333333,22.27265625,35.221875000000004,0.2473925,10.2,3,1
2025-03-14,7.9,London Marylebone Road,London,Westminster,Greater London,Greater London Urban Area,Urban Traffic,51.52253,-0.154611,England,London Central,0,2,1,1,2025,3,14,4,73,11,1,0,1,8,18,Spring,1,1.0,6.123233995736766e-17,0.9510565162951536,0.3090169943749474,-0.433883739117558,-0.9009688679024191,0.970941817426052,0.239315664287558,5.3,12.0,6.466666666666672,1.3203534880225134,44.47916375,9.4482975,28.591875,43.0790625,0.26631075,16.0,4,1
2025-03-15,6.0,London Marylebone Road,London,Westminster,Greater London,Greater London Urban Area,Urban Traffic,51.52253,-0.154611,England,London Central,0,2,1,1,2025,3,15,5,74,11,1,1,0,8,18,Spring,1,1.0,6.123233995736766e-17,0.9562348265919056,0.2926003356333483,-0.9749279121818236,-0.2225209339563146,0.970941817426052,0.239315664287558,7.9,21.1,6.400000000000005,1.3453624047073278,63.89710782608695,2.9675345833333338,12.55078125,17.053124999999998,0.2323549166666666,11.4,5,1
2025-03-16,4.6,London Marylebone Road,London,Westminster,Greater London,Greater London Urban Area,Urban Traffic,51.52253,-0.154611,England,London Central,0,2,1,1,2025,3,16,6,75,11,1,1,0,8,18,Spring,1,1.0,6.123233995736766e-17,0.9611297838723007,0.2760969730974688,-0.7818314824680299,0.6234898018587334,0.970941817426052,0.239315664287558,6.0,34.7,6.166666666666671,1.6563010998406105,63.687776250000006,2.125607083333333,11.02078125,14.28796875,0.25466875,8.0,6,1
2025-03-17,8.5,London Marylebone Road,London,Westminster,Greater London,Greater London Urban Area,Urban Traffic,51.52253,-0.154611,England,London Central,0,2,1,1,2025,3,17,0,76,12,1,0,1,8,18,Spring,1,1.0,6.123233995736766e-17,0.9657399376548548,0.2595117970697999,0.0,1.0,0.992708874098054,0.120536680255323,4.6,59.8,6.366666666666672,1.9756855350316296,55.85465375,9.848472916666667,24.1453125,39.2540625,0.27795275,23.6,0,1
2025-03-18,15.1,London Marylebone Road,London,Westminster,Greater London,Greater London Urban Area,Urban Traffic,51.52253,-0.154611,England,London Central,0,2,1,1,2025,3,18,1,77,12,1,0,1,8,18,Spring,1,1.0,6.123233995736766e-17,0.9700639218515072,0.2428497220959356,0.7818314824680298,0.6234898018587336,0.992708874098054,0.120536680255323,8.5,7.7,9.400000000000006,5.30754180388623,33.99342333333333,21.44316583333333,43.62890625,76.53984375,0.36817825,38.2,1,1
2025-03-19,22.9,London Marylebone Road,London,Westminster,Greater London,Greater London Urban Area,Urban Traffic,51.52253,-0.154611,England,London Central,0,2,1,1,2025,3,19,2,78,12,1,0,1,8,18,Spring,1,1.0,6.123233995736766e-17,0.9741004551724204,0.2261156855082882,0.9749279121818236,-0.2225209339563143,0.992708874098054,0.120536680255323,15.1,6.2,15.500000000000004,7.208328516376033,17.969615416666667,32.78320166666666,58.9209375,109.14796875,0.4375451666666667,48.3,2,1
2025-03-20,18.5,London Marylebone Road,London,Westminster,Greater London,Greater London Urban Area,Urban Traffic,51.52253,-0.154611,England,London Central,0,2,1,1,2025,3,20,3,79,12,1,0,1,8,18,Spring,1,1.0,6.123233995736766e-17,0.9778483415056568,0.2093146459630484,0.4338837391175582,-0.900968867902419,0.992708874098054,0.120536680255323,22.9,5.3,18.83333333333334,3.910669166949981,18.97578083333333,34.363115,68.499375,121.1728125,0.4506424166666666,42.1,3,1
2025-03-21,25.1,London Marylebone Road,London,Westminster,Greater London,Greater London Urban Area,Urban Traffic,51.52253,-0.154611,England,London Central,0,2,1,1,2025,3,21,4,80,12,1,0,1,8,18,Spring,1,1.0,6.123233995736766e-17,0.9813064702716092,0.1924515819708299,-0.433883739117558,-0.9009688679024191,0.992708874098054,0.120536680255323,18.5,7.9,22.16666666666667,3.360555509634273,19.025673333333334,36.97205083333333,57.39890625,114.0965625,0.4079550833333333,59.2,4,1
2025-03-22,10.9,London Marylebone Road,London,Westminster,Greater London,Greater London Urban Area,Urban Traffic,51.52253,-0.154611,England,London Central,0,2,1,1,2025,3,22,5,81,12,1,1,0,8,18,Spring,1,1.0,6.123233995736766e-17,0.9844738167520922,0.1755314904214282,-0.9749279121818236,-0.2225209339563146,0.992708874098054,0.120536680255323,25.1,6.0,18.16666666666667,7.10586612126441,33.29492833333333,16.51633083333333,36.28171875,61.60640625,0.3579915,27.9,5,1
2025-03-23,29.2,London Marylebone Road,London,Westminster,Greater London,Greater London Urban Area,Urban Traffic,51.52253,-0.154611,England,London Central,0,2,1,1,2025,3,23,6,82,12,1,1,0,8,18,Spring,1,1.0,6.123233995736766e-17,0.9873494423939864,0.1585593851031347,-0.7818314824680299,0.6234898018587334,0.992708874098054,0.120536680255323,10.9,4.6,21.733333333333334,9.603298044595578,30.65568739130435,5.97144875,22.5675,31.73953125,0.3381030833333333,45.7,6,1
2025-03-24,32.8,London Marylebone Road,London,Westminster,Greater London,Greater London Urban Area,Urban Traffic,51.52253,-0.154611,England,London Central,0,2,1,1,2025,3,24,0,83,13,1,0,1,8,18,Spring,1,1.0,6.123233995736766e-17,0.989932495087353,0.141540295217043,0.0,1.0,1.0,-1.6081226496766364e-16,29.2,8.5,24.3,11.74350884531535,49.600820769230765,12.467802916666669,29.675625,48.76875,0.3516854166666667,55.3,0,1
2025-03-25,25.3,London Marylebone Road,London,Westminster,Greater London,Greater London Urban Area,Urban Traffic,51.52253,-0.154611,England,London Central,0,2,1,1,2025,3,25,1,84,13,1,0,1,8,18,Spring,1,1.0,6.123233995736766e-17,0.9922222094179324,0.1244792638867891,0.7818314824680298,0.6234898018587336,1.0,-1.6081226496766364e-16,32.8,15.1,29.100000000000005,3.750999866702193,23.77377625,24.956394166666666,36.52875,74.810625,0.3861263333333333,41.6,1,1
2025-03-26,14.2,London Marylebone Road,London,Westminster,Greater London,Greater London Urban Area,Urban Traffic,51.52253,-0.154611,England,London Central,0,2,1,1,2025,3,26,2,85,13,1,0,1,8,18,Spring,1,1.0,6.123233995736766e-17,0.994217906893952,0.107381346664163,0.9749279121818236,-0.2225209339563143,1.0,-1.6081226496766364e-16,25.3,22.9,24.100000000000005,9.357884376289327,23.93176916666667,27.638089166666663,43.21453125,85.60031249999999,0.372544,27.4,2,1
2025-03-27,13.6,London Marylebone Road,London,Westminster,Greater London,Greater London Urban Area,Urban Traffic,51.52253,-0.154611,England,London Central,0,2,1,1,2025,3,27,3,86,13,1,0,1,8,18,Spring,1,1.0,6.123233995736766e-17,0.995918996147179,0.0902516100310411,0.4338837391175582,-0.900968867902419,1.0,-1.6081226496766364e-16,14.2,18.5,17.700000000000006,6.588626564011651,23.47116739130435,36.39946782608696,44.785760869565216,100.57255434782608,0.3355933043478261,25.3,3,1
2025-03-28,4.6,London Marylebone Road,London,Westminster,Greater London,Greater London Urban Area,Urban Traffic,51.52253,-0.154611,England,London Central,0,2,1,1,2025,3,28,4,87,13,1,0,1,8,18,Spring,1,1.0,6.123233995736766e-17,0.9973249731081556,0.0730951298980777,-0.433883739117558,-0.9009688679024191,1.0,-1.6081226496766364e-16,13.6,25.1,10.800000000000004,5.377731863899504,53.02741208333333,12.343072916666666,23.90625,42.808125,0.1678388333333333,12.8,4,1
2025-03-29,5.4,London Marylebone Road,London,Westminster,Greater London,Greater London Urban Area,Urban Traffic,51.52253,-0.154611,England,London Central,0,2,1,1,2025,3,29,5,88,13,1,1,0,8,18,Spring,1,1.0,6.123233995736766e-17,0.9984354211555644,0.0559169901006034,-0.9749279121818236,-0.2225209339563146,1.0,-1.6081226496766364e-16,4.6,10.9,7.866666666666672,4.981298358192711,47.2481975,13.746285416666666,29.38875,50.45015625,0.2085858333333333,18.8,5,1
2025-03-30,6.0,London Marylebone Road,London,Westminster,Greater London,Greater London Urban Area,Urban Traffic,51.52253,-0.154611,England,London Central,0,2,1,1,2025,3,30,6,89,13,1,1,0,8,18,Spring,1,1.0,6.123233995736766e-17,0.9992500112396836,0.0387222808921744,-0.7818314824680299,0.6234898018587334,1.0,-1.6081226496766364e-16,5.4,29.2,5.333333333333338,0.7023769168569127,60.62770291666666,4.47468875,13.674375,20.5434375,0.1625029166666666,16.9,6,1
2025-03-31,6.3,London Marylebone Road,London,Westminster,Greater London,Greater London Urban Area,Urban Traffic,51.52253,-0.154611,England,London Central,0,2,1,1,2025,3,31,0,90,14,1,0,1,8,18,Spring,1,1.0,6.123233995736766e-17,0.9997685019798908,0.0215160974362222,0.0,1.0,0.992708874098054,-0.1205366802553228,6.0,32.8,5.900000000000005,0.458257569495675,42.317155416666665,15.970637083333337,36.39328125,60.849375,0.2367206666666666,20.5,0,1
2025-04-01,9.7,London Marylebone Road,London,Westminster,Greater London,Greater London Urban Area,Urban Traffic,51.52253,-0.154611,England,London Central,0,2,1,1,2025,4,1,1,91,14,2,0,1,8,18,Spring,1,0.8660254037844387,-0.4999999999999998,0.99999073973619,0.0043035382962442,0.7818314824680298,0.6234898018587336,0.992708874098054,-0.1205366802553228,6.3,25.3,7.333333333333338,2.055075018906464,43.955292500000006,17.628506666666667,32.45671875,59.50265625,0.2522433333333333,29.8,1,2
2025-04-02,11.0,London Marylebone Road,London,Westminster,Greater London,Greater London Urban Area,Urban Traffic,51.52253,-0.154611,England,London Central,0,2,1,1,2025,4,2,2,92,14,2,0,1,8,18,Spring,1,0.8660254037844387,-0.4999999999999998,0.999916658654738,-0.0129102960750088,0.9749279121818236,-0.2225209339563143,0.992708874098054,-0.1205366802553228,9.7,14.2,9.000000000000005,2.426932219902332,48.40404041666667,9.827684583333332,26.07375,41.150625,0.2362355833333333,26.9,2,2
2025-04-03,20.7,London Marylebone Road,London,Westminster,Greater London,Greater London Urban Area,Urban Traffic,51.52253,-0.154611,England,London Central,0,2,1,1,2025,4,3,3,93,14,2,0,1,8,18,Spring,1,0.8660254037844387,-0.4999999999999998,0.9995462806873572,-0.0301203048469081,0.4338837391175582,-0.900968867902419,0.992708874098054,-0.1205366802553228,11.0,13.6,13.800000000000002,6.010823570859489,37.95987708333333,17.815601666666666,43.38984375,70.69078125,0.3133638333333333,42.4,3,2
2025-04-04,21.8,London Marylebone Road,London,Westminster,Greater London,Greater London Urban Area,Urban Traffic,51.52253,-0.154611,England,London Central,0,2,1,1,2025,4,4,4,94,14,2,0,1,8,18,Spring,1,0.8660254037844387,-0.4999999999999998,0.9988797155850336,-0.0473213883224318,-0.433883739117558,-0.9009688679024191,0.992708874098054,-0.1205366802553228,20.7,4.6,17.83333333333334,5.943343615620193,51.01508125,10.950254583333331,37.87546875,54.6496875,0.2886245833333333,39.0,4,2
2025-04-05,5.4,London Marylebone Road,London,Westminster,Greater London,Greater London Urban Area,Urban Traffic,51.52253,-0.154611,England,London Central,0,2,1,1,2025,4,5,5,95,14,2,1,0,8,18,Spring,1,0.8660254037844387,-0.4999999999999998,0.9979171608653922,-0.0645084494493162,-0.9749279121818236,-0.2225209339563146,0.992708874098054,-0.1205366802553228,21.8,5.4,15.96666666666667,9.167515112250063,68.65208,2.780439583333333,11.475,15.746249999999998,0.2134366666666667,15.1,5,2
2025-04-06,4.9,London Marylebone Road,London,Westminster,Greater London,Greater London Urban Area,Urban Traffic,51.52253,-0.154611,England,London Central,0,2,1,1,2025,4,6,6,96,14,2,1,0,8,18,Spring,1,0.8660254037844387,-0.4999999999999998,0.9966589017541702,-0.0816763953304224,-0.7818314824680299,0.6234898018587334,0.992708874098054,-0.1205366802553228,5.4,6.0,10.700000000000005,9.616132278624292,59.513437083333336,5.36339,16.32,24.56765625,0.227019,16.2,6,2
2025-04-07,9.3,London Marylebone Road,London,Westminster,Greater London,Greater London Urban Area,Urban Traffic,51.52253,-0.154611,England,London Central,0,2,1,1,2025,4,7,0,97,15,2,0,1,8,18,Spring,1,0.8660254037844387,-0.4999999999999998,0.9951053111006976,-0.0988201387328714,0.0,1.0,0.970941817426052,-0.2393156642875575,4.9,6.3,6.533333333333338,2.409010862020628,46.10898541666666,14.60900125,33.564375,55.96453125,0.2768771304347826,25.7,0,2
2025-04-08,14.9,London Marylebone Road,London,Westminster,Greater London,Greater London Urban Area,Urban Traffic,51.52253,-0.154611,England,London Central,0,2,1,1,2025,4,8,1,98,15,2,0,1,8,18,Spring,1,0.8660254037844387,-0.4999999999999998,0.9932568492674144,-0.1159345995955004,0.7818314824680298,0.6234898018587336,0.970941817426052,-0.2393156642875575,9.3,9.7,9.700000000000005,5.011985634456669,43.98855416666667,15.41974625,38.60859375,62.2678125,0.3225804166666666,32.9,1,2
2025-04-09,8.7,London Marylebone Road,London,Westminster,Greater London,Greater London Urban Area,Urban Traffic,51.52253,-0.154611,England,London Central,0,2,1,1,2025,4,9,2,99,15,2,0,1,8,18,Spring,1,0.8660254037844387,-0.4999999999999998,0.9911140639934548,-0.1330147065341959,0.9749279121818236,-0.2225209339563143,0.970941817426052,-0.2393156642875575,14.9,11.0,10.966666666666669,3.4195516275285778,50.3415325,5.093141666666667,19.9059375,27.699375,0.2572327619047619,16.9,2,2
2025-04-10,9.2,London Marylebone Road,London,Westminster,Greater London,Greater London Urban Area,Urban Traffic,51.52253,-0.154611,England,London Central,0,2,1,1,2025,4,10,3,100,15,2,0,1,8,18,Spring,1,0.8660254037844387,-0.4999999999999998,0.9886775902323404,-0.1500553983446526,0.4338837391175582,-0.900968867902419,0.970941817426052,-0.2393156642875575,8.7,20.7,10.933333333333335,3.4443189941312555,51.9380925,12.8160075,32.85515625,52.4821875,0.3308268333333333,,3,2
2025-04-11,15.2,London Marylebone Road,London,Westminster,Greater London,Greater London Urban Area,Urban Traffic,51.52253,-0.154611,England,London Central,0,2,1,1,2025,4,11,4,101,15,2,0,1,8,18,Spring,1,0.8660254037844387,-0.4999999999999998,0.9859481499638304,-0.1670516255021192,-0.433883739117558,-0.9009688679024191,0.970941817426052,-0.2393156642875575,9.2,21.8,11.033333333333337,3.6170890690351194,30.85019583333333,33.0222675,55.7175,106.37484375,0.4200821666666667,34.4,4,2
2025-04-12,23.6,London Marylebone Road,London,Westminster,Greater London,Greater London Urban Area,Urban Traffic,51.52253,-0.154611,England,London Central,0,2,1,1,2025,4,12,5,102,15,2,1,0,8,18,Spring,1,0.8660254037844387,-0.4999999999999998,0.9829265519799822,-0.18399835165768,-0.9749279121818236,-0.2225209339563146,0.970941817426052,-0.2393156642875575,15.2,5.4,16.000000000000004,7.233256528010048,37.18654333333333,16.09017,51.51,76.213125,0.3817605833333333,46.2,5,2
2025-04-13,10.6,London Marylebone Road,London,Westminster,Greater London,Greater London Urban Area,Urban Traffic,51.52253,-0.154611,England,London Central,0,2,1,1,2025,4,13,6,103,15,2,1,0,8,18,Spring,1,0.8660254037844387,-0.4999999999999998,0.97961369164549,-0.200890555130635,-0.7818314824680299,0.6234898018587334,0.970941817426052,-0.2393156642875575,23.6,4.9,16.46666666666667,6.591914238924328,45.019665833333335,14.629789583333332,33.87515625,56.275312500000005,0.33907325,23.5,6,2
2025-04-14,6.2,London Marylebone Road,London,Westminster,Greater London,Greater London Urban Area,Urban Traffic,51.52253,-0.154611,England,London Central,0,2,1,1,2025,4,14,0,104,16,2,0,1,8,18,Spring,1,0.8660254037844387,-0.4999999999999998,0.9760105506323684,-0.2177232303965317,0.0,1.0,0.9350162426854148,-0.3546048870425354,10.6,9.3,13.46666666666667,9.047283201786785,38.0480205,24.25478791666667,39.7003125,76.89046875,0.3308268333333333,19.8,0,2
2025-04-15,10.4,London Marylebone Road,London,Westminster,Greater London,Greater London Urban Area,Urban Traffic,51.52253,-0.154611,England,London Central,0,2,1,1,2025,4,15,1,105,16,2,0,1,8,18,Spring,1,0.8660254037844387,-0.4999999999999998,0.9721181966290612,-0.2344913895704098,0.7818314824680298,0.6234898018587336,0.9350162426854148,-0.3546048870425354,6.2,14.9,9.06666666666667,2.4846193538112167,32.50496375,17.784419166666666,33.7875,61.04859375,0.35944675,20.6,1,2
2025-04-16,4.4,London Marylebone Road,London,Westminster,Greater London,Greater London Urban Area,Urban Traffic,51.52253,-0.154611,England,London Central,0,2,1,1,2025,4,16,2,106,16,2,0,1,8,18,Spring,1,0.8660254037844387,-0.4999999999999998,0.9679377830240642,-0.2511900638848193,0.9749279121818236,-0.2225209339563143,0.9350162426854148,-0.3546048870425354,10.4,8.7,7.000000000000003,3.07896086366812,52.11928105263158,22.36304958333333,33.0225,67.288125,0.320155,19.3,2,2
2025-04-17,6.5,London Marylebone Road,London,Westminster,Greater London,Greater London Urban Area,Urban Traffic,51.52253,-0.154611,England,London Central,0,2,1,1,2025,4,17,3,107,16,2,0,1,8,18,Spring,1,0.8660254037844387,-0.4999999999999998,0.9634705485641488,-0.2678143051621742,0.4338837391175582,-0.900968867902419,0.9350162426854148,-0.3546048870425354,4.4,9.2,7.100000000000004,3.0446674695276554,36.18869333333333,23.30891875,44.69671875,80.4365625,0.3773948333333333,21.4,3,2
2025-04-18,8.7,London Marylebone Road,London,Westminster,Greater London,Greater London Urban Area,Urban Traffic,51.52253,-0.154611,England,London Central,0,2,1,1,2025,4,18,4,108,16,2,0,1,8,18,Spring,1,0.8660254037844387,-0.4999999999999998,0.9587178169872964,-0.2843591872810034,-0.433883739117558,-0.9009688679024191,0.9350162426854148,-0.3546048870425354,6.5,15.2,6.533333333333336,2.150193789716003,44.32948625,14.01653375,33.38109375,54.920625,0.3589616666666667,20.8,4,2
2025-04-19,8.1,London Marylebone Road,London,Westminster,Greater London,Greater London Urban Area,Urban Traffic,51.52253,-0.154611,England,London Central,0,2,1,1,2025,4,19,5,109,16,2,1,0,8,18,Spring,1,0.8660254037844387,-0.4999999999999998,0.9536809966304456,-0.3008198076356673,-0.9749279121818236,-0.2225209339563146,0.9350162426854148,-0.3546048870425354,8.7,23.6,7.76666666666667,1.137248140615435,48.91682444444445,10.576064583333332,25.659375,41.89171875,0.2997815,18.0,5,2
2025-04-20,5.6,London Marylebone Road,London,Westminster,Greater London,Greater London Urban Area,Urban Traffic,51.52253,-0.154611,England,London Central,0,2,1,1,2025,4,20,6,110,16,2,1,0,8,18,Spring,1,0.8660254037844387,-0.4999999999999998,0.9483615800121716,-0.3171912885891061,-0.7818314824680299,0.6234898018587334,0.9350162426854148,-0.3546048870425354,8.1,10.6,7.466666666666669,1.6441816606851165,54.02044789473684,7.431829166666667,20.31234375,31.68375,0.3031770833333333,17.7,6,2
2025-04-21,10.8,London Marylebone Road,London,Westminster,Greater London,Greater London Urban Area,Urban Traffic,51.52253,-0.154611,England,London Central,0,2,1,1,2025,4,21,0,111,17,2,0,1,8,18,Spring,1,0.8660254037844387,-0.4999999999999998,0.9427611433904208,-0.3334687789181868,0.0,1.0,0.8854560256532099,-0.4647231720437685,5.6,6.2,8.16666666666667,2.600640946638592,33.07041208333333,12.405437916666664,30.1378125,49.19109375,0.34489425,26.3,0,2
2025-04-22,5.8,London Marylebone Road,London,Westminster,Greater London,Greater London Urban Area,Urban Traffic,51.52253,-0.154611,England,London Central,0,2,1,1,2025,4,22,1,112,17,2,0,1,8,18,Spring,1,0.8660254037844387,-0.4999999999999998,0.9368813462954316,-0.3496474552512284,0.7818314824680298,0.6234898018587336,0.8854560256532099,-0.4647231720437685,10.8,10.4,7.400000000000005,2.946183972531237,31.872992083333333,33.614735,42.94359375,94.48546875,0.3997086666666666,21.1,1,2
2025-04-23,3.9,London Marylebone Road,London,Westminster,Greater London,Greater London Urban Area,Urban Traffic,51.52253,-0.154611,England,London Central,0,2,1,1,2025,4,23,2,113,17,2,0,1,8,18,Spring,1,0.8660254037844387,-0.4999999999999998,0.9307239310379796,-0.3657225234972689,0.9749279121818236,-0.2225209339563143,0.8854560256532099,-0.4647231720437685,5.8,4.4,6.833333333333337,3.5641735835019706,42.7578725,17.07241875,35.99484375,62.18812500000001,0.3458644166666667,12.4,2,2
2025-04-24,8.0,London Marylebone Road,London,Westminster,Greater London,Greater London Urban Area,Urban Traffic,51.52253,-0.154611,England,London Central,0,2,1,1,2025,4,24,3,114,17,2,0,1,8,18,Spring,1,0.8660254037844387,-0.4999999999999998,0.9242907221930934,-0.3816892202666588,0.4338837391175582,-0.900968867902419,0.8854560256532099,-0.4647231720437685,3.9,6.5,5.900000000000003,2.0518284528683077,55.846338333333335,7.270719583333334,19.11703125,30.28125,0.302692,16.7,3,2
2025-04-25,9.6,London Marylebone Road,London,Westminster,Greater London,Greater London Urban Area,Urban Traffic,51.52253,-0.154611,England,London Central,0,2,1,1,2025,4,25,4,115,17,2,0,1,8,18,Spring,1,0.8660254037844387,-0.4999999999999998,0.9175836260593936,-0.3975428142825559,-0.433883739117558,-0.9009688679024191,0.8854560256532099,-0.4647231720437685,8.0,8.7,7.166666666666669,2.939954648176273,38.28273217391304,19.63141739130435,40.686358695652174,70.77913043478262,0.3497661739130435,21.7,4,2
2025-04-26,16.7,London Marylebone Road,London,Westminster,Greater London,Greater London Urban Area,Urban Traffic,51.52253,-0.154611,England,London Central,0,2,1,1,2025,4,26,5,116,17,2,1,0,8,18,Spring,1,0.8660254037844387,-0.4999999999999998,0.9106046300942164,-0.4132786077829042,-0.9749279121818236,-0.2225209339563146,0.8854560256532099,-0.4647231720437685,9.6,8.1,11.433333333333335,4.630694692304086,39.53980625,13.616358333333332,35.46890625,56.34703124999999,0.3803053333333333,29.1,5,2
2025-04-27,17.1,London Marylebone Road,London,Westminster,Greater London,Greater London Urban Area,Urban Traffic,51.52253,-0.154611,England,London Central,0,2,1,1,2025,4,27,6,117,17,2,1,0,8,18,Spring,1,0.8660254037844387,-0.4999999999999998,0.9033558023246844,-0.4288919379124835,-0.7818314824680299,0.6234898018587334,0.8854560256532099,-0.4647231720437685,16.7,5.6,14.46666666666667,4.219399641339184,41.10310458333333,13.512416666666669,38.72015625,59.45484375,0.4011639166666667,27.8,6,2
2025-04-28,12.2,London Marylebone Road,London,Westminster,Greater London,Greater London Urban Area,Urban Traffic,51.52253,-0.154611,England,London Central,0,2,1,1,2025,4,28,0,118,18,2,0,1,8,18,Spring,1,0.8660254037844387,-0.4999999999999998,0.895839290734909,-0.4443781781046132,0.0,1.0,0.8229838658936565,-0.5680647467311557,17.1,10.8,15.333333333333336,2.7209067116189822,44.36274791666667,31.01099625,51.796875,99.37828125,0.43220925,25.9,0,2
2025-04-29,13.7,London Marylebone Road,London,Westminster,Greater London,Greater London Urban Area,Urban Traffic,51.52253,-0.154611,England,London Central,0,2,1,1,2025,4,29,1,119,18,2,0,1,8,18,Spring,1,0.8660254037844387,-0.4999999999999998,0.8880573226294932,-0.4597327394521039,0.7818314824680298,0.6234898018587336,0.8229838658936565,-0.5680647467311557,12.2,5.8,14.333333333333336,2.5106440076867185,46.68987666666667,20.913063333333334,53.82093750000001,85.87921875,0.390007,30.4,1,2
2025-04-30,15.4,London Marylebone Road,London,Westminster,Greater London,Greater London Urban Area,Urban Traffic,51.52253,-0.154611,England,London Central,0,2,1,1,2025,4,30,2,120,18,2,0,1,8,18,Spring,1,0.8660254037844387,-0.4999999999999998,0.8800122039735357,-0.4749510720670499,0.9749279121818236,-0.2225209339563143,0.8229838658936565,-0.5680647467311557,13.7,3.9,13.766666666666673,1.60104132780301,47.67228375,18.439251666666667,54.78515625,83.0503125,0.3822456666666667,34.3,2,2
2025-05-01,14.5,London Marylebone Road,London,Westminster,Greater London,Greater London Urban Area,Urban Traffic,51.52253,-0.154611,England,London Central,0,2,1,1,2025,5,1,3,121,18,2,0,1,8,18,Spring,1,0.4999999999999999,-0.8660254037844387,0.8717063187093219,-0.4900286664290592,0.4338837391175582,-0.900968867902419,0.8229838658936565,-0.5680647467311557,15.4,8.0,14.53333333333334,0.8504900548114752,46.6494875,21.96807125,61.901250000000005,95.593125,0.4457915833333333,35.2,3,2
2025-05-02,12.3,London Marylebone Road,London,Westminster,Greater London,Greater London Urban Area,Urban Traffic,51.52253,-0.154611,England,London Central,0,2,1,1,2025,5,2,4,122,18,2,0,1,8,18,Spring,1,0.4999999999999999,-0.8660254037844387,0.8631421280499114,-0.5049610547215204,-0.433883739117558,-0.9009688679024191,0.8229838658936565,-0.5680647467311557,14.5,9.6,14.066666666666672,1.5947831618540569,64.59415666666666,10.789145,35.158125,51.733125,0.35362575,24.0,4,2
2025-05-03,7.0,London Marylebone Road,London,Westminster,Greater London,Greater London Urban Area,Urban Traffic,51.52253,-0.154611,England,London Central,0,2,1,1,2025,5,3,5,123,18,2,1,0,8,18,Spring,1,0.4999999999999999,-0.8660254037844387,0.854322169749827,-0.5197438121555155,-0.9749279121818236,-0.2225209339563146,0.8229838658936565,-0.5680647467311557,12.3,16.7,11.266666666666673,3.855299383100256,61.06842,4.1888491666666665,14.25609375,20.655,0.3094831666666667,16.1,5,2
2025-05-04,2.9,London Marylebone Road,London,Westminster,Greater London,Greater London Urban Area,Urban Traffic,51.52253,-0.154611,England,London Central,0,2,1,1,2025,5,4,6,124,18,2,1,0,8,18,Spring,1,0.4999999999999999,-0.8660254037844387,0.8452490573530633,-0.5343725582809786,-0.7818314824680299,0.6234898018587334,0.8229838658936565,-0.5680647467311557,7.0,17.1,7.400000000000006,4.712748667179257,58.67358000000001,2.5621620833333334,6.151875,10.06453125,0.285229,11.9,6,2
2025-05-05,3.0,London Marylebone Road,London,Westminster,Greater London,Greater London Urban Area,Urban Traffic,51.52253,-0.154611,England,London Central,0,2,1,1,2025,5,5,0,125,19,2,0,1,8,18,Spring,1,0.4999999999999999,-0.8660254037844387,0.8359254794186372,-0.548842958284719,0.0,1.0,0.7485107481711013,-0.663122658240795,2.9,12.2,4.300000000000005,2.3388031127052678,50.80719583333333,2.8064250000000004,6.31125,10.62234375,0.2697063333333333,11.3,0,2
2025-05-06,4.0,London Marylebone Road,London,Westminster,Greater London,Greater London Urban Area,Urban Traffic,51.52253,-0.154611,England,London Central,0,2,1,1,2025,5,6,1,126,19,2,0,1,8,18,Spring,1,0.4999999999999999,-0.8660254037844387,0.8263541987239096,-0.5631507242749186,0.7818314824680298,0.6234898018587336,0.7485107481711013,-0.663122658240795,3.0,13.7,3.3000000000000047,0.6082762530296926,56.844188333333335,4.339564583333334,12.23203125,18.89390625,0.27213175,12.4,1,2
2025-05-07,5.0,London Marylebone Road,London,Westminster,Greater London,Greater London Urban Area,Urban Traffic,51.52253,-0.154611,England,London Central,0,2,1,1,2025,5,7,2,127,19,2,0,1,8,18,Spring,1,0.4999999999999999,-0.8660254037844387,0.8165380514459161,-0.5772916165517272,0.9749279121818236,-0.2225209339563143,0.7485107481711013,-0.663122658240795,4.0,15.4,4.000000000000004,0.9999999999999232,50.673426086956525,5.092237826086957,15.100434782608696,22.908423913043475,0.292062347826087,12.6,2,2
2025-05-08,4.4,London Marylebone Road,London,Westminster,Greater London,Greater London Urban Area,Urban Traffic,51.52253,-0.154611,England,London Central,0,2,1,1,2025,5,8,3,128,19,2,0,1,8,18,Spring,1,0.4999999999999999,-0.8660254037844387,0.8064799463209448,-0.5912614448635781,0.4338837391175582,-0.900968867902419,0.7485107481711013,-0.663122658240795,5.0,14.5,4.466666666666671,0.5033222956845664,62.3157325,4.4487033333333335,10.92515625,17.76234375,0.302692,12.9,3,2
2025-05-09,8.3,London Marylebone Road,London,Westminster,Greater London,Greater London Urban Area,Urban Traffic,51.52253,-0.154611,England,London Central,0,2,1,1,2025,5,9,4,129,19,2,0,1,8,18,Spring,1,0.4999999999999999,-0.8660254037844387,0.7961828637826158,-0.6050560696488488,-0.433883739117558,-0.9009688679024191,0.7485107481711013,-0.663122658240795,4.4,12.3,5.900000000000006,2.099999999999966,55.470481500000005,12.790022083333334,28.2571875,47.88421875,0.3754545,25.8,4,2
2025-05-10,8.3,London Marylebone Road,London,Westminster,Greater London,Greater London Urban Area,Urban Traffic,51.52253,-0.154611,England,London Central,0,2,1,1,2025,5,10,5,130,19,2,1,0,8,18,Spring,1,0.4999999999999999,-0.8660254037844387,0.7856498550787147,-0.6186714032625031,-0.9749279121818236,-0.2225209339563146,0.7485107481711013,-0.663122658240795,8.3,7.0,7.000000000000004,2.25166604983951,67.27726444444444,7.504588333333333,26.424375,37.89140625,0.3526555833333333,19.5,5,2
2025-05-11,9.9,London Marylebone Road,London,Westminster,Greater London,Greater London Urban Area,Urban Traffic,51.52253,-0.154611,England,London Central,0,2,1,1,2025,5,11,6,131,19,2,1,0,8,18,Spring,1,0.4999999999999999,-0.8660254037844387,0.7748840413670407,-0.6321034111873487,-0.7818314824680299,0.6234898018587334,0.7485107481711013,-0.663122658240795,8.3,2.9,8.83333333333334,0.92376043070333,73.97394666666666,5.9610545833333335,29.84296875,38.975156250000005,0.3895219166666666,20.5,6,2
2025-05-12,10.1,London Marylebone Road,London,Westminster,Greater London,Greater London Urban Area,Urban Traffic,51.52253,-0.154611,England,London Central,0,2,1,1,2025,5,12,0,132,20,2,0,1,8,18,Spring,1,0.4999999999999999,-0.8660254037844387,0.7638886127905428,-0.6453481132295501,0.0,1.0,0.6631226582407952,-0.7485107481711012,9.9,3.0,9.43333333333334,0.9865765724631844,39.052220454545456,17.574457000000002,42.199312500000005,69.1273125,0.3477414782608695,23.5,0,2
2025-05-13,9.3,London Marylebone Road,London,Westminster,Greater London,Greater London Urban Area,Urban Traffic,51.52253,-0.154611,England,London Central,0,2,1,1,2025,5,13,1,133,20,2,0,1,8,18,Spring,1,0.4999999999999999,-0.8660254037844387,0.7526668275320084,-0.6584015846980488,0.7818314824680298,0.6234898018587336,0.6631226582407952,-0.7485107481711012,10.1,4.0,9.766666666666673,0.4163331998930747,61.06842,11.065332857142858,33.13178571428572,50.09839285714286,0.2306224761904762,21.7,1,2
2025-05-14,7.7,London Marylebone Road,London,Westminster,Greater London,Greater London Urban Area,Urban Traffic,51.52253,-0.154611,England,London Central,0,2,1,1,2025,5,14,2,134,20,2,0,1,8,18,Spring,1,0.4999999999999999,-0.8660254037844387,0.741222010848596,-0.6712599575675313,0.9749279121818236,-0.2225209339563143,0.6631226582407952,-0.7485107481711012,9.3,5.0,9.03333333333334,1.2220201853215034,70.25695541666667,7.421435,18.65484375,30.03421875,0.1610476666666666,18.2,2,2
2025-05-15,5.7,London Marylebone Road,London,Westminster,Greater London,Greater London Urban Area,Urban Traffic,51.52253,-0.154611,England,London Central,0,2,1,1,2025,5,15,3,135,20,2,0,1,8,18,Spring,1,0.4999999999999999,-0.8660254037844387,0.7295575540864875,-0.6839194216246106,0.4338837391175582,-0.900968867902419,0.6631226582407952,-0.7485107481711012,7.7,4.4,7.566666666666671,1.8036999011291184,64.4112175,3.934192083333333,10.59046875,16.614843750000002,0.13824875,23.8,3,2
2025-05-16,7.0,London Marylebone Road,London,Westminster,Greater London,Greater London Urban Area,Urban Traffic,51.52253,-0.154611,England,London Central,0,2,1,1,2025,5,16,4,136,20,2,0,1,8,18,Spring,1,0.4999999999999999,-0.8660254037844387,0.717676913675962,-0.6963762255968722,-0.433883739117558,-0.9009688679024191,0.6631226582407952,-0.7485107481711012,5.7,8.3,6.800000000000004,1.014889156509149,65.05982,4.978805833333333,11.46703125,19.08515625,0.13824875,20.8,4,2
2025-05-17,5.9,London Marylebone Road,London,Westminster,Greater London,Greater London Urban Area,Urban Traffic,51.52253,-0.154611,England,London Central,0,2,1,1,2025,5,17,5,137,20,2,1,0,8,18,Spring,1,0.4999999999999999,-0.8660254037844387,0.705583610107178,-0.7086266782644596,-0.9749279121818236,-0.2225209339563146,0.6631226582407952,-0.7485107481711012,7.0,8.3,6.2000000000000055,0.6999999999998915,71.96993125,1.534179,3.3277499999999995,5.680124999999999,0.1474653333333333,14.1,5,2
2025-05-18,7.1,London Marylebone Road,London,Westminster,Greater London,Greater London Urban Area,Urban Traffic,51.52253,-0.154611,England,London Central,0,2,1,1,2025,5,18,6,138,20,2,1,0,8,18,Spring,1,0.4999999999999999,-0.8660254037844387,0.6932812268869777,-0.7206671495538609,-0.7818314824680299,0.6234898018587334,0.6631226582407952,-0.7485107481711012,5.9,9.9,6.666666666666671,0.6658328118478268,70.09064708333334,,,,0.1508609166666666,19.6,6,2
2025-05-19,7.9,London Marylebone Road,London,Westminster,Greater London,Greater London Urban Area,Urban Traffic,51.52253,-0.154611,England,London Central,0,2,1,1,2025,5,19,0,139,21,2,0,1,8,18,Spring,1,0.4999999999999999,-0.8660254037844387,0.6807734094770161,-0.7324940716135789,0.0,1.0,0.5680647467311558,-0.8229838658936564,7.1,10.1,6.966666666666671,1.0066445913693594,57.10196625,14.240912173913044,26.83320652173913,48.66065217391304,0.2022797499999999,22.0,0,2
2025-05-20,7.4,London Marylebone Road,London,Westminster,Greater London,Greater London Urban Area,Urban Traffic,51.52253,-0.154611,England,London Central,0,2,1,1,2025,5,20,1,140,21,2,0,1,8,18,Spring,1,0.4999999999999999,-0.8660254037844387,0.6680638642135335,-0.7441039398713607,0.7818314824680298,0.6234898018587336,0.5680647467311558,-0.8229838658936564,7.9,9.3,7.466666666666671,0.4041451884325565,55.44719833333334,11.215305833333334,25.245,42.41765625,0.2071305833333333,15.0,1,2
2025-05-21,8.6,London Marylebone Road,London,Westminster,Greater London,Greater London Urban Area,Urban Traffic,51.52253,-0.154611,England,London Central,0,2,1,1,2025,5,21,2,141,21,2,0,1,8,18,Spring,1,0.4999999999999999,-0.8660254037844387,0.6551563572090853,-0.7554933140726803,0.9749279121818236,-0.2225209339563143,0.5680647467311558,-0.8229838658936564,7.4,7.7,7.966666666666671,0.6027713773340497,48.981419565217394,9.495749130434785,27.465163043478263,42.02510869565217,0.2009510434782608,20.4,2,2
2025-05-22,6.7,London Marylebone Road,London,Westminster,Greater London,Greater London Urban Area,Urban Traffic,51.52253,-0.154611,England,London Central,0,2,1,1,2025,5,22,3,142,21,2,0,1,8,18,Spring,1,0.4999999999999999,-0.8660254037844387,0.6420547132365637,-0.766658819300159,0.4338837391175582,-0.900968867902419,0.5680647467311558,-0.8229838658936564,8.6,5.7,7.566666666666673,0.9609023536932282,42.94912708333334,8.907800833333333,20.1928125,33.8353125,0.1896675833333333,23.4,3,2
2025-05-23,8.5,London Marylebone Road,London,Westminster,Greater London,Greater London Urban Area,Urban Traffic,51.52253,-0.154611,England,London Central,0,2,1,1,2025,5,23,4,143,21,2,0,1,8,18,Spring,1,0.4999999999999999,-0.8660254037844387,0.6287628145958344,-0.777597146973627,-0.433883739117558,-0.9009688679024191,0.5680647467311558,-0.8229838658936564,6.7,7.0,7.933333333333338,1.0692676621562942,32.920734583333335,29.9352,44.03739130434783,89.92907608695653,0.2847439166666666,26.6,4,2
2025-05-24,6.7,London Marylebone Road,London,Westminster,Greater London,Greater London Urban Area,Urban Traffic,51.52253,-0.154611,England,London Central,0,2,1,1,2025,5,24,5,144,21,2,1,0,8,18,Spring,1,0.4999999999999999,-0.8660254037844387,0.6152845999633276,-0.7883050558305255,-0.9749279121818236,-0.2225209339563146,0.5680647467311558,-0.8229838658936564,8.5,5.9,7.300000000000005,1.0392304845412557,21.29578208333333,11.86716857142857,18.7425,36.93857142857143,0.285229,16.8,5,2
2025-05-25,5.0,London Marylebone Road,London,Westminster,Greater London,Greater London Urban Area,Urban Traffic,51.52253,-0.154611,England,London Central,0,2,1,1,2025,5,25,6,145,21,2,1,0,8,18,Spring,1,0.4999999999999999,-0.8660254037844387,0.6016240632249226,-0.7987793728863649,-0.7818314824680299,0.6234898018587334,0.5680647467311558,-0.8229838658936564,6.7,7.1,6.733333333333339,1.7502380790433016,38.79973416666667,15.862402173913042,24.85418478260869,49.18451086956522,0.24884775,14.7,6,2
2025-05-26,5.2,London Marylebone Road,London,Westminster,Greater London,Greater London Urban Area,Urban Traffic,51.52253,-0.154611,England,London Central,0,2,1,1,2025,5,26,0,146,22,2,0,1,8,18,Spring,1,0.4999999999999999,-0.8660254037844387,0.5877852522924732,-0.8090169943749473,0.0,1.0,0.464723172043769,-0.8854560256532096,5.0,7.9,5.633333333333339,0.9291573243176776,47.83027666666666,17.60252125,23.6671875,50.67328125,0.2410864166666666,18.8,0,2
2025-05-27,4.7,London Marylebone Road,London,Westminster,Greater London,Greater London Urban Area,Urban Traffic,51.52253,-0.154611,England,London Central,0,2,1,1,2025,5,27,1,147,22,2,0,1,8,18,Spring,1,0.4999999999999999,-0.8660254037844387,0.5737722679043246,-0.8190148866680801,0.7818314824680298,0.6234898018587336,0.464723172043769,-0.8854560256532096,5.2,7.4,4.966666666666672,0.2516611478420633,31.73163,34.61777208333333,29.60390625,82.64390625,0.2667958333333333,15.1,1,2
2025-05-28,5.5,London Marylebone Road,London,Westminster,Greater London,Greater London Urban Area,Urban Traffic,51.52253,-0.154611,England,London Central,0,2,1,1,2025,5,28,2,148,22,2,0,1,8,18,Spring,1,0.4999999999999999,-0.8660254037844387,0.5595892624101765,-0.8287700871745038,0.9749279121818236,-0.2225209339563143,0.464723172043769,-0.8854560256532096,4.7,8.6,5.133333333333339,0.4041451884325541,36.81234958333334,17.425820416666667,28.9425,55.6378125,0.2357505,14.9,2,2
2025-05-29,6.8,London Marylebone Road,London,Westminster,Greater London,Greater London Urban Area,Urban Traffic,51.52253,-0.154611,England,London Central,0,2,1,1,2025,5,29,3,149,22,2,0,1,8,18,Spring,1,0.4999999999999999,-0.8660254037844387,0.545240438540651,-0.8382797052177744,0.4338837391175582,-0.900968867902419,0.464723172043769,-0.8854560256532096,5.5,6.7,5.666666666666671,1.0598742063722393,21.336636086956524,37.11237208333333,27.51609375,84.436875,0.27213175,17.5,3,2
2025-05-30,7.2,London Marylebone Road,London,Westminster,Greater London,Greater London Urban Area,Urban Traffic,51.52253,-0.154611,England,London Central,0,2,1,1,2025,5,30,4,150,22,2,0,1,8,18,Spring,1,0.4999999999999999,-0.8660254037844387,0.5307300481619334,-0.8475409228928311,-0.433883739117558,-0.9009688679024191,0.464723172043769,-0.8854560256532096,6.8,8.5,6.500000000000006,0.8888194417314748,15.533198333333331,38.4480225,28.56,87.52078125000001,0.2735869999999999,15.6,4,2
2025-05-31,6.7,London Marylebone Road,London,Westminster,Greater London,Greater London Urban Area,Urban Traffic,51.52253,-0.154611,England,London Central,0,2,1,1,2025,5,31,5,151,22,2,1,0,8,18,Spring,1,0.4999999999999999,-0.8660254037844387,0.5160623910158528,-0.8565509959010036,-0.9749279121818236,-0.2225209339563146,0.464723172043769,-0.8854560256532096,7.2,6.7,6.900000000000006,0.2645751311061763,24.854780416666667,22.570932916666667,25.6434375,60.26765625,0.2536985833333333,14.5,5,2
2025-06-01,5.6,London Marylebone Road,London,Westminster,Greater London,Greater London Urban Area,Urban Traffic,51.52253,-0.154611,England,London Central,0,2,1,1,2025,6,1,6,152,22,2,1,0,8,18,Summer,2,1.2246467991473532e-16,-1.0,0.5012418134457758,-0.865307254363206,-0.7818314824680299,0.6234898018587334,0.464723172043769,-0.8854560256532096,6.7,5.0,6.500000000000004,0.8185352771871545,45.11945083333333,13.491628333333331,24.31265625,45.03140625,0.2551538333333333,16.6,6,2
2025-06-02,5.6,London Marylebone Road,London,Westminster,Greater London,Greater London Urban Area,Urban Traffic,51.52253,-0.154611,England,London Central,0,2,1,1,2025,6,2,0,153,23,2,0,1,8,18,Summer,2,1.2246467991473532e-16,-1.0,0.48627270710869,-0.8738071036110808,0.0,1.0,0.3546048870425358,-0.9350162426854148,5.6,5.2,5.966666666666672,0.6350852961084728,47.3479825,17.690871666666666,24.56765625,51.70125,0.2439969166666666,15.8,0,2
2025-06-03,5.4,London Marylebone Road,London,Westminster,Greater London,Greater London Urban Area,Urban Traffic,51.52253,-0.154611,England,London Central,0,2,1,1,2025,6,3,1,154,23,2,0,1,8,18,Summer,2,1.2246467991473532e-16,-1.0,0.4711595076738638,-0.8820480249558537,0.7818314824680298,0.6234898018587336,0.3546048870425358,-0.9350162426854148,5.6,4.7,5.5333333333333385,0.1154700538372939,39.52317541666667,27.560132916666664,31.30921875,73.5515625,0.2778894782608695,18.0,1,2
2025-06-04,7.0,London Marylebone Road,London,Westminster,Greater London,Greater London Urban Area,Urban Traffic,51.52253,-0.154611,England,London Central,0,2,1,1,2025,6,4,2,155,23,2,0,1,8,18,Summer,2,1.2246467991473532e-16,-1.0,0.4559066935084588,-0.8900275764346767,0.9749279121818236,-0.2225209339563143,0.3546048870425358,-0.9350162426854148,5.4,5.5,6.000000000000004,0.8717797887080503,25.998528181818184,35.74327956521739,38.29989130434783,93.09717391304348,0.3274945217391304,19.9,2,2
2025-06-05,6.0,London Marylebone Road,London,Westminster,Greater London,Greater London Urban Area,Urban Traffic,51.52253,-0.154611,England,London Central,0,2,1,1,2025,6,5,3,156,23,2,0,1,8,18,Summer,2,1.2246467991473532e-16,-1.0,0.440518784350495,-0.8977433935342337,0.4338837391175582,-0.900968867902419,0.3546048870425358,-0.9350162426854148,7.0,6.8,6.133333333333339,0.8082903768653846,21.9028075,38.15698583333333,38.54484375,97.0115625,0.3366478333333333,15.1,3,2
2025-06-06,5.0,London Marylebone Road,London,Westminster,Greater London,Greater London Urban Area,Urban Traffic,51.52253,-0.154611,England,London Central,0,2,1,1,2025,6,6,4,157,23,2,0,1,8,18,Summer,2,1.2246467991473532e-16,-1.0,0.4250003399695541,-0.9051931898913974,-0.433883739117558,-0.9009688679024191,0.3546048870425358,-0.9350162426854148,6.0,7.2,6.000000000000004,0.9999999999999262,29.636145,30.98501083333333,32.5921875,80.10984375,0.3094831666666667,18.4,4,2
2025-06-07,4.3,London Marylebone Road,London,Westminster,Greater London,Greater London Urban Area,Urban Traffic,51.52253,-0.154611,England,London Central,0,2,1,1,2025,6,7,5,158,23,2,1,0,8,18,Summer,2,1.2246467991473532e-16,-1.0,0.4093559588156213,-0.9123747579707272,-0.9749279121818236,-0.2225209339563146,0.3546048870425358,-0.9350162426854148,5.0,6.7,5.100000000000005,0.8544003745316667,26.75901083333333,22.25391083333333,27.03796875,61.16015625,0.2847439166666666,10.9,5,2
2025-06-08,5.6,London Marylebone Road,London,Westminster,Greater London,Greater London Urban Area,Urban Traffic,51.52253,-0.154611,England,London Central,0,2,1,1,2025,6,8,6,159,23,2,1,0,8,18,Summer,2,1.2246467991473532e-16,-1.0,0.3935902766564667,-0.9192859697186104,-0.7818314824680299,0.6234898018587334,0.3546048870425358,-0.9350162426854148,4.3,5.6,4.966666666666672,0.6506407098646575,37.46095208333333,10.789145,19.2525,35.80359375,0.2425416666666666,13.4,6,2
2025-06-09,17.7,London Marylebone Road,London,Westminster,Greater London,Greater London Urban Area,Urban Traffic,51.52253,-0.154611,England,London Central,0,2,1,1,2025,6,9,0,160,24,2,0,1,8,18,Summer,2,1.2246467991473532e-16,-1.0,0.3777079652039649,-0.9259247771938498,0.0,1.0,0.2393156642875576,-0.970941817426052,5.6,5.6,9.200000000000005,7.389857914736915,39.6645375,31.270850416666665,35.50078125,83.44875,0.39146225,18.3,0,2
2025-06-10,6.2,London Marylebone Road,London,Westminster,Greater London,Greater London Urban Area,Urban Traffic,51.52253,-0.154611,England,London Central,0,2,1,1,2025,6,10,1,161,24,2,0,1,8,18,Summer,2,1.2246467991473532e-16,-1.0,0.3617137307297676,-0.9322892131745132,0.7818314824680298,0.6234898018587336,0.2393156642875576,-0.970941817426052,17.7,5.4,9.833333333333336,6.819335255971302,37.55242166666667,20.008770833333333,23.45203125,54.12375,0.28377375,15.2,1,2
2025-06-11,8.8,London Marylebone Road,London,Westminster,Greater London,Greater London Urban Area,Urban Traffic,51.52253,-0.154611,England,London Central,0,2,1,1,2025,6,11,2,162,24,2,0,1,8,18,Summer,2,1.2246467991473532e-16,-1.0,0.3456123126707335,-0.938377391740864,0.9749279121818236,-0.2225209339563143,0.2393156642875576,-0.970941817426052,6.2,7.0,10.900000000000006,6.030754513325828,37.38611333333333,23.63362347826087,38.26663043478261,74.47940217391304,0.3264610833333333,21.8,2,2
2025-06-12,12.0,London Marylebone Road,London,Westminster,Greater London,Greater London Urban Area,Urban Traffic,51.52253,-0.154611,England,London Central,0,2,1,1,2025,6,12,3,163,24,2,0,1,8,18,Summer,2,1.2246467991473532e-16,-1.0,0.3294084822245304,-0.9441875088341992,0.4338837391175582,-0.900968867902419,0.2393156642875576,-0.970941817426052,8.8,6.0,9.000000000000005,2.9051678092667634,46.33350166666667,24.156043333333333,48.553593750000005,85.5684375,0.4360899166666667,29.6,3,2
2025-06-13,9.9,London Marylebone Road,London,Westminster,Greater London,Greater London Urban Area,Urban Traffic,51.52253,-0.154611,England,London Central,0,2,1,1,2025,6,13,4,164,24,2,0,1,8,18,Summer,2,1.2246467991473532e-16,-1.0,0.3131070409358269,-0.9497178427914316,-0.433883739117558,-0.9009688679024191,0.2393156642875576,-0.970941817426052,12.0,5.0,10.23333333333334,1.6258331197675795,38.126185416666665,25.01356208333333,41.03109375,79.39265625,0.3220953333333333,22.8,4,2
2025-06-14,7.6,London Marylebone Road,London,Westminster,Greater London,Greater London Urban Area,Urban Traffic,51.52253,-0.154611,England,London Central,0,2,1,1,2025,6,14,5,165,24,2,1,0,8,18,Summer,2,1.2246467991473532e-16,-1.0,0.2967128192734907,-0.9549667548552552,-0.9749279121818236,-0.2225209339563146,0.2393156642875576,-0.970941817426052,9.9,4.3,9.83333333333334,2.200757445365841,50.01723125,14.03483652173913,24.87913043478261,46.407228260869566,0.3046323333333333,19.3,5,2
2025-06-15,6.6,London Marylebone Road,London,Westminster,Greater London,Greater London Urban Area,Urban Traffic,51.52253,-0.154611,England,London Central,0,2,1,1,2025,6,15,6,166,24,2,1,0,8,18,Summer,2,1.2246467991473532e-16,-1.0,0.2802306751992159,-0.9599326896597448,-0.7818314824680299,0.6234898018587334,0.2393156642875576,-0.970941817426052,7.6,5.6,8.033333333333339,1.692138686199563,37.479246,,,,0.3031981739130435,16.0,6,2
2025-06-16,7.3,London Marylebone Road,London,Westminster,Greater London,Greater London Urban Area,Urban Traffic,51.52253,-0.154611,England,London Central,0,2,1,1,2025,6,16,0,167,25,2,0,1,8,18,Summer,2,1.2246467991473532e-16,-1.0,0.263665492728007,-0.9646141756912436,0.0,1.0,0.120536680255323,-0.992708874098054,6.6,17.7,7.166666666666672,0.5131601439445422,45.47345,20.126886363636363,46.14340909090909,77.03897727272727,0.2915350833333333,15.8,0,2
2025-06-17,7.5,London Marylebone Road,London,Westminster,Greater London,Greater London Urban Area,Urban Traffic,51.52253,-0.154611,England,London Central,0,2,1,1,2025,6,17,1,168,25,2,0,1,8,18,Summer,2,1.2246467991473532e-16,-1.0,0.2470221804809355,-0.9690098257244062,0.7818314824680298,0.6234898018587336,0.120536680255323,-0.992708874098054,7.3,6.2,7.133333333333339,0.4725815626251022,36.33005541666667,26.85332958333333,45.12703125,86.3334375,0.3153041666666666,17.1,1,2
2025-06-18,8.4,London Marylebone Road,London,Westminster,Greater London,Greater London Urban Area,Urban Traffic,51.52253,-0.154611,England,London Central,0,2,1,1,2025,6,18,2,169,25,2,0,1,8,18,Summer,2,1.2246467991473532e-16,-1.0,0.2303056702306122,-0.973118337233262,0.9749279121818236,-0.2225209339563143,0.120536680255323,-0.992708874098054,7.5,8.8,7.733333333333339,0.5859465277081041,47.08984304347826,14.474103043478262,35.805326086956526,58.040217391304346,0.292062347826087,17.1,2,2
2025-06-19,13.3,London Marylebone Road,London,Westminster,Greater London,Greater London Urban Area,Urban Traffic,51.52253,-0.154611,England,London Central,0,2,1,1,2025,6,19,3,170,25,2,0,1,8,18,Summer,2,1.2246467991473532e-16,-1.0,0.2135209154397961,-0.9769384927771816,0.4338837391175582,-0.900968867902419,0.120536680255323,-0.992708874098054,8.4,12.0,9.73333333333334,3.121431295629168,62.2159475,21.87452375,60.52265625,94.08703125,0.3366478333333333,27.4,3,2
2025-06-20,13.5,London Marylebone Road,London,Westminster,Greater London,Greater London Urban Area,Urban Traffic,51.52253,-0.154611,England,London Central,0,2,1,1,2025,6,20,4,171,25,2,0,1,8,18,Summer,2,1.2246467991473532e-16,-1.0,0.1966728897935764,-0.980469160361632,-0.433883739117558,-0.9009688679024191,0.120536680255323,-0.992708874098054,13.3,9.9,11.73333333333334,2.888482877451964,53.16877416666667,25.1642775,69.65484375,108.25546875,0.3385881666666666,32.3,4,2
2025-06-21,11.1,London Marylebone Road,London,Westminster,Greater London,Greater London Urban Area,Urban Traffic,51.52253,-0.154611,England,London Central,0,2,1,1,2025,6,21,5,172,25,2,1,0,8,18,Summer,2,1.2246467991473532e-16,-1.0,0.1797665857255624,-0.9837092937736096,-0.9749279121818236,-0.2225209339563146,0.120536680255323,-0.992708874098054,13.5,7.6,12.63333333333334,1.33166562369582,56.69451083333333,12.11440125,52.888593750000005,71.431875,0.3036621666666667,24.7,5,2
2025-06-22,7.2,London Marylebone Road,London,Westminster,Greater London,Greater London Urban Area,Urban Traffic,51.52253,-0.154611,England,London Central,0,2,1,1,2025,6,22,6,173,25,2,1,0,8,18,Summer,2,1.2246467991473532e-16,-1.0,0.1628070129385171,-0.986657932891657,-0.7818314824680299,0.6234898018587334,0.120536680255323,-0.992708874098054,11.1,6.6,10.600000000000009,3.179622619116905,51.62210666666667,9.336931428571429,27.45803571428572,41.801785714285714,0.2551538333333333,18.3,6,2
2025-06-23,5.8,London Marylebone Road,London,Westminster,Greater London,Greater London Urban Area,Urban Traffic,51.52253,-0.154611,England,London Central,0,2,1,1,2025,6,23,0,174,26,2,0,1,8,18,Summer,2,1.2246467991473532e-16,-1.0,0.1457991969198751,-0.9893142039703664,0.0,1.0,-3.216245299353273e-16,-1.0,7.2,7.3,8.03333333333334,2.7465129406819098,42.22568583333334,21.441087,36.2323125,69.1081875,0.2600046666666666,17.9,0,2
2025-06-24,6.3,London Marylebone Road,London,Westminster,Greater London,Greater London Urban Area,Urban Traffic,51.52253,-0.154611,England,London Central,0,2,1,1,2025,6,24,1,175,26,2,0,1,8,18,Summer,2,1.2246467991473532e-16,-1.0,0.1287481774525813,-0.99167731989929,0.7818314824680298,0.6234898018587336,-3.216245299353273e-16,-1.0,5.8,7.5,6.43333333333334,0.7094598884596659,25.702952916666664,35.15826875,34.48875,88.4053125,0.3007516666666667,18.7,1,2
2025-06-25,6.2,London Marylebone Road,London,Westminster,Greater London,Greater London Urban Area,Urban Traffic,51.52253,-0.154611,England,London Central,0,2,1,1,2025,6,25,2,176,26,2,0,1,8,18,Summer,2,1.2246467991473532e-16,-1.0,0.1116590071216951,-0.993746580436178,0.9749279121818236,-0.2225209339563143,-3.216245299353273e-16,-1.0,6.3,8.4,6.100000000000006,0.2645751311062134,20.62223333333333,39.72130791666667,36.15421875,97.06734375,0.3060875833333333,14.1,2,2
2025-06-26,5.9,London Marylebone Road,London,Westminster,Greater London,Greater London Urban Area,Urban Traffic,51.52253,-0.154611,England,London Central,0,2,1,1,2025,6,26,3,177,26,2,0,1,8,18,Summer,2,1.2246467991473532e-16,-1.0,0.0945367498171991,-0.9955213724144752,0.4338837391175582,-0.900968867902419,-3.216245299353273e-16,-1.0,6.2,13.3,6.13333333333334,0.2081665999463002,24.5970025,31.333215416666665,34.058437500000004,82.09406249999999,0.2915350833333333,17.5,3,2
2025-06-27,6.0,London Marylebone Road,London,Westminster,Greater London,Greater London Urban Area,Urban Traffic,51.52253,-0.154611,England,London Central,0,2,1,1,2025,6,27,4,178,26,2,0,1,8,18,Summer,2,1.2246467991473532e-16,-1.0,0.077386479233463,-0.9970011699250152,-0.433883739117558,-0.9009688679024191,-3.216245299353273e-16,-1.0,5.9,13.5,6.033333333333339,0.1527525231647696,30.767041666666668,33.96293958333333,36.5128125,88.580625,0.2934754166666666,16.2,4,2
2025-06-28,4.8,London Marylebone Road,London,Westminster,Greater London,Greater London Urban Area,Urban Traffic,51.52253,-0.154611,England,London Central,0,2,1,1,2025,6,28,5,179,26,2,1,0,8,18,Summer,2,1.2246467991473532e-16,-1.0,0.060213277365793,-0.9981855344718586,-0.9749279121818236,-0.2225209339563146,-3.216245299353273e-16,-1.0,6.0,11.1,5.5666666666666735,0.6658328118478437,19.591121666666663,22.430611666666668,23.6353125,58.03640625,0.261945,10.0,5,2
2025-06-29,5.8,London Marylebone Road,London,Westminster,Greater London,Greater London Urban Area,Urban Traffic,51.52253,-0.154611,England,London Central,0,2,1,1,2025,6,29,6,180,26,2,1,0,8,18,Summer,2,1.2246467991473532e-16,-1.0,0.0430222330045305,-0.99907411510223,-0.7818314824680299,0.6234898018587334,-3.216245299353273e-16,-1.0,4.8,7.2,5.533333333333339,0.6429100507327646,27.21827769230769,8.242574166666667,17.849999999999998,30.4725,0.23138475,10.9,6,2
2025-06-30,8.5,London Marylebone Road,London,Westminster,Greater London,Greater London Urban Area,Urban Traffic,51.52253,-0.154611,England,London Central,0,2,1,1,2025,6,30,0,181,27,2,0,1,8,18,Summer,2,1.2246467991473532e-16,-1.0,0.025818440227133,-0.9996666485105112,0.0,1.0,-0.1205366802553228,-0.992708874098054,5.8,5.8,6.366666666666673,1.9139836293273784,36.00575416666667,21.25087375,39.40546875,71.98171875,0.3007516666666667,23.4,0,2
2025-07-01,9.9,London Marylebone Road,London,Westminster,Greater London,Greater London Urban Area,Urban Traffic,51.52253,-0.154611,England,London Central,0,2,1,1,2025,7,1,1,182,27,3,0,1,8,18,Summer,2,-0.4999999999999997,-0.8660254037844388,0.0086069968886886,-0.9999629591162656,0.7818314824680298,0.6234898018587336,-0.1205366802553228,-0.992708874098054,8.5,6.3,8.066666666666672,2.0840665376453784,58.67358,10.783947916666667,39.67640625,56.20359375,0.2585494166666667,21.3,1,3
2025-07-02,4.7,London Marylebone Road,London,Westminster,Greater London,Greater London Urban Area,Urban Traffic,51.52253,-0.154611,England,London Central,0,2,1,1,2025,7,2,2,183,27,3,0,1,8,18,Summer,2,-0.4999999999999997,-0.8660254037844388,-0.008606996888688,-0.9999629591162656,0.9749279121818236,-0.2225209339563143,-0.1205366802553228,-0.992708874098054,9.9,6.2,7.700000000000007,2.6907248094147165,40.11357,5.571273333333334,14.566875,23.0775,0.2055066086956521,13.0,2,3
2025-07-03,4.2,London Marylebone Road,London,Westminster,Greater London,Greater London Urban Area,Urban Traffic,51.52253,-0.154611,England,London Central,0,2,1,1,2025,7,3,3,184,27,3,0,1,8,18,Summer,2,-0.4999999999999997,-0.8660254037844388,-0.0258184402271323,-0.9996666485105112,0.4338837391175582,-0.900968867902419,-0.1205366802553228,-0.992708874098054,4.7,5.9,6.266666666666673,3.156474826976005,45.238890454545455,16.96328,31.141875,57.14390625000001,0.2498179166666666,11.8,3,3
2025-07-04,6.8,London Marylebone Road,London,Westminster,Greater London,Greater London Urban Area,Urban Traffic,51.52253,-0.154611,England,London Central,0,2,1,1,2025,7,4,4,185,27,3,0,1,8,18,Summer,2,-0.4999999999999997,-0.8660254037844388,-0.0430222330045303,-0.99907411510223,-0.433883739117558,-0.9009688679024191,-0.1205366802553228,-0.992708874098054,4.2,6.0,5.2333333333333405,1.379613472438279,32.58811791666667,30.896660416666663,43.29421875,90.64453125,0.3104533333333333,22.9,4,3
2025-07-05,5.0,London Marylebone Road,London,Westminster,Greater London,Greater London Urban Area,Urban Traffic,51.52253,-0.154611,England,London Central,0,2,1,1,2025,7,5,5,186,27,3,1,0,8,18,Summer,2,-0.4999999999999997,-0.8660254037844388,-0.0602132773657927,-0.9981855344718586,-0.9749279121818236,-0.2225209339563146,-0.1205366802553228,-0.992708874098054,6.8,4.8,5.33333333333334,1.3316656236958306,27.40761333333333,26.271256250000004,27.53203125,67.81406249999999,0.2934754166666666,15.6,5,3
2025-07-06,3.8,London Marylebone Road,London,Westminster,Greater London,Greater London Urban Area,Urban Traffic,51.52253,-0.154611,England,London Central,0,2,1,1,2025,7,6,6,187,27,3,1,0,8,18,Summer,2,-0.4999999999999997,-0.8660254037844388,-0.0773864792334632,-0.9970011699250152,-0.7818314824680299,0.6234898018587334,-0.1205366802553228,-0.992708874098054,5.0,5.8,5.200000000000006,1.509966887054108,28.904388333333333,10.971042916666669,18.59109375,35.40515625,0.2357505,8.8,6,3
2025-07-07,4.3,London Marylebone Road,London,Westminster,Greater London,Greater London Urban Area,Urban Traffic,51.52253,-0.154611,England,London Central,0,2,1,1,2025,7,7,0,188,28,3,0,1,8,18,Summer,2,-0.4999999999999997,-0.8660254037844388,-0.0945367498171993,-0.9955213724144752,0.0,1.0,-0.2393156642875574,-0.970941817426052,3.8,8.5,4.366666666666673,0.6027713773340683,46.08403916666666,4.828090416666667,13.4353125,20.85421875,0.2047051666666667,11.4,0,3
2025-07-08,5.4,London Marylebone Road,London,Westminster,Greater London,Greater London Urban Area,Urban Traffic,51.52253,-0.154611,England,London Central,0,2,1,1,2025,7,8,1,189,28,3,0,1,8,18,Summer,2,-0.4999999999999997,-0.8660254037844388,-0.1116590071216944,-0.993746580436178,0.7818314824680298,0.6234898018587336,-0.2393156642875574,-0.970941817426052,4.3,9.9,4.500000000000006,0.8185352771871691,55.20279739130435,5.825930416666666,19.65890625,28.56796875,0.2250786666666666,19.6,1,3
2025-07-09,5.6,London Marylebone Road,London,Westminster,Greater London,Greater London Urban Area,Urban Traffic,51.52253,-0.154611,England,London Central,0,2,1,1,2025,7,9,2,190,28,3,0,1,8,18,Summer,2,-0.4999999999999997,-0.8660254037844388,-0.1287481774525806,-0.99167731989929,0.9749279121818236,-0.2225209339563143,-0.2393156642875574,-0.970941817426052,5.4,4.7,5.100000000000006,0.6999999999999084,39.13235083333333,12.026050833333334,32.2096875,50.63343749999999,0.2275040833333333,22.9,2,3
2025-07-10,6.2,London Marylebone Road,London,Westminster,Greater London,Greater London Urban Area,Urban Traffic,51.52253,-0.154611,England,London Central,0,2,1,1,2025,7,10,3,191,28,3,0,1,8,18,Summer,2,-0.4999999999999997,-0.8660254037844388,-0.1457991969198744,-0.9893142039703664,0.4338837391175582,-0.900968867902419,-0.2393156642875574,-0.970941817426052,5.6,4.2,5.733333333333339,0.4163331998930669,43.606045,11.594692916666666,34.775625,52.53,0.2178024166666666,10.3,3,3
2025-07-11,9.4,London Marylebone Road,London,Westminster,Greater London,Greater London Urban Area,Urban Traffic,51.52253,-0.154611,England,London Central,0,2,1,1,2025,7,11,4,192,28,3,0,1,8,18,Summer,2,-0.4999999999999997,-0.8660254037844388,-0.1628070129385164,-0.9866579328916572,-0.433883739117558,-0.9009688679024191,-0.2393156642875574,-0.970941817426052,6.2,6.8,7.0666666666666735,2.042873792805907,49.95902333333333,19.868449583333334,51.26296875,81.69562499999999,0.2915350833333333,25.3,4,3
2025-07-12,7.6,London Marylebone Road,London,Westminster,Greater London,Greater London Urban Area,Urban Traffic,51.52253,-0.154611,England,London Central,0,2,1,1,2025,7,12,5,193,28,3,1,0,8,18,Summer,2,-0.4999999999999997,-0.8660254037844388,-0.1797665857255621,-0.9837092937736098,-0.9749279121818236,-0.2225209339563146,-0.2393156642875574,-0.970941817426052,9.4,5.0,7.733333333333339,1.6041612554020828,38.41288652173913,10.35259,30.89484375,46.760625000000005,0.2415715,18.0,5,3
2025-07-13,7.0,London Marylebone Road,London,Westminster,Greater London,Greater London Urban Area,Urban Traffic,51.52253,-0.154611,England,London Central,0,2,1,1,2025,7,13,6,194,28,3,1,0,8,18,Summer,2,-0.4999999999999997,-0.8660254037844388,-0.1966728897935762,-0.980469160361632,-0.7818314824680299,0.6234898018587334,-0.2393156642875574,-0.970941817426052,7.6,3.8,8.000000000000007,1.24899959967962,55.041406,6.9692887500000005,23.43609375,34.05046875,0.2163471666666666,15.1,6,3
2025-07-14,6.7,London Marylebone Road,London,Westminster,Greater London,Greater London Urban Area,Urban Traffic,51.52253,-0.154611,England,London Central,0,2,1,1,2025,7,14,0,195,29,3,0,1,8,18,Summer,2,-0.4999999999999997,-0.8660254037844388,-0.2135209154397959,-0.9769384927771816,0.0,1.0,-0.3546048870425356,-0.9350162426854148,7.0,4.3,7.100000000000006,0.458257569495425,38.337397,23.81303583333333,32.74359375,69.20859374999999,0.2566090833333333,22.4,0,3
2025-07-15,5.5,London Marylebone Road,London,Westminster,Greater London,Greater London Urban Area,Urban Traffic,51.52253,-0.154611,England,London Central,0,2,1,1,2025,7,15,1,196,29,3,0,1,8,18,Summer,2,-0.4999999999999997,-0.8660254037844388,-0.2303056702306119,-0.973118337233262,0.7818314824680298,0.6234898018587336,-0.3546048870425356,-0.9350162426854148,6.7,5.4,6.400000000000007,0.7937253933192875,31.878681578947365,19.923976315789474,24.27868421052632,54.77802631578948,0.2179641111111111,26.2,1,3
2025-07-16,5.8,London Marylebone Road,London,Westminster,Greater London,Greater London Urban Area,Urban Traffic,51.52253,-0.154611,England,London Central,0,2,1,1,2025,7,16,2,197,29,3,0,1,8,18,Summer,2,-0.4999999999999997,-0.8660254037844388,-0.2470221804809352,-0.9690098257244064,0.9749279121818236,-0.2225209339563143,-0.3546048870425356,-0.9350162426854148,5.5,5.6,6.000000000000007,0.6244997998397268,41.46717521739131,8.443678695652174,20.655,33.59347826086957,0.1417286956521739,17.1,2,3
2025-07-17,6.4,London Marylebone Road,London,Westminster,Greater London,Greater London Urban Area,Urban Traffic,51.52253,-0.154611,England,London Central,0,2,1,1,2025,7,17,3,198,29,3,0,1,8,18,Summer,2,-0.4999999999999997,-0.8660254037844388,-0.2636654927280072,-0.9646141756912436,0.4338837391175582,-0.900968867902419,-0.3546048870425356,-0.9350162426854148,5.8,6.2,5.900000000000007,0.4582575694954302,21.62839875,30.04433875,38.72015625,84.76359375,0.2430267499999999,18.8,3,3
2025-07-18,7.0,London Marylebone Road,London,Westminster,Greater London,Greater London Urban Area,Urban Traffic,51.52253,-0.154611,England,London Central,0,2,1,1,2025,7,18,4,199,29,3,0,1,8,18,Summer,2,-0.4999999999999997,-0.8660254037844388,-0.2802306751992161,-0.9599326896597444,-0.433883739117558,-0.9009688679024191,-0.3546048870425356,-0.9350162426854148,6.4,9.4,6.400000000000007,0.5999999999998812,26.842165,30.44971125,34.73578125,81.4246875,0.2333250833333333,16.7,4,3
2025-07-19,5.8,London Marylebone Road,London,Westminster,Greater London,Greater London Urban Area,Urban Traffic,51.52253,-0.154611,England,London Central,0,2,1,1,2025,7,19,5,200,29,3,1,0,8,18,Summer,2,-0.4999999999999997,-0.8660254037844388,-0.2967128192734901,-0.9549667548552552,-0.9749279121818236,-0.2225209339563146,-0.3546048870425356,-0.9350162426854148,7.0,7.6,6.400000000000007,0.5999999999998812,23.83198416666667,20.09192416666667,37.23796875,67.989375,0.2236234166666666,9.8,5,3
2025-07-20,3.9,London Marylebone Road,London,Westminster,Greater London,Greater London Urban Area,Urban Traffic,51.52253,-0.154611,England,London Central,0,2,1,1,2025,7,20,6,201,29,3,1,0,8,18,Summer,2,-0.4999999999999997,-0.8660254037844388,-0.3131070409358267,-0.9497178427914316,-0.7818314824680299,0.6234898018587334,-0.3546048870425356,-0.9350162426854148,5.8,7.0,5.5666666666666735,1.5631165450257365,32.2804475,18.40287208333333,25.79484375,54.00421875,0.28086325,11.8,6,3
2025-07-21,4.3,London Marylebone Road,London,Westminster,Greater London,Greater London Urban Area,Urban Traffic,51.52253,-0.154611,England,London Central,0,2,1,1,2025,7,21,0,202,30,3,0,1,8,18,Summer,2,-0.4999999999999997,-0.8660254037844388,-0.3294084822245302,-0.9441875088341994,0.0,1.0,-0.464723172043768,-0.8854560256532101,3.9,6.7,4.666666666666673,1.001665280087714,,5.176295,15.4434375,23.40421875,0.21683225,12.4,0,3
2025-07-22,4.1,London Marylebone Road,London,Westminster,Greater London,Greater London Urban Area,Urban Traffic,51.52253,-0.154611,England,London Central,0,2,1,1,2025,7,22,1,203,30,3,0,1,8,18,Summer,2,-0.4999999999999997,-0.8660254037844388,-0.3456123126707333,-0.9383773917408642,0.7818314824680298,0.6234898018587336,-0.464723172043768,-0.8854560256532101,4.3,5.5,4.100000000000007,0.1999999999996684,35.77745818181818,9.23002,22.2646875,36.385312500000005,0.1492292727272727,12.4,1,3
2025-07-23,11.5,London Marylebone Road,London,Westminster,Greater London,Greater London Urban Area,Urban Traffic,51.52253,-0.154611,England,London Central,0,2,1,1,2025,7,23,2,204,30,3,0,1,8,18,Summer,2,-0.4999999999999997,-0.8660254037844388,-0.3617137307297674,-0.9322892131745134,0.9749279121818236,-0.2225209339563143,-0.464723172043768,-0.8854560256532101,4.1,5.8,6.63333333333334,4.215843134336617,38.69163375,5.44134625,9.96890625,18.3121875,0.0790685833333333,17.7,2,3
2025-07-24,6.7,London Marylebone Road,London,Westminster,Greater London,Greater London Urban Area,Urban Traffic,51.52253,-0.154611,England,London Central,0,2,1,1,2025,7,24,3,205,30,3,0,1,8,18,Summer,2,-0.4999999999999997,-0.8660254037844388,-0.3777079652039646,-0.92592477719385,0.4338837391175582,-0.900968867902419,-0.464723172043768,-0.8854560256532101,11.5,6.4,7.43333333333334,3.754108860080271,34.94969625,6.231302916666667,8.90109375,18.41578125,0.0572398333333333,12.2,3,3
2025-07-25,10.0,London Marylebone Road,London,Westminster,Greater London,Greater London Urban Area,Urban Traffic,51.52253,-0.154611,England,London Central,0,2,1,1,2025,7,25,4,206,30,3,0,1,8,18,Summer,2,-0.4999999999999997,-0.8660254037844388,-0.3935902766564664,-0.9192859697186104,-0.433883739117558,-0.9009688679024191,-0.464723172043768,-0.8854560256532101,6.7,7.0,9.400000000000006,2.455605831561703,38.71658,23.89618916666667,32.91890625,69.52734375,0.1911228333333333,18.5,4,3
2025-07-26,6.7,London Marylebone Road,London,Westminster,Greater London,Greater London Urban Area,Urban Traffic,51.52253,-0.154611,England,London Central,0,2,1,1,2025,7,26,5,207,30,3,1,0,8,18,Summer,2,-0.4999999999999997,-0.8660254037844388,-0.4093559588156211,-0.9123747579707274,-0.9749279121818236,-0.2225209339563146,-0.464723172043768,-0.8854560256532101,10.0,5.8,7.800000000000005,1.905255888325726,28.03126958333333,18.537996250000003,24.0496875,52.45828125,0.16735375,12.9,5,3
2025-07-27,5.1,London Marylebone Road,London,Westminster,Greater London,Greater London Urban Area,Urban Traffic,51.52253,-0.154611,England,London Central,0,2,1,1,2025,7,27,6,208,30,3,1,0,8,18,Summer,2,-0.4999999999999997,-0.8660254037844388,-0.4250003399695539,-0.9051931898913976,-0.7818314824680299,0.6234898018587334,-0.464723172043768,-0.8854560256532101,6.7,3.9,7.266666666666673,2.498666310921326,41.593714166666665,5.37898125,9.7378125,17.977500000000003,0.0946545217391304,11.0,6,3
2025-07-28,6.2,London Marylebone Road,London,Westminster,Greater London,Greater London Urban Area,Urban Traffic,51.52253,-0.154611,England,London Central,0,2,1,1,2025,7,28,0,209,31,3,0,1,8,18,Summer,2,-0.4999999999999997,-0.8660254037844388,-0.4405187843504952,-0.8977433935342336,0.0,1.0,-0.5680647467311556,-0.8229838658936565,5.1,4.3,6.000000000000006,0.8185352771871599,39.057512083333336,9.845874375,21.99375,37.07859375,0.150333652173913,13.8,0,3
2025-07-29,6.6,London Marylebone Road,London,Westminster,Greater London,Greater London Urban Area,Urban Traffic,51.52253,-0.154611,England,London Central,0,2,1,1,2025,7,29,1,210,31,3,0,1,8,18,Summer,2,-0.4999999999999997,-0.8660254037844388,-0.455906693508459,-0.8900275764346766,0.7818314824680298,0.6234898018587336,-0.5680647467311556,-0.8229838658936565,6.2,4.1,5.966666666666673,0.7767453465153132,30.791987916666667,22.305881666666668,27.340781250000003,61.52671874999999,0.1954885833333333,14.3,1,3
2025-07-30,6.3,London Marylebone Road,London,Westminster,Greater London,Greater London Urban Area,Urban Traffic,51.52253,-0.154611,England,London Central,0,2,1,1,2025,7,30,2,211,31,3,0,1,8,18,Summer,2,-0.4999999999999997,-0.8660254037844388,-0.4711595076738639,-0.8820480249558535,0.9749279121818236,-0.2225209339563143,-0.5680647467311556,-0.8229838658936565,6.6,11.5,6.366666666666672,0.2081665999462742,32.10006692307692,8.112873043478261,19.18320652173913,31.61445652173913,0.1655188695652173,13.0,2,3
2025-07-31,6.5,London Marylebone Road,London,Westminster,Greater London,Greater London Urban Area,Urban Traffic,51.52253,-0.154611,England,London Central,0,2,1,1,2025,7,31,3,212,31,3,0,1,8,18,Summer,2,-0.4999999999999997,-0.8660254037844388,-0.4862727071086902,-0.8738071036110807,0.4338837391175582,-0.900968867902419,-0.5680647467311556,-0.8229838658936565,6.3,6.7,6.466666666666672,0.1527525231647315,,37.19032833333333,25.723125,82.70765625,0.2265339166666666,14.9,3,3
2025-08-01,3.7,London Marylebone Road,London,Westminster,Greater London,Greater London Urban Area,Urban Traffic,51.52253,-0.154611,England,London Central,0,2,1,1,2025,8,1,4,213,31,3,0,1,8,18,Summer,2,-0.8660254037844384,-0.5000000000000004,-0.5012418134457756,-0.8653072543632061,-0.433883739117558,-0.9009688679024191,-0.5680647467311556,-0.8229838658936565,6.5,10.0,5.500000000000006,1.5620499351812869,,6.7250258333333335,9.98484375,20.2725,0.1251515,10.0,4,3
2025-08-02,4.9,London Marylebone Road,London,Westminster,Greater London,Greater London Urban Area,Urban Traffic,51.52253,-0.154611,England,London Central,0,2,1,1,2025,8,2,5,214,31,3,1,0,8,18,Summer,2,-0.8660254037844384,-0.5000000000000004,-0.5160623910158526,-0.8565509959010037,-0.9749279121818236,-0.2225209339563146,-0.5680647467311556,-0.8229838658936565,3.7,6.7,5.033333333333339,1.4047538337136507,,9.921232083333331,18.11296875,33.2934375,0.15862225,11.3,5,3
2025-08-03,6.1,London Marylebone Road,London,Westminster,Greater London,Greater London Urban Area,Urban Traffic,51.52253,-0.154611,England,London Central,0,2,1,1,2025,8,3,6,215,31,3,1,0,8,18,Summer,2,-0.8660254037844384,-0.5000000000000004,-0.5307300481619331,-0.8475409228928312,-0.7818314824680299,0.6234898018587334,-0.5680647467311556,-0.8229838658936565,4.9,5.1,4.900000000000007,1.199999999999944,,19.69694583333333,24.54375,54.7453125,0.1954885833333333,12.9,6,3
2025-08-04,4.7,London Marylebone Road,London,Westminster,Greater London,Greater London Urban Area,Urban Traffic,51.52253,-0.154611,England,London Central,0,2,1,1,2025,8,4,0,216,32,3,0,1,8,18,Summer,2,-0.8660254037844384,-0.5000000000000004,-0.5452404385406507,-0.8382797052177745,0.0,1.0,-0.663122658240795,-0.7485107481711013,6.1,6.2,5.233333333333339,0.7571877794399458,,23.62594083333333,17.53921875,53.74921875,0.1494056666666667,12.0,0,3
2025-08-05,4.7,London Marylebone Road,London,Westminster,Greater London,Greater London Urban Area,Urban Traffic,51.52253,-0.154611,England,London Central,0,2,1,1,2025,8,5,1,217,32,3,0,1,8,18,Summer,2,-0.8660254037844384,-0.5000000000000004,-0.5595892624101763,-0.828770087174504,0.7818314824680298,0.6234898018587336,-0.663122658240795,-0.7485107481711013,4.7,6.6,5.166666666666672,0.8082903768653914,32.696218333333334,11.83375875,17.3559375,35.50078125,0.1426145,15.5,1,3
2025-08-06,6.3,London Marylebone Road,London,Westminster,Greater London,Greater London Urban Area,Urban Traffic,51.52253,-0.154611,England,London Central,0,2,1,1,2025,8,6,2,218,32,3,0,1,8,18,Summer,2,-0.8660254037844384,-0.5000000000000004,-0.5737722679043243,-0.8190148866680802,0.9749279121818236,-0.2225209339563143,-0.663122658240795,-0.7485107481711013,4.7,6.3,5.233333333333339,0.9237604307033273,32.679587500000004,27.2846875,28.82296875,70.635,0.2454521666666666,19.7,2,3
2025-08-07,6.5,London Marylebone Road,London,Westminster,Greater London,Greater London Urban Area,Urban Traffic,51.52253,-0.154611,England,London Central,0,2,1,1,2025,8,7,3,219,32,3,0,1,8,18,Summer,2,-0.8660254037844384,-0.5000000000000004,-0.5877852522924734,-0.8090169943749472,0.4338837391175582,-0.900968867902419,-0.663122658240795,-0.7485107481711013,6.3,6.5,5.833333333333339,0.986576572463178,42.816080416666665,23.56877291666667,25.276875,61.3753125,0.2066455,19.2,3,3
2025-08-08,7.4,London Marylebone Road,London,Westminster,Greater London,Greater London Urban Area,Urban Traffic,51.52253,-0.154611,England,London Central,0,2,1,1,2025,8,8,4,220,32,3,0,1,8,18,Summer,2,-0.8660254037844384,-0.5000000000000004,-0.6016240632249227,-0.7987793728863648,-0.433883739117558,-0.9009688679024191,-0.663122658240795,-0.7485107481711013,6.5,3.7,6.733333333333339,0.5859465277081057,32.629695,23.236159583333333,29.61984375,65.2321875,0.23284,18.4,4,3
2025-08-09,5.6,London Marylebone Road,London,Westminster,Greater London,Greater London Urban Area,Urban Traffic,51.52253,-0.154611,England,London Central,0,2,1,1,2025,8,9,5,221,32,3,1,0,8,18,Summer,2,-0.8660254037844384,-0.5000000000000004,-0.6152845999633277,-0.7883050558305253,-0.9749279121818236,-0.2225209339563146,-0.663122658240795,-0.7485107481711013,7.4,4.9,6.500000000000006,0.8999999999999193,35.04948125,16.4955425,24.34453125,49.5815625,0.17317475,16.1,5,3
2025-08-10,11.8,London Marylebone Road,London,Westminster,Greater London,Greater London Urban Area,Urban Traffic,51.52253,-0.154611,England,London Central,0,2,1,1,2025,8,10,6,222,32,3,1,0,8,18,Summer,2,-0.8660254037844384,-0.5000000000000004,-0.6287628145958345,-0.7775971469736268,-0.7818314824680299,0.6234898018587334,-0.663122658240795,-0.7485107481711013,5.6,6.1,8.266666666666673,3.189566323708158,42.807765,15.63802375,26.169375,50.1234375,0.261945,23.3,6,3
2025-08-11,13.1,London Marylebone Road,London,Westminster,Greater London,Greater London Urban Area,Urban Traffic,51.52253,-0.154611,England,London Central,0,2,1,1,2025,8,11,0,223,33,3,0,1,8,18,Summer,2,-0.8660254037844384,-0.5000000000000004,-0.6420547132365636,-0.7666588193001592,0.0,1.0,-0.7485107481711011,-0.6631226582407952,11.8,4.7,10.166666666666671,4.007908847932194,55.37235958333333,12.34827,37.0228125,55.940625,0.2609748333333333,28.7,0,3
2025-08-12,13.4,London Marylebone Road,London,Westminster,Greater London,Greater London Urban Area,Urban Traffic,51.52253,-0.154611,England,London Central,0,2,1,1,2025,8,12,1,224,33,3,0,1,8,18,Summer,2,-0.8660254037844384,-0.5000000000000004,-0.655156357209085,-0.7554933140726804,0.7818314824680298,0.6234898018587336,-0.7485107481711011,-0.6631226582407952,13.1,4.7,12.766666666666673,0.8504900548114314,68.63544916666667,9.188443333333334,35.413125,49.501875000000005,0.2522433333333333,28.6,1,3
2025-08-13,16.8,London Marylebone Road,London,Westminster,Greater London,Greater London Urban Area,Urban Traffic,51.52253,-0.154611,England,London Central,0,2,1,1,2025,8,13,2,225,33,3,0,1,8,18,Summer,2,-0.8660254037844384,-0.5000000000000004,-0.6680638642135333,-0.7441039398713608,0.9749279121818236,-0.2225209339563143,-0.7485107481711011,-0.6631226582407952,13.4,6.3,14.43333333333334,2.0550750189064004,35.49851375,24.09887541666667,38.82375,75.7509375,0.2997815,31.7,2,3
2025-08-14,7.0,London Marylebone Road,London,Westminster,Greater London,Greater London Urban Area,Urban Traffic,51.52253,-0.154611,England,London Central,0,2,1,1,2025,8,14,3,226,33,3,0,1,8,18,Summer,2,-0.8660254037844384,-0.5000000000000004,-0.680773409477016,-0.732494071613579,0.4338837391175582,-0.900968867902419,-0.7485107481711011,-0.6631226582407952,16.8,6.5,12.400000000000006,4.975942121849874,30.93335,27.030030416666666,25.42828125,66.84984375,0.2056753333333333,17.3,3,3
2025-08-15,5.8,London Marylebone Road,London,Westminster,Greater London,Greater London Urban Area,Urban Traffic,51.52253,-0.154611,England,London Central,0,2,1,1,2025,8,15,4,227,33,3,0,1,8,18,Summer,2,-0.8660254037844384,-0.5000000000000004,-0.6932812268869771,-0.7206671495538615,-0.433883739117558,-0.9009688679024191,-0.7485107481711011,-0.6631226582407952,7.0,7.4,9.866666666666672,6.034346139668586,39.97220791666667,8.071070416666666,14.7740625,27.11765625,0.14115925,14.6,4,3
2025-08-16,6.1,London Marylebone Road,London,Westminster,Greater London,Greater London Urban Area,Urban Traffic,51.52253,-0.154611,England,London Central,0,2,1,1,2025,8,16,5,228,33,3,1,0,8,18,Summer,2,-0.8660254037844384,-0.5000000000000004,-0.7055836101071774,-0.70862667826446,-0.9749279121818236,-0.2225209339563146,-0.7485107481711011,-0.6631226582407952,5.8,5.6,6.300000000000005,0.6244997998397086,51.73020708333333,3.7367029166666663,11.0446875,16.7821875,0.133883,,5,3
2025-08-17,4.3,London Marylebone Road,London,Westminster,Greater London,Greater London Urban Area,Urban Traffic,51.52253,-0.154611,England,London Central,0,2,1,1,2025,8,17,6,229,33,3,1,0,8,18,Summer,2,-0.8660254037844384,-0.5000000000000004,-0.7176769136759615,-0.6963762255968726,-0.7818314824680299,0.6234898018587334,-0.7485107481711011,-0.6631226582407952,6.1,11.8,5.400000000000006,0.96436507609921,45.85952291666666,7.941143333333334,15.045,27.16546875,0.1426145,14.5,6,3
2025-08-18,3.4,London Marylebone Road,London,Westminster,Greater London,Greater London Urban Area,Urban Traffic,51.52253,-0.154611,England,London Central,0,2,1,1,2025,8,18,0,230,34,3,0,1,8,18,Summer,2,-0.8660254037844384,-0.5000000000000004,-0.7295575540864876,-0.6839194216246105,0.0,1.0,-0.8229838658936564,-0.5680647467311559,4.3,13.1,4.600000000000006,1.374772708486692,47.86353833333333,6.553522083333333,14.8059375,24.83859375,0.1304874166666666,11.7,0,3
2025-08-19,5.7,London Marylebone Road,London,Westminster,Greater London,Greater London Urban Area,Urban Traffic,51.52253,-0.154611,England,London Central,0,2,1,1,2025,8,19,1,231,34,3,0,1,8,18,Summer,2,-0.8660254037844384,-0.5000000000000004,-0.7412220108485957,-0.6712599575675315,0.7818314824680298,0.6234898018587336,-0.8229838658936564,-0.5680647467311559,3.4,13.4,4.466666666666672,1.1590225767141762,59.486115,5.36339,15.778125,23.99390625,0.1401890833333333,19.4,1,3
2025-08-20,4.0,London Marylebone Road,London,Westminster,Greater London,Greater London Urban Area,Urban Traffic,51.52253,-0.154611,England,London Central,0,2,1,1,2025,8,20,2,232,34,3,0,1,8,18,Summer,2,-0.8660254037844384,-0.5000000000000004,-0.7526668275320083,-0.6584015846980489,0.9749279121818236,-0.2225209339563143,-0.8229838658936564,-0.5680647467311559,5.7,16.8,4.366666666666672,1.1930353445448163,50.93373478260869,3.7256308695652174,8.47320652173913,14.160815217391304,0.1224940869565217,15.9,2,3
2025-08-21,3.3,London Marylebone Road,London,Westminster,Greater London,Greater London Urban Area,Urban Traffic,51.52253,-0.154611,England,London Central,0,2,1,1,2025,8,21,3,233,34,3,0,1,8,18,Summer,2,-0.8660254037844384,-0.5000000000000004,-0.7638886127905429,-0.64534811322955,0.4338837391175582,-0.900968867902419,-0.8229838658936564,-0.5680647467311559,4.0,7.0,4.333333333333339,1.2342339054381746,49.01106583333333,3.4092866666666666,9.1321875,14.3596875,0.1188454166666666,14.6,3,3
2025-08-22,5.1,London Marylebone Road,London,Westminster,Greater London,Greater London Urban Area,Urban Traffic,51.52253,-0.154611,England,London Central,0,2,1,1,2025,8,22,4,234,34,3,0,1,8,18,Summer,2,-0.8660254037844384,-0.5000000000000004,-0.7748840413670406,-0.6321034111873488,-0.433883739117558,-0.9009688679024191,-0.8229838658936564,-0.5680647467311559,3.3,5.8,4.133333333333339,0.9073771725876556,42.69134916666667,12.779627916666668,25.30078125,44.85609374999999,0.1920929999999999,15.3,4,3
2025-08-23,6.1,London Marylebone Road,London,Westminster,Greater London,Greater London Urban Area,Urban Traffic,51.52253,-0.154611,England,London Central,0,2,1,1,2025,8,23,5,235,34,3,1,0,8,18,Summer,2,-0.8660254037844384,-0.5000000000000004,-0.7856498550787144,-0.6186714032625032,-0.9749279121818236,-0.2225209339563146,-0.8229838658936564,-0.5680647467311559,5.1,6.1,4.833333333333338,1.4189197769194588,43.33995166666667,10.731977083333334,21.63515625,38.05875,0.19354825,,5,3
2025-08-24,1.8,London Marylebone Road,London,Westminster,Greater London,Greater London Urban Area,Urban Traffic,51.52253,-0.154611,England,London Central,0,2,1,1,2025,8,24,6,236,34,3,1,0,8,18,Summer,2,-0.8660254037844384,-0.5000000000000004,-0.7961828637826154,-0.6050560696488494,-0.7818314824680299,0.6234898018587334,-0.8229838658936564,-0.5680647467311559,6.1,4.3,4.333333333333339,2.2501851775649864,40.67901833333333,14.82727875,26.8546875,49.565625,0.2352654166666666,13.9,6,3
2025-08-25,6.2,London Marylebone Road,London,Westminster,Greater London,Greater London Urban Area,Urban Traffic,51.52253,-0.154611,England,London Central,0,2,1,1,2025,8,25,0,237,35,3,0,1,8,18,Summer,2,-0.8660254037844384,-0.5000000000000004,-0.8064799463209447,-0.5912614448635783,0.0,1.0,-0.8854560256532096,-0.4647231720437691,1.8,3.4,4.7000000000000055,2.511971337416061,52.653218333333335,11.807773333333332,28.05,46.1390625,0.244482,16.2,0,3
2025-08-26,7.3,London Marylebone Road,London,Westminster,Greater London,Greater London Urban Area,Urban Traffic,51.52253,-0.154611,England,London Central,0,2,1,1,2025,8,26,1,238,35,3,0,1,8,18,Summer,2,-0.8660254037844384,-0.5000000000000004,-0.8165380514459157,-0.5772916165517278,0.7818314824680298,0.6234898018587336,-0.8854560256532096,-0.4647231720437691,6.2,5.7,5.100000000000006,2.9103264421710207,31.30754375,28.23055666666667,33.428906250000004,76.66734375,0.2551116521739131,22.4,1,3
2025-08-27,5.9,London Marylebone Road,London,Westminster,Greater London,Greater London Urban Area,Urban Traffic,51.52253,-0.154611,England,London Central,0,2,1,1,2025,8,27,2,239,35,3,0,1,8,18,Summer,2,-0.8660254037844384,-0.5000000000000004,-0.8263541987239094,-0.5631507242749189,0.9749279121818236,-0.2225209339563143,-0.8854560256532096,-0.4647231720437691,7.3,4.0,6.466666666666672,0.7371114795830807,34.47354826086956,21.94163391304348,22.11016304347826,55.77847826086956,0.2151239130434782,22.4,2,3
2025-08-28,3.6,London Marylebone Road,London,Westminster,Greater London,Greater London Urban Area,Urban Traffic,51.52253,-0.154611,England,London Central,0,2,1,1,2025,8,28,3,240,35,3,0,1,8,18,Summer,2,-0.8660254037844384,-0.5000000000000004,-0.8359254794186365,-0.5488429582847199,0.4338837391175582,-0.900968867902419,-0.8854560256532096,-0.4647231720437691,5.9,3.3,5.600000000000006,1.8681541692268944,29.26195125,27.118380833333333,22.51171875,64.100625,0.22265325,17.7,3,3
2025-08-29,4.9,London Marylebone Road,London,Westminster,Greater London,Greater London Urban Area,Urban Traffic,51.52253,-0.154611,England,London Central,0,2,1,1,2025,8,29,4,241,35,3,0,1,8,18,Summer,2,-0.8660254037844384,-0.5000000000000004,-0.8452490573530633,-0.5343725582809785,-0.433883739117558,-0.9009688679024191,-0.8854560256532096,-0.4647231720437691,3.6,5.1,4.800000000000005,1.1532562594670066,24.106392916666664,26.567490000000003,25.3725,66.05296875,0.2406013333333333,13.9,4,3
2025-08-30,3.8,London Marylebone Road,London,Westminster,Greater London,Greater London Urban Area,Urban Traffic,51.52253,-0.154611,England,London Central,0,2,1,1,2025,8,30,5,242,35,3,1,0,8,18,Summer,2,-0.8660254037844384,-0.5000000000000004,-0.8543221697498269,-0.5197438121555157,-0.9749279121818236,-0.2225209339563146,-0.8854560256532096,-0.4647231720437691,4.9,6.1,4.100000000000006,0.6999999999998816,23.47442125,23.21537125,16.989375,52.5778125,0.2367206666666666,12.7,5,3
2025-08-31,4.6,London Marylebone Road,London,Westminster,Greater London,Greater London Urban Area,Urban Traffic,51.52253,-0.154611,England,London Central,0,2,1,1,2025,8,31,6,243,35,3,1,0,8,18,Summer,2,-0.8660254037844384,-0.5000000000000004,-0.8631421280499115,-0.5049610547215202,-0.7818314824680299,0.6234898018587334,-0.8854560256532096,-0.4647231720437691,3.8,1.8,4.433333333333338,0.5686240703075857,34.58381791666667,17.16596625,17.17265625,43.46156250000001,0.2148919166666666,19.9,6,3
2025-09-01,4.6,London Marylebone Road,London,Westminster,Greater London,Greater London Urban Area,Urban Traffic,51.52253,-0.154611,England,London Central,0,2,1,1,2025,9,1,0,244,36,3,0,1,8,18,Autumn,3,-1.0,-1.8369701987210294e-16,-0.8717063187093217,-0.4900286664290594,0.0,1.0,-0.9350162426854148,-0.3546048870425359,4.6,6.2,4.333333333333338,0.4618802153515197,28.654925833333333,21.651049166666667,22.0415625,55.2234375,0.2464223333333333,16.3,0,3
2025-09-02,4.3,London Marylebone Road,London,Westminster,Greater London,Greater London Urban Area,Urban Traffic,51.52253,-0.154611,England,London Central,0,2,1,1,2025,9,2,1,245,36,3,0,1,8,18,Autumn,3,-1.0,-1.8369701987210294e-16,-0.8800122039735356,-0.4749510720670502,0.7818314824680298,0.6234898018587336,-0.9350162426854148,-0.3546048870425359,4.6,7.3,4.500000000000004,0.1732050807564039,20.738649166666665,53.27010416666667,32.7196875,114.37546875,0.314334,16.0,1,3
2025-09-03,4.3,London Marylebone Road,London,Westminster,Greater London,Greater London Urban Area,Urban Traffic,51.52253,-0.154611,England,London Central,0,2,1,1,2025,9,3,2,246,36,3,0,1,8,18,Autumn,3,-1.0,-1.8369701987210294e-16,-0.888057322629493,-0.4597327394521046,0.9749279121818236,-0.2225209339563143,-0.9350162426854148,-0.3546048870425359,4.3,5.9,4.400000000000006,0.1732050807564047,23.881876666666667,52.58928625,27.5240625,108.11203125,0.2774676666666666,13.4,2,3
2025-09-04,6.4,London Marylebone Road,London,Westminster,Greater London,Greater London Urban Area,Urban Traffic,51.52253,-0.154611,England,London Central,0,2,1,1,2025,9,4,3,247,36,3,0,1,8,18,Autumn,3,-1.0,-1.8369701987210294e-16,-0.8958392907349089,-0.4443781781046134,0.4338837391175582,-0.900968867902419,-0.9350162426854148,-0.3546048870425359,4.3,3.6,5.000000000000004,1.212435565298145,20.22309333333333,65.19221333333333,41.37375,141.3178125,0.2992964166666667,13.6,3,3
2025-09-05,6.3,London Marylebone Road,London,Westminster,Greater London,Greater London Urban Area,Urban Traffic,51.52253,-0.154611,England,London Central,0,2,1,1,2025,9,5,4,248,36,3,0,1,8,18,Autumn,3,-1.0,-1.8369701987210294e-16,-0.9033558023246842,-0.4288919379124841,-0.433883739117558,-0.9009688679024191,-0.9350162426854148,-0.3546048870425359,6.4,4.9,5.666666666666671,1.1846237095943857,17.977930833333335,44.216785,30.926718750000003,98.67703125,0.308513,17.1,4,3
2025-09-06,6.2,London Marylebone Road,London,Westminster,Greater London,Greater London Urban Area,Urban Traffic,51.52253,-0.154611,England,London Central,0,2,1,1,2025,9,6,5,249,36,3,1,0,8,18,Autumn,3,-1.0,-1.8369701987210294e-16,-0.9106046300942162,-0.4132786077829044,-0.9749279121818236,-0.2225209339563146,-0.9350162426854148,-0.3546048870425359,6.3,3.8,6.300000000000005,0.0999999999991364,30.900088333333333,21.7342025,26.543906250000003,59.85328125,0.2498179166666666,17.7,5,3
2025-09-07,5.9,London Marylebone Road,London,Westminster,Greater London,Greater London Urban Area,Urban Traffic,51.52253,-0.154611,England,London Central,0,2,1,1,2025,9,7,6,250,36,3,1,0,8,18,Autumn,3,-1.0,-1.8369701987210294e-16,-0.9175836260593934,-0.3975428142825566,-0.7818314824680299,0.6234898018587334,-0.9350162426854148,-0.3546048870425359,6.2,4.6,6.133333333333339,0.2081665999461987,36.71256458333333,19.29157333333333,20.113125,49.68515625,0.2507880833333333,13.7,6,3
2025-09-08,5.2,London Marylebone Road,London,Westminster,Greater London,Greater London Urban Area,Urban Traffic,51.52253,-0.154611,England,London Central,0,2,1,1,2025,9,8,0,251,37,3,0,1,8,18,Autumn,3,-1.0,-1.8369701987210294e-16,-0.9242907221930934,-0.3816892202666586,0.0,1.0,-0.970941817426052,-0.2393156642875577,5.9,4.6,5.766666666666673,0.5131601439445208,27.21635875,60.22899875,36.95109375,129.24515625,0.28668425,16.2,0,3
2025-09-09,5.6,London Marylebone Road,London,Westminster,Greater London,Greater London Urban Area,Urban Traffic,51.52253,-0.154611,England,London Central,0,2,1,1,2025,9,9,1,252,37,3,0,1,8,18,Autumn,3,-1.0,-1.8369701987210294e-16,-0.9307239310379792,-0.3657225234972692,0.7818314824680298,0.6234898018587336,-0.970941817426052,-0.2393156642875577,5.2,4.3,5.566666666666673,0.3511884584281801,26.81721875,43.48399625,33.7078125,100.374375,0.3133638333333333,17.9,1,3
2025-09-10,4.9,London Marylebone Road,London,Westminster,Greater London,Greater London Urban Area,Urban Traffic,51.52253,-0.154611,England,London Central,0,2,1,1,2025,9,10,2,253,37,3,0,1,8,18,Autumn,3,-1.0,-1.8369701987210294e-16,-0.9368813462954316,-0.3496474552512282,0.9749279121818236,-0.2225209339563143,-0.970941817426052,-0.2393156642875577,5.6,4.3,5.233333333333339,0.3511884584281801,23.615783333333336,40.65113391304348,29.43586956521739,91.75010869565216,0.2839635652173913,12.4,2,3
2025-09-11,5.1,London Marylebone Road,London,Westminster,Greater London,Greater London Urban Area,Urban Traffic,51.52253,-0.154611,England,London Central,0,2,1,1,2025,9,11,3,254,37,3,0,1,8,18,Autumn,3,-1.0,-1.8369701987210294e-16,-0.9427611433904206,-0.333468778918187,0.4338837391175582,-0.900968867902419,-0.970941817426052,-0.2393156642875577,4.9,6.4,5.2000000000000055,0.3605551275461609,22.07743125,39.3834975,23.81859375,84.17390625,0.2764975,17.1,3,3
2025-09-12,5.8,London Marylebone Road,London,Westminster,Greater London,Greater London Urban Area,Urban Traffic,51.52253,-0.154611,England,London Central,0,2,1,1,2025,9,12,4,255,37,3,0,1,8,18,Autumn,3,-1.0,-1.8369701987210294e-16,-0.9483615800121716,-0.3171912885891059,-0.433883739117558,-0.9009688679024191,-0.970941817426052,-0.2393156642875577,5.1,6.3,5.266666666666672,0.4725815626250794,23.87356125,51.69019083333333,28.82296875,108.04828125,0.2687361666666666,14.5,4,3
2025-09-13,4.6,London Marylebone Road,London,Westminster,Greater London,Greater London Urban Area,Urban Traffic,51.52253,-0.154611,England,London Central,0,2,1,1,2025,9,13,5,256,37,3,1,0,8,18,Autumn,3,-1.0,-1.8369701987210294e-16,-0.9536809966304456,-0.300819807635668,-0.9749279121818236,-0.2225209339563146,-0.970941817426052,-0.2393156642875577,5.8,6.2,5.166666666666671,0.6027713773340286,28.9875425,23.85980958333333,21.8503125,58.4109375,0.2556389166666666,12.7,5,3
2025-09-14,3.5,London Marylebone Road,London,Westminster,Greater London,Greater London Urban Area,Urban Traffic,51.52253,-0.154611,England,London Central,0,2,1,1,2025,9,14,6,257,37,3,1,0,8,18,Autumn,3,-1.0,-1.8369701987210294e-16,-0.9587178169872964,-0.2843591872810036,-0.7818314824680299,0.6234898018587334,-0.970941817426052,-0.2393156642875577,4.6,5.9,4.633333333333339,1.1503622617824183,26.14367,20.41414333333333,17.34796875,48.6253125,0.2566090833333333,13.1,6,3
2025-09-15,5.4,London Marylebone Road,London,Westminster,Greater London,Greater London Urban Area,Urban Traffic,51.52253,-0.154611,England,London Central,0,2,1,1,2025,9,15,0,258,38,3,0,1,8,18,Autumn,3,-1.0,-1.8369701987210294e-16,-0.9634705485641486,-0.2678143051621748,0.0,1.0,-0.992708874098054,-0.1205366802553235,3.5,5.2,4.500000000000004,0.9539392014168556,39.44002125,20.393355,17.02125,48.29859375,0.20519025,19.1,0,3
2025-09-16,5.3,London Marylebone Road,London,Westminster,Greater London,Greater London Urban Area,Urban Traffic,51.52253,-0.154611,England,London Central,0,2,1,1,2025,9,16,1,259,38,3,0,1,8,18,Autumn,3,-1.0,-1.8369701987210294e-16,-0.967937783024064,-0.2511900638848195,0.7818314824680298,0.6234898018587336,-0.992708874098054,-0.1205366802553235,5.4,5.6,4.733333333333339,1.0692676621562829,29.9853925,20.247836666666668,21.12515625,52.16343749999999,0.2304145833333333,16.5,1,3
2025-09-17,3.8,London Marylebone Road,London,Westminster,Greater London,Greater London Urban Area,Urban Traffic,51.52253,-0.154611,England,London Central,0,2,1,1,2025,9,17,2,260,38,3,0,1,8,18,Autumn,3,-1.0,-1.8369701987210294e-16,-0.9721181966290612,-0.2344913895704105,0.9749279121818236,-0.2225209339563143,-0.992708874098054,-0.1205366802553235,5.3,4.9,4.833333333333339,0.8962886439831547,30.542525416666667,23.6051525,19.730625,55.90875,0.2168322499999999,13.3,2,3
2025-09-18,4.5,London Marylebone Road,London,Westminster,Greater London,Greater London Urban Area,Urban Traffic,51.52253,-0.154611,England,London Central,0,2,1,1,2025,9,18,3,261,38,3,0,1,8,18,Autumn,3,-1.0,-1.8369701987210294e-16,-0.9760105506323682,-0.2177232303965322,0.4338837391175582,-0.900968867902419,-0.992708874098054,-0.1205366802553235,3.8,5.1,4.5333333333333385,0.7505553499463986,24.14797,27.606906666666664,18.52734375,60.80953125,0.209556,12.0,3,3
2025-09-19,8.0,London Marylebone Road,London,Westminster,Greater London,Greater London Urban Area,Urban Traffic,51.52253,-0.154611,England,London Central,0,2,1,1,2025,9,19,4,262,38,3,0,1,8,18,Autumn,3,-1.0,-1.8369701987210294e-16,-0.97961369164549,-0.2008905551306352,-0.433883739117558,-0.9009688679024191,-0.992708874098054,-0.1205366802553235,4.5,5.8,5.433333333333338,2.250185177564985,28.305678333333333,28.86460083333333,29.34890625,73.60734375,0.3075428333333333,19.0,4,3
2025-09-20,5.6,London Marylebone Road,London,Westminster,Greater London,Greater London Urban Area,Urban Traffic,51.52253,-0.154611,England,London Central,0,2,1,1,2025,9,20,5,263,38,3,1,0,8,18,Autumn,3,-1.0,-1.8369701987210294e-16,-0.9829265519799822,-0.1839983516576798,-0.9749279121818236,-0.2225209339563146,-0.992708874098054,-0.1205366802553235,8.0,4.6,6.0333333333333385,1.7897858344877926,36.45478666666667,19.733325416666663,19.5871875,49.84453125,0.2221681666666667,13.7,5,3
2025-09-21,2.2,London Marylebone Road,London,Westminster,Greater London,Greater London Urban Area,Urban Traffic,51.52253,-0.154611,England,London Central,0,2,1,1,2025,9,21,6,264,38,3,1,0,8,18,Autumn,3,-1.0,-1.8369701987210294e-16,-0.9859481499638304,-0.1670516255021195,-0.7818314824680299,0.6234898018587334,-0.992708874098054,-0.1205366802553235,5.6,3.5,5.266666666666672,2.9143323992525563,44.86523666666667,3.5236225,8.22375,13.58671875,0.1333979166666666,8.7,6,3
2025-09-22,3.5,London Marylebone Road,London,Westminster,Greater London,Greater London Urban Area,Urban Traffic,51.52253,-0.154611,England,London Central,0,2,1,1,2025,9,22,0,265,39,3,0,1,8,18,Autumn,3,-1.0,-1.8369701987210294e-16,-0.9886775902323404,-0.1500553983446526,0.0,1.0,-1.0,-1.8369701987210294e-16,2.2,5.4,3.766666666666672,1.7156145643276517,39.65622208333333,4.937229166666667,12.973125,20.51953125,0.151346,13.7,0,3
2025-09-23,3.3,London Marylebone Road,London,Westminster,Greater London,Greater London Urban Area,Urban Traffic,51.52253,-0.154611,England,London Central,0,2,1,1,2025,9,23,1,266,39,3,0,1,8,18,Autumn,3,-1.0,-1.8369701987210294e-16,-0.9911140639934546,-0.1330147065341963,0.7818314824680298,0.6234898018587336,-1.0,-1.8369701987210294e-16,3.5,5.3,3.0000000000000053,0.6999999999998736,40.23830125,3.88222125,13.52296875,19.475625,0.1479504166666666,11.4,1,3
2025-09-24,3.7,London Marylebone Road,London,Westminster,Greater London,Greater London Urban Area,Urban Traffic,51.52253,-0.154611,England,London Central,0,2,1,1,2025,9,24,2,267,39,3,0,1,8,18,Autumn,3,-1.0,-1.8369701987210294e-16,-0.9932568492674144,-0.1159345995955006,0.9749279121818236,-0.2225209339563143,-1.0,-1.8369701987210294e-16,3.3,3.8,3.5000000000000053,0.1999999999995615,33.88255111111111,4.906046666666667,13.10859375,20.61515625,0.1478027826086956,11.9,2,3
2025-09-25,3.8,London Marylebone Road,London,Westminster,Greater London,Greater London Urban Area,Urban Traffic,51.52253,-0.154611,England,London Central,0,2,1,1,2025,9,25,3,268,39,3,0,1,8,18,Autumn,3,-1.0,-1.8369701987210294e-16,-0.9951053111006974,-0.0988201387328721,0.4338837391175582,-0.900968867902419,-1.0,-1.8369701987210294e-16,3.7,4.5,3.600000000000005,0.264575131106128,35.46644,4.41232375,13.5628125,20.34421875,0.1625029166666666,14.3,3,3
2025-09-26,6.8,London Marylebone Road,London,Westminster,Greater London,Greater London Urban Area,Urban Traffic,51.52253,-0.154611,England,London Central,0,2,1,1,2025,9,26,4,269,39,3,0,1,8,18,Autumn,3,-1.0,-1.8369701987210294e-16,-0.99665890175417,-0.0816763953304228,-0.433883739117558,-0.9009688679024191,-1.0,-1.8369701987210294e-16,3.8,8.0,4.766666666666672,1.7616280348964592,21.395567083333333,25.02395625,23.8265625,62.14828125,0.3037043478260869,21.1,4,3
2025-09-27,9.7,London Marylebone Road,London,Westminster,Greater London,Greater London Urban Area,Urban Traffic,51.52253,-0.154611,England,London Central,0,2,1,1,2025,9,27,5,270,39,3,1,0,8,18,Autumn,3,-1.0,-1.8369701987210294e-16,-0.9979171608653922,-0.0645084494493162,-0.9749279121818236,-0.2225209339563146,-1.0,-1.8369701987210294e-16,6.8,5.6,6.766666666666672,2.9501412395567037,20.713702916666666,24.90442333333333,25.20515625,63.37546875,0.3482898333333333,16.8,5,3
2025-09-28,9.6,London Marylebone Road,London,Westminster,Greater London,Greater London Urban Area,Urban Traffic,51.52253,-0.154611,England,London Central,0,2,1,1,2025,9,28,6,271,39,3,1,0,8,18,Autumn,3,-1.0,-1.8369701987210294e-16,-0.9988797155850336,-0.0473213883224323,-0.7818314824680299,0.6234898018587334,-1.0,-1.8369701987210294e-16,9.7,2.2,8.700000000000005,1.6462077633153824,15.574775416666666,27.06641,23.7628125,65.24015625,0.3817605833333333,16.3,6,3
2025-09-29,9.8,London Marylebone Road,London,Westminster,Greater London,Greater London Urban Area,Urban Traffic,51.52253,-0.154611,England,London Central,0,2,1,1,2025,9,29,0,272,40,3,0,1,8,18,Autumn,3,-1.0,-1.8369701987210294e-16,-0.9995462806873572,-0.0301203048469083,0.0,1.0,-0.992708874098054,0.1205366802553232,9.6,3.5,9.700000000000005,0.0999999999991792,16.597571666666667,32.4298,22.76671875,72.47578125,0.41183575,19.0,0,3
2025-09-30,11.4,London Marylebone Road,London,Westminster,Greater London,Greater London Urban Area,Urban Traffic,51.52253,-0.154611,England,London Central,0,2,1,1,2025,9,30,1,273,40,3,0,1,8,18,Autumn,3,-1.0,-1.8369701987210294e-16,-0.999916658654738,-0.0129102960750088,0.7818314824680298,0.6234898018587336,-0.992708874098054,0.1205366802553232,9.8,3.3,10.266666666666673,0.9865765724631672,10.618787083333332,41.65982,35.2059375,99.0196875,0.4375451666666667,25.1,1,3
2025-10-01,11.7,London Marylebone Road,London,Westminster,Greater London,Greater London Urban Area,Urban Traffic,51.52253,-0.154611,England,London Central,0,2,1,1,2025,10,1,2,274,40,4,0,1,8,18,Autumn,3,-0.8660254037844386,0.5000000000000001,-0.99999073973619,0.0043035382962438,0.9749279121818236,-0.2225209339563143,-0.992708874098054,0.1205366802553232,11.4,3.7,10.966666666666674,1.0214368964028924,23.133489166666667,39.33672375,50.394375,110.67,0.2731019166666666,25.0,2,4
2025-10-02,11.9,London Marylebone Road,London,Westminster,Greater London,Greater London Urban Area,Urban Traffic,51.52253,-0.154611,England,London Central,0,2,1,1,2025,10,2,3,275,40,4,0,1,8,18,Autumn,3,-0.8660254037844386,0.5000000000000001,-0.9997685019798908,0.0215160974362222,0.4338837391175582,-0.900968867902419,-0.992708874098054,0.1205366802553232,11.7,3.8,11.666666666666671,0.2516611478420494,27.91485375,33.65631166666667,42.744375,94.35,0.2435118333333333,25.5,3,4
2025-10-03,4.8,London Marylebone Road,London,Westminster,Greater London,Greater London Urban Area,Urban Traffic,51.52253,-0.154611,England,London Central,0,2,1,1,2025,10,3,4,276,40,4,0,1,8,18,Autumn,3,-0.8660254037844386,0.5000000000000001,-0.9992500112396836,0.0387222808921739,-0.433883739117558,-0.9009688679024191,-0.992708874098054,0.1205366802553232,11.9,6.8,9.46666666666667,4.042688874169414,27.73191458333333,30.05993,30.9346875,76.9940625,0.1654134166666666,11.6,4,4
2025-10-04,4.2,London Marylebone Road,London,Westminster,Greater London,Greater London Urban Area,Urban Traffic,51.52253,-0.154611,England,London Central,0,2,1,1,2025,10,4,5,277,40,4,1,0,8,18,Autumn,3,-0.8660254037844386,0.5000000000000001,-0.9984354211555644,0.055916990100603,-0.9749279121818236,-0.2225209339563146,-0.992708874098054,0.1205366802553232,4.8,9.7,6.966666666666671,4.282911782109592,37.67715291666666,19.4266975,25.30078125,55.0640625,0.1392189166666666,,5,4
2025-10-05,3.9,London Marylebone Road,London,Westminster,Greater London,Greater London Urban Area,Urban Traffic,51.52253,-0.154611,England,London Central,0,2,1,1,2025,10,5,6,278,40,4,1,0,8,18,Autumn,3,-0.8660254037844386,0.5000000000000001,-0.9973249731081556,0.0730951298980777,-0.7818314824680299,0.6234898018587334,-0.992708874098054,0.1205366802553232,4.2,9.6,4.300000000000005,0.4582575694953734,36.08890833333333,10.591655833333332,21.2446875,37.46109375,0.0902255,14.5,6,4
2025-10-06,6.3,London Marylebone Road,London,Westminster,Greater London,Greater London Urban Area,Urban Traffic,51.52253,-0.154611,England,London Central,0,2,1,1,2025,10,6,0,279,41,4,0,1,8,18,Autumn,3,-0.8660254037844386,0.5000000000000001,-0.9959189961471792,0.0902516100310407,0.0,1.0,-0.970941817426052,0.2393156642875573,3.9,9.8,4.800000000000005,1.3076696830621293,16.580940833333333,39.80446125,40.44140625,101.42625,0.19063775,22.8,0,4
2025-10-07,6.7,London Marylebone Road,London,Westminster,Greater London,Greater London Urban Area,Urban Traffic,51.52253,-0.154611,England,London Central,0,2,1,1,2025,10,7,1,280,41,4,0,1,8,18,Autumn,3,-0.8660254037844386,0.5000000000000001,-0.994217906893952,0.107381346664163,0.7818314824680298,0.6234898018587336,-0.970941817426052,0.2393156642875573,6.3,11.4,5.633333333333337,1.514375558880012,18.47685583333333,39.15482583333333,42.35390625,102.3346875,0.2013095833333333,20.0,1,4
2025-10-08,5.9,London Marylebone Road,London,Westminster,Greater London,Greater London Urban Area,Urban Traffic,51.52253,-0.154611,England,London Central,0,2,1,1,2025,10,8,2,281,41,4,0,1,8,18,Autumn,3,-0.8660254037844386,0.5000000000000001,-0.9922222094179324,0.1244792638867886,0.9749279121818236,-0.2225209339563143,-0.970941817426052,0.2393156642875573,6.7,11.7,6.300000000000004,0.3999999999997745,17.229543333333332,21.64585208333333,32.70375,65.8378125,0.1367934999999999,16.8,2,4
2025-10-09,7.7,London Marylebone Road,London,Westminster,Greater London,Greater London Urban Area,Urban Traffic,51.52253,-0.154611,England,London Central,0,2,1,1,2025,10,9,3,282,41,4,0,1,8,18,Autumn,3,-0.8660254037844386,0.5000000000000001,-0.989932495087353,0.141540295217043,0.4338837391175582,-0.900968867902419,-0.970941817426052,0.2393156642875573,5.9,11.9,6.766666666666672,0.9018499505644804,22.61793333333333,24.8524525,38.46515625,76.53984375,0.1348531666666666,20.6,3,4
2025-10-10,7.5,London Marylebone Road,London,Westminster,Greater London,Greater London Urban Area,Urban Traffic,51.52253,-0.154611,England,London Central,0,2,1,1,2025,10,10,4,283,41,4,0,1,8,18,Autumn,3,-0.8660254037844386,0.5000000000000001,-0.9873494423939864,0.1585593851031347,-0.433883739117558,-0.9009688679024191,-0.970941817426052,0.2393156642875573,7.7,4.8,7.0333333333333385,0.9865765724631602,29.619514166666665,10.971042916666669,23.11734375,39.93140625,0.0999271666666666,15.3,4,4
2025-10-11,11.9,London Marylebone Road,London,Westminster,Greater London,Greater London Urban Area,Urban Traffic,51.52253,-0.154611,England,London Central,0,2,1,1,2025,10,11,5,284,41,4,1,0,8,18,Autumn,3,-0.8660254037844386,0.5000000000000001,-0.9844738167520924,0.1755314904214277,-0.9749279121818236,-0.2225209339563146,-0.970941817426052,0.2393156642875573,7.5,4.2,9.03333333333334,2.484619353811197,26.21850875,12.374255416666664,28.209375,47.1271875,0.14989075,19.7,5,4
2025-10-12,14.8,London Marylebone Road,London,Westminster,Greater London,Greater London Urban Area,Urban Traffic,51.52253,-0.154611,England,London Central,0,2,1,1,2025,10,12,6,285,41,4,1,0,8,18,Autumn,3,-0.8660254037844386,0.5000000000000001,-0.9813064702716092,0.1924515819708299,-0.7818314824680299,0.6234898018587334,-0.970941817426052,0.2393156642875573,11.9,3.9,11.400000000000006,3.675595189897801,27.38266708333333,8.897406666666667,22.599375,36.23390625,0.14989075,22.9,6,4
2025-10-13,4.7,London Marylebone Road,London,Westminster,Greater London,Greater London Urban Area,Urban Traffic,51.52253,-0.154611,England,London Central,0,2,1,1,2025,10,13,0,286,42,4,0,1,8,18,Autumn,3,-0.8660254037844386,0.5000000000000001,-0.9778483415056568,0.2093146459630488,0.0,1.0,-0.9350162426854148,0.3546048870425355,14.8,6.3,10.466666666666672,5.200320502943369,27.374351666666666,6.335244583333334,15.6984375,25.3725,0.06548625,9.7,0,4
2025-10-14,2.8,London Marylebone Road,London,Westminster,Greater London,Greater London Urban Area,Urban Traffic,51.52253,-0.154611,England,London Central,0,2,1,1,2025,10,14,1,287,42,4,0,1,8,18,Autumn,3,-0.8660254037844386,0.5000000000000001,-0.9741004551724206,0.226115685508288,0.7818314824680298,0.6234898018587336,-0.9350162426854148,0.3546048870425355,4.7,6.7,7.433333333333337,6.450064599159698,34.666972083333334,5.97144875,11.62640625,20.7665625,0.0548144166666666,6.0,1,4
2025-10-15,3.0,London Marylebone Road,London,Westminster,Greater London,Greater London Urban Area,Urban Traffic,51.52253,-0.154611,England,London Central,0,2,1,1,2025,10,15,2,288,42,4,0,1,8,18,Autumn,3,-0.8660254037844386,0.5000000000000001,-0.970063921851507,0.2428497220959358,0.9749279121818236,-0.2225209339563143,-0.9350162426854148,0.3546048870425355,2.8,5.9,3.500000000000005,1.0440306508909574,40.17177791666666,4.916440833333334,15.22828125,22.76671875,0.0669415,6.6,2,4
2025-10-16,4.4,London Marylebone Road,London,Westminster,Greater London,Greater London Urban Area,Urban Traffic,51.52253,-0.154611,England,London Central,0,2,1,1,2025,10,16,3,289,42,4,0,1,8,18,Autumn,3,-0.8660254037844386,0.5000000000000001,-0.965739937654855,0.2595117970697994,0.4338837391175582,-0.900968867902419,-0.9350162426854148,0.3546048870425355,3.0,7.7,3.4000000000000044,0.8717797887080175,35.74797625,9.3859325,21.5953125,36.01078125,0.1115691666666666,11.5,3,4
2025-10-17,6.0,London Marylebone Road,London,Westminster,Greater London,Greater London Urban Area,Urban Traffic,51.52253,-0.154611,England,London Central,0,2,1,1,2025,10,17,4,290,42,4,0,1,8,18,Autumn,3,-0.8660254037844386,0.5000000000000001,-0.9611297838723007,0.2760969730974688,-0.433883739117558,-0.9009688679024191,-0.9350162426854148,0.3546048870425355,4.4,7.5,4.466666666666671,1.5011106998929606,36.2718475,10.7579625,24.735,41.214375,0.1348531666666666,15.0,4,4
2025-10-18,9.7,London Marylebone Road,London,Westminster,Greater London,Greater London Urban Area,Urban Traffic,51.52253,-0.154611,England,London Central,0,2,1,1,2025,10,18,5,291,42,4,1,0,8,18,Autumn,3,-0.8660254037844386,0.5000000000000001,-0.9562348265919058,0.2926003356333479,-0.9749279121818236,-0.2225209339563146,-0.9350162426854148,0.3546048870425355,6.0,11.9,6.7000000000000055,2.7184554438136024,32.10582375,21.994056666666665,30.57609375,64.26796875,0.2158620833333333,19.2,5,4
2025-10-19,7.3,London Marylebone Road,London,Westminster,Greater London,Greater London Urban Area,Urban Traffic,51.52253,-0.154611,England,London Central,0,2,1,1,2025,10,19,6,292,42,4,1,0,8,18,Autumn,3,-0.8660254037844386,0.5000000000000001,-0.9510565162951536,0.3090169943749472,-0.7818314824680299,0.6234898018587334,-0.9350162426854148,0.3546048870425355,9.7,14.8,7.666666666666671,1.8770544300400955,28.796287916666667,17.9299375,19.57125,47.02359375,0.21974275,14.6,6,4
2025-10-20,8.4,London Marylebone Road,London,Westminster,Greater London,Greater London Urban Area,Urban Traffic,51.52253,-0.154611,England,London Central,0,2,1,1,2025,10,20,0,293,43,4,0,1,8,18,Autumn,3,-0.8660254037844386,0.5000000000000001,-0.9455963874271428,0.3253420847119795,0.0,1.0,-0.8854560256532101,0.464723172043768,7.3,4.7,8.46666666666667,1.2013880860625974,22.060800416666662,32.90793166666666,31.73953125,82.18171875,0.238661,16.7,0,4
2025-10-21,7.2,London Marylebone Road,London,Westminster,Greater London,Greater London Urban Area,Urban Traffic,51.52253,-0.154611,England,London Central,0,2,1,1,2025,10,21,1,294,43,4,0,1,8,18,Autumn,3,-0.8660254037844386,0.5000000000000001,-0.9398560579418952,0.341570769167856,0.7818314824680298,0.6234898018587336,-0.8854560256532101,0.464723172043768,8.4,2.8,7.633333333333337,0.6658328118478003,19.403646818181816,41.1920825,29.0540625,92.1825,0.3191848333333333,21.1,1,4
2025-10-22,6.6,London Marylebone Road,London,Westminster,Greater London,Greater London Urban Area,Urban Traffic,51.52253,-0.154611,England,London Central,0,2,1,1,2025,10,22,2,295,43,4,0,1,8,18,Autumn,3,-0.8660254037844386,0.5000000000000001,-0.9338372288229252,0.3576982388331254,0.9749279121818236,-0.2225209339563143,-0.8854560256532101,0.464723172043768,7.2,3.0,7.400000000000005,0.9165151389910666,12.37334,40.20102130434783,29.63543478260869,91.25119565217392,0.3087660869565217,17.5,2,4
2025-10-23,3.1,London Marylebone Road,London,Westminster,Greater London,Greater London Urban Area,Urban Traffic,51.52253,-0.154611,England,London Central,0,2,1,1,2025,10,23,3,296,43,4,0,1,8,18,Autumn,3,-0.8660254037844386,0.5000000000000001,-0.9275416835791964,0.3737197147904692,0.4338837391175582,-0.900968867902419,-0.8854560256532101,0.464723172043768,6.6,4.4,5.633333333333337,2.214347157365606,26.54281,10.051159166666666,17.053125,32.464687500000004,0.2013095833333333,7.1,3,4
2025-10-24,4.5,London Marylebone Road,London,Westminster,Greater London,Greater London Urban Area,Urban Traffic,51.52253,-0.154611,England,London Central,0,2,1,1,2025,10,24,4,297,43,4,0,1,8,18,Autumn,3,-0.8660254037844386,0.5000000000000001,-0.9209712877166346,0.3896304495307877,-0.433883739117558,-0.9009688679024191,-0.8854560256532101,0.464723172043768,3.1,6.0,4.733333333333339,1.761628034896452,29.22037416666667,32.310267083333336,30.91875,80.4365625,0.2963859166666666,15.0,4,4
2025-10-25,3.7,London Marylebone Road,London,Westminster,Greater London,Greater London Urban Area,Urban Traffic,51.52253,-0.154611,England,London Central,0,2,1,1,2025,10,25,5,298,43,4,1,0,8,18,Autumn,3,-0.8660254037844386,0.5000000000000001,-0.9141279881853336,0.4054257283599973,-0.9749279121818236,-0.2225209339563146,-0.8854560256532101,0.464723172043768,4.5,9.7,3.766666666666672,0.7023769168567048,29.75256083333333,13.366898333333332,22.78265625,43.29421875,0.2357505,9.4,5,4
2025-10-26,3.0,London Marylebone Road,London,Westminster,Greater London,Greater London Urban Area,Urban Traffic,51.52253,-0.154611,England,London Central,0,2,1,1,2025,10,26,6,299,43,4,1,0,8,18,Autumn,3,-0.8660254037844386,0.5000000000000001,-0.9070138128026362,0.4211008707960891,-0.7818314824680299,0.6234898018587334,-0.8854560256532101,0.464723172043768,3.7,7.3,3.7333333333333374,0.7505553499463784,29.71857608695652,20.78313625,25.65140625,57.52640625,0.2687361666666666,7.9,6,4
2025-10-27,4.8,London Marylebone Road,London,Westminster,Greater London,Greater London Urban Area,Urban Traffic,51.52253,-0.154611,England,London Central,0,2,1,1,2025,10,27,0,300,44,4,0,1,8,18,Autumn,3,-0.8660254037844386,0.5000000000000001,-0.8996308696522434,0.4366512319560638,0.0,1.0,-0.822983865893657,0.5680647467311548,3.0,8.4,3.833333333333338,0.9073771725876352,32.396863333333336,17.519367916666667,26.2490625,53.06390625,0.24593725,15.7,0,4
2025-10-28,5.0,London Marylebone Road,London,Westminster,Greater London,Greater London Urban Area,Urban Traffic,51.52253,-0.154611,England,London Central,0,2,1,1,2025,10,28,1,301,44,4,0,1,8,18,Autumn,3,-0.8660254037844386,0.5000000000000001,-0.8919813464595487,0.4520722039323037,0.7818314824680298,0.6234898018587336,-0.822983865893657,0.5680647467311548,4.8,7.2,4.266666666666672,1.1015141094571297,31.415644166666667,32.78839875,34.87125,85.12218750000001,0.2963859166666666,16.0,1,4
2025-10-29,4.7,London Marylebone Road,London,Westminster,Greater London,Greater London Urban Area,Urban Traffic,51.52253,-0.154611,England,London Central,0,2,1,1,2025,10,29,2,302,44,4,0,1,8,18,Autumn,3,-0.8660254037844386,0.5000000000000001,-0.8840675099433637,0.467359217158002,0.9749279121818236,-0.2225209339563143,-0.822983865893657,0.5680647467311548,5.0,6.6,4.833333333333338,0.15275252316455,23.358005416666668,40.79710416666666,38.6484375,101.203125,0.33907325,12.5,2,4
2025-10-30,5.1,London Marylebone Road,London,Westminster,Greater London,Greater London Urban Area,Urban Traffic,51.52253,-0.154611,England,London Central,0,2,1,1,2025,10,30,3,303,44,4,0,1,8,18,Autumn,3,-0.8660254037844386,0.5000000000000001,-0.8758917051442433,0.4825077417612176,0.4338837391175582,-0.900968867902419,-0.822983865893657,0.5680647467311548,4.7,3.1,4.933333333333338,0.2081665999461416,20.771910833333333,41.6286375,36.88734375,100.693125,0.325976,19.4,3,4
2025-10-31,4.5,London Marylebone Road,London,Westminster,Greater London,Greater London Urban Area,Urban Traffic,51.52253,-0.154611,England,London Central,0,2,1,1,2025,10,31,4,304,44,4,0,1,8,18,Autumn,3,-0.8660254037844386,0.5000000000000001,-0.8674563547295971,0.4975132889071803,-0.433883739117558,-0.9009688679024191,-0.822983865893657,0.5680647467311548,5.1,4.5,4.766666666666672,0.3055050463300662,27.540660000000003,30.5900325,32.74359375,79.62375,0.2861991666666666,14.1,4,4
2025-11-01,4.6,London Marylebone Road,London,Westminster,Greater London,Greater London Urban Area,Urban Traffic,51.52253,-0.154611,England,London Central,0,2,1,1,2025,11,1,5,305,44,4,1,0,8,18,Autumn,3,-0.5000000000000004,0.8660254037844384,-0.8587639582758031,0.5123714121284235,-0.9749279121818236,-0.2225209339563146,-0.822983865893657,0.5680647467311548,4.5,3.7,4.733333333333338,0.3214550253661246,38.31744,24.59259833333333,29.611875,67.31203125,0.2876544166666666,14.3,5,4
2025-11-02,4.7,London Marylebone Road,London,Westminster,Greater London,Greater London Urban Area,Urban Traffic,51.52253,-0.154611,England,London Central,0,2,1,1,2025,11,2,6,306,44,4,1,0,8,18,Autumn,3,-0.5000000000000004,0.8660254037844384,-0.8498170915275277,0.5270777086423724,-0.7818314824680299,0.6234898018587334,-0.822983865893657,0.5680647467311548,4.6,3.0,4.600000000000005,0.0999999999990099,27.75686083333333,23.459634166666664,34.43296875,70.3959375,0.30123675,12.5,6,4
2025-11-03,4.2,London Marylebone Road,London,Westminster,Greater London,Greater London Urban Area,Urban Traffic,51.52253,-0.154611,England,London Central,0,2,1,1,2025,11,3,0,307,45,4,0,1,8,18,Autumn,3,-0.5000000000000004,0.8660254037844384,-0.8406184056344783,0.5416278206559811,0.0,1.0,-0.7485107481711011,0.6631226582407952,4.7,4.8,4.500000000000004,0.2645751311060837,40.00546958333333,23.017882083333333,27.48421875,62.7459375,0.2241085,17.6,0,4
2025-11-04,4.7,London Marylebone Road,London,Westminster,Greater London,Greater London Urban Area,Urban Traffic,51.52253,-0.154611,England,London Central,0,2,1,1,2025,11,4,1,308,45,4,0,1,8,18,Autumn,3,-0.5000000000000004,0.8660254037844384,-0.8311706263658079,0.5560174366570446,0.7818314824680298,0.6234898018587336,-0.7485107481711011,0.6631226582407952,4.2,5.0,4.5333333333333385,0.2886751345944693,32.9789425,25.66839458333333,27.08578125,66.4275,0.2410864166666666,17.4,1,4
2025-11-05,8.8,London Marylebone Road,London,Westminster,Greater London,Greater London Urban Area,Urban Traffic,51.52253,-0.154611,England,London Central,0,2,1,1,2025,11,5,2,309,45,4,0,1,8,18,Autumn,3,-0.5000000000000004,0.8660254037844384,-0.8214765533024145,0.5702422926917867,0.9749279121818236,-0.2225209339563143,-0.7485107481711011,0.6631226582407952,4.7,4.7,5.900000000000006,2.523885892824755,26.243455,29.273588695652176,33.45211956521739,78.34597826086956,0.2738400869565217,20.7,2,4
2025-11-06,8.2,London Marylebone Road,London,Westminster,Greater London,Greater London Urban Area,Urban Traffic,51.52253,-0.154611,England,London Central,0,2,1,1,2025,11,6,3,310,45,4,0,1,8,18,Autumn,3,-0.5000000000000004,0.8660254037844384,-0.8115390590073611,0.5842981736283683,0.4338837391175582,-0.900968867902419,-0.7485107481711011,0.6631226582407952,8.8,5.1,7.233333333333339,2.214347157365608,16.644138,36.3899775,35.75578125,91.5290625,0.2847439166666666,19.5,3,4
2025-11-07,7.3,London Marylebone Road,London,Westminster,Greater London,Greater London Urban Area,Urban Traffic,51.52253,-0.154611,England,London Central,0,2,1,1,2025,11,7,4,311,45,4,0,1,8,18,Autumn,3,-0.5000000000000004,0.8660254037844384,-0.801361088174677,0.5981809144059159,-0.433883739117558,-0.9009688679024191,-0.7485107481711011,0.6631226582407952,8.2,4.5,8.100000000000005,0.7549834435269568,23.42452875,26.14652625,26.9503125,66.9853125,0.2376908333333333,15.3,4,4
2025-11-08,12.4,London Marylebone Road,London,Westminster,Greater London,Greater London Urban Area,Urban Traffic,51.52253,-0.154611,England,London Central,0,2,1,1,2025,11,8,5,312,45,4,1,0,8,18,Autumn,3,-0.5000000000000004,0.8660254037844384,-0.7909456567567774,0.6118864012687242,-0.9749279121818236,-0.2225209339563146,-0.7485107481711011,0.6631226582407952,7.3,4.6,9.300000000000006,2.7221315177632093,20.33119375,29.57660125,34.79953125,80.10984375,0.2774676666666666,24.2,5,4
2025-11-09,8.8,London Marylebone Road,London,Westminster,Greater London,Greater London Urban Area,Urban Traffic,51.52253,-0.154611,England,London Central,0,2,1,1,2025,11,9,6,313,45,4,1,0,8,18,Autumn,3,-0.5000000000000004,0.8660254037844384,-0.780295851070776,0.6254105729852457,-0.7818314824680299,0.6234898018587334,-0.7485107481711011,0.6631226582407952,12.4,4.7,9.500000000000004,2.6210684844161998,20.84204956521739,25.04994166666667,29.22140625,67.59093750000001,0.2643704166666666,20.8,6,4
2025-11-10,4.4,London Marylebone Road,London,Westminster,Greater London,Greater London Urban Area,Urban Traffic,51.52253,-0.154611,England,London Central,0,2,1,1,2025,11,10,0,314,46,4,0,1,8,18,Autumn,3,-0.5000000000000004,0.8660254037844384,-0.7694148268839381,0.6387494220515268,0.0,1.0,-0.6631226582407955,0.7485107481711007,8.8,4.2,8.533333333333339,4.006661120351104,26.98352708333333,31.82693833333333,31.64390625,80.42859375,0.19354825,12.1,0,4
2025-11-11,5.0,London Marylebone Road,London,Westminster,Greater London,Greater London Urban Area,Urban Traffic,51.52253,-0.154611,England,London Central,0,2,1,1,2025,11,11,1,315,46,4,0,1,8,18,Autumn,3,-0.5000000000000004,0.8660254037844384,-0.7583058084785625,0.6518989958787125,0.7818314824680298,0.6234898018587336,-0.6631226582407955,0.7485107481711007,4.4,4.7,6.066666666666673,2.3860706890897307,27.21635875,28.38127208333333,31.2853125,74.7628125,0.15862225,18.5,1,4
2025-11-12,7.7,London Marylebone Road,London,Westminster,Greater London,Greater London Urban Area,Urban Traffic,51.52253,-0.154611,England,London Central,0,2,1,1,2025,11,12,2,316,46,4,0,1,8,18,Autumn,3,-0.5000000000000004,0.8660254037844384,-0.7469720876965551,0.6648553979642866,0.9749279121818236,-0.2225209339563143,-0.6631226582407955,0.7485107481711007,5.0,8.8,5.700000000000006,1.7578395831246396,22.06911583333333,31.8373325,30.855,79.63171875,0.1838465833333333,21.4,2,4
2025-11-13,7.4,London Marylebone Road,London,Westminster,Greater London,Greater London Urban Area,Urban Traffic,51.52253,-0.154611,England,London Central,0,2,1,1,2025,11,13,3,317,46,4,0,1,8,18,Autumn,3,-0.5000000000000004,0.8660254037844384,-0.7354170229639858,0.6776147890466887,0.4338837391175582,-0.900968867902419,-0.6631226582407955,0.7485107481711007,7.7,8.2,6.700000000000006,1.4798648586948118,26.576071666666667,26.598672500000003,33.8990625,74.65124999999999,0.1426145,24.0,3,4
2025-11-14,12.5,London Marylebone Road,London,Westminster,Greater London,Greater London Urban Area,Urban Traffic,51.52253,-0.154611,England,London Central,0,2,1,1,2025,11,14,4,318,46,4,0,1,8,18,Autumn,3,-0.5000000000000004,0.8660254037844384,-0.7236440382959123,0.690173388242972,-0.433883739117558,-0.9009688679024191,-0.6631226582407955,0.7485107481711007,7.4,7.3,9.200000000000006,2.861817604250808,5.16387375,63.29527791666666,41.3578125,138.41718749999998,0.3031981739130435,29.5,4,4
2025-11-15,7.4,London Marylebone Road,London,Westminster,Greater London,Greater London Urban Area,Urban Traffic,51.52253,-0.154611,England,London Central,0,2,1,1,2025,11,15,5,319,46,4,1,0,8,18,Autumn,3,-0.5000000000000004,0.8660254037844384,-0.7116566222817751,0.7025274741691566,-0.9749279121818236,-0.2225209339563146,-0.6631226582407955,0.7485107481711007,12.5,12.4,9.100000000000009,2.944486372867063,13.803591666666668,15.523687916666669,22.5834375,46.33828125,0.2114963333333333,15.2,5,4
2025-11-16,2.9,London Marylebone Road,London,Westminster,Greater London,Greater London Urban Area,Urban Traffic,51.52253,-0.154611,England,London Central,0,2,1,1,2025,11,16,6,320,46,4,1,0,8,18,Autumn,3,-0.5000000000000004,0.8660254037844384,-0.6994583270516471,0.7146733860429609,-0.7818314824680299,0.6234898018587334,-0.6631226582407955,0.7485107481711007,7.4,8.8,7.600000000000006,4.803123983409113,46.599595,3.679535,7.19578125,12.83765625,0.1736598333333333,8.9,6,4
2025-11-17,4.0,London Marylebone Road,London,Westminster,Greater London,Greater London Urban Area,Urban Traffic,51.52253,-0.154611,England,London Central,0,2,1,1,2025,11,17,0,321,47,4,0,1,8,18,Autumn,3,-0.5000000000000004,0.8660254037844384,-0.6870527672236675,0.726607524768565,0.0,1.0,-0.5680647467311559,0.8229838658936564,2.9,4.4,4.766666666666673,2.34591844132168,37.63557583333333,10.908677916666669,19.6190625,36.34546875,0.2425416666666666,14.3,0,4
2025-11-18,9.1,London Marylebone Road,London,Westminster,Greater London,Greater London Urban Area,Urban Traffic,51.52253,-0.154611,England,London Central,0,2,1,1,2025,11,18,1,322,47,4,0,1,8,18,Autumn,3,-0.5000000000000004,0.8660254037844384,-0.6744436188329457,0.7383263540031063,0.7818314824680298,0.6234898018587336,-0.5680647467311559,0.8229838658936564,4.0,5.0,5.333333333333339,3.308070938376797,14.418932500000002,57.022398333333335,44.61703125,132.01828125,0.4443363333333334,22.5,1,4
2025-11-19,3.0,London Marylebone Road,London,Westminster,Greater London,Greater London Urban Area,Urban Traffic,51.52253,-0.154611,England,London Central,0,2,1,1,2025,11,19,2,323,47,4,0,1,8,18,Autumn,3,-0.5000000000000004,0.8660254037844384,-0.661634618242279,0.749826401204568,0.9749279121818236,-0.2225209339563143,-0.5680647467311559,0.8229838658936564,9.1,7.7,5.366666666666672,3.2715949219506286,43.263305217391306,9.566248695652174,17.129347826086956,31.78907608695652,0.2384079130434782,6.5,2,4
2025-11-20,4.2,London Marylebone Road,London,Westminster,Greater London,Greater London Urban Area,Urban Traffic,51.52253,-0.154611,England,London Central,0,2,1,1,2025,11,20,3,324,47,4,0,1,8,18,Autumn,3,-0.5000000000000004,0.8660254037844384,-0.6486295610349818,0.7611042586607742,0.4338837391175582,-0.900968867902419,-0.5680647467311559,0.8229838658936564,3.0,7.4,5.43333333333334,3.231614663497667,34.80327260869565,15.321001666666666,26.60765625,50.06765625,0.2905649166666667,13.2,3,4
2025-11-21,8.4,London Marylebone Road,London,Westminster,Greater London,Greater London Urban Area,Urban Traffic,51.52253,-0.154611,England,London Central,0,2,1,1,2025,11,21,4,325,47,4,0,1,8,18,Autumn,3,-0.5000000000000004,0.8660254037844384,-0.6354323008901775,0.7721565844991641,-0.433883739117558,-0.9009688679024191,-0.5680647467311559,0.8229838658936564,4.2,12.5,5.2000000000000055,2.835489375751531,26.052200416666665,33.19896833333333,33.34921875,84.245625,0.3807904166666667,20.9,4,4
2025-11-22,5.1,London Marylebone Road,London,Westminster,Greater London,Greater London Urban Area,Urban Traffic,51.52253,-0.154611,England,London Central,0,2,1,1,2025,11,22,5,326,47,4,1,0,8,18,Autumn,3,-0.5000000000000004,0.8660254037844384,-0.622046748440868,0.7829801036770625,-0.9749279121818236,-0.2225209339563146,-0.5680647467311559,0.8229838658936564,8.4,7.4,5.900000000000006,2.211334438749556,26.850480416666667,25.4137375,37.8834375,76.8028125,0.3405285,15.3,5,4
2025-11-23,4.1,London Marylebone Road,London,Westminster,Greater London,Greater London Urban Area,Urban Traffic,51.52253,-0.154611,England,London Central,0,2,1,1,2025,11,23,6,327,47,4,1,0,8,18,Autumn,3,-0.5000000000000004,0.8660254037844384,-0.6084768701151264,0.7935716089521472,-0.7818314824680299,0.6234898018587334,-0.5680647467311559,0.8229838658936564,5.1,2.9,5.866666666666672,2.250185177564981,31.116289166666665,25.470905416666668,28.67953125,67.7025,0.3269883478260869,12.2,6,4
2025-11-24,3.2,London Marylebone Road,London,Westminster,Greater London,Greater London Urban Area,Urban Traffic,51.52253,-0.154611,England,London Central,0,2,1,1,2025,11,24,0,328,48,4,0,1,8,18,Autumn,3,-0.5000000000000004,0.8660254037844384,-0.594726686960764,0.8039279618328208,0.0,1.0,-0.4647231720437684,0.88545602565321,4.1,4.0,4.133333333333339,0.9504384952921078,33.198035652173914,19.479572173913045,21.453260869565216,51.313206521739126,0.267766,10.0,0,4
2025-11-25,3.6,London Marylebone Road,London,Westminster,Greater London,Greater London Urban Area,Urban Traffic,51.52253,-0.154611,England,London Central,0,2,1,1,2025,11,25,1,329,48,4,0,1,8,18,Autumn,3,-0.5000000000000004,0.8660254037844384,-0.5808002734538013,0.8140460935082175,0.7818314824680298,0.6234898018587336,-0.4647231720437684,0.88545602565321,3.2,9.1,3.633333333333338,0.4509249752820535,36.3716325,6.589901666666666,18.2803125,28.3846875,0.2376908333333333,9.7,1,4
2025-11-26,11.0,London Marylebone Road,London,Westminster,Greater London,Greater London Urban Area,Urban Traffic,51.52253,-0.154611,England,London Central,0,2,1,1,2025,11,26,2,330,48,4,0,1,8,18,Autumn,3,-0.5000000000000004,0.8660254037844384,-0.5667017562911184,0.8239230057575536,0.9749279121818236,-0.2225209339563143,-0.4647231720437684,0.88545602565321,3.6,3.0,5.93333333333334,4.392417709341081,15.250474166666663,55.36452875,43.605,128.488125,0.41474625,29.0,2,4
2025-11-27,3.5,London Marylebone Road,London,Westminster,Greater London,Greater London Urban Area,Urban Traffic,51.52253,-0.154611,England,London Central,0,2,1,1,2025,11,27,3,331,48,4,0,1,8,18,Autumn,3,-0.5000000000000004,0.8660254037844384,-0.5524353131676203,0.8335557718385695,0.4338837391175582,-0.900968867902419,-0.4647231720437684,0.88545602565321,11.0,4.2,6.0333333333333385,4.30155010819741,33.9767925,31.50991625,28.0340625,76.340625,0.2478775833333333,8.6,3,4
2025-11-28,5.7,London Marylebone Road,London,Westminster,Greater London,Greater London Urban Area,Urban Traffic,51.52253,-0.154611,England,London Central,0,2,1,1,2025,11,28,4,332,48,4,0,1,8,18,Autumn,3,-0.5000000000000004,0.8660254037844384,-0.5380051715382992,0.8429415373547832,-0.433883739117558,-0.9009688679024191,-0.4647231720437684,0.88545602565321,3.5,8.4,6.733333333333339,3.855299383100249,32.59643333333333,33.78623875,30.265312500000004,82.014375,0.2711615833333333,28.4,4,4
2025-11-29,3.8,London Marylebone Road,London,Westminster,Greater London,Greater London Urban Area,Urban Traffic,51.52253,-0.154611,England,London Central,0,2,1,1,2025,11,29,5,333,48,4,1,0,8,18,Autumn,3,-0.5000000000000004,0.8660254037844384,-0.5234156073655503,0.8520775211013093,-0.9749279121818236,-0.2225209339563146,-0.4647231720437684,0.88545602565321,5.7,5.1,4.333333333333338,1.1930353445448043,32.61306416666667,29.119257916666665,31.125937500000003,75.79078125,0.28086325,13.9,5,4
2025-11-30,4.6,London Marylebone Road,London,Westminster,Greater London,Greater London Urban Area,Urban Traffic,51.52253,-0.154611,England,London Central,0,2,1,1,2025,11,30,6,334,48,4,1,0,8,18,Autumn,3,-0.5000000000000004,0.8660254037844384,-0.5086709438521042,0.8609610158889945,-0.7818314824680299,0.6234898018587334,-0.4647231720437684,0.88545602565321,3.8,4.1,4.7000000000000055,0.9539392014168462,28.06453125,26.375197916666668,35.32546875,75.77484375,0.2944455833333333,12.0,6,4
2025-12-01,3.5,London Marylebone Road,London,Westminster,Greater London,Greater London Urban Area,Urban Traffic,51.52253,-0.154611,England,London Central,0,2,1,1,2025,12,1,0,335,49,4,0,1,8,18,Winter,0,-2.4492935982947064e-16,1.0,-0.4937755501599773,0.8695893893466109,0.0,1.0,-0.3546048870425359,0.9350162426854148,4.6,3.2,3.966666666666672,0.5686240703075589,42.12590083333333,21.037793333333333,23.65921875,55.8928125,0.17608525,10.5,0,4
2025-12-02,4.8,London Marylebone Road,London,Westminster,Greater London,Greater London Urban Area,Urban Traffic,51.52253,-0.154611,England,London Central,0,2,1,1,2025,12,2,1,336,49,4,0,1,8,18,Winter,0,-2.4492935982947064e-16,1.0,-0.4787338401157883,0.8779600847008883,0.7818314824680298,0.6234898018587336,-0.3546048870425359,0.9350162426854148,3.5,3.6,4.300000000000005,0.699999999999861,29.993707916666665,36.72778791666666,38.728125,95.01140625,0.2478775833333333,14.9,1,4
2025-12-03,6.5,London Marylebone Road,London,Westminster,Greater London,Greater London Urban Area,Urban Traffic,51.52253,-0.154611,England,London Central,0,2,1,1,2025,12,3,2,337,49,4,0,1,8,18,Winter,0,-2.4492935982947064e-16,1.0,-0.4635502709028512,0.8860706215341378,0.9749279121818236,-0.2225209339563143,-0.3546048870425359,0.9350162426854148,4.8,11.0,4.933333333333338,1.5044378795195046,19.297551304347827,41.07018727272728,48.099375,111.06409090909092,0.2926375454545454,15.7,2,4
2025-12-04,6.5,London Marylebone Road,London,Westminster,Greater London,Greater London Urban Area,Urban Traffic,51.52253,-0.154611,England,London Central,0,2,1,1,2025,12,4,3,338,49,4,0,1,8,18,Winter,0,-2.4492935982947064e-16,1.0,-0.4482293417404106,0.893918596519257,0.4338837391175582,-0.900968867902419,-0.3546048870425359,0.9350162426854148,6.5,3.5,5.933333333333338,0.9814954576222706,23.9982925,40.5684325,35.7796875,97.92,0.2769825833333333,14.2,3,4
2025-12-05,6.4,London Marylebone Road,London,Westminster,Greater London,Greater London Urban Area,Urban Traffic,51.52253,-0.154611,England,London Central,0,2,1,1,2025,12,5,4,339,49,4,0,1,8,18,Winter,0,-2.4492935982947064e-16,1.0,-0.4327755925504317,0.9015016841318838,-0.433883739117558,-0.9009688679024191,-0.3546048870425359,0.9350162426854148,6.5,5.7,6.466666666666672,0.0577350269174093,24.17291625,40.53725,40.34578125,102.45421875,0.2861991666666666,18.7,4,4
2025-12-06,6.1,London Marylebone Road,London,Westminster,Greater London,Greater London Urban Area,Urban Traffic,51.52253,-0.154611,England,London Central,0,2,1,1,2025,12,6,5,340,49,4,1,0,8,18,Winter,0,-2.4492935982947064e-16,1.0,-0.4171936026123169,0.9088176373395028,-0.9749279121818236,-0.2225209339563146,-0.3546048870425359,0.9350162426854148,6.4,3.8,6.333333333333338,0.2081665999461799,41.33593625,24.4782625,27.11765625,64.610625,0.2299295,19.5,5,4
2025-12-07,4.3,London Marylebone Road,London,Westminster,Greater London,Greater London Urban Area,Urban Traffic,51.52253,-0.154611,England,London Central,0,2,1,1,2025,12,7,6,341,49,4,1,0,8,18,Winter,0,-2.4492935982947064e-16,1.0,-0.4014879892059737,0.9158642882672868,-0.7818314824680299,0.6234898018587334,-0.3546048870425359,0.9350162426854148,6.1,4.6,5.600000000000005,1.1357816691599725,35.415359583333334,19.546230416666667,27.739218750000003,57.69375,0.2376908333333333,13.2,6,4
2025-12-08,5.3,London Marylebone Road,London,Westminster,Greater London,Greater London Urban Area,Urban Traffic,51.52253,-0.154611,England,London Central,0,2,1,1,2025,12,8,0,342,50,4,0,1,8,18,Winter,0,-2.4492935982947064e-16,1.0,-0.3856634062436074,0.9226395488404876,0.0,1.0,-0.2393156642875578,0.970941817426052,4.3,3.5,5.233333333333339,0.9018499505644734,37.311274583333336,25.507285,29.31703125,68.371875,0.2105261666666666,18.8,0,4
2025-12-09,5.5,London Marylebone Road,London,Westminster,Greater London,Greater London Urban Area,Urban Traffic,51.52253,-0.154611,England,London Central,0,2,1,1,2025,12,9,1,343,50,4,0,1,8,18,Winter,0,-2.4492935982947064e-16,1.0,-0.3697245428906732,0.9291414114031744,0.7818314824680298,0.6234898018587336,-0.2393156642875578,0.970941817426052,5.3,4.8,5.0333333333333385,0.6429100507327149,35.49019833333333,24.57700708333333,25.085625,62.75390625,0.1998543333333333,16.2,1,4
2025-12-10,6.9,London Marylebone Road,London,Westminster,Greater London,Greater London Urban Area,Urban Traffic,51.52253,-0.154611,England,London Central,0,2,1,1,2025,12,10,2,344,50,4,0,1,8,18,Winter,0,-2.4492935982947064e-16,1.0,-0.353676122176372,0.935367949313148,0.9749279121818236,-0.2225209339563143,-0.2393156642875578,0.970941817426052,5.5,6.5,5.900000000000006,0.871779788708029,34.367617083333336,39.05088416666667,34.24171875,94.126875,0.261945,27.4,2,4
2025-12-11,6.5,London Marylebone Road,London,Westminster,Greater London,Greater London Urban Area,Urban Traffic,51.52253,-0.154611,England,London Central,0,2,1,1,2025,12,11,3,345,50,4,0,1,8,18,Winter,0,-2.4492935982947064e-16,1.0,-0.3375228995941134,0.941317317512847,0.4338837391175582,-0.900968867902419,-0.2393156642875578,0.970941817426052,6.9,6.5,6.300000000000005,0.7211102550926719,26.684172083333333,39.17561416666667,37.97109375,98.00765625,0.2726168333333333,22.0,3,4
2025-12-12,6.8,London Marylebone Road,London,Westminster,Greater London,Greater London Urban Area,Urban Traffic,51.52253,-0.154611,England,London Central,0,2,1,1,2025,12,12,4,346,50,4,0,1,8,18,Winter,0,-2.4492935982947064e-16,1.0,-0.3212696616923651,0.9469877530760752,-0.433883739117558,-0.9009688679024191,-0.2393156642875578,0.970941817426052,6.5,6.4,6.733333333333339,0.2081665999461824,18.82610333333333,37.45537958333333,34.68,92.07890625,0.2949306666666667,15.7,4,4
2025-12-13,8.7,London Marylebone Road,London,Westminster,Greater London,Greater London Urban Area,Urban Traffic,51.52253,-0.154611,England,London Central,0,2,1,1,2025,12,13,5,347,50,4,1,0,8,18,Winter,0,-2.4492935982947064e-16,1.0,-0.3049212246562894,0.9523775757303972,-0.9749279121818236,-0.2225209339563146,-0.2393156642875578,0.970941817426052,6.8,6.1,7.333333333333338,1.1930353445448112,13.903376666666666,48.821400833333335,46.32234375,121.156875,0.3890368333333333,21.0,5,4
2025-12-14,5.6,London Marylebone Road,London,Westminster,Greater London,Greater London Urban Area,Urban Traffic,51.52253,-0.154611,England,London Central,0,2,1,1,2025,12,14,6,348,50,4,1,0,8,18,Winter,0,-2.4492935982947064e-16,1.0,-0.2884824328806098,0.9574851883550388,-0.7818314824680299,0.6234898018587334,-0.2393156642875578,0.970941817426052,8.7,4.3,7.0333333333333385,1.5631165450257234,30.22653958333333,20.294610416666668,25.659375,56.79328125,0.28086325,14.2,6,4
2025-12-15,8.1,London Marylebone Road,London,Westminster,Greater London,Greater London Urban Area,Urban Traffic,51.52253,-0.154611,England,London Central,0,2,1,1,2025,12,15,0,349,51,4,0,1,8,18,Winter,0,-2.4492935982947064e-16,1.0,-0.2719581575341052,0.9623090774541488,0.0,1.0,-0.1205366802553236,0.992708874098054,5.6,5.3,7.466666666666671,1.644181660685083,24.47227125,28.791841666666667,24.153281250000003,68.2603125,0.2687361666666666,19.4,0,4
2025-12-16,6.1,London Marylebone Road,London,Westminster,Greater London,Greater London Urban Area,Urban Traffic,51.52253,-0.154611,England,London Central,0,2,1,1,2025,12,16,1,350,51,4,0,1,8,18,Winter,0,-2.4492935982947064e-16,1.0,-0.2553532951161881,0.9668478136052772,0.7818314824680298,0.6234898018587336,-0.1205366802553236,0.992708874098054,8.1,5.5,6.600000000000005,1.3228756555322267,20.788541666666667,20.46091708333333,23.810625,55.1596875,0.24593725,15.8,1,4
2025-12-17,8.4,London Marylebone Road,London,Westminster,Greater London,Greater London Urban Area,Urban Traffic,51.52253,-0.154611,England,London Central,0,2,1,1,2025,12,17,2,351,51,4,0,1,8,18,Winter,0,-2.4492935982947064e-16,1.0,-0.2386727660059499,0.9711000518829505,0.9749279121818236,-0.2225209339563143,-0.1205366802553236,0.992708874098054,6.1,6.9,7.533333333333338,1.2503332889006673,16.2150625,43.49439041666667,33.11015625,99.7846875,0.3584765833333334,21.9,2,4
2025-12-18,3.3,London Marylebone Road,London,Westminster,Greater London,Greater London Urban Area,Urban Traffic,51.52253,-0.154611,England,London Central,0,2,1,1,2025,12,18,3,352,51,4,0,1,8,18,Winter,0,-2.4492935982947064e-16,1.0,-0.2219215130041667,0.9750645322571944,0.4338837391175582,-0.900968867902419,-0.1205366802553236,0.992708874098054,8.4,6.5,5.933333333333338,2.5540817005987004,33.836186363636365,24.07289,23.182826086956524,60.06913043478261,0.2546054782608696,7.4,3,4
2025-12-19,5.2,London Marylebone Road,London,Westminster,Greater London,Greater London Urban Area,Urban Traffic,51.52253,-0.154611,England,London Central,0,2,1,1,2025,12,19,4,353,51,4,0,1,8,18,Winter,0,-2.4492935982947064e-16,1.0,-0.2051044998686192,0.9787400799669153,-0.433883739117558,-0.9009688679024191,-0.1205366802553236,0.992708874098054,3.3,6.8,5.633333333333339,2.5774664562964045,29.96044625,34.139640416666666,36.78375,89.0746875,0.343439,20.2,4,4
2025-12-20,6.2,London Marylebone Road,London,Westminster,Greater London,Greater London Urban Area,Urban Traffic,51.52253,-0.154611,England,London Central,0,2,1,1,2025,12,20,5,354,51,4,1,0,8,18,Winter,0,-2.4492935982947064e-16,1.0,-0.1882267098432439,0.9821256058680006,-0.9749279121818236,-0.2225209339563146,-0.1205366802553236,0.992708874098054,5.2,8.7,4.900000000000006,1.473091986265558,25.88589208333333,22.908743333333334,33.12609375,68.22046875,0.3706036666666667,19.1,5,4
2025-12-21,10.9,London Marylebone Road,London,Westminster,Greater London,Greater London Urban Area,Urban Traffic,51.52253,-0.154611,England,London Central,0,2,1,1,2025,12,21,6,355,51,4,1,0,8,18,Winter,0,-2.4492935982947064e-16,1.0,-0.1712931441814778,0.9852201067560606,-0.7818314824680299,0.6234898018587334,-0.1205366802553236,0.992708874098054,6.2,5.6,7.433333333333338,3.0435724623102307,9.00559625,26.156920416666665,31.970625,72.069375,0.3764246666666667,17.3,6,4
2025-12-22,16.0,London Marylebone Road,London,Westminster,Greater London,Greater London Urban Area,Urban Traffic,51.52253,-0.154611,England,London Central,0,2,1,1,2025,12,22,0,356,52,4,0,1,8,18,Winter,0,-2.4492935982947064e-16,1.0,-0.154308820664281,0.9880226656636976,0.0,1.0,6.432490598706546e-16,1.0,10.9,8.1,11.03333333333334,4.901360355384328,4.132762083333334,43.5619525,35.69203125,102.43828125,0.488964,27.4,0,4
2025-12-23,15.3,London Marylebone Road,London,Westminster,Greater London,Greater London Urban Area,Urban Traffic,51.52253,-0.154611,England,London Central,0,2,1,1,2025,12,23,1,357,52,4,0,1,8,18,Winter,0,-2.4492935982947064e-16,1.0,-0.1372787721132651,0.9905324521322229,0.7818314824680298,0.6234898018587336,6.432490598706546e-16,1.0,16.0,6.1,14.066666666666672,2.764657905299171,21.57850625,7.509785416666666,18.328125,29.82703125,0.3599318333333333,22.8,1,4
2025-12-24,5.6,London Marylebone Road,London,Westminster,Greater London,Greater London Urban Area,Urban Traffic,51.52253,-0.154611,England,London Central,0,2,1,1,2025,12,24,2,358,52,4,0,1,8,18,Winter,0,-2.4492935982947064e-16,1.0,-0.1202080448993527,0.9927487224577402,0.9749279121818236,-0.2225209339563143,6.432490598706546e-16,1.0,15.3,8.4,12.300000000000004,5.812916651733435,51.53063708333334,4.3967325,9.3075,16.017187500000002,0.15571175,13.2,2,4
2025-12-25,4.3,London Marylebone Road,London,Westminster,Greater London,Greater London Urban Area,Urban Traffic,51.52253,-0.154611,England,London Central,0,2,1,1,2025,12,25,3,359,52,4,0,1,8,18,Winter,0,-2.4492935982947064e-16,1.0,-0.1031016974474354,0.9946708199115212,0.4338837391175582,-0.900968867902419,6.432490598706546e-16,1.0,5.6,3.3,8.400000000000004,6.010823570859472,58.68189541666666,3.7730825,8.542499999999999,14.27203125,0.1794808333333333,14.1,3,4
2025-12-26,10.2,London Marylebone Road,London,Westminster,Greater London,Greater London Urban Area,Urban Traffic,51.52253,-0.154611,England,London Central,0,2,1,1,2025,12,26,4,360,52,4,0,1,8,18,Winter,0,-2.4492935982947064e-16,1.0,-0.0859647987374467,0.9962981749346076,-0.433883739117558,-0.9009688679024191,6.432490598706546e-16,1.0,4.3,5.2,6.700000000000004,3.099999999999967,34.04331583333333,5.47252875,14.375625,22.750781250000003,0.3031770833333333,17.0,4,4
2025-12-27,3.9,London Marylebone Road,London,Westminster,Greater London,Greater London Urban Area,Urban Traffic,51.52253,-0.154611,England,London Central,0,2,1,1,2025,12,27,5,361,52,4,1,0,8,18,Winter,0,-2.4492935982947064e-16,1.0,-0.0688024268023206,0.9976303053065856,-0.9749279121818236,-0.2225209339563146,6.432490598706546e-16,1.0,10.2,6.2,6.133333333333337,3.527510926040218,46.70769541666667,4.28759375,14.98921875,21.53953125,0.2920201666666667,11.1,5,4
2025-12-28,4.5,London Marylebone Road,London,Westminster,Greater London,Greater London Urban Area,Urban Traffic,51.52253,-0.154611,England,London Central,0,2,1,1,2025,12,28,6,362,52,4,1,0,8,18,Winter,0,-2.4492935982947064e-16,1.0,-0.0516196672232541,0.998666816288476,-0.7818314824680299,0.6234898018587334,6.432490598706546e-16,1.0,3.9,10.9,6.200000000000004,3.4770677301427115,70.11559333333334,3.61717,12.7978125,18.33609375,0.2891096666666666,21.8,6,4
2025-12-29,3.5,London Marylebone Road,London,Westminster,Greater London,Greater London Urban Area,Urban Traffic,51.52253,-0.154611,England,London Central,0,2,1,1,2025,12,29,0,363,1,4,0,1,8,18,Winter,0,-2.4492935982947064e-16,1.0,-0.0344216116227458,0.9994074007397048,0.0,1.0,0.120536680255323,0.992708874098054,4.5,16.0,3.966666666666671,0.5033222956844808,60.66096458333334,3.356370909090909,16.291022727272725,21.42,0.3284014166666666,15.3,0,4
2025-12-30,3.9,London Marylebone Road,London,Westminster,Greater London,Greater London Urban Area,Urban Traffic,51.52253,-0.154611,England,London Central,0,2,1,1,2025,12,30,1,364,1,4,0,1,8,18,Winter,0,-2.4492935982947064e-16,1.0,-0.0172133561558352,0.9998518392091162,0.7818314824680298,0.6234898018587336,0.120536680255323,0.992708874098054,3.5,15.3,3.966666666666671,0.5033222956844808,47.09852,3.954980416666667,19.72265625,25.7709375,0.3599318333333333,11.8,1,4
