Forecast_Origin,Target_Date,Actual_PM25,Predicted_PM25,Residual
2024-12-31,2025-01-01,4.0,8.681409,-4.681408882141113
2024-12-31,2025-01-02,6.4,8.585527,-2.185527420043945
2024-12-31,2025-01-03,13.7,7.460183,6.239816856384277
2024-12-31,2025-01-04,13.499999999999998,7.292444,6.207555770874022
2024-12-31,2025-01-05,3.0,9.427145,-6.427145004272461
2024-12-31,2025-01-06,9.0,7.720117,1.2798829078674316
2024-12-31,2025-01-07,15.0,7.5308867,7.469113349914551
2025-01-01,2025-01-02,6.4,4.92583,1.4741701126098636
2025-01-01,2025-01-03,13.7,6.4595337,7.240466308593749
2025-01-01,2025-01-04,13.499999999999998,6.408439,7.091560840606688
2025-01-01,2025-01-05,3.0,5.182783,-2.1827831268310547
2025-01-01,2025-01-06,9.0,6.5943847,2.4056153297424316
2025-01-01,2025-01-07,15.0,6.0647,8.93529987335205
2025-01-01,2025-01-08,5.733333333333332,6.657285,-0.9239518801371274
2025-01-02,2025-01-03,13.7,5.5287924,8.171207618713378
2025-01-02,2025-01-04,13.499999999999998,7.495106,6.004893779754637
2025-01-02,2025-01-05,3.0,7.1814647,-4.181464672088623
2025-01-02,2025-01-06,9.0,6.433633,2.5663671493530273
2025-01-02,2025-01-07,15.0,7.0375853,7.962414741516113
2025-01-02,2025-01-08,5.733333333333332,7.293843,-1.5605094591776547
2025-01-02,2025-01-09,7.233333333333332,8.012507,-0.7791741053263364
2025-01-03,2025-01-04,13.499999999999998,7.629485,5.87051486968994
2025-01-03,2025-01-05,3.0,8.727163,-5.727163314819336
2025-01-03,2025-01-06,9.0,8.468843,0.5311565399169922
2025-01-03,2025-01-07,15.0,8.254812,6.745187759399414
2025-01-03,2025-01-08,5.733333333333332,8.752425,-3.0190918604532895
2025-01-03,2025-01-09,7.233333333333332,9.017791,-1.784457461039227
2025-01-03,2025-01-10,11.799999999999994,9.361422,2.438578414916986
2025-01-04,2025-01-05,3.0,9.496861,-6.496861457824707
2025-01-04,2025-01-06,9.0,10.8160925,-1.8160924911499023
2025-01-04,2025-01-07,15.0,10.033314,4.966686248779297
2025-01-04,2025-01-08,5.733333333333332,9.977096,-4.2437622706095395
2025-01-04,2025-01-09,7.233333333333332,9.166162,-1.9328282038370785
2025-01-04,2025-01-10,11.799999999999994,9.479321,2.3206794738769467
2025-01-04,2025-01-11,39.0,10.224573,28.775426864624023
2025-01-05,2025-01-06,9.0,8.451524,0.5484762191772461
2025-01-05,2025-01-07,15.0,10.178234,4.821765899658203
2025-01-05,2025-01-08,5.733333333333332,10.5398855,-4.806552187601727
2025-01-05,2025-01-09,7.233333333333332,9.84127,-2.607937113444012
2025-01-05,2025-01-10,11.799999999999994,8.018812,3.781187820434564
2025-01-05,2025-01-11,39.0,9.077178,29.92282199859619
2025-01-05,2025-01-12,36.0,9.622978,26.37702178955078
2025-01-06,2025-01-07,15.0,7.790417,7.209582805633545
2025-01-06,2025-01-08,5.733333333333332,9.30015,-3.5668165842692074
2025-01-06,2025-01-09,7.233333333333332,9.604231,-2.370897547403973
2025-01-06,2025-01-10,11.799999999999994,8.715906,3.084093856811517
2025-01-06,2025-01-11,39.0,8.3344965,30.66550350189209
2025-01-06,2025-01-12,36.0,9.312944,26.687055587768555
2025-01-06,2025-01-13,12.3,9.122746,3.1772535324096687
2025-01-07,2025-01-08,5.733333333333332,9.277341,-3.544007555643719
2025-01-07,2025-01-09,7.233333333333332,10.312812,-3.0794785181681332
2025-01-07,2025-01-10,11.799999999999994,10.050853,1.7491472244262631
2025-01-07,2025-01-11,39.0,9.374796,29.62520408630371
2025-01-07,2025-01-12,36.0,9.5236845,26.47631549835205
2025-01-07,2025-01-13,12.3,10.448443,1.851556587219239
2025-01-07,2025-01-14,16.5,10.3272,6.172800064086914
2025-01-08,2025-01-09,7.233333333333332,11.161142,-3.9278090159098324
2025-01-08,2025-01-10,11.799999999999994,11.924816,-0.12481613159180327
2025-01-08,2025-01-11,39.0,10.875317,28.124683380126953
2025-01-08,2025-01-12,36.0,10.616025,25.3839750289917
2025-01-08,2025-01-13,12.3,10.669403,1.6305969238281257
2025-01-08,2025-01-14,16.5,11.4990225,5.000977516174316
2025-01-08,2025-01-15,17.8,11.390703,6.409296798706055
2025-01-09,2025-01-10,11.799999999999994,11.745885,0.054115104675286574
2025-01-09,2025-01-11,39.0,13.060636,25.939364433288574
2025-01-09,2025-01-12,36.0,11.027197,24.972803115844727
2025-01-09,2025-01-13,12.3,10.642401,1.6575992584228523
2025-01-09,2025-01-14,16.5,11.172144,5.327856063842773
2025-01-09,2025-01-15,17.8,11.69183,6.108170318603516
2025-01-09,2025-01-16,14.1,11.769968,2.3300319671630856
2025-01-10,2025-01-11,39.0,12.757857,26.24214267730713
2025-01-10,2025-01-12,36.0,13.784181,22.215819358825684
2025-01-10,2025-01-13,12.3,11.556116,0.7438838958740241
2025-01-10,2025-01-14,16.5,11.327552,5.17244815826416
2025-01-10,2025-01-15,17.8,12.3571205,5.442879486083985
2025-01-10,2025-01-16,14.1,12.3014555,1.7985445022583004
2025-01-10,2025-01-17,20.8,11.804034,8.995965766906739
2025-01-11,2025-01-12,36.0,15.48797,20.51202964782715
2025-01-11,2025-01-13,12.3,16.426064,-4.1260635375976555
2025-01-11,2025-01-14,16.5,13.478361,3.021638870239258
2025-01-11,2025-01-15,17.8,13.479384,4.320615577697755
2025-01-11,2025-01-16,14.1,12.621708,1.478292083740234
2025-01-11,2025-01-17,20.8,12.530769,8.26923065185547
2025-01-11,2025-01-18,29.199999999999996,12.453616,16.746383857727047
2025-01-12,2025-01-13,12.3,18.891624,-6.591624450683593
2025-01-12,2025-01-14,16.5,19.363047,-2.863046646118164
2025-01-12,2025-01-15,17.8,15.830156,1.9698436737060554
2025-01-12,2025-01-16,14.1,15.453248,-1.3532480239868168
2025-01-12,2025-01-17,20.8,14.1002245,6.699775505065919
2025-01-12,2025-01-18,29.199999999999996,14.044709,15.155290794372554
2025-01-12,2025-01-19,23.099999999999998,13.350099,9.749901390075681
2025-01-13,2025-01-14,16.5,18.276999,-1.776998519897461
2025-01-13,2025-01-15,17.8,18.151594,-0.351594161987304
2025-01-13,2025-01-16,14.1,15.113875,-1.0138753890991214
2025-01-13,2025-01-17,20.8,13.762055,7.037944602966309
2025-01-13,2025-01-18,29.199999999999996,13.981317,15.21868343353271
2025-01-13,2025-01-19,23.099999999999998,13.879007,9.220992660522459
2025-01-13,2025-01-20,21.1,12.961035,8.138965225219728
2025-01-14,2025-01-15,17.8,16.858707,0.9412925720214851
2025-01-14,2025-01-16,14.1,16.562254,-2.4622539520263675
2025-01-14,2025-01-17,20.8,14.052764,6.747236061096192
2025-01-14,2025-01-18,29.199999999999996,12.6218195,16.57818050384521
2025-01-14,2025-01-19,23.099999999999998,12.629654,10.470346069335935
2025-01-14,2025-01-20,21.1,13.014761,8.085239028930665
2025-01-14,2025-01-21,24.399999999999995,12.434551,11.965448760986323
2025-01-15,2025-01-16,14.1,15.3062,-1.2062000274658207
2025-01-15,2025-01-17,20.8,15.280181,5.519819068908692
2025-01-15,2025-01-18,29.199999999999996,12.822084,16.377915573120113
2025-01-15,2025-01-19,23.099999999999998,11.733233,11.366766548156736
2025-01-15,2025-01-20,21.1,11.235328,9.864672279357912
2025-01-15,2025-01-21,24.399999999999995,12.051553,12.348447227478022
2025-01-15,2025-01-22,28.099999999999998,12.25564,15.844359970092771
2025-01-16,2025-01-17,20.8,13.813626,6.986373710632325
2025-01-16,2025-01-18,29.199999999999996,13.768346,15.431654167175289
2025-01-16,2025-01-19,23.099999999999998,11.482236,11.617764091491697
2025-01-16,2025-01-20,21.1,10.963309,10.136690711975099
2025-01-16,2025-01-21,24.399999999999995,10.797157,13.602842712402339
2025-01-16,2025-01-22,28.099999999999998,11.451585,16.648415184020994
2025-01-16,2025-01-23,12.8,11.779538,1.02046184539795
2025-01-17,2025-01-18,29.199999999999996,13.293383,15.906617355346675
2025-01-17,2025-01-19,23.099999999999998,13.044998,10.055001831054685
2025-01-17,2025-01-20,21.1,11.407497,9.692502593994142
2025-01-17,2025-01-21,24.399999999999995,11.343987,13.05601253509521
2025-01-17,2025-01-22,28.099999999999998,11.254485,16.84551486968994
2025-01-17,2025-01-23,12.8,11.752531,1.0474689483642585
2025-01-17,2025-01-24,9.6,11.580527,-1.9805273056030277
2025-01-18,2025-01-19,23.099999999999998,14.357538,8.742461776733396
2025-01-18,2025-01-20,21.1,13.776692,7.323307609558107
2025-01-18,2025-01-21,24.399999999999995,12.043822,12.356177711486811
2025-01-18,2025-01-22,28.099999999999998,12.457861,15.642139053344724
2025-01-18,2025-01-23,12.8,11.228283,1.5717170715332038
2025-01-18,2025-01-24,9.6,11.458868,-1.8588680267333988
2025-01-18,2025-01-25,7.5,12.064731,-4.564730644226074
2025-01-19,2025-01-20,21.1,15.960066,5.139934158325197
2025-01-19,2025-01-21,24.399999999999995,14.944499,9.45550098419189
2025-01-19,2025-01-22,28.099999999999998,13.135431,14.964568710327146
2025-01-19,2025-01-23,12.8,13.373506,-0.5735055923461907
2025-01-19,2025-01-24,9.6,12.152168,-2.5521682739257816
2025-01-19,2025-01-25,7.5,12.381346,-4.881345748901367
2025-01-19,2025-01-26,5.1,13.185266,-8.08526554107666
2025-01-20,2025-01-21,24.399999999999995,16.069778,8.330221557617183
2025-01-20,2025-01-22,28.099999999999998,15.249172,12.850827789306638
2025-01-20,2025-01-23,12.8,13.138235,-0.3382350921630852
2025-01-20,2025-01-24,9.6,12.829037,-3.2290367126464847
2025-01-20,2025-01-25,7.5,13.220565,-5.720564842224121
2025-01-20,2025-01-26,5.1,13.410089,-8.310088539123536
2025-01-20,2025-01-27,4.1,13.821955,-9.721954727172852
2025-01-21,2025-01-22,28.099999999999998,16.048948,12.05105171203613
2025-01-21,2025-01-23,12.8,15.39291,-2.5929100036621087
2025-01-21,2025-01-24,9.6,13.4840555,-3.8840555191040043
2025-01-21,2025-01-25,7.5,12.974423,-5.474423408508301
2025-01-21,2025-01-26,5.1,13.813988,-8.713987731933594
2025-01-21,2025-01-27,4.1,14.085356,-9.985355758666993
2025-01-21,2025-01-28,5.0,14.12777,-9.12777042388916
2025-01-22,2025-01-23,12.8,15.8722925,-3.072292518615722
2025-01-22,2025-01-24,9.6,15.111124,-5.511124038696289
2025-01-22,2025-01-25,7.5,13.73048,-6.230480194091797
2025-01-22,2025-01-26,5.1,13.184963,-8.08496322631836
2025-01-22,2025-01-27,4.1,13.9330225,-9.833022499084473
2025-01-22,2025-01-28,5.0,13.931168,-8.931167602539062
2025-01-22,2025-01-29,7.800000000000001,13.644937,-5.844936561584472
2025-01-23,2025-01-24,9.6,13.090927,-3.490927124023438
2025-01-23,2025-01-25,7.5,12.994548,-5.4945478439331055
2025-01-23,2025-01-26,5.1,12.578071,-7.478070640563965
2025-01-23,2025-01-27,4.1,11.338834,-7.238833808898926
2025-01-23,2025-01-28,5.0,12.119055,-7.119054794311523
2025-01-23,2025-01-29,7.800000000000001,12.070915,-4.270915222167968
2025-01-23,2025-01-30,7.7,11.911342,-4.211341667175293
2025-01-24,2025-01-25,7.5,10.319579,-2.8195791244506836
2025-01-24,2025-01-26,5.1,10.039221,-4.939220809936524
2025-01-24,2025-01-27,4.1,10.581825,-6.481825256347657
2025-01-24,2025-01-28,5.0,9.3481045,-4.348104476928711
2025-01-24,2025-01-29,7.800000000000001,10.618033,-2.8180334091186516
2025-01-24,2025-01-30,7.7,10.29883,-2.5988300323486326
2025-01-24,2025-01-31,7.800000000000001,9.615038,-1.8150379180908196
2025-01-25,2025-01-26,5.1,9.043086,-3.9430860519409183
2025-01-25,2025-01-27,4.1,10.007092,-5.907092475891114
2025-01-25,2025-01-28,5.0,9.27526,-4.275259971618652
2025-01-25,2025-01-29,7.800000000000001,8.438466,-0.6384660720825188
2025-01-25,2025-01-30,7.7,8.858139,-1.1581390380859373
2025-01-25,2025-01-31,7.800000000000001,8.442708,-0.6427080154418938
2025-01-25,2025-02-01,10.0,9.216554,0.7834463119506836
2025-01-26,2025-01-27,4.1,8.2241745,-4.124174499511719
2025-01-26,2025-01-28,5.0,9.846498,-4.846497535705566
2025-01-26,2025-01-29,7.800000000000001,8.989282,-1.1892816543579094
2025-01-26,2025-01-30,7.7,8.33314,-0.6331403732299803
2025-01-26,2025-01-31,7.800000000000001,7.4686575,0.3313425064086921
2025-01-26,2025-02-01,10.0,7.9249454,2.07505464553833
2025-01-26,2025-02-02,17.9,9.317728,8.58227195739746
2025-01-27,2025-01-28,5.0,5.418144,-0.41814422607421875
2025-01-27,2025-01-29,7.800000000000001,6.840796,0.9592040061950691
2025-01-27,2025-01-30,7.7,6.514881,1.185118865966797
2025-01-27,2025-01-31,7.800000000000001,5.4658985,2.3341014862060554
2025-01-27,2025-02-01,10.0,6.288111,3.7118887901306152
2025-01-27,2025-02-02,17.9,7.071782,10.828217887878417
2025-01-27,2025-02-03,18.2,8.521083,9.678917121887206
2025-01-28,2025-01-29,7.800000000000001,4.550377,3.249623107910157
2025-01-28,2025-01-30,7.7,5.6642933,2.03570671081543
2025-01-28,2025-01-31,7.800000000000001,5.5123215,2.287678527832032
2025-01-28,2025-02-01,10.0,4.8644423,5.135557651519775
2025-01-28,2025-02-02,17.9,6.4059153,11.494084739685057
2025-01-28,2025-02-03,18.2,7.6211534,10.578846645355224
2025-01-28,2025-02-04,6.900000000000001,9.073888,-2.173887825012206
2025-01-29,2025-01-30,7.7,5.5481925,2.151807498931885
2025-01-29,2025-01-31,7.800000000000001,6.248495,1.5515048980712898
2025-01-29,2025-02-01,10.0,5.6174645,4.382535457611084
2025-01-29,2025-02-02,17.9,5.986008,11.913991832733153
2025-01-29,2025-02-03,18.2,7.551458,10.648542118072509
2025-01-29,2025-02-04,6.900000000000001,9.003348,-2.103348350524901
2025-01-29,2025-02-05,7.9,10.52197,-2.6219697952270504
2025-01-30,2025-01-31,7.800000000000001,6.067636,1.7323639869689949
2025-01-30,2025-02-01,10.0,7.2861543,2.713845729827881
2025-01-30,2025-02-02,17.9,6.2497745,11.650225543975829
2025-01-30,2025-02-03,18.2,6.762288,11.437711906433105
2025-01-30,2025-02-04,6.900000000000001,8.519181,-1.6191812515258777
2025-01-30,2025-02-05,7.9,9.955674,-2.0556741714477536
2025-01-30,2025-02-06,9.2,11.4739895,-2.2739894866943366
2025-01-31,2025-02-01,10.0,6.5649257,3.4350743293762207
2025-01-31,2025-02-02,17.9,7.9324026,9.96759738922119
2025-01-31,2025-02-03,18.2,7.1276116,11.07238836288452
2025-01-31,2025-02-04,6.900000000000001,7.982339,-1.0823389053344714
2025-01-31,2025-02-05,7.9,9.766968,-1.8669677734374996
2025-01-31,2025-02-06,9.2,10.870338,-1.670338439941407
2025-01-31,2025-02-07,11.0,11.526703,-0.526702880859375
2025-02-01,2025-02-02,17.9,8.520459,9.379540824890135
2025-02-01,2025-02-03,18.2,11.215735,6.9842645645141594
2025-02-01,2025-02-04,6.900000000000001,9.2655945,-2.3655944824218738
2025-02-01,2025-02-05,7.9,10.59757,-2.697570419311523
2025-02-01,2025-02-06,9.2,11.134368,-1.9343679428100593
2025-02-01,2025-02-07,11.0,11.857459,-0.8574590682983398
2025-02-01,2025-02-08,20.8,12.310715,8.489285278320313
2025-02-02,2025-02-03,18.2,11.606932,6.593068313598632
2025-02-02,2025-02-04,6.900000000000001,14.218481,-7.318481063842772
2025-02-02,2025-02-05,7.9,12.073154,-4.17315444946289
2025-02-02,2025-02-06,9.2,13.275017,-4.0750167846679695
2025-02-02,2025-02-07,11.0,12.47863,-1.4786300659179688
2025-02-02,2025-02-08,20.8,13.424941,7.375058937072755
2025-02-02,2025-02-09,20.0,13.596076,6.403923988342285
2025-02-03,2025-02-04,6.900000000000001,13.225849,-6.325849151611327
2025-02-03,2025-02-05,7.9,14.914551,-7.01455078125
2025-02-03,2025-02-06,9.2,12.950539,-3.750538635253907
2025-02-03,2025-02-07,11.0,13.464075,-2.4640750885009766
2025-02-03,2025-02-08,20.8,13.761687,7.038312721252442
2025-02-03,2025-02-09,20.0,14.343804,5.656195640563965
2025-02-03,2025-02-10,33.89999999999999,13.849708,20.0502923965454
2025-02-04,2025-02-05,7.9,12.896886,-4.996885871887207
2025-02-04,2025-02-06,9.2,14.096996,-4.896996307373048
2025-02-04,2025-02-07,11.0,12.965255,-1.965254783630371
2025-02-04,2025-02-08,20.8,12.7297945,8.0702054977417
2025-02-04,2025-02-09,20.0,13.378493,6.621506690979004
2025-02-04,2025-02-10,33.89999999999999,13.945545,19.95445480346679
2025-02-04,2025-02-11,26.6,13.353679,13.246321296691896
2025-02-05,2025-02-06,9.2,12.109792,-2.9097917556762702
2025-02-05,2025-02-07,11.0,13.1166315,-2.116631507873535
2025-02-05,2025-02-08,20.8,12.499511,8.300489234924317
2025-02-05,2025-02-09,20.0,12.039869,7.96013069152832
2025-02-05,2025-02-10,33.89999999999999,12.102064,21.797935867309562
2025-02-05,2025-02-11,26.6,13.004552,13.595448112487794
2025-02-05,2025-02-12,21.0,12.676767,8.323232650756836
2025-02-06,2025-02-07,11.0,11.4836035,-0.48360347747802734
2025-02-06,2025-02-08,20.8,12.158496,8.641504096984864
2025-02-06,2025-02-09,20.0,12.020353,7.979646682739258
2025-02-06,2025-02-10,33.89999999999999,11.53601,22.363990211486808
2025-02-06,2025-02-11,26.6,11.43593,15.164069747924806
2025-02-06,2025-02-12,21.0,12.085297,8.914703369140625
2025-02-06,2025-02-13,21.199999999999996,11.807812,9.392188262939449
2025-02-07,2025-02-08,20.8,10.541264,10.258736419677735
2025-02-07,2025-02-09,20.0,11.167365,8.832634925842285
2025-02-07,2025-02-10,33.89999999999999,11.764457,22.13554325103759
2025-02-07,2025-02-11,26.6,11.34855,15.251450157165529
2025-02-07,2025-02-12,21.0,10.874329,10.12567138671875
2025-02-07,2025-02-13,21.199999999999996,11.331739,9.868260574340816
2025-02-07,2025-02-14,22.799999999999997,10.769041,12.03095893859863
2025-02-08,2025-02-09,20.0,12.094345,7.9056549072265625
2025-02-08,2025-02-10,33.89999999999999,12.719218,21.180781745910636
2025-02-08,2025-02-11,26.6,12.476966,14.123034095764162
2025-02-08,2025-02-12,21.0,12.702465,8.297534942626953
2025-02-08,2025-02-13,21.199999999999996,10.899677,10.300322723388668
2025-02-08,2025-02-14,22.799999999999997,11.031162,11.768837738037107
2025-02-08,2025-02-15,25.9,11.289729,14.61027088165283
2025-02-09,2025-02-10,33.89999999999999,13.929718,19.970281982421866
2025-02-09,2025-02-11,26.6,13.928826,12.671173667907716
2025-02-09,2025-02-12,21.0,13.589421,7.410578727722168
2025-02-09,2025-02-13,21.199999999999996,13.740231,7.459769439697261
2025-02-09,2025-02-14,22.799999999999997,11.289654,11.510346221923825
2025-02-09,2025-02-15,25.9,11.427433,14.472566986083983
2025-02-09,2025-02-16,21.800000000000004,12.087319,9.712680625915532
2025-02-10,2025-02-11,26.6,15.259415,11.340585327148439
2025-02-10,2025-02-12,21.0,13.840359,7.159641265869141
2025-02-10,2025-02-13,21.199999999999996,13.419802,7.780198287963863
2025-02-10,2025-02-14,22.799999999999997,13.433546,9.366453933715817
2025-02-10,2025-02-15,25.9,12.419046,13.48095359802246
2025-02-10,2025-02-16,21.800000000000004,12.10625,9.693750190734868
2025-02-10,2025-02-17,20.500000000000004,12.1236105,8.376389503479007
2025-02-11,2025-02-12,21.0,16.723866,4.276134490966797
2025-02-11,2025-02-13,21.199999999999996,14.72855,6.471450042724605
2025-02-11,2025-02-14,22.799999999999997,14.290914,8.509086418151853
2025-02-11,2025-02-15,25.9,13.869655,12.030345344543456
2025-02-11,2025-02-16,21.800000000000004,13.574686,8.225313949584965
2025-02-11,2025-02-17,20.500000000000004,12.92065,7.579350471496586
2025-02-11,2025-02-18,30.899999999999995,12.488745,18.41125526428222
2025-02-12,2025-02-13,21.199999999999996,16.740635,4.459365081787105
2025-02-12,2025-02-14,22.799999999999997,15.184484,7.61551647186279
2025-02-12,2025-02-15,25.9,14.695012,11.204987907409667
2025-02-12,2025-02-16,21.800000000000004,13.872665,7.927334594726567
2025-02-12,2025-02-17,20.500000000000004,13.4703045,7.029695510864261
2025-02-12,2025-02-18,30.899999999999995,12.585551,18.31444873809814
2025-02-12,2025-02-19,31.999999999999996,12.052815,19.947184562683102
2025-02-13,2025-02-14,22.799999999999997,15.576006,7.223994064331052
2025-02-13,2025-02-15,25.9,15.026924,10.873075866699217
2025-02-13,2025-02-16,21.800000000000004,14.386481,7.413518714904789
2025-02-13,2025-02-17,20.500000000000004,13.213997,7.286003112792972
2025-02-13,2025-02-18,30.899999999999995,12.607366,18.292634391784663
2025-02-13,2025-02-19,31.999999999999996,11.534875,20.465125083923336
2025-02-13,2025-02-20,6.7,11.126807,-4.42680721282959
2025-02-14,2025-02-15,25.9,14.550666,11.349334144592284
2025-02-14,2025-02-16,21.800000000000004,14.669424,7.130575942993168
2025-02-14,2025-02-17,20.500000000000004,14.16647,6.333530426025394
2025-02-14,2025-02-18,30.899999999999995,12.497426,18.402573966979975
2025-02-14,2025-02-19,31.999999999999996,12.31669,19.683309555053707
2025-02-14,2025-02-20,6.7,11.104155,-4.404154586791992
2025-02-14,2025-02-21,8.7,10.468439,-1.7684391021728523
2025-02-15,2025-02-16,21.800000000000004,14.590212,7.2097881317138715
2025-02-15,2025-02-17,20.500000000000004,15.522349,4.977650642395023
2025-02-15,2025-02-18,30.899999999999995,14.269159,16.630840682983393
2025-02-15,2025-02-19,31.999999999999996,12.508528,19.49147224426269
2025-02-15,2025-02-20,6.7,11.693378,-4.993378448486328
2025-02-15,2025-02-21,8.7,10.446401,-1.7464006423950202
2025-02-15,2025-02-22,7.4,10.447754,-3.0477539062499996
2025-02-16,2025-02-17,20.500000000000004,15.376706,5.123293876647953
2025-02-16,2025-02-18,30.899999999999995,16.440804,14.459196472167964
2025-02-16,2025-02-19,31.999999999999996,14.740224,17.259776115417477
2025-02-16,2025-02-20,6.7,12.876815,-6.176814842224121
2025-02-16,2025-02-21,8.7,12.032011,-3.332011032104493
2025-02-16,2025-02-22,7.4,11.009918,-3.6099182128906246
2025-02-16,2025-02-23,4.8,11.047045,-6.2470447540283205
2025-02-17,2025-02-18,30.899999999999995,14.965181,15.934818649291987
2025-02-17,2025-02-19,31.999999999999996,14.8045435,17.195456504821774
2025-02-17,2025-02-20,6.7,13.358181,-6.658180999755859
2025-02-17,2025-02-21,8.7,11.3421545,-2.642154502868653
2025-02-17,2025-02-22,7.4,12.620277,-5.220277404785156
2025-02-17,2025-02-23,4.8,11.448415,-6.64841480255127
2025-02-17,2025-02-24,4.7,11.440744,-6.740744400024414
2025-02-18,2025-02-19,31.999999999999996,15.696127,16.303873062133786
2025-02-18,2025-02-20,6.7,14.757565,-8.057564544677735
2025-02-18,2025-02-21,8.7,13.422005,-4.722004699707032
2025-02-18,2025-02-22,7.4,11.58925,-4.1892496109008786
2025-02-18,2025-02-23,4.8,13.297336,-8.497335624694824
2025-02-18,2025-02-24,4.7,12.45774,-7.75773983001709
2025-02-18,2025-02-25,6.0,12.468999,-6.468998908996582
2025-02-19,2025-02-20,6.7,16.363012,-9.663012313842774
2025-02-19,2025-02-21,8.7,15.166648,-6.466647911071778
2025-02-19,2025-02-22,7.4,13.944322,-6.5443216323852536
2025-02-19,2025-02-23,4.8,12.377796,-7.577796173095703
2025-02-19,2025-02-24,4.7,13.573919,-8.87391929626465
2025-02-19,2025-02-25,6.0,12.98136,-6.98136043548584
2025-02-19,2025-02-26,5.9,12.782266,-6.882265663146972
2025-02-20,2025-02-21,8.7,14.092953,-5.392952728271485
2025-02-20,2025-02-22,7.4,12.85542,-5.455420112609863
2025-02-20,2025-02-23,4.8,12.664837,-7.864836883544922
2025-02-20,2025-02-24,4.7,11.028579,-6.328578758239746
2025-02-20,2025-02-25,6.0,11.764895,-5.764895439147949
2025-02-20,2025-02-26,5.9,11.333734,-5.433733558654785
2025-02-20,2025-02-27,5.2,11.051356,-5.851356315612793
2025-02-21,2025-02-22,7.4,12.128238,-4.728237724304199
2025-02-21,2025-02-23,4.8,10.829407,-6.02940673828125
2025-02-21,2025-02-24,4.7,10.75831,-6.058310317993164
2025-02-21,2025-02-25,6.0,10.26079,-4.26078987121582
2025-02-21,2025-02-26,5.9,10.022982,-4.1229816436767575
2025-02-21,2025-02-27,5.2,9.6465435,-4.446543502807617
2025-02-21,2025-02-28,11.5,9.052333,2.447667121887207
2025-02-22,2025-02-23,4.8,9.019265,-4.219265174865723
2025-02-22,2025-02-24,4.7,9.640083,-4.940083312988281
2025-02-22,2025-02-25,6.0,8.540441,-2.540440559387207
2025-02-22,2025-02-26,5.9,8.202356,-2.302356338500976
2025-02-22,2025-02-27,5.2,7.0540533,-1.8540533065795897
2025-02-22,2025-02-28,11.5,6.584915,4.9150848388671875
2025-02-22,2025-03-01,11.0,7.750285,3.2497148513793945
2025-02-23,2025-02-24,4.7,7.8946714,-3.1946714401245115
2025-02-23,2025-02-25,6.0,9.18089,-3.1808900833129883
2025-02-23,2025-02-26,5.9,7.859316,-1.9593158721923825
2025-02-23,2025-02-27,5.2,7.8155346,-2.6155345916748045
2025-02-23,2025-02-28,11.5,6.08594,5.414060115814209
2025-02-23,2025-03-01,11.0,5.986677,5.013322830200195
2025-02-23,2025-03-02,21.0,7.820266,13.179734230041504
2025-02-24,2025-02-25,6.0,5.820812,0.17918777465820312
2025-02-24,2025-02-26,5.9,6.79955,-0.8995500564575192
2025-02-24,2025-02-27,5.2,5.7624855,-0.5624855041503904
2025-02-24,2025-02-28,11.5,5.7243247,5.775675296783447
2025-02-24,2025-03-01,11.0,5.832783,5.167216777801514
2025-02-24,2025-03-02,21.0,6.015492,14.984508037567139
2025-02-24,2025-03-03,26.5,7.705214,18.794785976409912
2025-02-25,2025-02-26,5.9,6.005015,-0.10501489639282191
2025-02-25,2025-02-27,5.2,6.1473565,-0.9473565101623533
2025-02-25,2025-02-28,11.5,5.0441213,6.455878734588623
2025-02-25,2025-03-01,11.0,5.605239,5.394761085510254
2025-02-25,2025-03-02,21.0,7.0562396,13.943760395050049
2025-02-25,2025-03-03,26.5,7.4077983,19.092201709747314
2025-02-25,2025-03-04,27.799999999999997,9.194942,18.605057525634763
2025-02-26,2025-02-27,5.2,5.801688,-0.6016881942749022
2025-02-26,2025-02-28,11.5,5.540423,5.9595770835876465
2025-02-26,2025-03-01,11.0,4.792122,6.207878112792969
2025-02-26,2025-03-02,21.0,5.5837493,15.416250705718994
2025-02-26,2025-03-03,26.5,7.472079,19.027921199798584
2025-02-26,2025-03-04,27.799999999999997,8.147093,19.65290718078613
2025-02-26,2025-03-05,39.9,10.113565,29.78643455505371
2025-02-27,2025-02-28,11.5,6.1141524,5.385847568511963
2025-02-27,2025-03-01,11.0,6.6056933,4.394306659698486
2025-02-27,2025-03-02,21.0,5.540721,15.45927906036377
2025-02-27,2025-03-03,26.5,6.4427276,20.05727243423462
2025-02-27,2025-03-04,27.799999999999997,8.659433,19.140566635131833
2025-02-27,2025-03-05,39.9,9.378926,30.521073722839354
2025-02-27,2025-03-06,23.599999999999998,11.003422,12.596578216552732
2025-02-28,2025-03-01,11.0,7.1050115,3.894988536834717
2025-02-28,2025-03-02,21.0,7.8554726,13.144527435302734
2025-02-28,2025-03-03,26.5,6.8790436,19.620956420898438
2025-02-28,2025-03-04,27.799999999999997,7.9442344,19.855765628814694
2025-02-28,2025-03-05,39.9,10.047681,29.852319145202635
2025-02-28,2025-03-06,23.599999999999998,10.697814,12.902186012268064
2025-02-28,2025-03-07,12.0,11.653963,0.3460369110107422
2025-03-01,2025-03-02,21.0,9.481808,11.518192291259766
2025-03-01,2025-03-03,26.5,10.927775,15.572224617004395
2025-03-01,2025-03-04,27.799999999999997,9.257759,18.542240905761716
2025-03-01,2025-03-05,39.9,10.470114,29.429886245727538
2025-03-01,2025-03-06,23.599999999999998,11.38594,12.214060401916502
2025-03-01,2025-03-07,12.0,11.833596,0.16640377044677734
2025-03-01,2025-03-08,21.1,12.198623,8.901377296447755
2025-03-02,2025-03-03,26.5,12.584147,13.915852546691895
2025-03-02,2025-03-04,27.799999999999997,14.077563,13.72243671417236
2025-03-02,2025-03-05,39.9,12.227427,27.672573471069335
2025-03-02,2025-03-06,23.599999999999998,13.092948,10.507052040100096
2025-03-02,2025-03-07,12.0,12.383414,-0.38341426849365234
2025-03-02,2025-03-08,21.1,13.269587,7.83041343688965
2025-03-02,2025-03-09,34.7,12.986264,21.713735771179202
2025-03-03,2025-03-04,27.799999999999997,15.071082,12.728917884826657
2025-03-03,2025-03-05,39.9,15.393169,24.506830596923827
2025-03-03,2025-03-06,23.599999999999998,13.413622,10.186378097534178
2025-03-03,2025-03-07,12.0,13.606432,-1.6064319610595703
2025-03-03,2025-03-08,21.1,13.990139,7.109860992431642
2025-03-03,2025-03-09,34.7,14.641535,20.05846519470215
2025-03-03,2025-03-10,59.800000000000004,13.326213,46.4737871170044
2025-03-04,2025-03-05,39.9,16.660622,23.239378356933592
2025-03-04,2025-03-06,23.599999999999998,16.265768,7.334231948852537
2025-03-04,2025-03-07,12.0,14.460362,-2.460362434387207
2025-03-04,2025-03-08,21.1,13.791332,7.3086677551269545
2025-03-04,2025-03-09,34.7,14.817533,19.882467460632327
2025-03-04,2025-03-10,59.800000000000004,15.465311,44.334688949584965
2025-03-04,2025-03-11,7.7,13.475258,-5.775257873535156
2025-03-05,2025-03-06,23.599999999999998,17.841784,5.7582164764404276
2025-03-05,2025-03-07,12.0,16.940784,-4.940784454345703
2025-03-05,2025-03-08,21.1,15.541493,5.558506584167482
2025-03-05,2025-03-09,34.7,14.425012,20.274988365173343
2025-03-05,2025-03-10,59.800000000000004,14.782661,45.01733856201172
2025-03-05,2025-03-11,7.7,15.448616,-7.748616027832031
2025-03-05,2025-03-12,6.2,12.799052,-6.599052238464355
2025-03-06,2025-03-07,12.0,17.872406,-5.872406005859375
2025-03-06,2025-03-08,21.1,16.7303,4.369699096679689
2025-03-06,2025-03-09,34.7,15.749723,18.95027656555176
2025-03-06,2025-03-10,59.800000000000004,14.352302,45.44769840240479
2025-03-06,2025-03-11,7.7,14.198255,-6.498254585266113
2025-03-06,2025-03-12,6.2,14.44168,-8.24167995452881
2025-03-06,2025-03-13,5.299999999999999,11.107266,-5.807266426086427
2025-03-07,2025-03-08,21.1,16.736185,4.363814926147462
2025-03-07,2025-03-09,34.7,15.440631,19.25936908721924
2025-03-07,2025-03-10,59.800000000000004,14.907267,44.892733383178715
2025-03-07,2025-03-11,7.7,13.643505,-5.943505096435547
2025-03-07,2025-03-12,6.2,12.383142,-6.183142471313476
2025-03-07,2025-03-13,5.299999999999999,12.434023,-7.134022903442384
2025-03-07,2025-03-14,7.9,9.0468855,-1.1468854904174801
2025-03-08,2025-03-09,34.7,15.149284,19.550715637207034
2025-03-08,2025-03-10,59.800000000000004,15.244469,44.55553131103516
2025-03-08,2025-03-11,7.7,13.920911,-6.220910835266113
2025-03-08,2025-03-12,6.2,12.532519,-6.3325193405151365
2025-03-08,2025-03-13,5.299999999999999,9.440443,-4.140443038940431
2025-03-08,2025-03-14,7.9,9.426542,-1.5265422821044918
2025-03-08,2025-03-15,6.0,7.5035214,-1.50352144241333
2025-03-09,2025-03-10,59.800000000000004,16.21426,43.585739898681645
2025-03-09,2025-03-11,7.7,15.746566,-8.046565818786622
2025-03-09,2025-03-12,6.2,14.018187,-7.818186569213867
2025-03-09,2025-03-13,5.299999999999999,12.924715,-7.624715042114259
2025-03-09,2025-03-14,7.9,8.732796,-0.8327957153320309
2025-03-09,2025-03-15,6.0,9.058635,-3.0586347579956055
2025-03-09,2025-03-16,4.6,7.692959,-3.0929588317871097
2025-03-10,2025-03-11,7.7,18.839123,-11.139122772216798
2025-03-10,2025-03-12,6.2,16.120787,-9.920786666870118
2025-03-10,2025-03-13,5.299999999999999,13.709502,-8.40950222015381
2025-03-10,2025-03-14,7.9,13.174044,-5.2740436553955075
2025-03-10,2025-03-15,6.0,10.11316,-4.113160133361816
2025-03-10,2025-03-16,4.6,10.0019455,-5.401945495605469
2025-03-10,2025-03-17,8.5,8.192195,0.30780506134033203
2025-03-11,2025-03-12,6.2,19.140387,-12.9403865814209
2025-03-11,2025-03-13,5.299999999999999,15.406634,-10.106634330749513
2025-03-11,2025-03-14,7.9,12.766413,-4.866412734985351
2025-03-11,2025-03-15,6.0,11.918413,-5.918413162231445
2025-03-11,2025-03-16,4.6,10.37513,-5.775129699707032
2025-03-11,2025-03-17,8.5,9.487247,-0.9872474670410156
2025-03-11,2025-03-18,15.1,8.352543,6.747457122802734
2025-03-12,2025-03-13,5.299999999999999,17.116905,-11.816905212402345
2025-03-12,2025-03-14,7.9,13.86074,-5.960739707946777
2025-03-12,2025-03-15,6.0,10.507407,-4.507407188415527
2025-03-12,2025-03-16,4.6,9.986973,-5.386972808837891
2025-03-12,2025-03-17,8.5,6.8328385,1.667161464691162
2025-03-12,2025-03-18,15.1,6.8730755,8.226924514770507
2025-03-12,2025-03-19,22.899999999999995,7.872723,15.027276897430415
2025-03-13,2025-03-14,7.9,12.626915,-4.726914978027343
2025-03-13,2025-03-15,6.0,11.251648,-5.25164794921875
2025-03-13,2025-03-16,4.6,7.554075,-2.9540747642517093
2025-03-13,2025-03-17,8.5,6.822568,1.6774320602416992
2025-03-13,2025-03-18,15.1,3.935838,11.164162015914917
2025-03-13,2025-03-19,22.899999999999995,3.975551,18.924449110031123
2025-03-13,2025-03-20,18.5,5.9936705,12.506329536437988
2025-03-14,2025-03-15,6.0,10.169733,-4.169733047485352
2025-03-14,2025-03-16,4.6,10.007605,-5.407604598999024
2025-03-14,2025-03-17,8.5,6.3526344,2.1473655700683594
2025-03-14,2025-03-18,15.1,5.8847284,9.21527156829834
2025-03-14,2025-03-19,22.899999999999995,3.7483788,19.151621246337886
2025-03-14,2025-03-20,18.5,3.6343439,14.86565613746643
2025-03-14,2025-03-21,25.1,5.1715474,19.928452587127687
2025-03-15,2025-03-16,4.6,8.968397,-4.36839714050293
2025-03-15,2025-03-17,8.5,9.730197,-1.2301969528198242
2025-03-15,2025-03-18,15.1,5.8824787,9.217521286010742
2025-03-15,2025-03-19,22.899999999999995,5.667435,17.232564830780024
2025-03-15,2025-03-20,18.5,3.8604853,14.639514684677124
2025-03-15,2025-03-21,25.1,3.3488114,21.751188611984254
2025-03-15,2025-03-22,10.900000000000002,5.16065,5.739350223541262
2025-03-16,2025-03-17,8.5,8.948768,-0.44876766204833984
2025-03-16,2025-03-18,15.1,9.147134,5.952866172790527
2025-03-16,2025-03-19,22.899999999999995,6.2621045,16.63789548873901
2025-03-16,2025-03-20,18.5,6.1827817,12.31721830368042
2025-03-16,2025-03-21,25.1,4.4658647,20.63413534164429
2025-03-16,2025-03-22,10.900000000000002,4.250329,6.649670982360842
2025-03-16,2025-03-23,29.199999999999996,6.0494094,23.150590610504146
2025-03-17,2025-03-18,15.1,8.7925625,6.307437515258789
2025-03-17,2025-03-19,22.899999999999995,6.9723334,15.927666568756099
2025-03-17,2025-03-20,18.5,4.9926567,13.507343292236328
2025-03-17,2025-03-21,25.1,5.389669,19.7103310585022
2025-03-17,2025-03-22,10.900000000000002,5.9116874,4.988312625885012
2025-03-17,2025-03-23,29.199999999999996,5.4051356,23.794864368438716
2025-03-17,2025-03-24,32.8,7.270043,25.529957103729245
2025-03-18,2025-03-19,22.899999999999995,10.214866,12.685134315490718
2025-03-18,2025-03-20,18.5,8.434681,10.065319061279297
2025-03-18,2025-03-21,25.1,6.4231987,18.67680130004883
2025-03-18,2025-03-22,10.900000000000002,6.8757796,4.02422037124634
2025-03-18,2025-03-23,29.199999999999996,8.067496,21.132503700256343
2025-03-18,2025-03-24,32.8,7.8911166,24.90888338088989
2025-03-18,2025-03-25,25.299999999999997,9.627304,15.67269592285156
2025-03-19,2025-03-20,18.5,11.826569,6.673431396484375
2025-03-19,2025-03-21,25.1,10.257676,14.842323875427248
2025-03-19,2025-03-22,10.900000000000002,8.435452,2.4645475387573264
2025-03-19,2025-03-23,29.199999999999996,8.750514,20.449485969543453
2025-03-19,2025-03-24,32.8,9.644483,23.155517387390134
2025-03-19,2025-03-25,25.299999999999997,9.752484,15.547515678405759
2025-03-19,2025-03-26,14.2,10.926198,3.2738019943237298
2025-03-20,2025-03-21,25.1,12.588184,12.511815643310548
2025-03-20,2025-03-22,10.900000000000002,11.4577,-0.5576997756957986
2025-03-20,2025-03-23,29.199999999999996,9.793094,19.406906318664547
2025-03-20,2025-03-24,32.8,9.916737,22.883263397216794
2025-03-20,2025-03-25,25.299999999999997,10.658572,14.641427803039548
2025-03-20,2025-03-26,14.2,10.615232,3.584767532348632
2025-03-20,2025-03-27,13.6,10.883229,2.71677074432373
2025-03-21,2025-03-22,10.900000000000002,13.097271,-2.1972709655761697
2025-03-21,2025-03-23,29.199999999999996,12.310523,16.889476966857906
2025-03-21,2025-03-24,32.8,10.906926,21.893073844909665
2025-03-21,2025-03-25,25.299999999999997,11.088281,14.211719322204587
2025-03-21,2025-03-26,14.2,11.232227,2.967772674560546
2025-03-21,2025-03-27,13.6,10.915663,2.68433723449707
2025-03-21,2025-03-28,4.6,10.054869,-5.4548686981201175
2025-03-22,2025-03-23,29.199999999999996,12.769291,16.43070907592773
2025-03-22,2025-03-24,32.8,13.097787,19.70221309661865
2025-03-22,2025-03-25,25.299999999999997,11.304045,13.995955276489255
2025-03-22,2025-03-26,14.2,11.327524,2.8724758148193352
2025-03-22,2025-03-27,13.6,10.175096,3.4249044418334957
2025-03-22,2025-03-28,4.6,9.580788,-4.980787658691407
2025-03-22,2025-03-29,5.4,9.127455,-3.7274547576904293
2025-03-23,2025-03-24,32.8,12.940735,19.859265136718747
2025-03-23,2025-03-25,25.299999999999997,13.676843,11.623157310485837
2025-03-23,2025-03-26,14.2,12.270507,1.9294931411743157
2025-03-23,2025-03-27,13.6,12.164059,1.4359413146972653
2025-03-23,2025-03-28,4.6,8.570125,-3.9701246261596683
2025-03-23,2025-03-29,5.4,8.580741,-3.180740928649902
2025-03-23,2025-03-30,6.0,8.180481,-2.18048095703125
2025-03-24,2025-03-25,25.299999999999997,13.764226,11.535774040222165
2025-03-24,2025-03-26,14.2,13.178994,1.0210058212280266
2025-03-24,2025-03-27,13.6,11.771478,1.8285223007202145
2025-03-24,2025-03-28,4.6,11.335735,-6.735735321044922
2025-03-24,2025-03-29,5.4,8.791698,-3.3916984558105465
2025-03-24,2025-03-30,6.0,8.470419,-2.470418930053711
2025-03-24,2025-03-31,6.3,7.842097,-1.54209680557251
2025-03-25,2025-03-26,14.2,14.064942,0.13505764007568288
2025-03-25,2025-03-27,13.6,13.32832,0.27168045043945277
2025-03-25,2025-03-28,4.6,11.403472,-6.803471946716309
2025-03-25,2025-03-29,5.4,10.469348,-5.069347953796386
2025-03-25,2025-03-30,6.0,8.940781,-2.9407806396484375
2025-03-25,2025-03-31,6.3,8.585813,-2.285812568664551
2025-03-25,2025-04-01,9.7,8.314515,1.3854848861694329
2025-03-26,2025-03-27,13.6,13.73137,-0.13136997222900426
2025-03-26,2025-03-28,4.6,12.846258,-8.246258163452149
2025-03-26,2025-03-29,5.4,10.459323,-5.059322929382324
2025-03-26,2025-03-30,6.0,9.639696,-3.6396961212158203
2025-03-26,2025-03-31,6.3,8.636621,-2.3366214752197267
2025-03-26,2025-04-01,9.7,8.428281,1.2717191696166985
2025-03-26,2025-04-02,11.0,8.428244,2.571756362915039
2025-03-27,2025-03-28,4.6,11.939833,-7.33983268737793
2025-03-27,2025-03-29,5.4,11.5561075,-6.1561075210571286
2025-03-27,2025-03-30,6.0,9.367502,-3.367502212524414
2025-03-27,2025-03-31,6.3,8.480525,-2.180525016784668
2025-03-27,2025-04-01,9.7,7.418645,2.2813550949096673
2025-03-27,2025-04-02,11.0,7.5602956,3.439704418182373
2025-03-27,2025-04-03,20.7,7.585274,13.11472578048706
2025-03-28,2025-03-29,5.4,9.562057,-4.162056541442871
2025-03-28,2025-03-30,6.0,9.292065,-3.292064666748047
2025-03-28,2025-03-31,6.3,7.385039,-1.0850388526916506
2025-03-28,2025-04-01,9.7,6.484735,3.215264987945556
2025-03-28,2025-04-02,11.0,6.7065525,4.293447494506836
2025-03-28,2025-04-03,20.7,6.4993267,14.200673294067382
2025-03-28,2025-04-04,21.800000000000004,6.543374,15.256625938415532
2025-03-29,2025-03-30,6.0,7.63421,-1.6342101097106934
2025-03-29,2025-03-31,6.3,8.902335,-2.6023351669311525
2025-03-29,2025-04-01,9.7,6.708933,2.9910671234130852
2025-03-29,2025-04-02,11.0,5.655893,5.344107151031494
2025-03-29,2025-04-03,20.7,5.4863806,15.213619422912597
2025-03-29,2025-04-04,21.800000000000004,5.349414,16.450586128234868
2025-03-29,2025-04-05,5.4,5.952743,-0.5527430534362789
2025-03-30,2025-03-31,6.3,6.328023,-0.02802295684814471
2025-03-30,2025-04-01,9.7,7.879136,1.8208639144897454
2025-03-30,2025-04-02,11.0,6.193474,4.806526184082031
2025-03-30,2025-04-03,20.7,4.95427,15.745730113983154
2025-03-30,2025-04-04,21.800000000000004,4.502684,17.29731588363648
2025-03-30,2025-04-05,5.4,4.9089155,0.4910844802856449
2025-03-30,2025-04-06,4.9,6.049443,-1.1494427680969235
2025-03-31,2025-04-01,9.7,6.6195693,3.0804306983947747
2025-03-31,2025-04-02,11.0,6.640548,4.359451770782471
2025-03-31,2025-04-03,20.7,5.227136,15.472863864898681
2025-03-31,2025-04-04,21.800000000000004,4.3405886,17.45941143035889
2025-03-31,2025-04-05,5.4,5.6398115,-0.2398115158081051
2025-03-31,2025-04-06,4.9,6.110532,-1.2105318069458004
2025-03-31,2025-04-07,9.3,6.8977375,2.402262496948243
2025-04-01,2025-04-02,11.0,7.2752814,3.7247185707092285
2025-04-01,2025-04-03,20.7,6.498976,14.201023769378661
2025-04-01,2025-04-04,21.800000000000004,5.781852,16.018148231506352
2025-04-01,2025-04-05,5.4,5.328565,0.07143487930297887
2025-04-01,2025-04-06,4.9,7.8752136,-2.9752136230468746
2025-04-01,2025-04-07,9.3,7.9019303,1.3980696678161628
2025-04-01,2025-04-08,14.9,7.8837876,7.016212368011475
2025-04-02,2025-04-03,20.7,7.843383,12.856617164611816
2025-04-02,2025-04-04,21.800000000000004,7.1982236,14.601776409149174
2025-04-02,2025-04-05,5.4,7.293743,-1.8937431335449215
2025-04-02,2025-04-06,4.9,6.7720733,-1.8720732688903805
2025-04-02,2025-04-07,9.3,9.122784,0.17721633911132884
2025-04-02,2025-04-08,14.9,8.995439,5.9045614242553714
2025-04-02,2025-04-09,8.7,8.595542,0.10445804595947195
2025-04-03,2025-04-04,21.800000000000004,9.256612,12.54338817596436
2025-04-03,2025-04-05,5.4,8.396552,-2.9965520858764645
2025-04-03,2025-04-06,4.9,9.051246,-4.1512456893920895
2025-04-03,2025-04-07,9.3,8.646235,0.6537645339965827
2025-04-03,2025-04-08,14.9,10.109442,4.790558242797852
2025-04-03,2025-04-09,8.7,9.728043,-1.0280426025390632
2025-04-03,2025-04-10,9.2,8.958904,0.24109573364257741
2025-04-04,2025-04-05,5.4,10.83672,-5.436720466613769
2025-04-04,2025-04-06,4.9,9.710576,-4.810576057434082
2025-04-04,2025-04-07,9.3,10.6685705,-1.3685705184936516
2025-04-04,2025-04-08,14.9,10.218035,4.681965255737305
2025-04-04,2025-04-09,8.7,11.125508,-2.4255083084106452
2025-04-04,2025-04-10,9.2,10.225887,-1.025887298583985
2025-04-04,2025-04-11,15.2,8.607005,6.592994880676269
2025-04-05,2025-04-06,4.9,10.941028,-6.041027641296386
2025-04-05,2025-04-07,9.3,10.553574,-1.2535736083984368
2025-04-05,2025-04-08,14.9,11.025388,3.8746122360229496
2025-04-05,2025-04-09,8.7,10.021142,-1.3211420059204109
2025-04-05,2025-04-10,9.2,10.027097,-0.8270967483520515
2025-04-05,2025-04-11,15.2,8.490306,6.709694099426269
2025-04-05,2025-04-12,23.599999999999998,7.678301,15.921699142456053
2025-04-06,2025-04-07,9.3,11.048507,-1.7485067367553704
2025-04-06,2025-04-08,14.9,11.206836,3.6931642532348636
2025-04-06,2025-04-09,8.7,11.243813,-2.543812561035157
2025-04-06,2025-04-10,9.2,9.95065,-0.7506502151489265
2025-04-06,2025-04-11,15.2,8.541802,6.658197593688964
2025-04-06,2025-04-12,23.599999999999998,7.428718,16.171281909942625
2025-04-06,2025-04-13,10.599999999999998,7.3127503,3.2872496604919412
2025-04-07,2025-04-08,14.9,10.295886,4.604113960266114
2025-04-07,2025-04-09,8.7,10.561914,-1.8619144439697273
2025-04-07,2025-04-10,9.2,9.985327,-0.7853267669677741
2025-04-07,2025-04-11,15.2,8.64668,6.553320121765136
2025-04-07,2025-04-12,23.599999999999998,8.033272,15.566728210449217
2025-04-07,2025-04-13,10.599999999999998,6.897005,3.70299491882324
2025-04-07,2025-04-14,6.2,6.896655,-0.6966550827026365
2025-04-08,2025-04-09,8.7,10.653863,-1.9538629531860359
2025-04-08,2025-04-10,9.2,10.5137825,-1.3137825012207038
2025-04-08,2025-04-11,15.2,9.827804,5.372196388244628
2025-04-08,2025-04-12,23.599999999999998,8.664608,14.935391998291013
2025-04-08,2025-04-13,10.599999999999998,7.95228,2.647719955444334
2025-04-08,2025-04-14,6.2,7.2420516,-1.042051601409912
2025-04-08,2025-04-15,10.4,7.4354553,2.9645446777343754
2025-04-09,2025-04-10,9.2,10.526148,-1.3261478424072273
2025-04-09,2025-04-11,15.2,10.216225,4.983775329589843
2025-04-09,2025-04-12,23.599999999999998,9.6093445,13.990655517578123
2025-04-09,2025-04-13,10.599999999999998,8.562959,2.0370412826538065
2025-04-09,2025-04-14,6.2,7.6968036,-1.496803569793701
2025-04-09,2025-04-15,10.4,7.1611505,3.238849544525147
2025-04-09,2025-04-16,4.4,7.4699125,-3.069912528991699
2025-04-10,2025-04-11,15.2,10.385832,4.814168167114257
2025-04-10,2025-04-12,23.599999999999998,9.544323,14.055677032470701
2025-04-10,2025-04-13,10.599999999999998,9.112652,1.487348175048826
2025-04-10,2025-04-14,6.2,8.406109,-2.2061088562011717
2025-04-10,2025-04-15,10.4,7.5474453,2.8525547027587894
2025-04-10,2025-04-16,4.4,7.08036,-2.6803599357604977
2025-04-10,2025-04-17,6.500000000000001,7.2905893,-0.7905893325805655
2025-04-11,2025-04-12,23.599999999999998,10.697417,12.90258274078369
2025-04-11,2025-04-13,10.599999999999998,9.08211,1.5178895950317361
2025-04-11,2025-04-14,6.2,8.498478,-2.2984779357910154
2025-04-11,2025-04-15,10.4,8.507085,1.8929151535034183
2025-04-11,2025-04-16,4.4,8.202949,-3.8029485702514645
2025-04-11,2025-04-17,6.500000000000001,7.433344,-0.9333438873291007
2025-04-11,2025-04-18,8.7,7.0276985,1.6723014831542962
2025-04-12,2025-04-13,10.599999999999998,11.599629,-0.9996294021606467
2025-04-12,2025-04-14,6.2,10.486183,-4.286183166503906
2025-04-12,2025-04-15,10.4,9.259307,1.1406930923461918
2025-04-12,2025-04-16,4.4,9.658016,-5.258016204833984
2025-04-12,2025-04-17,6.500000000000001,8.239973,-1.7399730682373038
2025-04-12,2025-04-18,8.7,7.3939915,1.3060085296630852
2025-04-12,2025-04-19,8.1,6.8071885,1.2928114891052243
2025-04-13,2025-04-14,6.2,12.226772,-6.026772308349609
2025-04-13,2025-04-15,10.4,12.024451,-1.6244512557983395
2025-04-13,2025-04-16,4.4,10.264984,-5.864984130859375
2025-04-13,2025-04-17,6.500000000000001,10.387895,-3.887894630432128
2025-04-13,2025-04-18,8.7,8.407724,0.2922756195068352
2025-04-13,2025-04-19,8.1,7.951244,0.14875612258911097
2025-04-13,2025-04-20,5.6,7.367685,-1.7676848411560062
2025-04-14,2025-04-15,10.4,11.334903,-0.9349027633666989
2025-04-14,2025-04-16,4.4,11.331974,-6.931974029541015
2025-04-14,2025-04-17,6.500000000000001,9.192658,-2.6926584243774405
2025-04-14,2025-04-18,8.7,9.113149,-0.41314868927002024
2025-04-14,2025-04-19,8.1,8.160896,-0.060896301269531605
2025-04-14,2025-04-20,5.6,7.5612297,-1.9612297058105472
2025-04-14,2025-04-21,10.8,6.876258,3.923742103576661
2025-04-15,2025-04-16,4.4,9.700345,-5.300345039367675
2025-04-15,2025-04-17,6.500000000000001,9.919322,-3.4193220138549796
2025-04-15,2025-04-18,8.7,7.9547176,0.7452823638916009
2025-04-15,2025-04-19,8.1,7.917368,0.18263206481933558
2025-04-15,2025-04-20,5.6,6.8109837,-1.2109836578369144
2025-04-15,2025-04-21,10.8,6.6267285,4.173271465301514
2025-04-15,2025-04-22,5.8,6.351343,-0.5513431549072267
2025-04-16,2025-04-17,6.500000000000001,8.506641,-2.0066413879394522
2025-04-16,2025-04-18,8.7,9.0735855,-0.37358551025390696
2025-04-16,2025-04-19,8.1,7.179592,0.9204078674316403
2025-04-16,2025-04-20,5.6,6.777423,-1.177422904968262
2025-04-16,2025-04-21,10.8,6.208956,4.591044235229493
2025-04-16,2025-04-22,5.8,6.2124815,-0.4124814987182619
2025-04-16,2025-04-23,3.9000000000000004,6.3868065,-2.486806488037109
2025-04-17,2025-04-18,8.7,8.053031,0.646969032287597
2025-04-17,2025-04-19,8.1,8.767551,-0.667551422119141
2025-04-17,2025-04-20,5.6,6.558609,-0.9586090087890629
2025-04-17,2025-04-21,10.8,6.580211,4.219788837432862
2025-04-17,2025-04-22,5.8,6.263553,-0.4635531425476076
2025-04-17,2025-04-23,3.9000000000000004,6.1164613,-2.2164612770080563
2025-04-17,2025-04-24,8.0,6.1686325,1.8313674926757812
2025-04-18,2025-04-19,8.1,7.401312,0.6986881256103512
2025-04-18,2025-04-20,5.6,7.8603745,-2.260374450683594
2025-04-18,2025-04-21,10.8,6.331339,4.468661117553712
2025-04-18,2025-04-22,5.8,6.479789,-0.6797887802124025
2025-04-18,2025-04-23,3.9000000000000004,6.398668,-2.4986678123474118
2025-04-18,2025-04-24,8.0,6.1060095,1.8939905166625977
2025-04-18,2025-04-25,9.6,5.6669164,3.933083629608154
2025-04-19,2025-04-20,5.6,6.5667343,-0.9667343139648441
2025-04-19,2025-04-21,10.8,7.183913,3.6160867691040046
2025-04-19,2025-04-22,5.8,5.835899,-0.035898876190185725
2025-04-19,2025-04-23,3.9000000000000004,5.80723,-1.9072299957275387
2025-04-19,2025-04-24,8.0,5.60031,2.3996901512145996
2025-04-19,2025-04-25,9.6,4.884103,4.715897178649902
2025-04-19,2025-04-26,16.7,5.2119813,11.488018703460693
2025-04-20,2025-04-21,10.8,7.089363,3.7106369018554695
2025-04-20,2025-04-22,5.8,7.865208,-2.065208148956299
2025-04-20,2025-04-23,3.9000000000000004,6.866558,-2.9665580749511715
2025-04-20,2025-04-24,8.0,6.7815704,1.2184295654296875
2025-04-20,2025-04-25,9.6,5.810727,3.789272880554199
2025-04-20,2025-04-26,16.7,5.587024,11.112975788116454
2025-04-20,2025-04-27,17.1,5.8436503,11.256349658966066
2025-04-21,2025-04-22,5.8,7.185191,-1.3851911544799806
2025-04-21,2025-04-23,3.9000000000000004,8.240971,-4.340970611572265
2025-04-21,2025-04-24,8.0,6.643051,1.3569488525390625
2025-04-21,2025-04-25,9.6,6.706699,2.8933011054992672
2025-04-21,2025-04-26,16.7,6.2183056,10.481694412231445
2025-04-21,2025-04-27,17.1,6.3228526,10.777147388458253
2025-04-21,2025-04-28,12.200000000000001,6.4593763,5.740623664855958
2025-04-22,2025-04-23,3.9000000000000004,7.570057,-3.6700569152832028
2025-04-22,2025-04-24,8.0,8.469414,-0.46941375732421875
2025-04-22,2025-04-25,9.6,6.3687615,3.231238460540771
2025-04-22,2025-04-26,16.7,6.484828,10.215172004699706
2025-04-22,2025-04-27,17.1,6.826071,10.27392921447754
2025-04-22,2025-04-28,12.200000000000001,6.9743,5.225700092315675
2025-04-22,2025-04-29,13.7,7.3037148,6.396285247802734
2025-04-23,2025-04-24,8.0,6.409034,1.5909662246704102
2025-04-23,2025-04-25,9.6,7.7321315,1.8678685188293453
2025-04-23,2025-04-26,16.7,6.065759,10.634240818023681
2025-04-23,2025-04-27,17.1,6.0874343,11.012565708160402
2025-04-23,2025-04-28,12.200000000000001,6.0326905,6.167309474945069
2025-04-23,2025-04-29,13.7,6.7106943,6.989305686950683
2025-04-23,2025-04-30,15.4,6.967753,8.432247066497803
2025-04-24,2025-04-25,9.6,6.5555573,3.044442749023437
2025-04-24,2025-04-26,16.7,7.7393074,8.960692596435546
2025-04-24,2025-04-27,17.1,6.163201,10.936799144744874
2025-04-24,2025-04-28,12.200000000000001,6.5160537,5.6839463233947765
2025-04-24,2025-04-29,13.7,6.4525065,7.247493457794189
2025-04-24,2025-04-30,15.4,6.8330293,8.566970729827881
2025-04-24,2025-05-01,14.5,6.8698254,7.63017463684082
2025-04-25,2025-04-26,16.7,6.805577,9.89442319869995
2025-04-25,2025-04-27,17.1,7.5570045,9.542995548248292
2025-04-25,2025-04-28,12.200000000000001,6.6002865,5.599713516235353
2025-04-25,2025-04-29,13.7,7.105818,6.594182205200195
2025-04-25,2025-04-30,15.4,7.0879607,8.312039279937744
2025-04-25,2025-05-01,14.5,7.143725,7.3562750816345215
2025-04-25,2025-05-02,12.3,6.7656336,5.534366416931153
2025-04-26,2025-04-27,17.1,7.5531397,9.546860313415529
2025-04-26,2025-04-28,12.200000000000001,8.478509,3.721491050720216
2025-04-26,2025-04-29,13.7,7.2920575,6.4079424858093255
2025-04-26,2025-04-30,15.4,7.862217,7.53778305053711
2025-04-26,2025-05-01,14.5,7.118081,7.381918907165527
2025-04-26,2025-05-02,12.3,6.8838673,5.416132736206055
2025-04-26,2025-05-03,7.0,6.8795834,0.12041664123535156
2025-04-27,2025-04-28,12.200000000000001,9.040767,3.159233283996583
2025-04-27,2025-04-29,13.7,9.971539,3.7284614562988274
2025-04-27,2025-04-30,15.4,8.54034,6.859659576416016
2025-04-27,2025-05-01,14.5,9.035239,5.464760780334473
2025-04-27,2025-05-02,12.3,7.6798267,4.620173263549805
2025-04-27,2025-05-03,7.0,7.657303,-0.6573028564453125
2025-04-27,2025-05-04,2.9,7.6467333,-4.746733283996582
2025-04-28,2025-04-29,13.7,9.227004,4.472995948791503
2025-04-28,2025-04-30,15.4,9.844604,5.555396461486817
2025-04-28,2025-05-01,14.5,7.7159777,6.784022331237793
2025-04-28,2025-05-02,12.3,7.9815083,4.318491744995118
2025-04-28,2025-05-03,7.0,8.151725,-1.1517248153686523
2025-04-28,2025-05-04,2.9,7.801364,-4.901363945007324
2025-04-28,2025-05-05,3.0,7.6984363,-4.698436260223389
2025-04-29,2025-04-30,15.4,9.321219,6.078780555725098
2025-04-29,2025-05-01,14.5,9.791817,4.708183288574219
2025-04-29,2025-05-02,12.3,7.532105,4.7678950309753425
2025-04-29,2025-05-03,7.0,7.6304,-0.6304001808166504
2025-04-29,2025-05-04,2.9,8.456674,-5.556673622131347
2025-04-29,2025-05-05,3.0,8.137504,-5.137503623962402
2025-04-29,2025-05-06,4.0,7.6930537,-3.693053722381592
2025-04-30,2025-05-01,14.5,9.40362,5.096380233764648
2025-04-30,2025-05-02,12.3,9.908576,2.391423988342286
2025-04-30,2025-05-03,7.0,7.7109823,-0.7109823226928711
2025-04-30,2025-05-04,2.9,7.673711,-4.773710823059082
2025-04-30,2025-05-05,3.0,8.673087,-5.673087120056152
2025-04-30,2025-05-06,4.0,8.3557825,-4.355782508850098
2025-04-30,2025-05-07,5.0,7.5382977,-2.538297653198242
2025-05-01,2025-05-02,12.3,9.938799,2.3612010955810554
2025-05-01,2025-05-03,7.0,10.382242,-3.382242202758789
2025-05-01,2025-05-04,2.9,8.484833,-5.584832763671875
2025-05-01,2025-05-05,3.0,8.880184,-5.880184173583984
2025-05-01,2025-05-06,4.0,9.841424,-5.841423988342285
2025-05-01,2025-05-07,5.0,9.21261,-4.212610244750977
2025-05-01,2025-05-08,4.4,7.3148355,-2.9148355484008786
2025-05-02,2025-05-03,7.0,9.798932,-2.7989320755004883
2025-05-02,2025-05-04,2.9,10.567988,-7.667988395690918
2025-05-02,2025-05-05,3.0,9.1200485,-6.120048522949219
2025-05-02,2025-05-06,4.0,9.625688,-5.625687599182129
2025-05-02,2025-05-07,5.0,10.056688,-5.05668830871582
2025-05-02,2025-05-08,4.4,9.652187,-5.252187347412109
2025-05-02,2025-05-09,8.3,7.244274,1.0557258605957038
2025-05-03,2025-05-04,2.9,9.957231,-7.0572305679321286
2025-05-03,2025-05-05,3.0,10.5236025,-7.523602485656738
2025-05-03,2025-05-06,4.0,9.161503,-5.161502838134766
2025-05-03,2025-05-07,5.0,9.712222,-4.712222099304199
2025-05-03,2025-05-08,4.4,9.534411,-5.134411430358886
2025-05-03,2025-05-09,8.3,8.691188,-0.39118785858154226
2025-05-03,2025-05-10,8.3,6.744462,1.5555379867553718
2025-05-04,2025-05-05,3.0,10.003209,-7.003209114074707
2025-05-04,2025-05-06,4.0,10.284866,-6.2848663330078125
2025-05-04,2025-05-07,5.0,9.521327,-4.521327018737793
2025-05-04,2025-05-08,4.4,9.811338,-5.411338424682617
2025-05-04,2025-05-09,8.3,8.484014,-0.18401355743408132
2025-05-04,2025-05-10,8.3,7.8696203,0.43037967681884837
2025-05-04,2025-05-11,9.9,6.6469703,3.2530297279357914
2025-05-05,2025-05-06,4.0,9.614544,-5.614543914794922
2025-05-05,2025-05-07,5.0,9.7829485,-4.7829484939575195
2025-05-05,2025-05-08,4.4,8.752501,-4.352500534057617
2025-05-05,2025-05-09,8.3,8.723547,-0.4235469818115227
2025-05-05,2025-05-10,8.3,8.317845,-0.01784534454345632
2025-05-05,2025-05-11,9.9,7.3328824,2.5671175956726078
2025-05-05,2025-05-12,10.100000000000001,6.8975997,3.2024003028869643
2025-05-06,2025-05-07,5.0,9.1229515,-4.122951507568359
2025-05-06,2025-05-08,4.4,9.21976,-4.819759941101074
2025-05-06,2025-05-09,8.3,8.439079,-0.13907928466796804
2025-05-06,2025-05-10,8.3,8.057643,0.24235706329345774
2025-05-06,2025-05-11,9.9,8.013935,1.8860649108886722
2025-05-06,2025-05-12,10.100000000000001,7.1546006,2.945399379730226
2025-05-06,2025-05-13,9.3,7.3701944,1.9298055648803718
2025-05-07,2025-05-08,4.4,8.67834,-4.278339958190918
2025-05-07,2025-05-09,8.3,8.486893,-0.1868927001953118
2025-05-07,2025-05-10,8.3,7.9319725,0.36802749633789134
2025-05-07,2025-05-11,9.9,7.603108,2.296892070770264
2025-05-07,2025-05-12,10.100000000000001,7.7726665,2.327333545684816
2025-05-07,2025-05-13,9.3,6.7401004,2.559899616241456
2025-05-07,2025-05-14,7.7,7.308145,0.3918549537658693
2025-05-08,2025-05-09,8.3,7.978681,0.3213189125061042
2025-05-08,2025-05-10,8.3,7.620884,0.6791160583496101
2025-05-08,2025-05-11,9.9,7.56687,2.3331297874450687
2025-05-08,2025-05-12,10.100000000000001,7.271695,2.8283048629760756
2025-05-08,2025-05-13,9.3,7.5316863,1.7683136940002449
2025-05-08,2025-05-14,7.7,6.338429,1.3615710258483888
2025-05-08,2025-05-15,5.699999999999999,6.9320326,-1.2320325851440437
2025-05-09,2025-05-10,8.3,8.323464,-0.023464393615721946
2025-05-09,2025-05-11,9.9,7.308114,2.5918859481811527
2025-05-09,2025-05-12,10.100000000000001,7.5100203,2.589979743957521
2025-05-09,2025-05-13,9.3,7.673983,1.6260169029235847
2025-05-09,2025-05-14,7.7,8.394581,-0.694580841064453
2025-05-09,2025-05-15,5.699999999999999,6.682719,-0.9827192306518562
2025-05-09,2025-05-16,7.0,6.6259494,0.3740506172180176
2025-05-10,2025-05-11,9.9,8.581979,1.3180212020874027
2025-05-10,2025-05-12,10.100000000000001,7.942228,2.1577721595764174
2025-05-10,2025-05-13,9.3,7.7501974,1.5498025894165046
2025-05-10,2025-05-14,7.7,8.049384,-0.34938411712646467
2025-05-10,2025-05-15,5.699999999999999,8.162158,-2.4621580123901374
2025-05-10,2025-05-16,7.0,6.2680078,0.731992244720459
2025-05-10,2025-05-17,5.9,6.405227,-0.5052271842956539
2025-05-11,2025-05-12,10.100000000000001,9.3551035,0.744896507263185
2025-05-11,2025-05-13,9.3,9.022383,0.277617263793946
2025-05-11,2025-05-14,7.7,8.729763,-1.0297630310058592
2025-05-11,2025-05-15,5.699999999999999,9.001068,-3.3010681152343757
2025-05-11,2025-05-16,7.0,8.289284,-1.2892837524414062
2025-05-11,2025-05-17,5.9,6.8399067,-0.9399066925048825
2025-05-11,2025-05-18,7.1,6.689555,0.4104448318481442
2025-05-12,2025-05-13,9.3,9.218492,0.0815084457397468
2025-05-12,2025-05-14,7.7,9.471498,-1.7714975357055662
2025-05-12,2025-05-15,5.699999999999999,8.799005,-3.099004554748536
2025-05-12,2025-05-16,7.0,8.627339,-1.6273393630981445
2025-05-12,2025-05-17,5.9,8.08062,-2.1806198120117184
2025-05-12,2025-05-18,7.1,7.224942,-0.12494220733642614
2025-05-12,2025-05-19,7.9,6.9470096,0.9529904365539554
2025-05-13,2025-05-14,7.7,9.500838,-1.800838279724121
2025-05-13,2025-05-15,5.699999999999999,9.838069,-4.138068962097169
2025-05-13,2025-05-16,7.0,8.95249,-1.9524898529052734
2025-05-13,2025-05-17,5.9,8.536558,-2.636558151245117
2025-05-13,2025-05-18,7.1,8.241224,-1.14122428894043
2025-05-13,2025-05-19,7.9,7.777666,0.12233390808105504
2025-05-13,2025-05-20,7.4,7.304678,0.09532203674316442
2025-05-14,2025-05-15,5.699999999999999,9.162914,-3.4629142761230476
2025-05-14,2025-05-16,7.0,9.541028,-2.5410280227661133
2025-05-14,2025-05-17,5.9,8.838006,-2.938006019592285
2025-05-14,2025-05-18,7.1,8.160907,-1.060906791687012
2025-05-14,2025-05-19,7.9,7.8638697,0.0361303329467777
2025-05-14,2025-05-20,7.4,7.5265183,-0.12651834487915004
2025-05-14,2025-05-21,8.6,7.03361,1.5663901329040524
2025-05-15,2025-05-16,7.0,8.022401,-1.0224008560180664
2025-05-15,2025-05-17,5.9,8.743154,-2.843153572082519
2025-05-15,2025-05-18,7.1,8.459701,-1.3597005844116214
2025-05-15,2025-05-19,7.9,7.5761914,0.323808574676514
2025-05-15,2025-05-20,7.4,7.144183,0.25581684112548864
2025-05-15,2025-05-21,8.6,6.59574,2.004260158538818
2025-05-15,2025-05-22,6.7,6.2664075,0.43359251022338885
2025-05-16,2025-05-17,5.9,7.3304167,-1.4304166793823239
2025-05-16,2025-05-18,7.1,7.562719,-0.4627188682556156
2025-05-16,2025-05-19,7.9,8.068892,-0.16889152526855433
2025-05-16,2025-05-20,7.4,7.3806186,0.019381427764892933
2025-05-16,2025-05-21,8.6,7.165423,1.4345770835876461
2025-05-16,2025-05-22,6.7,6.123551,0.5764491081237795
2025-05-16,2025-05-23,8.5,5.273402,3.226597785949707
2025-05-17,2025-05-18,7.1,6.990965,0.10903511047363246
2025-05-17,2025-05-19,7.9,7.4690213,0.4309786796569828
2025-05-17,2025-05-20,7.4,8.046527,-0.6465269088745114
2025-05-17,2025-05-21,8.6,7.3460603,1.2539397239685055
2025-05-17,2025-05-22,6.7,6.4443207,0.2556793212890627
2025-05-17,2025-05-23,8.5,5.336001,3.163999080657959
2025-05-17,2025-05-24,6.7,5.040009,1.659990978240967
2025-05-18,2025-05-19,7.9,7.4105654,0.4894346237182621
2025-05-18,2025-05-20,7.4,7.6678805,-0.26788053512573207
2025-05-18,2025-05-21,8.6,8.575894,0.024105644226073863
2025-05-18,2025-05-22,6.7,7.9705534,-1.270553398132324
2025-05-18,2025-05-23,8.5,6.296714,2.2032861709594727
2025-05-18,2025-05-24,6.7,5.6543584,1.045641613006592
2025-05-18,2025-05-25,5.0,5.4849987,-0.4849987030029297
2025-05-19,2025-05-20,7.4,7.739269,-0.3392687797546383
2025-05-19,2025-05-21,8.6,7.7715254,0.8284746170043942
2025-05-19,2025-05-22,6.7,7.999629,-1.2996290206909178
2025-05-19,2025-05-23,8.5,7.58758,0.9124197959899902
2025-05-19,2025-05-24,6.7,6.9611964,-0.2611964225769041
2025-05-19,2025-05-25,5.0,6.222547,-1.2225470542907715
2025-05-19,2025-05-26,5.2,6.1654544,-0.9654543876647947
2025-05-20,2025-05-21,8.6,8.00677,0.5932298660278317
2025-05-20,2025-05-22,6.7,7.839925,-1.1399248123168944
2025-05-20,2025-05-23,8.5,7.923925,0.5760750770568848
2025-05-20,2025-05-24,6.7,7.447089,-0.7470891952514647
2025-05-20,2025-05-25,5.0,7.3648205,-2.3648204803466797
2025-05-20,2025-05-26,5.2,6.8289633,-1.628963279724121
2025-05-20,2025-05-27,4.7,6.790219,-2.0902188301086424
2025-05-21,2025-05-22,6.7,7.2252703,-0.5252702713012694
2025-05-21,2025-05-23,8.5,7.3046365,1.1953635215759277
2025-05-21,2025-05-24,6.7,7.424668,-0.7246678352355955
2025-05-21,2025-05-25,5.0,6.8031645,-1.8031644821166992
2025-05-21,2025-05-26,5.2,7.2246356,-2.024635601043701
2025-05-21,2025-05-27,4.7,6.7499676,-2.049967575073242
2025-05-21,2025-05-28,5.5,6.78533,-1.285329818725586
2025-05-22,2025-05-23,8.5,6.97292,1.5270800590515137
2025-05-22,2025-05-24,6.7,7.3592615,-0.6592615127563475
2025-05-22,2025-05-25,5.0,7.603527,-2.603527069091797
2025-05-22,2025-05-26,5.2,6.882994,-1.6829941749572752
2025-05-22,2025-05-27,4.7,7.304129,-2.604129123687744
2025-05-22,2025-05-28,5.5,6.9222493,-1.4222493171691895
2025-05-22,2025-05-29,6.8,6.886433,-0.0864331245422365
2025-05-23,2025-05-24,6.7,6.067081,0.6329190254211428
2025-05-23,2025-05-25,5.0,6.6131616,-1.613161563873291
2025-05-23,2025-05-26,5.2,7.4858336,-2.285833644866943
2025-05-23,2025-05-27,4.7,6.499024,-1.799023914337158
2025-05-23,2025-05-28,5.5,6.940522,-1.4405221939086914
2025-05-23,2025-05-29,6.8,6.9366393,-0.13663930892944354
2025-05-23,2025-05-30,7.2,6.54115,0.6588499069213869
2025-05-24,2025-05-25,5.0,4.819013,0.18098688125610352
2025-05-24,2025-05-26,5.2,6.2431893,-1.0431893348693846
2025-05-24,2025-05-27,4.7,6.890069,-2.190069007873535
2025-05-24,2025-05-28,5.5,5.811231,-0.3112311363220215
2025-05-24,2025-05-29,6.8,6.1893992,0.6106007575988768
2025-05-24,2025-05-30,7.2,6.278724,0.9212758064270021
2025-05-24,2025-05-31,6.7,6.2787313,0.4212686538696291
2025-05-25,2025-05-26,5.2,4.620552,0.5794479370117189
2025-05-25,2025-05-27,4.7,6.28286,-1.5828598022460936
2025-05-25,2025-05-28,5.5,6.667156,-1.1671562194824219
2025-05-25,2025-05-29,6.8,5.7740345,1.0259654998779295
2025-05-25,2025-05-30,7.2,6.10989,1.0901100158691408
2025-05-25,2025-05-31,6.7,6.2300677,0.469932270050049
2025-05-25,2025-06-01,5.6,6.5833483,-0.9833482742309574
2025-05-26,2025-05-27,4.7,3.937809,0.7621910095214846
2025-05-26,2025-05-28,5.5,5.5820065,-0.08200645446777344
2025-05-26,2025-05-29,6.8,5.808675,0.9913251876831053
2025-05-26,2025-05-30,7.2,4.622011,2.5779888153076174
2025-05-26,2025-05-31,6.7,5.7560663,0.94393367767334
2025-05-26,2025-06-01,5.6,5.9550533,-0.3550533294677738
2025-05-26,2025-06-02,5.6,6.5706635,-0.9706634521484379
2025-05-27,2025-05-28,5.5,2.9364119,2.5635881423950195
2025-05-27,2025-05-29,6.8,4.591331,2.2086689949035643
2025-05-27,2025-05-30,7.2,5.1324844,2.067515563964844
2025-05-27,2025-05-31,6.7,3.7202024,2.9797975540161135
2025-05-27,2025-06-01,5.6,5.1769667,0.4230333328247067
2025-05-27,2025-06-02,5.6,5.8050466,-0.2050465583801273
2025-05-27,2025-06-03,5.4,6.480117,-1.0801168441772457
2025-05-28,2025-05-29,6.8,3.2642326,3.535767364501953
2025-05-28,2025-05-30,7.2,4.6812854,2.5187146186828615
2025-05-28,2025-05-31,6.7,5.0393476,1.6606523513793947
2025-05-28,2025-06-01,5.6,3.9426029,1.657397127151489
2025-05-28,2025-06-02,5.6,5.515223,0.08477697372436488
2025-05-28,2025-06-03,5.4,6.290423,-0.8904229164123532
2025-05-28,2025-06-04,7.0,6.9061623,0.09383773803710938
2025-05-29,2025-05-30,7.2,3.390345,3.8096549034118654
2025-05-29,2025-05-31,6.7,4.503612,2.1963879585266115
2025-05-29,2025-06-01,5.6,5.044979,0.5550209045410153
2025-05-29,2025-06-02,5.6,4.2196054,1.3803945541381832
2025-05-29,2025-06-03,5.4,5.8538785,-0.4538784980773922
2025-05-29,2025-06-04,7.0,6.5213537,0.47864627838134766
2025-05-29,2025-06-05,6.0,6.7162313,-0.7162313461303711
2025-05-30,2025-05-31,6.7,3.9582965,2.741703462600708
2025-05-30,2025-06-01,5.6,4.6165833,0.983416652679443
2025-05-30,2025-06-02,5.6,5.331974,0.268025970458984
2025-05-30,2025-06-03,5.4,5.0226374,0.3773626327514652
2025-05-30,2025-06-04,7.0,6.755582,0.24441814422607422
2025-05-30,2025-06-05,6.0,7.0449834,-1.0449833869934082
2025-05-30,2025-06-06,5.0,6.578784,-1.5787839889526367
2025-05-31,2025-06-01,5.6,4.040055,1.559945201873779
2025-05-31,2025-06-02,5.6,5.3513584,0.24864158630371058
2025-05-31,2025-06-03,5.4,5.603461,-0.20346078872680629
2025-05-31,2025-06-04,7.0,5.486101,1.5138988494873047
2025-05-31,2025-06-05,6.0,6.2701,-0.27010011672973633
2025-05-31,2025-06-06,5.0,6.5077605,-1.5077605247497559
2025-05-31,2025-06-07,4.3,6.517861,-2.2178608894348146
2025-06-01,2025-06-02,5.6,5.352657,0.24734315872192347
2025-06-01,2025-06-03,5.4,6.938412,-1.5384121894836422
2025-06-01,2025-06-04,7.0,7.251088,-0.25108814239501953
2025-06-01,2025-06-05,6.0,7.265074,-1.2650737762451172
2025-06-01,2025-06-06,5.0,6.870965,-1.8709650039672852
2025-06-01,2025-06-07,4.3,7.4727807,-3.172780704498291
2025-06-01,2025-06-08,5.6,7.2710176,-1.6710175514221195
2025-06-02,2025-06-03,5.4,6.067648,-0.6676479339599606
2025-06-02,2025-06-04,7.0,7.6240845,-0.62408447265625
2025-06-02,2025-06-05,6.0,7.8204064,-1.820406436920166
2025-06-02,2025-06-06,5.0,7.359928,-2.3599281311035156
2025-06-02,2025-06-07,4.3,7.498695,-3.1986948966979982
2025-06-02,2025-06-08,5.6,8.076582,-2.476581954956055
2025-06-02,2025-06-09,17.7,7.668895,10.031105232238769
2025-06-03,2025-06-04,7.0,6.282883,0.7171168327331543
2025-06-03,2025-06-05,6.0,7.7627296,-1.7627296447753906
2025-06-03,2025-06-06,5.0,8.268592,-3.26859188079834
2025-06-03,2025-06-07,4.3,7.2180123,-2.91801233291626
2025-06-03,2025-06-08,5.6,7.342116,-1.7421158790588382
2025-06-03,2025-06-09,17.7,8.226039,9.473961067199706
2025-06-03,2025-06-10,6.2,7.854069,-1.6540692329406737
2025-06-04,2025-06-05,6.0,6.73502,-0.7350201606750488
2025-06-04,2025-06-06,5.0,7.9882402,-2.9882402420043945
2025-06-04,2025-06-07,4.3,8.414787,-4.114787292480469
2025-06-04,2025-06-08,5.6,7.12066,-1.5206598281860355
2025-06-04,2025-06-09,17.7,7.301408,10.39859218597412
2025-06-04,2025-06-10,6.2,8.1996765,-1.9996765136718748
2025-06-04,2025-06-11,8.8,8.00285,0.7971504211425788
2025-06-05,2025-06-06,5.0,6.395807,-1.3958067893981934
2025-06-05,2025-06-07,4.3,7.49278,-3.1927802085876467
2025-06-05,2025-06-08,5.6,8.225927,-2.625927352905274
2025-06-05,2025-06-09,17.7,6.973957,10.726042938232421
2025-06-05,2025-06-10,6.2,6.8610716,-0.6610715866088865
2025-06-05,2025-06-11,8.8,7.8013554,0.9986446380615241
2025-06-05,2025-06-12,12.0,7.4563966,4.543603420257568
2025-06-06,2025-06-07,4.3,6.340599,-2.040599060058594
2025-06-06,2025-06-08,5.6,6.957629,-1.357629203796387
2025-06-06,2025-06-09,17.7,7.7435007,9.956499290466308
2025-06-06,2025-06-10,6.2,6.612993,-0.41299276351928693
2025-06-06,2025-06-11,8.8,7.2792993,1.5207007408142097
2025-06-06,2025-06-12,12.0,7.4578595,4.542140483856201
2025-06-06,2025-06-13,9.9,6.7821083,3.1178916931152347
2025-06-07,2025-06-08,5.6,5.4205627,0.17943725585937464
2025-06-07,2025-06-09,17.7,6.679448,11.020551872253417
2025-06-07,2025-06-10,6.2,7.2521396,-1.0521395683288572
2025-06-07,2025-06-11,8.8,6.0350537,2.7649462699890144
2025-06-07,2025-06-12,12.0,6.336396,5.663603782653809
2025-06-07,2025-06-13,9.9,6.410331,3.489669227600098
2025-06-07,2025-06-14,7.6,6.258498,1.3415018081665036
2025-06-08,2025-06-09,17.7,5.744733,11.955267143249511
2025-06-08,2025-06-10,6.2,7.072878,-0.8728778839111326
2025-06-08,2025-06-11,8.8,7.6635256,1.1364744186401374
2025-06-08,2025-06-12,12.0,6.4218483,5.578151702880859
2025-06-08,2025-06-13,9.9,6.1648536,3.7351464271545414
2025-06-08,2025-06-14,7.6,6.4562054,1.1437946319580075
2025-06-08,2025-06-15,6.6,6.3987556,0.20124444961547816
2025-06-09,2025-06-10,6.2,6.853451,-0.6534507751464842
2025-06-09,2025-06-11,8.8,7.558934,1.2410657882690437
2025-06-09,2025-06-12,12.0,7.8231955,4.176804542541504
2025-06-09,2025-06-13,9.9,6.5315337,3.3684662818908695
2025-06-09,2025-06-14,7.6,6.64605,0.9539500236511227
2025-06-09,2025-06-15,6.6,6.877039,-0.2770389556884769
2025-06-09,2025-06-16,7.3,6.630366,0.6696341514587401
2025-06-10,2025-06-11,8.8,8.038237,0.7617633819580085
2025-06-10,2025-06-12,12.0,8.076288,3.9237117767333984
2025-06-10,2025-06-13,9.9,8.0328665,1.8671335220336918
2025-06-10,2025-06-14,7.6,6.596737,1.0032630920410153
2025-06-10,2025-06-15,6.6,7.182839,-0.5828389167785648
2025-06-10,2025-06-16,7.3,7.40714,-0.10713977813720721
2025-06-10,2025-06-17,7.5,7.218926,0.28107404708862305
2025-06-11,2025-06-12,12.0,9.286987,2.7130126953125
2025-06-11,2025-06-13,9.9,8.689833,1.2101673126220707
2025-06-11,2025-06-14,7.6,8.14421,-0.5442098617553714
2025-06-11,2025-06-15,6.6,7.2544565,-0.6544565200805668
2025-06-11,2025-06-16,7.3,7.4750285,-0.17502851486206072
2025-06-11,2025-06-17,7.5,7.5490828,-0.04908275604248047
2025-06-11,2025-06-18,8.4,7.3141413,1.0858587265014652
2025-06-12,2025-06-13,9.9,9.349004,0.5509962081909183
2025-06-12,2025-06-14,7.6,8.650063,-1.0500625610351566
2025-06-12,2025-06-15,6.6,8.019399,-1.4193986892700199
2025-06-12,2025-06-16,7.3,7.38982,-0.0898200988769533
2025-06-12,2025-06-17,7.5,7.0375047,0.4624953269958496
2025-06-12,2025-06-18,8.4,6.9521046,1.447895431518555
2025-06-12,2025-06-19,13.3,6.7625113,6.537488746643067
2025-06-13,2025-06-14,7.6,9.299812,-1.6998123168945316
2025-06-13,2025-06-15,6.6,8.445112,-1.845112228393555
2025-06-13,2025-06-16,7.3,7.9350104,-0.6350104331970217
2025-06-13,2025-06-17,7.5,7.5055995,-0.005599498748779297
2025-06-13,2025-06-18,8.4,7.269518,1.13048210144043
2025-06-13,2025-06-19,13.3,6.840156,6.459843921661378
2025-06-13,2025-06-20,13.499999999999998,6.1184454,7.381554603576658
2025-06-14,2025-06-15,6.6,8.164184,-1.564183616638184
2025-06-14,2025-06-16,7.3,8.097552,-0.7975522994995119
2025-06-14,2025-06-17,7.5,7.426345,0.0736551284790039
2025-06-14,2025-06-18,8.4,6.8215985,1.5784014701843265
2025-06-14,2025-06-19,13.3,6.24376,7.056239891052247
2025-06-14,2025-06-20,13.499999999999998,5.514816,7.985184192657469
2025-06-14,2025-06-21,11.1,5.1575356,5.942464447021484
2025-06-15,2025-06-16,7.3,7.7445335,-0.44453353881835955
2025-06-15,2025-06-17,7.5,8.138441,-0.6384410858154297
2025-06-15,2025-06-18,8.4,7.471211,0.928789043426514
2025-06-15,2025-06-19,13.3,6.704488,6.595512199401856
2025-06-15,2025-06-20,13.499999999999998,5.653732,7.846268177032469
2025-06-15,2025-06-21,11.1,5.10049,5.9995099067687985
2025-06-15,2025-06-22,7.2,5.0912075,2.1087924957275392
2025-06-16,2025-06-17,7.5,7.176912,0.3230881690979004
2025-06-16,2025-06-18,8.4,7.371215,1.0287851333618168
2025-06-16,2025-06-19,13.3,6.3588586,6.941141414642335
2025-06-16,2025-06-20,13.499999999999998,5.631465,7.86853504180908
2025-06-16,2025-06-21,11.1,5.5091944,5.590805625915527
2025-06-16,2025-06-22,7.2,4.828385,2.3716151237487795
2025-06-16,2025-06-23,5.8,5.0791483,0.7208517074584959
2025-06-17,2025-06-18,8.4,7.293195,1.106805229187012
2025-06-17,2025-06-19,13.3,7.445335,5.854665088653565
2025-06-17,2025-06-20,13.499999999999998,6.0660143,7.433985710144041
2025-06-17,2025-06-21,11.1,5.4168797,5.683120346069336
2025-06-17,2025-06-22,7.2,5.890246,1.3097540855407717
2025-06-17,2025-06-23,5.8,5.4499965,0.3500035285949705
2025-06-17,2025-06-24,6.3,5.822886,0.47711400985717756
2025-06-18,2025-06-19,13.3,7.669932,5.6300681114196784
2025-06-18,2025-06-20,13.499999999999998,7.785221,5.714778900146483
2025-06-18,2025-06-21,11.1,6.1145945,4.985405540466308
2025-06-18,2025-06-22,7.2,5.643975,1.5560252189636232
2025-06-18,2025-06-23,5.8,6.3602057,-0.56020565032959
2025-06-18,2025-06-24,6.3,6.2595973,0.040402698516845525
2025-06-18,2025-06-25,6.2,6.719335,-0.5193350791931151
2025-06-19,2025-06-20,13.499999999999998,8.592618,4.907382011413572
2025-06-19,2025-06-21,11.1,8.016529,3.0834709167480465
2025-06-19,2025-06-22,7.2,6.619827,0.5801732063293459
2025-06-19,2025-06-23,5.8,6.5784097,-0.7784096717834474
2025-06-19,2025-06-24,6.3,7.217099,-0.917099189758301
2025-06-19,2025-06-25,6.2,6.997647,-0.7976468086242674
2025-06-19,2025-06-26,5.9,6.791439,-0.891439056396484
2025-06-20,2025-06-21,11.1,9.299932,1.8000684738159176
2025-06-20,2025-06-22,7.2,8.224144,-1.0241439819335936
2025-06-20,2025-06-23,5.8,7.319312,-1.51931209564209
2025-06-20,2025-06-24,6.3,7.624306,-1.3243062019348146
2025-06-20,2025-06-25,6.2,8.012569,-1.8125694274902342
2025-06-20,2025-06-26,5.9,7.4520473,-1.5520473480224606
2025-06-20,2025-06-27,6.0,6.5839868,-0.583986759185791
2025-06-21,2025-06-22,7.2,9.075301,-1.875301170349121
2025-06-21,2025-06-23,5.8,8.510221,-2.710220527648926
2025-06-21,2025-06-24,6.3,7.856743,-1.556742858886719
2025-06-21,2025-06-25,6.2,7.929251,-1.729251194000244
2025-06-21,2025-06-26,5.9,7.286199,-1.3861990928649899
2025-06-21,2025-06-27,6.0,6.771133,-0.7711329460144043
2025-06-21,2025-06-28,4.8,6.0702734,-1.2702733993530275
2025-06-22,2025-06-23,5.8,7.874115,-2.074114990234375
2025-06-22,2025-06-24,6.3,7.7970667,-1.4970666885375978
2025-06-22,2025-06-25,6.2,7.9974723,-1.797472286224365
2025-06-22,2025-06-26,5.9,7.3438883,-1.4438882827758786
2025-06-22,2025-06-27,6.0,6.0285344,-0.028534412384033203
2025-06-22,2025-06-28,4.8,5.9021306,-1.1021306037902834
2025-06-22,2025-06-29,5.8,5.5883393,0.21166067123413068
2025-06-23,2025-06-24,6.3,6.5699387,-0.2699386596679689
2025-06-23,2025-06-25,6.2,6.813899,-0.6138990402221678
2025-06-23,2025-06-26,5.9,6.757133,-0.8571330070495602
2025-06-23,2025-06-27,6.0,5.5713644,0.4286355972290039
2025-06-23,2025-06-28,4.8,5.4558163,-0.6558162689208986
2025-06-23,2025-06-29,5.8,5.0943794,0.7056205749511717
2025-06-23,2025-06-30,8.5,5.2793784,3.2206215858459473
2025-06-24,2025-06-25,6.2,5.7683215,0.4316784858703615
2025-06-24,2025-06-26,5.9,6.1647043,-0.26470432281494105
2025-06-24,2025-06-27,6.0,6.0404925,-0.04049253463745117
2025-06-24,2025-06-28,4.8,4.644017,0.1559827804565428
2025-06-24,2025-06-29,5.8,4.999887,0.800113010406494
2025-06-24,2025-06-30,8.5,4.866096,3.633903980255127
2025-06-24,2025-07-01,9.9,5.3806334,4.519366645812989
2025-06-25,2025-06-26,5.9,5.524299,0.3757008552551273
2025-06-25,2025-06-27,6.0,6.04982,-0.0498199462890625
2025-06-25,2025-06-28,4.8,5.694356,-0.8943559646606447
2025-06-25,2025-06-29,5.8,4.624748,1.175251770019531
2025-06-25,2025-06-30,8.5,4.905839,3.594161033630371
2025-06-25,2025-07-01,9.9,5.1054087,4.794591331481934
2025-06-25,2025-07-02,4.7,5.8195157,-1.1195157051086424
2025-06-26,2025-06-27,6.0,4.901103,1.0988969802856445
2025-06-26,2025-06-28,4.8,5.440974,-0.6409742355346681
2025-06-26,2025-06-29,5.8,5.0651474,0.7348526000976561
2025-06-26,2025-06-30,8.5,4.2689133,4.231086730957031
2025-06-26,2025-07-01,9.9,4.9043713,4.995628738403321
2025-06-26,2025-07-02,4.7,4.9272823,-0.22728233337402326
2025-06-26,2025-07-03,4.2,5.6162353,-1.4162352561950682
2025-06-27,2025-06-28,4.8,4.10159,0.698409843444824
2025-06-27,2025-06-29,5.8,4.3368177,1.4631822586059569
2025-06-27,2025-06-30,8.5,4.751627,3.748373031616211
2025-06-27,2025-07-01,9.9,4.121359,5.778641128540039
2025-06-27,2025-07-02,4.7,4.989056,-0.2890561103820799
2025-06-27,2025-07-03,4.2,4.958735,-0.7587349891662596
2025-06-27,2025-07-04,6.8,4.876741,1.9232590675354002
2025-06-28,2025-06-29,5.8,3.7787967,2.021203327178955
2025-06-28,2025-06-30,8.5,4.3677034,4.132296562194824
2025-06-28,2025-07-01,9.9,4.598681,5.301319026947022
2025-06-28,2025-07-02,4.7,4.211591,0.4884092330932619
2025-06-28,2025-07-03,4.2,4.787491,-0.5874908447265623
2025-06-28,2025-07-04,6.8,4.5305185,2.2694814682006834
2025-06-28,2025-07-05,5.0,4.5841756,0.41582441329956055
2025-06-29,2025-06-30,8.5,4.319962,4.180037975311279
2025-06-29,2025-07-01,9.9,5.206654,4.693345928192139
2025-06-29,2025-07-02,4.7,5.3503156,-0.6503155708312987
2025-06-29,2025-07-03,4.2,5.289008,-1.0890081405639647
2025-06-29,2025-07-04,6.8,4.8171167,1.9828832626342772
2025-06-29,2025-07-05,5.0,5.093846,-0.09384584426879883
2025-06-29,2025-07-06,3.8,5.328693,-1.52869291305542
2025-06-30,2025-07-01,9.9,4.9273486,4.972651386260987
2025-06-30,2025-07-02,4.7,5.6622696,-0.9622695922851561
2025-06-30,2025-07-03,4.2,5.308109,-1.1081088066101072
2025-06-30,2025-07-04,6.8,5.1354675,1.6645324707031248
2025-06-30,2025-07-05,5.0,5.161654,-0.16165399551391602
2025-06-30,2025-07-06,3.8,5.4890633,-1.6890632629394533
2025-06-30,2025-07-07,4.3,5.600035,-1.3000351905822756
2025-07-01,2025-07-02,4.7,6.4349465,-1.734946537017822
2025-07-01,2025-07-03,4.2,6.9148836,-2.7148836135864256
2025-07-01,2025-07-04,6.8,6.3627005,0.43729953765869123
2025-07-01,2025-07-05,5.0,6.4972053,-1.4972052574157715
2025-07-01,2025-07-06,3.8,6.852324,-3.0523240089416506
2025-07-01,2025-07-07,4.3,7.200055,-2.9000551223754885
2025-07-01,2025-07-08,5.4,6.8166184,-1.4166184425354
2025-07-02,2025-07-03,4.2,6.8743043,-2.6743042945861815
2025-07-02,2025-07-04,6.8,7.55591,-0.755910110473633
2025-07-02,2025-07-05,5.0,6.7993608,-1.799360752105713
2025-07-02,2025-07-06,3.8,6.9160304,-3.1160304069519045
2025-07-02,2025-07-07,4.3,7.523151,-3.22315092086792
2025-07-02,2025-07-08,5.4,7.72434,-2.324339962005615
2025-07-02,2025-07-09,5.6,7.3806963,-1.7806962966918949
2025-07-03,2025-07-04,6.8,7.2558804,-0.4558803558349611
2025-07-03,2025-07-05,5.0,8.101172,-3.10117244720459
2025-07-03,2025-07-06,3.8,7.248505,-3.4485051155090334
2025-07-03,2025-07-07,4.3,7.1799536,-2.8799535751342775
2025-07-03,2025-07-08,5.4,7.6230536,-2.2230535507202145
2025-07-03,2025-07-09,5.6,8.017014,-2.417013549804688
2025-07-03,2025-07-10,6.2,7.8904366,-1.6904366493225096
2025-07-04,2025-07-05,5.0,7.1096,-2.109600067138672
2025-07-04,2025-07-06,3.8,7.7850876,-3.985087585449219
2025-07-04,2025-07-07,4.3,7.544778,-3.244777870178223
2025-07-04,2025-07-08,5.4,7.2114687,-1.811468696594238
2025-07-04,2025-07-09,5.6,7.633272,-2.033272171020508
2025-07-04,2025-07-10,6.2,8.11977,-1.919770050048828
2025-07-04,2025-07-11,9.4,7.525754,1.8742460250854496
2025-07-05,2025-07-06,3.8,6.4093633,-2.6093632698059084
2025-07-05,2025-07-07,4.3,7.606278,-3.306277942657471
2025-07-05,2025-07-08,5.4,7.422911,-2.022911167144775
2025-07-05,2025-07-09,5.6,6.7655253,-1.165525341033936
2025-07-05,2025-07-10,6.2,6.738739,-0.5387390136718748
2025-07-05,2025-07-11,9.4,7.129303,2.2706970214843754
2025-07-05,2025-07-12,7.6,6.95042,0.649580097198486
2025-07-06,2025-07-07,4.3,6.1109033,-1.8109032630920412
2025-07-06,2025-07-08,5.4,7.616598,-2.2165981292724606
2025-07-06,2025-07-09,5.6,7.6881733,-2.088173294067383
2025-07-06,2025-07-10,6.2,6.700441,-0.5004408836364744
2025-07-06,2025-07-11,9.4,6.5113764,2.88862361907959
2025-07-06,2025-07-12,7.6,7.3871326,0.21286735534667933
2025-07-06,2025-07-13,7.0,7.6271954,-0.6271953582763672
2025-07-07,2025-07-08,5.4,4.967089,0.43291082382202184
2025-07-07,2025-07-09,5.6,6.911153,-1.3111528396606449
2025-07-07,2025-07-10,6.2,6.4048505,-0.20485048294067365
2025-07-07,2025-07-11,9.4,5.178049,4.221950912475586
2025-07-07,2025-07-12,7.6,6.413882,1.1861182212829586
2025-07-07,2025-07-13,7.0,6.834686,0.1653141975402832
2025-07-07,2025-07-14,6.7,7.1682267,-0.4682267189025877
2025-07-08,2025-07-09,5.6,5.5026317,0.0973683357238766
2025-07-08,2025-07-10,6.2,7.20673,-1.0067298889160154
2025-07-08,2025-07-11,9.4,6.292546,3.1074542045593265
2025-07-08,2025-07-12,7.6,5.1905203,2.409479713439941
2025-07-08,2025-07-13,7.0,6.862378,0.13762187957763672
2025-07-08,2025-07-14,6.7,7.4110093,-0.7110093116760252
2025-07-08,2025-07-15,5.5,7.7511263,-2.251126289367676
2025-07-09,2025-07-10,6.2,6.513666,-0.3136661529541014
2025-07-09,2025-07-11,9.4,7.928963,1.471036815643311
2025-07-09,2025-07-12,7.6,6.784714,0.8152857780456539
2025-07-09,2025-07-13,7.0,5.8402524,1.15974760055542
2025-07-09,2025-07-14,6.7,7.0753117,-0.3753116607666014
2025-07-09,2025-07-15,5.5,8.151387,-2.6513872146606445
2025-07-09,2025-07-16,5.8,8.485995,-2.6859952926635744
2025-07-10,2025-07-11,9.4,7.1977863,2.2022136688232425
2025-07-10,2025-07-12,7.6,8.352549,-0.7525485992431644
2025-07-10,2025-07-13,7.0,7.082388,-0.08238792419433594
2025-07-10,2025-07-14,6.7,6.3126736,0.38732643127441424
2025-07-10,2025-07-15,5.5,7.2223673,-1.722367286682129
2025-07-10,2025-07-16,5.8,8.630249,-2.8302490234375
2025-07-10,2025-07-17,6.4,8.876906,-2.4769063949584957
2025-07-11,2025-07-12,7.6,7.8949013,-0.294901275634766
2025-07-11,2025-07-13,7.0,8.202458,-1.202458381652832
2025-07-11,2025-07-14,6.7,7.436805,-0.7368047714233397
2025-07-11,2025-07-15,5.5,7.1084146,-1.608414649963379
2025-07-11,2025-07-16,5.8,7.7069254,-1.906925392150879
2025-07-11,2025-07-17,6.4,8.84874,-2.448739624023437
2025-07-11,2025-07-18,7.0,8.321958,-1.3219575881958008
2025-07-12,2025-07-13,7.0,8.402942,-1.4029417037963867
2025-07-12,2025-07-14,6.7,8.50734,-1.8073404312133787
2025-07-12,2025-07-15,5.5,7.9012117,-2.401211738586426
2025-07-12,2025-07-16,5.8,7.754982,-1.9549819946289064
2025-07-12,2025-07-17,6.4,7.4611177,-1.0611177444458004
2025-07-12,2025-07-18,7.0,8.38291,-1.3829097747802734
2025-07-12,2025-07-19,5.8,7.907926,-2.107926082611084
2025-07-13,2025-07-14,6.7,9.087725,-2.387724685668945
2025-07-13,2025-07-15,5.5,8.967887,-3.4678869247436523
2025-07-13,2025-07-16,5.8,8.676797,-2.876796913146973
2025-07-13,2025-07-17,6.4,8.600603,-2.200603103637695
2025-07-13,2025-07-18,7.0,7.5090456,-0.5090456008911133
2025-07-13,2025-07-19,5.8,8.403609,-2.6036092758178713
2025-07-13,2025-07-20,3.9000000000000004,7.755384,-3.855383968353271
2025-07-14,2025-07-15,5.5,7.811232,-2.311232089996338
2025-07-14,2025-07-16,5.8,8.312097,-2.5120965957641603
2025-07-14,2025-07-17,6.4,7.7740154,-1.3740154266357418
2025-07-14,2025-07-18,7.0,7.369555,-0.3695549964904785
2025-07-14,2025-07-19,5.8,6.8728046,-1.072804641723633
2025-07-14,2025-07-20,3.9000000000000004,7.1361823,-3.236182308197021
2025-07-14,2025-07-21,4.3,6.6249633,-2.3249632835388185
2025-07-15,2025-07-16,5.8,6.5325656,-0.7325655937194826
2025-07-15,2025-07-17,6.4,7.4352016,-1.0352016448974606
2025-07-15,2025-07-18,7.0,6.915015,0.08498477935791016
2025-07-15,2025-07-19,5.8,6.1794934,-0.3794934272766115
2025-07-15,2025-07-20,3.9000000000000004,6.0216904,-2.1216903686523434
2025-07-15,2025-07-21,4.3,6.0726686,-1.7726685523986818
2025-07-15,2025-07-22,4.1,6.0037656,-1.9037655830383304
2025-07-16,2025-07-17,6.4,6.229752,0.17024793624877965
2025-07-16,2025-07-18,7.0,7.217167,-0.21716690063476562
2025-07-16,2025-07-19,5.8,6.4785466,-0.6785466194152834
2025-07-16,2025-07-20,3.9000000000000004,5.8518376,-1.9518376350402828
2025-07-16,2025-07-21,4.3,5.6972804,-1.3972804069519045
2025-07-16,2025-07-22,4.1,5.9223404,-1.8223403930664066
2025-07-16,2025-07-23,11.5,6.196113,5.303886890411377
2025-07-17,2025-07-18,7.0,6.56746,0.4325399398803711
2025-07-17,2025-07-19,5.8,7.126429,-1.326429080963135
2025-07-17,2025-07-20,3.9000000000000004,6.5739927,-2.6739927291870114
2025-07-17,2025-07-21,4.3,6.3608704,-2.060870361328125
2025-07-17,2025-07-22,4.1,5.9521093,-1.8521093368530277
2025-07-17,2025-07-23,11.5,6.109782,5.3902177810668945
2025-07-17,2025-07-24,6.7,5.997087,0.7029129981994631
2025-07-18,2025-07-19,5.8,6.5365567,-0.7365567207336428
2025-07-18,2025-07-20,3.9000000000000004,6.742134,-2.842134094238281
2025-07-18,2025-07-21,4.3,6.175326,-1.8753258705139162
2025-07-18,2025-07-22,4.1,6.468136,-2.3681358337402347
2025-07-18,2025-07-23,11.5,6.1688404,5.331159591674805
2025-07-18,2025-07-24,6.7,6.1003695,0.5996305465698244
2025-07-18,2025-07-25,10.0,5.909023,4.090977191925049
2025-07-19,2025-07-20,3.9000000000000004,5.0172443,-1.1172443389892575
2025-07-19,2025-07-21,4.3,5.7853837,-1.485383701324463
2025-07-19,2025-07-22,4.1,5.558313,-1.4583128929138187
2025-07-19,2025-07-23,11.5,5.9726896,5.527310371398926
2025-07-19,2025-07-24,6.7,5.247369,1.452631187438965
2025-07-19,2025-07-25,10.0,5.3862834,4.6137166023254395
2025-07-19,2025-07-26,6.7,5.3320203,1.3679797172546388
2025-07-20,2025-07-21,4.3,5.087299,-0.7872988700866701
2025-07-20,2025-07-22,4.1,5.72106,-1.6210597991943363
2025-07-20,2025-07-23,11.5,5.9186153,5.581384658813477
2025-07-20,2025-07-24,6.7,6.5517793,0.14822072982788104
2025-07-20,2025-07-25,10.0,5.3629684,4.637031555175781
2025-07-20,2025-07-26,6.7,5.8449726,0.8550273895263674
2025-07-20,2025-07-27,5.1,5.7417994,-0.641799354553223
2025-07-21,2025-07-22,4.1,5.0411034,-0.9411033630371097
2025-07-21,2025-07-23,11.5,6.116784,5.38321590423584
2025-07-21,2025-07-24,6.7,5.446075,1.2539250373840334
2025-07-21,2025-07-25,10.0,6.00584,3.9941601753234863
2025-07-21,2025-07-26,6.7,5.7998557,0.9001442909240724
2025-07-21,2025-07-27,5.1,6.0397305,-0.9397305488586429
2025-07-21,2025-07-28,6.2,6.1451755,0.054824542999267756
2025-07-22,2025-07-23,11.5,5.3356366,6.164363384246826
2025-07-22,2025-07-24,6.7,6.8003716,-0.10037164688110334
2025-07-22,2025-07-25,10.0,5.3136926,4.686307430267334
2025-07-22,2025-07-26,6.7,5.842407,0.8575927734375002
2025-07-22,2025-07-27,5.1,6.22238,-1.1223801612854007
2025-07-22,2025-07-28,6.2,6.4183793,-0.2183793067932127
2025-07-22,2025-07-29,6.6,6.8750596,-0.27505960464477575
2025-07-23,2025-07-24,6.7,5.929543,0.7704569816589357
2025-07-23,2025-07-25,10.0,7.615903,2.384097099304199
2025-07-23,2025-07-26,6.7,5.536413,1.1635868072509767
2025-07-23,2025-07-27,5.1,6.147134,-1.047133827209473
2025-07-23,2025-07-28,6.2,6.34546,-0.14545993804931623
2025-07-23,2025-07-29,6.6,6.7284408,-0.12844076156616246
2025-07-23,2025-07-30,6.3,7.7901196,-1.4901196479797365
2025-07-24,2025-07-25,10.0,5.9186354,4.081364631652832
2025-07-24,2025-07-26,6.7,7.657467,-0.9574668884277342
2025-07-24,2025-07-27,5.1,5.5084867,-0.4084867477416996
2025-07-24,2025-07-28,6.2,6.1136885,0.08631153106689471
2025-07-24,2025-07-29,6.6,6.3156495,0.284350490570068
2025-07-24,2025-07-30,6.3,6.719872,-0.41987199783325213
2025-07-24,2025-07-31,6.500000000000001,7.997336,-1.4973359107971183
2025-07-25,2025-07-26,6.7,6.253167,0.446832847595215
2025-07-25,2025-07-27,5.1,7.5732365,-2.473236465454102
2025-07-25,2025-07-28,6.2,5.765504,0.43449611663818377
2025-07-25,2025-07-29,6.6,6.517844,0.0821557998657223
2025-07-25,2025-07-30,6.3,6.8283105,-0.5283104896545412
2025-07-25,2025-07-31,6.500000000000001,7.16215,-0.6621499061584464
2025-07-25,2025-08-01,3.7,7.786198,-4.086198139190674
2025-07-26,2025-07-27,5.1,6.229655,-1.1296547889709476
2025-07-26,2025-07-28,6.2,7.745714,-1.5457141876220701
2025-07-26,2025-07-29,6.6,6.0729065,0.5270935058593746
2025-07-26,2025-07-30,6.3,6.625833,-0.32583303451538104
2025-07-26,2025-07-31,6.500000000000001,6.524491,-0.024490833282469815
2025-07-26,2025-08-01,3.7,7.0135903,-3.313590335845947
2025-07-26,2025-08-02,4.9,7.669414,-2.7694140434265133
2025-07-27,2025-07-28,6.2,6.4965196,-0.2965195655822752
2025-07-27,2025-07-29,6.6,8.297071,-1.69707145690918
2025-07-27,2025-07-30,6.3,6.7376695,-0.43766946792602557
2025-07-27,2025-07-31,6.500000000000001,6.9784956,-0.4784955978393546
2025-07-27,2025-08-01,3.7,6.3596296,-2.6596296310424803
2025-07-27,2025-08-02,4.9,7.369002,-2.4690018653869625
2025-07-27,2025-08-03,6.1000000000000005,8.18648,-2.086479568481445
2025-07-28,2025-07-29,6.6,6.3075447,0.2924552917480465
2025-07-28,2025-07-30,6.3,8.506851,-2.2068511962890627
2025-07-28,2025-07-31,6.500000000000001,6.386762,0.1132378578186044
2025-07-28,2025-08-01,3.7,6.133907,-2.433906841278076
2025-07-28,2025-08-02,4.9,6.4637146,-1.5637145996093746
2025-07-28,2025-08-03,6.1000000000000005,7.435695,-1.3356951713562006
2025-07-28,2025-08-04,4.7,8.168414,-3.4684141159057615
2025-07-29,2025-07-30,6.3,6.503789,-0.2037889480590822
2025-07-29,2025-07-31,6.500000000000001,8.904147,-2.4041471481323233
2025-07-29,2025-08-01,3.7,6.5251474,-2.8251474380493162
2025-07-29,2025-08-02,4.9,6.1532555,-1.253255462646484
2025-07-29,2025-08-03,6.1000000000000005,6.6083074,-0.5083073616027827
2025-07-29,2025-08-04,4.7,8.027254,-3.3272541046142576
2025-07-29,2025-08-05,4.7,8.750872,-4.050871658325195
2025-07-30,2025-07-31,6.500000000000001,6.423507,0.07649278640747159
2025-07-30,2025-08-01,3.7,8.65302,-4.953019905090332
2025-07-30,2025-08-02,4.9,6.2119493,-1.3119493484497067
2025-07-30,2025-08-03,6.1000000000000005,5.9410605,0.1589394569396978
2025-07-30,2025-08-04,4.7,6.467853,-1.7678530693054197
2025-07-30,2025-08-05,4.7,8.106961,-3.4069612503051756
2025-07-30,2025-08-06,6.3,9.041238,-2.741237831115723
2025-07-31,2025-08-01,3.7,5.639001,-1.93900089263916
2025-07-31,2025-08-02,4.9,7.7626157,-2.8626156806945797
2025-07-31,2025-08-03,6.1000000000000005,5.6855817,0.4144183158874517
2025-07-31,2025-08-04,4.7,5.5845957,-0.8845956802368162
2025-07-31,2025-08-05,4.7,6.235366,-1.535365867614746
2025-07-31,2025-08-06,6.3,7.9775004,-1.6775004386901857
2025-07-31,2025-08-07,6.500000000000001,8.802908,-2.302907943725585
2025-08-01,2025-08-02,4.9,5.9415045,-1.0415044784545895
2025-08-01,2025-08-03,6.1000000000000005,7.5252867,-1.4252866744995112
2025-08-01,2025-08-04,4.7,6.3734937,-1.6734936714172362
2025-08-01,2025-08-05,4.7,6.694992,-1.9949920654296873
2025-08-01,2025-08-06,6.3,7.405689,-1.105688762664795
2025-08-01,2025-08-07,6.500000000000001,9.102246,-2.6022462844848624
2025-08-01,2025-08-08,7.4,9.103633,-1.7036329269409176
2025-08-02,2025-08-03,6.1000000000000005,6.491141,-0.3911408424377436
2025-08-02,2025-08-04,4.7,8.115275,-3.4152753829956053
2025-08-02,2025-08-05,4.7,7.1868587,-2.4868586540222166
2025-08-02,2025-08-06,6.3,7.51439,-1.214389991760254
2025-08-02,2025-08-07,6.500000000000001,7.8200507,-1.3200507164001456
2025-08-02,2025-08-08,7.4,9.435711,-2.0357109069824215
2025-08-02,2025-08-09,5.6,9.517541,-3.9175409317016605
2025-08-03,2025-08-04,4.7,6.938016,-2.2380159378051756
2025-08-03,2025-08-05,4.7,8.620432,-3.920431900024414
2025-08-03,2025-08-06,6.3,8.202856,-1.9028560638427736
2025-08-03,2025-08-07,6.500000000000001,8.06488,-1.5648803710937491
2025-08-03,2025-08-08,7.4,8.074515,-0.674515342712402
2025-08-03,2025-08-09,5.6,9.810562,-4.210562133789063
2025-08-03,2025-08-10,11.8,9.961683,1.838316726684571
2025-08-04,2025-08-05,4.7,6.3232055,-1.6232054710388182
2025-08-04,2025-08-06,6.3,8.1786785,-1.8786785125732424
2025-08-04,2025-08-07,6.500000000000001,7.8814473,-1.3814473152160636
2025-08-04,2025-08-08,7.4,7.148662,0.2513379096984867
2025-08-04,2025-08-09,5.6,7.968756,-2.368756198883057
2025-08-04,2025-08-10,11.8,9.117739,2.682261276245118
2025-08-04,2025-08-11,13.1,9.088072,4.0119281768798825
2025-08-05,2025-08-06,6.3,6.4921556,-0.19215555191040057
2025-08-05,2025-08-07,6.500000000000001,8.22527,-1.7252702713012686
2025-08-05,2025-08-08,7.4,7.949499,-0.5494991302490231
2025-08-05,2025-08-09,5.6,6.8519425,-1.2519425392150882
2025-08-05,2025-08-10,11.8,7.8210006,3.9789994239807136
2025-08-05,2025-08-11,13.1,8.944432,4.155567741394043
2025-08-05,2025-08-12,13.4,9.100173,4.299827003479004
2025-08-06,2025-08-07,6.500000000000001,7.210165,-0.71016502380371
2025-08-06,2025-08-08,7.4,8.426853,-1.0268531799316403
2025-08-06,2025-08-09,5.6,8.236107,-2.636106872558594
2025-08-06,2025-08-10,11.8,7.044029,4.755970764160157
2025-08-06,2025-08-11,13.1,7.644935,5.455064868927002
2025-08-06,2025-08-12,13.4,9.036376,4.363624000549317
2025-08-06,2025-08-13,16.8,9.254881,7.5451190948486335
2025-08-07,2025-08-08,7.4,7.2914677,0.10853233337402379
2025-08-07,2025-08-09,5.6,8.024589,-2.4245885848999027
2025-08-07,2025-08-10,11.8,7.8686476,3.9313524246215827
2025-08-07,2025-08-11,13.1,6.7878313,6.31216869354248
2025-08-07,2025-08-12,13.4,7.5426803,5.857319736480713
2025-08-07,2025-08-13,16.8,8.506744,8.293255615234376
2025-08-07,2025-08-14,7.0,8.784008,-1.7840080261230469
2025-08-08,2025-08-09,5.6,7.6694164,-2.069416427612305
2025-08-08,2025-08-10,11.8,7.876885,3.9231150627136238
2025-08-08,2025-08-11,13.1,7.771725,5.328274822235107
2025-08-08,2025-08-12,13.4,7.149368,6.250632190704346
2025-08-08,2025-08-13,16.8,7.95439,8.845609951019288
2025-08-08,2025-08-14,7.0,8.512306,-1.5123062133789062
2025-08-08,2025-08-15,5.8,8.505675,-2.7056753158569338
2025-08-09,2025-08-10,11.8,7.418822,4.381178188323975
2025-08-09,2025-08-11,13.1,7.9007235,5.199276542663574
2025-08-09,2025-08-12,13.4,7.6563597,5.743640327453614
2025-08-09,2025-08-13,16.8,6.952663,9.8473370552063
2025-08-09,2025-08-14,7.0,7.2129407,-0.21294069290161133
2025-08-09,2025-08-15,5.8,7.7207184,-1.9207183837890627
2025-08-09,2025-08-16,6.1000000000000005,8.228457,-2.1284574508666987
2025-08-10,2025-08-11,13.1,8.528621,4.571379280090332
2025-08-10,2025-08-12,13.4,8.780661,4.619339370727539
2025-08-10,2025-08-13,16.8,8.471906,8.328094291687012
2025-08-10,2025-08-14,7.0,8.000482,-1.0004816055297852
2025-08-10,2025-08-15,5.8,7.3144937,-1.5144936561584474
2025-08-10,2025-08-16,6.1000000000000005,8.224937,-2.124937438964843
2025-08-10,2025-08-17,4.3,8.834418,-4.534418296813965
2025-08-11,2025-08-12,13.4,9.766465,3.6335348129272464
2025-08-11,2025-08-13,16.8,9.766469,7.033530998229981
2025-08-11,2025-08-14,7.0,8.702097,-1.702096939086914
2025-08-11,2025-08-15,5.8,8.327565,-2.5275651931762697
2025-08-11,2025-08-16,6.1000000000000005,8.326584,-2.226583862304687
2025-08-11,2025-08-17,4.3,8.636827,-4.3368274688720705
2025-08-11,2025-08-18,3.4,8.696526,-5.296525573730468
2025-08-12,2025-08-13,16.8,10.857082,5.942917633056641
2025-08-12,2025-08-14,7.0,10.689624,-3.6896238327026367
2025-08-12,2025-08-15,5.8,9.039083,-3.2390825271606447
2025-08-12,2025-08-16,6.1000000000000005,8.825344,-2.725344085693359
2025-08-12,2025-08-17,4.3,9.02456,-4.72455997467041
2025-08-12,2025-08-18,3.4,8.92382,-5.523819541931152
2025-08-12,2025-08-19,5.699999999999999,8.62458,-2.924580383300782
2025-08-13,2025-08-14,7.0,10.882156,-3.8821563720703125
2025-08-13,2025-08-15,5.8,10.797464,-4.997464370727539
2025-08-13,2025-08-16,6.1000000000000005,9.049584,-2.9495843887329096
2025-08-13,2025-08-17,4.3,8.88437,-4.584369850158692
2025-08-13,2025-08-18,3.4,8.374052,-4.974052047729492
2025-08-13,2025-08-19,5.699999999999999,8.318602,-2.618601608276368
2025-08-13,2025-08-20,4.0,8.381243,-4.381242752075195
2025-08-14,2025-08-15,5.8,10.37471,-4.574710083007813
2025-08-14,2025-08-16,6.1000000000000005,10.220643,-4.120643043518066
2025-08-14,2025-08-17,4.3,8.332445,-4.0324451446533205
2025-08-14,2025-08-18,3.4,8.340648,-4.94064769744873
2025-08-14,2025-08-19,5.699999999999999,7.7770925,-2.0770924568176277
2025-08-14,2025-08-20,4.0,7.315544,-3.3155441284179688
2025-08-14,2025-08-21,3.3,7.757893,-4.4578930854797365
2025-08-15,2025-08-16,6.1000000000000005,9.684933,-3.584932708740234
2025-08-15,2025-08-17,4.3,9.338761,-5.038761329650879
2025-08-15,2025-08-18,3.4,7.4543877,-4.0543876647949215
2025-08-15,2025-08-19,5.699999999999999,7.9269266,-2.2269266128540046
2025-08-15,2025-08-20,4.0,7.1276445,-3.1276445388793945
2025-08-15,2025-08-21,3.3,6.647638,-3.3476378440856935
2025-08-15,2025-08-22,5.1,7.172899,-2.0728987693786625
2025-08-16,2025-08-17,4.3,8.910399,-4.610399436950684
2025-08-16,2025-08-18,3.4,8.904427,-5.504426574707031
2025-08-16,2025-08-19,5.699999999999999,7.0252466,-1.3252466201782234
2025-08-16,2025-08-20,4.0,7.68037,-3.6803698539733887
2025-08-16,2025-08-21,3.3,6.2460194,-2.9460193634033205
2025-08-16,2025-08-22,5.1,5.7676163,-0.6676162719726566
2025-08-16,2025-08-23,6.1000000000000005,6.505028,-0.4050277709960932
2025-08-17,2025-08-18,3.4,8.868651,-5.468651390075683
2025-08-17,2025-08-19,5.699999999999999,8.572193,-2.872193145751954
2025-08-17,2025-08-20,4.0,7.4131045,-3.41310453414917
2025-08-17,2025-08-21,3.3,7.976772,-4.676771831512451
2025-08-17,2025-08-22,5.1,6.034018,-0.9340180397033695
2025-08-17,2025-08-23,6.1000000000000005,5.941607,0.15839300155639702
2025-08-17,2025-08-24,1.8,6.533454,-4.733453941345215
2025-08-18,2025-08-19,5.699999999999999,8.41469,-2.714690017700196
2025-08-18,2025-08-20,4.0,8.183039,-4.183038711547852
2025-08-18,2025-08-21,3.3,6.8006043,-3.500604343414307
2025-08-18,2025-08-22,5.1,7.527744,-2.4277438163757328
2025-08-18,2025-08-23,6.1000000000000005,6.2951355,-0.19513549804687447
2025-08-18,2025-08-24,1.8,5.820289,-4.020289134979248
2025-08-18,2025-08-25,6.2,6.3687763,-0.16877632141113263
2025-08-19,2025-08-20,4.0,8.171449,-4.171448707580566
2025-08-19,2025-08-21,3.3,7.870584,-4.570584011077881
2025-08-19,2025-08-22,5.1,6.486223,-1.3862232208251957
2025-08-19,2025-08-23,6.1000000000000005,7.349602,-1.2496022224426264
2025-08-19,2025-08-24,1.8,6.259384,-4.459384155273438
2025-08-19,2025-08-25,6.2,5.7746854,0.4253146171569826
2025-08-19,2025-08-26,7.3,6.5698137,0.7301862716674803
2025-08-20,2025-08-21,3.3,7.67176,-4.371760082244873
2025-08-20,2025-08-22,5.1,7.150731,-2.0507310867309574
2025-08-20,2025-08-23,6.1000000000000005,6.0218945,0.07810554504394585
2025-08-20,2025-08-24,1.8,6.8421564,-5.042156410217285
2025-08-20,2025-08-25,6.2,6.139007,0.06099290847778338
2025-08-20,2025-08-26,7.3,5.346451,1.9535491943359373
2025-08-20,2025-08-27,5.9,6.4869957,-0.586995697021484
2025-08-21,2025-08-22,5.1,7.2355804,-2.135580444335938
2025-08-21,2025-08-23,6.1000000000000005,6.738621,-0.6386212348937983
2025-08-21,2025-08-24,1.8,6.0079927,-4.207992744445801
2025-08-21,2025-08-25,6.2,6.7373333,-0.537333297729492
2025-08-21,2025-08-26,7.3,6.2267294,1.0732706069946287
2025-08-21,2025-08-27,5.9,5.2426662,0.6573337554931644
2025-08-21,2025-08-28,3.6,6.4063015,-2.806301498413086
2025-08-22,2025-08-23,6.1000000000000005,6.840883,-0.7408827781677241
2025-08-22,2025-08-24,1.8,6.456212,-4.656212043762207
2025-08-22,2025-08-25,6.2,6.0902824,0.1097175598144533
2025-08-22,2025-08-26,7.3,6.782311,0.5176890373229979
2025-08-22,2025-08-27,5.9,6.430473,-0.5304728507995602
2025-08-22,2025-08-28,3.6,5.7178235,-2.1178235054016112
2025-08-22,2025-08-29,4.9,6.7417383,-1.8417383193969723
2025-08-23,2025-08-24,1.8,6.830297,-5.030296993255615
2025-08-23,2025-08-25,6.2,6.6335926,-0.43359260559082013
2025-08-23,2025-08-26,7.3,6.5531154,0.7468846321105955
2025-08-23,2025-08-27,5.9,7.1513944,-1.2513943672180172
2025-08-23,2025-08-28,3.6,6.37014,-2.7701400756835937
2025-08-23,2025-08-29,4.9,5.975575,-1.075574970245361
2025-08-23,2025-08-30,3.8,6.9706593,-3.1706592559814455
2025-08-24,2025-08-25,6.2,6.9880614,-0.7880614280700682
2025-08-24,2025-08-26,7.3,6.8877363,0.41226367950439435
2025-08-24,2025-08-27,5.9,7.487423,-1.587422943115234
2025-08-24,2025-08-28,3.6,7.80029,-4.200290107727051
2025-08-24,2025-08-29,4.9,6.2696247,-1.3696247100830075
2025-08-24,2025-08-30,3.8,6.7681484,-2.968148422241211
2025-08-24,2025-08-31,4.6,7.6466885,-3.0466884613037113
2025-08-25,2025-08-26,7.3,7.066417,0.23358278274536115
2025-08-25,2025-08-27,5.9,7.325008,-1.4250079154968258
2025-08-25,2025-08-28,3.6,7.315124,-3.7151240348815917
2025-08-25,2025-08-29,4.9,7.511636,-2.6116357803344723
2025-08-25,2025-08-30,3.8,6.805119,-3.005119037628174
2025-08-25,2025-08-31,4.6,7.1578074,-2.5578073501586918
2025-08-25,2025-09-01,4.6,7.59257,-2.9925698280334476
2025-08-26,2025-08-27,5.9,6.6865315,-0.7865315437316891
2025-08-26,2025-08-28,3.6,7.1619797,-3.5619796752929687
2025-08-26,2025-08-29,4.9,6.902995,-2.002995109558105
2025-08-26,2025-08-30,3.8,7.01013,-3.2101299285888674
2025-08-26,2025-08-31,4.6,6.5359273,-1.9359272956848148
2025-08-26,2025-09-01,4.6,6.9153876,-2.315387630462647
2025-08-26,2025-09-02,4.3,7.5312796,-3.2312795639038088
2025-08-27,2025-08-28,3.6,6.262501,-2.662500762939453
2025-08-27,2025-08-29,4.9,6.929948,-2.0299478530883786
2025-08-27,2025-08-30,3.8,6.5777183,-2.777718257904053
2025-08-27,2025-08-31,4.6,6.61908,-2.0190800666809086
2025-08-27,2025-09-01,4.6,6.0316033,-1.4316033363342289
2025-08-27,2025-09-02,4.3,6.561034,-2.2610342025756838
2025-08-27,2025-09-03,4.3,7.4855475,-3.1855475425720217
2025-08-28,2025-08-29,4.9,5.557429,-0.6574288368225094
2025-08-28,2025-08-30,3.8,6.2274156,-2.4274155616760256
2025-08-28,2025-08-31,4.6,6.033944,-1.433944129943848
2025-08-28,2025-09-01,4.6,6.1723495,-1.5723494529724125
2025-08-28,2025-09-02,4.3,5.5763984,-1.2763983726501467
2025-08-28,2025-09-03,4.3,6.0208106,-1.7208106040954592
2025-08-28,2025-09-04,6.4,6.954277,-0.5542770385742184
2025-08-29,2025-08-30,3.8,4.384358,-0.5843579292297365
2025-08-29,2025-08-31,4.6,4.9124947,-0.3124946594238285
2025-08-29,2025-09-01,4.6,5.362585,-0.7625850677490238
2025-08-29,2025-09-02,4.3,5.954024,-1.654023838043213
2025-08-29,2025-09-03,4.3,5.2565093,-0.956509304046631
2025-08-29,2025-09-04,6.4,5.8431864,0.5568136215209964
2025-08-29,2025-09-05,6.3,6.178052,0.12194805145263654
2025-08-30,2025-08-31,4.6,3.7659557,0.8340443134307858
2025-08-30,2025-09-01,4.6,4.463666,0.13633403778076136
2025-08-30,2025-09-02,4.3,5.005366,-0.7053658485412599
2025-08-30,2025-09-03,4.3,5.7333403,-1.4333402633666994
2025-08-30,2025-09-04,6.4,4.7137456,1.6862544059753422
2025-08-30,2025-09-05,6.3,5.373585,0.9264147758483885
2025-08-30,2025-09-06,6.2,5.8580346,0.34196538925170916
2025-08-31,2025-09-01,4.6,3.9595172,0.6404827594757077
2025-08-31,2025-09-02,4.3,4.738407,-0.4384071350097658
2025-08-31,2025-09-03,4.3,5.5682573,-1.2682573318481447
2025-08-31,2025-09-04,6.4,6.218791,0.1812089920043949
2025-08-31,2025-09-05,6.3,4.7400255,1.5599744796752928
2025-08-31,2025-09-06,6.2,5.782525,0.417474937438965
2025-08-31,2025-09-07,5.9,6.089524,-0.18952379226684535
2025-09-01,2025-09-02,4.3,4.126359,0.17364101409912092
2025-09-01,2025-09-03,4.3,5.491473,-1.191473197937012
2025-09-01,2025-09-04,6.4,6.051574,0.34842576980590856
2025-09-01,2025-09-05,6.3,6.330047,-0.030047130584716975
2025-09-01,2025-09-06,6.2,5.512512,0.6874877929687502
2025-09-01,2025-09-07,5.9,6.3117595,-0.4117594718933102
2025-09-01,2025-09-08,5.2,6.4661403,-1.2661402702331541
2025-09-02,2025-09-03,4.3,5.344291,-1.0442912101745607
2025-09-02,2025-09-04,6.4,6.7550144,-0.3550144195556637
2025-09-02,2025-09-05,6.3,7.0514417,-0.7514416694641115
2025-09-02,2025-09-06,6.2,7.1544356,-0.9544356346130369
2025-09-02,2025-09-07,5.9,6.3123527,-0.4123526573181149
2025-09-02,2025-09-08,5.2,7.3540874,-2.1540873527526854
2025-09-02,2025-09-09,5.6,7.524977,-1.9249772071838382
2025-09-03,2025-09-04,6.4,4.410643,1.989356899261475
2025-09-03,2025-09-05,6.3,6.328607,-0.028607082366943537
2025-09-03,2025-09-06,6.2,6.6734824,-0.47348241806030256
2025-09-03,2025-09-07,5.9,6.2283974,-0.32839736938476527
2025-09-03,2025-09-08,5.2,5.5198655,-0.3198655128479002
2025-09-03,2025-09-09,5.6,6.812105,-1.2121051788330082
2025-09-03,2025-09-10,4.9,7.2751026,-2.375102615356445
2025-09-04,2025-09-05,6.3,4.8914647,1.4085352897644041
2025-09-04,2025-09-06,6.2,6.500814,-0.30081396102905256
2025-09-04,2025-09-07,5.9,6.7839384,-0.8839384078979489
2025-09-04,2025-09-08,5.2,6.2864695,-1.0864694595336912
2025-09-04,2025-09-09,5.6,5.684239,-0.08423891067504918
2025-09-04,2025-09-10,4.9,7.046478,-2.1464777946472164
2025-09-04,2025-09-11,5.1,7.4802814,-2.3802813529968265
2025-09-05,2025-09-06,6.2,5.95813,0.24187011718750018
2025-09-05,2025-09-07,5.9,6.84748,-0.9474798202514645
2025-09-05,2025-09-08,5.2,7.047564,-1.8475640296936033
2025-09-05,2025-09-09,5.6,6.736739,-1.1367391586303714
2025-09-05,2025-09-10,4.9,6.5888543,-1.6888543128967282
2025-09-05,2025-09-11,5.1,7.762609,-2.6626090049743656
2025-09-05,2025-09-12,5.8,7.8704,-2.0703999519348146
2025-09-06,2025-09-07,5.9,6.859032,-0.9590321540832516
2025-09-06,2025-09-08,5.2,7.3564863,-2.1564863204956053
2025-09-06,2025-09-09,5.6,7.469397,-1.869397068023682
2025-09-06,2025-09-10,4.9,7.111036,-2.211035823822021
2025-09-06,2025-09-11,5.1,6.807069,-1.7070688247680668
2025-09-06,2025-09-12,5.8,7.7452183,-1.9452182769775392
2025-09-06,2025-09-13,4.6,7.8046293,-3.2046293258666996
2025-09-07,2025-09-08,5.2,7.4444,-2.244399833679199
2025-09-07,2025-09-09,5.6,7.6853285,-2.0853284835815433
2025-09-07,2025-09-10,4.9,8.398036,-3.4980360031127926
2025-09-07,2025-09-11,5.1,7.737505,-2.6375049591064457
2025-09-07,2025-09-12,5.8,6.6255007,-0.8255006790161135
2025-09-07,2025-09-13,4.6,7.9253078,-3.3253077507019047
2025-09-07,2025-09-14,3.5,7.8448005,-4.3448004722595215
2025-09-08,2025-09-09,5.6,7.4550195,-1.8550194740295414
2025-09-08,2025-09-10,4.9,7.8311324,-2.9311324119567868
2025-09-08,2025-09-11,5.1,8.153484,-3.0534843444824222
2025-09-08,2025-09-12,5.8,7.2161655,-1.4161655426025392
2025-09-08,2025-09-13,4.6,7.175577,-2.5755771636962894
2025-09-08,2025-09-14,3.5,7.6828575,-4.182857513427734
2025-09-08,2025-09-15,5.4,7.339623,-1.9396229743957516
2025-09-09,2025-09-10,4.9,7.8055186,-2.9055186271667477
2025-09-09,2025-09-11,5.1,8.11252,-3.012520217895508
2025-09-09,2025-09-12,5.8,8.251062,-2.4510623931884767
2025-09-09,2025-09-13,4.6,7.1884613,-2.588461303710938
2025-09-09,2025-09-14,3.5,7.2113614,-3.7113614082336426
2025-09-09,2025-09-15,5.4,7.675786,-2.2757860183715817
2025-09-09,2025-09-16,5.299999999999999,7.4454255,-2.145425510406495
2025-09-10,2025-09-11,5.1,7.719379,-2.6193789482116703
2025-09-10,2025-09-12,5.8,8.055897,-2.2558967590332033
2025-09-10,2025-09-13,4.6,8.165433,-3.565432929992676
2025-09-10,2025-09-14,3.5,7.196638,-3.6966381072998047
2025-09-10,2025-09-15,5.4,6.5678897,-1.1678896903991696
2025-09-10,2025-09-16,5.299999999999999,7.322456,-2.022455883026124
2025-09-10,2025-09-17,3.8,7.5452256,-3.7452256202697756
2025-09-11,2025-09-12,5.8,6.8604717,-1.0604717254638674
2025-09-11,2025-09-13,4.6,7.401897,-2.801896953582764
2025-09-11,2025-09-14,3.5,7.3128686,-3.812868595123291
2025-09-11,2025-09-15,5.4,6.188278,-0.7882781982421871
2025-09-11,2025-09-16,5.299999999999999,6.1473446,-0.8473445892333995
2025-09-11,2025-09-17,3.8,6.5490646,-2.749064636230469
2025-09-11,2025-09-18,4.5,7.3698087,-2.8698086738586426
2025-09-12,2025-09-13,4.6,6.3589177,-1.7589177131652836
2025-09-12,2025-09-14,3.5,6.5563145,-3.056314468383789
2025-09-12,2025-09-15,5.4,6.948249,-1.5482488632202145
2025-09-12,2025-09-16,5.299999999999999,5.888832,-0.5888320922851573
2025-09-12,2025-09-17,3.8,6.4296546,-2.629654598236084
2025-09-12,2025-09-18,4.5,6.574222,-2.0742220878601074
2025-09-12,2025-09-19,8.0,7.034605,0.9653949737548828
2025-09-13,2025-09-14,3.5,6.0300326,-2.5300326347351074
2025-09-13,2025-09-15,5.4,6.2272305,-0.8272305488586422
2025-09-13,2025-09-16,5.299999999999999,6.845275,-1.5452749252319347
2025-09-13,2025-09-17,3.8,5.782514,-1.9825140953063967
2025-09-13,2025-09-18,4.5,6.0692816,-1.5692815780639648
2025-09-13,2025-09-19,8.0,6.3113704,1.6886296272277832
2025-09-13,2025-09-20,5.6,6.939104,-1.3391040802001957
2025-09-14,2025-09-15,5.4,5.6754766,-0.27547655105590785
2025-09-14,2025-09-16,5.299999999999999,5.785219,-0.4852191925048839
2025-09-14,2025-09-17,3.8,7.430498,-3.6304981231689455
2025-09-14,2025-09-18,4.5,6.1047344,-1.6047344207763672
2025-09-14,2025-09-19,8.0,5.3921947,2.6078052520751953
2025-09-14,2025-09-20,5.6,6.462337,-0.8623370170593265
2025-09-14,2025-09-21,2.2,6.950019,-4.750018882751465
2025-09-15,2025-09-16,5.299999999999999,4.752688,0.5473120689392079
2025-09-15,2025-09-17,3.8,5.3160095,-1.5160095214843752
2025-09-15,2025-09-18,4.5,6.5496883,-2.0496883392333984
2025-09-15,2025-09-19,8.0,4.5851483,3.414851665496826
2025-09-15,2025-09-20,5.6,5.4177213,0.18227872848510707
2025-09-15,2025-09-21,2.2,5.5882306,-3.3882306098937987
2025-09-15,2025-09-22,3.5,6.354486,-2.8544859886169434
2025-09-16,2025-09-17,3.8,5.4301634,-1.630163383483887
2025-09-16,2025-09-18,4.5,5.88352,-1.3835201263427734
2025-09-16,2025-09-19,8.0,6.852845,1.1471548080444336
2025-09-16,2025-09-20,5.6,4.885026,0.7149740219116207
2025-09-16,2025-09-21,2.2,6.1646485,-3.9646485328674315
2025-09-16,2025-09-22,3.5,6.330333,-2.8303332328796387
2025-09-16,2025-09-23,3.3,6.997452,-3.6974517822265627
2025-09-17,2025-09-18,4.5,5.517847,-1.0178470611572266
2025-09-17,2025-09-19,8.0,5.878717,2.1212830543518066
2025-09-17,2025-09-20,5.6,7.095106,-1.49510612487793
2025-09-17,2025-09-21,2.2,5.2134013,-3.0134013175964354
2025-09-17,2025-09-22,3.5,5.833613,-2.3336129188537598
2025-09-17,2025-09-23,3.3,6.503353,-3.2033531188964846
2025-09-17,2025-09-24,3.7,7.1322474,-3.432247447967529
2025-09-18,2025-09-19,8.0,5.564913,2.435087203979492
2025-09-18,2025-09-20,5.6,5.7103343,-0.1103343009948734
2025-09-18,2025-09-21,2.2,6.9344783,-4.734478282928467
2025-09-18,2025-09-22,3.5,5.3433557,-1.843355655670166
2025-09-18,2025-09-23,3.3,5.7467294,-2.446729373931885
2025-09-18,2025-09-24,3.7,6.3945775,-2.6945775032043455
2025-09-18,2025-09-25,3.8,7.0444865,-3.2444865226745607
2025-09-19,2025-09-20,5.6,6.467202,-0.867202186584473
2025-09-19,2025-09-21,2.2,5.704995,-3.5049951553344725
2025-09-19,2025-09-22,3.5,7.121214,-3.621213912963867
2025-09-19,2025-09-23,3.3,6.2348437,-2.934843730926514
2025-09-19,2025-09-24,3.7,6.395887,-2.6958868980407713
2025-09-19,2025-09-25,3.8,6.8940463,-3.0940463066101076
2025-09-19,2025-09-26,6.8,7.0136585,-0.2136585235595705
2025-09-20,2025-09-21,2.2,5.9586678,-3.758667755126953
2025-09-20,2025-09-22,3.5,5.344437,-1.8444371223449707
2025-09-20,2025-09-23,3.3,7.0628386,-3.7628385543823244
2025-09-20,2025-09-24,3.7,6.079046,-2.37904577255249
2025-09-20,2025-09-25,3.8,5.3987775,-1.598777484893799
2025-09-20,2025-09-26,6.8,6.0540643,0.7459357261657713
2025-09-20,2025-09-27,9.7,6.4184294,3.281570625305175
2025-09-21,2025-09-22,3.5,6.333747,-2.833746910095215
2025-09-21,2025-09-23,3.3,5.4441285,-2.144128513336182
2025-09-21,2025-09-24,3.7,7.871306,-4.1713059425354
2025-09-21,2025-09-25,3.8,6.6624646,-2.8624646186828615
2025-09-21,2025-09-26,6.8,5.2343516,1.5656483650207518
2025-09-21,2025-09-27,9.7,6.1313877,3.5686122894287102
2025-09-21,2025-09-28,9.6,6.206848,3.3931518554687496
2025-09-22,2025-09-23,3.3,6.41913,-3.119129848480225
2025-09-22,2025-09-24,3.7,5.4749813,-1.7749813079833983
2025-09-22,2025-09-25,3.8,7.769007,-3.969007205963135
2025-09-22,2025-09-26,6.8,6.3841567,0.4158432960510252
2025-09-22,2025-09-27,9.7,5.720809,3.979191017150878
2025-09-22,2025-09-28,9.6,6.057671,3.5423289299011227
2025-09-22,2025-09-29,9.8,5.726617,4.0733831405639656
2025-09-23,2025-09-24,3.7,7.019529,-3.319528865814209
2025-09-23,2025-09-25,3.8,5.943117,-2.143117141723633
2025-09-23,2025-09-26,6.8,8.075803,-1.275802803039551
2025-09-23,2025-09-27,9.7,6.6828656,3.0171343803405755
2025-09-23,2025-09-28,9.6,6.1398425,3.460157489776611
2025-09-23,2025-09-29,9.8,6.500243,3.299756813049317
2025-09-23,2025-09-30,11.399999999999999,6.2022247,5.197775268554686
2025-09-24,2025-09-25,3.8,7.5087285,-3.7087285041809084
2025-09-24,2025-09-26,6.8,6.5670047,0.2329953193664549
2025-09-24,2025-09-27,9.7,8.147771,1.5522291183471673
2025-09-24,2025-09-28,9.6,6.9229393,2.6770606994628903
2025-09-24,2025-09-29,9.8,6.6519685,3.1480315208435066
2025-09-24,2025-09-30,11.399999999999999,6.898796,4.50120391845703
2025-09-24,2025-10-01,11.7,6.952888,4.747111988067626
2025-09-25,2025-09-26,6.8,7.6334767,-0.8334767341613771
2025-09-25,2025-09-27,9.7,6.880129,2.8198711395263665
2025-09-25,2025-09-28,9.6,8.1848,1.4151998519897457
2025-09-25,2025-09-29,9.8,7.0734773,2.7265227317810066
2025-09-25,2025-09-30,11.399999999999999,7.07967,4.3203300476074205
2025-09-25,2025-10-01,11.7,7.1811657,4.51883430480957
2025-09-25,2025-10-02,11.9,7.4976077,4.402392292022705
2025-09-26,2025-09-27,9.7,7.806577,1.8934227943420403
2025-09-26,2025-09-28,9.6,6.803726,2.796273803710937
2025-09-26,2025-09-29,9.8,8.56738,1.23262004852295
2025-09-26,2025-09-30,11.399999999999999,7.831717,3.5682829856872544
2025-09-26,2025-10-01,11.7,7.3918595,4.308140468597411
2025-09-26,2025-10-02,11.9,7.758491,4.141508960723877
2025-09-26,2025-10-03,4.8,7.9316254,-3.1316253662109377
2025-09-27,2025-09-28,9.6,7.9980426,1.6019574165344235
2025-09-27,2025-09-29,9.8,6.982196,2.817804145812989
2025-09-27,2025-09-30,11.399999999999999,8.893919,2.5060810089111314
2025-09-27,2025-10-01,11.7,8.237654,3.4623462677001946
2025-09-27,2025-10-02,11.9,7.1578555,4.74214448928833
2025-09-27,2025-10-03,4.8,7.813031,-3.0130311965942385
2025-09-27,2025-10-04,4.2,8.240791,-4.040791320800781
2025-09-28,2025-09-29,9.8,8.24536,1.5546396255493171
2025-09-28,2025-09-30,11.399999999999999,7.461134,3.938866043090819
2025-09-28,2025-10-01,11.7,9.683964,2.0160362243652337
2025-09-28,2025-10-02,11.9,8.860896,3.0391038894653324
2025-09-28,2025-10-03,4.8,7.0803094,-2.2803093910217287
2025-09-28,2025-10-04,4.2,8.436921,-4.236921119689941
2025-09-28,2025-10-05,3.9000000000000004,8.811259,-4.911259269714355
2025-09-29,2025-09-30,11.399999999999999,8.2193575,3.180642509460448
2025-09-29,2025-10-01,11.7,8.0076065,3.692393493652343
2025-09-29,2025-10-02,11.9,9.3944025,2.505597496032715
2025-09-29,2025-10-03,4.8,8.338197,-3.5381967544555666
2025-09-29,2025-10-04,4.2,7.786531,-3.5865309715270994
2025-09-29,2025-10-05,3.9000000000000004,8.793004,-4.893004035949707
2025-09-29,2025-10-06,6.3,8.9468565,-2.646856498718262
2025-09-30,2025-10-01,11.7,8.839463,2.8605367660522454
2025-09-30,2025-10-02,11.9,8.827449,3.0725511550903324
2025-09-30,2025-10-03,4.8,9.4634285,-4.663428497314453
2025-09-30,2025-10-04,4.2,8.394452,-4.194452095031738
2025-09-30,2025-10-05,3.9000000000000004,8.511479,-4.611479377746582
2025-09-30,2025-10-06,6.3,9.433254,-3.1332542419433596
2025-09-30,2025-10-07,6.7,9.534778,-2.8347776412963865
2025-10-01,2025-10-02,11.9,9.683413,2.2165874481201175
2025-10-01,2025-10-03,4.8,9.939717,-5.139717292785645
2025-10-01,2025-10-04,4.2,10.49521,-6.295209693908691
2025-10-01,2025-10-05,3.9000000000000004,9.533887,-5.633886909484863
2025-10-01,2025-10-06,6.3,9.67395,-3.3739501953125
2025-10-01,2025-10-07,6.7,10.518209,-3.8182094573974608
2025-10-01,2025-10-08,5.9,10.255676,-4.35567626953125
2025-10-02,2025-10-03,4.8,9.772072,-4.972071838378906
2025-10-02,2025-10-04,4.2,10.335511,-6.135511207580566
2025-10-02,2025-10-05,3.9000000000000004,11.042657,-7.142656898498535
2025-10-02,2025-10-06,6.3,10.079687,-3.7796871185302736
2025-10-02,2025-10-07,6.7,9.873411,-3.173411178588867
2025-10-02,2025-10-08,5.9,10.64115,-4.7411504745483395
2025-10-02,2025-10-09,7.7,10.265091,-2.5650909423828123
2025-10-03,2025-10-04,4.2,8.399149,-4.199148941040039
2025-10-03,2025-10-05,3.9000000000000004,9.014771,-5.114771461486816
2025-10-03,2025-10-06,6.3,10.571701,-4.271701049804688
2025-10-03,2025-10-07,6.7,9.517246,-2.8172462463378904
2025-10-03,2025-10-08,5.9,8.853218,-2.953218078613281
2025-10-03,2025-10-09,7.7,9.737563,-2.037563133239746
2025-10-03,2025-10-10,7.5,9.240162,-1.7401618957519531
2025-10-04,2025-10-05,3.9000000000000004,7.1067753,-3.206775283813476
2025-10-04,2025-10-06,6.3,7.932193,-1.6321928024291994
2025-10-04,2025-10-07,6.7,9.400448,-2.700447845458984
2025-10-04,2025-10-08,5.9,7.9362016,-2.0362015724182125
2025-10-04,2025-10-09,7.7,7.6230087,0.07699127197265643
2025-10-04,2025-10-10,7.5,8.126746,-0.6267461776733398
2025-10-04,2025-10-11,11.9,8.543047,3.356953048706055
2025-10-05,2025-10-06,6.3,6.97203,-0.6720301628112795
2025-10-05,2025-10-07,6.7,7.778864,-1.0788639068603514
2025-10-05,2025-10-08,5.9,9.543151,-3.6431509017944332
2025-10-05,2025-10-09,7.7,7.7943897,-0.09438972473144513
2025-10-05,2025-10-10,7.5,7.215445,0.28455495834350586
2025-10-05,2025-10-11,11.9,8.336788,3.563211822509766
2025-10-05,2025-10-12,14.8,8.799961,6.00003890991211
2025-10-06,2025-10-07,6.7,7.080538,-0.38053779602050763
2025-10-06,2025-10-08,5.9,7.9186573,-2.018657302856445
2025-10-06,2025-10-09,7.7,8.996996,-1.2969959259033201
2025-10-06,2025-10-10,7.5,7.408339,0.09166097640991211
2025-10-06,2025-10-11,11.9,7.981552,3.918447875976563
2025-10-06,2025-10-12,14.8,8.424928,6.375072288513184
2025-10-06,2025-10-13,4.7,8.677367,-3.9773672103881834
2025-10-07,2025-10-08,5.9,7.721303,-1.8213029861450192
2025-10-07,2025-10-09,7.7,8.380748,-0.6807477951049803
2025-10-07,2025-10-10,7.5,8.982189,-1.4821891784667969
2025-10-07,2025-10-11,11.9,7.698976,4.201023960113526
2025-10-07,2025-10-12,14.8,8.353408,6.446592140197755
2025-10-07,2025-10-13,4.7,8.78008,-4.080079841613769
2025-10-07,2025-10-14,2.8,9.225637,-6.425637435913086
2025-10-08,2025-10-09,7.7,8.177076,-0.4770763397216795
2025-10-08,2025-10-10,7.5,8.656884,-1.1568841934204102
2025-10-08,2025-10-11,11.9,8.892531,3.0074686050415043
2025-10-08,2025-10-12,14.8,7.9613895,6.838610458374024
2025-10-08,2025-10-13,4.7,8.036894,-3.336893844604492
2025-10-08,2025-10-14,2.8,8.853263,-6.0532629013061525
2025-10-08,2025-10-15,3.0,9.808427,-6.808426856994629
2025-10-09,2025-10-10,7.5,8.156543,-0.6565427780151367
2025-10-09,2025-10-11,11.9,8.400396,3.499603652954102
2025-10-09,2025-10-12,14.8,8.603684,6.196315574645997
2025-10-09,2025-10-13,4.7,7.7944756,-3.0944755554199217
2025-10-09,2025-10-14,2.8,7.5349674,-4.734967422485352
2025-10-09,2025-10-15,3.0,8.644031,-5.644030570983887
2025-10-09,2025-10-16,4.4,9.903904,-5.50390396118164
2025-10-10,2025-10-11,11.9,8.562766,3.337233924865723
2025-10-10,2025-10-12,14.8,8.492509,6.307491111755372
2025-10-10,2025-10-13,4.7,8.705391,-4.005390930175781
2025-10-10,2025-10-14,2.8,8.235246,-5.435245704650879
2025-10-10,2025-10-15,3.0,7.9545965,-4.954596519470215
2025-10-10,2025-10-16,4.4,9.166088,-4.7660881042480465
2025-10-10,2025-10-17,6.0,10.234209,-4.234209060668945
2025-10-11,2025-10-12,14.8,9.728078,5.071922111511231
2025-10-11,2025-10-13,4.7,9.083046,-4.383045959472656
2025-10-11,2025-10-14,2.8,9.437683,-6.63768310546875
2025-10-11,2025-10-15,3.0,9.122595,-6.122594833374023
2025-10-11,2025-10-16,4.4,8.587732,-4.187732315063476
2025-10-11,2025-10-17,6.0,9.560117,-3.560116767883301
2025-10-11,2025-10-18,9.7,10.266354,-0.5663536071777351
2025-10-12,2025-10-13,4.7,11.561439,-6.86143856048584
2025-10-12,2025-10-14,2.8,10.261412,-7.461411666870117
2025-10-12,2025-10-15,3.0,11.122308,-8.122307777404785
2025-10-12,2025-10-16,4.4,10.686738,-6.286738014221191
2025-10-12,2025-10-17,6.0,9.507729,-3.5077285766601562
2025-10-12,2025-10-18,9.7,10.735442,-1.0354421615600593
2025-10-12,2025-10-19,7.3,10.758579,-3.458579254150391
2025-10-13,2025-10-14,2.8,11.581966,-8.781966400146484
2025-10-13,2025-10-15,3.0,10.568157,-7.568157196044922
2025-10-13,2025-10-16,4.4,11.131644,-6.731644248962402
2025-10-13,2025-10-17,6.0,10.597802,-4.59780216217041
2025-10-13,2025-10-18,9.7,10.077079,-0.37707881927490305
2025-10-13,2025-10-19,7.3,10.390314,-3.0903141021728517
2025-10-13,2025-10-20,8.4,10.031282,-1.6312824249267575
2025-10-14,2025-10-15,3.0,10.890895,-7.890894889831543
2025-10-14,2025-10-16,4.4,10.267447,-5.867447471618652
2025-10-14,2025-10-17,6.0,10.780759,-4.780758857727051
2025-10-14,2025-10-18,9.7,10.226979,-0.5269792556762702
2025-10-14,2025-10-19,7.3,9.220443,-1.9204427719116213
2025-10-14,2025-10-20,8.4,9.364483,-0.9644828796386715
2025-10-14,2025-10-21,7.2,9.565131,-2.3651311874389647
2025-10-15,2025-10-16,4.4,10.036478,-5.636478042602539
2025-10-15,2025-10-17,6.0,9.698713,-3.6987133026123047
2025-10-15,2025-10-18,9.7,10.195149,-0.49514942169189524
2025-10-15,2025-10-19,7.3,9.625541,-2.3255407333374025
2025-10-15,2025-10-20,8.4,8.250059,0.14994087219238317
2025-10-15,2025-10-21,7.2,8.41699,-1.216990280151367
2025-10-15,2025-10-22,6.6,9.281249,-2.681249046325684
2025-10-16,2025-10-17,6.0,9.4145975,-3.414597511291504
2025-10-16,2025-10-18,9.7,8.883961,0.8160392761230462
2025-10-16,2025-10-19,7.3,9.526997,-2.2269966125488283
2025-10-16,2025-10-20,8.4,9.200134,-0.8001342773437496
2025-10-16,2025-10-21,7.2,7.8498154,-0.6498153686523436
2025-10-16,2025-10-22,6.6,7.868565,-1.2685650825500492
2025-10-16,2025-10-23,3.1,9.026986,-5.926986122131348
2025-10-17,2025-10-18,9.7,9.445922,0.2540781021118157
2025-10-17,2025-10-19,7.3,8.440179,-1.1401788711547853
2025-10-17,2025-10-20,8.4,9.330028,-0.9300275802612301
2025-10-17,2025-10-21,7.2,9.437801,-2.237801361083984
2025-10-17,2025-10-22,6.6,8.293007,-1.6930068969726566
2025-10-17,2025-10-23,3.1,8.240599,-5.1405986785888675
2025-10-17,2025-10-24,4.5,9.279338,-4.7793378829956055
2025-10-18,2025-10-19,7.3,9.412678,-2.1126777648925783
2025-10-18,2025-10-20,8.4,8.222198,0.17780246734619176
2025-10-18,2025-10-21,7.2,9.332928,-2.1329277038574217
2025-10-18,2025-10-22,6.6,9.395734,-2.7957338333129886
2025-10-18,2025-10-23,3.1,7.9468417,-4.846841716766358
2025-10-18,2025-10-24,4.5,8.2328825,-3.732882499694824
2025-10-18,2025-10-25,3.7,9.488111,-5.788110542297363
2025-10-19,2025-10-20,8.4,8.9374075,-0.5374074935913082
2025-10-19,2025-10-21,7.2,7.7058673,-0.505867290496826
2025-10-19,2025-10-22,6.6,9.683198,-3.0831979751586918
2025-10-19,2025-10-23,3.1,9.375268,-6.2752679824829105
2025-10-19,2025-10-24,4.5,7.4328,-2.932799816131592
2025-10-19,2025-10-25,3.7,8.540867,-4.8408668518066404
2025-10-19,2025-10-26,3.0,9.665555,-6.665555000305176
2025-10-20,2025-10-21,7.2,7.798089,-0.598089027404785
2025-10-20,2025-10-22,6.6,7.5161633,-0.9161633491516117
2025-10-20,2025-10-23,3.1,9.321148,-6.221147918701172
2025-10-20,2025-10-24,4.5,8.730794,-4.2307939529418945
2025-10-20,2025-10-25,3.7,7.494733,-3.794732856750488
2025-10-20,2025-10-26,3.0,8.589496,-5.589495658874512
2025-10-20,2025-10-27,4.8,9.039843,-4.2398426055908205
2025-10-21,2025-10-22,6.6,7.3817086,-0.7817086219787601
2025-10-21,2025-10-23,3.1,7.9529543,-4.852954292297364
2025-10-21,2025-10-24,4.5,9.096154,-4.59615421295166
2025-10-21,2025-10-25,3.7,8.12124,-4.42123966217041
2025-10-21,2025-10-26,3.0,7.81921,-4.819210052490234
2025-10-21,2025-10-27,4.8,8.660275,-3.860275459289551
2025-10-21,2025-10-28,5.0,9.208587,-4.208586692810059
2025-10-22,2025-10-23,3.1,7.3816853,-4.281685256958008
2025-10-22,2025-10-24,4.5,8.380159,-3.880159378051758
2025-10-22,2025-10-25,3.7,9.081377,-5.381377029418945
2025-10-22,2025-10-26,3.0,8.106257,-5.106257438659668
2025-10-22,2025-10-27,4.8,7.8249063,-3.024906349182129
2025-10-22,2025-10-28,5.0,8.999414,-3.9994144439697266
2025-10-22,2025-10-29,4.7,9.599501,-4.8995006561279295
2025-10-23,2025-10-24,4.5,6.060658,-1.5606579780578613
2025-10-23,2025-10-25,3.7,7.603511,-3.903510856628418
2025-10-23,2025-10-26,3.0,8.205256,-5.205256462097168
2025-10-23,2025-10-27,4.8,6.9880195,-2.1880194664001467
2025-10-23,2025-10-28,5.0,6.878951,-1.878951072692871
2025-10-23,2025-10-29,4.7,8.191697,-3.4916971206665037
2025-10-23,2025-10-30,5.1,9.14161,-4.041610145568848
2025-10-24,2025-10-25,3.7,5.431453,-1.731453227996826
2025-10-24,2025-10-26,3.0,6.913546,-3.913546085357666
2025-10-24,2025-10-27,4.8,7.490296,-2.6902958869934084
2025-10-24,2025-10-28,5.0,6.223281,-1.223280906677246
2025-10-24,2025-10-29,4.7,7.0499663,-2.3499663352966307
2025-10-24,2025-10-30,5.1,7.771941,-2.671941184997559
2025-10-24,2025-10-31,4.5,8.575739,-4.075738906860352
2025-10-25,2025-10-26,3.0,4.8798447,-1.8798446655273438
2025-10-25,2025-10-27,4.8,6.46397,-1.663970184326172
2025-10-25,2025-10-28,5.0,7.0468726,-2.046872615814209
2025-10-25,2025-10-29,4.7,5.7703247,-1.0703247070312498
2025-10-25,2025-10-30,5.1,6.3384333,-1.2384332656860355
2025-10-25,2025-10-31,4.5,7.21847,-2.7184700965881348
2025-10-25,2025-11-01,4.6,8.254097,-3.6540969848632816
2025-10-26,2025-10-27,4.8,4.908724,-0.10872383117675799
2025-10-26,2025-10-28,5.0,6.344867,-1.34486722946167
2025-10-26,2025-10-29,4.7,7.4151917,-2.715191650390625
2025-10-26,2025-10-30,5.1,6.026977,-0.9269770622253422
2025-10-26,2025-10-31,4.5,6.0660253,-1.5660252571105957
2025-10-26,2025-11-01,4.6,7.5461087,-2.946108722686768
2025-10-26,2025-11-02,4.7,8.22991,-3.5299098968505858
2025-10-27,2025-10-28,5.0,4.3317914,0.6682085990905762
2025-10-27,2025-10-29,4.7,6.1101084,-1.4101083755493162
2025-10-27,2025-10-30,5.1,6.8362727,-1.7362727165222172
2025-10-27,2025-10-31,4.5,5.1418395,-0.6418395042419434
2025-10-27,2025-11-01,4.6,6.1570735,-1.5570734977722172
2025-10-27,2025-11-02,4.7,7.22958,-2.529579925537109
2025-10-27,2025-11-03,4.2,7.528441,-3.328440952301025
2025-10-28,2025-10-29,4.7,4.526334,0.1736661911010744
2025-10-28,2025-10-30,5.1,6.262763,-1.1627630233764652
2025-10-28,2025-10-31,4.5,6.7087927,-2.2087926864624023
2025-10-28,2025-11-01,4.6,5.048899,-0.4488991737365726
2025-10-28,2025-11-02,4.7,6.5097847,-1.809784698486328
2025-10-28,2025-11-03,4.2,7.544557,-3.3445570945739744
2025-10-28,2025-11-04,4.7,7.653962,-2.9539621353149412
2025-10-29,2025-10-30,5.1,4.952835,0.14716491699218714
2025-10-29,2025-10-31,4.5,6.5065355,-2.006535530090332
2025-10-29,2025-11-01,4.6,6.963253,-2.3632530212402347
2025-10-29,2025-11-02,4.7,5.6518307,-0.9518306732177733
2025-10-29,2025-11-03,4.2,6.314187,-2.1141870498657225
2025-10-29,2025-11-04,4.7,8.030011,-3.330011177062988
2025-10-29,2025-11-05,8.8,8.170811,0.6291893005371101
2025-10-30,2025-10-31,4.5,5.326077,-0.8260769844055176
2025-10-30,2025-11-01,4.6,6.5737877,-1.9737876892089847
2025-10-30,2025-11-02,4.7,7.002636,-2.3026359558105467
2025-10-30,2025-11-03,4.2,5.924732,-1.724732208251953
2025-10-30,2025-11-04,4.7,6.3529425,-1.6529424667358397
2025-10-30,2025-11-05,8.8,8.147578,0.6524217605590827
2025-10-30,2025-11-06,8.2,8.202708,-0.0027082443237311793
2025-10-31,2025-11-01,4.6,5.097061,-0.49706115722656286
2025-10-31,2025-11-02,4.7,5.9847307,-1.2847307205200194
2025-10-31,2025-11-03,4.2,6.8455844,-2.6455843925476072
2025-10-31,2025-11-04,4.7,6.0899377,-1.3899376869201658
2025-10-31,2025-11-05,8.8,6.4745474,2.325452613830567
2025-10-31,2025-11-06,8.2,8.17833,0.021669578552245383
2025-10-31,2025-11-07,7.3,7.8797894,-0.5797893524169924
2025-11-01,2025-11-02,4.7,4.201577,0.4984228134155275
2025-11-01,2025-11-03,4.2,6.184688,-1.984688091278076
2025-11-01,2025-11-04,4.7,7.020835,-2.320834922790527
2025-11-01,2025-11-05,8.8,5.8581853,2.9418147087097175
2025-11-01,2025-11-06,8.2,6.3747907,1.8252093315124505
2025-11-01,2025-11-07,7.3,8.115314,-0.8153135299682619
2025-11-01,2025-11-08,12.4,8.006255,4.393744850158692
2025-11-02,2025-11-03,4.2,5.2877994,-1.0877993583679197
2025-11-02,2025-11-04,4.7,7.3467846,-2.6467845916748045
2025-11-02,2025-11-05,8.8,8.460346,0.3396537780761726
2025-11-02,2025-11-06,8.2,7.2776628,0.9223372459411614
2025-11-02,2025-11-07,7.3,7.317161,-0.017161083221435725
2025-11-02,2025-11-08,12.4,9.712,2.688000106811524
2025-11-02,2025-11-09,8.8,9.00323,-0.20323009490966726
2025-11-03,2025-11-04,4.7,4.9858766,-0.28587656021118146
2025-11-03,2025-11-05,8.8,7.5595174,1.2404826164245613
2025-11-03,2025-11-06,8.2,8.54778,-0.34778003692627024
2025-11-03,2025-11-07,7.3,6.8328934,0.4671066284179686
2025-11-03,2025-11-08,12.4,7.8601775,4.5398224830627445
2025-11-03,2025-11-09,8.8,9.496027,-0.6960269927978509
2025-11-03,2025-11-10,4.4,8.361934,-3.9619337081909176
2025-11-04,2025-11-05,8.8,5.7426505,3.0573494911193855
2025-11-04,2025-11-06,8.2,8.210922,-0.01092224121093821
2025-11-04,2025-11-07,7.3,9.054175,-1.75417537689209
2025-11-04,2025-11-08,12.4,7.439481,4.960519218444825
2025-11-04,2025-11-09,8.8,8.163863,0.6361368179321296
2025-11-04,2025-11-10,4.4,9.80906,-5.409060096740722
2025-11-04,2025-11-11,5.0,8.773712,-3.773712158203125
2025-11-05,2025-11-06,8.2,7.563738,0.636262130737304
2025-11-05,2025-11-07,7.3,9.287893,-1.9878932952880861
2025-11-05,2025-11-08,12.4,9.747902,2.652098083496094
2025-11-05,2025-11-09,8.8,8.595247,0.2047527313232429
2025-11-05,2025-11-10,4.4,8.433499,-4.033499336242675
2025-11-05,2025-11-11,5.0,10.249311,-5.249311447143555
2025-11-05,2025-11-12,7.7,9.710974,-2.0109737396240233
2025-11-06,2025-11-07,7.3,8.381419,-1.0814191818237306
2025-11-06,2025-11-08,12.4,9.476474,2.923526191711426
2025-11-06,2025-11-09,8.8,9.614046,-0.8140460968017571
2025-11-06,2025-11-10,4.4,8.880691,-4.480690574645996
2025-11-06,2025-11-11,5.0,8.191859,-3.191859245300293
2025-11-06,2025-11-12,7.7,9.718363,-2.018362808227539
2025-11-06,2025-11-13,7.4,9.666158,-2.266157722473144
2025-11-07,2025-11-08,12.4,8.947725,3.4522747039794925
2025-11-07,2025-11-09,8.8,9.336275,-0.5362751007080071
2025-11-07,2025-11-10,4.4,9.361438,-4.961437797546386
2025-11-07,2025-11-11,5.0,9.084241,-4.084240913391113
2025-11-07,2025-11-12,7.7,8.492574,-0.7925737380981444
2025-11-07,2025-11-13,7.4,9.395878,-1.9958778381347653
2025-11-07,2025-11-14,12.5,9.346249,3.1537513732910156
2025-11-08,2025-11-09,8.8,9.164769,-0.3647691726684563
2025-11-08,2025-11-10,4.4,9.504189,-5.104188537597656
2025-11-08,2025-11-11,5.0,9.210442,-4.210441589355469
2025-11-08,2025-11-12,7.7,8.8793745,-1.1793745040893553
2025-11-08,2025-11-13,7.4,7.803151,-0.4031511306762692
2025-11-08,2025-11-14,12.5,8.610673,3.889327049255371
2025-11-08,2025-11-15,7.4,9.063626,-1.6636262893676754
2025-11-09,2025-11-10,4.4,9.928268,-5.528268432617187
2025-11-09,2025-11-11,5.0,9.85029,-4.850290298461914
2025-11-09,2025-11-12,7.7,9.96116,-2.2611597061157225
2025-11-09,2025-11-13,7.4,9.402662,-2.0026622772216793
2025-11-09,2025-11-14,12.5,7.9077287,4.592271327972412
2025-11-09,2025-11-15,7.4,8.9507675,-1.5507675170898434
2025-11-09,2025-11-16,2.9,9.064452,-6.164452171325683
2025-11-10,2025-11-11,5.0,9.036823,-4.036823272705078
2025-11-10,2025-11-12,7.7,9.626034,-1.9260337829589842
2025-11-10,2025-11-13,7.4,9.463743,-2.063743209838867
2025-11-10,2025-11-14,12.5,8.702154,3.7978458404541016
2025-11-10,2025-11-15,7.4,7.821598,-0.42159805297851527
2025-11-10,2025-11-16,2.9,8.319567,-5.41956672668457
2025-11-10,2025-11-17,4.0,8.133526,-4.133525848388672
2025-11-11,2025-11-12,7.7,8.798048,-1.0980480194091795
2025-11-11,2025-11-13,7.4,9.591966,-2.1919656753540036
2025-11-11,2025-11-14,12.5,9.284328,3.2156715393066406
2025-11-11,2025-11-15,7.4,8.4845915,-1.0845914840698239
2025-11-11,2025-11-16,2.9,7.669079,-4.7690788269042965
2025-11-11,2025-11-17,4.0,8.139466,-4.139466285705566
2025-11-11,2025-11-18,9.1,8.091744,1.008255577087402
2025-11-12,2025-11-13,7.4,8.621013,-1.2210126876831051
2025-11-12,2025-11-14,12.5,9.317906,3.182093620300293
2025-11-12,2025-11-15,7.4,8.929267,-1.5292669296264645
2025-11-12,2025-11-16,2.9,8.308673,-5.408672904968261
2025-11-12,2025-11-17,4.0,7.1123,-3.112299919128418
2025-11-12,2025-11-18,9.1,7.750054,1.3499461174011227
2025-11-12,2025-11-19,3.0,8.195523,-5.195523262023926
2025-11-13,2025-11-14,12.5,7.8120656,4.687934398651123
2025-11-13,2025-11-15,7.4,8.364684,-0.9646841049194332
2025-11-13,2025-11-16,2.9,8.084309,-5.184308624267578
2025-11-13,2025-11-17,4.0,7.580556,-3.5805559158325195
2025-11-13,2025-11-18,9.1,6.557974,2.5420261383056637
2025-11-13,2025-11-19,3.0,7.144288,-4.144288063049316
2025-11-13,2025-11-20,4.2,7.7866473,-3.586647319793701
2025-11-14,2025-11-15,7.4,8.174806,-0.774805641174316
2025-11-14,2025-11-16,2.9,7.9797616,-5.079761600494384
2025-11-14,2025-11-17,4.0,8.03772,-4.0377197265625
2025-11-14,2025-11-18,9.1,8.224236,0.8757644653320309
2025-11-14,2025-11-19,3.0,7.1168914,-4.116891384124756
2025-11-14,2025-11-20,4.2,7.6719623,-3.471962261199951
2025-11-14,2025-11-21,8.4,7.914831,0.4851688385009769
2025-11-15,2025-11-16,2.9,8.695104,-5.795103645324707
2025-11-15,2025-11-17,4.0,7.8236814,-3.823681354522705
2025-11-15,2025-11-18,9.1,8.101136,0.9988637924194332
2025-11-15,2025-11-19,3.0,8.43485,-5.434849739074707
2025-11-15,2025-11-20,4.2,7.135153,-2.9351528167724608
2025-11-15,2025-11-21,8.4,7.47779,0.9222101211547855
2025-11-15,2025-11-22,5.1,7.9905868,-2.8905867576599125
2025-11-16,2025-11-17,4.0,9.475508,-5.475507736206055
2025-11-16,2025-11-18,9.1,8.15105,0.9489503860473629
2025-11-16,2025-11-19,3.0,8.804711,-5.80471134185791
2025-11-16,2025-11-20,4.2,8.967957,-4.76795654296875
2025-11-16,2025-11-21,8.4,7.607411,0.792589092254639
2025-11-16,2025-11-22,5.1,7.912544,-2.8125437736511234
2025-11-16,2025-11-23,4.1,8.256535,-4.156534576416016
2025-11-17,2025-11-18,9.1,8.40908,0.6909204483032223
2025-11-17,2025-11-19,3.0,8.513155,-5.513154983520508
2025-11-17,2025-11-20,4.2,8.482888,-4.2828882217407225
2025-11-17,2025-11-21,8.4,7.8769956,0.5230044364929203
2025-11-17,2025-11-22,5.1,7.6209645,-2.5209645271301273
2025-11-17,2025-11-23,4.1,7.6221013,-3.5221013069152836
2025-11-17,2025-11-24,3.2,8.112895,-4.912895011901855
2025-11-18,2025-11-19,3.0,8.39405,-5.394049644470215
2025-11-18,2025-11-20,4.2,9.063692,-4.863692092895508
2025-11-18,2025-11-21,8.4,8.907298,-0.5072980880737301
2025-11-18,2025-11-22,5.1,7.8295364,-2.7295364379882816
2025-11-18,2025-11-23,4.1,7.592414,-3.492413902282715
2025-11-18,2025-11-24,3.2,8.055327,-4.855327415466308
2025-11-18,2025-11-25,3.6,8.627651,-5.02765121459961
2025-11-19,2025-11-20,4.2,7.299657,-3.099656867980957
2025-11-19,2025-11-21,8.4,8.506372,-0.10637245178222621
2025-11-19,2025-11-22,5.1,8.376286,-3.276285552978516
2025-11-19,2025-11-23,4.1,6.7532105,-2.653210544586182
2025-11-19,2025-11-24,3.2,6.82854,-3.6285398483276365
2025-11-19,2025-11-25,3.6,7.593042,-3.9930418968200683
2025-11-19,2025-11-26,11.0,8.664288,2.335712432861328
2025-11-20,2025-11-21,8.4,7.164939,1.235061073303223
2025-11-20,2025-11-22,5.1,8.285177,-3.1851772308349613
2025-11-20,2025-11-23,4.1,8.293679,-4.193679237365723
2025-11-20,2025-11-24,3.2,6.5509224,-3.350922393798828
2025-11-20,2025-11-25,3.6,6.7724843,-3.172484302520752
2025-11-20,2025-11-26,11.0,7.9595737,3.040426254272461
2025-11-20,2025-11-27,3.5,9.188354,-5.688353538513184
2025-11-21,2025-11-22,5.1,7.585808,-2.485807800292969
2025-11-21,2025-11-23,4.1,7.926699,-3.8266991615295414
2025-11-21,2025-11-24,3.2,8.280943,-5.080942916870117
2025-11-21,2025-11-25,3.6,6.7917576,-3.191757583618164
2025-11-21,2025-11-26,11.0,7.486487,3.5135130882263184
2025-11-21,2025-11-27,3.5,8.702792,-5.202792167663574
2025-11-21,2025-11-28,5.699999999999999,9.570062,-3.870061683654786
2025-11-22,2025-11-23,4.1,7.102777,-3.0027770042419437
2025-11-22,2025-11-24,3.2,7.299781,-4.09978084564209
2025-11-22,2025-11-25,3.6,8.112737,-4.512736701965332
2025-11-22,2025-11-26,11.0,6.39889,4.601109981536865
2025-11-22,2025-11-27,3.5,7.0234838,-3.5234837532043457
2025-11-22,2025-11-28,5.699999999999999,8.461665,-2.7616651535034187
2025-11-22,2025-11-29,3.8,9.201874,-5.401873779296875
2025-11-23,2025-11-24,3.2,7.1957016,-3.9957015991210936
2025-11-23,2025-11-25,3.6,7.1384063,-3.5384062767028808
2025-11-23,2025-11-26,11.0,8.689841,2.3101587295532227
2025-11-23,2025-11-27,3.5,6.944087,-3.444087028503418
2025-11-23,2025-11-28,5.699999999999999,7.160369,-1.4603689193725593
2025-11-23,2025-11-29,3.8,9.215999,-5.415998649597168
2025-11-23,2025-11-30,4.6,9.251428,-4.6514276504516605
2025-11-24,2025-11-25,3.6,6.4655457,-2.865545654296875
2025-11-24,2025-11-26,11.0,7.0333004,3.9666996002197266
2025-11-24,2025-11-27,3.5,8.373565,-4.873564720153809
2025-11-24,2025-11-28,5.699999999999999,6.408287,-0.7082870483398445
2025-11-24,2025-11-29,3.8,7.326948,-3.526948165893555
2025-11-24,2025-11-30,4.6,9.15147,-4.551470184326172
2025-11-24,2025-12-01,3.5,8.738697,-5.238697052001953
2025-11-25,2025-11-26,11.0,6.176712,4.8232879638671875
2025-11-25,2025-11-27,3.5,7.2273192,-3.7273192405700684
2025-11-25,2025-11-28,5.699999999999999,8.309642,-2.609641838073731
2025-11-25,2025-11-29,3.8,6.1890674,-2.389067363739014
2025-11-25,2025-11-30,4.6,7.150133,-2.5501331329345707
2025-11-25,2025-12-01,3.5,9.184832,-5.684831619262695
2025-11-25,2025-12-02,4.8,9.0623455,-4.262345504760742
2025-11-26,2025-11-27,3.5,7.292956,-3.7929558753967285
2025-11-26,2025-11-28,5.699999999999999,8.043809,-2.3438089370727546
2025-11-26,2025-11-29,3.8,8.7134075,-4.913407516479492
2025-11-26,2025-11-30,4.6,6.8897505,-2.289750480651856
2025-11-26,2025-12-01,3.5,7.6622725,-4.1622724533081055
2025-11-26,2025-12-02,4.8,9.739901,-4.939900588989258
2025-11-26,2025-12-03,6.500000000000001,9.77755,-3.277549743652343
2025-11-27,2025-11-28,5.699999999999999,7.1074777,-1.4074776649475105
2025-11-27,2025-11-29,3.8,7.651575,-3.8515750885009767
2025-11-27,2025-11-30,4.6,8.244556,-3.6445564270019535
2025-11-27,2025-12-01,3.5,6.475696,-2.975696086883545
2025-11-27,2025-12-02,4.8,7.557961,-2.7579609870910646
2025-11-27,2025-12-03,6.500000000000001,9.095088,-2.595088005065917
2025-11-27,2025-12-04,6.500000000000001,9.330671,-2.830671310424804
2025-11-28,2025-11-29,3.8,6.7007723,-2.900772285461426
2025-11-28,2025-11-30,4.6,6.705288,-2.1052879333496097
2025-11-28,2025-12-01,3.5,7.706787,-4.206787109375
2025-11-28,2025-12-02,4.8,6.3833866,-1.5833866119384767
2025-11-28,2025-12-03,6.500000000000001,7.4317355,-0.9317355155944815
2025-11-28,2025-12-04,6.500000000000001,8.597144,-2.097144126892089
2025-11-28,2025-12-05,6.4,8.602297,-2.2022968292236325
2025-11-29,2025-11-30,4.6,6.195314,-1.595313930511475
2025-11-29,2025-12-01,3.5,6.1807075,-2.6807074546813965
2025-11-29,2025-12-02,4.8,7.3947425,-2.594742488861084
2025-11-29,2025-12-03,6.500000000000001,6.183454,0.3165459632873544
2025-11-29,2025-12-04,6.500000000000001,6.5764155,-0.07641553878784091
2025-11-29,2025-12-05,6.4,7.889357,-1.4893570899963375
2025-11-29,2025-12-06,6.1000000000000005,8.0961895,-1.9961894989013667
2025-11-30,2025-12-01,3.5,6.731454,-3.2314538955688477
2025-11-30,2025-12-02,4.8,6.553219,-1.7532188415527346
2025-11-30,2025-12-03,6.500000000000001,8.106651,-1.6066513061523429
2025-11-30,2025-12-04,6.500000000000001,6.8769803,-0.3769803047180167
2025-11-30,2025-12-05,6.4,6.5200043,-0.12000427246093714
2025-11-30,2025-12-06,6.1000000000000005,8.429475,-2.329474830627441
2025-11-30,2025-12-07,4.3,8.310924,-4.010923576354981
2025-12-01,2025-12-02,4.8,6.0706577,-1.2706577301025392
2025-12-01,2025-12-03,6.500000000000001,7.050062,-0.5500621795654288
2025-12-01,2025-12-04,6.500000000000001,7.9882007,-1.4882006645202628
2025-12-01,2025-12-05,6.4,6.861687,-0.4616871833801266
2025-12-01,2025-12-06,6.1000000000000005,7.771801,-1.6718009948730463
2025-12-01,2025-12-07,4.3,8.766248,-4.4662477493286135
2025-12-01,2025-12-08,5.299999999999999,7.414345,-2.1143447875976573
2025-12-02,2025-12-03,6.500000000000001,6.066796,0.43320417404174894
2025-12-02,2025-12-04,6.500000000000001,7.871509,-1.371509075164794
2025-12-02,2025-12-05,6.4,8.412665,-2.0126653671264645
2025-12-02,2025-12-06,6.1000000000000005,7.569296,-1.4692958831787104
2025-12-02,2025-12-07,4.3,8.524007,-4.224006843566895
2025-12-02,2025-12-08,5.299999999999999,9.256256,-3.956256103515626
2025-12-02,2025-12-09,5.5,7.5722213,-2.072221279144287
2025-12-03,2025-12-04,6.500000000000001,6.8989024,-0.39890241622924716
2025-12-03,2025-12-05,6.4,8.343157,-1.943156814575195
2025-12-03,2025-12-06,6.1000000000000005,8.636139,-2.5361389160156245
2025-12-03,2025-12-07,4.3,8.271893,-3.971892547607422
2025-12-03,2025-12-08,5.299999999999999,8.921666,-3.621666145324708
2025-12-03,2025-12-09,5.5,9.3919,-3.891900062561035
2025-12-03,2025-12-10,6.900000000000001,8.02359,-1.1235900878906238
2025-12-04,2025-12-05,6.4,6.8491855,-0.44918546676635707
2025-12-04,2025-12-06,6.1000000000000005,8.375367,-2.275367164611816
2025-12-04,2025-12-07,4.3,8.43193,-4.131929588317871
2025-12-04,2025-12-08,5.299999999999999,8.273316,-2.9733163833618175
2025-12-04,2025-12-09,5.5,8.624374,-3.1243743896484375
2025-12-04,2025-12-10,6.900000000000001,8.848937,-1.9489370346069324
2025-12-04,2025-12-11,6.500000000000001,7.937491,-1.4374909400939933
2025-12-05,2025-12-06,6.1000000000000005,7.210447,-1.1104468345642085
2025-12-05,2025-12-07,4.3,8.0078745,-3.7078744888305666
2025-12-05,2025-12-08,5.299999999999999,8.280811,-2.980811309814454
2025-12-05,2025-12-09,5.5,8.508288,-3.0082883834838867
2025-12-05,2025-12-10,6.900000000000001,8.839773,-1.9397731781005847
2025-12-05,2025-12-11,6.500000000000001,8.685159,-2.1851587295532218
2025-12-05,2025-12-12,6.8,7.6000113,-0.8000113487243654
2025-12-06,2025-12-07,4.3,6.057275,-1.7572748184204103
2025-12-06,2025-12-08,5.299999999999999,7.1943994,-1.894399356842042
2025-12-06,2025-12-09,5.5,7.523345,-2.0233449935913086
2025-12-06,2025-12-10,6.900000000000001,7.2500257,-0.3500257492065417
2025-12-06,2025-12-11,6.500000000000001,7.4872327,-0.9872326850891104
2025-12-06,2025-12-12,6.8,7.152438,-0.3524381637573244
2025-12-06,2025-12-13,8.7,6.706951,1.9930488586425774
2025-12-07,2025-12-08,5.299999999999999,5.901846,-0.601845932006837
2025-12-07,2025-12-09,5.5,6.7800884,-1.2800884246826172
2025-12-07,2025-12-10,6.900000000000001,7.654323,-0.7543231010436999
2025-12-07,2025-12-11,6.500000000000001,7.443357,-0.9433569908142081
2025-12-07,2025-12-12,6.8,6.886174,-0.08617420196533221
2025-12-07,2025-12-13,8.7,7.0682683,1.631731700897216
2025-12-07,2025-12-14,5.6,6.536906,-0.9369057655334476
2025-12-08,2025-12-09,5.5,5.8147864,-0.314786434173584
2025-12-08,2025-12-10,6.900000000000001,6.8893967,0.010603332519532493
2025-12-08,2025-12-11,6.500000000000001,7.132026,-0.6320261955261222
2025-12-08,2025-12-12,6.8,7.1944575,-0.394457530975342
2025-12-08,2025-12-13,8.7,7.3294573,1.3705427169799798
2025-12-08,2025-12-14,5.6,6.796271,-1.196270847320557
2025-12-08,2025-12-15,8.1,5.9165215,2.183478450775146
2025-12-09,2025-12-10,6.900000000000001,5.1538687,1.7461313247680676
2025-12-09,2025-12-11,6.500000000000001,6.508208,-0.008207798004149502
2025-12-09,2025-12-12,6.8,6.641774,0.1582258224487303
2025-12-09,2025-12-13,8.7,6.605131,2.094868850708007
2025-12-09,2025-12-14,5.6,6.3046274,-0.7046274185180668
2025-12-09,2025-12-15,8.1,5.9279933,2.1720067024230953
2025-12-09,2025-12-16,6.1000000000000005,5.502797,0.597202873229981
2025-12-10,2025-12-11,6.500000000000001,5.9324703,0.5675296783447275
2025-12-10,2025-12-12,6.8,7.0273514,-0.22735137939453143
2025-12-10,2025-12-13,8.7,6.5419955,2.158004474639892
2025-12-10,2025-12-14,5.6,6.6287255,-1.0287255287170414
2025-12-10,2025-12-15,8.1,6.35993,1.7400699615478512
2025-12-10,2025-12-16,6.1000000000000005,5.9048915,0.19510850906372124
2025-12-10,2025-12-17,8.4,6.019864,2.3801359176635746
2025-12-11,2025-12-12,6.8,6.929064,-0.1290637969970705
2025-12-11,2025-12-13,8.7,7.3199506,1.3800494194030755
2025-12-11,2025-12-14,5.6,6.6601844,-1.0601843833923343
2025-12-11,2025-12-15,8.1,7.2303066,0.8696933746337887
2025-12-11,2025-12-16,6.1000000000000005,6.694031,-0.5940307617187495
2025-12-11,2025-12-17,8.4,6.221375,2.178625011444092
2025-12-11,2025-12-18,3.3,6.384043,-3.0840432167053224
2025-12-12,2025-12-13,8.7,7.2824693,1.417530727386474
2025-12-12,2025-12-14,5.6,7.148781,-1.5487808227539066
2025-12-12,2025-12-15,8.1,6.592434,1.5075660705566403
2025-12-12,2025-12-16,6.1000000000000005,7.6038275,-1.5038274765014643
2025-12-12,2025-12-17,8.4,6.7565885,1.6434115409851078
2025-12-12,2025-12-18,3.3,6.167242,-2.8672420501708986
2025-12-12,2025-12-19,5.2,6.3066635,-1.1066635131835936
2025-12-13,2025-12-14,5.6,7.844779,-2.2447790145874027
2025-12-13,2025-12-15,8.1,7.3143864,0.7856136322021481
2025-12-13,2025-12-16,6.1000000000000005,6.5955977,-0.4955977439880366
2025-12-13,2025-12-17,8.4,7.702427,0.6975730895996097
2025-12-13,2025-12-18,3.3,6.5642476,-3.2642476081848146
2025-12-13,2025-12-19,5.2,5.91213,-0.7121298789978026
2025-12-13,2025-12-20,6.2,6.536569,-0.3365691184997557
2025-12-14,2025-12-15,8.1,8.554201,-0.45420112609863317
2025-12-14,2025-12-16,6.1000000000000005,7.7427053,-1.642705345153808
2025-12-14,2025-12-17,8.4,7.367687,1.0323127746582035
2025-12-14,2025-12-18,3.3,8.393467,-5.093466949462891
2025-12-14,2025-12-19,5.2,6.6144104,-1.4144104003906248
2025-12-14,2025-12-20,6.2,6.5238867,-0.32388668060302717
2025-12-14,2025-12-21,10.900000000000002,7.054603,3.845396900177004
2025-12-15,2025-12-16,6.1000000000000005,8.590731,-2.4907306671142573
2025-12-15,2025-12-17,8.4,8.216313,0.18368663787841832
2025-12-15,2025-12-18,3.3,7.3955855,-4.095585536956787
2025-12-15,2025-12-19,5.2,8.385598,-3.1855981826782225
2025-12-15,2025-12-20,6.2,7.1700125,-0.9700124740600584
2025-12-15,2025-12-21,10.900000000000002,6.6777997,4.222200298309328
2025-12-15,2025-12-22,16.0,6.839601,9.160398960113525
2025-12-16,2025-12-17,8.4,8.96792,-0.5679203033447262
2025-12-16,2025-12-18,3.3,8.688299,-5.388299179077149
2025-12-16,2025-12-19,5.2,7.7781134,-2.5781133651733397
2025-12-16,2025-12-20,6.2,8.741541,-2.5415409088134764
2025-12-16,2025-12-21,10.900000000000002,7.4751115,3.4248885154724142
2025-12-16,2025-12-22,16.0,6.92267,9.077330112457275
2025-12-16,2025-12-23,15.3,7.0218277,8.278172302246094
2025-12-17,2025-12-18,3.3,8.78379,-5.48378963470459
2025-12-17,2025-12-19,5.2,8.574111,-3.374110984802246
2025-12-17,2025-12-20,6.2,7.723179,-1.5231788635253904
2025-12-17,2025-12-21,10.900000000000002,8.522427,2.3775733947753928
2025-12-17,2025-12-22,16.0,7.028434,8.971566200256348
2025-12-17,2025-12-23,15.3,6.5643215,8.735678482055665
2025-12-17,2025-12-24,5.6,6.8944545,-1.2944544792175297
2025-12-18,2025-12-19,5.2,6.019303,-0.8193028450012205
2025-12-18,2025-12-20,6.2,6.1074862,0.09251375198364276
2025-12-18,2025-12-21,10.900000000000002,6.244025,4.655974769592287
2025-12-18,2025-12-22,16.0,6.5781817,9.421818256378174
2025-12-18,2025-12-23,15.3,4.9360566,10.363943386077882
2025-12-18,2025-12-24,5.6,4.821516,0.778483963012695
2025-12-18,2025-12-25,4.3,5.212291,-0.9122907638549806
2025-12-19,2025-12-20,6.2,6.1469316,0.053068351745605646
2025-12-19,2025-12-21,10.900000000000002,5.372099,5.52790107727051
2025-12-19,2025-12-22,16.0,5.9700837,10.029916286468506
2025-12-19,2025-12-23,15.3,6.8651705,8.4348295211792
2025-12-19,2025-12-24,5.6,5.765465,-0.1654647827148441
2025-12-19,2025-12-25,4.3,5.458993,-1.1589929580688478
2025-12-19,2025-12-26,10.2,5.2487397,4.95126028060913
2025-12-20,2025-12-21,10.900000000000002,6.954172,3.945827865600588
2025-12-20,2025-12-22,16.0,5.567395,10.432604789733887
2025-12-20,2025-12-23,15.3,6.0533686,9.24663143157959
2025-12-20,2025-12-24,5.6,7.341978,-1.7419780731201175
2025-12-20,2025-12-25,4.3,6.064849,-1.7648488998413088
2025-12-20,2025-12-26,10.2,5.732315,4.467684936523437
2025-12-20,2025-12-27,3.9000000000000004,5.89198,-1.991980171203613
2025-12-21,2025-12-22,16.0,8.45401,7.545989990234375
2025-12-21,2025-12-23,15.3,6.7034698,8.59653024673462
2025-12-21,2025-12-24,5.6,7.2817345,-1.6817344665527347
2025-12-21,2025-12-25,4.3,8.884823,-4.5848228454589846
2025-12-21,2025-12-26,10.2,6.7148266,3.4851734161376946
2025-12-21,2025-12-27,3.9000000000000004,7.018975,-3.1189747810363766
2025-12-21,2025-12-28,4.5,7.1399775,-2.63997745513916
2025-12-22,2025-12-23,15.3,9.489608,5.81039218902588
2025-12-22,2025-12-24,5.6,8.190373,-2.5903734207153324
2025-12-22,2025-12-25,4.3,7.641377,-3.3413769721984865
2025-12-22,2025-12-26,10.2,9.400689,0.7993108749389641
2025-12-22,2025-12-27,3.9000000000000004,7.842141,-3.9421411514282223
2025-12-22,2025-12-28,4.5,7.48504,-2.9850401878356934
2025-12-22,2025-12-29,3.5,7.3789334,-3.8789334297180176
2025-12-23,2025-12-24,5.6,10.703678,-5.103678131103516
2025-12-23,2025-12-25,4.3,9.994489,-5.6944887161254885
2025-12-23,2025-12-26,10.2,8.5572605,1.6427394866943352
2025-12-23,2025-12-27,3.9000000000000004,10.003188,-6.103188133239746
2025-12-23,2025-12-28,4.5,8.6496,-4.149600028991699
2025-12-23,2025-12-29,3.5,8.050625,-4.550624847412109
2025-12-23,2025-12-30,3.9000000000000004,7.971605,-4.071604824066162
