Forecast_Origin,Target_Date,Actual_PM25,Predicted_PM25,Residual
2024-12-31,2025-01-01,4.0,6.6108713,-2.6108713150024414
2024-12-31,2025-01-02,6.4,7.419177,-1.0191770553588864
2024-12-31,2025-01-03,13.7,5.839281,7.860718917846679
2024-12-31,2025-01-04,13.499999999999998,7.522029,5.97797107696533
2024-12-31,2025-01-05,3.0,8.099328,-5.09932804107666
2024-12-31,2025-01-06,9.0,7.526178,1.4738221168518066
2024-12-31,2025-01-07,15.0,8.856597,6.143403053283691
2024-12-31,2025-01-08,5.733333333333332,8.820016,-3.086682573954266
2024-12-31,2025-01-09,7.233333333333332,8.132513,-0.8991797129313168
2024-12-31,2025-01-10,11.799999999999994,8.794951,3.005048561096185
2024-12-31,2025-01-11,39.0,8.740504,30.259495735168457
2024-12-31,2025-01-12,36.0,9.211859,26.78814125061035
2024-12-31,2025-01-13,12.3,8.432319,3.867681312561036
2024-12-31,2025-01-14,16.5,6.967443,9.532557010650635
2025-01-01,2025-01-02,6.4,5.814846,0.585153961181641
2025-01-01,2025-01-03,13.7,6.534569,7.1654312133789055
2025-01-01,2025-01-04,13.499999999999998,6.1244245,7.375575542449949
2025-01-01,2025-01-05,3.0,7.456548,-4.45654821395874
2025-01-01,2025-01-06,9.0,7.284184,1.7158160209655762
2025-01-01,2025-01-07,15.0,6.7441792,8.255820751190186
2025-01-01,2025-01-08,5.733333333333332,8.314715,-2.58138205210368
2025-01-01,2025-01-09,7.233333333333332,8.68758,-1.4542467753092465
2025-01-01,2025-01-10,11.799999999999994,8.124724,3.675275611877435
2025-01-01,2025-01-11,39.0,8.856307,30.14369297027588
2025-01-01,2025-01-12,36.0,8.481236,27.518763542175293
2025-01-01,2025-01-13,12.3,9.064163,3.235836791992188
2025-01-01,2025-01-14,16.5,8.7328205,7.767179489135742
2025-01-01,2025-01-15,17.8,7.1773953,10.622604656219483
2025-01-02,2025-01-03,13.7,6.022828,7.677171897888183
2025-01-02,2025-01-04,13.499999999999998,5.89766,7.6023402214050275
2025-01-02,2025-01-05,3.0,7.0962563,-4.096256256103516
2025-01-02,2025-01-06,9.0,8.381155,0.6188449859619141
2025-01-02,2025-01-07,15.0,7.0351505,7.964849472045898
2025-01-02,2025-01-08,5.733333333333332,7.036223,-1.3028896013895688
2025-01-02,2025-01-09,7.233333333333332,8.438166,-1.20483233133952
2025-01-02,2025-01-10,11.799999999999994,9.111416,2.6885841369628842
2025-01-02,2025-01-11,39.0,8.216132,30.783867835998535
2025-01-02,2025-01-12,36.0,8.888354,27.111645698547363
2025-01-02,2025-01-13,12.3,8.778249,3.521751213073731
2025-01-02,2025-01-14,16.5,9.476853,7.023146629333496
2025-01-02,2025-01-15,17.8,9.018158,8.781842041015626
2025-01-02,2025-01-16,14.1,7.84192,6.258080101013183
2025-01-03,2025-01-04,13.499999999999998,7.0835586,6.416441440582274
2025-01-03,2025-01-05,3.0,6.7238345,-3.72383451461792
2025-01-03,2025-01-06,9.0,8.708292,0.29170799255371094
2025-01-03,2025-01-07,15.0,9.683727,5.316272735595703
2025-01-03,2025-01-08,5.733333333333332,7.370727,-1.6373937288920102
2025-01-03,2025-01-09,7.233333333333332,7.5438437,-0.3105104128519711
2025-01-03,2025-01-10,11.799999999999994,8.348539,3.4514606475830014
2025-01-03,2025-01-11,39.0,10.127462,28.87253761291504
2025-01-03,2025-01-12,36.0,8.581252,27.418747901916504
2025-01-03,2025-01-13,12.3,9.592231,2.707769203186036
2025-01-03,2025-01-14,16.5,8.984695,7.5153045654296875
2025-01-03,2025-01-15,17.8,9.688699,8.111301231384278
2025-01-03,2025-01-16,14.1,9.45349,4.646509742736816
2025-01-03,2025-01-17,20.8,8.422988,12.377012062072755
2025-01-04,2025-01-05,3.0,9.115571,-6.115571022033691
2025-01-04,2025-01-06,9.0,7.8812337,1.1187663078308105
2025-01-04,2025-01-07,15.0,10.06107,4.938929557800293
2025-01-04,2025-01-08,5.733333333333332,10.870405,-5.137071863810223
2025-01-04,2025-01-09,7.233333333333332,8.643606,-1.4102728525797543
2025-01-04,2025-01-10,11.799999999999994,8.052614,3.747385787963861
2025-01-04,2025-01-11,39.0,8.635182,30.36481761932373
2025-01-04,2025-01-12,36.0,10.552107,25.447893142700195
2025-01-04,2025-01-13,12.3,9.445528,2.854471969604493
2025-01-04,2025-01-14,16.5,10.049174,6.4508256912231445
2025-01-04,2025-01-15,17.8,9.207824,8.592176246643067
2025-01-04,2025-01-16,14.1,9.044099,5.055901145935058
2025-01-04,2025-01-17,20.8,9.926621,10.873378562927247
2025-01-04,2025-01-18,29.199999999999996,8.455347,20.74465293884277
2025-01-05,2025-01-06,9.0,10.098003,-1.0980033874511719
2025-01-05,2025-01-07,15.0,8.831422,6.168578147888184
2025-01-05,2025-01-08,5.733333333333332,10.430861,-4.6975281397501645
2025-01-05,2025-01-09,7.233333333333332,11.252786,-4.019452349344891
2025-01-05,2025-01-10,11.799999999999994,9.311752,2.488247680664056
2025-01-05,2025-01-11,39.0,8.247088,30.75291156768799
2025-01-05,2025-01-12,36.0,8.1130495,27.886950492858887
2025-01-05,2025-01-13,12.3,11.116572,1.1834276199340827
2025-01-05,2025-01-14,16.5,9.682841,6.8171586990356445
2025-01-05,2025-01-15,17.8,10.364442,7.435558128356934
2025-01-05,2025-01-16,14.1,9.566502,4.533498382568359
2025-01-05,2025-01-17,20.8,8.624221,12.175779151916505
2025-01-05,2025-01-18,29.199999999999996,10.399656,18.80034370422363
2025-01-05,2025-01-19,23.099999999999998,8.189233,14.910767173767088
2025-01-06,2025-01-07,15.0,9.929191,5.070809364318848
2025-01-06,2025-01-08,5.733333333333332,8.757901,-3.024567858378094
2025-01-06,2025-01-09,7.233333333333332,9.977688,-2.7443545023600278
2025-01-06,2025-01-10,11.799999999999994,10.071079,1.728920745849603
2025-01-06,2025-01-11,39.0,9.199767,29.800232887268066
2025-01-06,2025-01-12,36.0,8.418971,27.581028938293457
2025-01-06,2025-01-13,12.3,7.9811234,4.318876552581788
2025-01-06,2025-01-14,16.5,10.674613,5.825387001037598
2025-01-06,2025-01-15,17.8,9.526589,8.273410606384278
2025-01-06,2025-01-16,14.1,9.711839,4.388161277770996
2025-01-06,2025-01-17,20.8,9.59801,11.201989936828614
2025-01-06,2025-01-18,29.199999999999996,7.912017,21.287983131408687
2025-01-06,2025-01-19,23.099999999999998,9.71886,13.381140327453611
2025-01-06,2025-01-20,21.1,8.175483,12.924517250061037
2025-01-07,2025-01-08,5.733333333333332,9.62635,-3.8930170694986996
2025-01-07,2025-01-09,7.233333333333332,8.054994,-0.8216602961222348
2025-01-07,2025-01-10,11.799999999999994,9.662292,2.13770847320556
2025-01-07,2025-01-11,39.0,9.2860775,29.71392250061035
2025-01-07,2025-01-12,36.0,8.826033,27.173967361450195
2025-01-07,2025-01-13,12.3,8.5440235,3.7559764862060554
2025-01-07,2025-01-14,16.5,8.399543,8.100457191467285
2025-01-07,2025-01-15,17.8,10.214451,7.58554916381836
2025-01-07,2025-01-16,14.1,9.193113,4.9068866729736325
2025-01-07,2025-01-17,20.8,8.843248,11.95675163269043
2025-01-07,2025-01-18,29.199999999999996,9.653352,19.546648216247554
2025-01-07,2025-01-19,23.099999999999998,7.8285584,15.271441555023191
2025-01-07,2025-01-20,21.1,9.278872,11.821128463745119
2025-01-07,2025-01-21,24.399999999999995,8.4295,15.970500373840327
2025-01-08,2025-01-09,7.233333333333332,9.876336,-2.6430027643839535
2025-01-08,2025-01-10,11.799999999999994,7.4816775,4.318322467803949
2025-01-08,2025-01-11,39.0,9.525376,29.474623680114746
2025-01-08,2025-01-12,36.0,9.636776,26.363224029541016
2025-01-08,2025-01-13,12.3,8.78992,3.5100801467895515
2025-01-08,2025-01-14,16.5,8.7552595,7.7447404861450195
2025-01-08,2025-01-15,17.8,9.180897,8.619103240966798
2025-01-08,2025-01-16,14.1,10.084606,4.015393829345703
2025-01-08,2025-01-17,20.8,8.668323,12.131677436828614
2025-01-08,2025-01-18,29.199999999999996,8.141525,21.05847473144531
2025-01-08,2025-01-19,23.099999999999998,9.787539,13.312461471557615
2025-01-08,2025-01-20,21.1,8.211354,12.888645744323732
2025-01-08,2025-01-21,24.399999999999995,9.506199,14.893801116943354
2025-01-08,2025-01-22,28.099999999999998,8.612553,19.487447357177732
2025-01-09,2025-01-10,11.799999999999994,10.894122,0.9058778762817319
2025-01-09,2025-01-11,39.0,8.61034,30.389659881591797
2025-01-09,2025-01-12,36.0,9.736834,26.263166427612305
2025-01-09,2025-01-13,12.3,10.644364,1.6556356430053718
2025-01-09,2025-01-14,16.5,9.27896,7.221039772033691
2025-01-09,2025-01-15,17.8,9.547906,8.252094078063966
2025-01-09,2025-01-16,14.1,9.820647,4.279352760314941
2025-01-09,2025-01-17,20.8,10.294889,10.505110549926759
2025-01-09,2025-01-18,29.199999999999996,8.276793,20.92320747375488
2025-01-09,2025-01-19,23.099999999999998,7.9516425,15.148357486724851
2025-01-09,2025-01-20,21.1,10.068676,11.031324005126955
2025-01-09,2025-01-21,24.399999999999995,8.84995,15.550050163269038
2025-01-09,2025-01-22,28.099999999999998,9.845808,18.254191970825193
2025-01-09,2025-01-23,12.8,8.561037,4.238962936401368
2025-01-10,2025-01-11,39.0,12.16112,26.838879585266113
2025-01-10,2025-01-12,36.0,10.534687,25.465312957763672
2025-01-10,2025-01-13,12.3,10.350211,1.9497888565063484
2025-01-10,2025-01-14,16.5,11.849546,4.650453567504883
2025-01-10,2025-01-15,17.8,9.821247,7.978752899169923
2025-01-10,2025-01-16,14.1,9.981498,4.118502235412597
2025-01-10,2025-01-17,20.8,10.262099,10.537900733947755
2025-01-10,2025-01-18,29.199999999999996,11.070027,18.1299726486206
2025-01-10,2025-01-19,23.099999999999998,8.073194,15.026806449890135
2025-01-10,2025-01-20,21.1,8.368734,12.73126564025879
2025-01-10,2025-01-21,24.399999999999995,9.907314,14.492685699462886
2025-01-10,2025-01-22,28.099999999999998,9.275955,18.824044799804685
2025-01-10,2025-01-23,12.8,10.621273,2.1787269592285163
2025-01-10,2025-01-24,9.6,8.481716,1.1182838439941403
2025-01-11,2025-01-12,36.0,13.797293,22.202707290649414
2025-01-11,2025-01-13,12.3,12.3256645,-0.025664520263671164
2025-01-11,2025-01-14,16.5,11.905516,4.594484329223633
2025-01-11,2025-01-15,17.8,12.464974,5.335025596618653
2025-01-11,2025-01-16,14.1,10.878412,3.221587753295898
2025-01-11,2025-01-17,20.8,10.290992,10.50900821685791
2025-01-11,2025-01-18,29.199999999999996,10.255308,18.94469184875488
2025-01-11,2025-01-19,23.099999999999998,11.466925,11.6330753326416
2025-01-11,2025-01-20,21.1,9.085427,12.014572715759279
2025-01-11,2025-01-21,24.399999999999995,8.892747,15.507253074645991
2025-01-11,2025-01-22,28.099999999999998,10.003461,18.09653911590576
2025-01-11,2025-01-23,12.8,9.09645,3.7035501480102546
2025-01-11,2025-01-24,9.6,10.95621,-1.3562101364135746
2025-01-11,2025-01-25,7.5,8.392235,-0.8922348022460938
2025-01-12,2025-01-13,12.3,16.25488,-3.9548809051513665
2025-01-12,2025-01-14,16.5,14.861996,1.6380043029785156
2025-01-12,2025-01-15,17.8,13.465776,4.334223556518555
2025-01-12,2025-01-16,14.1,13.66336,0.43664035797119105
2025-01-12,2025-01-17,20.8,12.567017,8.2329833984375
2025-01-12,2025-01-18,29.199999999999996,11.188268,18.01173229217529
2025-01-12,2025-01-19,23.099999999999998,11.084574,12.015426254272459
2025-01-12,2025-01-20,21.1,11.610309,9.48969135284424
2025-01-12,2025-01-21,24.399999999999995,10.134414,14.265586280822749
2025-01-12,2025-01-22,28.099999999999998,9.258021,18.841978645324705
2025-01-12,2025-01-23,12.8,10.340521,2.4594791412353523
2025-01-12,2025-01-24,9.6,8.717559,0.882441139221191
2025-01-12,2025-01-25,7.5,11.941841,-4.441841125488281
2025-01-12,2025-01-26,5.1,8.19805,-3.0980495452880863
2025-01-13,2025-01-14,16.5,17.080797,-0.5807971954345703
2025-01-13,2025-01-15,17.8,16.245626,1.5543735504150398
2025-01-13,2025-01-16,14.1,13.834097,0.2659030914306637
2025-01-13,2025-01-17,20.8,14.175169,6.6248310089111335
2025-01-13,2025-01-18,29.199999999999996,13.324658,15.875341606140132
2025-01-13,2025-01-19,23.099999999999998,11.573503,11.526497459411619
2025-01-13,2025-01-20,21.1,11.881881,9.21811923980713
2025-01-13,2025-01-21,24.399999999999995,11.5505,12.849500083923335
2025-01-13,2025-01-22,28.099999999999998,10.42086,17.679139709472654
2025-01-13,2025-01-23,12.8,9.330223,3.469776916503907
2025-01-13,2025-01-24,9.6,10.072067,-0.47206726074218786
2025-01-13,2025-01-25,7.5,8.745082,-1.245081901550293
2025-01-13,2025-01-26,5.1,11.727968,-6.627968215942383
2025-01-13,2025-01-27,4.1,8.113237,-4.013237380981446
2025-01-14,2025-01-15,17.8,15.880676,1.9193237304687507
2025-01-14,2025-01-16,14.1,15.257616,-1.1576160430908207
2025-01-14,2025-01-17,20.8,13.044038,7.755962181091309
2025-01-14,2025-01-18,29.199999999999996,13.354201,15.8457986831665
2025-01-14,2025-01-19,23.099999999999998,12.527659,10.572340583801267
2025-01-14,2025-01-20,21.1,11.117217,9.982782936096193
2025-01-14,2025-01-21,24.399999999999995,11.787496,12.61250438690185
2025-01-14,2025-01-22,28.099999999999998,11.195088,16.904911613464353
2025-01-14,2025-01-23,12.8,10.105454,2.694545555114747
2025-01-14,2025-01-24,9.6,8.876937,0.7230630874633786
2025-01-14,2025-01-25,7.5,9.682928,-2.1829280853271484
2025-01-14,2025-01-26,5.1,8.998134,-3.8981336593627933
2025-01-14,2025-01-27,4.1,10.788034,-6.688034439086914
2025-01-14,2025-01-28,5.0,8.178964,-3.1789636611938477
2025-01-15,2025-01-16,14.1,14.153407,-0.053407096862793324
2025-01-15,2025-01-17,20.8,13.153676,7.646323966979981
2025-01-15,2025-01-18,29.199999999999996,11.6566,17.543400001525875
2025-01-15,2025-01-19,23.099999999999998,12.2288685,10.871131515502928
2025-01-15,2025-01-20,21.1,11.391142,9.70885810852051
2025-01-15,2025-01-21,24.399999999999995,10.653554,13.746446037292475
2025-01-15,2025-01-22,28.099999999999998,11.639444,16.46055564880371
2025-01-15,2025-01-23,12.8,10.863218,1.9367816925048835
2025-01-15,2025-01-24,9.6,9.429137,0.17086277008056605
2025-01-15,2025-01-25,7.5,8.172279,-0.6722793579101562
2025-01-15,2025-01-26,5.1,9.571863,-4.471863174438477
2025-01-15,2025-01-27,4.1,9.295189,-5.195188903808594
2025-01-15,2025-01-28,5.0,9.912797,-4.912796974182129
2025-01-15,2025-01-29,7.800000000000001,8.413298,-0.6132976531982415
2025-01-16,2025-01-17,20.8,13.116306,7.68369369506836
2025-01-16,2025-01-18,29.199999999999996,11.953773,17.246227455139156
2025-01-16,2025-01-19,23.099999999999998,10.602391,12.49760875701904
2025-01-16,2025-01-20,21.1,11.783372,9.316628074645998
2025-01-16,2025-01-21,24.399999999999995,10.668688,13.731312179565425
2025-01-16,2025-01-22,28.099999999999998,10.440912,17.659087753295896
2025-01-16,2025-01-23,12.8,11.470203,1.3297966003417976
2025-01-16,2025-01-24,9.6,10.7217865,-1.1217864990234379
2025-01-16,2025-01-25,7.5,8.9426155,-1.4426155090332031
2025-01-16,2025-01-26,5.1,7.857095,-2.757094764709473
2025-01-16,2025-01-27,4.1,9.463345,-5.36334457397461
2025-01-16,2025-01-28,5.0,9.602665,-4.602664947509766
2025-01-16,2025-01-29,7.800000000000001,9.602819,-1.8028194427490227
2025-01-16,2025-01-30,7.7,8.468858,-0.7688577651977537
2025-01-17,2025-01-18,29.199999999999996,12.851954,16.348045539855953
2025-01-17,2025-01-19,23.099999999999998,11.882626,11.217374420166013
2025-01-17,2025-01-20,21.1,10.395606,10.704393959045412
2025-01-17,2025-01-21,24.399999999999995,11.751247,12.648752593994136
2025-01-17,2025-01-22,28.099999999999998,10.365794,17.734205818176267
2025-01-17,2025-01-23,12.8,10.3311615,2.468838500976563
2025-01-17,2025-01-24,9.6,11.167259,-1.567259216308594
2025-01-17,2025-01-25,7.5,11.133436,-3.6334362030029297
2025-01-17,2025-01-26,5.1,8.932457,-3.832456970214844
2025-01-17,2025-01-27,4.1,8.268829,-4.168829345703125
2025-01-17,2025-01-28,5.0,9.402644,-4.402644157409668
2025-01-17,2025-01-29,7.800000000000001,9.960461,-2.160460662841796
2025-01-17,2025-01-30,7.7,9.565629,-1.8656290054321287
2025-01-17,2025-01-31,7.800000000000001,8.397061,-0.5970613479614251
2025-01-18,2025-01-19,23.099999999999998,13.389161,9.710838890075681
2025-01-18,2025-01-20,21.1,12.077559,9.02244052886963
2025-01-18,2025-01-21,24.399999999999995,11.040682,13.359318161010737
2025-01-18,2025-01-22,28.099999999999998,12.016728,16.083271598815916
2025-01-18,2025-01-23,12.8,10.438228,2.3617723464965827
2025-01-18,2025-01-24,9.6,10.059256,-0.4592555999755863
2025-01-18,2025-01-25,7.5,10.843594,-3.3435935974121094
2025-01-18,2025-01-26,5.1,11.757547,-6.657547378540039
2025-01-18,2025-01-27,4.1,9.746427,-5.646426582336426
2025-01-18,2025-01-28,5.0,9.194573,-4.194573402404785
2025-01-18,2025-01-29,7.800000000000001,9.184005,-1.3840047836303704
2025-01-18,2025-01-30,7.7,9.742351,-2.0423505783081053
2025-01-18,2025-01-31,7.800000000000001,10.008317,-2.208316993713378
2025-01-18,2025-02-01,10.0,8.336309,1.6636905670166016
2025-01-19,2025-01-20,21.1,14.640501,6.459498977661134
2025-01-19,2025-01-21,24.399999999999995,13.085268,11.314731979370112
2025-01-19,2025-01-22,28.099999999999998,11.769288,16.33071193695068
2025-01-19,2025-01-23,12.8,12.945963,-0.14596290588378835
2025-01-19,2025-01-24,9.6,10.942241,-1.3422407150268558
2025-01-19,2025-01-25,7.5,10.321209,-2.821208953857422
2025-01-19,2025-01-26,5.1,11.16434,-6.064340019226075
2025-01-19,2025-01-27,4.1,12.514492,-8.41449203491211
2025-01-19,2025-01-28,5.0,10.416037,-5.416036605834961
2025-01-19,2025-01-29,7.800000000000001,10.24344,-2.4434396743774407
2025-01-19,2025-01-30,7.7,9.307882,-1.6078823089599608
2025-01-19,2025-01-31,7.800000000000001,9.697492,-1.8974916458129876
2025-01-19,2025-02-01,10.0,11.137719,-1.1377191543579102
2025-01-19,2025-02-02,17.9,8.263264,9.63673629760742
2025-01-20,2025-01-21,24.399999999999995,15.341613,9.058387184143061
2025-01-20,2025-01-22,28.099999999999998,13.418028,14.68197212219238
2025-01-20,2025-01-23,12.8,11.976945,0.8230550765991218
2025-01-20,2025-01-24,9.6,13.179865,-3.579864883422852
2025-01-20,2025-01-25,7.5,11.543459,-4.043458938598633
2025-01-20,2025-01-26,5.1,10.514823,-5.414822959899903
2025-01-20,2025-01-27,4.1,12.035735,-7.935735130310059
2025-01-20,2025-01-28,5.0,12.369128,-7.369128227233887
2025-01-20,2025-01-29,7.800000000000001,10.663548,-2.8635484695434563
2025-01-20,2025-01-30,7.7,10.14034,-2.4403398513793944
2025-01-20,2025-01-31,7.800000000000001,9.315284,-1.5152837753295891
2025-01-20,2025-02-01,10.0,9.499888,0.5001115798950195
2025-01-20,2025-02-02,17.9,11.215547,6.684453392028807
2025-01-20,2025-02-03,18.2,8.283649,9.916350555419921
2025-01-21,2025-01-22,28.099999999999998,15.19731,12.902689552307127
2025-01-21,2025-01-23,12.8,12.9176655,-0.1176654815673821
2025-01-21,2025-01-24,9.6,11.685671,-2.085670852661133
2025-01-21,2025-01-25,7.5,12.869581,-5.36958122253418
2025-01-21,2025-01-26,5.1,11.57135,-6.47135009765625
2025-01-21,2025-01-27,4.1,10.307629,-6.207628631591797
2025-01-21,2025-01-28,5.0,12.57695,-7.5769500732421875
2025-01-21,2025-01-29,7.800000000000001,11.961463,-4.161462974548339
2025-01-21,2025-01-30,7.7,10.31913,-2.619129943847656
2025-01-21,2025-01-31,7.800000000000001,9.403972,-1.6039716720581048
2025-01-21,2025-02-01,10.0,9.309974,0.6900262832641602
2025-01-21,2025-02-02,17.9,9.378524,8.521476173400877
2025-01-21,2025-02-03,18.2,11.196409,7.003590774536132
2025-01-21,2025-02-04,6.900000000000001,8.516676,-1.6166759490966784
2025-01-22,2025-01-23,12.8,14.979331,-2.1793310165405266
2025-01-22,2025-01-24,9.6,12.438809,-2.838809394836426
2025-01-22,2025-01-25,7.5,11.516102,-4.016101837158203
2025-01-22,2025-01-26,5.1,12.545738,-7.445738220214844
2025-01-22,2025-01-27,4.1,11.581295,-7.481295013427735
2025-01-22,2025-01-28,5.0,9.806437,-4.806436538696289
2025-01-22,2025-01-29,7.800000000000001,12.727385,-4.9273845672607415
2025-01-22,2025-01-30,7.7,11.515617,-3.8156173706054686
2025-01-22,2025-01-31,7.800000000000001,9.866879,-2.0668794631958
2025-01-22,2025-02-01,10.0,8.591417,1.4085826873779297
2025-01-22,2025-02-02,17.9,9.17806,8.721940422058104
2025-01-22,2025-02-03,18.2,9.197881,9.002119255065917
2025-01-22,2025-02-04,6.900000000000001,11.4093895,-4.509389495849608
2025-01-22,2025-02-05,7.9,8.760503,-0.8605028152465817
2025-01-23,2025-01-24,9.6,14.3940115,-4.794011497497559
2025-01-23,2025-01-25,7.5,12.350243,-4.850242614746094
2025-01-23,2025-01-26,5.1,11.03297,-5.932970428466797
2025-01-23,2025-01-27,4.1,12.121801,-8.021801376342774
2025-01-23,2025-01-28,5.0,11.363096,-6.363096237182617
2025-01-23,2025-01-29,7.800000000000001,9.417012,-1.6170122146606438
2025-01-23,2025-01-30,7.7,12.137523,-4.43752269744873
2025-01-23,2025-01-31,7.800000000000001,11.1123,-3.3122999191284173
2025-01-23,2025-02-01,10.0,9.298417,0.7015829086303711
2025-01-23,2025-02-02,17.9,8.210964,9.68903579711914
2025-01-23,2025-02-03,18.2,8.984252,9.215748023986816
2025-01-23,2025-02-04,6.900000000000001,9.27589,-2.3758903503417956
2025-01-23,2025-02-05,7.9,11.147312,-3.2473121643066403
2025-01-23,2025-02-06,9.2,8.62339,0.576609802246093
2025-01-24,2025-01-25,7.5,13.292584,-5.792584419250488
2025-01-24,2025-01-26,5.1,13.060119,-7.960118675231934
2025-01-24,2025-01-27,4.1,10.590804,-6.4908041000366214
2025-01-24,2025-01-28,5.0,11.821224,-6.821224212646484
2025-01-24,2025-01-29,7.800000000000001,10.530878,-2.730878067016601
2025-01-24,2025-01-30,7.7,8.925402,-1.2254016876220701
2025-01-24,2025-01-31,7.800000000000001,10.874095,-3.0740949630737298
2025-01-24,2025-02-01,10.0,11.124858,-1.1248579025268555
2025-01-24,2025-02-02,17.9,8.773196,9.12680377960205
2025-01-24,2025-02-03,18.2,8.415888,9.784112167358398
2025-01-24,2025-02-04,6.900000000000001,8.544281,-1.6442810058593738
2025-01-24,2025-02-05,7.9,9.285708,-1.3857084274291989
2025-01-24,2025-02-06,9.2,11.043438,-1.8434379577636726
2025-01-24,2025-02-07,11.0,8.311124,2.688876152038574
2025-01-25,2025-01-26,5.1,12.330422,-7.230422401428223
2025-01-25,2025-01-27,4.1,12.589843,-8.489842796325684
2025-01-25,2025-01-28,5.0,9.894548,-4.894548416137695
2025-01-25,2025-01-29,7.800000000000001,11.70537,-3.9053699493408196
2025-01-25,2025-01-30,7.7,9.584963,-1.8849628448486326
2025-01-25,2025-01-31,7.800000000000001,8.5052185,-0.7052185058593743
2025-01-25,2025-02-01,10.0,10.251208,-0.2512083053588867
2025-01-25,2025-02-02,17.9,11.131997,6.768002891540526
2025-01-25,2025-02-03,18.2,8.86224,9.337760162353515
2025-01-25,2025-02-04,6.900000000000001,8.845836,-1.9458356857299792
2025-01-25,2025-02-05,7.9,8.252037,-0.3520370483398434
2025-01-25,2025-02-06,9.2,9.0704,0.12959976196288991
2025-01-25,2025-02-07,11.0,10.953477,0.046523094177246094
2025-01-25,2025-02-08,20.8,8.015978,12.78402214050293
2025-01-26,2025-01-27,4.1,11.481048,-7.381047630310059
2025-01-26,2025-01-28,5.0,11.638491,-6.638490676879883
2025-01-26,2025-01-29,7.800000000000001,8.969062,-1.1690618515014641
2025-01-26,2025-01-30,7.7,11.254548,-3.5545480728149412
2025-01-26,2025-01-31,7.800000000000001,8.985946,-1.1859457015991204
2025-01-26,2025-02-01,10.0,8.066722,1.9332780838012695
2025-01-26,2025-02-02,17.9,9.703688,8.196312332153319
2025-01-26,2025-02-03,18.2,11.355628,6.8443719863891594
2025-01-26,2025-02-04,6.900000000000001,8.946114,-2.04611358642578
2025-01-26,2025-02-05,7.9,9.462283,-1.5622831344604489
2025-01-26,2025-02-06,9.2,8.30025,0.8997499465942376
2025-01-26,2025-02-07,11.0,9.116539,1.8834609985351562
2025-01-26,2025-02-08,20.8,11.191703,9.608297157287598
2025-01-26,2025-02-09,20.0,7.95197,12.048029899597168
2025-01-27,2025-01-28,5.0,9.798385,-4.798384666442871
2025-01-27,2025-01-29,7.800000000000001,10.144857,-2.3448574066162102
2025-01-27,2025-01-30,7.7,7.726456,-0.026456165313720525
2025-01-27,2025-01-31,7.800000000000001,9.849066,-2.0490657806396477
2025-01-27,2025-02-01,10.0,8.117371,1.88262939453125
2025-01-27,2025-02-02,17.9,7.3249083,10.575091743469237
2025-01-27,2025-02-03,18.2,9.162645,9.037354660034179
2025-01-27,2025-02-04,6.900000000000001,10.852163,-3.9521633148193347
2025-01-27,2025-02-05,7.9,8.755765,-0.8557649612426754
2025-01-27,2025-02-06,9.2,9.376852,-0.17685203552246165
2025-01-27,2025-02-07,11.0,8.0856495,2.9143505096435547
2025-01-27,2025-02-08,20.8,8.628135,12.171865272521973
2025-01-27,2025-02-09,20.0,10.583798,9.4162015914917
2025-01-27,2025-02-10,33.89999999999999,7.9759417,25.924058341979972
2025-01-28,2025-01-29,7.800000000000001,7.9638753,-0.16387529373168874
2025-01-28,2025-01-30,7.7,7.9832287,-0.2832286834716795
2025-01-28,2025-01-31,7.800000000000001,6.554509,1.2454908370971687
2025-01-28,2025-02-01,10.0,8.435651,1.5643491744995117
2025-01-28,2025-02-02,17.9,7.139343,10.760657215118407
2025-01-28,2025-02-03,18.2,6.7209687,11.47903127670288
2025-01-28,2025-02-04,6.900000000000001,8.888719,-1.9887186050415027
2025-01-28,2025-02-05,7.9,10.351916,-2.4519163131713864
2025-01-28,2025-02-06,9.2,8.1915,1.0085002899169915
2025-01-28,2025-02-07,11.0,8.9962015,2.003798484802246
2025-01-28,2025-02-08,20.8,8.137446,12.662553596496583
2025-01-28,2025-02-09,20.0,8.751809,11.248190879821777
2025-01-28,2025-02-10,33.89999999999999,9.81251,24.087490463256827
2025-01-28,2025-02-11,26.6,8.270953,18.32904682159424
2025-01-29,2025-01-30,7.7,6.782114,0.9178859710693361
2025-01-29,2025-01-31,7.800000000000001,5.9149694,1.8850305557250984
2025-01-29,2025-02-01,10.0,6.20641,3.7935900688171387
2025-01-29,2025-02-02,17.9,8.072666,9.827333831787108
2025-01-29,2025-02-03,18.2,6.474345,11.725654792785644
2025-01-29,2025-02-04,6.900000000000001,6.704999,0.19500102996826296
2025-01-29,2025-02-05,7.9,8.992191,-1.0921913146972653
2025-01-29,2025-02-06,9.2,10.196097,-0.996097373962403
2025-01-29,2025-02-07,11.0,7.7514873,3.2485127449035645
2025-01-29,2025-02-08,20.8,8.758933,12.041066932678223
2025-01-29,2025-02-09,20.0,8.542886,11.457114219665527
2025-01-29,2025-02-10,33.89999999999999,9.714183,24.18581714630126
2025-01-29,2025-02-11,26.6,9.4482565,17.151743507385255
2025-01-29,2025-02-12,21.0,8.724937,12.275062561035156
2025-01-30,2025-01-31,7.800000000000001,6.835478,0.9645221710205085
2025-01-30,2025-02-01,10.0,5.3036485,4.696351528167725
2025-01-30,2025-02-02,17.9,6.460913,11.439086818695067
2025-01-30,2025-02-03,18.2,8.442759,9.757241439819335
2025-01-30,2025-02-04,6.900000000000001,6.9035463,-0.003546333312987038
2025-01-30,2025-02-05,7.9,7.2708597,0.6291402816772464
2025-01-30,2025-02-06,9.2,9.247921,-0.047920989990235086
2025-01-30,2025-02-07,11.0,10.051935,0.9480648040771484
2025-01-30,2025-02-08,20.8,7.853736,12.94626407623291
2025-01-30,2025-02-09,20.0,8.825385,11.174614906311035
2025-01-30,2025-02-10,33.89999999999999,9.151245,24.74875488281249
2025-01-30,2025-02-11,26.6,10.853221,15.746779060363771
2025-01-30,2025-02-12,21.0,9.297037,11.702962875366211
2025-01-30,2025-02-13,21.199999999999996,8.92539,12.274609756469722
2025-01-31,2025-02-01,10.0,7.2612176,2.7387824058532715
2025-01-31,2025-02-02,17.9,5.7061124,12.193887615203856
2025-01-31,2025-02-03,18.2,6.988718,11.211281967163085
2025-01-31,2025-02-04,6.900000000000001,8.943244,-2.0432439804077136
2025-01-31,2025-02-05,7.9,7.5826945,0.3173054695129398
2025-01-31,2025-02-06,9.2,7.501274,1.6987258911132805
2025-01-31,2025-02-07,11.0,9.361338,1.638662338256836
2025-01-31,2025-02-08,20.8,10.268153,10.531846809387208
2025-01-31,2025-02-09,20.0,8.055829,11.944170951843262
2025-01-31,2025-02-10,33.89999999999999,9.211231,24.68876876831054
2025-01-31,2025-02-11,26.6,9.428099,17.171901321411134
2025-01-31,2025-02-12,21.0,11.456618,9.543381690979004
2025-01-31,2025-02-13,21.199999999999996,9.84755,11.352449607849117
2025-01-31,2025-02-14,22.799999999999997,9.047332,13.752668190002439
2025-02-01,2025-02-02,17.9,9.310255,8.589744949340819
2025-02-01,2025-02-03,18.2,6.648696,11.551304054260253
2025-02-01,2025-02-04,6.900000000000001,8.462963,-1.5629631042480456
2025-02-01,2025-02-05,7.9,10.405768,-2.5057683944702145
2025-02-01,2025-02-06,9.2,8.894721,0.30527896881103445
2025-02-01,2025-02-07,11.0,8.18696,2.813039779663086
2025-02-01,2025-02-08,20.8,9.826484,10.973516273498536
2025-02-01,2025-02-09,20.0,10.329042,9.670957565307617
2025-02-01,2025-02-10,33.89999999999999,9.322523,24.577476882934562
2025-02-01,2025-02-11,26.6,9.689528,16.910471534729005
2025-02-01,2025-02-12,21.0,9.931747,11.068252563476562
2025-02-01,2025-02-13,21.199999999999996,10.884085,10.31591529846191
2025-02-01,2025-02-14,22.799999999999997,10.189163,12.610836791992185
2025-02-01,2025-02-15,25.9,8.642072,17.25792827606201
2025-02-02,2025-02-03,18.2,11.479269,6.720730972290038
2025-02-02,2025-02-04,6.900000000000001,8.413121,-1.5131212234497058
2025-02-02,2025-02-05,7.9,10.154024,-2.2540241241455075
2025-02-02,2025-02-06,9.2,11.882959,-2.6829593658447273
2025-02-02,2025-02-07,11.0,10.190703,0.8092966079711914
2025-02-02,2025-02-08,20.8,9.089471,11.710529136657716
2025-02-02,2025-02-09,20.0,10.142925,9.857074737548828
2025-02-02,2025-02-10,33.89999999999999,10.47525,23.424749755859366
2025-02-02,2025-02-11,26.6,10.494418,16.105581855773927
2025-02-02,2025-02-12,21.0,10.090967,10.909032821655273
2025-02-02,2025-02-13,21.199999999999996,10.439417,10.76058311462402
2025-02-02,2025-02-14,22.799999999999997,10.240888,12.559112358093259
2025-02-02,2025-02-15,25.9,10.9638815,14.936118507385252
2025-02-02,2025-02-16,21.800000000000004,8.405886,13.394114303588871
2025-02-03,2025-02-04,6.900000000000001,12.724903,-5.824903106689452
2025-02-03,2025-02-05,7.9,9.673588,-1.7735877990722653
2025-02-03,2025-02-06,9.2,11.240647,-2.0406473159790046
2025-02-03,2025-02-07,11.0,12.364783,-1.3647832870483398
2025-02-03,2025-02-08,20.8,11.0968075,9.703192520141602
2025-02-03,2025-02-09,20.0,9.696879,10.303120613098145
2025-02-03,2025-02-10,33.89999999999999,10.754537,23.145463371276847
2025-02-03,2025-02-11,26.6,10.21871,16.38129005432129
2025-02-03,2025-02-12,21.0,10.994527,10.005473136901855
2025-02-03,2025-02-13,21.199999999999996,9.707827,11.492173385620113
2025-02-03,2025-02-14,22.799999999999997,10.311073,12.488926696777341
2025-02-03,2025-02-15,25.9,9.515512,16.384487533569335
2025-02-03,2025-02-16,21.800000000000004,10.686496,11.11350421905518
2025-02-03,2025-02-17,20.500000000000004,8.477378,12.022622108459476
2025-02-04,2025-02-05,7.9,12.714026,-4.8140264511108395
2025-02-04,2025-02-06,9.2,10.108076,-0.9080760955810554
2025-02-04,2025-02-07,11.0,11.268847,-0.2688474655151367
2025-02-04,2025-02-08,20.8,12.298146,8.501853752136231
2025-02-04,2025-02-09,20.0,11.280777,8.719223022460938
2025-02-04,2025-02-10,33.89999999999999,10.019825,23.88017501831054
2025-02-04,2025-02-11,26.6,10.973169,15.626830673217775
2025-02-04,2025-02-12,21.0,9.926791,11.073208808898926
2025-02-04,2025-02-13,21.199999999999996,10.683849,10.516150665283199
2025-02-04,2025-02-14,22.799999999999997,9.14218,13.657819557189939
2025-02-04,2025-02-15,25.9,10.281139,15.618860626220702
2025-02-04,2025-02-16,21.800000000000004,9.345949,12.454050827026371
2025-02-04,2025-02-17,20.500000000000004,10.062589,10.437411308288578
2025-02-04,2025-02-18,30.899999999999995,8.647584,22.25241603851318
2025-02-05,2025-02-06,9.2,12.0955515,-2.895551490783692
2025-02-05,2025-02-07,11.0,9.723373,1.2766265869140625
2025-02-05,2025-02-08,20.8,10.890278,9.909722137451173
2025-02-05,2025-02-09,20.0,12.199152,7.800848007202148
2025-02-05,2025-02-10,33.89999999999999,10.940175,22.959824943542472
2025-02-05,2025-02-11,26.6,10.199539,16.40046081542969
2025-02-05,2025-02-12,21.0,10.802048,10.197952270507812
2025-02-05,2025-02-13,21.199999999999996,9.679674,11.520325851440425
2025-02-05,2025-02-14,22.799999999999997,10.182041,12.617958831787107
2025-02-05,2025-02-15,25.9,8.5581875,17.341812515258788
2025-02-05,2025-02-16,21.800000000000004,10.353768,11.446231651306157
2025-02-05,2025-02-17,20.500000000000004,9.685507,10.814493179321293
2025-02-05,2025-02-18,30.899999999999995,9.3905735,21.50942649841308
2025-02-05,2025-02-19,31.999999999999996,8.750805,23.24919509887695
2025-02-06,2025-02-07,11.0,11.745733,-0.7457332611083984
2025-02-06,2025-02-08,20.8,9.445329,11.354671287536622
2025-02-06,2025-02-09,20.0,10.45563,9.5443696975708
2025-02-06,2025-02-10,33.89999999999999,12.192228,21.70777168273925
2025-02-06,2025-02-11,26.6,10.812047,15.787952995300294
2025-02-06,2025-02-12,21.0,10.034001,10.965998649597168
2025-02-06,2025-02-13,21.199999999999996,10.641202,10.55879802703857
2025-02-06,2025-02-14,22.799999999999997,9.450771,13.349228668212888
2025-02-06,2025-02-15,25.9,9.801597,16.09840335845947
2025-02-06,2025-02-16,21.800000000000004,8.255844,13.544155883789067
2025-02-06,2025-02-17,20.500000000000004,10.086898,10.413102149963382
2025-02-06,2025-02-18,30.899999999999995,9.834703,21.065296554565425
2025-02-06,2025-02-19,31.999999999999996,9.12505,22.874950408935543
2025-02-06,2025-02-20,6.7,8.766379,-2.066379356384277
2025-02-07,2025-02-08,20.8,11.632277,9.167723464965821
2025-02-07,2025-02-09,20.0,9.919507,10.080492973327637
2025-02-07,2025-02-10,33.89999999999999,10.105412,23.794588470458976
2025-02-07,2025-02-11,26.6,12.084516,14.515484428405763
2025-02-07,2025-02-12,21.0,10.634574,10.365426063537598
2025-02-07,2025-02-13,21.199999999999996,9.718537,11.481462669372554
2025-02-07,2025-02-14,22.799999999999997,10.154745,12.645254898071286
2025-02-07,2025-02-15,25.9,9.752444,16.14755573272705
2025-02-07,2025-02-16,21.800000000000004,9.484221,12.315778541564946
2025-02-07,2025-02-17,20.500000000000004,8.330991,12.169009208679203
2025-02-07,2025-02-18,30.899999999999995,9.68787,21.21212997436523
2025-02-07,2025-02-19,31.999999999999996,9.705398,22.294602394104
2025-02-07,2025-02-20,6.7,9.153807,-2.453806686401367
2025-02-07,2025-02-21,8.7,8.499538,0.20046157836913991
2025-02-08,2025-02-09,20.0,12.183866,7.816134452819824
2025-02-08,2025-02-10,33.89999999999999,10.207286,23.69271411895751
2025-02-08,2025-02-11,26.6,10.547886,16.05211410522461
2025-02-08,2025-02-12,21.0,12.021417,8.978583335876465
2025-02-08,2025-02-13,21.199999999999996,10.77346,10.426539611816402
2025-02-08,2025-02-14,22.799999999999997,9.563312,13.236688423156735
2025-02-08,2025-02-15,25.9,9.923993,15.97600688934326
2025-02-08,2025-02-16,21.800000000000004,9.908025,11.891975212097172
2025-02-08,2025-02-17,20.500000000000004,9.896599,10.603401184082035
2025-02-08,2025-02-18,30.899999999999995,8.450909,22.449091339111323
2025-02-08,2025-02-19,31.999999999999996,9.60937,22.39062976837158
2025-02-08,2025-02-20,6.7,9.139039,-2.4390390396118162
2025-02-08,2025-02-21,8.7,9.204447,-0.5044467926025398
2025-02-08,2025-02-22,7.4,8.139852,-0.7398515701293942
2025-02-09,2025-02-10,33.89999999999999,13.13612,20.763880157470695
2025-02-09,2025-02-11,26.6,11.099898,15.50010166168213
2025-02-09,2025-02-12,21.0,11.21376,9.786239624023438
2025-02-09,2025-02-13,21.199999999999996,12.399276,8.800724220275875
2025-02-09,2025-02-14,22.799999999999997,11.201738,11.598261642456052
2025-02-09,2025-02-15,25.9,9.81332,16.08667984008789
2025-02-09,2025-02-16,21.800000000000004,9.969048,11.830952453613286
2025-02-09,2025-02-17,20.500000000000004,10.464701,10.035299301147464
2025-02-09,2025-02-18,30.899999999999995,10.352854,20.54714622497558
2025-02-09,2025-02-19,31.999999999999996,9.068196,22.931803703308102
2025-02-09,2025-02-20,6.7,9.723574,-3.0235736846923826
2025-02-09,2025-02-21,8.7,8.953238,-0.25323753356933665
2025-02-09,2025-02-22,7.4,9.983026,-2.583025550842285
2025-02-09,2025-02-23,4.8,8.005807,-3.205806922912598
2025-02-10,2025-02-11,26.6,13.993181,12.606818771362306
2025-02-10,2025-02-12,21.0,12.027919,8.972081184387207
2025-02-10,2025-02-13,21.199999999999996,11.981283,9.218716812133785
2025-02-10,2025-02-14,22.799999999999997,12.261419,10.538580703735349
2025-02-10,2025-02-15,25.9,11.632896,14.267103576660155
2025-02-10,2025-02-16,21.800000000000004,9.80082,11.999179649353032
2025-02-10,2025-02-17,20.500000000000004,10.404364,10.095636367797855
2025-02-10,2025-02-18,30.899999999999995,10.628687,20.27131309509277
2025-02-10,2025-02-19,31.999999999999996,10.771289,21.22871112823486
2025-02-10,2025-02-20,6.7,9.079369,-2.3793685913085936
2025-02-10,2025-02-21,8.7,9.237791,-0.5377910614013679
2025-02-10,2025-02-22,7.4,8.476593,-1.0765930175781246
2025-02-10,2025-02-23,4.8,10.217288,-5.417288017272949
2025-02-10,2025-02-24,4.7,8.044359,-3.34435920715332
2025-02-11,2025-02-12,21.0,14.780913,6.219086647033691
2025-02-11,2025-02-13,21.199999999999996,12.803938,8.396062088012691
2025-02-11,2025-02-14,22.799999999999997,12.328371,10.471628952026364
2025-02-11,2025-02-15,25.9,12.147942,13.75205841064453
2025-02-11,2025-02-16,21.800000000000004,12.172047,9.627953338623051
2025-02-11,2025-02-17,20.500000000000004,9.778284,10.721715927124027
2025-02-11,2025-02-18,30.899999999999995,11.224789,19.67521133422851
2025-02-11,2025-02-19,31.999999999999996,10.4119835,21.588016510009762
2025-02-11,2025-02-20,6.7,10.613751,-3.913751411437988
2025-02-11,2025-02-21,8.7,8.570125,0.12987537384033132
2025-02-11,2025-02-22,7.4,8.925138,-1.5251384735107418
2025-02-11,2025-02-23,4.8,8.17268,-3.372679901123047
2025-02-11,2025-02-24,4.7,10.471002,-5.771001625061035
2025-02-11,2025-02-25,6.0,8.149655,-2.149655342102051
2025-02-12,2025-02-13,21.199999999999996,15.20416,5.995840263366695
2025-02-12,2025-02-14,22.799999999999997,13.013407,9.786593246459958
2025-02-12,2025-02-15,25.9,12.343749,13.556250953674315
2025-02-12,2025-02-16,21.800000000000004,12.067929,9.732070732116703
2025-02-12,2025-02-17,20.500000000000004,12.429451,8.070549011230472
2025-02-12,2025-02-18,30.899999999999995,9.705052,21.194947624206538
2025-02-12,2025-02-19,31.999999999999996,11.811125,20.188875198364254
2025-02-12,2025-02-20,6.7,10.052177,-3.3521774291992186
2025-02-12,2025-02-21,8.7,10.116085,-1.416085052490235
2025-02-12,2025-02-22,7.4,7.8772664,-0.4772664070129391
2025-02-12,2025-02-23,4.8,8.802514,-4.00251407623291
2025-02-12,2025-02-24,4.7,8.292452,-3.5924518585205076
2025-02-12,2025-02-25,6.0,10.554239,-4.554239273071289
2025-02-12,2025-02-26,5.9,8.16489,-2.2648902893066403
2025-02-13,2025-02-14,22.799999999999997,15.376915,7.423085021972653
2025-02-13,2025-02-15,25.9,13.187505,12.712495231628417
2025-02-13,2025-02-16,21.800000000000004,12.24422,9.555780220031743
2025-02-13,2025-02-17,20.500000000000004,12.195388,8.304612159729007
2025-02-13,2025-02-18,30.899999999999995,12.42196,18.478040122985835
2025-02-13,2025-02-19,31.999999999999996,9.650549,22.349451065063473
2025-02-13,2025-02-20,6.7,12.142617,-5.4426172256469725
2025-02-13,2025-02-21,8.7,9.82104,-1.1210401535034187
2025-02-13,2025-02-22,7.4,9.615832,-2.2158323287963864
2025-02-13,2025-02-23,4.8,7.40498,-2.6049801826477053
2025-02-13,2025-02-24,4.7,8.704276,-4.004276084899902
2025-02-13,2025-02-25,6.0,8.5737915,-2.57379150390625
2025-02-13,2025-02-26,5.9,10.608984,-4.708983993530273
2025-02-13,2025-02-27,5.2,8.036457,-2.836457061767578
2025-02-14,2025-02-15,25.9,15.811642,10.088358306884764
2025-02-14,2025-02-16,21.800000000000004,14.265389,7.534610557556157
2025-02-14,2025-02-17,20.500000000000004,12.412648,8.087351799011234
2025-02-14,2025-02-18,30.899999999999995,12.697637,18.202363395690913
2025-02-14,2025-02-19,31.999999999999996,12.394327,19.605672836303707
2025-02-14,2025-02-20,6.7,9.709451,-3.0094507217407225
2025-02-14,2025-02-21,8.7,12.28872,-3.588720130920411
2025-02-14,2025-02-22,7.4,10.020248,-2.620248413085937
2025-02-14,2025-02-23,4.8,9.311959,-4.511959266662598
2025-02-14,2025-02-24,4.7,7.4813695,-2.7813694953918455
2025-02-14,2025-02-25,6.0,8.566908,-2.5669078826904297
2025-02-14,2025-02-26,5.9,8.804215,-2.9042154312133786
2025-02-14,2025-02-27,5.2,10.777241,-5.577240753173828
2025-02-14,2025-02-28,11.5,7.7390275,3.760972499847412
2025-02-15,2025-02-16,21.800000000000004,16.207207,5.5927932739257855
2025-02-15,2025-02-17,20.500000000000004,14.659633,5.840367317199711
2025-02-15,2025-02-18,30.899999999999995,12.631652,18.26834812164306
2025-02-15,2025-02-19,31.999999999999996,12.802787,19.197213172912594
2025-02-15,2025-02-20,6.7,12.345351,-5.645351219177246
2025-02-15,2025-02-21,8.7,9.590653,-0.8906534194946296
2025-02-15,2025-02-22,7.4,12.1963415,-4.796341514587402
2025-02-15,2025-02-23,4.8,10.275604,-5.475604248046875
2025-02-15,2025-02-24,4.7,9.621697,-4.921697425842285
2025-02-15,2025-02-25,6.0,7.7550473,-1.75504732131958
2025-02-15,2025-02-26,5.9,8.522228,-2.6222282409667965
2025-02-15,2025-02-27,5.2,8.57743,-3.3774297714233397
2025-02-15,2025-02-28,11.5,10.902297,0.5977029800415039
2025-02-15,2025-03-01,11.0,7.4723773,3.527622699737549
2025-02-16,2025-02-17,20.500000000000004,16.608982,3.891017913818363
2025-02-16,2025-02-18,30.899999999999995,15.105608,15.7943920135498
2025-02-16,2025-02-19,31.999999999999996,12.66863,19.331370353698727
2025-02-16,2025-02-20,6.7,13.087189,-6.387188720703125
2025-02-16,2025-02-21,8.7,12.356648,-3.6566484451293952
2025-02-16,2025-02-22,7.4,9.715072,-2.3150716781616207
2025-02-16,2025-02-23,4.8,12.265633,-7.465632629394531
2025-02-16,2025-02-24,4.7,10.752836,-6.052836227416992
2025-02-16,2025-02-25,6.0,9.935571,-3.93557071685791
2025-02-16,2025-02-26,5.9,8.262643,-2.3626428604125973
2025-02-16,2025-02-27,5.2,8.659394,-3.4593942642211912
2025-02-16,2025-02-28,11.5,8.54355,2.9564504623413086
2025-02-16,2025-03-01,11.0,11.582327,-0.5823268890380859
2025-02-16,2025-03-02,21.0,7.3087015,13.691298484802246
2025-02-17,2025-02-18,30.899999999999995,16.48873,14.411270523071284
2025-02-17,2025-02-19,31.999999999999996,15.227608,16.772392272949215
2025-02-17,2025-02-20,6.7,12.65563,-5.955630111694336
2025-02-17,2025-02-21,8.7,13.394324,-4.6943243026733406
2025-02-17,2025-02-22,7.4,11.969445,-4.56944522857666
2025-02-17,2025-02-23,4.8,9.460228,-4.660227966308594
2025-02-17,2025-02-24,4.7,12.552905,-7.8529050827026365
2025-02-17,2025-02-25,6.0,11.160668,-5.16066837310791
2025-02-17,2025-02-26,5.9,9.919189,-4.019189453125
2025-02-17,2025-02-27,5.2,8.507931,-3.307930755615234
2025-02-17,2025-02-28,11.5,8.12063,3.3793697357177734
2025-02-17,2025-03-01,11.0,8.381562,2.6184377670288086
2025-02-17,2025-03-02,21.0,11.653183,9.346817016601562
2025-02-17,2025-03-03,26.5,7.4200797,19.079920291900635
2025-02-18,2025-02-19,31.999999999999996,16.025957,15.974042892456051
2025-02-18,2025-02-20,6.7,14.62967,-7.929670143127441
2025-02-18,2025-02-21,8.7,12.420809,-3.7208087921142585
2025-02-18,2025-02-22,7.4,13.088933,-5.688932991027832
2025-02-18,2025-02-23,4.8,11.554154,-6.754154396057129
2025-02-18,2025-02-24,4.7,9.008197,-4.3081968307495115
2025-02-18,2025-02-25,6.0,12.581337,-6.581336975097656
2025-02-18,2025-02-26,5.9,11.072535,-5.172534561157226
2025-02-18,2025-02-27,5.2,9.713629,-4.513628768920898
2025-02-18,2025-02-28,11.5,8.18401,3.315990447998047
2025-02-18,2025-03-01,11.0,7.825953,3.1740469932556152
2025-02-18,2025-03-02,21.0,8.286304,12.713695526123047
2025-02-18,2025-03-03,26.5,11.231574,15.268425941467285
2025-02-18,2025-03-04,27.799999999999997,7.6044154,20.195584583282468
2025-02-19,2025-02-20,6.7,15.757468,-9.057468223571778
2025-02-19,2025-02-21,8.7,13.864401,-5.164400863647462
2025-02-19,2025-02-22,7.4,12.316936,-4.916935539245605
2025-02-19,2025-02-23,4.8,12.589765,-7.7897645950317385
2025-02-19,2025-02-24,4.7,11.564225,-6.864225196838379
2025-02-19,2025-02-25,6.0,8.805928,-2.8059282302856445
2025-02-19,2025-02-26,5.9,12.559446,-6.659446334838867
2025-02-19,2025-02-27,5.2,10.62278,-5.422779846191406
2025-02-19,2025-02-28,11.5,9.392998,2.1070022583007812
2025-02-19,2025-03-01,11.0,7.4722743,3.5277256965637207
2025-02-19,2025-03-02,21.0,7.856053,13.143947124481201
2025-02-19,2025-03-03,26.5,8.326578,18.17342185974121
2025-02-19,2025-03-04,27.799999999999997,10.670621,17.12937908172607
2025-02-19,2025-03-05,39.9,7.747406,32.152593994140624
2025-02-20,2025-02-21,8.7,14.661853,-5.961852836608887
2025-02-20,2025-02-22,7.4,12.795401,-5.395400619506836
2025-02-20,2025-02-23,4.8,11.601315,-6.8013145446777346
2025-02-20,2025-02-24,4.7,11.744736,-7.044735717773437
2025-02-20,2025-02-25,6.0,11.1449,-5.144900321960449
2025-02-20,2025-02-26,5.9,8.540982,-2.6409822463989254
2025-02-20,2025-02-27,5.2,11.843998,-6.6439979553222654
2025-02-20,2025-02-28,11.5,10.414268,1.0857324600219727
2025-02-20,2025-03-01,11.0,8.788316,2.211684226989746
2025-02-20,2025-03-02,21.0,7.229716,13.770284175872803
2025-02-20,2025-03-03,26.5,7.881295,18.618704795837402
2025-02-20,2025-03-04,27.799999999999997,8.854668,18.94533233642578
2025-02-20,2025-03-05,39.9,9.831811,30.06818904876709
2025-02-20,2025-03-06,23.599999999999998,7.732394,15.867605781555174
2025-02-21,2025-02-22,7.4,13.085491,-5.6854911804199215
2025-02-21,2025-02-23,4.8,11.581318,-6.781317901611328
2025-02-21,2025-02-24,4.7,10.685193,-5.985193061828613
2025-02-21,2025-02-25,6.0,10.578202,-4.578202247619629
2025-02-21,2025-02-26,5.9,10.123389,-4.2233892440795895
2025-02-21,2025-02-27,5.2,8.164198,-2.9641979217529295
2025-02-21,2025-02-28,11.5,10.606918,0.8930816650390625
2025-02-21,2025-03-01,11.0,10.291356,0.708643913269043
2025-02-21,2025-03-02,21.0,8.272775,12.727225303649902
2025-02-21,2025-03-03,26.5,7.175284,19.324716091156006
2025-02-21,2025-03-04,27.799999999999997,7.828306,19.97169380187988
2025-02-21,2025-03-05,39.9,9.099438,30.80056228637695
2025-02-21,2025-03-06,23.599999999999998,9.077555,14.522445297241209
2025-02-21,2025-03-07,12.0,7.47556,4.524439811706543
2025-02-22,2025-02-23,4.8,11.997929,-7.197928619384766
2025-02-22,2025-02-24,4.7,10.908443,-6.208443450927734
2025-02-22,2025-02-25,6.0,9.8402195,-3.840219497680664
2025-02-22,2025-02-26,5.9,10.184506,-4.2845064163208
2025-02-22,2025-02-27,5.2,9.465361,-4.265360641479492
2025-02-22,2025-02-28,11.5,7.9234986,3.5765013694763184
2025-02-22,2025-03-01,11.0,9.773742,1.2262582778930664
2025-02-22,2025-03-02,21.0,10.174298,10.825701713562012
2025-02-22,2025-03-03,26.5,8.493612,18.00638771057129
2025-02-22,2025-03-04,27.799999999999997,7.487027,20.31297283172607
2025-02-22,2025-03-05,39.9,7.761733,32.13826694488525
2025-02-22,2025-03-06,23.599999999999998,8.780501,14.819498634338377
2025-02-22,2025-03-07,12.0,9.218362,2.7816381454467773
2025-02-22,2025-03-08,21.1,7.2427077,13.857292270660402
2025-02-23,2025-02-24,4.7,11.01805,-6.318050193786621
2025-02-23,2025-02-25,6.0,10.253776,-4.253775596618652
2025-02-23,2025-02-26,5.9,9.0306635,-3.13066349029541
2025-02-23,2025-02-27,5.2,9.946686,-4.746685791015625
2025-02-23,2025-02-28,11.5,9.015908,2.4840917587280273
2025-02-23,2025-03-01,11.0,7.8355722,3.1644277572631836
2025-02-23,2025-03-02,21.0,9.2302475,11.769752502441406
2025-02-23,2025-03-03,26.5,10.410145,16.089855194091797
2025-02-23,2025-03-04,27.799999999999997,8.801668,18.99833183288574
2025-02-23,2025-03-05,39.9,8.277981,31.62201919555664
2025-02-23,2025-03-06,23.599999999999998,7.936641,15.663358783721922
2025-02-23,2025-03-07,12.0,9.054581,2.9454193115234375
2025-02-23,2025-03-08,21.1,9.814504,11.285496330261232
2025-02-23,2025-03-09,34.7,7.327221,27.372779083251956
2025-02-24,2025-02-25,6.0,9.687818,-3.6878175735473633
2025-02-24,2025-02-26,5.9,9.381134,-3.4811340332031246
2025-02-24,2025-02-27,5.2,8.174344,-2.9743440628051756
2025-02-24,2025-02-28,11.5,9.257354,2.2426462173461914
2025-02-24,2025-03-01,11.0,8.481175,2.518824577331543
2025-02-24,2025-03-02,21.0,7.4833827,13.51661729812622
2025-02-24,2025-03-03,26.5,8.911067,17.588932991027832
2025-02-24,2025-03-04,27.799999999999997,10.116246,17.68375377655029
2025-02-24,2025-03-05,39.9,8.946608,30.95339241027832
2025-02-24,2025-03-06,23.599999999999998,8.355061,15.24493942260742
2025-02-24,2025-03-07,12.0,7.8513613,4.148638725280762
2025-02-24,2025-03-08,21.1,8.847003,12.25299701690674
2025-02-24,2025-03-09,34.7,9.646458,25.053542327880862
2025-02-24,2025-03-10,59.800000000000004,7.4753,52.324700164794926
2025-02-25,2025-02-26,5.9,8.380942,-2.480942344665527
2025-02-25,2025-02-27,5.2,8.24451,-3.044509696960449
2025-02-25,2025-02-28,11.5,7.4430995,4.056900501251221
2025-02-25,2025-03-01,11.0,9.060434,1.939565658569336
2025-02-25,2025-03-02,21.0,7.683167,13.316833019256592
2025-02-25,2025-03-03,26.5,7.290588,19.209412097930908
2025-02-25,2025-03-04,27.799999999999997,8.991258,18.808742332458493
2025-02-25,2025-03-05,39.9,9.957354,29.942646408081053
2025-02-25,2025-03-06,23.599999999999998,8.638417,14.961582756042478
2025-02-25,2025-03-07,12.0,8.226708,3.77329158782959
2025-02-25,2025-03-08,21.1,7.84026,13.25973997116089
2025-02-25,2025-03-09,34.7,9.021402,25.678597640991214
2025-02-25,2025-03-10,59.800000000000004,9.536303,50.263697433471684
2025-02-25,2025-03-11,7.7,7.8305235,-0.13052349090576154
2025-02-26,2025-02-27,5.2,7.279568,-2.0795681953430174
2025-02-26,2025-02-28,11.5,6.8321776,4.667822360992432
2025-02-26,2025-03-01,11.0,6.805356,4.194643974304199
2025-02-26,2025-03-02,21.0,8.900841,12.099159240722656
2025-02-26,2025-03-03,26.5,7.1090536,19.39094638824463
2025-02-26,2025-03-04,27.799999999999997,6.9259887,20.87401132583618
2025-02-26,2025-03-05,39.9,8.7760515,31.12394847869873
2025-02-26,2025-03-06,23.599999999999998,9.969629,13.630370712280271
2025-02-26,2025-03-07,12.0,8.246919,3.7530813217163086
2025-02-26,2025-03-08,21.1,8.264067,12.83593330383301
2025-02-26,2025-03-09,34.7,7.9478564,26.75214357376099
2025-02-26,2025-03-10,59.800000000000004,9.41763,50.38236980438233
2025-02-26,2025-03-11,7.7,9.459667,-1.7596672058105467
2025-02-26,2025-03-12,6.2,8.222498,-2.0224979400634764
2025-02-27,2025-02-28,11.5,7.2123322,4.287667751312256
2025-02-27,2025-03-01,11.0,6.5408864,4.459113597869873
2025-02-27,2025-03-02,21.0,6.7360215,14.263978481292725
2025-02-27,2025-03-03,26.5,9.085381,17.41461944580078
2025-02-27,2025-03-04,27.799999999999997,7.55467,20.24533014297485
2025-02-27,2025-03-05,39.9,7.2605233,32.639476680755614
2025-02-27,2025-03-06,23.599999999999998,8.940178,14.65982208251953
2025-02-27,2025-03-07,12.0,9.646535,2.3534650802612305
2025-02-27,2025-03-08,21.1,8.134616,12.965384101867677
2025-02-27,2025-03-09,34.7,8.101025,26.598975372314456
2025-02-27,2025-03-10,59.800000000000004,8.41355,51.386449623107914
2025-02-27,2025-03-11,7.7,10.1244545,-2.4244544982910154
2025-02-27,2025-03-12,6.2,9.310877,-3.1108768463134764
2025-02-27,2025-03-13,5.299999999999999,8.4226055,-3.1226055145263683
2025-02-28,2025-03-01,11.0,7.793871,3.2061290740966797
2025-02-28,2025-03-02,21.0,7.443033,13.556966781616211
2025-02-28,2025-03-03,26.5,7.4822373,19.017762660980225
2025-02-28,2025-03-04,27.799999999999997,9.785609,18.014390754699704
2025-02-28,2025-03-05,39.9,8.125856,31.774143600463866
2025-02-28,2025-03-06,23.599999999999998,7.7706614,15.829338645935056
2025-02-28,2025-03-07,12.0,9.0705805,2.92941951751709
2025-02-28,2025-03-08,21.1,9.724194,11.375806427001955
2025-02-28,2025-03-09,34.7,8.330096,26.36990375518799
2025-02-28,2025-03-10,59.800000000000004,8.282871,51.517128753662114
2025-02-28,2025-03-11,7.7,8.714935,-1.0149353027343748
2025-02-28,2025-03-12,6.2,10.627229,-4.427228736877441
2025-02-28,2025-03-13,5.299999999999999,9.49042,-4.1904203414917
2025-02-28,2025-03-14,7.9,8.53024,-0.6302400588989254
2025-03-01,2025-03-02,21.0,10.25218,10.747819900512695
2025-03-01,2025-03-03,26.5,8.932207,17.567792892456055
2025-03-01,2025-03-04,27.799999999999997,9.22536,18.574640083312985
2025-03-01,2025-03-05,39.9,11.715382,28.184618377685545
2025-03-01,2025-03-06,23.599999999999998,9.5018,14.09820041656494
2025-03-01,2025-03-07,12.0,8.29681,3.7031898498535156
2025-03-01,2025-03-08,21.1,9.68627,11.413730239868165
2025-03-01,2025-03-09,34.7,9.501812,25.19818801879883
2025-03-01,2025-03-10,59.800000000000004,9.531147,50.268852996826176
2025-03-01,2025-03-11,7.7,8.695781,-0.9957807540893553
2025-03-01,2025-03-12,6.2,8.778262,-2.578262138366699
2025-03-01,2025-03-13,5.299999999999999,9.55314,-4.253139686584474
2025-03-01,2025-03-14,7.9,9.885817,-1.9858165740966793
2025-03-01,2025-03-15,6.0,8.148321,-2.1483211517333984
2025-03-02,2025-03-03,26.5,12.367349,14.132651329040527
2025-03-02,2025-03-04,27.799999999999997,10.721874,17.07812576293945
2025-03-02,2025-03-05,39.9,10.825797,29.074202919006346
2025-03-02,2025-03-06,23.599999999999998,13.116039,10.483960723876951
2025-03-02,2025-03-07,12.0,10.799817,1.2001829147338867
2025-03-02,2025-03-08,21.1,8.999437,12.100562667846681
2025-03-02,2025-03-09,34.7,10.058836,24.641164016723636
2025-03-02,2025-03-10,59.800000000000004,9.393006,50.40699367523194
2025-03-02,2025-03-11,7.7,10.559634,-2.859634208679199
2025-03-02,2025-03-12,6.2,9.076059,-2.876059341430664
2025-03-02,2025-03-13,5.299999999999999,9.035805,-3.7358047485351573
2025-03-02,2025-03-14,7.9,8.77592,-0.8759199142456051
2025-03-02,2025-03-15,6.0,10.339103,-4.339102745056152
2025-03-02,2025-03-16,4.6,7.914553,-3.3145531654357914
2025-03-03,2025-03-04,27.799999999999997,13.836469,13.963531303405759
2025-03-03,2025-03-05,39.9,12.444231,27.455768966674803
2025-03-03,2025-03-06,23.599999999999998,12.032447,11.567553138732908
2025-03-03,2025-03-07,12.0,13.904011,-1.9040107727050781
2025-03-03,2025-03-08,21.1,11.636315,9.463684654235841
2025-03-03,2025-03-09,34.7,9.538762,25.16123790740967
2025-03-03,2025-03-10,59.800000000000004,10.882553,48.91744689941407
2025-03-03,2025-03-11,7.7,8.946315,-1.2463148117065428
2025-03-03,2025-03-12,6.2,10.905254,-4.705254364013672
2025-03-03,2025-03-13,5.299999999999999,8.568197,-3.268197250366212
2025-03-03,2025-03-14,7.9,8.610767,-0.7107673645019528
2025-03-03,2025-03-15,6.0,7.819991,-1.819991111755371
2025-03-03,2025-03-16,4.6,10.005364,-5.4053644180297855
2025-03-03,2025-03-17,8.5,7.854493,0.6455068588256836
2025-03-04,2025-03-05,39.9,14.788265,25.111734771728514
2025-03-04,2025-03-06,23.599999999999998,14.002639,9.597361183166502
2025-03-04,2025-03-07,12.0,12.584676,-0.5846757888793945
2025-03-04,2025-03-08,21.1,14.392855,6.707145309448244
2025-03-04,2025-03-09,34.7,12.121711,22.578289222717288
2025-03-04,2025-03-10,59.800000000000004,9.944754,49.85524635314942
2025-03-04,2025-03-11,7.7,11.589775,-3.8897750854492186
2025-03-04,2025-03-12,6.2,8.477372,-2.2773721694946287
2025-03-04,2025-03-13,5.299999999999999,10.472754,-5.1727535247802745
2025-03-04,2025-03-14,7.9,7.690372,0.20962800979614293
2025-03-04,2025-03-15,6.0,8.337302,-2.3373022079467773
2025-03-04,2025-03-16,4.6,7.1258326,-2.525832557678223
2025-03-04,2025-03-17,8.5,9.58855,-1.0885496139526367
2025-03-04,2025-03-18,15.1,7.8536673,7.246332740783691
2025-03-05,2025-03-06,23.599999999999998,15.405669,8.19433078765869
2025-03-05,2025-03-07,12.0,14.899652,-2.899651527404785
2025-03-05,2025-03-08,21.1,12.952266,8.147734260559083
2025-03-05,2025-03-09,34.7,14.152406,20.547594261169436
2025-03-05,2025-03-10,59.800000000000004,12.487446,47.312554168701176
2025-03-05,2025-03-11,7.7,10.041117,-2.341116714477539
2025-03-05,2025-03-12,6.2,11.725895,-5.5258949279785154
2025-03-05,2025-03-13,5.299999999999999,7.918586,-2.618585777282716
2025-03-05,2025-03-14,7.9,9.885312,-1.9853120803833004
2025-03-05,2025-03-15,6.0,6.5412383,-0.5412383079528809
2025-03-05,2025-03-16,4.6,8.19487,-3.594869995117188
2025-03-05,2025-03-17,8.5,6.57562,1.924379825592041
2025-03-05,2025-03-18,15.1,8.9425125,6.157487487792968
2025-03-05,2025-03-19,22.899999999999995,7.77867,15.121330165863032
2025-03-06,2025-03-07,12.0,16.174093,-4.174093246459961
2025-03-06,2025-03-08,21.1,16.062748,5.037252044677736
2025-03-06,2025-03-09,34.7,13.089301,21.610698890686038
2025-03-06,2025-03-10,59.800000000000004,14.207393,45.592607307434086
2025-03-06,2025-03-11,7.7,12.93731,-5.237310218811035
2025-03-06,2025-03-12,6.2,10.265333,-4.0653331756591795
2025-03-06,2025-03-13,5.299999999999999,11.944189,-6.6441890716552745
2025-03-06,2025-03-14,7.9,7.5519314,0.3480686187744144
2025-03-06,2025-03-15,6.0,9.116988,-3.116988182067871
2025-03-06,2025-03-16,4.6,5.6147485,-1.0147484779357914
2025-03-06,2025-03-17,8.5,7.8959827,0.6040172576904297
2025-03-06,2025-03-18,15.1,6.193987,8.906013107299804
2025-03-06,2025-03-19,22.899999999999995,8.515454,14.384545707702632
2025-03-06,2025-03-20,18.5,7.4806676,11.01933240890503
2025-03-07,2025-03-08,21.1,15.794622,5.305377578735353
2025-03-07,2025-03-09,34.7,16.082361,18.617638778686526
2025-03-07,2025-03-10,59.800000000000004,12.537793,47.26220684051514
2025-03-07,2025-03-11,7.7,13.419227,-5.71922664642334
2025-03-07,2025-03-12,6.2,12.39925,-6.199250030517578
2025-03-07,2025-03-13,5.299999999999999,10.101837,-4.801837158203126
2025-03-07,2025-03-14,7.9,11.502247,-3.6022468566894528
2025-03-07,2025-03-15,6.0,7.6238914,-1.6238913536071777
2025-03-07,2025-03-16,4.6,8.288933,-3.688932800292969
2025-03-07,2025-03-17,8.5,5.186551,3.313448905944824
2025-03-07,2025-03-18,15.1,7.594984,7.50501594543457
2025-03-07,2025-03-19,22.899999999999995,6.2615457,16.638454341888423
2025-03-07,2025-03-20,18.5,7.504372,10.995627880096436
2025-03-07,2025-03-21,25.1,7.0016007,18.098399257659914
2025-03-08,2025-03-09,34.7,15.620779,19.079220962524417
2025-03-08,2025-03-10,59.800000000000004,15.438964,44.36103610992432
2025-03-08,2025-03-11,7.7,12.284294,-4.584294128417969
2025-03-08,2025-03-12,6.2,12.717055,-6.517055320739746
2025-03-08,2025-03-13,5.299999999999999,11.941118,-6.641118240356446
2025-03-08,2025-03-14,7.9,9.67386,-1.773859596252441
2025-03-08,2025-03-15,6.0,11.14982,-5.149820327758789
2025-03-08,2025-03-16,4.6,7.4888973,-2.888897323608399
2025-03-08,2025-03-17,8.5,8.449906,0.050093650817871094
2025-03-08,2025-03-18,15.1,5.1077003,9.992299652099609
2025-03-08,2025-03-19,22.899999999999995,7.392327,15.507673168182368
2025-03-08,2025-03-20,18.5,5.876218,12.62378215789795
2025-03-08,2025-03-21,25.1,7.290282,17.809718227386476
2025-03-08,2025-03-22,10.900000000000002,6.496934,4.403066062927248
2025-03-09,2025-03-10,59.800000000000004,15.710087,44.08991317749024
2025-03-09,2025-03-11,7.7,15.226622,-7.526621627807617
2025-03-09,2025-03-12,6.2,12.536513,-6.336513328552246
2025-03-09,2025-03-13,5.299999999999999,12.295531,-6.995531272888185
2025-03-09,2025-03-14,7.9,11.656868,-3.756867980957031
2025-03-09,2025-03-15,6.0,9.473982,-3.4739818572998047
2025-03-09,2025-03-16,4.6,10.794851,-6.194851303100586
2025-03-09,2025-03-17,8.5,7.673253,0.826746940612793
2025-03-09,2025-03-18,15.1,8.918025,6.181974983215332
2025-03-09,2025-03-19,22.899999999999995,5.41495,17.48505010604858
2025-03-09,2025-03-20,18.5,7.3599157,11.140084266662598
2025-03-09,2025-03-21,25.1,5.5364227,19.563577270507814
2025-03-09,2025-03-22,10.900000000000002,7.9015884,2.998411560058596
2025-03-09,2025-03-23,29.199999999999996,6.2710896,22.928910446166988
2025-03-10,2025-03-11,7.7,16.306192,-8.60619239807129
2025-03-10,2025-03-12,6.2,15.423535,-9.223535346984864
2025-03-10,2025-03-13,5.299999999999999,13.659767,-8.359767150878907
2025-03-10,2025-03-14,7.9,11.654674,-3.75467357635498
2025-03-10,2025-03-15,6.0,11.713719,-5.713719367980957
2025-03-10,2025-03-16,4.6,8.995358,-4.395358467102051
2025-03-10,2025-03-17,8.5,11.096684,-2.596684455871582
2025-03-10,2025-03-18,15.1,7.6646986,7.435301399230957
2025-03-10,2025-03-19,22.899999999999995,9.6853285,13.214671516418452
2025-03-10,2025-03-20,18.5,5.1508174,13.349182605743408
2025-03-10,2025-03-21,25.1,6.6654716,18.43452844619751
2025-03-10,2025-03-22,10.900000000000002,4.6127663,6.2872337341308615
2025-03-10,2025-03-23,29.199999999999996,7.848638,21.351361942291256
2025-03-10,2025-03-24,32.8,6.3383713,26.46162872314453
2025-03-11,2025-03-12,6.2,16.231468,-10.031468200683594
2025-03-11,2025-03-13,5.299999999999999,15.430544,-10.130543899536134
2025-03-11,2025-03-14,7.9,13.633275,-5.733275032043457
2025-03-11,2025-03-15,6.0,11.692128,-5.6921281814575195
2025-03-11,2025-03-16,4.6,11.383914,-6.78391399383545
2025-03-11,2025-03-17,8.5,8.79633,-0.29633045196533203
2025-03-11,2025-03-18,15.1,11.698861,3.401138877868652
2025-03-11,2025-03-19,22.899999999999995,7.836044,15.063956165313716
2025-03-11,2025-03-20,18.5,9.432987,9.067012786865234
2025-03-11,2025-03-21,25.1,5.188957,19.911042785644533
2025-03-11,2025-03-22,10.900000000000002,6.158357,4.7416428565979025
2025-03-11,2025-03-23,29.199999999999996,4.759168,24.440831851959224
2025-03-11,2025-03-24,32.8,7.7392187,25.06078128814697
2025-03-11,2025-03-25,25.299999999999997,6.376479,18.92352085113525
2025-03-12,2025-03-13,5.299999999999999,14.263167,-8.963167381286622
2025-03-12,2025-03-14,7.9,12.8023615,-4.902361488342285
2025-03-12,2025-03-15,6.0,12.762669,-6.762668609619141
2025-03-12,2025-03-16,4.6,10.949953,-6.349953079223633
2025-03-12,2025-03-17,8.5,9.392426,-0.892425537109375
2025-03-12,2025-03-18,15.1,8.115565,6.984434700012207
2025-03-12,2025-03-19,22.899999999999995,10.882047,12.01795330047607
2025-03-12,2025-03-20,18.5,8.065305,10.43469524383545
2025-03-12,2025-03-21,25.1,8.926319,16.17368087768555
2025-03-12,2025-03-22,10.900000000000002,5.495117,5.404882812500002
2025-03-12,2025-03-23,29.199999999999996,6.108871,23.091129016876216
2025-03-12,2025-03-24,32.8,5.865858,26.934141921997067
2025-03-12,2025-03-25,25.299999999999997,6.78917,18.5108302116394
2025-03-12,2025-03-26,14.2,6.207259,7.992740821838378
2025-03-13,2025-03-14,7.9,12.400598,-4.50059757232666
2025-03-13,2025-03-15,6.0,10.404457,-4.404457092285156
2025-03-13,2025-03-16,4.6,11.199953,-6.599953079223633
2025-03-13,2025-03-17,8.5,10.085007,-1.5850067138671875
2025-03-13,2025-03-18,15.1,8.211754,6.888246154785156
2025-03-13,2025-03-19,22.899999999999995,7.186358,15.713642024993892
2025-03-13,2025-03-20,18.5,10.224509,8.275490760803223
2025-03-13,2025-03-21,25.1,8.000723,17.099277114868165
2025-03-13,2025-03-22,10.900000000000002,8.397752,2.5022481918334982
2025-03-13,2025-03-23,29.199999999999996,5.702855,23.49714488983154
2025-03-13,2025-03-24,32.8,5.913582,26.886418151855466
2025-03-13,2025-03-25,25.299999999999997,6.1810827,19.118917274475095
2025-03-13,2025-03-26,14.2,7.0511107,7.148889255523681
2025-03-13,2025-03-27,13.6,6.370935,7.229065036773681
2025-03-14,2025-03-15,6.0,11.739711,-5.739710807800293
2025-03-14,2025-03-16,4.6,10.177452,-5.577452087402344
2025-03-14,2025-03-17,8.5,10.587046,-2.087045669555664
2025-03-14,2025-03-18,15.1,10.110565,4.989434814453125
2025-03-14,2025-03-19,22.899999999999995,8.129748,14.770251655578608
2025-03-14,2025-03-20,18.5,6.8257127,11.67428731918335
2025-03-14,2025-03-21,25.1,9.929358,15.170642471313478
2025-03-14,2025-03-22,10.900000000000002,8.101522,2.798477554321291
2025-03-14,2025-03-23,29.199999999999996,8.209009,20.99099082946777
2025-03-14,2025-03-24,32.8,6.1812496,26.618750381469724
2025-03-14,2025-03-25,25.299999999999997,5.627629,19.672371196746823
2025-03-14,2025-03-26,14.2,6.5687323,7.6312677383422844
2025-03-14,2025-03-27,13.6,8.0855665,5.514433479309082
2025-03-14,2025-03-28,4.6,6.745697,-2.1456970214843754
2025-03-15,2025-03-16,4.6,11.511035,-6.911034965515137
2025-03-15,2025-03-17,8.5,10.266382,-1.7663822174072266
2025-03-15,2025-03-18,15.1,10.409731,4.690269088745117
2025-03-15,2025-03-19,22.899999999999995,10.501715,12.398285293579097
2025-03-15,2025-03-20,18.5,8.359563,10.140437126159668
2025-03-15,2025-03-21,25.1,6.6739993,18.426000690460206
2025-03-15,2025-03-22,10.900000000000002,9.726769,1.173230552673342
2025-03-15,2025-03-23,29.199999999999996,8.140358,21.05964202880859
2025-03-15,2025-03-24,32.8,8.723557,24.076442527770993
2025-03-15,2025-03-25,25.299999999999997,7.0145946,18.285405445098874
2025-03-15,2025-03-26,14.2,5.5260367,8.673963260650634
2025-03-15,2025-03-27,13.6,6.9873767,6.612623310089111
2025-03-15,2025-03-28,4.6,8.905707,-4.305707359313965
2025-03-15,2025-03-29,5.4,6.971091,-1.5710907936096188
2025-03-16,2025-03-17,8.5,10.937652,-2.4376516342163086
2025-03-16,2025-03-18,15.1,10.272888,4.82711181640625
2025-03-16,2025-03-19,22.899999999999995,10.1494255,12.750574493408198
2025-03-16,2025-03-20,18.5,10.885614,7.614385604858398
2025-03-16,2025-03-21,25.1,8.256399,16.843600845336915
2025-03-16,2025-03-22,10.900000000000002,6.601729,4.298271083831789
2025-03-16,2025-03-23,29.199999999999996,9.214624,19.98537559509277
2025-03-16,2025-03-24,32.8,8.809026,23.990974235534665
2025-03-16,2025-03-25,25.299999999999997,9.092005,16.20799522399902
2025-03-16,2025-03-26,14.2,8.422182,5.7778179168701165
2025-03-16,2025-03-27,13.6,5.745566,7.8544341087341305
2025-03-16,2025-03-28,4.6,7.88645,-3.286449813842774
2025-03-16,2025-03-29,5.4,9.819387,-4.419387435913086
2025-03-16,2025-03-30,6.0,7.434002,-1.4340019226074219
2025-03-17,2025-03-18,15.1,9.980125,5.119874572753906
2025-03-17,2025-03-19,22.899999999999995,9.548161,13.35183944702148
2025-03-17,2025-03-20,18.5,9.924776,8.575223922729492
2025-03-17,2025-03-21,25.1,10.998118,14.101881599426271
2025-03-17,2025-03-22,10.900000000000002,7.5892286,3.310771369934084
2025-03-17,2025-03-23,29.199999999999996,6.3582497,22.841750335693355
2025-03-17,2025-03-24,32.8,9.041567,23.758433151245114
2025-03-17,2025-03-25,25.299999999999997,9.698003,15.601997184753415
2025-03-17,2025-03-26,14.2,9.156766,5.0432340621948235
2025-03-17,2025-03-27,13.6,9.3885145,4.211485481262207
2025-03-17,2025-03-28,4.6,5.486728,-0.8867281913757328
2025-03-17,2025-03-29,5.4,8.53404,-3.1340404510498043
2025-03-17,2025-03-30,6.0,9.636245,-3.636244773864746
2025-03-17,2025-03-31,6.3,8.025874,-1.7258741378784181
2025-03-18,2025-03-19,22.899999999999995,10.046295,12.85370483398437
2025-03-18,2025-03-20,18.5,9.196052,9.303948402404785
2025-03-18,2025-03-21,25.1,9.648118,15.451881980895998
2025-03-18,2025-03-22,10.900000000000002,11.080801,-0.1808010101318338
2025-03-18,2025-03-23,29.199999999999996,8.144054,21.0559455871582
2025-03-18,2025-03-24,32.8,6.5221844,26.277815628051755
2025-03-18,2025-03-25,25.299999999999997,9.620374,15.679626274108884
2025-03-18,2025-03-26,14.2,9.363168,4.836832237243652
2025-03-18,2025-03-27,13.6,9.203603,4.39639720916748
2025-03-18,2025-03-28,4.6,9.11869,-4.51868953704834
2025-03-18,2025-03-29,5.4,5.7719884,-0.37198839187622035
2025-03-18,2025-03-30,6.0,8.764177,-2.7641773223876953
2025-03-18,2025-03-31,6.3,9.292698,-2.992697906494141
2025-03-18,2025-04-01,9.7,8.273862,1.4261381149291985
2025-03-19,2025-03-20,18.5,10.4704075,8.029592514038086
2025-03-19,2025-03-21,25.1,9.098749,16.0012508392334
2025-03-19,2025-03-22,10.900000000000002,9.924853,0.9751466751098654
2025-03-19,2025-03-23,29.199999999999996,11.009675,18.190324974060054
2025-03-19,2025-03-24,32.8,9.094993,23.70500736236572
2025-03-19,2025-03-25,25.299999999999997,6.8443246,18.455675411224362
2025-03-19,2025-03-26,14.2,10.046265,4.153735351562499
2025-03-19,2025-03-27,13.6,8.514829,5.085171318054199
2025-03-19,2025-03-28,4.6,9.116078,-4.51607837677002
2025-03-19,2025-03-29,5.4,8.271612,-2.871612167358398
2025-03-19,2025-03-30,6.0,6.4003367,-0.40033674240112305
2025-03-19,2025-03-31,6.3,8.889185,-2.5891849517822267
2025-03-19,2025-04-01,9.7,8.729036,0.9709636688232415
2025-03-19,2025-04-02,11.0,8.459591,2.5404090881347656
2025-03-20,2025-03-21,25.1,11.224637,13.875362968444826
2025-03-20,2025-03-22,10.900000000000002,9.811558,1.0884422302246115
2025-03-20,2025-03-23,29.199999999999996,10.228339,18.97166080474853
2025-03-20,2025-03-24,32.8,11.050539,21.749460983276364
2025-03-20,2025-03-25,25.299999999999997,10.184333,15.115667152404782
2025-03-20,2025-03-26,14.2,7.501669,6.698331069946288
2025-03-20,2025-03-27,13.6,10.487267,3.112733459472656
2025-03-20,2025-03-28,4.6,7.7344723,-3.134472274780274
2025-03-20,2025-03-29,5.4,8.781832,-3.3818317413330075
2025-03-20,2025-03-30,6.0,7.379168,-1.3791680335998535
2025-03-20,2025-03-31,6.3,7.0443077,-0.7443077087402346
2025-03-20,2025-04-01,9.7,8.936787,0.7632133483886712
2025-03-20,2025-04-02,11.0,8.28716,2.7128400802612305
2025-03-20,2025-04-03,20.7,8.375568,12.324431610107421
2025-03-21,2025-03-22,10.900000000000002,11.933823,-1.0338226318359354
2025-03-21,2025-03-23,29.199999999999996,11.055652,18.14434833526611
2025-03-21,2025-03-24,32.8,10.441586,22.358414459228513
2025-03-21,2025-03-25,25.299999999999997,10.707703,14.592297363281247
2025-03-21,2025-03-26,14.2,10.812587,3.3874132156372063
2025-03-21,2025-03-27,13.6,7.958145,5.641854858398437
2025-03-21,2025-03-28,4.6,10.493672,-5.893672370910645
2025-03-21,2025-03-29,5.4,7.510247,-2.110247230529785
2025-03-21,2025-03-30,6.0,8.380067,-2.3800668716430664
2025-03-21,2025-03-31,6.3,6.7176027,-0.41760272979736346
2025-03-21,2025-04-01,9.7,7.4531417,2.246858310699462
2025-03-21,2025-04-02,11.0,8.675947,2.3240528106689453
2025-03-21,2025-04-03,20.7,8.090974,12.609026145935058
2025-03-21,2025-04-04,21.800000000000004,8.072865,13.727135467529301
2025-03-22,2025-03-23,29.199999999999996,12.310454,16.889545631408687
2025-03-22,2025-03-24,32.8,11.203218,21.59678153991699
2025-03-22,2025-03-25,25.299999999999997,10.437962,14.862038421630857
2025-03-22,2025-03-26,14.2,10.211693,3.9883071899414055
2025-03-22,2025-03-27,13.6,10.993129,2.6068712234497067
2025-03-22,2025-03-28,4.6,8.259633,-3.65963306427002
2025-03-22,2025-03-29,5.4,10.654106,-5.254106140136718
2025-03-22,2025-03-30,6.0,7.324451,-1.324450969696045
2025-03-22,2025-03-31,6.3,8.351227,-2.051226806640625
2025-03-22,2025-04-01,9.7,6.3307815,3.3692185401916497
2025-03-22,2025-04-02,11.0,7.8861647,3.113835334777832
2025-03-22,2025-04-03,20.7,8.269218,12.43078155517578
2025-03-22,2025-04-04,21.800000000000004,7.9995666,13.800433444976811
2025-03-22,2025-04-05,5.4,7.595011,-2.195011234283447
2025-03-23,2025-03-24,32.8,12.467316,20.332684326171872
2025-03-23,2025-03-25,25.299999999999997,11.018898,14.281101989746091
2025-03-23,2025-03-26,14.2,10.801776,3.3982240676879876
2025-03-23,2025-03-27,13.6,9.455402,4.1445976257324215
2025-03-23,2025-03-28,4.6,11.223324,-6.623323822021485
2025-03-23,2025-03-29,5.4,8.231544,-2.8315435409545895
2025-03-23,2025-03-30,6.0,10.300298,-4.300297737121582
2025-03-23,2025-03-31,6.3,7.5113983,-1.2113983154296877
2025-03-23,2025-04-01,9.7,8.773,0.9270002365112298
2025-03-23,2025-04-02,11.0,6.523338,4.4766621589660645
2025-03-23,2025-04-03,20.7,8.298565,12.401435089111327
2025-03-23,2025-04-04,21.800000000000004,8.112464,13.687536048889164
2025-03-23,2025-04-05,5.4,8.776957,-3.3769565582275387
2025-03-23,2025-04-06,4.9,7.4816113,-2.5816112518310543
2025-03-24,2025-03-25,25.299999999999997,13.114518,12.185481834411618
2025-03-24,2025-03-26,14.2,11.931571,2.268428993225097
2025-03-24,2025-03-27,13.6,11.698567,1.9014326095581051
2025-03-24,2025-03-28,4.6,9.391785,-4.79178466796875
2025-03-24,2025-03-29,5.4,11.748933,-6.348932838439941
2025-03-24,2025-03-30,6.0,8.164843,-2.1648426055908203
2025-03-24,2025-03-31,6.3,10.852533,-4.552533340454102
2025-03-24,2025-04-01,9.7,7.50039,2.199609947204589
2025-03-24,2025-04-02,11.0,9.317088,1.6829118728637695
2025-03-24,2025-04-03,20.7,6.5424385,14.157561492919921
2025-03-24,2025-04-04,21.800000000000004,7.883468,13.916531848907475
2025-03-24,2025-04-05,5.4,7.585126,-2.185125923156738
2025-03-24,2025-04-06,4.9,9.417184,-4.517183876037597
2025-03-24,2025-04-07,9.3,7.712695,1.587304878234864
2025-03-25,2025-03-26,14.2,13.470574,0.7294256210327141
2025-03-25,2025-03-27,13.6,12.676104,0.9238964080810543
2025-03-25,2025-03-28,4.6,12.233357,-7.633357429504395
2025-03-25,2025-03-29,5.4,9.64504,-4.245039558410644
2025-03-25,2025-03-30,6.0,11.879649,-5.8796491622924805
2025-03-25,2025-03-31,6.3,8.44252,-2.1425201416015627
2025-03-25,2025-04-01,9.7,11.546249,-1.8462493896484382
2025-03-25,2025-04-02,11.0,7.6407146,3.359285354614258
2025-03-25,2025-04-03,20.7,9.186743,11.513257217407226
2025-03-25,2025-04-04,21.800000000000004,6.4779687,15.322031307220463
2025-03-25,2025-04-05,5.4,7.8506045,-2.4506045341491696
2025-03-25,2025-04-06,4.9,7.6918097,-2.7918096542358395
2025-03-25,2025-04-07,9.3,9.72439,-0.42439002990722585
2025-03-25,2025-04-08,14.9,8.078176,6.821824455261231
2025-03-26,2025-03-27,13.6,13.145168,0.45483169555664027
2025-03-26,2025-03-28,4.6,12.407907,-7.807906532287598
2025-03-26,2025-03-29,5.4,12.02372,-6.623719787597656
2025-03-26,2025-03-30,6.0,9.874577,-3.8745765686035156
2025-03-26,2025-03-31,6.3,11.466736,-5.16673583984375
2025-03-26,2025-04-01,9.7,8.714992,0.9850084304809563
2025-03-26,2025-04-02,11.0,11.800107,-0.8001070022583008
2025-03-26,2025-04-03,20.7,7.7131686,12.986831378936767
2025-03-26,2025-04-04,21.800000000000004,8.658205,13.141794967651371
2025-03-26,2025-04-05,5.4,6.2928505,-0.8928504943847653
2025-03-26,2025-04-06,4.9,7.981511,-3.0815111160278317
2025-03-26,2025-04-07,9.3,8.209613,1.090387153625489
2025-03-26,2025-04-08,14.9,9.583538,5.3164619445800785
2025-03-26,2025-04-09,8.7,8.243218,0.45678157806396413
2025-03-27,2025-03-28,4.6,12.208122,-7.608122253417969
2025-03-27,2025-03-29,5.4,11.450701,-6.050700759887695
2025-03-27,2025-03-30,6.0,11.360602,-5.360602378845215
2025-03-27,2025-03-31,6.3,9.498473,-3.1984731674194338
2025-03-27,2025-04-01,9.7,10.869676,-1.1696756362915046
2025-03-27,2025-04-02,11.0,8.501913,2.498086929321289
2025-03-27,2025-04-03,20.7,11.293193,9.406807136535644
2025-03-27,2025-04-04,21.800000000000004,7.8273516,13.97264842987061
2025-03-27,2025-04-05,5.4,8.171043,-2.7710433959960934
2025-03-27,2025-04-06,4.9,6.346569,-1.4465690612792965
2025-03-27,2025-04-07,9.3,8.103572,1.1964281082153327
2025-03-27,2025-04-08,14.9,8.736099,6.163900756835938
2025-03-27,2025-04-09,8.7,9.182382,-0.48238162994384837
2025-03-27,2025-04-10,9.2,8.3861475,0.8138525009155266
2025-03-28,2025-03-29,5.4,11.031141,-5.631141281127929
2025-03-28,2025-03-30,6.0,11.287206,-5.287205696105957
2025-03-28,2025-03-31,6.3,10.29318,-3.9931804656982424
2025-03-28,2025-04-01,9.7,9.038946,0.6610538482666009
2025-03-28,2025-04-02,11.0,9.855011,1.144989013671875
2025-03-28,2025-04-03,20.7,8.155804,12.544196319580077
2025-03-28,2025-04-04,21.800000000000004,10.308763,11.491237449646
2025-03-28,2025-04-05,5.4,8.188397,-2.788397407531738
2025-03-28,2025-04-06,4.9,7.7527266,-2.852726554870605
2025-03-28,2025-04-07,9.3,6.7780957,2.5219042778015144
2025-03-28,2025-04-08,14.9,7.853217,7.0467828750610355
2025-03-28,2025-04-09,8.7,8.953389,-0.25338916778564524
2025-03-28,2025-04-10,9.2,8.949378,0.25062198638915945
2025-03-28,2025-04-11,15.2,8.207793,6.992206764221191
2025-03-29,2025-03-30,6.0,10.401368,-4.401368141174316
2025-03-29,2025-03-31,6.3,10.845669,-4.5456687927246096
2025-03-29,2025-04-01,9.7,9.783598,-0.0835979461669929
2025-03-29,2025-04-02,11.0,8.90774,2.0922603607177734
2025-03-29,2025-04-03,20.7,9.408185,11.291814994812011
2025-03-29,2025-04-04,21.800000000000004,7.8375325,13.962467479705815
2025-03-29,2025-04-05,5.4,9.711989,-4.311989402770996
2025-03-29,2025-04-06,4.9,8.10985,-3.20984992980957
2025-03-29,2025-04-07,9.3,8.274151,1.0258491516113288
2025-03-29,2025-04-08,14.9,7.3604574,7.539542579650879
2025-03-29,2025-04-09,8.7,7.753752,0.9462477684020989
2025-03-29,2025-04-10,9.2,8.977823,0.22217674255371023
2025-03-29,2025-04-11,15.2,8.899824,6.300175857543945
2025-03-29,2025-04-12,23.599999999999998,7.950218,15.649781799316404
2025-03-30,2025-03-31,6.3,9.255577,-2.955577087402344
2025-03-30,2025-04-01,9.7,10.495168,-0.7951677322387702
2025-03-30,2025-04-02,11.0,8.978663,2.021336555480957
2025-03-30,2025-04-03,20.7,8.67891,12.02108974456787
2025-03-30,2025-04-04,21.800000000000004,8.586036,13.213964271545414
2025-03-30,2025-04-05,5.4,7.630391,-2.230391120910644
2025-03-30,2025-04-06,4.9,8.957409,-4.0574089050292965
2025-03-30,2025-04-07,9.3,8.412409,0.8875911712646491
2025-03-30,2025-04-08,14.9,8.650816,6.249184036254883
2025-03-30,2025-04-09,8.7,8.318616,0.381384086608886
2025-03-30,2025-04-10,9.2,7.831837,1.368162822723388
2025-03-30,2025-04-11,15.2,9.230555,5.969445419311523
2025-03-30,2025-04-12,23.599999999999998,9.143917,14.456082916259763
2025-03-30,2025-04-13,10.599999999999998,7.896936,2.7030640602111795
2025-03-31,2025-04-01,9.7,8.687658,1.0123416900634759
2025-03-31,2025-04-02,11.0,9.83599,1.1640100479125977
2025-03-31,2025-04-03,20.7,8.66017,12.03983039855957
2025-03-31,2025-04-04,21.800000000000004,8.970795,12.82920532226563
2025-03-31,2025-04-05,5.4,8.166099,-2.766098594665527
2025-03-31,2025-04-06,4.9,7.144098,-2.244097805023193
2025-03-31,2025-04-07,9.3,9.370995,-0.07099456787109304
2025-03-31,2025-04-08,14.9,8.602435,6.297564888000489
2025-03-31,2025-04-09,8.7,8.809462,-0.1094615936279304
2025-03-31,2025-04-10,9.2,8.648761,0.5512392044067376
2025-03-31,2025-04-11,15.2,7.1276793,8.072320652008056
2025-03-31,2025-04-12,23.599999999999998,9.194579,14.405420875549314
2025-03-31,2025-04-13,10.599999999999998,9.319164,1.280835723876951
2025-03-31,2025-04-14,6.2,8.170528,-1.9705284118652342
2025-04-01,2025-04-02,11.0,8.946613,2.053386688232422
2025-04-01,2025-04-03,20.7,9.383493,11.316506576538085
2025-04-01,2025-04-04,21.800000000000004,8.2688,13.531200218200688
2025-04-01,2025-04-05,5.4,9.588391,-4.188391304016113
2025-04-01,2025-04-06,4.9,8.116053,-3.216052627563476
2025-04-01,2025-04-07,9.3,6.5779977,2.722002315521241
2025-04-01,2025-04-08,14.9,9.488703,5.411297225952149
2025-04-01,2025-04-09,8.7,8.513167,0.1868326187133782
2025-04-01,2025-04-10,9.2,8.944941,0.2550594329833977
2025-04-01,2025-04-11,15.2,8.772184,6.427815628051757
2025-04-01,2025-04-12,23.599999999999998,6.5717597,17.02824029922485
2025-04-01,2025-04-13,10.599999999999998,8.336773,2.263227081298826
2025-04-01,2025-04-14,6.2,9.055235,-2.855234909057617
2025-04-01,2025-04-15,10.4,7.9916053,2.4083947181701664
2025-04-02,2025-04-03,20.7,9.366799,11.333200645446777
2025-04-02,2025-04-04,21.800000000000004,9.089187,12.710813331604008
2025-04-02,2025-04-05,5.4,8.113784,-2.7137838363647457
2025-04-02,2025-04-06,4.9,10.046592,-5.146591758728027
2025-04-02,2025-04-07,9.3,8.432822,0.8671777725219734
2025-04-02,2025-04-08,14.9,6.2048626,8.695137405395508
2025-04-02,2025-04-09,8.7,9.497789,-0.797789382934571
2025-04-02,2025-04-10,9.2,8.002001,1.197999191284179
2025-04-02,2025-04-11,15.2,8.889948,6.310052108764648
2025-04-02,2025-04-12,23.599999999999998,8.578191,15.021809196472166
2025-04-02,2025-04-13,10.599999999999998,6.392398,4.207602119445799
2025-04-02,2025-04-14,6.2,7.6797843,-1.479784297943115
2025-04-02,2025-04-15,10.4,8.378306,2.02169361114502
2025-04-02,2025-04-16,4.4,7.6810603,-3.2810603141784664
2025-04-03,2025-04-04,21.800000000000004,9.97613,11.823870468139653
2025-04-03,2025-04-05,5.4,9.181695,-3.781694984436035
2025-04-03,2025-04-06,4.9,8.508338,-3.6083379745483395
2025-04-03,2025-04-07,9.3,10.141977,-0.8419773101806634
2025-04-03,2025-04-08,14.9,8.797167,6.10283317565918
2025-04-03,2025-04-09,8.7,6.0911136,2.6088864326477044
2025-04-03,2025-04-10,9.2,9.363035,-0.1630352020263679
2025-04-03,2025-04-11,15.2,7.3880577,7.811942291259765
2025-04-03,2025-04-12,23.599999999999998,8.827676,14.772324180603025
2025-04-03,2025-04-13,10.599999999999998,8.140459,2.4595409393310526
2025-04-03,2025-04-14,6.2,6.3759193,-0.17591934204101545
2025-04-03,2025-04-15,10.4,7.1908736,3.2091263771057132
2025-04-03,2025-04-16,4.4,7.447126,-3.047125911712646
2025-04-03,2025-04-17,6.500000000000001,7.240839,-0.7408390045166007
2025-04-04,2025-04-05,5.4,11.441346,-6.041346168518066
2025-04-04,2025-04-06,4.9,11.055428,-6.155427551269531
2025-04-04,2025-04-07,9.3,9.47011,-0.1701099395751946
2025-04-04,2025-04-08,14.9,10.881206,4.018794441223145
2025-04-04,2025-04-09,8.7,9.558057,-0.858056831359864
2025-04-04,2025-04-10,9.2,6.4938536,2.7061464309692376
2025-04-04,2025-04-11,15.2,9.591586,5.608413887023925
2025-04-04,2025-04-12,23.599999999999998,7.068573,16.531427001953123
2025-04-04,2025-04-13,10.599999999999998,8.711892,1.8881078720092752
2025-04-04,2025-04-14,6.2,7.7411437,-1.5411437034606932
2025-04-04,2025-04-15,10.4,6.247739,4.1522611618042
2025-04-04,2025-04-16,4.4,6.625064,-2.225063896179199
2025-04-04,2025-04-17,6.500000000000001,7.3245716,-0.8245716094970694
2025-04-04,2025-04-18,8.7,6.653776,2.046223831176757
2025-04-05,2025-04-06,4.9,12.459093,-7.55909309387207
2025-04-05,2025-04-07,9.3,12.207755,-2.9077550888061516
2025-04-05,2025-04-08,14.9,9.963853,4.9361471176147464
2025-04-05,2025-04-09,8.7,11.253588,-2.553587722778321
2025-04-05,2025-04-10,9.2,9.961796,-0.7617958068847663
2025-04-05,2025-04-11,15.2,6.769233,8.430766773223876
2025-04-05,2025-04-12,23.599999999999998,9.736445,13.86355457305908
2025-04-05,2025-04-13,10.599999999999998,6.6446705,3.9553295135498026
2025-04-05,2025-04-14,6.2,8.943447,-2.743447113037109
2025-04-05,2025-04-15,10.4,7.406593,2.9934071540832523
2025-04-05,2025-04-16,4.4,6.076737,-1.6767369270324703
2025-04-05,2025-04-17,6.500000000000001,6.0939775,0.406022548675538
2025-04-05,2025-04-18,8.7,7.2257314,1.4742686271667473
2025-04-05,2025-04-19,8.1,5.911558,2.1884418487548825
2025-04-06,2025-04-07,9.3,12.225595,-2.9255954742431634
2025-04-06,2025-04-08,14.9,12.226173,2.673826599121094
2025-04-06,2025-04-09,8.7,9.744897,-1.0448968887329109
2025-04-06,2025-04-10,9.2,11.149752,-1.9497516632080085
2025-04-06,2025-04-11,15.2,9.652343,5.547657203674316
2025-04-06,2025-04-12,23.599999999999998,6.83605,16.763949966430662
2025-04-06,2025-04-13,10.599999999999998,9.388123,1.2118774414062479
2025-04-06,2025-04-14,6.2,6.6514616,-0.45146160125732404
2025-04-06,2025-04-15,10.4,9.050747,1.349253082275391
2025-04-06,2025-04-16,4.4,7.4724517,-3.0724516868591305
2025-04-06,2025-04-17,6.500000000000001,6.188031,0.3119688034057626
2025-04-06,2025-04-18,8.7,6.1475525,2.5524475097656243
2025-04-06,2025-04-19,8.1,7.4900074,0.6099925994873043
2025-04-06,2025-04-20,5.6,5.5733666,0.02663335800170863
2025-04-07,2025-04-08,14.9,11.531079,3.368920707702637
2025-04-07,2025-04-09,8.7,11.749107,-3.0491073608398445
2025-04-07,2025-04-10,9.2,9.267465,-0.06746463775634837
2025-04-07,2025-04-11,15.2,10.875728,4.324272346496581
2025-04-07,2025-04-12,23.599999999999998,9.019593,14.580406761169431
2025-04-07,2025-04-13,10.599999999999998,6.470655,4.129345035552976
2025-04-07,2025-04-14,6.2,9.685732,-3.4857318878173826
2025-04-07,2025-04-15,10.4,6.3881783,4.011821651458741
2025-04-07,2025-04-16,4.4,8.760421,-4.360420799255371
2025-04-07,2025-04-17,6.500000000000001,7.0029397,-0.5029397010803214
2025-04-07,2025-04-18,8.7,5.5243344,3.175665569305419
2025-04-07,2025-04-19,8.1,5.666739,2.4332610130310055
2025-04-07,2025-04-20,5.6,7.305435,-1.7054351806640629
2025-04-07,2025-04-21,10.8,5.527089,5.272910881042481
2025-04-08,2025-04-09,8.7,10.808677,-2.108676719665528
2025-04-08,2025-04-10,9.2,10.931377,-1.7313774108886726
2025-04-08,2025-04-11,15.2,8.801065,6.39893455505371
2025-04-08,2025-04-12,23.599999999999998,10.524659,13.075340843200681
2025-04-08,2025-04-13,10.599999999999998,8.48197,2.1180301666259744
2025-04-08,2025-04-14,6.2,5.9960957,0.20390434265136737
2025-04-08,2025-04-15,10.4,9.843223,0.556777381896973
2025-04-08,2025-04-16,4.4,6.1766706,-1.7766705513000485
2025-04-08,2025-04-17,6.500000000000001,8.238246,-1.738245964050292
2025-04-08,2025-04-18,8.7,6.3824553,2.3175446510314934
2025-04-08,2025-04-19,8.1,5.076733,3.0232668876647946
2025-04-08,2025-04-20,5.6,5.376554,0.22344598770141566
2025-04-08,2025-04-21,10.8,7.0236125,3.77638750076294
2025-04-08,2025-04-22,5.8,5.71793,0.0820701599121092
2025-04-09,2025-04-10,9.2,10.172639,-0.9726388931274421
2025-04-09,2025-04-11,15.2,9.93399,5.266010475158691
2025-04-09,2025-04-12,23.599999999999998,8.2185335,15.381466484069822
2025-04-09,2025-04-13,10.599999999999998,10.16679,0.433209991455076
2025-04-09,2025-04-14,6.2,8.333856,-2.133855628967285
2025-04-09,2025-04-15,10.4,5.723074,4.676926040649414
2025-04-09,2025-04-16,4.4,9.800596,-5.400596237182617
2025-04-09,2025-04-17,6.500000000000001,6.2285824,0.27141761779785245
2025-04-09,2025-04-18,8.7,7.601405,1.0985948562622063
2025-04-09,2025-04-19,8.1,5.9706593,2.1293407440185543
2025-04-09,2025-04-20,5.6,5.072715,0.5272851943969723
2025-04-09,2025-04-21,10.8,5.6704745,5.129525470733643
2025-04-09,2025-04-22,5.8,6.8964753,-1.0964753150939943
2025-04-09,2025-04-23,3.9000000000000004,6.0539174,-2.1539174079895016
2025-04-10,2025-04-11,15.2,9.926064,5.273936462402343
2025-04-10,2025-04-12,23.599999999999998,9.4424305,14.157569503784178
2025-04-10,2025-04-13,10.599999999999998,7.9697423,2.630257701873777
2025-04-10,2025-04-14,6.2,10.183264,-3.9832637786865233
2025-04-10,2025-04-15,10.4,8.223601,2.1763986587524418
2025-04-10,2025-04-16,4.4,5.7080774,-1.3080774307250973
2025-04-10,2025-04-17,6.500000000000001,9.520222,-3.0202217102050772
2025-04-10,2025-04-18,8.7,6.6281333,2.0718667030334466
2025-04-10,2025-04-19,8.1,7.0651474,1.034852600097656
2025-04-10,2025-04-20,5.6,5.9584117,-0.3584116935729984
2025-04-10,2025-04-21,10.8,5.2685595,5.531440544128419
2025-04-10,2025-04-22,5.8,6.1865764,-0.3865763664245607
2025-04-10,2025-04-23,3.9000000000000004,6.8762136,-2.9762135505676266
2025-04-10,2025-04-24,8.0,6.263113,1.736886978149414
2025-04-11,2025-04-12,23.599999999999998,10.275737,13.324263191223142
2025-04-11,2025-04-13,10.599999999999998,10.470393,0.1296068191528299
2025-04-11,2025-04-14,6.2,8.195059,-1.9950588226318358
2025-04-11,2025-04-15,10.4,10.6313,-0.23129997253417933
2025-04-11,2025-04-16,4.4,8.115658,-3.715657806396484
2025-04-11,2025-04-17,6.500000000000001,5.994527,0.5054731369018564
2025-04-11,2025-04-18,8.7,9.062519,-0.36251907348632884
2025-04-11,2025-04-19,8.1,7.2257524,0.8742476463317868
2025-04-11,2025-04-20,5.6,6.6785808,-1.078580760955811
2025-04-11,2025-04-21,10.8,5.975584,4.8244159698486335
2025-04-11,2025-04-22,5.8,5.2441525,0.5558474540710447
2025-04-11,2025-04-23,3.9000000000000004,6.2493887,-2.3493886947631832
2025-04-11,2025-04-24,8.0,7.2102337,0.7897663116455078
2025-04-11,2025-04-25,9.6,6.236338,3.3636618614196774
2025-04-12,2025-04-13,10.599999999999998,11.278853,-0.6788534164428732
2025-04-12,2025-04-14,6.2,11.384418,-5.1844175338745115
2025-04-12,2025-04-15,10.4,8.846822,1.5531782150268558
2025-04-12,2025-04-16,4.4,10.70059,-6.300590133666992
2025-04-12,2025-04-17,6.500000000000001,8.838545,-2.338544845581054
2025-04-12,2025-04-18,8.7,6.2950816,2.4049183845520012
2025-04-12,2025-04-19,8.1,8.752052,-0.6520523071289066
2025-04-12,2025-04-20,5.6,6.9025435,-1.3025435447692875
2025-04-12,2025-04-21,10.8,7.196591,3.603409099578858
2025-04-12,2025-04-22,5.8,5.7136164,0.08638362884521467
2025-04-12,2025-04-23,3.9000000000000004,5.3754826,-1.4754825592041012
2025-04-12,2025-04-24,8.0,5.5097947,2.4902052879333496
2025-04-12,2025-04-25,9.6,7.2032733,2.3967267036437985
2025-04-12,2025-04-26,16.7,5.730665,10.96933479309082
2025-04-13,2025-04-14,6.2,11.470884,-5.270884323120117
2025-04-13,2025-04-15,10.4,11.660832,-1.2608324050903317
2025-04-13,2025-04-16,4.4,8.568263,-4.168263053894043
2025-04-13,2025-04-17,6.500000000000001,10.20185,-3.701849937438964
2025-04-13,2025-04-18,8.7,9.060076,-0.360075759887696
2025-04-13,2025-04-19,8.1,6.915949,1.184051132202148
2025-04-13,2025-04-20,5.6,8.676271,-3.076271438598633
2025-04-13,2025-04-21,10.8,6.919103,3.8808968544006355
2025-04-13,2025-04-22,5.8,7.246201,-1.4462010383605959
2025-04-13,2025-04-23,3.9000000000000004,5.709599,-1.8095990180969235
2025-04-13,2025-04-24,8.0,6.17214,1.827859878540039
2025-04-13,2025-04-25,9.6,5.418312,4.181687927246093
2025-04-13,2025-04-26,16.7,6.9776583,9.722341728210449
2025-04-13,2025-04-27,17.1,5.319596,11.78040418624878
2025-04-14,2025-04-15,10.4,10.910287,-0.5102869033813473
2025-04-14,2025-04-16,4.4,11.055078,-6.65507755279541
2025-04-14,2025-04-17,6.500000000000001,8.220285,-1.7202854156494132
2025-04-14,2025-04-18,8.7,9.533606,-0.8336055755615241
2025-04-14,2025-04-19,8.1,8.670041,-0.5700410842895511
2025-04-14,2025-04-20,5.6,6.749241,-1.149240875244141
2025-04-14,2025-04-21,10.8,8.851397,1.9486034393310554
2025-04-14,2025-04-22,5.8,6.7112656,-0.9112655639648439
2025-04-14,2025-04-23,3.9000000000000004,7.047197,-3.1471968650817868
2025-04-14,2025-04-24,8.0,5.335857,2.6641430854797363
2025-04-14,2025-04-25,9.6,5.9821773,3.617822742462158
2025-04-14,2025-04-26,16.7,5.0377574,11.662242603302001
2025-04-14,2025-04-27,17.1,6.6035833,10.496416664123537
2025-04-14,2025-04-28,12.200000000000001,5.30512,6.894880008697511
2025-04-15,2025-04-16,4.4,9.244383,-4.844382858276367
2025-04-15,2025-04-17,6.500000000000001,9.147041,-2.6470413208007804
2025-04-15,2025-04-18,8.7,7.0779896,1.622010421752929
2025-04-15,2025-04-19,8.1,8.188584,-0.08858432769775426
2025-04-15,2025-04-20,5.6,7.599256,-1.9992560386657718
2025-04-15,2025-04-21,10.8,5.92383,4.876169967651368
2025-04-15,2025-04-22,5.8,8.459158,-2.659157943725586
2025-04-15,2025-04-23,3.9000000000000004,6.4059763,-2.505976295471191
2025-04-15,2025-04-24,8.0,6.384407,1.6155929565429688
2025-04-15,2025-04-25,9.6,4.6621456,4.937854385375976
2025-04-15,2025-04-26,16.7,5.8021607,10.897839260101318
2025-04-15,2025-04-27,17.1,4.482354,12.617645835876466
2025-04-15,2025-04-28,12.200000000000001,6.2648454,5.935154628753663
2025-04-15,2025-04-29,13.7,5.47128,8.228719902038574
2025-04-16,2025-04-17,6.500000000000001,8.24966,-1.749659538269042
2025-04-16,2025-04-18,8.7,8.006856,0.6931440353393548
2025-04-16,2025-04-19,8.1,6.4628305,1.6371694564819332
2025-04-16,2025-04-20,5.6,7.6945863,-2.094586277008057
2025-04-16,2025-04-21,10.8,7.057046,3.742954063415528
2025-04-16,2025-04-22,5.8,5.5976763,0.2023237228393553
2025-04-16,2025-04-23,3.9000000000000004,8.368001,-4.468000984191894
2025-04-16,2025-04-24,8.0,6.265406,1.7345938682556152
2025-04-16,2025-04-25,9.6,5.9251695,3.6748305320739743
2025-04-16,2025-04-26,16.7,4.440742,12.259257984161376
2025-04-16,2025-04-27,17.1,5.888213,11.211786842346193
2025-04-16,2025-04-28,12.200000000000001,4.9826922,7.2173077583313
2025-04-16,2025-04-29,13.7,6.0628533,7.637146663665771
2025-04-16,2025-04-30,15.4,5.682147,9.717852973937989
2025-04-17,2025-04-18,8.7,7.8950467,0.8049532890319817
2025-04-17,2025-04-19,8.1,7.2507358,0.8492642402648922
2025-04-17,2025-04-20,5.6,6.4033885,-0.8033885002136234
2025-04-17,2025-04-21,10.8,7.882947,2.9170530319213874
2025-04-17,2025-04-22,5.8,6.7103477,-0.9103476524353029
2025-04-17,2025-04-23,3.9000000000000004,5.410042,-1.510041809082031
2025-04-17,2025-04-24,8.0,8.333119,-0.33311939239501953
2025-04-17,2025-04-25,9.6,6.190916,3.4090839385986325
2025-04-17,2025-04-26,16.7,5.631104,11.068896007537841
2025-04-17,2025-04-27,17.1,4.2299895,12.870010471343996
2025-04-17,2025-04-28,12.200000000000001,5.7236223,6.4763776779174815
2025-04-17,2025-04-29,13.7,5.6009984,8.099001598358154
2025-04-17,2025-04-30,15.4,6.41533,8.984670066833496
2025-04-17,2025-05-01,14.5,5.8588667,8.641133308410645
2025-04-18,2025-04-19,8.1,7.7199655,0.3800345420837399
2025-04-18,2025-04-20,5.6,7.672649,-2.072648906707764
2025-04-18,2025-04-21,10.8,6.6212077,4.17879228591919
2025-04-18,2025-04-22,5.8,8.058071,-2.2580711364746096
2025-04-18,2025-04-23,3.9000000000000004,6.602306,-2.7023058891296383
2025-04-18,2025-04-24,8.0,5.248971,2.7510290145874023
2025-04-18,2025-04-25,9.6,7.8291974,1.7708025932312008
2025-04-18,2025-04-26,16.7,6.665136,10.034864139556884
2025-04-18,2025-04-27,17.1,5.5352616,11.564738368988039
2025-04-18,2025-04-28,12.200000000000001,4.8559327,7.344067287445069
2025-04-18,2025-04-29,13.7,5.6170607,8.082939338684081
2025-04-18,2025-04-30,15.4,6.1264186,9.273581409454346
2025-04-18,2025-05-01,14.5,6.7463083,7.753691673278809
2025-04-18,2025-05-02,12.3,5.988132,6.311868000030518
2025-04-19,2025-04-20,5.6,7.5048075,-1.9048074722290043
2025-04-19,2025-04-21,10.8,7.8437676,2.956232357025147
2025-04-19,2025-04-22,5.8,6.6735573,-0.8735572814941408
2025-04-19,2025-04-23,3.9000000000000004,7.7626214,-3.862621402740478
2025-04-19,2025-04-24,8.0,6.4586654,1.541334629058838
2025-04-19,2025-04-25,9.6,4.960824,4.639175987243652
2025-04-19,2025-04-26,16.7,7.1469383,9.55306167602539
2025-04-19,2025-04-27,17.1,6.9611435,10.138856506347658
2025-04-19,2025-04-28,12.200000000000001,6.063932,6.136068058013917
2025-04-19,2025-04-29,13.7,5.7086515,7.991348457336425
2025-04-19,2025-04-30,15.4,5.63436,9.765640163421631
2025-04-19,2025-05-01,14.5,6.265024,8.234975814819336
2025-04-19,2025-05-02,12.3,6.9291167,5.37088327407837
2025-04-19,2025-05-03,7.0,5.742241,1.2577590942382812
2025-04-20,2025-04-21,10.8,7.543379,3.256621170043946
2025-04-20,2025-04-22,5.8,7.5925517,-1.7925517082214357
2025-04-20,2025-04-23,3.9000000000000004,6.7026863,-2.8026863098144528
2025-04-20,2025-04-24,8.0,7.59403,0.40597009658813477
2025-04-20,2025-04-25,9.6,6.525599,3.074400997161865
2025-04-20,2025-04-26,16.7,4.90482,11.79518003463745
2025-04-20,2025-04-27,17.1,7.0172544,10.082745647430421
2025-04-20,2025-04-28,12.200000000000001,7.4458942,4.754105758666993
2025-04-20,2025-04-29,13.7,6.5112877,7.188712310791015
2025-04-20,2025-04-30,15.4,6.586863,8.813136959075928
2025-04-20,2025-05-01,14.5,6.097462,8.402537822723389
2025-04-20,2025-05-02,12.3,6.754154,5.545845794677735
2025-04-20,2025-05-03,7.0,7.63113,-0.6311302185058594
2025-04-20,2025-05-04,2.9,5.7741666,-2.8741665840148927
2025-04-21,2025-04-22,5.8,7.4203844,-1.6203844070434572
2025-04-21,2025-04-23,3.9000000000000004,7.099575,-3.199575042724609
2025-04-21,2025-04-24,8.0,6.7172356,1.2827644348144531
2025-04-21,2025-04-25,9.6,7.1987014,2.40129861831665
2025-04-21,2025-04-26,16.7,6.720683,9.979316902160644
2025-04-21,2025-04-27,17.1,5.0274,12.072599983215333
2025-04-21,2025-04-28,12.200000000000001,7.620271,4.5797287940979015
2025-04-21,2025-04-29,13.7,7.242097,6.457903099060058
2025-04-21,2025-04-30,15.4,6.733993,8.666006946563721
2025-04-21,2025-05-01,14.5,6.445453,8.05454683303833
2025-04-21,2025-05-02,12.3,6.289674,6.010326194763184
2025-04-21,2025-05-03,7.0,6.601807,0.3981928825378418
2025-04-21,2025-05-04,2.9,7.4233575,-4.523357486724853
2025-04-21,2025-05-05,3.0,5.9809794,-2.9809794425964355
2025-04-22,2025-04-23,3.9000000000000004,7.3226895,-3.4226895332336422
2025-04-22,2025-04-24,8.0,6.8918734,1.1081266403198242
2025-04-22,2025-04-25,9.6,6.853349,2.7466507911682125
2025-04-22,2025-04-26,16.7,7.4995937,9.200406265258788
2025-04-22,2025-04-27,17.1,6.81982,10.280180072784425
2025-04-22,2025-04-28,12.200000000000001,5.21063,6.989370059967042
2025-04-22,2025-04-29,13.7,8.25604,5.4439603805541985
2025-04-22,2025-04-30,15.4,7.107362,8.292638206481934
2025-04-22,2025-05-01,14.5,6.608884,7.891116142272949
2025-04-22,2025-05-02,12.3,6.1524453,6.1475546836853034
2025-04-22,2025-05-03,7.0,6.382285,0.6177148818969727
2025-04-22,2025-05-04,2.9,6.7244506,-3.8244505882263184
2025-04-22,2025-05-05,3.0,7.544313,-4.544312953948975
2025-04-22,2025-05-06,4.0,6.367522,-2.3675217628479004
2025-04-23,2025-04-24,8.0,6.4648294,1.535170555114746
2025-04-23,2025-04-25,9.6,5.716763,3.883236980438232
2025-04-23,2025-04-26,16.7,6.33958,10.360419940948486
2025-04-23,2025-04-27,17.1,7.1531053,9.946894741058351
2025-04-23,2025-04-28,12.200000000000001,6.7927127,5.407287311553956
2025-04-23,2025-04-29,13.7,4.841474,8.858525943756103
2025-04-23,2025-04-30,15.4,7.9581037,7.4418963432312015
2025-04-23,2025-05-01,14.5,6.8547215,7.645278453826904
2025-04-23,2025-05-02,12.3,6.338207,5.961793231964112
2025-04-23,2025-05-03,7.0,5.893655,1.1063451766967773
2025-04-23,2025-05-04,2.9,6.652097,-3.752097225189209
2025-04-23,2025-05-05,3.0,6.9128904,-3.9128904342651367
2025-04-23,2025-05-06,4.0,7.5851383,-3.5851383209228516
2025-04-23,2025-05-07,5.0,6.6231527,-1.623152732849121
2025-04-24,2025-04-25,9.6,6.297255,3.3027449607849118
2025-04-24,2025-04-26,16.7,5.167199,11.53280086517334
2025-04-24,2025-04-27,17.1,6.3422866,10.757713413238527
2025-04-24,2025-04-28,12.200000000000001,7.0593057,5.140694332122804
2025-04-24,2025-04-29,13.7,7.1267676,6.57323236465454
2025-04-24,2025-04-30,15.4,4.7687316,10.631268405914307
2025-04-24,2025-05-01,14.5,7.8392286,6.660771369934082
2025-04-24,2025-05-02,12.3,6.630252,5.6697481155395515
2025-04-24,2025-05-03,7.0,6.2179203,0.7820796966552734
2025-04-24,2025-05-04,2.9,5.787347,-2.8873468399047852
2025-04-24,2025-05-05,3.0,6.785554,-3.7855539321899414
2025-04-24,2025-05-06,4.0,7.4005437,-3.400543689727783
2025-04-24,2025-05-07,5.0,7.7793736,-2.7793736457824707
2025-04-24,2025-05-08,4.4,6.8781056,-2.4781056404113766
2025-04-25,2025-04-26,16.7,6.6793456,10.020654392242431
2025-04-25,2025-04-27,17.1,5.875703,11.22429714202881
2025-04-25,2025-04-28,12.200000000000001,6.963757,5.236242961883546
2025-04-25,2025-04-29,13.7,7.3612027,6.338797283172607
2025-04-25,2025-04-30,15.4,7.5236278,7.876372241973877
2025-04-25,2025-05-01,14.5,4.914611,9.585389137268066
2025-04-25,2025-05-02,12.3,7.703736,4.5962641716003425
2025-04-25,2025-05-03,7.0,7.014401,-0.014400959014892578
2025-04-25,2025-05-04,2.9,6.244511,-3.344511127471924
2025-04-25,2025-05-05,3.0,6.234149,-3.2341489791870117
2025-04-25,2025-05-06,4.0,6.8146462,-2.8146462440490723
2025-04-25,2025-05-07,5.0,7.9866176,-2.9866175651550293
2025-04-25,2025-05-08,4.4,8.11943,-3.7194295883178707
2025-04-25,2025-05-09,8.3,7.10877,1.1912301063537605
2025-04-26,2025-04-27,17.1,7.4577746,9.642225360870363
2025-04-26,2025-04-28,12.200000000000001,6.734378,5.465622138977052
2025-04-26,2025-04-29,13.7,7.7957883,5.904211711883544
2025-04-26,2025-04-30,15.4,7.5128756,7.8871244430542
2025-04-26,2025-05-01,14.5,8.188775,6.311224937438965
2025-04-26,2025-05-02,12.3,5.2897234,7.010276603698731
2025-04-26,2025-05-03,7.0,7.602082,-0.6020817756652832
2025-04-26,2025-05-04,2.9,6.99855,-4.098549938201904
2025-04-26,2025-05-05,3.0,6.9839535,-3.9839534759521484
2025-04-26,2025-05-06,4.0,6.6439223,-2.6439223289489746
2025-04-26,2025-05-07,5.0,7.1102877,-2.110287666320801
2025-04-26,2025-05-08,4.4,7.967628,-3.5676280021667477
2025-04-26,2025-05-09,8.3,8.22201,0.07799034118652415
2025-04-26,2025-05-10,8.3,6.9497137,1.3502862930297859
2025-04-27,2025-04-28,12.200000000000001,8.275785,3.924214553833009
2025-04-27,2025-04-29,13.7,7.699329,6.000671100616454
2025-04-27,2025-04-30,15.4,8.415461,6.984539413452149
2025-04-27,2025-05-01,14.5,7.720548,6.779451847076416
2025-04-27,2025-05-02,12.3,8.832502,3.467497634887696
2025-04-27,2025-05-03,7.0,6.0505567,0.9494433403015137
2025-04-27,2025-05-04,2.9,7.761035,-4.861034965515136
2025-04-27,2025-05-05,3.0,7.222713,-4.222712993621826
2025-04-27,2025-05-06,4.0,7.480604,-3.4806041717529297
2025-04-27,2025-05-07,5.0,7.007236,-2.0072360038757324
2025-04-27,2025-05-08,4.4,7.7140794,-3.3140793800354
2025-04-27,2025-05-09,8.3,8.03125,0.2687500000000007
2025-04-27,2025-05-10,8.3,8.677289,-0.37728900909423757
2025-04-27,2025-05-11,9.9,6.9998775,2.9001225471496586
2025-04-28,2025-04-29,13.7,9.077494,4.62250633239746
2025-04-28,2025-04-30,15.4,9.101288,6.298712158203125
2025-04-28,2025-05-01,14.5,8.995352,5.504648208618164
2025-04-28,2025-05-02,12.3,8.359432,3.9405677795410163
2025-04-28,2025-05-03,7.0,9.389343,-2.38934326171875
2025-04-28,2025-05-04,2.9,6.5610857,-3.6610857009887696
2025-04-28,2025-05-05,3.0,8.606629,-5.606629371643066
2025-04-28,2025-05-06,4.0,7.137998,-3.137998104095459
2025-04-28,2025-05-07,5.0,7.689022,-2.6890220642089844
2025-04-28,2025-05-08,4.4,6.9049215,-2.5049215316772457
2025-04-28,2025-05-09,8.3,7.360824,0.9391758918762214
2025-04-28,2025-05-10,8.3,7.6282234,0.6717765808105476
2025-04-28,2025-05-11,9.9,8.922227,0.9777730941772464
2025-04-28,2025-05-12,10.100000000000001,7.0885067,3.011493301391603
2025-04-29,2025-04-30,15.4,9.115926,6.284074211120606
2025-04-29,2025-05-01,14.5,9.90158,4.598420143127441
2025-04-29,2025-05-02,12.3,9.034137,3.265863227844239
2025-04-29,2025-05-03,7.0,8.69337,-1.6933698654174805
2025-04-29,2025-05-04,2.9,9.577531,-6.6775308609008786
2025-04-29,2025-05-05,3.0,6.418097,-3.4180970191955566
2025-04-29,2025-05-06,4.0,9.026724,-5.026723861694336
2025-04-29,2025-05-07,5.0,6.7814484,-1.7814483642578125
2025-04-29,2025-05-08,4.4,7.411868,-3.011868095397949
2025-04-29,2025-05-09,8.3,6.4804583,1.8195417404174812
2025-04-29,2025-05-10,8.3,6.877611,1.4223888397216804
2025-04-29,2025-05-11,9.9,7.2748733,2.6251267433166507
2025-04-29,2025-05-12,10.100000000000001,9.147573,0.9524265289306655
2025-04-29,2025-05-13,9.3,7.298283,2.001716899871827
2025-04-30,2025-05-01,14.5,8.892921,5.607078552246094
2025-04-30,2025-05-02,12.3,10.284525,2.0154750823974616
2025-04-30,2025-05-03,7.0,8.798376,-1.7983760833740234
2025-04-30,2025-05-04,2.9,8.793377,-5.8933769226074215
2025-04-30,2025-05-05,3.0,9.71243,-6.712430000305176
2025-04-30,2025-05-06,4.0,6.1324477,-2.1324477195739746
2025-04-30,2025-05-07,5.0,9.147103,-4.147103309631348
2025-04-30,2025-05-08,4.4,6.176871,-1.7768708229064938
2025-04-30,2025-05-09,8.3,6.9218593,1.3781407356262214
2025-04-30,2025-05-10,8.3,5.726661,2.5733387947082527
2025-04-30,2025-05-11,9.9,6.5482593,3.3517407417297367
2025-04-30,2025-05-12,10.100000000000001,6.9469433,3.1530567169189467
2025-04-30,2025-05-13,9.3,9.2421055,0.05789451599121165
2025-04-30,2025-05-14,7.7,7.4864273,0.21357269287109393
2025-05-01,2025-05-02,12.3,9.692616,2.607383537292481
2025-05-01,2025-05-03,7.0,10.672323,-3.672323226928711
2025-05-01,2025-05-04,2.9,8.7637825,-5.863782501220703
2025-05-01,2025-05-05,3.0,9.571987,-6.571987152099609
2025-05-01,2025-05-06,4.0,9.845608,-5.845607757568359
2025-05-01,2025-05-07,5.0,6.243672,-1.2436718940734863
2025-05-01,2025-05-08,4.4,9.201369,-4.801369285583496
2025-05-01,2025-05-09,8.3,5.745762,2.55423812866211
2025-05-01,2025-05-10,8.3,6.734622,1.5653779983520515
2025-05-01,2025-05-11,9.9,5.0000086,4.899991416931153
2025-05-01,2025-05-12,10.100000000000001,6.1052113,3.994788742065431
2025-05-01,2025-05-13,9.3,6.1813188,3.118681240081788
2025-05-01,2025-05-14,7.7,8.844859,-1.1448591232299803
2025-05-01,2025-05-15,5.699999999999999,7.0585346,-1.3585346221923835
2025-05-02,2025-05-03,7.0,9.989295,-2.98929500579834
2025-05-02,2025-05-04,2.9,10.95036,-8.050360298156738
2025-05-02,2025-05-05,3.0,8.412029,-5.412029266357422
2025-05-02,2025-05-06,4.0,9.696541,-5.696540832519531
2025-05-02,2025-05-07,5.0,9.469928,-4.469927787780762
2025-05-02,2025-05-08,4.4,6.751904,-2.3519040107727047
2025-05-02,2025-05-09,8.3,8.911497,-0.6114971160888665
2025-05-02,2025-05-10,8.3,5.907371,2.392628955841065
2025-05-02,2025-05-11,9.9,6.434631,3.4653691291809086
2025-05-02,2025-05-12,10.100000000000001,4.6472325,5.452767467498781
2025-05-02,2025-05-13,9.3,6.1602077,3.1397922515869148
2025-05-02,2025-05-14,7.7,5.913769,1.7862312316894533
2025-05-02,2025-05-15,5.699999999999999,7.4687834,-1.768783378601075
2025-05-02,2025-05-16,7.0,6.3764844,0.6235156059265137
2025-05-03,2025-05-04,2.9,10.476352,-7.576351737976074
2025-05-03,2025-05-05,3.0,10.938633,-7.938632965087891
2025-05-03,2025-05-06,4.0,8.376414,-4.3764142990112305
2025-05-03,2025-05-07,5.0,10.023788,-5.0237884521484375
2025-05-03,2025-05-08,4.4,9.199273,-4.799273109436035
2025-05-03,2025-05-09,8.3,6.682904,1.6170962333679206
2025-05-03,2025-05-10,8.3,8.5073185,-0.20731849670410085
2025-05-03,2025-05-11,9.9,6.063516,3.8364838600158695
2025-05-03,2025-05-12,10.100000000000001,6.869062,3.230938053131105
2025-05-03,2025-05-13,9.3,4.836128,4.4638717651367195
2025-05-03,2025-05-14,7.7,5.8590617,1.8409382820129396
2025-05-03,2025-05-15,5.699999999999999,5.4385114,0.26148862838745046
2025-05-03,2025-05-16,7.0,7.4596972,-0.45969724655151367
2025-05-03,2025-05-17,5.9,5.7166567,0.18334331512451207
2025-05-04,2025-05-05,3.0,10.276157,-7.276157379150391
2025-05-04,2025-05-06,4.0,10.359431,-6.359431266784668
2025-05-04,2025-05-07,5.0,8.092805,-3.0928049087524414
2025-05-04,2025-05-08,4.4,10.179087,-5.779086685180664
2025-05-04,2025-05-09,8.3,8.652105,-0.3521053314208977
2025-05-04,2025-05-10,8.3,6.429248,1.870752143859864
2025-05-04,2025-05-11,9.9,7.894937,2.0050629615783695
2025-05-04,2025-05-12,10.100000000000001,6.681253,3.4187470436096206
2025-05-04,2025-05-13,9.3,7.2783027,2.0216973304748542
2025-05-04,2025-05-14,7.7,5.6854258,2.0145742416381838
2025-05-04,2025-05-15,5.699999999999999,5.77824,-0.07824020385742259
2025-05-04,2025-05-16,7.0,5.8164244,1.1835756301879883
2025-05-04,2025-05-17,5.9,8.119117,-2.2191167831420895
2025-05-04,2025-05-18,7.1,5.4887795,1.6112204551696774
2025-05-05,2025-05-06,4.0,9.845777,-5.845776557922363
2025-05-05,2025-05-07,5.0,9.382118,-4.382118225097656
2025-05-05,2025-05-08,4.4,7.652315,-3.2523151397705075
2025-05-05,2025-05-09,8.3,9.822307,-1.5223066329956048
2025-05-05,2025-05-10,8.3,8.074908,0.225091743469239
2025-05-05,2025-05-11,9.9,5.8518777,4.048122310638428
2025-05-05,2025-05-12,10.100000000000001,8.04168,2.0583196640014663
2025-05-05,2025-05-13,9.3,6.7157907,2.5842092514038093
2025-05-05,2025-05-14,7.7,7.4644575,0.2355424880981447
2025-05-05,2025-05-15,5.699999999999999,5.8433666,-0.1433666229248054
2025-05-05,2025-05-16,7.0,5.112093,1.8879070281982422
2025-05-05,2025-05-17,5.9,5.7251706,0.17482938766479528
2025-05-05,2025-05-18,7.1,7.5738864,-0.4738863945007328
2025-05-05,2025-05-19,7.9,5.4070497,2.4929503440856937
2025-05-06,2025-05-07,5.0,9.081775,-4.081774711608887
2025-05-06,2025-05-08,4.4,8.089579,-3.6895786285400387
2025-05-06,2025-05-09,8.3,7.0827875,1.2172124862670906
2025-05-06,2025-05-10,8.3,9.412415,-1.1124145507812493
2025-05-06,2025-05-11,9.9,7.4647813,2.435218715667725
2025-05-06,2025-05-12,10.100000000000001,5.1474166,4.952583408355714
2025-05-06,2025-05-13,9.3,8.114095,1.1859052658081062
2025-05-06,2025-05-14,7.7,6.71152,0.988479804992676
2025-05-06,2025-05-15,5.699999999999999,7.2640805,-1.5640805244445808
2025-05-06,2025-05-16,7.0,5.7975116,1.2024884223937988
2025-05-06,2025-05-17,5.9,4.703572,1.196428203582764
2025-05-06,2025-05-18,7.1,5.892246,1.2077542304992672
2025-05-06,2025-05-19,7.9,7.030147,0.8698529243469242
2025-05-06,2025-05-20,7.4,5.5832677,1.8167323112487797
2025-05-07,2025-05-08,4.4,8.318555,-3.918554878234863
2025-05-07,2025-05-09,8.3,6.6784277,1.6215723037719734
2025-05-07,2025-05-10,8.3,6.530203,1.7697971343994148
2025-05-07,2025-05-11,9.9,8.946398,0.95360221862793
2025-05-07,2025-05-12,10.100000000000001,7.038147,3.0618530273437514
2025-05-07,2025-05-13,9.3,4.5351167,4.764883327484132
2025-05-07,2025-05-14,7.7,7.8447514,-0.14475135803222638
2025-05-07,2025-05-15,5.699999999999999,6.6400046,-0.9400046348571784
2025-05-07,2025-05-16,7.0,6.925545,0.07445478439331055
2025-05-07,2025-05-17,5.9,5.5345664,0.3654335975646976
2025-05-07,2025-05-18,7.1,4.51832,2.5816799163818356
2025-05-07,2025-05-19,7.9,6.248304,1.6516961097717289
2025-05-07,2025-05-20,7.4,6.7858667,0.6141332626342777
2025-05-07,2025-05-21,8.6,5.8542557,2.7457443237304684
2025-05-08,2025-05-09,8.3,7.8396673,0.46033267974853587
2025-05-08,2025-05-10,8.3,5.920331,2.3796689987182624
2025-05-08,2025-05-11,9.9,6.210564,3.6894358634948734
2025-05-08,2025-05-12,10.100000000000001,8.617724,1.4822755813598647
2025-05-08,2025-05-13,9.3,6.923377,2.376622962951661
2025-05-08,2025-05-14,7.7,4.3034296,3.39657039642334
2025-05-08,2025-05-15,5.699999999999999,7.4839315,-1.7839315414428718
2025-05-08,2025-05-16,7.0,6.673964,0.3260359764099121
2025-05-08,2025-05-17,5.9,6.62721,-0.7272101402282711
2025-05-08,2025-05-18,7.1,5.5574903,1.5425096511840817
2025-05-08,2025-05-19,7.9,4.6026773,3.2973226547241214
2025-05-08,2025-05-20,7.4,6.72325,0.6767500877380375
2025-05-08,2025-05-21,8.6,6.5426774,2.0573225975036618
2025-05-08,2025-05-22,6.7,5.9821076,0.717892360687256
2025-05-09,2025-05-10,8.3,8.176855,0.12314491271972727
2025-05-09,2025-05-11,9.9,6.855071,3.0449289321899418
2025-05-09,2025-05-12,10.100000000000001,6.503874,3.5961261749267592
2025-05-09,2025-05-13,9.3,9.026639,0.27336101531982493
2025-05-09,2025-05-14,7.7,6.998839,0.7011610984802248
2025-05-09,2025-05-15,5.699999999999999,4.470975,1.2290250778198235
2025-05-09,2025-05-16,7.0,7.26035,-0.26035022735595703
2025-05-09,2025-05-17,5.9,6.994093,-1.0940929412841793
2025-05-09,2025-05-18,7.1,6.4603896,0.639610385894775
2025-05-09,2025-05-19,7.9,5.6693087,2.2306913375854496
2025-05-09,2025-05-20,7.4,4.492265,2.9077347755432132
2025-05-09,2025-05-21,8.6,6.9171815,1.682818508148193
2025-05-09,2025-05-22,6.7,6.9646,-0.264600086212158
2025-05-09,2025-05-23,8.5,5.916862,2.5831379890441895
2025-05-10,2025-05-11,9.9,8.861315,1.03868522644043
2025-05-10,2025-05-12,10.100000000000001,7.7488217,2.3511782646179213
2025-05-10,2025-05-13,9.3,7.0395126,2.260487365722657
2025-05-10,2025-05-14,7.7,9.464523,-1.7645233154296873
2025-05-10,2025-05-15,5.699999999999999,7.456821,-1.7568209648132331
2025-05-10,2025-05-16,7.0,4.939711,2.060288906097412
2025-05-10,2025-05-17,5.9,7.2179384,-1.317938423156738
2025-05-10,2025-05-18,7.1,6.757415,0.34258518218994105
2025-05-10,2025-05-19,7.9,6.9421363,0.9578637123107914
2025-05-10,2025-05-20,7.4,5.6527386,1.7472614288330082
2025-05-10,2025-05-21,8.6,4.6774263,3.922573661804199
2025-05-10,2025-05-22,6.7,6.6220675,0.0779325485229494
2025-05-10,2025-05-23,8.5,7.1456637,1.3543362617492676
2025-05-10,2025-05-24,6.7,5.474039,1.2259609222412111
2025-05-11,2025-05-12,10.100000000000001,9.306062,0.79393825531006
2025-05-11,2025-05-13,9.3,8.555726,0.7442739486694343
2025-05-11,2025-05-14,7.7,7.277652,0.42234821319580096
2025-05-11,2025-05-15,5.699999999999999,9.6483345,-3.948334503173829
2025-05-11,2025-05-16,7.0,7.79964,-0.7996401786804199
2025-05-11,2025-05-17,5.9,5.5442014,0.3557986259460453
2025-05-11,2025-05-18,7.1,7.1692424,-0.0692423820495609
2025-05-11,2025-05-19,7.9,6.5933547,1.3066452980041507
2025-05-11,2025-05-20,7.4,7.134343,0.2656568527221683
2025-05-11,2025-05-21,8.6,5.5826054,3.017394638061523
2025-05-11,2025-05-22,6.7,5.211511,1.4884888648986818
2025-05-11,2025-05-23,8.5,6.3507233,2.1492767333984375
2025-05-11,2025-05-24,6.7,7.6200395,-0.9200394630432127
2025-05-11,2025-05-25,5.0,5.1625977,-0.16259765625
2025-05-12,2025-05-13,9.3,9.008354,0.29164581298828196
2025-05-12,2025-05-14,7.7,8.482695,-0.782694625854492
2025-05-12,2025-05-15,5.699999999999999,7.0534053,-1.3534052848815925
2025-05-12,2025-05-16,7.0,8.915271,-1.9152708053588867
2025-05-12,2025-05-17,5.9,7.875516,-1.9755159378051754
2025-05-12,2025-05-18,7.1,5.6433563,1.4566436767578121
2025-05-12,2025-05-19,7.9,7.704909,0.19509115219116246
2025-05-12,2025-05-20,7.4,6.13141,1.2685898780822757
2025-05-12,2025-05-21,8.6,6.9522185,1.6477814674377438
2025-05-12,2025-05-22,6.7,5.13846,1.5615398406982424
2025-05-12,2025-05-23,8.5,5.309353,3.1906471252441406
2025-05-12,2025-05-24,6.7,5.803202,0.8967978477478029
2025-05-12,2025-05-25,5.0,6.3186026,-1.3186025619506836
2025-05-12,2025-05-26,5.2,5.001041,0.19895906448364276
2025-05-13,2025-05-14,7.7,8.750636,-1.0506361007690428
2025-05-13,2025-05-15,5.699999999999999,8.124409,-2.424408721923829
2025-05-13,2025-05-16,7.0,6.7275724,0.2724275588989258
2025-05-13,2025-05-17,5.9,8.544706,-2.644706344604492
2025-05-13,2025-05-18,7.1,7.758716,-0.6587161064147953
2025-05-13,2025-05-19,7.9,5.501163,2.398836994171143
2025-05-13,2025-05-20,7.4,8.218801,-0.8188005447387692
2025-05-13,2025-05-21,8.6,5.8171062,2.7828937530517575
2025-05-13,2025-05-22,6.7,6.479491,0.22050876617431658
2025-05-13,2025-05-23,8.5,4.4618864,4.038113594055176
2025-05-13,2025-05-24,6.7,5.3476024,1.3523976325988771
2025-05-13,2025-05-25,5.0,5.501191,-0.5011911392211914
2025-05-13,2025-05-26,5.2,5.807337,-0.6073368072509764
2025-05-13,2025-05-27,4.7,5.0191035,-0.3191035270690916
2025-05-14,2025-05-15,5.699999999999999,8.47992,-2.779920387268067
2025-05-14,2025-05-16,7.0,7.4323096,-0.432309627532959
2025-05-14,2025-05-17,5.9,6.4975595,-0.597559547424316
2025-05-14,2025-05-18,7.1,8.288886,-1.1888860702514652
2025-05-14,2025-05-19,7.9,7.7389235,0.16107645034790075
2025-05-14,2025-05-20,7.4,5.1066275,2.2933725357055668
2025-05-14,2025-05-21,8.6,8.295612,0.3043876647949215
2025-05-14,2025-05-22,6.7,5.6312895,1.068710517883301
2025-05-14,2025-05-23,8.5,6.09265,2.4073500633239746
2025-05-14,2025-05-24,6.7,3.9927042,2.707295846939087
2025-05-14,2025-05-25,5.0,5.3817663,-0.38176631927490234
2025-05-14,2025-05-26,5.2,5.6023784,-0.40237836837768537
2025-05-14,2025-05-27,4.7,5.877578,-1.177577781677246
2025-05-14,2025-05-28,5.5,5.250902,0.2490978240966797
2025-05-15,2025-05-16,7.0,7.8368855,-0.8368854522705078
2025-05-15,2025-05-17,5.9,6.270046,-0.370046234130859
2025-05-15,2025-05-18,7.1,6.1089606,0.9910393714904782
2025-05-15,2025-05-19,7.9,7.452882,0.44711818695068395
2025-05-15,2025-05-20,7.4,7.6439095,-0.24390945434570277
2025-05-15,2025-05-21,8.6,4.5004945,4.099505519866943
2025-05-15,2025-05-22,6.7,7.8275504,-1.127550411224365
2025-05-15,2025-05-23,8.5,5.7669764,2.7330236434936523
2025-05-15,2025-05-24,6.7,5.918848,0.7811519622802736
2025-05-15,2025-05-25,5.0,4.0829835,0.9170165061950684
2025-05-15,2025-05-26,5.2,5.5099907,-0.3099906921386717
2025-05-15,2025-05-27,4.7,6.245142,-1.5451419830322264
2025-05-15,2025-05-28,5.5,5.830875,-0.3308749198913574
2025-05-15,2025-05-29,6.8,5.54393,1.2560699462890623
2025-05-16,2025-05-17,5.9,7.800983,-1.9009829521179196
2025-05-16,2025-05-18,7.1,6.471888,0.6281119346618649
2025-05-16,2025-05-19,7.9,6.372079,1.5279211044311527
2025-05-16,2025-05-20,7.4,7.3635945,0.0364054679870609
2025-05-16,2025-05-21,8.6,7.6260514,0.9739485740661618
2025-05-16,2025-05-22,6.7,4.1906104,2.509389591217041
2025-05-16,2025-05-23,8.5,7.337203,1.162796974182129
2025-05-16,2025-05-24,6.7,6.366371,0.3336288452148439
2025-05-16,2025-05-25,5.0,5.9325905,-0.9325904846191406
2025-05-16,2025-05-26,5.2,4.6499395,0.5500604629516603
2025-05-16,2025-05-27,4.7,5.3879676,-0.6879675865173338
2025-05-16,2025-05-28,5.5,6.8699994,-1.3699994087219238
2025-05-16,2025-05-29,6.8,6.533767,0.2662327766418455
2025-05-16,2025-05-30,7.2,5.7503567,1.4496433258056642
2025-05-17,2025-05-18,7.1,7.9549136,-0.8549136161804203
2025-05-17,2025-05-19,7.9,6.5020747,1.3979252815246586
2025-05-17,2025-05-20,7.4,6.657086,0.7429141044616703
2025-05-17,2025-05-21,8.6,7.218359,1.3816410064697262
2025-05-17,2025-05-22,6.7,7.8297877,-1.1297877311706541
2025-05-17,2025-05-23,8.5,4.375901,4.124098777770996
2025-05-17,2025-05-24,6.7,7.0976887,-0.39768867492675763
2025-05-17,2025-05-25,5.0,6.5423503,-1.5423502922058105
2025-05-17,2025-05-26,5.2,6.4943204,-1.2943203926086424
2025-05-17,2025-05-27,4.7,5.3225684,-0.6225684165954588
2025-05-17,2025-05-28,5.5,5.7839975,-0.2839975357055664
2025-05-17,2025-05-29,6.8,7.119681,-0.3196808815002443
2025-05-17,2025-05-30,7.2,6.830245,0.3697549819946291
2025-05-17,2025-05-31,6.7,5.5456047,1.1543952941894533
2025-05-18,2025-05-19,7.9,7.959171,-0.05917081832885707
2025-05-18,2025-05-20,7.4,6.558642,0.8413580894470218
2025-05-18,2025-05-21,8.6,6.8479457,1.7520543098449703
2025-05-18,2025-05-22,6.7,7.3139486,-0.6139486312866209
2025-05-18,2025-05-23,8.5,7.815446,0.6845541000366211
2025-05-18,2025-05-24,6.7,4.724341,1.9756590843200685
2025-05-18,2025-05-25,5.0,6.89465,-1.8946499824523926
2025-05-18,2025-05-26,5.2,7.083357,-1.8833568572998045
2025-05-18,2025-05-27,4.7,6.8780894,-2.178089427947998
2025-05-18,2025-05-28,5.5,6.1326976,-0.632697582244873
2025-05-18,2025-05-29,6.8,6.3559813,0.44401865005493146
2025-05-18,2025-05-30,7.2,7.5521016,-0.3521016120910643
2025-05-18,2025-05-31,6.7,7.8998113,-1.199811267852783
2025-05-18,2025-06-01,5.6,5.604949,-0.004948997497558949
2025-05-19,2025-05-20,7.4,8.01313,-0.6131301879882809
2025-05-19,2025-05-21,8.6,6.677832,1.922167873382568
2025-05-19,2025-05-22,6.7,7.0514464,-0.3514464378356932
2025-05-19,2025-05-23,8.5,7.370629,1.129371166229248
2025-05-19,2025-05-24,6.7,7.7661033,-1.0661032676696776
2025-05-19,2025-05-25,5.0,4.8779273,0.12207269668579102
2025-05-19,2025-05-26,5.2,7.548705,-2.3487051010131834
2025-05-19,2025-05-27,4.7,7.1314898,-2.4314897537231444
2025-05-19,2025-05-28,5.5,7.0420856,-1.5420856475830078
2025-05-19,2025-05-29,6.8,6.1603146,0.6396854400634764
2025-05-19,2025-05-30,7.2,6.192537,1.0074631690979006
2025-05-19,2025-05-31,6.7,7.266729,-0.5667288780212401
2025-05-19,2025-06-01,5.6,7.8360057,-2.2360056877136234
2025-05-19,2025-06-02,5.6,5.723097,-0.12309684753418004
2025-05-20,2025-05-21,8.6,8.009378,0.5906215667724606
2025-05-20,2025-05-22,6.7,6.7154155,-0.01541547775268537
2025-05-20,2025-05-23,8.5,7.2068195,1.2931804656982422
2025-05-20,2025-05-24,6.7,7.6090674,-0.9090674400329588
2025-05-20,2025-05-25,5.0,7.7722974,-2.7722973823547363
2025-05-20,2025-05-26,5.2,4.6798906,0.5201093673706056
2025-05-20,2025-05-27,4.7,8.053536,-3.3535364151000975
2025-05-20,2025-05-28,5.5,7.043643,-1.5436429977416992
2025-05-20,2025-05-29,6.8,6.864186,-0.0641858100891115
2025-05-20,2025-05-30,7.2,5.9745016,1.225498390197754
2025-05-20,2025-05-31,6.7,5.931995,0.7680050849914553
2025-05-20,2025-06-01,5.6,7.0402646,-1.4402646064758304
2025-05-20,2025-06-02,5.6,7.876398,-2.276398086547852
2025-05-20,2025-06-03,5.4,6.018019,-0.6180191993713375
2025-05-21,2025-05-22,6.7,7.436353,-0.7363532066345213
2025-05-21,2025-05-23,8.5,6.314863,2.1851367950439453
2025-05-21,2025-05-24,6.7,6.672186,0.02781410217285174
2025-05-21,2025-05-25,5.0,7.402369,-2.4023690223693848
2025-05-21,2025-05-26,5.2,7.5767775,-2.376777458190918
2025-05-21,2025-05-27,4.7,4.149055,0.5509449958801271
2025-05-21,2025-05-28,5.5,7.8440766,-2.344076633453369
2025-05-21,2025-05-29,6.8,6.5713954,0.22860460281372053
2025-05-21,2025-05-30,7.2,6.58074,0.6192600250244142
2025-05-21,2025-05-31,6.7,5.517443,1.1825568199157717
2025-05-21,2025-06-01,5.6,5.779789,-0.17978897094726598
2025-05-21,2025-06-02,5.6,6.4006977,-0.8006977081298832
2025-05-21,2025-06-03,5.4,8.125118,-2.725118255615234
2025-05-21,2025-06-04,7.0,5.988974,1.0110259056091309
2025-05-22,2025-05-23,8.5,7.3180666,1.1819334030151367
2025-05-22,2025-05-24,6.7,5.893024,0.8069760322570803
2025-05-22,2025-05-25,5.0,6.6499467,-1.649946689605713
2025-05-22,2025-05-26,5.2,7.312517,-2.112517166137695
2025-05-22,2025-05-27,4.7,7.760611,-3.060611057281494
2025-05-22,2025-05-28,5.5,3.9542627,1.5457372665405273
2025-05-22,2025-05-29,6.8,7.833423,-1.033423137664795
2025-05-22,2025-05-30,7.2,6.47683,0.7231699943542482
2025-05-22,2025-05-31,6.7,6.364096,0.33590383529663104
2025-05-22,2025-06-01,5.6,5.4259386,0.1740613937377926
2025-05-22,2025-06-02,5.6,5.846183,-0.2461828231811527
2025-05-22,2025-06-03,5.4,6.7651296,-1.3651295661926266
2025-05-22,2025-06-04,7.0,8.020174,-1.0201740264892578
2025-05-22,2025-06-05,6.0,6.154506,-0.15450620651245117
2025-05-23,2025-05-24,6.7,7.4845567,-0.7845566749572752
2025-05-23,2025-05-25,5.0,6.8224173,-1.8224172592163086
2025-05-23,2025-05-26,5.2,7.0771594,-1.8771594047546385
2025-05-23,2025-05-27,4.7,7.6264515,-2.92645149230957
2025-05-23,2025-05-28,5.5,7.8359275,-2.3359274864196777
2025-05-23,2025-05-29,6.8,4.2456775,2.554322528839111
2025-05-23,2025-05-30,7.2,7.552576,-0.3525760650634764
2025-05-23,2025-05-31,6.7,6.9265466,-0.22654657363891584
2025-05-23,2025-06-01,5.6,6.2360797,-0.6360796928405765
2025-05-23,2025-06-02,5.6,5.8270283,-0.22702827453613317
2025-05-23,2025-06-03,5.4,6.0512843,-0.6512843132019039
2025-05-23,2025-06-04,7.0,7.297863,-0.2978630065917969
2025-05-23,2025-06-05,6.0,7.895133,-1.8951330184936523
2025-05-23,2025-06-06,5.0,6.2036376,-1.2036375999450684
2025-05-24,2025-05-25,5.0,6.880045,-1.880044937133789
2025-05-24,2025-05-26,5.2,6.6856613,-1.4856613159179686
2025-05-24,2025-05-27,4.7,6.594355,-1.8943551063537596
2025-05-24,2025-05-28,5.5,6.6706185,-1.1706185340881348
2025-05-24,2025-05-29,6.8,7.5185804,-0.7185804367065431
2025-05-24,2025-05-30,7.2,4.3424525,2.857547473907471
2025-05-24,2025-05-31,6.7,6.692783,0.007217121124267756
2025-05-24,2025-06-01,5.6,6.8272343,-1.227234268188477
2025-05-24,2025-06-02,5.6,6.578776,-0.9787758827209476
2025-05-24,2025-06-03,5.4,5.962427,-0.5624271392822262
2025-05-24,2025-06-04,7.0,6.5397077,0.46029233932495117
2025-05-24,2025-06-05,6.0,7.1036735,-1.1036734580993652
2025-05-24,2025-06-06,5.0,7.172208,-2.172207832336426
2025-05-24,2025-06-07,4.3,5.623153,-1.3231532096862795
2025-05-25,2025-05-26,5.2,6.198892,-0.9988921165466307
2025-05-25,2025-05-27,4.7,6.515003,-1.815003204345703
2025-05-25,2025-05-28,5.5,5.881314,-0.3813138008117676
2025-05-25,2025-05-29,6.8,5.6700606,1.1299393653869627
2025-05-25,2025-05-30,7.2,6.9576454,0.24235458374023455
2025-05-25,2025-05-31,6.7,4.688251,2.0117489814758303
2025-05-25,2025-06-01,5.6,5.9336805,-0.3336805343627933
2025-05-25,2025-06-02,5.6,6.8568473,-1.2568472862243656
2025-05-25,2025-06-03,5.4,6.8088274,-1.4088274002075192
2025-05-25,2025-06-04,7.0,6.2103667,0.7896332740783691
2025-05-25,2025-06-05,6.0,7.0913267,-1.0913267135620117
2025-05-25,2025-06-06,5.0,7.23579,-2.2357897758483887
2025-05-25,2025-06-07,4.3,7.0391164,-2.739116382598877
2025-05-25,2025-06-08,5.6,5.150821,0.4491787910461422
2025-05-26,2025-05-27,4.7,5.6027164,-0.9027164459228514
2025-05-26,2025-05-28,5.5,6.051887,-0.551887035369873
2025-05-26,2025-05-29,6.8,5.6433096,1.1566904067993162
2025-05-26,2025-05-30,7.2,4.8201675,2.379832458496094
2025-05-26,2025-05-31,6.7,6.566475,0.13352508544921893
2025-05-26,2025-06-01,5.6,4.5295134,1.0704866409301754
2025-05-26,2025-06-02,5.6,6.1594257,-0.5594257354736332
2025-05-26,2025-06-03,5.4,6.7220216,-1.3220215797424313
2025-05-26,2025-06-04,7.0,6.9694037,0.030596256256103516
2025-05-26,2025-06-05,6.0,6.3572345,-0.35723447799682617
2025-05-26,2025-06-06,5.0,6.912614,-1.912613868713379
2025-05-26,2025-06-07,4.3,7.053595,-2.753595066070557
2025-05-26,2025-06-08,5.6,6.400977,-0.8009771347045902
2025-05-26,2025-06-09,17.7,5.2591367,12.44086332321167
2025-05-27,2025-05-28,5.5,4.5548787,0.9451212882995605
2025-05-27,2025-05-29,6.8,5.04918,1.750819969177246
2025-05-27,2025-05-30,7.2,5.064477,2.13552303314209
2025-05-27,2025-05-31,6.7,3.9233391,2.7766608715057375
2025-05-27,2025-06-01,5.6,5.9430275,-0.343027496337891
2025-05-27,2025-06-02,5.6,3.9575956,1.6424044132232662
2025-05-27,2025-06-03,5.4,6.1169267,-0.7169266700744625
2025-05-27,2025-06-04,7.0,6.6246786,0.3753213882446289
2025-05-27,2025-06-05,6.0,6.7490153,-0.7490153312683105
2025-05-27,2025-06-06,5.0,6.3250637,-1.325063705444336
2025-05-27,2025-06-07,4.3,6.901476,-2.6014759063720705
2025-05-27,2025-06-08,5.6,6.8829613,-1.2829612731933597
2025-05-27,2025-06-09,17.7,6.2135596,11.48644037246704
2025-05-27,2025-06-10,6.2,5.5906796,0.6093203544616701
2025-05-28,2025-05-29,6.8,4.1269135,2.6730864524841307
2025-05-28,2025-05-30,7.2,4.170291,3.029709053039551
2025-05-28,2025-05-31,6.7,4.82988,1.8701197624206545
2025-05-28,2025-06-01,5.6,3.693764,1.9062360286712643
2025-05-28,2025-06-02,5.6,5.719049,-0.11904897689819371
2025-05-28,2025-06-03,5.4,3.968755,1.4312449932098392
2025-05-28,2025-06-04,7.0,6.3754845,0.6245155334472656
2025-05-28,2025-06-05,6.0,6.4076395,-0.4076395034790039
2025-05-28,2025-06-06,5.0,6.46213,-1.462130069732666
2025-05-28,2025-06-07,4.3,6.034693,-1.7346927642822267
2025-05-28,2025-06-08,5.6,7.032495,-1.4324950218200687
2025-05-28,2025-06-09,17.7,7.25571,10.444289875030517
2025-05-28,2025-06-10,6.2,6.2739873,-0.07398729324340803
2025-05-28,2025-06-11,8.8,5.9434667,2.856533336639405
2025-05-29,2025-05-30,7.2,4.0104218,3.1895782470703127
2025-05-29,2025-05-31,6.7,3.922161,2.7778388977050783
2025-05-29,2025-06-01,5.6,5.021284,0.578715896606445
2025-05-29,2025-06-02,5.6,3.7616684,1.83833155632019
2025-05-29,2025-06-03,5.4,5.857847,-0.45784721374511683
2025-05-29,2025-06-04,7.0,4.0834723,2.91652774810791
2025-05-29,2025-06-05,6.0,6.3733816,-0.3733816146850586
2025-05-29,2025-06-06,5.0,6.2854724,-1.2854723930358887
2025-05-29,2025-06-07,4.3,6.259957,-1.9599568367004396
2025-05-29,2025-06-08,5.6,5.9952307,-0.3952306747436527
2025-05-29,2025-06-09,17.7,7.202379,10.497620773315429
2025-05-29,2025-06-10,6.2,7.7313666,-1.5313666343688963
2025-05-29,2025-06-11,8.8,6.522077,2.2779229164123542
2025-05-29,2025-06-12,12.0,6.3715224,5.628477573394775
2025-05-30,2025-05-31,6.7,4.1824794,2.517520618438721
2025-05-30,2025-06-01,5.6,4.450998,1.1490021705627438
2025-05-30,2025-06-02,5.6,5.2995667,0.300433254241943
2025-05-30,2025-06-03,5.4,3.8885252,1.5114747524261478
2025-05-30,2025-06-04,7.0,6.0043144,0.9956855773925781
2025-05-30,2025-06-05,6.0,4.403108,1.5968918800354004
2025-05-30,2025-06-06,5.0,6.2748356,-1.2748355865478516
2025-05-30,2025-06-07,4.3,6.475655,-2.1756550788879396
2025-05-30,2025-06-08,5.6,6.100344,-0.5003441810607914
2025-05-30,2025-06-09,17.7,6.1484356,11.551564407348632
2025-05-30,2025-06-10,6.2,7.316727,-1.1167271614074705
2025-05-30,2025-06-11,8.8,8.042465,0.7575347900390632
2025-05-30,2025-06-12,12.0,6.7149043,5.285095691680908
2025-05-30,2025-06-13,9.9,6.571206,3.3287939071655277
2025-05-31,2025-06-01,5.6,4.604451,0.9955488204956051
2025-05-31,2025-06-02,5.6,4.8749666,0.7250333786010739
2025-05-31,2025-06-03,5.4,5.569345,-0.1693449974060055
2025-05-31,2025-06-04,7.0,4.047608,2.952392101287842
2025-05-31,2025-06-05,6.0,6.3323164,-0.33231639862060547
2025-05-31,2025-06-06,5.0,5.0171647,-0.01716470718383789
2025-05-31,2025-06-07,4.3,6.3204284,-2.0204283714294435
2025-05-31,2025-06-08,5.6,6.3203983,-0.7203983306884769
2025-05-31,2025-06-09,17.7,6.472481,11.227519226074218
2025-05-31,2025-06-10,6.2,6.2944584,-0.09445838928222638
2025-05-31,2025-06-11,8.8,7.737784,1.0622160911560066
2025-05-31,2025-06-12,12.0,7.9216485,4.0783514976501465
2025-05-31,2025-06-13,9.9,6.7071,3.192900085449219
2025-05-31,2025-06-14,7.6,6.3505435,1.2494565010070797
2025-06-01,2025-06-02,5.6,6.1596923,-0.5596922874450687
2025-06-01,2025-06-03,5.4,5.586843,-0.18684301376342738
2025-06-01,2025-06-04,7.0,6.073189,0.9268112182617188
2025-06-01,2025-06-05,6.0,5.5012817,0.49871826171875
2025-06-01,2025-06-06,5.0,6.7734013,-1.7734012603759766
2025-06-01,2025-06-07,4.3,5.730551,-1.4305507659912111
2025-06-01,2025-06-08,5.6,6.655905,-1.0559047698974613
2025-06-01,2025-06-09,17.7,6.470813,11.229187202453613
2025-06-01,2025-06-10,6.2,7.138078,-0.9380782127380369
2025-06-01,2025-06-11,8.8,6.9243884,1.875611591339112
2025-06-01,2025-06-12,12.0,7.995945,4.004055023193359
2025-06-01,2025-06-13,9.9,7.5234694,2.3765305519104007
2025-06-01,2025-06-14,7.6,7.5925074,0.0074926376342769885
2025-06-01,2025-06-15,6.6,5.9215693,0.6784306526184078
2025-06-02,2025-06-03,5.4,7.3690925,-1.9690924644470211
2025-06-02,2025-06-04,7.0,6.0946207,0.9053792953491211
2025-06-02,2025-06-05,6.0,6.724633,-0.7246332168579102
2025-06-02,2025-06-06,5.0,6.782333,-1.7823328971862793
2025-06-02,2025-06-07,4.3,6.9804754,-2.680475425720215
2025-06-02,2025-06-08,5.6,6.0668197,-0.46681966781616246
2025-06-02,2025-06-09,17.7,7.6051607,10.094839286804199
2025-06-02,2025-06-10,6.2,6.390662,-0.19066219329833967
2025-06-02,2025-06-11,8.8,7.5471077,1.2528923034667976
2025-06-02,2025-06-12,12.0,6.9394903,5.06050968170166
2025-06-02,2025-06-13,9.9,7.481062,2.4189380645751957
2025-06-02,2025-06-14,7.6,6.9077187,0.692281341552734
2025-06-02,2025-06-15,6.6,7.453169,-0.853168869018555
2025-06-02,2025-06-16,7.3,5.7923107,1.5076892852783201
2025-06-03,2025-06-04,7.0,7.351189,-0.35118913650512695
2025-06-03,2025-06-05,6.0,5.5050964,0.494903564453125
2025-06-03,2025-06-06,5.0,6.6568484,-1.656848430633545
2025-06-03,2025-06-07,4.3,6.8327966,-2.532796573638916
2025-06-03,2025-06-08,5.6,6.7728972,-1.1728972434997562
2025-06-03,2025-06-09,17.7,5.6789064,12.021093559265136
2025-06-03,2025-06-10,6.2,7.80872,-1.6087201118469237
2025-06-03,2025-06-11,8.8,6.312411,2.4875891685485847
2025-06-03,2025-06-12,12.0,7.3727965,4.627203464508057
2025-06-03,2025-06-13,9.9,6.6810036,3.2189964294433597
2025-06-03,2025-06-14,7.6,7.191588,0.40841207504272425
2025-06-03,2025-06-15,6.6,6.528479,0.071520900726318
2025-06-03,2025-06-16,7.3,6.921091,0.37890892028808576
2025-06-03,2025-06-17,7.5,6.091241,1.4087591171264648
2025-06-04,2025-06-05,6.0,7.1651444,-1.165144443511963
2025-06-04,2025-06-06,5.0,4.542182,0.45781803131103516
2025-06-04,2025-06-07,4.3,6.4627094,-2.162709426879883
2025-06-04,2025-06-08,5.6,6.6698294,-1.069829368591309
2025-06-04,2025-06-09,17.7,6.4815116,11.218488407135009
2025-06-04,2025-06-10,6.2,5.302849,0.8971511840820314
2025-06-04,2025-06-11,8.8,7.7425785,1.0574214935302741
2025-06-04,2025-06-12,12.0,6.1740236,5.825976371765137
2025-06-04,2025-06-13,9.9,7.0132165,2.8867835044860843
2025-06-04,2025-06-14,7.6,6.1846766,1.4153233528137203
2025-06-04,2025-06-15,6.6,7.0585685,-0.4585684776306156
2025-06-04,2025-06-16,7.3,6.447219,0.8527811050415037
2025-06-04,2025-06-17,7.5,6.454921,1.045079231262207
2025-06-04,2025-06-18,8.4,6.3750763,2.024923706054688
2025-06-05,2025-06-06,5.0,6.77048,-1.7704801559448242
2025-06-05,2025-06-07,4.3,3.5386527,0.7613473415374754
2025-06-05,2025-06-08,5.6,6.154925,-0.5549248695373539
2025-06-05,2025-06-09,17.7,6.307205,11.392794799804687
2025-06-05,2025-06-10,6.2,6.16264,0.0373599052429201
2025-06-05,2025-06-11,8.8,4.9437985,3.8562014579772956
2025-06-05,2025-06-12,12.0,7.244447,4.755552768707275
2025-06-05,2025-06-13,9.9,6.2686043,3.6313957214355472
2025-06-05,2025-06-14,7.6,6.6087503,0.9912496566772457
2025-06-05,2025-06-15,6.6,5.831502,0.7684980392456051
2025-06-05,2025-06-16,7.3,7.032498,0.26750211715698224
2025-06-05,2025-06-17,7.5,6.6080713,0.8919286727905273
2025-06-05,2025-06-18,8.4,6.155872,2.2441281318664554
2025-06-05,2025-06-19,13.3,6.5033817,6.796618270874024
2025-06-06,2025-06-07,4.3,7.0475235,-2.7475234985351564
2025-06-06,2025-06-08,5.6,4.258788,1.341211891174316
2025-06-06,2025-06-09,17.7,6.2116656,11.488334369659423
2025-06-06,2025-06-10,6.2,6.376197,-0.17619686126708967
2025-06-06,2025-06-11,8.8,6.089992,2.7100079536437995
2025-06-06,2025-06-12,12.0,4.94638,7.053619861602783
2025-06-06,2025-06-13,9.9,6.754075,3.1459249496459964
2025-06-06,2025-06-14,7.6,6.560753,1.039247131347656
2025-06-06,2025-06-15,6.6,6.3144736,0.2855263710021969
2025-06-06,2025-06-16,7.3,5.9016314,1.3983686447143553
2025-06-06,2025-06-17,7.5,6.702065,0.7979350090026855
2025-06-06,2025-06-18,8.4,6.7299566,1.6700433731079105
2025-06-06,2025-06-19,13.3,6.3419223,6.958077716827393
2025-06-06,2025-06-20,13.499999999999998,6.4183464,7.081653594970701
2025-06-07,2025-06-08,5.6,7.047183,-1.4471830368041996
2025-06-07,2025-06-09,17.7,4.3425484,13.357451629638671
2025-06-07,2025-06-10,6.2,6.1273785,0.07262153625488299
2025-06-07,2025-06-11,8.8,6.4180284,2.3819716453552253
2025-06-07,2025-06-12,12.0,5.9922485,6.00775146484375
2025-06-07,2025-06-13,9.9,4.927832,4.972167873382569
2025-06-07,2025-06-14,7.6,6.1798205,1.420179462432861
2025-06-07,2025-06-15,6.6,6.615635,-0.01563491821289098
2025-06-07,2025-06-16,7.3,6.6260967,0.6739032745361326
2025-06-07,2025-06-17,7.5,6.116712,1.3832879066467285
2025-06-07,2025-06-18,8.4,6.6708674,1.7291325569152836
2025-06-07,2025-06-19,13.3,6.5825863,6.717413711547852
2025-06-07,2025-06-20,13.499999999999998,6.47421,7.025790214538572
2025-06-07,2025-06-21,11.1,5.8994775,5.200522518157959
2025-06-08,2025-06-09,17.7,7.3558736,10.344126415252685
2025-06-08,2025-06-10,6.2,4.8912125,1.308787536621094
2025-06-08,2025-06-11,8.8,6.203697,2.596302795410157
2025-06-08,2025-06-12,12.0,6.779156,5.22084379196167
2025-06-08,2025-06-13,9.9,6.176062,3.7239378929138187
2025-06-08,2025-06-14,7.6,5.4116645,2.188335514068603
2025-06-08,2025-06-15,6.6,5.9079823,0.6920176506042477
2025-06-08,2025-06-16,7.3,6.890989,0.40901117324829084
2025-06-08,2025-06-17,7.5,6.9817915,0.5182085037231445
2025-06-08,2025-06-18,8.4,6.6595016,1.7404984474182132
2025-06-08,2025-06-19,13.3,6.935906,6.364094066619874
2025-06-08,2025-06-20,13.499999999999998,6.993624,6.506375789642332
2025-06-08,2025-06-21,11.1,7.1661572,3.9338427543640133
2025-06-08,2025-06-22,7.2,5.713818,1.486181926727295
2025-06-09,2025-06-10,6.2,7.750394,-1.5503938674926756
2025-06-09,2025-06-11,8.8,5.3947,3.405299949645997
2025-06-09,2025-06-12,12.0,6.902786,5.097214221954346
2025-06-09,2025-06-13,9.9,6.758127,3.1418727874755863
2025-06-09,2025-06-14,7.6,6.535207,1.0647932052612301
2025-06-09,2025-06-15,6.6,5.5360904,1.0639096260070797
2025-06-09,2025-06-16,7.3,6.389225,0.9107749938964842
2025-06-09,2025-06-17,7.5,6.7697377,0.730262279510498
2025-06-09,2025-06-18,8.4,7.4933324,0.9066676139831547
2025-06-09,2025-06-19,13.3,6.7316804,6.568319606781007
2025-06-09,2025-06-20,13.499999999999998,6.5913963,6.908603668212889
2025-06-09,2025-06-21,11.1,6.833145,4.266854858398437
2025-06-09,2025-06-22,7.2,6.6927934,0.5072066307067873
2025-06-09,2025-06-23,5.8,5.8779283,-0.07792825698852557
2025-06-10,2025-06-11,8.8,7.9701233,0.8298767089843757
2025-06-10,2025-06-12,12.0,5.856679,6.1433210372924805
2025-06-10,2025-06-13,9.9,7.2172413,2.682758712768555
2025-06-10,2025-06-14,7.6,6.955562,0.6444378852844235
2025-06-10,2025-06-15,6.6,6.8591666,-0.2591666221618656
2025-06-10,2025-06-16,7.3,5.770463,1.529537010192871
2025-06-10,2025-06-17,7.5,7.034558,0.4654421806335449
2025-06-10,2025-06-18,8.4,6.7113833,1.6886166572570804
2025-06-10,2025-06-19,13.3,7.3827195,5.91728048324585
2025-06-10,2025-06-20,13.499999999999998,6.512462,6.9875378608703596
2025-06-10,2025-06-21,11.1,6.6263347,4.473665332794189
2025-06-10,2025-06-22,7.2,6.822462,0.3775379180908205
2025-06-10,2025-06-23,5.8,6.2596235,-0.45962352752685565
2025-06-10,2025-06-24,6.3,6.147296,0.1527040481567381
2025-06-11,2025-06-12,12.0,8.008431,3.9915685653686523
2025-06-11,2025-06-13,9.9,5.4665956,4.433404350280762
2025-06-11,2025-06-14,7.6,7.2311344,0.3688655853271481
2025-06-11,2025-06-15,6.6,7.0297027,-0.4297026634216312
2025-06-11,2025-06-16,7.3,7.040259,0.2597411155700682
2025-06-11,2025-06-17,7.5,5.7029767,1.7970232963562012
2025-06-11,2025-06-18,8.4,7.2306485,1.1693514823913578
2025-06-11,2025-06-19,13.3,6.4288697,6.871130275726319
2025-06-11,2025-06-20,13.499999999999998,7.0520186,6.447981357574461
2025-06-11,2025-06-21,11.1,5.8337574,5.266242599487304
2025-06-11,2025-06-22,7.2,6.539823,0.6601769447326662
2025-06-11,2025-06-23,5.8,6.8597474,-1.0597474098205568
2025-06-11,2025-06-24,6.3,6.3192835,-0.019283485412597834
2025-06-11,2025-06-25,6.2,6.4280853,-0.22808532714843732
2025-06-12,2025-06-13,9.9,8.033797,1.8662027359008793
2025-06-12,2025-06-14,7.6,5.34653,2.2534700393676754
2025-06-12,2025-06-15,6.6,7.226676,-0.6266759872436527
2025-06-12,2025-06-16,7.3,6.9009495,0.39905052185058576
2025-06-12,2025-06-17,7.5,7.308394,0.1916060447692871
2025-06-12,2025-06-18,8.4,5.6567235,2.7432765007019047
2025-06-12,2025-06-19,13.3,7.128494,6.171506214141846
2025-06-12,2025-06-20,13.499999999999998,6.140547,7.3594532012939435
2025-06-12,2025-06-21,11.1,6.7065697,4.39343032836914
2025-06-12,2025-06-22,7.2,5.304563,1.8954369544982912
2025-06-12,2025-06-23,5.8,6.4853435,-0.6853434562683107
2025-06-12,2025-06-24,6.3,6.853501,-0.5535008430480959
2025-06-12,2025-06-25,6.2,6.2931848,-0.09318475723266584
2025-06-12,2025-06-26,5.9,6.6358194,-0.7358194351196286
2025-06-13,2025-06-14,7.6,8.566913,-0.9669126510620121
2025-06-13,2025-06-15,6.6,6.5850043,0.01499567031860316
2025-06-13,2025-06-16,7.3,7.3953757,-0.09537572860717791
2025-06-13,2025-06-17,7.5,7.2268786,0.27312135696411133
2025-06-13,2025-06-18,8.4,7.716484,0.6835159301757816
2025-06-13,2025-06-19,13.3,5.9219327,7.378067302703858
2025-06-13,2025-06-20,13.499999999999998,7.1010847,6.398915290832518
2025-06-13,2025-06-21,11.1,6.188039,4.91196117401123
2025-06-13,2025-06-22,7.2,6.3485785,0.8514215469360353
2025-06-13,2025-06-23,5.8,5.1222405,0.6777594566345213
2025-06-13,2025-06-24,6.3,6.3389354,-0.038935375213623225
2025-06-13,2025-06-25,6.2,6.7931986,-0.5931985855102537
2025-06-13,2025-06-26,5.9,6.655428,-0.7554279327392575
2025-06-13,2025-06-27,6.0,6.5818467,-0.5818467140197754
2025-06-14,2025-06-15,6.6,8.576175,-1.9761747360229496
2025-06-14,2025-06-16,7.3,7.3021965,-0.0021965026855470526
2025-06-14,2025-06-17,7.5,7.384438,0.11556196212768555
2025-06-14,2025-06-18,8.4,7.153991,1.2460087776184086
2025-06-14,2025-06-19,13.3,7.8514576,5.448542404174805
2025-06-14,2025-06-20,13.499999999999998,6.077509,7.422491073608397
2025-06-14,2025-06-21,11.1,6.7504253,4.3495746612548825
2025-06-14,2025-06-22,7.2,6.046637,1.1533629417419435
2025-06-14,2025-06-23,5.8,6.5763564,-0.7763564109802248
2025-06-14,2025-06-24,6.3,5.242439,1.0575612068176268
2025-06-14,2025-06-25,6.2,6.4000263,-0.20002632141113263
2025-06-14,2025-06-26,5.9,6.732757,-0.8327570915222164
2025-06-14,2025-06-27,6.0,6.8412066,-0.8412065505981445
2025-06-14,2025-06-28,4.8,6.2138996,-1.413899612426758
2025-06-15,2025-06-16,7.3,8.381427,-1.081426811218262
2025-06-15,2025-06-17,7.5,7.6728354,-0.1728353500366211
2025-06-15,2025-06-18,8.4,7.0854793,1.3145207405090336
2025-06-15,2025-06-19,13.3,7.083469,6.216531085968018
2025-06-15,2025-06-20,13.499999999999998,7.71735,5.782649993896483
2025-06-15,2025-06-21,11.1,6.414552,4.685447788238525
2025-06-15,2025-06-22,7.2,6.4354506,0.7645494461059572
2025-06-15,2025-06-23,5.8,6.201,-0.40100021362304705
2025-06-15,2025-06-24,6.3,6.8235164,-0.523516368865967
2025-06-15,2025-06-25,6.2,5.6792126,0.5207874298095705
2025-06-15,2025-06-26,5.9,6.7438316,-0.843831634521484
2025-06-15,2025-06-27,6.0,7.0624723,-1.0624723434448242
2025-06-15,2025-06-28,4.8,7.2649612,-2.4649612426757814
2025-06-15,2025-06-29,5.8,5.9682317,-0.16823167800903338
2025-06-16,2025-06-17,7.5,8.103797,-0.6037969589233398
2025-06-16,2025-06-18,8.4,7.711953,0.6880468368530277
2025-06-16,2025-06-19,13.3,7.024546,6.2754538536071784
2025-06-16,2025-06-20,13.499999999999998,7.2059264,6.294073581695555
2025-06-16,2025-06-21,11.1,7.37694,3.7230602264404293
2025-06-16,2025-06-22,7.2,6.4246554,0.7753445625305178
2025-06-16,2025-06-23,5.8,6.8899136,-1.0899135589599611
2025-06-16,2025-06-24,6.3,6.320338,-0.020337772369384943
2025-06-16,2025-06-25,6.2,6.9465837,-0.7465837478637694
2025-06-16,2025-06-26,5.9,5.741396,0.15860404968261754
2025-06-16,2025-06-27,6.0,6.3365407,-0.33654069900512695
2025-06-16,2025-06-28,4.8,6.997021,-2.1970211982727053
2025-06-16,2025-06-29,5.8,6.876519,-1.0765192031860353
2025-06-16,2025-06-30,8.5,5.9748793,2.525120735168457
2025-06-17,2025-06-18,8.4,7.714739,0.685261154174805
2025-06-17,2025-06-19,13.3,7.3266964,5.973303604125977
2025-06-17,2025-06-20,13.499999999999998,6.62438,6.875619888305662
2025-06-17,2025-06-21,11.1,7.118994,3.981005764007568
2025-06-17,2025-06-22,7.2,7.150959,0.04904098510742205
2025-06-17,2025-06-23,5.8,6.2885666,-0.4885665893554689
2025-06-17,2025-06-24,6.3,7.348452,-1.0484520912170412
2025-06-17,2025-06-25,6.2,6.182647,0.01735277175903338
2025-06-17,2025-06-26,5.9,6.756645,-0.8566452026367184
2025-06-17,2025-06-27,6.0,5.434164,0.5658359527587891
2025-06-17,2025-06-28,4.8,6.1920576,-1.3920576095581056
2025-06-17,2025-06-29,5.8,6.915735,-1.1157347679138185
2025-06-17,2025-06-30,8.5,6.258588,2.2414121627807617
2025-06-17,2025-07-01,9.9,6.0433655,3.8566345214843754
2025-06-18,2025-06-19,13.3,7.389526,5.910474109649659
2025-06-18,2025-06-20,13.499999999999998,6.7077527,6.792247295379637
2025-06-18,2025-06-21,11.1,6.2158384,4.884161567687988
2025-06-18,2025-06-22,7.2,7.101019,0.09898109436035174
2025-06-18,2025-06-23,5.8,6.9996123,-1.199612331390381
2025-06-18,2025-06-24,6.3,6.291938,0.008062171936034979
2025-06-18,2025-06-25,6.2,7.649555,-1.449555206298828
2025-06-18,2025-06-26,5.9,5.971958,-0.07195816040039027
2025-06-18,2025-06-27,6.0,6.424375,-0.424375057220459
2025-06-18,2025-06-28,4.8,4.90141,-0.10141010284423846
2025-06-18,2025-06-29,5.8,6.369267,-0.569266986846924
2025-06-18,2025-06-30,8.5,7.0021205,1.4978795051574707
2025-06-18,2025-07-01,9.9,5.7003655,4.199634456634522
2025-06-18,2025-07-02,4.7,6.1213784,-1.421378421783447
2025-06-19,2025-06-20,13.499999999999998,7.5510225,5.948977470397947
2025-06-19,2025-06-21,11.1,6.5036583,4.596341705322265
2025-06-19,2025-06-22,7.2,6.355893,0.8441068649291994
2025-06-19,2025-06-23,5.8,7.177389,-1.3773891448974611
2025-06-19,2025-06-24,6.3,7.324602,-1.0246021270751955
2025-06-19,2025-06-25,6.2,6.085843,0.1141569137573244
2025-06-19,2025-06-26,5.9,7.5736485,-1.6736484527587887
2025-06-19,2025-06-27,6.0,5.7280855,0.2719144821166992
2025-06-19,2025-06-28,4.8,6.3459797,-1.545979690551758
2025-06-19,2025-06-29,5.8,4.541588,1.258412170410156
2025-06-19,2025-06-30,8.5,6.2752104,2.224789619445801
2025-06-19,2025-07-01,9.9,6.9603143,2.939685726165772
2025-06-19,2025-07-02,4.7,5.822877,-1.1228769302368162
2025-06-19,2025-07-03,4.2,6.3210864,-2.1210864067077635
2025-06-20,2025-06-21,11.1,7.9987597,3.101240253448486
2025-06-20,2025-06-22,7.2,7.187049,0.012951087951660334
2025-06-20,2025-06-23,5.8,6.6477885,-0.8477885246276857
2025-06-20,2025-06-24,6.3,7.242111,-0.9421112060546877
2025-06-20,2025-06-25,6.2,7.729309,-1.5293090820312498
2025-06-20,2025-06-26,5.9,6.1017613,-0.20176134109497035
2025-06-20,2025-06-27,6.0,7.446467,-1.4464669227600098
2025-06-20,2025-06-28,4.8,5.8308635,-1.0308634757995607
2025-06-20,2025-06-29,5.8,6.280699,-0.48069877624511737
2025-06-20,2025-06-30,8.5,4.497728,4.002272129058838
2025-06-20,2025-07-01,9.9,6.146729,3.753271007537842
2025-06-20,2025-07-02,4.7,6.996923,-2.296922969818115
2025-06-20,2025-07-03,4.2,6.103696,-1.9036958694458006
2025-06-20,2025-07-04,6.8,6.310968,0.48903207778930646
2025-06-21,2025-06-22,7.2,8.726385,-1.5263851165771483
2025-06-21,2025-06-23,5.8,7.8521056,-2.0521056175231935
2025-06-21,2025-06-24,6.3,7.126504,-0.8265039443969728
2025-06-21,2025-06-25,6.2,7.34527,-1.1452701568603514
2025-06-21,2025-06-26,5.9,8.338531,-2.4385305404663082
2025-06-21,2025-06-27,6.0,6.3622932,-0.3622932434082031
2025-06-21,2025-06-28,4.8,7.4919596,-2.691959571838379
2025-06-21,2025-06-29,5.8,5.5742173,0.22578268051147443
2025-06-21,2025-06-30,8.5,6.7207556,1.7792444229125977
2025-06-21,2025-07-01,9.9,4.610946,5.289053821563721
2025-06-21,2025-07-02,4.7,6.33212,-1.6321199417114256
2025-06-21,2025-07-03,4.2,6.8058496,-2.605849552154541
2025-06-21,2025-07-04,6.8,6.41462,0.38538007736206037
2025-06-21,2025-07-05,5.0,5.8863926,-0.8863925933837891
2025-06-22,2025-06-23,5.8,8.3063135,-2.506313514709473
2025-06-22,2025-06-24,6.3,8.23881,-1.9388095855712892
2025-06-22,2025-06-25,6.2,7.030527,-0.8305271148681639
2025-06-22,2025-06-26,5.9,6.9135165,-1.013516521453857
2025-06-22,2025-06-27,6.0,8.122524,-2.1225242614746094
2025-06-22,2025-06-28,4.8,6.4574842,-1.6574842453002931
2025-06-22,2025-06-29,5.8,6.951158,-1.1511580467224123
2025-06-22,2025-06-30,8.5,5.8153048,2.684695243835449
2025-06-22,2025-07-01,9.9,6.9174657,2.9825343132019047
2025-06-22,2025-07-02,4.7,5.2825885,-0.582588481903076
2025-06-22,2025-07-03,4.2,6.8351383,-2.6351383209228514
2025-06-22,2025-07-04,6.8,7.145946,-0.34594602584838885
2025-06-22,2025-07-05,5.0,6.9190407,-1.9190406799316406
2025-06-22,2025-07-06,3.8,5.7245064,-1.9245063781738283
2025-06-23,2025-06-24,6.3,7.49033,-1.190330219268799
2025-06-23,2025-06-25,6.2,7.9379144,-1.7379143714904783
2025-06-23,2025-06-26,5.9,6.630974,-0.7309738159179684
2025-06-23,2025-06-27,6.0,6.1004176,-0.1004176139831543
2025-06-23,2025-06-28,4.8,7.5196586,-2.7196585655212404
2025-06-23,2025-06-29,5.8,6.0100307,-0.21003074645996112
2025-06-23,2025-06-30,8.5,7.0916934,1.40830659866333
2025-06-23,2025-07-01,9.9,5.6606855,4.239314460754395
2025-06-23,2025-07-02,4.7,7.032683,-2.3326828956604
2025-06-23,2025-07-03,4.2,5.437904,-1.2379038810729979
2025-06-23,2025-07-04,6.8,6.6420717,0.15792827606201154
2025-06-23,2025-07-05,5.0,6.851453,-1.8514528274536133
2025-06-23,2025-07-06,3.8,6.179087,-2.3790871620178224
2025-06-23,2025-07-07,4.3,5.608102,-1.3081018447875978
2025-06-24,2025-06-25,6.2,6.4099345,-0.20993452072143537
2025-06-24,2025-06-26,5.9,6.85758,-0.9575801849365231
2025-06-24,2025-06-27,6.0,6.017756,-0.017755985260009766
2025-06-24,2025-06-28,4.8,5.1170044,-0.3170043945312502
2025-06-24,2025-06-29,5.8,6.8318515,-1.0318514823913576
2025-06-24,2025-06-30,8.5,5.2376733,3.262326717376709
2025-06-24,2025-07-01,9.9,7.136406,2.7635940551757816
2025-06-24,2025-07-02,4.7,5.465231,-0.7652309417724608
2025-06-24,2025-07-03,4.2,6.808052,-2.608052062988281
2025-06-24,2025-07-04,6.8,5.3365564,1.4634435653686522
2025-06-24,2025-07-05,5.0,6.4456844,-1.4456844329833984
2025-06-24,2025-07-06,3.8,6.6270046,-2.827004623413086
2025-06-24,2025-07-07,4.3,5.5871935,-1.2871934890747072
2025-06-24,2025-07-08,5.4,5.877526,-0.4775258064270016
2025-06-25,2025-06-26,5.9,5.47103,0.428969764709473
2025-06-25,2025-06-27,6.0,5.410988,0.5890121459960938
2025-06-25,2025-06-28,4.8,5.3902497,-0.5902497291564943
2025-06-25,2025-06-29,5.8,4.477011,1.3229887962341307
2025-06-25,2025-06-30,8.5,6.2640624,2.2359375953674316
2025-06-25,2025-07-01,9.9,4.965755,4.934245014190674
2025-06-25,2025-07-02,4.7,7.26364,-2.5636399269104
2025-06-25,2025-07-03,4.2,5.2190514,-1.0190513610839842
2025-06-25,2025-07-04,6.8,6.407973,0.39202718734741193
2025-06-25,2025-07-05,5.0,4.9106483,0.08935165405273438
2025-06-25,2025-07-06,3.8,6.5752983,-2.775298309326172
2025-06-25,2025-07-07,4.3,6.7255073,-2.4255072593688967
2025-06-25,2025-07-08,5.4,5.1810575,0.21894254684448278
2025-06-25,2025-07-09,5.6,6.1692185,-0.5692185401916507
2025-06-26,2025-06-27,6.0,4.7975116,1.2024884223937988
2025-06-26,2025-06-28,4.8,4.745222,0.054777908325195135
2025-06-26,2025-06-29,5.8,4.9532356,0.8467643737792967
2025-06-26,2025-06-30,8.5,4.113509,4.386490821838379
2025-06-26,2025-07-01,9.9,5.8990226,4.000977420806885
2025-06-26,2025-07-02,4.7,4.820128,-0.12012796401977521
2025-06-26,2025-07-03,4.2,6.9237275,-2.723727512359619
2025-06-26,2025-07-04,6.8,5.279169,1.5208309173583983
2025-06-26,2025-07-05,5.0,6.137367,-1.137366771697998
2025-06-26,2025-07-06,3.8,4.91483,-1.1148302078247072
2025-06-26,2025-07-07,4.3,6.644117,-2.3441168785095217
2025-06-26,2025-07-08,5.4,7.0186486,-1.6186486244201657
2025-06-26,2025-07-09,5.6,5.275277,0.324722862243652
2025-06-26,2025-07-10,6.2,6.449076,-0.2490761756896971
2025-06-27,2025-06-28,4.8,4.746478,0.053521919250488104
2025-06-27,2025-06-29,5.8,5.260733,0.5392668724060057
2025-06-27,2025-06-30,8.5,5.226226,3.2737741470336914
2025-06-27,2025-07-01,9.9,4.454682,5.445318126678467
2025-06-27,2025-07-02,4.7,5.86761,-1.1676099777221678
2025-06-27,2025-07-03,4.2,4.777038,-0.5770380973815916
2025-06-27,2025-07-04,6.8,6.484397,0.3156030654907225
2025-06-27,2025-07-05,5.0,5.810507,-0.8105068206787109
2025-06-27,2025-07-06,3.8,6.0974236,-2.297423553466797
2025-06-27,2025-07-07,4.3,5.5354066,-1.2354065895080568
2025-06-27,2025-07-08,5.4,6.4987793,-1.0987792968749996
2025-06-27,2025-07-09,5.6,7.4221697,-1.8221696853637699
2025-06-27,2025-07-10,6.2,5.9451084,0.2548915863037111
2025-06-27,2025-07-11,9.4,6.7103996,2.6896003723144535
2025-06-28,2025-06-29,5.8,4.588295,1.2117050170898436
2025-06-28,2025-06-30,8.5,5.3291183,3.170881748199463
2025-06-28,2025-07-01,9.9,5.3176656,4.582334423065186
2025-06-28,2025-07-02,4.7,4.205752,0.49424810409545916
2025-06-28,2025-07-03,4.2,5.962823,-1.762822914123535
2025-06-28,2025-07-04,6.8,5.010351,1.7896488189697264
2025-06-28,2025-07-05,5.0,6.082972,-1.0829720497131348
2025-06-28,2025-07-06,3.8,5.7644587,-1.9644586563110353
2025-06-28,2025-07-07,4.3,6.587746,-2.2877461433410646
2025-06-28,2025-07-08,5.4,6.034523,-0.6345230102539059
2025-06-28,2025-07-09,5.6,6.770449,-1.1704491615295414
2025-06-28,2025-07-10,6.2,7.617274,-1.4172738075256346
2025-06-28,2025-07-11,9.4,5.9155793,3.484420680999756
2025-06-28,2025-07-12,7.6,6.508082,1.0919180870056149
2025-06-29,2025-06-30,8.5,4.660374,3.839625835418701
2025-06-29,2025-07-01,9.9,5.4578094,4.442190551757813
2025-06-29,2025-07-02,4.7,5.2582045,-0.5582044601440428
2025-06-29,2025-07-03,4.2,4.3256326,-0.1256325721740721
2025-06-29,2025-07-04,6.8,6.0537715,0.746228504180908
2025-06-29,2025-07-05,5.0,5.8692417,-0.8692417144775391
2025-06-29,2025-07-06,3.8,6.1629143,-2.362914276123047
2025-06-29,2025-07-07,4.3,5.8784375,-1.5784375190734865
2025-06-29,2025-07-08,5.4,6.917303,-1.517303085327148
2025-06-29,2025-07-09,5.6,6.4853315,-0.8853315353393558
2025-06-29,2025-07-10,6.2,7.5709624,-1.3709624290466307
2025-06-29,2025-07-11,9.4,8.011418,1.3885816574096683
2025-06-29,2025-07-12,7.6,6.2742076,1.3257924079895016
2025-06-29,2025-07-13,7.0,6.325516,0.6744837760925293
2025-06-30,2025-07-01,9.9,5.0905576,4.80944242477417
2025-06-30,2025-07-02,4.7,5.7329416,-1.0329416275024412
2025-06-30,2025-07-03,4.2,5.538793,-1.338793087005615
2025-06-30,2025-07-04,6.8,4.607241,2.192758846282959
2025-06-30,2025-07-05,5.0,6.4816713,-1.4816713333129883
2025-06-30,2025-07-06,3.8,5.991578,-2.1915781021118166
2025-06-30,2025-07-07,4.3,6.982657,-2.6826569557189943
2025-06-30,2025-07-08,5.4,5.6443295,-0.24432954788207972
2025-06-30,2025-07-09,5.6,7.155512,-1.555511856079102
2025-06-30,2025-07-10,6.2,6.3151727,-0.11517267227172834
2025-06-30,2025-07-11,9.4,7.334941,2.065059089660645
2025-06-30,2025-07-12,7.6,7.609405,-0.009405040740967152
2025-06-30,2025-07-13,7.0,6.1998386,0.8001613616943359
2025-06-30,2025-07-14,6.7,6.374825,0.3251749992370607
2025-07-01,2025-07-02,4.7,6.1148458,-1.4148457527160643
2025-07-01,2025-07-03,4.2,5.810119,-1.6101191520690916
2025-07-01,2025-07-04,6.8,5.7593136,1.0406864166259764
2025-07-01,2025-07-05,5.0,5.735545,-0.7355451583862305
2025-07-01,2025-07-06,3.8,6.6903157,-2.8903157234191896
2025-07-01,2025-07-07,4.3,6.2629633,-1.9629632949829103
2025-07-01,2025-07-08,5.4,7.9371552,-2.537155246734619
2025-07-01,2025-07-09,5.6,5.4027123,0.19728765487670863
2025-07-01,2025-07-10,6.2,7.210276,-1.010276126861572
2025-07-01,2025-07-11,9.4,5.8200417,3.5799583435058597
2025-07-01,2025-07-12,7.6,7.24833,0.351669883728027
2025-07-01,2025-07-13,7.0,6.804362,0.19563817977905273
2025-07-01,2025-07-14,6.7,5.53793,1.1620699882507326
2025-07-01,2025-07-15,5.5,5.9606357,-0.4606356620788574
2025-07-02,2025-07-03,4.2,6.73253,-2.532530117034912
2025-07-02,2025-07-04,6.8,5.729264,1.0707362174987791
2025-07-02,2025-07-05,5.0,5.583238,-0.5832381248474121
2025-07-02,2025-07-06,3.8,6.8357635,-3.035763454437256
2025-07-02,2025-07-07,4.3,6.6769495,-2.376949501037598
2025-07-02,2025-07-08,5.4,6.4375257,-1.0375257492065426
2025-07-02,2025-07-09,5.6,8.276282,-2.67628231048584
2025-07-02,2025-07-10,6.2,5.441074,0.7589261054992678
2025-07-02,2025-07-11,9.4,6.967764,2.4322360992431644
2025-07-02,2025-07-12,7.6,5.4092393,2.1907607078552243
2025-07-02,2025-07-13,7.0,7.313318,-0.31331777572631836
2025-07-02,2025-07-14,6.7,6.4145985,0.28540153503417987
2025-07-02,2025-07-15,5.5,5.3840346,0.11596536636352539
2025-07-02,2025-07-16,5.8,5.7014275,0.09857254028320295
2025-07-03,2025-07-04,6.8,7.562859,-0.7628590583801271
2025-07-03,2025-07-05,5.0,5.4661593,-0.4661593437194824
2025-07-03,2025-07-06,3.8,5.6413484,-1.8413483619689943
2025-07-03,2025-07-07,4.3,7.6793513,-3.379351329803467
2025-07-03,2025-07-08,5.4,6.7357087,-1.3357087135314938
2025-07-03,2025-07-09,5.6,6.5510807,-0.9510807037353519
2025-07-03,2025-07-10,6.2,8.377857,-2.177857208251953
2025-07-03,2025-07-11,9.4,5.524792,3.8752078056335453
2025-07-03,2025-07-12,7.6,6.857275,0.7427249908447262
2025-07-03,2025-07-13,7.0,5.3135314,1.6864686012268066
2025-07-03,2025-07-14,6.7,7.2646203,-0.5646203041076658
2025-07-03,2025-07-15,5.5,6.5975904,-1.097590446472168
2025-07-03,2025-07-16,5.8,4.8354893,0.9645107269287108
2025-07-03,2025-07-17,6.4,5.3213325,1.0786675453186039
2025-07-04,2025-07-05,5.0,8.136651,-3.136651039123535
2025-07-04,2025-07-06,3.8,6.117855,-2.3178550720214846
2025-07-04,2025-07-07,4.3,5.8137317,-1.5137316703796388
2025-07-04,2025-07-08,5.4,8.13332,-2.7333198547363278
2025-07-04,2025-07-09,5.6,6.675236,-1.0752362251281742
2025-07-04,2025-07-10,6.2,6.4334064,-0.233406352996826
2025-07-04,2025-07-11,9.4,7.879752,1.520247840881348
2025-07-04,2025-07-12,7.6,5.915086,1.6849142074584957
2025-07-04,2025-07-13,7.0,6.6648965,0.33510351181030273
2025-07-04,2025-07-14,6.7,5.5511045,1.1488954544067385
2025-07-04,2025-07-15,5.5,7.015962,-1.5159621238708496
2025-07-04,2025-07-16,5.8,6.6773276,-0.8773276329040529
2025-07-04,2025-07-17,6.4,4.8247714,1.575228595733643
2025-07-04,2025-07-18,7.0,5.133694,1.8663058280944824
2025-07-05,2025-07-06,3.8,7.832048,-4.032047939300537
2025-07-05,2025-07-07,4.3,5.7809477,-1.4809476852416994
2025-07-05,2025-07-08,5.4,5.3849444,0.015055561065674183
2025-07-05,2025-07-09,5.6,7.3481045,-1.7481044769287113
2025-07-05,2025-07-10,6.2,6.3128276,-0.11282758712768537
2025-07-05,2025-07-11,9.4,6.0438285,3.35617151260376
2025-07-05,2025-07-12,7.6,7.0864725,0.5135274887084957
2025-07-05,2025-07-13,7.0,5.9050584,1.0949416160583496
2025-07-05,2025-07-14,6.7,6.804085,-0.10408477783203107
2025-07-05,2025-07-15,5.5,5.7453,-0.2452998161315918
2025-07-05,2025-07-16,5.8,7.006025,-1.2060248374938967
2025-07-05,2025-07-17,6.4,6.5777073,-0.1777072906494137
2025-07-05,2025-07-18,7.0,4.530695,2.4693050384521484
2025-07-05,2025-07-19,5.8,4.7012935,1.098706531524658
2025-07-06,2025-07-07,4.3,7.456835,-3.1568347930908205
2025-07-06,2025-07-08,5.4,5.533464,-0.13346395492553675
2025-07-06,2025-07-09,5.6,4.5919785,1.0080214500427243
2025-07-06,2025-07-10,6.2,7.024305,-0.8243048667907713
2025-07-06,2025-07-11,9.4,5.665676,3.734323883056641
2025-07-06,2025-07-12,7.6,5.951498,1.6485019683837887
2025-07-06,2025-07-13,7.0,6.5120516,0.4879484176635742
2025-07-06,2025-07-14,6.7,5.987327,0.7126729011535646
2025-07-06,2025-07-15,5.5,6.850603,-1.3506031036376953
2025-07-06,2025-07-16,5.8,6.013882,-0.21388216018676776
2025-07-06,2025-07-17,6.4,7.3057704,-0.9057703971862789
2025-07-06,2025-07-18,7.0,6.124225,0.8757748603820801
2025-07-06,2025-07-19,5.8,5.198553,0.6014469146728514
2025-07-06,2025-07-20,3.9000000000000004,3.9743612,-0.07436118125915492
2025-07-07,2025-07-08,5.4,6.9804587,-1.5804587364196774
2025-07-07,2025-07-09,5.6,5.370342,0.22965822219848597
2025-07-07,2025-07-10,6.2,4.251928,1.948072147369385
2025-07-07,2025-07-11,9.4,6.7873626,2.6126374244689945
2025-07-07,2025-07-12,7.6,4.9978952,2.6021047592163082
2025-07-07,2025-07-13,7.0,5.535759,1.4642410278320312
2025-07-07,2025-07-14,6.7,6.4646406,0.2353593826293947
2025-07-07,2025-07-15,5.5,5.7902102,-0.2902102470397949
2025-07-07,2025-07-16,5.8,6.868948,-1.0689479827880861
2025-07-07,2025-07-17,6.4,5.7733903,0.6266097068786625
2025-07-07,2025-07-18,7.0,6.7413373,0.25866270065307617
2025-07-07,2025-07-19,5.8,5.3718195,0.42818050384521467
2025-07-07,2025-07-20,3.9000000000000004,5.215462,-1.315462207794189
2025-07-07,2025-07-21,4.3,3.4983516,0.801648426055908
2025-07-08,2025-07-09,5.6,6.8483124,-1.2483123779296879
2025-07-08,2025-07-10,6.2,5.1509995,1.0490004539489748
2025-07-08,2025-07-11,9.4,4.4525895,4.9474104881286625
2025-07-08,2025-07-12,7.6,7.0390553,0.5609446525573727
2025-07-08,2025-07-13,7.0,4.6704807,2.329519271850586
2025-07-08,2025-07-14,6.7,5.271922,1.4280778884887697
2025-07-08,2025-07-15,5.5,6.856708,-1.35670804977417
2025-07-08,2025-07-16,5.8,5.8053417,-0.005341720581054865
2025-07-08,2025-07-17,6.4,6.5954123,-0.19541225433349574
2025-07-08,2025-07-18,7.0,5.389891,1.6101088523864746
2025-07-08,2025-07-19,5.8,6.162315,-0.3623148918151857
2025-07-08,2025-07-20,3.9000000000000004,5.327452,-1.427452182769775
2025-07-08,2025-07-21,4.3,5.1457176,-0.8457176208496096
2025-07-08,2025-07-22,4.1,3.5966487,0.5033513069152828
2025-07-09,2025-07-10,6.2,6.9623866,-0.7623866081237791
2025-07-09,2025-07-11,9.4,4.540918,4.859082126617432
2025-07-09,2025-07-12,7.6,4.6916423,2.908357715606689
2025-07-09,2025-07-13,7.0,7.219368,-0.21936798095703125
2025-07-09,2025-07-14,6.7,4.8737197,1.8262803077697756
2025-07-09,2025-07-15,5.5,5.187398,0.31260204315185547
2025-07-09,2025-07-16,5.8,7.2217407,-1.4217407226562502
2025-07-09,2025-07-17,6.4,5.7670794,0.6329206466674808
2025-07-09,2025-07-18,7.0,6.194393,0.8056068420410156
2025-07-09,2025-07-19,5.8,4.879233,0.9207671165466307
2025-07-09,2025-07-20,3.9000000000000004,6.0715322,-2.1715322494506832
2025-07-09,2025-07-21,4.3,5.716573,-1.416573238372803
2025-07-09,2025-07-22,4.1,4.8587956,-0.7587956428527836
2025-07-09,2025-07-23,11.5,3.9532905,7.5467095375061035
2025-07-10,2025-07-11,9.4,7.266336,2.1336640357971195
2025-07-10,2025-07-12,7.6,4.423934,3.1760660171508786
2025-07-10,2025-07-13,7.0,4.8741784,2.125821590423584
2025-07-10,2025-07-14,6.7,7.3358426,-0.6358426094055174
2025-07-10,2025-07-15,5.5,5.263891,0.23610877990722656
2025-07-10,2025-07-16,5.8,5.418067,0.38193302154541
2025-07-10,2025-07-17,6.4,7.344463,-0.9444628715515133
2025-07-10,2025-07-18,7.0,5.741072,1.258927822113037
2025-07-10,2025-07-19,5.8,5.800263,-0.00026292800903338076
2025-07-10,2025-07-20,3.9000000000000004,4.460054,-0.5600539207458493
2025-07-10,2025-07-21,4.3,6.3327236,-2.032723617553711
2025-07-10,2025-07-22,4.1,6.1009145,-2.0009144783020023
2025-07-10,2025-07-23,11.5,4.452351,7.047648906707764
2025-07-10,2025-07-24,6.7,4.215264,2.4847361564636232
2025-07-11,2025-07-12,7.6,7.781482,-0.18148221969604528
2025-07-11,2025-07-13,7.0,5.296579,1.7034211158752441
2025-07-11,2025-07-14,6.7,5.2041073,1.4958927154541017
2025-07-11,2025-07-15,5.5,7.485056,-1.985055923461914
2025-07-11,2025-07-16,5.8,5.7601833,0.039816665649413885
2025-07-11,2025-07-17,6.4,5.4290557,0.9709443092346195
2025-07-11,2025-07-18,7.0,6.9983664,0.0016336441040039062
2025-07-11,2025-07-19,5.8,5.9078455,-0.10784549713134783
2025-07-11,2025-07-20,3.9000000000000004,5.509038,-1.6090379714965817
2025-07-11,2025-07-21,4.3,4.362767,-0.06276721954345721
2025-07-11,2025-07-22,4.1,6.206446,-2.106446170806885
2025-07-11,2025-07-23,11.5,6.107075,5.392924785614014
2025-07-11,2025-07-24,6.7,4.9357367,1.7642633438110353
2025-07-11,2025-07-25,10.0,4.477209,5.522790908813477
2025-07-12,2025-07-13,7.0,8.163861,-1.1638612747192383
2025-07-12,2025-07-14,6.7,5.65894,1.0410601615905763
2025-07-12,2025-07-15,5.5,5.506695,-0.006694793701171875
2025-07-12,2025-07-16,5.8,7.356069,-1.556069087982178
2025-07-12,2025-07-17,6.4,6.261784,0.13821592330932653
2025-07-12,2025-07-18,7.0,5.491874,1.5081257820129395
2025-07-12,2025-07-19,5.8,6.8267903,-1.0267903327941896
2025-07-12,2025-07-20,3.9000000000000004,5.664592,-1.7645917892456051
2025-07-12,2025-07-21,4.3,5.819107,-1.5191070556640627
2025-07-12,2025-07-22,4.1,4.365347,-0.2653469085693363
2025-07-12,2025-07-23,11.5,6.3131514,5.1868486404418945
2025-07-12,2025-07-24,6.7,5.962693,0.7373067855834963
2025-07-12,2025-07-25,10.0,5.304187,4.695813179016113
2025-07-12,2025-07-26,6.7,4.339744,2.3602559089660646
2025-07-13,2025-07-14,6.7,8.353251,-1.6532514572143553
2025-07-13,2025-07-15,5.5,6.0425706,-0.5425705909729004
2025-07-13,2025-07-16,5.8,5.641182,0.15881805419921857
2025-07-13,2025-07-17,6.4,7.3757715,-0.9757715225219723
2025-07-13,2025-07-18,7.0,6.526183,0.4738168716430664
2025-07-13,2025-07-19,5.8,5.6137214,0.18627862930297834
2025-07-13,2025-07-20,3.9000000000000004,6.6418667,-2.7418666839599606
2025-07-13,2025-07-21,4.3,5.7862167,-1.486216735839844
2025-07-13,2025-07-22,4.1,5.9620113,-1.8620113372802738
2025-07-13,2025-07-23,11.5,4.588992,6.911007881164551
2025-07-13,2025-07-24,6.7,6.5491934,0.15080661773681658
2025-07-13,2025-07-25,10.0,6.071035,3.9289650917053223
2025-07-13,2025-07-26,6.7,6.47079,0.2292100906372072
2025-07-13,2025-07-27,5.1,4.403967,0.6960330963134762
2025-07-14,2025-07-15,5.5,7.8118854,-2.311885356903076
2025-07-14,2025-07-16,5.8,6.366154,-0.566154193878174
2025-07-14,2025-07-17,6.4,5.678417,0.7215827941894535
2025-07-14,2025-07-18,7.0,7.0192475,-0.01924753189086914
2025-07-14,2025-07-19,5.8,6.4608407,-0.6608407020568849
2025-07-14,2025-07-20,3.9000000000000004,5.271889,-1.371889209747314
2025-07-14,2025-07-21,4.3,6.782173,-2.4821731567382814
2025-07-14,2025-07-22,4.1,5.653008,-1.5530079841613773
2025-07-14,2025-07-23,11.5,6.0665383,5.433461666107178
2025-07-14,2025-07-24,6.7,4.6117597,2.0882403373718263
2025-07-14,2025-07-25,10.0,6.193286,3.8067140579223633
2025-07-14,2025-07-26,6.7,5.675408,1.0245921134948732
2025-07-14,2025-07-27,5.1,6.202629,-1.102629089355469
2025-07-14,2025-07-28,6.2,4.5253263,1.6746737480163576
2025-07-15,2025-07-16,5.8,6.9198365,-1.1198365211486818
2025-07-15,2025-07-17,6.4,6.1259384,0.2740615844726566
2025-07-15,2025-07-18,7.0,5.4356103,1.564389705657959
2025-07-15,2025-07-19,5.8,6.578158,-0.7781579017639162
2025-07-15,2025-07-20,3.9000000000000004,6.074837,-2.174837207794189
2025-07-15,2025-07-21,4.3,4.5822215,-0.2822215080261232
2025-07-15,2025-07-22,4.1,6.6815915,-2.5815915107727054
2025-07-15,2025-07-23,11.5,5.691363,5.8086371421813965
2025-07-15,2025-07-24,6.7,5.905386,0.7946140289306642
2025-07-15,2025-07-25,10.0,4.6594753,5.340524673461914
2025-07-15,2025-07-26,6.7,5.874791,0.8252088546752931
2025-07-15,2025-07-27,5.1,5.526525,-0.4265250205993656
2025-07-15,2025-07-28,6.2,5.937836,0.262163829803467
2025-07-15,2025-07-29,6.6,4.797037,1.8029628753662106
2025-07-16,2025-07-17,6.4,6.296746,0.1032542228698734
2025-07-16,2025-07-18,7.0,5.5776224,1.422377586364746
2025-07-16,2025-07-19,5.8,5.2481775,0.5518224716186522
2025-07-16,2025-07-20,3.9000000000000004,6.517042,-2.6170421600341793
2025-07-16,2025-07-21,4.3,5.743738,-1.4437381744384767
2025-07-16,2025-07-22,4.1,4.4001646,-0.3001646041870121
2025-07-16,2025-07-23,11.5,6.737321,4.762679100036621
2025-07-16,2025-07-24,6.7,5.759348,0.9406520843505861
2025-07-16,2025-07-25,10.0,5.6567802,4.343219757080078
2025-07-16,2025-07-26,6.7,4.4599004,2.240099620819092
2025-07-16,2025-07-27,5.1,5.94855,-0.8485502243041996
2025-07-16,2025-07-28,6.2,5.8168635,0.3831364631652834
2025-07-16,2025-07-29,6.6,5.6019287,0.9980712890624996
2025-07-16,2025-07-30,6.3,5.0418153,1.2581847190856932
2025-07-17,2025-07-18,7.0,6.1167235,0.8832764625549316
2025-07-17,2025-07-19,5.8,4.8976483,0.902351665496826
2025-07-17,2025-07-20,3.9000000000000004,5.217214,-1.3172141075134274
2025-07-17,2025-07-21,4.3,6.2742863,-1.9742862701416017
2025-07-17,2025-07-22,4.1,5.896432,-1.796431922912598
2025-07-17,2025-07-23,11.5,4.143549,7.356451034545898
2025-07-17,2025-07-24,6.7,6.6391172,0.06088275909423846
2025-07-17,2025-07-25,10.0,5.754197,4.245802879333496
2025-07-17,2025-07-26,6.7,5.5009084,1.1990916252136232
2025-07-17,2025-07-27,5.1,4.3415055,0.7584944725036618
2025-07-17,2025-07-28,6.2,5.9684577,0.2315423011779787
2025-07-17,2025-07-29,6.6,6.0932384,0.5067616462707516
2025-07-17,2025-07-30,6.3,5.637956,0.6620438575744627
2025-07-17,2025-07-31,6.500000000000001,5.398032,1.1019678115844735
2025-07-18,2025-07-19,5.8,5.967996,-0.16799612045288104
2025-07-18,2025-07-20,3.9000000000000004,5.1702876,-1.2702876091003414
2025-07-18,2025-07-21,4.3,4.9806066,-0.6806065559387209
2025-07-18,2025-07-22,4.1,6.0268164,-1.9268163681030277
2025-07-18,2025-07-23,11.5,5.602412,5.897587776184082
2025-07-18,2025-07-24,6.7,4.430655,2.269344997406006
2025-07-18,2025-07-25,10.0,6.355502,3.644497871398926
2025-07-18,2025-07-26,6.7,5.968092,0.7319080352783205
2025-07-18,2025-07-27,5.1,5.194892,-0.0948919296264652
2025-07-18,2025-07-28,6.2,4.2597656,1.9402343750000002
2025-07-18,2025-07-29,6.6,6.041048,0.5589519500732418
2025-07-18,2025-07-30,6.3,6.261934,0.03806619644165021
2025-07-18,2025-07-31,6.500000000000001,5.372844,1.1271557807922372
2025-07-18,2025-08-01,3.7,5.3286133,-1.6286132812499998
2025-07-19,2025-07-20,3.9000000000000004,5.694996,-1.7949958801269528
2025-07-19,2025-07-21,4.3,4.7198567,-0.41985673904418963
2025-07-19,2025-07-22,4.1,4.4472885,-0.3472885131835941
2025-07-19,2025-07-23,11.5,5.7997713,5.700228691101074
2025-07-19,2025-07-24,6.7,5.3627996,1.3372003555297853
2025-07-19,2025-07-25,10.0,4.122772,5.877227783203125
2025-07-19,2025-07-26,6.7,5.6984577,1.0015422821044924
2025-07-19,2025-07-27,5.1,5.867693,-0.7676929473876957
2025-07-19,2025-07-28,6.2,5.529029,0.6709711074829103
2025-07-19,2025-07-29,6.6,4.1551466,2.4448534011840817
2025-07-19,2025-07-30,6.3,6.014532,0.2854679107666014
2025-07-19,2025-07-31,6.500000000000001,5.659782,0.8402180671691903
2025-07-19,2025-08-01,3.7,5.733402,-2.0334017753601072
2025-07-19,2025-08-02,4.9,4.366824,0.5331758499145511
2025-07-20,2025-07-21,4.3,5.5677896,-1.2677895545959474
2025-07-20,2025-07-22,4.1,4.6274223,-0.5274223327636722
2025-07-20,2025-07-23,11.5,4.1369934,7.363006591796875
2025-07-20,2025-07-24,6.7,5.667855,1.0321452140808107
2025-07-20,2025-07-25,10.0,5.25279,4.7472100257873535
2025-07-20,2025-07-26,6.7,4.3469853,2.353014659881592
2025-07-20,2025-07-27,5.1,5.4021335,-0.3021334648132328
2025-07-20,2025-07-28,6.2,6.160472,0.03952808380126971
2025-07-20,2025-07-29,6.6,5.61297,0.9870301246643063
2025-07-20,2025-07-30,6.3,4.5650406,1.7349594116210936
2025-07-20,2025-07-31,6.500000000000001,6.413936,0.08606386184692472
2025-07-20,2025-08-01,3.7,5.900803,-2.2008030891418455
2025-07-20,2025-08-02,4.9,6.7275324,-1.8275323867797848
2025-07-20,2025-08-03,6.1000000000000005,4.1767926,1.9232073783874517
2025-07-21,2025-07-22,4.1,5.456223,-1.356223011016846
2025-07-21,2025-07-23,11.5,4.782795,6.717205047607422
2025-07-21,2025-07-24,6.7,4.3097625,2.3902375221252443
2025-07-21,2025-07-25,10.0,5.668835,4.331164836883545
2025-07-21,2025-07-26,6.7,5.175766,1.5242340087890627
2025-07-21,2025-07-27,5.1,4.583538,0.5164619445800778
2025-07-21,2025-07-28,6.2,5.9728923,0.22710771560668963
2025-07-21,2025-07-29,6.6,6.0642824,0.5357175827026364
2025-07-21,2025-07-30,6.3,5.7096977,0.590302276611328
2025-07-21,2025-07-31,6.500000000000001,4.5100465,1.9899535179138192
2025-07-21,2025-08-01,3.7,6.29288,-2.592880058288574
2025-07-21,2025-08-02,4.9,5.718415,-0.8184147834777828
2025-07-21,2025-08-03,6.1000000000000005,6.4029884,-0.3029884338378901
2025-07-21,2025-08-04,4.7,4.2937894,0.4062106132507326
2025-07-22,2025-07-23,11.5,5.047286,6.452713966369629
2025-07-22,2025-07-24,6.7,4.3657265,2.3342735290527346
2025-07-22,2025-07-25,10.0,4.2404766,5.759523391723633
2025-07-22,2025-07-26,6.7,5.4401364,1.259863567352295
2025-07-22,2025-07-27,5.1,5.0670333,0.032966709136962535
2025-07-22,2025-07-28,6.2,4.582262,1.6177379608154299
2025-07-22,2025-07-29,6.6,6.3672304,0.23276958465576136
2025-07-22,2025-07-30,6.3,5.999247,0.30075292587280256
2025-07-22,2025-07-31,6.500000000000001,5.529886,0.97011423110962
2025-07-22,2025-08-01,3.7,4.3305407,-0.6305406570434569
2025-07-22,2025-08-02,4.9,6.3101444,-1.4101444244384762
2025-07-22,2025-08-03,6.1000000000000005,5.856092,0.24390802383422905
2025-07-22,2025-08-04,4.7,5.916698,-1.2166979789733885
2025-07-22,2025-08-05,4.7,4.7227583,-0.02275829315185529
2025-07-23,2025-07-24,6.7,4.659644,2.0403558731079103
2025-07-23,2025-07-25,10.0,3.4848971,6.515102863311768
2025-07-23,2025-07-26,6.7,4.2526336,2.4473664283752443
2025-07-23,2025-07-27,5.1,5.0565743,0.04342565536498988
2025-07-23,2025-07-28,6.2,5.011877,1.1881229400634767
2025-07-23,2025-07-29,6.6,4.6538057,1.9461942672729489
2025-07-23,2025-07-30,6.3,6.465859,-0.16585893630981463
2025-07-23,2025-07-31,6.500000000000001,5.8605456,0.6394543647766122
2025-07-23,2025-08-01,3.7,5.4938216,-1.793821620941162
2025-07-23,2025-08-02,4.9,4.1292,0.7708000183105472
2025-07-23,2025-08-03,6.1000000000000005,6.601579,-0.5015791893005366
2025-07-23,2025-08-04,4.7,6.3543453,-1.6543453216552733
2025-07-23,2025-08-05,4.7,5.1736007,-0.47360067367553693
2025-07-23,2025-08-06,6.3,5.0691123,1.230887699127197
2025-07-24,2025-07-25,10.0,4.547117,5.452882766723633
2025-07-24,2025-07-26,6.7,3.0019662,3.6980337619781496
2025-07-24,2025-07-27,5.1,4.2344584,0.8655415534973141
2025-07-24,2025-07-28,6.2,4.8352637,1.3647362709045412
2025-07-24,2025-07-29,6.6,5.1382594,1.4617405891418453
2025-07-24,2025-07-30,6.3,4.843649,1.4563510894775389
2025-07-24,2025-07-31,6.500000000000001,6.321597,0.17840290069580167
2025-07-24,2025-08-01,3.7,5.9772944,-2.2772944450378416
2025-07-24,2025-08-02,4.9,5.441986,-0.5419860839843746
2025-07-24,2025-08-03,6.1000000000000005,4.23258,1.867419815063477
2025-07-24,2025-08-04,4.7,6.9693327,-2.269332695007324
2025-07-24,2025-08-05,4.7,6.966641,-2.2666409492492674
2025-07-24,2025-08-06,6.3,4.772714,1.527285861968994
2025-07-24,2025-08-07,6.500000000000001,5.321287,1.1787128448486337
2025-07-25,2025-07-26,6.7,5.1179485,1.582051467895508
2025-07-25,2025-07-27,5.1,3.8070154,1.292984580993652
2025-07-25,2025-07-28,6.2,4.7121463,1.4878537178039553
2025-07-25,2025-07-29,6.6,5.0856156,1.5143843650817868
2025-07-25,2025-07-30,6.3,5.4780617,0.8219383239746092
2025-07-25,2025-07-31,6.500000000000001,5.22247,1.2775301933288583
2025-07-25,2025-08-01,3.7,6.185288,-2.4852879524230955
2025-07-25,2025-08-02,4.9,6.3421006,-1.442100620269775
2025-07-25,2025-08-03,6.1000000000000005,5.4897423,0.6102577209472662
2025-07-25,2025-08-04,4.7,4.6974,0.0025999069213868964
2025-07-25,2025-08-05,4.7,7.1803055,-2.480305480957031
2025-07-25,2025-08-06,6.3,7.373331,-1.0733310699462892
2025-07-25,2025-08-07,6.500000000000001,4.921599,1.5784010887146005
2025-07-25,2025-08-08,7.4,5.49091,1.9090899467468265
2025-07-26,2025-07-27,5.1,5.644894,-0.5448941230773929
2025-07-26,2025-07-28,6.2,4.3535013,1.8464986801147463
2025-07-26,2025-07-29,6.6,5.0989556,1.5010443687438961
2025-07-26,2025-07-30,6.3,5.289722,1.010278034210205
2025-07-26,2025-07-31,6.500000000000001,5.81836,0.6816401481628427
2025-07-26,2025-08-01,3.7,5.681961,-1.9819610595703123
2025-07-26,2025-08-02,4.9,6.251704,-1.3517042160034176
2025-07-26,2025-08-03,6.1000000000000005,6.4039845,-0.3039845466613764
2025-07-26,2025-08-04,4.7,5.9678874,-1.2678874015808104
2025-07-26,2025-08-05,4.7,5.2632885,-0.5632884979248045
2025-07-26,2025-08-06,6.3,7.676848,-1.3768479347229006
2025-07-26,2025-08-07,6.500000000000001,7.525955,-1.0259552001953116
2025-07-26,2025-08-08,7.4,5.0868483,2.3131517410278324
2025-07-26,2025-08-09,5.6,5.376264,0.22373590469360316
2025-07-27,2025-07-28,6.2,5.762147,0.43785305023193377
2025-07-27,2025-07-29,6.6,4.647198,1.9528017997741696
2025-07-27,2025-07-30,6.3,4.958878,1.3411219596862791
2025-07-27,2025-07-31,6.500000000000001,5.224943,1.2750568389892587
2025-07-27,2025-08-01,3.7,5.766017,-2.066016960144043
2025-07-27,2025-08-02,4.9,6.2281895,-1.3281894683837887
2025-07-27,2025-08-03,6.1000000000000005,6.254779,-0.15477886199951119
2025-07-27,2025-08-04,4.7,6.6495767,-1.949576663970947
2025-07-27,2025-08-05,4.7,6.2852464,-1.5852463722229002
2025-07-27,2025-08-06,6.3,6.012761,0.2872388839721678
2025-07-27,2025-08-07,6.500000000000001,8.480645,-1.9806451797485343
2025-07-27,2025-08-08,7.4,7.9846067,-0.5846067428588864
2025-07-27,2025-08-09,5.6,5.4414477,0.15855226516723597
2025-07-27,2025-08-10,11.8,5.197961,6.6020391464233406
2025-07-28,2025-07-29,6.6,5.9447956,0.6552043914794918
2025-07-28,2025-07-30,6.3,4.9281754,1.371824550628662
2025-07-28,2025-07-31,6.500000000000001,5.27719,1.2228097915649423
2025-07-28,2025-08-01,3.7,5.4751744,-1.7751744270324705
2025-07-28,2025-08-02,4.9,5.784459,-0.8844591140747067
2025-07-28,2025-08-03,6.1000000000000005,6.148931,-0.0489310264587397
2025-07-28,2025-08-04,4.7,7.013687,-2.3136871337890623
2025-07-28,2025-08-05,4.7,6.560325,-1.8603251457214354
2025-07-28,2025-08-06,6.3,6.6044903,-0.30449028015136737
2025-07-28,2025-08-07,6.500000000000001,6.160756,0.33924388885498136
2025-07-28,2025-08-08,7.4,8.226307,-0.8263069152832028
2025-07-28,2025-08-09,5.6,7.686232,-2.0862320899963382
2025-07-28,2025-08-10,11.8,5.255786,6.544214057922364
2025-07-28,2025-08-11,13.1,5.1855474,7.914452648162841
2025-07-29,2025-07-30,6.3,5.61303,0.6869700431823729
2025-07-29,2025-07-31,6.500000000000001,4.4363174,2.0636825561523446
2025-07-29,2025-08-01,3.7,5.23282,-1.5328200340270994
2025-07-29,2025-08-02,4.9,5.437573,-0.5375729560852047
2025-07-29,2025-08-03,6.1000000000000005,5.6243176,0.4756823539733892
2025-07-29,2025-08-04,4.7,5.837134,-1.1371338844299315
2025-07-29,2025-08-05,4.7,7.5796647,-2.8796647071838377
2025-07-29,2025-08-06,6.3,6.516084,-0.2160841941833498
2025-07-29,2025-08-07,6.500000000000001,6.5338717,-0.03387165069579989
2025-07-29,2025-08-08,7.4,5.926596,1.4734038352966312
2025-07-29,2025-08-09,5.6,8.142178,-2.5421775817871097
2025-07-29,2025-08-10,11.8,7.5691075,4.23089246749878
2025-07-29,2025-08-11,13.1,4.972258,8.1277419090271
2025-07-29,2025-08-12,13.4,5.424907,7.975092792510987
2025-07-30,2025-07-31,6.500000000000001,5.178135,1.3218650817871103
2025-07-30,2025-08-01,3.7,3.9528658,-0.2528658390045164
2025-07-30,2025-08-02,4.9,5.075813,-0.1758128166198727
2025-07-30,2025-08-03,6.1000000000000005,5.4729195,0.6270805358886724
2025-07-30,2025-08-04,4.7,5.412097,-0.7120969772338865
2025-07-30,2025-08-05,4.7,5.614799,-0.9147990226745604
2025-07-30,2025-08-06,6.3,7.687778,-1.3877779960632326
2025-07-30,2025-08-07,6.500000000000001,6.5188856,-0.01888561248779208
2025-07-30,2025-08-08,7.4,6.26615,1.1338500022888187
2025-07-30,2025-08-09,5.6,5.570418,0.029582118988036754
2025-07-30,2025-08-10,11.8,8.163607,3.636393356323243
2025-07-30,2025-08-11,13.1,7.5904117,5.50958833694458
2025-07-30,2025-08-12,13.4,5.0595903,8.340409660339356
2025-07-30,2025-08-13,16.8,5.785001,11.014999198913575
2025-07-31,2025-08-01,3.7,4.5612264,-0.8612263679504393
2025-07-31,2025-08-02,4.9,3.6046317,1.295368337631226
2025-07-31,2025-08-03,6.1000000000000005,4.5642524,1.535747623443604
2025-07-31,2025-08-04,4.7,5.1937165,-0.49371652603149396
2025-07-31,2025-08-05,4.7,5.1882124,-0.4882123947143553
2025-07-31,2025-08-06,6.3,5.2365966,1.0634034156799315
2025-07-31,2025-08-07,6.500000000000001,7.1763463,-0.6763463020324698
2025-07-31,2025-08-08,7.4,6.443697,0.9563030242919925
2025-07-31,2025-08-09,5.6,6.0027413,-0.4027413368225101
2025-07-31,2025-08-10,11.8,5.3447437,6.455256271362305
2025-07-31,2025-08-11,13.1,8.177715,4.922284698486328
2025-07-31,2025-08-12,13.4,7.406411,5.993588829040528
2025-07-31,2025-08-13,16.8,5.295014,11.504986095428468
2025-07-31,2025-08-14,7.0,5.8843203,1.1156797409057617
2025-08-01,2025-08-02,4.9,5.5561643,-0.6561642646789547
2025-08-01,2025-08-03,6.1000000000000005,4.1194787,1.9805212974548345
2025-08-01,2025-08-04,4.7,4.8316984,-0.13169841766357404
2025-08-01,2025-08-05,4.7,6.0679626,-1.3679626464843748
2025-08-01,2025-08-06,6.3,5.4064474,0.8935525894165037
2025-08-01,2025-08-07,6.500000000000001,5.592462,0.9075379371643075
2025-08-01,2025-08-08,7.4,7.0311065,0.3688935279846195
2025-08-01,2025-08-09,5.6,6.8197455,-1.2197455406188968
2025-08-01,2025-08-10,11.8,6.2004266,5.599573421478272
2025-08-01,2025-08-11,13.1,5.756704,7.343296146392822
2025-08-01,2025-08-12,13.4,8.028611,5.3713888168334964
2025-08-01,2025-08-13,16.8,7.538268,9.261731910705567
2025-08-01,2025-08-14,7.0,5.47456,1.5254402160644531
2025-08-01,2025-08-15,5.8,5.6541104,0.14588956832885724
2025-08-02,2025-08-03,6.1000000000000005,6.811696,-0.711696052551269
2025-08-02,2025-08-04,4.7,4.5404453,0.15955467224121112
2025-08-02,2025-08-05,4.7,5.262395,-0.5623949050903319
2025-08-02,2025-08-06,6.3,7.025504,-0.7255041122436525
2025-08-02,2025-08-07,6.500000000000001,5.7669783,0.7330217361450204
2025-08-02,2025-08-08,7.4,6.0968356,1.303164386749268
2025-08-02,2025-08-09,5.6,7.084673,-1.4846729278564457
2025-08-02,2025-08-10,11.8,6.701081,5.0989192008972175
2025-08-02,2025-08-11,13.1,6.9119,6.188099956512451
2025-08-02,2025-08-12,13.4,6.202329,7.197670841217041
2025-08-02,2025-08-13,16.8,8.00551,8.794489669799805
2025-08-02,2025-08-14,7.0,7.5301337,-0.5301337242126465
2025-08-02,2025-08-15,5.8,5.725482,0.0745180130004881
2025-08-02,2025-08-16,6.1000000000000005,5.08375,1.0162502288818365
2025-08-03,2025-08-04,4.7,7.4704432,-2.770443248748779
2025-08-03,2025-08-05,4.7,5.012674,-0.3126738548278807
2025-08-03,2025-08-06,6.3,5.28238,1.0176198959350584
2025-08-03,2025-08-07,6.500000000000001,7.4806895,-0.9806895256042472
2025-08-03,2025-08-08,7.4,5.908048,1.4919518470764164
2025-08-03,2025-08-09,5.6,6.374784,-0.7747839927673343
2025-08-03,2025-08-10,11.8,6.7952676,5.0047324180603034
2025-08-03,2025-08-11,13.1,6.7006593,6.399340724945068
2025-08-03,2025-08-12,13.4,7.326845,6.0731548309326175
2025-08-03,2025-08-13,16.8,6.7285776,10.071422386169434
2025-08-03,2025-08-14,7.0,8.106985,-1.106985092163086
2025-08-03,2025-08-15,5.8,7.4676623,-1.6676623344421388
2025-08-03,2025-08-16,6.1000000000000005,6.4987783,-0.39877834320068306
2025-08-03,2025-08-17,4.3,4.70721,-0.40721006393432635
2025-08-04,2025-08-05,4.7,7.4770575,-2.7770574569702147
2025-08-04,2025-08-06,6.3,5.542923,0.7570770263671873
2025-08-04,2025-08-07,6.500000000000001,5.5456305,0.954369544982911
2025-08-04,2025-08-08,7.4,7.5538783,-0.15387830734252894
2025-08-04,2025-08-09,5.6,6.0116267,-0.41162672042846715
2025-08-04,2025-08-10,11.8,6.1560597,5.643940258026124
2025-08-04,2025-08-11,13.1,6.900924,6.19907579421997
2025-08-04,2025-08-12,13.4,6.5776796,6.822320365905762
2025-08-04,2025-08-13,16.8,7.5481224,9.251877593994141
2025-08-04,2025-08-14,7.0,6.770488,0.22951221466064453
2025-08-04,2025-08-15,5.8,7.5973415,-1.7973415374755861
2025-08-04,2025-08-16,6.1000000000000005,6.965989,-0.8659891128540034
2025-08-04,2025-08-17,4.3,6.387578,-2.087578010559082
2025-08-04,2025-08-18,3.4,4.850647,-1.45064697265625
2025-08-05,2025-08-06,6.3,7.478252,-1.1782519340515138
2025-08-05,2025-08-07,6.500000000000001,5.752956,0.7470440864562997
2025-08-05,2025-08-08,7.4,5.788021,1.611978912353516
2025-08-05,2025-08-09,5.6,7.866549,-2.2665490150451664
2025-08-05,2025-08-10,11.8,5.9686475,5.831352519989014
2025-08-05,2025-08-11,13.1,5.893882,7.206118202209472
2025-08-05,2025-08-12,13.4,7.1401534,6.259846591949463
2025-08-05,2025-08-13,16.8,6.567653,10.2323468208313
2025-08-05,2025-08-14,7.0,7.424578,-0.4245781898498535
2025-08-05,2025-08-15,5.8,6.5601363,-0.7601363182067873
2025-08-05,2025-08-16,6.1000000000000005,7.0639405,-0.9639405250549311
2025-08-05,2025-08-17,4.3,6.8803797,-2.580379676818848
2025-08-05,2025-08-18,3.4,6.103817,-2.7038169860839845
2025-08-05,2025-08-19,5.699999999999999,4.9830394,0.7169606208801262
2025-08-06,2025-08-07,6.500000000000001,7.623894,-1.123894214630126
2025-08-06,2025-08-08,7.4,5.71419,1.6858099937438968
2025-08-06,2025-08-09,5.6,5.993706,-0.3937062263488773
2025-08-06,2025-08-10,11.8,8.352035,3.4479654312133796
2025-08-06,2025-08-11,13.1,6.09199,7.008010005950927
2025-08-06,2025-08-12,13.4,5.618018,7.7819818496704105
2025-08-06,2025-08-13,16.8,7.24397,9.556030082702637
2025-08-06,2025-08-14,7.0,6.5742426,0.42575740814208984
2025-08-06,2025-08-15,5.8,7.1078796,-1.3078796386718752
2025-08-06,2025-08-16,6.1000000000000005,6.1039057,-0.0039056777954096233
2025-08-06,2025-08-17,4.3,6.70301,-2.4030100822448732
2025-08-06,2025-08-18,3.4,6.9517984,-3.551798439025879
2025-08-06,2025-08-19,5.699999999999999,6.12619,-0.4261901855468757
2025-08-06,2025-08-20,4.0,5.2762365,-1.2762365341186523
2025-08-07,2025-08-08,7.4,7.257776,0.142224216461182
2025-08-07,2025-08-09,5.6,5.6612344,-0.06123437881469762
2025-08-07,2025-08-10,11.8,5.691881,6.10811882019043
2025-08-07,2025-08-11,13.1,7.9794154,5.12058458328247
2025-08-07,2025-08-12,13.4,6.0155363,7.384463691711426
2025-08-07,2025-08-13,16.8,5.2024817,11.597518253326417
2025-08-07,2025-08-14,7.0,6.6700115,0.3299884796142578
2025-08-07,2025-08-15,5.8,6.528428,-0.7284280776977541
2025-08-07,2025-08-16,6.1000000000000005,6.667351,-0.5673507690429682
2025-08-07,2025-08-17,4.3,5.65396,-1.3539602279663088
2025-08-07,2025-08-18,3.4,6.4547253,-3.0547252655029298
2025-08-07,2025-08-19,5.699999999999999,6.882449,-1.18244915008545
2025-08-07,2025-08-20,4.0,5.9450517,-1.945051670074463
2025-08-07,2025-08-21,3.3,5.5424504,-2.2424504280090334
2025-08-08,2025-08-09,5.6,7.2679224,-1.667922401428223
2025-08-08,2025-08-10,11.8,6.219746,5.580253887176514
2025-08-08,2025-08-11,13.1,5.4321775,7.667822456359863
2025-08-08,2025-08-12,13.4,7.740357,5.659643077850342
2025-08-08,2025-08-13,16.8,5.9514866,10.848513412475587
2025-08-08,2025-08-14,7.0,5.3454547,1.6545453071594238
2025-08-08,2025-08-15,5.8,6.3372116,-0.5372116088867189
2025-08-08,2025-08-16,6.1000000000000005,6.5616508,-0.4616507530212397
2025-08-08,2025-08-17,4.3,6.2742186,-1.974218559265137
2025-08-08,2025-08-18,3.4,5.332453,-1.9324527740478517
2025-08-08,2025-08-19,5.699999999999999,6.3116107,-0.6116106986999519
2025-08-08,2025-08-20,4.0,6.843095,-2.843094825744629
2025-08-08,2025-08-21,3.3,5.653177,-2.353176784515381
2025-08-08,2025-08-22,5.1,5.4179683,-0.31796827316284215
2025-08-09,2025-08-10,11.8,7.5622177,4.237782287597657
2025-08-09,2025-08-11,13.1,6.614855,6.485145187377929
2025-08-09,2025-08-12,13.4,5.376555,8.0234450340271
2025-08-09,2025-08-13,16.8,7.682275,9.11772518157959
2025-08-09,2025-08-14,7.0,6.152366,0.8476338386535645
2025-08-09,2025-08-15,5.8,5.7564225,0.04357748031616193
2025-08-09,2025-08-16,6.1000000000000005,6.2573953,-0.15739526748657173
2025-08-09,2025-08-17,4.3,6.3445554,-2.0445553779602053
2025-08-09,2025-08-18,3.4,6.5420914,-3.1420913696289063
2025-08-09,2025-08-19,5.699999999999999,5.409289,0.2907111167907708
2025-08-09,2025-08-20,4.0,6.495868,-2.49586820602417
2025-08-09,2025-08-21,3.3,6.8187613,-3.5187613487243654
2025-08-09,2025-08-22,5.1,5.4161634,-0.3161634445190433
2025-08-09,2025-08-23,6.1000000000000005,4.9802074,1.1197925567626958
2025-08-10,2025-08-11,13.1,7.8936152,5.206384754180908
2025-08-10,2025-08-12,13.4,6.928316,6.4716838836669925
2025-08-10,2025-08-13,16.8,5.451137,11.34886293411255
2025-08-10,2025-08-14,7.0,7.8395267,-0.8395266532897949
2025-08-10,2025-08-15,5.8,6.284586,-0.48458595275878924
2025-08-10,2025-08-16,6.1000000000000005,6.3925796,-0.2925795555114741
2025-08-10,2025-08-17,4.3,6.2442684,-1.9442684173583986
2025-08-10,2025-08-18,3.4,6.4353204,-3.0353203773498536
2025-08-10,2025-08-19,5.699999999999999,6.84404,-1.1440399169921882
2025-08-10,2025-08-20,4.0,5.639835,-1.6398348808288574
2025-08-10,2025-08-21,3.3,6.964758,-3.6647579193115236
2025-08-10,2025-08-22,5.1,7.059189,-1.9591888427734379
2025-08-10,2025-08-23,6.1000000000000005,5.8473396,0.2526603698730474
2025-08-10,2025-08-24,1.8,4.749743,-2.9497429847717287
2025-08-11,2025-08-12,13.4,8.536911,4.863088989257813
2025-08-11,2025-08-13,16.8,7.444311,9.355688858032227
2025-08-11,2025-08-14,7.0,6.0338016,0.9661984443664551
2025-08-11,2025-08-15,5.8,8.10279,-2.302789878845215
2025-08-11,2025-08-16,6.1000000000000005,6.7148447,-0.6148447036743159
2025-08-11,2025-08-17,4.3,6.322909,-2.022908878326416
2025-08-11,2025-08-18,3.4,6.9611516,-3.5611515998840333
2025-08-11,2025-08-19,5.699999999999999,6.1359706,-0.43597059249878
2025-08-11,2025-08-20,4.0,7.117906,-3.117906093597412
2025-08-11,2025-08-21,3.3,5.197288,-1.8972880363464357
2025-08-11,2025-08-22,5.1,6.3190546,-1.2190546035766605
2025-08-11,2025-08-23,6.1000000000000005,6.4762487,-0.3762487411499018
2025-08-11,2025-08-24,1.8,5.605819,-3.8058192253112795
2025-08-11,2025-08-25,6.2,4.5987988,1.6012012481689455
2025-08-12,2025-08-13,16.8,8.852483,7.947517204284669
2025-08-12,2025-08-14,7.0,7.7912736,-0.7912735939025879
2025-08-12,2025-08-15,5.8,6.3286014,-0.5286013603210451
2025-08-12,2025-08-16,6.1000000000000005,8.162708,-2.0627082824707026
2025-08-12,2025-08-17,4.3,6.9455147,-2.6455146789550783
2025-08-12,2025-08-18,3.4,5.9814396,-2.5814395904541017
2025-08-12,2025-08-19,5.699999999999999,7.5221295,-1.8221295356750495
2025-08-12,2025-08-20,4.0,5.7318196,-1.7318196296691895
2025-08-12,2025-08-21,3.3,6.866006,-3.566005897521973
2025-08-12,2025-08-22,5.1,4.24279,0.8572097778320309
2025-08-12,2025-08-23,6.1000000000000005,5.7033157,0.3966842651367193
2025-08-12,2025-08-24,1.8,5.7529936,-3.9529935836791994
2025-08-12,2025-08-25,6.2,5.554289,0.645711135864258
2025-08-12,2025-08-26,7.3,4.599475,2.700525093078613
2025-08-13,2025-08-14,7.0,8.530542,-1.5305423736572266
2025-08-13,2025-08-15,5.8,7.3431277,-1.543127727508545
2025-08-13,2025-08-16,6.1000000000000005,6.2165866,-0.11658658981323189
2025-08-13,2025-08-17,4.3,7.5837016,-3.2837016105651857
2025-08-13,2025-08-18,3.4,6.953016,-3.5530158042907716
2025-08-13,2025-08-19,5.699999999999999,5.478901,0.22109909057617116
2025-08-13,2025-08-20,4.0,7.514826,-3.5148258209228516
2025-08-13,2025-08-21,3.3,5.530687,-2.2306868553161623
2025-08-13,2025-08-22,5.1,6.4321294,-1.3321293830871586
2025-08-13,2025-08-23,6.1000000000000005,3.4377093,2.6622906684875494
2025-08-13,2025-08-24,1.8,5.5630846,-3.763084602355957
2025-08-13,2025-08-25,6.2,5.4270024,0.772997570037842
2025-08-13,2025-08-26,7.3,5.2985935,2.0014064788818358
2025-08-13,2025-08-27,5.9,4.827342,1.0726579666137699
2025-08-14,2025-08-15,5.8,8.377869,-2.57786865234375
2025-08-14,2025-08-16,6.1000000000000005,7.182266,-1.082266235351562
2025-08-14,2025-08-17,4.3,5.9593987,-1.6593987464904787
2025-08-14,2025-08-18,3.4,7.2206454,-3.8206454277038575
2025-08-14,2025-08-19,5.699999999999999,7.0334764,-1.333476352691651
2025-08-14,2025-08-20,4.0,5.378274,-1.3782739639282227
2025-08-14,2025-08-21,3.3,7.327459,-4.02745885848999
2025-08-14,2025-08-22,5.1,5.4986553,-0.39865531921386754
2025-08-14,2025-08-23,6.1000000000000005,6.0342226,0.06577739715576225
2025-08-14,2025-08-24,1.8,3.0782597,-1.2782597064971923
2025-08-14,2025-08-25,6.2,5.541689,0.6583110809326174
2025-08-14,2025-08-26,7.3,5.6528354,1.6471646308898924
2025-08-14,2025-08-27,5.9,5.0969353,0.8030647277832035
2025-08-14,2025-08-28,3.6,4.9491096,-1.3491095542907714
2025-08-15,2025-08-16,6.1000000000000005,8.179617,-2.0796169281005854
2025-08-15,2025-08-17,4.3,7.4615135,-3.1615135192871096
2025-08-15,2025-08-18,3.4,5.7157235,-2.315723514556885
2025-08-15,2025-08-19,5.699999999999999,7.126243,-1.4262431144714363
2025-08-15,2025-08-20,4.0,6.797586,-2.797585964202881
2025-08-15,2025-08-21,3.3,5.7026844,-2.4026844024658205
2025-08-15,2025-08-22,5.1,6.967504,-1.8675040245056156
2025-08-15,2025-08-23,6.1000000000000005,5.7062464,0.3937536239624029
2025-08-15,2025-08-24,1.8,5.781864,-3.981864166259766
2025-08-15,2025-08-25,6.2,3.1491814,3.0508186340332033
2025-08-15,2025-08-26,7.3,5.588505,1.7114952087402342
2025-08-15,2025-08-27,5.9,6.1217546,-0.22175464630126918
2025-08-15,2025-08-28,3.6,4.7850504,-1.1850503921508788
2025-08-15,2025-08-29,4.9,4.8789725,0.02102746963501012
2025-08-16,2025-08-17,4.3,7.859536,-3.559536170959473
2025-08-16,2025-08-18,3.4,7.0148277,-3.6148277282714845
2025-08-16,2025-08-19,5.699999999999999,5.4507227,0.24927730560302663
2025-08-16,2025-08-20,4.0,6.7628493,-2.7628493309020996
2025-08-16,2025-08-21,3.3,6.8434873,-3.5434872627258303
2025-08-16,2025-08-22,5.1,5.8250413,-0.7250412940979007
2025-08-16,2025-08-23,6.1000000000000005,6.774783,-0.6747831344604487
2025-08-16,2025-08-24,1.8,5.661376,-3.8613759994506838
2025-08-16,2025-08-25,6.2,6.1981425,0.0018574714660646308
2025-08-16,2025-08-26,7.3,3.5945182,3.7054818153381346
2025-08-16,2025-08-27,5.9,5.9328294,-0.032829380035400035
2025-08-16,2025-08-28,3.6,6.371997,-2.7719968795776366
2025-08-16,2025-08-29,4.9,5.0319967,-0.13199672698974574
2025-08-16,2025-08-30,3.8,4.815697,-1.0156971931457521
2025-08-17,2025-08-18,3.4,7.8589735,-4.458973503112793
2025-08-17,2025-08-19,5.699999999999999,7.1092534,-1.409253406524659
2025-08-17,2025-08-20,4.0,5.3924384,-1.3924384117126465
2025-08-17,2025-08-21,3.3,6.943882,-3.643881988525391
2025-08-17,2025-08-22,5.1,6.917253,-1.8172530174255375
2025-08-17,2025-08-23,6.1000000000000005,6.0935555,0.006444549560547408
2025-08-17,2025-08-24,1.8,6.6514487,-4.851448726654053
2025-08-17,2025-08-25,6.2,6.0412445,0.15875549316406268
2025-08-17,2025-08-26,7.3,6.5094576,0.790542411804199
2025-08-17,2025-08-27,5.9,4.545368,1.3546318054199222
2025-08-17,2025-08-28,3.6,6.3857374,-2.785737419128418
2025-08-17,2025-08-29,4.9,6.8438344,-1.9438344001770016
2025-08-17,2025-08-30,3.8,6.250611,-2.4506108283996584
2025-08-17,2025-08-31,4.6,5.0209727,-0.4209727287292484
2025-08-18,2025-08-19,5.699999999999999,7.364567,-1.6645668029785163
2025-08-18,2025-08-20,4.0,6.63958,-2.6395797729492188
2025-08-18,2025-08-21,3.3,5.299278,-1.9992777824401857
2025-08-18,2025-08-22,5.1,6.759547,-1.6595472335815433
2025-08-18,2025-08-23,6.1000000000000005,6.6837616,-0.583761596679687
2025-08-18,2025-08-24,1.8,5.8572454,-4.057245445251465
2025-08-18,2025-08-25,6.2,7.023599,-0.8235991477966307
2025-08-18,2025-08-26,7.3,6.1122837,1.1877162933349608
2025-08-18,2025-08-27,5.9,6.722622,-0.822621917724609
2025-08-18,2025-08-28,3.6,4.7868333,-1.1868332862854003
2025-08-18,2025-08-29,4.9,6.098514,-1.198514080047607
2025-08-18,2025-08-30,3.8,6.8085365,-3.008536529541016
2025-08-18,2025-08-31,4.6,6.0110207,-1.411020660400391
2025-08-18,2025-09-01,4.6,5.1669874,-0.5669874191284183
2025-08-19,2025-08-20,4.0,6.760147,-2.7601470947265625
2025-08-19,2025-08-21,3.3,5.900248,-2.6002480506896974
2025-08-19,2025-08-22,5.1,5.1852813,-0.08528127670288121
2025-08-19,2025-08-23,6.1000000000000005,6.5288095,-0.4288095474243159
2025-08-19,2025-08-24,1.8,6.368576,-4.568576049804688
2025-08-19,2025-08-25,6.2,5.282674,0.9173261642456056
2025-08-19,2025-08-26,7.3,7.2056117,0.09438829421997053
2025-08-19,2025-08-27,5.9,6.127004,-0.22700414657592738
2025-08-19,2025-08-28,3.6,6.6776543,-3.077654266357422
2025-08-19,2025-08-29,4.9,4.712026,0.18797388076782262
2025-08-19,2025-08-30,3.8,5.7608395,-1.9608394622802736
2025-08-19,2025-08-31,4.6,6.690512,-2.0905121803283695
2025-08-19,2025-09-01,4.6,5.842293,-1.2422927856445316
2025-08-19,2025-09-02,4.3,5.5048347,-1.2048346519470217
2025-08-20,2025-08-21,3.3,6.204706,-2.9047061920166017
2025-08-20,2025-08-22,5.1,5.2802234,-0.18022336959838903
2025-08-20,2025-08-23,6.1000000000000005,5.115721,0.9842787742614751
2025-08-20,2025-08-24,1.8,6.4506736,-4.650673580169678
2025-08-20,2025-08-25,6.2,6.1593547,0.04064531326293963
2025-08-20,2025-08-26,7.3,4.575135,2.7248647689819334
2025-08-20,2025-08-27,5.9,7.019438,-1.1194377899169918
2025-08-20,2025-08-28,3.6,6.3036613,-2.703661346435547
2025-08-20,2025-08-29,4.9,6.5512314,-1.6512313842773434
2025-08-20,2025-08-30,3.8,4.835533,-1.035533142089844
2025-08-20,2025-08-31,4.6,5.488255,-0.8882550239562992
2025-08-20,2025-09-01,4.6,6.8817687,-2.2817687034606937
2025-08-20,2025-09-02,4.3,6.183742,-1.8837420463562013
2025-08-20,2025-09-03,4.3,6.0405817,-1.7405817031860353
2025-08-21,2025-08-22,5.1,6.012139,-0.9121388435363773
2025-08-21,2025-08-23,6.1000000000000005,4.99334,1.1066599845886236
2025-08-21,2025-08-24,1.8,5.164154,-3.364154052734375
2025-08-21,2025-08-25,6.2,6.415318,-0.21531801223754865
2025-08-21,2025-08-26,7.3,6.3690104,0.9309895515441893
2025-08-21,2025-08-27,5.9,4.1722407,1.7277592658996586
2025-08-21,2025-08-28,3.6,6.8448725,-3.24487247467041
2025-08-21,2025-08-29,4.9,6.363611,-1.4636112213134762
2025-08-21,2025-08-30,3.8,6.5300894,-2.7300893783569338
2025-08-21,2025-08-31,4.6,5.132492,-0.5324920654296879
2025-08-21,2025-09-01,4.6,5.4666257,-0.8666256904602054
2025-08-21,2025-09-02,4.3,7.3134656,-3.0134655952453615
2025-08-21,2025-09-03,4.3,6.4637904,-2.1637904167175295
2025-08-21,2025-09-04,6.4,6.4387527,-0.038752651214599254
2025-08-22,2025-08-23,6.1000000000000005,6.1608524,-0.06085243225097603
2025-08-22,2025-08-24,1.8,5.543915,-3.743914794921875
2025-08-22,2025-08-25,6.2,5.367532,0.8324682235717775
2025-08-22,2025-08-26,7.3,6.8401265,0.45987348556518537
2025-08-22,2025-08-27,5.9,6.3641725,-0.4641724586486813
2025-08-22,2025-08-28,3.6,4.5443325,-0.9443325042724608
2025-08-22,2025-08-29,4.9,6.853946,-1.953946208953857
2025-08-22,2025-08-30,3.8,6.6522856,-2.8522855758666994
2025-08-22,2025-08-31,4.6,6.4710526,-1.8710526466369632
2025-08-22,2025-09-01,4.6,5.5351515,-0.9351514816284183
2025-08-22,2025-09-02,4.3,5.6994705,-1.3994705200195314
2025-08-22,2025-09-03,4.3,7.8472347,-3.5472347259521486
2025-08-22,2025-09-04,6.4,6.301574,0.09842576980590856
2025-08-22,2025-09-05,6.3,6.408299,-0.108298969268799
2025-08-23,2025-08-24,1.8,6.2147603,-4.414760303497315
2025-08-23,2025-08-25,6.2,5.467898,0.7321021080017092
2025-08-23,2025-08-26,7.3,5.4383445,1.861655521392822
2025-08-23,2025-08-27,5.9,6.596731,-0.6967311859130856
2025-08-23,2025-08-28,3.6,6.6099806,-3.009980583190918
2025-08-23,2025-08-29,4.9,4.8868713,0.013128662109375355
2025-08-23,2025-08-30,3.8,6.856464,-3.05646390914917
2025-08-23,2025-08-31,4.6,6.3530283,-1.7530282974243168
2025-08-23,2025-09-01,4.6,6.9198494,-2.3198493957519535
2025-08-23,2025-09-02,4.3,5.8997025,-1.599702548980713
2025-08-23,2025-09-03,4.3,6.2836847,-1.9836847305297853
2025-08-23,2025-09-04,6.4,7.9198704,-1.5198703765869137
2025-08-23,2025-09-05,6.3,6.115649,0.1843507766723631
2025-08-23,2025-09-06,6.2,6.064819,0.13518114089965838
2025-08-24,2025-08-25,6.2,6.2967453,-0.09674530029296857
2025-08-24,2025-08-26,7.3,5.6191254,1.6808746337890623
2025-08-24,2025-08-27,5.9,5.3792925,0.5207075119018558
2025-08-24,2025-08-28,3.6,6.6532516,-3.0532516479492187
2025-08-24,2025-08-29,4.9,6.7225437,-1.8225437164306637
2025-08-24,2025-08-30,3.8,5.5713253,-1.7713253021240236
2025-08-24,2025-08-31,4.6,6.937179,-2.3371790885925297
2025-08-24,2025-09-01,4.6,6.4593306,-1.8593305587768558
2025-08-24,2025-09-02,4.3,7.098039,-2.7980391502380373
2025-08-24,2025-09-03,4.3,6.5213304,-2.2213303565979006
2025-08-24,2025-09-04,6.4,7.2037334,-0.8037334442138668
2025-08-24,2025-09-05,6.3,8.344194,-2.0441944122314455
2025-08-24,2025-09-06,6.2,6.6073103,-0.4073102951049803
2025-08-24,2025-09-07,5.9,5.886786,0.013214015960693715
2025-08-25,2025-08-26,7.3,6.367188,0.9328120231628416
2025-08-25,2025-08-27,5.9,5.8018775,0.09812250137329137
2025-08-25,2025-08-28,3.6,5.7066326,-2.106632614135742
2025-08-25,2025-08-29,4.9,6.8719625,-1.9719625473022457
2025-08-25,2025-08-30,3.8,6.6624727,-2.862472724914551
2025-08-25,2025-08-31,4.6,5.5544305,-0.9544304847717289
2025-08-25,2025-09-01,4.6,7.538275,-2.938274765014649
2025-08-25,2025-09-02,4.3,6.1493816,-1.8493816375732424
2025-08-25,2025-09-03,4.3,7.203609,-2.9036089897155763
2025-08-25,2025-09-04,6.4,6.2672305,0.13276948928833043
2025-08-25,2025-09-05,6.3,6.8712816,-0.5712816238403322
2025-08-25,2025-09-06,6.2,7.8532834,-1.653283405303955
2025-08-25,2025-09-07,5.9,6.314392,-0.41439208984374964
2025-08-25,2025-09-08,5.2,5.6873374,-0.48733739852905256
2025-08-26,2025-08-27,5.9,5.655501,0.24449911117553746
2025-08-26,2025-08-28,3.6,5.6389055,-2.0389055252075194
2025-08-26,2025-08-29,4.9,5.6840415,-0.7840415000915524
2025-08-26,2025-08-30,3.8,6.606264,-2.806264114379883
2025-08-26,2025-08-31,4.6,6.2778482,-1.6778482437133793
2025-08-26,2025-09-01,4.6,5.1245413,-0.524541282653809
2025-08-26,2025-09-02,4.3,7.607672,-3.307672214508057
2025-08-26,2025-09-03,4.3,5.9753804,-1.6753804206848146
2025-08-26,2025-09-04,6.4,6.9376516,-0.5376516342163082
2025-08-26,2025-09-05,6.3,5.7929034,0.5070965766906737
2025-08-26,2025-09-06,6.2,6.6537285,-0.4537284851074217
2025-08-26,2025-09-07,5.9,7.271687,-1.371687030792236
2025-08-26,2025-09-08,5.2,5.9783683,-0.7783682823181151
2025-08-26,2025-09-09,5.6,5.923776,-0.3237761497497562
2025-08-27,2025-08-28,3.6,4.902368,-1.3023680686950683
2025-08-27,2025-08-29,4.9,5.037072,-0.1370721817016598
2025-08-27,2025-08-30,3.8,5.3955455,-1.5955454826354982
2025-08-27,2025-08-31,4.6,6.059159,-1.459158802032471
2025-08-27,2025-09-01,4.6,6.0689917,-1.4689916610717777
2025-08-27,2025-09-02,4.3,4.6800437,-0.3800436973571779
2025-08-27,2025-09-03,4.3,7.448191,-3.1481911659240724
2025-08-27,2025-09-04,6.4,5.9440947,0.45590534210205114
2025-08-27,2025-09-05,6.3,6.5578856,-0.25788564682006854
2025-08-27,2025-09-06,6.2,5.401829,0.7981712341308596
2025-08-27,2025-09-07,5.9,6.7410507,-0.8410507202148434
2025-08-27,2025-09-08,5.2,7.0331864,-1.8331864356994627
2025-08-27,2025-09-09,5.6,5.7593384,-0.15933837890625036
2025-08-27,2025-09-10,4.9,6.360289,-1.460289096832275
2025-08-28,2025-08-29,4.9,4.307346,0.5926541328430179
2025-08-28,2025-08-30,3.8,4.65904,-0.8590399742126467
2025-08-28,2025-08-31,4.6,5.1464596,-0.5464595794677738
2025-08-28,2025-09-01,4.6,5.5958076,-0.9958075523376468
2025-08-28,2025-09-02,4.3,5.8847666,-1.5847665786743166
2025-08-28,2025-09-03,4.3,4.3714128,-0.07141275405883807
2025-08-28,2025-09-04,6.4,7.0022697,-0.6022697448730465
2025-08-28,2025-09-05,6.3,6.0294523,0.2705476760864256
2025-08-28,2025-09-06,6.2,6.225989,-0.025988864898681463
2025-08-28,2025-09-07,5.9,5.2752633,0.6247366905212406
2025-08-28,2025-09-08,5.2,6.8257766,-1.6257765769958494
2025-08-28,2025-09-09,5.6,7.095097,-1.4950970649719242
2025-08-28,2025-09-10,4.9,5.7484975,-0.8484974861145016
2025-08-28,2025-09-11,5.1,6.7683973,-1.6683973312377933
2025-08-29,2025-08-30,3.8,3.5948825,0.2051175117492674
2025-08-29,2025-08-31,4.6,4.704581,-0.1045807838439945
2025-08-29,2025-09-01,4.6,4.537362,0.06263790130615199
2025-08-29,2025-09-02,4.3,5.1029453,-0.8029453277587892
2025-08-29,2025-09-03,4.3,5.229995,-0.9299947738647463
2025-08-29,2025-09-04,6.4,4.1009207,2.2990793228149418
2025-08-29,2025-09-05,6.3,6.175462,0.12453823089599592
2025-08-29,2025-09-06,6.2,6.3061805,-0.1061804771423338
2025-08-29,2025-09-07,5.9,5.8428802,0.057119750976562855
2025-08-29,2025-09-08,5.2,5.1392875,0.06071252822875994
2025-08-29,2025-09-09,5.6,6.7492785,-1.149278545379639
2025-08-29,2025-09-10,4.9,6.8344817,-1.9344817161560055
2025-08-29,2025-09-11,5.1,5.904013,-0.8040131568908695
2025-08-29,2025-09-12,5.8,6.520698,-0.7206980705261232
2025-08-30,2025-08-31,4.6,3.376123,1.2238770484924313
2025-08-30,2025-09-01,4.6,4.4252205,0.17477951049804652
2025-08-30,2025-09-02,4.3,4.343744,-0.04374380111694354
2025-08-30,2025-09-03,4.3,4.642172,-0.3421718597412111
2025-08-30,2025-09-04,6.4,5.139558,1.260442161560059
2025-08-30,2025-09-05,6.3,4.2655325,2.0344675064086912
2025-08-30,2025-09-06,6.2,5.8635564,0.336443614959717
2025-08-30,2025-09-07,5.9,6.1922946,-0.29229459762573207
2025-08-30,2025-09-08,5.2,6.1549196,-0.9549196243286131
2025-08-30,2025-09-09,5.6,5.48705,0.11294994354248011
2025-08-30,2025-09-10,4.9,7.013259,-2.1132589340209957
2025-08-30,2025-09-11,5.1,6.921653,-1.8216527938842777
2025-08-30,2025-09-12,5.8,5.8473825,-0.047382545471191584
2025-08-30,2025-09-13,4.6,6.1978083,-1.5978082656860355
2025-08-31,2025-09-01,4.6,3.5426266,1.0573733806610104
2025-08-31,2025-09-02,4.3,4.672811,-0.3728110313415529
2025-08-31,2025-09-03,4.3,4.318518,-0.018518161773681818
2025-08-31,2025-09-04,6.4,4.5400953,1.8599046707153324
2025-08-31,2025-09-05,6.3,5.261449,1.0385511398315428
2025-08-31,2025-09-06,6.2,4.8215523,1.378447723388672
2025-08-31,2025-09-07,5.9,5.85645,0.043549919128418324
2025-08-31,2025-09-08,5.2,6.359667,-1.1596668243408201
2025-08-31,2025-09-09,5.6,6.3822756,-0.7822755813598636
2025-08-31,2025-09-10,4.9,6.2130847,-1.3130846977233883
2025-08-31,2025-09-11,5.1,7.6968837,-2.5968836784362797
2025-08-31,2025-09-12,5.8,7.4020762,-1.6020762443542482
2025-08-31,2025-09-13,4.6,6.640343,-2.0403431892395023
2025-08-31,2025-09-14,3.5,6.1557794,-2.6557793617248535
2025-09-01,2025-09-02,4.3,4.6841836,-0.38418359756469744
2025-09-01,2025-09-03,4.3,5.071858,-0.7718579292297365
2025-09-01,2025-09-04,6.4,5.1442814,1.2557186126708988
2025-09-01,2025-09-05,6.3,5.5195684,0.78043155670166
2025-09-01,2025-09-06,6.2,5.555579,0.6444208145141603
2025-09-01,2025-09-07,5.9,5.1536365,0.7463635444641117
2025-09-01,2025-09-08,5.2,6.6644697,-1.4644697189331053
2025-09-01,2025-09-09,5.6,6.1981287,-0.598128700256348
2025-09-01,2025-09-10,4.9,6.924332,-2.0243321418762203
2025-09-01,2025-09-11,5.1,6.332872,-1.2328719139099125
2025-09-01,2025-09-12,5.8,7.2916346,-1.4916345596313478
2025-09-01,2025-09-13,4.6,6.981528,-2.3815278053283695
2025-09-01,2025-09-14,3.5,6.670329,-3.1703290939331055
2025-09-01,2025-09-15,5.4,5.9180303,-0.5180302619934078
2025-09-02,2025-09-03,4.3,5.5236363,-1.2236363410949709
2025-09-02,2025-09-04,6.4,4.780207,1.6197928428649906
2025-09-02,2025-09-05,6.3,5.70255,0.5974500656127928
2025-09-02,2025-09-06,6.2,6.2690473,-0.06904726028442365
2025-09-02,2025-09-07,5.9,5.653445,0.24655523300170934
2025-09-02,2025-09-08,5.2,5.1608524,0.039147567749023615
2025-09-02,2025-09-09,5.6,7.31724,-1.7172402381896976
2025-09-02,2025-09-10,4.9,6.137921,-1.2379208564758297
2025-09-02,2025-09-11,5.1,6.9654427,-1.8654426574707035
2025-09-02,2025-09-12,5.8,6.0167055,-0.21670551300048846
2025-09-02,2025-09-13,4.6,6.8105106,-2.210510635375977
2025-09-02,2025-09-14,3.5,6.764003,-3.264002799987793
2025-09-02,2025-09-15,5.4,6.5064306,-1.106430625915527
2025-09-02,2025-09-16,5.299999999999999,5.964285,-0.664284896850587
2025-09-03,2025-09-04,6.4,5.429941,0.9700588226318363
2025-09-03,2025-09-05,6.3,4.408865,1.8911350250244139
2025-09-03,2025-09-06,6.2,5.454325,0.7456748008728029
2025-09-03,2025-09-07,5.9,6.4801974,-0.5801974296569821
2025-09-03,2025-09-08,5.2,5.3612294,-0.16122941970825178
2025-09-03,2025-09-09,5.6,4.7052913,0.8947087287902828
2025-09-03,2025-09-10,4.9,6.8181214,-1.9181214332580563
2025-09-03,2025-09-11,5.1,6.0328827,-0.9328826904296879
2025-09-03,2025-09-12,5.8,6.6354237,-0.8354236602783205
2025-09-03,2025-09-13,4.6,5.602609,-1.0026091575622562
2025-09-03,2025-09-14,3.5,6.4604816,-2.960481643676758
2025-09-03,2025-09-15,5.4,6.3183274,-0.9183274269104
2025-09-03,2025-09-16,5.299999999999999,6.6358423,-1.3358423233032237
2025-09-03,2025-09-17,3.8,5.8241568,-2.0241567611694338
2025-09-04,2025-09-05,6.3,5.8321633,0.46783666610717756
2025-09-04,2025-09-06,6.2,4.497365,1.7026350021362306
2025-09-04,2025-09-07,5.9,5.685147,0.21485319137573278
2025-09-04,2025-09-08,5.2,6.8208585,-1.6208584785461424
2025-09-04,2025-09-09,5.6,5.6539674,-0.053967380523681996
2025-09-04,2025-09-10,4.9,4.7810154,0.11898460388183629
2025-09-04,2025-09-11,5.1,6.6222506,-1.5222505569458011
2025-09-04,2025-09-12,5.8,6.082773,-0.28277320861816424
2025-09-04,2025-09-13,4.6,6.4196234,-1.8196233749389652
2025-09-04,2025-09-14,3.5,5.5182447,-2.018244743347168
2025-09-04,2025-09-15,5.4,6.2866387,-0.8866387367248532
2025-09-04,2025-09-16,5.299999999999999,6.643745,-1.3437449455261241
2025-09-04,2025-09-17,3.8,6.728888,-2.928888034820557
2025-09-04,2025-09-18,4.5,6.076655,-1.5766549110412598
2025-09-05,2025-09-06,6.2,6.6705384,-0.47053842544555646
2025-09-05,2025-09-07,5.9,5.624207,0.27579298019409215
2025-09-05,2025-09-08,5.2,6.1128983,-0.9128983497619627
2025-09-05,2025-09-09,5.6,7.585839,-1.9858387947082523
2025-09-05,2025-09-10,4.9,6.04094,-1.1409398078918453
2025-09-05,2025-09-11,5.1,5.4330626,-0.3330625534057621
2025-09-05,2025-09-12,5.8,6.623289,-0.8232891082763674
2025-09-05,2025-09-13,4.6,6.4931073,-1.8931073188781742
2025-09-05,2025-09-14,3.5,6.1982155,-2.6982154846191406
2025-09-05,2025-09-15,5.4,5.779794,-0.3797942161560055
2025-09-05,2025-09-16,5.299999999999999,6.286849,-0.9868490219116222
2025-09-05,2025-09-17,3.8,7.215045,-3.415044975280762
2025-09-05,2025-09-18,4.5,6.809643,-2.309642791748047
2025-09-05,2025-09-19,8.0,6.264597,1.735403060913086
2025-09-06,2025-09-07,5.9,7.6175356,-1.717535591125488
2025-09-06,2025-09-08,5.2,6.4645205,-1.264520454406738
2025-09-06,2025-09-09,5.6,6.4844046,-0.884404563903809
2025-09-06,2025-09-10,4.9,8.101676,-3.201675987243652
2025-09-06,2025-09-11,5.1,6.7992196,-1.6992196083068851
2025-09-06,2025-09-12,5.8,5.910617,-0.1106168746948244
2025-09-06,2025-09-13,4.6,6.7352304,-2.1352304458618168
2025-09-06,2025-09-14,3.5,6.2752266,-2.775226593017578
2025-09-06,2025-09-15,5.4,6.5819306,-1.1819306373596188
2025-09-06,2025-09-16,5.299999999999999,6.073629,-0.7736289024353038
2025-09-06,2025-09-17,3.8,6.3885946,-2.5885946273803713
2025-09-06,2025-09-18,4.5,7.1836963,-2.6836962699890137
2025-09-06,2025-09-19,8.0,7.1277924,0.8722076416015625
2025-09-06,2025-09-20,5.6,6.130957,-0.530957126617432
2025-09-07,2025-09-08,5.2,7.922222,-2.7222221374511717
2025-09-07,2025-09-09,5.6,7.032085,-1.432084941864014
2025-09-07,2025-09-10,4.9,6.3369794,-1.4369793891906735
2025-09-07,2025-09-11,5.1,8.023987,-2.9239868164062504
2025-09-07,2025-09-12,5.8,7.162379,-1.362378787994385
2025-09-07,2025-09-13,4.6,6.322931,-1.7229308128356937
2025-09-07,2025-09-14,3.5,6.5639696,-3.063969612121582
2025-09-07,2025-09-15,5.4,6.3206434,-0.9206434249877926
2025-09-07,2025-09-16,5.299999999999999,6.686655,-1.3866550445556651
2025-09-07,2025-09-17,3.8,6.531609,-2.731609058380127
2025-09-07,2025-09-18,4.5,6.8657255,-2.365725517272949
2025-09-07,2025-09-19,8.0,7.313549,0.6864509582519531
2025-09-07,2025-09-20,5.6,7.6486087,-2.0486086845397953
2025-09-07,2025-09-21,2.2,6.04472,-3.84472017288208
2025-09-08,2025-09-09,5.6,7.848594,-2.248594188690186
2025-09-08,2025-09-10,4.9,7.403232,-2.503232097625732
2025-09-08,2025-09-11,5.1,6.4962044,-1.3962043762207035
2025-09-08,2025-09-12,5.8,8.010762,-2.2107622146606447
2025-09-08,2025-09-13,4.6,7.180477,-2.5804771423339847
2025-09-08,2025-09-14,3.5,6.311371,-2.811370849609375
2025-09-08,2025-09-15,5.4,7.0294604,-1.6294604301452633
2025-09-08,2025-09-16,5.299999999999999,6.2269044,-0.9269043922424327
2025-09-08,2025-09-17,3.8,6.761821,-2.9618207931518556
2025-09-08,2025-09-18,4.5,6.444564,-1.944563865661621
2025-09-08,2025-09-19,8.0,6.559015,1.4409852027893066
2025-09-08,2025-09-20,5.6,7.0743394,-1.4743393898010257
2025-09-08,2025-09-21,2.2,7.165902,-4.9659021377563475
2025-09-08,2025-09-22,3.5,6.0378294,-2.5378293991088867
2025-09-09,2025-09-10,4.9,7.762445,-2.862444972991943
2025-09-09,2025-09-11,5.1,7.3706646,-2.2706645965576175
2025-09-09,2025-09-12,5.8,6.5549693,-0.7549693107604982
2025-09-09,2025-09-13,4.6,8.214287,-3.614286804199219
2025-09-09,2025-09-14,3.5,7.1552615,-3.655261516571045
2025-09-09,2025-09-15,5.4,5.9801908,-0.5801907539367672
2025-09-09,2025-09-16,5.299999999999999,7.443214,-2.143213939666749
2025-09-09,2025-09-17,3.8,6.2732377,-2.473237705230713
2025-09-09,2025-09-18,4.5,6.555382,-2.0553817749023438
2025-09-09,2025-09-19,8.0,6.0823827,1.9176173210144043
2025-09-09,2025-09-20,5.6,6.206709,-0.606708908081055
2025-09-09,2025-09-21,2.2,6.861903,-4.661903190612793
2025-09-09,2025-09-22,3.5,6.9733043,-3.473304271697998
2025-09-09,2025-09-23,3.3,6.2872972,-2.987297248840332
2025-09-10,2025-09-11,5.1,7.088397,-1.988397026062012
2025-09-10,2025-09-12,5.8,6.345677,-0.545676898956299
2025-09-10,2025-09-13,4.6,5.9447036,-1.344703578948975
2025-09-10,2025-09-14,3.5,7.593104,-4.093103885650635
2025-09-10,2025-09-15,5.4,6.930747,-1.530747032165527
2025-09-10,2025-09-16,5.299999999999999,5.4865174,-0.1865174293518077
2025-09-10,2025-09-17,3.8,7.292984,-3.4929840087890627
2025-09-10,2025-09-18,4.5,6.239,-1.738999843597412
2025-09-10,2025-09-19,8.0,6.162527,1.837472915649414
2025-09-10,2025-09-20,5.6,5.492048,0.10795221328735316
2025-09-10,2025-09-21,2.2,6.2207594,-4.020759391784668
2025-09-10,2025-09-22,3.5,6.7224207,-3.2224206924438477
2025-09-10,2025-09-23,3.3,6.5219016,-3.221901607513428
2025-09-10,2025-09-24,3.7,6.5369616,-2.836961555480957
2025-09-11,2025-09-12,5.8,6.448139,-0.6481391906738283
2025-09-11,2025-09-13,4.6,5.730607,-1.1306070327758793
2025-09-11,2025-09-14,3.5,5.164755,-1.664754867553711
2025-09-11,2025-09-15,5.4,6.736417,-1.3364168167114254
2025-09-11,2025-09-16,5.299999999999999,6.469467,-1.1694671630859386
2025-09-11,2025-09-17,3.8,4.9489875,-1.1489874839782717
2025-09-11,2025-09-18,4.5,6.6607966,-2.160796642303467
2025-09-11,2025-09-19,8.0,6.1445136,1.8554863929748535
2025-09-11,2025-09-20,5.6,5.832559,-0.23255910873413121
2025-09-11,2025-09-21,2.2,5.226481,-3.026480960845947
2025-09-11,2025-09-22,3.5,6.1429763,-2.6429762840270996
2025-09-11,2025-09-23,3.3,6.5659795,-3.2659794807434084
2025-09-11,2025-09-24,3.7,6.1498175,-2.4498174667358397
2025-09-11,2025-09-25,3.8,6.398837,-2.5988370895385744
2025-09-12,2025-09-13,4.6,6.3728256,-1.772825622558594
2025-09-12,2025-09-14,3.5,6.2357326,-2.7357325553894043
2025-09-12,2025-09-15,5.4,5.0447893,0.3552106857299808
2025-09-12,2025-09-16,5.299999999999999,6.552543,-1.2525431632995616
2025-09-12,2025-09-17,3.8,6.259766,-2.4597661018371584
2025-09-12,2025-09-18,4.5,4.799889,-0.29988908767700195
2025-09-12,2025-09-19,8.0,6.1882653,1.811734676361084
2025-09-12,2025-09-20,5.6,6.4748616,-0.8748616218566898
2025-09-12,2025-09-21,2.2,5.6636653,-3.4636652946472166
2025-09-12,2025-09-22,3.5,5.5554395,-2.0554394721984863
2025-09-12,2025-09-23,3.3,6.0353446,-2.7353446006774904
2025-09-12,2025-09-24,3.7,6.7896743,-3.0896742820739744
2025-09-12,2025-09-25,3.8,6.3444815,-2.5444814682006838
2025-09-12,2025-09-26,6.8,6.4171085,0.38289146423339826
2025-09-13,2025-09-14,3.5,6.4885006,-2.9885005950927734
2025-09-13,2025-09-15,5.4,6.317253,-0.9172531127929684
2025-09-13,2025-09-16,5.299999999999999,5.0845995,0.2154005050659169
2025-09-13,2025-09-17,3.8,6.587937,-2.787936878204346
2025-09-13,2025-09-18,4.5,6.339832,-1.839831829071045
2025-09-13,2025-09-19,8.0,4.952638,3.0473618507385254
2025-09-13,2025-09-20,5.6,6.1443825,-0.544382476806641
2025-09-13,2025-09-21,2.2,6.4451137,-4.245113658905029
2025-09-13,2025-09-22,3.5,6.120549,-2.620549201965332
2025-09-13,2025-09-23,3.3,6.04634,-2.7463399887084963
2025-09-13,2025-09-24,3.7,6.2660246,-2.566024589538574
2025-09-13,2025-09-25,3.8,6.9671307,-3.1671306610107424
2025-09-13,2025-09-26,6.8,6.5283127,0.2716873168945311
2025-09-13,2025-09-27,9.7,6.1669254,3.5330745697021477
2025-09-14,2025-09-15,5.4,6.652987,-1.2529870033264157
2025-09-14,2025-09-16,5.299999999999999,6.5078044,-1.2078043937683116
2025-09-14,2025-09-17,3.8,5.0852523,-1.2852522850036623
2025-09-14,2025-09-18,4.5,6.907686,-2.407686233520508
2025-09-14,2025-09-19,8.0,6.5685215,1.431478500366211
2025-09-14,2025-09-20,5.6,5.254254,0.34574613571166957
2025-09-14,2025-09-21,2.2,6.0271497,-3.827149677276611
2025-09-14,2025-09-22,3.5,6.8616586,-3.3616585731506348
2025-09-14,2025-09-23,3.3,6.430806,-3.1308061599731447
2025-09-14,2025-09-24,3.7,6.9566064,-3.256606388092041
2025-09-14,2025-09-25,3.8,6.8601303,-3.060130310058594
2025-09-14,2025-09-26,6.8,7.427084,-0.6270839691162111
2025-09-14,2025-09-27,9.7,7.534438,2.165561866760253
2025-09-14,2025-09-28,9.6,6.2082624,3.391737556457519
2025-09-15,2025-09-16,5.299999999999999,6.2293925,-0.9293925285339366
2025-09-15,2025-09-17,3.8,6.543644,-2.743643951416016
2025-09-15,2025-09-18,4.5,5.058561,-0.558560848236084
2025-09-15,2025-09-19,8.0,5.9552155,2.0447845458984375
2025-09-15,2025-09-20,5.6,6.489004,-0.8890041351318363
2025-09-15,2025-09-21,2.2,5.000341,-2.800340938568115
2025-09-15,2025-09-22,3.5,6.0898256,-2.5898256301879883
2025-09-15,2025-09-23,3.3,6.563067,-3.2630669593811037
2025-09-15,2025-09-24,3.7,6.7563853,-3.056385326385498
2025-09-15,2025-09-25,3.8,7.265224,-3.4652239799499513
2025-09-15,2025-09-26,6.8,6.6133175,0.18668251037597638
2025-09-15,2025-09-27,9.7,7.2028065,2.497193527221679
2025-09-15,2025-09-28,9.6,6.7687683,2.8312316894531246
2025-09-15,2025-09-29,9.8,6.0798264,3.720173645019532
2025-09-16,2025-09-17,3.8,6.07597,-2.2759701728820803
2025-09-16,2025-09-18,4.5,6.398431,-1.8984308242797852
2025-09-16,2025-09-19,8.0,5.2796655,2.720334529876709
2025-09-16,2025-09-20,5.6,5.816514,-0.21651401519775426
2025-09-16,2025-09-21,2.2,6.405296,-4.205295848846435
2025-09-16,2025-09-22,3.5,4.8169193,-1.3169193267822266
2025-09-16,2025-09-23,3.3,6.645633,-3.3456332206726076
2025-09-16,2025-09-24,3.7,6.4982753,-2.798275279998779
2025-09-16,2025-09-25,3.8,6.795945,-2.995945167541504
2025-09-16,2025-09-26,6.8,7.193716,-0.3937160491943361
2025-09-16,2025-09-27,9.7,6.4058743,3.2941257476806634
2025-09-16,2025-09-28,9.6,7.2972226,2.3027773857116696
2025-09-16,2025-09-29,9.8,6.42163,3.378370094299317
2025-09-16,2025-09-30,11.399999999999999,6.279104,5.120895767211913
2025-09-17,2025-09-18,4.5,5.7239122,-1.223912239074707
2025-09-17,2025-09-19,8.0,5.658493,2.3415069580078125
2025-09-17,2025-09-20,5.6,5.418026,0.18197402954101527
2025-09-17,2025-09-21,2.2,5.696176,-3.4961760520935057
2025-09-17,2025-09-22,3.5,6.4712253,-2.9712252616882324
2025-09-17,2025-09-23,3.3,4.6262975,-1.3262974739074709
2025-09-17,2025-09-24,3.7,6.8614564,-3.1614563941955565
2025-09-17,2025-09-25,3.8,6.663694,-2.863693904876709
2025-09-17,2025-09-26,6.8,6.666795,0.13320522308349592
2025-09-17,2025-09-27,9.7,7.0981536,2.6018464088439934
2025-09-17,2025-09-28,9.6,6.5898414,3.0101586341857907
2025-09-17,2025-09-29,9.8,7.7718544,2.028145599365235
2025-09-17,2025-09-30,11.399999999999999,6.3308134,5.069186592102049
2025-09-17,2025-10-01,11.7,6.901852,4.798147869110107
2025-09-18,2025-09-19,8.0,5.426418,2.573582172393799
2025-09-18,2025-09-20,5.6,5.0514393,0.5485607147216793
2025-09-18,2025-09-21,2.2,5.33912,-3.1391199111938475
2025-09-18,2025-09-22,3.5,5.338066,-1.8380661010742188
2025-09-18,2025-09-23,3.3,6.560402,-3.2604019165039064
2025-09-18,2025-09-24,3.7,4.6590757,-0.9590757369995115
2025-09-18,2025-09-25,3.8,6.755598,-2.955598068237305
2025-09-18,2025-09-26,6.8,6.723868,0.07613210678100568
2025-09-18,2025-09-27,9.7,6.5624857,3.1375143051147454
2025-09-18,2025-09-28,9.6,7.0675597,2.5324402809143063
2025-09-18,2025-09-29,9.8,6.9165506,2.883449363708497
2025-09-18,2025-09-30,11.399999999999999,8.255423,3.1445774078369126
2025-09-18,2025-10-01,11.7,6.129081,5.570919227600097
2025-09-18,2025-10-02,11.9,7.352007,4.547993087768555
2025-09-19,2025-09-20,5.6,5.9506135,-0.3506134986877445
2025-09-19,2025-09-21,2.2,5.8387847,-3.6387846946716307
2025-09-19,2025-09-22,3.5,5.760899,-2.260899066925049
2025-09-19,2025-09-23,3.3,5.8948975,-2.5948974609375
2025-09-19,2025-09-24,3.7,6.862585,-3.1625850677490233
2025-09-19,2025-09-25,3.8,5.1454606,-1.345460605621338
2025-09-19,2025-09-26,6.8,6.8525543,-0.05255432128906268
2025-09-19,2025-09-27,9.7,6.8453593,2.8546406745910637
2025-09-19,2025-09-28,9.6,6.534386,3.0656138420104977
2025-09-19,2025-09-29,9.8,7.0808935,2.7191064834594734
2025-09-19,2025-09-30,11.399999999999999,7.046323,4.353677177429198
2025-09-19,2025-10-01,11.7,8.343162,3.356838417053222
2025-09-19,2025-10-02,11.9,6.5959635,5.3040365219116214
2025-09-19,2025-10-03,4.8,7.65632,-2.856320095062256
2025-09-20,2025-09-21,2.2,6.16786,-3.9678600311279295
2025-09-20,2025-09-22,3.5,6.2660704,-2.7660703659057617
2025-09-20,2025-09-23,3.3,5.944625,-2.6446249008178713
2025-09-20,2025-09-24,3.7,6.169919,-2.4699190139770506
2025-09-20,2025-09-25,3.8,7.189291,-3.389291000366211
2025-09-20,2025-09-26,6.8,5.5695763,1.2304237365722654
2025-09-20,2025-09-27,9.7,6.806218,2.8937818527221673
2025-09-20,2025-09-28,9.6,6.694838,2.9051619529724118
2025-09-20,2025-09-29,9.8,6.934713,2.865287113189698
2025-09-20,2025-09-30,11.399999999999999,7.3946257,4.005374336242674
2025-09-20,2025-10-01,11.7,7.382237,4.3177630424499505
2025-09-20,2025-10-02,11.9,8.233534,3.6664661407470707
2025-09-20,2025-10-03,4.8,6.91208,-2.1120798110961916
2025-09-20,2025-10-04,4.2,7.552127,-3.352126884460449
2025-09-21,2025-09-22,3.5,6.646997,-3.1469969749450684
2025-09-21,2025-09-23,3.3,7.0146384,-3.714638423919678
2025-09-21,2025-09-24,3.7,6.0386395,-2.3386395454406737
2025-09-21,2025-09-25,3.8,6.6790504,-2.879050445556641
2025-09-21,2025-09-26,6.8,7.687439,-0.8874389648437502
2025-09-21,2025-09-27,9.7,5.922047,3.777952861785888
2025-09-21,2025-09-28,9.6,6.820412,2.779587841033935
2025-09-21,2025-09-29,9.8,6.8627167,2.937283325195313
2025-09-21,2025-09-30,11.399999999999999,7.237725,4.162275218963622
2025-09-21,2025-10-01,11.7,8.18915,3.5108501434326165
2025-09-21,2025-10-02,11.9,7.781818,4.11818208694458
2025-09-21,2025-10-03,4.8,8.497466,-3.6974660873413088
2025-09-21,2025-10-04,4.2,8.313358,-4.1133583068847654
2025-09-21,2025-10-05,3.9000000000000004,7.5695896,-3.6695896148681637
2025-09-22,2025-09-23,3.3,6.9616003,-3.6616003036499025
2025-09-22,2025-09-24,3.7,7.5574627,-3.857462692260742
2025-09-22,2025-09-25,3.8,6.699564,-2.8995639801025392
2025-09-22,2025-09-26,6.8,7.484309,-0.6843091964721681
2025-09-22,2025-09-27,9.7,7.929607,1.7703930854797356
2025-09-22,2025-09-28,9.6,5.740121,3.859879112243652
2025-09-22,2025-09-29,9.8,7.579869,2.220131206512452
2025-09-22,2025-09-30,11.399999999999999,6.9667087,4.433291339874266
2025-09-22,2025-10-01,11.7,7.5183144,4.181685638427734
2025-09-22,2025-10-02,11.9,8.520789,3.3792108535766605
2025-09-22,2025-10-03,4.8,7.1834373,-2.3834373474121096
2025-09-22,2025-10-04,4.2,8.499809,-4.299809265136719
2025-09-22,2025-10-05,3.9000000000000004,8.698866,-4.798865890502929
2025-09-22,2025-10-06,6.3,7.6838694,-1.3838693618774416
2025-09-23,2025-09-24,3.7,7.0281324,-3.328132438659668
2025-09-23,2025-09-25,3.8,7.4316115,-3.63161153793335
2025-09-23,2025-09-26,6.8,7.0967946,-0.29679460525512713
2025-09-23,2025-09-27,9.7,7.9854336,1.7145664215087884
2025-09-23,2025-09-28,9.6,8.093551,1.5064493179321286
2025-09-23,2025-09-29,9.8,5.244736,4.555263805389405
2025-09-23,2025-09-30,11.399999999999999,8.190673,3.209327125549315
2025-09-23,2025-10-01,11.7,7.1261845,4.573815536499023
2025-09-23,2025-10-02,11.9,7.504178,4.395821952819825
2025-09-23,2025-10-03,4.8,8.533997,-3.73399658203125
2025-09-23,2025-10-04,4.2,6.700913,-2.5009129524230955
2025-09-23,2025-10-05,3.9000000000000004,8.605637,-4.705636596679687
2025-09-23,2025-10-06,6.3,8.788402,-2.4884016036987306
2025-09-23,2025-10-07,6.7,8.069121,-1.3691213607788084
2025-09-24,2025-09-25,3.8,6.8842144,-3.0842144012451174
2025-09-24,2025-09-26,6.8,7.1103635,-0.31036348342895526
2025-09-24,2025-09-27,9.7,7.0093794,2.690620613098144
2025-09-24,2025-09-28,9.6,8.213859,1.3861413955688473
2025-09-24,2025-09-29,9.8,8.2263365,1.573663520812989
2025-09-24,2025-09-30,11.399999999999999,5.0271378,6.372862243652342
2025-09-24,2025-10-01,11.7,8.520141,3.1798593521118157
2025-09-24,2025-10-02,11.9,7.072127,4.8278731346130375
2025-09-24,2025-10-03,4.8,7.3477592,-2.547759246826172
2025-09-24,2025-10-04,4.2,8.157721,-3.9577205657958983
2025-09-24,2025-10-05,3.9000000000000004,6.631039,-2.7310391426086422
2025-09-24,2025-10-06,6.3,8.663985,-2.3639852523803713
2025-09-24,2025-10-07,6.7,8.768738,-2.06873779296875
2025-09-24,2025-10-08,5.9,8.409972,-2.5099721908569332
2025-09-25,2025-09-26,6.8,6.832796,-0.03279609680175799
2025-09-25,2025-09-27,9.7,6.986427,2.7135731697082512
2025-09-25,2025-09-28,9.6,6.875414,2.7245861053466793
2025-09-25,2025-09-29,9.8,8.288475,1.511524963378907
2025-09-25,2025-09-30,11.399999999999999,8.40593,2.994070434570311
2025-09-25,2025-10-01,11.7,4.9814553,6.718544673919677
2025-09-25,2025-10-02,11.9,8.582999,3.317000770568848
2025-09-25,2025-10-03,4.8,6.9742804,-2.17428035736084
2025-09-25,2025-10-04,4.2,7.1973104,-2.997310447692871
2025-09-25,2025-10-05,3.9000000000000004,7.908995,-4.008995151519775
2025-09-25,2025-10-06,6.3,6.677285,-0.37728519439697283
2025-09-25,2025-10-07,6.7,8.796936,-2.09693603515625
2025-09-25,2025-10-08,5.9,8.562502,-2.6625019073486325
2025-09-25,2025-10-09,7.7,8.602028,-0.9020278930664061
2025-09-26,2025-09-27,9.7,6.6587377,3.0412623405456536
2025-09-26,2025-09-28,9.6,6.882744,2.717256164550781
2025-09-26,2025-09-29,9.8,6.757026,3.0429738044738777
2025-09-26,2025-09-30,11.399999999999999,8.05985,3.3401502609252915
2025-09-26,2025-10-01,11.7,8.333272,3.3667280197143548
2025-09-26,2025-10-02,11.9,5.0460763,6.853923702239991
2025-09-26,2025-10-03,4.8,8.390879,-3.5908786773681642
2025-09-26,2025-10-04,4.2,7.3138447,-3.1138446807861326
2025-09-26,2025-10-05,3.9000000000000004,7.027992,-3.1279917716979977
2025-09-26,2025-10-06,6.3,8.043373,-1.7433731079101564
2025-09-26,2025-10-07,6.7,6.8872786,-0.1872785568237303
2025-09-26,2025-10-08,5.9,9.150764,-3.250764465332031
2025-09-26,2025-10-09,7.7,8.200313,-0.5003126144409178
2025-09-26,2025-10-10,7.5,8.733082,-1.2330818176269531
2025-09-27,2025-09-28,9.6,6.6758423,2.9241577148437496
2025-09-27,2025-09-29,9.8,6.6048265,3.1951735496521003
2025-09-27,2025-09-30,11.399999999999999,6.7819834,4.618016624450682
2025-09-27,2025-10-01,11.7,7.79504,3.904959869384765
2025-09-27,2025-10-02,11.9,8.437641,3.4623588562011722
2025-09-27,2025-10-03,4.8,5.436879,-0.6368791580200197
2025-09-27,2025-10-04,4.2,8.434789,-4.234788703918457
2025-09-27,2025-10-05,3.9000000000000004,7.114032,-3.2140317916870114
2025-09-27,2025-10-06,6.3,7.523322,-1.223322105407715
2025-09-27,2025-10-07,6.7,8.15585,-1.4558504104614256
2025-09-27,2025-10-08,5.9,7.4872937,-1.587293720245361
2025-09-27,2025-10-09,7.7,9.147146,-1.4471462249755858
2025-09-27,2025-10-10,7.5,7.8393803,-0.33938026428222656
2025-09-27,2025-10-11,11.9,8.360045,3.5399545669555668
2025-09-28,2025-09-29,9.8,6.8664303,2.9335697174072273
2025-09-28,2025-09-30,11.399999999999999,6.6074324,4.792567634582518
2025-09-28,2025-10-01,11.7,6.6450233,5.054976654052734
2025-09-28,2025-10-02,11.9,7.662501,4.237499141693116
2025-09-28,2025-10-03,4.8,8.64882,-3.848819923400879
2025-09-28,2025-10-04,4.2,6.1593475,-1.9593475341796873
2025-09-28,2025-10-05,3.9000000000000004,8.577921,-4.677920913696289
2025-09-28,2025-10-06,6.3,7.331339,-1.0313388824462892
2025-09-28,2025-10-07,6.7,7.8099093,-1.1099093437194822
2025-09-28,2025-10-08,5.9,8.605545,-2.705545043945312
2025-09-28,2025-10-09,7.7,8.559427,-0.8594272613525389
2025-09-28,2025-10-10,7.5,9.393582,-1.8935823440551758
2025-09-28,2025-10-11,11.9,8.233801,3.666199111938477
2025-09-28,2025-10-12,14.8,8.115237,6.6847627639770515
2025-09-29,2025-09-30,11.399999999999999,7.3762197,4.023780250549315
2025-09-29,2025-10-01,11.7,7.084067,4.61593313217163
2025-09-29,2025-10-02,11.9,7.2210717,4.678928279876709
2025-09-29,2025-10-03,4.8,8.276237,-3.4762365341186525
2025-09-29,2025-10-04,4.2,8.836033,-4.6360328674316404
2025-09-29,2025-10-05,3.9000000000000004,6.756193,-2.856193161010742
2025-09-29,2025-10-06,6.3,9.514644,-3.214643669128418
2025-09-29,2025-10-07,6.7,7.4558535,-0.7558534622192381
2025-09-29,2025-10-08,5.9,8.030207,-2.130206680297851
2025-09-29,2025-10-09,7.7,8.556268,-0.856267738342285
2025-09-29,2025-10-10,7.5,8.720414,-1.220414161682129
2025-09-29,2025-10-11,11.9,9.293704,2.606295967102051
2025-09-29,2025-10-12,14.8,8.088537,6.711462783813477
2025-09-29,2025-10-13,4.7,7.9842944,-3.2842944145202635
2025-09-30,2025-10-01,11.7,7.7124796,3.9875204086303704
2025-09-30,2025-10-02,11.9,7.4283743,4.471625709533692
2025-09-30,2025-10-03,4.8,7.66607,-2.8660699844360353
2025-09-30,2025-10-04,4.2,8.728214,-4.5282142639160154
2025-09-30,2025-10-05,3.9000000000000004,9.032067,-5.13206729888916
2025-09-30,2025-10-06,6.3,6.911854,-0.6118537902832033
2025-09-30,2025-10-07,6.7,10.090389,-3.390389251708984
2025-09-30,2025-10-08,5.9,7.531891,-1.6318908691406246
2025-09-30,2025-10-09,7.7,7.941189,-0.2411888122558592
2025-09-30,2025-10-10,7.5,8.20447,-0.7044696807861328
2025-09-30,2025-10-11,11.9,8.665044,3.2349561691284183
2025-09-30,2025-10-12,14.8,9.122128,5.677872467041016
2025-09-30,2025-10-13,4.7,8.093644,-3.3936441421508787
2025-09-30,2025-10-14,2.8,8.160589,-5.360589218139649
2025-10-01,2025-10-02,11.9,8.773174,3.1268257141113285
2025-10-01,2025-10-03,4.8,7.7337265,-2.933726501464844
2025-10-01,2025-10-04,4.2,8.097763,-3.8977630615234373
2025-10-01,2025-10-05,3.9000000000000004,9.525476,-5.625476455688476
2025-10-01,2025-10-06,6.3,9.48678,-3.1867801666259767
2025-10-01,2025-10-07,6.7,7.0063353,-0.30633525848388654
2025-10-01,2025-10-08,5.9,10.351642,-4.451641654968261
2025-10-01,2025-10-09,7.7,7.486167,0.21383304595947283
2025-10-01,2025-10-10,7.5,7.9122972,-0.41229724884033203
2025-10-01,2025-10-11,11.9,7.7581773,4.141822719573975
2025-10-01,2025-10-12,14.8,8.416905,6.383094596862794
2025-10-01,2025-10-13,4.7,8.588431,-3.888431358337402
2025-10-01,2025-10-14,2.8,7.931124,-5.131124210357666
2025-10-01,2025-10-15,3.0,7.967192,-4.96719217300415
2025-10-02,2025-10-03,4.8,9.654608,-4.854607772827149
2025-10-02,2025-10-04,4.2,8.395433,-4.19543342590332
2025-10-02,2025-10-05,3.9000000000000004,8.257354,-4.357353782653808
2025-10-02,2025-10-06,6.3,10.1244335,-3.824433517456055
2025-10-02,2025-10-07,6.7,9.81487,-3.1148698806762694
2025-10-02,2025-10-08,5.9,7.0925217,-1.1925216674804684
2025-10-02,2025-10-09,7.7,10.120783,-2.4207828521728514
2025-10-02,2025-10-10,7.5,7.4156713,0.08432865142822266
2025-10-02,2025-10-11,11.9,7.6516557,4.2483443260192875
2025-10-02,2025-10-12,14.8,7.299053,7.500946807861329
2025-10-02,2025-10-13,4.7,8.112722,-3.4127223968505858
2025-10-02,2025-10-14,2.8,7.969795,-5.169795227050781
2025-10-02,2025-10-15,3.0,7.752254,-4.752254009246826
2025-10-02,2025-10-16,4.4,7.6768603,-3.2768603324890133
2025-10-03,2025-10-04,4.2,9.529666,-5.329665946960449
2025-10-03,2025-10-05,3.9000000000000004,9.09324,-5.193239784240722
2025-10-03,2025-10-06,6.3,7.473187,-1.1731869697570803
2025-10-03,2025-10-07,6.7,9.834043,-3.1340425491333006
2025-10-03,2025-10-08,5.9,9.371053,-3.471052742004394
2025-10-03,2025-10-09,7.7,6.884911,0.8150889396667482
2025-10-03,2025-10-10,7.5,8.979452,-1.479452133178711
2025-10-03,2025-10-11,11.9,7.5317955,4.368204498291016
2025-10-03,2025-10-12,14.8,6.978498,7.821502017974854
2025-10-03,2025-10-13,4.7,6.9841366,-2.2841365814208983
2025-10-03,2025-10-14,2.8,7.7048135,-4.904813480377197
2025-10-03,2025-10-15,3.0,7.2809114,-4.280911445617676
2025-10-03,2025-10-16,4.4,7.226362,-2.8263622283935543
2025-10-03,2025-10-17,6.0,6.9480267,-0.9480266571044922
2025-10-04,2025-10-05,3.9000000000000004,8.846144,-4.946143722534179
2025-10-04,2025-10-06,6.3,9.061919,-2.7619192123413088
2025-10-04,2025-10-07,6.7,6.275302,0.42469806671142596
2025-10-04,2025-10-08,5.9,8.62932,-2.72932014465332
2025-10-04,2025-10-09,7.7,8.435018,-0.7350175857543944
2025-10-04,2025-10-10,7.5,6.4702687,1.029731273651123
2025-10-04,2025-10-11,11.9,7.673128,4.2268718719482425
2025-10-04,2025-10-12,14.8,7.115123,7.68487720489502
2025-10-04,2025-10-13,4.7,6.9042244,-2.204224395751953
2025-10-04,2025-10-14,2.8,6.933372,-4.133372020721436
2025-10-04,2025-10-15,3.0,7.234364,-4.234364032745361
2025-10-04,2025-10-16,4.4,6.7036324,-2.3036323547363278
2025-10-04,2025-10-17,6.0,6.3997216,-0.399721622467041
2025-10-04,2025-10-18,9.7,5.7125225,3.987477493286132
2025-10-05,2025-10-06,6.3,8.654807,-2.3548070907592775
2025-10-05,2025-10-07,6.7,9.174791,-2.47479133605957
2025-10-05,2025-10-08,5.9,5.5767317,0.3232683181762699
2025-10-05,2025-10-09,7.7,8.328035,-0.6280353546142576
2025-10-05,2025-10-10,7.5,7.8160954,-0.31609535217285156
2025-10-05,2025-10-11,11.9,6.5468526,5.353147411346436
2025-10-05,2025-10-12,14.8,7.215696,7.584304141998292
2025-10-05,2025-10-13,4.7,7.2098837,-2.509883689880371
2025-10-05,2025-10-14,2.8,6.90591,-4.105910015106201
2025-10-05,2025-10-15,3.0,7.480857,-4.480856895446777
2025-10-05,2025-10-16,4.4,7.3524885,-2.95248851776123
2025-10-05,2025-10-17,6.0,6.806539,-0.8065390586853027
2025-10-05,2025-10-18,9.7,6.4837193,3.2162806510925286
2025-10-05,2025-10-19,7.3,5.1361213,2.1638787269592283
2025-10-06,2025-10-07,6.7,8.434904,-1.734904098510742
2025-10-06,2025-10-08,5.9,8.760905,-2.860905265808105
2025-10-06,2025-10-09,7.7,5.7441936,1.9558064460754396
2025-10-06,2025-10-10,7.5,8.08788,-0.5878801345825195
2025-10-06,2025-10-11,11.9,7.346792,4.553207778930664
2025-10-06,2025-10-12,14.8,6.314794,8.485205936431885
2025-10-06,2025-10-13,4.7,7.642252,-2.942251968383789
2025-10-06,2025-10-14,2.8,6.9064198,-4.1064197540283205
2025-10-06,2025-10-15,3.0,7.0170984,-4.017098426818848
2025-10-06,2025-10-16,4.4,7.236207,-2.836207008361816
2025-10-06,2025-10-17,6.0,6.644066,-0.6440658569335938
2025-10-06,2025-10-18,9.7,6.575161,3.12483901977539
2025-10-06,2025-10-19,7.3,5.6644864,1.6355135917663572
2025-10-06,2025-10-20,8.4,4.9927173,3.4072827339172367
2025-10-07,2025-10-08,5.9,8.047834,-2.1478343963623043
2025-10-07,2025-10-09,7.7,8.049427,-0.34942703247070295
2025-10-07,2025-10-10,7.5,5.887975,1.6120247840881348
2025-10-07,2025-10-11,11.9,8.005411,3.8945888519287113
2025-10-07,2025-10-12,14.8,6.969081,7.830919075012208
2025-10-07,2025-10-13,4.7,6.0016985,-1.3016984939575194
2025-10-07,2025-10-14,2.8,8.074946,-5.274946403503418
2025-10-07,2025-10-15,3.0,6.8564444,-3.8564443588256836
2025-10-07,2025-10-16,4.4,6.9070187,-2.507018661499023
2025-10-07,2025-10-17,6.0,6.747037,-0.7470369338989258
2025-10-07,2025-10-18,9.7,6.259512,3.4404880523681634
2025-10-07,2025-10-19,7.3,6.570001,0.7299988746643065
2025-10-07,2025-10-20,8.4,5.172596,3.2274040222167972
2025-10-07,2025-10-21,7.2,5.3150334,1.884966564178467
2025-10-08,2025-10-09,7.7,7.6583033,0.04169673919677752
2025-10-08,2025-10-10,7.5,7.0208335,0.47916650772094727
2025-10-08,2025-10-11,11.9,5.808133,6.091866874694825
2025-10-08,2025-10-12,14.8,7.9658103,6.834189701080323
2025-10-08,2025-10-13,4.7,6.80749,-2.1074898719787596
2025-10-08,2025-10-14,2.8,5.9594016,-3.159401607513428
2025-10-08,2025-10-15,3.0,8.297935,-5.297934532165527
2025-10-08,2025-10-16,4.4,6.9804225,-2.580422496795654
2025-10-08,2025-10-17,6.0,6.6346273,-0.6346273422241211
2025-10-08,2025-10-18,9.7,6.2360926,3.4639074325561516
2025-10-08,2025-10-19,7.3,6.4271727,0.8728273391723631
2025-10-08,2025-10-20,8.4,6.9501295,1.4498704910278324
2025-10-08,2025-10-21,7.2,4.845048,2.3549520492553713
2025-10-08,2025-10-22,6.6,5.795432,0.8045679092407223
2025-10-09,2025-10-10,7.5,7.729112,-0.2291121482849121
2025-10-09,2025-10-11,11.9,6.648126,5.251873874664307
2025-10-09,2025-10-12,14.8,5.940975,8.859024810791016
2025-10-09,2025-10-13,4.7,8.310616,-3.610615539550781
2025-10-09,2025-10-14,2.8,6.9418716,-4.141871643066406
2025-10-09,2025-10-15,3.0,6.103556,-3.1035561561584473
2025-10-09,2025-10-16,4.4,8.212464,-3.812464332580566
2025-10-09,2025-10-17,6.0,7.3509545,-1.350954532623291
2025-10-09,2025-10-18,9.7,6.488131,3.2118689537048333
2025-10-09,2025-10-19,7.3,6.2496133,1.0503867149353026
2025-10-09,2025-10-20,8.4,6.7523346,1.6476654052734379
2025-10-09,2025-10-21,7.2,7.532766,-0.33276586532592756
2025-10-09,2025-10-22,6.6,4.898189,1.7018109321594235
2025-10-09,2025-10-23,3.1,6.2367706,-3.1367706298828124
2025-10-10,2025-10-11,11.9,7.997469,3.9025310516357425
2025-10-10,2025-10-12,14.8,6.7909594,8.009040641784669
2025-10-10,2025-10-13,4.7,5.860444,-1.1604440689086912
2025-10-10,2025-10-14,2.8,8.457069,-5.657069396972656
2025-10-10,2025-10-15,3.0,7.184905,-4.184905052185059
2025-10-10,2025-10-16,4.4,6.598976,-2.198976135253906
2025-10-10,2025-10-17,6.0,8.14786,-2.147859573364258
2025-10-10,2025-10-18,9.7,7.676625,2.023375225067138
2025-10-10,2025-10-19,7.3,6.3358808,0.964119243621826
2025-10-10,2025-10-20,8.4,6.442949,1.9570511817932132
2025-10-10,2025-10-21,7.2,7.294745,-0.09474496841430646
2025-10-10,2025-10-22,6.6,7.9698505,-1.3698505401611332
2025-10-10,2025-10-23,3.1,4.805951,-1.7059511184692382
2025-10-10,2025-10-24,4.5,6.298307,-1.798306941986084
2025-10-11,2025-10-12,14.8,8.899199,5.9008014678955085
2025-10-11,2025-10-13,4.7,7.0949397,-2.3949397087097166
2025-10-11,2025-10-14,2.8,6.391098,-3.5910980224609377
2025-10-11,2025-10-15,3.0,8.787265,-5.787264823913574
2025-10-11,2025-10-16,4.4,8.011197,-3.6111970901489254
2025-10-11,2025-10-17,6.0,6.7810316,-0.781031608581543
2025-10-11,2025-10-18,9.7,8.39413,1.3058702468872063
2025-10-11,2025-10-19,7.3,7.335451,-0.03545112609863299
2025-10-11,2025-10-20,8.4,6.967017,1.4329828262329105
2025-10-11,2025-10-21,7.2,6.699895,0.5001050949096681
2025-10-11,2025-10-22,6.6,7.566025,-0.9660247802734379
2025-10-11,2025-10-23,3.1,7.7808676,-4.6808675765991214
2025-10-11,2025-10-24,4.5,5.568789,-1.068789005279541
2025-10-11,2025-10-25,3.7,6.169449,-2.4694488525390623
2025-10-12,2025-10-13,4.7,9.880943,-5.180943298339844
2025-10-12,2025-10-14,2.8,7.891758,-5.091757965087891
2025-10-12,2025-10-15,3.0,6.9945655,-3.994565486907959
2025-10-12,2025-10-16,4.4,9.294264,-4.894263839721679
2025-10-12,2025-10-17,6.0,8.818035,-2.818035125732422
2025-10-12,2025-10-18,9.7,7.025147,2.674853038787841
2025-10-12,2025-10-19,7.3,8.653957,-1.3539573669433596
2025-10-12,2025-10-20,8.4,7.4191227,0.9808773040771488
2025-10-12,2025-10-21,7.2,7.4350123,-0.23501234054565412
2025-10-12,2025-10-22,6.6,7.267495,-0.667495155334473
2025-10-12,2025-10-23,3.1,7.9558945,-4.855894470214844
2025-10-12,2025-10-24,4.5,7.8469315,-3.3469314575195312
2025-10-12,2025-10-25,3.7,7.0407214,-3.3407214164733885
2025-10-12,2025-10-26,3.0,6.2704945,-3.2704944610595703
2025-10-13,2025-10-14,2.8,10.177304,-7.377304267883301
2025-10-13,2025-10-15,3.0,8.419985,-5.419984817504883
2025-10-13,2025-10-16,4.4,7.5515604,-3.1515604019165036
2025-10-13,2025-10-17,6.0,9.510293,-3.5102930068969727
2025-10-13,2025-10-18,9.7,9.277377,0.42262287139892507
2025-10-13,2025-10-19,7.3,6.9211593,0.3788407325744627
2025-10-13,2025-10-20,8.4,9.22091,-0.8209100723266598
2025-10-13,2025-10-21,7.2,7.3136888,-0.11368875503540021
2025-10-13,2025-10-22,6.6,7.6148996,-1.0148996353149418
2025-10-13,2025-10-23,3.1,7.269764,-4.1697639465332035
2025-10-13,2025-10-24,4.5,7.5180063,-3.0180063247680664
2025-10-13,2025-10-25,3.7,7.635416,-3.935416030883789
2025-10-13,2025-10-26,3.0,7.160617,-4.160616874694824
2025-10-13,2025-10-27,4.8,6.4060674,-1.6060673713684084
2025-10-14,2025-10-15,3.0,9.54364,-6.54364013671875
2025-10-14,2025-10-16,4.4,8.06292,-3.6629196166992184
2025-10-14,2025-10-17,6.0,7.5019608,-1.5019607543945312
2025-10-14,2025-10-18,9.7,9.2048235,0.49517650604247976
2025-10-14,2025-10-19,7.3,9.11962,-1.8196203231811525
2025-10-14,2025-10-20,8.4,6.360522,2.039478206634522
2025-10-14,2025-10-21,7.2,9.216293,-2.0162933349609373
2025-10-14,2025-10-22,6.6,7.3113894,-0.7113894462585453
2025-10-14,2025-10-23,3.1,7.4662013,-4.366201305389405
2025-10-14,2025-10-24,4.5,7.128387,-2.628386974334717
2025-10-14,2025-10-25,3.7,7.1114306,-3.4114306449890135
2025-10-14,2025-10-26,3.0,7.6945214,-4.694521427154541
2025-10-14,2025-10-27,4.8,7.013847,-2.2138468742370607
2025-10-14,2025-10-28,5.0,6.7237954,-1.7237954139709473
2025-10-15,2025-10-16,4.4,8.761686,-4.361686325073242
2025-10-15,2025-10-17,6.0,7.259575,-1.2595748901367188
2025-10-15,2025-10-18,9.7,7.1536202,2.5463797569274895
2025-10-15,2025-10-19,7.3,8.829099,-1.529098701477051
2025-10-15,2025-10-20,8.4,8.872963,-0.4729629516601559
2025-10-15,2025-10-21,7.2,5.870263,1.32973690032959
2025-10-15,2025-10-22,6.6,9.050618,-2.450618171691895
2025-10-15,2025-10-23,3.1,7.3016567,-4.201656723022461
2025-10-15,2025-10-24,4.5,7.202966,-2.7029662132263184
2025-10-15,2025-10-25,3.7,6.9092565,-3.2092564582824705
2025-10-15,2025-10-26,3.0,6.9611726,-3.961172580718994
2025-10-15,2025-10-27,4.8,7.948854,-3.148853969573975
2025-10-15,2025-10-28,5.0,6.951777,-1.9517769813537598
2025-10-15,2025-10-29,4.7,7.1520786,-2.452078628540039
2025-10-16,2025-10-17,6.0,8.2634535,-2.263453483581543
2025-10-16,2025-10-18,9.7,6.762381,2.937618923187255
2025-10-16,2025-10-19,7.3,6.897323,0.4026768684387205
2025-10-16,2025-10-20,8.4,8.698032,-0.29803237915039027
2025-10-16,2025-10-21,7.2,8.697463,-1.497463035583496
2025-10-16,2025-10-22,6.6,5.6365004,0.9634996414184567
2025-10-16,2025-10-23,3.1,8.809037,-5.709037208557129
2025-10-16,2025-10-24,4.5,7.2904234,-2.7904233932495117
2025-10-16,2025-10-25,3.7,6.9630485,-3.263048458099365
2025-10-16,2025-10-26,3.0,6.781041,-3.781041145324707
2025-10-16,2025-10-27,4.8,6.8945584,-2.0945584297180178
2025-10-16,2025-10-28,5.0,8.212839,-3.212839126586914
2025-10-16,2025-10-29,4.7,7.013613,-2.313613224029541
2025-10-16,2025-10-30,5.1,7.535715,-2.4357151031494144
2025-10-17,2025-10-18,9.7,8.088663,1.6113368988037102
2025-10-17,2025-10-19,7.3,6.8872733,0.4127266883850096
2025-10-17,2025-10-20,8.4,6.6842537,1.7157463073730472
2025-10-17,2025-10-21,7.2,8.70543,-1.5054300308227537
2025-10-17,2025-10-22,6.6,8.467811,-1.8678106307983402
2025-10-17,2025-10-23,3.1,5.798963,-2.6989630699157714
2025-10-17,2025-10-24,4.5,8.684273,-4.184272766113281
2025-10-17,2025-10-25,3.7,7.4358444,-3.7358444213867186
2025-10-17,2025-10-26,3.0,6.7480373,-3.748037338256836
2025-10-17,2025-10-27,4.8,6.896549,-2.096549224853516
2025-10-17,2025-10-28,5.0,6.989435,-1.9894351959228516
2025-10-17,2025-10-29,4.7,8.454889,-3.7548892974853514
2025-10-17,2025-10-30,5.1,6.919608,-1.8196081161499027
2025-10-17,2025-10-31,4.5,7.5600553,-3.0600552558898926
2025-10-18,2025-10-19,7.3,8.113713,-0.8137132644653322
2025-10-18,2025-10-20,8.4,6.9979525,1.4020475387573246
2025-10-18,2025-10-21,7.2,6.5271535,0.6728465080261232
2025-10-18,2025-10-22,6.6,8.664715,-2.0647148132324222
2025-10-18,2025-10-23,3.1,8.42778,-5.327780151367188
2025-10-18,2025-10-24,4.5,6.0390396,-1.5390396118164062
2025-10-18,2025-10-25,3.7,8.571347,-4.871347236633301
2025-10-18,2025-10-26,3.0,7.245551,-4.245551109313965
2025-10-18,2025-10-27,4.8,7.1453657,-2.3453657150268556
2025-10-18,2025-10-28,5.0,7.2794633,-2.279463291168213
2025-10-18,2025-10-29,4.7,7.3589396,-2.6589396476745604
2025-10-18,2025-10-30,5.1,8.407024,-3.3070243835449222
2025-10-18,2025-10-31,4.5,6.8553514,-2.355351448059082
2025-10-18,2025-11-01,4.6,7.1118784,-2.5118783950805668
2025-10-19,2025-10-20,8.4,8.003855,0.3961452484130863
2025-10-19,2025-10-21,7.2,7.181251,0.01874895095825213
2025-10-19,2025-10-22,6.6,5.813053,0.786946868896484
2025-10-19,2025-10-23,3.1,8.402273,-5.302273178100586
2025-10-19,2025-10-24,4.5,8.132739,-3.6327390670776367
2025-10-19,2025-10-25,3.7,6.2117176,-2.51171760559082
2025-10-19,2025-10-26,3.0,8.170775,-5.170775413513184
2025-10-19,2025-10-27,4.8,7.4614463,-2.661446285247803
2025-10-19,2025-10-28,5.0,7.130911,-2.130910873413086
2025-10-19,2025-10-29,4.7,7.86623,-3.166230010986328
2025-10-19,2025-10-30,5.1,7.8959346,-2.795934581756592
2025-10-19,2025-10-31,4.5,8.235768,-3.7357683181762695
2025-10-19,2025-11-01,4.6,7.4915166,-2.8915165901184086
2025-10-19,2025-11-02,4.7,6.5847735,-1.884773540496826
2025-10-20,2025-10-21,7.2,7.6846247,-0.484624671936035
2025-10-20,2025-10-22,6.6,6.890991,-0.29099121093750036
2025-10-20,2025-10-23,3.1,5.6192245,-2.5192245483398437
2025-10-20,2025-10-24,4.5,7.8798466,-3.3798465728759766
2025-10-20,2025-10-25,3.7,7.7679105,-4.067910480499267
2025-10-20,2025-10-26,3.0,6.0243526,-3.024352550506592
2025-10-20,2025-10-27,4.8,8.472134,-3.6721336364746096
2025-10-20,2025-10-28,5.0,7.147753,-2.1477527618408203
2025-10-20,2025-10-29,4.7,7.0498414,-2.3498414039611815
2025-10-20,2025-10-30,5.1,7.4566483,-2.3566483497619632
2025-10-20,2025-10-31,4.5,7.757482,-3.2574820518493652
2025-10-20,2025-11-01,4.6,7.324917,-2.7249168395996097
2025-10-20,2025-11-02,4.7,6.901769,-2.201769161224365
2025-10-20,2025-11-03,4.2,6.114949,-1.9149492263793944
2025-10-21,2025-10-22,6.6,7.129354,-0.5293540000915531
2025-10-21,2025-10-23,3.1,6.3795304,-3.279530429840088
2025-10-21,2025-10-24,4.5,5.4774942,-0.9774942398071289
2025-10-21,2025-10-25,3.7,7.002042,-3.3020418167114256
2025-10-21,2025-10-26,3.0,7.3200417,-4.320041656494141
2025-10-21,2025-10-27,4.8,5.6165214,-0.8165213584899904
2025-10-21,2025-10-28,5.0,8.646856,-3.6468563079833984
2025-10-21,2025-10-29,4.7,6.875806,-2.175805854797363
2025-10-21,2025-10-30,5.1,6.6560593,-1.556059265136719
2025-10-21,2025-10-31,4.5,6.912937,-2.4129371643066406
2025-10-21,2025-11-01,4.6,7.646487,-3.0464872360229496
2025-10-21,2025-11-02,4.7,6.851808,-2.1518080711364744
2025-10-21,2025-11-03,4.2,6.3460784,-2.1460783958435057
2025-10-21,2025-11-04,4.7,6.0871625,-1.3871624946594237
2025-10-22,2025-10-23,3.1,6.8599334,-3.7599333763122558
2025-10-22,2025-10-24,4.5,5.671491,-1.1714911460876465
2025-10-22,2025-10-25,3.7,5.3291726,-1.629172611236572
2025-10-22,2025-10-26,3.0,6.651246,-3.6512460708618164
2025-10-22,2025-10-27,4.8,7.010563,-2.210562896728516
2025-10-22,2025-10-28,5.0,5.318225,-0.3182249069213867
2025-10-22,2025-10-29,4.7,8.724698,-4.024698066711426
2025-10-22,2025-10-30,5.1,6.624899,-1.5248989105224613
2025-10-22,2025-10-31,4.5,6.0997386,-1.599738597869873
2025-10-22,2025-11-01,4.6,6.1319623,-1.5319622993469242
2025-10-22,2025-11-02,4.7,7.636832,-2.936832237243652
2025-10-22,2025-11-03,4.2,6.6440253,-2.4440253257751463
2025-10-22,2025-11-04,4.7,6.28346,-1.5834601402282713
2025-10-22,2025-11-05,8.8,6.1692023,2.6307976722717292
2025-10-23,2025-10-24,4.5,6.1061473,-1.606147289276123
2025-10-23,2025-10-25,3.7,5.2719502,-1.5719502449035643
2025-10-23,2025-10-26,3.0,4.7324133,-1.7324132919311523
2025-10-23,2025-10-27,4.8,5.9169364,-1.1169363975524904
2025-10-23,2025-10-28,5.0,6.484584,-1.484583854675293
2025-10-23,2025-10-29,4.7,5.0298443,-0.329844284057617
2025-10-23,2025-10-30,5.1,7.8991537,-2.7991537094116214
2025-10-23,2025-10-31,4.5,6.7315345,-2.231534481048584
2025-10-23,2025-11-01,4.6,5.460288,-0.8602880477905277
2025-10-23,2025-11-02,4.7,5.8887405,-1.188740539550781
2025-10-23,2025-11-03,4.2,7.713967,-3.5139668464660643
2025-10-23,2025-11-04,4.7,6.8847914,-2.184791374206543
2025-10-23,2025-11-05,8.8,6.186074,2.6139262199401863
2025-10-23,2025-11-06,8.2,6.3275332,1.8724667549133294
2025-10-24,2025-10-25,3.7,5.846433,-2.146433162689209
2025-10-24,2025-10-26,3.0,5.5130796,-2.5130796432495117
2025-10-24,2025-10-27,4.8,4.5519714,0.24802856445312482
2025-10-24,2025-10-28,5.0,5.407499,-0.407498836517334
2025-10-24,2025-10-29,4.7,6.1397157,-1.4397156715393065
2025-10-24,2025-10-30,5.1,4.7697496,0.3302503585815426
2025-10-24,2025-10-31,4.5,7.1527753,-2.652775287628174
2025-10-24,2025-11-01,4.6,6.96335,-2.36334981918335
2025-10-24,2025-11-02,4.7,5.132391,-0.43239097595214826
2025-10-24,2025-11-03,4.2,6.2963676,-2.0963676452636717
2025-10-24,2025-11-04,4.7,7.423585,-2.7235849380493162
2025-10-24,2025-11-05,8.8,7.2937055,1.5062945365905769
2025-10-24,2025-11-06,8.2,6.2818995,1.9181005477905266
2025-10-24,2025-11-07,7.3,6.5300694,0.7699306488037108
2025-10-25,2025-10-26,3.0,5.655513,-2.655512809753418
2025-10-25,2025-10-27,4.8,5.3239727,-0.5239727020263674
2025-10-25,2025-10-28,5.0,4.3037667,0.6962332725524902
2025-10-25,2025-10-29,4.7,5.255314,-0.5553138732910154
2025-10-25,2025-10-30,5.1,5.971911,-0.8719109535217289
2025-10-25,2025-10-31,4.5,4.8533683,-0.35336828231811523
2025-10-25,2025-11-01,4.6,6.9665637,-2.366563701629639
2025-10-25,2025-11-02,4.7,6.891537,-2.1915371894836424
2025-10-25,2025-11-03,4.2,5.5089025,-1.3089025497436522
2025-10-25,2025-11-04,4.7,6.973588,-2.2735879898071287
2025-10-25,2025-11-05,8.8,7.546183,1.2538168907165534
2025-10-25,2025-11-06,8.2,7.620466,0.5795337677001946
2025-10-25,2025-11-07,7.3,6.176572,1.123428153991699
2025-10-25,2025-11-08,12.4,6.4322023,5.967797660827637
2025-10-26,2025-10-27,4.8,5.675952,-0.8759519577026369
2025-10-26,2025-10-28,5.0,5.3941545,-0.39415454864501953
2025-10-26,2025-10-29,4.7,4.1486754,0.5513245582580568
2025-10-26,2025-10-30,5.1,5.5054545,-0.4054545402526859
2025-10-26,2025-10-31,4.5,5.9938836,-1.4938836097717285
2025-10-26,2025-11-01,4.6,5.1213093,-0.5213092803955082
2025-10-26,2025-11-02,4.7,6.989031,-2.289030838012695
2025-10-26,2025-11-03,4.2,7.265365,-3.065365123748779
2025-10-26,2025-11-04,4.7,5.911092,-1.2110918045043944
2025-10-26,2025-11-05,8.8,8.083365,0.7166345596313484
2025-10-26,2025-11-06,8.2,8.092413,0.10758705139160085
2025-10-26,2025-11-07,7.3,8.272169,-0.9721691131591799
2025-10-26,2025-11-08,12.4,6.8851,5.5149001121521
2025-10-26,2025-11-09,8.8,6.60188,2.1981199264526374
2025-10-27,2025-10-28,5.0,5.6333685,-0.6333684921264648
2025-10-27,2025-10-29,4.7,5.520284,-0.8202841758728026
2025-10-27,2025-10-30,5.1,4.7312303,0.36876974105834925
2025-10-27,2025-10-31,4.5,5.7808976,-1.280897617340088
2025-10-27,2025-11-01,4.6,6.119013,-1.519012832641602
2025-10-27,2025-11-02,4.7,5.106976,-0.4069760322570799
2025-10-27,2025-11-03,4.2,7.5850906,-3.385090637207031
2025-10-27,2025-11-04,4.7,7.183088,-2.4830878257751463
2025-10-27,2025-11-05,8.8,6.4649844,2.335015583038331
2025-10-27,2025-11-06,8.2,8.488971,-0.28897075653076243
2025-10-27,2025-11-07,7.3,7.8324475,-0.5324475288391115
2025-10-27,2025-11-08,12.4,8.228756,4.171244049072266
2025-10-27,2025-11-09,8.8,6.637875,2.162124919891358
2025-10-27,2025-11-10,4.4,6.819414,-2.419414138793945
2025-10-28,2025-10-29,4.7,5.2536697,-0.5536697387695311
2025-10-28,2025-10-30,5.1,5.3731303,-0.2731303215026859
2025-10-28,2025-10-31,4.5,5.0916004,-0.5916004180908203
2025-10-28,2025-11-01,4.6,5.8122663,-1.2122663497924808
2025-10-28,2025-11-02,4.7,6.0323977,-1.3323977470397947
2025-10-28,2025-11-03,4.2,4.8313217,-0.6313217163085936
2025-10-28,2025-11-04,4.7,8.004726,-3.304726409912109
2025-10-28,2025-11-05,8.8,7.053126,1.746874141693116
2025-10-28,2025-11-06,8.2,6.618028,1.5819718360900872
2025-10-28,2025-11-07,7.3,8.351708,-1.0517084121704103
2025-10-28,2025-11-08,12.4,7.634237,4.765763187408448
2025-10-28,2025-11-09,8.8,8.111953,0.6880472183227546
2025-10-28,2025-11-10,4.4,6.461943,-2.06194314956665
2025-10-28,2025-11-11,5.0,7.173073,-2.1730728149414062
2025-10-29,2025-10-30,5.1,4.7871866,0.31281337738037074
2025-10-29,2025-10-31,4.5,4.368312,0.13168811798095703
2025-10-29,2025-11-01,4.6,4.973342,-0.37334194183349645
2025-10-29,2025-11-02,4.7,5.5362167,-0.8362167358398436
2025-10-29,2025-11-03,4.2,5.983475,-1.7834752082824705
2025-10-29,2025-11-04,4.7,4.6693506,0.03064937591552752
2025-10-29,2025-11-05,8.8,8.283033,0.516966629028321
2025-10-29,2025-11-06,8.2,6.9420533,1.2579466819763176
2025-10-29,2025-11-07,7.3,6.3991737,0.9008262634277342
2025-10-29,2025-11-08,12.4,7.8384295,4.561570549011231
2025-10-29,2025-11-09,8.8,7.816049,0.9839509010314949
2025-10-29,2025-11-10,4.4,8.204729,-3.804729080200195
2025-10-29,2025-11-11,5.0,6.243101,-1.2431011199951172
2025-10-29,2025-11-12,7.7,7.575931,0.12406892776489276
2025-10-30,2025-10-31,4.5,5.034333,-0.5343332290649414
2025-10-30,2025-11-01,4.6,4.0026546,0.5973454475402828
2025-10-30,2025-11-02,4.7,5.2203183,-0.5203183174133299
2025-10-30,2025-11-03,4.2,5.7762656,-1.5762656211853026
2025-10-30,2025-11-04,4.7,6.3755383,-1.6755383491516112
2025-10-30,2025-11-05,8.8,4.716554,4.083445835113526
2025-10-30,2025-11-06,8.2,8.461029,-0.2610290527343757
2025-10-30,2025-11-07,7.3,6.925074,0.37492589950561506
2025-10-30,2025-11-08,12.4,6.2029233,6.19707670211792
2025-10-30,2025-11-09,8.8,7.6188965,1.1811035156250007
2025-10-30,2025-11-10,4.4,7.9721417,-3.5721417427062985
2025-10-30,2025-11-11,5.0,8.507882,-3.5078821182250977
2025-10-30,2025-11-12,7.7,6.5766454,1.1233546257019045
2025-10-30,2025-11-13,7.4,8.070634,-0.6706338882446286
2025-10-31,2025-11-01,4.6,5.1209397,-0.5209397315979007
2025-10-31,2025-11-02,4.7,4.198104,0.5018960952758791
2025-10-31,2025-11-03,4.2,5.122502,-0.9225018501281737
2025-10-31,2025-11-04,4.7,5.7520976,-1.0520976066589354
2025-10-31,2025-11-05,8.8,6.4630027,2.336997318267823
2025-10-31,2025-11-06,8.2,4.657791,3.542208862304687
2025-10-31,2025-11-07,7.3,8.1511545,-0.8511545181274416
2025-10-31,2025-11-08,12.4,7.0426455,5.357354545593262
2025-10-31,2025-11-09,8.8,5.895448,2.904551792144776
2025-10-31,2025-11-10,4.4,7.6326776,-3.232677555084228
2025-10-31,2025-11-11,5.0,7.999642,-2.9996418952941895
2025-10-31,2025-11-12,7.7,8.467701,-0.767700958251953
2025-10-31,2025-11-13,7.4,6.9077773,0.49222269058227575
2025-10-31,2025-11-14,12.5,8.112112,4.387887954711914
2025-11-01,2025-11-02,4.7,6.1486173,-1.4486172676086424
2025-11-01,2025-11-03,4.2,5.384697,-1.1846969604492186
2025-11-01,2025-11-04,4.7,5.21315,-0.5131500244140623
2025-11-01,2025-11-05,8.8,6.559475,2.2405250549316413
2025-11-01,2025-11-06,8.2,6.9383025,1.2616974830627434
2025-11-01,2025-11-07,7.3,5.0167656,2.283234405517578
2025-11-01,2025-11-08,12.4,7.8602114,4.539788627624512
2025-11-01,2025-11-09,8.8,6.4368043,2.363195705413819
2025-11-01,2025-11-10,4.4,6.514819,-2.1148191452026364
2025-11-01,2025-11-11,5.0,7.915732,-2.915731906890869
2025-11-01,2025-11-12,7.7,8.01134,-0.31134014129638654
2025-11-01,2025-11-13,7.4,7.44855,-0.048550224304198863
2025-11-01,2025-11-14,12.5,7.219111,5.28088903427124
2025-11-01,2025-11-15,7.4,6.9444327,0.4555672645568851
2025-11-02,2025-11-03,4.2,7.2891088,-3.0891087532043455
2025-11-02,2025-11-04,4.7,6.584191,-1.8841908454895018
2025-11-02,2025-11-05,8.8,5.552627,3.2473729133605964
2025-11-02,2025-11-06,8.2,7.6063495,0.5936505317687981
2025-11-02,2025-11-07,7.3,7.3726473,-0.07264728546142596
2025-11-02,2025-11-08,12.4,5.7590694,6.640930557250977
2025-11-02,2025-11-09,8.8,7.9614635,0.8385365486145027
2025-11-02,2025-11-10,4.4,6.4244466,-2.024446582794189
2025-11-02,2025-11-11,5.0,6.9877176,-1.987717628479004
2025-11-02,2025-11-12,7.7,8.291455,-0.5914552688598631
2025-11-02,2025-11-13,7.4,8.30292,-0.9029203414916989
2025-11-02,2025-11-14,12.5,7.3140836,5.185916423797607
2025-11-02,2025-11-15,7.4,8.038188,-0.6381879806518551
2025-11-02,2025-11-16,2.9,6.4022655,-3.5022655487060548
2025-11-03,2025-11-04,4.7,7.648271,-2.948271083831787
2025-11-03,2025-11-05,8.8,7.2993155,1.5006845474243171
2025-11-03,2025-11-06,8.2,6.4293694,1.7706305503845208
2025-11-03,2025-11-07,7.3,8.032684,-0.7326843261718752
2025-11-03,2025-11-08,12.4,7.6315017,4.768498325347901
2025-11-03,2025-11-09,8.8,5.9220376,2.8779623985290534
2025-11-03,2025-11-10,4.4,8.251322,-3.8513217926025387
2025-11-03,2025-11-11,5.0,6.2556953,-1.2556953430175781
2025-11-03,2025-11-12,7.7,7.295339,0.40466089248657244
2025-11-03,2025-11-13,7.4,8.24481,-0.8448101043701168
2025-11-03,2025-11-14,12.5,7.7352533,4.76474666595459
2025-11-03,2025-11-15,7.4,7.0534186,0.34658136367797887
2025-11-03,2025-11-16,2.9,7.47964,-4.579640007019043
2025-11-03,2025-11-17,4.0,6.437613,-2.437613010406494
2025-11-04,2025-11-05,8.8,7.370267,1.429733085632325
2025-11-04,2025-11-06,8.2,7.0550494,1.1449505805969231
2025-11-04,2025-11-07,7.3,6.638033,0.661967086791992
2025-11-04,2025-11-08,12.4,7.920054,4.479946041107178
2025-11-04,2025-11-09,8.8,7.4988747,1.30112533569336
2025-11-04,2025-11-10,4.4,5.9133863,-1.5133863449096676
2025-11-04,2025-11-11,5.0,8.476799,-3.4767990112304688
2025-11-04,2025-11-12,7.7,6.054307,1.6456930160522463
2025-11-04,2025-11-13,7.4,7.16642,0.2335800170898441
2025-11-04,2025-11-14,12.5,7.543479,4.956521034240723
2025-11-04,2025-11-15,7.4,7.3960958,0.003904247283935902
2025-11-04,2025-11-16,2.9,6.8581285,-3.958128547668457
2025-11-04,2025-11-17,4.0,6.645943,-2.6459431648254395
2025-11-04,2025-11-18,9.1,6.6131077,2.4868923187255856
2025-11-05,2025-11-06,8.2,7.2878222,0.9121777534484856
2025-11-05,2025-11-07,7.3,6.183811,1.1161888122558592
2025-11-05,2025-11-08,12.4,6.7618055,5.638194465637207
2025-11-05,2025-11-09,8.8,7.6289268,1.171073246002198
2025-11-05,2025-11-10,4.4,7.429504,-3.0295039176940914
2025-11-05,2025-11-11,5.0,5.872769,-0.8727688789367676
2025-11-05,2025-11-12,7.7,8.671582,-0.9715822219848631
2025-11-05,2025-11-13,7.4,5.767733,1.6322669029235843
2025-11-05,2025-11-14,12.5,6.971089,5.528911113739014
2025-11-05,2025-11-15,7.4,6.523487,0.8765129089355472
2025-11-05,2025-11-16,2.9,7.2410073,-4.341007328033447
2025-11-05,2025-11-17,4.0,6.855281,-2.855280876159668
2025-11-05,2025-11-18,9.1,5.9095864,3.1904135704040524
2025-11-05,2025-11-19,3.0,6.7774773,-3.777477264404297
2025-11-06,2025-11-07,7.3,7.4388723,-0.13887233734130877
2025-11-06,2025-11-08,12.4,5.7263217,6.673678302764893
2025-11-06,2025-11-09,8.8,6.8207493,1.9792507171630866
2025-11-06,2025-11-10,4.4,7.5416665,-3.141666507720947
2025-11-06,2025-11-11,5.0,7.451864,-2.4518637657165527
2025-11-06,2025-11-12,7.7,5.9859495,1.7140504837036135
2025-11-06,2025-11-13,7.4,8.689344,-1.2893444061279293
2025-11-06,2025-11-14,12.5,5.662484,6.837515830993652
2025-11-06,2025-11-15,7.4,6.639448,0.7605518341064457
2025-11-06,2025-11-16,2.9,5.743708,-2.84370813369751
2025-11-06,2025-11-17,4.0,7.216677,-3.216677188873291
2025-11-06,2025-11-18,9.1,6.9038,2.1961999893188473
2025-11-06,2025-11-19,3.0,5.6795173,-2.6795172691345215
2025-11-06,2025-11-20,4.2,6.9574065,-2.7574065208435057
2025-11-07,2025-11-08,12.4,7.7952867,4.604713344573975
2025-11-07,2025-11-09,8.8,6.133671,2.666329193115235
2025-11-07,2025-11-10,4.4,6.8616776,-2.4616776466369625
2025-11-07,2025-11-11,5.0,7.56657,-2.5665698051452637
2025-11-07,2025-11-12,7.7,7.464272,0.23572797775268572
2025-11-07,2025-11-13,7.4,6.1376977,1.2623023033142093
2025-11-07,2025-11-14,12.5,8.527204,3.9727964401245117
2025-11-07,2025-11-15,7.4,5.9298444,1.4701556205749515
2025-11-07,2025-11-16,2.9,6.2700534,-3.3700533866882325
2025-11-07,2025-11-17,4.0,5.495751,-1.495750904083252
2025-11-07,2025-11-18,9.1,7.1964808,1.903519248962402
2025-11-07,2025-11-19,3.0,6.9386334,-3.938633441925049
2025-11-07,2025-11-20,4.2,5.9446774,-1.7446773529052733
2025-11-07,2025-11-21,8.4,7.0102134,1.3897866249084476
2025-11-08,2025-11-09,8.8,8.184502,0.615498352050782
2025-11-08,2025-11-10,4.4,6.4922447,-2.092244720458984
2025-11-08,2025-11-11,5.0,6.8985524,-1.898552417755127
2025-11-08,2025-11-12,7.7,7.593959,0.10604114532470721
2025-11-08,2025-11-13,7.4,7.747713,-0.34771308898925746
2025-11-08,2025-11-14,12.5,6.4431014,6.056898593902588
2025-11-08,2025-11-15,7.4,8.398938,-0.9989381790161129
2025-11-08,2025-11-16,2.9,5.899368,-2.9993678092956544
2025-11-08,2025-11-17,4.0,6.7051616,-2.7051615715026855
2025-11-08,2025-11-18,9.1,5.769339,3.3306609153747555
2025-11-08,2025-11-19,3.0,7.5166245,-4.516624450683594
2025-11-08,2025-11-20,4.2,7.0155954,-2.8155954360961912
2025-11-08,2025-11-21,8.4,6.114704,2.2852958679199222
2025-11-08,2025-11-22,5.1,6.664265,-1.5642651557922367
2025-11-09,2025-11-10,4.4,9.072404,-4.6724039077758786
2025-11-09,2025-11-11,5.0,7.328495,-2.3284950256347656
2025-11-09,2025-11-12,7.7,7.1283402,0.5716597557067873
2025-11-09,2025-11-13,7.4,8.30979,-0.9097896575927731
2025-11-09,2025-11-14,12.5,8.343697,4.156303405761719
2025-11-09,2025-11-15,7.4,6.8863835,0.5136164665222172
2025-11-09,2025-11-16,2.9,8.552031,-5.652030563354492
2025-11-09,2025-11-17,4.0,6.3078666,-2.3078665733337402
2025-11-09,2025-11-18,9.1,7.0729313,2.027068710327148
2025-11-09,2025-11-19,3.0,6.5484834,-3.548483371734619
2025-11-09,2025-11-20,4.2,8.018643,-3.8186433792114256
2025-11-09,2025-11-21,8.4,7.295275,1.1047247886657718
2025-11-09,2025-11-22,5.1,7.263997,-2.163997077941895
2025-11-09,2025-11-23,4.1,6.622169,-2.5221690177917484
2025-11-10,2025-11-11,5.0,9.073299,-4.073299407958984
2025-11-10,2025-11-12,7.7,7.4806643,0.2193357467651369
2025-11-10,2025-11-13,7.4,7.3278904,0.07210960388183629
2025-11-10,2025-11-14,12.5,8.340706,4.159294128417969
2025-11-10,2025-11-15,7.4,8.49836,-1.098359680175781
2025-11-10,2025-11-16,2.9,6.83585,-3.9358497619628907
2025-11-10,2025-11-17,4.0,8.832312,-4.832311630249023
2025-11-10,2025-11-18,9.1,6.2277064,2.8722935676574703
2025-11-10,2025-11-19,3.0,7.2682633,-4.268263339996338
2025-11-10,2025-11-20,4.2,6.558633,-2.3586328506469725
2025-11-10,2025-11-21,8.4,7.7501025,0.6498974800109867
2025-11-10,2025-11-22,5.1,7.0257125,-1.9257124900817875
2025-11-10,2025-11-23,4.1,6.8392787,-2.7392786979675297
2025-11-10,2025-11-24,3.2,6.482714,-3.2827141761779783
2025-11-11,2025-11-12,7.7,8.597322,-0.8973224639892576
2025-11-11,2025-11-13,7.4,6.992609,0.4073909759521488
2025-11-11,2025-11-14,12.5,7.235191,5.2648091316223145
2025-11-11,2025-11-15,7.4,8.068559,-0.6685586929321286
2025-11-11,2025-11-16,2.9,8.206903,-5.306903457641601
2025-11-11,2025-11-17,4.0,6.4058185,-2.405818462371826
2025-11-11,2025-11-18,9.1,8.908339,0.19166145324706996
2025-11-11,2025-11-19,3.0,6.079226,-3.079226016998291
2025-11-11,2025-11-20,4.2,7.064387,-2.8643868446350096
2025-11-11,2025-11-21,8.4,6.132762,2.26723804473877
2025-11-11,2025-11-22,5.1,7.3376307,-2.2376307487487797
2025-11-11,2025-11-23,4.1,6.81289,-2.7128900527954105
2025-11-11,2025-11-24,3.2,6.4080415,-3.208041477203369
2025-11-11,2025-11-25,3.6,6.552947,-2.9529470443725585
2025-11-12,2025-11-13,7.4,7.9114337,-0.5114336967468258
2025-11-12,2025-11-14,12.5,6.110617,6.389382839202881
2025-11-12,2025-11-15,7.4,6.9277654,0.47223463058471715
2025-11-12,2025-11-16,2.9,7.5488086,-4.648808574676513
2025-11-12,2025-11-17,4.0,7.819673,-3.8196730613708496
2025-11-12,2025-11-18,9.1,6.026823,3.0731769561767575
2025-11-12,2025-11-19,3.0,8.764907,-5.764906883239746
2025-11-12,2025-11-20,4.2,5.94583,-1.7458298683166502
2025-11-12,2025-11-21,8.4,6.6836023,1.7163976669311527
2025-11-12,2025-11-22,5.1,5.568282,-0.46828212738037145
2025-11-12,2025-11-23,4.1,7.1455283,-3.045528316497803
2025-11-12,2025-11-24,3.2,6.8439045,-3.6439044952392576
2025-11-12,2025-11-25,3.6,5.9649253,-2.3649252891540526
2025-11-12,2025-11-26,11.0,6.8246794,4.175320625305176
2025-11-13,2025-11-14,12.5,7.474695,5.025304794311523
2025-11-13,2025-11-15,7.4,5.9381638,1.4618362426757816
2025-11-13,2025-11-16,2.9,6.547712,-3.6477118492126466
2025-11-13,2025-11-17,4.0,7.3785496,-3.378549575805664
2025-11-13,2025-11-18,9.1,7.5272436,1.5727563858032223
2025-11-13,2025-11-19,3.0,5.8002086,-2.800208568572998
2025-11-13,2025-11-20,4.2,8.340963,-4.140963363647461
2025-11-13,2025-11-21,8.4,5.9072685,2.4927314758300785
2025-11-13,2025-11-22,5.1,6.280351,-1.1803511619567875
2025-11-13,2025-11-23,4.1,5.273625,-1.1736248970031742
2025-11-13,2025-11-24,3.2,7.033705,-3.8337052345275877
2025-11-13,2025-11-25,3.6,6.8212695,-3.2212695121765136
2025-11-13,2025-11-26,11.0,6.033841,4.966158866882324
2025-11-13,2025-11-27,3.5,6.9106064,-3.4106063842773438
2025-11-14,2025-11-15,7.4,7.397362,0.002637767791748402
2025-11-14,2025-11-16,2.9,6.0606523,-3.160652256011963
2025-11-14,2025-11-17,4.0,6.278683,-2.2786831855773926
2025-11-14,2025-11-18,9.1,7.0890512,2.0109487533569332
2025-11-14,2025-11-19,3.0,7.2772985,-4.277298450469971
2025-11-14,2025-11-20,4.2,5.6814103,-1.4814103126525877
2025-11-14,2025-11-21,8.4,7.946784,0.4532159805297855
2025-11-14,2025-11-22,5.1,6.0843835,-0.9843834877014164
2025-11-14,2025-11-23,4.1,5.976154,-1.8761538505554203
2025-11-14,2025-11-24,3.2,5.1157885,-1.9157884597778319
2025-11-14,2025-11-25,3.6,6.926289,-3.3262890815734862
2025-11-14,2025-11-26,11.0,6.805931,4.194068908691406
2025-11-14,2025-11-27,3.5,6.1916537,-2.6916537284851074
2025-11-14,2025-11-28,5.699999999999999,6.7024817,-1.0024817466735847
2025-11-15,2025-11-16,2.9,7.902954,-5.0029541015625
2025-11-15,2025-11-17,4.0,6.1672707,-2.1672706604003906
2025-11-15,2025-11-18,9.1,6.4445615,2.6554385185241696
2025-11-15,2025-11-19,3.0,7.2029853,-4.2029852867126465
2025-11-15,2025-11-20,4.2,7.629111,-3.429110813140869
2025-11-15,2025-11-21,8.4,5.751429,2.6485709190368656
2025-11-15,2025-11-22,5.1,8.066664,-2.96666374206543
2025-11-15,2025-11-23,4.1,6.1754656,-2.07546558380127
2025-11-15,2025-11-24,3.2,6.333947,-3.13394718170166
2025-11-15,2025-11-25,3.6,5.6301756,-2.0301755905151366
2025-11-15,2025-11-26,11.0,7.0076456,3.992354393005371
2025-11-15,2025-11-27,3.5,7.015209,-3.515209197998047
2025-11-15,2025-11-28,5.699999999999999,6.6518283,-0.9518282890319831
2025-11-15,2025-11-29,3.8,6.5532775,-2.7532774925231935
2025-11-16,2025-11-17,4.0,8.455992,-4.455991744995117
2025-11-16,2025-11-18,9.1,6.9684734,2.1315265655517575
2025-11-16,2025-11-19,3.0,6.582897,-3.582897186279297
2025-11-16,2025-11-20,4.2,7.8414607,-3.6414607048034666
2025-11-16,2025-11-21,8.4,8.045823,0.35417690277099645
2025-11-16,2025-11-22,5.1,6.087984,-0.9879840850830082
2025-11-16,2025-11-23,4.1,8.248552,-4.148552322387696
2025-11-16,2025-11-24,3.2,6.588912,-3.388912010192871
2025-11-16,2025-11-25,3.6,6.7857547,-3.185754680633545
2025-11-16,2025-11-26,11.0,6.7057724,4.294227600097656
2025-11-16,2025-11-27,3.5,7.4890323,-3.98903226852417
2025-11-16,2025-11-28,5.699999999999999,7.603893,-1.9038928031921394
2025-11-16,2025-11-29,3.8,8.030229,-4.230228614807129
2025-11-16,2025-11-30,4.6,6.6345935,-2.034593486785889
2025-11-17,2025-11-18,9.1,8.386876,0.7131238937377926
2025-11-17,2025-11-19,3.0,7.475758,-4.475758075714111
2025-11-17,2025-11-20,4.2,7.0676327,-2.8676326751708983
2025-11-17,2025-11-21,8.4,8.3861265,0.013873481750488637
2025-11-17,2025-11-22,5.1,8.217942,-3.1179422378540043
2025-11-17,2025-11-23,4.1,6.358906,-2.2589057922363285
2025-11-17,2025-11-24,3.2,8.8291,-5.629099655151367
2025-11-17,2025-11-25,3.6,6.7287545,-3.1287545204162597
2025-11-17,2025-11-26,11.0,7.2804217,3.719578266143799
2025-11-17,2025-11-27,3.5,7.413085,-3.9130849838256836
2025-11-17,2025-11-28,5.699999999999999,7.583338,-1.8833377838134773
2025-11-17,2025-11-29,3.8,7.973061,-4.173061084747315
2025-11-17,2025-11-30,4.6,7.682531,-3.0825308799743656
2025-11-17,2025-12-01,3.5,6.7540097,-3.25400972366333
2025-11-18,2025-11-19,3.0,8.201305,-5.201305389404297
2025-11-18,2025-11-20,4.2,7.3410773,-3.1410773277282713
2025-11-18,2025-11-21,8.4,7.265914,1.1340860366821293
2025-11-18,2025-11-22,5.1,8.586488,-3.4864877700805668
2025-11-18,2025-11-23,4.1,8.308939,-4.208938980102539
2025-11-18,2025-11-24,3.2,6.2032676,-3.0032675743103026
2025-11-18,2025-11-25,3.6,9.049303,-5.449303054809571
2025-11-18,2025-11-26,11.0,6.970263,4.0297369956970215
2025-11-18,2025-11-27,3.5,7.34992,-3.8499197959899902
2025-11-18,2025-11-28,5.699999999999999,7.608596,-1.9085958480834968
2025-11-18,2025-11-29,3.8,7.614817,-3.8148171424865724
2025-11-18,2025-11-30,4.6,8.285864,-3.685863876342774
2025-11-18,2025-12-01,3.5,7.4726887,-3.972688674926758
2025-11-18,2025-12-02,4.8,7.216452,-2.4164521217346193
2025-11-19,2025-11-20,4.2,7.612148,-3.412147808074951
2025-11-19,2025-11-21,8.4,6.9437494,1.4562505722045902
2025-11-19,2025-11-22,5.1,6.792887,-1.6928872108459476
2025-11-19,2025-11-23,4.1,8.563507,-4.463507080078125
2025-11-19,2025-11-24,3.2,8.052231,-4.852230834960937
2025-11-19,2025-11-25,3.6,5.934182,-2.3341821670532226
2025-11-19,2025-11-26,11.0,8.6936655,2.3063344955444336
2025-11-19,2025-11-27,3.5,7.278238,-3.778237819671631
2025-11-19,2025-11-28,5.699999999999999,7.0299125,-1.329912471771241
2025-11-19,2025-11-29,3.8,7.64011,-3.840110015869141
2025-11-19,2025-11-30,4.6,7.8007383,-3.200738334655762
2025-11-19,2025-12-01,3.5,8.507889,-5.0078887939453125
2025-11-19,2025-12-02,4.8,7.2818108,-2.481810760498047
2025-11-19,2025-12-03,6.500000000000001,7.470591,-0.9705910682678214
2025-11-20,2025-11-21,8.4,7.526816,0.8731841087341312
2025-11-20,2025-11-22,5.1,6.651622,-1.5516218185424808
2025-11-20,2025-11-23,4.1,6.7150726,-2.615072631835938
2025-11-20,2025-11-24,3.2,8.838418,-5.6384180068969725
2025-11-20,2025-11-25,3.6,7.982699,-4.382698917388916
2025-11-20,2025-11-26,11.0,5.907093,5.092906951904297
2025-11-20,2025-11-27,3.5,8.504553,-5.004552841186523
2025-11-20,2025-11-28,5.699999999999999,7.5984344,-1.8984344482421882
2025-11-20,2025-11-29,3.8,6.8704433,-3.070443344116211
2025-11-20,2025-11-30,4.6,7.8869596,-3.286959552764893
2025-11-20,2025-12-01,3.5,7.985715,-4.485714912414551
2025-11-20,2025-12-02,4.8,9.030592,-4.23059196472168
2025-11-20,2025-12-03,6.500000000000001,7.043047,-0.5430469512939444
2025-11-20,2025-12-04,6.500000000000001,7.6787906,-1.178790569305419
2025-11-21,2025-11-22,5.1,7.6502967,-2.5502966880798343
2025-11-21,2025-11-23,4.1,7.227551,-3.1275509834289554
2025-11-21,2025-11-24,3.2,6.746081,-3.5460808753967283
2025-11-21,2025-11-25,3.6,9.250279,-5.650279426574707
2025-11-21,2025-11-26,11.0,7.844575,3.1554250717163086
2025-11-21,2025-11-27,3.5,6.108483,-2.608482837677002
2025-11-21,2025-11-28,5.699999999999999,8.227935,-2.5279348373413093
2025-11-21,2025-11-29,3.8,8.05942,-4.259419631958008
2025-11-21,2025-11-30,4.6,6.752492,-2.15249195098877
2025-11-21,2025-12-01,3.5,8.288356,-4.788355827331543
2025-11-21,2025-12-02,4.8,8.068708,-3.268708419799805
2025-11-21,2025-12-03,6.500000000000001,9.330892,-2.8308916091918936
2025-11-21,2025-12-04,6.500000000000001,7.1329494,-0.6329493522644034
2025-11-21,2025-12-05,6.4,7.8658233,-1.4658232688903805
2025-11-22,2025-11-23,4.1,8.044935,-3.94493522644043
2025-11-22,2025-11-24,3.2,7.5673285,-4.367328453063965
2025-11-22,2025-11-25,3.6,6.524697,-2.9246968269348144
2025-11-22,2025-11-26,11.0,9.500239,1.499760627746582
2025-11-22,2025-11-27,3.5,8.166549,-4.666548728942871
2025-11-22,2025-11-28,5.699999999999999,6.076958,-0.37695817947387766
2025-11-22,2025-11-29,3.8,8.104816,-4.304816436767578
2025-11-22,2025-11-30,4.6,7.8078938,-3.207893753051758
2025-11-22,2025-12-01,3.5,7.1141486,-3.6141486167907715
2025-11-22,2025-12-02,4.8,8.675109,-3.8751089096069338
2025-11-22,2025-12-03,6.500000000000001,8.092305,-1.5923051834106436
2025-11-22,2025-12-04,6.500000000000001,8.91734,-2.4173402786254874
2025-11-22,2025-12-05,6.4,7.32701,-0.9270101547241207
2025-11-22,2025-12-06,6.1000000000000005,7.4208302,-1.3208302497863764
2025-11-23,2025-11-24,3.2,7.9891,-4.789099979400635
2025-11-23,2025-11-25,3.6,8.058158,-4.458157920837403
2025-11-23,2025-11-26,11.0,5.984518,5.015481948852539
2025-11-23,2025-11-27,3.5,9.356018,-5.85601806640625
2025-11-23,2025-11-28,5.699999999999999,8.134077,-2.4340770721435554
2025-11-23,2025-11-29,3.8,6.195893,-2.3958928108215334
2025-11-23,2025-11-30,4.6,7.9662466,-3.366246604919434
2025-11-23,2025-12-01,3.5,7.733776,-4.233776092529297
2025-11-23,2025-12-02,4.8,7.219113,-2.4191128730773928
2025-11-23,2025-12-03,6.500000000000001,8.98708,-2.4870796203613272
2025-11-23,2025-12-04,6.500000000000001,8.569982,-2.069981575012206
2025-11-23,2025-12-05,6.4,8.610212,-2.2102123260498043
2025-11-23,2025-12-06,6.1000000000000005,7.9011836,-1.8011836051940913
2025-11-23,2025-12-07,4.3,7.0863075,-2.786307525634766
2025-11-24,2025-11-25,3.6,7.375675,-3.7756752014160155
2025-11-24,2025-11-26,11.0,7.70186,3.298140048980713
2025-11-24,2025-11-27,3.5,5.8943686,-2.3943686485290527
2025-11-24,2025-11-28,5.699999999999999,8.68927,-2.9892700195312507
2025-11-24,2025-11-29,3.8,7.879066,-4.079065990447998
2025-11-24,2025-11-30,4.6,6.1314588,-1.5314587593078617
2025-11-24,2025-12-01,3.5,8.391849,-4.891848564147949
2025-11-24,2025-12-02,4.8,7.3399496,-2.5399496078491213
2025-11-24,2025-12-03,6.500000000000001,7.229337,-0.7293372154235831
2025-11-24,2025-12-04,6.500000000000001,8.597755,-2.0977554321289054
2025-11-24,2025-12-05,6.4,8.372124,-1.9721237182617184
2025-11-24,2025-12-06,6.1000000000000005,8.129696,-2.029695892333984
2025-11-24,2025-12-07,4.3,7.1582613,-2.858261299133301
2025-11-24,2025-12-08,5.299999999999999,7.080307,-1.7803070068359386
2025-11-25,2025-11-26,11.0,6.6510215,4.348978519439697
2025-11-25,2025-11-27,3.5,6.904592,-3.4045920372009277
2025-11-25,2025-11-28,5.699999999999999,5.7478533,-0.04785327911377024
2025-11-25,2025-11-29,3.8,8.078968,-4.278968048095703
2025-11-25,2025-11-30,4.6,7.5827127,-2.9827126502990726
2025-11-25,2025-12-01,3.5,5.9709663,-2.470966339111328
2025-11-25,2025-12-02,4.8,8.710521,-3.9105207443237306
2025-11-25,2025-12-03,6.500000000000001,7.336845,-0.8368449211120597
2025-11-25,2025-12-04,6.500000000000001,7.0344706,-0.534470558166503
2025-11-25,2025-12-05,6.4,8.355358,-1.9553581237792965
2025-11-25,2025-12-06,6.1000000000000005,8.300044,-2.2000440597534174
2025-11-25,2025-12-07,4.3,8.380727,-4.08072681427002
2025-11-25,2025-12-08,5.299999999999999,6.5248814,-1.2248813629150401
2025-11-25,2025-12-09,5.5,7.3993044,-1.8993043899536133
2025-11-26,2025-11-27,3.5,6.7197638,-3.21976375579834
2025-11-26,2025-11-28,5.699999999999999,6.178716,-0.47871618270874094
2025-11-26,2025-11-29,3.8,6.136384,-2.3363840103149416
2025-11-26,2025-11-30,4.6,8.0710125,-3.4710124969482425
2025-11-26,2025-12-01,3.5,7.831841,-4.331840991973877
2025-11-26,2025-12-02,4.8,5.8558674,-1.055867385864258
2025-11-26,2025-12-03,6.500000000000001,8.988008,-2.4880075454711905
2025-11-26,2025-12-04,6.500000000000001,7.182193,-0.6821928024291983
2025-11-26,2025-12-05,6.4,6.953502,-0.5535021781921383
2025-11-26,2025-12-06,6.1000000000000005,7.9137173,-1.8137172698974604
2025-11-26,2025-12-07,4.3,8.252883,-3.9528829574584963
2025-11-26,2025-12-08,5.299999999999999,8.765075,-3.4650747299194347
2025-11-26,2025-12-09,5.5,6.6277165,-1.1277165412902832
2025-11-26,2025-12-10,6.900000000000001,7.9163733,-1.016373252868651
2025-11-27,2025-11-28,5.699999999999999,6.617172,-0.91717176437378
2025-11-27,2025-11-29,3.8,5.8608074,-2.0608074188232424
2025-11-27,2025-11-30,4.6,6.16117,-1.5611700057983402
2025-11-27,2025-12-01,3.5,7.6617184,-4.161718368530273
2025-11-27,2025-12-02,4.8,8.135764,-3.3357641220092775
2025-11-27,2025-12-03,6.500000000000001,5.6029615,0.8970384597778329
2025-11-27,2025-12-04,6.500000000000001,8.53627,-2.0362701416015616
2025-11-27,2025-12-05,6.4,7.168881,-0.7688809394836422
2025-11-27,2025-12-06,6.1000000000000005,6.641387,-0.5413869857788081
2025-11-27,2025-12-07,4.3,7.910365,-3.610365104675293
2025-11-27,2025-12-08,5.299999999999999,8.163551,-2.8635513305664073
2025-11-27,2025-12-09,5.5,9.216039,-3.716038703918457
2025-11-27,2025-12-10,6.900000000000001,6.6277475,0.27225246429443484
2025-11-27,2025-12-11,6.500000000000001,8.406373,-1.9063730239868155
2025-11-28,2025-11-29,3.8,6.325975,-2.5259749412536623
2025-11-28,2025-11-30,4.6,6.491672,-1.8916720390319828
2025-11-28,2025-12-01,3.5,6.0037575,-2.5037574768066406
2025-11-28,2025-12-02,4.8,7.4259253,-2.6259252548217775
2025-11-28,2025-12-03,6.500000000000001,7.978761,-1.4787611961364737
2025-11-28,2025-12-04,6.500000000000001,5.555073,0.9449272155761728
2025-11-28,2025-12-05,6.4,7.8984375,-1.4984374999999996
2025-11-28,2025-12-06,6.1000000000000005,7.3515882,-1.2515882492065424
2025-11-28,2025-12-07,4.3,6.3430266,-2.043026638031006
2025-11-28,2025-12-08,5.299999999999999,8.134001,-2.8340007781982433
2025-11-28,2025-12-09,5.5,8.134041,-2.6340408325195312
2025-11-28,2025-12-10,6.900000000000001,9.266778,-2.366777992248534
2025-11-28,2025-12-11,6.500000000000001,6.8125587,-0.3125586509704581
2025-11-28,2025-12-12,6.8,8.607603,-1.8076030731201174
2025-11-29,2025-11-30,4.6,6.106639,-1.5066389083862308
2025-11-29,2025-12-01,3.5,6.41126,-2.9112601280212402
2025-11-29,2025-12-02,4.8,5.56044,-0.7604400634765627
2025-11-29,2025-12-03,6.500000000000001,6.998632,-0.49863195419311435
2025-11-29,2025-12-04,6.500000000000001,7.86015,-1.3601498603820792
2025-11-29,2025-12-05,6.4,5.601531,0.7984689712524418
2025-11-29,2025-12-06,6.1000000000000005,7.8199406,-1.719940567016601
2025-11-29,2025-12-07,4.3,7.0820208,-2.7820207595825197
2025-11-29,2025-12-08,5.299999999999999,6.5839896,-1.2839896202087413
2025-11-29,2025-12-09,5.5,8.336675,-2.836674690246582
2025-11-29,2025-12-10,6.900000000000001,8.409015,-1.5090147018432605
2025-11-29,2025-12-11,6.500000000000001,8.981888,-2.4818878173828116
2025-11-29,2025-12-12,6.8,6.7444615,0.05553846359252912
2025-11-29,2025-12-13,8.7,8.238539,0.4614612579345696
2025-11-30,2025-12-01,3.5,6.408388,-2.908388137817383
2025-11-30,2025-12-02,4.8,6.645005,-1.845005226135254
2025-11-30,2025-12-03,6.500000000000001,5.420525,1.079474925994874
2025-11-30,2025-12-04,6.500000000000001,7.2085843,-0.7085843086242667
2025-11-30,2025-12-05,6.4,7.9753613,-1.575361347198486
2025-11-30,2025-12-06,6.1000000000000005,5.9402485,0.15975151062011772
2025-11-30,2025-12-07,4.3,8.1824045,-3.8824045181274416
2025-11-30,2025-12-08,5.299999999999999,7.211073,-1.9110729217529308
2025-11-30,2025-12-09,5.5,6.944837,-1.4448370933532715
2025-11-30,2025-12-10,6.900000000000001,9.01229,-2.112290000915526
2025-11-30,2025-12-11,6.500000000000001,9.029556,-2.5295562744140616
2025-11-30,2025-12-12,6.8,9.197892,-2.397892189025879
2025-11-30,2025-12-13,8.7,7.4917746,1.2082254409790032
2025-11-30,2025-12-14,5.6,8.111298,-2.5112976074218754
2025-12-01,2025-12-02,4.8,6.817034,-2.0170337677001955
2025-12-01,2025-12-03,6.500000000000001,6.646505,-0.14650487899780185
2025-12-01,2025-12-04,6.500000000000001,5.8140917,0.6859083175659189
2025-12-01,2025-12-05,6.4,6.950636,-0.5506359100341793
2025-12-01,2025-12-06,6.1000000000000005,8.282893,-2.1828931808471674
2025-12-01,2025-12-07,4.3,6.207827,-1.9078270912170412
2025-12-01,2025-12-08,5.299999999999999,8.416527,-3.116526794433595
2025-12-01,2025-12-09,5.5,6.7617173,-1.2617173194885254
2025-12-01,2025-12-10,6.900000000000001,7.6515274,-0.751527404785155
2025-12-01,2025-12-11,6.500000000000001,8.557191,-2.0571908950805655
2025-12-01,2025-12-12,6.8,8.886494,-2.0864936828613283
2025-12-01,2025-12-13,8.7,8.568085,0.1319152832031243
2025-12-01,2025-12-14,5.6,6.737086,-1.1370858192443851
2025-12-01,2025-12-15,8.1,7.6812296,0.41877040863037074
2025-12-02,2025-12-03,6.500000000000001,6.7883134,-0.288313388824462
2025-12-02,2025-12-04,6.500000000000001,6.1059594,0.3940405845642099
2025-12-02,2025-12-05,6.4,5.9862566,0.4137434005737308
2025-12-02,2025-12-06,6.1000000000000005,6.697537,-0.597536945343017
2025-12-02,2025-12-07,4.3,8.128621,-3.8286211013793947
2025-12-02,2025-12-08,5.299999999999999,6.291737,-0.9917370796203624
2025-12-02,2025-12-09,5.5,8.465766,-2.965765953063965
2025-12-02,2025-12-10,6.900000000000001,6.169864,0.7301358222961438
2025-12-02,2025-12-11,6.500000000000001,7.956385,-1.4563851356506339
2025-12-02,2025-12-12,6.8,7.442019,-0.6420189857482912
2025-12-02,2025-12-13,8.7,8.631699,0.06830139160156179
2025-12-02,2025-12-14,5.6,7.805635,-2.20563497543335
2025-12-02,2025-12-15,8.1,5.9542847,2.1457153320312496
2025-12-02,2025-12-16,6.1000000000000005,7.216361,-1.1163610458374018
2025-12-03,2025-12-04,6.500000000000001,6.799999,-0.299999237060546
2025-12-03,2025-12-05,6.4,5.52133,0.8786701202392582
2025-12-03,2025-12-06,6.1000000000000005,6.311472,-0.21147193908691353
2025-12-03,2025-12-07,4.3,6.8680115,-2.568011474609375
2025-12-03,2025-12-08,5.299999999999999,7.844898,-2.544898223876954
2025-12-03,2025-12-09,5.5,6.2222195,-0.7222194671630859
2025-12-03,2025-12-10,6.900000000000001,8.3103895,-1.4103895187377917
2025-12-03,2025-12-11,6.500000000000001,5.8986835,0.6013164520263681
2025-12-03,2025-12-12,6.8,7.9463983,-1.1463982582092287
2025-12-03,2025-12-13,8.7,6.3726616,2.3273384094238274
2025-12-03,2025-12-14,5.6,8.167481,-2.5674814224243168
2025-12-03,2025-12-15,8.1,7.544429,0.5555711746215817
2025-12-03,2025-12-16,6.1000000000000005,5.772772,0.3272281646728521
2025-12-03,2025-12-17,8.4,7.1168814,1.2831186294555668
2025-12-04,2025-12-05,6.4,6.7834263,-0.3834262847900387
2025-12-04,2025-12-06,6.1000000000000005,5.2371807,0.8628192901611333
2025-12-04,2025-12-07,4.3,6.2588305,-1.9588305473327638
2025-12-04,2025-12-08,5.299999999999999,6.6296744,-1.3296744346618663
2025-12-04,2025-12-09,5.5,7.6566625,-2.1566624641418457
2025-12-04,2025-12-10,6.900000000000001,6.0832,0.8168000221252454
2025-12-04,2025-12-11,6.500000000000001,7.7696753,-1.2696752548217765
2025-12-04,2025-12-12,6.8,5.7004485,1.099551486968994
2025-12-04,2025-12-13,8.7,7.712672,0.9873277664184563
2025-12-04,2025-12-14,5.6,5.617924,-0.017924213409424183
2025-12-04,2025-12-15,8.1,7.8310103,0.26898965835571254
2025-12-04,2025-12-16,6.1000000000000005,7.272097,-1.1720971107482905
2025-12-04,2025-12-17,8.4,5.5491834,2.850816631317139
2025-12-04,2025-12-18,3.3,6.8501353,-3.5501353263854982
2025-12-05,2025-12-06,6.1000000000000005,7.3170223,-1.217022323608398
2025-12-05,2025-12-07,4.3,6.274758,-1.9747578620910646
2025-12-05,2025-12-08,5.299999999999999,6.5122776,-1.2122776031494151
2025-12-05,2025-12-09,5.5,7.0023136,-1.5023136138916016
2025-12-05,2025-12-10,6.900000000000001,7.6318383,-0.7318383216857898
2025-12-05,2025-12-11,6.500000000000001,6.1453214,0.3546786308288583
2025-12-05,2025-12-12,6.8,7.2926755,-0.49267549514770526
2025-12-05,2025-12-13,8.7,5.88707,2.8129298210144036
2025-12-05,2025-12-14,5.6,7.336913,-1.736913108825684
2025-12-05,2025-12-15,8.1,5.3772583,2.7227416992187496
2025-12-05,2025-12-16,6.1000000000000005,7.3431625,-1.2431625366210932
2025-12-05,2025-12-17,8.4,7.037174,1.3628257751464847
2025-12-05,2025-12-18,3.3,5.9159584,-2.615958404541016
2025-12-05,2025-12-19,5.2,6.6346073,-1.4346073150634764
2025-12-06,2025-12-07,4.3,7.5646224,-3.2646224021911623
2025-12-06,2025-12-08,5.299999999999999,7.176595,-1.8765952110290538
2025-12-06,2025-12-09,5.5,6.280573,-0.7805728912353516
2025-12-06,2025-12-10,6.900000000000001,6.7852335,0.11476650238037234
2025-12-06,2025-12-11,6.500000000000001,7.6237674,-1.123767375946044
2025-12-06,2025-12-12,6.8,6.0674663,0.7325337409973143
2025-12-06,2025-12-13,8.7,6.599775,2.100225162506103
2025-12-06,2025-12-14,5.6,5.711567,-0.11156692504882848
2025-12-06,2025-12-15,8.1,7.4860563,0.6139436721801754
2025-12-06,2025-12-16,6.1000000000000005,5.5530643,0.546935653686524
2025-12-06,2025-12-17,8.4,7.069497,1.3305028915405277
2025-12-06,2025-12-18,3.3,6.4661756,-3.1661755561828615
2025-12-06,2025-12-19,5.2,5.9474587,-0.7474587440490721
2025-12-06,2025-12-20,6.2,5.8548636,0.34513635635375994
2025-12-07,2025-12-08,5.299999999999999,7.581255,-2.2812549591064464
2025-12-07,2025-12-09,5.5,7.911694,-2.411694049835205
2025-12-07,2025-12-10,6.900000000000001,5.8158584,1.0841416358947766
2025-12-07,2025-12-11,6.500000000000001,6.7995334,-0.29953336715698153
2025-12-07,2025-12-12,6.8,7.408855,-0.6088549613952638
2025-12-07,2025-12-13,8.7,6.288268,2.4117319107055657
2025-12-07,2025-12-14,5.6,6.303412,-0.703411960601807
2025-12-07,2025-12-15,8.1,5.855128,2.244872188568115
2025-12-07,2025-12-16,6.1000000000000005,7.478732,-1.3787321090698237
2025-12-07,2025-12-17,8.4,5.8243113,2.575688743591309
2025-12-07,2025-12-18,3.3,7.2441177,-3.9441177368164064
2025-12-07,2025-12-19,5.2,6.270252,-1.070252227783203
2025-12-07,2025-12-20,6.2,6.5713162,-0.3713162422180174
2025-12-07,2025-12-21,10.900000000000002,5.379163,5.520837211608889
2025-12-08,2025-12-09,5.5,7.1539035,-1.6539034843444824
2025-12-08,2025-12-10,6.900000000000001,7.9114823,-1.0114823341369616
2025-12-08,2025-12-11,6.500000000000001,6.0951385,0.4048614501953134
2025-12-08,2025-12-12,6.8,6.5001836,0.2998164176940916
2025-12-08,2025-12-13,8.7,7.1868505,1.513149452209472
2025-12-08,2025-12-14,5.6,6.1999936,-0.5999936103820804
2025-12-08,2025-12-15,8.1,6.6346064,1.4653936386108395
2025-12-08,2025-12-16,6.1000000000000005,5.5821204,0.5178795814514165
2025-12-08,2025-12-17,8.4,7.6642976,0.7357024192810062
2025-12-08,2025-12-18,3.3,5.455021,-2.155020904541016
2025-12-08,2025-12-19,5.2,6.8828254,-1.6828253746032713
2025-12-08,2025-12-20,6.2,5.863258,0.33674211502075213
2025-12-08,2025-12-21,10.900000000000002,5.8732424,5.026757621765139
2025-12-08,2025-12-22,16.0,5.258885,10.741115093231201
2025-12-09,2025-12-10,6.900000000000001,6.4439335,0.4560665130615247
2025-12-09,2025-12-11,6.500000000000001,7.4557633,-0.955763339996337
2025-12-09,2025-12-12,6.8,5.907288,0.8927119255065916
2025-12-09,2025-12-13,8.7,6.0883565,2.611643505096435
2025-12-09,2025-12-14,5.6,6.755123,-1.1551231384277347
2025-12-09,2025-12-15,8.1,5.721777,2.378223037719726
2025-12-09,2025-12-16,6.1000000000000005,6.746134,-0.6461338043212885
2025-12-09,2025-12-17,8.4,5.2516932,3.148306751251221
2025-12-09,2025-12-18,3.3,7.454271,-4.154270839691162
2025-12-09,2025-12-19,5.2,4.7761927,0.4238073348999025
2025-12-09,2025-12-20,6.2,6.516836,-0.31683616638183576
2025-12-09,2025-12-21,10.900000000000002,5.408474,5.491526031494143
2025-12-09,2025-12-22,16.0,5.372215,10.627785205841064
2025-12-09,2025-12-23,15.3,5.096243,10.203757095336915
2025-12-10,2025-12-11,6.500000000000001,6.0615716,0.4384284019470224
2025-12-10,2025-12-12,6.8,6.858857,-0.058857154846191584
2025-12-10,2025-12-13,8.7,5.6549306,3.0450694084167473
2025-12-10,2025-12-14,5.6,5.6083317,-0.008331680297851918
2025-12-10,2025-12-15,8.1,6.5859704,1.5140295982360836
2025-12-10,2025-12-16,6.1000000000000005,5.4391246,0.6608754158020025
2025-12-10,2025-12-17,8.4,6.750445,1.6495551109313968
2025-12-10,2025-12-18,3.3,4.9865265,-1.6865264892578127
2025-12-10,2025-12-19,5.2,7.1431975,-1.9431975364685057
2025-12-10,2025-12-20,6.2,4.1400137,2.0599863052368166
2025-12-10,2025-12-21,10.900000000000002,6.295346,4.6046542167663596
2025-12-10,2025-12-22,16.0,5.65488,10.345119953155518
2025-12-10,2025-12-23,15.3,4.9768214,10.323178577423096
2025-12-10,2025-12-24,5.6,5.092962,0.5070382118225094
2025-12-11,2025-12-12,6.8,6.186779,0.613220977783203
2025-12-11,2025-12-13,8.7,6.4915323,2.2084676742553704
2025-12-11,2025-12-14,5.6,5.717336,-0.11733617782592809
2025-12-11,2025-12-15,8.1,5.856563,2.2434369087219235
2025-12-11,2025-12-16,6.1000000000000005,6.6991234,-0.5991233825683588
2025-12-11,2025-12-17,8.4,5.4736667,2.926333332061768
2025-12-11,2025-12-18,3.3,6.919308,-3.6193081855773928
2025-12-11,2025-12-19,5.2,4.996736,0.20326395034790057
2025-12-11,2025-12-20,6.2,6.815538,-0.6155379295349119
2025-12-11,2025-12-21,10.900000000000002,3.7497988,7.150201225280764
2025-12-11,2025-12-22,16.0,6.20972,9.790279865264893
2025-12-11,2025-12-23,15.3,6.217464,9.082536029815675
2025-12-11,2025-12-24,5.6,5.121594,0.47840604782104457
2025-12-11,2025-12-25,4.3,5.417172,-1.1171719551086428
2025-12-12,2025-12-13,8.7,6.4002748,2.2997252464294426
2025-12-12,2025-12-14,5.6,6.8903356,-1.290335559844971
2025-12-12,2025-12-15,8.1,5.5834746,2.516525363922119
2025-12-12,2025-12-16,6.1000000000000005,6.08246,0.017540073394775924
2025-12-12,2025-12-17,8.4,6.8626785,1.537321472167969
2025-12-12,2025-12-18,3.3,5.7498856,-2.4498855590820314
2025-12-12,2025-12-19,5.2,6.8482013,-1.648201274871826
2025-12-12,2025-12-20,6.2,5.36408,0.8359200477600099
2025-12-12,2025-12-21,10.900000000000002,6.4975705,4.402429485321047
2025-12-12,2025-12-22,16.0,3.8690789,12.130921125411987
2025-12-12,2025-12-23,15.3,6.280727,9.01927309036255
2025-12-12,2025-12-24,5.6,6.6269817,-1.0269817352294925
2025-12-12,2025-12-25,4.3,5.371768,-1.0717679977416994
2025-12-12,2025-12-26,10.2,5.639167,4.5608331680297844
2025-12-13,2025-12-14,5.6,6.959,-1.359000110626221
2025-12-13,2025-12-15,8.1,7.3563786,0.7436214447021481
2025-12-13,2025-12-16,6.1000000000000005,5.716639,0.38336095809936577
2025-12-13,2025-12-17,8.4,6.759178,1.6408218383789066
2025-12-13,2025-12-18,3.3,7.303846,-4.003845882415772
2025-12-13,2025-12-19,5.2,6.2192583,-1.0192583084106444
2025-12-13,2025-12-20,6.2,7.054687,-0.8546870231628416
2025-12-13,2025-12-21,10.900000000000002,5.5287757,5.371224308013918
2025-12-13,2025-12-22,16.0,7.0207577,8.979242324829102
2025-12-13,2025-12-23,15.3,4.30293,10.997070121765137
2025-12-13,2025-12-24,5.6,6.595765,-0.9957651138305668
2025-12-13,2025-12-25,4.3,6.8135066,-2.513506603240967
2025-12-13,2025-12-26,10.2,5.811767,4.3882328987121575
2025-12-13,2025-12-27,3.9000000000000004,5.58218,-1.682180023193359
2025-12-14,2025-12-15,8.1,7.5879855,0.5120144844055172
2025-12-14,2025-12-16,6.1000000000000005,8.114795,-2.014794731140136
2025-12-14,2025-12-17,8.4,5.5938554,2.8061446189880375
2025-12-14,2025-12-18,3.3,7.4164457,-4.116445732116699
2025-12-14,2025-12-19,5.2,7.757461,-2.557461071014404
2025-12-14,2025-12-20,6.2,6.7468853,-0.546885299682617
2025-12-14,2025-12-21,10.900000000000002,7.2346387,3.665361309051516
2025-12-14,2025-12-22,16.0,5.997906,10.00209379196167
2025-12-14,2025-12-23,15.3,7.412358,7.887642192840577
2025-12-14,2025-12-24,5.6,5.0881147,0.5118852615356442
2025-12-14,2025-12-25,4.3,7.2009907,-2.900990676879883
2025-12-14,2025-12-26,10.2,7.0618925,3.13810749053955
2025-12-14,2025-12-27,3.9000000000000004,6.7144513,-2.8144513130187985
2025-12-14,2025-12-28,4.5,5.5471926,-1.0471925735473633
2025-12-15,2025-12-16,6.1000000000000005,7.5809007,-1.4809006690978999
2025-12-15,2025-12-17,8.4,8.092206,0.3077939987182621
2025-12-15,2025-12-18,3.3,5.916419,-2.61641902923584
2025-12-15,2025-12-19,5.2,7.374606,-2.174606132507324
2025-12-15,2025-12-20,6.2,7.854217,-1.6542170524597166
2025-12-15,2025-12-21,10.900000000000002,6.6045613,4.295438671112063
2025-12-15,2025-12-22,16.0,7.702752,8.297247886657715
2025-12-15,2025-12-23,15.3,5.9254065,9.374593544006348
2025-12-15,2025-12-24,5.6,7.7294083,-2.1294082641601566
2025-12-15,2025-12-25,4.3,5.031407,-0.731406879425049
2025-12-15,2025-12-26,10.2,7.002439,3.1975609779357903
2025-12-15,2025-12-27,3.9000000000000004,6.6135116,-2.7135115623474118
2025-12-15,2025-12-28,4.5,6.1417756,-1.6417756080627441
2025-12-15,2025-12-29,3.5,5.5529895,-2.0529894828796387
2025-12-16,2025-12-17,8.4,7.2280483,1.1719516754150394
2025-12-16,2025-12-18,3.3,7.5200167,-4.220016670227051
2025-12-16,2025-12-19,5.2,5.8960023,-0.6960022926330565
2025-12-16,2025-12-20,6.2,6.952437,-0.7524369239807127
2025-12-16,2025-12-21,10.900000000000002,7.7208953,3.1791047096252463
2025-12-16,2025-12-22,16.0,6.158831,9.841168880462646
2025-12-16,2025-12-23,15.3,8.045385,7.254614639282227
2025-12-16,2025-12-24,5.6,5.7473803,-0.1473802566528324
2025-12-16,2025-12-25,4.3,7.5926495,-3.2926494598388674
2025-12-16,2025-12-26,10.2,4.5021195,5.697880458831786
2025-12-16,2025-12-27,3.9000000000000004,6.7603407,-2.8603406906127926
2025-12-16,2025-12-28,4.5,6.368894,-1.868894100189209
2025-12-16,2025-12-29,3.5,5.740844,-2.2408437728881836
2025-12-16,2025-12-30,3.9000000000000004,5.6914983,-1.7914982795715328
