Forecast_Origin,Target_Date,Actual_PM25,Predicted_PM25,Residual
2024-12-31,2025-01-01,4.0,8.962656,-4.962656021118164
2024-12-31,2025-01-02,6.4,8.585252,-2.1852518081665036
2024-12-31,2025-01-03,13.7,8.5014,5.198600006103515
2024-12-31,2025-01-04,13.499999999999998,8.418383,5.081617355346678
2024-12-31,2025-01-05,3.0,8.686228,-5.686227798461914
2024-12-31,2025-01-06,9.0,9.067455,-0.06745529174804688
2024-12-31,2025-01-07,15.0,7.3475485,7.652451515197754
2024-12-31,2025-01-08,5.733333333333332,8.923143,-3.1898100535074887
2024-12-31,2025-01-09,7.233333333333332,9.285757,-2.0524237314860043
2024-12-31,2025-01-10,11.799999999999994,8.680441,3.1195590972900327
2024-12-31,2025-01-11,39.0,9.260052,29.739948272705078
2024-12-31,2025-01-12,36.0,7.6439843,28.35601568222046
2024-12-31,2025-01-13,12.3,7.023506,5.2764938354492195
2024-12-31,2025-01-14,16.5,8.295033,8.20496654510498
2024-12-31,2025-01-15,17.8,9.267996,8.532004165649415
2024-12-31,2025-01-16,14.1,8.428937,5.671063041687011
2024-12-31,2025-01-17,20.8,8.733653,12.06634693145752
2024-12-31,2025-01-18,29.199999999999996,8.214066,20.985934448242183
2024-12-31,2025-01-19,23.099999999999998,7.7299337,15.370066261291502
2024-12-31,2025-01-20,21.1,7.4527087,13.647291278839113
2024-12-31,2025-01-21,24.399999999999995,7.541756,16.858243846893306
2024-12-31,2025-01-22,28.099999999999998,7.4102793,20.68972072601318
2024-12-31,2025-01-23,12.8,8.555968,4.244031715393067
2024-12-31,2025-01-24,9.6,7.689251,1.9107490539550778
2024-12-31,2025-01-25,7.5,8.538403,-1.0384025573730469
2024-12-31,2025-01-26,5.1,6.5744514,-1.4744514465332035
2024-12-31,2025-01-27,4.1,8.579368,-4.479367637634278
2024-12-31,2025-01-28,5.0,8.414591,-3.414590835571289
2024-12-31,2025-01-29,7.800000000000001,8.916082,-1.1160823822021477
2024-12-31,2025-01-30,7.7,8.5521,-0.8521001815795897
2025-01-01,2025-01-02,6.4,9.321679,-2.92167911529541
2025-01-01,2025-01-03,13.7,8.373457,5.326543045043945
2025-01-01,2025-01-04,13.499999999999998,8.40697,5.0930299758911115
2025-01-01,2025-01-05,3.0,7.986619,-4.986618995666504
2025-01-01,2025-01-06,9.0,8.594651,0.4053487777709961
2025-01-01,2025-01-07,15.0,9.11501,5.8849897384643555
2025-01-01,2025-01-08,5.733333333333332,7.3230367,-1.5897033373514828
2025-01-01,2025-01-09,7.233333333333332,8.593697,-1.3603632609049496
2025-01-01,2025-01-10,11.799999999999994,9.161521,2.6384790420532163
2025-01-01,2025-01-11,39.0,8.768477,30.23152256011963
2025-01-01,2025-01-12,36.0,9.517049,26.482951164245605
2025-01-01,2025-01-13,12.3,7.43427,4.865730094909669
2025-01-01,2025-01-14,16.5,7.5836573,8.916342735290527
2025-01-01,2025-01-15,17.8,8.174885,9.625115203857423
2025-01-01,2025-01-16,14.1,8.898175,5.201824760437011
2025-01-01,2025-01-17,20.8,8.500478,12.299522209167481
2025-01-01,2025-01-18,29.199999999999996,8.902347,20.297653388977047
2025-01-01,2025-01-19,23.099999999999998,8.756707,14.343292808532713
2025-01-01,2025-01-20,21.1,7.704228,13.395772075653078
2025-01-01,2025-01-21,24.399999999999995,7.493704,16.90629615783691
2025-01-01,2025-01-22,28.099999999999998,7.3083606,20.79163942337036
2025-01-01,2025-01-23,12.8,7.6719165,5.128083515167237
2025-01-01,2025-01-24,9.6,8.926762,0.673238372802734
2025-01-01,2025-01-25,7.5,7.9964433,-0.4964432716369629
2025-01-01,2025-01-26,5.1,8.402969,-3.302969360351563
2025-01-01,2025-01-27,4.1,6.769457,-2.6694568634033207
2025-01-01,2025-01-28,5.0,8.492167,-3.4921674728393555
2025-01-01,2025-01-29,7.800000000000001,8.802304,-1.0023042678833
2025-01-01,2025-01-30,7.7,9.326637,-1.626637268066406
2025-01-01,2025-01-31,7.800000000000001,8.660703,-0.8607027053833001
2025-01-02,2025-01-03,13.7,9.386882,4.313118171691894
2025-01-02,2025-01-04,13.499999999999998,8.384632,5.115367889404295
2025-01-02,2025-01-05,3.0,8.327162,-5.32716178894043
2025-01-02,2025-01-06,9.0,7.511364,1.4886360168457031
2025-01-02,2025-01-07,15.0,8.38929,6.610710144042969
2025-01-02,2025-01-08,5.733333333333332,9.111095,-3.3777620951334653
2025-01-02,2025-01-09,7.233333333333332,7.3882256,-0.15489222208659026
2025-01-02,2025-01-10,11.799999999999994,8.530527,3.2694728851318295
2025-01-02,2025-01-11,39.0,9.170927,29.829072952270508
2025-01-02,2025-01-12,36.0,8.703175,27.296825408935547
2025-01-02,2025-01-13,12.3,9.676884,2.623116302490235
2025-01-02,2025-01-14,16.5,7.3423514,9.15764856338501
2025-01-02,2025-01-15,17.8,7.6788034,10.12119655609131
2025-01-02,2025-01-16,14.1,7.8373604,6.2626396179199215
2025-01-02,2025-01-17,20.8,8.692624,12.10737590789795
2025-01-02,2025-01-18,29.199999999999996,8.729852,20.47014827728271
2025-01-02,2025-01-19,23.099999999999998,8.788333,14.311667060852049
2025-01-02,2025-01-20,21.1,8.937997,12.162003135681154
2025-01-02,2025-01-21,24.399999999999995,7.6849837,16.715016269683833
2025-01-02,2025-01-22,28.099999999999998,7.7848077,20.315192317962644
2025-01-02,2025-01-23,12.8,7.1621494,5.637850570678712
2025-01-02,2025-01-24,9.6,7.6129556,1.9870444297790524
2025-01-02,2025-01-25,7.5,8.825189,-1.3251886367797852
2025-01-02,2025-01-26,5.1,8.031643,-2.9316429138183597
2025-01-02,2025-01-27,4.1,8.475705,-4.375705146789551
2025-01-02,2025-01-28,5.0,7.09648,-2.096479892730713
2025-01-02,2025-01-29,7.800000000000001,8.676858,-0.876857948303222
2025-01-02,2025-01-30,7.7,8.918311,-1.2183111190795897
2025-01-02,2025-01-31,7.800000000000001,9.53163,-1.731629562377929
2025-01-02,2025-02-01,10.0,8.640262,1.3597383499145508
2025-01-03,2025-01-04,13.499999999999998,9.440542,4.059457778930662
2025-01-03,2025-01-05,3.0,8.484428,-5.484428405761719
2025-01-03,2025-01-06,9.0,8.2880125,0.7119874954223633
2025-01-03,2025-01-07,15.0,7.178898,7.821102142333984
2025-01-03,2025-01-08,5.733333333333332,8.308812,-2.5754788080851254
2025-01-03,2025-01-09,7.233333333333332,9.093957,-1.8606236139933285
2025-01-03,2025-01-10,11.799999999999994,7.456383,4.343616771697992
2025-01-03,2025-01-11,39.0,8.444979,30.555021286010742
2025-01-03,2025-01-12,36.0,9.209773,26.790226936340332
2025-01-03,2025-01-13,12.3,8.692034,3.6079662322998054
2025-01-03,2025-01-14,16.5,9.832946,6.667054176330566
2025-01-03,2025-01-15,17.8,7.262545,10.537454891204835
2025-01-03,2025-01-16,14.1,7.4863706,6.61362943649292
2025-01-03,2025-01-17,20.8,7.4871116,13.312888431549073
2025-01-03,2025-01-18,29.199999999999996,8.64112,20.55888004302978
2025-01-03,2025-01-19,23.099999999999998,8.823852,14.276148414611814
2025-01-03,2025-01-20,21.1,8.770843,12.329157447814943
2025-01-03,2025-01-21,24.399999999999995,9.055457,15.344542884826655
2025-01-03,2025-01-22,28.099999999999998,7.6398163,20.46018371582031
2025-01-03,2025-01-23,12.8,8.006067,4.793932723999024
2025-01-03,2025-01-24,9.6,7.0522003,2.547799682617187
2025-01-03,2025-01-25,7.5,7.420402,0.07959794998168945
2025-01-03,2025-01-26,5.1,8.63811,-3.538110160827637
2025-01-03,2025-01-27,4.1,7.9671483,-3.867148303985596
2025-01-03,2025-01-28,5.0,8.640593,-3.640592575073242
2025-01-03,2025-01-29,7.800000000000001,7.293839,0.50616102218628
2025-01-03,2025-01-30,7.7,8.857513,-1.1575134277343748
2025-01-03,2025-01-31,7.800000000000001,8.990948,-1.1909477233886712
2025-01-03,2025-02-01,10.0,9.615578,0.38442230224609375
2025-01-03,2025-02-02,17.9,8.597191,9.302809143066405
2025-01-04,2025-01-05,3.0,9.2715435,-6.271543502807617
2025-01-04,2025-01-06,9.0,8.574669,0.42533111572265625
2025-01-04,2025-01-07,15.0,8.241554,6.758445739746094
2025-01-04,2025-01-08,5.733333333333332,7.0131826,-1.279849306742352
2025-01-04,2025-01-09,7.233333333333332,8.206466,-0.9731323877970395
2025-01-04,2025-01-10,11.799999999999994,9.023689,2.7763107299804624
2025-01-04,2025-01-11,39.0,7.339343,31.660656929016113
2025-01-04,2025-01-12,36.0,8.279015,27.720985412597656
2025-01-04,2025-01-13,12.3,9.17453,3.1254699707031257
2025-01-04,2025-01-14,16.5,8.842199,7.657800674438477
2025-01-04,2025-01-15,17.8,9.773567,8.02643280029297
2025-01-04,2025-01-16,14.1,7.463378,6.636622047424316
2025-01-04,2025-01-17,20.8,7.209539,13.59046106338501
2025-01-04,2025-01-18,29.199999999999996,7.2430735,21.956926536560054
2025-01-04,2025-01-19,23.099999999999998,8.737588,14.362412071228025
2025-01-04,2025-01-20,21.1,8.91477,12.185229873657228
2025-01-04,2025-01-21,24.399999999999995,8.715492,15.684507751464839
2025-01-04,2025-01-22,28.099999999999998,9.060957,19.039043045043943
2025-01-04,2025-01-23,12.8,7.708523,5.091477203369141
2025-01-04,2025-01-24,9.6,8.106847,1.4931531906127926
2025-01-04,2025-01-25,7.5,7.1814885,0.3185114860534668
2025-01-04,2025-01-26,5.1,7.1618085,-2.061808490753174
2025-01-04,2025-01-27,4.1,8.269166,-4.169165992736817
2025-01-04,2025-01-28,5.0,7.977116,-2.977116107940674
2025-01-04,2025-01-29,7.800000000000001,8.800215,-1.000214767456054
2025-01-04,2025-01-30,7.7,7.6201873,0.07981271743774432
2025-01-04,2025-01-31,7.800000000000001,8.977285,-1.1772853851318352
2025-01-04,2025-02-01,10.0,9.047111,0.9528894424438477
2025-01-04,2025-02-02,17.9,9.541528,8.358472251892088
2025-01-04,2025-02-03,18.2,8.681918,9.518081855773925
2025-01-05,2025-01-06,9.0,8.949432,0.050567626953125
2025-01-05,2025-01-07,15.0,8.565224,6.434776306152344
2025-01-05,2025-01-08,5.733333333333332,8.28175,-2.5484163920084653
2025-01-05,2025-01-09,7.233333333333332,6.8997183,0.333615048726398
2025-01-05,2025-01-10,11.799999999999994,8.043976,3.7560241699218686
2025-01-05,2025-01-11,39.0,9.029271,29.970728874206543
2025-01-05,2025-01-12,36.0,7.404654,28.595345973968506
2025-01-05,2025-01-13,12.3,7.888452,4.411547946929932
2025-01-05,2025-01-14,16.5,8.974785,7.525215148925781
2025-01-05,2025-01-15,17.8,9.098372,8.70162754058838
2025-01-05,2025-01-16,14.1,9.569754,4.530246353149414
2025-01-05,2025-01-17,20.8,7.3525047,13.447495269775391
2025-01-05,2025-01-18,29.199999999999996,7.0577636,22.142236423492427
2025-01-05,2025-01-19,23.099999999999998,6.99,16.110000228881834
2025-01-05,2025-01-20,21.1,8.825712,12.27428779602051
2025-01-05,2025-01-21,24.399999999999995,8.852148,15.547851943969722
2025-01-05,2025-01-22,28.099999999999998,8.64601,19.45398960113525
2025-01-05,2025-01-23,12.8,9.008634,3.791366386413575
2025-01-05,2025-01-24,9.6,7.745772,1.8542281150817868
2025-01-05,2025-01-25,7.5,8.033121,-0.5331211090087891
2025-01-05,2025-01-26,5.1,7.355836,-2.2558359146118168
2025-01-05,2025-01-27,4.1,6.9373493,-2.837349319458008
2025-01-05,2025-01-28,5.0,8.095757,-3.0957565307617188
2025-01-05,2025-01-29,7.800000000000001,7.9532657,-0.1532656669616692
2025-01-05,2025-01-30,7.7,8.941569,-1.2415693283081053
2025-01-05,2025-01-31,7.800000000000001,7.868516,-0.0685159683227532
2025-01-05,2025-02-01,10.0,9.150089,0.8499107360839844
2025-01-05,2025-02-02,17.9,9.12522,8.774779701232909
2025-01-05,2025-02-03,18.2,9.436249,8.763751220703124
2025-01-05,2025-02-04,6.900000000000001,8.633426,-1.733425712585448
2025-01-06,2025-01-07,15.0,8.9593,6.0406999588012695
2025-01-06,2025-01-08,5.733333333333332,8.455574,-2.7222407023111996
2025-01-06,2025-01-09,7.233333333333332,8.396315,-1.162981287638348
2025-01-06,2025-01-10,11.799999999999994,6.754877,5.045122909545892
2025-01-06,2025-01-11,39.0,7.675085,31.324914932250977
2025-01-06,2025-01-12,36.0,9.123795,26.876205444335938
2025-01-06,2025-01-13,12.3,7.438413,4.861586856842042
2025-01-06,2025-01-14,16.5,7.525367,8.97463321685791
2025-01-06,2025-01-15,17.8,8.902694,8.89730625152588
2025-01-06,2025-01-16,14.1,9.219624,4.8803764343261715
2025-01-06,2025-01-17,20.8,9.626031,11.173969078063966
2025-01-06,2025-01-18,29.199999999999996,7.141951,22.058048915863033
2025-01-06,2025-01-19,23.099999999999998,7.157272,15.942728137969969
2025-01-06,2025-01-20,21.1,6.8013687,14.298631286621095
2025-01-06,2025-01-21,24.399999999999995,8.619313,15.780686759948725
2025-01-06,2025-01-22,28.099999999999998,8.892019,19.207980728149412
2025-01-06,2025-01-23,12.8,8.692573,4.107427406311036
2025-01-06,2025-01-24,9.6,8.960896,0.6391044616699215
2025-01-06,2025-01-25,7.5,7.6966715,-0.1966714859008789
2025-01-06,2025-01-26,5.1,7.8605638,-2.7605637550354007
2025-01-06,2025-01-27,4.1,7.229557,-3.129557037353516
2025-01-06,2025-01-28,5.0,6.6599455,-1.6599454879760742
2025-01-06,2025-01-29,7.800000000000001,8.204699,-0.4046985626220696
2025-01-06,2025-01-30,7.7,8.021136,-0.32113628387451154
2025-01-06,2025-01-31,7.800000000000001,9.0443,-1.2443000793457024
2025-01-06,2025-02-01,10.0,8.144058,1.8559417724609375
2025-01-06,2025-02-02,17.9,9.323094,8.576905632019042
2025-01-06,2025-02-03,18.2,9.379563,8.820436668395995
2025-01-06,2025-02-04,6.900000000000001,9.634226,-2.734225845336913
2025-01-06,2025-02-05,7.9,8.645112,-0.745112037658691
2025-01-07,2025-01-08,5.733333333333332,9.121989,-3.388655916849774
2025-01-07,2025-01-09,7.233333333333332,8.402251,-1.168917910257977
2025-01-07,2025-01-10,11.799999999999994,8.447236,3.352763938903802
2025-01-07,2025-01-11,39.0,6.488319,32.5116810798645
2025-01-07,2025-01-12,36.0,7.6037717,28.396228313446045
2025-01-07,2025-01-13,12.3,9.052395,3.2476051330566413
2025-01-07,2025-01-14,16.5,7.251185,9.248815059661865
2025-01-07,2025-01-15,17.8,7.3300986,10.469901371002198
2025-01-07,2025-01-16,14.1,8.994118,5.105882263183593
2025-01-07,2025-01-17,20.8,9.224306,11.575693893432618
2025-01-07,2025-01-18,29.199999999999996,9.6905,19.50949974060058
2025-01-07,2025-01-19,23.099999999999998,7.216276,15.883723831176756
2025-01-07,2025-01-20,21.1,7.292642,13.80735788345337
2025-01-07,2025-01-21,24.399999999999995,6.748835,17.651164913177485
2025-01-07,2025-01-22,28.099999999999998,8.383167,19.716832733154295
2025-01-07,2025-01-23,12.8,8.92296,3.8770397186279304
2025-01-07,2025-01-24,9.6,8.831894,0.7681060791015621
2025-01-07,2025-01-25,7.5,9.001575,-1.5015754699707031
2025-01-07,2025-01-26,5.1,7.6613617,-2.561361694335938
2025-01-07,2025-01-27,4.1,7.8124566,-3.712456607818604
2025-01-07,2025-01-28,5.0,7.053287,-2.0532870292663574
2025-01-07,2025-01-29,7.800000000000001,6.682674,1.1173260688781745
2025-01-07,2025-01-30,7.7,8.30909,-0.6090896606445311
2025-01-07,2025-01-31,7.800000000000001,8.08554,-0.2855398178100579
2025-01-07,2025-02-01,10.0,9.117049,0.8829507827758789
2025-01-07,2025-02-02,17.9,8.374396,9.525603675842284
2025-01-07,2025-02-03,18.2,9.312825,8.887174797058105
2025-01-07,2025-02-04,6.900000000000001,9.583167,-2.6831670761108386
2025-01-07,2025-02-05,7.9,9.760643,-1.8606430053710934
2025-01-07,2025-02-06,9.2,8.823247,0.37675304412841726
2025-01-08,2025-01-09,7.233333333333332,9.306067,-2.0727341334025082
2025-01-08,2025-01-10,11.799999999999994,8.41287,3.3871295928955014
2025-01-08,2025-01-11,39.0,8.497232,30.50276756286621
2025-01-08,2025-01-12,36.0,6.114014,29.885985851287842
2025-01-08,2025-01-13,12.3,7.769293,4.530707168579102
2025-01-08,2025-01-14,16.5,8.951411,7.548588752746582
2025-01-08,2025-01-15,17.8,6.961995,10.838004875183106
2025-01-08,2025-01-16,14.1,7.2507353,6.84926471710205
2025-01-08,2025-01-17,20.8,9.16844,11.631560134887696
2025-01-08,2025-01-18,29.199999999999996,9.12036,20.079639625549312
2025-01-08,2025-01-19,23.099999999999998,9.712347,13.38765296936035
2025-01-08,2025-01-20,21.1,7.279433,13.820567226409914
2025-01-08,2025-01-21,24.399999999999995,7.36456,17.035439872741694
2025-01-08,2025-01-22,28.099999999999998,6.753123,21.346877193450926
2025-01-08,2025-01-23,12.8,8.185071,4.614929008483887
2025-01-08,2025-01-24,9.6,8.91826,0.6817403793334957
2025-01-08,2025-01-25,7.5,8.951107,-1.4511070251464844
2025-01-08,2025-01-26,5.1,9.052508,-3.952508354187012
2025-01-08,2025-01-27,4.1,7.641308,-3.5413078308105472
2025-01-08,2025-01-28,5.0,7.751232,-2.751232147216797
2025-01-08,2025-01-29,7.800000000000001,6.9110003,0.8889997482299812
2025-01-08,2025-01-30,7.7,6.876574,0.8234259605407717
2025-01-08,2025-01-31,7.800000000000001,8.440599,-0.6405994415283196
2025-01-08,2025-02-01,10.0,7.9811697,2.0188302993774414
2025-01-08,2025-02-02,17.9,9.232155,8.667845153808592
2025-01-08,2025-02-03,18.2,8.488962,9.711037826538085
2025-01-08,2025-02-04,6.900000000000001,9.294963,-2.3949628829956042
2025-01-08,2025-02-05,7.9,9.708319,-1.808318710327148
2025-01-08,2025-02-06,9.2,9.73895,-0.5389497756958015
2025-01-08,2025-02-07,11.0,9.03363,1.96636962890625
2025-01-09,2025-01-10,11.799999999999994,9.503795,2.296205329895013
2025-01-09,2025-01-11,39.0,8.417597,30.5824031829834
2025-01-09,2025-01-12,36.0,8.512299,27.487701416015625
2025-01-09,2025-01-13,12.3,5.8104463,6.489553737640382
2025-01-09,2025-01-14,16.5,7.939892,8.560108184814453
2025-01-09,2025-01-15,17.8,8.905292,8.894708442687989
2025-01-09,2025-01-16,14.1,6.7866445,7.313355541229248
2025-01-09,2025-01-17,20.8,7.211406,13.588593769073487
2025-01-09,2025-01-18,29.199999999999996,9.304413,19.89558715820312
2025-01-09,2025-01-19,23.099999999999998,8.991868,14.108131980895994
2025-01-09,2025-01-20,21.1,9.725237,11.374763107299806
2025-01-09,2025-01-21,24.399999999999995,7.2515664,17.148433589935298
2025-01-09,2025-01-22,28.099999999999998,7.42821,20.67179021835327
2025-01-09,2025-01-23,12.8,6.6807504,6.119249629974366
2025-01-09,2025-01-24,9.6,8.07403,1.525970077514648
2025-01-09,2025-01-25,7.5,9.021803,-1.5218029022216797
2025-01-09,2025-01-26,5.1,9.059313,-3.9593128204345707
2025-01-09,2025-01-27,4.1,9.087292,-4.987291717529297
2025-01-09,2025-01-28,5.0,7.588605,-2.5886049270629883
2025-01-09,2025-01-29,7.800000000000001,7.7314177,0.06858234405517649
2025-01-09,2025-01-30,7.7,6.7513433,0.948656749725342
2025-01-09,2025-01-31,7.800000000000001,7.023041,0.7769592285156257
2025-01-09,2025-02-01,10.0,8.554593,1.4454069137573242
2025-01-09,2025-02-02,17.9,7.9426594,9.95734062194824
2025-01-09,2025-02-03,18.2,9.272207,8.927792739868163
2025-01-09,2025-02-04,6.900000000000001,8.59208,-1.6920801162719714
2025-01-09,2025-02-05,7.9,9.293081,-1.3930812835693356
2025-01-09,2025-02-06,9.2,9.815413,-0.6154134750366218
2025-01-09,2025-02-07,11.0,9.797444,1.2025556564331055
2025-01-09,2025-02-08,20.8,9.196265,11.60373477935791
2025-01-10,2025-01-11,39.0,9.566358,29.433642387390137
2025-01-10,2025-01-12,36.0,8.547707,27.452293395996094
2025-01-10,2025-01-13,12.3,8.416656,3.883344459533692
2025-01-10,2025-01-14,16.5,5.558422,10.941577911376953
2025-01-10,2025-01-15,17.8,8.12979,9.670209693908692
2025-01-10,2025-01-16,14.1,8.740907,5.359093284606933
2025-01-10,2025-01-17,20.8,6.6285195,14.171480464935303
2025-01-10,2025-01-18,29.199999999999996,7.2777634,21.922236633300777
2025-01-10,2025-01-19,23.099999999999998,9.427921,13.672078704833982
2025-01-10,2025-01-20,21.1,8.807302,12.292697525024415
2025-01-10,2025-01-21,24.399999999999995,9.697257,14.702742958068843
2025-01-10,2025-01-22,28.099999999999998,7.32094,20.779059982299803
2025-01-10,2025-01-23,12.8,7.229344,5.570656108856202
2025-01-10,2025-01-24,9.6,6.5637016,3.0362983703613278
2025-01-10,2025-01-25,7.5,8.0425205,-0.5425205230712891
2025-01-10,2025-01-26,5.1,9.005467,-3.9054674148559574
2025-01-10,2025-01-27,4.1,9.123277,-5.023276710510254
2025-01-10,2025-01-28,5.0,9.102457,-4.102457046508789
2025-01-10,2025-01-29,7.800000000000001,7.4885907,0.3114092826843269
2025-01-10,2025-01-30,7.7,7.7535005,-0.05350046157836896
2025-01-10,2025-01-31,7.800000000000001,6.666879,1.1331208229064949
2025-01-10,2025-02-01,10.0,7.143353,2.85664701461792
2025-01-10,2025-02-02,17.9,8.483611,9.41638889312744
2025-01-10,2025-02-03,18.2,7.8333697,10.366630268096923
2025-01-10,2025-02-04,6.900000000000001,9.3632555,-2.463255500793456
2025-01-10,2025-02-05,7.9,8.599999,-0.6999994277954098
2025-01-10,2025-02-06,9.2,9.218753,-0.01875286102294993
2025-01-10,2025-02-07,11.0,9.765513,1.2344865798950195
2025-01-10,2025-02-08,20.8,9.678933,11.121066856384278
2025-01-10,2025-02-09,20.0,9.280267,10.719733238220215
2025-01-11,2025-01-12,36.0,9.523593,26.476407051086426
2025-01-11,2025-01-13,12.3,8.664756,3.6352441787719734
2025-01-11,2025-01-14,16.5,8.177622,8.322378158569336
2025-01-11,2025-01-15,17.8,5.657973,12.142027187347413
2025-01-11,2025-01-16,14.1,8.036532,6.063467597961425
2025-01-11,2025-01-17,20.8,8.565618,12.234382438659669
2025-01-11,2025-01-18,29.199999999999996,6.278421,22.921579074859615
2025-01-11,2025-01-19,23.099999999999998,7.3130455,15.786954498291013
2025-01-11,2025-01-20,21.1,9.439293,11.660707092285158
2025-01-11,2025-01-21,24.399999999999995,8.668855,15.731145286560054
2025-01-11,2025-01-22,28.099999999999998,9.635983,18.464016532897947
2025-01-11,2025-01-23,12.8,7.705068,5.094931888580323
2025-01-11,2025-01-24,9.6,7.00142,2.5985799789428707
2025-01-11,2025-01-25,7.5,6.470597,1.0294032096862793
2025-01-11,2025-01-26,5.1,8.0577345,-2.9577344894409183
2025-01-11,2025-01-27,4.1,9.13715,-5.037149810791016
2025-01-11,2025-01-28,5.0,9.20244,-4.20244026184082
2025-01-11,2025-01-29,7.800000000000001,9.056818,-1.2568180084228509
2025-01-11,2025-01-30,7.7,7.461983,0.23801679611206072
2025-01-11,2025-01-31,7.800000000000001,7.759851,0.04014902114868235
2025-01-11,2025-02-01,10.0,6.656337,3.343663215637207
2025-01-11,2025-02-02,17.9,6.9531527,10.946847343444823
2025-01-11,2025-02-03,18.2,8.1519575,10.048042488098144
2025-01-11,2025-02-04,6.900000000000001,7.9573646,-1.0573645591735827
2025-01-11,2025-02-05,7.9,9.391711,-1.4917112350463864
2025-01-11,2025-02-06,9.2,8.76937,0.43062992095947195
2025-01-11,2025-02-07,11.0,9.043333,1.9566669464111328
2025-01-11,2025-02-08,20.8,9.756647,11.04335289001465
2025-01-11,2025-02-09,20.0,9.627818,10.37218189239502
2025-01-11,2025-02-10,33.89999999999999,9.438,24.462000274658195
2025-01-12,2025-01-13,12.3,9.431876,2.8681238174438484
2025-01-12,2025-01-14,16.5,8.822076,7.677924156188965
2025-01-12,2025-01-15,17.8,7.8933578,9.906642246246339
2025-01-12,2025-01-16,14.1,5.5932393,8.506760692596435
2025-01-12,2025-01-17,20.8,7.9503365,12.849663543701173
2025-01-12,2025-01-18,29.199999999999996,8.233166,20.9668342590332
2025-01-12,2025-01-19,23.099999999999998,5.8540816,17.24591836929321
2025-01-12,2025-01-20,21.1,7.364269,13.735731220245363
2025-01-12,2025-01-21,24.399999999999995,9.51592,14.884080314636225
2025-01-12,2025-01-22,28.099999999999998,8.577953,19.52204666137695
2025-01-12,2025-01-23,12.8,9.573746,3.226254272460938
2025-01-12,2025-01-24,9.6,8.065617,1.534383392333984
2025-01-12,2025-01-25,7.5,6.8923283,0.6076717376708984
2025-01-12,2025-01-26,5.1,6.357956,-1.2579559326171879
2025-01-12,2025-01-27,4.1,7.9784374,-3.878437423706055
2025-01-12,2025-01-28,5.0,9.155458,-4.155458450317383
2025-01-12,2025-01-29,7.800000000000001,9.26799,-1.4679901123046868
2025-01-12,2025-01-30,7.7,9.274011,-1.57401065826416
2025-01-12,2025-01-31,7.800000000000001,7.421896,0.3781040191650398
2025-01-12,2025-02-01,10.0,7.67367,2.3263301849365234
2025-01-12,2025-02-02,17.9,6.665949,11.234051132202147
2025-01-12,2025-02-03,18.2,6.8796525,11.320347499847411
2025-01-12,2025-02-04,6.900000000000001,7.8465233,-0.9465232849121081
2025-01-12,2025-02-05,7.9,8.215729,-0.31572875976562464
2025-01-12,2025-02-06,9.2,9.334563,-0.1345632553100593
2025-01-12,2025-02-07,11.0,8.963211,2.0367889404296875
2025-01-12,2025-02-08,20.8,8.7430935,12.056906509399415
2025-01-12,2025-02-09,20.0,9.921535,10.078465461730957
2025-01-12,2025-02-10,33.89999999999999,9.550663,24.349337005615226
2025-01-12,2025-02-11,26.6,9.692844,16.90715560913086
2025-01-13,2025-01-14,16.5,9.454766,7.045233726501465
2025-01-13,2025-01-15,17.8,8.928664,8.871335792541505
2025-01-13,2025-01-16,14.1,7.826777,6.27322301864624
2025-01-13,2025-01-17,20.8,5.5586586,15.241341400146485
2025-01-13,2025-01-18,29.199999999999996,7.8440523,21.355947685241695
2025-01-13,2025-01-19,23.099999999999998,8.190122,14.909878349304197
2025-01-13,2025-01-20,21.1,5.583183,15.51681718826294
2025-01-13,2025-01-21,24.399999999999995,7.193807,17.206192874908442
2025-01-13,2025-01-22,28.099999999999998,9.666544,18.43345603942871
2025-01-13,2025-01-23,12.8,8.566795,4.233204650878907
2025-01-13,2025-01-24,9.6,9.656483,-0.05648269653320348
2025-01-13,2025-01-25,7.5,8.138837,-0.6388368606567383
2025-01-13,2025-01-26,5.1,6.937451,-1.8374508857727054
2025-01-13,2025-01-27,4.1,6.350351,-2.250350856781006
2025-01-13,2025-01-28,5.0,7.82144,-2.8214402198791504
2025-01-13,2025-01-29,7.800000000000001,9.058975,-1.2589752197265618
2025-01-13,2025-01-30,7.7,9.330227,-1.6302268981933592
2025-01-13,2025-01-31,7.800000000000001,9.499603,-1.6996032714843743
2025-01-13,2025-02-01,10.0,7.229196,2.770803928375244
2025-01-13,2025-02-02,17.9,7.456836,10.443163776397704
2025-01-13,2025-02-03,18.2,6.549298,11.65070219039917
2025-01-13,2025-02-04,6.900000000000001,6.8270135,0.07298650741577273
2025-01-13,2025-02-05,7.9,7.7981234,0.10187664031982457
2025-01-13,2025-02-06,9.2,8.303686,0.8963138580322259
2025-01-13,2025-02-07,11.0,9.380374,1.6196260452270508
2025-01-13,2025-02-08,20.8,9.036368,11.763631629943848
2025-01-13,2025-02-09,20.0,8.544607,11.455392837524414
2025-01-13,2025-02-10,33.89999999999999,10.158354,23.741646194458
2025-01-13,2025-02-11,26.6,9.582079,17.01792106628418
2025-01-13,2025-02-12,21.0,9.841515,11.158485412597656
2025-01-14,2025-01-15,17.8,9.55857,8.24143009185791
2025-01-14,2025-01-16,14.1,9.017226,5.0827737808227536
2025-01-14,2025-01-17,20.8,7.8070955,12.992904472351075
2025-01-14,2025-01-18,29.199999999999996,5.5091023,23.690897655487056
2025-01-14,2025-01-19,23.099999999999998,7.954669,15.145331001281736
2025-01-14,2025-01-20,21.1,8.147783,12.952216720581056
2025-01-14,2025-01-21,24.399999999999995,5.461438,18.93856182098388
2025-01-14,2025-01-22,28.099999999999998,7.0593777,21.040622329711912
2025-01-14,2025-01-23,12.8,9.782722,3.0172775268554695
2025-01-14,2025-01-24,9.6,8.511536,1.0884643554687496
2025-01-14,2025-01-25,7.5,9.743686,-2.243685722351074
2025-01-14,2025-01-26,5.1,8.109234,-3.0092338562011722
2025-01-14,2025-01-27,4.1,7.033084,-2.9330839157104496
2025-01-14,2025-01-28,5.0,6.3455424,-1.3455424308776855
2025-01-14,2025-01-29,7.800000000000001,7.6334767,0.16652326583862376
2025-01-14,2025-01-30,7.7,8.891307,-1.1913068771362303
2025-01-14,2025-01-31,7.800000000000001,9.382596,-1.582596015930175
2025-01-14,2025-02-01,10.0,9.691149,0.3088512420654297
2025-01-14,2025-02-02,17.9,7.101435,10.798564815521239
2025-01-14,2025-02-03,18.2,7.3967195,10.803280544281005
2025-01-14,2025-02-04,6.900000000000001,6.3593435,0.5406564712524426
2025-01-14,2025-02-05,7.9,6.9151254,0.9848746299743656
2025-01-14,2025-02-06,9.2,7.921518,1.2784821510314934
2025-01-14,2025-02-07,11.0,8.323624,2.6763763427734375
2025-01-14,2025-02-08,20.8,9.42955,11.370449829101563
2025-01-14,2025-02-09,20.0,8.878384,11.12161636352539
2025-01-14,2025-02-10,33.89999999999999,8.429282,25.470717811584464
2025-01-14,2025-02-11,26.6,10.309591,16.29040870666504
2025-01-14,2025-02-12,21.0,9.611203,11.38879680633545
2025-01-14,2025-02-13,21.199999999999996,9.868968,11.331031990051265
2025-01-15,2025-01-16,14.1,9.567883,4.532117462158203
2025-01-15,2025-01-17,20.8,9.169157,11.630842971801759
2025-01-15,2025-01-18,29.199999999999996,7.8833656,21.31663436889648
2025-01-15,2025-01-19,23.099999999999998,5.303653,17.7963472366333
2025-01-15,2025-01-20,21.1,8.2717,12.828300094604494
2025-01-15,2025-01-21,24.399999999999995,8.121233,16.2787670135498
2025-01-15,2025-01-22,28.099999999999998,5.4942207,22.60577926635742
2025-01-15,2025-01-23,12.8,7.034501,5.765498924255372
2025-01-15,2025-01-24,9.6,9.94781,-0.3478101730346683
2025-01-15,2025-01-25,7.5,8.4957,-0.9956998825073242
2025-01-15,2025-01-26,5.1,9.714857,-4.61485710144043
2025-01-15,2025-01-27,4.1,8.0074,-3.9073995590209964
2025-01-15,2025-01-28,5.0,7.063636,-2.06363582611084
2025-01-15,2025-01-29,7.800000000000001,6.3870687,1.4129312515258796
2025-01-15,2025-01-30,7.7,7.527055,0.17294521331787127
2025-01-15,2025-01-31,7.800000000000001,8.63853,-0.8385297775268548
2025-01-15,2025-02-01,10.0,9.273602,0.7263984680175781
2025-01-15,2025-02-02,17.9,9.803998,8.09600200653076
2025-01-15,2025-02-03,18.2,6.978694,11.221306037902831
2025-01-15,2025-02-04,6.900000000000001,7.44845,-0.5484500885009753
2025-01-15,2025-02-05,7.9,6.230595,1.6694048881530765
2025-01-15,2025-02-06,9.2,7.1835294,2.0164706230163567
2025-01-15,2025-02-07,11.0,8.125893,2.8741073608398438
2025-01-15,2025-02-08,20.8,8.183423,12.616576957702637
2025-01-15,2025-02-09,20.0,9.509377,10.490623474121094
2025-01-15,2025-02-10,33.89999999999999,8.609072,25.29092826843261
2025-01-15,2025-02-11,26.6,8.41885,18.181150054931642
2025-01-15,2025-02-12,21.0,10.351633,10.648366928100586
2025-01-15,2025-02-13,21.199999999999996,9.4605055,11.739494514465328
2025-01-15,2025-02-14,22.799999999999997,9.83498,12.965019989013669
2025-01-16,2025-01-17,20.8,9.579292,11.22070770263672
2025-01-16,2025-01-18,29.199999999999996,9.275995,19.924004745483394
2025-01-16,2025-01-19,23.099999999999998,7.8731813,15.226818656921385
2025-01-16,2025-01-20,21.1,5.177678,15.92232189178467
2025-01-16,2025-01-21,24.399999999999995,8.522541,15.877458953857417
2025-01-16,2025-01-22,28.099999999999998,8.116753,19.98324737548828
2025-01-16,2025-01-23,12.8,5.5925336,7.207466411590577
2025-01-16,2025-01-24,9.6,7.044383,2.555616950988769
2025-01-16,2025-01-25,7.5,10.077631,-2.5776309967041016
2025-01-16,2025-01-26,5.1,8.4305935,-3.3305934906005863
2025-01-16,2025-01-27,4.1,9.729503,-5.629502677917481
2025-01-16,2025-01-28,5.0,7.8640804,-2.8640804290771484
2025-01-16,2025-01-29,7.800000000000001,7.011199,0.7888010025024421
2025-01-16,2025-01-30,7.7,6.4276247,1.272375297546387
2025-01-16,2025-01-31,7.800000000000001,7.5068207,0.2931793212890632
2025-01-16,2025-02-01,10.0,8.461445,1.5385551452636719
2025-01-16,2025-02-02,17.9,9.163202,8.736797714233397
2025-01-16,2025-02-03,18.2,9.842391,8.357608985900878
2025-01-16,2025-02-04,6.900000000000001,6.871989,0.028011226654053978
2025-01-16,2025-02-05,7.9,7.4942436,0.4057563781738285
2025-01-16,2025-02-06,9.2,6.0978756,3.102124404907226
2025-01-16,2025-02-07,11.0,7.344813,3.6551871299743652
2025-01-16,2025-02-08,20.8,8.286388,12.513611602783204
2025-01-16,2025-02-09,20.0,8.025157,11.97484302520752
2025-01-16,2025-02-10,33.89999999999999,9.589931,24.3100694656372
2025-01-16,2025-02-11,26.6,8.405315,18.19468460083008
2025-01-16,2025-02-12,21.0,8.467589,12.532410621643066
2025-01-16,2025-02-13,21.199999999999996,10.316196,10.883803558349605
2025-01-16,2025-02-14,22.799999999999997,9.373753,13.426247406005857
2025-01-16,2025-02-15,25.9,9.79072,16.109280014038085
2025-01-17,2025-01-18,29.199999999999996,9.569111,19.630889129638668
2025-01-17,2025-01-19,23.099999999999998,9.387722,13.712277984619138
2025-01-17,2025-01-20,21.1,7.797185,13.30281505584717
2025-01-17,2025-01-21,24.399999999999995,5.1806555,19.219344520568843
2025-01-17,2025-01-22,28.099999999999998,8.613766,19.486234283447263
2025-01-17,2025-01-23,12.8,8.08143,4.718569564819337
2025-01-17,2025-01-24,9.6,5.785055,3.8149448394775387
2025-01-17,2025-01-25,7.5,7.0214343,0.47856569290161133
2025-01-17,2025-01-26,5.1,10.109895,-5.009894752502442
2025-01-17,2025-01-27,4.1,8.342322,-4.24232234954834
2025-01-17,2025-01-28,5.0,9.759293,-4.7592926025390625
2025-01-17,2025-01-29,7.800000000000001,7.7042046,0.09579544067382884
2025-01-17,2025-01-30,7.7,6.841957,0.8580429077148439
2025-01-17,2025-01-31,7.800000000000001,6.3748274,1.4251726150512702
2025-01-17,2025-02-01,10.0,7.543465,2.4565348625183105
2025-01-17,2025-02-02,17.9,8.348717,9.551283264160155
2025-01-17,2025-02-03,18.2,9.0486,9.15139980316162
2025-01-17,2025-02-04,6.900000000000001,9.801577,-2.9015766143798816
2025-01-17,2025-02-05,7.9,6.7605066,1.1394933700561527
2025-01-17,2025-02-06,9.2,7.5460706,1.653929424285888
2025-01-17,2025-02-07,11.0,5.972909,5.027091026306152
2025-01-17,2025-02-08,20.8,7.331672,13.468327808380128
2025-01-17,2025-02-09,20.0,8.301515,11.698485374450684
2025-01-17,2025-02-10,33.89999999999999,7.9063997,25.993600273132316
2025-01-17,2025-02-11,26.6,9.661638,16.938361740112306
2025-01-17,2025-02-12,21.0,8.218787,12.78121280670166
2025-01-17,2025-02-13,21.199999999999996,8.5224,12.677600097656246
2025-01-17,2025-02-14,22.799999999999997,10.216334,12.583665657043454
2025-01-17,2025-02-15,25.9,9.357028,16.542971992492674
2025-01-17,2025-02-16,21.800000000000004,9.671152,12.12884788513184
2025-01-18,2025-01-19,23.099999999999998,9.535487,13.564512825012205
2025-01-18,2025-01-20,21.1,9.488109,11.611891365051271
2025-01-18,2025-01-21,24.399999999999995,7.618466,16.781534099578852
2025-01-18,2025-01-22,28.099999999999998,5.3713107,22.728689289093015
2025-01-18,2025-01-23,12.8,8.523384,4.2766159057617195
2025-01-18,2025-01-24,9.6,8.04008,1.5599199295043942
2025-01-18,2025-01-25,7.5,5.794162,1.7058382034301758
2025-01-18,2025-01-26,5.1,6.8515325,-1.7515324592590336
2025-01-18,2025-01-27,4.1,10.060716,-5.960715675354004
2025-01-18,2025-01-28,5.0,8.299836,-3.2998361587524414
2025-01-18,2025-01-29,7.800000000000001,9.789677,-1.989676666259765
2025-01-18,2025-01-30,7.7,7.850519,-0.15051918029785138
2025-01-18,2025-01-31,7.800000000000001,6.625535,1.1744649887084968
2025-01-18,2025-02-01,10.0,6.4105787,3.589421272277832
2025-01-18,2025-02-02,17.9,7.6054244,10.294575595855711
2025-01-18,2025-02-03,18.2,8.365705,9.834295463562011
2025-01-18,2025-02-04,6.900000000000001,8.947302,-2.047301864624022
2025-01-18,2025-02-05,7.9,9.6832905,-1.7832904815673825
2025-01-18,2025-02-06,9.2,6.7029886,2.4970113754272454
2025-01-18,2025-02-07,11.0,7.5025673,3.4974327087402344
2025-01-18,2025-02-08,20.8,5.9814534,14.818546581268311
2025-01-18,2025-02-09,20.0,7.171961,12.828039169311523
2025-01-18,2025-02-10,33.89999999999999,8.106843,25.79315700531005
2025-01-18,2025-02-11,26.6,7.866746,18.733254051208498
2025-01-18,2025-02-12,21.0,9.803395,11.19660472869873
2025-01-18,2025-02-13,21.199999999999996,8.209548,12.990452003479
2025-01-18,2025-02-14,22.799999999999997,8.465226,14.334773826599118
2025-01-18,2025-02-15,25.9,10.018145,15.881855392456053
2025-01-18,2025-02-16,21.800000000000004,9.270934,12.52906589508057
2025-01-18,2025-02-17,20.500000000000004,9.645794,10.854206085205082
2025-01-19,2025-01-20,21.1,9.46239,11.637610054016115
2025-01-19,2025-01-21,24.399999999999995,9.585498,14.814502143859858
2025-01-19,2025-01-22,28.099999999999998,7.40994,20.690060234069822
2025-01-19,2025-01-23,12.8,5.5155177,7.284482288360596
2025-01-19,2025-01-24,9.6,8.303366,1.2966342926025387
2025-01-19,2025-01-25,7.5,7.9446073,-0.4446072578430176
2025-01-19,2025-01-26,5.1,5.8863792,-0.7863792419433597
2025-01-19,2025-01-27,4.1,6.6349874,-2.534987354278565
2025-01-19,2025-01-28,5.0,9.977126,-4.977126121520996
2025-01-19,2025-01-29,7.800000000000001,8.305489,-0.5054885864257805
2025-01-19,2025-01-30,7.7,9.876364,-2.1763637542724608
2025-01-19,2025-01-31,7.800000000000001,7.8779945,-0.07799453735351491
2025-01-19,2025-02-01,10.0,6.55758,3.44242000579834
2025-01-19,2025-02-02,17.9,6.344809,11.55519094467163
2025-01-19,2025-02-03,18.2,7.6045356,10.595464420318603
2025-01-19,2025-02-04,6.900000000000001,8.363753,-1.4637533187866199
2025-01-19,2025-02-05,7.9,8.785488,-0.885488128662109
2025-01-19,2025-02-06,9.2,9.706358,-0.5063579559326179
2025-01-19,2025-02-07,11.0,6.619171,4.380828857421875
2025-01-19,2025-02-08,20.8,7.4139223,13.386077690124512
2025-01-19,2025-02-09,20.0,5.936409,14.063591003417969
2025-01-19,2025-02-10,33.89999999999999,7.002907,26.897093200683585
2025-01-19,2025-02-11,26.6,7.9111924,18.688807582855226
2025-01-19,2025-02-12,21.0,7.915147,13.084853172302246
2025-01-19,2025-02-13,21.199999999999996,9.928245,11.271755409240718
2025-01-19,2025-02-14,22.799999999999997,8.28679,14.513210105895993
2025-01-19,2025-02-15,25.9,8.402037,17.49796333312988
2025-01-19,2025-02-16,21.800000000000004,9.906876,11.893124389648442
2025-01-19,2025-02-17,20.500000000000004,9.250812,11.249188423156742
2025-01-19,2025-02-18,30.899999999999995,9.59943,21.30056991577148
2025-01-20,2025-01-21,24.399999999999995,9.387003,15.012997055053706
2025-01-20,2025-01-22,28.099999999999998,9.561948,18.538052177429197
2025-01-20,2025-01-23,12.8,7.4515142,5.348485755920411
2025-01-20,2025-01-24,9.6,5.5805426,4.01945743560791
2025-01-20,2025-01-25,7.5,8.149133,-0.6491327285766602
2025-01-20,2025-01-26,5.1,8.037629,-2.9376291275024418
2025-01-20,2025-01-27,4.1,5.94528,-1.8452800750732425
2025-01-20,2025-01-28,5.0,6.618419,-1.6184191703796387
2025-01-20,2025-01-29,7.800000000000001,9.953602,-2.1536018371582024
2025-01-20,2025-01-30,7.7,8.383447,-0.68344669342041
2025-01-20,2025-01-31,7.800000000000001,9.953689,-2.1536886215209954
2025-01-20,2025-02-01,10.0,7.7884936,2.2115063667297363
2025-01-20,2025-02-02,17.9,6.5886345,11.311365509033202
2025-01-20,2025-02-03,18.2,6.359084,11.840915870666503
2025-01-20,2025-02-04,6.900000000000001,7.520456,-0.6204558372497546
2025-01-20,2025-02-05,7.9,8.22046,-0.32045993804931605
2025-01-20,2025-02-06,9.2,8.615342,0.5846578598022454
2025-01-20,2025-02-07,11.0,9.750202,1.2497978210449219
2025-01-20,2025-02-08,20.8,6.5152297,14.284770298004151
2025-01-20,2025-02-09,20.0,7.2864466,12.713553428649902
2025-01-20,2025-02-10,33.89999999999999,5.8288755,28.07112445831298
2025-01-20,2025-02-11,26.6,6.87184,19.728159999847414
2025-01-20,2025-02-12,21.0,7.89411,13.105889797210693
2025-01-20,2025-02-13,21.199999999999996,7.828798,13.371202182769771
2025-01-20,2025-02-14,22.799999999999997,9.97324,12.826760101318357
2025-01-20,2025-02-15,25.9,8.302275,17.597725296020506
2025-01-20,2025-02-16,21.800000000000004,8.4685,13.331499862670903
2025-01-20,2025-02-17,20.500000000000004,9.95196,10.548040390014652
2025-01-20,2025-02-18,30.899999999999995,9.185627,21.714373016357417
2025-01-20,2025-02-19,31.999999999999996,9.520308,22.47969245910644
2025-01-21,2025-01-22,28.099999999999998,9.471927,18.62807331085205
2025-01-21,2025-01-23,12.8,9.503646,3.2963541030883796
2025-01-21,2025-01-24,9.6,7.561762,2.038238143920898
2025-01-21,2025-01-25,7.5,5.5312376,1.9687623977661133
2025-01-21,2025-01-26,5.1,8.30989,-3.2098897933959964
2025-01-21,2025-01-27,4.1,8.0204525,-3.920452499389649
2025-01-21,2025-01-28,5.0,5.9179387,-0.9179387092590332
2025-01-21,2025-01-29,7.800000000000001,6.5723786,1.2276213645935066
2025-01-21,2025-01-30,7.7,9.963505,-2.2635047912597654
2025-01-21,2025-01-31,7.800000000000001,8.398273,-0.5982734680175774
2025-01-21,2025-02-01,10.0,9.948582,0.051418304443359375
2025-01-21,2025-02-02,17.9,7.770964,10.129035854339598
2025-01-21,2025-02-03,18.2,6.668191,11.531809043884277
2025-01-21,2025-02-04,6.900000000000001,6.4899898,0.41001024246215945
2025-01-21,2025-02-05,7.9,7.359526,0.54047384262085
2025-01-21,2025-02-06,9.2,8.039772,1.160227966308593
2025-01-21,2025-02-07,11.0,8.639579,2.3604211807250977
2025-01-21,2025-02-08,20.8,9.79651,11.003490257263184
2025-01-21,2025-02-09,20.0,6.467639,13.532361030578613
2025-01-21,2025-02-10,33.89999999999999,7.1477456,26.752254390716544
2025-01-21,2025-02-11,26.6,5.706984,20.893015956878664
2025-01-21,2025-02-12,21.0,7.0356226,13.964377403259277
2025-01-21,2025-02-13,21.199999999999996,8.061029,13.138970565795894
2025-01-21,2025-02-14,22.799999999999997,7.760039,15.039961147308347
2025-01-21,2025-02-15,25.9,9.969781,15.930219078063963
2025-01-21,2025-02-16,21.800000000000004,8.167452,13.632548141479496
2025-01-21,2025-02-17,20.500000000000004,8.436494,12.063506126403812
2025-01-21,2025-02-18,30.899999999999995,9.970989,20.929010772705073
2025-01-21,2025-02-19,31.999999999999996,9.094905,22.90509510040283
2025-01-21,2025-02-20,6.7,9.547517,-2.8475168228149412
2025-01-22,2025-01-23,12.8,9.669706,3.1302936553955085
2025-01-22,2025-01-24,9.6,9.442945,0.15705547332763636
2025-01-22,2025-01-25,7.5,7.57909,-0.07909011840820312
2025-01-22,2025-01-26,5.1,5.3806148,-0.28061475753784215
2025-01-22,2025-01-27,4.1,8.438099,-4.3380989074707035
2025-01-22,2025-01-28,5.0,7.9743915,-2.974391460418701
2025-01-22,2025-01-29,7.800000000000001,5.737456,2.0625441551208503
2025-01-22,2025-01-30,7.7,6.479176,1.2208239555358888
2025-01-22,2025-01-31,7.800000000000001,9.992756,-2.1927558898925774
2025-01-22,2025-02-01,10.0,8.268945,1.7310552597045898
2025-01-22,2025-02-02,17.9,9.926406,7.9735940933227525
2025-01-22,2025-02-03,18.2,7.8048344,10.395165634155273
2025-01-22,2025-02-04,6.900000000000001,6.775944,0.12405576705932742
2025-01-22,2025-02-05,7.9,6.641668,1.2583321571350101
2025-01-22,2025-02-06,9.2,7.115369,2.084631156921386
2025-01-22,2025-02-07,11.0,8.015131,2.9848690032958984
2025-01-22,2025-02-08,20.8,8.754747,12.04525260925293
2025-01-22,2025-02-09,20.0,9.809508,10.190491676330566
2025-01-22,2025-02-10,33.89999999999999,6.4259143,27.474085712432853
2025-01-22,2025-02-11,26.6,6.9588976,19.641102409362794
2025-01-22,2025-02-12,21.0,5.565483,15.434516906738281
2025-01-22,2025-02-13,21.199999999999996,7.242706,13.957294178009029
2025-01-22,2025-02-14,22.799999999999997,8.2779255,14.52207450866699
2025-01-22,2025-02-15,25.9,7.676625,18.223375225067137
2025-01-22,2025-02-16,21.800000000000004,10.026014,11.773985671997075
2025-01-22,2025-02-17,20.500000000000004,8.134153,12.365846633911136
2025-01-22,2025-02-18,30.899999999999995,8.378025,22.521974945068354
2025-01-22,2025-02-19,31.999999999999996,9.978946,22.021054267883297
2025-01-22,2025-02-20,6.7,9.027586,-2.327585983276367
2025-01-22,2025-02-21,8.7,9.743985,-1.0439851760864265
2025-01-23,2025-01-24,9.6,9.802523,-0.20252265930175817
2025-01-23,2025-01-25,7.5,9.299017,-1.7990169525146484
2025-01-23,2025-01-26,5.1,7.6393204,-2.5393203735351566
2025-01-23,2025-01-27,4.1,5.332919,-1.2329191207885746
2025-01-23,2025-01-28,5.0,8.49154,-3.49153995513916
2025-01-23,2025-01-29,7.800000000000001,8.179824,-0.3798238754272454
2025-01-23,2025-01-30,7.7,5.6823263,2.017673683166504
2025-01-23,2025-01-31,7.800000000000001,6.3772855,1.4227145195007331
2025-01-23,2025-02-01,10.0,9.892554,0.10744571685791016
2025-01-23,2025-02-02,17.9,8.236303,9.663696670532225
2025-01-23,2025-02-03,18.2,9.83229,8.367710304260253
2025-01-23,2025-02-04,6.900000000000001,7.6526256,-0.7526255607604968
2025-01-23,2025-02-05,7.9,6.8322496,1.0677503585815433
2025-01-23,2025-02-06,9.2,6.7643094,2.4356905937194817
2025-01-23,2025-02-07,11.0,7.0449486,3.9550514221191406
2025-01-23,2025-02-08,20.8,8.166606,12.633394050598145
2025-01-23,2025-02-09,20.0,8.793168,11.206831932067871
2025-01-23,2025-02-10,33.89999999999999,9.719231,24.180769348144523
2025-01-23,2025-02-11,26.6,6.2988887,20.30111131668091
2025-01-23,2025-02-12,21.0,6.7074127,14.292587280273438
2025-01-23,2025-02-13,21.199999999999996,5.4510517,15.748948287963863
2025-01-23,2025-02-14,22.799999999999997,7.263451,15.536548900604245
2025-01-23,2025-02-15,25.9,8.413412,17.486587905883788
2025-01-23,2025-02-16,21.800000000000004,7.5658545,14.234145450592045
2025-01-23,2025-02-17,20.500000000000004,10.001356,10.498643875122074
2025-01-23,2025-02-18,30.899999999999995,8.1958275,22.704172515869136
2025-01-23,2025-02-19,31.999999999999996,8.473968,23.526032447814938
2025-01-23,2025-02-20,6.7,9.979104,-3.2791040420532225
2025-01-23,2025-02-21,8.7,9.003696,-0.30369644165039134
2025-01-23,2025-02-22,7.4,9.847809,-2.4478088378906246
2025-01-24,2025-01-25,7.5,9.948722,-2.4487218856811523
2025-01-24,2025-01-26,5.1,9.117214,-4.01721420288086
2025-01-24,2025-01-27,4.1,7.5650034,-3.4650033950805668
2025-01-24,2025-01-28,5.0,5.495129,-0.4951291084289551
2025-01-24,2025-01-29,7.800000000000001,8.340969,-0.5409690856933587
2025-01-24,2025-01-30,7.7,8.320658,-0.6206577301025389
2025-01-24,2025-01-31,7.800000000000001,5.7904754,2.009524631500245
2025-01-24,2025-02-01,10.0,6.3358145,3.6641855239868164
2025-01-24,2025-02-02,17.9,9.711438,8.188561820983885
2025-01-24,2025-02-03,18.2,8.142293,10.057707023620605
2025-01-24,2025-02-04,6.900000000000001,9.864811,-2.9648109436035144
2025-01-24,2025-02-05,7.9,7.429823,0.47017707824707067
2025-01-24,2025-02-06,9.2,6.7810903,2.4189097404479973
2025-01-24,2025-02-07,11.0,6.7716,4.228400230407715
2025-01-24,2025-02-08,20.8,7.0646605,13.735339450836182
2025-01-24,2025-02-09,20.0,8.386404,11.613595962524414
2025-01-24,2025-02-10,33.89999999999999,8.8514805,25.048519515991202
2025-01-24,2025-02-11,26.6,9.55282,17.047179794311525
2025-01-24,2025-02-12,21.0,6.2055173,14.794482707977295
2025-01-24,2025-02-13,21.199999999999996,6.504474,14.695525836944576
2025-01-24,2025-02-14,22.799999999999997,5.2774234,17.522576618194577
2025-01-24,2025-02-15,25.9,7.0348673,18.86513271331787
2025-01-24,2025-02-16,21.800000000000004,8.424169,13.375831413269047
2025-01-24,2025-02-17,20.500000000000004,7.5703044,12.929695606231693
2025-01-24,2025-02-18,30.899999999999995,9.900043,20.999957466125483
2025-01-24,2025-02-19,31.999999999999996,8.2664,23.733599662780758
2025-01-24,2025-02-20,6.7,8.581582,-1.8815820693969725
2025-01-24,2025-02-21,8.7,9.907765,-1.2077653884887702
2025-01-24,2025-02-22,7.4,9.16199,-1.7619901657104489
2025-01-24,2025-02-23,4.8,9.820907,-5.020906639099121
2025-01-25,2025-01-26,5.1,9.823172,-4.723171615600586
2025-01-25,2025-01-27,4.1,9.052909,-4.952908897399903
2025-01-25,2025-01-28,5.0,7.4853683,-2.485368251800537
2025-01-25,2025-01-29,7.800000000000001,5.8340907,1.9659092903137214
2025-01-25,2025-01-30,7.7,8.190771,-0.49077110290527326
2025-01-25,2025-01-31,7.800000000000001,8.354548,-0.5545484542846673
2025-01-25,2025-02-01,10.0,5.973527,4.026473045349121
2025-01-25,2025-02-02,17.9,6.338979,11.561021232604979
2025-01-25,2025-02-03,18.2,9.558574,8.641426277160644
2025-01-25,2025-02-04,6.900000000000001,8.277293,-1.3772932052612292
2025-01-25,2025-02-05,7.9,9.782873,-1.882873153686523
2025-01-25,2025-02-06,9.2,7.4468236,1.7531764030456536
2025-01-25,2025-02-07,11.0,6.603641,4.396358966827393
2025-01-25,2025-02-08,20.8,6.8233447,13.976655292510987
2025-01-25,2025-02-09,20.0,7.324991,12.675008773803711
2025-01-25,2025-02-10,33.89999999999999,8.564867,25.33513298034667
2025-01-25,2025-02-11,26.6,8.638389,17.961611366271974
2025-01-25,2025-02-12,21.0,9.36788,11.632120132446289
2025-01-25,2025-02-13,21.199999999999996,6.174593,15.025407028198238
2025-01-25,2025-02-14,22.799999999999997,6.4211955,16.378804492950437
2025-01-25,2025-02-15,25.9,5.2599673,20.64003267288208
2025-01-25,2025-02-16,21.800000000000004,6.6719065,15.128093528747563
2025-01-25,2025-02-17,20.500000000000004,8.109781,12.390218734741214
2025-01-25,2025-02-18,30.899999999999995,7.6284394,23.271560573577876
2025-01-25,2025-02-19,31.999999999999996,9.749032,22.25096797943115
2025-01-25,2025-02-20,6.7,8.3679285,-1.6679285049438475
2025-01-25,2025-02-21,8.7,8.617036,0.08296413421630788
2025-01-25,2025-02-22,7.4,9.735476,-2.3354755401611325
2025-01-25,2025-02-23,4.8,9.181145,-4.381144714355469
2025-01-25,2025-02-24,4.7,9.766632,-5.066632080078125
2025-01-26,2025-01-27,4.1,9.611783,-5.511783027648926
2025-01-26,2025-01-28,5.0,8.921195,-3.9211950302124023
2025-01-26,2025-01-29,7.800000000000001,7.5222535,0.27774648666381907
2025-01-26,2025-01-30,7.7,6.239226,1.4607741355895998
2025-01-26,2025-01-31,7.800000000000001,8.039099,-0.23909873962402273
2025-01-26,2025-02-01,10.0,8.436289,1.563711166381836
2025-01-26,2025-02-02,17.9,6.258267,11.641733074188231
2025-01-26,2025-02-03,18.2,6.333024,11.86697597503662
2025-01-26,2025-02-04,6.900000000000001,9.28205,-2.3820501327514636
2025-01-26,2025-02-05,7.9,8.505092,-0.6050916671752926
2025-01-26,2025-02-06,9.2,9.676829,-0.4768293380737312
2025-01-26,2025-02-07,11.0,7.3283997,3.671600341796875
2025-01-26,2025-02-08,20.8,6.4419203,14.358079719543458
2025-01-26,2025-02-09,20.0,6.8435807,13.156419277191162
2025-01-26,2025-02-10,33.89999999999999,7.635215,26.264785194396964
2025-01-26,2025-02-11,26.6,8.643205,17.956795310974123
2025-01-26,2025-02-12,21.0,8.446992,12.553008079528809
2025-01-26,2025-02-13,21.199999999999996,9.198124,12.00187606811523
2025-01-26,2025-02-14,22.799999999999997,6.173159,16.626840877532956
2025-01-26,2025-02-15,25.9,6.29029,19.609710121154784
2025-01-26,2025-02-16,21.800000000000004,5.307097,16.492903041839604
2025-01-26,2025-02-17,20.500000000000004,6.3179336,14.182066440582279
2025-01-26,2025-02-18,30.899999999999995,7.813572,23.086428070068354
2025-01-26,2025-02-19,31.999999999999996,7.6211457,24.378854274749752
2025-01-26,2025-02-20,6.7,9.575501,-2.8755014419555662
2025-01-26,2025-02-21,8.7,8.418636,0.2813636779785149
2025-01-26,2025-02-22,7.4,8.725139,-1.3251386642456051
2025-01-26,2025-02-23,4.8,9.515484,-4.715483856201172
2025-01-26,2025-02-24,4.7,9.092612,-4.392612266540527
2025-01-26,2025-02-25,6.0,9.57788,-3.5778799057006836
2025-01-27,2025-01-28,5.0,9.515099,-4.515098571777344
2025-01-27,2025-01-29,7.800000000000001,8.7595,-0.959499549865722
2025-01-27,2025-01-30,7.7,7.7703457,-0.07034568786621076
2025-01-27,2025-01-31,7.800000000000001,6.3957243,1.4042757034301765
2025-01-27,2025-02-01,10.0,7.902683,2.0973172187805176
2025-01-27,2025-02-02,17.9,8.685055,9.214945220947264
2025-01-27,2025-02-03,18.2,6.5956674,11.604332637786865
2025-01-27,2025-02-04,6.900000000000001,6.1954727,0.704527282714845
2025-01-27,2025-02-05,7.9,9.089874,-1.1898742675781246
2025-01-27,2025-02-06,9.2,8.854225,0.34577484130859304
2025-01-27,2025-02-07,11.0,9.6602745,1.3397254943847656
2025-01-27,2025-02-08,20.8,7.0257483,13.774251747131348
2025-01-27,2025-02-09,20.0,6.5046926,13.495307445526123
2025-01-27,2025-02-10,33.89999999999999,6.91489,26.98511018753051
2025-01-27,2025-02-11,26.6,7.7382627,18.86173734664917
2025-01-27,2025-02-12,21.0,8.529765,12.470234870910645
2025-01-27,2025-02-13,21.199999999999996,8.309199,12.890800666809078
2025-01-27,2025-02-14,22.799999999999997,9.108419,13.691580581665036
2025-01-27,2025-02-15,25.9,6.0866795,19.813320541381835
2025-01-27,2025-02-16,21.800000000000004,6.1579685,15.64203147888184
2025-01-27,2025-02-17,20.500000000000004,5.2685575,15.231442451477054
2025-01-27,2025-02-18,30.899999999999995,6.103315,24.7966851234436
2025-01-27,2025-02-19,31.999999999999996,7.876094,24.12390613555908
2025-01-27,2025-02-20,6.7,7.56671,-0.8667099952697752
2025-01-27,2025-02-21,8.7,9.453318,-0.7533176422119148
2025-01-27,2025-02-22,7.4,8.349771,-0.9497705459594723
2025-01-27,2025-02-23,4.8,8.872599,-4.072598648071289
2025-01-27,2025-02-24,4.7,9.492169,-4.792169380187988
2025-01-27,2025-02-25,6.0,9.082405,-3.0824050903320312
2025-01-27,2025-02-26,5.9,9.314652,-3.4146524429321286
2025-01-28,2025-01-29,7.800000000000001,9.581256,-1.781255912780761
2025-01-28,2025-01-30,7.7,8.631719,-0.9317186355590819
2025-01-28,2025-01-31,7.800000000000001,7.9464493,-0.14644927978515554
2025-01-28,2025-02-01,10.0,6.360644,3.6393561363220215
2025-01-28,2025-02-02,17.9,7.989191,9.910808944702147
2025-01-28,2025-02-03,18.2,8.742822,9.45717830657959
2025-01-28,2025-02-04,6.900000000000001,6.751546,0.1484540939331067
2025-01-28,2025-02-05,7.9,6.118142,1.7818578720092777
2025-01-28,2025-02-06,9.2,9.072073,0.12792701721191335
2025-01-28,2025-02-07,11.0,9.03429,1.9657096862792969
2025-01-28,2025-02-08,20.8,9.685394,11.114605712890626
2025-01-28,2025-02-09,20.0,6.919997,13.080002784729004
2025-01-28,2025-02-10,33.89999999999999,6.7039223,27.196077728271476
2025-01-28,2025-02-11,26.6,7.0919657,19.508034324645998
2025-01-28,2025-02-12,21.0,7.7062135,13.293786525726318
2025-01-28,2025-02-13,21.199999999999996,8.397697,12.802302551269527
2025-01-28,2025-02-14,22.799999999999997,8.268762,14.531238365173337
2025-01-28,2025-02-15,25.9,9.056807,16.843193435668944
2025-01-28,2025-02-16,21.800000000000004,6.0451484,15.754851627349858
2025-01-28,2025-02-17,20.500000000000004,6.141011,14.358988761901859
2025-01-28,2025-02-18,30.899999999999995,5.1459603,25.75403966903686
2025-01-28,2025-02-19,31.999999999999996,6.218931,25.78106880187988
2025-01-28,2025-02-20,6.7,8.0559025,-1.3559024810791014
2025-01-28,2025-02-21,8.7,7.5038176,1.196182441711425
2025-01-28,2025-02-22,7.4,9.375068,-1.9750677108764645
2025-01-28,2025-02-23,4.8,8.258157,-3.458156776428223
2025-01-28,2025-02-24,4.7,8.871294,-4.171294021606445
2025-01-28,2025-02-25,6.0,9.435831,-3.435831069946289
2025-01-28,2025-02-26,5.9,9.099024,-3.199023818969726
2025-01-28,2025-02-27,5.2,9.209715,-4.009714889526367
2025-01-29,2025-01-30,7.7,9.615264,-1.9152639389038084
2025-01-29,2025-01-31,7.800000000000001,8.58372,-0.7837202072143548
2025-01-29,2025-02-01,10.0,8.056879,1.9431209564208984
2025-01-29,2025-02-02,17.9,6.2607164,11.639283561706542
2025-01-29,2025-02-03,18.2,8.165335,10.034665298461913
2025-01-29,2025-02-04,6.900000000000001,8.7460785,-1.8460784912109363
2025-01-29,2025-02-05,7.9,6.8958583,1.004141712188721
2025-01-29,2025-02-06,9.2,6.27025,2.929750156402587
2025-01-29,2025-02-07,11.0,9.1627655,1.8372344970703125
2025-01-29,2025-02-08,20.8,9.061196,11.738803672790528
2025-01-29,2025-02-09,20.0,9.761299,10.238700866699219
2025-01-29,2025-02-10,33.89999999999999,6.8679276,27.03207244873046
2025-01-29,2025-02-11,26.6,6.77124,19.828759765625
2025-01-29,2025-02-12,21.0,7.233424,13.766575813293457
2025-01-29,2025-02-13,21.199999999999996,7.732123,13.467877101898189
2025-01-29,2025-02-14,22.799999999999997,8.279619,14.520380783081052
2025-01-29,2025-02-15,25.9,8.157915,17.742084884643553
2025-01-29,2025-02-16,21.800000000000004,8.958343,12.841657447814946
2025-01-29,2025-02-17,20.500000000000004,6.032462,14.467537879943851
2025-01-29,2025-02-18,30.899999999999995,6.2833567,24.616643333435054
2025-01-29,2025-02-19,31.999999999999996,5.0308256,26.969174385070797
2025-01-29,2025-02-20,6.7,6.334419,0.36558122634887713
2025-01-29,2025-02-21,8.7,8.140283,0.5597173690795891
2025-01-29,2025-02-22,7.4,7.307754,0.09224596023559606
2025-01-29,2025-02-23,4.8,9.355781,-4.555780601501465
2025-01-29,2025-02-24,4.7,8.12156,-3.4215600967407225
2025-01-29,2025-02-25,6.0,8.937745,-2.9377450942993164
2025-01-29,2025-02-26,5.9,9.26521,-3.365210151672363
2025-01-29,2025-02-27,5.2,9.024517,-3.8245170593261717
2025-01-29,2025-02-28,11.5,9.099702,2.4002981185913086
2025-01-30,2025-01-31,7.800000000000001,9.58642,-1.7864200592041009
2025-01-30,2025-02-01,10.0,8.575503,1.4244966506958008
2025-01-30,2025-02-02,17.9,8.10989,9.79011001586914
2025-01-30,2025-02-03,18.2,6.198055,12.001945209503173
2025-01-30,2025-02-04,6.900000000000001,8.34959,-1.4495903015136706
2025-01-30,2025-02-05,7.9,8.713708,-0.8137079238891598
2025-01-30,2025-02-06,9.2,7.001275,2.198724937438964
2025-01-30,2025-02-07,11.0,6.5436387,4.456361293792725
2025-01-30,2025-02-08,20.8,9.274001,11.525998878479005
2025-01-30,2025-02-09,20.0,9.071471,10.928528785705566
2025-01-30,2025-02-10,33.89999999999999,9.771562,24.128438377380363
2025-01-30,2025-02-11,26.6,6.7758303,19.824169731140138
2025-01-30,2025-02-12,21.0,6.755601,14.244399070739746
2025-01-30,2025-02-13,21.199999999999996,7.2816954,13.918304634094234
2025-01-30,2025-02-14,22.799999999999997,7.8665013,14.933498668670651
2025-01-30,2025-02-15,25.9,8.256445,17.643555068969725
2025-01-30,2025-02-16,21.800000000000004,8.077853,13.72214679718018
2025-01-30,2025-02-17,20.500000000000004,8.929978,11.5700216293335
2025-01-30,2025-02-18,30.899999999999995,6.028052,24.871948146820063
2025-01-30,2025-02-19,31.999999999999996,6.4382324,25.561767578124996
2025-01-30,2025-02-20,6.7,4.9334297,1.766570281982422
2025-01-30,2025-02-21,8.7,6.36578,2.334220123291015
2025-01-30,2025-02-22,7.4,8.103811,-0.7038112640380856
2025-01-30,2025-02-23,4.8,7.190758,-2.390758228302002
2025-01-30,2025-02-24,4.7,9.229406,-4.529406356811523
2025-01-30,2025-02-25,6.0,8.011822,-2.011821746826172
2025-01-30,2025-02-26,5.9,8.971218,-3.071218109130859
2025-01-30,2025-02-27,5.2,9.176364,-3.976363945007324
2025-01-30,2025-02-28,11.5,9.03563,2.464369773864746
2025-01-30,2025-03-01,11.0,9.028801,1.9711990356445312
2025-01-31,2025-02-01,10.0,9.417439,0.5825605392456055
2025-01-31,2025-02-02,17.9,8.6533375,9.246662521362303
2025-01-31,2025-02-03,18.2,8.156997,10.043003273010253
2025-01-31,2025-02-04,6.900000000000001,6.0952477,0.8047522544860852
2025-01-31,2025-02-05,7.9,8.69636,-0.7963596343994137
2025-01-31,2025-02-06,9.2,8.618632,0.5813676834106438
2025-01-31,2025-02-07,11.0,7.0877643,3.912235736846924
2025-01-31,2025-02-08,20.8,6.8029923,13.997007656097413
2025-01-31,2025-02-09,20.0,9.356089,10.643911361694336
2025-01-31,2025-02-10,33.89999999999999,9.077324,24.822676086425773
2025-01-31,2025-02-11,26.6,9.673294,16.92670593261719
2025-01-31,2025-02-12,21.0,6.7697124,14.230287551879883
2025-01-31,2025-02-13,21.199999999999996,6.4807305,14.719269466400142
2025-01-31,2025-02-14,22.799999999999997,7.3073993,15.492600727081296
2025-01-31,2025-02-15,25.9,8.050384,17.84961643218994
2025-01-31,2025-02-16,21.800000000000004,8.080165,13.719835090637211
2025-01-31,2025-02-17,20.500000000000004,7.9718685,12.528131484985355
2025-01-31,2025-02-18,30.899999999999995,8.912648,21.987351799011225
2025-01-31,2025-02-19,31.999999999999996,6.0433383,25.95666170120239
2025-01-31,2025-02-20,6.7,6.588039,0.111961078643799
2025-01-31,2025-02-21,8.7,4.9911914,3.7088086128234856
2025-01-31,2025-02-22,7.4,6.4140954,0.9859045982360843
2025-01-31,2025-02-23,4.8,7.9082146,-3.108214569091797
2025-01-31,2025-02-24,4.7,6.966227,-2.266227054595947
2025-01-31,2025-02-25,6.0,9.1527,-3.152700424194336
2025-01-31,2025-02-26,5.9,7.7731094,-1.873109436035156
2025-01-31,2025-02-27,5.2,8.985142,-3.7851417541503904
2025-01-31,2025-02-28,11.5,8.980921,2.5190792083740234
2025-01-31,2025-03-01,11.0,8.787718,2.212282180786133
2025-01-31,2025-03-02,21.0,8.905497,12.094503402709961
2025-02-01,2025-02-02,17.9,9.202853,8.697146797180174
2025-02-01,2025-02-03,18.2,8.65854,9.541460227966308
2025-02-01,2025-02-04,6.900000000000001,8.092769,-1.1927686691284167
2025-02-01,2025-02-05,7.9,6.2355337,1.6644662857055668
2025-02-01,2025-02-06,9.2,8.745336,0.45466442108154226
2025-02-01,2025-02-07,11.0,8.46266,2.5373401641845703
2025-02-01,2025-02-08,20.8,7.018301,13.781698989868165
2025-02-01,2025-02-09,20.0,6.7153635,13.284636497497559
2025-02-01,2025-02-10,33.89999999999999,9.399196,24.50080432891845
2025-02-01,2025-02-11,26.6,9.115569,17.484430885314943
2025-02-01,2025-02-12,21.0,9.609898,11.39010238647461
2025-02-01,2025-02-13,21.199999999999996,7.063579,14.136420917510982
2025-02-01,2025-02-14,22.799999999999997,6.2542624,16.54573755264282
2025-02-01,2025-02-15,25.9,7.412129,18.487871074676512
2025-02-01,2025-02-16,21.800000000000004,8.291918,13.508082199096684
2025-02-01,2025-02-17,20.500000000000004,7.9722095,12.52779054641724
2025-02-01,2025-02-18,30.899999999999995,7.936633,22.96336688995361
2025-02-01,2025-02-19,31.999999999999996,8.859756,23.140243530273434
2025-02-01,2025-02-20,6.7,6.269744,0.4302560806274416
2025-02-01,2025-02-21,8.7,6.667161,2.0328390121459954
2025-02-01,2025-02-22,7.4,5.3037963,2.096203708648682
2025-02-01,2025-02-23,4.8,6.333114,-1.5331141471862795
2025-02-01,2025-02-24,4.7,7.667263,-2.967263031005859
2025-02-01,2025-02-25,6.0,6.9946814,-0.9946813583374023
2025-02-01,2025-02-26,5.9,9.102022,-3.2020221710205075
2025-02-01,2025-02-27,5.2,7.7800426,-2.5800426483154295
2025-02-01,2025-02-28,11.5,8.875215,2.6247854232788086
2025-02-01,2025-03-01,11.0,8.885367,2.1146326065063477
2025-02-01,2025-03-02,21.0,8.803469,12.196531295776367
2025-02-01,2025-03-03,26.5,8.972108,17.527892112731934
2025-02-02,2025-02-03,18.2,9.001556,9.198443603515624
2025-02-02,2025-02-04,6.900000000000001,8.489728,-1.589727973937987
2025-02-02,2025-02-05,7.9,7.9406986,-0.04069862365722621
2025-02-02,2025-02-06,9.2,6.490905,2.7090951919555657
2025-02-02,2025-02-07,11.0,8.508152,2.4918479919433594
2025-02-02,2025-02-08,20.8,8.255993,12.544007110595704
2025-02-02,2025-02-09,20.0,6.9451413,13.054858684539795
2025-02-02,2025-02-10,33.89999999999999,6.647114,27.252886199951163
2025-02-02,2025-02-11,26.6,9.252341,17.347658729553224
2025-02-02,2025-02-12,21.0,9.024339,11.975661277770996
2025-02-02,2025-02-13,21.199999999999996,9.606089,11.593911361694332
2025-02-02,2025-02-14,22.799999999999997,7.396269,15.403731155395505
2025-02-02,2025-02-15,25.9,6.1287045,19.77129545211792
2025-02-02,2025-02-16,21.800000000000004,7.384578,14.415421772003178
2025-02-02,2025-02-17,20.500000000000004,8.425785,12.074214935302738
2025-02-02,2025-02-18,30.899999999999995,7.955827,22.944172763824458
2025-02-02,2025-02-19,31.999999999999996,7.9918876,24.008112430572506
2025-02-02,2025-02-20,6.7,8.788431,-2.088431167602539
2025-02-02,2025-02-21,8.7,6.5178246,2.1821753501892083
2025-02-02,2025-02-22,7.4,6.7101336,0.6898664474487308
2025-02-02,2025-02-23,4.8,5.584777,-0.7847768783569338
2025-02-02,2025-02-24,4.7,6.0638466,-1.3638465881347654
2025-02-02,2025-02-25,6.0,7.3393927,-1.3393926620483398
2025-02-02,2025-02-26,5.9,7.1874046,-1.287404632568359
2025-02-02,2025-02-27,5.2,8.951116,-3.751115608215332
2025-02-02,2025-02-28,11.5,8.015815,3.484185218811035
2025-02-02,2025-03-01,11.0,8.841524,2.158475875854492
2025-02-02,2025-03-02,21.0,8.829417,12.17058277130127
2025-02-02,2025-03-03,26.5,8.865442,17.634557723999023
2025-02-02,2025-03-04,27.799999999999997,9.035814,18.764185714721677
2025-02-03,2025-02-04,6.900000000000001,8.819296,-1.9192958831787097
2025-02-03,2025-02-05,7.9,8.4278555,-0.5278554916381832
2025-02-03,2025-02-06,9.2,8.036395,1.1636049270629876
2025-02-03,2025-02-07,11.0,6.475696,4.524303913116455
2025-02-03,2025-02-08,20.8,8.36955,12.430450248718262
2025-02-03,2025-02-09,20.0,8.173314,11.826685905456543
2025-02-03,2025-02-10,33.89999999999999,6.8591137,27.040886306762687
2025-02-03,2025-02-11,26.6,6.579882,20.020117855072023
2025-02-03,2025-02-12,21.0,9.292423,11.707576751708984
2025-02-03,2025-02-13,21.199999999999996,8.96938,12.230619621276851
2025-02-03,2025-02-14,22.799999999999997,9.582957,13.217042732238767
2025-02-03,2025-02-15,25.9,7.5928764,18.307123565673827
2025-02-03,2025-02-16,21.800000000000004,6.115583,15.684417057037358
2025-02-03,2025-02-17,20.500000000000004,7.3695993,13.130400657653812
2025-02-03,2025-02-18,30.899999999999995,8.367544,22.53245582580566
2025-02-03,2025-02-19,31.999999999999996,7.7435613,24.256438732147213
2025-02-03,2025-02-20,6.7,8.051033,-1.351033020019531
2025-02-03,2025-02-21,8.7,8.783137,-0.08313732147216868
2025-02-03,2025-02-22,7.4,6.614705,0.7852949142456058
2025-02-03,2025-02-23,4.8,6.778656,-1.9786560058593752
2025-02-03,2025-02-24,4.7,5.82546,-1.1254599571228026
2025-02-03,2025-02-25,6.0,6.0148425,-0.014842510223388672
2025-02-03,2025-02-26,5.9,7.288569,-1.3885689735412594
2025-02-03,2025-02-27,5.2,7.2269444,-2.0269444465637205
2025-02-03,2025-02-28,11.5,8.926321,2.573678970336914
2025-02-03,2025-03-01,11.0,8.119942,2.8800582885742188
2025-02-03,2025-03-02,21.0,8.862132,12.13786792755127
2025-02-03,2025-03-03,26.5,8.943184,17.55681610107422
2025-02-03,2025-03-04,27.799999999999997,8.815183,18.984817314147946
2025-02-03,2025-03-05,39.9,9.049412,30.850588226318358
2025-02-04,2025-02-05,7.9,8.862601,-0.962601280212402
2025-02-04,2025-02-06,9.2,8.3505125,0.8494874954223626
2025-02-04,2025-02-07,11.0,8.157468,2.842532157897949
2025-02-04,2025-02-08,20.8,6.3272424,14.472757625579835
2025-02-04,2025-02-09,20.0,8.487296,11.512703895568848
2025-02-04,2025-02-10,33.89999999999999,8.088681,25.81131877899169
2025-02-04,2025-02-11,26.6,6.730429,19.869570827484132
2025-02-04,2025-02-12,21.0,6.3873043,14.612695693969727
2025-02-04,2025-02-13,21.199999999999996,9.384335,11.815665435791011
2025-02-04,2025-02-14,22.799999999999997,8.900276,13.899723815917966
2025-02-04,2025-02-15,25.9,9.563892,16.336107635498045
2025-02-04,2025-02-16,21.800000000000004,7.740538,14.059461879730229
2025-02-04,2025-02-17,20.500000000000004,6.353323,14.146677017211918
2025-02-04,2025-02-18,30.899999999999995,7.4063845,23.49361553192138
2025-02-04,2025-02-19,31.999999999999996,8.197096,23.802904129028317
2025-02-04,2025-02-20,6.7,7.5834246,-0.8834245681762694
2025-02-04,2025-02-21,8.7,8.274368,0.4256317138671868
2025-02-04,2025-02-22,7.4,8.870369,-1.470368957519531
2025-02-04,2025-02-23,4.8,6.706286,-1.9062859535217287
2025-02-04,2025-02-24,4.7,6.8748236,-2.1748235702514647
2025-02-04,2025-02-25,6.0,5.9541564,0.04584360122680664
2025-02-04,2025-02-26,5.9,6.3093987,-0.4093986511230465
2025-02-04,2025-02-27,5.2,7.5028224,-2.302822399139404
2025-02-04,2025-02-28,11.5,7.369979,4.130021095275879
2025-02-04,2025-03-01,11.0,8.883383,2.116617202758789
2025-02-04,2025-03-02,21.0,8.140459,12.859540939331055
2025-02-04,2025-03-03,26.5,8.78927,17.710729598999023
2025-02-04,2025-03-04,27.799999999999997,9.1399,18.660099792480466
2025-02-04,2025-03-05,39.9,8.901205,30.998794937133788
2025-02-04,2025-03-06,23.599999999999998,9.135981,14.464019393920896
2025-02-05,2025-02-06,9.2,8.856082,0.34391803741455007
2025-02-05,2025-02-07,11.0,8.29369,2.706310272216797
2025-02-05,2025-02-08,20.8,8.162644,12.637355613708497
2025-02-05,2025-02-09,20.0,6.195848,13.804152011871338
2025-02-05,2025-02-10,33.89999999999999,8.597466,25.302533531188956
2025-02-05,2025-02-11,26.6,7.997371,18.602628803253175
2025-02-05,2025-02-12,21.0,6.669047,14.330953121185303
2025-02-05,2025-02-13,21.199999999999996,6.392516,14.807483863830562
2025-02-05,2025-02-14,22.799999999999997,9.480893,13.319106864929196
2025-02-05,2025-02-15,25.9,8.717669,17.182331466674803
2025-02-05,2025-02-16,21.800000000000004,9.554085,12.245915222167973
2025-02-05,2025-02-17,20.500000000000004,7.8496733,12.650326728820804
2025-02-05,2025-02-18,30.899999999999995,6.51108,24.388920211791987
2025-02-05,2025-02-19,31.999999999999996,7.371675,24.628324985504147
2025-02-05,2025-02-20,6.7,8.08106,-1.3810604095458983
2025-02-05,2025-02-21,8.7,7.4930124,1.2069875717163079
2025-02-05,2025-02-22,7.4,8.411734,-1.0117336273193356
2025-02-05,2025-02-23,4.8,8.865792,-4.065792274475098
2025-02-05,2025-02-24,4.7,6.805976,-2.1059759140014647
2025-02-05,2025-02-25,6.0,7.1116033,-1.1116032600402832
2025-02-05,2025-02-26,5.9,6.017297,-0.1172967910766598
2025-02-05,2025-02-27,5.2,6.5162053,-1.316205310821533
2025-02-05,2025-02-28,11.5,7.640111,3.859889030456543
2025-02-05,2025-03-01,11.0,7.462157,3.5378432273864746
2025-02-05,2025-03-02,21.0,8.827932,12.172067642211914
2025-02-05,2025-03-03,26.5,8.134381,18.36561870574951
2025-02-05,2025-03-04,27.799999999999997,8.789314,19.010685729980466
2025-02-05,2025-03-05,39.9,9.232769,30.667230987548827
2025-02-05,2025-03-06,23.599999999999998,8.997475,14.602525329589842
2025-02-05,2025-03-07,12.0,9.158494,2.841506004333496
2025-02-06,2025-02-07,11.0,8.834174,2.165825843811035
2025-02-06,2025-02-08,20.8,8.3009205,12.499079513549805
2025-02-06,2025-02-09,20.0,8.10919,11.890810012817383
2025-02-06,2025-02-10,33.89999999999999,6.0724487,27.82755126953124
2025-02-06,2025-02-11,26.6,8.752159,17.847840881347658
2025-02-06,2025-02-12,21.0,7.8306923,13.169307708740234
2025-02-06,2025-02-13,21.199999999999996,6.6060624,14.593937587738033
2025-02-06,2025-02-14,22.799999999999997,6.399385,16.400615024566648
2025-02-06,2025-02-15,25.9,9.571078,16.328921699523924
2025-02-06,2025-02-16,21.800000000000004,8.504197,13.2958028793335
2025-02-06,2025-02-17,20.500000000000004,9.505286,10.994713783264164
2025-02-06,2025-02-18,30.899999999999995,7.96127,22.938730144500727
2025-02-06,2025-02-19,31.999999999999996,6.487236,25.512763977050778
2025-02-06,2025-02-20,6.7,7.3359523,-0.6359522819519041
2025-02-06,2025-02-21,8.7,8.02817,0.6718303680419915
2025-02-06,2025-02-22,7.4,7.3949385,0.0050615310668948865
2025-02-06,2025-02-23,4.8,8.556291,-3.756290626525879
2025-02-06,2025-02-24,4.7,8.862754,-4.162753868103027
2025-02-06,2025-02-25,6.0,6.8826413,-0.8826413154602051
2025-02-06,2025-02-26,5.9,7.282925,-1.3829251289367672
2025-02-06,2025-02-27,5.2,6.109154,-0.9091542243957518
2025-02-06,2025-02-28,11.5,6.711433,4.788567066192627
2025-02-06,2025-03-01,11.0,7.7016516,3.2983484268188477
2025-02-06,2025-03-02,21.0,7.497054,13.502945899963379
2025-02-06,2025-03-03,26.5,8.806046,17.693954467773438
2025-02-06,2025-03-04,27.799999999999997,8.07611,19.723890113830564
2025-02-06,2025-03-05,39.9,8.752469,31.147530937194823
2025-02-06,2025-03-06,23.599999999999998,9.243464,14.35653553009033
2025-02-06,2025-03-07,12.0,9.028769,2.971231460571289
2025-02-06,2025-03-08,21.1,9.221846,11.878154373168947
2025-02-07,2025-02-08,20.8,8.786652,12.013348388671876
2025-02-07,2025-02-09,20.0,8.292129,11.707871437072754
2025-02-07,2025-02-10,33.89999999999999,8.124286,25.77571430206298
2025-02-07,2025-02-11,26.6,5.997292,20.602707958221437
2025-02-07,2025-02-12,21.0,8.927181,12.072818756103516
2025-02-07,2025-02-13,21.199999999999996,7.807226,13.392773818969722
2025-02-07,2025-02-14,22.799999999999997,6.722175,16.077824878692624
2025-02-07,2025-02-15,25.9,6.3066225,19.59337749481201
2025-02-07,2025-02-16,21.800000000000004,9.514965,12.285034942626957
2025-02-07,2025-02-17,20.500000000000004,8.404871,12.095129013061527
2025-02-07,2025-02-18,30.899999999999995,9.411633,21.488367462158198
2025-02-07,2025-02-19,31.999999999999996,7.9353867,24.064613342285153
2025-02-07,2025-02-20,6.7,6.370124,0.32987613677978533
2025-02-07,2025-02-21,8.7,7.2803526,1.4196474075317376
2025-02-07,2025-02-22,7.4,8.040688,-0.6406875610351559
2025-02-07,2025-02-23,4.8,7.2983837,-2.498383712768555
2025-02-07,2025-02-24,4.7,8.623233,-3.923232841491699
2025-02-07,2025-02-25,6.0,8.802634,-2.8026342391967773
2025-02-07,2025-02-26,5.9,6.931072,-1.0310722351074215
2025-02-07,2025-02-27,5.2,7.3610992,-2.1610992431640623
2025-02-07,2025-02-28,11.5,6.2816734,5.218326568603516
2025-02-07,2025-03-01,11.0,6.821296,4.178703784942627
2025-02-07,2025-03-02,21.0,7.750315,13.249684810638428
2025-02-07,2025-03-03,26.5,7.510364,18.989635944366455
2025-02-07,2025-03-04,27.799999999999997,8.789666,19.010333824157712
2025-02-07,2025-03-05,39.9,7.9421086,31.957891368865965
2025-02-07,2025-03-06,23.599999999999998,8.831565,14.76843509674072
2025-02-07,2025-03-07,12.0,9.206787,2.793212890625
2025-02-07,2025-03-08,21.1,8.972303,12.127696609497072
2025-02-07,2025-03-09,34.7,9.16562,25.53438014984131
2025-02-08,2025-02-09,20.0,8.736369,11.263630867004395
2025-02-08,2025-02-10,33.89999999999999,8.199052,25.700948143005363
2025-02-08,2025-02-11,26.6,8.007131,18.592869377136232
2025-02-08,2025-02-12,21.0,6.1930103,14.806989669799805
2025-02-08,2025-02-13,21.199999999999996,8.838713,12.361287307739254
2025-02-08,2025-02-14,22.799999999999997,7.8019753,14.998024749755857
2025-02-08,2025-02-15,25.9,6.714634,19.185366058349608
2025-02-08,2025-02-16,21.800000000000004,6.23566,15.564339923858647
2025-02-08,2025-02-17,20.500000000000004,9.334812,11.165187835693363
2025-02-08,2025-02-18,30.899999999999995,8.36733,22.53267040252685
2025-02-08,2025-02-19,31.999999999999996,9.330296,22.669704437255856
2025-02-08,2025-02-20,6.7,8.189023,-1.4890230178833006
2025-02-08,2025-02-21,8.7,6.274353,2.4256469726562493
2025-02-08,2025-02-22,7.4,7.2757707,0.12422933578491246
2025-02-08,2025-02-23,4.8,8.127071,-3.3270713806152346
2025-02-08,2025-02-24,4.7,7.418129,-2.718128967285156
2025-02-08,2025-02-25,6.0,8.628594,-2.628594398498535
2025-02-08,2025-02-26,5.9,8.600448,-2.7004476547241207
2025-02-08,2025-02-27,5.2,7.040559,-1.8405588150024412
2025-02-08,2025-02-28,11.5,7.365696,4.134304046630859
2025-02-08,2025-03-01,11.0,6.509908,4.490091800689697
2025-02-08,2025-03-02,21.0,6.7037616,14.296238422393799
2025-02-08,2025-03-03,26.5,7.605587,18.894412994384766
2025-02-08,2025-03-04,27.799999999999997,7.6781144,20.12188558578491
2025-02-08,2025-03-05,39.9,8.752386,31.14761390686035
2025-02-08,2025-03-06,23.599999999999998,8.121307,15.478692626953123
2025-02-08,2025-03-07,12.0,8.88785,3.112150192260742
2025-02-08,2025-03-08,21.1,9.114142,11.985857582092287
2025-02-08,2025-03-09,34.7,8.891812,25.808187675476077
2025-02-08,2025-03-10,59.800000000000004,9.209069,50.590930747985844
2025-02-09,2025-02-10,33.89999999999999,8.698049,25.201951408386222
2025-02-09,2025-02-11,26.6,8.104142,18.495857810974123
2025-02-09,2025-02-12,21.0,7.864732,13.135268211364746
2025-02-09,2025-02-13,21.199999999999996,6.4303,14.769699764251705
2025-02-09,2025-02-14,22.799999999999997,8.639558,14.160442161560056
2025-02-09,2025-02-15,25.9,7.703902,18.196098232269286
2025-02-09,2025-02-16,21.800000000000004,6.711218,15.08878211975098
2025-02-09,2025-02-17,20.500000000000004,6.107996,14.392004013061527
2025-02-09,2025-02-18,30.899999999999995,9.122436,21.77756443023681
2025-02-09,2025-02-19,31.999999999999996,8.326661,23.67333889007568
2025-02-09,2025-02-20,6.7,9.302105,-2.6021049499511717
2025-02-09,2025-02-21,8.7,8.44539,0.2546102523803704
2025-02-09,2025-02-22,7.4,6.248268,1.151731872558594
2025-02-09,2025-02-23,4.8,7.258558,-2.4585577964782717
2025-02-09,2025-02-24,4.7,8.18395,-3.4839504241943358
2025-02-09,2025-02-25,6.0,7.501214,-1.5012140274047852
2025-02-09,2025-02-26,5.9,8.689423,-2.7894226074218746
2025-02-09,2025-02-27,5.2,8.478309,-3.2783086776733397
2025-02-09,2025-02-28,11.5,7.0696955,4.430304527282715
2025-02-09,2025-03-01,11.0,7.2878885,3.712111473083496
2025-02-09,2025-03-02,21.0,6.6806135,14.31938648223877
2025-02-09,2025-03-03,26.5,6.621228,19.878771781921387
2025-02-09,2025-03-04,27.799999999999997,7.4374948,20.362505245208737
2025-02-09,2025-03-05,39.9,7.8974943,32.002505683898924
2025-02-09,2025-03-06,23.599999999999998,8.706965,14.89303455352783
2025-02-09,2025-03-07,12.0,8.343318,3.656682014465332
2025-02-09,2025-03-08,21.1,8.840696,12.259303665161134
2025-02-09,2025-03-09,34.7,9.009725,25.69027538299561
2025-02-09,2025-03-10,59.800000000000004,8.836201,50.963799285888676
2025-02-09,2025-03-11,7.7,9.2686405,-1.5686405181884764
2025-02-10,2025-02-11,26.6,8.806237,17.79376277923584
2025-02-10,2025-02-12,21.0,8.104244,12.895755767822266
2025-02-10,2025-02-13,21.199999999999996,7.8763394,13.323660564422603
2025-02-10,2025-02-14,22.799999999999997,6.4805794,16.319420623779294
2025-02-10,2025-02-15,25.9,8.382882,17.5171178817749
2025-02-10,2025-02-16,21.800000000000004,7.739309,14.060691165924077
2025-02-10,2025-02-17,20.500000000000004,6.6789165,13.821083545684818
2025-02-10,2025-02-18,30.899999999999995,5.935043,24.964957141876216
2025-02-10,2025-02-19,31.999999999999996,9.071916,22.928084373474118
2025-02-10,2025-02-20,6.7,8.225444,-1.5254438400268553
2025-02-10,2025-02-21,8.7,9.450185,-0.7501848220825202
2025-02-10,2025-02-22,7.4,8.482497,-1.0824972152709957
2025-02-10,2025-02-23,4.8,6.3276324,-1.5276324272155763
2025-02-10,2025-02-24,4.7,7.240069,-2.5400689125061033
2025-02-10,2025-02-25,6.0,7.946571,-1.946570873260498
2025-02-10,2025-02-26,5.9,7.45735,-1.5573497772216793
2025-02-10,2025-02-27,5.2,8.782826,-3.5828264236450194
2025-02-10,2025-02-28,11.5,8.486027,3.0139732360839844
2025-02-10,2025-03-01,11.0,6.981524,4.0184760093688965
2025-02-10,2025-03-02,21.0,7.169221,13.830779075622559
2025-02-10,2025-03-03,26.5,6.7211385,19.77886152267456
2025-02-10,2025-03-04,27.799999999999997,6.6111913,21.1888087272644
2025-02-10,2025-03-05,39.9,7.525524,32.3744758605957
2025-02-10,2025-03-06,23.599999999999998,7.9052844,15.69471559524536
2025-02-10,2025-03-07,12.0,8.863385,3.1366147994995117
2025-02-10,2025-03-08,21.1,8.357277,12.742723083496095
2025-02-10,2025-03-09,34.7,8.817916,25.88208408355713
2025-02-10,2025-03-10,59.800000000000004,8.999644,50.800355720520024
2025-02-10,2025-03-11,7.7,8.768246,-1.0682456970214842
2025-02-10,2025-03-12,6.2,9.254049,-3.0540493011474608
2025-02-11,2025-02-12,21.0,9.050333,11.949666976928711
2025-02-11,2025-02-13,21.199999999999996,8.129689,13.070310783386226
2025-02-11,2025-02-14,22.799999999999997,7.9034476,14.896552371978757
2025-02-11,2025-02-15,25.9,6.287676,19.612324142456053
2025-02-11,2025-02-16,21.800000000000004,8.365097,13.434902954101567
2025-02-11,2025-02-17,20.500000000000004,7.710491,12.789508819580082
2025-02-11,2025-02-18,30.899999999999995,6.4439077,24.45609226226806
2025-02-11,2025-02-19,31.999999999999996,5.7326655,26.267334461212155
2025-02-11,2025-02-20,6.7,9.136456,-2.4364555358886717
2025-02-11,2025-02-21,8.7,8.100907,0.5990926742553704
2025-02-11,2025-02-22,7.4,9.515038,-2.1150375366210934
2025-02-11,2025-02-23,4.8,8.612069,-3.812069129943848
2025-02-11,2025-02-24,4.7,6.5486803,-1.8486803054809569
2025-02-11,2025-02-25,6.0,7.3149323,-1.3149323463439941
2025-02-11,2025-02-26,5.9,7.572691,-1.6726909637451168
2025-02-11,2025-02-27,5.2,7.4772677,-2.2772677421569822
2025-02-11,2025-02-28,11.5,8.966241,2.533759117126465
2025-02-11,2025-03-01,11.0,8.654599,2.345400810241699
2025-02-11,2025-03-02,21.0,6.89891,14.10108995437622
2025-02-11,2025-03-03,26.5,7.034702,19.465298175811768
2025-02-11,2025-03-04,27.799999999999997,6.7310333,21.068966674804685
2025-02-11,2025-03-05,39.9,6.922344,32.97765579223633
2025-02-11,2025-03-06,23.599999999999998,7.7354755,15.864524459838865
2025-02-11,2025-03-07,12.0,7.9773545,4.022645473480225
2025-02-11,2025-03-08,21.1,8.976486,12.123513793945314
2025-02-11,2025-03-09,34.7,8.388394,26.311605644226077
2025-02-11,2025-03-10,59.800000000000004,8.677916,51.12208442687989
2025-02-11,2025-03-11,7.7,9.115779,-1.4157789230346678
2025-02-11,2025-03-12,6.2,8.699266,-2.49926643371582
2025-02-11,2025-03-13,5.299999999999999,9.463328,-4.1633283615112315
2025-02-12,2025-02-13,21.199999999999996,9.310625,11.88937492370605
2025-02-12,2025-02-14,22.799999999999997,8.152275,14.647724914550778
2025-02-12,2025-02-15,25.9,7.8843966,18.015603446960448
2025-02-12,2025-02-16,21.800000000000004,6.0967016,15.703298377990727
2025-02-12,2025-02-17,20.500000000000004,8.376445,12.123555183410648
2025-02-12,2025-02-18,30.899999999999995,7.6868825,23.213117504119868
2025-02-12,2025-02-19,31.999999999999996,6.229222,25.770778179168698
2025-02-12,2025-02-20,6.7,5.5342197,1.1657802581787111
2025-02-12,2025-02-21,8.7,9.197761,-0.49776058197021555
2025-02-12,2025-02-22,7.4,7.916954,-0.5169540405273434
2025-02-12,2025-02-23,4.8,9.537262,-4.737261962890625
2025-02-12,2025-02-24,4.7,8.650733,-3.9507329940795897
2025-02-12,2025-02-25,6.0,6.769934,-0.7699341773986816
2025-02-12,2025-02-26,5.9,7.340886,-1.4408861160278317
2025-02-12,2025-02-27,5.2,7.2529306,-2.0529306411743162
2025-02-12,2025-02-28,11.5,7.6169987,3.8830013275146484
2025-02-12,2025-03-01,11.0,9.119208,1.8807916641235352
2025-02-12,2025-03-02,21.0,8.754393,12.245607376098633
2025-02-12,2025-03-03,26.5,6.8160653,19.683934688568115
2025-02-12,2025-03-04,27.799999999999997,6.8967595,20.903240489959714
2025-02-12,2025-03-05,39.9,6.6656485,33.234351539611815
2025-02-12,2025-03-06,23.599999999999998,7.1931105,16.40688953399658
2025-02-12,2025-03-07,12.0,7.9371734,4.062826633453369
2025-02-12,2025-03-08,21.1,8.030511,13.069489097595216
2025-02-12,2025-03-09,34.7,9.065835,25.63416500091553
2025-02-12,2025-03-10,59.800000000000004,8.43843,51.36157016754151
2025-02-12,2025-03-11,7.7,8.581859,-0.8818586349487303
2025-02-12,2025-03-12,6.2,9.201527,-3.001526641845703
2025-02-12,2025-03-13,5.299999999999999,8.700623,-3.400622558593751
2025-02-12,2025-03-14,7.9,9.692369,-1.79236946105957
2025-02-13,2025-02-14,22.799999999999997,9.482298,13.31770210266113
2025-02-13,2025-02-15,25.9,8.192948,17.70705165863037
2025-02-13,2025-02-16,21.800000000000004,7.8248982,13.975101757049565
2025-02-13,2025-02-17,20.500000000000004,6.0017815,14.498218536376957
2025-02-13,2025-02-18,30.899999999999995,8.373214,22.526786231994624
2025-02-13,2025-02-19,31.999999999999996,7.669023,24.33097696304321
2025-02-13,2025-02-20,6.7,6.1602235,0.5397765159606935
2025-02-13,2025-02-21,8.7,5.427633,3.2723671913146966
2025-02-13,2025-02-22,7.4,9.220799,-1.8207994461059567
2025-02-13,2025-02-23,4.8,7.751466,-2.9514657974243166
2025-02-13,2025-02-24,4.7,9.525297,-4.825297164916992
2025-02-13,2025-02-25,6.0,8.583443,-2.5834426879882812
2025-02-13,2025-02-26,5.9,6.8428965,-0.942896461486816
2025-02-13,2025-02-27,5.2,7.307375,-2.1073749542236326
2025-02-13,2025-02-28,11.5,7.084697,4.4153032302856445
2025-02-13,2025-03-01,11.0,7.7787223,3.2212777137756348
2025-02-13,2025-03-02,21.0,9.1542425,11.845757484436035
2025-02-13,2025-03-03,26.5,8.77878,17.721220016479492
2025-02-13,2025-03-04,27.799999999999997,6.7224503,21.07754974365234
2025-02-13,2025-03-05,39.9,6.7790713,33.12092866897583
2025-02-13,2025-03-06,23.599999999999998,6.572571,17.027429199218748
2025-02-13,2025-03-07,12.0,7.3290257,4.670974254608154
2025-02-13,2025-03-08,21.1,8.0514145,13.048585510253908
2025-02-13,2025-03-09,34.7,8.05693,26.64307041168213
2025-02-13,2025-03-10,59.800000000000004,9.105178,50.69482212066651
2025-02-13,2025-03-11,7.7,8.447527,-0.7475269317626951
2025-02-13,2025-03-12,6.2,8.555999,-2.3559988021850584
2025-02-13,2025-03-13,5.299999999999999,9.220834,-3.9208337783813487
2025-02-13,2025-03-14,7.9,8.724519,-0.824518775939941
2025-02-13,2025-03-15,6.0,9.828804,-3.8288040161132812
2025-02-14,2025-02-15,25.9,9.563827,16.336173439025877
2025-02-14,2025-02-16,21.800000000000004,8.246111,13.553889083862309
2025-02-14,2025-02-17,20.500000000000004,7.707803,12.792197227478031
2025-02-14,2025-02-18,30.899999999999995,6.054364,24.845635795593257
2025-02-14,2025-02-19,31.999999999999996,8.264698,23.735301971435543
2025-02-14,2025-02-20,6.7,7.5991316,-0.8991315841674803
2025-02-14,2025-02-21,8.7,6.2467823,2.453217697143554
2025-02-14,2025-02-22,7.4,5.383506,2.016494178771973
2025-02-14,2025-02-23,4.8,9.173149,-4.373149108886719
2025-02-14,2025-02-24,4.7,7.6174083,-2.917408275604248
2025-02-14,2025-02-25,6.0,9.5289955,-3.5289955139160156
2025-02-14,2025-02-26,5.9,8.449739,-2.5497394561767575
2025-02-14,2025-02-27,5.2,6.7811527,-1.5811527252197264
2025-02-14,2025-02-28,11.5,7.215051,4.284948825836182
2025-02-14,2025-03-01,11.0,7.021406,3.9785938262939453
2025-02-14,2025-03-02,21.0,7.8866844,13.11331558227539
2025-02-14,2025-03-03,26.5,9.100402,17.399598121643066
2025-02-14,2025-03-04,27.799999999999997,8.782656,19.017344284057614
2025-02-14,2025-03-05,39.9,6.584159,33.315841102600096
2025-02-14,2025-03-06,23.599999999999998,6.647901,16.952098941802976
2025-02-14,2025-03-07,12.0,6.455715,5.544284820556641
2025-02-14,2025-03-08,21.1,7.276413,13.823587036132814
2025-02-14,2025-03-09,34.7,8.0162945,26.683705520629886
2025-02-14,2025-03-10,59.800000000000004,8.11637,51.683629798889164
2025-02-14,2025-03-11,7.7,9.08498,-1.384980010986328
2025-02-14,2025-03-12,6.2,8.439882,-2.2398822784423826
2025-02-14,2025-03-13,5.299999999999999,8.53414,-3.234139633178712
2025-02-14,2025-03-14,7.9,9.203088,-1.3030878067016598
2025-02-14,2025-03-15,6.0,8.788349,-2.788349151611328
2025-02-14,2025-03-16,4.6,9.852188,-5.252188110351563
2025-02-15,2025-02-16,21.800000000000004,9.486259,12.313740539550786
2025-02-15,2025-02-17,20.500000000000004,8.329881,12.1701192855835
2025-02-15,2025-02-18,30.899999999999995,7.4612327,23.438767337799067
2025-02-15,2025-02-19,31.999999999999996,6.2593565,25.740643501281735
2025-02-15,2025-02-20,6.7,8.033817,-1.3338172912597654
2025-02-15,2025-02-21,8.7,7.473094,1.2269060134887688
2025-02-15,2025-02-22,7.4,6.210033,1.1899670600891117
2025-02-15,2025-02-23,4.8,5.3547773,-0.5547773361206056
2025-02-15,2025-02-24,4.7,9.075682,-4.375681686401367
2025-02-15,2025-02-25,6.0,7.623055,-1.6230549812316895
2025-02-15,2025-02-26,5.9,9.4625845,-3.5625844955444332
2025-02-15,2025-02-27,5.2,8.5586605,-3.3586605072021483
2025-02-15,2025-02-28,11.5,6.6951637,4.804836273193359
2025-02-15,2025-03-01,11.0,7.1872683,3.8127317428588867
2025-02-15,2025-03-02,21.0,7.037367,13.96263313293457
2025-02-15,2025-03-03,26.5,7.997315,18.502685070037842
2025-02-15,2025-03-04,27.799999999999997,8.912339,18.887660789489743
2025-02-15,2025-03-05,39.9,8.779181,31.1208194732666
2025-02-15,2025-03-06,23.599999999999998,6.483911,17.11608896255493
2025-02-15,2025-03-07,12.0,6.4541426,5.5458574295043945
2025-02-15,2025-03-08,21.1,6.4088545,14.691145515441896
2025-02-15,2025-03-09,34.7,7.0468535,27.653146457672122
2025-02-15,2025-03-10,59.800000000000004,7.7931085,52.00689153671265
2025-02-15,2025-03-11,7.7,8.310264,-0.6102636337280272
2025-02-15,2025-03-12,6.2,9.037585,-2.8375852584838865
2025-02-15,2025-03-13,5.299999999999999,8.582291,-3.2822906494140636
2025-02-15,2025-03-14,7.9,8.383176,-0.4831758499145504
2025-02-15,2025-03-15,6.0,9.203678,-3.2036781311035156
2025-02-15,2025-03-16,4.6,8.814045,-4.2140449523925785
2025-02-15,2025-03-17,8.5,9.932629,-1.4326286315917969
2025-02-16,2025-02-17,20.500000000000004,9.412208,11.087792396545414
2025-02-16,2025-02-18,30.899999999999995,8.3302765,22.569723510742183
2025-02-16,2025-02-19,31.999999999999996,7.2656665,24.734333515167233
2025-02-16,2025-02-20,6.7,6.494561,0.20543880462646502
2025-02-16,2025-02-21,8.7,7.8161845,0.8838154792785637
2025-02-16,2025-02-22,7.4,7.337616,0.062384033203125355
2025-02-16,2025-02-23,4.8,6.2282844,-1.4282843589782717
2025-02-16,2025-02-24,4.7,5.3306684,-0.6306684494018553
2025-02-16,2025-02-25,6.0,8.965978,-2.965977668762207
2025-02-16,2025-02-26,5.9,7.672734,-1.7727337837219235
2025-02-16,2025-02-27,5.2,9.472339,-4.2723386764526365
2025-02-16,2025-02-28,11.5,8.638749,2.861250877380371
2025-02-16,2025-03-01,11.0,6.6840415,4.315958499908447
2025-02-16,2025-03-02,21.0,7.1622076,13.83779239654541
2025-02-16,2025-03-03,26.5,7.075939,19.424060821533203
2025-02-16,2025-03-04,27.799999999999997,8.050689,19.74931125640869
2025-02-16,2025-03-05,39.9,8.778255,31.121744537353514
2025-02-16,2025-03-06,23.599999999999998,8.868609,14.731390571594236
2025-02-16,2025-03-07,12.0,6.4132266,5.58677339553833
2025-02-16,2025-03-08,21.1,6.2630653,14.836934661865236
2025-02-16,2025-03-09,34.7,6.3221884,28.37781162261963
2025-02-16,2025-03-10,59.800000000000004,6.797624,53.00237588882447
2025-02-16,2025-03-11,7.7,7.561304,0.13869590759277362
2025-02-16,2025-03-12,6.2,8.523792,-2.323792266845703
2025-02-16,2025-03-13,5.299999999999999,8.928398,-3.62839813232422
2025-02-16,2025-03-14,7.9,8.750995,-0.8509946823120114
2025-02-16,2025-03-15,6.0,8.246081,-2.2460813522338867
2025-02-16,2025-03-16,4.6,9.221527,-4.621527099609375
2025-02-16,2025-03-17,8.5,8.876851,-0.37685108184814453
2025-02-16,2025-03-18,15.1,10.001165,5.098834609985351
2025-02-17,2025-02-18,30.899999999999995,9.3946085,21.505391502380366
2025-02-17,2025-02-19,31.999999999999996,8.320946,23.679054260253903
2025-02-17,2025-02-20,6.7,7.3683476,-0.668347644805908
2025-02-17,2025-02-21,8.7,6.6286397,2.071360301971435
2025-02-17,2025-02-22,7.4,7.6901817,-0.290181732177734
2025-02-17,2025-02-23,4.8,7.3826146,-2.582614612579346
2025-02-17,2025-02-24,4.7,6.329721,-1.6297209739685057
2025-02-17,2025-02-25,6.0,5.3213787,0.6786212921142578
2025-02-17,2025-02-26,5.9,9.041449,-3.141448593139648
2025-02-17,2025-02-27,5.2,7.699704,-2.4997041702270506
2025-02-17,2025-02-28,11.5,9.660885,1.8391151428222656
2025-02-17,2025-03-01,11.0,8.568704,2.4312963485717773
2025-02-17,2025-03-02,21.0,6.7163243,14.28367567062378
2025-02-17,2025-03-03,26.5,7.2582536,19.241746425628662
2025-02-17,2025-03-04,27.799999999999997,7.031082,20.768917846679685
2025-02-17,2025-03-05,39.9,7.833478,32.06652202606201
2025-02-17,2025-03-06,23.599999999999998,8.681331,14.91866931915283
2025-02-17,2025-03-07,12.0,8.919625,3.0803747177124023
2025-02-17,2025-03-08,21.1,6.282291,14.817709064483644
2025-02-17,2025-03-09,34.7,6.1862335,28.51376647949219
2025-02-17,2025-03-10,59.800000000000004,6.1975737,53.602426338195805
2025-02-17,2025-03-11,7.7,6.6526856,1.0473143577575685
2025-02-17,2025-03-12,6.2,7.5463066,-1.3463066101074217
2025-02-17,2025-03-13,5.299999999999999,8.386972,-3.086972427368165
2025-02-17,2025-03-14,7.9,8.979565,-1.0795646667480465
2025-02-17,2025-03-15,6.0,8.656076,-2.656076431274414
2025-02-17,2025-03-16,4.6,8.227593,-3.6275934219360355
2025-02-17,2025-03-17,8.5,9.16677,-0.6667699813842773
2025-02-17,2025-03-18,15.1,8.855225,6.244775390625
2025-02-17,2025-03-19,22.899999999999995,9.891679,13.008321189880366
2025-02-18,2025-02-19,31.999999999999996,9.484384,22.51561641693115
2025-02-18,2025-02-20,6.7,8.370123,-1.6701229095458983
2025-02-18,2025-02-21,8.7,7.4365463,1.2634536743164055
2025-02-18,2025-02-22,7.4,6.571086,0.8289140701293949
2025-02-18,2025-02-23,4.8,7.723403,-2.9234029769897463
2025-02-18,2025-02-24,4.7,7.3549924,-2.654992389678955
2025-02-18,2025-02-25,6.0,6.297068,-0.29706811904907227
2025-02-18,2025-02-26,5.9,5.2921996,0.607800388336182
2025-02-18,2025-02-27,5.2,9.185932,-3.985932159423828
2025-02-18,2025-02-28,11.5,7.633723,3.8662772178649902
2025-02-18,2025-03-01,11.0,9.814025,1.1859750747680664
2025-02-18,2025-03-02,21.0,8.548626,12.451374053955078
2025-02-18,2025-03-03,26.5,6.815062,19.684937953948975
2025-02-18,2025-03-04,27.799999999999997,7.34749,20.45251016616821
2025-02-18,2025-03-05,39.9,6.842005,33.05799522399902
2025-02-18,2025-03-06,23.599999999999998,7.620341,15.9796591758728
2025-02-18,2025-03-07,12.0,8.672939,3.3270606994628906
2025-02-18,2025-03-08,21.1,9.023404,12.076595878601076
2025-02-18,2025-03-09,34.7,6.188528,28.511471939086917
2025-02-18,2025-03-10,59.800000000000004,6.2193923,53.580607700347905
2025-02-18,2025-03-11,7.7,6.053621,1.6463791847229006
2025-02-18,2025-03-12,6.2,6.690506,-0.4905059814453123
2025-02-18,2025-03-13,5.299999999999999,7.6552143,-2.355214309692384
2025-02-18,2025-03-14,7.9,8.232347,-0.33234653472900355
2025-02-18,2025-03-15,6.0,9.100761,-3.1007614135742188
2025-02-18,2025-03-16,4.6,8.494908,-3.8949083328247074
2025-02-18,2025-03-17,8.5,8.155953,0.34404659271240234
2025-02-18,2025-03-18,15.1,9.162191,5.937808609008789
2025-02-18,2025-03-19,22.899999999999995,8.824892,14.075107955932612
2025-02-18,2025-03-20,18.5,9.867609,8.632390975952148
2025-02-19,2025-02-20,6.7,9.54488,-2.844879913330078
2025-02-19,2025-02-21,8.7,8.497302,0.20269794464111257
2025-02-19,2025-02-22,7.4,7.477106,-0.07710609436035121
2025-02-19,2025-02-23,4.8,6.311593,-1.5115930557250978
2025-02-19,2025-02-24,4.7,7.8587313,-3.1587312698364256
2025-02-19,2025-02-25,6.0,7.3836584,-1.3836584091186523
2025-02-19,2025-02-26,5.9,6.1853123,-0.2853122711181637
2025-02-19,2025-02-27,5.2,5.344595,-0.14459495544433576
2025-02-19,2025-02-28,11.5,9.368002,2.131998062133789
2025-02-19,2025-03-01,11.0,7.539622,3.4603781700134277
2025-02-19,2025-03-02,21.0,9.856234,11.143766403198242
2025-02-19,2025-03-03,26.5,8.447587,18.05241298675537
2025-02-19,2025-03-04,27.799999999999997,6.8735747,20.926425266265866
2025-02-19,2025-03-05,39.9,7.341098,32.558902168273924
2025-02-19,2025-03-06,23.599999999999998,6.641684,16.95831594467163
2025-02-19,2025-03-07,12.0,7.504724,4.495275974273682
2025-02-19,2025-03-08,21.1,8.626165,12.473834609985353
2025-02-19,2025-03-09,34.7,9.144103,25.55589694976807
2025-02-19,2025-03-10,59.800000000000004,6.0932274,53.706772613525395
2025-02-19,2025-03-11,7.7,6.277901,1.4220988273620607
2025-02-19,2025-03-12,6.2,5.940316,0.2596837997436525
2025-02-19,2025-03-13,5.299999999999999,6.8383517,-1.5383517265319835
2025-02-19,2025-03-14,7.9,7.7959585,0.10404148101806676
2025-02-19,2025-03-15,6.0,7.9656196,-1.9656195640563965
2025-02-19,2025-03-16,4.6,9.300351,-4.700351142883301
2025-02-19,2025-03-17,8.5,8.360552,0.1394481658935547
2025-02-19,2025-03-18,15.1,8.133576,6.966423606872558
2025-02-19,2025-03-19,22.899999999999995,9.166586,13.733414077758784
2025-02-19,2025-03-20,18.5,8.669772,9.830227851867676
2025-02-19,2025-03-21,25.1,9.874225,15.22577533721924
2025-02-20,2025-02-21,8.7,9.612313,-0.9123132705688484
2025-02-20,2025-02-22,7.4,8.603259,-1.2032590866088864
2025-02-20,2025-02-23,4.8,7.6098676,-2.809867572784424
2025-02-20,2025-02-24,4.7,6.0686502,-1.3686502456665037
2025-02-20,2025-02-25,6.0,8.030541,-2.03054141998291
2025-02-20,2025-02-26,5.9,7.658499,-1.7584987640380856
2025-02-20,2025-02-27,5.2,6.1632257,-0.9632256507873533
2025-02-20,2025-02-28,11.5,5.360624,6.139376163482666
2025-02-20,2025-03-01,11.0,9.466882,1.5331182479858398
2025-02-20,2025-03-02,21.0,7.533201,13.466798782348633
2025-02-20,2025-03-03,26.5,9.808061,16.69193935394287
2025-02-20,2025-03-04,27.799999999999997,8.104867,19.69513301849365
2025-02-20,2025-03-05,39.9,6.9134283,32.98657169342041
2025-02-20,2025-03-06,23.599999999999998,7.2565637,16.343436336517332
2025-02-20,2025-03-07,12.0,6.593617,5.406383037567139
2025-02-20,2025-03-08,21.1,7.6083655,13.491634464263917
2025-02-20,2025-03-09,34.7,8.600211,26.09978885650635
2025-02-20,2025-03-10,59.800000000000004,9.201096,50.59890441894532
2025-02-20,2025-03-11,7.7,5.9482694,1.7517306327819826
2025-02-20,2025-03-12,6.2,6.2849355,-0.08493547439575178
2025-02-20,2025-03-13,5.299999999999999,5.8536983,-0.5536982536315929
2025-02-20,2025-03-14,7.9,7.0034785,0.8965214729309086
2025-02-20,2025-03-15,6.0,7.9806347,-1.9806346893310547
2025-02-20,2025-03-16,4.6,7.678584,-3.0785840988159183
2025-02-20,2025-03-17,8.5,9.467455,-0.9674549102783203
2025-02-20,2025-03-18,15.1,8.268932,6.831067657470703
2025-02-20,2025-03-19,22.899999999999995,8.252851,14.647149467468257
2025-02-20,2025-03-20,18.5,9.184999,9.315000534057617
2025-02-20,2025-03-21,25.1,8.561061,16.53893909454346
2025-02-20,2025-03-22,10.900000000000002,9.789016,1.110984230041506
2025-02-21,2025-02-22,7.4,9.611267,-2.2112670898437496
2025-02-21,2025-02-23,4.8,8.711622,-3.91162223815918
2025-02-21,2025-02-24,4.7,7.673264,-2.9732640266418455
2025-02-21,2025-02-25,6.0,5.98261,0.017389774322509766
2025-02-21,2025-02-26,5.9,8.089298,-2.1892982482910153
2025-02-21,2025-02-27,5.2,7.824116,-2.624116230010986
2025-02-21,2025-02-28,11.5,6.375094,5.124906063079834
2025-02-21,2025-03-01,11.0,5.3880267,5.611973285675049
2025-02-21,2025-03-02,21.0,9.522765,11.477234840393066
2025-02-21,2025-03-03,26.5,7.5448976,18.95510244369507
2025-02-21,2025-03-04,27.799999999999997,9.841387,17.958613204956052
2025-02-21,2025-03-05,39.9,7.750059,32.14994087219238
2025-02-21,2025-03-06,23.599999999999998,6.8079133,16.792086696624754
2025-02-21,2025-03-07,12.0,7.0422115,4.957788467407227
2025-02-21,2025-03-08,21.1,6.7031026,14.396897411346437
2025-02-21,2025-03-09,34.7,7.674887,27.025112819671634
2025-02-21,2025-03-10,59.800000000000004,8.441713,51.35828666687012
2025-02-21,2025-03-11,7.7,9.109722,-1.4097221374511717
2025-02-21,2025-03-12,6.2,5.912031,0.2879688262939455
2025-02-21,2025-03-13,5.299999999999999,6.468868,-1.1688677787780772
2025-02-21,2025-03-14,7.9,5.776095,2.1239050865173343
2025-02-21,2025-03-15,6.0,6.9156137,-0.9156136512756348
2025-02-21,2025-03-16,4.6,8.003505,-3.4035047531127933
2025-02-21,2025-03-17,8.5,7.425917,1.074082851409912
2025-02-21,2025-03-18,15.1,9.634407,5.465592956542968
2025-02-21,2025-03-19,22.899999999999995,8.156886,14.743113899230952
2025-02-21,2025-03-20,18.5,8.499214,10.000785827636719
2025-02-21,2025-03-21,25.1,9.118794,15.981205558776857
2025-02-21,2025-03-22,10.900000000000002,8.546702,2.3532976150512717
2025-02-21,2025-03-23,29.199999999999996,9.5860195,19.613980484008785
2025-02-22,2025-02-23,4.8,9.400504,-4.6005041122436525
2025-02-22,2025-02-24,4.7,8.741846,-4.041846084594726
2025-02-22,2025-02-25,6.0,7.588567,-1.588566780090332
2025-02-22,2025-02-26,5.9,6.129691,-0.229691123962402
2025-02-22,2025-02-27,5.2,8.113208,-2.9132078170776365
2025-02-22,2025-02-28,11.5,7.9057617,3.59423828125
2025-02-22,2025-03-01,11.0,6.547543,4.452456951141357
2025-02-22,2025-03-02,21.0,5.489378,15.510622024536133
2025-02-22,2025-03-03,26.5,9.432203,17.06779670715332
2025-02-22,2025-03-04,27.799999999999997,7.7748613,20.025138664245603
2025-02-22,2025-03-05,39.9,9.713403,30.18659725189209
2025-02-22,2025-03-06,23.599999999999998,7.709194,15.890805816650388
2025-02-22,2025-03-07,12.0,6.6604085,5.3395915031433105
2025-02-22,2025-03-08,21.1,6.995241,14.104758834838869
2025-02-22,2025-03-09,34.7,6.959725,27.740275096893313
2025-02-22,2025-03-10,59.800000000000004,7.7311788,52.06882123947144
2025-02-22,2025-03-11,7.7,8.221309,-0.5213087081909178
2025-02-22,2025-03-12,6.2,9.019132,-2.8191316604614256
2025-02-22,2025-03-13,5.299999999999999,5.9493713,-0.6493713378906261
2025-02-22,2025-03-14,7.9,6.58411,1.315890216827393
2025-02-22,2025-03-15,6.0,5.7871504,0.21284961700439453
2025-02-22,2025-03-16,4.6,6.7913804,-2.1913804054260257
2025-02-22,2025-03-17,8.5,7.8879576,0.6120424270629883
2025-02-22,2025-03-18,15.1,7.487905,7.612094974517822
2025-02-22,2025-03-19,22.899999999999995,9.555136,13.344864273071284
2025-02-22,2025-03-20,18.5,8.142123,10.357876777648926
2025-02-22,2025-03-21,25.1,8.546662,16.55333766937256
2025-02-22,2025-03-22,10.900000000000002,9.038911,1.8610891342163107
2025-02-22,2025-03-23,29.199999999999996,8.516384,20.683615875244136
2025-02-22,2025-03-24,32.8,9.445658,23.354342269897458
2025-02-23,2025-02-24,4.7,9.243377,-4.543376731872558
2025-02-23,2025-02-25,6.0,8.655436,-2.655435562133789
2025-02-23,2025-02-26,5.9,7.5364394,-1.6364394187927243
2025-02-23,2025-02-27,5.2,6.3976293,-1.1976292610168455
2025-02-23,2025-02-28,11.5,8.0986395,3.401360511779785
2025-02-23,2025-03-01,11.0,7.9229336,3.077066421508789
2025-02-23,2025-03-02,21.0,6.7577415,14.242258548736572
2025-02-23,2025-03-03,26.5,5.6075654,20.89243459701538
2025-02-23,2025-03-04,27.799999999999997,9.256922,18.54307823181152
2025-02-23,2025-03-05,39.9,7.9864545,31.913545513153075
2025-02-23,2025-03-06,23.599999999999998,9.625062,13.974938011169431
2025-02-23,2025-03-07,12.0,7.7050576,4.294942378997803
2025-02-23,2025-03-08,21.1,6.574348,14.525652027130128
2025-02-23,2025-03-09,34.7,6.945727,27.754273128509524
2025-02-23,2025-03-10,59.800000000000004,7.2407846,52.55921535491944
2025-02-23,2025-03-11,7.7,7.8619003,-0.16190032958984357
2025-02-23,2025-03-12,6.2,8.109764,-1.9097640991210936
2025-02-23,2025-03-13,5.299999999999999,8.970804,-3.67080421447754
2025-02-23,2025-03-14,7.9,6.024961,1.8750390052795414
2025-02-23,2025-03-15,6.0,6.655081,-0.6550807952880859
2025-02-23,2025-03-16,4.6,5.793149,-1.1931489944458011
2025-02-23,2025-03-17,8.5,6.6479006,1.8520994186401367
2025-02-23,2025-03-18,15.1,7.7069354,7.3930645942687985
2025-02-23,2025-03-19,22.899999999999995,7.669709,15.230290794372554
2025-02-23,2025-03-20,18.5,9.318321,9.181678771972656
2025-02-23,2025-03-21,25.1,8.2031145,16.896885490417482
2025-02-23,2025-03-22,10.900000000000002,8.585425,2.3145746231079123
2025-02-23,2025-03-23,29.199999999999996,8.9279175,20.272082519531246
2025-02-23,2025-03-24,32.8,8.528309,24.271691131591794
2025-02-23,2025-03-25,25.299999999999997,9.317487,15.982513236999509
2025-02-24,2025-02-25,6.0,8.996236,-2.9962358474731445
2025-02-24,2025-02-26,5.9,8.60651,-2.7065101623535153
2025-02-24,2025-02-27,5.2,7.7430353,-2.543035316467285
2025-02-24,2025-02-28,11.5,6.4836965,5.016303539276123
2025-02-24,2025-03-01,11.0,8.08971,2.910289764404297
2025-02-24,2025-03-02,21.0,8.052407,12.947592735290527
2025-02-24,2025-03-03,26.5,7.0615344,19.43846559524536
2025-02-24,2025-03-04,27.799999999999997,5.718038,22.081961917877194
2025-02-24,2025-03-05,39.9,9.248958,30.65104236602783
2025-02-24,2025-03-06,23.599999999999998,8.307864,15.292135810852049
2025-02-24,2025-03-07,12.0,9.608795,2.391204833984375
2025-02-24,2025-03-08,21.1,7.501585,13.598414993286134
2025-02-24,2025-03-09,34.7,6.603623,28.096377086639407
2025-02-24,2025-03-10,59.800000000000004,7.0309386,52.76906137466431
2025-02-24,2025-03-11,7.7,7.4099593,0.29004068374633807
2025-02-24,2025-03-12,6.2,7.6224594,-1.4224594116210936
2025-02-24,2025-03-13,5.299999999999999,7.8980727,-2.5980727195739757
2025-02-24,2025-03-14,7.9,8.964262,-1.0642620086669918
2025-02-24,2025-03-15,6.0,6.0544844,-0.05448436737060547
2025-02-24,2025-03-16,4.6,6.7598357,-2.159835720062256
2025-02-24,2025-03-17,8.5,5.820229,2.6797709465026855
2025-02-24,2025-03-18,15.1,6.55495,8.54504976272583
2025-02-24,2025-03-19,22.899999999999995,7.748823,15.15117683410644
2025-02-24,2025-03-20,18.5,7.5945997,10.905400276184082
2025-02-24,2025-03-21,25.1,9.197124,15.902876472473146
2025-02-24,2025-03-22,10.900000000000002,8.065705,2.8342947006225607
2025-02-24,2025-03-23,29.199999999999996,8.731968,20.468032073974605
2025-02-24,2025-03-24,32.8,8.93224,23.867760467529294
2025-02-24,2025-03-25,25.299999999999997,8.466203,16.83379726409912
2025-02-24,2025-03-26,14.2,9.044561,5.155438613891601
2025-02-25,2025-02-26,5.9,8.993096,-3.093096351623535
2025-02-25,2025-02-27,5.2,8.533374,-3.3333738327026365
2025-02-25,2025-02-28,11.5,7.944664,3.5553359985351562
2025-02-25,2025-03-01,11.0,6.462341,4.537659168243408
2025-02-25,2025-03-02,21.0,8.276477,12.723523139953613
2025-02-25,2025-03-03,26.5,8.091649,18.408350944519043
2025-02-25,2025-03-04,27.799999999999997,7.2308774,20.569122600555417
2025-02-25,2025-03-05,39.9,5.848984,34.05101623535156
2025-02-25,2025-03-06,23.599999999999998,9.360903,14.239097213745115
2025-02-25,2025-03-07,12.0,8.445254,3.554745674133301
2025-02-25,2025-03-08,21.1,9.716157,11.38384304046631
2025-02-25,2025-03-09,34.7,7.446917,27.25308294296265
2025-02-25,2025-03-10,59.800000000000004,6.726301,53.0736988067627
2025-02-25,2025-03-11,7.7,7.221857,0.4781429290771486
2025-02-25,2025-03-12,6.2,7.439996,-1.239995765686035
2025-02-25,2025-03-13,5.299999999999999,7.397861,-2.0978610038757335
2025-02-25,2025-03-14,7.9,7.866371,0.033628845214844105
2025-02-25,2025-03-15,6.0,8.960724,-2.960723876953125
2025-02-25,2025-03-16,4.6,6.11834,-1.5183400154113773
2025-02-25,2025-03-17,8.5,6.9511375,1.5488624572753906
2025-02-25,2025-03-18,15.1,5.746856,9.353143787384033
2025-02-25,2025-03-19,22.899999999999995,6.7206297,16.17937030792236
2025-02-25,2025-03-20,18.5,7.9200063,10.579993724822998
2025-02-25,2025-03-21,25.1,7.4544444,17.645555591583253
2025-02-25,2025-03-22,10.900000000000002,9.155665,1.7443346023559592
2025-02-25,2025-03-23,29.199999999999996,7.872471,21.327529144287105
2025-02-25,2025-03-24,32.8,8.800789,23.999211120605466
2025-02-25,2025-03-25,25.299999999999997,8.839109,16.46089057922363
2025-02-25,2025-03-26,14.2,8.412168,5.7878324508666985
2025-02-25,2025-03-27,13.6,8.879046,4.720953559875488
2025-02-26,2025-02-27,5.2,9.014768,-3.8147676467895506
2025-02-26,2025-02-28,11.5,8.543275,2.9567251205444336
2025-02-26,2025-03-01,11.0,8.112928,2.8870716094970703
2025-02-26,2025-03-02,21.0,6.324251,14.675748825073242
2025-02-26,2025-03-03,26.5,8.557207,17.942792892456055
2025-02-26,2025-03-04,27.799999999999997,8.156562,19.643438148498532
2025-02-26,2025-03-05,39.9,7.2938643,32.60613574981689
2025-02-26,2025-03-06,23.599999999999998,6.0043993,17.595600700378416
2025-02-26,2025-03-07,12.0,9.480636,2.519364356994629
2025-02-26,2025-03-08,21.1,8.50235,12.597650146484376
2025-02-26,2025-03-09,34.7,9.745472,24.9545280456543
2025-02-26,2025-03-10,59.800000000000004,7.333068,52.46693210601807
2025-02-26,2025-03-11,7.7,6.79808,0.9019200325012209
2025-02-26,2025-03-12,6.2,7.4017167,-1.2017167091369627
2025-02-26,2025-03-13,5.299999999999999,7.4565115,-2.1565114974975597
2025-02-26,2025-03-14,7.9,7.2341685,0.6658314704895023
2025-02-26,2025-03-15,6.0,7.8553667,-1.8553667068481445
2025-02-26,2025-03-16,4.6,8.96125,-4.361250305175782
2025-02-26,2025-03-17,8.5,6.124849,2.3751511573791504
2025-02-26,2025-03-18,15.1,7.0763345,8.023665523529052
2025-02-26,2025-03-19,22.899999999999995,5.6981564,17.20184364318847
2025-02-26,2025-03-20,18.5,6.98794,11.512060165405273
2025-02-26,2025-03-21,25.1,8.136351,16.963649368286134
2025-02-26,2025-03-22,10.900000000000002,7.1984916,3.701508426666262
2025-02-26,2025-03-23,29.199999999999996,9.200268,19.99973220825195
2025-02-26,2025-03-24,32.8,7.6182046,25.18179540634155
2025-02-26,2025-03-25,25.299999999999997,8.84694,16.45305995941162
2025-02-26,2025-03-26,14.2,8.715145,5.484854888916015
2025-02-26,2025-03-27,13.6,8.283986,5.31601390838623
2025-02-26,2025-03-28,4.6,8.759847,-4.159846687316895
2025-02-27,2025-02-28,11.5,9.003185,2.496814727783203
2025-02-27,2025-03-01,11.0,8.502117,2.497882843017578
2025-02-27,2025-03-02,21.0,8.218023,12.781976699829102
2025-02-27,2025-03-03,26.5,6.2348757,20.265124320983887
2025-02-27,2025-03-04,27.799999999999997,8.767985,19.03201465606689
2025-02-27,2025-03-05,39.9,8.216984,31.683016204833983
2025-02-27,2025-03-06,23.599999999999998,7.3688283,16.23117170333862
2025-02-27,2025-03-07,12.0,6.339214,5.660786151885986
2025-02-27,2025-03-08,21.1,9.560575,11.539425468444826
2025-02-27,2025-03-09,34.7,8.550382,26.149618339538577
2025-02-27,2025-03-10,59.800000000000004,9.723472,50.07652835845948
2025-02-27,2025-03-11,7.7,7.1895075,0.510492515563965
2025-02-27,2025-03-12,6.2,6.7992907,-0.5992906570434569
2025-02-27,2025-03-13,5.299999999999999,7.4314632,-2.1314632415771495
2025-02-27,2025-03-14,7.9,7.5945864,0.3054136276245121
2025-02-27,2025-03-15,6.0,7.2931237,-1.293123722076416
2025-02-27,2025-03-16,4.6,7.7889276,-3.188927555084229
2025-02-27,2025-03-17,8.5,8.939224,-0.4392242431640625
2025-02-27,2025-03-18,15.1,6.1937,8.906300163269043
2025-02-27,2025-03-19,22.899999999999995,7.239448,15.660551929473872
2025-02-27,2025-03-20,18.5,5.6629896,12.837010383605957
2025-02-27,2025-03-21,25.1,7.0451093,18.054890727996828
2025-02-27,2025-03-22,10.900000000000002,8.166291,2.7337087631225607
2025-02-27,2025-03-23,29.199999999999996,7.047731,22.15226907730102
2025-02-27,2025-03-24,32.8,9.091149,23.708850669860837
2025-02-27,2025-03-25,25.299999999999997,7.5188713,17.78112869262695
2025-02-27,2025-03-26,14.2,8.984587,5.215413284301757
2025-02-27,2025-03-27,13.6,8.647713,4.952287292480468
2025-02-27,2025-03-28,4.6,8.246633,-3.64663257598877
2025-02-27,2025-03-29,5.4,8.69,-3.2899995803833004
2025-02-28,2025-03-01,11.0,8.911225,2.0887746810913086
2025-02-28,2025-03-02,21.0,8.482311,12.517688751220703
2025-02-28,2025-03-03,26.5,8.293661,18.20633888244629
2025-02-28,2025-03-04,27.799999999999997,6.280536,21.519463825225827
2025-02-28,2025-03-05,39.9,8.933649,30.966350936889647
2025-02-28,2025-03-06,23.599999999999998,8.234383,15.365617370605467
2025-02-28,2025-03-07,12.0,7.471922,4.528078079223633
2025-02-28,2025-03-08,21.1,6.7152095,14.38479051589966
2025-02-28,2025-03-09,34.7,9.574775,25.125225257873538
2025-02-28,2025-03-10,59.800000000000004,8.553962,51.24603824615479
2025-02-28,2025-03-11,7.7,9.663739,-1.963739204406738
2025-02-28,2025-03-12,6.2,7.1321144,-0.9321144104003904
2025-02-28,2025-03-13,5.299999999999999,6.5496283,-1.249628257751466
2025-02-28,2025-03-14,7.9,7.397608,0.5023921966552738
2025-02-28,2025-03-15,6.0,7.8386507,-1.8386507034301758
2025-02-28,2025-03-16,4.6,7.33368,-2.7336801528930668
2025-02-28,2025-03-17,8.5,7.724717,0.7752828598022461
2025-02-28,2025-03-18,15.1,8.828944,6.271055793762207
2025-02-28,2025-03-19,22.899999999999995,6.2410426,16.65895738601684
2025-02-28,2025-03-20,18.5,7.404427,11.09557294845581
2025-02-28,2025-03-21,25.1,5.7318525,19.368147468566896
2025-02-28,2025-03-22,10.900000000000002,6.922228,3.977772140502932
2025-02-28,2025-03-23,29.199999999999996,7.946761,21.253238868713375
2025-02-28,2025-03-24,32.8,6.845827,25.954172897338864
2025-02-28,2025-03-25,25.299999999999997,8.983384,16.316615867614743
2025-02-28,2025-03-26,14.2,7.4119673,6.788032722473144
2025-02-28,2025-03-27,13.6,9.128224,4.47177562713623
2025-02-28,2025-03-28,4.6,8.457795,-3.8577951431274418
2025-02-28,2025-03-29,5.4,8.073766,-2.6737657546997067
2025-02-28,2025-03-30,6.0,8.573202,-2.573202133178711
2025-03-01,2025-03-02,21.0,8.761797,12.238203048706055
2025-03-01,2025-03-03,26.5,8.452154,18.0478458404541
2025-03-01,2025-03-04,27.799999999999997,8.156186,19.643813896179196
2025-03-01,2025-03-05,39.9,6.3442936,33.55570640563965
2025-03-01,2025-03-06,23.599999999999998,8.880524,14.719476318359373
2025-03-01,2025-03-07,12.0,8.037548,3.962451934814453
2025-03-01,2025-03-08,21.1,7.1923127,13.907687282562257
2025-03-01,2025-03-09,34.7,6.7701945,27.929805469512942
2025-03-01,2025-03-10,59.800000000000004,9.583137,50.21686344146729
2025-03-01,2025-03-11,7.7,8.519436,-0.8194358825683592
2025-03-01,2025-03-12,6.2,9.567712,-3.36771183013916
2025-03-01,2025-03-13,5.299999999999999,7.4875402,-2.1875402450561534
2025-03-01,2025-03-14,7.9,6.372721,1.527278804779053
2025-03-01,2025-03-15,6.0,7.416554,-1.4165539741516113
2025-03-01,2025-03-16,4.6,8.007594,-3.4075941085815433
2025-03-01,2025-03-17,8.5,7.3637934,1.1362066268920898
2025-03-01,2025-03-18,15.1,7.8206983,7.279301738739013
2025-03-01,2025-03-19,22.899999999999995,8.815561,14.084438705444331
2025-03-01,2025-03-20,18.5,6.4640503,12.03594970703125
2025-03-01,2025-03-21,25.1,7.4977603,17.60223970413208
2025-03-01,2025-03-22,10.900000000000002,6.0359526,4.864047431945803
2025-03-01,2025-03-23,29.199999999999996,6.795262,22.404738140106197
2025-03-01,2025-03-24,32.8,7.6603727,25.139627265930173
2025-03-01,2025-03-25,25.299999999999997,6.8983827,18.40161733627319
2025-03-01,2025-03-26,14.2,8.910769,5.28923053741455
2025-03-01,2025-03-27,13.6,7.5453014,6.05469856262207
2025-03-01,2025-03-28,4.6,8.928959,-4.328958892822266
2025-03-01,2025-03-29,5.4,8.389068,-2.9890676498413082
2025-03-01,2025-03-30,6.0,8.100654,-2.100653648376465
2025-03-01,2025-03-31,6.3,8.714807,-2.4148065567016603
2025-03-02,2025-03-03,26.5,8.625096,17.874903678894043
2025-03-02,2025-03-04,27.799999999999997,8.338668,19.461332130432126
2025-03-02,2025-03-05,39.9,7.9427266,31.957273387908934
2025-03-02,2025-03-06,23.599999999999998,6.4837523,17.11624774932861
2025-03-02,2025-03-07,12.0,8.573341,3.4266586303710938
2025-03-02,2025-03-08,21.1,7.754397,13.34560308456421
2025-03-02,2025-03-09,34.7,6.962933,27.737066936492923
2025-03-02,2025-03-10,59.800000000000004,6.6845083,53.11549167633057
2025-03-02,2025-03-11,7.7,9.392554,-1.6925542831420897
2025-03-02,2025-03-12,6.2,8.427685,-2.2276847839355467
2025-03-02,2025-03-13,5.299999999999999,9.476921,-4.17692108154297
2025-03-02,2025-03-14,7.9,7.862871,0.03712882995605504
2025-03-02,2025-03-15,6.0,6.326059,-0.32605886459350586
2025-03-02,2025-03-16,4.6,7.2866583,-2.68665828704834
2025-03-02,2025-03-17,8.5,8.038553,0.46144676208496094
2025-03-02,2025-03-18,15.1,7.4581285,7.641871547698974
2025-03-02,2025-03-19,22.899999999999995,7.9688582,14.931141757965083
2025-03-02,2025-03-20,18.5,8.814162,9.685837745666504
2025-03-02,2025-03-21,25.1,6.6451902,18.454809761047365
2025-03-02,2025-03-22,10.900000000000002,7.5263195,3.3736804962158224
2025-03-02,2025-03-23,29.199999999999996,6.2618065,22.938193511962886
2025-03-02,2025-03-24,32.8,6.5237846,26.276215362548825
2025-03-02,2025-03-25,25.299999999999997,7.313286,17.98671417236328
2025-03-02,2025-03-26,14.2,7.194879,7.005120944976806
2025-03-02,2025-03-27,13.6,8.741809,4.858191108703613
2025-03-02,2025-03-28,4.6,7.821825,-3.2218250274658207
2025-03-02,2025-03-29,5.4,8.743419,-3.34341869354248
2025-03-02,2025-03-30,6.0,8.417629,-2.4176292419433594
2025-03-02,2025-03-31,6.3,8.233214,-1.9332143783569338
2025-03-02,2025-04-01,9.7,8.867748,0.8322517395019524
2025-03-03,2025-03-04,27.799999999999997,8.525007,19.274992752075192
2025-03-03,2025-03-05,39.9,8.290124,31.60987606048584
2025-03-03,2025-03-06,23.599999999999998,7.9823976,15.617602443695066
2025-03-03,2025-03-07,12.0,6.535701,5.464299201965332
2025-03-03,2025-03-08,21.1,8.2481985,12.851801490783693
2025-03-03,2025-03-09,34.7,7.6847134,27.015286636352542
2025-03-03,2025-03-10,59.800000000000004,6.791418,53.00858192443848
2025-03-03,2025-03-11,7.7,6.644482,1.055517864227295
2025-03-03,2025-03-12,6.2,9.396247,-3.1962469100952147
2025-03-03,2025-03-13,5.299999999999999,8.306787,-3.0067865371704112
2025-03-03,2025-03-14,7.9,9.516702,-1.6167016983032223
2025-03-03,2025-03-15,6.0,8.077697,-2.0776968002319336
2025-03-03,2025-03-16,4.6,6.327062,-1.7270621299743656
2025-03-03,2025-03-17,8.5,7.2726007,1.2273993492126465
2025-03-03,2025-03-18,15.1,7.90907,7.190929985046386
2025-03-03,2025-03-19,22.899999999999995,7.365437,15.534562969207759
2025-03-03,2025-03-20,18.5,8.054561,10.445439338684082
2025-03-03,2025-03-21,25.1,8.811594,16.288405990600587
2025-03-03,2025-03-22,10.900000000000002,6.680619,4.219381237030031
2025-03-03,2025-03-23,29.199999999999996,7.5441823,21.65581769943237
2025-03-03,2025-03-24,32.8,6.459333,26.34066705703735
2025-03-03,2025-03-25,25.299999999999997,6.3517423,18.948257732391355
2025-03-03,2025-03-26,14.2,7.188762,7.011237812042236
2025-03-03,2025-03-27,13.6,7.226876,6.37312421798706
2025-03-03,2025-03-28,4.6,8.744497,-4.144497299194336
2025-03-03,2025-03-29,5.4,7.981628,-2.5816279411315914
2025-03-03,2025-03-30,6.0,8.739605,-2.739604949951172
2025-03-03,2025-03-31,6.3,8.511593,-2.2115928649902346
2025-03-03,2025-04-01,9.7,8.19163,1.5083696365356438
2025-03-03,2025-04-02,11.0,8.926603,2.073396682739258
2025-03-04,2025-03-05,39.9,8.571492,31.328507804870604
2025-03-04,2025-03-06,23.599999999999998,8.306268,15.293732261657713
2025-03-04,2025-03-07,12.0,8.018003,3.981996536254883
2025-03-04,2025-03-08,21.1,6.3881364,14.711863613128664
2025-03-04,2025-03-09,34.7,8.105314,26.59468574523926
2025-03-04,2025-03-10,59.800000000000004,7.5386105,52.26138954162598
2025-03-04,2025-03-11,7.7,6.5557876,1.1442124366760256
2025-03-04,2025-03-12,6.2,6.451237,-0.25123720169067365
2025-03-04,2025-03-13,5.299999999999999,9.46417,-4.164170455932618
2025-03-04,2025-03-14,7.9,8.158903,-0.25890312194824183
2025-03-04,2025-03-15,6.0,9.515088,-3.5150880813598633
2025-03-04,2025-03-16,4.6,8.253588,-3.6535877227783207
2025-03-04,2025-03-17,8.5,6.51411,1.9858899116516113
2025-03-04,2025-03-18,15.1,7.2493205,7.850679492950439
2025-03-04,2025-03-19,22.899999999999995,7.621598,15.278402233123774
2025-03-04,2025-03-20,18.5,7.26906,11.230939865112305
2025-03-04,2025-03-21,25.1,8.229381,16.87061939239502
2025-03-04,2025-03-22,10.900000000000002,8.923619,1.976380729675295
2025-03-04,2025-03-23,29.199999999999996,6.65733,22.542669963836666
2025-03-04,2025-03-24,32.8,7.5618777,25.238122272491452
2025-03-04,2025-03-25,25.299999999999997,6.593665,18.706334877014157
2025-03-04,2025-03-26,14.2,6.5198197,7.680180263519286
2025-03-04,2025-03-27,13.6,7.289645,6.310354804992675
2025-03-04,2025-03-28,4.6,7.3360796,-2.736079597473145
2025-03-04,2025-03-29,5.4,8.798558,-3.3985582351684567
2025-03-04,2025-03-30,6.0,8.061776,-2.0617761611938477
2025-03-04,2025-03-31,6.3,8.596466,-2.296466064453125
2025-03-04,2025-04-01,9.7,8.6928625,1.007137489318847
2025-03-04,2025-04-02,11.0,8.216896,2.7831039428710938
2025-03-04,2025-04-03,20.7,9.079544,11.620455932617187
2025-03-05,2025-03-06,23.599999999999998,8.6717,14.928300476074217
2025-03-05,2025-03-07,12.0,8.401768,3.5982322692871094
2025-03-05,2025-03-08,21.1,7.9562273,13.143772697448732
2025-03-05,2025-03-09,34.7,6.1198792,28.580120754241946
2025-03-05,2025-03-10,59.800000000000004,7.920835,51.879164981842045
2025-03-05,2025-03-11,7.7,7.459206,0.24079389572143572
2025-03-05,2025-03-12,6.2,6.2513695,-0.0513694763183592
2025-03-05,2025-03-13,5.299999999999999,6.295334,-0.9953338623046886
2025-03-05,2025-03-14,7.9,9.519261,-1.6192613601684567
2025-03-05,2025-03-15,6.0,7.890491,-1.890491008758545
2025-03-05,2025-03-16,4.6,9.485648,-4.885648155212403
2025-03-05,2025-03-17,8.5,8.3239565,0.17604351043701172
2025-03-05,2025-03-18,15.1,6.6885834,8.411416625976562
2025-03-05,2025-03-19,22.899999999999995,7.072773,15.827227020263667
2025-03-05,2025-03-20,18.5,7.244351,11.255649089813232
2025-03-05,2025-03-21,25.1,7.330253,17.76974687576294
2025-03-05,2025-03-22,10.900000000000002,8.380847,2.5191530227661154
2025-03-05,2025-03-23,29.199999999999996,9.015695,20.184305381774898
2025-03-05,2025-03-24,32.8,6.592711,26.20728902816772
2025-03-05,2025-03-25,25.299999999999997,7.593775,17.70622520446777
2025-03-05,2025-03-26,14.2,6.7028985,7.497101497650146
2025-03-05,2025-03-27,13.6,6.7150164,6.88498363494873
2025-03-05,2025-03-28,4.6,7.4407687,-2.8407687187194828
2025-03-05,2025-03-29,5.4,7.3666463,-1.966646289825439
2025-03-05,2025-03-30,6.0,8.990601,-2.9906005859375
2025-03-05,2025-03-31,6.3,8.165672,-1.865672302246094
2025-03-05,2025-04-01,9.7,8.490659,1.2093412399291985
2025-03-05,2025-04-02,11.0,8.859012,2.140988349914551
2025-03-05,2025-04-03,20.7,8.206125,12.493874740600585
2025-03-05,2025-04-04,21.800000000000004,9.234771,12.565229225158696
2025-03-06,2025-03-07,12.0,8.742721,3.257279396057129
2025-03-06,2025-03-08,21.1,8.557999,12.542001342773439
2025-03-06,2025-03-09,34.7,7.87341,26.826589775085452
2025-03-06,2025-03-10,59.800000000000004,5.78351,54.01648979187012
2025-03-06,2025-03-11,7.7,7.7411885,-0.041188526153564275
2025-03-06,2025-03-12,6.2,7.4437885,-1.2437885284423826
2025-03-06,2025-03-13,5.299999999999999,5.9655557,-0.6655556678771983
2025-03-06,2025-03-14,7.9,6.1146812,1.785318756103516
2025-03-06,2025-03-15,6.0,9.608488,-3.608488082885742
2025-03-06,2025-03-16,4.6,7.642623,-3.0426229476928714
2025-03-06,2025-03-17,8.5,9.424283,-0.9242830276489258
2025-03-06,2025-03-18,15.1,8.264105,6.835895156860351
2025-03-06,2025-03-19,22.899999999999995,6.787117,16.112882995605464
2025-03-06,2025-03-20,18.5,6.8384066,11.661593437194824
2025-03-06,2025-03-21,25.1,6.9276204,18.172379589080812
2025-03-06,2025-03-22,10.900000000000002,7.4833903,3.4166096687316916
2025-03-06,2025-03-23,29.199999999999996,8.456483,20.74351711273193
2025-03-06,2025-03-24,32.8,9.118721,23.681278991699216
2025-03-06,2025-03-25,25.299999999999997,6.4738503,18.826149749755857
2025-03-06,2025-03-26,14.2,7.5519786,6.648021411895751
2025-03-06,2025-03-27,13.6,6.809626,6.79037389755249
2025-03-06,2025-03-28,4.6,6.889633,-2.289633178710938
2025-03-06,2025-03-29,5.4,7.537331,-2.137331104278564
2025-03-06,2025-03-30,6.0,7.304344,-1.3043441772460938
2025-03-06,2025-03-31,6.3,9.25913,-2.959129524230957
2025-03-06,2025-04-01,9.7,8.331886,1.368113708496093
2025-03-06,2025-04-02,11.0,8.441438,2.5585622787475586
2025-03-06,2025-04-03,20.7,9.007239,11.69276065826416
2025-03-06,2025-04-04,21.800000000000004,8.164476,13.635523605346684
2025-03-06,2025-04-05,5.4,9.410918,-4.010918235778808
2025-03-07,2025-03-08,21.1,8.8220005,12.277999496459962
2025-03-07,2025-03-09,34.7,8.696389,26.00361080169678
2025-03-07,2025-03-10,59.800000000000004,7.814465,51.98553495407105
2025-03-07,2025-03-11,7.7,5.6437597,2.056240272521973
2025-03-07,2025-03-12,6.2,7.4772844,-1.2772844314575194
2025-03-07,2025-03-13,5.299999999999999,7.480931,-2.1809308052063
2025-03-07,2025-03-14,7.9,5.94816,1.9518398284912113
2025-03-07,2025-03-15,6.0,5.7713113,0.22868871688842773
2025-03-07,2025-03-16,4.6,9.594173,-4.994173431396485
2025-03-07,2025-03-17,8.5,7.4589987,1.041001319885254
2025-03-07,2025-03-18,15.1,9.408699,5.691300964355468
2025-03-07,2025-03-19,22.899999999999995,8.009963,14.890036964416499
2025-03-07,2025-03-20,18.5,6.8200774,11.679922580718994
2025-03-07,2025-03-21,25.1,6.4789567,18.621043300628664
2025-03-07,2025-03-22,10.900000000000002,6.7743716,4.125628376007082
2025-03-07,2025-03-23,29.199999999999996,7.6671476,21.53285236358642
2025-03-07,2025-03-24,32.8,8.443403,24.356596755981442
2025-03-07,2025-03-25,25.299999999999997,9.082444,16.217555809020993
2025-03-07,2025-03-26,14.2,6.322092,7.877907943725585
2025-03-07,2025-03-27,13.6,7.52076,6.07923994064331
2025-03-07,2025-03-28,4.6,6.8324394,-2.2324394226074222
2025-03-07,2025-03-29,5.4,6.838437,-1.4384370803833004
2025-03-07,2025-03-30,6.0,7.546604,-1.5466041564941406
2025-03-07,2025-03-31,6.3,7.211854,-0.9118539810180666
2025-03-07,2025-04-01,9.7,9.5494,0.15059967041015554
2025-03-07,2025-04-02,11.0,8.4676,2.532400131225586
2025-03-07,2025-04-03,20.7,8.514429,12.185570907592773
2025-03-07,2025-04-04,21.800000000000004,9.088438,12.711561965942387
2025-03-07,2025-04-05,5.4,8.264206,-2.864205932617187
2025-03-07,2025-04-06,4.9,9.434927,-4.534926986694336
2025-03-08,2025-03-09,34.7,8.731746,25.968254280090335
2025-03-08,2025-03-10,59.800000000000004,8.757762,51.042238044738774
2025-03-08,2025-03-11,7.7,7.5280356,0.17196435928344744
2025-03-08,2025-03-12,6.2,5.8408575,0.35914249420166033
2025-03-08,2025-03-13,5.299999999999999,7.041541,-1.741541099548341
2025-03-08,2025-03-14,7.9,7.352514,0.5474862098693851
2025-03-08,2025-03-15,6.0,5.927258,0.07274198532104492
2025-03-08,2025-03-16,4.6,5.5545382,-0.9545382499694828
2025-03-08,2025-03-17,8.5,9.373054,-0.8730535507202148
2025-03-08,2025-03-18,15.1,7.4432063,7.656793689727783
2025-03-08,2025-03-19,22.899999999999995,9.293565,13.606435203552241
2025-03-08,2025-03-20,18.5,7.9983025,10.501697540283203
2025-03-08,2025-03-21,25.1,6.7943826,18.30561742782593
2025-03-08,2025-03-22,10.900000000000002,6.1976933,4.702306652069094
2025-03-08,2025-03-23,29.199999999999996,6.723449,22.476550769805904
2025-03-08,2025-03-24,32.8,7.85013,24.94986991882324
2025-03-08,2025-03-25,25.299999999999997,8.323558,16.976442146301267
2025-03-08,2025-03-26,14.2,9.010342,5.18965835571289
2025-03-08,2025-03-27,13.6,6.26717,7.3328300476074215
2025-03-08,2025-03-28,4.6,7.36078,-2.7607797622680668
2025-03-08,2025-03-29,5.4,6.801227,-1.4012270927429196
2025-03-08,2025-03-30,6.0,6.5414615,-0.5414614677429199
2025-03-08,2025-03-31,6.3,7.387457,-1.0874568939208986
2025-03-08,2025-04-01,9.7,7.483328,2.2166721343994134
2025-03-08,2025-04-02,11.0,9.588128,1.4118719100952148
2025-03-08,2025-04-03,20.7,8.685832,12.014167976379394
2025-03-08,2025-04-04,21.800000000000004,8.416986,13.383013534545903
2025-03-08,2025-04-05,5.4,9.1991415,-3.7991415023803707
2025-03-08,2025-04-06,4.9,8.468275,-3.5682750701904293
2025-03-08,2025-04-07,9.3,9.478595,-0.178594779968261
2025-03-09,2025-03-10,59.800000000000004,8.683551,51.11644916534424
2025-03-09,2025-03-11,7.7,8.797,-1.096999931335449
2025-03-09,2025-03-12,6.2,7.256322,-1.0563219070434569
2025-03-09,2025-03-13,5.299999999999999,6.0459127,-0.7459127426147472
2025-03-09,2025-03-14,7.9,6.5479956,1.352004432678223
2025-03-09,2025-03-15,6.0,7.181058,-1.1810579299926758
2025-03-09,2025-03-16,4.6,6.00139,-1.4013899803161625
2025-03-09,2025-03-17,8.5,5.2709656,3.229034423828125
2025-03-09,2025-03-18,15.1,9.111219,5.98878059387207
2025-03-09,2025-03-19,22.899999999999995,7.4154205,15.484579467773433
2025-03-09,2025-03-20,18.5,9.306893,9.193106651306152
2025-03-09,2025-03-21,25.1,7.997527,17.102472877502443
2025-03-09,2025-03-22,10.900000000000002,6.785896,4.114104175567629
2025-03-09,2025-03-23,29.199999999999996,5.909229,23.2907711982727
2025-03-09,2025-03-24,32.8,6.5948396,26.205160427093503
2025-03-09,2025-03-25,25.299999999999997,7.924101,17.375899124145505
2025-03-09,2025-03-26,14.2,8.219758,5.980241966247558
2025-03-09,2025-03-27,13.6,8.9705105,4.629489517211914
2025-03-09,2025-03-28,4.6,6.226589,-1.6265892028808597
2025-03-09,2025-03-29,5.4,7.2235208,-1.823520755767822
2025-03-09,2025-03-30,6.0,6.727505,-0.7275052070617676
2025-03-09,2025-03-31,6.3,6.1674047,0.13259534835815412
2025-03-09,2025-04-01,9.7,7.195969,2.5040308952331536
2025-03-09,2025-04-02,11.0,7.6966853,3.303314685821533
2025-03-09,2025-04-03,20.7,9.695513,11.004487228393554
2025-03-09,2025-04-04,21.800000000000004,8.880357,12.91964321136475
2025-03-09,2025-04-05,5.4,8.3285265,-2.9285264968872067
2025-03-09,2025-04-06,4.9,9.224087,-4.324086761474609
2025-03-09,2025-04-07,9.3,8.611204,0.6887958526611335
2025-03-09,2025-04-08,14.9,9.44629,5.453709983825684
2025-03-10,2025-03-11,7.7,8.869837,-1.1698368072509764
2025-03-10,2025-03-12,6.2,8.901034,-2.701034355163574
2025-03-10,2025-03-13,5.299999999999999,7.252422,-1.9524218559265147
2025-03-10,2025-03-14,7.9,5.9909554,1.9090446472167972
2025-03-10,2025-03-15,6.0,6.244595,-0.24459505081176758
2025-03-10,2025-03-16,4.6,7.276376,-2.676375770568848
2025-03-10,2025-03-17,8.5,5.9998574,2.5001425743103027
2025-03-10,2025-03-18,15.1,4.8641706,10.23582944869995
2025-03-10,2025-03-19,22.899999999999995,9.069815,13.830185317993159
2025-03-10,2025-03-20,18.5,7.3288407,11.171159267425537
2025-03-10,2025-03-21,25.1,9.531215,15.568785285949708
2025-03-10,2025-03-22,10.900000000000002,7.9946413,2.905358695983889
2025-03-10,2025-03-23,29.199999999999996,6.838808,22.361191940307613
2025-03-10,2025-03-24,32.8,5.73991,27.060089874267575
2025-03-10,2025-03-25,25.299999999999997,6.1750913,19.124908733367917
2025-03-10,2025-03-26,14.2,7.8511367,6.348863315582275
2025-03-10,2025-03-27,13.6,8.241161,5.358838653564453
2025-03-10,2025-03-28,4.6,9.043772,-4.443771743774414
2025-03-10,2025-03-29,5.4,6.096892,-0.6968918800354
2025-03-10,2025-03-30,6.0,7.1761913,-1.1761913299560547
2025-03-10,2025-03-31,6.3,6.643538,-0.34353799819946307
2025-03-10,2025-04-01,9.7,6.133103,3.5668971061706536
2025-03-10,2025-04-02,11.0,7.294453,3.7055468559265137
2025-03-10,2025-04-03,20.7,7.620179,13.079820823669433
2025-03-10,2025-04-04,21.800000000000004,10.078821,11.721178817749028
2025-03-10,2025-04-05,5.4,8.853409,-3.453408813476562
2025-03-10,2025-04-06,4.9,8.319014,-3.4190135955810543
2025-03-10,2025-04-07,9.3,9.253931,0.04606895446777415
2025-03-10,2025-04-08,14.9,8.545116,6.3548835754394535
2025-03-10,2025-04-09,8.7,9.39873,-0.6987302780151374
2025-03-11,2025-03-12,6.2,9.14881,-2.9488103866577147
2025-03-11,2025-03-13,5.299999999999999,9.06198,-3.7619802474975597
2025-03-11,2025-03-14,7.9,7.299263,0.6007369995117191
2025-03-11,2025-03-15,6.0,5.6330786,0.36692142486572266
2025-03-11,2025-03-16,4.6,6.323731,-1.7237309455871586
2025-03-11,2025-03-17,8.5,7.47905,1.0209498405456543
2025-03-11,2025-03-18,15.1,5.906025,9.193975067138672
2025-03-11,2025-03-19,22.899999999999995,4.3769073,18.523092651367183
2025-03-11,2025-03-20,18.5,9.218373,9.28162670135498
2025-03-11,2025-03-21,25.1,7.2617297,17.838270282745363
2025-03-11,2025-03-22,10.900000000000002,9.675652,1.2243484497070334
2025-03-11,2025-03-23,29.199999999999996,7.8963284,21.303671550750728
2025-03-11,2025-03-24,32.8,7.0498934,25.75010662078857
2025-03-11,2025-03-25,25.299999999999997,5.7077208,19.592279243469235
2025-03-11,2025-03-26,14.2,5.7339373,8.46606273651123
2025-03-11,2025-03-27,13.6,7.9255004,5.674499607086181
2025-03-11,2025-03-28,4.6,8.39751,-3.797509574890137
2025-03-11,2025-03-29,5.4,9.323685,-3.923684692382812
2025-03-11,2025-03-30,6.0,5.861593,0.13840723037719727
2025-03-11,2025-03-31,6.3,7.0794525,-0.7794525146484377
2025-03-11,2025-04-01,9.7,6.5634465,3.136553478240966
2025-03-11,2025-04-02,11.0,6.555577,4.444423198699951
2025-03-11,2025-04-03,20.7,7.5344687,13.165531349182128
2025-03-11,2025-04-04,21.800000000000004,7.587111,14.212889003753666
2025-03-11,2025-04-05,5.4,10.392825,-4.992825126647949
2025-03-11,2025-04-06,4.9,8.855225,-3.9552246093749996
2025-03-11,2025-04-07,9.3,8.2397375,1.0602624893188484
2025-03-11,2025-04-08,14.9,9.361577,5.538422966003418
2025-03-11,2025-04-09,8.7,8.446543,0.2534572601318352
2025-03-11,2025-04-10,9.2,9.476202,-0.27620201110839915
2025-03-12,2025-03-13,5.299999999999999,9.384583,-4.0845834732055675
2025-03-12,2025-03-14,7.9,9.113368,-1.2133680343627926
2025-03-12,2025-03-15,6.0,7.4533114,-1.4533114433288574
2025-03-12,2025-03-16,4.6,5.6048846,-1.0048846244812015
2025-03-12,2025-03-17,8.5,6.380332,2.1196680068969727
2025-03-12,2025-03-18,15.1,7.8847036,7.215296363830566
2025-03-12,2025-03-19,22.899999999999995,6.0339575,16.866042518615718
2025-03-12,2025-03-20,18.5,4.153318,14.346682071685791
2025-03-12,2025-03-21,25.1,9.302375,15.797625160217287
2025-03-12,2025-03-22,10.900000000000002,7.1783824,3.721617603302004
2025-03-12,2025-03-23,29.199999999999996,9.903138,19.29686183929443
2025-03-12,2025-03-24,32.8,7.4997506,25.300249385833737
2025-03-12,2025-03-25,25.299999999999997,7.2371163,18.062883663177487
2025-03-12,2025-03-26,14.2,5.5472183,8.652781677246093
2025-03-12,2025-03-27,13.6,5.6031404,7.9968596458435055
2025-03-12,2025-03-28,4.6,8.065184,-3.4651836395263675
2025-03-12,2025-03-29,5.4,8.427208,-3.0272079467773434
2025-03-12,2025-03-30,6.0,9.314948,-3.314948081970215
2025-03-12,2025-03-31,6.3,5.742671,0.5573289871215819
2025-03-12,2025-04-01,9.7,7.1911736,2.5088264465332024
2025-03-12,2025-04-02,11.0,6.328224,4.671775817871094
2025-03-12,2025-04-03,20.7,6.612522,14.087477874755859
2025-03-12,2025-04-04,21.800000000000004,7.7969775,14.00302248001099
2025-03-12,2025-04-05,5.4,7.3640027,-1.964002704620361
2025-03-12,2025-04-06,4.9,10.676209,-5.776209449768066
2025-03-12,2025-04-07,9.3,8.711856,0.5881441116333015
2025-03-12,2025-04-08,14.9,8.439774,6.460226440429688
2025-03-12,2025-04-09,8.7,9.352863,-0.6528633117675788
2025-03-12,2025-04-10,9.2,8.577306,0.6226942062377923
2025-03-12,2025-04-11,15.2,9.260779,5.9392206192016594
2025-03-13,2025-03-14,7.9,9.443523,-1.5435234069824215
2025-03-13,2025-03-15,6.0,9.189986,-3.189986228942871
2025-03-13,2025-03-16,4.6,7.568385,-2.9683851242065433
2025-03-13,2025-03-17,8.5,5.450516,3.0494837760925293
2025-03-13,2025-03-18,15.1,6.8035927,8.296407318115234
2025-03-13,2025-03-19,22.899999999999995,8.074631,14.825369262695308
2025-03-13,2025-03-20,18.5,6.1679573,12.332042694091797
2025-03-13,2025-03-21,25.1,4.1806545,20.919345474243165
2025-03-13,2025-03-22,10.900000000000002,9.361974,1.538026237487795
2025-03-13,2025-03-23,29.199999999999996,7.27835,21.921650123596187
2025-03-13,2025-03-24,32.8,9.869853,22.93014698028564
2025-03-13,2025-03-25,25.299999999999997,7.184707,18.115292835235593
2025-03-13,2025-03-26,14.2,7.179099,7.020900917053222
2025-03-13,2025-03-27,13.6,5.595183,8.0048171043396
2025-03-13,2025-03-28,4.6,5.649233,-1.0492328643798832
2025-03-13,2025-03-29,5.4,8.016886,-2.6168857574462887
2025-03-13,2025-03-30,6.0,8.379892,-2.379892349243164
2025-03-13,2025-03-31,6.3,9.4392,-3.1392004013061525
2025-03-13,2025-04-01,9.7,5.6608515,4.039148521423339
2025-03-13,2025-04-02,11.0,7.172729,3.827270984649658
2025-03-13,2025-04-03,20.7,6.156636,14.543363761901855
2025-03-13,2025-04-04,21.800000000000004,6.937922,14.862077999114994
2025-03-13,2025-04-05,5.4,8.049662,-2.6496616363525387
2025-03-13,2025-04-06,4.9,7.214988,-2.314988231658935
2025-03-13,2025-04-07,9.3,10.676141,-1.3761407852172844
2025-03-13,2025-04-08,14.9,8.357451,6.542548561096192
2025-03-13,2025-04-09,8.7,8.477801,0.22219867706298757
2025-03-13,2025-04-10,9.2,9.310846,-0.11084632873535227
2025-03-13,2025-04-11,15.2,8.5319,6.66809959411621
2025-03-13,2025-04-12,23.599999999999998,9.107921,14.492079353332517
2025-03-14,2025-03-15,6.0,9.419114,-3.419114112854004
2025-03-14,2025-03-16,4.6,9.070503,-4.470503234863282
2025-03-14,2025-03-17,8.5,7.6496196,0.8503804206848145
2025-03-14,2025-03-18,15.1,5.5497456,9.550254440307617
2025-03-14,2025-03-19,22.899999999999995,7.12986,15.770140075683589
2025-03-14,2025-03-20,18.5,8.18967,10.310330390930176
2025-03-14,2025-03-21,25.1,6.3536224,18.746377563476564
2025-03-14,2025-03-22,10.900000000000002,4.369832,6.530167961120608
2025-03-14,2025-03-23,29.199999999999996,9.30048,19.89952011108398
2025-03-14,2025-03-24,32.8,7.377782,25.42221813201904
2025-03-14,2025-03-25,25.299999999999997,9.804324,15.495675849914548
2025-03-14,2025-03-26,14.2,7.135338,7.0646621704101555
2025-03-14,2025-03-27,13.6,6.942825,6.657175159454345
2025-03-14,2025-03-28,4.6,5.7638845,-1.163884544372559
2025-03-14,2025-03-29,5.4,5.884407,-0.4844070434570309
2025-03-14,2025-03-30,6.0,8.039378,-2.0393781661987305
2025-03-14,2025-03-31,6.3,8.2664175,-1.9664175033569338
2025-03-14,2025-04-01,9.7,9.347871,0.3521291732788079
2025-03-14,2025-04-02,11.0,5.656976,5.343023777008057
2025-03-14,2025-04-03,20.7,7.1405435,13.559456539154052
2025-03-14,2025-04-04,21.800000000000004,6.077513,15.722486782073979
2025-03-14,2025-04-05,5.4,6.9358726,-1.5358725547790524
2025-03-14,2025-04-06,4.9,7.9738736,-3.0738736152648922
2025-03-14,2025-04-07,9.3,7.192351,2.1076491355896003
2025-03-14,2025-04-08,14.9,10.418307,4.481692695617676
2025-03-14,2025-04-09,8.7,8.188708,0.5112916946411126
2025-03-14,2025-04-10,9.2,8.615102,0.5848981857299798
2025-03-14,2025-04-11,15.2,9.158693,6.0413066864013665
2025-03-14,2025-04-12,23.599999999999998,8.457129,15.142871475219724
2025-03-14,2025-04-13,10.599999999999998,9.027702,1.5722976684570291
2025-03-15,2025-03-16,4.6,9.31311,-4.7131103515625
2025-03-15,2025-03-17,8.5,8.874797,-0.37479686737060547
2025-03-15,2025-03-18,15.1,7.5793433,7.520656681060791
2025-03-15,2025-03-19,22.899999999999995,5.9272294,16.972770595550532
2025-03-15,2025-03-20,18.5,7.2494206,11.250579357147217
2025-03-15,2025-03-21,25.1,8.099895,17.000105476379396
2025-03-15,2025-03-22,10.900000000000002,6.472065,4.427935028076174
2025-03-15,2025-03-23,29.199999999999996,4.4733515,24.726648521423336
2025-03-15,2025-03-24,32.8,9.123067,23.676933097839353
2025-03-15,2025-03-25,25.299999999999997,7.561076,17.73892383575439
2025-03-15,2025-03-26,14.2,9.676876,4.523123931884765
2025-03-15,2025-03-27,13.6,7.3892274,6.210772609710693
2025-03-15,2025-03-28,4.6,6.751791,-2.1517910003662113
2025-03-15,2025-03-29,5.4,6.087457,-0.687457180023193
2025-03-15,2025-03-30,6.0,6.2285857,-0.22858572006225586
2025-03-15,2025-03-31,6.3,8.100401,-1.8004009246826174
2025-03-15,2025-04-01,9.7,8.161623,1.5383769989013665
2025-03-15,2025-04-02,11.0,9.176583,1.8234167098999023
2025-03-15,2025-04-03,20.7,5.7073865,14.992613506317138
2025-03-15,2025-04-04,21.800000000000004,6.958357,14.8416431427002
2025-03-15,2025-04-05,5.4,6.0707517,-0.6707516670227047
2025-03-15,2025-04-06,4.9,6.7200203,-1.8200202941894528
2025-03-15,2025-04-07,9.3,7.6999354,1.6000645637512214
2025-03-15,2025-04-08,14.9,7.4332495,7.466750526428223
2025-03-15,2025-04-09,8.7,10.0068035,-1.306803512573243
2025-03-15,2025-04-10,9.2,8.23897,0.961030197143554
2025-03-15,2025-04-11,15.2,8.558359,6.641640853881835
2025-03-15,2025-04-12,23.599999999999998,8.971491,14.628509140014646
2025-03-15,2025-04-13,10.599999999999998,8.453135,2.146865463256834
2025-03-15,2025-04-14,6.2,9.088489,-2.8884885787963865
2025-03-16,2025-03-17,8.5,9.228102,-0.7281017303466797
2025-03-16,2025-03-18,15.1,8.657356,6.442643737792968
2025-03-16,2025-03-19,22.899999999999995,7.514605,15.385394954681392
2025-03-16,2025-03-20,18.5,6.3509274,12.149072647094727
2025-03-16,2025-03-21,25.1,7.270623,17.829376792907716
2025-03-16,2025-03-22,10.900000000000002,7.9478083,2.952191734313967
2025-03-16,2025-03-23,29.199999999999996,6.648361,22.55163879394531
2025-03-16,2025-03-24,32.8,4.4790335,28.32096652984619
2025-03-16,2025-03-25,25.299999999999997,8.904426,16.395574378967282
2025-03-16,2025-03-26,14.2,7.707393,6.492606830596923
2025-03-16,2025-03-27,13.6,9.646391,3.9536090850830075
2025-03-16,2025-03-28,4.6,7.637927,-3.037927055358887
2025-03-16,2025-03-29,5.4,6.6639514,-1.2639513969421383
2025-03-16,2025-03-30,6.0,6.413173,-0.41317319869995117
2025-03-16,2025-03-31,6.3,6.5303617,-0.23036165237426776
2025-03-16,2025-04-01,9.7,8.070023,1.6299774169921868
2025-03-16,2025-04-02,11.0,8.094218,2.9057817459106445
2025-03-16,2025-04-03,20.7,9.040704,11.659296226501464
2025-03-16,2025-04-04,21.800000000000004,5.7301927,16.069807338714604
2025-03-16,2025-04-05,5.4,6.7495284,-1.3495284080505368
2025-03-16,2025-04-06,4.9,6.0503864,-1.1503864288330075
2025-03-16,2025-04-07,9.3,6.4859686,2.814031410217286
2025-03-16,2025-04-08,14.9,7.4320297,7.467970275878907
2025-03-16,2025-04-09,8.7,7.6576867,1.0423132896423333
2025-03-16,2025-04-10,9.2,9.639803,-0.4398029327392585
2025-03-16,2025-04-11,15.2,8.301259,6.89874095916748
2025-03-16,2025-04-12,23.599999999999998,8.470503,15.129497146606443
2025-03-16,2025-04-13,10.599999999999998,8.7352,1.8648000717163065
2025-03-16,2025-04-14,6.2,8.460861,-2.2608612060546873
2025-03-16,2025-04-15,10.4,9.112938,1.2870620727539066
2025-03-17,2025-03-18,15.1,9.174491,5.925509071350097
2025-03-17,2025-03-19,22.899999999999995,8.603548,14.296451950073237
2025-03-17,2025-03-20,18.5,7.7055964,10.794403553009033
2025-03-17,2025-03-21,25.1,6.496203,18.603797054290773
2025-03-17,2025-03-22,10.900000000000002,7.3963227,3.503677272796633
2025-03-17,2025-03-23,29.199999999999996,7.961791,21.238208961486812
2025-03-17,2025-03-24,32.8,6.979501,25.82049922943115
2025-03-17,2025-03-25,25.299999999999997,4.4412503,20.85874967575073
2025-03-17,2025-03-26,14.2,8.98756,5.212439727783202
2025-03-17,2025-03-27,13.6,7.836109,5.7638908386230465
2025-03-17,2025-03-28,4.6,9.892759,-5.2927593231201175
2025-03-17,2025-03-29,5.4,7.7066765,-2.3066764831542965
2025-03-17,2025-03-30,6.0,6.675242,-0.6752419471740723
2025-03-17,2025-03-31,6.3,6.781116,-0.4811160087585451
2025-03-17,2025-04-01,9.7,6.6769824,3.0230175971984856
2025-03-17,2025-04-02,11.0,7.615428,3.3845720291137695
2025-03-17,2025-04-03,20.7,7.8998523,12.80014772415161
2025-03-17,2025-04-04,21.800000000000004,8.920864,12.879135894775395
2025-03-17,2025-04-05,5.4,5.648255,-0.24825487136840785
2025-03-17,2025-04-06,4.9,6.8163753,-1.9163752555847164
2025-03-17,2025-04-07,9.3,5.9861784,3.3138216018676765
2025-03-17,2025-04-08,14.9,6.4307914,8.46920862197876
2025-03-17,2025-04-09,8.7,7.445427,1.2545730590820305
2025-03-17,2025-04-10,9.2,7.4344554,1.7655446052551262
2025-03-17,2025-04-11,15.2,9.655634,5.544366073608398
2025-03-17,2025-04-12,23.599999999999998,8.0593405,15.540659523010252
2025-03-17,2025-04-13,10.599999999999998,8.552187,2.047813034057615
2025-03-17,2025-04-14,6.2,8.471833,-2.2718332290649412
2025-03-17,2025-04-15,10.4,8.32329,2.07671012878418
2025-03-17,2025-04-16,4.4,8.891769,-4.491769409179687
2025-03-18,2025-03-19,22.899999999999995,9.098437,13.801562690734858
2025-03-18,2025-03-20,18.5,8.497124,10.002876281738281
2025-03-18,2025-03-21,25.1,7.8223834,17.277616596221925
2025-03-18,2025-03-22,10.900000000000002,6.4782295,4.421770477294924
2025-03-18,2025-03-23,29.199999999999996,7.585438,21.614562225341793
2025-03-18,2025-03-24,32.8,7.900532,24.89946823120117
2025-03-18,2025-03-25,25.299999999999997,7.0291004,18.270899581909177
2025-03-18,2025-03-26,14.2,4.666046,9.533953857421874
2025-03-18,2025-03-27,13.6,9.107757,4.492243385314941
2025-03-18,2025-03-28,4.6,7.894527,-3.2945269584655765
2025-03-18,2025-03-29,5.4,9.986619,-4.5866189956665036
2025-03-18,2025-03-30,6.0,7.8170567,-1.817056655883789
2025-03-18,2025-03-31,6.3,6.782518,-0.4825179100036623
2025-03-18,2025-04-01,9.7,7.063834,2.636165809631347
2025-03-18,2025-04-02,11.0,6.6653733,4.3346266746521
2025-03-18,2025-04-03,20.7,7.2960367,13.40396327972412
2025-03-18,2025-04-04,21.800000000000004,7.799551,14.000448989868168
2025-03-18,2025-04-05,5.4,8.941414,-3.541413879394531
2025-03-18,2025-04-06,4.9,5.700697,-0.8006969451904293
2025-03-18,2025-04-07,9.3,6.980002,2.3199980735778816
2025-03-18,2025-04-08,14.9,5.90606,8.993939781188965
2025-03-18,2025-04-09,8.7,6.480217,2.2197830200195305
2025-03-18,2025-04-10,9.2,7.4635277,1.73647232055664
2025-03-18,2025-04-11,15.2,7.3259454,7.874054622650146
2025-03-18,2025-04-12,23.599999999999998,9.514507,14.085492706298826
2025-03-18,2025-04-13,10.599999999999998,7.9241805,2.6758194923400858
2025-03-18,2025-04-14,6.2,8.599379,-2.3993785858154295
2025-03-18,2025-04-15,10.4,8.430422,1.9695781707763675
2025-03-18,2025-04-16,4.4,8.2216215,-3.821621513366699
2025-03-18,2025-04-17,6.500000000000001,8.809924,-2.309924125671386
2025-03-19,2025-03-20,18.5,9.04576,9.454239845275879
2025-03-19,2025-03-21,25.1,8.4150505,16.684949493408205
2025-03-19,2025-03-22,10.900000000000002,7.9281473,2.9718526840209982
2025-03-19,2025-03-23,29.199999999999996,6.3730774,22.82692260742187
2025-03-19,2025-03-24,32.8,7.7851257,25.014874267578122
2025-03-19,2025-03-25,25.299999999999997,7.801914,17.498085784912107
2025-03-19,2025-03-26,14.2,6.9519386,7.248061370849609
2025-03-19,2025-03-27,13.6,4.8559074,8.744092559814453
2025-03-19,2025-03-28,4.6,9.1889515,-4.588951492309571
2025-03-19,2025-03-29,5.4,7.853753,-2.453753089904785
2025-03-19,2025-03-30,6.0,9.926192,-3.926192283630371
2025-03-19,2025-03-31,6.3,7.8924637,-1.5924636840820314
2025-03-19,2025-04-01,9.7,6.8120985,2.8879014968872063
2025-03-19,2025-04-02,11.0,7.2143354,3.7856645584106445
2025-03-19,2025-04-03,20.7,6.621941,14.078058910369872
2025-03-19,2025-04-04,21.800000000000004,7.1109557,14.689044284820561
2025-03-19,2025-04-05,5.4,7.777476,-2.377475833892822
2025-03-19,2025-04-06,4.9,8.901533,-4.001533126831054
2025-03-19,2025-04-07,9.3,5.755754,3.5442460060119636
2025-03-19,2025-04-08,14.9,7.0689483,7.8310517311096195
2025-03-19,2025-04-09,8.7,5.8874784,2.8125216484069817
2025-03-19,2025-04-10,9.2,6.5684586,2.631541442871093
2025-03-19,2025-04-11,15.2,7.4503765,7.749623489379882
2025-03-19,2025-04-12,23.599999999999998,7.1436353,16.45636472702026
2025-03-19,2025-04-13,10.599999999999998,9.413228,1.1867719650268533
2025-03-19,2025-04-14,6.2,7.8066993,-1.6066992759704588
2025-03-19,2025-04-15,10.4,8.5958605,1.8041395187377933
2025-03-19,2025-04-16,4.4,8.348726,-3.9487262725830075
2025-03-19,2025-04-17,6.500000000000001,8.043931,-1.543931007385253
2025-03-19,2025-04-18,8.7,8.804855,-0.10485534667968821
2025-03-20,2025-03-21,25.1,8.971928,16.128072357177736
2025-03-20,2025-03-22,10.900000000000002,8.416473,2.483526611328127
2025-03-20,2025-03-23,29.199999999999996,7.975108,21.224891853332515
2025-03-20,2025-03-24,32.8,6.194197,26.605802822113034
2025-03-20,2025-03-25,25.299999999999997,7.9080353,17.391964721679685
2025-03-20,2025-03-26,14.2,7.6771116,6.522888374328613
2025-03-20,2025-03-27,13.6,6.8985205,6.701479530334472
2025-03-20,2025-03-28,4.6,4.9483733,-0.3483733177185062
2025-03-20,2025-03-29,5.4,9.26707,-3.867069816589355
2025-03-20,2025-03-30,6.0,7.814182,-1.8141818046569824
2025-03-20,2025-03-31,6.3,9.797636,-3.4976360321044924
2025-03-20,2025-04-01,9.7,7.8597126,1.8402873992919915
2025-03-20,2025-04-02,11.0,6.807935,4.1920647621154785
2025-03-20,2025-04-03,20.7,7.2260103,13.473989677429199
2025-03-20,2025-04-04,21.800000000000004,6.611353,15.188647079467778
2025-03-20,2025-04-05,5.4,7.0212984,-1.6212984085083004
2025-03-20,2025-04-06,4.9,7.7021847,-2.802184677124023
2025-03-20,2025-04-07,9.3,8.870594,0.4294059753417976
2025-03-20,2025-04-08,14.9,5.755356,9.144644165039063
2025-03-20,2025-04-09,8.7,7.0952725,1.6047274589538567
2025-03-20,2025-04-10,9.2,5.9277472,3.272252750396728
2025-03-20,2025-04-11,15.2,6.646601,8.55339879989624
2025-03-20,2025-04-12,23.599999999999998,7.409538,16.190462207794187
2025-03-20,2025-04-13,10.599999999999998,6.9567757,3.6432243347167947
2025-03-20,2025-04-14,6.2,9.394519,-3.1945188522338865
2025-03-20,2025-04-15,10.4,7.763147,2.636853122711182
2025-03-20,2025-04-16,4.4,8.585565,-4.185564613342285
2025-03-20,2025-04-17,6.500000000000001,8.290547,-1.7905473709106436
2025-03-20,2025-04-18,8.7,7.8877444,0.8122555732727044
2025-03-20,2025-04-19,8.1,8.855696,-0.755695724487305
2025-03-21,2025-03-22,10.900000000000002,8.936294,1.963706398010256
2025-03-21,2025-03-23,29.199999999999996,8.449511,20.750489425659175
2025-03-21,2025-03-24,32.8,7.956836,24.843163776397702
2025-03-21,2025-03-25,25.299999999999997,6.07474,19.22526006698608
2025-03-21,2025-03-26,14.2,7.842471,6.3575288772583
2025-03-21,2025-03-27,13.6,7.5679417,6.032058334350586
2025-03-21,2025-03-28,4.6,6.9207416,-2.3207415580749515
2025-03-21,2025-03-29,5.4,4.947392,0.4526080131530765
2025-03-21,2025-03-30,6.0,9.239731,-3.2397308349609375
2025-03-21,2025-03-31,6.3,7.7473593,-1.4473592758178713
2025-03-21,2025-04-01,9.7,9.693637,0.006363105773925071
2025-03-21,2025-04-02,11.0,7.740961,3.2590389251708984
2025-03-21,2025-04-03,20.7,6.7637057,13.936294269561767
2025-03-21,2025-04-04,21.800000000000004,7.0904145,14.709585475921635
2025-03-21,2025-04-05,5.4,6.570569,-1.170569038391113
2025-03-21,2025-04-06,4.9,7.0286336,-2.128633594512939
2025-03-21,2025-04-07,9.3,7.61877,1.6812298774719245
2025-03-21,2025-04-08,14.9,8.802765,6.097235107421875
2025-03-21,2025-04-09,8.7,5.711332,2.9886681556701653
2025-03-21,2025-04-10,9.2,7.0554085,2.144591522216796
2025-03-21,2025-04-11,15.2,5.973108,9.226892185211181
2025-03-21,2025-04-12,23.599999999999998,6.612498,16.987502193450926
2025-03-21,2025-04-13,10.599999999999998,7.3492613,3.250738716125486
2025-03-21,2025-04-14,6.2,6.834226,-0.6342261314392088
2025-03-21,2025-04-15,10.4,9.454233,0.9457668304443363
2025-03-21,2025-04-16,4.4,7.7736745,-3.3736744880676266
2025-03-21,2025-04-17,6.500000000000001,8.617084,-2.117083549499511
2025-03-21,2025-04-18,8.7,8.249969,0.4500314712524407
2025-03-21,2025-04-19,8.1,7.7955885,0.3044115066528317
2025-03-21,2025-04-20,5.6,8.886482,-3.2864822387695316
2025-03-22,2025-03-23,29.199999999999996,8.79245,20.40755004882812
2025-03-22,2025-03-24,32.8,8.4386835,24.361316490173337
2025-03-22,2025-03-25,25.299999999999997,7.834732,17.465267944335935
2025-03-22,2025-03-26,14.2,6.1357822,8.06421775817871
2025-03-22,2025-03-27,13.6,7.660979,5.939021205902099
2025-03-22,2025-03-28,4.6,7.528193,-2.92819299697876
2025-03-22,2025-03-29,5.4,6.8475986,-1.447598552703857
2025-03-22,2025-03-30,6.0,4.9153605,1.084639549255371
2025-03-22,2025-03-31,6.3,9.073374,-2.7733737945556642
2025-03-22,2025-04-01,9.7,7.8713183,1.8286816596984856
2025-03-22,2025-04-02,11.0,9.445004,1.5549955368041992
2025-03-22,2025-04-03,20.7,7.798512,12.901488018035888
2025-03-22,2025-04-04,21.800000000000004,6.7428374,15.057162570953373
2025-03-22,2025-04-05,5.4,6.9930243,-1.5930243492126461
2025-03-22,2025-04-06,4.9,6.6405134,-1.7405134201049801
2025-03-22,2025-04-07,9.3,7.211113,2.088887023925782
2025-03-22,2025-04-08,14.9,7.463816,7.436183834075928
2025-03-22,2025-04-09,8.7,8.698946,0.001054000854491477
2025-03-22,2025-04-10,9.2,5.6861258,3.5138742446899407
2025-03-22,2025-04-11,15.2,6.8803725,8.319627475738525
2025-03-22,2025-04-12,23.599999999999998,6.087224,17.512775993347166
2025-03-22,2025-04-13,10.599999999999998,6.475103,4.124897098541258
2025-03-22,2025-04-14,6.2,7.1808267,-0.9808266639709471
2025-03-22,2025-04-15,10.4,6.9338074,3.4661926269531254
2025-03-22,2025-04-16,4.4,9.421693,-5.021692848205566
2025-03-22,2025-04-17,6.500000000000001,8.029292,-1.529292106628417
2025-03-22,2025-04-18,8.7,8.571392,0.12860794067382741
2025-03-22,2025-04-19,8.1,8.262668,-0.16266765594482457
2025-03-22,2025-04-20,5.6,7.699378,-2.09937801361084
2025-03-22,2025-04-21,10.8,8.996984,1.8030164718627937
2025-03-23,2025-03-24,32.8,8.779265,24.02073459625244
2025-03-23,2025-03-25,25.299999999999997,8.311737,16.988262939453122
2025-03-23,2025-03-26,14.2,7.6778307,6.522169303894042
2025-03-23,2025-03-27,13.6,6.4138,7.18620023727417
2025-03-23,2025-03-28,4.6,7.3817086,-2.78170862197876
2025-03-23,2025-03-29,5.4,7.3909135,-1.9909134864807125
2025-03-23,2025-03-30,6.0,6.7591877,-0.7591876983642578
2025-03-23,2025-03-31,6.3,4.8673096,1.4326904296874998
2025-03-23,2025-04-01,9.7,8.753365,0.946635437011718
2025-03-23,2025-04-02,11.0,7.8861084,3.1138916015625
2025-03-23,2025-04-03,20.7,9.278995,11.4210054397583
2025-03-23,2025-04-04,21.800000000000004,7.918017,13.881983089447026
2025-03-23,2025-04-05,5.4,6.7498655,-1.3498655319213864
2025-03-23,2025-04-06,4.9,6.884316,-1.984315967559814
2025-03-23,2025-04-07,9.3,6.6435137,2.656486320495606
2025-03-23,2025-04-08,14.9,7.418757,7.481243038177491
2025-03-23,2025-04-09,8.7,7.4932504,1.2067496299743645
2025-03-23,2025-04-10,9.2,8.607883,0.5921165466308587
2025-03-23,2025-04-11,15.2,5.703803,9.496196937561034
2025-03-23,2025-04-12,23.599999999999998,6.6353993,16.964600658416746
2025-03-23,2025-04-13,10.599999999999998,6.1122108,4.487789249420164
2025-03-23,2025-04-14,6.2,6.3232994,-0.1232994079589842
2025-03-23,2025-04-15,10.4,7.0469575,3.353042507171631
2025-03-23,2025-04-16,4.4,7.1889176,-2.7889176368713375
2025-03-23,2025-04-17,6.500000000000001,9.269977,-2.769976615905761
2025-03-23,2025-04-18,8.7,8.230167,0.46983261108398366
2025-03-23,2025-04-19,8.1,8.460098,-0.36009826660156286
2025-03-23,2025-04-20,5.6,8.245836,-2.6458362579345707
2025-03-23,2025-04-21,10.8,7.7135105,3.0864894866943366
2025-03-23,2025-04-22,5.8,9.095436,-3.2954360961914064
2025-03-24,2025-03-25,25.299999999999997,8.860209,16.43979053497314
2025-03-24,2025-03-26,14.2,8.201588,5.998412322998046
2025-03-24,2025-03-27,13.6,7.76884,5.831160163879394
2025-03-24,2025-03-28,4.6,6.5556846,-1.955684566497803
2025-03-24,2025-03-29,5.4,7.1949635,-1.794963455200195
2025-03-24,2025-03-30,6.0,7.401976,-1.4019761085510254
2025-03-24,2025-03-31,6.3,6.696086,-0.39608592987060565
2025-03-24,2025-04-01,9.7,4.8161917,4.883808326721191
2025-03-24,2025-04-02,11.0,8.659306,2.3406944274902344
2025-03-24,2025-04-03,20.7,7.8500504,12.849949550628661
2025-03-24,2025-04-04,21.800000000000004,9.328002,12.47199802398682
2025-03-24,2025-04-05,5.4,8.073351,-2.67335090637207
2025-03-24,2025-04-06,4.9,6.7685895,-1.8685894966125485
2025-03-24,2025-04-07,9.3,6.9746504,2.3253496170043952
2025-03-24,2025-04-08,14.9,6.5373964,8.362603569030762
2025-03-24,2025-04-09,8.7,7.4543276,1.245672416687011
2025-03-24,2025-04-10,9.2,7.553065,1.6469351768493645
2025-03-24,2025-04-11,15.2,8.549427,6.650572967529296
2025-03-24,2025-04-12,23.599999999999998,5.6746416,17.925358390808103
2025-03-24,2025-04-13,10.599999999999998,6.513009,4.0869909286499
2025-03-24,2025-04-14,6.2,6.16077,0.039230060577392756
2025-03-24,2025-04-15,10.4,6.311918,4.088082218170166
2025-03-24,2025-04-16,4.4,6.9910083,-2.5910082817077633
2025-03-24,2025-04-17,6.500000000000001,7.2490225,-0.7490224838256827
2025-03-24,2025-04-18,8.7,9.171391,-0.47139053344726634
2025-03-24,2025-04-19,8.1,8.257789,-0.1577886581420902
2025-03-24,2025-04-20,5.6,8.437301,-2.8373006820678714
2025-03-24,2025-04-21,10.8,8.194624,2.605376052856446
2025-03-24,2025-04-22,5.8,7.597584,-1.7975837707519533
2025-03-24,2025-04-23,3.9000000000000004,9.122862,-5.222861862182617
2025-03-25,2025-03-26,14.2,8.942204,5.257795524597167
2025-03-25,2025-03-27,13.6,8.216427,5.383573150634765
2025-03-25,2025-03-28,4.6,7.9218464,-3.321846389770508
2025-03-25,2025-03-29,5.4,6.4883575,-1.0883575439453121
2025-03-25,2025-03-30,6.0,7.3176937,-1.3176937103271484
2025-03-25,2025-03-31,6.3,7.4068646,-1.106864643096924
2025-03-25,2025-04-01,9.7,6.6719313,3.0280687332153313
2025-03-25,2025-04-02,11.0,4.8574324,6.1425676345825195
2025-03-25,2025-04-03,20.7,8.732516,11.967483711242675
2025-03-25,2025-04-04,21.800000000000004,7.8421407,13.95785932540894
2025-03-25,2025-04-05,5.4,9.338338,-3.938337898254394
2025-03-25,2025-04-06,4.9,8.063719,-3.163718795776367
2025-03-25,2025-04-07,9.3,6.9026175,2.397382545471192
2025-03-25,2025-04-08,14.9,7.072865,7.827134990692139
2025-03-25,2025-04-09,8.7,6.45343,2.2465698242187493
2025-03-25,2025-04-10,9.2,7.4084997,1.791500282287597
2025-03-25,2025-04-11,15.2,7.5723042,7.627695751190185
2025-03-25,2025-04-12,23.599999999999998,8.62176,14.97823963165283
2025-03-25,2025-04-13,10.599999999999998,5.587842,5.012158012390135
2025-03-25,2025-04-14,6.2,6.457379,-0.2573788642883299
2025-03-25,2025-04-15,10.4,6.1783137,4.221686267852784
2025-03-25,2025-04-16,4.4,6.605019,-2.205019092559814
2025-03-25,2025-04-17,6.500000000000001,7.131861,-0.6318612098693839
2025-03-25,2025-04-18,8.7,7.2946725,1.4053275108337395
2025-03-25,2025-04-19,8.1,9.063171,-0.9631713867187504
2025-03-25,2025-04-20,5.6,8.110699,-2.5106986999511722
2025-03-25,2025-04-21,10.8,8.354088,2.445912170410157
2025-03-25,2025-04-22,5.8,8.218124,-2.4181243896484377
2025-03-25,2025-04-23,3.9000000000000004,7.491366,-3.5913659095764157
2025-03-25,2025-04-24,8.0,9.121656,-1.1216564178466797
2025-03-26,2025-03-27,13.6,8.987981,4.612019157409668
2025-03-26,2025-03-28,4.6,8.312153,-3.7121528625488285
2025-03-26,2025-03-29,5.4,8.020426,-2.6204257965087887
2025-03-26,2025-03-30,6.0,6.3201394,-0.32013940811157227
2025-03-26,2025-03-31,6.3,7.4948645,-1.1948644638061525
2025-03-26,2025-04-01,9.7,7.4526954,2.2473046302795403
2025-03-26,2025-04-02,11.0,6.6603117,4.339688301086426
2025-03-26,2025-04-03,20.7,4.960368,15.739631843566894
2025-03-26,2025-04-04,21.800000000000004,8.9566965,12.843303489685063
2025-03-26,2025-04-05,5.4,7.7686195,-2.3686195373535153
2025-03-26,2025-04-06,4.9,9.401817,-4.501817321777343
2025-03-26,2025-04-07,9.3,7.951386,1.3486140251159675
2025-03-26,2025-04-08,14.9,7.047321,7.85267915725708
2025-03-26,2025-04-09,8.7,7.0932345,1.6067654609680169
2025-03-26,2025-04-10,9.2,6.4275837,2.7724163055419915
2025-03-26,2025-04-11,15.2,7.3845234,7.8154766082763665
2025-03-26,2025-04-12,23.599999999999998,7.55563,16.04436979293823
2025-03-26,2025-04-13,10.599999999999998,8.685635,1.9143653869628885
2025-03-26,2025-04-14,6.2,5.5346003,0.665399742126465
2025-03-26,2025-04-15,10.4,6.593222,3.806777858734131
2025-03-26,2025-04-16,4.4,6.1460667,-1.7460666656494137
2025-03-26,2025-04-17,6.500000000000001,6.84677,-0.3467698097228995
2025-03-26,2025-04-18,8.7,7.2746787,1.4253212928771966
2025-03-26,2025-04-19,8.1,7.163616,0.9363838195800778
2025-03-26,2025-04-20,5.6,9.120148,-3.5201477050781254
2025-03-26,2025-04-21,10.8,8.004626,2.795373725891114
2025-03-26,2025-04-22,5.8,8.366134,-2.5661336898803713
2025-03-26,2025-04-23,3.9000000000000004,8.212472,-4.312471961975097
2025-03-26,2025-04-24,8.0,7.4314423,0.5685577392578125
2025-03-26,2025-04-25,9.6,9.096513,0.5034872055053707
2025-03-27,2025-03-28,4.6,8.992435,-4.392435455322266
2025-03-27,2025-03-29,5.4,8.427813,-3.027812576293945
2025-03-27,2025-03-30,6.0,8.111343,-2.1113433837890625
2025-03-27,2025-03-31,6.3,6.170125,0.1298749923706053
2025-03-27,2025-04-01,9.7,7.6860113,2.0139886856079094
2025-03-27,2025-04-02,11.0,7.5915427,3.4084572792053223
2025-03-27,2025-04-03,20.7,6.6632276,14.036772441864013
2025-03-27,2025-04-04,21.800000000000004,5.1610775,16.638922500610356
2025-03-27,2025-04-05,5.4,9.11594,-3.7159400939941403
2025-03-27,2025-04-06,4.9,7.736219,-2.836218929290771
2025-03-27,2025-04-07,9.3,9.409569,-0.10956878662109304
2025-03-27,2025-04-08,14.9,7.6891794,7.210820579528809
2025-03-27,2025-04-09,8.7,7.0677023,1.6322977066040032
2025-03-27,2025-04-10,9.2,7.0504236,2.1495763778686516
2025-03-27,2025-04-11,15.2,6.487439,8.712560844421386
2025-03-27,2025-04-12,23.599999999999998,7.4287705,16.171229457855222
2025-03-27,2025-04-13,10.599999999999998,7.5283937,3.0716062545776346
2025-03-27,2025-04-14,6.2,8.751039,-2.5510385513305662
2025-03-27,2025-04-15,10.4,5.475722,4.9242781639099125
2025-03-27,2025-04-16,4.4,6.6830587,-2.2830587387084957
2025-03-27,2025-04-17,6.500000000000001,6.0984807,0.4015192985534677
2025-03-27,2025-04-18,8.7,7.035614,1.6643859863281243
2025-03-27,2025-04-19,8.1,7.4330883,0.666911697387695
2025-03-27,2025-04-20,5.6,6.9820538,-1.3820537567138675
2025-03-27,2025-04-21,10.8,9.177503,1.6224973678588874
2025-03-27,2025-04-22,5.8,7.8329954,-2.032995414733887
2025-03-27,2025-04-23,3.9000000000000004,8.433475,-4.533474540710449
2025-03-27,2025-04-24,8.0,8.211038,-0.21103763580322266
2025-03-27,2025-04-25,9.6,7.397476,2.202523803710937
2025-03-27,2025-04-26,16.7,9.001404,7.698596191406249
2025-03-28,2025-03-29,5.4,9.031797,-3.631797409057617
2025-03-28,2025-03-30,6.0,8.457636,-2.4576358795166016
2025-03-28,2025-03-31,6.3,8.149691,-1.849690628051758
2025-03-28,2025-04-01,9.7,6.1520863,3.547913742065429
2025-03-28,2025-04-02,11.0,7.7522388,3.2477612495422363
2025-03-28,2025-04-03,20.7,7.768285,12.931715202331542
2025-03-28,2025-04-04,21.800000000000004,6.8140025,14.985997486114506
2025-03-28,2025-04-05,5.4,5.2106524,0.18934764862060582
2025-03-28,2025-04-06,4.9,9.183056,-4.2830558776855465
2025-03-28,2025-04-07,9.3,7.8030357,1.4969642639160163
2025-03-28,2025-04-08,14.9,9.503396,5.396603965759278
2025-03-28,2025-04-09,8.7,7.4007497,1.2992503166198723
2025-03-28,2025-04-10,9.2,7.028917,2.171083164215087
2025-03-28,2025-04-11,15.2,7.0136223,8.186377716064452
2025-03-28,2025-04-12,23.599999999999998,6.642915,16.957085227966306
2025-03-28,2025-04-13,10.599999999999998,7.4872313,3.112768745422361
2025-03-28,2025-04-14,6.2,7.4986525,-1.2986524581909178
2025-03-28,2025-04-15,10.4,8.8050165,1.5949834823608402
2025-03-28,2025-04-16,4.4,5.3735695,-0.9735694885253903
2025-03-28,2025-04-17,6.500000000000001,6.7185025,-0.2185025215148917
2025-03-28,2025-04-18,8.7,6.0208716,2.6791283607482903
2025-03-28,2025-04-19,8.1,6.9511423,1.1488576889038082
2025-03-28,2025-04-20,5.6,7.460527,-1.8605269432067875
2025-03-28,2025-04-21,10.8,6.847595,3.9524047851562507
2025-03-28,2025-04-22,5.8,9.214354,-3.4143535614013674
2025-03-28,2025-04-23,3.9000000000000004,7.7632117,-3.8632117271423336
2025-03-28,2025-04-24,8.0,8.517521,-0.5175209045410156
2025-03-28,2025-04-25,9.6,8.186864,1.4131361007690426
2025-03-28,2025-04-26,16.7,7.491745,9.208255004882812
2025-03-28,2025-04-27,17.1,8.895876,8.204124069213869
2025-03-29,2025-03-30,6.0,8.91245,-2.912449836730957
2025-03-29,2025-03-31,6.3,8.453972,-2.153971862792969
2025-03-29,2025-04-01,9.7,7.996511,1.7034890174865716
2025-03-29,2025-04-02,11.0,6.30019,4.699810028076172
2025-03-29,2025-04-03,20.7,7.700632,12.999367904663085
2025-03-29,2025-04-04,21.800000000000004,7.8204937,13.979506301879887
2025-03-29,2025-04-05,5.4,6.761041,-1.361041164398193
2025-03-29,2025-04-06,4.9,5.437972,-0.5379720687866207
2025-03-29,2025-04-07,9.3,9.088633,0.21136741638183665
2025-03-29,2025-04-08,14.9,7.9682503,6.931749725341797
2025-03-29,2025-04-09,8.7,9.359011,-0.6590106964111335
2025-03-29,2025-04-10,9.2,7.3984494,1.8015505790710442
2025-03-29,2025-04-11,15.2,6.972432,8.227567863464355
2025-03-29,2025-04-12,23.599999999999998,6.950895,16.649105167388914
2025-03-29,2025-04-13,10.599999999999998,6.846752,3.753247833251951
2025-03-29,2025-04-14,6.2,7.7573466,-1.5573466300964354
2025-03-29,2025-04-15,10.4,7.4354386,2.9645613670349125
2025-03-29,2025-04-16,4.4,8.856862,-4.456862068176269
2025-03-29,2025-04-17,6.500000000000001,5.3859577,1.114042282104493
2025-03-29,2025-04-18,8.7,6.707137,1.9928628921508782
2025-03-29,2025-04-19,8.1,6.0010376,2.0989624023437496
2025-03-29,2025-04-20,5.6,6.7248144,-1.1248144149780277
2025-03-29,2025-04-21,10.8,7.2583766,3.5416234016418464
2025-03-29,2025-04-22,5.8,7.0366464,-1.236646366119385
2025-03-29,2025-04-23,3.9000000000000004,9.007884,-5.10788402557373
2025-03-29,2025-04-24,8.0,7.871371,0.12862920761108398
2025-03-29,2025-04-25,9.6,8.413852,1.1861482620239254
2025-03-29,2025-04-26,16.7,8.212634,8.487365913391113
2025-03-29,2025-04-27,17.1,7.597655,9.502345180511476
2025-03-29,2025-04-28,12.200000000000001,8.880504,3.3194963455200206
2025-03-30,2025-03-31,6.3,8.845651,-2.545650672912598
2025-03-30,2025-04-01,9.7,8.466176,1.2338239669799798
2025-03-30,2025-04-02,11.0,7.862867,3.1371331214904785
2025-03-30,2025-04-03,20.7,6.486299,14.21370096206665
2025-03-30,2025-04-04,21.800000000000004,7.5936866,14.206313419342045
2025-03-30,2025-04-05,5.4,7.764274,-2.36427412033081
2025-03-30,2025-04-06,4.9,6.8755555,-1.9755555152893063
2025-03-30,2025-04-07,9.3,5.486051,3.8139489173889167
2025-03-30,2025-04-08,14.9,8.952285,5.947715187072754
2025-03-30,2025-04-09,8.7,8.184547,0.515452575683593
2025-03-30,2025-04-10,9.2,9.308176,-0.10817604064941477
2025-03-30,2025-04-11,15.2,7.3621435,7.837856483459472
2025-03-30,2025-04-12,23.599999999999998,6.9918313,16.608168697357176
2025-03-30,2025-04-13,10.599999999999998,6.876482,3.7235179901123026
2025-03-30,2025-04-14,6.2,7.033116,-0.8331158638000487
2025-03-30,2025-04-15,10.4,7.895945,2.504054927825928
2025-03-30,2025-04-16,4.4,7.3792734,-2.979273414611816
2025-03-30,2025-04-17,6.500000000000001,8.955099,-2.45509910583496
2025-03-30,2025-04-18,8.7,5.377916,3.322084140777587
2025-03-30,2025-04-19,8.1,6.695588,1.4044118881225582
2025-03-30,2025-04-20,5.6,5.9364266,-0.3364266395568851
2025-03-30,2025-04-21,10.8,6.4748406,4.325159358978272
2025-03-30,2025-04-22,5.8,7.089385,-1.2893850326538088
2025-03-30,2025-04-23,3.9000000000000004,7.2638183,-3.363818264007568
2025-03-30,2025-04-24,8.0,8.822322,-0.822321891784668
2025-03-30,2025-04-25,9.6,7.90924,1.690760231018066
2025-03-30,2025-04-26,16.7,8.253374,8.446625900268554
2025-03-30,2025-04-27,17.1,8.196473,8.903526878356935
2025-03-30,2025-04-28,12.200000000000001,7.754099,4.445901107788087
2025-03-30,2025-04-29,13.7,8.815207,4.884793472290038
2025-03-31,2025-04-01,9.7,8.7341385,0.965861511230468
2025-03-31,2025-04-02,11.0,8.542735,2.4572649002075195
2025-03-31,2025-04-03,20.7,7.961522,12.738477897644042
2025-03-31,2025-04-04,21.800000000000004,6.6129785,15.187021541595463
2025-03-31,2025-04-05,5.4,7.610265,-2.2102647781372067
2025-03-31,2025-04-06,4.9,7.74171,-2.8417101860046383
2025-03-31,2025-04-07,9.3,6.994982,2.3050182342529304
2025-03-31,2025-04-08,14.9,5.7609115,9.139088535308838
2025-03-31,2025-04-09,8.7,9.142933,-0.44293289184570384
2025-03-31,2025-04-10,9.2,8.308509,0.8914911270141594
2025-03-31,2025-04-11,15.2,9.52794,5.672060203552245
2025-03-31,2025-04-12,23.599999999999998,7.4391828,16.1608172416687
2025-03-31,2025-04-13,10.599999999999998,6.9433885,3.6566115379333475
2025-03-31,2025-04-14,6.2,7.1464505,-0.9464505195617674
2025-03-31,2025-04-15,10.4,7.192785,3.207215213775635
2025-03-31,2025-04-16,4.4,7.6009607,-3.2009607315063473
2025-03-31,2025-04-17,6.500000000000001,7.1223707,-0.6223707199096671
2025-03-31,2025-04-18,8.7,9.0300665,-0.33006649017334055
2025-03-31,2025-04-19,8.1,5.352927,2.7470727920532223
2025-03-31,2025-04-20,5.6,6.830084,-1.2300838470458988
2025-03-31,2025-04-21,10.8,5.939528,4.860472011566163
2025-03-31,2025-04-22,5.8,6.4337087,-0.6337086677551271
2025-03-31,2025-04-23,3.9000000000000004,7.006014,-3.1060138702392575
2025-03-31,2025-04-24,8.0,7.077531,0.9224691390991211
2025-03-31,2025-04-25,9.6,8.806535,0.7934652328491207
2025-03-31,2025-04-26,16.7,7.751891,8.948108863830566
2025-03-31,2025-04-27,17.1,8.295138,8.804861640930177
2025-03-31,2025-04-28,12.200000000000001,8.075382,4.124617767333985
2025-03-31,2025-04-29,13.7,7.587381,6.112619113922118
2025-03-31,2025-04-30,15.4,8.664823,6.735177421569825
2025-04-01,2025-04-02,11.0,8.740818,2.2591819763183594
2025-04-01,2025-04-03,20.7,8.583753,12.116247367858886
2025-04-01,2025-04-04,21.800000000000004,8.003696,13.796303558349614
2025-04-01,2025-04-05,5.4,6.57024,-1.1702400207519528
2025-04-01,2025-04-06,4.9,7.685999,-2.785998916625976
2025-04-01,2025-04-07,9.3,7.627518,1.67248182296753
2025-04-01,2025-04-08,14.9,6.994109,7.905890846252442
2025-04-01,2025-04-09,8.7,5.681455,3.0185448646545403
2025-04-01,2025-04-10,9.2,9.295682,-0.09568195343017649
2025-04-01,2025-04-11,15.2,8.191202,7.00879783630371
2025-04-01,2025-04-12,23.599999999999998,9.691971,13.908029174804685
2025-04-01,2025-04-13,10.599999999999998,7.423661,3.176338768005369
2025-04-01,2025-04-14,6.2,7.0367093,-0.8367093086242674
2025-04-01,2025-04-15,10.4,7.405771,2.9942292213439945
2025-04-01,2025-04-16,4.4,7.059887,-2.6598869323730465
2025-04-01,2025-04-17,6.500000000000001,7.1924443,-0.6924443244934073
2025-04-01,2025-04-18,8.7,7.20153,1.4984700202941887
2025-04-01,2025-04-19,8.1,9.132247,-1.0322469711303714
2025-04-01,2025-04-20,5.6,5.4340863,0.16591367721557582
2025-04-01,2025-04-21,10.8,6.919599,3.8804009437561042
2025-04-01,2025-04-22,5.8,5.980983,-0.18098278045654315
2025-04-01,2025-04-23,3.9000000000000004,6.6504045,-2.7504044532775875
2025-04-01,2025-04-24,8.0,7.3131447,0.6868553161621094
2025-04-01,2025-04-25,9.6,6.9567995,2.6432004928588864
2025-04-01,2025-04-26,16.7,8.885423,7.814577293395995
2025-04-01,2025-04-27,17.1,7.426209,9.673791027069093
2025-04-01,2025-04-28,12.200000000000001,8.190465,4.009535026550294
2025-04-01,2025-04-29,13.7,8.0678215,5.632178497314452
2025-04-01,2025-04-30,15.4,7.6645956,7.735404396057129
2025-04-01,2025-05-01,14.5,8.568252,5.931748390197754
2025-04-02,2025-04-03,20.7,8.733825,11.966175270080566
2025-04-02,2025-04-04,21.800000000000004,8.600924,13.199076461791996
2025-04-02,2025-04-05,5.4,7.911394,-2.511394119262695
2025-04-02,2025-04-06,4.9,6.402771,-1.5027709960937496
2025-04-02,2025-04-07,9.3,7.666041,1.633959102630616
2025-04-02,2025-04-08,14.9,7.4634376,7.436562442779541
2025-04-02,2025-04-09,8.7,6.920623,1.7793771743774407
2025-04-02,2025-04-10,9.2,5.5046153,3.6953846931457512
2025-04-02,2025-04-11,15.2,9.370201,5.8297988891601555
2025-04-02,2025-04-12,23.599999999999998,7.9762836,15.623716449737547
2025-04-02,2025-04-13,10.599999999999998,9.69772,0.9022804260253885
2025-04-02,2025-04-14,6.2,7.414706,-1.214706230163574
2025-04-02,2025-04-15,10.4,7.174612,3.2253879547119144
2025-04-02,2025-04-16,4.4,7.4570704,-3.0570703506469723
2025-04-02,2025-04-17,6.500000000000001,6.837012,-0.33701181411743075
2025-04-02,2025-04-18,8.7,7.0157447,1.6842553138732903
2025-04-02,2025-04-19,8.1,7.289169,0.8108311653137203
2025-04-02,2025-04-20,5.6,9.18529,-3.585290336608887
2025-04-02,2025-04-21,10.8,5.512148,5.287852096557618
2025-04-02,2025-04-22,5.8,7.015305,-1.2153050422668459
2025-04-02,2025-04-23,3.9000000000000004,6.002175,-2.102174854278564
2025-04-02,2025-04-24,8.0,6.8239317,1.1760683059692383
2025-04-02,2025-04-25,9.6,7.531137,2.068863010406494
2025-04-02,2025-04-26,16.7,6.9399757,9.760024261474609
2025-04-02,2025-04-27,17.1,8.951542,8.148458099365236
2025-04-02,2025-04-28,12.200000000000001,7.291741,4.908259105682374
2025-04-02,2025-04-29,13.7,8.075295,5.624704551696777
2025-04-02,2025-04-30,15.4,8.128809,7.271191024780274
2025-04-02,2025-05-01,14.5,7.8485413,6.651458740234375
2025-04-02,2025-05-02,12.3,8.58351,3.7164896011352546
2025-04-03,2025-04-04,21.800000000000004,8.6924305,13.107569503784184
2025-04-03,2025-04-05,5.4,8.672587,-3.272587394714355
2025-04-03,2025-04-06,4.9,7.731537,-2.8315368652343746
2025-04-03,2025-04-07,9.3,6.2404323,3.0595677375793464
2025-04-03,2025-04-08,14.9,7.472804,7.427195930480957
2025-04-03,2025-04-09,8.7,7.296414,1.4035861015319817
2025-04-03,2025-04-10,9.2,6.9155936,2.284406375885009
2025-04-03,2025-04-11,15.2,5.25954,9.94045991897583
2025-04-03,2025-04-12,23.599999999999998,9.372662,14.227338409423826
2025-04-03,2025-04-13,10.599999999999998,7.6961613,2.9038387298583963
2025-04-03,2025-04-14,6.2,9.662278,-3.4622781753540037
2025-04-03,2025-04-15,10.4,7.331411,3.0685891151428226
2025-04-03,2025-04-16,4.4,7.2162995,-2.816299533843994
2025-04-03,2025-04-17,6.500000000000001,7.2894297,-0.7894296646118155
2025-04-03,2025-04-18,8.7,6.600356,2.099643898010253
2025-04-03,2025-04-19,8.1,6.9630795,1.1369205474853512
2025-04-03,2025-04-20,5.6,7.30852,-1.7085198402404789
2025-04-03,2025-04-21,10.8,9.147122,1.652877616882325
2025-04-03,2025-04-22,5.8,5.560757,0.23924283981323224
2025-04-03,2025-04-23,3.9000000000000004,7.110461,-3.2104612350463864
2025-04-03,2025-04-24,8.0,6.0464997,1.9535002708435059
2025-04-03,2025-04-25,9.6,6.8402014,2.7597986221313473
2025-04-03,2025-04-26,16.7,7.624396,9.075604152679443
2025-04-03,2025-04-27,17.1,6.8963537,10.203646278381349
2025-04-03,2025-04-28,12.200000000000001,9.1332035,3.0667964935302745
2025-04-03,2025-04-29,13.7,7.2620687,6.437931251525878
2025-04-03,2025-04-30,15.4,8.0351715,7.364828491210938
2025-04-03,2025-05-01,14.5,8.162027,6.337972640991211
2025-04-03,2025-05-02,12.3,8.03235,4.267650413513184
2025-04-03,2025-05-03,7.0,8.577228,-1.5772275924682617
2025-04-04,2025-04-05,5.4,8.568843,-3.1688428878784176
2025-04-04,2025-04-06,4.9,8.737965,-3.8379646301269528
2025-04-04,2025-04-07,9.3,7.482736,1.8172638893127449
2025-04-04,2025-04-08,14.9,6.1520905,8.747909450531006
2025-04-04,2025-04-09,8.7,7.169873,1.530126762390136
2025-04-04,2025-04-10,9.2,7.10219,2.097809982299804
2025-04-04,2025-04-11,15.2,6.9277735,8.272226524353027
2025-04-04,2025-04-12,23.599999999999998,5.0758376,18.5241623878479
2025-04-04,2025-04-13,10.599999999999998,9.293991,1.3060089111328104
2025-04-04,2025-04-14,6.2,7.404457,-1.204457092285156
2025-04-04,2025-04-15,10.4,9.58361,0.816390419006348
2025-04-04,2025-04-16,4.4,7.284225,-2.884224987030029
2025-04-04,2025-04-17,6.500000000000001,7.1134963,-0.6134963035583487
2025-04-04,2025-04-18,8.7,7.017349,1.682651233673095
2025-04-04,2025-04-19,8.1,6.368685,1.7313152313232418
2025-04-04,2025-04-20,5.6,6.954112,-1.3541120529174808
2025-04-04,2025-04-21,10.8,7.3071866,3.492813396453858
2025-04-04,2025-04-22,5.8,9.093488,-3.2934877395629885
2025-04-04,2025-04-23,3.9000000000000004,5.584624,-1.68462381362915
2025-04-04,2025-04-24,8.0,7.161634,0.8383660316467285
2025-04-04,2025-04-25,9.6,6.115652,3.4843479156494137
2025-04-04,2025-04-26,16.7,6.7309036,9.969096374511718
2025-04-04,2025-04-27,17.1,7.533533,9.566466903686525
2025-04-04,2025-04-28,12.200000000000001,6.902514,5.2974860191345226
2025-04-04,2025-04-29,13.7,9.288377,4.411623191833495
2025-04-04,2025-04-30,15.4,7.326106,8.073893928527832
2025-04-04,2025-05-01,14.5,8.014296,6.48570442199707
2025-04-04,2025-05-02,12.3,8.17618,4.123820114135743
2025-04-04,2025-05-03,7.0,8.135829,-1.135828971862793
2025-04-04,2025-05-04,2.9,8.566333,-5.666332817077636
2025-04-05,2025-04-06,4.9,8.406758,-3.506758308410644
2025-04-05,2025-04-07,9.3,8.7022915,0.5977085113525398
2025-04-05,2025-04-08,14.9,7.1740866,7.725913429260254
2025-04-05,2025-04-09,8.7,6.2806997,2.4193002700805657
2025-04-05,2025-04-10,9.2,6.8126903,2.3873097419738762
2025-04-05,2025-04-11,15.2,6.8796864,8.320313644409179
2025-04-05,2025-04-12,23.599999999999998,6.8029737,16.79702625274658
2025-04-05,2025-04-13,10.599999999999998,4.854131,5.745868778228758
2025-04-05,2025-04-14,6.2,9.089728,-2.8897283554077147
2025-04-05,2025-04-15,10.4,7.2816834,3.1183165550231937
2025-04-05,2025-04-16,4.4,9.334576,-4.9345756530761715
2025-04-05,2025-04-17,6.500000000000001,7.4740586,-0.9740586280822745
2025-04-05,2025-04-18,8.7,7.081672,1.6183278083801262
2025-04-05,2025-04-19,8.1,6.79905,1.3009501457214352
2025-04-05,2025-04-20,5.6,6.2526884,-0.6526884078979496
2025-04-05,2025-04-21,10.8,7.1858153,3.6141846656799324
2025-04-05,2025-04-22,5.8,7.346567,-1.5465671539306642
2025-04-05,2025-04-23,3.9000000000000004,9.041661,-5.141661262512207
2025-04-05,2025-04-24,8.0,5.663252,2.3367481231689453
2025-04-05,2025-04-25,9.6,7.013295,2.58670482635498
2025-04-05,2025-04-26,16.7,6.2198386,10.480161380767822
2025-04-05,2025-04-27,17.1,6.5232654,10.576734638214113
2025-04-05,2025-04-28,12.200000000000001,7.2860837,4.913916301727296
2025-04-05,2025-04-29,13.7,7.2776785,6.422321510314941
2025-04-05,2025-04-30,15.4,9.192702,6.207297706604004
2025-04-05,2025-05-01,14.5,7.661742,6.838257789611816
2025-04-05,2025-05-02,12.3,7.8483214,4.451678562164307
2025-04-05,2025-05-03,7.0,8.296017,-1.2960166931152344
2025-04-05,2025-05-04,2.9,8.320683,-5.420682525634765
2025-04-05,2025-05-05,3.0,8.75973,-5.759730339050293
2025-04-06,2025-04-07,9.3,8.345196,0.9548042297363288
2025-04-06,2025-04-08,14.9,8.540249,6.359751129150391
2025-04-06,2025-04-09,8.7,7.0587115,1.6412884712219231
2025-04-06,2025-04-10,9.2,6.662711,2.537288856506347
2025-04-06,2025-04-11,15.2,6.5320835,8.66791648864746
2025-04-06,2025-04-12,23.599999999999998,6.620302,16.979697799682615
2025-04-06,2025-04-13,10.599999999999998,6.8364487,3.763551330566404
2025-04-06,2025-04-14,6.2,4.7039742,1.4960257530212404
2025-04-06,2025-04-15,10.4,8.778635,1.6213649749755863
2025-04-06,2025-04-16,4.4,7.2089553,-2.8089552879333493
2025-04-06,2025-04-17,6.500000000000001,9.111534,-2.611534118652343
2025-04-06,2025-04-18,8.7,7.615583,1.0844170570373528
2025-04-06,2025-04-19,8.1,7.105869,0.9941311836242672
2025-04-06,2025-04-20,5.6,6.6115546,-1.0115546226501468
2025-04-06,2025-04-21,10.8,6.287341,4.512658882141114
2025-04-06,2025-04-22,5.8,7.4183373,-1.6183373451232912
2025-04-06,2025-04-23,3.9000000000000004,7.422991,-3.522990798950195
2025-04-06,2025-04-24,8.0,8.950187,-0.9501867294311523
2025-04-06,2025-04-25,9.6,5.804109,3.7958909034729
2025-04-06,2025-04-26,16.7,6.8287625,9.871237468719482
2025-04-06,2025-04-27,17.1,6.2902956,10.809704399108888
2025-04-06,2025-04-28,12.200000000000001,6.2518044,5.94819564819336
2025-04-06,2025-04-29,13.7,7.0351524,6.664847564697265
2025-04-06,2025-04-30,15.4,7.7372937,7.662706279754639
2025-04-06,2025-05-01,14.5,8.874159,5.62584114074707
2025-04-06,2025-05-02,12.3,7.906861,4.3931391716003425
2025-04-06,2025-05-03,7.0,7.7471757,-0.7471756935119629
2025-04-06,2025-05-04,2.9,8.381319,-5.4813190460205075
2025-04-06,2025-05-05,3.0,8.547385,-5.547385215759277
2025-04-06,2025-05-06,4.0,8.892209,-4.892209053039551
2025-04-07,2025-04-08,14.9,8.25395,6.646049880981446
2025-04-07,2025-04-09,8.7,8.367542,0.33245773315429616
2025-04-07,2025-04-10,9.2,7.3638496,1.8361503601074212
2025-04-07,2025-04-11,15.2,7.0325623,8.167437744140624
2025-04-07,2025-04-12,23.599999999999998,6.451243,17.148757076263426
2025-04-07,2025-04-13,10.599999999999998,6.5434947,4.0565052986145
2025-04-07,2025-04-14,6.2,6.9758544,-0.7758543968200682
2025-04-07,2025-04-15,10.4,4.80896,5.5910400390625
2025-04-07,2025-04-16,4.4,8.721086,-4.3210855484008786
2025-04-07,2025-04-17,6.500000000000001,7.2227435,-0.7227435111999503
2025-04-07,2025-04-18,8.7,9.058109,-0.35810928344726634
2025-04-07,2025-04-19,8.1,7.7219167,0.3780833244323727
2025-04-07,2025-04-20,5.6,7.0566382,-1.4566382408142093
2025-04-07,2025-04-21,10.8,6.8071585,3.992841529846192
2025-04-07,2025-04-22,5.8,6.4134407,-0.6134407043457033
2025-04-07,2025-04-23,3.9000000000000004,7.2560472,-3.3560472488403317
2025-04-07,2025-04-24,8.0,7.3261228,0.6738772392272949
2025-04-07,2025-04-25,9.6,8.7797365,0.8202634811401364
2025-04-07,2025-04-26,16.7,5.8697557,10.830244255065917
2025-04-07,2025-04-27,17.1,6.7180443,10.381955718994142
2025-04-07,2025-04-28,12.200000000000001,6.432366,5.767634105682374
2025-04-07,2025-04-29,13.7,6.146549,7.553450775146484
2025-04-07,2025-04-30,15.4,6.942868,8.45713176727295
2025-04-07,2025-05-01,14.5,7.8020744,6.697925567626953
2025-04-07,2025-05-02,12.3,8.566834,3.7331655502319343
2025-04-07,2025-05-03,7.0,7.837803,-0.8378028869628906
2025-04-07,2025-05-04,2.9,7.8406143,-4.940614318847656
2025-04-07,2025-05-05,3.0,8.363594,-5.363594055175781
2025-04-07,2025-05-06,4.0,8.451641,-4.451641082763672
2025-04-07,2025-05-07,5.0,8.854993,-3.8549928665161133
2025-04-08,2025-04-09,8.7,8.266357,0.4336425781249993
2025-04-08,2025-04-10,9.2,8.189171,1.0108291625976555
2025-04-08,2025-04-11,15.2,7.6619606,7.538039398193359
2025-04-08,2025-04-12,23.599999999999998,7.224418,16.375581836700437
2025-04-08,2025-04-13,10.599999999999998,6.601747,3.9982529640197733
2025-04-08,2025-04-14,6.2,6.4448094,-0.24480943679809553
2025-04-08,2025-04-15,10.4,7.0404058,3.359594249725342
2025-04-08,2025-04-16,4.4,4.7936707,-0.39367065429687464
2025-04-08,2025-04-17,6.500000000000001,8.688412,-2.1884117126464835
2025-04-08,2025-04-18,8.7,7.140747,1.5592529296874993
2025-04-08,2025-04-19,8.1,8.990749,-0.8907493591308597
2025-04-08,2025-04-20,5.6,7.883374,-2.2833742141723636
2025-04-08,2025-04-21,10.8,7.0268536,3.7731464385986335
2025-04-08,2025-04-22,5.8,7.098936,-1.2989360809326174
2025-04-08,2025-04-23,3.9000000000000004,6.413342,-2.5133419990539547
2025-04-08,2025-04-24,8.0,6.9755325,1.0244674682617188
2025-04-08,2025-04-25,9.6,7.3374615,2.2625385284423825
2025-04-08,2025-04-26,16.7,8.57283,8.127169799804687
2025-04-08,2025-04-27,17.1,5.8805532,11.219446754455568
2025-04-08,2025-04-28,12.200000000000001,6.6291165,5.5708834648132335
2025-04-08,2025-04-29,13.7,6.5593653,7.140634727478027
2025-04-08,2025-04-30,15.4,6.2851567,9.114843273162842
2025-04-08,2025-05-01,14.5,6.986828,7.513172149658203
2025-04-08,2025-05-02,12.3,7.750529,4.5494711875915534
2025-04-08,2025-05-03,7.0,8.351969,-1.351968765258789
2025-04-08,2025-05-04,2.9,7.638763,-4.738762950897216
2025-04-08,2025-05-05,3.0,7.842554,-4.842554092407227
2025-04-08,2025-05-06,4.0,8.236851,-4.236850738525391
2025-04-08,2025-05-07,5.0,8.235658,-3.2356576919555664
2025-04-08,2025-05-08,4.4,8.829853,-4.429853057861328
2025-04-09,2025-04-10,9.2,8.272702,0.9272977828979485
2025-04-09,2025-04-11,15.2,8.089166,7.110834312438964
2025-04-09,2025-04-12,23.599999999999998,7.902567,15.697433090209959
2025-04-09,2025-04-13,10.599999999999998,7.195757,3.4042430877685526
2025-04-09,2025-04-14,6.2,6.898424,-0.6984241485595701
2025-04-09,2025-04-15,10.4,6.4173965,3.982603454589844
2025-04-09,2025-04-16,4.4,7.0748863,-2.674886322021484
2025-04-09,2025-04-17,6.500000000000001,4.7718415,1.7281584739685067
2025-04-09,2025-04-18,8.7,8.716113,-0.01611309051513743
2025-04-09,2025-04-19,8.1,7.0382376,1.061762428283691
2025-04-09,2025-04-20,5.6,8.888735,-3.288734817504883
2025-04-09,2025-04-21,10.8,7.9341335,2.8658664703369148
2025-04-09,2025-04-22,5.8,7.013986,-1.213986110687256
2025-04-09,2025-04-23,3.9000000000000004,7.349346,-3.4493461608886715
2025-04-09,2025-04-24,8.0,6.4006224,1.5993776321411133
2025-04-09,2025-04-25,9.6,6.7349524,2.8650475502014157
2025-04-09,2025-04-26,16.7,7.345769,9.354231071472167
2025-04-09,2025-04-27,17.1,8.425702,8.674297904968263
2025-04-09,2025-04-28,12.200000000000001,5.85456,6.345440101623536
2025-04-09,2025-04-29,13.7,6.5585713,7.141428661346435
2025-04-09,2025-04-30,15.4,6.703234,8.696765804290772
2025-04-09,2025-05-01,14.5,6.598692,7.901308059692383
2025-04-09,2025-05-02,12.3,7.1327734,5.167226600646973
2025-04-09,2025-05-03,7.0,7.6079493,-0.6079492568969727
2025-04-09,2025-05-04,2.9,8.24475,-5.344750022888183
2025-04-09,2025-05-05,3.0,7.4058337,-4.405833721160889
2025-04-09,2025-05-06,4.0,7.8384776,-3.838477611541748
2025-04-09,2025-05-07,5.0,8.089946,-3.0899457931518555
2025-04-09,2025-05-08,4.4,7.98445,-3.5844498634338375
2025-04-09,2025-05-09,8.3,8.804087,-0.5040866851806634
2025-04-10,2025-04-11,15.2,8.25796,6.942039680480956
2025-04-10,2025-04-12,23.599999999999998,8.071311,15.52868900299072
2025-04-10,2025-04-13,10.599999999999998,8.013765,2.58623466491699
2025-04-10,2025-04-14,6.2,7.1317005,-0.9317005157470701
2025-04-10,2025-04-15,10.4,7.108243,3.2917570114135746
2025-04-10,2025-04-16,4.4,6.4317236,-2.031723594665527
2025-04-10,2025-04-17,6.500000000000001,7.204373,-0.7043728828430167
2025-04-10,2025-04-18,8.7,4.715665,3.9843351364135735
2025-04-10,2025-04-19,8.1,8.7445,-0.6445001602172855
2025-04-10,2025-04-20,5.6,6.917486,-1.3174861907958988
2025-04-10,2025-04-21,10.8,8.873164,1.9268358230590827
2025-04-10,2025-04-22,5.8,7.858377,-2.058376979827881
2025-04-10,2025-04-23,3.9000000000000004,6.9804873,-3.0804873466491696
2025-04-10,2025-04-24,8.0,7.44657,0.5534300804138184
2025-04-10,2025-04-25,9.6,6.4135284,3.186471557617187
2025-04-10,2025-04-26,16.7,6.537341,10.162658882141113
2025-04-10,2025-04-27,17.1,7.299178,9.80082187652588
2025-04-10,2025-04-28,12.200000000000001,8.256203,3.943797302246095
2025-04-10,2025-04-29,13.7,5.804111,7.895888996124267
2025-04-10,2025-04-30,15.4,6.581347,8.818653011322022
2025-04-10,2025-05-01,14.5,6.783573,7.716426849365234
2025-04-10,2025-05-02,12.3,6.7917047,5.508295345306397
2025-04-10,2025-05-03,7.0,7.248392,-0.24839210510253906
2025-04-10,2025-05-04,2.9,7.3782377,-4.478237724304199
2025-04-10,2025-05-05,3.0,8.331794,-5.331793785095215
2025-04-10,2025-05-06,4.0,7.2006435,-3.200643539428711
2025-04-10,2025-05-07,5.0,7.9072723,-2.9072723388671875
2025-04-10,2025-05-08,4.4,7.8845015,-3.484501457214355
2025-04-10,2025-05-09,8.3,7.8131895,0.486810493469239
2025-04-10,2025-05-10,8.3,8.695378,-0.3953783035278313
2025-04-11,2025-04-12,23.599999999999998,8.116354,15.483646011352537
2025-04-11,2025-04-13,10.599999999999998,8.0381155,2.5618844985961893
2025-04-11,2025-04-14,6.2,7.9933405,-1.793340492248535
2025-04-11,2025-04-15,10.4,7.082894,3.317106151580811
2025-04-11,2025-04-16,4.4,7.2106824,-2.810682392120361
2025-04-11,2025-04-17,6.500000000000001,6.5429096,-0.042909622192381924
2025-04-11,2025-04-18,8.7,7.4184756,1.2815243721008294
2025-04-11,2025-04-19,8.1,4.8950872,3.204912757873535
2025-04-11,2025-04-20,5.6,8.759863,-3.159862899780274
2025-04-11,2025-04-21,10.8,6.7845078,4.015492248535157
2025-04-11,2025-04-22,5.8,8.990307,-3.190306854248047
2025-04-11,2025-04-23,3.9000000000000004,7.761784,-3.8617840766906735
2025-04-11,2025-04-24,8.0,6.8056297,1.1943702697753906
2025-04-11,2025-04-25,9.6,7.4234676,2.176532363891601
2025-04-11,2025-04-26,16.7,6.462822,10.23717803955078
2025-04-11,2025-04-27,17.1,6.3030744,10.796925640106203
2025-04-11,2025-04-28,12.200000000000001,7.1801004,5.019899559020997
2025-04-11,2025-04-29,13.7,8.086603,5.613396835327148
2025-04-11,2025-04-30,15.4,5.7848973,9.615102672576905
2025-04-11,2025-05-01,14.5,6.7768397,7.723160266876221
2025-04-11,2025-05-02,12.3,6.850824,5.449176120758057
2025-04-11,2025-05-03,7.0,6.7040815,0.29591846466064453
2025-04-11,2025-05-04,2.9,7.211625,-4.3116250991821286
2025-04-11,2025-05-05,3.0,7.060285,-4.0602850914001465
2025-04-11,2025-05-06,4.0,8.510179,-4.510178565979004
2025-04-11,2025-05-07,5.0,7.0649266,-2.0649266242980957
2025-04-11,2025-05-08,4.4,8.119772,-3.7197719573974606
2025-04-11,2025-05-09,8.3,7.614052,0.6859481811523445
2025-04-11,2025-05-10,8.3,7.58258,0.7174199104309089
2025-04-11,2025-05-11,9.9,8.458316,1.4416841506958011
2025-04-12,2025-04-13,10.599999999999998,7.9304485,2.6695514678955057
2025-04-12,2025-04-14,6.2,7.997083,-1.7970831871032713
2025-04-12,2025-04-15,10.4,7.7673836,2.6326164245605472
2025-04-12,2025-04-16,4.4,7.0726857,-2.6726857185363766
2025-04-12,2025-04-17,6.500000000000001,7.0598507,-0.5598506927490225
2025-04-12,2025-04-18,8.7,6.5414405,2.1585595130920403
2025-04-12,2025-04-19,8.1,7.33635,0.7636500358581539
2025-04-12,2025-04-20,5.6,5.009991,0.5900088310241696
2025-04-12,2025-04-21,10.8,8.622968,2.1770322799682624
2025-04-12,2025-04-22,5.8,6.7652674,-0.9652673721313478
2025-04-12,2025-04-23,3.9000000000000004,8.882565,-4.982564544677734
2025-04-12,2025-04-24,8.0,7.897772,0.10222816467285156
2025-04-12,2025-04-25,9.6,6.724262,2.8757377624511715
2025-04-12,2025-04-26,16.7,7.246588,9.453411769866943
2025-04-12,2025-04-27,17.1,6.444627,10.655373191833498
2025-04-12,2025-04-28,12.200000000000001,6.3585896,5.841410350799562
2025-04-12,2025-04-29,13.7,7.118957,6.5810429573059075
2025-04-12,2025-04-30,15.4,7.9598627,7.44013729095459
2025-04-12,2025-05-01,14.5,5.8442316,8.655768394470215
2025-04-12,2025-05-02,12.3,6.8579683,5.4420316696167
2025-04-12,2025-05-03,7.0,6.9232993,0.07670068740844727
2025-04-12,2025-05-04,2.9,6.463011,-3.5630107879638673
2025-04-12,2025-05-05,3.0,7.041108,-4.041108131408691
2025-04-12,2025-05-06,4.0,7.0773783,-3.077378273010254
2025-04-12,2025-05-07,5.0,8.627276,-3.6272764205932617
2025-04-12,2025-05-08,4.4,7.298258,-2.8982578277587887
2025-04-12,2025-05-09,8.3,8.144623,0.1553771972656257
2025-04-12,2025-05-10,8.3,7.5594196,0.7405803680419929
2025-04-12,2025-05-11,9.9,7.4973326,2.4026674270629886
2025-04-12,2025-05-12,10.100000000000001,8.475436,1.6245637893676772
2025-04-13,2025-04-14,6.2,7.811446,-1.611446189880371
2025-04-13,2025-04-15,10.4,8.032134,2.3678659439086918
2025-04-13,2025-04-16,4.4,7.679078,-3.279078102111816
2025-04-13,2025-04-17,6.500000000000001,7.1071086,-0.6071085929870597
2025-04-13,2025-04-18,8.7,6.854469,1.8455311775207512
2025-04-13,2025-04-19,8.1,6.4424586,1.6575413703918453
2025-04-13,2025-04-20,5.6,7.3649445,-1.7649444580078129
2025-04-13,2025-04-21,10.8,4.977141,5.8228590965271
2025-04-13,2025-04-22,5.8,8.488562,-2.6885616302490236
2025-04-13,2025-04-23,3.9000000000000004,6.8782616,-2.978261566162109
2025-04-13,2025-04-24,8.0,8.687316,-0.6873159408569336
2025-04-13,2025-04-25,9.6,7.859803,1.7401968002319332
2025-04-13,2025-04-26,16.7,6.823038,9.87696189880371
2025-04-13,2025-04-27,17.1,6.972691,10.127308940887453
2025-04-13,2025-04-28,12.200000000000001,6.509393,5.690606784820558
2025-04-13,2025-04-29,13.7,6.509126,7.19087381362915
2025-04-13,2025-04-30,15.4,7.062788,8.337211990356446
2025-04-13,2025-05-01,14.5,7.945145,6.554854869842529
2025-04-13,2025-05-02,12.3,5.864237,6.435763168334962
2025-04-13,2025-05-03,7.0,6.8368707,0.16312932968139648
2025-04-13,2025-05-04,2.9,6.9856334,-4.085633373260498
2025-04-13,2025-05-05,3.0,6.336643,-3.3366432189941406
2025-04-13,2025-05-06,4.0,6.9703226,-2.970322608947754
2025-04-13,2025-05-07,5.0,7.2751007,-2.2751007080078125
2025-04-13,2025-05-08,4.4,8.631112,-4.231112098693847
2025-04-13,2025-05-09,8.3,7.562567,0.7374327659606941
2025-04-13,2025-05-10,8.3,8.099423,0.20057659149169993
2025-04-13,2025-05-11,9.9,7.6928253,2.207174682617188
2025-04-13,2025-05-12,10.100000000000001,7.6068835,2.4931164741516127
2025-04-13,2025-05-13,9.3,8.548485,0.751515197753907
2025-04-14,2025-04-15,10.4,7.829062,2.570938014984131
2025-04-14,2025-04-16,4.4,7.9564543,-3.556454277038574
2025-04-14,2025-04-17,6.500000000000001,7.973112,-1.4731121063232413
2025-04-14,2025-04-18,8.7,7.3028555,1.3971445083618157
2025-04-14,2025-04-19,8.1,6.791357,1.3086429595947262
2025-04-14,2025-04-20,5.6,6.6057014,-1.0057014465332035
2025-04-14,2025-04-21,10.8,7.4097223,3.3902776718139656
2025-04-14,2025-04-22,5.8,5.257939,0.542061138153076
2025-04-14,2025-04-23,3.9000000000000004,8.560132,-4.660132026672363
2025-04-14,2025-04-24,8.0,6.9322767,1.067723274230957
2025-04-14,2025-04-25,9.6,8.746071,0.8539291381835934
2025-04-14,2025-04-26,16.7,7.745622,8.954377841949462
2025-04-14,2025-04-27,17.1,6.845643,10.254356956481935
2025-04-14,2025-04-28,12.200000000000001,7.056733,5.14326686859131
2025-04-14,2025-04-29,13.7,6.6383343,7.061665725708007
2025-04-14,2025-04-30,15.4,6.5413537,8.858646297454834
2025-04-14,2025-05-01,14.5,7.047408,7.452591896057129
2025-04-14,2025-05-02,12.3,7.852227,4.4477727890014656
2025-04-14,2025-05-03,7.0,5.8961864,1.103813648223877
2025-04-14,2025-05-04,2.9,6.813882,-3.9138818740844727
2025-04-14,2025-05-05,3.0,7.0508575,-4.0508575439453125
2025-04-14,2025-05-06,4.0,6.3700213,-2.370021343231201
2025-04-14,2025-05-07,5.0,7.077915,-2.0779151916503906
2025-04-14,2025-05-08,4.4,7.1389484,-2.7389484405517575
2025-04-14,2025-05-09,8.3,8.575212,-0.2752115249633782
2025-04-14,2025-05-10,8.3,7.544717,0.755283164978028
2025-04-14,2025-05-11,9.9,8.283207,1.6167930603027347
2025-04-14,2025-05-12,10.100000000000001,7.6837754,2.416224575042726
2025-04-14,2025-05-13,9.3,7.502721,1.7972791671752937
2025-04-14,2025-05-14,7.7,8.469562,-0.7695615768432615
2025-04-15,2025-04-16,4.4,7.904444,-3.5044442176818844
2025-04-15,2025-04-17,6.500000000000001,7.904323,-1.4043231010437003
2025-04-15,2025-04-18,8.7,8.315019,0.3849813461303704
2025-04-15,2025-04-19,8.1,7.2389684,0.8610316276550289
2025-04-15,2025-04-20,5.6,7.0539765,-1.4539765357971195
2025-04-15,2025-04-21,10.8,6.6935687,4.1064312934875495
2025-04-15,2025-04-22,5.8,7.46233,-1.6623298645019533
2025-04-15,2025-04-23,3.9000000000000004,5.241156,-1.3411561012268063
2025-04-15,2025-04-24,8.0,8.619432,-0.6194324493408203
2025-04-15,2025-04-25,9.6,7.0393505,2.560649490356445
2025-04-15,2025-04-26,16.7,8.704965,7.995035362243652
2025-04-15,2025-04-27,17.1,7.662482,9.437518215179445
2025-04-15,2025-04-28,12.200000000000001,6.926727,5.273273181915284
2025-04-15,2025-04-29,13.7,7.264495,6.435505104064941
2025-04-15,2025-04-30,15.4,6.666533,8.73346700668335
2025-04-15,2025-05-01,14.5,6.35134,8.14866018295288
2025-04-15,2025-05-02,12.3,7.0518475,5.2481525421142585
2025-04-15,2025-05-03,7.0,7.757848,-0.757847785949707
2025-04-15,2025-05-04,2.9,5.8987093,-2.998709297180176
2025-04-15,2025-05-05,3.0,6.792248,-3.792247772216797
2025-04-15,2025-05-06,4.0,7.1295195,-3.129519462585449
2025-04-15,2025-05-07,5.0,6.7385683,-1.7385683059692383
2025-04-15,2025-05-08,4.4,7.384304,-2.984304046630859
2025-04-15,2025-05-09,8.3,6.934659,1.365340995788575
2025-04-15,2025-05-10,8.3,8.5917225,-0.2917224884033196
2025-04-15,2025-05-11,9.9,7.2956767,2.604323291778565
2025-04-15,2025-05-12,10.100000000000001,8.352877,1.7471233367919936
2025-04-15,2025-05-13,9.3,7.616792,1.683207798004151
2025-04-15,2025-05-14,7.7,7.300648,0.39935178756713885
2025-04-15,2025-05-15,5.699999999999999,8.405954,-2.7059543609619148
2025-04-16,2025-04-17,6.500000000000001,8.054035,-1.5540351867675772
2025-04-16,2025-04-18,8.7,7.750141,0.9498588562011712
2025-04-16,2025-04-19,8.1,8.478661,-0.3786605834960941
2025-04-16,2025-04-20,5.6,7.1692414,-1.5692414283752445
2025-04-16,2025-04-21,10.8,7.2116327,3.5883672714233406
2025-04-16,2025-04-22,5.8,6.770619,-0.9706189155578615
2025-04-16,2025-04-23,3.9000000000000004,7.481794,-3.581793880462646
2025-04-16,2025-04-24,8.0,5.248712,2.7512879371643066
2025-04-16,2025-04-25,9.6,8.653625,0.946375465393066
2025-04-16,2025-04-26,16.7,7.0578537,9.64214630126953
2025-04-16,2025-04-27,17.1,8.681015,8.418984985351564
2025-04-16,2025-04-28,12.200000000000001,7.5297475,4.670252513885499
2025-04-16,2025-04-29,13.7,7.127655,6.572344970703124
2025-04-16,2025-04-30,15.4,7.40064,7.99935998916626
2025-04-16,2025-05-01,14.5,6.6626744,7.837325572967529
2025-04-16,2025-05-02,12.3,6.411892,5.888108062744141
2025-04-16,2025-05-03,7.0,7.1819344,-0.18193435668945312
2025-04-16,2025-05-04,2.9,7.68751,-4.787510013580322
2025-04-16,2025-05-05,3.0,5.8975224,-2.897522449493408
2025-04-16,2025-05-06,4.0,6.7583036,-2.758303642272949
2025-04-16,2025-05-07,5.0,7.05933,-2.0593299865722656
2025-04-16,2025-05-08,4.4,6.9944596,-2.5944596290588375
2025-04-16,2025-05-09,8.3,7.651159,0.6488411903381355
2025-04-16,2025-05-10,8.3,6.8679547,1.4320452690124519
2025-04-16,2025-05-11,9.9,8.516957,1.3830427169799808
2025-04-16,2025-05-12,10.100000000000001,7.2294044,2.870595550537111
2025-04-16,2025-05-13,9.3,8.3860855,0.9139144897460945
2025-04-16,2025-05-14,7.7,7.585648,0.11435194015502947
2025-04-16,2025-05-15,5.699999999999999,7.359719,-1.6597187995910652
2025-04-16,2025-05-16,7.0,8.4565525,-1.456552505493164
2025-04-17,2025-04-18,8.7,8.027748,0.672251892089843
2025-04-17,2025-04-19,8.1,7.707745,0.39225492477416957
2025-04-17,2025-04-20,5.6,8.544672,-2.944672012329102
2025-04-17,2025-04-21,10.8,7.101265,3.6987350463867195
2025-04-17,2025-04-22,5.8,7.4078445,-1.6078445434570314
2025-04-17,2025-04-23,3.9000000000000004,6.85543,-2.955430126190185
2025-04-17,2025-04-24,8.0,7.5000486,0.4999513626098633
2025-04-17,2025-04-25,9.6,5.550204,4.049796199798584
2025-04-17,2025-04-26,16.7,8.740457,7.959543418884277
2025-04-17,2025-04-27,17.1,7.0198617,10.080138301849367
2025-04-17,2025-04-28,12.200000000000001,8.678219,3.5217811584472667
2025-04-17,2025-04-29,13.7,7.4408174,6.25918264389038
2025-04-17,2025-04-30,15.4,7.016121,8.383879089355469
2025-04-17,2025-05-01,14.5,7.463287,7.036713123321533
2025-04-17,2025-05-02,12.3,6.8046203,5.495379734039307
2025-04-17,2025-05-03,7.0,6.4472904,0.5527095794677734
2025-04-17,2025-05-04,2.9,7.1487203,-4.248720264434814
2025-04-17,2025-05-05,3.0,7.6056757,-4.60567569732666
2025-04-17,2025-05-06,4.0,5.926046,-1.9260458946228027
2025-04-17,2025-05-07,5.0,6.835818,-1.835817813873291
2025-04-17,2025-05-08,4.4,7.0982876,-2.6982875823974606
2025-04-17,2025-05-09,8.3,7.0454507,1.2545493125915534
2025-04-17,2025-05-10,8.3,7.6259155,0.6740844726562507
2025-04-17,2025-05-11,9.9,6.621201,3.2787989616394047
2025-04-17,2025-05-12,10.100000000000001,8.4960375,1.6039625167846694
2025-04-17,2025-05-13,9.3,7.1240325,2.175967502593995
2025-04-17,2025-05-14,7.7,8.503888,-0.8038881301879881
2025-04-17,2025-05-15,5.699999999999999,7.4131055,-1.713105487823487
2025-04-17,2025-05-16,7.0,7.2087107,-0.2087106704711914
2025-04-17,2025-05-17,5.9,8.393659,-2.493658638000488
2025-04-18,2025-04-19,8.1,8.058745,0.04125461578369105
2025-04-18,2025-04-20,5.6,7.7250266,-2.125026607513428
2025-04-18,2025-04-21,10.8,8.573366,2.226633834838868
2025-04-18,2025-04-22,5.8,7.0644774,-1.2644774436950685
2025-04-18,2025-04-23,3.9000000000000004,7.52814,-3.628140068054199
2025-04-18,2025-04-24,8.0,6.9045463,1.0954537391662598
2025-04-18,2025-04-25,9.6,7.612428,1.987571811676025
2025-04-18,2025-04-26,16.7,5.5533576,11.146642398834228
2025-04-18,2025-04-27,17.1,8.711551,8.388449287414552
2025-04-18,2025-04-28,12.200000000000001,7.050815,5.149184894561769
2025-04-18,2025-04-29,13.7,8.665275,5.034725379943847
2025-04-18,2025-04-30,15.4,7.253088,8.146912002563477
2025-04-18,2025-05-01,14.5,6.911504,7.588496208190918
2025-04-18,2025-05-02,12.3,7.4332514,4.8667486190795906
2025-04-18,2025-05-03,7.0,6.907885,0.09211492538452148
2025-04-18,2025-05-04,2.9,6.4370418,-3.537041759490967
2025-04-18,2025-05-05,3.0,7.1584187,-4.158418655395508
2025-04-18,2025-05-06,4.0,7.5494986,-3.5494985580444336
2025-04-18,2025-05-07,5.0,5.8563523,-0.8563523292541504
2025-04-18,2025-05-08,4.4,6.8174667,-2.4174667358398434
2025-04-18,2025-05-09,8.3,7.073524,1.2264760017395027
2025-04-18,2025-05-10,8.3,7.0564117,1.2435882568359382
2025-04-18,2025-05-11,9.9,7.6198916,2.2801083564758304
2025-04-18,2025-05-12,10.100000000000001,6.421525,3.6784749984741225
2025-04-18,2025-05-13,9.3,8.572504,0.7274959564208991
2025-04-18,2025-05-14,7.7,6.9670453,0.7329546928405763
2025-04-18,2025-05-15,5.699999999999999,8.537443,-2.837443161010743
2025-04-18,2025-05-16,7.0,7.2641315,-0.2641315460205078
2025-04-18,2025-05-17,5.9,7.1502237,-1.2502237319946286
2025-04-18,2025-05-18,7.1,8.298066,-1.1980661392211918
2025-04-19,2025-04-20,5.6,8.07479,-2.4747900009155277
2025-04-19,2025-04-21,10.8,7.7771616,3.0228384017944343
2025-04-19,2025-04-22,5.8,8.314136,-2.514135551452637
2025-04-19,2025-04-23,3.9000000000000004,7.1296725,-3.229672527313232
2025-04-19,2025-04-24,8.0,7.3595715,0.6404285430908203
2025-04-19,2025-04-25,9.6,6.8902135,2.709786510467529
2025-04-19,2025-04-26,16.7,7.5882645,9.111735534667968
2025-04-19,2025-04-27,17.1,5.3293586,11.77064142227173
2025-04-19,2025-04-28,12.200000000000001,8.528484,3.671515655517579
2025-04-19,2025-04-29,13.7,7.2077045,6.4922954559326165
2025-04-19,2025-04-30,15.4,8.605138,6.794862174987793
2025-04-19,2025-05-01,14.5,7.30897,7.191030025482178
2025-04-19,2025-05-02,12.3,6.9262547,5.373745250701905
2025-04-19,2025-05-03,7.0,7.363944,-0.36394405364990234
2025-04-19,2025-05-04,2.9,6.9260426,-4.026042556762695
2025-04-19,2025-05-05,3.0,6.62488,-3.624879837036133
2025-04-19,2025-05-06,4.0,7.128022,-3.1280221939086914
2025-04-19,2025-05-07,5.0,7.5722475,-2.5722475051879883
2025-04-19,2025-05-08,4.4,5.756313,-1.3563128471374508
2025-04-19,2025-05-09,8.3,6.642405,1.6575949668884284
2025-04-19,2025-05-10,8.3,7.0264654,1.2735345840454109
2025-04-19,2025-05-11,9.9,6.8989897,3.001010322570801
2025-04-19,2025-05-12,10.100000000000001,7.4870486,2.6129513740539565
2025-04-19,2025-05-13,9.3,6.5909686,2.7090313911437995
2025-04-19,2025-05-14,7.7,8.639867,-0.9398668289184569
2025-04-19,2025-05-15,5.699999999999999,7.1215386,-1.4215386390686042
2025-04-19,2025-05-16,7.0,8.343991,-1.3439912796020508
2025-04-19,2025-05-17,5.9,7.2266145,-1.3266144752502438
2025-04-19,2025-05-18,7.1,7.2385364,-0.13853635787963903
2025-04-19,2025-05-19,7.9,8.3553,-0.45529994964599574
2025-04-20,2025-04-21,10.8,8.063008,2.736991691589356
2025-04-20,2025-04-22,5.8,7.7706122,-1.9706122398376467
2025-04-20,2025-04-23,3.9000000000000004,8.136554,-4.236553764343261
2025-04-20,2025-04-24,8.0,7.350407,0.6495928764343262
2025-04-20,2025-04-25,9.6,7.1596155,2.440384483337402
2025-04-20,2025-04-26,16.7,6.8209047,9.879095268249511
2025-04-20,2025-04-27,17.1,7.571966,9.528033828735353
2025-04-20,2025-04-28,12.200000000000001,5.2733912,6.926608753204347
2025-04-20,2025-04-29,13.7,8.298772,5.401228141784667
2025-04-20,2025-04-30,15.4,7.3580203,8.041979694366455
2025-04-20,2025-05-01,14.5,8.544645,5.955354690551758
2025-04-20,2025-05-02,12.3,7.415124,4.8848760604858406
2025-04-20,2025-05-03,7.0,6.947446,0.05255413055419922
2025-04-20,2025-05-04,2.9,7.345194,-4.445193862915039
2025-04-20,2025-05-05,3.0,6.996397,-3.996397018432617
2025-04-20,2025-05-06,4.0,6.8262696,-2.8262696266174316
2025-04-20,2025-05-07,5.0,7.0317802,-2.031780242919922
2025-04-20,2025-05-08,4.4,7.6327147,-3.232714748382568
2025-04-20,2025-05-09,8.3,5.713248,2.5867522239685066
2025-04-20,2025-05-10,8.3,6.3983335,1.901666450500489
2025-04-20,2025-05-11,9.9,7.0016394,2.898360633850098
2025-04-20,2025-05-12,10.100000000000001,6.679908,3.4200922012329116
2025-04-20,2025-05-13,9.3,7.258789,2.0412109375000007
2025-04-20,2025-05-14,7.7,6.8372307,0.8627693176269533
2025-04-20,2025-05-15,5.699999999999999,8.527337,-2.827337074279786
2025-04-20,2025-05-16,7.0,7.322344,-0.3223438262939453
2025-04-20,2025-05-17,5.9,8.213483,-2.313482856750488
2025-04-20,2025-05-18,7.1,7.2244983,-0.12449827194213903
2025-04-20,2025-05-19,7.9,7.2874312,0.6125687599182132
2025-04-20,2025-05-20,7.4,8.422326,-1.0223260879516598
2025-04-21,2025-04-22,5.8,7.9658403,-2.1658403396606447
2025-04-21,2025-04-23,3.9000000000000004,7.76832,-3.8683200836181637
2025-04-21,2025-04-24,8.0,8.393598,-0.3935976028442383
2025-04-21,2025-04-25,9.6,7.575854,2.024146175384521
2025-04-21,2025-04-26,16.7,7.089873,9.610127162933349
2025-04-21,2025-04-27,17.1,6.9074316,10.192568397521974
2025-04-21,2025-04-28,12.200000000000001,7.7145495,4.485450458526612
2025-04-21,2025-04-29,13.7,5.585654,8.11434621810913
2025-04-21,2025-04-30,15.4,8.330212,7.0697883605957035
2025-04-21,2025-05-01,14.5,7.5195365,6.98046350479126
2025-04-21,2025-05-02,12.3,8.630011,3.6699893951416023
2025-04-21,2025-05-03,7.0,7.408544,-0.40854406356811523
2025-04-21,2025-05-04,2.9,6.9396424,-4.039642429351806
2025-04-21,2025-05-05,3.0,7.5525956,-4.552595615386963
2025-04-21,2025-05-06,4.0,7.1703076,-3.1703076362609863
2025-04-21,2025-05-07,5.0,6.7158813,-1.71588134765625
2025-04-21,2025-05-08,4.4,6.7752686,-2.3752685546874996
2025-04-21,2025-05-09,8.3,7.5465407,0.7534592628479011
2025-04-21,2025-05-10,8.3,5.729523,2.5704768180847175
2025-04-21,2025-05-11,9.9,6.403605,3.496395015716553
2025-04-21,2025-05-12,10.100000000000001,7.050818,3.04918203353882
2025-04-21,2025-05-13,9.3,6.5923166,2.7076833724975593
2025-04-21,2025-05-14,7.7,7.196178,0.5038220405578615
2025-04-21,2025-05-15,5.699999999999999,6.758034,-1.0580342292785652
2025-04-21,2025-05-16,7.0,8.380678,-1.3806781768798828
2025-04-21,2025-05-17,5.9,7.224479,-1.3244791984558102
2025-04-21,2025-05-18,7.1,8.405295,-1.3052953720092777
2025-04-21,2025-05-19,7.9,7.198191,0.7018088340759281
2025-04-21,2025-05-20,7.4,7.121621,0.2783788681030277
2025-04-21,2025-05-21,8.6,8.237541,0.3624588012695309
2025-04-22,2025-04-23,3.9000000000000004,8.002413,-4.1024127960205075
2025-04-22,2025-04-24,8.0,7.675446,0.3245539665222168
2025-04-22,2025-04-25,9.6,8.641501,0.9584985733032223
2025-04-22,2025-04-26,16.7,7.623765,9.076235008239745
2025-04-22,2025-04-27,17.1,7.3142323,9.78576765060425
2025-04-22,2025-04-28,12.200000000000001,6.932942,5.267058086395265
2025-04-22,2025-04-29,13.7,7.7556367,5.94436330795288
2025-04-22,2025-04-30,15.4,5.793172,9.606828117370606
2025-04-22,2025-05-01,14.5,8.433569,6.066431045532227
2025-04-22,2025-05-02,12.3,7.5505104,4.74948959350586
2025-04-22,2025-05-03,7.0,8.724036,-1.7240362167358398
2025-04-22,2025-05-04,2.9,7.4609685,-4.560968494415283
2025-04-22,2025-05-05,3.0,6.9799495,-3.979949474334717
2025-04-22,2025-05-06,4.0,7.822591,-3.8225908279418945
2025-04-22,2025-05-07,5.0,7.223075,-2.2230749130249023
2025-04-22,2025-05-08,4.4,6.547331,-2.147330856323242
2025-04-22,2025-05-09,8.3,6.7869315,1.5130684852600105
2025-04-22,2025-05-10,8.3,7.52062,0.779380130767823
2025-04-22,2025-05-11,9.9,5.7678976,4.132102394104004
2025-04-22,2025-05-12,10.100000000000001,6.4796934,3.6203065872192397
2025-04-22,2025-05-13,9.3,7.0223346,2.2776654243469245
2025-04-22,2025-05-14,7.7,6.7763343,0.9236657142639162
2025-04-22,2025-05-15,5.699999999999999,7.259078,-1.5590780258178718
2025-04-22,2025-05-16,7.0,6.632362,0.36763811111450195
2025-04-22,2025-05-17,5.9,8.231625,-2.331624603271484
2025-04-22,2025-05-18,7.1,7.0320826,0.06791744232177699
2025-04-22,2025-05-19,7.9,8.465688,-0.5656877517700192
2025-04-22,2025-05-20,7.4,7.088042,0.31195821762084996
2025-04-22,2025-05-21,8.6,6.9511976,1.6488023757934567
2025-04-22,2025-05-22,6.7,8.142936,-1.4429357528686522
2025-04-23,2025-04-24,8.0,7.9787464,0.021253585815429688
2025-04-23,2025-04-25,9.6,7.679085,1.9209152221679684
2025-04-23,2025-04-26,16.7,8.868699,7.831300926208495
2025-04-23,2025-04-27,17.1,7.442545,9.657455062866212
2025-04-23,2025-04-28,12.200000000000001,7.720691,4.479308795928956
2025-04-23,2025-04-29,13.7,7.0019817,6.698018264770507
2025-04-23,2025-04-30,15.4,7.7642593,7.635740661621094
2025-04-23,2025-05-01,14.5,5.892958,8.607041835784912
2025-04-23,2025-05-02,12.3,8.515876,3.784124183654786
2025-04-23,2025-05-03,7.0,7.6012845,-0.6012845039367676
2025-04-23,2025-05-04,2.9,8.631551,-5.731550788879394
2025-04-23,2025-05-05,3.0,7.3540726,-4.354072570800781
2025-04-23,2025-05-06,4.0,6.9938483,-2.9938483238220215
2025-04-23,2025-05-07,5.0,8.002743,-3.0027427673339844
2025-04-23,2025-05-08,4.4,7.2476864,-2.847686386108398
2025-04-23,2025-05-09,8.3,6.3784223,1.9215777397155769
2025-04-23,2025-05-10,8.3,6.76791,1.5320899963378913
2025-04-23,2025-05-11,9.9,7.5312185,2.3687814712524418
2025-04-23,2025-05-12,10.100000000000001,5.7946,4.3053999900817885
2025-04-23,2025-05-13,9.3,6.5221395,2.7778604507446296
2025-04-23,2025-05-14,7.7,7.0794253,0.6205746650695803
2025-04-23,2025-05-15,5.699999999999999,7.1426845,-1.44268445968628
2025-04-23,2025-05-16,7.0,7.4456306,-0.4456305503845215
2025-04-23,2025-05-17,5.9,6.4128633,-0.5128632545471188
2025-04-23,2025-05-18,7.1,8.187646,-1.0876459121704105
2025-04-23,2025-05-19,7.9,6.716482,1.1835178375244144
2025-04-23,2025-05-20,7.4,8.535747,-1.1357465744018551
2025-04-23,2025-05-21,8.6,7.011679,1.5883208274841305
2025-04-23,2025-05-22,6.7,6.709135,-0.00913505554199201
2025-04-23,2025-05-23,8.5,8.041656,0.4583444595336914
2025-04-24,2025-04-25,9.6,8.029236,1.5707641601562496
2025-04-24,2025-04-26,16.7,7.647803,9.052197170257568
2025-04-24,2025-04-27,17.1,8.950525,8.149474716186525
2025-04-24,2025-04-28,12.200000000000001,7.3369026,4.863097381591798
2025-04-24,2025-04-29,13.7,7.97158,5.728419971466064
2025-04-24,2025-04-30,15.4,6.9994545,8.400545501708985
2025-04-24,2025-05-01,14.5,7.795329,6.7046709060668945
2025-04-24,2025-05-02,12.3,5.930891,6.369108963012696
2025-04-24,2025-05-03,7.0,8.539376,-1.5393762588500977
2025-04-24,2025-05-04,2.9,7.541448,-4.64144811630249
2025-04-24,2025-05-05,3.0,8.609415,-5.609415054321289
2025-04-24,2025-05-06,4.0,7.3269424,-3.3269424438476562
2025-04-24,2025-05-07,5.0,6.9268613,-1.92686128616333
2025-04-24,2025-05-08,4.4,8.051793,-3.6517930984497067
2025-04-24,2025-05-09,8.3,7.28897,1.0110300064086921
2025-04-24,2025-05-10,8.3,6.3833733,1.9166267395019538
2025-04-24,2025-05-11,9.9,6.7918468,3.1081532478332523
2025-04-24,2025-05-12,10.100000000000001,7.445776,2.654224014282228
2025-04-24,2025-05-13,9.3,5.8356023,3.4643977165222175
2025-04-24,2025-05-14,7.7,6.5913053,1.1086947441101076
2025-04-24,2025-05-15,5.699999999999999,7.0853324,-1.385332393646241
2025-04-24,2025-05-16,7.0,7.3034883,-0.30348825454711914
2025-04-24,2025-05-17,5.9,7.4316883,-1.53168830871582
2025-04-24,2025-05-18,7.1,6.2261004,0.8738995552062985
2025-04-24,2025-05-19,7.9,8.186249,-0.28624877929687464
2025-04-24,2025-05-20,7.4,6.552156,0.8478440284729007
2025-04-24,2025-05-21,8.6,8.62029,-0.020289802551269887
2025-04-24,2025-05-22,6.7,6.8243165,-0.12431650161743146
2025-04-24,2025-05-23,8.5,6.556594,1.943406105041504
2025-04-24,2025-05-24,6.7,8.008727,-1.3087270736694334
2025-04-25,2025-04-26,16.7,8.045771,8.654229354858398
2025-04-25,2025-04-27,17.1,7.6418147,9.458185291290285
2025-04-25,2025-04-28,12.200000000000001,8.98165,3.2183496475219737
2025-04-25,2025-04-29,13.7,7.304545,6.395455074310302
2025-04-25,2025-04-30,15.4,8.1420765,7.25792350769043
2025-04-25,2025-05-01,14.5,7.067295,7.432704925537109
2025-04-25,2025-05-02,12.3,7.8645315,4.435468482971192
2025-04-25,2025-05-03,7.0,5.9637566,1.0362434387207031
2025-04-25,2025-05-04,2.9,8.469602,-5.56960163116455
2025-04-25,2025-05-05,3.0,7.4956036,-4.495603561401367
2025-04-25,2025-05-06,4.0,8.590972,-4.590971946716309
2025-04-25,2025-05-07,5.0,7.2901683,-2.290168285369873
2025-04-25,2025-05-08,4.4,6.741784,-2.34178409576416
2025-04-25,2025-05-09,8.3,8.072143,0.22785739898681712
2025-04-25,2025-05-10,8.3,7.3637075,0.9362924575805671
2025-04-25,2025-05-11,9.9,6.399911,3.5000890731811527
2025-04-25,2025-05-12,10.100000000000001,6.7797647,3.320235347747804
2025-04-25,2025-05-13,9.3,7.340145,1.9598548889160163
2025-04-25,2025-05-14,7.7,5.799544,1.9004561424255373
2025-04-25,2025-05-15,5.699999999999999,6.5775914,-0.8775914192199714
2025-04-25,2025-05-16,7.0,7.1347218,-0.1347217559814453
2025-04-25,2025-05-17,5.9,7.3224115,-1.4224115371704098
2025-04-25,2025-05-18,7.1,7.3260126,-0.2260126113891605
2025-04-25,2025-05-19,7.9,6.0460353,1.853964710235596
2025-04-25,2025-05-20,7.4,8.2176075,-0.817607498168945
2025-04-25,2025-05-21,8.6,6.398155,2.201844787597656
2025-04-25,2025-05-22,6.7,8.723309,-2.0233085632324217
2025-04-25,2025-05-23,8.5,6.607256,1.8927440643310547
2025-04-25,2025-05-24,6.7,6.3425183,0.35748167037963885
2025-04-25,2025-05-25,5.0,7.928379,-2.9283790588378906
2025-04-26,2025-04-27,17.1,8.014889,9.085111236572267
2025-04-26,2025-04-28,12.200000000000001,7.6138005,4.586199474334718
2025-04-26,2025-04-29,13.7,8.73436,4.965640258789062
2025-04-26,2025-04-30,15.4,7.37039,8.029610061645508
2025-04-26,2025-05-01,14.5,8.085686,6.414314270019531
2025-04-26,2025-05-02,12.3,7.0487814,5.251218605041505
2025-04-26,2025-05-03,7.0,7.7610903,-0.7610902786254883
2025-04-26,2025-05-04,2.9,5.8450694,-2.945069408416748
2025-04-26,2025-05-05,3.0,8.248308,-5.248308181762695
2025-04-26,2025-05-06,4.0,7.5382376,-3.5382375717163086
2025-04-26,2025-05-07,5.0,8.494615,-3.494614601135254
2025-04-26,2025-05-08,4.4,7.526798,-3.126797771453857
2025-04-26,2025-05-09,8.3,6.6695194,1.6304805755615241
2025-04-26,2025-05-10,8.3,8.005738,0.2942617416381843
2025-04-26,2025-05-11,9.9,7.35697,2.543030166625977
2025-04-26,2025-05-12,10.100000000000001,6.5601487,3.539851284027101
2025-04-26,2025-05-13,9.3,6.764188,2.535812187194825
2025-04-26,2025-05-14,7.7,7.2935643,0.4064356803894045
2025-04-26,2025-05-15,5.699999999999999,5.77735,-0.07734994888305735
2025-04-26,2025-05-16,7.0,6.4845567,0.5154433250427246
2025-04-26,2025-05-17,5.9,7.1526523,-1.252652263641357
2025-04-26,2025-05-18,7.1,7.1390305,-0.039030456542969105
2025-04-26,2025-05-19,7.9,7.0727158,0.8272842407226566
2025-04-26,2025-05-20,7.4,6.21702,1.1829799652099613
2025-04-26,2025-05-21,8.6,8.214291,0.38570938110351527
2025-04-26,2025-05-22,6.7,6.5620823,0.13791770935058612
2025-04-26,2025-05-23,8.5,8.613923,-0.1139230728149414
2025-04-26,2025-05-24,6.7,6.5186734,0.1813265800476076
2025-04-26,2025-05-25,5.0,6.2744565,-1.27445650100708
2025-04-26,2025-05-26,5.2,8.009085,-2.8090847015380858
2025-04-27,2025-04-28,12.200000000000001,7.934839,4.265161228179933
2025-04-27,2025-04-29,13.7,7.609214,6.090786170959472
2025-04-27,2025-04-30,15.4,8.528483,6.871516609191895
2025-04-27,2025-05-01,14.5,7.4303694,7.0696306228637695
2025-04-27,2025-05-02,12.3,8.005071,4.294929313659669
2025-04-27,2025-05-03,7.0,6.9876013,0.012398719787597656
2025-04-27,2025-05-04,2.9,7.641158,-4.741158103942871
2025-04-27,2025-05-05,3.0,5.923212,-2.9232120513916016
2025-04-27,2025-05-06,4.0,8.088975,-4.088974952697754
2025-04-27,2025-05-07,5.0,7.552151,-2.5521512031555176
2025-04-27,2025-05-08,4.4,8.40623,-4.006229972839355
2025-04-27,2025-05-09,8.3,7.7822495,0.517750549316407
2025-04-27,2025-05-10,8.3,6.6618314,1.6381686210632331
2025-04-27,2025-05-11,9.9,7.9378777,1.9621223449707035
2025-04-27,2025-05-12,10.100000000000001,7.360185,2.7398148536682143
2025-04-27,2025-05-13,9.3,6.6936297,2.6063702583312995
2025-04-27,2025-05-14,7.7,6.712344,0.987655830383301
2025-04-27,2025-05-15,5.699999999999999,7.329973,-1.629973220825196
2025-04-27,2025-05-16,7.0,5.771132,1.228868007659912
2025-04-27,2025-05-17,5.9,6.439074,-0.5390740394592282
2025-04-27,2025-05-18,7.1,7.1908383,-0.09083833694458043
2025-04-27,2025-05-19,7.9,7.0068254,0.8931745529174808
2025-04-27,2025-05-20,7.4,6.8513417,0.5486582756042484
2025-04-27,2025-05-21,8.6,6.4479437,2.152056312561035
2025-04-27,2025-05-22,6.7,8.124337,-1.4243371963500975
2025-04-27,2025-05-23,8.5,6.785374,1.7146258354187012
2025-04-27,2025-05-24,6.7,8.530368,-1.830367851257324
2025-04-27,2025-05-25,5.0,6.5167813,-1.5167813301086426
2025-04-27,2025-05-26,5.2,6.172363,-0.9723628044128416
2025-04-27,2025-05-27,4.7,8.112845,-3.412845420837402
2025-04-28,2025-04-29,13.7,7.8574433,5.84255666732788
2025-04-28,2025-04-30,15.4,7.5999045,7.800095462799073
2025-04-28,2025-05-01,14.5,8.599651,5.900348663330078
2025-04-28,2025-05-02,12.3,7.6525016,4.6474984169006355
2025-04-28,2025-05-03,7.0,7.8485355,-0.8485355377197266
2025-04-28,2025-05-04,2.9,7.012281,-4.112280941009521
2025-04-28,2025-05-05,3.0,7.641754,-4.641754150390625
2025-04-28,2025-05-06,4.0,6.207105,-2.2071051597595215
2025-04-28,2025-05-07,5.0,8.202558,-3.2025575637817383
2025-04-28,2025-05-08,4.4,7.518865,-3.11886510848999
2025-04-28,2025-05-09,8.3,8.558479,-0.25847930908203054
2025-04-28,2025-05-10,8.3,7.8689375,0.43106250762939524
2025-04-28,2025-05-11,9.9,6.628853,3.271147155761719
2025-04-28,2025-05-12,10.100000000000001,8.137817,1.9621826171875014
2025-04-28,2025-05-13,9.3,7.4493155,1.8506844520568855
2025-04-28,2025-05-14,7.7,6.580981,1.1190192222595217
2025-04-28,2025-05-15,5.699999999999999,6.6092796,-0.9092796325683601
2025-04-28,2025-05-16,7.0,7.279898,-0.27989816665649414
2025-04-28,2025-05-17,5.9,5.7289906,0.17100944519043004
2025-04-28,2025-05-18,7.1,6.4549417,0.6450582504272457
2025-04-28,2025-05-19,7.9,7.210524,0.6894759178161625
2025-04-28,2025-05-20,7.4,6.8996515,0.5003484725952152
2025-04-28,2025-05-21,8.6,6.78366,1.816340065002441
2025-04-28,2025-05-22,6.7,6.36505,0.3349501609802248
2025-04-28,2025-05-23,8.5,8.0595665,0.4404335021972656
2025-04-28,2025-05-24,6.7,6.7957,-0.09570007324218732
2025-04-28,2025-05-25,5.0,8.608468,-3.6084680557250977
2025-04-28,2025-05-26,5.2,6.454824,-1.2548239707946776
2025-04-28,2025-05-27,4.7,6.0362315,-1.3362315177917479
2025-04-28,2025-05-28,5.5,8.060133,-2.5601329803466797
2025-04-29,2025-04-30,15.4,7.9071116,7.492888355255127
2025-04-29,2025-05-01,14.5,7.564238,6.93576192855835
2025-04-29,2025-05-02,12.3,8.664181,3.6358192443847663
2025-04-29,2025-05-03,7.0,7.635453,-0.6354532241821289
2025-04-29,2025-05-04,2.9,7.902572,-5.002572154998779
2025-04-29,2025-05-05,3.0,6.903526,-3.9035258293151855
2025-04-29,2025-05-06,4.0,7.543296,-3.5432958602905273
2025-04-29,2025-05-07,5.0,6.3019123,-1.3019123077392578
2025-04-29,2025-05-08,4.4,8.307956,-3.907955741882324
2025-04-29,2025-05-09,8.3,7.3888955,0.9111044883728034
2025-04-29,2025-05-10,8.3,8.636206,-0.3362056732177727
2025-04-29,2025-05-11,9.9,7.943411,1.9565891265869144
2025-04-29,2025-05-12,10.100000000000001,6.677811,3.4221888542175307
2025-04-29,2025-05-13,9.3,8.267753,1.0322473526000984
2025-04-29,2025-05-14,7.7,7.3340607,0.3659393310546877
2025-04-29,2025-05-15,5.699999999999999,6.448558,-0.7485578536987312
2025-04-29,2025-05-16,7.0,6.6563034,0.34369659423828125
2025-04-29,2025-05-17,5.9,7.32872,-1.4287200927734371
2025-04-29,2025-05-18,7.1,5.7298956,1.3701044082641598
2025-04-29,2025-05-19,7.9,6.508452,1.39154806137085
2025-04-29,2025-05-20,7.4,7.1492786,0.25072135925293004
2025-04-29,2025-05-21,8.6,6.986515,1.613484954833984
2025-04-29,2025-05-22,6.7,6.808981,-0.10898094177246076
2025-04-29,2025-05-23,8.5,6.288327,2.211672782897949
2025-04-29,2025-05-24,6.7,7.9791794,-1.2791793823242186
2025-04-29,2025-05-25,5.0,6.6677713,-1.667771339416504
2025-04-29,2025-05-26,5.2,8.550352,-3.350352096557617
2025-04-29,2025-05-27,4.7,6.404464,-1.704463768005371
2025-04-29,2025-05-28,5.5,5.92739,-0.42739009857177734
2025-04-29,2025-05-29,6.8,8.07699,-1.2769901275634767
2025-04-30,2025-05-01,14.5,7.935825,6.564175128936768
2025-04-30,2025-05-02,12.3,7.564472,4.735527801513673
2025-04-30,2025-05-03,7.0,8.679648,-1.6796483993530273
2025-04-30,2025-05-04,2.9,7.4817247,-4.581724739074707
2025-04-30,2025-05-05,3.0,7.9746985,-4.974698543548584
2025-04-30,2025-05-06,4.0,6.791976,-2.791975975036621
2025-04-30,2025-05-07,5.0,7.382632,-2.382631778717041
2025-04-30,2025-05-08,4.4,6.372817,-1.9728170394897457
2025-04-30,2025-05-09,8.3,8.425,-0.12500019073486257
2025-04-30,2025-05-10,8.3,7.2391615,1.0608385086059577
2025-04-30,2025-05-11,9.9,8.630312,1.2696880340576175
2025-04-30,2025-05-12,10.100000000000001,7.9926205,2.107379531860353
2025-04-30,2025-05-13,9.3,6.7196355,2.5803645133972175
2025-04-30,2025-05-14,7.7,8.328795,-0.6287954330444334
2025-04-30,2025-05-15,5.699999999999999,7.190563,-1.4905632019042976
2025-04-30,2025-05-16,7.0,6.3826094,0.6173906326293945
2025-04-30,2025-05-17,5.9,6.660689,-0.7606888771057125
2025-04-30,2025-05-18,7.1,7.3697057,-0.26970567703247106
2025-04-30,2025-05-19,7.9,5.723248,2.1767519950866703
2025-04-30,2025-05-20,7.4,6.5511217,0.8488782882690433
2025-04-30,2025-05-21,8.6,7.09941,1.5005899429321286
2025-04-30,2025-05-22,6.7,7.053331,-0.35333089828491193
2025-04-30,2025-05-23,8.5,6.808439,1.691561222076416
2025-04-30,2025-05-24,6.7,6.1614804,0.5385195732116701
2025-04-30,2025-05-25,5.0,7.954961,-2.954960823059082
2025-04-30,2025-05-26,5.2,6.586593,-1.3865931510925291
2025-04-30,2025-05-27,4.7,8.492731,-3.7927310943603514
2025-04-30,2025-05-28,5.5,6.3647165,-0.8647165298461914
2025-04-30,2025-05-29,6.8,5.798382,1.001618194580078
2025-04-30,2025-05-30,7.2,8.169423,-0.9694231033325194
2025-05-01,2025-05-02,12.3,7.8728004,4.427199649810792
2025-05-01,2025-05-03,7.0,7.6144943,-0.6144943237304688
2025-05-01,2025-05-04,2.9,8.562947,-5.662947273254394
2025-05-01,2025-05-05,3.0,7.2504935,-4.25049352645874
2025-05-01,2025-05-06,4.0,7.8212705,-3.82127046585083
2025-05-01,2025-05-07,5.0,6.615745,-1.6157450675964355
2025-05-01,2025-05-08,4.4,7.312641,-2.9126411437988278
2025-05-01,2025-05-09,8.3,6.3407736,1.9592264175415046
2025-05-01,2025-05-10,8.3,8.599676,-0.2996761322021477
2025-05-01,2025-05-11,9.9,6.941524,2.958475971221924
2025-05-01,2025-05-12,10.100000000000001,8.713169,1.3868309020996108
2025-05-01,2025-05-13,9.3,7.893844,1.4061558723449714
2025-05-01,2025-05-14,7.7,6.730889,0.9691111564636232
2025-05-01,2025-05-15,5.699999999999999,8.25665,-2.5566499710083015
2025-05-01,2025-05-16,7.0,7.0426936,-0.0426936149597168
2025-05-01,2025-05-17,5.9,6.2125063,-0.3125062942504879
2025-05-01,2025-05-18,7.1,6.6225834,0.4774166107177731
2025-05-01,2025-05-19,7.9,7.3846836,0.5153163909912113
2025-05-01,2025-05-20,7.4,5.773475,1.6265248298645023
2025-05-01,2025-05-21,8.6,6.6627154,1.9372845649719235
2025-05-01,2025-05-22,6.7,7.1919584,-0.49195842742919904
2025-05-01,2025-05-23,8.5,7.0325184,1.4674816131591797
2025-05-01,2025-05-24,6.7,6.919857,-0.2198570251464842
2025-05-01,2025-05-25,5.0,5.9753575,-0.9753575325012207
2025-05-01,2025-05-26,5.2,8.12684,-2.9268396377563475
2025-05-01,2025-05-27,4.7,6.584092,-1.8840921401977537
2025-05-01,2025-05-28,5.5,8.474634,-2.9746341705322266
2025-05-01,2025-05-29,6.8,6.36146,0.43853979110717756
2025-05-01,2025-05-30,7.2,5.8950396,1.3049604415893556
2025-05-01,2025-05-31,6.7,8.221333,-1.521332550048828
2025-05-02,2025-05-03,7.0,7.715351,-0.7153511047363281
2025-05-02,2025-05-04,2.9,7.7482824,-4.848282432556152
2025-05-02,2025-05-05,3.0,8.41301,-5.4130096435546875
2025-05-02,2025-05-06,4.0,7.0403166,-3.040316581726074
2025-05-02,2025-05-07,5.0,7.536326,-2.5363259315490723
2025-05-02,2025-05-08,4.4,6.491581,-2.0915809631347653
2025-05-02,2025-05-09,8.3,7.4834075,0.8165925025939949
2025-05-02,2025-05-10,8.3,6.202466,2.0975339889526374
2025-05-02,2025-05-11,9.9,8.687338,1.2126621246337894
2025-05-02,2025-05-12,10.100000000000001,6.7545743,3.345425701141359
2025-05-02,2025-05-13,9.3,8.753718,0.5462816238403327
2025-05-02,2025-05-14,7.7,7.567547,0.1324531555175783
2025-05-02,2025-05-15,5.699999999999999,6.7475934,-1.0475934028625495
2025-05-02,2025-05-16,7.0,7.8879113,-0.887911319732666
2025-05-02,2025-05-17,5.9,6.964254,-1.0642539024353024
2025-05-02,2025-05-18,7.1,6.0759683,1.0240317344665524
2025-05-02,2025-05-19,7.9,6.5133424,1.3866576194763187
2025-05-02,2025-05-20,7.4,7.3879895,0.012010478973389027
2025-05-02,2025-05-21,8.6,5.7413964,2.8586035728454586
2025-05-02,2025-05-22,6.7,6.851735,-0.15173511505126935
2025-05-02,2025-05-23,8.5,7.2061014,1.293898582458496
2025-05-02,2025-05-24,6.7,6.9002466,-0.20024662017822248
2025-05-02,2025-05-25,5.0,7.017666,-2.0176658630371094
2025-05-02,2025-05-26,5.2,5.884998,-0.6849978446960447
2025-05-02,2025-05-27,4.7,8.377949,-3.677948760986328
2025-05-02,2025-05-28,5.5,6.6184287,-1.1184287071228027
2025-05-02,2025-05-29,6.8,8.521674,-1.721674156188965
2025-05-02,2025-05-30,7.2,6.4903617,0.7096383094787599
2025-05-02,2025-05-31,6.7,6.217023,0.4829771041870119
2025-05-02,2025-06-01,5.6,8.116532,-2.5165323257446293
2025-05-03,2025-05-04,2.9,7.6041126,-4.70411262512207
2025-05-03,2025-05-05,3.0,7.7717223,-4.771722316741943
2025-05-03,2025-05-06,4.0,8.02361,-4.0236101150512695
2025-05-03,2025-05-07,5.0,6.9811125,-1.9811124801635742
2025-05-03,2025-05-08,4.4,7.2010036,-2.801003551483154
2025-05-03,2025-05-09,8.3,6.3245664,1.9754336357116706
2025-05-03,2025-05-10,8.3,7.4217997,0.8782003402709968
2025-05-03,2025-05-11,9.9,5.9040546,3.9959453582763675
2025-05-03,2025-05-12,10.100000000000001,8.611783,1.4882169723510756
2025-05-03,2025-05-13,9.3,6.6616793,2.6383207321167
2025-05-03,2025-05-14,7.7,8.7767725,-1.0767724990844725
2025-05-03,2025-05-15,5.699999999999999,7.6617565,-1.9617565155029304
2025-05-03,2025-05-16,7.0,6.7640734,0.23592662811279297
2025-05-03,2025-05-17,5.9,7.600714,-1.7007142066955563
2025-05-03,2025-05-18,7.1,6.7943,0.3056999206542965
2025-05-03,2025-05-19,7.9,6.106623,1.7933768272399906
2025-05-03,2025-05-20,7.4,6.5404506,0.8595494270324711
2025-05-03,2025-05-21,8.6,7.5124383,1.0875617027282711
2025-05-03,2025-05-22,6.7,5.8054256,0.8945743560791017
2025-05-03,2025-05-23,8.5,6.909825,1.5901751518249512
2025-05-03,2025-05-24,6.7,7.184398,-0.4843981742858885
2025-05-03,2025-05-25,5.0,6.705728,-1.7057280540466309
2025-05-03,2025-05-26,5.2,6.9215565,-1.7215564727783201
2025-05-03,2025-05-27,4.7,6.1143456,-1.4143455505371092
2025-05-03,2025-05-28,5.5,8.546868,-3.046868324279785
2025-05-03,2025-05-29,6.8,6.9087057,-0.10870571136474627
2025-05-03,2025-05-30,7.2,8.334804,-1.1348035812377928
2025-05-03,2025-05-31,6.7,6.6185527,0.08144731521606463
2025-05-03,2025-06-01,5.6,6.567474,-0.9674738883972172
2025-05-03,2025-06-02,5.6,8.191859,-2.5918592453002933
2025-05-04,2025-05-05,3.0,7.593441,-4.593441009521484
2025-05-04,2025-05-06,4.0,7.710147,-3.710146903991699
2025-05-04,2025-05-07,5.0,7.7678943,-2.7678942680358887
2025-05-04,2025-05-08,4.4,7.2142363,-2.814236259460449
2025-05-04,2025-05-09,8.3,6.88178,1.4182198524475105
2025-05-04,2025-05-10,8.3,6.133062,2.1669381141662605
2025-05-04,2025-05-11,9.9,7.4496646,2.4503354072570804
2025-05-04,2025-05-12,10.100000000000001,5.6020956,4.49790439605713
2025-05-04,2025-05-13,9.3,8.392522,0.9074781417846687
2025-05-04,2025-05-14,7.7,6.6446195,1.0553805351257326
2025-05-04,2025-05-15,5.699999999999999,8.790024,-3.090023803710938
2025-05-04,2025-05-16,7.0,7.784078,-0.7840781211853027
2025-05-04,2025-05-17,5.9,6.778483,-0.8784829139709469
2025-05-04,2025-05-18,7.1,7.433605,-0.33360519409179723
2025-05-04,2025-05-19,7.9,6.751363,1.1486371994018558
2025-05-04,2025-05-20,7.4,6.208793,1.1912068367004398
2025-05-04,2025-05-21,8.6,6.605638,1.9943619728088375
2025-05-04,2025-05-22,6.7,7.6000123,-0.9000123023986815
2025-05-04,2025-05-23,8.5,5.8726034,2.627396583557129
2025-05-04,2025-05-24,6.7,6.786573,-0.0865729331970213
2025-05-04,2025-05-25,5.0,7.1261535,-2.1261534690856934
2025-05-04,2025-05-26,5.2,6.4381323,-1.2381322860717772
2025-05-04,2025-05-27,4.7,6.7667913,-2.0667913436889647
2025-05-04,2025-05-28,5.5,6.501187,-1.0011868476867676
2025-05-04,2025-05-29,6.8,8.466838,-1.6668378829956056
2025-05-04,2025-05-30,7.2,7.140389,0.059611034393310725
2025-05-04,2025-05-31,6.7,8.161647,-1.4616468429565428
2025-05-04,2025-06-01,5.6,6.7325234,-1.1325234413146976
2025-05-04,2025-06-02,5.6,6.930464,-1.330463790893555
2025-05-04,2025-06-03,5.4,8.270339,-2.8703390121459957
2025-05-05,2025-05-06,4.0,7.6073227,-3.6073226928710938
2025-05-05,2025-05-07,5.0,7.6226053,-2.622605323791504
2025-05-05,2025-05-08,4.4,7.933227,-3.5332270622253414
2025-05-05,2025-05-09,8.3,7.5667953,0.733204650878907
2025-05-05,2025-05-10,8.3,6.6727595,1.627240467071534
2025-05-05,2025-05-11,9.9,6.062352,3.8376478195190433
2025-05-05,2025-05-12,10.100000000000001,7.5890584,2.510941600799562
2025-05-05,2025-05-13,9.3,5.642466,3.6575339317321784
2025-05-05,2025-05-14,7.7,8.42084,-0.720840263366699
2025-05-05,2025-05-15,5.699999999999999,6.6433053,-0.9433053016662605
2025-05-05,2025-05-16,7.0,8.9314995,-1.9314994812011719
2025-05-05,2025-05-17,5.9,7.8210807,-1.9210806846618649
2025-05-05,2025-05-18,7.1,6.775806,0.3241940498352047
2025-05-05,2025-05-19,7.9,7.6180086,0.2819913864135746
2025-05-05,2025-05-20,7.4,6.831404,0.5685957908630375
2025-05-05,2025-05-21,8.6,6.0833297,2.5166703224182125
2025-05-05,2025-05-22,6.7,6.54895,0.15104980468750018
2025-05-05,2025-05-23,8.5,7.544915,0.9550848007202148
2025-05-05,2025-05-24,6.7,5.916465,0.7835351943969728
2025-05-05,2025-05-25,5.0,6.710946,-1.7109460830688477
2025-05-05,2025-05-26,5.2,7.098339,-1.8983390808105467
2025-05-05,2025-05-27,4.7,6.2692647,-1.5692646980285643
2025-05-05,2025-05-28,5.5,6.7508135,-1.2508134841918945
2025-05-05,2025-05-29,6.8,6.6074815,0.19251852035522443
2025-05-05,2025-05-30,7.2,8.25335,-1.053350257873535
2025-05-05,2025-05-31,6.7,7.1153383,-0.4153383255004881
2025-05-05,2025-06-01,5.6,8.205622,-2.605621719360352
2025-05-05,2025-06-02,5.6,6.8011403,-1.2011403083801273
2025-05-05,2025-06-03,5.4,7.073724,-1.6737237930297848
2025-05-05,2025-06-04,7.0,8.210229,-1.2102289199829102
2025-05-06,2025-05-07,5.0,7.736034,-2.7360339164733887
2025-05-06,2025-05-08,4.4,7.4561644,-3.0561643600463864
2025-05-06,2025-05-09,8.3,8.11395,0.18605022430419993
2025-05-06,2025-05-10,8.3,7.7377944,0.5622056007385261
2025-05-06,2025-05-11,9.9,6.78205,3.1179498672485355
2025-05-06,2025-05-12,10.100000000000001,5.9665008,4.133499240875246
2025-05-06,2025-05-13,9.3,7.6642056,1.6357944488525398
2025-05-06,2025-05-14,7.7,5.4860377,2.213962268829346
2025-05-06,2025-05-15,5.699999999999999,8.4098,-2.7097995758056648
2025-05-06,2025-05-16,7.0,6.6185875,0.3814125061035156
2025-05-06,2025-05-17,5.9,8.992806,-3.0928064346313473
2025-05-06,2025-05-18,7.1,7.9060636,-0.8060635566711429
2025-05-06,2025-05-19,7.9,6.8163505,1.0836495399475101
2025-05-06,2025-05-20,7.4,7.9044,-0.5043998718261715
2025-05-06,2025-05-21,8.6,6.79032,1.809680080413818
2025-05-06,2025-05-22,6.7,5.848855,0.8511449813842775
2025-05-06,2025-05-23,8.5,6.6470942,1.8529057502746582
2025-05-06,2025-05-24,6.7,7.4917083,-0.7917082786560057
2025-05-06,2025-05-25,5.0,5.929021,-0.929020881652832
2025-05-06,2025-05-26,5.2,6.5945926,-1.3945925712585447
2025-05-06,2025-05-27,4.7,7.0138054,-2.3138053894042967
2025-05-06,2025-05-28,5.5,6.350777,-0.8507771492004395
2025-05-06,2025-05-29,6.8,6.8584113,-0.05841131210327166
2025-05-06,2025-05-30,7.2,6.6566086,0.5433914184570314
2025-05-06,2025-05-31,6.7,8.031364,-1.3313644409179686
2025-05-06,2025-06-01,5.6,6.9259973,-1.3259972572326664
2025-05-06,2025-06-02,5.6,8.111318,-2.51131763458252
2025-05-06,2025-06-03,5.4,6.775626,-1.375626182556152
2025-05-06,2025-06-04,7.0,7.1302724,-0.13027238845825195
2025-05-06,2025-06-05,6.0,8.192457,-2.1924571990966797
2025-05-07,2025-05-08,4.4,7.8313737,-3.4313736915588375
2025-05-07,2025-05-09,8.3,7.3148885,0.9851115226745613
2025-05-07,2025-05-10,8.3,8.2153635,0.0846364974975593
2025-05-07,2025-05-11,9.9,7.724367,2.1756328582763675
2025-05-07,2025-05-12,10.100000000000001,7.014658,3.0853420257568374
2025-05-07,2025-05-13,9.3,5.971603,3.3283970832824714
2025-05-07,2025-05-14,7.7,7.7081757,-0.008175659179687322
2025-05-07,2025-05-15,5.699999999999999,5.4144626,0.28553743362426687
2025-05-07,2025-05-16,7.0,8.431516,-1.4315156936645508
2025-05-07,2025-05-17,5.9,6.5363426,-0.636342620849609
2025-05-07,2025-05-18,7.1,9.037025,-1.9370254516601566
2025-05-07,2025-05-19,7.9,7.951721,-0.051721191406249645
2025-05-07,2025-05-20,7.4,6.8161097,0.5838903427124027
2025-05-07,2025-05-21,8.6,8.156905,0.44309482574462855
2025-05-07,2025-05-22,6.7,6.735723,-0.03572301864624006
2025-05-07,2025-05-23,8.5,5.6598063,2.840193748474121
2025-05-07,2025-05-24,6.7,6.7527833,-0.05278329849243146
2025-05-07,2025-05-25,5.0,7.428839,-2.4288392066955566
2025-05-07,2025-05-26,5.2,5.9371176,-0.7371175765991209
2025-05-07,2025-05-27,4.7,6.53505,-1.8350499153137205
2025-05-07,2025-05-28,5.5,6.9770193,-1.4770193099975586
2025-05-07,2025-05-29,6.8,6.5031095,0.29689054489135724
2025-05-07,2025-05-30,7.2,6.9964333,0.20356674194335955
2025-05-07,2025-05-31,6.7,6.5961556,0.10384435653686541
2025-05-07,2025-06-01,5.6,7.908267,-2.3082670211791996
2025-05-07,2025-06-02,5.6,6.7318387,-1.131838703155518
2025-05-07,2025-06-03,5.4,8.070923,-2.6709228515624996
2025-05-07,2025-06-04,7.0,6.673122,0.32687807083129883
2025-05-07,2025-06-05,6.0,7.087027,-1.0870270729064941
2025-05-07,2025-06-06,5.0,8.167988,-3.167987823486328
2025-05-08,2025-05-09,8.3,7.906427,0.39357309341430735
2025-05-08,2025-05-10,8.3,7.239166,1.060834217071534
2025-05-08,2025-05-11,9.9,8.256705,1.643294715881348
2025-05-08,2025-05-12,10.100000000000001,7.6114345,2.488565540313722
2025-05-08,2025-05-13,9.3,7.220072,2.0799282073974616
2025-05-08,2025-05-14,7.7,6.0330863,1.66691370010376
2025-05-08,2025-05-15,5.699999999999999,7.8025694,-2.1025693893432624
2025-05-08,2025-05-16,7.0,5.2346983,1.7653017044067383
2025-05-08,2025-05-17,5.9,8.439793,-2.5397926330566403
2025-05-08,2025-05-18,7.1,6.515878,0.5841217994689938
2025-05-08,2025-05-19,7.9,9.035671,-1.135671234130859
2025-05-08,2025-05-20,7.4,7.86115,-0.4611497879028317
2025-05-08,2025-05-21,8.6,6.840917,1.7590828895568844
2025-05-08,2025-05-22,6.7,8.263114,-1.5631139755249022
2025-05-08,2025-05-23,8.5,6.707893,1.792107105255127
2025-05-08,2025-05-24,6.7,5.564063,1.1359369277954103
2025-05-08,2025-05-25,5.0,6.836251,-1.8362507820129395
2025-05-08,2025-05-26,5.2,7.371395,-2.171395111083984
2025-05-08,2025-05-27,4.7,5.908438,-1.208438205718994
2025-05-08,2025-05-28,5.5,6.495615,-0.9956150054931641
2025-05-08,2025-05-29,6.8,6.9299073,-0.12990732192993182
2025-05-08,2025-05-30,7.2,6.6456857,0.5543143272399904
2025-05-08,2025-05-31,6.7,7.1531553,-0.45315532684326154
2025-05-08,2025-06-01,5.6,6.4932203,-0.8932203292846683
2025-05-08,2025-06-02,5.6,7.930575,-2.3305748939514164
2025-05-08,2025-06-03,5.4,6.592115,-1.1921149253845211
2025-05-08,2025-06-04,7.0,8.066973,-1.0669727325439453
2025-05-08,2025-06-05,6.0,6.5904236,-0.590423583984375
2025-05-08,2025-06-06,5.0,7.1180897,-2.1180896759033203
2025-05-08,2025-06-07,4.3,8.148466,-3.8484661102294924
2025-05-09,2025-05-10,8.3,7.8756037,0.42439632415771555
2025-05-09,2025-05-11,9.9,7.1774364,2.7225636482238773
2025-05-09,2025-05-12,10.100000000000001,8.195573,1.9044271469116225
2025-05-09,2025-05-13,9.3,7.5453477,1.7546523094177253
2025-05-09,2025-05-14,7.7,7.3272467,0.37275333404541033
2025-05-09,2025-05-15,5.699999999999999,6.104119,-0.40411882400512766
2025-05-09,2025-05-16,7.0,7.957248,-0.9572482109069824
2025-05-09,2025-05-17,5.9,5.2479963,0.6520036697387699
2025-05-09,2025-05-18,7.1,8.416629,-1.3166288375854496
2025-05-09,2025-05-19,7.9,6.443459,1.456540966033936
2025-05-09,2025-05-20,7.4,9.101841,-1.7018409729003903
2025-05-09,2025-05-21,8.6,7.8169203,0.7830797195434567
2025-05-09,2025-05-22,6.7,6.701479,-0.0014789581298826349
2025-05-09,2025-05-23,8.5,8.253106,0.24689388275146484
2025-05-09,2025-05-24,6.7,6.7158694,-0.015869426727294744
2025-05-09,2025-05-25,5.0,5.4885297,-0.48852968215942383
2025-05-09,2025-05-26,5.2,6.854672,-1.6546719551086424
2025-05-09,2025-05-27,4.7,7.2920256,-2.592025566101074
2025-05-09,2025-05-28,5.5,5.9178925,-0.4178924560546875
2025-05-09,2025-05-29,6.8,6.5904737,0.2095263481140135
2025-05-09,2025-05-30,7.2,6.93612,0.26387996673584
2025-05-09,2025-05-31,6.7,6.573667,0.1263329505920412
2025-05-09,2025-06-01,5.6,7.0905337,-1.4905337333679203
2025-05-09,2025-06-02,5.6,6.3430343,-0.7430342674255375
2025-05-09,2025-06-03,5.4,8.005704,-2.6057039260864254
2025-05-09,2025-06-04,7.0,6.5199018,0.48009824752807617
2025-05-09,2025-06-05,6.0,8.176401,-2.176401138305664
2025-05-09,2025-06-06,5.0,6.412987,-1.412987232208252
2025-05-09,2025-06-07,4.3,7.0482655,-2.7482654571533205
2025-05-09,2025-06-08,5.6,8.040297,-2.44029655456543
2025-05-10,2025-05-11,9.9,7.706484,2.1935161590576175
2025-05-10,2025-05-12,10.100000000000001,7.085408,3.014591789245607
2025-05-10,2025-05-13,9.3,7.967698,1.3323019027709968
2025-05-10,2025-05-14,7.7,7.603978,0.09602184295654315
2025-05-10,2025-05-15,5.699999999999999,7.255936,-1.5559361457824714
2025-05-10,2025-05-16,7.0,6.1164417,0.8835582733154297
2025-05-10,2025-05-17,5.9,7.9535384,-2.0535384178161618
2025-05-10,2025-05-18,7.1,5.2330446,1.8669553756713864
2025-05-10,2025-05-19,7.9,8.228122,-0.32812175750732386
2025-05-10,2025-05-20,7.4,6.542771,0.8572291374206547
2025-05-10,2025-05-21,8.6,8.978341,-0.378341102600098
2025-05-10,2025-05-22,6.7,8.020002,-1.3200023651123045
2025-05-10,2025-05-23,8.5,6.6134357,1.8865642547607422
2025-05-10,2025-05-24,6.7,8.141277,-1.4412773132324217
2025-05-10,2025-05-25,5.0,6.757738,-1.7577381134033203
2025-05-10,2025-05-26,5.2,5.5842066,-0.3842065811157225
2025-05-10,2025-05-27,4.7,6.812438,-2.1124380111694334
2025-05-10,2025-05-28,5.5,7.2108207,-1.7108206748962402
2025-05-10,2025-05-29,6.8,5.9623857,0.8376143455505369
2025-05-10,2025-05-30,7.2,6.6123238,0.587676239013672
2025-05-10,2025-05-31,6.7,6.95731,-0.25731019973754865
2025-05-10,2025-06-01,5.6,6.2896676,-0.6896676063537601
2025-05-10,2025-06-02,5.6,6.820223,-1.2202228546142582
2025-05-10,2025-06-03,5.4,6.5036902,-1.1036902427673336
2025-05-10,2025-06-04,7.0,7.974499,-0.9744992256164551
2025-05-10,2025-06-05,6.0,6.761155,-0.7611551284790039
2025-05-10,2025-06-06,5.0,8.136376,-3.13637638092041
2025-05-10,2025-06-07,4.3,6.3592963,-2.0592963218688967
2025-05-10,2025-06-08,5.6,7.04593,-1.4459299087524418
2025-05-10,2025-06-09,17.7,8.071596,9.628403854370116
2025-05-11,2025-05-12,10.100000000000001,7.580895,2.5191050529479995
2025-05-11,2025-05-13,9.3,6.9682736,2.3317263603210456
2025-05-11,2025-05-14,7.7,7.816724,-0.1167238235473631
2025-05-11,2025-05-15,5.699999999999999,7.7950883,-2.0950882911682136
2025-05-11,2025-05-16,7.0,7.030785,-0.030785083770751953
2025-05-11,2025-05-17,5.9,6.005423,-0.10542306900024379
2025-05-11,2025-05-18,7.1,7.949961,-0.8499611854553226
2025-05-11,2025-05-19,7.9,5.2582583,2.6417416572570804
2025-05-11,2025-05-20,7.4,7.9969025,-0.5969024658203121
2025-05-11,2025-05-21,8.6,6.650187,1.9498129844665524
2025-05-11,2025-05-22,6.7,8.833545,-2.1335447311401365
2025-05-11,2025-05-23,8.5,8.181469,0.3185310363769531
2025-05-11,2025-05-24,6.7,6.6285405,0.07145948410034197
2025-05-11,2025-05-25,5.0,8.002097,-3.0020971298217773
2025-05-11,2025-05-26,5.2,6.809667,-1.609667110443115
2025-05-11,2025-05-27,4.7,5.708459,-1.00845890045166
2025-05-11,2025-05-28,5.5,6.7799616,-1.2799615859985352
2025-05-11,2025-05-29,6.8,7.170121,-0.3701211929321291
2025-05-11,2025-05-30,7.2,6.009566,1.1904341697692873
2025-05-11,2025-05-31,6.7,6.531259,0.16874094009399432
2025-05-11,2025-06-01,5.6,6.95315,-1.353149795532227
2025-05-11,2025-06-02,5.6,5.94015,-0.3401497840881351
2025-05-11,2025-06-03,5.4,6.558478,-1.1584778785705563
2025-05-11,2025-06-04,7.0,6.756512,0.24348783493041992
2025-05-11,2025-06-05,6.0,7.834362,-1.8343620300292969
2025-05-11,2025-06-06,5.0,7.082147,-2.0821471214294434
2025-05-11,2025-06-07,4.3,8.077499,-3.7774993896484377
2025-05-11,2025-06-08,5.6,6.4101605,-0.8101605415344242
2025-05-11,2025-06-09,17.7,7.111165,10.588834953308105
2025-05-11,2025-06-10,6.2,8.17237,-1.9723699569702147
2025-05-12,2025-05-13,9.3,7.4799156,1.8200843811035163
2025-05-12,2025-05-14,7.7,6.9995327,0.7004673004150392
2025-05-12,2025-05-15,5.699999999999999,8.0041065,-2.304106521606446
2025-05-12,2025-05-16,7.0,8.041806,-1.0418062210083008
2025-05-12,2025-05-17,5.9,6.721001,-0.8210011482238766
2025-05-12,2025-05-18,7.1,5.884632,1.2153678894042965
2025-05-12,2025-05-19,7.9,8.049593,-0.14959297180175746
2025-05-12,2025-05-20,7.4,5.3894176,2.0105823516845707
2025-05-12,2025-05-21,8.6,8.034358,0.5656419754028317
2025-05-12,2025-05-22,6.7,6.7657857,-0.06578569412231428
2025-05-12,2025-05-23,8.5,8.773877,-0.2738771438598633
2025-05-12,2025-05-24,6.7,8.116167,-1.4161670684814451
2025-05-12,2025-05-25,5.0,6.7111254,-1.711125373840332
2025-05-12,2025-05-26,5.2,8.042132,-2.8421323776245115
2025-05-12,2025-05-27,4.7,6.8967643,-2.196764278411865
2025-05-12,2025-05-28,5.5,5.617144,-0.11714410781860352
2025-05-12,2025-05-29,6.8,6.591393,0.20860700607299787
2025-05-12,2025-05-30,7.2,7.054375,0.14562482833862322
2025-05-12,2025-05-31,6.7,5.9533343,0.746665668487549
2025-05-12,2025-06-01,5.6,6.4703083,-0.8703083038330082
2025-05-12,2025-06-02,5.6,6.9364834,-1.3364833831787113
2025-05-12,2025-06-03,5.4,5.785092,-0.3850918769836422
2025-05-12,2025-06-04,7.0,6.5289426,0.4710574150085449
2025-05-12,2025-06-05,6.0,6.773005,-0.7730050086975098
2025-05-12,2025-06-06,5.0,7.714934,-2.7149338722229004
2025-05-12,2025-06-07,4.3,7.124223,-2.8242232322692873
2025-05-12,2025-06-08,5.6,8.101568,-2.501568222045899
2025-05-12,2025-06-09,17.7,6.536755,11.163244915008544
2025-05-12,2025-06-10,6.2,7.1526365,-0.9526365280151365
2025-05-12,2025-06-11,8.8,8.137914,0.6620862960815437
2025-05-13,2025-05-14,7.7,7.505039,0.19496078491210955
2025-05-13,2025-05-15,5.699999999999999,6.9452105,-1.2452104568481452
2025-05-13,2025-05-16,7.0,8.149002,-1.1490020751953125
2025-05-13,2025-05-17,5.9,8.100043,-2.2000432968139645
2025-05-13,2025-05-18,7.1,6.6960177,0.4039822578430172
2025-05-13,2025-05-19,7.9,5.71879,2.1812099456787113
2025-05-13,2025-05-20,7.4,8.051621,-0.6516214370727536
2025-05-13,2025-05-21,8.6,5.4301066,3.169893360137939
2025-05-13,2025-05-22,6.7,8.100634,-1.4006336212158201
2025-05-13,2025-05-23,8.5,6.746551,1.7534489631652832
2025-05-13,2025-05-24,6.7,8.782569,-2.0825689315795897
2025-05-13,2025-05-25,5.0,8.139107,-3.1391067504882812
2025-05-13,2025-05-26,5.2,6.792009,-1.592008876800537
2025-05-13,2025-05-27,4.7,8.177928,-3.4779279708862303
2025-05-13,2025-05-28,5.5,6.8202176,-1.3202176094055176
2025-05-13,2025-05-29,6.8,5.4309406,1.369059371948242
2025-05-13,2025-05-30,7.2,6.544809,0.6551911354064943
2025-05-13,2025-05-31,6.7,7.0322933,-0.33229331970214826
2025-05-13,2025-06-01,5.6,5.9322615,-0.3322614669799808
2025-05-13,2025-06-02,5.6,6.418239,-0.8182391166687015
2025-05-13,2025-06-03,5.4,6.8883667,-1.4883666992187496
2025-05-13,2025-06-04,7.0,5.8774004,1.1225996017456055
2025-05-13,2025-06-05,6.0,6.5659885,-0.5659885406494141
2025-05-13,2025-06-06,5.0,6.7252536,-1.7252535820007324
2025-05-13,2025-06-07,4.3,7.5882273,-3.2882272720336916
2025-05-13,2025-06-08,5.6,7.023625,-1.4236248970031742
2025-05-13,2025-06-09,17.7,8.023147,9.676853370666503
2025-05-13,2025-06-10,6.2,6.5357513,-0.3357513427734373
2025-05-13,2025-06-11,8.8,7.0843973,1.7156026840209968
2025-05-13,2025-06-12,12.0,8.142623,3.857377052307129
2025-05-14,2025-05-15,5.699999999999999,7.557242,-1.8572419166564949
2025-05-14,2025-05-16,7.0,6.8915496,0.10845041275024414
2025-05-14,2025-05-17,5.9,8.233801,-2.333800888061523
2025-05-14,2025-05-18,7.1,8.023145,-0.9231447219848636
2025-05-14,2025-05-19,7.9,6.779153,1.1208471298217777
2025-05-14,2025-05-20,7.4,5.6205783,1.779421710968018
2025-05-14,2025-05-21,8.6,7.966766,0.6332341194152828
2025-05-14,2025-05-22,6.7,5.4360013,1.2639986991882326
2025-05-14,2025-05-23,8.5,8.163551,0.33644866943359375
2025-05-14,2025-05-24,6.7,6.664027,0.03597278594970721
2025-05-14,2025-05-25,5.0,8.753473,-3.7534732818603516
2025-05-14,2025-05-26,5.2,8.13353,-2.9335296630859373
2025-05-14,2025-05-27,4.7,6.8576746,-2.1576745986938475
2025-05-14,2025-05-28,5.5,8.297322,-2.7973222732543945
2025-05-14,2025-05-29,6.8,6.717339,0.08266096115112287
2025-05-14,2025-05-30,7.2,5.330212,1.869787883758545
2025-05-14,2025-05-31,6.7,6.5783753,0.12162466049194354
2025-05-14,2025-06-01,5.6,7.029596,-1.4295958518981937
2025-05-14,2025-06-02,5.6,5.8979344,-0.29793443679809606
2025-05-14,2025-06-03,5.4,6.3408847,-0.9408846855163571
2025-05-14,2025-06-04,7.0,6.856636,0.14336395263671875
2025-05-14,2025-06-05,6.0,6.0519767,-0.051976680755615234
2025-05-14,2025-06-06,5.0,6.6422453,-1.6422452926635742
2025-05-14,2025-06-07,4.3,6.633017,-2.3330170631408693
2025-05-14,2025-06-08,5.6,7.5034804,-1.903480434417725
2025-05-14,2025-06-09,17.7,6.9044166,10.79558343887329
2025-05-14,2025-06-10,6.2,7.9204745,-1.7204745292663572
2025-05-14,2025-06-11,8.8,6.4888625,2.311137485504151
2025-05-14,2025-06-12,12.0,6.9941487,5.0058512687683105
2025-05-14,2025-06-13,9.9,8.191183,1.7088169097900394
2025-05-15,2025-05-16,7.0,7.6763444,-0.6763443946838379
2025-05-15,2025-05-17,5.9,6.897602,-0.9976020812988278
2025-05-15,2025-05-18,7.1,8.3254,-1.2254003524780277
2025-05-15,2025-05-19,7.9,7.86995,0.030050182342529652
2025-05-15,2025-05-20,7.4,6.948883,0.45111694335937536
2025-05-15,2025-05-21,8.6,5.6721888,2.927811241149902
2025-05-15,2025-05-22,6.7,7.9319496,-1.2319496154785154
2025-05-15,2025-05-23,8.5,5.341223,3.1587772369384766
2025-05-15,2025-05-24,6.7,8.174083,-1.4740827560424803
2025-05-15,2025-05-25,5.0,6.634531,-1.634531021118164
2025-05-15,2025-05-26,5.2,8.685512,-3.485511589050293
2025-05-15,2025-05-27,4.7,7.981326,-3.281326103210449
2025-05-15,2025-05-28,5.5,6.8871922,-1.3871922492980957
2025-05-15,2025-05-29,6.8,8.345266,-1.5452663421630861
2025-05-15,2025-05-30,7.2,6.673324,0.5266758918762209
2025-05-15,2025-05-31,6.7,5.3938956,1.306104373931885
2025-05-15,2025-06-01,5.6,6.6407523,-1.0407523155212406
2025-05-15,2025-06-02,5.6,7.0555854,-1.4555853843688968
2025-05-15,2025-06-03,5.4,5.8328743,-0.43287429809570277
2025-05-15,2025-06-04,7.0,6.2078676,0.7921323776245117
2025-05-15,2025-06-05,6.0,6.886673,-0.8866729736328125
2025-05-15,2025-06-06,5.0,6.3139625,-1.313962459564209
2025-05-15,2025-06-07,4.3,6.7978272,-2.497827243804932
2025-05-15,2025-06-08,5.6,6.5646877,-0.9646877288818363
2025-05-15,2025-06-09,17.7,7.456389,10.243611049652099
2025-05-15,2025-06-10,6.2,6.7254953,-0.5254953384399412
2025-05-15,2025-06-11,8.8,7.846034,0.9539659500122077
2025-05-15,2025-06-12,12.0,6.4409585,5.559041500091553
2025-05-15,2025-06-13,9.9,6.9365153,2.96348466873169
2025-05-15,2025-06-14,7.6,8.198743,-0.5987428665161136
2025-05-16,2025-05-17,5.9,7.7475457,-1.8475457191467282
2025-05-16,2025-05-18,7.1,6.881598,0.218402004241943
2025-05-16,2025-05-19,7.9,8.299301,-0.39930114746093714
2025-05-16,2025-05-20,7.4,7.803947,-0.4039469718933102
2025-05-16,2025-05-21,8.6,7.1059217,1.4940782546997067
2025-05-16,2025-05-22,6.7,5.781684,0.9183160781860353
2025-05-16,2025-05-23,8.5,7.9842362,0.5157637596130371
2025-05-16,2025-05-24,6.7,5.2799163,1.4200837135314943
2025-05-16,2025-05-25,5.0,8.088902,-3.088902473449707
2025-05-16,2025-05-26,5.2,6.5908494,-1.3908493995666502
2025-05-16,2025-05-27,4.7,8.678619,-3.978619384765625
2025-05-16,2025-05-28,5.5,7.9019275,-2.4019274711608887
2025-05-16,2025-05-29,6.8,6.771638,0.028362083435058416
2025-05-16,2025-05-30,7.2,8.363767,-1.1637666702270506
2025-05-16,2025-05-31,6.7,6.6692233,0.030776691436767756
2025-05-16,2025-06-01,5.6,5.4539804,0.14601955413818324
2025-05-16,2025-06-02,5.6,6.6973205,-1.0973204612731937
2025-05-16,2025-06-03,5.4,7.031363,-1.6313630104064938
2025-05-16,2025-06-04,7.0,5.762555,1.2374448776245117
2025-05-16,2025-06-05,6.0,6.1201696,-0.12016963958740234
2025-05-16,2025-06-06,5.0,6.915459,-1.915459156036377
2025-05-16,2025-06-07,4.3,6.422604,-2.1226040840148928
2025-05-16,2025-06-08,5.6,6.806951,-1.2069510459899906
2025-05-16,2025-06-09,17.7,6.497142,11.202858161926269
2025-05-16,2025-06-10,6.2,7.4616976,-1.2616975784301756
2025-05-16,2025-06-11,8.8,6.5686197,2.231380271911622
2025-05-16,2025-06-12,12.0,7.843702,4.1562981605529785
2025-05-16,2025-06-13,9.9,6.2728763,3.6271237373352054
2025-05-16,2025-06-14,7.6,6.815954,0.7840457916259762
2025-05-16,2025-06-15,6.6,8.134455,-1.534454727172852
2025-05-17,2025-05-18,7.1,7.715438,-0.6154378890991214
2025-05-17,2025-05-19,7.9,6.856346,1.0436538696289066
2025-05-17,2025-05-20,7.4,8.070675,-0.670674896240234
2025-05-17,2025-05-21,8.6,7.897345,0.702654933929443
2025-05-17,2025-05-22,6.7,7.052687,-0.3526871681213377
2025-05-17,2025-05-23,8.5,5.807808,2.6921920776367188
2025-05-17,2025-05-24,6.7,7.9520144,-1.2520144462585447
2025-05-17,2025-05-25,5.0,5.011092,-0.011092185974121094
2025-05-17,2025-05-26,5.2,7.8394876,-2.639487552642822
2025-05-17,2025-05-27,4.7,6.757253,-2.0572531700134276
2025-05-17,2025-05-28,5.5,8.526101,-3.0261011123657227
2025-05-17,2025-05-29,6.8,8.089374,-1.289373588562012
2025-05-17,2025-05-30,7.2,6.7619796,0.43802042007446307
2025-05-17,2025-05-31,6.7,8.336851,-1.636851119995117
2025-05-17,2025-06-01,5.6,6.6764293,-1.0764292716979984
2025-05-17,2025-06-02,5.6,5.632,-0.03199996948242223
2025-05-17,2025-06-03,5.4,6.663585,-1.2635851860046383
2025-05-17,2025-06-04,7.0,7.00895,-0.008950233459472656
2025-05-17,2025-06-05,6.0,5.687759,0.3122410774230957
2025-05-17,2025-06-06,5.0,5.921248,-0.9212479591369629
2025-05-17,2025-06-07,4.3,6.9053416,-2.6053416252136232
2025-05-17,2025-06-08,5.6,6.2833185,-0.6833185195922855
2025-05-17,2025-06-09,17.7,6.629235,11.070765209197997
2025-05-17,2025-06-10,6.2,6.767715,-0.5677149772644041
2025-05-17,2025-06-11,8.8,7.4321694,1.3678305625915534
2025-05-17,2025-06-12,12.0,6.7403092,5.259690761566162
2025-05-17,2025-06-13,9.9,7.6826816,2.217318439483643
2025-05-17,2025-06-14,7.6,6.2538414,1.3461585998535153
2025-05-17,2025-06-15,6.6,6.8531466,-0.25314655303955114
2025-05-17,2025-06-16,7.3,8.247586,-0.947586250305176
2025-05-18,2025-05-19,7.9,7.7296257,0.17037429809570348
2025-05-18,2025-05-20,7.4,6.763442,0.6365579605102543
2025-05-18,2025-05-21,8.6,7.90643,0.6935702323913571
2025-05-18,2025-05-22,6.7,8.163981,-1.4639814376831053
2025-05-18,2025-05-23,8.5,6.949971,1.5500288009643555
2025-05-18,2025-05-24,6.7,5.7888865,0.9111134529113771
2025-05-18,2025-05-25,5.0,7.95412,-2.95412015914917
2025-05-18,2025-05-26,5.2,4.9238434,0.2761566162109377
2025-05-18,2025-05-27,4.7,7.570834,-2.870834159851074
2025-05-18,2025-05-28,5.5,6.869503,-1.3695030212402344
2025-05-18,2025-05-29,6.8,8.476929,-1.6769287109375002
2025-05-18,2025-05-30,7.2,8.289835,-1.0898349761962889
2025-05-18,2025-05-31,6.7,6.7575893,-0.05758934020996076
2025-05-18,2025-06-01,5.6,8.397132,-2.79713191986084
2025-05-18,2025-06-02,5.6,6.7249064,-1.124906444549561
2025-05-18,2025-06-03,5.4,5.7803144,-0.3803144454956051
2025-05-18,2025-06-04,7.0,6.6320214,0.367978572845459
2025-05-18,2025-06-05,6.0,7.0277653,-1.0277652740478516
2025-05-18,2025-06-06,5.0,5.651833,-0.6518330574035645
2025-05-18,2025-06-07,4.3,5.6691895,-1.3691894531250002
2025-05-18,2025-06-08,5.6,6.883993,-1.2839931488037113
2025-05-18,2025-06-09,17.7,6.083123,11.616876792907714
2025-05-18,2025-06-10,6.2,6.4378877,-0.23788766860961896
2025-05-18,2025-06-11,8.8,7.0494843,1.7505157470703132
2025-05-18,2025-06-12,12.0,7.2912393,4.708760738372803
2025-05-18,2025-06-13,9.9,6.911983,2.988016986846924
2025-05-18,2025-06-14,7.6,7.591143,0.008856868743896129
2025-05-18,2025-06-15,6.6,6.224213,0.37578687667846644
2025-05-18,2025-06-16,7.3,6.860387,0.4396131515502928
2025-05-18,2025-06-17,7.5,8.349618,-0.8496179580688477
2025-05-19,2025-05-20,7.4,7.66884,-0.26883993148803675
2025-05-19,2025-05-21,8.6,6.7346296,1.8653703689575192
2025-05-19,2025-05-22,6.7,8.109571,-1.4095714569091795
2025-05-19,2025-05-23,8.5,8.432208,0.06779193878173828
2025-05-19,2025-05-24,6.7,6.8698316,-0.16983156204223615
2025-05-19,2025-05-25,5.0,5.8506627,-0.8506627082824707
2025-05-19,2025-05-26,5.2,8.09818,-2.898179817199707
2025-05-19,2025-05-27,4.7,5.252444,-0.5524437904357908
2025-05-19,2025-05-28,5.5,7.652847,-2.1528468132019043
2025-05-19,2025-05-29,6.8,6.92008,-0.12008018493652362
2025-05-19,2025-05-30,7.2,8.629212,-1.4292123794555662
2025-05-19,2025-05-31,6.7,8.3172655,-1.6172655105590819
2025-05-19,2025-06-01,5.6,6.7433157,-1.143315696716309
2025-05-19,2025-06-02,5.6,8.652944,-3.05294361114502
2025-05-19,2025-06-03,5.4,6.8943825,-1.4943824768066403
2025-05-19,2025-06-04,7.0,5.6462812,1.3537187576293945
2025-05-19,2025-06-05,6.0,6.42248,-0.42248010635375977
2025-05-19,2025-06-06,5.0,6.906504,-1.9065041542053223
2025-05-19,2025-06-07,4.3,5.639997,-1.3399970054626467
2025-05-19,2025-06-08,5.6,5.6951222,-0.09512224197387731
2025-05-19,2025-06-09,17.7,6.897441,10.802559089660644
2025-05-19,2025-06-10,6.2,5.9774866,0.22251338958740252
2025-05-19,2025-06-11,8.8,6.379926,2.4200737953186042
2025-05-19,2025-06-12,12.0,6.9401126,5.059887409210205
2025-05-19,2025-06-13,9.9,7.1615825,2.738417530059815
2025-05-19,2025-06-14,7.6,6.832266,0.7677341461181637
2025-05-19,2025-06-15,6.6,7.7727246,-1.1727246284484867
2025-05-19,2025-06-16,7.3,6.139116,1.1608841896057127
2025-05-19,2025-06-17,7.5,6.700272,0.7997279167175293
2025-05-19,2025-06-18,8.4,8.198556,0.2014440536499027
2025-05-20,2025-05-21,8.6,7.7332697,0.8667303085327145
2025-05-20,2025-05-22,6.7,6.634124,0.06587619781494158
2025-05-20,2025-05-23,8.5,8.26906,0.2309398651123047
2025-05-20,2025-05-24,6.7,8.494556,-1.794556427001953
2025-05-20,2025-05-25,5.0,7.0039606,-2.003960609436035
2025-05-20,2025-05-26,5.2,5.817287,-0.617286968231201
2025-05-20,2025-05-27,4.7,8.093718,-3.393717575073242
2025-05-20,2025-05-28,5.5,5.351573,0.14842700958251953
2025-05-20,2025-05-29,6.8,7.729408,-0.9294077873229982
2025-05-20,2025-05-30,7.2,6.877827,0.32217283248901385
2025-05-20,2025-05-31,6.7,8.733401,-2.033401298522949
2025-05-20,2025-06-01,5.6,8.38322,-2.783219718933106
2025-05-20,2025-06-02,5.6,6.78604,-1.1860398292541507
2025-05-20,2025-06-03,5.4,8.916207,-3.5162073135375973
2025-05-20,2025-06-04,7.0,6.8637075,0.1362924575805664
2025-05-20,2025-06-05,6.0,5.4466376,0.5533623695373535
2025-05-20,2025-06-06,5.0,6.425746,-1.425745964050293
2025-05-20,2025-06-07,4.3,6.867488,-2.567487907409668
2025-05-20,2025-06-08,5.6,5.632842,-0.03284206390380895
2025-05-20,2025-06-09,17.7,5.6992455,12.00075454711914
2025-05-20,2025-06-10,6.2,6.8027544,-0.6027544021606444
2025-05-20,2025-06-11,8.8,6.0756936,2.7243063926696784
2025-05-20,2025-06-12,12.0,6.420667,5.5793328285217285
2025-05-20,2025-06-13,9.9,6.7862225,3.113777542114258
2025-05-20,2025-06-14,7.6,7.0691957,0.5308042526245114
2025-05-20,2025-06-15,6.6,6.659893,-0.05989303588867223
2025-05-20,2025-06-16,7.3,7.784628,-0.4846279144287111
2025-05-20,2025-06-17,7.5,6.027651,1.4723491668701172
2025-05-20,2025-06-18,8.4,6.5576286,1.8423713684082035
2025-05-20,2025-06-19,13.3,8.158753,5.141246604919434
2025-05-21,2025-05-22,6.7,7.733449,-1.0334489822387694
2025-05-21,2025-05-23,8.5,6.6054387,1.8945612907409668
2025-05-21,2025-05-24,6.7,8.416607,-1.7166069030761717
2025-05-21,2025-05-25,5.0,8.323011,-3.3230113983154297
2025-05-21,2025-05-26,5.2,7.302555,-2.1025550842285154
2025-05-21,2025-05-27,4.7,5.8855224,-1.1855223655700682
2025-05-21,2025-05-28,5.5,8.120205,-2.6202049255371094
2025-05-21,2025-05-29,6.8,5.329683,1.4703171730041502
2025-05-21,2025-05-30,7.2,7.7928157,-0.5928156852722166
2025-05-21,2025-05-31,6.7,6.888345,-0.18834476470947248
2025-05-21,2025-06-01,5.6,8.710522,-3.1105216979980472
2025-05-21,2025-06-02,5.6,8.313594,-2.7135938644409183
2025-05-21,2025-06-03,5.4,6.838237,-1.4382368087768551
2025-05-21,2025-06-04,7.0,9.100192,-2.100192070007324
2025-05-21,2025-06-05,6.0,6.788445,-0.788444995880127
2025-05-21,2025-06-06,5.0,5.2295604,-0.22956037521362305
2025-05-21,2025-06-07,4.3,6.384634,-2.084634017944336
2025-05-21,2025-06-08,5.6,6.8876147,-1.287614727020264
2025-05-21,2025-06-09,17.7,5.6063733,12.093626689910888
2025-05-21,2025-06-10,6.2,5.7342625,0.4657375335693361
2025-05-21,2025-06-11,8.8,6.797896,2.002104091644288
2025-05-21,2025-06-12,12.0,6.316042,5.683958053588867
2025-05-21,2025-06-13,9.9,6.581682,3.318317794799805
2025-05-21,2025-06-14,7.6,6.541738,1.058261966705322
2025-05-21,2025-06-15,6.6,7.101845,-0.5018447875976566
2025-05-21,2025-06-16,7.3,6.4223843,0.8776157379150389
2025-05-21,2025-06-17,7.5,7.8551736,-0.35517358779907227
2025-05-21,2025-06-18,8.4,5.9343195,2.465680503845215
2025-05-21,2025-06-19,13.3,6.315853,6.984146881103516
2025-05-21,2025-06-20,13.499999999999998,8.096007,5.403992652893065
2025-05-22,2025-05-23,8.5,7.7999244,0.700075626373291
2025-05-22,2025-05-24,6.7,6.5817504,0.11824960708618182
2025-05-22,2025-05-25,5.0,8.536212,-3.5362119674682617
2025-05-22,2025-05-26,5.2,8.172896,-2.972896385192871
2025-05-22,2025-05-27,4.7,7.519405,-2.819404888153076
2025-05-22,2025-05-28,5.5,5.969789,-0.4697890281677246
2025-05-22,2025-05-29,6.8,8.11005,-1.3100502014160158
2025-05-22,2025-05-30,7.2,5.370592,1.8294078826904299
2025-05-22,2025-05-31,6.7,7.838088,-1.138088035583496
2025-05-22,2025-06-01,5.6,6.837065,-1.2370652198791507
2025-05-22,2025-06-02,5.6,8.672276,-3.072275543212891
2025-05-22,2025-06-03,5.4,8.201757,-2.801757431030273
2025-05-22,2025-06-04,7.0,6.8368325,0.16316747665405273
2025-05-22,2025-06-05,6.0,9.166872,-3.166872024536133
2025-05-22,2025-06-06,5.0,6.7922645,-1.792264461517334
2025-05-22,2025-06-07,4.3,5.280864,-0.9808637619018556
2025-05-22,2025-06-08,5.6,6.395535,-0.7955349922180179
2025-05-22,2025-06-09,17.7,6.8294096,10.8705904006958
2025-05-22,2025-06-10,6.2,5.584956,0.6150438308715822
2025-05-22,2025-06-11,8.8,5.7271867,3.072813320159913
2025-05-22,2025-06-12,12.0,6.7884846,5.211515426635742
2025-05-22,2025-06-13,9.9,6.50551,3.3944901466369632
2025-05-22,2025-06-14,7.6,6.6506577,0.9493423461914059
2025-05-22,2025-06-15,6.6,6.313544,0.286456203460693
2025-05-22,2025-06-16,7.3,7.13705,0.16294984817504865
2025-05-22,2025-06-17,7.5,6.289922,1.2100777626037598
2025-05-22,2025-06-18,8.4,7.936037,0.46396293640136754
2025-05-22,2025-06-19,13.3,5.790157,7.5098431587219245
2025-05-22,2025-06-20,13.499999999999998,6.1792865,7.320713520050047
2025-05-22,2025-06-21,11.1,8.073781,3.02621898651123
2025-05-23,2025-05-24,6.7,7.8029585,-1.1029584884643553
2025-05-23,2025-05-25,5.0,6.6041837,-1.6041836738586426
2025-05-23,2025-05-26,5.2,8.535909,-3.3359086990356444
2025-05-23,2025-05-27,4.7,8.10379,-3.403790283203125
2025-05-23,2025-05-28,5.5,7.590056,-2.0900559425354004
2025-05-23,2025-05-29,6.8,6.1044316,0.6955683708190916
2025-05-23,2025-05-30,7.2,8.1667,-0.9667003631591795
2025-05-23,2025-05-31,6.7,5.4719386,1.2280613899230959
2025-05-23,2025-06-01,5.6,7.8053956,-2.205395603179932
2025-05-23,2025-06-02,5.6,6.820389,-1.2203887939453129
2025-05-23,2025-06-03,5.4,8.645348,-3.2453475952148434
2025-05-23,2025-06-04,7.0,7.998739,-0.9987387657165527
2025-05-23,2025-06-05,6.0,6.769131,-0.7691311836242676
2025-05-23,2025-06-06,5.0,9.110766,-4.110766410827637
2025-05-23,2025-06-07,4.3,6.8400345,-2.5400344848632814
2025-05-23,2025-06-08,5.6,5.3538,0.24620018005371058
2025-05-23,2025-06-09,17.7,6.36954,11.330459785461425
2025-05-23,2025-06-10,6.2,6.7879844,-0.5879843711853026
2025-05-23,2025-06-11,8.8,5.4709907,3.3290093421936042
2025-05-23,2025-06-12,12.0,5.694181,6.305819034576416
2025-05-23,2025-06-13,9.9,6.764067,3.13593282699585
2025-05-23,2025-06-14,7.6,6.521709,1.078291034698486
2025-05-23,2025-06-15,6.6,6.659965,-0.0599650382995609
2025-05-23,2025-06-16,7.3,6.145588,1.1544120788574217
2025-05-23,2025-06-17,7.5,7.211668,0.2883319854736328
2025-05-23,2025-06-18,8.4,6.186543,2.213457012176514
2025-05-23,2025-06-19,13.3,8.009245,5.2907550811767585
2025-05-23,2025-06-20,13.499999999999998,5.68529,7.81471014022827
2025-05-23,2025-06-21,11.1,6.111177,4.98882303237915
2025-05-23,2025-06-22,7.2,7.986487,-0.7864869117736815
2025-05-24,2025-05-25,5.0,7.6688476,-2.6688475608825684
2025-05-24,2025-05-26,5.2,6.6640534,-1.464053440093994
2025-05-24,2025-05-27,4.7,8.359963,-3.6599634170532225
2025-05-24,2025-05-28,5.5,7.994145,-2.494144916534424
2025-05-24,2025-05-29,6.8,7.630534,-0.8305341720581056
2025-05-24,2025-05-30,7.2,6.304198,0.8958022117614748
2025-05-24,2025-05-31,6.7,8.204574,-1.504573631286621
2025-05-24,2025-06-01,5.6,5.375021,0.2249790191650387
2025-05-24,2025-06-02,5.6,7.653807,-2.0538071632385257
2025-05-24,2025-06-03,5.4,7.0861173,-1.6861172676086422
2025-05-24,2025-06-04,7.0,8.46911,-1.4691095352172852
2025-05-24,2025-06-05,6.0,7.9428334,-1.942833423614502
2025-05-24,2025-06-06,5.0,6.8229394,-1.822939395904541
2025-05-24,2025-06-07,4.3,8.927865,-4.627865028381348
2025-05-24,2025-06-08,5.6,6.8934,-1.2934001922607425
2025-05-24,2025-06-09,17.7,5.501123,12.198877048492431
2025-05-24,2025-06-10,6.2,6.266594,-0.06659393310546857
2025-05-24,2025-06-11,8.8,6.883102,1.9168980598449714
2025-05-24,2025-06-12,12.0,5.3784227,6.621577262878418
2025-05-24,2025-06-13,9.9,5.6930475,4.206952476501465
2025-05-24,2025-06-14,7.6,6.7813716,0.8186284065246578
2025-05-24,2025-06-15,6.6,6.4742393,0.12576065063476527
2025-05-24,2025-06-16,7.3,6.643662,0.6563380241394041
2025-05-24,2025-06-17,7.5,6.2773185,1.2226815223693848
2025-05-24,2025-06-18,8.4,7.3090296,1.0909704208374027
2025-05-24,2025-06-19,13.3,6.3391128,6.960887241363526
2025-05-24,2025-06-20,13.499999999999998,7.9719443,5.5280556678771955
2025-05-24,2025-06-21,11.1,5.7714458,5.328554248809814
2025-05-24,2025-06-22,7.2,6.124943,1.0750572204589846
2025-05-24,2025-06-23,5.8,7.9867253,-2.1867253303527834
2025-05-25,2025-05-26,5.2,7.6839848,-2.4839847564697264
2025-05-25,2025-05-27,4.7,6.6282306,-1.928230571746826
2025-05-25,2025-05-28,5.5,8.169872,-2.669872283935547
2025-05-25,2025-05-29,6.8,8.03679,-1.236789894104004
2025-05-25,2025-05-30,7.2,7.4963703,-0.29637031555175763
2025-05-25,2025-05-31,6.7,6.427533,0.2724668502807619
2025-05-25,2025-06-01,5.6,8.213157,-2.6131567001342777
2025-05-25,2025-06-02,5.6,5.4134984,0.18650159835815394
2025-05-25,2025-06-03,5.4,7.525358,-2.125358200073242
2025-05-25,2025-06-04,7.0,7.2708106,-0.270810604095459
2025-05-25,2025-06-05,6.0,8.399785,-2.399785041809082
2025-05-25,2025-06-06,5.0,7.917416,-2.9174160957336426
2025-05-25,2025-06-07,4.3,7.019582,-2.7195817947387697
2025-05-25,2025-06-08,5.6,8.694533,-3.0945333480834964
2025-05-25,2025-06-09,17.7,6.9722123,10.727787685394286
2025-05-25,2025-06-10,6.2,5.907005,0.29299516677856463
2025-05-25,2025-06-11,8.8,6.378247,2.4217532157897956
2025-05-25,2025-06-12,12.0,7.017265,4.9827351570129395
2025-05-25,2025-06-13,9.9,5.3896847,4.510315322875977
2025-05-25,2025-06-14,7.6,5.738206,1.8617940902709957
2025-05-25,2025-06-15,6.6,6.697786,-0.09778585433959996
2025-05-25,2025-06-16,7.3,6.330446,0.9695542335510252
2025-05-25,2025-06-17,7.5,6.6124806,0.887519359588623
2025-05-25,2025-06-18,8.4,6.6065445,1.793455505371094
2025-05-25,2025-06-19,13.3,7.24764,6.052359867095948
2025-05-25,2025-06-20,13.499999999999998,6.689387,6.8106131553649885
2025-05-25,2025-06-21,11.1,7.920169,3.1798311233520504
2025-05-25,2025-06-22,7.2,5.9130516,1.2869483947753908
2025-05-25,2025-06-23,5.8,6.38231,-0.5823099136352541
2025-05-25,2025-06-24,6.3,8.103467,-1.8034669876098635
2025-05-26,2025-05-27,4.7,7.7144914,-3.0144913673400877
2025-05-26,2025-05-28,5.5,6.7020926,-1.2020926475524902
2025-05-26,2025-05-29,6.8,8.295916,-1.4959156036376955
2025-05-26,2025-05-30,7.2,8.209492,-1.009491729736328
2025-05-26,2025-05-31,6.7,7.250707,-0.5507071495056151
2025-05-26,2025-06-01,5.6,6.546348,-0.9463480949401859
2025-05-26,2025-06-02,5.6,8.247501,-2.647501373291016
2025-05-26,2025-06-03,5.4,5.8282194,-0.42821941375732386
2025-05-26,2025-06-04,7.0,7.6784377,-0.6784377098083496
2025-05-26,2025-06-05,6.0,7.400394,-1.4003939628601074
2025-05-26,2025-06-06,5.0,8.532146,-3.532146453857422
2025-05-26,2025-06-07,4.3,7.802108,-3.5021078109741213
2025-05-26,2025-06-08,5.6,7.161293,-1.5612930297851566
2025-05-26,2025-06-09,17.7,8.754741,8.945259284973144
2025-05-26,2025-06-10,6.2,7.1470947,-0.9470947265624998
2025-05-26,2025-06-11,8.8,6.1124506,2.6875494003295906
2025-05-26,2025-06-12,12.0,6.321939,5.678061008453369
2025-05-26,2025-06-13,9.9,7.0584764,2.8415235519409183
2025-05-26,2025-06-14,7.6,5.384727,2.215272998809814
2025-05-26,2025-06-15,6.6,5.843689,0.7563110351562496
2025-05-26,2025-06-16,7.3,6.640147,0.6598527908325194
2025-05-26,2025-06-17,7.5,6.30522,1.194779872894287
2025-05-26,2025-06-18,8.4,6.6835437,1.7164563179016117
2025-05-26,2025-06-19,13.3,6.7049336,6.595066356658936
2025-05-26,2025-06-20,13.499999999999998,7.100133,6.399867057800291
2025-05-26,2025-06-21,11.1,6.770856,4.329144096374511
2025-05-26,2025-06-22,7.2,8.000557,-0.8005569458007811
2025-05-26,2025-06-23,5.8,6.0635614,-0.26356143951416033
2025-05-26,2025-06-24,6.3,6.5371532,-0.23715324401855487
2025-05-26,2025-06-25,6.2,8.034151,-1.8341510772705076
2025-05-27,2025-05-28,5.5,7.853045,-2.3530449867248535
2025-05-27,2025-05-29,6.8,6.7572727,0.04272727966308576
2025-05-27,2025-05-30,7.2,8.455133,-1.2551334381103514
2025-05-27,2025-05-31,6.7,8.087866,-1.3878658294677733
2025-05-27,2025-06-01,5.6,7.396938,-1.7969378471374515
2025-05-27,2025-06-02,5.6,6.676247,-1.0762471199035648
2025-05-27,2025-06-03,5.4,8.266228,-2.8662277221679684
2025-05-27,2025-06-04,7.0,6.029131,0.9708690643310547
2025-05-27,2025-06-05,6.0,7.794954,-1.7949538230895996
2025-05-27,2025-06-06,5.0,7.5541043,-2.5541043281555176
2025-05-27,2025-06-07,4.3,8.639945,-4.3399450302124025
2025-05-27,2025-06-08,5.6,7.6113935,-2.011393451690674
2025-05-27,2025-06-09,17.7,7.385705,10.31429500579834
2025-05-27,2025-06-10,6.2,8.856547,-2.6565473556518553
2025-05-27,2025-06-11,8.8,7.1477847,1.6522152900695808
2025-05-27,2025-06-12,12.0,6.150946,5.849053859710693
2025-05-27,2025-06-13,9.9,6.3712606,3.5287393569946293
2025-05-27,2025-06-14,7.6,7.235768,0.3642321586608883
2025-05-27,2025-06-15,6.6,5.4159317,1.1840682983398434
2025-05-27,2025-06-16,7.3,5.953057,1.3469431877136229
2025-05-27,2025-06-17,7.5,6.5403385,0.9596614837646484
2025-05-27,2025-06-18,8.4,6.643756,1.7562440872192386
2025-05-27,2025-06-19,13.3,6.9806895,6.319310474395753
2025-05-27,2025-06-20,13.499999999999998,6.7491946,6.750805377960203
2025-05-27,2025-06-21,11.1,6.989045,4.110954856872558
2025-05-27,2025-06-22,7.2,6.568128,0.6318718910217287
2025-05-27,2025-06-23,5.8,8.002894,-2.202894401550293
2025-05-27,2025-06-24,6.3,6.1901593,0.109840679168701
2025-05-27,2025-06-25,6.2,6.594332,-0.39433221817016584
2025-05-27,2025-06-26,5.9,7.910674,-2.0106740951538082
2025-05-28,2025-05-29,6.8,7.961913,-1.1619131088256838
2025-05-28,2025-05-30,7.2,6.8506336,0.34936637878417987
2025-05-28,2025-05-31,6.7,8.514402,-1.814402389526367
2025-05-28,2025-06-01,5.6,7.8689866,-2.2689866065979007
2025-05-28,2025-06-02,5.6,7.5107026,-1.9107026100158695
2025-05-28,2025-06-03,5.4,6.754813,-1.354813194274902
2025-05-28,2025-06-04,7.0,8.2241955,-1.2241954803466797
2025-05-28,2025-06-05,6.0,6.3076277,-0.30762767791748047
2025-05-28,2025-06-06,5.0,8.008676,-3.0086755752563477
2025-05-28,2025-06-07,4.3,7.604195,-3.3041951179504396
2025-05-28,2025-06-08,5.6,8.786268,-3.18626823425293
2025-05-28,2025-06-09,17.7,7.490556,10.20944423675537
2025-05-28,2025-06-10,6.2,7.5562067,-1.356206703186035
2025-05-28,2025-06-11,8.8,8.860759,-0.06075878143310476
2025-05-28,2025-06-12,12.0,7.1751738,4.824826240539551
2025-05-28,2025-06-13,9.9,6.2806897,3.619310283660889
2025-05-28,2025-06-14,7.6,6.4107394,1.1892605781555172
2025-05-28,2025-06-15,6.6,7.3462873,-0.7462872505187992
2025-05-28,2025-06-16,7.3,5.5000343,1.7999656677246092
2025-05-28,2025-06-17,7.5,6.1976986,1.3023014068603516
2025-05-28,2025-06-18,8.4,6.4491324,1.9508675575256351
2025-05-28,2025-06-19,13.3,6.869447,6.430552768707276
2025-05-28,2025-06-20,13.499999999999998,7.1389174,6.361082553863524
2025-05-28,2025-06-21,11.1,6.6832404,4.416759586334228
2025-05-28,2025-06-22,7.2,7.020043,0.17995710372924822
2025-05-28,2025-06-23,5.8,6.490194,-0.6901938438415529
2025-05-28,2025-06-24,6.3,8.062295,-1.7622949600219728
2025-05-28,2025-06-25,6.2,6.2451196,-0.04511957168579084
2025-05-28,2025-06-26,5.9,6.676286,-0.7762862205505368
2025-05-28,2025-06-27,6.0,7.8675923,-1.8675923347473145
2025-05-29,2025-05-30,7.2,7.999431,-0.7994311332702635
2025-05-29,2025-05-31,6.7,7.0176964,-0.3176963806152342
2025-05-29,2025-06-01,5.6,8.508978,-2.908977890014649
2025-05-29,2025-06-02,5.6,7.5802965,-1.9802965164184574
2025-05-29,2025-06-03,5.4,7.6199675,-2.219967460632324
2025-05-29,2025-06-04,7.0,6.8509483,0.14905166625976562
2025-05-29,2025-06-05,6.0,8.150646,-2.150646209716797
2025-05-29,2025-06-06,5.0,6.558381,-1.5583810806274414
2025-05-29,2025-06-07,4.3,8.196135,-3.8961345672607424
2025-05-29,2025-06-08,5.6,7.6427155,-2.042715454101563
2025-05-29,2025-06-09,17.7,8.877984,8.822015953063964
2025-05-29,2025-06-10,6.2,7.301087,-1.101086902618408
2025-05-29,2025-06-11,8.8,7.59249,1.2075098037719734
2025-05-29,2025-06-12,12.0,8.751319,3.24868106842041
2025-05-29,2025-06-13,9.9,7.2080364,2.691963577270508
2025-05-29,2025-06-14,7.6,6.407428,1.192572212219238
2025-05-29,2025-06-15,6.6,6.440229,0.15977106094360316
2025-05-29,2025-06-16,7.3,7.4930596,-0.1930596351623537
2025-05-29,2025-06-17,7.5,5.5613446,1.9386553764343262
2025-05-29,2025-06-18,8.4,6.4194965,1.9805034637451175
2025-05-29,2025-06-19,13.3,6.4046893,6.8953106880187995
2025-05-29,2025-06-20,13.499999999999998,7.0414243,6.458575725555418
2025-05-29,2025-06-21,11.1,7.2489033,3.851096725463867
2025-05-29,2025-06-22,7.2,6.5200233,0.6799766540527346
2025-05-29,2025-06-23,5.8,7.1715045,-1.3715044975280763
2025-05-29,2025-06-24,6.3,6.3853693,-0.08536930084228533
2025-05-29,2025-06-25,6.2,8.125509,-1.9255092620849608
2025-05-29,2025-06-26,5.9,6.2862206,-0.386220550537109
2025-05-29,2025-06-27,6.0,6.701985,-0.7019848823547363
2025-05-29,2025-06-28,4.8,7.810989,-3.0109889030456545
2025-05-30,2025-05-31,6.7,7.9636393,-1.2636392593383787
2025-05-30,2025-06-01,5.6,7.2513776,-1.6513775825500492
2025-05-30,2025-06-02,5.6,8.473972,-2.873972320556641
2025-05-30,2025-06-03,5.4,7.334407,-1.9344068527221676
2025-05-30,2025-06-04,7.0,7.6785693,-0.6785693168640137
2025-05-30,2025-06-05,6.0,6.9212127,-0.9212126731872559
2025-05-30,2025-06-06,5.0,8.172752,-3.1727523803710938
2025-05-30,2025-06-07,4.3,6.7104053,-2.4104053497314455
2025-05-30,2025-06-08,5.6,8.355512,-2.7555116653442386
2025-05-30,2025-06-09,17.7,7.713083,9.986917209625243
2025-05-30,2025-06-10,6.2,8.962471,-2.762471008300781
2025-05-30,2025-06-11,8.8,7.132634,1.6673658370971687
2025-05-30,2025-06-12,12.0,7.494938,4.505062103271484
2025-05-30,2025-06-13,9.9,8.559354,1.3406461715698246
2025-05-30,2025-06-14,7.6,7.2834425,0.3165575027465817
2025-05-30,2025-06-15,6.6,6.480969,0.11903104782104457
2025-05-30,2025-06-16,7.3,6.364802,0.9351981163024901
2025-05-30,2025-06-17,7.5,7.6208534,-0.12085342407226562
2025-05-30,2025-06-18,8.4,5.58018,2.819819831848145
2025-05-30,2025-06-19,13.3,6.650549,6.649451065063477
2025-05-30,2025-06-20,13.499999999999998,6.4189224,7.081077575683592
2025-05-30,2025-06-21,11.1,7.073244,4.026755905151367
2025-05-30,2025-06-22,7.2,7.2103796,-0.010379600524902166
2025-05-30,2025-06-23,5.8,6.326707,-0.5267068862915041
2025-05-30,2025-06-24,6.3,7.4151645,-1.1151644706726076
2025-05-30,2025-06-25,6.2,6.3058543,-0.10585432052612287
2025-05-30,2025-06-26,5.9,8.224457,-2.3244567871093746
2025-05-30,2025-06-27,6.0,6.290556,-0.2905559539794922
2025-05-30,2025-06-28,4.8,6.669524,-1.8695241928100588
2025-05-30,2025-06-29,5.8,7.72508,-1.9250800132751467
2025-05-31,2025-06-01,5.6,7.796675,-2.1966752052307132
2025-05-31,2025-06-02,5.6,7.4337564,-1.8337563514709476
2025-05-31,2025-06-03,5.4,8.2544775,-2.854477500915527
2025-05-31,2025-06-04,7.0,7.193319,-0.19331884384155273
2025-05-31,2025-06-05,6.0,7.613641,-1.6136407852172852
2025-05-31,2025-06-06,5.0,6.964564,-1.9645638465881348
2025-05-31,2025-06-07,4.3,8.053226,-3.753226470947266
2025-05-31,2025-06-08,5.6,6.689247,-1.0892471313476566
2025-05-31,2025-06-09,17.7,8.315523,9.384476852416991
2025-05-31,2025-06-10,6.2,7.9391975,-1.739197540283203
2025-05-31,2025-06-11,8.8,8.829502,-0.029502105712889914
2025-05-31,2025-06-12,12.0,7.2275214,4.7724785804748535
2025-05-31,2025-06-13,9.9,7.437248,2.4627517700195316
2025-05-31,2025-06-14,7.6,8.268035,-0.668034934997559
2025-05-31,2025-06-15,6.6,7.3183575,-0.7183574676513675
2025-05-31,2025-06-16,7.3,6.6834393,0.6165607452392576
2025-05-31,2025-06-17,7.5,6.2925344,1.207465648651123
2025-05-31,2025-06-18,8.4,7.744963,0.6550368309021
2025-05-31,2025-06-19,13.3,5.6087694,7.691230583190919
2025-05-31,2025-06-20,13.499999999999998,6.793709,6.706291198730467
2025-05-31,2025-06-21,11.1,6.458752,4.641247844696045
2025-05-31,2025-06-22,7.2,6.9415913,0.25840873718261737
2025-05-31,2025-06-23,5.8,7.0167007,-1.2167007446289064
2025-05-31,2025-06-24,6.3,6.4259515,-0.1259514808654787
2025-05-31,2025-06-25,6.2,7.617369,-1.4173691749572752
2025-05-31,2025-06-26,5.9,6.4815574,-0.5815573692321774
2025-05-31,2025-06-27,6.0,8.154129,-2.1541290283203125
2025-05-31,2025-06-28,4.8,6.3780985,-1.578098487854004
2025-05-31,2025-06-29,5.8,6.6742268,-0.874226760864258
2025-05-31,2025-06-30,8.5,7.7822037,0.7177963256835938
2025-06-01,2025-06-02,5.6,7.6478987,-2.047898674011231
2025-06-01,2025-06-03,5.4,7.569592,-2.1695919990539547
2025-06-01,2025-06-04,7.0,7.9421167,-0.9421167373657227
2025-06-01,2025-06-05,6.0,7.187933,-1.1879329681396484
2025-06-01,2025-06-06,5.0,7.222526,-2.2225260734558105
2025-06-01,2025-06-07,4.3,6.7583637,-2.458363723754883
2025-06-01,2025-06-08,5.6,7.9747033,-2.3747033119201664
2025-06-01,2025-06-09,17.7,6.6455197,11.054480266571044
2025-06-01,2025-06-10,6.2,8.238483,-2.038483428955078
2025-06-01,2025-06-11,8.8,7.9152913,0.8847086906433113
2025-06-01,2025-06-12,12.0,8.774708,3.225292205810547
2025-06-01,2025-06-13,9.9,7.2142305,2.6857694625854496
2025-06-01,2025-06-14,7.6,7.5055075,0.09449253082275355
2025-06-01,2025-06-15,6.6,7.9195404,-1.3195404052734379
2025-06-01,2025-06-16,7.3,7.255643,0.04435710906982404
2025-06-01,2025-06-17,7.5,6.7936196,0.7063803672790527
2025-06-01,2025-06-18,8.4,6.348875,2.051124954223633
2025-06-01,2025-06-19,13.3,7.9018164,5.398183631896973
2025-06-01,2025-06-20,13.499999999999998,5.7043543,7.795645713806151
2025-06-01,2025-06-21,11.1,6.9094186,4.19058141708374
2025-06-01,2025-06-22,7.2,6.540132,0.6598679542541506
2025-06-01,2025-06-23,5.8,6.8139486,-1.0139486312866213
2025-06-01,2025-06-24,6.3,7.0197687,-0.7197687149047853
2025-06-01,2025-06-25,6.2,6.6831727,-0.48317270278930646
2025-06-01,2025-06-26,5.9,7.738764,-1.8387638092041012
2025-06-01,2025-06-27,6.0,6.690743,-0.6907429695129395
2025-06-01,2025-06-28,4.8,7.9743752,-3.1743752479553224
2025-06-01,2025-06-29,5.8,6.5486345,-0.7486345291137697
2025-06-01,2025-06-30,8.5,6.989866,1.510134220123291
2025-06-01,2025-07-01,9.9,7.8032994,2.0967005729675297
2025-06-02,2025-06-03,5.4,7.5174484,-2.1174484252929684
2025-06-02,2025-06-04,7.0,7.662955,-0.6629548072814941
2025-06-02,2025-06-05,6.0,7.9323883,-1.9323883056640625
2025-06-02,2025-06-06,5.0,7.3706737,-2.370673656463623
2025-06-02,2025-06-07,4.3,6.7511325,-2.4511324882507326
2025-06-02,2025-06-08,5.6,6.5947056,-0.9947055816650394
2025-06-02,2025-06-09,17.7,7.9954205,9.704579544067382
2025-06-02,2025-06-10,6.2,6.868476,-0.6684759140014647
2025-06-02,2025-06-11,8.8,8.377194,0.42280559539794993
2025-06-02,2025-06-12,12.0,7.8432193,4.15678071975708
2025-06-02,2025-06-13,9.9,8.96964,0.9303602218627933
2025-06-02,2025-06-14,7.6,7.1969576,0.40304241180419886
2025-06-02,2025-06-15,6.6,7.5790668,-0.9790667533874515
2025-06-02,2025-06-16,7.3,7.9008994,-0.6008994102478029
2025-06-02,2025-06-17,7.5,7.2966304,0.2033696174621582
2025-06-02,2025-06-18,8.4,6.6767516,1.723248386383057
2025-06-02,2025-06-19,13.3,6.226891,7.073108959197999
2025-06-02,2025-06-20,13.499999999999998,7.9430795,5.5569205284118635
2025-06-02,2025-06-21,11.1,5.7914934,5.30850658416748
2025-06-02,2025-06-22,7.2,7.0811796,0.11882038116455096
2025-06-02,2025-06-23,5.8,6.572334,-0.7723338127136232
2025-06-02,2025-06-24,6.3,6.6501913,-0.35019130706787127
2025-06-02,2025-06-25,6.2,7.020968,-0.8209679603576658
2025-06-02,2025-06-26,5.9,6.779222,-0.8792220115661618
2025-06-02,2025-06-27,6.0,7.7012343,-1.7012343406677246
2025-06-02,2025-06-28,4.8,6.767344,-1.9673439979553224
2025-06-02,2025-06-29,5.8,7.9917364,-2.19173641204834
2025-06-02,2025-06-30,8.5,6.7486334,1.7513666152954102
2025-06-02,2025-07-01,9.9,7.294363,2.6056369781494144
2025-06-02,2025-07-02,4.7,7.6844754,-2.9844754219055174
2025-06-03,2025-06-04,7.0,7.6459527,-0.6459527015686035
2025-06-03,2025-06-05,6.0,7.6687512,-1.6687512397766113
2025-06-03,2025-06-06,5.0,8.052246,-3.05224609375
2025-06-03,2025-06-07,4.3,7.3129077,-3.012907695770264
2025-06-03,2025-06-08,5.6,6.663107,-1.0631069183349613
2025-06-03,2025-06-09,17.7,6.4965167,11.203483295440673
2025-06-03,2025-06-10,6.2,7.965402,-1.7654021263122557
2025-06-03,2025-06-11,8.8,6.8447995,1.9552004814147956
2025-06-03,2025-06-12,12.0,8.424361,3.575638771057129
2025-06-03,2025-06-13,9.9,7.7614274,2.1385725975036625
2025-06-03,2025-06-14,7.6,9.10182,-1.50181999206543
2025-06-03,2025-06-15,6.6,7.1159286,-0.5159286499023441
2025-06-03,2025-06-16,7.3,7.7756023,-0.47560234069824237
2025-06-03,2025-06-17,7.5,7.9378014,-0.4378013610839844
2025-06-03,2025-06-18,8.4,7.154046,1.2459539413452152
2025-06-03,2025-06-19,13.3,6.556838,6.743161964416505
2025-06-03,2025-06-20,13.499999999999998,6.331122,7.168878078460692
2025-06-03,2025-06-21,11.1,8.033197,3.066802597045898
2025-06-03,2025-06-22,7.2,5.8773284,1.3226716041564943
2025-06-03,2025-06-23,5.8,7.1398478,-1.339847755432129
2025-06-03,2025-06-24,6.3,6.5255165,-0.2255165100097658
2025-06-03,2025-06-25,6.2,6.884269,-0.6842692375183104
2025-06-03,2025-06-26,5.9,7.291447,-1.3914471626281735
2025-06-03,2025-06-27,6.0,6.8793807,-0.8793807029724121
2025-06-03,2025-06-28,4.8,7.6331625,-2.8331624984741213
2025-06-03,2025-06-29,5.8,6.6151443,-0.8151442527770998
2025-06-03,2025-06-30,8.5,7.930246,0.5697541236877441
2025-06-03,2025-07-01,9.9,6.935583,2.964416885375977
2025-06-03,2025-07-02,4.7,7.5385814,-2.838581371307373
2025-06-03,2025-07-03,4.2,7.587586,-3.387585926055908
2025-06-04,2025-06-05,6.0,7.798462,-1.7984619140625
2025-06-04,2025-06-06,5.0,7.641604,-2.641603946685791
2025-06-04,2025-06-07,4.3,8.098391,-3.798390579223633
2025-06-04,2025-06-08,5.6,7.1652207,-1.5652207374572757
2025-06-04,2025-06-09,17.7,6.6409807,11.05901927947998
2025-06-04,2025-06-10,6.2,6.47946,-0.279459762573242
2025-06-04,2025-06-11,8.8,7.886123,0.9138768196105964
2025-06-04,2025-06-12,12.0,6.789163,5.210836887359619
2025-06-04,2025-06-13,9.9,8.478683,1.4213165283203129
2025-06-04,2025-06-14,7.6,7.649003,-0.04900302886962926
2025-06-04,2025-06-15,6.6,9.202842,-2.6028417587280277
2025-06-04,2025-06-16,7.3,7.055431,0.24456911087036115
2025-06-04,2025-06-17,7.5,7.963132,-0.4631319046020508
2025-06-04,2025-06-18,8.4,7.952605,0.44739522933959996
2025-06-04,2025-06-19,13.3,7.030542,6.269458103179932
2025-06-04,2025-06-20,13.499999999999998,6.5529943,6.9470057487487775
2025-06-04,2025-06-21,11.1,6.4746423,4.625357723236084
2025-06-04,2025-06-22,7.2,8.046764,-0.8467643737792967
2025-06-04,2025-06-23,5.8,5.9529486,-0.15294857025146502
2025-06-04,2025-06-24,6.3,7.1934476,-0.8934475898742678
2025-06-04,2025-06-25,6.2,6.4926333,-0.29263334274291974
2025-06-04,2025-06-26,5.9,7.090396,-1.1903959274291989
2025-06-04,2025-06-27,6.0,7.5318213,-1.5318212509155273
2025-06-04,2025-06-28,4.8,6.897906,-2.0979058265686037
2025-06-04,2025-06-29,5.8,7.6614337,-1.8614336967468263
2025-06-04,2025-06-30,8.5,6.5623813,1.9376187324523926
2025-06-04,2025-07-01,9.9,7.9042416,1.995758438110352
2025-06-04,2025-07-02,4.7,7.047244,-2.347244071960449
2025-06-04,2025-07-03,4.2,7.756691,-3.556690979003906
2025-06-04,2025-07-04,6.8,7.5839763,-0.7839762687683107
2025-06-05,2025-06-06,5.0,7.8712234,-2.8712234497070312
2025-06-05,2025-06-07,4.3,7.6647453,-3.364745330810547
2025-06-05,2025-06-08,5.6,8.15531,-2.555309677124024
2025-06-05,2025-06-09,17.7,6.9119253,10.788074684143066
2025-06-05,2025-06-10,6.2,6.7417235,-0.5417235374450682
2025-06-05,2025-06-11,8.8,6.5933075,2.206692504882813
2025-06-05,2025-06-12,12.0,7.873173,4.126826763153076
2025-06-05,2025-06-13,9.9,6.7154655,3.1845344543457035
2025-06-05,2025-06-14,7.6,8.496812,-0.8968118667602543
2025-06-05,2025-06-15,6.6,7.617802,-1.0178021430969242
2025-06-05,2025-06-16,7.3,9.225905,-1.9259054183959963
2025-06-05,2025-06-17,7.5,6.8700895,0.6299104690551758
2025-06-05,2025-06-18,8.4,8.044374,0.35562553405761754
2025-06-05,2025-06-19,13.3,7.9141426,5.385857391357423
2025-06-05,2025-06-20,13.499999999999998,6.9794655,6.520534515380858
2025-06-05,2025-06-21,11.1,6.5510473,4.548952674865722
2025-06-05,2025-06-22,7.2,6.560301,0.639699172973633
2025-06-05,2025-06-23,5.8,8.04987,-2.249869537353516
2025-06-05,2025-06-24,6.3,6.0129104,0.2870896339416502
2025-06-05,2025-06-25,6.2,7.232398,-1.0323980331420897
2025-06-05,2025-06-26,5.9,6.5352445,-0.6352444648742672
2025-06-05,2025-06-27,6.0,7.330413,-1.3304128646850586
2025-06-05,2025-06-28,4.8,7.7869563,-2.986956310272217
2025-06-05,2025-06-29,5.8,6.773113,-0.9731127738952638
2025-06-05,2025-06-30,8.5,7.8126483,0.6873517036437988
2025-06-05,2025-07-01,9.9,6.446235,3.4537648200988773
2025-06-05,2025-07-02,4.7,7.9724774,-3.2724774360656737
2025-06-05,2025-07-03,4.2,7.098752,-2.8987520217895506
2025-06-05,2025-07-04,6.8,7.8589764,-1.0589763641357424
2025-06-05,2025-07-05,5.0,7.506875,-2.5068750381469727
2025-06-06,2025-06-07,4.3,7.936303,-3.6363031387329103
2025-06-06,2025-06-08,5.6,7.6039457,-2.0039457321166996
2025-06-06,2025-06-09,17.7,8.075314,9.624686431884765
2025-06-06,2025-06-10,6.2,6.7926435,-0.5926435470581053
2025-06-06,2025-06-11,8.8,6.671476,2.1285241127014167
2025-06-06,2025-06-12,12.0,6.6975164,5.302483558654785
2025-06-06,2025-06-13,9.9,7.8465323,2.053467655181885
2025-06-06,2025-06-14,7.6,6.6151056,0.9848943710327145
2025-06-06,2025-06-15,6.6,8.463164,-1.863164329528809
2025-06-06,2025-06-16,7.3,7.528569,-0.2285692214965822
2025-06-06,2025-06-17,7.5,9.299678,-1.799677848815918
2025-06-06,2025-06-18,8.4,6.813412,1.5865878105163578
2025-06-06,2025-06-19,13.3,8.051942,5.248058128356934
2025-06-06,2025-06-20,13.499999999999998,7.8061776,5.6938223838806135
2025-06-06,2025-06-21,11.1,6.9658237,4.134176349639892
2025-06-06,2025-06-22,7.2,6.663846,0.5361539840698244
2025-06-06,2025-06-23,5.8,6.7547555,-0.9547554969787599
2025-06-06,2025-06-24,6.3,7.987337,-1.687337112426758
2025-06-06,2025-06-25,6.2,6.0416446,0.15835542678833026
2025-06-06,2025-06-26,5.9,7.286687,-1.3866868972778317
2025-06-06,2025-06-27,6.0,6.5495095,-0.5495095252990723
2025-06-06,2025-06-28,4.8,7.304543,-2.5045430183410646
2025-06-06,2025-06-29,5.8,7.835495,-2.0354949951171877
2025-06-06,2025-06-30,8.5,6.726378,1.7736220359802246
2025-06-06,2025-07-01,9.9,7.9726133,1.9273866653442386
2025-06-06,2025-07-02,4.7,6.548476,-1.848476219177246
2025-06-06,2025-07-03,4.2,8.02887,-3.82886962890625
2025-06-06,2025-07-04,6.8,7.1010656,-0.3010656356811525
2025-06-06,2025-07-05,5.0,8.064716,-3.064716339111328
2025-06-06,2025-07-06,3.8,7.521558,-3.7215578079223635
2025-06-07,2025-06-08,5.6,7.7221084,-2.122108364105225
2025-06-07,2025-06-09,17.7,7.6327167,10.067283344268798
2025-06-07,2025-06-10,6.2,7.8804502,-1.6804502487182615
2025-06-07,2025-06-11,8.8,6.692114,2.1078861236572273
2025-06-07,2025-06-12,12.0,6.6388397,5.3611602783203125
2025-06-07,2025-06-13,9.9,6.771584,3.128415966033936
2025-06-07,2025-06-14,7.6,7.849147,-0.24914684295654332
2025-06-07,2025-06-15,6.6,6.450069,0.14993104934692347
2025-06-07,2025-06-16,7.3,8.286411,-0.9864112854003908
2025-06-07,2025-06-17,7.5,7.7424717,-0.24247169494628906
2025-06-07,2025-06-18,8.4,9.110383,-0.710383033752441
2025-06-07,2025-06-19,13.3,6.9411535,6.358846473693848
2025-06-07,2025-06-20,13.499999999999998,8.026909,5.4730911254882795
2025-06-07,2025-06-21,11.1,7.622253,3.477747058868408
2025-06-07,2025-06-22,7.2,7.000518,0.19948215484619158
2025-06-07,2025-06-23,5.8,6.746639,-0.9466387748718263
2025-06-07,2025-06-24,6.3,6.7409573,-0.4409572601318361
2025-06-07,2025-06-25,6.2,7.988678,-1.7886779785156248
2025-06-07,2025-06-26,5.9,6.090943,-0.19094285964965785
2025-06-07,2025-06-27,6.0,7.3573747,-1.357374668121338
2025-06-07,2025-06-28,4.8,6.6722336,-1.872233581542969
2025-06-07,2025-06-29,5.8,7.246123,-1.4461228370666506
2025-06-07,2025-06-30,8.5,7.7326803,0.7673196792602539
2025-06-07,2025-07-01,9.9,6.896106,3.0038942337036136
2025-06-07,2025-07-02,4.7,8.104496,-3.4044960021972654
2025-06-07,2025-07-03,4.2,6.7298794,-2.5298793792724608
2025-06-07,2025-07-04,6.8,7.996751,-1.196750831604004
2025-06-07,2025-07-05,5.0,7.1708875,-2.1708874702453613
2025-06-07,2025-07-06,3.8,8.119543,-4.319543075561524
2025-06-07,2025-07-07,4.3,7.5294123,-3.2294122695922853
2025-06-08,2025-06-09,17.7,7.5931683,10.106831741333007
2025-06-08,2025-06-10,6.2,7.596037,-1.396036911010742
2025-06-08,2025-06-11,8.8,7.6797543,1.1202457427978523
2025-06-08,2025-06-12,12.0,6.8292727,5.170727252960205
2025-06-08,2025-06-13,9.9,6.4877353,3.412264728546143
2025-06-08,2025-06-14,7.6,6.719101,0.8808990478515621
2025-06-08,2025-06-15,6.6,7.8427324,-1.2427324295043949
2025-06-08,2025-06-16,7.3,6.460754,0.839246082305908
2025-06-08,2025-06-17,7.5,8.111699,-0.611699104309082
2025-06-08,2025-06-18,8.4,7.845448,0.554551982879639
2025-06-08,2025-06-19,13.3,9.021944,4.278055953979493
2025-06-08,2025-06-20,13.499999999999998,7.1406198,6.3593802452087385
2025-06-08,2025-06-21,11.1,8.026333,3.0736671447753903
2025-06-08,2025-06-22,7.2,7.4379454,-0.23794536590576154
2025-06-08,2025-06-23,5.8,7.075594,-1.275593948364258
2025-06-08,2025-06-24,6.3,6.93896,-0.6389600753784181
2025-06-08,2025-06-25,6.2,6.8437457,-0.643745708465576
2025-06-08,2025-06-26,5.9,8.00429,-2.104289627075195
2025-06-08,2025-06-27,6.0,6.17902,-0.17901992797851562
2025-06-08,2025-06-28,4.8,7.415997,-2.6159970283508303
2025-06-08,2025-06-29,5.8,6.717401,-0.9174010276794435
2025-06-08,2025-06-30,8.5,7.0439763,1.4560236930847168
2025-06-08,2025-07-01,9.9,7.52818,2.371819877624512
2025-06-08,2025-07-02,4.7,7.2110047,-2.5110047340393065
2025-06-08,2025-07-03,4.2,8.073644,-3.873643684387207
2025-06-08,2025-07-04,6.8,6.9872217,-0.18722171783447283
2025-06-08,2025-07-05,5.0,7.937839,-2.9378390312194824
2025-06-08,2025-07-06,3.8,7.2320995,-3.432099533081055
2025-06-08,2025-07-07,4.3,8.291977,-3.9919769287109377
2025-06-08,2025-07-08,5.4,7.600751,-2.200750923156738
2025-06-09,2025-06-10,6.2,7.5557246,-1.3557246208190916
2025-06-09,2025-06-11,8.8,7.696293,1.103707122802735
2025-06-09,2025-06-12,12.0,7.7340493,4.265950679779053
2025-06-09,2025-06-13,9.9,7.0962286,2.8037714004516605
2025-06-09,2025-06-14,7.6,6.211469,1.3885308265686032
2025-06-09,2025-06-15,6.6,6.7137904,-0.11379041671752965
2025-06-09,2025-06-16,7.3,7.9080935,-0.6080934524536135
2025-06-09,2025-06-17,7.5,6.7065535,0.7934465408325195
2025-06-09,2025-06-18,8.4,8.173716,0.2262844085693363
2025-06-09,2025-06-19,13.3,7.845409,5.454591083526612
2025-06-09,2025-06-20,13.499999999999998,9.179336,4.320664405822752
2025-06-09,2025-06-21,11.1,7.186304,3.913695907592773
2025-06-09,2025-06-22,7.2,7.9692936,-0.7692935943603514
2025-06-09,2025-06-23,5.8,7.482686,-1.6826860427856447
2025-06-09,2025-06-24,6.3,7.1315393,-0.8315393447875978
2025-06-09,2025-06-25,6.2,6.8972354,-0.6972353935241697
2025-06-09,2025-06-26,5.9,6.7843614,-0.884361362457275
2025-06-09,2025-06-27,6.0,7.9611297,-1.9611296653747559
2025-06-09,2025-06-28,4.8,6.205016,-1.4050161361694338
2025-06-09,2025-06-29,5.8,7.5303454,-1.7303454399108888
2025-06-09,2025-06-30,8.5,6.7196364,1.7803635597229004
2025-06-09,2025-07-01,9.9,6.8778157,3.022184276580811
2025-06-09,2025-07-02,4.7,7.467781,-2.767781066894531
2025-06-09,2025-07-03,4.2,7.269639,-3.0696390151977537
2025-06-09,2025-07-04,6.8,8.048313,-1.2483131408691408
2025-06-09,2025-07-05,5.0,6.964555,-1.964554786682129
2025-06-09,2025-07-06,3.8,8.019929,-4.219928932189942
2025-06-09,2025-07-07,4.3,7.3112183,-3.01121826171875
2025-06-09,2025-07-08,5.4,8.339478,-2.9394775390624996
2025-06-09,2025-07-09,5.6,7.458496,-1.8584960937500004
2025-06-10,2025-06-11,8.8,7.6251802,1.1748197555542
2025-06-10,2025-06-12,12.0,7.8167863,4.183213710784912
2025-06-10,2025-06-13,9.9,7.81253,2.0874699592590336
2025-06-10,2025-06-14,7.6,7.0244527,0.5755473136901852
2025-06-10,2025-06-15,6.6,6.2436943,0.35630569458007777
2025-06-10,2025-06-16,7.3,6.674176,0.6258237838745115
2025-06-10,2025-06-17,7.5,7.9292855,-0.42928552627563477
2025-06-10,2025-06-18,8.4,6.764688,1.6353119850158695
2025-06-10,2025-06-19,13.3,8.289323,5.010677146911622
2025-06-10,2025-06-20,13.499999999999998,7.846927,5.653072834014891
2025-06-10,2025-06-21,11.1,9.302573,1.7974267959594723
2025-06-10,2025-06-22,7.2,7.1367064,0.06329364776611346
2025-06-10,2025-06-23,5.8,8.033073,-2.233073425292969
2025-06-10,2025-06-24,6.3,7.4762444,-1.1762444496154787
2025-06-10,2025-06-25,6.2,7.0072055,-0.8072054862976072
2025-06-10,2025-06-26,5.9,6.784047,-0.8840471267700192
2025-06-10,2025-06-27,6.0,6.8281846,-0.8281846046447754
2025-06-10,2025-06-28,4.8,8.085712,-3.2857124328613283
2025-06-10,2025-06-29,5.8,6.2396703,-0.4396702766418459
2025-06-10,2025-06-30,8.5,7.66839,0.8316102027893066
2025-06-10,2025-07-01,9.9,6.637346,3.2626542091369632
2025-06-10,2025-07-02,4.7,7.0635614,-2.36356143951416
2025-06-10,2025-07-03,4.2,7.5853863,-3.385386276245117
2025-06-10,2025-07-04,6.8,7.2873435,-0.4873435020446779
2025-06-10,2025-07-05,5.0,8.068546,-3.0685462951660156
2025-06-10,2025-07-06,3.8,6.7981176,-2.9981176376342775
2025-06-10,2025-07-07,4.3,8.00471,-3.7047101974487306
2025-06-10,2025-07-08,5.4,7.407915,-2.007915115356445
2025-06-10,2025-07-09,5.6,8.329389,-2.7293886184692386
2025-06-10,2025-07-10,6.2,7.3345428,-1.1345427513122557
2025-06-11,2025-06-12,12.0,7.6855993,4.314400672912598
2025-06-11,2025-06-13,9.9,7.991303,1.9086970329284672
2025-06-11,2025-06-14,7.6,7.8658714,-0.26587142944335973
2025-06-11,2025-06-15,6.6,6.823292,-0.22329177856445348
2025-06-11,2025-06-16,7.3,6.411025,0.8889749526977537
2025-06-11,2025-06-17,7.5,6.6394715,0.8605284690856934
2025-06-11,2025-06-18,8.4,7.8559203,0.544079685211182
2025-06-11,2025-06-19,13.3,6.9058127,6.394187259674073
2025-06-11,2025-06-20,13.499999999999998,8.4803915,5.019608497619627
2025-06-11,2025-06-21,11.1,7.7656965,3.334303474426269
2025-06-11,2025-06-22,7.2,9.410505,-2.2105052947998045
2025-06-11,2025-06-23,5.8,7.114124,-1.314123821258545
2025-06-11,2025-06-24,6.3,8.002201,-1.7022010803222658
2025-06-11,2025-06-25,6.2,7.430823,-1.2308228492736815
2025-06-11,2025-06-26,5.9,6.905538,-1.0055380821228024
2025-06-11,2025-06-27,6.0,6.7248187,-0.7248187065124512
2025-06-11,2025-06-28,4.8,6.8315973,-2.0315973281860353
2025-06-11,2025-06-29,5.8,8.196811,-2.3968107223510744
2025-06-11,2025-06-30,8.5,6.333361,2.1666388511657715
2025-06-11,2025-07-01,9.9,7.8619165,2.0380834579467777
2025-06-11,2025-07-02,4.7,6.627254,-1.927254009246826
2025-06-11,2025-07-03,4.2,7.2813926,-3.0813925743103026
2025-06-11,2025-07-04,6.8,7.643394,-0.8433939933776857
2025-06-11,2025-07-05,5.0,7.1280537,-2.128053665161133
2025-06-11,2025-07-06,3.8,8.210959,-4.4109594345092775
2025-06-11,2025-07-07,4.3,6.624395,-2.3243948936462404
2025-06-11,2025-07-08,5.4,8.059761,-2.659761047363281
2025-06-11,2025-07-09,5.6,7.4011574,-1.801157379150391
2025-06-11,2025-07-10,6.2,8.16764,-1.9676397323608397
2025-06-11,2025-07-11,9.4,7.2703657,2.129634284973145
2025-06-12,2025-06-13,9.9,7.7118297,2.1881703376770023
2025-06-12,2025-06-14,7.6,8.116641,-0.5166410446166996
2025-06-12,2025-06-15,6.6,7.8937683,-1.2937683105468754
2025-06-12,2025-06-16,7.3,6.6126137,0.6873863220214842
2025-06-12,2025-06-17,7.5,6.5268307,0.9731693267822266
2025-06-12,2025-06-18,8.4,6.6574807,1.742519283294678
2025-06-12,2025-06-19,13.3,7.74982,5.550179767608643
2025-06-12,2025-06-20,13.499999999999998,6.890818,6.609181880950926
2025-06-12,2025-06-21,11.1,8.583134,2.516866302490234
2025-06-12,2025-06-22,7.2,7.7152696,-0.5152695655822752
2025-06-12,2025-06-23,5.8,9.392786,-3.5927860260009767
2025-06-12,2025-06-24,6.3,7.0285125,-0.728512477874756
2025-06-12,2025-06-25,6.2,7.954328,-1.7543280601501463
2025-06-12,2025-06-26,5.9,7.326415,-1.4264150619506832
2025-06-12,2025-06-27,6.0,6.8337107,-0.8337106704711914
2025-06-12,2025-06-28,4.8,6.7284784,-1.9284784317016603
2025-06-12,2025-06-29,5.8,6.8791947,-1.079194736480713
2025-06-12,2025-06-30,8.5,8.218682,0.28131771087646484
2025-06-12,2025-07-01,9.9,6.3686523,3.5313476562500004
2025-06-12,2025-07-02,4.7,7.9263763,-3.2263763427734373
2025-06-12,2025-07-03,4.2,6.6223135,-2.4223134994506834
2025-06-12,2025-07-04,6.8,7.419525,-0.6195251464843752
2025-06-12,2025-07-05,5.0,7.7303934,-2.730393409729004
2025-06-12,2025-07-06,3.8,6.9421434,-3.142143440246582
2025-06-12,2025-07-07,4.3,8.414972,-4.114972305297852
2025-06-12,2025-07-08,5.4,6.5226674,-1.1226674079895016
2025-06-12,2025-07-09,5.6,8.110333,-2.5103334426879886
2025-06-12,2025-07-10,6.2,7.3961215,-1.1961215019226072
2025-06-12,2025-07-11,9.4,8.060871,1.3391288757324222
2025-06-12,2025-07-12,7.6,7.295553,0.3044467926025387
2025-06-13,2025-06-14,7.6,7.6100717,-0.010071659088135121
2025-06-13,2025-06-15,6.6,8.233536,-1.6335357666015629
2025-06-13,2025-06-16,7.3,7.803586,-0.503586006164551
2025-06-13,2025-06-17,7.5,6.4340415,1.0659584999084473
2025-06-13,2025-06-18,8.4,6.5195427,1.8804573059082035
2025-06-13,2025-06-19,13.3,6.612145,6.687855052947999
2025-06-13,2025-06-20,13.499999999999998,7.7156663,5.784333705902098
2025-06-13,2025-06-21,11.1,6.8159676,4.2840324401855465
2025-06-13,2025-06-22,7.2,8.614785,-1.4147851943969725
2025-06-13,2025-06-23,5.8,7.6664133,-1.8664133071899416
2025-06-13,2025-06-24,6.3,9.346166,-3.046165657043457
2025-06-13,2025-06-25,6.2,6.9894013,-0.789401340484619
2025-06-13,2025-06-26,5.9,7.8023195,-1.902319526672363
2025-06-13,2025-06-27,6.0,7.1435704,-1.1435704231262207
2025-06-13,2025-06-28,4.8,6.7743883,-1.9743883132934572
2025-06-13,2025-06-29,5.8,6.6937284,-0.8937284469604494
2025-06-13,2025-06-30,8.5,6.85303,1.6469697952270508
2025-06-13,2025-07-01,9.9,8.226129,1.6738714218139652
2025-06-13,2025-07-02,4.7,6.3605776,-1.660577583312988
2025-06-13,2025-07-03,4.2,7.9992137,-3.799213695526123
2025-06-13,2025-07-04,6.8,6.653938,0.14606218338012678
2025-06-13,2025-07-05,5.0,7.378641,-2.378641128540039
2025-06-13,2025-07-06,3.8,7.6326346,-3.8326346397399904
2025-06-13,2025-07-07,4.3,6.7780294,-2.4780294418334963
2025-06-13,2025-07-08,5.4,8.651151,-3.2511507034301754
2025-06-13,2025-07-09,5.6,6.521862,-0.9218620300292972
2025-06-13,2025-07-10,6.2,8.159108,-1.9591081619262694
2025-06-13,2025-07-11,9.4,7.349716,2.050283813476563
2025-06-13,2025-07-12,7.6,7.954297,-0.35429706573486364
2025-06-13,2025-07-13,7.0,7.304319,-0.304318904876709
2025-06-14,2025-06-15,6.6,7.431935,-0.8319348335266117
2025-06-14,2025-06-16,7.3,8.266031,-0.9660312652587892
2025-06-14,2025-06-17,7.5,7.5229654,-0.022965431213378906
2025-06-14,2025-06-18,8.4,6.394017,2.0059827804565433
2025-06-14,2025-06-19,13.3,6.3681664,6.93183355331421
2025-06-14,2025-06-20,13.499999999999998,6.573736,6.9262638092041
2025-06-14,2025-06-21,11.1,7.5924115,3.507588481903076
2025-06-14,2025-06-22,7.2,6.627455,0.5725447654724123
2025-06-14,2025-06-23,5.8,8.4227295,-2.6227294921875
2025-06-14,2025-06-24,6.3,7.773356,-1.4733559608459474
2025-06-14,2025-06-25,6.2,9.136812,-2.9368122100830076
2025-06-14,2025-06-26,5.9,7.1506534,-1.2506533622741696
2025-06-14,2025-06-27,6.0,7.73034,-1.7303400039672852
2025-06-14,2025-06-28,4.8,6.9131217,-2.1131217002868654
2025-06-14,2025-06-29,5.8,6.677468,-0.8774678230285646
2025-06-14,2025-06-30,8.5,6.8181853,1.6818146705627441
2025-06-14,2025-07-01,9.9,6.868572,3.0314277648925785
2025-06-14,2025-07-02,4.7,8.252928,-3.552927780151367
2025-06-14,2025-07-03,4.2,6.332887,-2.1328871726989744
2025-06-14,2025-07-04,6.8,7.9384766,-1.1384765625000002
2025-06-14,2025-07-05,5.0,6.653415,-1.6534152030944824
2025-06-14,2025-07-06,3.8,7.216327,-3.41632719039917
2025-06-14,2025-07-07,4.3,7.466062,-3.166062068939209
2025-06-14,2025-07-08,5.4,7.006432,-1.6064320564270016
2025-06-14,2025-07-09,5.6,8.73817,-3.138169670104981
2025-06-14,2025-07-10,6.2,6.732395,-0.5323951721191404
2025-06-14,2025-07-11,9.4,8.025166,1.3748344421386722
2025-06-14,2025-07-12,7.6,7.41947,0.1805301666259762
2025-06-14,2025-07-13,7.0,7.977341,-0.9773411750793457
2025-06-14,2025-07-14,6.7,7.418548,-0.7185481071472166
2025-06-15,2025-06-16,7.3,7.2933006,0.006699371337890447
2025-06-15,2025-06-17,7.5,8.277847,-0.7778472900390625
2025-06-15,2025-06-18,8.4,7.2936745,1.1063255310058597
2025-06-15,2025-06-19,13.3,6.5264654,6.773534584045411
2025-06-15,2025-06-20,13.499999999999998,6.1776996,7.322300434112547
2025-06-15,2025-06-21,11.1,6.429087,4.670912837982177
2025-06-15,2025-06-22,7.2,7.544921,-0.3449209213256834
2025-06-15,2025-06-23,5.8,6.5598516,-0.75985164642334
2025-06-15,2025-06-24,6.3,8.275996,-1.9759962081909181
2025-06-15,2025-06-25,6.2,7.86856,-1.6685598373413084
2025-06-15,2025-06-26,5.9,8.980322,-3.080321884155273
2025-06-15,2025-06-27,6.0,7.324453,-1.3244528770446777
2025-06-15,2025-06-28,4.8,7.7148433,-2.914843273162842
2025-06-15,2025-06-29,5.8,6.733475,-0.9334752082824709
2025-06-15,2025-06-30,8.5,6.670891,1.8291091918945312
2025-06-15,2025-07-01,9.9,6.9731154,2.9268845558166507
2025-06-15,2025-07-02,4.7,6.855462,-2.155462074279785
2025-06-15,2025-07-03,4.2,8.330022,-4.130021858215332
2025-06-15,2025-07-04,6.8,6.324492,0.47550802230834943
2025-06-15,2025-07-05,5.0,7.8742356,-2.8742356300354004
2025-06-15,2025-07-06,3.8,6.6329255,-2.8329255104064943
2025-06-15,2025-07-07,4.3,6.976633,-2.6766330718994142
2025-06-15,2025-07-08,5.4,7.2392583,-1.8392582893371578
2025-06-15,2025-07-09,5.6,7.350295,-1.7502950668334964
2025-06-15,2025-07-10,6.2,8.649532,-2.449532318115234
2025-06-15,2025-07-11,9.4,6.973257,2.4267429351806644
2025-06-15,2025-07-12,7.6,7.8709884,-0.27098836898803746
2025-06-15,2025-07-13,7.0,7.524144,-0.524144172668457
2025-06-15,2025-07-14,6.7,8.087241,-1.3872411727905272
2025-06-15,2025-07-15,5.5,7.570337,-2.0703368186950684
2025-06-16,2025-06-17,7.5,7.228172,0.27182817459106445
2025-06-16,2025-06-18,8.4,8.316801,0.08319892883300817
2025-06-16,2025-06-19,13.3,7.410731,5.889269161224366
2025-06-16,2025-06-20,13.499999999999998,6.8713574,6.628642559051512
2025-06-16,2025-06-21,11.1,6.0350747,5.064925289154052
2025-06-16,2025-06-22,7.2,6.4128785,0.7871214866638185
2025-06-16,2025-06-23,5.8,7.660073,-1.8600728034973146
2025-06-16,2025-06-24,6.3,6.854955,-0.5549551963806154
2025-06-16,2025-06-25,6.2,8.435514,-2.235514450073242
2025-06-16,2025-06-26,5.9,7.917368,-2.0173679351806637
2025-06-16,2025-06-27,6.0,9.157825,-3.157825469970703
2025-06-16,2025-06-28,4.8,7.3621063,-2.5621063232421877
2025-06-16,2025-06-29,5.8,7.6871,-1.8870999336242678
2025-06-16,2025-06-30,8.5,6.993135,1.5068650245666504
2025-06-16,2025-07-01,9.9,6.8290386,3.070961380004883
2025-06-16,2025-07-02,4.7,6.775996,-2.075996208190918
2025-06-16,2025-07-03,4.2,6.6335444,-2.4335444450378416
2025-06-16,2025-07-04,6.8,8.30788,-1.5078804016113283
2025-06-16,2025-07-05,5.0,6.2699347,-1.2699346542358398
2025-06-16,2025-07-06,3.8,7.8705206,-4.07052059173584
2025-06-16,2025-07-07,4.3,6.5945916,-2.2945916175842287
2025-06-16,2025-07-08,5.4,6.8584013,-1.4584012985229489
2025-06-16,2025-07-09,5.6,7.2221565,-1.6221565246582035
2025-06-16,2025-07-10,6.2,7.3365154,-1.136515426635742
2025-06-16,2025-07-11,9.4,8.521975,0.8780254364013675
2025-06-16,2025-07-12,7.6,6.909019,0.6909810066223141
2025-06-16,2025-07-13,7.0,7.9194007,-0.919400691986084
2025-06-16,2025-07-14,6.7,7.544833,-0.844833183288574
2025-06-16,2025-07-15,5.5,8.046966,-2.5469655990600586
2025-06-16,2025-07-16,5.8,7.484405,-1.684405040740967
2025-06-17,2025-06-18,8.4,7.263159,1.136841201782227
2025-06-17,2025-06-19,13.3,8.3187685,4.981231498718262
2025-06-17,2025-06-20,13.499999999999998,7.5504518,5.949548244476317
2025-06-17,2025-06-21,11.1,6.921888,4.178112125396728
2025-06-17,2025-06-22,7.2,6.144659,1.0553409576416017
2025-06-17,2025-06-23,5.8,6.3400354,-0.5400354385375978
2025-06-17,2025-06-24,6.3,7.7074265,-1.4074265480041506
2025-06-17,2025-06-25,6.2,7.02889,-0.8288901329040526
2025-06-17,2025-06-26,5.9,8.601834,-2.7018342971801754
2025-06-17,2025-06-27,6.0,7.920187,-1.920186996459961
2025-06-17,2025-06-28,4.8,9.265649,-4.46564884185791
2025-06-17,2025-06-29,5.8,7.3242927,-1.5242926597595217
2025-06-17,2025-06-30,8.5,7.774619,0.7253808975219727
2025-06-17,2025-07-01,9.9,7.146086,2.7539137840271
2025-06-17,2025-07-02,4.7,6.825788,-2.1257880210876463
2025-06-17,2025-07-03,4.2,6.573118,-2.373118209838867
2025-06-17,2025-07-04,6.8,6.572963,0.22703676223754865
2025-06-17,2025-07-05,5.0,8.391888,-3.391887664794922
2025-06-17,2025-07-06,3.8,6.2718215,-2.47182149887085
2025-06-17,2025-07-07,4.3,7.934771,-3.6347710609436037
2025-06-17,2025-07-08,5.4,6.469896,-1.0698958396911618
2025-06-17,2025-07-09,5.6,6.964362,-1.3643621444702152
2025-06-17,2025-07-10,6.2,7.3247967,-1.124796676635742
2025-06-17,2025-07-11,9.4,7.2942033,2.1057967185974125
2025-06-17,2025-07-12,7.6,8.395394,-0.795394325256348
2025-06-17,2025-07-13,7.0,6.74233,0.25766992568969727
2025-06-17,2025-07-14,6.7,7.8982286,-1.1982286453247069
2025-06-17,2025-07-15,5.5,7.5885687,-2.088568687438965
2025-06-17,2025-07-16,5.8,8.025024,-2.2250244140625
2025-06-17,2025-07-17,6.4,7.4361243,-1.0361243247985836
2025-06-18,2025-06-19,13.3,7.264112,6.035888004302979
2025-06-18,2025-06-20,13.499999999999998,8.381848,5.118151664733885
2025-06-18,2025-06-21,11.1,7.640613,3.4593869209289547
2025-06-18,2025-06-22,7.2,6.7974935,0.4025065422058107
2025-06-18,2025-06-23,5.8,6.318672,-0.5186721801757814
2025-06-18,2025-06-24,6.3,6.2745705,0.025429534912109197
2025-06-18,2025-06-25,6.2,7.6927767,-1.4927766799926756
2025-06-18,2025-06-26,5.9,7.1832,-1.2831998825073239
2025-06-18,2025-06-27,6.0,8.825119,-2.8251190185546875
2025-06-18,2025-06-28,4.8,7.8902903,-3.0902902603149416
2025-06-18,2025-06-29,5.8,9.316595,-3.5165950775146486
2025-06-18,2025-06-30,8.5,7.249955,1.250044822692871
2025-06-18,2025-07-01,9.9,7.846937,2.0530628204345707
2025-06-18,2025-07-02,4.7,7.220166,-2.520166206359863
2025-06-18,2025-07-03,4.2,6.80342,-2.603420066833496
2025-06-18,2025-07-04,6.8,6.4022837,0.3977163314819334
2025-06-18,2025-07-05,5.0,6.5002003,-1.5002002716064453
2025-06-18,2025-07-06,3.8,8.483448,-4.683448028564453
2025-06-18,2025-07-07,4.3,6.2745643,-1.9745642662048342
2025-06-18,2025-07-08,5.4,8.037256,-2.637256240844726
2025-06-18,2025-07-09,5.6,6.372535,-0.7725352287292484
2025-06-18,2025-07-10,6.2,7.097183,-0.8971832275390623
2025-06-18,2025-07-11,9.4,7.4139028,1.9860972404479984
2025-06-18,2025-07-12,7.6,7.1208754,0.4791246414184567
2025-06-18,2025-07-13,7.0,8.408848,-1.4088478088378906
2025-06-18,2025-07-14,6.7,6.6015854,0.09841461181640643
2025-06-18,2025-07-15,5.5,7.87834,-2.3783397674560547
2025-06-18,2025-07-16,5.8,7.602715,-1.8027150154113771
2025-06-18,2025-07-17,6.4,7.967948,-1.567947959899902
2025-06-18,2025-07-18,7.0,7.4373035,-0.4373035430908203
2025-06-19,2025-06-20,13.499999999999998,7.2450957,6.254904270172117
2025-06-19,2025-06-21,11.1,8.515164,2.584835624694824
2025-06-19,2025-06-22,7.2,7.5782294,-0.3782294273376463
2025-06-19,2025-06-23,5.8,6.552594,-0.7525941848754885
2025-06-19,2025-06-24,6.3,6.439621,-0.13962097167968768
2025-06-19,2025-06-25,6.2,6.1900787,0.009921264648437678
2025-06-19,2025-06-26,5.9,7.590322,-1.6903220176696774
2025-06-19,2025-06-27,6.0,7.179385,-1.1793851852416992
2025-06-19,2025-06-28,4.8,8.988114,-4.188114356994629
2025-06-19,2025-06-29,5.8,7.787477,-1.9874770164489748
2025-06-19,2025-06-30,8.5,9.345856,-0.845855712890625
2025-06-19,2025-07-01,9.9,7.211259,2.6887411117553714
2025-06-19,2025-07-02,4.7,7.769391,-3.069391059875488
2025-06-19,2025-07-03,4.2,7.142908,-2.9429080963134764
2025-06-19,2025-07-04,6.8,6.696816,0.10318403244018537
2025-06-19,2025-07-05,5.0,6.292674,-1.2926740646362305
2025-06-19,2025-07-06,3.8,6.4761543,-2.6761543273925783
2025-06-19,2025-07-07,4.3,8.584223,-4.284222793579102
2025-06-19,2025-07-08,5.4,6.2766976,-0.8766976356506344
2025-06-19,2025-07-09,5.6,8.14772,-2.547720336914063
2025-06-19,2025-07-10,6.2,6.3198485,-0.11984853744506818
2025-06-19,2025-07-11,9.4,7.180268,2.219732189178467
2025-06-19,2025-07-12,7.6,7.3876176,0.21238241195678675
2025-06-19,2025-07-13,7.0,6.840102,0.1598978042602539
2025-06-19,2025-07-14,6.7,8.634318,-1.9343183517456053
2025-06-19,2025-07-15,5.5,6.501301,-1.0013008117675781
2025-06-19,2025-07-16,5.8,7.8457932,-2.0457932472229006
2025-06-19,2025-07-17,6.4,7.5127907,-1.1127906799316403
2025-06-19,2025-07-18,7.0,7.81787,-0.8178701400756836
2025-06-19,2025-07-19,5.8,7.4615383,-1.6615383148193361
2025-06-20,2025-06-21,11.1,7.181947,3.918052768707275
2025-06-20,2025-06-22,7.2,8.670759,-1.4707592010498045
2025-06-20,2025-06-23,5.8,7.4922857,-1.69228572845459
2025-06-20,2025-06-24,6.3,6.36952,-0.06952018737792987
2025-06-20,2025-06-25,6.2,6.4691563,-0.2691562652587889
2025-06-20,2025-06-26,5.9,6.1575985,-0.2575984954833981
2025-06-20,2025-06-27,6.0,7.565837,-1.5658369064331055
2025-06-20,2025-06-28,4.8,7.065222,-2.2652217864990236
2025-06-20,2025-06-29,5.8,9.040729,-3.240728569030762
2025-06-20,2025-06-30,8.5,7.725776,0.774223804473877
2025-06-20,2025-07-01,9.9,9.344893,0.5551065444946293
2025-06-20,2025-07-02,4.7,7.147278,-2.44727783203125
2025-06-20,2025-07-03,4.2,7.5938706,-3.393870639801025
2025-06-20,2025-07-04,6.8,7.0005236,-0.2005235671997072
2025-06-20,2025-07-05,5.0,6.601675,-1.601675033569336
2025-06-20,2025-07-06,3.8,6.2038865,-2.4038865089416506
2025-06-20,2025-07-07,4.3,6.404379,-2.104378890991211
2025-06-20,2025-07-08,5.4,8.639188,-3.2391878128051754
2025-06-20,2025-07-09,5.6,6.212896,-0.6128958702087406
2025-06-20,2025-07-10,6.2,8.18651,-1.9865100860595701
2025-06-20,2025-07-11,9.4,6.308337,3.0916627883911136
2025-06-20,2025-07-12,7.6,7.1480455,0.4519544601440426
2025-06-20,2025-07-13,7.0,7.2844167,-0.28441667556762695
2025-06-20,2025-07-14,6.7,6.5999365,0.10006351470947283
2025-06-20,2025-07-15,5.5,8.891206,-3.3912057876586914
2025-06-20,2025-07-16,5.8,6.416348,-0.6163479804992678
2025-06-20,2025-07-17,6.4,7.8534307,-1.4534307479858395
2025-06-20,2025-07-18,7.0,7.410962,-0.4109621047973633
2025-06-20,2025-07-19,5.8,7.6402583,-1.840258312225342
2025-06-20,2025-07-20,3.9000000000000004,7.4409924,-3.5409923553466793
2025-06-21,2025-06-22,7.2,6.982478,0.2175218582153322
2025-06-21,2025-06-23,5.8,8.756462,-2.956462097167969
2025-06-21,2025-06-24,6.3,7.184267,-0.884267044067383
2025-06-21,2025-06-25,6.2,6.3145227,-0.11452274322509748
2025-06-21,2025-06-26,5.9,6.280812,-0.380811786651611
2025-06-21,2025-06-27,6.0,6.0933137,-0.09331369400024414
2025-06-21,2025-06-28,4.8,7.430515,-2.6305148124694826
2025-06-21,2025-06-29,5.8,6.754406,-0.954405975341797
2025-06-21,2025-06-30,8.5,8.833861,-0.3338613510131836
2025-06-21,2025-07-01,9.9,7.833108,2.0668920516967777
2025-06-21,2025-07-02,4.7,9.113719,-4.41371898651123
2025-06-21,2025-07-03,4.2,7.317273,-3.117273139953613
2025-06-21,2025-07-04,6.8,7.46324,-0.6632401466369631
2025-06-21,2025-07-05,5.0,6.756198,-1.7561979293823242
2025-06-21,2025-07-06,3.8,6.4416075,-2.641607475280762
2025-06-21,2025-07-07,4.3,6.2892323,-1.9892322540283205
2025-06-21,2025-07-08,5.4,6.3318844,-0.9318843841552731
2025-06-21,2025-07-09,5.6,8.663294,-3.063293838500977
2025-06-21,2025-07-10,6.2,6.119696,0.08030385971069354
2025-06-21,2025-07-11,9.4,8.0681,1.3319000244140629
2025-06-21,2025-07-12,7.6,6.288504,1.3114958763122555
2025-06-21,2025-07-13,7.0,6.9220114,0.0779886245727539
2025-06-21,2025-07-14,6.7,7.024486,-0.3244860649108885
2025-06-21,2025-07-15,5.5,6.7376475,-1.237647533416748
2025-06-21,2025-07-16,5.8,9.066872,-3.2668716430664064
2025-06-21,2025-07-17,6.4,6.613323,-0.21332321166992152
2025-06-21,2025-07-18,7.0,7.68621,-0.6862101554870605
2025-06-21,2025-07-19,5.8,7.419684,-1.6196839332580568
2025-06-21,2025-07-20,3.9000000000000004,7.573106,-3.6731058120727536
2025-06-21,2025-07-21,4.3,7.561428,-3.2614280700683596
2025-06-22,2025-06-23,5.8,6.957164,-1.1571638107299806
2025-06-22,2025-06-24,6.3,8.72374,-2.4237396240234377
2025-06-22,2025-06-25,6.2,6.9463925,-0.7463925361633299
2025-06-22,2025-06-26,5.9,6.4770055,-0.5770054817199703
2025-06-22,2025-06-27,6.0,5.9907923,0.009207725524902344
2025-06-22,2025-06-28,4.8,6.0367446,-1.2367445945739748
2025-06-22,2025-06-29,5.8,7.358475,-1.5584752082824709
2025-06-22,2025-06-30,8.5,6.4771137,2.022886276245117
2025-06-22,2025-07-01,9.9,8.514211,1.3857892990112308
2025-06-22,2025-07-02,4.7,7.902433,-3.202432918548584
2025-06-22,2025-07-03,4.2,8.8999195,-4.699919509887695
2025-06-22,2025-07-04,6.8,7.3459387,-0.5459386825561525
2025-06-22,2025-07-05,5.0,7.4998794,-2.4998793601989746
2025-06-22,2025-07-06,3.8,6.5515184,-2.751518440246582
2025-06-22,2025-07-07,4.3,6.2990994,-1.9990994453430178
2025-06-22,2025-07-08,5.4,6.5171494,-1.117149448394775
2025-06-22,2025-07-09,5.6,6.4057226,-0.8057226181030277
2025-06-22,2025-07-10,6.2,8.703485,-2.503484535217285
2025-06-22,2025-07-11,9.4,5.99234,3.4076599121093754
2025-06-22,2025-07-12,7.6,7.790925,-0.19092502593994176
2025-06-22,2025-07-13,7.0,6.179138,0.82086181640625
2025-06-22,2025-07-14,6.7,6.7280173,-0.028017330169677557
2025-06-22,2025-07-15,5.5,6.95793,-1.457930088043213
2025-06-22,2025-07-16,5.8,7.1094546,-1.30945463180542
2025-06-22,2025-07-17,6.4,8.997709,-2.597709274291992
2025-06-22,2025-07-18,7.0,6.8050346,0.19496536254882812
2025-06-22,2025-07-19,5.8,7.493058,-1.693058204650879
2025-06-22,2025-07-20,3.9000000000000004,7.5409164,-3.6409164428710934
2025-06-22,2025-07-21,4.3,7.739381,-3.4393808364868166
2025-06-22,2025-07-22,4.1,7.6937675,-3.5937675476074222
2025-06-23,2025-06-24,6.3,7.0767393,-0.7767393112182619
2025-06-23,2025-06-25,6.2,8.583299,-2.3832986831665037
2025-06-23,2025-06-26,5.9,7.0723248,-1.1723247528076168
2025-06-23,2025-06-27,6.0,6.899191,-0.8991909027099609
2025-06-23,2025-06-28,4.8,5.735726,-0.9357258796691896
2025-06-23,2025-06-29,5.8,6.1061964,-0.30619640350341815
2025-06-23,2025-06-30,8.5,7.454011,1.0459890365600586
2025-06-23,2025-07-01,9.9,6.659389,3.240610980987549
2025-06-23,2025-07-02,4.7,8.499015,-3.799014854431152
2025-06-23,2025-07-03,4.2,7.939755,-3.7397549629211424
2025-06-23,2025-07-04,6.8,9.04124,-2.2412397384643556
2025-06-23,2025-07-05,5.0,7.310655,-2.310655117034912
2025-06-23,2025-07-06,3.8,7.634171,-3.834171009063721
2025-06-23,2025-07-07,4.3,6.8128552,-2.5128552436828615
2025-06-23,2025-07-08,5.4,6.4243565,-1.0243564605712887
2025-06-23,2025-07-09,5.6,6.5932107,-0.9932106971740726
2025-06-23,2025-07-10,6.2,6.2913637,-0.0913637161254881
2025-06-23,2025-07-11,9.4,8.607854,0.7921461105346683
2025-06-23,2025-07-12,7.6,5.9058814,1.6941185951232907
2025-06-23,2025-07-13,7.0,7.6216083,-0.6216082572937012
2025-06-23,2025-07-14,6.7,6.065992,0.6340081214904787
2025-06-23,2025-07-15,5.5,6.571968,-1.0719680786132812
2025-06-23,2025-07-16,5.8,7.008571,-1.2085711479187013
2025-06-23,2025-07-17,6.4,7.301472,-0.901472187042236
2025-06-23,2025-07-18,7.0,8.655673,-1.6556730270385742
2025-06-23,2025-07-19,5.8,6.8604965,-1.060496520996094
2025-06-23,2025-07-20,3.9000000000000004,7.539804,-3.6398039817810055
2025-06-23,2025-07-21,4.3,7.6294975,-3.329497528076172
2025-06-23,2025-07-22,4.1,7.89971,-3.7997101783752445
2025-06-23,2025-07-23,11.5,7.6755157,3.824484348297119
2025-06-24,2025-06-25,6.2,7.3364234,-1.1364233970642088
2025-06-24,2025-06-26,5.9,8.388786,-2.4887863159179684
2025-06-24,2025-06-27,6.0,7.262487,-1.2624869346618652
2025-06-24,2025-06-28,4.8,7.028172,-2.228172016143799
2025-06-24,2025-06-29,5.8,5.824826,-0.024825763702392756
2025-06-24,2025-06-30,8.5,6.159449,2.3405508995056152
2025-06-24,2025-07-01,9.9,7.453781,2.446218872070313
2025-06-24,2025-07-02,4.7,6.815138,-2.1151378631591795
2025-06-24,2025-07-03,4.2,8.474393,-4.274392890930176
2025-06-24,2025-07-04,6.8,7.936611,-1.1366111755371096
2025-06-24,2025-07-05,5.0,9.138562,-4.138562202453613
2025-06-24,2025-07-06,3.8,7.2646275,-3.4646274566650392
2025-06-24,2025-07-07,4.3,7.8361683,-3.5361682891845705
2025-06-24,2025-07-08,5.4,7.0690994,-1.669099426269531
2025-06-24,2025-07-09,5.6,6.4309516,-0.8309515953063968
2025-06-24,2025-07-10,6.2,6.639866,-0.43986587524414045
2025-06-24,2025-07-11,9.4,6.3444047,3.0555953025817875
2025-06-24,2025-07-12,7.6,8.584629,-0.984629058837891
2025-06-24,2025-07-13,7.0,5.8869514,1.1130485534667969
2025-06-24,2025-07-14,6.7,7.5004597,-0.8004596710205076
2025-06-24,2025-07-15,5.5,5.8871355,-0.38713550567626953
2025-06-24,2025-07-16,5.8,6.717005,-0.9170047760009767
2025-06-24,2025-07-17,6.4,7.1836805,-0.7836805343627926
2025-06-24,2025-07-18,7.0,7.3806305,-0.3806304931640625
2025-06-24,2025-07-19,5.8,8.31179,-2.511790466308594
2025-06-24,2025-07-20,3.9000000000000004,6.7407336,-2.8407336235046383
2025-06-24,2025-07-21,4.3,7.510962,-3.210962009429932
2025-06-24,2025-07-22,4.1,7.630962,-3.530961894989014
2025-06-24,2025-07-23,11.5,7.9396544,3.5603456497192383
2025-06-24,2025-07-24,6.7,7.655465,-0.9554651260375975
2025-06-25,2025-06-26,5.9,7.4958153,-1.595815277099609
2025-06-25,2025-06-27,6.0,8.264578,-2.264577865600586
2025-06-25,2025-06-28,4.8,7.4469085,-2.646908473968506
2025-06-25,2025-06-29,5.8,6.9796557,-1.1796557426452638
2025-06-25,2025-06-30,8.5,6.051274,2.448726177215576
2025-06-25,2025-07-01,9.9,6.267233,3.6327671051025394
2025-06-25,2025-07-02,4.7,7.456995,-2.7569950103759764
2025-06-25,2025-07-03,4.2,7.038089,-2.838088798522949
2025-06-25,2025-07-04,6.8,8.549169,-1.7491685867309572
2025-06-25,2025-07-05,5.0,7.9772677,-2.9772677421569824
2025-06-25,2025-07-06,3.8,9.2008505,-5.400850486755371
2025-06-25,2025-07-07,4.3,7.1912036,-2.891203594207764
2025-06-25,2025-07-08,5.4,7.99815,-2.5981498718261715
2025-06-25,2025-07-09,5.6,7.2809277,-1.680927658081055
2025-06-25,2025-07-10,6.2,6.520406,-0.32040576934814435
2025-06-25,2025-07-11,9.4,6.661937,2.7380627632141117
2025-06-25,2025-07-12,7.6,6.326577,1.273422813415527
2025-06-25,2025-07-13,7.0,8.534322,-1.5343217849731445
2025-06-25,2025-07-14,6.7,5.9098363,0.7901637077331545
2025-06-25,2025-07-15,5.5,7.509062,-2.009061813354492
2025-06-25,2025-07-16,5.8,5.792177,0.00782279968261701
2025-06-25,2025-07-17,6.4,6.8903494,-0.49034938812255824
2025-06-25,2025-07-18,7.0,7.3509483,-0.3509483337402344
2025-06-25,2025-07-19,5.8,7.272912,-1.4729120254516603
2025-06-25,2025-07-20,3.9000000000000004,8.138076,-4.238075828552246
2025-06-25,2025-07-21,4.3,6.6301413,-2.3301412582397463
2025-06-25,2025-07-22,4.1,7.577135,-3.4771350860595707
2025-06-25,2025-07-23,11.5,7.5741215,3.9258785247802734
2025-06-25,2025-07-24,6.7,7.8852916,-1.1852915763854979
2025-06-25,2025-07-25,10.0,7.642458,2.357542037963867
2025-06-26,2025-06-27,6.0,7.639627,-1.6396269798278809
2025-06-26,2025-06-28,4.8,8.163326,-3.3633262634277346
2025-06-26,2025-06-29,5.8,7.5360303,-1.7360302925109865
2025-06-26,2025-06-30,8.5,6.8525267,1.6474733352661133
2025-06-26,2025-07-01,9.9,6.2346077,3.6653923034667972
2025-06-26,2025-07-02,4.7,6.43079,-1.7307899475097654
2025-06-26,2025-07-03,4.2,7.416366,-3.216366100311279
2025-06-26,2025-07-04,6.8,7.0899005,-0.28990049362182635
2025-06-26,2025-07-05,5.0,8.601793,-3.6017932891845703
2025-06-26,2025-07-06,3.8,8.000625,-4.200624656677246
2025-06-26,2025-07-07,4.3,9.254386,-4.9543859481811525
2025-06-26,2025-07-08,5.4,7.0759435,-1.6759434700012203
2025-06-26,2025-07-09,5.6,8.109446,-2.5094455718994144
2025-06-26,2025-07-10,6.2,7.4067593,-1.2067592620849608
2025-06-26,2025-07-11,9.4,6.589435,2.8105648994445804
2025-06-26,2025-07-12,7.6,6.731964,0.8680358886718746
2025-06-26,2025-07-13,7.0,6.4364076,0.5635924339294434
2025-06-26,2025-07-14,6.7,8.506843,-1.8068426132202147
2025-06-26,2025-07-15,5.5,5.8923063,-0.3923063278198242
2025-06-26,2025-07-16,5.8,7.500777,-1.700776767730713
2025-06-26,2025-07-17,6.4,5.7090673,0.690932655334473
2025-06-26,2025-07-18,7.0,7.02193,-0.021930217742919922
2025-06-26,2025-07-19,5.8,7.521643,-1.7216431617736818
2025-06-26,2025-07-20,3.9000000000000004,7.100692,-3.2006917953491207
2025-06-26,2025-07-21,4.3,8.144191,-3.844190788269043
2025-06-26,2025-07-22,4.1,6.582194,-2.4821938514709476
2025-06-26,2025-07-23,11.5,7.624886,3.8751139640808105
2025-06-26,2025-07-24,6.7,7.499464,-0.7994640350341795
2025-06-26,2025-07-25,10.0,7.9072294,2.092770576477051
2025-06-26,2025-07-26,6.7,7.675983,-0.9759829521179197
2025-06-27,2025-06-28,4.8,7.6515026,-2.85150260925293
2025-06-27,2025-06-29,5.8,8.177644,-2.3776437759399416
2025-06-27,2025-06-30,8.5,7.514686,0.985313892364502
2025-06-27,2025-07-01,9.9,6.7624097,3.137590312957764
2025-06-27,2025-07-02,4.7,6.349638,-1.649637985229492
2025-06-27,2025-07-03,4.2,6.567676,-2.3676760673522947
2025-06-27,2025-07-04,6.8,7.411332,-0.6113321304321291
2025-06-27,2025-07-05,5.0,7.1422415,-2.1422414779663086
2025-06-27,2025-07-06,3.8,8.596537,-4.796536636352539
2025-06-27,2025-07-07,4.3,8.019406,-3.719406318664551
2025-06-27,2025-07-08,5.4,9.297913,-3.8979125976562496
2025-06-27,2025-07-09,5.6,7.0183325,-1.4183324813842777
2025-06-27,2025-07-10,6.2,7.996814,-1.7968137741088865
2025-06-27,2025-07-11,9.4,7.479186,1.9208139419555668
2025-06-27,2025-07-12,7.6,6.6581216,0.9418784141540524
2025-06-27,2025-07-13,7.0,6.7384663,0.2615337371826172
2025-06-27,2025-07-14,6.7,6.44619,0.2538101196289064
2025-06-27,2025-07-15,5.5,8.511018,-3.0110177993774414
2025-06-27,2025-07-16,5.8,5.8158946,-0.015894603729248225
2025-06-27,2025-07-17,6.4,7.4908915,-1.0908914566040036
2025-06-27,2025-07-18,7.0,5.6996093,1.3003907203674316
2025-06-27,2025-07-19,5.8,7.0382667,-1.2382666587829592
2025-06-27,2025-07-20,3.9000000000000004,7.4966245,-3.5966244697570797
2025-06-27,2025-07-21,4.3,6.9000983,-2.6000983238220217
2025-06-27,2025-07-22,4.1,8.239509,-4.139508628845215
2025-06-27,2025-07-23,11.5,6.488028,5.011971950531006
2025-06-27,2025-07-24,6.7,7.648912,-0.9489119529724119
2025-06-27,2025-07-25,10.0,7.352359,2.647641181945801
2025-06-27,2025-07-26,6.7,7.8225217,-1.122521686553955
2025-06-27,2025-07-27,5.1,7.610291,-2.5102910041809086
2025-06-28,2025-06-29,5.8,7.486804,-1.686804008483887
2025-06-28,2025-06-30,8.5,8.21655,0.2834501266479492
2025-06-28,2025-07-01,9.9,7.2740245,2.6259755134582523
2025-06-28,2025-07-02,4.7,6.6658387,-1.9658387184143065
2025-06-28,2025-07-03,4.2,6.3164396,-2.116439628601074
2025-06-28,2025-07-04,6.8,6.651018,0.1489818572998045
2025-06-28,2025-07-05,5.0,7.419644,-2.4196438789367676
2025-06-28,2025-07-06,3.8,6.9556546,-3.1556546211242678
2025-06-28,2025-07-07,4.3,8.428675,-4.128674697875977
2025-06-28,2025-07-08,5.4,8.226675,-2.8266750335693356
2025-06-28,2025-07-09,5.6,9.181926,-3.581925773620606
2025-06-28,2025-07-10,6.2,7.1961927,-0.9961927413940428
2025-06-28,2025-07-11,9.4,7.906824,1.4931758880615238
2025-06-28,2025-07-12,7.6,7.334495,0.2655049324035641
2025-06-28,2025-07-13,7.0,6.6590962,0.34090375900268555
2025-06-28,2025-07-14,6.7,6.8494635,-0.14946346282958967
2025-06-28,2025-07-15,5.5,6.3968163,-0.8968162536621094
2025-06-28,2025-07-16,5.8,8.522858,-2.722857666015625
2025-06-28,2025-07-17,6.4,5.7800364,0.6199635505676273
2025-06-28,2025-07-18,7.0,7.582198,-0.5821981430053711
2025-06-28,2025-07-19,5.8,5.7182493,0.0817506790161131
2025-06-28,2025-07-20,3.9000000000000004,6.880943,-2.980942821502685
2025-06-28,2025-07-21,4.3,7.2816887,-2.981688690185547
2025-06-28,2025-07-22,4.1,7.033978,-2.9339779853820804
2025-06-28,2025-07-23,11.5,8.342655,3.1573448181152344
2025-06-28,2025-07-24,6.7,6.6330547,0.06694526672363299
2025-06-28,2025-07-25,10.0,7.5731125,2.4268875122070312
2025-06-28,2025-07-26,6.7,7.2926297,-0.5926297187805174
2025-06-28,2025-07-27,5.1,7.7939014,-2.6939014434814457
2025-06-28,2025-07-28,6.2,7.613141,-1.413141059875488
2025-06-29,2025-06-30,8.5,7.248016,1.2519841194152832
2025-06-29,2025-07-01,9.9,8.31847,1.5815299987792972
2025-06-29,2025-07-02,4.7,7.1053963,-2.405396270751953
2025-06-29,2025-07-03,4.2,6.6664066,-2.4664066314697264
2025-06-29,2025-07-04,6.8,6.2558885,0.5441115379333494
2025-06-29,2025-07-05,5.0,6.6137247,-1.613724708557129
2025-06-29,2025-07-06,3.8,7.532585,-3.732585144042969
2025-06-29,2025-07-07,4.3,6.9479914,-2.6479913711547853
2025-06-29,2025-07-08,5.4,8.340385,-2.9403854370117184
2025-06-29,2025-07-09,5.6,8.450016,-2.850016021728516
2025-06-29,2025-07-10,6.2,9.06947,-2.869470405578613
2025-06-29,2025-07-11,9.4,7.2966595,2.103340530395508
2025-06-29,2025-07-12,7.6,7.8509135,-0.2509135246276859
2025-06-29,2025-07-13,7.0,7.1205926,-0.12059259414672852
2025-06-29,2025-07-14,6.7,6.73016,-0.0301602363586424
2025-06-29,2025-07-15,5.5,6.918218,-1.4182181358337402
2025-06-29,2025-07-16,5.8,6.2406745,-0.44067449569702166
2025-06-29,2025-07-17,6.4,8.598717,-2.1987167358398434
2025-06-29,2025-07-18,7.0,5.8203316,1.1796684265136719
2025-06-29,2025-07-19,5.8,7.7641234,-1.9641234397888185
2025-06-29,2025-07-20,3.9000000000000004,5.7705355,-1.8705354690551754
2025-06-29,2025-07-21,4.3,6.6967363,-2.3967363357543947
2025-06-29,2025-07-22,4.1,7.050961,-2.950961017608643
2025-06-29,2025-07-23,11.5,7.1875,4.3125
2025-06-29,2025-07-24,6.7,8.39746,-1.6974599838256834
2025-06-29,2025-07-25,10.0,6.7634606,3.236539363861084
2025-06-29,2025-07-26,6.7,7.580524,-0.8805239677429197
2025-06-29,2025-07-27,5.1,7.297145,-2.1971448898315433
2025-06-29,2025-07-28,6.2,7.753475,-1.5534751892089842
2025-06-29,2025-07-29,6.6,7.587518,-0.9875182151794437
2025-06-30,2025-07-01,9.9,7.126088,2.773911857604981
2025-06-30,2025-07-02,4.7,8.350522,-3.6505220413208006
2025-06-30,2025-07-03,4.2,7.2224803,-3.022480297088623
2025-06-30,2025-07-04,6.8,6.9524198,-0.15241975784301776
2025-06-30,2025-07-05,5.0,6.116937,-1.1169371604919434
2025-06-30,2025-07-06,3.8,6.598723,-2.7987229347229006
2025-06-30,2025-07-07,4.3,7.639139,-3.3391391754150392
2025-06-30,2025-07-08,5.4,7.3488035,-1.9488035202026364
2025-06-30,2025-07-09,5.6,8.447359,-2.847359085083008
2025-06-30,2025-07-10,6.2,8.540618,-2.3406179428100584
2025-06-30,2025-07-11,9.4,9.213732,0.18626823425293004
2025-06-30,2025-07-12,7.6,7.3506417,0.24935827255248988
2025-06-30,2025-07-13,7.0,7.8056684,-0.8056683540344238
2025-06-30,2025-07-14,6.7,7.279497,-0.5794971466064451
2025-06-30,2025-07-15,5.5,6.9251485,-1.4251484870910645
2025-06-30,2025-07-16,5.8,6.8016,-1.001599979400635
2025-06-30,2025-07-17,6.4,6.0040016,0.39599838256835973
2025-06-30,2025-07-18,7.0,8.555813,-1.5558128356933594
2025-06-30,2025-07-19,5.8,5.8847914,-0.08479137420654315
2025-06-30,2025-07-20,3.9000000000000004,7.9111094,-4.011109447479248
2025-06-30,2025-07-21,4.3,5.8216467,-1.5216466903686525
2025-06-30,2025-07-22,4.1,6.60983,-2.509829902648926
2025-06-30,2025-07-23,11.5,6.963593,4.536406993865967
2025-06-30,2025-07-24,6.7,7.1218767,-0.42187671661376935
2025-06-30,2025-07-25,10.0,8.302959,1.6970405578613281
2025-06-30,2025-07-26,6.7,6.7604423,-0.06044225692749006
2025-06-30,2025-07-27,5.1,7.7761664,-2.676166439056397
2025-06-30,2025-07-28,6.2,7.2728033,-1.0728033065795897
2025-06-30,2025-07-29,6.6,7.5947948,-0.9947947502136234
2025-06-30,2025-07-30,6.3,7.45819,-1.1581899642944338
2025-07-01,2025-07-02,4.7,7.0520973,-2.3520973205566404
2025-07-01,2025-07-03,4.2,8.388597,-4.188596534729004
2025-07-01,2025-07-04,6.8,7.3131385,-0.5131384849548342
2025-07-01,2025-07-05,5.0,6.990954,-1.9909539222717285
2025-07-01,2025-07-06,3.8,6.0237865,-2.223786544799805
2025-07-01,2025-07-07,4.3,6.363669,-2.0636689186096193
2025-07-01,2025-07-08,5.4,7.727472,-2.327471828460693
2025-07-01,2025-07-09,5.6,7.4298544,-1.8298543930053714
2025-07-01,2025-07-10,6.2,8.571615,-2.3716152191162108
2025-07-01,2025-07-11,9.4,8.320298,1.0797018051147464
2025-07-01,2025-07-12,7.6,9.262297,-1.6622966766357425
2025-07-01,2025-07-13,7.0,7.1700826,-0.17008256912231445
2025-07-01,2025-07-14,6.7,7.9615126,-1.2615125656127928
2025-07-01,2025-07-15,5.5,7.2606864,-1.7606863975524902
2025-07-01,2025-07-16,5.8,6.8571873,-1.0571872711181642
2025-07-01,2025-07-17,6.4,6.486941,-0.08694086074829066
2025-07-01,2025-07-18,7.0,5.971878,1.0281219482421875
2025-07-01,2025-07-19,5.8,8.449932,-2.649932098388672
2025-07-01,2025-07-20,3.9000000000000004,6.0473094,-2.1473093986511227
2025-07-01,2025-07-21,4.3,8.0663,-3.766300392150879
2025-07-01,2025-07-22,4.1,5.8435187,-1.7435187339782718
2025-07-01,2025-07-23,11.5,6.7610464,4.738953590393066
2025-07-01,2025-07-24,6.7,7.2795086,-0.579508590698242
2025-07-01,2025-07-25,10.0,6.9804707,3.019529342651367
2025-07-01,2025-07-26,6.7,8.402541,-1.702541160583496
2025-07-01,2025-07-27,5.1,6.580562,-1.4805621147155765
2025-07-01,2025-07-28,6.2,7.869985,-1.6699851036071776
2025-07-01,2025-07-29,6.6,7.3250766,-0.7250765800476078
2025-07-01,2025-07-30,6.3,7.705693,-1.405692768096924
2025-07-01,2025-07-31,6.500000000000001,7.3281956,-0.8281955718994132
2025-07-02,2025-07-03,4.2,7.0540533,-2.8540533065795897
2025-07-02,2025-07-04,6.8,8.384567,-1.5845672607421877
2025-07-02,2025-07-05,5.0,7.364101,-2.364100933074951
2025-07-02,2025-07-06,3.8,6.850384,-3.0503842353820803
2025-07-02,2025-07-07,4.3,6.0570393,-1.757039260864258
2025-07-02,2025-07-08,5.4,6.2113295,-0.8113294601440426
2025-07-02,2025-07-09,5.6,7.743597,-2.143597030639649
2025-07-02,2025-07-10,6.2,7.5335135,-1.33351354598999
2025-07-02,2025-07-11,9.4,8.744904,0.6550964355468754
2025-07-02,2025-07-12,7.6,8.026674,-0.42667427062988317
2025-07-02,2025-07-13,7.0,9.335547,-2.33554744720459
2025-07-02,2025-07-14,6.7,6.980326,-0.2803261756896971
2025-07-02,2025-07-15,5.5,8.134347,-2.6343469619750977
2025-07-02,2025-07-16,5.8,7.211557,-1.411556911468506
2025-07-02,2025-07-17,6.4,6.761412,-0.36141214370727504
2025-07-02,2025-07-18,7.0,6.296425,0.7035751342773438
2025-07-02,2025-07-19,5.8,6.050133,-0.25013322830200213
2025-07-02,2025-07-20,3.9000000000000004,8.464965,-4.564964866638183
2025-07-02,2025-07-21,4.3,6.2204137,-1.9204136848449709
2025-07-02,2025-07-22,4.1,8.238839,-4.138839149475098
2025-07-02,2025-07-23,11.5,5.8680644,5.6319355964660645
2025-07-02,2025-07-24,6.7,6.9985933,-0.2985933303833006
2025-07-02,2025-07-25,10.0,7.60071,2.399290084838867
2025-07-02,2025-07-26,6.7,6.865169,-0.165169048309326
2025-07-02,2025-07-27,5.1,8.473397,-3.373397254943848
2025-07-02,2025-07-28,6.2,6.4502606,-0.25026063919067365
2025-07-02,2025-07-29,6.6,7.922623,-1.322623157501221
2025-07-02,2025-07-30,6.3,7.419899,-1.1198989868164064
2025-07-02,2025-07-31,6.500000000000001,7.9214354,-1.4214353561401358
2025-07-02,2025-08-01,3.7,7.27244,-3.572439956665039
2025-07-03,2025-07-04,6.8,7.002939,-0.20293922424316424
2025-07-03,2025-07-05,5.0,8.480305,-3.480304718017578
2025-07-03,2025-07-06,3.8,7.2866344,-3.48663444519043
2025-07-03,2025-07-07,4.3,6.7203083,-2.420308303833008
2025-07-03,2025-07-08,5.4,6.056827,-0.6568270683288571
2025-07-03,2025-07-09,5.6,5.9749413,-0.37494125366210973
2025-07-03,2025-07-10,6.2,7.7363925,-1.5363924980163572
2025-07-03,2025-07-11,9.4,7.4860096,1.91399040222168
2025-07-03,2025-07-12,7.6,8.93622,-1.3362201690673832
2025-07-03,2025-07-13,7.0,7.712197,-0.7121968269348145
2025-07-03,2025-07-14,6.7,9.30162,-2.601619529724121
2025-07-03,2025-07-15,5.5,6.7894626,-1.2894625663757324
2025-07-03,2025-07-16,5.8,8.188311,-2.3883106231689455
2025-07-03,2025-07-17,6.4,7.018851,-0.6188508033752438
2025-07-03,2025-07-18,7.0,6.7038856,0.296114444732666
2025-07-03,2025-07-19,5.8,6.211673,-0.4116727828979494
2025-07-03,2025-07-20,3.9000000000000004,6.151248,-2.251247978210449
2025-07-03,2025-07-21,4.3,8.503113,-4.20311279296875
2025-07-03,2025-07-22,4.1,6.3315225,-2.2315224647521976
2025-07-03,2025-07-23,11.5,8.35118,3.148819923400879
2025-07-03,2025-07-24,6.7,5.8693027,0.8306972503662111
2025-07-03,2025-07-25,10.0,7.0895042,2.9104957580566406
2025-07-03,2025-07-26,6.7,7.708475,-1.0084751129150389
2025-07-03,2025-07-27,5.1,6.7690816,-1.6690815925598148
2025-07-03,2025-07-28,6.2,8.60717,-2.4071701049804686
2025-07-03,2025-07-29,6.6,6.382356,0.21764383316040004
2025-07-03,2025-07-30,6.3,7.848613,-1.5486127853393556
2025-07-03,2025-07-31,6.500000000000001,7.526003,-1.026002883911132
2025-07-03,2025-08-01,3.7,8.250447,-4.550447273254394
2025-07-03,2025-08-02,4.9,7.3093123,-2.4093123435974118
2025-07-04,2025-07-05,5.0,6.9271173,-1.9271173477172852
2025-07-04,2025-07-06,3.8,8.563407,-4.7634069442749025
2025-07-04,2025-07-07,4.3,7.1291842,-2.8291842460632326
2025-07-04,2025-07-08,5.4,6.6360736,-1.2360735893249508
2025-07-04,2025-07-09,5.6,6.0283065,-0.42830648422241246
2025-07-04,2025-07-10,6.2,5.7986984,0.4013015747070314
2025-07-04,2025-07-11,9.4,7.736597,1.6634029388427738
2025-07-04,2025-07-12,7.6,7.3777456,0.22225437164306605
2025-07-04,2025-07-13,7.0,8.988644,-1.9886436462402344
2025-07-04,2025-07-14,6.7,7.425213,-0.7252128601074217
2025-07-04,2025-07-15,5.5,9.253963,-3.7539634704589844
2025-07-04,2025-07-16,5.8,6.644632,-0.844631862640381
2025-07-04,2025-07-17,6.4,8.088868,-1.688868141174316
2025-07-04,2025-07-18,7.0,6.807592,0.19240808486938477
2025-07-04,2025-07-19,5.8,6.6119223,-0.8119222640991213
2025-07-04,2025-07-20,3.9000000000000004,6.083612,-2.183611965179443
2025-07-04,2025-07-21,4.3,6.275738,-1.975737762451172
2025-07-04,2025-07-22,4.1,8.569227,-4.46922721862793
2025-07-04,2025-07-23,11.5,6.370965,5.129034996032715
2025-07-04,2025-07-24,6.7,8.355908,-1.655908393859863
2025-07-04,2025-07-25,10.0,5.887795,4.1122050285339355
2025-07-04,2025-07-26,6.7,7.0583744,-0.3583744049072264
2025-07-04,2025-07-27,5.1,7.708604,-2.6086038589477543
2025-07-04,2025-07-28,6.2,6.702503,-0.502503204345703
2025-07-04,2025-07-29,6.6,8.749765,-2.1497653961181644
2025-07-04,2025-07-30,6.3,6.2835546,0.01644544601440412
2025-07-04,2025-07-31,6.500000000000001,7.721484,-1.2214841842651358
2025-07-04,2025-08-01,3.7,7.592585,-3.8925850868225096
2025-07-04,2025-08-02,4.9,8.495858,-3.5958581924438473
2025-07-04,2025-08-03,6.1000000000000005,7.3070664,-1.2070664405822749
2025-07-05,2025-07-06,3.8,6.8243985,-3.0243985176086428
2025-07-05,2025-07-07,4.3,8.592291,-4.292290878295899
2025-07-05,2025-07-08,5.4,6.907327,-1.5073271751403805
2025-07-05,2025-07-09,5.6,6.5769563,-0.9769562721252445
2025-07-05,2025-07-10,6.2,5.946586,0.25341386795043963
2025-07-05,2025-07-11,9.4,5.7360034,3.6639966011047367
2025-07-05,2025-07-12,7.6,7.734397,-0.1343969345092777
2025-07-05,2025-07-13,7.0,7.034804,-0.03480386734008789
2025-07-05,2025-07-14,6.7,8.788042,-2.088042068481445
2025-07-05,2025-07-15,5.5,7.422004,-1.922004222869873
2025-07-05,2025-07-16,5.8,9.017553,-3.2175533294677736
2025-07-05,2025-07-17,6.4,6.716774,-0.3167739868164059
2025-07-05,2025-07-18,7.0,8.052687,-1.0526866912841797
2025-07-05,2025-07-19,5.8,6.5536246,-0.7536246299743654
2025-07-05,2025-07-20,3.9000000000000004,6.5031033,-2.6031032562255856
2025-07-05,2025-07-21,4.3,6.1836114,-1.8836113929748537
2025-07-05,2025-07-22,4.1,6.3808846,-2.280884647369385
2025-07-05,2025-07-23,11.5,8.596811,2.903188705444336
2025-07-05,2025-07-24,6.7,6.4071746,0.2928254127502443
2025-07-05,2025-07-25,10.0,8.268767,1.7312326431274414
2025-07-05,2025-07-26,6.7,5.986471,0.7135288238525392
2025-07-05,2025-07-27,5.1,7.031448,-1.9314478874206547
2025-07-05,2025-07-28,6.2,7.6671085,-1.4671085357666014
2025-07-05,2025-07-29,6.6,7.0168176,-0.41681756973266637
2025-07-05,2025-07-30,6.3,8.790984,-2.4909841537475588
2025-07-05,2025-07-31,6.500000000000001,6.381911,0.118089199066163
2025-07-05,2025-08-01,3.7,7.5315366,-3.83153657913208
2025-07-05,2025-08-02,4.9,7.731714,-2.831713771820068
2025-07-05,2025-08-03,6.1000000000000005,8.721959,-2.6219591140747065
2025-07-05,2025-08-04,4.7,7.39829,-2.698290157318115
2025-07-06,2025-07-07,4.3,6.6596394,-2.359639358520508
2025-07-06,2025-07-08,5.4,8.553948,-3.153948402404785
2025-07-06,2025-07-09,5.6,6.831062,-1.2310618400573734
2025-07-06,2025-07-10,6.2,6.640536,-0.44053583145141584
2025-07-06,2025-07-11,9.4,5.959225,3.4407748222351078
2025-07-06,2025-07-12,7.6,5.7477856,1.852214431762695
2025-07-06,2025-07-13,7.0,7.954635,-0.9546351432800293
2025-07-06,2025-07-14,6.7,6.7282534,-0.028253364562988104
2025-07-06,2025-07-15,5.5,8.569512,-3.069512367248535
2025-07-06,2025-07-16,5.8,7.608528,-1.8085281372070314
2025-07-06,2025-07-17,6.4,8.796343,-2.396342849731445
2025-07-06,2025-07-18,7.0,6.733688,0.2663121223449707
2025-07-06,2025-07-19,5.8,8.146537,-2.3465368270874025
2025-07-06,2025-07-20,3.9000000000000004,6.426111,-2.526111221313476
2025-07-06,2025-07-21,4.3,6.5102005,-2.2102005004882814
2025-07-06,2025-07-22,4.1,6.1473446,-2.047344589233399
2025-07-06,2025-07-23,11.5,6.34123,5.1587700843811035
2025-07-06,2025-07-24,6.7,8.620716,-1.920716094970703
2025-07-06,2025-07-25,10.0,6.459506,3.540493965148926
2025-07-06,2025-07-26,6.7,8.205235,-1.5052345275878904
2025-07-06,2025-07-27,5.1,6.1266365,-1.0266365051269535
2025-07-06,2025-07-28,6.2,7.081157,-0.8811572074890135
2025-07-06,2025-07-29,6.6,7.734154,-1.1341542243957523
2025-07-06,2025-07-30,6.3,7.302795,-1.002794933319092
2025-07-06,2025-07-31,6.500000000000001,8.816076,-2.3160762786865225
2025-07-06,2025-08-01,3.7,6.5061345,-2.806134510040283
2025-07-06,2025-08-02,4.9,7.5409436,-2.640943622589111
2025-07-06,2025-08-03,6.1000000000000005,7.8742933,-1.7742933273315424
2025-07-06,2025-08-04,4.7,8.821203,-4.121203231811523
2025-07-06,2025-08-05,4.7,7.447909,-2.747908878326416
2025-07-07,2025-07-08,5.4,6.6636543,-1.2636543273925778
2025-07-07,2025-07-09,5.6,8.382566,-2.7825664520263675
2025-07-07,2025-07-10,6.2,7.004796,-0.8047960281372069
2025-07-07,2025-07-11,9.4,6.9767747,2.4232253074646
2025-07-07,2025-07-12,7.6,5.8901567,1.7098432540893551
2025-07-07,2025-07-13,7.0,5.9054685,1.094531536102295
2025-07-07,2025-07-14,6.7,8.098227,-1.3982265472412108
2025-07-07,2025-07-15,5.5,7.0236716,-1.5236716270446777
2025-07-07,2025-07-16,5.8,8.623759,-2.8237592697143556
2025-07-07,2025-07-17,6.4,7.634515,-1.2345148086547848
2025-07-07,2025-07-18,7.0,8.927751,-1.927750587463379
2025-07-07,2025-07-19,5.8,6.749395,-0.9493948936462404
2025-07-07,2025-07-20,3.9000000000000004,8.249181,-4.349180793762207
2025-07-07,2025-07-21,4.3,6.798777,-2.4987771034240724
2025-07-07,2025-07-22,4.1,6.6884785,-2.588478469848633
2025-07-07,2025-07-23,11.5,6.0705037,5.4294962882995605
2025-07-07,2025-07-24,6.7,6.315642,0.3843581199645998
2025-07-07,2025-07-25,10.0,8.5027275,1.4972724914550781
2025-07-07,2025-07-26,6.7,6.5002165,0.19978351593017596
2025-07-07,2025-07-27,5.1,8.12251,-3.0225099563598636
2025-07-07,2025-07-28,6.2,6.1795006,0.020499420166015803
2025-07-07,2025-07-29,6.6,7.1299753,-0.5299753189086918
2025-07-07,2025-07-30,6.3,7.9204636,-1.620463562011719
2025-07-07,2025-07-31,6.500000000000001,7.3863435,-0.8863434791564933
2025-07-07,2025-08-01,3.7,8.614507,-4.914506721496582
2025-07-07,2025-08-02,4.9,6.5426216,-1.6426216125488278
2025-07-07,2025-08-03,6.1000000000000005,7.6998596,-1.5998596191406245
2025-07-07,2025-08-04,4.7,7.9486957,-3.248695659637451
2025-07-07,2025-08-05,4.7,8.916816,-4.216815757751465
2025-07-07,2025-08-06,6.3,7.4197392,-1.1197392463684084
2025-07-08,2025-07-09,5.6,6.8176093,-1.2176093101501468
2025-07-08,2025-07-10,6.2,8.317506,-2.1175058364868162
2025-07-08,2025-07-11,9.4,7.129244,2.2707561492919925
2025-07-08,2025-07-12,7.6,7.0228777,0.5771223068237301
2025-07-08,2025-07-13,7.0,5.9794555,1.0205445289611816
2025-07-08,2025-07-14,6.7,5.876425,0.8235752105712892
2025-07-08,2025-07-15,5.5,8.072852,-2.57285213470459
2025-07-08,2025-07-16,5.8,7.1964517,-1.3964516639709474
2025-07-08,2025-07-17,6.4,8.737408,-2.3374076843261715
2025-07-08,2025-07-18,7.0,7.5601172,-0.560117244720459
2025-07-08,2025-07-19,5.8,9.041719,-3.241719436645508
2025-07-08,2025-07-20,3.9000000000000004,6.8243885,-2.92438850402832
2025-07-08,2025-07-21,4.3,8.362686,-4.062686157226563
2025-07-08,2025-07-22,4.1,6.991894,-2.8918937683105472
2025-07-08,2025-07-23,11.5,6.6800833,4.819916725158691
2025-07-08,2025-07-24,6.7,6.0544596,0.6455404281616213
2025-07-08,2025-07-25,10.0,6.444617,3.5553832054138184
2025-07-08,2025-07-26,6.7,8.466996,-1.7669961929321287
2025-07-08,2025-07-27,5.1,6.5963774,-1.4963773727416996
2025-07-08,2025-07-28,6.2,8.157336,-1.9573362350463865
2025-07-08,2025-07-29,6.6,6.091992,0.5080080986022946
2025-07-08,2025-07-30,6.3,7.314653,-1.0146529197692873
2025-07-08,2025-07-31,6.500000000000001,8.068364,-1.5683641433715811
2025-07-08,2025-08-01,3.7,7.419301,-3.7193010330200194
2025-07-08,2025-08-02,4.9,8.52532,-3.6253200531005856
2025-07-08,2025-08-03,6.1000000000000005,6.474559,-0.37455883026122994
2025-07-08,2025-08-04,4.7,7.6989794,-2.998979377746582
2025-07-08,2025-08-05,4.7,7.983875,-3.2838747978210447
2025-07-08,2025-08-06,6.3,9.021806,-2.721805763244629
2025-07-08,2025-08-07,6.500000000000001,7.4443183,-0.9443182945251456
2025-07-09,2025-07-10,6.2,6.8928976,-0.6928976058959959
2025-07-09,2025-07-11,9.4,8.415939,0.9840606689453129
2025-07-09,2025-07-12,7.6,7.19504,0.40495977401733363
2025-07-09,2025-07-13,7.0,6.894036,0.10596418380737305
2025-07-09,2025-07-14,6.7,6.149673,0.5503270149230959
2025-07-09,2025-07-15,5.5,5.810477,-0.31047677993774414
2025-07-09,2025-07-16,5.8,8.003203,-2.2032033920288088
2025-07-09,2025-07-17,6.4,7.371513,-0.9715128898620602
2025-07-09,2025-07-18,7.0,8.908952,-1.908951759338379
2025-07-09,2025-07-19,5.8,7.49473,-1.6947299957275392
2025-07-09,2025-07-20,3.9000000000000004,9.067906,-5.167906379699707
2025-07-09,2025-07-21,4.3,6.8124104,-2.512410354614258
2025-07-09,2025-07-22,4.1,8.396205,-4.296204948425293
2025-07-09,2025-07-23,11.5,7.046699,4.453300952911377
2025-07-09,2025-07-24,6.7,6.6670737,0.03292627334594744
2025-07-09,2025-07-25,10.0,6.014715,3.9852848052978516
2025-07-09,2025-07-26,6.7,6.48971,0.21029014587402362
2025-07-09,2025-07-27,5.1,8.507449,-3.4074491500854496
2025-07-09,2025-07-28,6.2,6.66728,-0.4672801971435545
2025-07-09,2025-07-29,6.6,8.232567,-1.632566833496094
2025-07-09,2025-07-30,6.3,6.055295,0.24470500946044904
2025-07-09,2025-07-31,6.500000000000001,7.5202427,-1.0202426910400382
2025-07-09,2025-08-01,3.7,8.169136,-4.469136047363281
2025-07-09,2025-08-02,4.9,7.3344483,-2.4344483375549313
2025-07-09,2025-08-03,6.1000000000000005,8.561778,-2.46177806854248
2025-07-09,2025-08-04,4.7,6.349351,-1.6493509292602537
2025-07-09,2025-08-05,4.7,7.674959,-2.9749591827392576
2025-07-09,2025-08-06,6.3,8.028754,-1.728754234313965
2025-07-09,2025-08-07,6.500000000000001,9.031136,-2.5311355590820304
2025-07-09,2025-08-08,7.4,7.4635773,-0.06357727050781214
2025-07-10,2025-07-11,9.4,6.857665,2.5423349380493168
2025-07-10,2025-07-12,7.6,8.557816,-0.9578155517578129
2025-07-10,2025-07-13,7.0,7.166554,-0.16655397415161133
2025-07-10,2025-07-14,6.7,6.72718,-0.02718000411987287
2025-07-10,2025-07-15,5.5,6.238815,-0.7388148307800293
2025-07-10,2025-07-16,5.8,5.7219834,0.07801656723022443
2025-07-10,2025-07-17,6.4,7.9537735,-1.553773498535156
2025-07-10,2025-07-18,7.0,7.4294434,-0.429443359375
2025-07-10,2025-07-19,5.8,9.0563755,-3.2563755035400392
2025-07-10,2025-07-20,3.9000000000000004,7.433834,-3.533834075927734
2025-07-10,2025-07-21,4.3,9.033539,-4.733538818359375
2025-07-10,2025-07-22,4.1,6.7149644,-2.6149643898010257
2025-07-10,2025-07-23,11.5,8.36773,3.132269859313965
2025-07-10,2025-07-24,6.7,6.9329977,-0.23299770355224592
2025-07-10,2025-07-25,10.0,6.659016,3.3409838676452637
2025-07-10,2025-07-26,6.7,5.954774,0.7452260971069338
2025-07-10,2025-07-27,5.1,6.5150547,-1.4150547027587894
2025-07-10,2025-07-28,6.2,8.550512,-2.3505123138427733
2025-07-10,2025-07-29,6.6,6.697668,-0.09766807556152379
2025-07-10,2025-07-30,6.3,8.300622,-2.0006219863891603
2025-07-10,2025-07-31,6.500000000000001,6.0346017,0.4653983116149911
2025-07-10,2025-08-01,3.7,7.597034,-3.8970339775085447
2025-07-10,2025-08-02,4.9,8.193936,-3.2939363479614254
2025-07-10,2025-08-03,6.1000000000000005,7.196492,-1.096492195129394
2025-07-10,2025-08-04,4.7,8.718037,-4.018036651611328
2025-07-10,2025-08-05,4.7,6.27454,-1.5745399475097654
2025-07-10,2025-08-06,6.3,7.6398106,-1.3398105621337892
2025-07-10,2025-08-07,6.500000000000001,8.077931,-1.5779314041137686
2025-07-10,2025-08-08,7.4,9.084748,-1.684748268127441
2025-07-10,2025-08-09,5.6,7.4871387,-1.8871387481689457
2025-07-11,2025-07-12,7.6,6.790919,0.8090811729431149
2025-07-11,2025-07-13,7.0,8.699282,-1.6992816925048828
2025-07-11,2025-07-14,6.7,7.047909,-0.3479087829589842
2025-07-11,2025-07-15,5.5,6.5704412,-1.0704412460327148
2025-07-11,2025-07-16,5.8,6.269933,-0.4699332237243654
2025-07-11,2025-07-17,6.4,5.6384726,0.7615274429321293
2025-07-11,2025-07-18,7.0,7.8835516,-0.8835515975952148
2025-07-11,2025-07-19,5.8,7.3972216,-1.5972215652465822
2025-07-11,2025-07-20,3.9000000000000004,9.112756,-5.21275577545166
2025-07-11,2025-07-21,4.3,7.3443623,-3.044362258911133
2025-07-11,2025-07-22,4.1,9.026089,-4.92608871459961
2025-07-11,2025-07-23,11.5,6.7025833,4.797416687011719
2025-07-11,2025-07-24,6.7,8.162771,-1.4627712249755858
2025-07-11,2025-07-25,10.0,6.7742605,3.2257394790649414
2025-07-11,2025-07-26,6.7,6.602843,0.09715719223022479
2025-07-11,2025-07-27,5.1,5.878823,-0.7788228034973148
2025-07-11,2025-07-28,6.2,6.5510774,-0.35107736587524396
2025-07-11,2025-07-29,6.6,8.603797,-2.00379695892334
2025-07-11,2025-07-30,6.3,6.7124686,-0.4124686241149904
2025-07-11,2025-07-31,6.500000000000001,8.337167,-1.8371667861938468
2025-07-11,2025-08-01,3.7,6.0775847,-2.3775847434997557
2025-07-11,2025-08-02,4.9,7.577591,-2.677590942382812
2025-07-11,2025-08-03,6.1000000000000005,8.069086,-1.969086074829101
2025-07-11,2025-08-04,4.7,7.0076537,-2.307653713226318
2025-07-11,2025-08-05,4.7,8.966967,-4.26696662902832
2025-07-11,2025-08-06,6.3,6.2179313,0.08206872940063459
2025-07-11,2025-08-07,6.500000000000001,7.610028,-1.1100277900695792
2025-07-11,2025-08-08,7.4,8.011113,-0.6111131668090817
2025-07-11,2025-08-09,5.6,8.986603,-3.3866027832031254
2025-07-11,2025-08-10,11.8,7.487561,4.312438774108887
2025-07-12,2025-07-13,7.0,6.600122,0.39987802505493164
2025-07-12,2025-07-14,6.7,8.788443,-2.0884426116943358
2025-07-12,2025-07-15,5.5,6.831445,-1.3314452171325684
2025-07-12,2025-07-16,5.8,6.501554,-0.7015540122985842
2025-07-12,2025-07-17,6.4,6.176564,0.22343578338623082
2025-07-12,2025-07-18,7.0,5.594084,1.4059162139892578
2025-07-12,2025-07-19,5.8,7.7873516,-1.9873516082763674
2025-07-12,2025-07-20,3.9000000000000004,7.1506977,-3.2506977081298825
2025-07-12,2025-07-21,4.3,8.9255905,-4.625590515136719
2025-07-12,2025-07-22,4.1,7.487044,-3.3870438575744632
2025-07-12,2025-07-23,11.5,8.831801,2.668198585510254
2025-07-12,2025-07-24,6.7,6.933234,-0.23323421478271467
2025-07-12,2025-07-25,10.0,7.9651623,2.0348377227783203
2025-07-12,2025-07-26,6.7,6.5498624,0.1501376152038576
2025-07-12,2025-07-27,5.1,6.5352745,-1.4352745056152347
2025-07-12,2025-07-28,6.2,5.9661713,0.23382873535156268
2025-07-12,2025-07-29,6.6,6.518693,0.08130702972412074
2025-07-12,2025-07-30,6.3,8.6096115,-2.309611511230469
2025-07-12,2025-07-31,6.500000000000001,6.732205,-0.2322049140930167
2025-07-12,2025-08-01,3.7,8.287975,-4.587975311279297
2025-07-12,2025-08-02,4.9,6.194053,-1.2940531730651852
2025-07-12,2025-08-03,6.1000000000000005,7.4103127,-1.31031265258789
2025-07-12,2025-08-04,4.7,7.769168,-3.069167900085449
2025-07-12,2025-08-05,4.7,7.143718,-2.4437177658081053
2025-07-12,2025-08-06,6.3,9.130337,-2.8303367614746096
2025-07-12,2025-08-07,6.500000000000001,6.385297,0.1147031784057626
2025-07-12,2025-08-08,7.4,7.5130095,-0.1130095481872555
2025-07-12,2025-08-09,5.6,7.9899426,-2.38994255065918
2025-07-12,2025-08-10,11.8,8.863883,2.9361169815063484
2025-07-12,2025-08-11,13.1,7.5738254,5.526174640655517
2025-07-13,2025-07-14,6.7,6.511466,0.18853397369384783
2025-07-13,2025-07-15,5.5,8.723524,-3.2235240936279297
2025-07-13,2025-07-16,5.8,6.695643,-0.8956429481506349
2025-07-13,2025-07-17,6.4,6.637516,-0.23751602172851527
2025-07-13,2025-07-18,7.0,6.0591197,0.940880298614502
2025-07-13,2025-07-19,5.8,5.559107,0.24089317321777326
2025-07-13,2025-07-20,3.9000000000000004,7.6910143,-3.7910142898559567
2025-07-13,2025-07-21,4.3,7.0274215,-2.7274214744567873
2025-07-13,2025-07-22,4.1,8.691999,-4.591999435424805
2025-07-13,2025-07-23,11.5,7.6068234,3.893176555633545
2025-07-13,2025-07-24,6.7,8.706486,-2.0064857482910154
2025-07-13,2025-07-25,10.0,7.1890097,2.810990333557129
2025-07-13,2025-07-26,6.7,7.857727,-1.1577270507812498
2025-07-13,2025-07-27,5.1,6.491124,-1.3911241531372074
2025-07-13,2025-07-28,6.2,6.523707,-0.3237069129943846
2025-07-13,2025-07-29,6.6,6.0799713,0.5200286865234371
2025-07-13,2025-07-30,6.3,6.534611,-0.234611225128174
2025-07-13,2025-07-31,6.500000000000001,8.601252,-2.1012516021728507
2025-07-13,2025-08-01,3.7,6.7681646,-3.0681646347045897
2025-07-13,2025-08-02,4.9,8.112633,-3.2126327514648434
2025-07-13,2025-08-03,6.1000000000000005,6.294461,-0.19446077346801705
2025-07-13,2025-08-04,4.7,7.2228646,-2.5228646278381346
2025-07-13,2025-08-05,4.7,7.548464,-2.8484638214111326
2025-07-13,2025-08-06,6.3,7.3661246,-1.0661246299743654
2025-07-13,2025-08-07,6.500000000000001,9.112177,-2.6121768951416007
2025-07-13,2025-08-08,7.4,6.609737,0.7902630805969242
2025-07-13,2025-08-09,5.6,7.462858,-1.8628582000732425
2025-07-13,2025-08-10,11.8,7.978419,3.821581172943116
2025-07-13,2025-08-11,13.1,8.741396,4.358604049682617
2025-07-13,2025-08-12,13.4,7.7239156,5.676084423065186
2025-07-14,2025-07-15,5.5,6.5869164,-1.086916446685791
2025-07-14,2025-07-16,5.8,8.556715,-2.75671501159668
2025-07-14,2025-07-17,6.4,6.842325,-0.4423252105712887
2025-07-14,2025-07-18,7.0,7.0396256,-0.03962564468383789
2025-07-14,2025-07-19,5.8,5.8811755,-0.08117551803588885
2025-07-14,2025-07-20,3.9000000000000004,5.647672,-1.7476721763610836
2025-07-14,2025-07-21,4.3,7.6655726,-3.3655726432800295
2025-07-14,2025-07-22,4.1,7.2107716,-3.1107715606689457
2025-07-14,2025-07-23,11.5,8.632911,2.86708927154541
2025-07-14,2025-07-24,6.7,7.635361,-0.9353611946105955
2025-07-14,2025-07-25,10.0,8.768832,1.2311677932739258
2025-07-14,2025-07-26,6.7,7.241808,-0.5418079376220701
2025-07-14,2025-07-27,5.1,7.8989797,-2.7989796638488773
2025-07-14,2025-07-28,6.2,6.819564,-0.6195638656616209
2025-07-14,2025-07-29,6.6,6.625056,-0.02505578994751012
2025-07-14,2025-07-30,6.3,6.071763,0.22823696136474592
2025-07-14,2025-07-31,6.500000000000001,6.5403404,-0.04034042358398349
2025-07-14,2025-08-01,3.7,8.432415,-4.732415008544922
2025-07-14,2025-08-02,4.9,6.725731,-1.8257308959960934
2025-07-14,2025-08-03,6.1000000000000005,7.8595138,-1.7595137596130366
2025-07-14,2025-08-04,4.7,6.2722154,-1.5722153663635252
2025-07-14,2025-08-05,4.7,7.153818,-2.453818130493164
2025-07-14,2025-08-06,6.3,7.6938887,-1.3938886642456056
2025-07-14,2025-08-07,6.500000000000001,7.493134,-0.9931340217590323
2025-07-14,2025-08-08,7.4,8.864461,-1.4644609451293942
2025-07-14,2025-08-09,5.6,6.6092772,-1.0092772483825687
2025-07-14,2025-08-10,11.8,7.5272436,4.272756385803223
2025-07-14,2025-08-11,13.1,8.036273,5.063726997375488
2025-07-14,2025-08-12,13.4,8.74931,4.6506904602050785
2025-07-14,2025-08-13,16.8,7.7600718,9.039928245544434
2025-07-15,2025-07-16,5.8,6.8552947,-1.055294704437256
2025-07-15,2025-07-17,6.4,8.335686,-1.9356857299804684
2025-07-15,2025-07-18,7.0,7.010017,-0.010016918182373047
2025-07-15,2025-07-19,5.8,7.2092543,-1.4092542648315431
2025-07-15,2025-07-20,3.9000000000000004,5.95493,-2.0549298286437985
2025-07-15,2025-07-21,4.3,5.7379694,-1.4379693984985353
2025-07-15,2025-07-22,4.1,7.5893345,-3.4893344879150394
2025-07-15,2025-07-23,11.5,7.2651143,4.2348856925964355
2025-07-15,2025-07-24,6.7,8.541348,-1.8413484573364256
2025-07-15,2025-07-25,10.0,7.5911255,2.40887451171875
2025-07-15,2025-07-26,6.7,8.816062,-2.116061973571777
2025-07-15,2025-07-27,5.1,7.2663546,-2.166354560852051
2025-07-15,2025-07-28,6.2,8.034155,-1.8341548919677733
2025-07-15,2025-07-29,6.6,7.1143904,-0.5143903732299808
2025-07-15,2025-07-30,6.3,6.5844603,-0.2844602584838869
2025-07-15,2025-07-31,6.500000000000001,6.134683,0.36531686782837003
2025-07-15,2025-08-01,3.7,6.7329307,-3.0329306602478026
2025-07-15,2025-08-02,4.9,8.346632,-3.4466320037841793
2025-07-15,2025-08-03,6.1000000000000005,6.6999583,-0.5999583244323725
2025-07-15,2025-08-04,4.7,7.6459184,-2.9459183692932127
2025-07-15,2025-08-05,4.7,6.146683,-1.4466832160949705
2025-07-15,2025-08-06,6.3,7.318969,-1.0189687728881838
2025-07-15,2025-08-07,6.500000000000001,7.9388866,-1.4388866424560538
2025-07-15,2025-08-08,7.4,7.6148133,-0.21481332778930629
2025-07-15,2025-08-09,5.6,8.582498,-2.982497596740723
2025-07-15,2025-08-10,11.8,6.485917,5.314082908630372
2025-07-15,2025-08-11,13.1,7.4978714,5.602128601074218
2025-07-15,2025-08-12,13.4,8.042864,5.357136154174805
2025-07-15,2025-08-13,16.8,8.7939625,8.006037521362305
2025-07-15,2025-08-14,7.0,7.8006,-0.8006000518798828
2025-07-16,2025-07-17,6.4,7.0237303,-0.6237302780151364
2025-07-16,2025-07-18,7.0,8.243527,-1.2435274124145508
2025-07-16,2025-07-19,5.8,7.0918417,-1.2918416976928713
2025-07-16,2025-07-20,3.9000000000000004,7.1798162,-3.2798162460327145
2025-07-16,2025-07-21,4.3,6.07334,-1.7733399391174318
2025-07-16,2025-07-22,4.1,5.7942557,-1.6942557334899906
2025-07-16,2025-07-23,11.5,7.5237155,3.9762845039367676
2025-07-16,2025-07-24,6.7,7.3904285,-0.6904285430908201
2025-07-16,2025-07-25,10.0,8.587397,1.4126033782958984
2025-07-16,2025-07-26,6.7,7.5310864,-0.8310864448547362
2025-07-16,2025-07-27,5.1,8.8477335,-3.7477334976196293
2025-07-16,2025-07-28,6.2,7.2432747,-1.043274688720703
2025-07-16,2025-07-29,6.6,8.160877,-1.5608772277832035
2025-07-16,2025-07-30,6.3,7.272576,-0.9725758552551271
2025-07-16,2025-07-31,6.500000000000001,6.565076,-0.0650758743286124
2025-07-16,2025-08-01,3.7,6.2115417,-2.511541652679443
2025-07-16,2025-08-02,4.9,6.823788,-1.9237881660461422
2025-07-16,2025-08-03,6.1000000000000005,8.281272,-2.181271934509277
2025-07-16,2025-08-04,4.7,6.702213,-2.0022128105163572
2025-07-16,2025-08-05,4.7,7.605634,-2.9056342124938963
2025-07-16,2025-08-06,6.3,6.0307164,0.2692835807800291
2025-07-16,2025-08-07,6.500000000000001,7.4491243,-0.9491243362426749
2025-07-16,2025-08-08,7.4,8.104249,-0.704249000549316
2025-07-16,2025-08-09,5.6,7.604579,-2.0045789718627933
2025-07-16,2025-08-10,11.8,8.46153,3.3384702682495124
2025-07-16,2025-08-11,13.1,6.413808,6.68619213104248
2025-07-16,2025-08-12,13.4,7.5042553,5.895744705200196
2025-07-16,2025-08-13,16.8,8.035154,8.764845657348634
2025-07-16,2025-08-14,7.0,8.839703,-1.8397026062011719
2025-07-16,2025-08-15,5.8,7.8458395,-2.0458395004272463
2025-07-17,2025-07-18,7.0,7.117961,-0.11796092987060547
2025-07-17,2025-07-19,5.8,8.277276,-2.4772760391235353
2025-07-17,2025-07-20,3.9000000000000004,7.0859,-3.1858998298645016
2025-07-17,2025-07-21,4.3,6.9838505,-2.6838504791259767
2025-07-17,2025-07-22,4.1,6.2290707,-2.129070663452149
2025-07-17,2025-07-23,11.5,5.8103986,5.689601421356201
2025-07-17,2025-07-24,6.7,7.4464774,-0.7464774131774901
2025-07-17,2025-07-25,10.0,7.4290595,2.5709404945373535
2025-07-17,2025-07-26,6.7,8.639074,-1.9390743255615233
2025-07-17,2025-07-27,5.1,7.4839,-2.38390007019043
2025-07-17,2025-07-28,6.2,8.842448,-2.6424482345581053
2025-07-17,2025-07-29,6.6,7.2048025,-0.604802513122559
2025-07-17,2025-07-30,6.3,8.146772,-1.8467723846435549
2025-07-17,2025-07-31,6.500000000000001,7.282498,-0.7824978828430167
2025-07-17,2025-08-01,3.7,6.5426726,-2.8426726341247557
2025-07-17,2025-08-02,4.9,6.289961,-1.3899608612060543
2025-07-17,2025-08-03,6.1000000000000005,6.8660355,-0.7660354614257807
2025-07-17,2025-08-04,4.7,8.271793,-3.5717933654785154
2025-07-17,2025-08-05,4.7,6.72515,-2.025150108337402
2025-07-17,2025-08-06,6.3,7.6343803,-1.334380340576172
2025-07-17,2025-08-07,6.500000000000001,5.984721,0.5152788162231454
2025-07-17,2025-08-08,7.4,7.609685,-0.20968494415283168
2025-07-17,2025-08-09,5.6,8.160092,-2.560092353820801
2025-07-17,2025-08-10,11.8,7.4521036,4.347896385192872
2025-07-17,2025-08-11,13.1,8.534755,4.565245246887207
2025-07-17,2025-08-12,13.4,6.344904,7.055096054077149
2025-07-17,2025-08-13,16.8,7.5399804,9.26001958847046
2025-07-17,2025-08-14,7.0,7.9442816,-0.9442815780639648
2025-07-17,2025-08-15,5.8,8.742637,-2.9426366806030275
2025-07-17,2025-08-16,6.1000000000000005,7.8771772,-1.777177238464355
2025-07-18,2025-07-19,5.8,7.1130743,-1.31307430267334
2025-07-18,2025-07-20,3.9000000000000004,8.267762,-4.367762184143066
2025-07-18,2025-07-21,4.3,7.0844035,-2.7844035148620607
2025-07-18,2025-07-22,4.1,6.9488707,-2.848870658874512
2025-07-18,2025-07-23,11.5,6.266943,5.233057022094727
2025-07-18,2025-07-24,6.7,5.935208,0.7647921562194826
2025-07-18,2025-07-25,10.0,7.5039244,2.4960756301879883
2025-07-18,2025-07-26,6.7,7.4585476,-0.7585475921630858
2025-07-18,2025-07-27,5.1,8.657546,-3.5575460433959964
2025-07-18,2025-07-28,6.2,7.48183,-1.2818301200866697
2025-07-18,2025-07-29,6.6,8.884196,-2.284196281433106
2025-07-18,2025-07-30,6.3,7.126001,-0.8260008811950685
2025-07-18,2025-07-31,6.500000000000001,8.061974,-1.5619735717773429
2025-07-18,2025-08-01,3.7,7.279115,-3.5791152000427244
2025-07-18,2025-08-02,4.9,6.6233883,-1.723388290405273
2025-07-18,2025-08-03,6.1000000000000005,6.301928,-0.20192804336547798
2025-07-18,2025-08-04,4.7,6.8535566,-2.1535566329956053
2025-07-18,2025-08-05,4.7,8.171394,-3.471394348144531
2025-07-18,2025-08-06,6.3,6.683291,-0.3832909584045412
2025-07-18,2025-08-07,6.500000000000001,7.6568904,-1.156890392303466
2025-07-18,2025-08-08,7.4,5.9760485,1.4239515304565433
2025-07-18,2025-08-09,5.6,7.5132227,-1.913222694396973
2025-07-18,2025-08-10,11.8,8.134386,3.6656139373779304
2025-07-18,2025-08-11,13.1,7.2722206,5.827779388427734
2025-07-18,2025-08-12,13.4,8.644228,4.7557720184326175
2025-07-18,2025-08-13,16.8,6.3466864,10.453313636779786
2025-07-18,2025-08-14,7.0,7.6566925,-0.6566925048828125
2025-07-18,2025-08-15,5.8,7.837912,-2.0379120826721193
2025-07-18,2025-08-16,6.1000000000000005,8.684593,-2.584593200683593
2025-07-18,2025-08-17,4.3,7.84883,-3.5488302230834963
2025-07-19,2025-07-20,3.9000000000000004,6.807483,-2.9074831962585446
2025-07-19,2025-07-21,4.3,8.235756,-3.9357559204101564
2025-07-19,2025-07-22,4.1,6.967704,-2.8677038192749027
2025-07-19,2025-07-23,11.5,6.804536,4.695464134216309
2025-07-19,2025-07-24,6.7,6.432896,0.26710386276245135
2025-07-19,2025-07-25,10.0,6.1006446,3.899355411529541
2025-07-19,2025-07-26,6.7,7.5568495,-0.8568494796752928
2025-07-19,2025-07-27,5.1,7.3024297,-2.2024296760559086
2025-07-19,2025-07-28,6.2,8.424556,-2.224555778503418
2025-07-19,2025-07-29,6.6,7.8018923,-1.2018922805786136
2025-07-19,2025-07-30,6.3,8.607972,-2.3079721450805666
2025-07-19,2025-07-31,6.500000000000001,7.2141666,-0.7141666412353507
2025-07-19,2025-08-01,3.7,7.9685793,-4.268579292297363
2025-07-19,2025-08-02,4.9,7.1714926,-2.2714925765991207
2025-07-19,2025-08-03,6.1000000000000005,6.7002125,-0.6002124786376948
2025-07-19,2025-08-04,4.7,6.27421,-1.5742099761962889
2025-07-19,2025-08-05,4.7,6.740113,-2.040112781524658
2025-07-19,2025-08-06,6.3,8.173399,-1.8733989715576174
2025-07-19,2025-08-07,6.500000000000001,6.718872,-0.2188720703124991
2025-07-19,2025-08-08,7.4,7.7288103,-0.3288103103637692
2025-07-19,2025-08-09,5.6,6.1616755,-0.5616754531860355
2025-07-19,2025-08-10,11.8,7.55952,4.24048023223877
2025-07-19,2025-08-11,13.1,8.045871,5.054129219055175
2025-07-19,2025-08-12,13.4,7.258119,6.141880893707276
2025-07-19,2025-08-13,16.8,8.772882,8.02711753845215
2025-07-19,2025-08-14,7.0,6.4392323,0.560767650604248
2025-07-19,2025-08-15,5.8,7.729857,-1.9298569679260256
2025-07-19,2025-08-16,6.1000000000000005,7.7405844,-1.6405843734741206
2025-07-19,2025-08-17,4.3,8.38699,-4.0869895935058596
2025-07-19,2025-08-18,3.4,7.7945304,-4.394530391693115
2025-07-20,2025-07-21,4.3,6.773771,-2.473770809173584
2025-07-20,2025-07-22,4.1,8.029764,-3.9297641754150394
2025-07-20,2025-07-23,11.5,6.9258437,4.574156284332275
2025-07-20,2025-07-24,6.7,6.961125,-0.26112489700317365
2025-07-20,2025-07-25,10.0,6.343254,3.6567459106445312
2025-07-20,2025-07-26,6.7,6.266049,0.4339510917663576
2025-07-20,2025-07-27,5.1,7.5887775,-2.488777542114258
2025-07-20,2025-07-28,6.2,7.295344,-1.0953438758850096
2025-07-20,2025-07-29,6.6,8.093892,-1.4938920974731449
2025-07-20,2025-07-30,6.3,7.985564,-1.6855642318725588
2025-07-20,2025-07-31,6.500000000000001,8.499045,-1.9990453720092765
2025-07-20,2025-08-01,3.7,7.356514,-3.656513977050781
2025-07-20,2025-08-02,4.9,8.043757,-3.1437574386596676
2025-07-20,2025-08-03,6.1000000000000005,7.0499954,-0.9499954223632807
2025-07-20,2025-08-04,4.7,6.7911263,-2.091126251220703
2025-07-20,2025-08-05,4.7,6.603888,-1.9038880348205565
2025-07-20,2025-08-06,6.3,6.852652,-0.5526520729064943
2025-07-20,2025-08-07,6.500000000000001,8.035417,-1.535416603088378
2025-07-20,2025-08-08,7.4,6.8133607,0.5866393089294437
2025-07-20,2025-08-09,5.6,7.775076,-2.1750759124755863
2025-07-20,2025-08-10,11.8,6.2227864,5.577213573455811
2025-07-20,2025-08-11,13.1,7.485861,5.614139175415039
2025-07-20,2025-08-12,13.4,7.975956,5.424044036865235
2025-07-20,2025-08-13,16.8,7.4645004,9.335499572753907
2025-07-20,2025-08-14,7.0,8.726903,-1.726902961730957
2025-07-20,2025-08-15,5.8,6.7153163,-0.9153162956237795
2025-07-20,2025-08-16,6.1000000000000005,7.884029,-1.7840289115905756
2025-07-20,2025-08-17,4.3,7.628251,-3.328251075744629
2025-07-20,2025-08-18,3.4,8.324918,-4.924917793273925
2025-07-20,2025-08-19,5.699999999999999,7.8101525,-2.1101525306701667
2025-07-21,2025-07-22,4.1,6.798521,-2.6985210418701175
2025-07-21,2025-07-23,11.5,7.8543196,3.6456804275512695
2025-07-21,2025-07-24,6.7,7.1692634,-0.4692633628845213
2025-07-21,2025-07-25,10.0,7.3553643,2.6446356773376465
2025-07-21,2025-07-26,6.7,6.122534,0.5774662017822267
2025-07-21,2025-07-27,5.1,6.4608116,-1.3608116149902347
2025-07-21,2025-07-28,6.2,7.65605,-1.4560502052307127
2025-07-21,2025-07-29,6.6,7.7667427,-1.1667427062988285
2025-07-21,2025-07-30,6.3,8.087356,-1.7873556137084963
2025-07-21,2025-07-31,6.500000000000001,8.080438,-1.5804376602172843
2025-07-21,2025-08-01,3.7,8.65759,-4.957589912414551
2025-07-21,2025-08-02,4.9,7.3589606,-2.458960628509521
2025-07-21,2025-08-03,6.1000000000000005,8.104811,-2.004810714721679
2025-07-21,2025-08-04,4.7,7.3034515,-2.6034515380859373
2025-07-21,2025-08-05,4.7,7.058013,-2.3580129623413084
2025-07-21,2025-08-06,6.3,6.717295,-0.41729516983032244
2025-07-21,2025-08-07,6.500000000000001,6.806193,-0.3061928749084464
2025-07-21,2025-08-08,7.4,7.777401,-0.377400970458984
2025-07-21,2025-08-09,5.6,6.8936434,-1.2936433792114261
2025-07-21,2025-08-10,11.8,7.8176823,3.982317733764649
2025-07-21,2025-08-11,13.1,6.263778,6.83622179031372
2025-07-21,2025-08-12,13.4,7.3438177,6.0561822891235355
2025-07-21,2025-08-13,16.8,8.050395,8.749604988098145
2025-07-21,2025-08-14,7.0,7.4174876,-0.41748762130737305
2025-07-21,2025-08-15,5.8,8.558854,-2.758854103088379
2025-07-21,2025-08-16,6.1000000000000005,6.80305,-0.7030500411987299
2025-07-21,2025-08-17,4.3,8.186366,-3.886366081237793
2025-07-21,2025-08-18,3.4,7.565966,-4.165966129302978
2025-07-21,2025-08-19,5.699999999999999,8.277726,-2.5777261734008796
2025-07-21,2025-08-20,4.0,7.7043633,-3.7043633460998535
2025-07-22,2025-07-23,11.5,6.976535,4.523465156555176
2025-07-22,2025-07-24,6.7,7.703075,-1.0030749320983885
2025-07-22,2025-07-25,10.0,7.4277725,2.5722274780273438
2025-07-22,2025-07-26,6.7,7.456165,-0.7561648368835447
2025-07-22,2025-07-27,5.1,6.2068458,-1.1068457603454593
2025-07-22,2025-07-28,6.2,6.561656,-0.3616559982299803
2025-07-22,2025-07-29,6.6,7.6809773,-1.0809773445129398
2025-07-22,2025-07-30,6.3,8.075646,-1.7756464004516603
2025-07-22,2025-07-31,6.500000000000001,8.084014,-1.5840139389038077
2025-07-22,2025-08-01,3.7,8.139549,-4.439549255371094
2025-07-22,2025-08-02,4.9,8.780719,-3.8807188034057614
2025-07-22,2025-08-03,6.1000000000000005,7.317614,-1.217614078521728
2025-07-22,2025-08-04,4.7,8.211542,-3.5115421295166014
2025-07-22,2025-08-05,4.7,7.43625,-2.7362502098083494
2025-07-22,2025-08-06,6.3,7.1890817,-0.8890816688537599
2025-07-22,2025-08-07,6.500000000000001,6.8327703,-0.33277034759521396
2025-07-22,2025-08-08,7.4,6.91521,0.48479022979736364
2025-07-22,2025-08-09,5.6,7.6879735,-2.087973499298096
2025-07-22,2025-08-10,11.8,7.0037804,4.796219635009766
2025-07-22,2025-08-11,13.1,7.940862,5.159137821197509
2025-07-22,2025-08-12,13.4,6.1932254,7.206774616241455
2025-07-22,2025-08-13,16.8,7.424053,9.375946807861329
2025-07-22,2025-08-14,7.0,8.16588,-1.1658802032470703
2025-07-22,2025-08-15,5.8,7.355924,-1.5559241294860842
2025-07-22,2025-08-16,6.1000000000000005,8.379964,-2.279963874816894
2025-07-22,2025-08-17,4.3,6.727167,-2.4271671295166017
2025-07-22,2025-08-18,3.4,8.356792,-4.9567924499511715
2025-07-22,2025-08-19,5.699999999999999,7.4872,-1.787199783325196
2025-07-22,2025-08-20,4.0,8.239576,-4.23957633972168
2025-07-22,2025-08-21,3.3,7.596575,-4.2965747833251955
2025-07-23,2025-07-24,6.7,7.163126,-0.4631259918212889
2025-07-23,2025-07-25,10.0,7.698164,2.3018360137939453
2025-07-23,2025-07-26,6.7,7.5929694,-0.8929694175720213
2025-07-23,2025-07-27,5.1,7.4279485,-2.3279484748840336
2025-07-23,2025-07-28,6.2,6.3212986,-0.12129859924316388
2025-07-23,2025-07-29,6.6,6.6559815,-0.055981540679931996
2025-07-23,2025-07-30,6.3,7.6703043,-1.370304298400879
2025-07-23,2025-07-31,6.500000000000001,8.258604,-1.7586040496826163
2025-07-23,2025-08-01,3.7,8.149914,-4.449913787841797
2025-07-23,2025-08-02,4.9,8.151204,-3.251204109191894
2025-07-23,2025-08-03,6.1000000000000005,8.859699,-2.7596992492675776
2025-07-23,2025-08-04,4.7,7.191207,-2.491206932067871
2025-07-23,2025-08-05,4.7,8.280546,-3.580546188354492
2025-07-23,2025-08-06,6.3,7.47181,-1.1718098640441896
2025-07-23,2025-08-07,6.500000000000001,7.2652183,-0.7652182579040518
2025-07-23,2025-08-08,7.4,6.9697266,0.43027343750000036
2025-07-23,2025-08-09,5.6,7.007057,-1.4070571899414066
2025-07-23,2025-08-10,11.8,7.641365,4.1586349487304695
2025-07-23,2025-08-11,13.1,7.052097,6.047903156280517
2025-07-23,2025-08-12,13.4,8.045509,5.354490661621094
2025-07-23,2025-08-13,16.8,6.1157637,10.684236335754395
2025-07-23,2025-08-14,7.0,7.5033255,-0.5033254623413086
2025-07-23,2025-08-15,5.8,8.282681,-2.482681465148926
2025-07-23,2025-08-16,6.1000000000000005,7.2247496,-1.1247495651245112
2025-07-23,2025-08-17,4.3,8.348919,-4.048918914794922
2025-07-23,2025-08-18,3.4,6.6246576,-3.2246576309204102
2025-07-23,2025-08-19,5.699999999999999,8.463048,-2.7630479812622077
2025-07-23,2025-08-20,4.0,7.439909,-3.439908981323242
2025-07-23,2025-08-21,3.3,8.22794,-4.927939605712891
2025-07-23,2025-08-22,5.1,7.5291424,-2.4291423797607425
2025-07-24,2025-07-25,10.0,7.2879906,2.7120094299316406
2025-07-24,2025-07-26,6.7,7.775561,-1.0755608558654783
2025-07-24,2025-07-27,5.1,7.7222157,-2.6222156524658207
2025-07-24,2025-07-28,6.2,7.3189726,-1.118972587585449
2025-07-24,2025-07-29,6.6,6.5072217,0.09277830123901332
2025-07-24,2025-07-30,6.3,6.8298564,-0.5298563957214357
2025-07-24,2025-07-31,6.500000000000001,7.6655526,-1.1655526161193839
2025-07-24,2025-08-01,3.7,8.414088,-4.714088249206543
2025-07-24,2025-08-02,4.9,8.225193,-3.3251930236816403
2025-07-24,2025-08-03,6.1000000000000005,8.188132,-2.088132286071777
2025-07-24,2025-08-04,4.7,8.906249,-4.206249046325683
2025-07-24,2025-08-05,4.7,7.003501,-2.303500938415527
2025-07-24,2025-08-06,6.3,8.240851,-1.940851402282715
2025-07-24,2025-08-07,6.500000000000001,7.487401,-0.9874010086059561
2025-07-24,2025-08-08,7.4,7.3635154,0.03648462295532262
2025-07-24,2025-08-09,5.6,7.0749407,-1.4749406814575199
2025-07-24,2025-08-10,11.8,7.050155,4.749844837188721
2025-07-24,2025-08-11,13.1,7.6911263,5.408873653411865
2025-07-24,2025-08-12,13.4,7.0208054,6.379194641113282
2025-07-24,2025-08-13,16.8,8.081699,8.71830062866211
2025-07-24,2025-08-14,7.0,6.0936003,0.9063997268676758
2025-07-24,2025-08-15,5.8,7.6009793,-1.8009793281555178
2025-07-24,2025-08-16,6.1000000000000005,8.346118,-2.246117973327636
2025-07-24,2025-08-17,4.3,7.019076,-2.719075870513916
2025-07-24,2025-08-18,3.4,8.391731,-4.991731262207031
2025-07-24,2025-08-19,5.699999999999999,6.501626,-0.8016260147094734
2025-07-24,2025-08-20,4.0,8.544002,-4.544001579284668
2025-07-24,2025-08-21,3.3,7.38909,-4.089090061187744
2025-07-24,2025-08-22,5.1,8.145365,-3.0453647613525394
2025-07-24,2025-08-23,6.1000000000000005,7.4354954,-1.3354953765869135
2025-07-25,2025-07-26,6.7,7.316836,-0.6168358802795408
2025-07-25,2025-07-27,5.1,7.925579,-2.8255790710449222
2025-07-25,2025-07-28,6.2,7.6758533,-1.4758532524108885
2025-07-25,2025-07-29,6.6,7.2123246,-0.6123246192932132
2025-07-25,2025-07-30,6.3,6.5616865,-0.26168651580810565
2025-07-25,2025-07-31,6.500000000000001,6.8604255,-0.3604254722595206
2025-07-25,2025-08-01,3.7,7.6442738,-3.94427375793457
2025-07-25,2025-08-02,4.9,8.421669,-3.521669006347656
2025-07-25,2025-08-03,6.1000000000000005,8.291145,-2.1911453247070307
2025-07-25,2025-08-04,4.7,8.148354,-3.448353576660156
2025-07-25,2025-08-05,4.7,8.932327,-4.232327270507812
2025-07-25,2025-08-06,6.3,6.902799,-0.6027991294860842
2025-07-25,2025-08-07,6.500000000000001,8.116272,-1.6162719726562491
2025-07-25,2025-08-08,7.4,7.36824,0.03176012039184606
2025-07-25,2025-08-09,5.6,7.400218,-1.8002180099487308
2025-07-25,2025-08-10,11.8,7.140633,4.659366893768311
2025-07-25,2025-08-11,13.1,7.0798435,6.020156478881836
2025-07-25,2025-08-12,13.4,7.739522,5.660478019714356
2025-07-25,2025-08-13,16.8,6.944702,9.8552978515625
2025-07-25,2025-08-14,7.0,8.1131115,-1.1131114959716797
2025-07-25,2025-08-15,5.8,6.075609,-0.2756092071533205
2025-07-25,2025-08-16,6.1000000000000005,7.5694613,-1.4694613456726069
2025-07-25,2025-08-17,4.3,8.2523155,-3.9523155212402346
2025-07-25,2025-08-18,3.4,6.873348,-3.4733482360839845
2025-07-25,2025-08-19,5.699999999999999,8.549166,-2.8491657257080085
2025-07-25,2025-08-20,4.0,6.452827,-2.452826976776123
2025-07-25,2025-08-21,3.3,8.529464,-5.229463768005371
2025-07-25,2025-08-22,5.1,7.3400207,-2.2400206565856937
2025-07-25,2025-08-23,6.1000000000000005,8.142195,-2.042194747924804
2025-07-25,2025-08-24,1.8,7.40279,-5.602790069580078
2025-07-26,2025-07-27,5.1,7.177092,-2.0770920753479007
2025-07-26,2025-07-28,6.2,8.078076,-1.878076362609863
2025-07-26,2025-07-29,6.6,7.5208054,-0.9208053588867191
2025-07-26,2025-07-30,6.3,7.122483,-0.8224827766418459
2025-07-26,2025-07-31,6.500000000000001,6.539837,-0.03983688354492099
2025-07-26,2025-08-01,3.7,6.895752,-3.195751953125
2025-07-26,2025-08-02,4.9,7.598858,-2.6988578796386715
2025-07-26,2025-08-03,6.1000000000000005,8.274343,-2.174342536926269
2025-07-26,2025-08-04,4.7,8.1645355,-3.4645355224609373
2025-07-26,2025-08-05,4.7,8.32909,-3.629090118408203
2025-07-26,2025-08-06,6.3,8.758647,-2.4586469650268556
2025-07-26,2025-08-07,6.500000000000001,7.021629,-0.5216288566589347
2025-07-26,2025-08-08,7.4,7.994533,-0.5945330619812008
2025-07-26,2025-08-09,5.6,7.1377873,-1.5377873420715336
2025-07-26,2025-08-10,11.8,7.402415,4.3975852012634284
2025-07-26,2025-08-11,13.1,7.310618,5.789382076263427
2025-07-26,2025-08-12,13.4,7.0433674,6.3566326141357425
2025-07-26,2025-08-13,16.8,7.8303804,8.9696195602417
2025-07-26,2025-08-14,7.0,6.87352,0.1264801025390625
2025-07-26,2025-08-15,5.8,8.127304,-2.3273040771484377
2025-07-26,2025-08-16,6.1000000000000005,6.132089,-0.032089138031005326
2025-07-26,2025-08-17,4.3,7.456642,-3.1566421508789064
2025-07-26,2025-08-18,3.4,7.981101,-4.581101036071777
2025-07-26,2025-08-19,5.699999999999999,7.0156493,-1.315649318695069
2025-07-26,2025-08-20,4.0,8.652255,-4.652255058288574
2025-07-26,2025-08-21,3.3,6.571995,-3.271994781494141
2025-07-26,2025-08-22,5.1,8.416189,-3.3161891937255863
2025-07-26,2025-08-23,6.1000000000000005,7.3598657,-1.2598656654357905
2025-07-26,2025-08-24,1.8,8.102767,-6.302766990661621
2025-07-26,2025-08-25,6.2,7.429653,-1.2296531677246092
2025-07-27,2025-07-28,6.2,7.065685,-0.8656847953796385
2025-07-27,2025-07-29,6.6,8.221456,-1.6214555740356449
2025-07-27,2025-07-30,6.3,7.370127,-1.0701272010803224
2025-07-27,2025-07-31,6.500000000000001,7.1692424,-0.6692423820495597
2025-07-27,2025-08-01,3.7,6.430699,-2.7306988716125487
2025-07-27,2025-08-02,4.9,6.81891,-1.9189101219177243
2025-07-27,2025-08-03,6.1000000000000005,7.6344137,-1.5344137191772456
2025-07-27,2025-08-04,4.7,8.1292305,-3.429230499267578
2025-07-27,2025-08-05,4.7,8.062095,-3.362094688415527
2025-07-27,2025-08-06,6.3,8.495838,-2.1958381652832033
2025-07-27,2025-08-07,6.500000000000001,8.60098,-2.100979804992675
2025-07-27,2025-08-08,7.4,7.036874,0.3631261825561527
2025-07-27,2025-08-09,5.6,7.987979,-2.3879789352416996
2025-07-27,2025-08-10,11.8,6.8681493,4.931850719451905
2025-07-27,2025-08-11,13.1,7.432756,5.6672440528869625
2025-07-27,2025-08-12,13.4,7.5005646,5.899435424804688
2025-07-27,2025-08-13,16.8,7.018796,9.78120403289795
2025-07-27,2025-08-14,7.0,7.963155,-0.9631547927856445
2025-07-27,2025-08-15,5.8,6.800285,-1.0002848625183107
2025-07-27,2025-08-16,6.1000000000000005,8.098622,-1.998622322082519
2025-07-27,2025-08-17,4.3,6.127598,-1.8275978088378908
2025-07-27,2025-08-18,3.4,7.298645,-3.89864501953125
2025-07-27,2025-08-19,5.699999999999999,7.760661,-2.060661125183106
2025-07-27,2025-08-20,4.0,7.2923603,-3.292360305786133
2025-07-27,2025-08-21,3.3,8.641675,-5.3416749954223635
2025-07-27,2025-08-22,5.1,6.7225366,-1.6225365638732914
2025-07-27,2025-08-23,6.1000000000000005,8.281376,-2.181375885009765
2025-07-27,2025-08-24,1.8,7.475985,-5.675985050201416
2025-07-27,2025-08-25,6.2,8.213326,-2.0133264541625975
2025-07-27,2025-08-26,7.3,7.494387,-0.1943871498107912
2025-07-28,2025-07-29,6.6,7.0267987,-0.4267987251281742
2025-07-28,2025-07-30,6.3,8.31689,-2.016889762878418
2025-07-28,2025-07-31,6.500000000000001,7.4605207,-0.9605207443237296
2025-07-28,2025-08-01,3.7,7.495923,-3.795923042297363
2025-07-28,2025-08-02,4.9,6.249727,-1.3497267723083493
2025-07-28,2025-08-03,6.1000000000000005,6.8151593,-0.7151593208312983
2025-07-28,2025-08-04,4.7,7.6858554,-2.9858553886413572
2025-07-28,2025-08-05,4.7,8.475864,-3.7758644104003904
2025-07-28,2025-08-06,6.3,8.223132,-1.923132133483887
2025-07-28,2025-08-07,6.500000000000001,8.555583,-2.0555830001831046
2025-07-28,2025-08-08,7.4,8.759168,-1.359167671203613
2025-07-28,2025-08-09,5.6,7.029774,-1.4297741889953617
2025-07-28,2025-08-10,11.8,7.952897,3.847102928161622
2025-07-28,2025-08-11,13.1,7.0907593,6.00924072265625
2025-07-28,2025-08-12,13.4,7.589504,5.810496234893799
2025-07-28,2025-08-13,16.8,7.42453,9.375469970703126
2025-07-28,2025-08-14,7.0,6.81899,0.18100976943969727
2025-07-28,2025-08-15,5.8,8.011856,-2.2118560791015627
2025-07-28,2025-08-16,6.1000000000000005,6.7108083,-0.6108082771301264
2025-07-28,2025-08-17,4.3,8.009229,-3.7092287063598635
2025-07-28,2025-08-18,3.4,6.106426,-2.7064257621765138
2025-07-28,2025-08-19,5.699999999999999,7.1813912,-1.4813912391662605
2025-07-28,2025-08-20,4.0,7.688983,-3.6889829635620117
2025-07-28,2025-08-21,3.3,7.333648,-4.033648204803467
2025-07-28,2025-08-22,5.1,8.481665,-3.381664657592774
2025-07-28,2025-08-23,6.1000000000000005,6.7069545,-0.6069544792175288
2025-07-28,2025-08-24,1.8,8.300402,-6.5004016876220705
2025-07-28,2025-08-25,6.2,7.559711,-1.3597109794616697
2025-07-28,2025-08-26,7.3,8.194198,-0.8941976547241213
2025-07-28,2025-08-27,5.9,7.438387,-1.5383869171142575
2025-07-29,2025-07-30,6.3,7.1530476,-0.853047561645508
2025-07-29,2025-07-31,6.500000000000001,8.379163,-1.8791627883911124
2025-07-29,2025-08-01,3.7,7.668965,-3.968964862823486
2025-07-29,2025-08-02,4.9,7.5498424,-2.6498423576354977
2025-07-29,2025-08-03,6.1000000000000005,6.428938,-0.32893791198730415
2025-07-29,2025-08-04,4.7,6.807847,-2.1078470230102537
2025-07-29,2025-08-05,4.7,7.724087,-3.0240872383117674
2025-07-29,2025-08-06,6.3,8.663982,-2.363982391357422
2025-07-29,2025-08-07,6.500000000000001,8.3300495,-1.830049514770507
2025-07-29,2025-08-08,7.4,8.615059,-1.215058898925781
2025-07-29,2025-08-09,5.6,8.85894,-3.258940124511719
2025-07-29,2025-08-10,11.8,6.945357,4.854643154144288
2025-07-29,2025-08-11,13.1,8.001602,5.098397827148437
2025-07-29,2025-08-12,13.4,7.2525754,6.147424602508545
2025-07-29,2025-08-13,16.8,7.622143,9.177857208251954
2025-07-29,2025-08-14,7.0,7.3375406,-0.3375406265258789
2025-07-29,2025-08-15,5.8,6.7441025,-0.9441024780273439
2025-07-29,2025-08-16,6.1000000000000005,8.1350565,-2.0350564956665034
2025-07-29,2025-08-17,4.3,6.6863556,-2.3863555908203127
2025-07-29,2025-08-18,3.4,7.976066,-4.57606611251831
2025-07-29,2025-08-19,5.699999999999999,6.0114045,-0.31140451431274485
2025-07-29,2025-08-20,4.0,7.3418465,-3.341846466064453
2025-07-29,2025-08-21,3.3,7.7548046,-4.454804611206055
2025-07-29,2025-08-22,5.1,7.306087,-2.2060870170593265
2025-07-29,2025-08-23,6.1000000000000005,8.31763,-2.2176298141479487
2025-07-29,2025-08-24,1.8,6.4687033,-4.668703269958496
2025-07-29,2025-08-25,6.2,8.2937355,-2.0937355041503904
2025-07-29,2025-08-26,7.3,7.5922775,-0.2922775268554689
2025-07-29,2025-08-27,5.9,8.100257,-2.2002569198608395
2025-07-29,2025-08-28,3.6,7.333159,-3.7331589698791503
2025-07-30,2025-07-31,6.500000000000001,7.288724,-0.7887239456176749
2025-07-30,2025-08-01,3.7,8.39479,-4.694789695739746
2025-07-30,2025-08-02,4.9,7.7779493,-2.8779493331909176
2025-07-30,2025-08-03,6.1000000000000005,7.5009203,-1.4009202957153315
2025-07-30,2025-08-04,4.7,6.6253343,-1.9253342628479002
2025-07-30,2025-08-05,4.7,6.850761,-2.1507609367370604
2025-07-30,2025-08-06,6.3,7.667617,-1.3676168441772463
2025-07-30,2025-08-07,6.500000000000001,8.766363,-2.2663631439208975
2025-07-30,2025-08-08,7.4,8.450504,-1.0505043029785153
2025-07-30,2025-08-09,5.6,8.615923,-3.0159229278564457
2025-07-30,2025-08-10,11.8,8.952709,2.847290802001954
2025-07-30,2025-08-11,13.1,6.9007387,6.199261283874511
2025-07-30,2025-08-12,13.4,8.062233,5.337767028808594
2025-07-30,2025-08-13,16.8,7.4111953,9.388804721832276
2025-07-30,2025-08-14,7.0,7.630825,-0.6308250427246094
2025-07-30,2025-08-15,5.8,7.270802,-1.4708020210266115
2025-07-30,2025-08-16,6.1000000000000005,6.74516,-0.6451601028442377
2025-07-30,2025-08-17,4.3,8.206931,-3.9069311141967775
2025-07-30,2025-08-18,3.4,6.640587,-3.240586853027344
2025-07-30,2025-08-19,5.699999999999999,7.932467,-2.2324669837951667
2025-07-30,2025-08-20,4.0,5.91328,-1.9132800102233887
2025-07-30,2025-08-21,3.3,7.472441,-4.172441196441651
2025-07-30,2025-08-22,5.1,7.8409376,-2.7409376144409183
2025-07-30,2025-08-23,6.1000000000000005,7.184927,-1.0849269866943354
2025-07-30,2025-08-24,1.8,8.2823715,-6.482371520996094
2025-07-30,2025-08-25,6.2,6.336815,-0.13681488037109357
2025-07-30,2025-08-26,7.3,8.27132,-0.9713203430175783
2025-07-30,2025-08-27,5.9,7.5771985,-1.677198505401611
2025-07-30,2025-08-28,3.6,8.030183,-4.430182838439942
2025-07-30,2025-08-29,4.9,7.339733,-2.4397331237792965
2025-07-31,2025-08-01,3.7,7.341825,-3.641825008392334
2025-07-31,2025-08-02,4.9,8.399731,-3.4997306823730465
2025-07-31,2025-08-03,6.1000000000000005,7.9090242,-1.8090242385864252
2025-07-31,2025-08-04,4.7,7.374856,-2.6748559951782225
2025-07-31,2025-08-05,4.7,6.8745785,-2.1745784759521483
2025-07-31,2025-08-06,6.3,7.020954,-0.7209541320800783
2025-07-31,2025-08-07,6.500000000000001,7.6448245,-1.144824504852294
2025-07-31,2025-08-08,7.4,8.823381,-1.423381423950195
2025-07-31,2025-08-09,5.6,8.497815,-2.8978151321411136
2025-07-31,2025-08-10,11.8,8.667277,3.1327226638793952
2025-07-31,2025-08-11,13.1,8.9664755,4.1335245132446286
2025-07-31,2025-08-12,13.4,6.7739196,6.626080417633057
2025-07-31,2025-08-13,16.8,8.060331,8.739668655395509
2025-07-31,2025-08-14,7.0,7.542194,-0.5421938896179199
2025-07-31,2025-08-15,5.8,7.658157,-1.8581568717956545
2025-07-31,2025-08-16,6.1000000000000005,7.2043347,-1.1043347358703608
2025-07-31,2025-08-17,4.3,6.717692,-2.4176918983459474
2025-07-31,2025-08-18,3.4,8.278147,-4.878146743774414
2025-07-31,2025-08-19,5.699999999999999,6.581479,-0.8814790725708015
2025-07-31,2025-08-20,4.0,7.8697686,-3.8697686195373535
2025-07-31,2025-08-21,3.3,5.8918104,-2.591810417175293
2025-07-31,2025-08-22,5.1,7.5772805,-2.4772805213928226
2025-07-31,2025-08-23,6.1000000000000005,7.9288907,-1.828890705108642
2025-07-31,2025-08-24,1.8,6.97914,-5.179139804840088
2025-07-31,2025-08-25,6.2,8.309075,-2.109075355529785
2025-07-31,2025-08-26,7.3,6.20183,1.0981700897216795
2025-07-31,2025-08-27,5.9,8.341174,-2.4411741256713864
2025-07-31,2025-08-28,3.6,7.5498605,-3.9498604774475097
2025-07-31,2025-08-29,4.9,7.89598,-2.9959798812866207
2025-07-31,2025-08-30,3.8,7.302862,-3.5028621673583986
2025-08-01,2025-08-02,4.9,7.36832,-2.468319988250732
2025-08-01,2025-08-03,6.1000000000000005,8.454382,-2.354381942749023
2025-08-01,2025-08-04,4.7,7.885903,-3.1859028816223143
2025-08-01,2025-08-05,4.7,7.253037,-2.5530369758605955
2025-08-01,2025-08-06,6.3,6.8904943,-0.5904943466186525
2025-08-01,2025-08-07,6.500000000000001,6.9781423,-0.47814226150512606
2025-08-01,2025-08-08,7.4,7.6672645,-0.26726446151733363
2025-08-01,2025-08-09,5.6,8.7259445,-3.125944519042969
2025-08-01,2025-08-10,11.8,8.617374,3.182625579833985
2025-08-01,2025-08-11,13.1,8.444856,4.655144309997558
2025-08-01,2025-08-12,13.4,9.068766,4.331234359741211
2025-08-01,2025-08-13,16.8,6.597586,10.202413845062257
2025-08-01,2025-08-14,7.0,8.088035,-1.0880346298217773
2025-08-01,2025-08-15,5.8,7.5670166,-1.7670166015625002
2025-08-01,2025-08-16,6.1000000000000005,7.630087,-1.5300868988037104
2025-08-01,2025-08-17,4.3,7.0258636,-2.7258636474609377
2025-08-01,2025-08-18,3.4,6.7515306,-3.351530647277832
2025-08-01,2025-08-19,5.699999999999999,8.280445,-2.580445098876954
2025-08-01,2025-08-20,4.0,6.5818415,-2.581841468811035
2025-08-01,2025-08-21,3.3,7.8908567,-4.590856742858887
2025-08-01,2025-08-22,5.1,5.969461,-0.8694609642028812
2025-08-01,2025-08-23,6.1000000000000005,7.6729527,-1.5729526519775385
2025-08-01,2025-08-24,1.8,8.116459,-6.316458892822266
2025-08-01,2025-08-25,6.2,6.770538,-0.5705378532409666
2025-08-01,2025-08-26,7.3,8.501813,-1.2018129348754885
2025-08-01,2025-08-27,5.9,6.0837026,-0.1837025642395016
2025-08-01,2025-08-28,3.6,8.310948,-4.710948371887207
2025-08-01,2025-08-29,4.9,7.5172405,-2.617240524291992
2025-08-01,2025-08-30,3.8,8.069072,-4.269071769714356
2025-08-01,2025-08-31,4.6,7.2320337,-2.632033729553223
2025-08-02,2025-08-03,6.1000000000000005,7.197266,-1.0972661018371577
2025-08-02,2025-08-04,4.7,8.44978,-3.749780464172363
2025-08-02,2025-08-05,4.7,7.630256,-2.930256175994873
2025-08-02,2025-08-06,6.3,7.153874,-0.853873920440674
2025-08-02,2025-08-07,6.500000000000001,6.737797,-0.23779678344726474
2025-08-02,2025-08-08,7.4,6.8756833,0.5243166923522953
2025-08-02,2025-08-09,5.6,7.6930456,-2.0930456161499027
2025-08-02,2025-08-10,11.8,8.476138,3.3238618850708015
2025-08-02,2025-08-11,13.1,8.527087,4.572912788391113
2025-08-02,2025-08-12,13.4,8.3755865,5.0244134902954105
2025-08-02,2025-08-13,16.8,9.046737,7.75326328277588
2025-08-02,2025-08-14,7.0,6.722406,0.27759408950805664
2025-08-02,2025-08-15,5.8,8.033996,-2.2339956283569338
2025-08-02,2025-08-16,6.1000000000000005,7.355558,-1.2555579185485835
2025-08-02,2025-08-17,4.3,7.5887446,-3.288744640350342
2025-08-02,2025-08-18,3.4,7.0196447,-3.6196447372436524
2025-08-02,2025-08-19,5.699999999999999,6.7563853,-1.0563853263854988
2025-08-02,2025-08-20,4.0,8.305684,-4.3056840896606445
2025-08-02,2025-08-21,3.3,6.680877,-3.380877208709717
2025-08-02,2025-08-22,5.1,8.001464,-2.901463890075684
2025-08-02,2025-08-23,6.1000000000000005,6.10267,-0.0026701927185053265
2025-08-02,2025-08-24,1.8,7.480907,-5.680906963348389
2025-08-02,2025-08-25,6.2,7.91398,-1.7139800071716307
2025-08-02,2025-08-26,7.3,6.8652506,0.4347494125366209
2025-08-02,2025-08-27,5.9,8.648136,-2.7481361389160153
2025-08-02,2025-08-28,3.6,6.2410655,-2.641065502166748
2025-08-02,2025-08-29,4.9,8.198552,-3.2985521316528317
2025-08-02,2025-08-30,3.8,7.494175,-3.694174957275391
2025-08-02,2025-08-31,4.6,8.304069,-3.7040685653686527
2025-08-02,2025-09-01,4.6,7.245564,-2.6455639839172367
2025-08-03,2025-08-04,4.7,7.0377865,-2.3377864837646483
2025-08-03,2025-08-05,4.7,8.427793,-3.7277925491333006
2025-08-03,2025-08-06,6.3,7.411455,-1.1114551544189455
2025-08-03,2025-08-07,6.500000000000001,7.1251802,-0.6251802444457999
2025-08-03,2025-08-08,7.4,6.5867977,0.8132022857666019
2025-08-03,2025-08-09,5.6,6.758988,-1.158987903594971
2025-08-03,2025-08-10,11.8,7.7937746,4.006225395202637
2025-08-03,2025-08-11,13.1,8.197791,4.90220890045166
2025-08-03,2025-08-12,13.4,8.385342,5.014658355712891
2025-08-03,2025-08-13,16.8,8.366716,8.433283615112305
2025-08-03,2025-08-14,7.0,9.001644,-2.0016441345214844
2025-08-03,2025-08-15,5.8,6.81378,-1.0137798309326174
2025-08-03,2025-08-16,6.1000000000000005,8.038117,-1.9381174087524409
2025-08-03,2025-08-17,4.3,7.1523547,-2.852354717254639
2025-08-03,2025-08-18,3.4,7.5217066,-4.121706581115722
2025-08-03,2025-08-19,5.699999999999999,6.9612527,-1.261252689361573
2025-08-03,2025-08-20,4.0,6.758735,-2.758735179901123
2025-08-03,2025-08-21,3.3,8.398136,-5.098136138916016
2025-08-03,2025-08-22,5.1,6.761968,-1.6619681358337406
2025-08-03,2025-08-23,6.1000000000000005,8.058946,-1.9589456558227534
2025-08-03,2025-08-24,1.8,6.21187,-4.4118701934814455
2025-08-03,2025-08-25,6.2,7.3494754,-1.1494753837585447
2025-08-03,2025-08-26,7.3,7.8048215,-0.5048214912414553
2025-08-03,2025-08-27,5.9,7.072918,-1.1729179382324215
2025-08-03,2025-08-28,3.6,8.706974,-5.106974029541016
2025-08-03,2025-08-29,4.9,6.3886766,-1.4886766433715817
2025-08-03,2025-08-30,3.8,8.093336,-4.29333610534668
2025-08-03,2025-08-31,4.6,7.5445867,-2.9445866584777836
2025-08-03,2025-09-01,4.6,8.4860935,-3.8860935211181644
2025-08-03,2025-09-02,4.3,7.2730365,-2.9730364799499513
2025-08-04,2025-08-05,4.7,7.0680804,-2.368080425262451
2025-08-04,2025-08-06,6.3,8.361215,-2.061214637756348
2025-08-04,2025-08-07,6.500000000000001,7.3822074,-0.8822073936462393
2025-08-04,2025-08-08,7.4,7.3242555,0.07574453353881871
2025-08-04,2025-08-09,5.6,6.311291,-0.7112912178039554
2025-08-04,2025-08-10,11.8,6.750408,5.049591827392579
2025-08-04,2025-08-11,13.1,7.8255477,5.2744523048400875
2025-08-04,2025-08-12,13.4,8.260013,5.139987373352051
2025-08-04,2025-08-13,16.8,8.442362,8.357638168334962
2025-08-04,2025-08-14,7.0,8.272992,-1.2729921340942383
2025-08-04,2025-08-15,5.8,9.209907,-3.409906578063965
2025-08-04,2025-08-16,6.1000000000000005,6.865721,-0.7657212257385249
2025-08-04,2025-08-17,4.3,8.142131,-3.8421308517456056
2025-08-04,2025-08-18,3.4,7.3665004,-3.9665003776550294
2025-08-04,2025-08-19,5.699999999999999,7.480984,-1.7809842109680183
2025-08-04,2025-08-20,4.0,6.8060665,-2.8060665130615234
2025-08-04,2025-08-21,3.3,6.728416,-3.4284159660339357
2025-08-04,2025-08-22,5.1,8.378466,-3.2784656524658207
2025-08-04,2025-08-23,6.1000000000000005,6.7908573,-0.690857315063476
2025-08-04,2025-08-24,1.8,8.00342,-6.203419876098633
2025-08-04,2025-08-25,6.2,6.206455,-0.006455230712890447
2025-08-04,2025-08-26,7.3,7.321049,-0.021049213409424006
2025-08-04,2025-08-27,5.9,7.9837527,-2.0837527275085446
2025-08-04,2025-08-28,3.6,7.228568,-3.6285680770874023
2025-08-04,2025-08-29,4.9,8.60561,-3.7056098937988278
2025-08-04,2025-08-30,3.8,6.407016,-2.6070158004760744
2025-08-04,2025-08-31,4.6,8.056366,-3.4563659667968754
2025-08-04,2025-09-01,4.6,7.678542,-3.0785421371459964
2025-08-04,2025-09-02,4.3,8.714011,-4.4140111923217775
2025-08-04,2025-09-03,4.3,7.248201,-2.9482008934021
2025-08-05,2025-08-06,6.3,7.215136,-0.9151360511779787
2025-08-05,2025-08-07,6.500000000000001,8.328334,-1.828333854675292
2025-08-05,2025-08-08,7.4,7.317074,0.08292617797851598
2025-08-05,2025-08-09,5.6,7.299519,-1.6995190620422367
2025-08-05,2025-08-10,11.8,6.2516174,5.548382568359376
2025-08-05,2025-08-11,13.1,6.6064854,6.493514633178711
2025-08-05,2025-08-12,13.4,7.7865763,5.6134237289428714
2025-08-05,2025-08-13,16.8,8.156784,8.643215942382813
2025-08-05,2025-08-14,7.0,8.546609,-1.5466089248657227
2025-08-05,2025-08-15,5.8,8.128049,-2.328048896789551
2025-08-05,2025-08-16,6.1000000000000005,9.370102,-3.270101928710937
2025-08-05,2025-08-17,4.3,6.9315424,-2.6315423965454103
2025-08-05,2025-08-18,3.4,8.304868,-4.9048677444458
2025-08-05,2025-08-19,5.699999999999999,7.470073,-1.7700732231140144
2025-08-05,2025-08-20,4.0,7.3052,-3.3052000999450684
2025-08-05,2025-08-21,3.3,6.6962643,-3.3962642669677736
2025-08-05,2025-08-22,5.1,6.838999,-1.7389987945556644
2025-08-05,2025-08-23,6.1000000000000005,8.4514675,-2.3514675140380854
2025-08-05,2025-08-24,1.8,6.862632,-5.0626317977905275
2025-08-05,2025-08-25,6.2,8.0072775,-1.807277488708496
2025-08-05,2025-08-26,7.3,6.0735273,1.2264726638793944
2025-08-05,2025-08-27,5.9,7.406267,-1.506267166137695
2025-08-05,2025-08-28,3.6,8.149129,-4.549128913879395
2025-08-05,2025-08-29,4.9,7.3951187,-2.495118713378906
2025-08-05,2025-08-30,3.8,8.538228,-4.738228034973145
2025-08-05,2025-08-31,4.6,6.3501425,-1.7501424789428714
2025-08-05,2025-09-01,4.6,7.9047804,-3.3047803878784183
2025-08-05,2025-09-02,4.3,7.8203216,-3.520321559906006
2025-08-05,2025-09-03,4.3,9.012291,-4.712290954589844
2025-08-05,2025-09-04,6.4,7.308939,-0.9089389801025387
2025-08-06,2025-08-07,6.500000000000001,7.321305,-0.8213047981262198
2025-08-06,2025-08-08,7.4,8.397791,-0.9977909088134762
2025-08-06,2025-08-09,5.6,7.2268515,-1.6268514633178714
2025-08-06,2025-08-10,11.8,7.1075325,4.692467498779298
2025-08-06,2025-08-11,13.1,6.3123174,6.787682628631591
2025-08-06,2025-08-12,13.4,6.465378,6.934622192382813
2025-08-06,2025-08-13,16.8,7.6627073,9.137292671203614
2025-08-06,2025-08-14,7.0,8.149267,-1.1492671966552734
2025-08-06,2025-08-15,5.8,8.72585,-2.9258501052856447
2025-08-06,2025-08-16,6.1000000000000005,7.946615,-1.8466152191162104
2025-08-06,2025-08-17,4.3,9.474021,-5.1740209579467775
2025-08-06,2025-08-18,3.4,6.9826303,-3.582630252838135
2025-08-06,2025-08-19,5.699999999999999,8.386944,-2.6869438171386726
2025-08-06,2025-08-20,4.0,7.513251,-3.5132508277893066
2025-08-06,2025-08-21,3.3,7.109073,-3.8090731620788576
2025-08-06,2025-08-22,5.1,6.59808,-1.498080158233643
2025-08-06,2025-08-23,6.1000000000000005,6.9134483,-0.8134483337402338
2025-08-06,2025-08-24,1.8,8.584664,-6.784664344787598
2025-08-06,2025-08-25,6.2,6.944188,-0.7441881179809569
2025-08-06,2025-08-26,7.3,8.056595,-0.7565948486328127
2025-08-06,2025-08-27,5.9,5.982751,-0.0827508926391598
2025-08-06,2025-08-28,3.6,7.516264,-3.916263961791992
2025-08-06,2025-08-29,4.9,8.249212,-3.349212265014648
2025-08-06,2025-08-30,3.8,7.40549,-3.6054899215698244
2025-08-06,2025-08-31,4.6,8.583237,-3.983236694335938
2025-08-06,2025-09-01,4.6,6.273965,-1.673964881896973
2025-08-06,2025-09-02,4.3,7.7661147,-3.466114711761475
2025-08-06,2025-09-03,4.3,7.928017,-3.6280171394348146
2025-08-06,2025-09-04,6.4,9.162489,-2.7624889373779293
2025-08-06,2025-09-05,6.3,7.392606,-1.092605781555176
2025-08-07,2025-08-08,7.4,7.4554415,-0.055441474914550426
2025-08-07,2025-08-09,5.6,8.421533,-2.8215326309204105
2025-08-07,2025-08-10,11.8,7.145195,4.654804992675782
2025-08-07,2025-08-11,13.1,6.8994694,6.200530624389648
2025-08-07,2025-08-12,13.4,6.384703,7.015296840667725
2025-08-07,2025-08-13,16.8,6.4584656,10.341534423828126
2025-08-07,2025-08-14,7.0,7.5348516,-0.5348515510559082
2025-08-07,2025-08-15,5.8,8.032886,-2.232885551452637
2025-08-07,2025-08-16,6.1000000000000005,8.830371,-2.730370903015136
2025-08-07,2025-08-17,4.3,7.7882247,-3.4882246971130373
2025-08-07,2025-08-18,3.4,9.530638,-6.130637741088867
2025-08-07,2025-08-19,5.699999999999999,6.950349,-1.2503488540649421
2025-08-07,2025-08-20,4.0,8.445458,-4.44545841217041
2025-08-07,2025-08-21,3.3,7.5097303,-4.209730339050293
2025-08-07,2025-08-22,5.1,6.943007,-1.8430069923400882
2025-08-07,2025-08-23,6.1000000000000005,6.5743804,-0.4743803977966303
2025-08-07,2025-08-24,1.8,7.061697,-5.261697006225586
2025-08-07,2025-08-25,6.2,8.6696415,-2.4696414947509764
2025-08-07,2025-08-26,7.3,6.973369,0.32663087844848615
2025-08-07,2025-08-27,5.9,8.035978,-2.135978317260742
2025-08-07,2025-08-28,3.6,5.9142547,-2.3142546653747558
2025-08-07,2025-08-29,4.9,7.5964947,-2.696494674682617
2025-08-07,2025-08-30,3.8,8.402924,-4.602923583984375
2025-08-07,2025-08-31,4.6,7.37568,-2.775679969787598
2025-08-07,2025-09-01,4.6,8.668157,-4.068156623840332
2025-08-07,2025-09-02,4.3,6.233942,-1.9339420318603517
2025-08-07,2025-09-03,4.3,7.6614647,-3.3614646911621096
2025-08-07,2025-09-04,6.4,8.014105,-1.614104843139648
2025-08-07,2025-09-05,6.3,9.304261,-3.0042612075805666
2025-08-07,2025-09-06,6.2,7.497806,-1.2978060722351072
2025-08-08,2025-08-09,5.6,7.4338365,-1.8338364601135257
2025-08-08,2025-08-10,11.8,8.471871,3.328128623962403
2025-08-08,2025-08-11,13.1,7.015628,6.08437213897705
2025-08-08,2025-08-12,13.4,6.741587,6.658412837982178
2025-08-08,2025-08-13,16.8,6.3944745,10.405525493621827
2025-08-08,2025-08-14,7.0,6.419379,0.5806207656860352
2025-08-08,2025-08-15,5.8,7.487936,-1.6879360198974611
2025-08-08,2025-08-16,6.1000000000000005,7.960723,-1.860722923278808
2025-08-08,2025-08-17,4.3,8.928337,-4.628337097167969
2025-08-08,2025-08-18,3.4,7.6730523,-4.273052310943603
2025-08-08,2025-08-19,5.699999999999999,9.538072,-3.8380716323852546
2025-08-08,2025-08-20,4.0,6.968411,-2.9684109687805176
2025-08-08,2025-08-21,3.3,8.375446,-5.075446319580078
2025-08-08,2025-08-22,5.1,7.4270525,-2.32705249786377
2025-08-08,2025-08-23,6.1000000000000005,6.8788657,-0.7788657188415522
2025-08-08,2025-08-24,1.8,6.541015,-4.741015148162842
2025-08-08,2025-08-25,6.2,7.098933,-0.8989332199096678
2025-08-08,2025-08-26,7.3,8.693423,-1.3934232711791994
2025-08-08,2025-08-27,5.9,6.9950137,-1.0950137138366696
2025-08-08,2025-08-28,3.6,8.086,-4.486000442504883
2025-08-08,2025-08-29,4.9,5.913574,-1.0135742187499996
2025-08-08,2025-08-30,3.8,7.5010185,-3.701018524169922
2025-08-08,2025-08-31,4.6,8.352408,-3.7524084091186527
2025-08-08,2025-09-01,4.6,7.316042,-2.716041946411133
2025-08-08,2025-09-02,4.3,8.79348,-4.493479919433594
2025-08-08,2025-09-03,4.3,6.2827883,-1.9827882766723635
2025-08-08,2025-09-04,6.4,7.613677,-1.2136770248413082
2025-08-08,2025-09-05,6.3,8.052813,-1.7528125762939455
2025-08-08,2025-09-06,6.2,9.401352,-3.2013519287109373
2025-08-08,2025-09-07,5.9,7.580704,-1.6807042121887203
2025-08-09,2025-08-10,11.8,7.2354207,4.564579296112061
2025-08-09,2025-08-11,13.1,8.51305,4.5869499206542965
2025-08-09,2025-08-12,13.4,6.8097196,6.590280437469483
2025-08-09,2025-08-13,16.8,6.6989727,10.101027297973634
2025-08-09,2025-08-14,7.0,6.2996035,0.7003965377807617
2025-08-09,2025-08-15,5.8,6.343552,-0.5435521125793459
2025-08-09,2025-08-16,6.1000000000000005,7.4530797,-1.3530797004699702
2025-08-09,2025-08-17,4.3,7.7363987,-3.4363986968994142
2025-08-09,2025-08-18,3.4,8.811806,-5.411805725097656
2025-08-09,2025-08-19,5.699999999999999,7.767825,-2.06782512664795
2025-08-09,2025-08-20,4.0,9.327565,-5.3275651931762695
2025-08-09,2025-08-21,3.3,7.1783,-3.878299903869629
2025-08-09,2025-08-22,5.1,8.265951,-3.1659511566162113
2025-08-09,2025-08-23,6.1000000000000005,7.212628,-1.1126278877258295
2025-08-09,2025-08-24,1.8,6.845013,-5.04501314163208
2025-08-09,2025-08-25,6.2,6.6179595,-0.4179594993591307
2025-08-09,2025-08-26,7.3,7.123108,0.17689208984374982
2025-08-09,2025-08-27,5.9,8.701361,-2.801360702514648
2025-08-09,2025-08-28,3.6,7.0145135,-3.4145134925842284
2025-08-09,2025-08-29,4.9,8.100307,-3.200307464599609
2025-08-09,2025-08-30,3.8,5.9862013,-2.186201286315918
2025-08-09,2025-08-31,4.6,7.3248396,-2.724839591979981
2025-08-09,2025-09-01,4.6,8.102926,-3.5029262542724613
2025-08-09,2025-09-02,4.3,7.529068,-3.2290679931640627
2025-08-09,2025-09-03,4.3,8.861044,-4.561043930053711
2025-08-09,2025-09-04,6.4,6.478105,-0.07810506820678675
2025-08-09,2025-09-05,6.3,7.467114,-1.1671139717102053
2025-08-09,2025-09-06,6.2,8.115082,-1.9150817871093748
2025-08-09,2025-09-07,5.9,9.502156,-3.602156257629394
2025-08-09,2025-09-08,5.2,7.710139,-2.5101387977600096
2025-08-10,2025-08-11,13.1,7.008661,6.091339206695556
2025-08-10,2025-08-12,13.4,8.610469,4.789531135559082
2025-08-10,2025-08-13,16.8,6.635915,10.164085197448731
2025-08-10,2025-08-14,7.0,6.7429204,0.2570796012878418
2025-08-10,2025-08-15,5.8,6.2064457,-0.40644569396972674
2025-08-10,2025-08-16,6.1000000000000005,6.1878586,-0.08785858154296822
2025-08-10,2025-08-17,4.3,7.5279655,-3.227965545654297
2025-08-10,2025-08-18,3.4,7.67266,-4.272659873962402
2025-08-10,2025-08-19,5.699999999999999,8.753096,-3.0530956268310554
2025-08-10,2025-08-20,4.0,7.8542867,-3.8542866706848145
2025-08-10,2025-08-21,3.3,9.208311,-5.908311080932617
2025-08-10,2025-08-22,5.1,7.334367,-2.2343667984008793
2025-08-10,2025-08-23,6.1000000000000005,8.11464,-2.0146402359008784
2025-08-10,2025-08-24,1.8,6.9879985,-5.187998485565186
2025-08-10,2025-08-25,6.2,6.860689,-0.6606891632080076
2025-08-10,2025-08-26,7.3,6.5888624,0.7111375808715819
2025-08-10,2025-08-27,5.9,7.0116134,-1.1116133689880368
2025-08-10,2025-08-28,3.6,8.758811,-5.158810997009278
2025-08-10,2025-08-29,4.9,7.0577965,-2.157796478271484
2025-08-10,2025-08-30,3.8,8.177747,-4.3777467727661135
2025-08-10,2025-08-31,4.6,6.063522,-1.4635218620300297
2025-08-10,2025-09-01,4.6,7.1093483,-2.509348297119141
2025-08-10,2025-09-02,4.3,7.8128185,-3.51281852722168
2025-08-10,2025-09-03,4.3,7.6938977,-3.3938977241516115
2025-08-10,2025-09-04,6.4,8.899385,-2.4993854522705075
2025-08-10,2025-09-05,6.3,6.606394,-0.30639381408691424
2025-08-10,2025-09-06,6.2,7.389138,-1.1891382217407225
2025-08-10,2025-09-07,5.9,8.146786,-2.246785736083984
2025-08-10,2025-09-08,5.2,9.472981,-4.272981452941894
2025-08-10,2025-09-09,5.6,7.7437463,-2.1437462806701664
2025-08-11,2025-08-12,13.4,6.927115,6.472885036468506
2025-08-11,2025-08-13,16.8,8.709659,8.090341377258301
2025-08-11,2025-08-14,7.0,6.636594,0.3634061813354492
2025-08-11,2025-08-15,5.8,6.913449,-1.1134488105773928
2025-08-11,2025-08-16,6.1000000000000005,6.036374,0.06362590789794975
2025-08-11,2025-08-17,4.3,6.1009245,-1.8009244918823244
2025-08-11,2025-08-18,3.4,7.5126495,-4.112649536132812
2025-08-11,2025-08-19,5.699999999999999,7.9083776,-2.208377647399903
2025-08-11,2025-08-20,4.0,8.967005,-4.967004776000977
2025-08-11,2025-08-21,3.3,7.8321266,-4.532126617431641
2025-08-11,2025-08-22,5.1,9.372762,-4.272761726379395
2025-08-11,2025-08-23,6.1000000000000005,7.4153075,-1.3153075218200678
2025-08-11,2025-08-24,1.8,8.031074,-6.231073570251465
2025-08-11,2025-08-25,6.2,7.1534348,-0.9534347534179686
2025-08-11,2025-08-26,7.3,6.8682547,0.43174533843994123
2025-08-11,2025-08-27,5.9,6.345959,-0.4459591865539547
2025-08-11,2025-08-28,3.6,6.831779,-3.2317790031433105
2025-08-11,2025-08-29,4.9,8.787016,-3.887015914916992
2025-08-11,2025-08-30,3.8,7.043752,-3.243752193450928
2025-08-11,2025-08-31,4.6,8.1411085,-3.5411085128784183
2025-08-11,2025-09-01,4.6,6.0596943,-1.4596942901611332
2025-08-11,2025-09-02,4.3,7.0350842,-2.7350842475891115
2025-08-11,2025-09-03,4.3,7.8167453,-3.5167452812194826
2025-08-11,2025-09-04,6.4,7.655903,-1.2559028625488278
2025-08-11,2025-09-05,6.3,8.917713,-2.6177131652832033
2025-08-11,2025-09-06,6.2,6.623932,-0.4239318847656248
2025-08-11,2025-09-07,5.9,7.4059134,-1.5059133529663082
2025-08-11,2025-09-08,5.2,8.233416,-3.033415603637695
2025-08-11,2025-09-09,5.6,9.357402,-3.757401847839356
2025-08-11,2025-09-10,4.9,7.758188,-2.8581877708435055
2025-08-12,2025-08-13,16.8,7.022563,9.777437019348145
2025-08-12,2025-08-14,7.0,8.74268,-1.7426795959472656
2025-08-12,2025-08-15,5.8,6.6510906,-0.8510906219482424
2025-08-12,2025-08-16,6.1000000000000005,6.8094387,-0.7094387054443354
2025-08-12,2025-08-17,4.3,6.076057,-1.7760569572448732
2025-08-12,2025-08-18,3.4,5.980093,-2.580093002319336
2025-08-12,2025-08-19,5.699999999999999,7.38223,-1.6822298049926765
2025-08-12,2025-08-20,4.0,7.893484,-3.893484115600586
2025-08-12,2025-08-21,3.3,9.110214,-5.810214233398438
2025-08-12,2025-08-22,5.1,7.7653646,-2.6653646469116214
2025-08-12,2025-08-23,6.1000000000000005,9.454174,-3.3541740417480463
2025-08-12,2025-08-24,1.8,7.4758196,-5.67581958770752
2025-08-12,2025-08-25,6.2,8.104697,-1.9046972274780272
2025-08-12,2025-08-26,7.3,7.2074666,0.09253339767456037
2025-08-12,2025-08-27,5.9,6.691246,-0.7912460327148434
2025-08-12,2025-08-28,3.6,6.195763,-2.595763111114502
2025-08-12,2025-08-29,4.9,6.8505816,-1.9505816459655758
2025-08-12,2025-08-30,3.8,8.874532,-5.074531745910645
2025-08-12,2025-08-31,4.6,7.072583,-2.4725831985473636
2025-08-12,2025-09-01,4.6,8.119394,-3.5193943023681644
2025-08-12,2025-09-02,4.3,5.947842,-1.6478421211242678
2025-08-12,2025-09-03,4.3,7.168454,-2.868454170227051
2025-08-12,2025-09-04,6.4,7.9741063,-1.5741063117980953
2025-08-12,2025-09-05,6.3,7.6436515,-1.3436514854431154
2025-08-12,2025-09-06,6.2,8.961256,-2.7612560272216795
2025-08-12,2025-09-07,5.9,6.5889115,-0.6889115333557125
2025-08-12,2025-09-08,5.2,7.3571796,-2.1571796417236326
2025-08-12,2025-09-09,5.6,8.33545,-2.7354501724243168
2025-08-12,2025-09-10,4.9,9.292447,-4.392447090148925
2025-08-12,2025-09-11,5.1,7.872572,-2.77257194519043
2025-08-13,2025-08-14,7.0,7.1627645,-0.1627645492553711
2025-08-13,2025-08-15,5.8,8.783076,-2.983076286315918
2025-08-13,2025-08-16,6.1000000000000005,6.734646,-0.6346458435058588
2025-08-13,2025-08-17,4.3,6.6510925,-2.351092529296875
2025-08-13,2025-08-18,3.4,6.1917925,-2.7917924880981446
2025-08-13,2025-08-19,5.699999999999999,6.0202885,-0.3202884674072273
2025-08-13,2025-08-20,4.0,7.257918,-3.257917881011963
2025-08-13,2025-08-21,3.3,7.8582573,-4.558257293701172
2025-08-13,2025-08-22,5.1,9.159313,-4.059313201904297
2025-08-13,2025-08-23,6.1000000000000005,7.6969714,-1.5969714164733881
2025-08-13,2025-08-24,1.8,9.417321,-7.61732120513916
2025-08-13,2025-08-25,6.2,7.411486,-1.2114861488342283
2025-08-13,2025-08-26,7.3,8.192903,-0.8929025650024416
2025-08-13,2025-08-27,5.9,7.2233853,-1.3233853340148922
2025-08-13,2025-08-28,3.6,6.512917,-2.9129170417785644
2025-08-13,2025-08-29,4.9,6.185148,-1.2851477622985836
2025-08-13,2025-08-30,3.8,6.914449,-3.114449214935303
2025-08-13,2025-08-31,4.6,8.8965025,-4.296502494812012
2025-08-13,2025-09-01,4.6,7.064825,-2.464825057983399
2025-08-13,2025-09-02,4.3,8.075731,-3.7757312774658205
2025-08-13,2025-09-03,4.3,5.8659244,-1.56592435836792
2025-08-13,2025-09-04,6.4,7.4125843,-1.01258430480957
2025-08-13,2025-09-05,6.3,8.24204,-1.9420396804809572
2025-08-13,2025-09-06,6.2,7.5833883,-1.383388328552246
2025-08-13,2025-09-07,5.9,9.02531,-3.125309562683105
2025-08-13,2025-09-08,5.2,6.481113,-1.2811129570007322
2025-08-13,2025-09-09,5.6,7.358334,-1.758334064483643
2025-08-13,2025-09-10,4.9,8.40914,-3.5091396331787106
2025-08-13,2025-09-11,5.1,9.209426,-4.1094259262084964
2025-08-13,2025-09-12,5.8,7.9215617,-2.1215617179870607
2025-08-14,2025-08-15,5.8,7.267287,-1.467286777496338
2025-08-14,2025-08-16,6.1000000000000005,8.759515,-2.6595148086547846
2025-08-14,2025-08-17,4.3,6.724191,-2.424191188812256
2025-08-14,2025-08-18,3.4,6.522273,-3.122273063659668
2025-08-14,2025-08-19,5.699999999999999,6.257956,-0.5579560279846199
2025-08-14,2025-08-20,4.0,6.110978,-2.110978126525879
2025-08-14,2025-08-21,3.3,7.136893,-3.8368927955627443
2025-08-14,2025-08-22,5.1,7.8114247,-2.7114247322082523
2025-08-14,2025-08-23,6.1000000000000005,9.213126,-3.113126182556152
2025-08-14,2025-08-24,1.8,7.5977077,-5.797707748413086
2025-08-14,2025-08-25,6.2,9.404111,-3.2041109085083006
2025-08-14,2025-08-26,7.3,7.3609715,-0.06097145080566424
2025-08-14,2025-08-27,5.9,8.217648,-2.317647552490234
2025-08-14,2025-08-28,3.6,7.215246,-3.6152462005615233
2025-08-14,2025-08-29,4.9,6.4287324,-1.5287323951721188
2025-08-14,2025-08-30,3.8,6.272788,-2.4727880477905275
2025-08-14,2025-08-31,4.6,7.0290575,-2.4290575027465824
2025-08-14,2025-09-01,4.6,8.8569,-4.256900215148926
2025-08-14,2025-09-02,4.3,7.04763,-2.7476298332214357
2025-08-14,2025-09-03,4.3,8.040672,-3.740672302246094
2025-08-14,2025-09-04,6.4,5.799071,0.600929164886475
2025-08-14,2025-09-05,6.3,7.5196285,-1.2196285247802736
2025-08-14,2025-09-06,6.2,8.383313,-2.183313179016113
2025-08-14,2025-09-07,5.9,7.49821,-1.5982099533081051
2025-08-14,2025-09-08,5.2,9.0985,-3.8985002517700194
2025-08-14,2025-09-09,5.6,6.5211296,-0.9211296081542972
2025-08-14,2025-09-10,4.9,7.3759904,-2.4759903907775875
2025-08-14,2025-09-11,5.1,8.409111,-3.309111022949219
2025-08-14,2025-09-12,5.8,9.200354,-3.4003536224365236
2025-08-14,2025-09-13,4.6,8.004429,-3.404428863525391
2025-08-15,2025-08-16,6.1000000000000005,7.2545104,-1.1545104026794428
2025-08-15,2025-08-17,4.3,8.775913,-4.475913238525391
2025-08-15,2025-08-18,3.4,6.697795,-3.2977949142456056
2025-08-15,2025-08-19,5.699999999999999,6.506802,-0.8068020820617683
2025-08-15,2025-08-20,4.0,6.298561,-2.2985610961914062
2025-08-15,2025-08-21,3.3,6.165146,-2.8651458740234377
2025-08-15,2025-08-22,5.1,7.135842,-2.035841846466065
2025-08-15,2025-08-23,6.1000000000000005,7.7991934,-1.699193382263183
2025-08-15,2025-08-24,1.8,9.274805,-7.474805068969727
2025-08-15,2025-08-25,6.2,7.5228763,-1.3228762626647947
2025-08-15,2025-08-26,7.3,9.398058,-2.0980579376220705
2025-08-15,2025-08-27,5.9,7.2977953,-1.3977952957153317
2025-08-15,2025-08-28,3.6,8.107716,-4.5077156066894535
2025-08-15,2025-08-29,4.9,7.1528993,-2.2528992652893063
2025-08-15,2025-08-30,3.8,6.4638577,-2.663857650756836
2025-08-15,2025-08-31,4.6,6.2795467,-1.6795467376708988
2025-08-15,2025-09-01,4.6,7.076476,-2.476476097106934
2025-08-15,2025-09-02,4.3,8.794959,-4.49495906829834
2025-08-15,2025-09-03,4.3,7.0235696,-2.7235695838928224
2025-08-15,2025-09-04,6.4,8.075277,-1.6752773284912106
2025-08-15,2025-09-05,6.3,5.769319,0.5306809425354002
2025-08-15,2025-09-06,6.2,7.4375052,-1.23750524520874
2025-08-15,2025-09-07,5.9,8.34559,-2.4455896377563473
2025-08-15,2025-09-08,5.2,7.3579793,-2.1579792976379393
2025-08-15,2025-09-09,5.6,9.200489,-3.6004890441894535
2025-08-15,2025-09-10,4.9,6.5222754,-1.6222754478454586
2025-08-15,2025-09-11,5.1,7.419271,-2.319270992279053
2025-08-15,2025-09-12,5.8,8.367509,-2.567508888244629
2025-08-15,2025-09-13,4.6,9.214186,-4.61418571472168
2025-08-15,2025-09-14,3.5,8.0090065,-4.509006500244141
2025-08-16,2025-08-17,4.3,7.1085525,-2.8085524559021
2025-08-16,2025-08-18,3.4,8.826037,-5.426037406921386
2025-08-16,2025-08-19,5.699999999999999,6.614458,-0.914458084106446
2025-08-16,2025-08-20,4.0,6.4455686,-2.445568561553955
2025-08-16,2025-08-21,3.3,6.439385,-3.139384937286377
2025-08-16,2025-08-22,5.1,6.1743073,-1.0743073463439945
2025-08-16,2025-08-23,6.1000000000000005,7.143017,-1.0430168151855463
2025-08-16,2025-08-24,1.8,7.656296,-5.856295776367188
2025-08-16,2025-08-25,6.2,9.1383505,-2.938350486755371
2025-08-16,2025-08-26,7.3,7.7148066,-0.41480655670166033
2025-08-16,2025-08-27,5.9,9.202767,-3.3027673721313473
2025-08-16,2025-08-28,3.6,7.4919295,-3.891929531097412
2025-08-16,2025-08-29,4.9,7.9440656,-3.0440655708312985
2025-08-16,2025-08-30,3.8,7.0419044,-3.241904449462891
2025-08-16,2025-08-31,4.6,6.500939,-1.9009388923645023
2025-08-16,2025-09-01,4.6,6.350373,-1.7503727912902836
2025-08-16,2025-09-02,4.3,7.0601907,-2.7601906776428224
2025-08-16,2025-09-03,4.3,8.840601,-4.540600967407227
2025-08-16,2025-09-04,6.4,7.0640154,-0.6640153884887692
2025-08-16,2025-09-05,6.3,8.109158,-1.8091575622558596
2025-08-16,2025-09-06,6.2,5.875051,0.32494897842407244
2025-08-16,2025-09-07,5.9,7.472484,-1.5724841117858883
2025-08-16,2025-09-08,5.2,8.1578,-2.95779972076416
2025-08-16,2025-09-09,5.6,7.4961357,-1.8961357116699222
2025-08-16,2025-09-10,4.9,9.230398,-4.330398178100586
2025-08-16,2025-09-11,5.1,6.560689,-1.4606889724731449
2025-08-16,2025-09-12,5.8,7.37584,-1.575840187072754
2025-08-16,2025-09-13,4.6,8.318572,-3.718572044372559
2025-08-16,2025-09-14,3.5,9.06225,-5.562250137329102
2025-08-16,2025-09-15,5.4,8.053283,-2.6532827377319332
2025-08-17,2025-08-18,3.4,7.00217,-3.6021700859069825
2025-08-17,2025-08-19,5.699999999999999,8.738987,-3.0389869689941413
2025-08-17,2025-08-20,4.0,6.5052395,-2.505239486694336
2025-08-17,2025-08-21,3.3,6.628405,-3.3284050941467287
2025-08-17,2025-08-22,5.1,6.439999,-1.339999103546143
2025-08-17,2025-08-23,6.1000000000000005,6.151261,-0.05126085281372017
2025-08-17,2025-08-24,1.8,7.1774406,-5.377440643310547
2025-08-17,2025-08-25,6.2,7.5099597,-1.3099596977233885
2025-08-17,2025-08-26,7.3,8.929963,-1.6299631118774416
2025-08-17,2025-08-27,5.9,7.8759317,-1.9759317398071286
2025-08-17,2025-08-28,3.6,9.098321,-5.4983209609985355
2025-08-17,2025-08-29,4.9,7.7236786,-2.823678588867187
2025-08-17,2025-08-30,3.8,7.8390493,-4.039049339294434
2025-08-17,2025-08-31,4.6,7.050458,-2.4504579544067386
2025-08-17,2025-09-01,4.6,6.577402,-1.9774021148681644
2025-08-17,2025-09-02,4.3,6.4040184,-2.1040184020996096
2025-08-17,2025-09-03,4.3,7.0695744,-2.7695743560791017
2025-08-17,2025-09-04,6.4,8.824697,-2.424696540832519
2025-08-17,2025-09-05,6.3,7.079362,-0.7793619155883791
2025-08-17,2025-09-06,6.2,8.004961,-1.8049610137939451
2025-08-17,2025-09-07,5.9,5.940704,-0.04070386886596644
2025-08-17,2025-09-08,5.2,7.3694234,-2.1694233894348143
2025-08-17,2025-09-09,5.6,7.948333,-2.348332786560059
2025-08-17,2025-09-10,4.9,7.6951175,-2.7951174736022946
2025-08-17,2025-09-11,5.1,9.168074,-4.068073654174805
2025-08-17,2025-09-12,5.8,6.6896915,-0.8896915435791017
2025-08-17,2025-09-13,4.6,7.335049,-2.735049152374268
2025-08-17,2025-09-14,3.5,8.219901,-4.719901084899902
2025-08-17,2025-09-15,5.4,8.952507,-3.5525070190429684
2025-08-17,2025-09-16,5.299999999999999,8.150136,-2.8501359939575206
2025-08-18,2025-08-19,5.699999999999999,7.0243196,-1.3243196487426765
2025-08-18,2025-08-20,4.0,8.65832,-4.658320426940918
2025-08-18,2025-08-21,3.3,6.697431,-3.3974310874938967
2025-08-18,2025-08-22,5.1,6.98689,-1.8868898391723636
2025-08-18,2025-08-23,6.1000000000000005,6.4056726,-0.3056725502014155
2025-08-18,2025-08-24,1.8,6.255382,-4.455382061004639
2025-08-18,2025-08-25,6.2,7.31786,-1.1178601264953612
2025-08-18,2025-08-26,7.3,7.7476926,-0.44769258499145526
2025-08-18,2025-08-27,5.9,8.963432,-3.0634323120117184
2025-08-18,2025-08-28,3.6,7.971655,-4.371654891967774
2025-08-18,2025-08-29,4.9,9.257192,-4.357191658020019
2025-08-18,2025-08-30,3.8,7.7270594,-3.927059364318848
2025-08-18,2025-08-31,4.6,7.796196,-3.196195983886719
2025-08-18,2025-09-01,4.6,7.441694,-2.841693782806397
2025-08-18,2025-09-02,4.3,6.760245,-2.4602448463439943
2025-08-18,2025-09-03,4.3,6.2406855,-1.9406854629516603
2025-08-18,2025-09-04,6.4,6.9028583,-0.5028582572937008
2025-08-18,2025-09-05,6.3,8.68115,-2.3811504364013674
2025-08-18,2025-09-06,6.2,7.0512943,-0.8512943267822264
2025-08-18,2025-09-07,5.9,7.860922,-1.9609218597412106
2025-08-18,2025-09-08,5.2,5.9511895,-0.7511895179748533
2025-08-18,2025-09-09,5.6,7.353698,-1.753697776794434
2025-08-18,2025-09-10,4.9,8.034314,-3.134314155578613
2025-08-18,2025-09-11,5.1,7.6141977,-2.5141977310180668
2025-08-18,2025-09-12,5.8,9.029782,-3.229782295227051
2025-08-18,2025-09-13,4.6,6.572895,-1.9728950500488285
2025-08-18,2025-09-14,3.5,7.507521,-4.007521152496338
2025-08-18,2025-09-15,5.4,8.137418,-2.7374177932739254
2025-08-18,2025-09-16,5.299999999999999,8.774932,-3.4749319076538097
2025-08-18,2025-09-17,3.8,8.044398,-4.244398307800293
2025-08-19,2025-08-20,4.0,7.220882,-3.220881938934326
2025-08-19,2025-08-21,3.3,8.489404,-5.18940372467041
2025-08-19,2025-08-22,5.1,6.8618045,-1.7618044853210453
2025-08-19,2025-08-23,6.1000000000000005,7.1131606,-1.013160610198974
2025-08-19,2025-08-24,1.8,6.5514164,-4.751416397094727
2025-08-19,2025-08-25,6.2,6.3265524,-0.12655239105224592
2025-08-19,2025-08-26,7.3,7.3506546,-0.05065460205078143
2025-08-19,2025-08-27,5.9,7.806196,-1.9061962127685543
2025-08-19,2025-08-28,3.6,8.911726,-5.311725997924805
2025-08-19,2025-08-29,4.9,7.9829926,-3.082992649078369
2025-08-19,2025-08-30,3.8,9.3764105,-5.576410484313965
2025-08-19,2025-08-31,4.6,7.7247596,-3.1247595787048343
2025-08-19,2025-09-01,4.6,7.8635426,-3.2635425567626957
2025-08-19,2025-09-02,4.3,7.7062144,-3.4062144279479982
2025-08-19,2025-09-03,4.3,6.7619247,-2.461924743652344
2025-08-19,2025-09-04,6.4,6.1550527,0.2449473381042484
2025-08-19,2025-09-05,6.3,6.9755263,-0.6755263328552248
2025-08-19,2025-09-06,6.2,8.591274,-2.391274261474609
2025-08-19,2025-09-07,5.9,7.0706124,-1.1706124305725094
2025-08-19,2025-09-08,5.2,7.761516,-2.5615160942077635
2025-08-19,2025-09-09,5.6,5.829183,-0.2291831016540531
2025-08-19,2025-09-10,4.9,7.5038576,-2.603857612609863
2025-08-19,2025-09-11,5.1,8.222342,-3.1223415374755863
2025-08-19,2025-09-12,5.8,7.5351872,-1.7351872444152834
2025-08-19,2025-09-13,4.6,8.918342,-4.318341636657715
2025-08-19,2025-09-14,3.5,6.407026,-2.9070258140563965
2025-08-19,2025-09-15,5.4,7.5965395,-2.196539497375488
2025-08-19,2025-09-16,5.299999999999999,8.023791,-2.723791313171388
2025-08-19,2025-09-17,3.8,8.666718,-4.866717529296875
2025-08-19,2025-09-18,4.5,7.991149,-3.4911489486694336
2025-08-20,2025-08-21,3.3,7.4835477,-4.183547687530518
2025-08-20,2025-08-22,5.1,8.33271,-3.2327102661132816
2025-08-20,2025-08-23,6.1000000000000005,6.9050536,-0.8050536155700678
2025-08-20,2025-08-24,1.8,7.0920196,-5.292019557952881
2025-08-20,2025-08-25,6.2,6.7229424,-0.5229423522949217
2025-08-20,2025-08-26,7.3,6.427185,0.8728149414062498
2025-08-20,2025-08-27,5.9,7.2487884,-1.3487883567810055
2025-08-20,2025-08-28,3.6,7.746584,-4.146583938598633
2025-08-20,2025-08-29,4.9,8.857203,-3.957202529907226
2025-08-20,2025-08-30,3.8,7.91634,-4.116339874267578
2025-08-20,2025-08-31,4.6,9.4527855,-4.85278549194336
2025-08-20,2025-09-01,4.6,7.7366962,-3.136696243286133
2025-08-20,2025-09-02,4.3,7.959442,-3.659442138671875
2025-08-20,2025-09-03,4.3,7.921359,-3.6213590621948244
2025-08-20,2025-09-04,6.4,6.6866727,-0.2866726875305172
2025-08-20,2025-09-05,6.3,6.2138314,0.08616857528686506
2025-08-20,2025-09-06,6.2,7.177683,-0.9776828765869139
2025-08-20,2025-09-07,5.9,8.531264,-2.6312643051147457
2025-08-20,2025-09-08,5.2,7.058039,-1.8580391883850096
2025-08-20,2025-09-09,5.6,7.6329417,-2.0329417228698734
2025-08-20,2025-09-10,4.9,5.6729336,-0.7729335784912106
2025-08-20,2025-09-11,5.1,7.665112,-2.5651120185852054
2025-08-20,2025-09-12,5.8,8.423356,-2.623356056213379
2025-08-20,2025-09-13,4.6,7.4690657,-2.869065666198731
2025-08-20,2025-09-14,3.5,8.870087,-5.370086669921875
2025-08-20,2025-09-15,5.4,6.312638,-0.9126378059387203
2025-08-20,2025-09-16,5.299999999999999,7.6011868,-2.301186752319337
2025-08-20,2025-09-17,3.8,7.914699,-4.114699077606201
2025-08-20,2025-09-18,4.5,8.643179,-4.143178939819336
2025-08-20,2025-09-19,8.0,8.054163,-0.05416297912597656
2025-08-21,2025-08-22,5.1,7.6420326,-2.542032623291016
2025-08-21,2025-08-23,6.1000000000000005,8.234355,-2.134354972839355
2025-08-21,2025-08-24,1.8,6.8631916,-5.063191604614258
2025-08-21,2025-08-25,6.2,6.9939885,-0.793988513946533
2025-08-21,2025-08-26,7.3,6.8320675,0.4679325103759764
2025-08-21,2025-08-27,5.9,6.498803,-0.5988031387329098
2025-08-21,2025-08-28,3.6,7.118604,-3.5186041831970214
2025-08-21,2025-08-29,4.9,7.684576,-2.784576034545898
2025-08-21,2025-08-30,3.8,8.796506,-4.996505928039551
2025-08-21,2025-08-31,4.6,7.835423,-3.235422992706299
2025-08-21,2025-09-01,4.6,9.4365225,-4.836522483825684
2025-08-21,2025-09-02,4.3,7.746354,-3.446354103088379
2025-08-21,2025-09-03,4.3,7.9896874,-3.689687442779541
2025-08-21,2025-09-04,6.4,8.0083065,-1.608306503295898
2025-08-21,2025-09-05,6.3,6.6344414,-0.33444137573242205
2025-08-21,2025-09-06,6.2,6.3794975,-0.1794975280761717
2025-08-21,2025-09-07,5.9,7.334363,-1.434362983703613
2025-08-21,2025-09-08,5.2,8.460811,-3.260810661315918
2025-08-21,2025-09-09,5.6,7.058975,-1.4589752197265629
2025-08-21,2025-09-10,4.9,7.5382276,-2.638227558135986
2025-08-21,2025-09-11,5.1,5.5681334,-0.4681333541870121
2025-08-21,2025-09-12,5.8,7.700589,-1.900589179992676
2025-08-21,2025-09-13,4.6,8.46711,-3.8671096801757816
2025-08-21,2025-09-14,3.5,7.411497,-3.911497116088867
2025-08-21,2025-09-15,5.4,8.852823,-3.4528232574462887
2025-08-21,2025-09-16,5.299999999999999,6.3120303,-1.012030315399171
2025-08-21,2025-09-17,3.8,7.6121798,-3.812179756164551
2025-08-21,2025-09-18,4.5,7.825141,-3.325140953063965
2025-08-21,2025-09-19,8.0,8.66137,-0.6613702774047852
2025-08-21,2025-09-20,5.6,8.151286,-2.551286125183106
2025-08-22,2025-08-23,6.1000000000000005,7.6511464,-1.5511464118957514
2025-08-22,2025-08-24,1.8,8.1624,-6.362400245666504
2025-08-22,2025-08-25,6.2,6.8837214,-0.683721351623535
2025-08-22,2025-08-26,7.3,7.0717926,0.22820739746093732
2025-08-22,2025-08-27,5.9,6.918464,-1.0184641838073727
2025-08-22,2025-08-28,3.6,6.600989,-3.0009888648986816
2025-08-22,2025-08-29,4.9,7.1333632,-2.2333632469177243
2025-08-22,2025-08-30,3.8,7.722557,-3.922557067871094
2025-08-22,2025-08-31,4.6,8.767302,-4.1673015594482425
2025-08-22,2025-09-01,4.6,7.813183,-3.2131828308105472
2025-08-22,2025-09-02,4.3,9.404372,-5.104372215270996
2025-08-22,2025-09-03,4.3,7.7285166,-3.4285165786743166
2025-08-22,2025-09-04,6.4,7.862345,-1.462345218658447
2025-08-22,2025-09-05,6.3,8.130846,-1.8308460235595705
2025-08-22,2025-09-06,6.2,6.744058,-0.5440581321716307
2025-08-22,2025-09-07,5.9,6.4303536,-0.5303536415100094
2025-08-22,2025-09-08,5.2,7.3547797,-2.1547797203063963
2025-08-22,2025-09-09,5.6,8.355291,-2.755291366577149
2025-08-22,2025-09-10,4.9,6.991306,-2.091305828094482
2025-08-22,2025-09-11,5.1,7.42306,-2.323059940338135
2025-08-22,2025-09-12,5.8,5.557464,0.24253587722778303
2025-08-22,2025-09-13,4.6,7.507384,-2.9073838233947757
2025-08-22,2025-09-14,3.5,8.322756,-4.822755813598633
2025-08-22,2025-09-15,5.4,7.2699304,-1.8699303627014157
2025-08-22,2025-09-16,5.299999999999999,8.818576,-3.5185758590698253
2025-08-22,2025-09-17,3.8,6.292485,-2.492485237121582
2025-08-22,2025-09-18,4.5,7.654816,-3.154816150665283
2025-08-22,2025-09-19,8.0,7.6991935,0.30080652236938477
2025-08-22,2025-09-20,5.6,8.635125,-3.0351251602172855
2025-08-22,2025-09-21,2.2,8.168872,-5.9688718795776365
2025-08-23,2025-08-24,1.8,7.5097404,-5.709740352630615
2025-08-23,2025-08-25,6.2,8.109371,-1.9093711853027342
2025-08-23,2025-08-26,7.3,6.7414274,0.5585725784301756
2025-08-23,2025-08-27,5.9,7.096481,-1.196480846405029
2025-08-23,2025-08-28,3.6,6.9191813,-3.3191813468933105
2025-08-23,2025-08-29,4.9,6.6160936,-1.7160936355590817
2025-08-23,2025-08-30,3.8,7.173757,-3.373757076263428
2025-08-23,2025-08-31,4.6,7.510291,-2.91029109954834
2025-08-23,2025-09-01,4.6,8.524526,-3.92452564239502
2025-08-23,2025-09-02,4.3,7.9940853,-3.6940853118896486
2025-08-23,2025-09-03,4.3,9.211485,-4.911484909057617
2025-08-23,2025-09-04,6.4,7.93562,-1.5356198310852047
2025-08-23,2025-09-05,6.3,7.728634,-1.4286338806152346
2025-08-23,2025-09-06,6.2,8.052875,-1.8528745651245115
2025-08-23,2025-09-07,5.9,6.7909436,-0.890943622589111
2025-08-23,2025-09-08,5.2,6.563647,-1.3636467933654783
2025-08-23,2025-09-09,5.6,7.320378,-1.7203778266906742
2025-08-23,2025-09-10,4.9,8.306152,-3.4061523437499996
2025-08-23,2025-09-11,5.1,6.9484015,-1.8484014511108402
2025-08-23,2025-09-12,5.8,7.3642974,-1.564297389984131
2025-08-23,2025-09-13,4.6,5.6157827,-1.015782737731934
2025-08-23,2025-09-14,3.5,7.3238525,-3.8238525390625
2025-08-23,2025-09-15,5.4,7.9991426,-2.5991426467895504
2025-08-23,2025-09-16,5.299999999999999,7.410222,-2.110222053527833
2025-08-23,2025-09-17,3.8,8.802579,-5.002578926086426
2025-08-23,2025-09-18,4.5,6.461893,-1.961893081665039
2025-08-23,2025-09-19,8.0,7.598025,0.401975154876709
2025-08-23,2025-09-20,5.6,7.5806365,-1.9806365013122562
2025-08-23,2025-09-21,2.2,8.550608,-6.350607681274414
2025-08-23,2025-09-22,3.5,8.225153,-4.725152969360352
2025-08-24,2025-08-25,6.2,7.3288245,-1.1288245201110838
2025-08-24,2025-08-26,7.3,8.020801,-0.7208005905151369
2025-08-24,2025-08-27,5.9,6.659687,-0.7596870422363278
2025-08-24,2025-08-28,3.6,7.3011956,-3.7011956214904784
2025-08-24,2025-08-29,4.9,6.822626,-1.9226261138916012
2025-08-24,2025-08-30,3.8,6.6076717,-2.8076717376708986
2025-08-24,2025-08-31,4.6,7.3049474,-2.704947376251221
2025-08-24,2025-09-01,4.6,7.4094114,-2.809411430358887
2025-08-24,2025-09-02,4.3,8.27543,-3.975429725646973
2025-08-24,2025-09-03,4.3,8.188615,-3.888614845275879
2025-08-24,2025-09-04,6.4,9.049616,-2.649615859985351
2025-08-24,2025-09-05,6.3,8.037956,-1.737956237792969
2025-08-24,2025-09-06,6.2,7.648341,-1.4483411788940428
2025-08-24,2025-09-07,5.9,7.990604,-2.090603923797607
2025-08-24,2025-09-08,5.2,6.914524,-1.7145240783691404
2025-08-24,2025-09-09,5.6,6.6537695,-1.0537694931030277
2025-08-24,2025-09-10,4.9,7.2195168,-2.3195167541503903
2025-08-24,2025-09-11,5.1,8.254981,-3.15498104095459
2025-08-24,2025-09-12,5.8,6.9001117,-1.1001116752624513
2025-08-24,2025-09-13,4.6,7.2551003,-2.655100250244141
2025-08-24,2025-09-14,3.5,5.678141,-2.1781411170959473
2025-08-24,2025-09-15,5.4,7.0711937,-1.671193695068359
2025-08-24,2025-09-16,5.299999999999999,7.691726,-2.3917262077331554
2025-08-24,2025-09-17,3.8,7.5742383,-3.7742383003234865
2025-08-24,2025-09-18,4.5,8.687418,-4.187417984008789
2025-08-24,2025-09-19,8.0,6.630956,1.3690438270568848
2025-08-24,2025-09-20,5.6,7.5862308,-1.9862307548522953
2025-08-24,2025-09-21,2.2,7.490205,-5.290204811096191
2025-08-24,2025-09-22,3.5,8.483924,-4.98392391204834
2025-08-24,2025-09-23,3.3,8.239549,-4.939548683166504
2025-08-25,2025-08-26,7.3,7.2238255,0.07617454528808576
2025-08-25,2025-08-27,5.9,7.926905,-2.0269051551818844
2025-08-25,2025-08-28,3.6,6.795928,-3.1959280014038085
2025-08-25,2025-08-29,4.9,7.660309,-2.7603088378906246
2025-08-25,2025-08-30,3.8,6.623377,-2.8233768463134767
2025-08-25,2025-08-31,4.6,6.6267643,-2.026764297485352
2025-08-25,2025-09-01,4.6,7.4049616,-2.8049615859985355
2025-08-25,2025-09-02,4.3,7.822436,-3.5224358558654787
2025-08-25,2025-09-03,4.3,8.346189,-4.046188545227051
2025-08-25,2025-09-04,6.4,8.185122,-1.7851215362548825
2025-08-25,2025-09-05,6.3,9.195306,-2.8953058242797853
2025-08-25,2025-09-06,6.2,8.00902,-1.8090198516845701
2025-08-25,2025-09-07,5.9,7.572629,-1.6726289749145504
2025-08-25,2025-09-08,5.2,8.248317,-3.048316764831543
2025-08-25,2025-09-09,5.6,7.097748,-1.4977478027343754
2025-08-25,2025-09-10,4.9,6.4921794,-1.5921793937683102
2025-08-25,2025-09-11,5.1,7.018933,-1.9189328193664554
2025-08-25,2025-09-12,5.8,8.101073,-2.3010732650756838
2025-08-25,2025-09-13,4.6,6.8857856,-2.285785579681397
2025-08-25,2025-09-14,3.5,7.172831,-3.6728310585021973
2025-08-25,2025-09-15,5.4,5.7044654,-0.30446538925170863
2025-08-25,2025-09-16,5.299999999999999,6.8354893,-1.5354892730712901
2025-08-25,2025-09-17,3.8,7.6109915,-3.8109914779663088
2025-08-25,2025-09-18,4.5,7.4525843,-2.9525842666625977
2025-08-25,2025-09-19,8.0,8.515874,-0.515873908996582
2025-08-25,2025-09-20,5.6,6.619532,-1.0195321083068851
2025-08-25,2025-09-21,2.2,7.740466,-5.5404661178588865
2025-08-25,2025-09-22,3.5,7.4205585,-3.920558452606201
2025-08-25,2025-09-23,3.3,8.370136,-5.070136260986328
2025-08-25,2025-09-24,3.7,8.116189,-4.4161890029907225
2025-08-26,2025-08-27,5.9,7.36174,-1.4617401123046871
2025-08-26,2025-08-28,3.6,7.7466297,-4.146629714965821
2025-08-26,2025-08-29,4.9,7.0213895,-2.1213894844055172
2025-08-26,2025-08-30,3.8,7.7722588,-3.972258758544922
2025-08-26,2025-08-31,4.6,6.7239294,-2.1239294052124027
2025-08-26,2025-09-01,4.6,6.7291265,-2.1291264533996586
2025-08-26,2025-09-02,4.3,7.445683,-3.145683002471924
2025-08-26,2025-09-03,4.3,8.005156,-3.7051555633544924
2025-08-26,2025-09-04,6.4,8.317378,-1.9173780441284176
2025-08-26,2025-09-05,6.3,8.190861,-1.8908607482910158
2025-08-26,2025-09-06,6.2,9.28288,-3.082879829406738
2025-08-26,2025-09-07,5.9,7.8997183,-1.9997182846069332
2025-08-26,2025-09-08,5.2,7.67129,-2.4712899208068846
2025-08-26,2025-09-09,5.6,8.427796,-2.8277963638305668
2025-08-26,2025-09-10,4.9,7.124692,-2.2246919631958004
2025-08-26,2025-09-11,5.1,6.409054,-1.3090538024902347
2025-08-26,2025-09-12,5.8,7.087065,-1.2870652198791506
2025-08-26,2025-09-13,4.6,8.038038,-3.43803825378418
2025-08-26,2025-09-14,3.5,6.886385,-3.386384963989258
2025-08-26,2025-09-15,5.4,7.1246653,-1.724665260314941
2025-08-26,2025-09-16,5.299999999999999,5.6069016,-0.30690164566040146
2025-08-26,2025-09-17,3.8,6.9068246,-3.106824588775635
2025-08-26,2025-09-18,4.5,7.790162,-3.2901620864868164
2025-08-26,2025-09-19,8.0,7.3771734,0.6228265762329102
2025-08-26,2025-09-20,5.6,8.3196945,-2.719694519042969
2025-08-26,2025-09-21,2.2,6.458401,-4.258401203155517
2025-08-26,2025-09-22,3.5,7.8158774,-4.315877437591553
2025-08-26,2025-09-23,3.3,7.381759,-4.0817591667175295
2025-08-26,2025-09-24,3.7,8.317159,-4.617158699035644
2025-08-26,2025-09-25,3.8,8.002911,-4.202910614013672
2025-08-27,2025-08-28,3.6,7.5527763,-3.952776336669922
2025-08-27,2025-08-29,4.9,7.634345,-2.7343450546264645
2025-08-27,2025-08-30,3.8,7.17915,-3.3791501045227053
2025-08-27,2025-08-31,4.6,7.717681,-3.117680931091309
2025-08-27,2025-09-01,4.6,6.8456807,-2.245680713653565
2025-08-27,2025-09-02,4.3,6.8671393,-2.5671393394470217
2025-08-27,2025-09-03,4.3,7.3778596,-3.0778595924377443
2025-08-27,2025-09-04,6.4,8.154752,-1.7547517776489254
2025-08-27,2025-09-05,6.3,8.29318,-1.9931804656982424
2025-08-27,2025-09-06,6.2,8.1766,-1.9766004562377928
2025-08-27,2025-09-07,5.9,9.288793,-3.3887926101684567
2025-08-27,2025-09-08,5.2,7.7773533,-2.577353286743164
2025-08-27,2025-09-09,5.6,7.817593,-2.217593097686768
2025-08-27,2025-09-10,4.9,8.51282,-3.612820243835449
2025-08-27,2025-09-11,5.1,7.1207337,-2.020733737945557
2025-08-27,2025-09-12,5.8,6.5329013,-0.7329012870788576
2025-08-27,2025-09-13,4.6,7.2117896,-2.6117896080017093
2025-08-27,2025-09-14,3.5,7.9829764,-4.48297643661499
2025-08-27,2025-09-15,5.4,6.8785696,-1.4785696029663082
2025-08-27,2025-09-16,5.299999999999999,7.0961328,-1.796132755279542
2025-08-27,2025-09-17,3.8,5.524154,-1.7241541862487795
2025-08-27,2025-09-18,4.5,7.0648246,-2.5648245811462402
2025-08-27,2025-09-19,8.0,7.9997954,0.00020456314086914062
2025-08-27,2025-09-20,5.6,7.3237348,-1.7237347602844242
2025-08-27,2025-09-21,2.2,8.19768,-5.9976804733276365
2025-08-27,2025-09-22,3.5,6.3767548,-2.8767547607421875
2025-08-27,2025-09-23,3.3,7.8602333,-4.560233306884766
2025-08-27,2025-09-24,3.7,7.3712435,-3.6712434768676756
2025-08-27,2025-09-25,3.8,8.320415,-4.520414543151856
2025-08-27,2025-09-26,6.8,7.972219,-1.172218990325928
2025-08-28,2025-08-29,4.9,7.743747,-2.843747234344482
2025-08-28,2025-08-30,3.8,7.494569,-3.6945688247680666
2025-08-28,2025-08-31,4.6,7.2844,-2.68439998626709
2025-08-28,2025-09-01,4.6,7.691688,-3.0916880607604984
2025-08-28,2025-09-02,4.3,6.924399,-2.6243988990783693
2025-08-28,2025-09-03,4.3,7.090987,-2.7909872055053713
2025-08-28,2025-09-04,6.4,7.2506647,-0.8506647109985348
2025-08-28,2025-09-05,6.3,8.292425,-1.9924251556396486
2025-08-28,2025-09-06,6.2,8.229754,-2.0297544479370115
2025-08-28,2025-09-07,5.9,8.14845,-2.248449897766113
2025-08-28,2025-09-08,5.2,9.278477,-4.0784767150878904
2025-08-28,2025-09-09,5.6,7.6639442,-2.063944244384766
2025-08-28,2025-09-10,4.9,7.8850846,-2.9850846290588375
2025-08-28,2025-09-11,5.1,8.580139,-3.4801391601562504
2025-08-28,2025-09-12,5.8,7.1936483,-1.3936483383178713
2025-08-28,2025-09-13,4.6,6.776131,-2.17613115310669
2025-08-28,2025-09-14,3.5,7.4002075,-3.90020751953125
2025-08-28,2025-09-15,5.4,7.8718524,-2.471852397918701
2025-08-28,2025-09-16,5.299999999999999,6.8567834,-1.556783390045167
2025-08-28,2025-09-17,3.8,7.014467,-3.214466762542725
2025-08-28,2025-09-18,4.5,5.4984837,-0.9984836578369141
2025-08-28,2025-09-19,8.0,7.1003237,0.8996763229370117
2025-08-28,2025-09-20,5.6,8.132952,-2.5329517364501957
2025-08-28,2025-09-21,2.2,7.2264876,-5.026487636566162
2025-08-28,2025-09-22,3.5,8.12298,-4.622980117797852
2025-08-28,2025-09-23,3.3,6.3783345,-3.0783345222473146
2025-08-28,2025-09-24,3.7,7.9205403,-4.220540332794189
2025-08-28,2025-09-25,3.8,7.314248,-3.514248085021973
2025-08-28,2025-09-26,6.8,8.354757,-1.5547573089599611
2025-08-28,2025-09-27,9.7,7.9952416,1.7047583580017083
2025-08-29,2025-08-30,3.8,7.7400804,-3.9400803565979006
2025-08-29,2025-08-31,4.6,7.3909574,-2.790957355499268
2025-08-29,2025-09-01,4.6,7.4036837,-2.803683662414551
2025-08-29,2025-09-02,4.3,7.6149855,-3.314985466003418
2025-08-29,2025-09-03,4.3,7.0721593,-2.772159290313721
2025-08-29,2025-09-04,6.4,7.352522,-0.9525218963623043
2025-08-29,2025-09-05,6.3,7.295283,-0.9952828407287599
2025-08-29,2025-09-06,6.2,8.381956,-2.181956100463867
2025-08-29,2025-09-07,5.9,8.124851,-2.2248512268066403
2025-08-29,2025-09-08,5.2,8.270782,-3.070782470703125
2025-08-29,2025-09-09,5.6,9.196843,-3.5968431472778324
2025-08-29,2025-09-10,4.9,7.5085263,-2.6085263252258297
2025-08-29,2025-09-11,5.1,7.8406606,-2.7406605720520023
2025-08-29,2025-09-12,5.8,8.604598,-2.8045980453491213
2025-08-29,2025-09-13,4.6,7.362473,-2.762473011016846
2025-08-29,2025-09-14,3.5,6.871558,-3.37155818939209
2025-08-29,2025-09-15,5.4,7.4192467,-2.019246673583984
2025-08-29,2025-09-16,5.299999999999999,7.748756,-2.448755931854249
2025-08-29,2025-09-17,3.8,6.8388405,-3.038840484619141
2025-08-29,2025-09-18,4.5,7.014804,-2.514803886413574
2025-08-29,2025-09-19,8.0,5.571337,2.4286627769470215
2025-08-29,2025-09-20,5.6,7.077569,-1.4775690078735355
2025-08-29,2025-09-21,2.2,8.174386,-5.9743860244750975
2025-08-29,2025-09-22,3.5,7.02032,-3.520319938659668
2025-08-29,2025-09-23,3.3,8.137216,-4.837215614318848
2025-08-29,2025-09-24,3.7,6.35102,-2.6510198593139647
2025-08-29,2025-09-25,3.8,8.106466,-4.306466293334961
2025-08-29,2025-09-26,6.8,7.2076592,-0.4076592445373537
2025-08-29,2025-09-27,9.7,8.232747,1.4672529220581048
2025-08-29,2025-09-28,9.6,7.913796,1.6862040519714352
2025-08-30,2025-08-31,4.6,7.6629643,-3.0629643440246586
2025-08-30,2025-09-01,4.6,7.2443867,-2.644386672973633
2025-08-30,2025-09-02,4.3,7.3864675,-3.086467456817627
2025-08-30,2025-09-03,4.3,7.6800194,-3.3800193786621096
2025-08-30,2025-09-04,6.4,7.0202656,-0.6202655792236325
2025-08-30,2025-09-05,6.3,7.60201,-1.3020097732543947
2025-08-30,2025-09-06,6.2,7.323566,-1.1235659599304197
2025-08-30,2025-09-07,5.9,8.341758,-2.441757774353027
2025-08-30,2025-09-08,5.2,7.786005,-2.5860050201416014
2025-08-30,2025-09-09,5.6,8.532271,-2.9322713851928714
2025-08-30,2025-09-10,4.9,8.993744,-4.093743896484375
2025-08-30,2025-09-11,5.1,7.659598,-2.5595978736877445
2025-08-30,2025-09-12,5.8,7.810474,-2.010473918914795
2025-08-30,2025-09-13,4.6,8.460384,-3.8603843688964847
2025-08-30,2025-09-14,3.5,7.5334334,-4.033433437347412
2025-08-30,2025-09-15,5.4,7.2692223,-1.869222259521484
2025-08-30,2025-09-16,5.299999999999999,7.5247355,-2.22473545074463
2025-08-30,2025-09-17,3.8,7.5646114,-3.7646114349365236
2025-08-30,2025-09-18,4.5,6.8489375,-2.348937511444092
2025-08-30,2025-09-19,8.0,7.096471,0.903529167175293
2025-08-30,2025-09-20,5.6,5.6796556,-0.07965555191040075
2025-08-30,2025-09-21,2.2,6.9612803,-4.761280345916748
2025-08-30,2025-09-22,3.5,7.98942,-4.489419937133789
2025-08-30,2025-09-23,3.3,7.1724753,-3.872475337982178
2025-08-30,2025-09-24,3.7,8.104577,-4.40457706451416
2025-08-30,2025-09-25,3.8,6.610897,-2.8108970642089846
2025-08-30,2025-09-26,6.8,8.216633,-1.4166328430175783
2025-08-30,2025-09-27,9.7,7.071414,2.62858600616455
2025-08-30,2025-09-28,9.6,8.177108,1.4228921890258786
2025-08-30,2025-09-29,9.8,7.8928843,1.9071157455444343
2025-08-31,2025-09-01,4.6,7.581963,-2.9819630622863773
2025-08-31,2025-09-02,4.3,7.09562,-2.795620155334473
2025-08-31,2025-09-03,4.3,7.3053956,-3.005395603179932
2025-08-31,2025-09-04,6.4,7.837534,-1.4375339508056637
2025-08-31,2025-09-05,6.3,6.844849,-0.5448491096496584
2025-08-31,2025-09-06,6.2,7.721908,-1.5219080924987791
2025-08-31,2025-09-07,5.9,7.364883,-1.464882946014404
2025-08-31,2025-09-08,5.2,8.367245,-3.167244720458984
2025-08-31,2025-09-09,5.6,7.4543424,-1.854342365264893
2025-08-31,2025-09-10,4.9,8.777289,-3.8772893905639645
2025-08-31,2025-09-11,5.1,8.850986,-3.7509855270385746
2025-08-31,2025-09-12,5.8,7.7610044,-1.961004447937012
2025-08-31,2025-09-13,4.6,7.860915,-3.2609151840209964
2025-08-31,2025-09-14,3.5,8.262414,-4.76241397857666
2025-08-31,2025-09-15,5.4,7.711263,-2.3112631797790524
2025-08-31,2025-09-16,5.299999999999999,7.651705,-2.351704788208009
2025-08-31,2025-09-17,3.8,7.6101565,-3.810156536102295
2025-08-31,2025-09-18,4.5,7.4607263,-2.960726261138916
2025-08-31,2025-09-19,8.0,6.8864365,1.1135635375976562
2025-08-31,2025-09-20,5.6,7.1708484,-1.570848369598389
2025-08-31,2025-09-21,2.2,5.761609,-3.561609077453613
2025-08-31,2025-09-22,3.5,6.7626085,-3.262608528137207
2025-08-31,2025-09-23,3.3,7.8048635,-4.504863452911377
2025-08-31,2025-09-24,3.7,7.419589,-3.719589042663574
2025-08-31,2025-09-25,3.8,7.993939,-4.19393892288208
2025-08-31,2025-09-26,6.8,6.901596,-0.10159606933593768
2025-08-31,2025-09-27,9.7,8.2909155,1.409084510803222
2025-08-31,2025-09-28,9.6,6.991228,2.6087718963623043
2025-08-31,2025-09-29,9.8,8.185276,1.61472396850586
2025-08-31,2025-09-30,11.399999999999999,7.895492,3.5045079231262193
2025-09-01,2025-09-02,4.3,7.491944,-3.1919438362121584
2025-09-01,2025-09-03,4.3,7.1283712,-2.8283712387084963
2025-09-01,2025-09-04,6.4,7.41193,-1.0119300842285153
2025-09-01,2025-09-05,6.3,8.040932,-1.7409317016601564
2025-09-01,2025-09-06,6.2,6.490424,-0.29042415618896467
2025-09-01,2025-09-07,5.9,7.7723174,-1.8723174095153805
2025-09-01,2025-09-08,5.2,7.4973435,-2.29734354019165
2025-09-01,2025-09-09,5.6,8.57331,-2.973309898376465
2025-09-01,2025-09-10,4.9,7.444777,-2.5447770118713375
2025-09-01,2025-09-11,5.1,8.821862,-3.7218622207641605
2025-09-01,2025-09-12,5.8,8.9781275,-3.178127479553223
2025-09-01,2025-09-13,4.6,7.59907,-2.9990700721740726
2025-09-01,2025-09-14,3.5,8.007418,-4.507417678833008
2025-09-01,2025-09-15,5.4,8.384075,-2.9840751647949215
2025-09-01,2025-09-16,5.299999999999999,7.8257747,-2.525774669647218
2025-09-01,2025-09-17,3.8,7.4564166,-3.6564166069030763
2025-09-01,2025-09-18,4.5,7.4197226,-2.919722557067871
2025-09-01,2025-09-19,8.0,7.326743,0.6732568740844727
2025-09-01,2025-09-20,5.6,6.920642,-1.320641899108887
2025-09-01,2025-09-21,2.2,7.3006234,-5.100623416900635
2025-09-01,2025-09-22,3.5,5.909201,-2.409201145172119
2025-09-01,2025-09-23,3.3,6.813448,-3.513447952270508
2025-09-01,2025-09-24,3.7,8.0893,-4.389300155639648
2025-09-01,2025-09-25,3.8,7.346997,-3.5469967842102053
2025-09-01,2025-09-26,6.8,8.010968,-1.2109682083129885
2025-09-01,2025-09-27,9.7,6.816403,2.8835970878601067
2025-09-01,2025-09-28,9.6,8.401584,1.1984163284301754
2025-09-01,2025-09-29,9.8,7.0228477,2.777152347564698
2025-09-01,2025-09-30,11.399999999999999,8.251058,3.148942375183104
2025-09-01,2025-10-01,11.7,7.606567,4.0934330940246575
2025-09-02,2025-09-03,4.3,7.6098776,-3.3098775863647463
2025-09-02,2025-09-04,6.4,7.139476,-0.7394758224487301
2025-09-02,2025-09-05,6.3,7.518969,-1.2189690589904787
2025-09-02,2025-09-06,6.2,7.924645,-1.7246449470520018
2025-09-02,2025-09-07,5.9,6.37639,-0.47638998031616175
2025-09-02,2025-09-08,5.2,7.781711,-2.5817111015319822
2025-09-02,2025-09-09,5.6,7.590814,-1.9908141136169437
2025-09-02,2025-09-10,4.9,8.53775,-3.6377502441406246
2025-09-02,2025-09-11,5.1,7.4266334,-2.3266333580017093
2025-09-02,2025-09-12,5.8,8.7953005,-2.9953004837036135
2025-09-02,2025-09-13,4.6,9.170845,-4.570845031738282
2025-09-02,2025-09-14,3.5,7.4847527,-3.984752655029297
2025-09-02,2025-09-15,5.4,8.202535,-2.802534675598144
2025-09-02,2025-09-16,5.299999999999999,8.363879,-3.063879203796388
2025-09-02,2025-09-17,3.8,7.745636,-3.945635986328125
2025-09-02,2025-09-18,4.5,7.3839955,-2.883995532989502
2025-09-02,2025-09-19,8.0,7.403916,0.5960841178894043
2025-09-02,2025-09-20,5.6,7.299779,-1.6997789382934574
2025-09-02,2025-09-21,2.2,7.056592,-4.856591987609863
2025-09-02,2025-09-22,3.5,7.5455875,-4.045587539672852
2025-09-02,2025-09-23,3.3,5.9261446,-2.626144599914551
2025-09-02,2025-09-24,3.7,7.034322,-3.3343217849731444
2025-09-02,2025-09-25,3.8,8.339859,-4.539859008789063
2025-09-02,2025-09-26,6.8,7.283597,-0.48359699249267596
2025-09-02,2025-09-27,9.7,8.093496,1.6065036773681634
2025-09-02,2025-09-28,9.6,6.687586,2.912414169311523
2025-09-02,2025-09-29,9.8,8.479939,1.3200605392456062
2025-09-02,2025-09-30,11.399999999999999,7.006567,4.393432998657225
2025-09-02,2025-10-01,11.7,8.377909,3.3220912933349602
2025-09-02,2025-10-02,11.9,7.3400927,4.559907341003418
2025-09-03,2025-09-04,6.4,7.699873,-1.2998729705810543
2025-09-03,2025-09-05,6.3,7.091713,-0.7917129516601564
2025-09-03,2025-09-06,6.2,7.5617332,-1.3617332458496092
2025-09-03,2025-09-07,5.9,7.6665206,-1.7665205955505368
2025-09-03,2025-09-08,5.2,6.38794,-1.187939929962158
2025-09-03,2025-09-09,5.6,7.915539,-2.3155387878417972
2025-09-03,2025-09-10,4.9,7.6716847,-2.7716847419738766
2025-09-03,2025-09-11,5.1,8.294543,-3.194543266296387
2025-09-03,2025-09-12,5.8,7.325591,-1.5255910873413088
2025-09-03,2025-09-13,4.6,8.811682,-4.211681747436524
2025-09-03,2025-09-14,3.5,9.234242,-5.7342424392700195
2025-09-03,2025-09-15,5.4,7.269164,-1.8691640853881832
2025-09-03,2025-09-16,5.299999999999999,8.463284,-3.1632835388183604
2025-09-03,2025-09-17,3.8,8.316824,-4.516823959350586
2025-09-03,2025-09-18,4.5,7.588672,-3.088672161102295
2025-09-03,2025-09-19,8.0,7.2805457,0.719454288482666
2025-09-03,2025-09-20,5.6,7.4869685,-1.8869685173034672
2025-09-03,2025-09-21,2.2,7.295486,-5.095485973358154
2025-09-03,2025-09-22,3.5,7.160388,-3.6603879928588867
2025-09-03,2025-09-23,3.3,7.6907907,-4.39079065322876
2025-09-03,2025-09-24,3.7,5.9364758,-2.2364757537841795
2025-09-03,2025-09-25,3.8,7.3268576,-3.5268575668334963
2025-09-03,2025-09-26,6.8,8.753922,-1.953922462463379
2025-09-03,2025-09-27,9.7,7.238248,2.4617521286010735
2025-09-03,2025-09-28,9.6,8.232454,1.3675457000732418
2025-09-03,2025-09-29,9.8,6.5450425,3.2549574851989753
2025-09-03,2025-09-30,11.399999999999999,8.546392,2.8536075592041
2025-09-03,2025-10-01,11.7,7.069997,4.63000316619873
2025-09-03,2025-10-02,11.9,8.552355,3.34764518737793
2025-09-03,2025-10-03,4.8,7.1605644,-2.360564422607422
2025-09-04,2025-09-05,6.3,7.7565594,-1.4565593719482424
2025-09-04,2025-09-06,6.2,7.182361,-0.9823611259460447
2025-09-04,2025-09-07,5.9,7.452194,-1.5521942138671871
2025-09-04,2025-09-08,5.2,7.3804893,-2.180489349365234
2025-09-04,2025-09-09,5.6,6.256565,-0.656565093994141
2025-09-04,2025-09-10,4.9,7.919335,-3.0193348884582516
2025-09-04,2025-09-11,5.1,7.6430664,-2.5430664062500004
2025-09-04,2025-09-12,5.8,8.160305,-2.3603050231933596
2025-09-04,2025-09-13,4.6,7.3881845,-2.7881845474243168
2025-09-04,2025-09-14,3.5,8.663637,-5.163637161254883
2025-09-04,2025-09-15,5.4,9.329868,-3.9298683166503903
2025-09-04,2025-09-16,5.299999999999999,7.229038,-1.9290377616882335
2025-09-04,2025-09-17,3.8,8.57641,-4.776410293579102
2025-09-04,2025-09-18,4.5,8.158688,-3.6586875915527344
2025-09-04,2025-09-19,8.0,7.4457765,0.5542235374450684
2025-09-04,2025-09-20,5.6,7.4002695,-1.8002695083618168
2025-09-04,2025-09-21,2.2,7.565858,-5.365857887268066
2025-09-04,2025-09-22,3.5,7.274887,-3.7748870849609375
2025-09-04,2025-09-23,3.3,7.281081,-3.9810811996459963
2025-09-04,2025-09-24,3.7,7.9421043,-4.242104339599609
2025-09-04,2025-09-25,3.8,5.970007,-2.1700069427490236
2025-09-04,2025-09-26,6.8,7.438152,-0.6381518363952638
2025-09-04,2025-09-27,9.7,8.856125,0.8438751220703118
2025-09-04,2025-09-28,9.6,7.190742,2.4092579841613766
2025-09-04,2025-09-29,9.8,8.47305,1.326949882507325
2025-09-04,2025-09-30,11.399999999999999,6.617425,4.782575035095213
2025-09-04,2025-10-01,11.7,8.565387,3.1346132278442376
2025-09-04,2025-10-02,11.9,7.0956926,4.804307365417481
2025-09-04,2025-10-03,4.8,8.804163,-4.004162979125977
2025-09-04,2025-10-04,4.2,7.086418,-2.8864181518554686
2025-09-05,2025-09-06,6.2,7.6957736,-1.4957736015319822
2025-09-05,2025-09-07,5.9,7.384416,-1.4844161033630368
2025-09-05,2025-09-08,5.2,7.3235965,-2.1235964775085447
2025-09-05,2025-09-09,5.6,7.1610556,-1.5610555648803714
2025-09-05,2025-09-10,4.9,6.2060046,-1.3060046195983883
2025-09-05,2025-09-11,5.1,7.8549604,-2.754960441589356
2025-09-05,2025-09-12,5.8,7.664361,-1.8643610000610353
2025-09-05,2025-09-13,4.6,8.033051,-3.4330505371093754
2025-09-05,2025-09-14,3.5,7.5665007,-4.066500663757324
2025-09-05,2025-09-15,5.4,8.564085,-3.164085006713867
2025-09-05,2025-09-16,5.299999999999999,9.442564,-4.142564010620118
2025-09-05,2025-09-17,3.8,7.24759,-3.4475900650024416
2025-09-05,2025-09-18,4.5,8.487798,-3.987797737121582
2025-09-05,2025-09-19,8.0,8.022522,-0.02252197265625
2025-09-05,2025-09-20,5.6,7.3922997,-1.7922996520996097
2025-09-05,2025-09-21,2.2,7.330263,-5.130263137817383
2025-09-05,2025-09-22,3.5,7.5261836,-4.026183605194092
2025-09-05,2025-09-23,3.3,7.3756742,-4.075674247741699
2025-09-05,2025-09-24,3.7,7.331932,-3.6319320678710936
2025-09-05,2025-09-25,3.8,8.16663,-4.366629791259766
2025-09-05,2025-09-26,6.8,6.0539966,0.7460034370422362
2025-09-05,2025-09-27,9.7,7.370323,2.3296768188476555
2025-09-05,2025-09-28,9.6,8.726254,0.8737455368041989
2025-09-05,2025-09-29,9.8,7.0694985,2.7305014610290534
2025-09-05,2025-09-30,11.399999999999999,8.742738,2.657262229919432
2025-09-05,2025-10-01,11.7,6.636395,5.063605022430419
2025-09-05,2025-10-02,11.9,8.50428,3.395719909667969
2025-09-05,2025-10-03,4.8,7.1234875,-2.32348747253418
2025-09-05,2025-10-04,4.2,8.95397,-4.753969955444336
2025-09-05,2025-10-05,3.9000000000000004,7.0328116,-3.132811641693115
2025-09-06,2025-09-07,5.9,7.4514394,-1.5514393806457516
2025-09-06,2025-09-08,5.2,7.5680223,-2.36802225112915
2025-09-06,2025-09-09,5.6,7.102797,-1.5027970314025882
2025-09-06,2025-09-10,4.9,6.9891376,-2.0891376495361325
2025-09-06,2025-09-11,5.1,6.1309605,-1.0309604644775394
2025-09-06,2025-09-12,5.8,7.706894,-1.9068939208984377
2025-09-06,2025-09-13,4.6,7.6824007,-3.082400703430176
2025-09-06,2025-09-14,3.5,7.8345804,-4.334580421447754
2025-09-06,2025-09-15,5.4,7.5756416,-2.1756416320800778
2025-09-06,2025-09-16,5.299999999999999,8.645391,-3.3453914642333995
2025-09-06,2025-09-17,3.8,9.3939295,-5.593929481506348
2025-09-06,2025-09-18,4.5,7.511839,-3.011838912963867
2025-09-06,2025-09-19,8.0,8.364132,-0.3641319274902344
2025-09-06,2025-09-20,5.6,7.786143,-2.1861428260803226
2025-09-06,2025-09-21,2.2,7.3202267,-5.120226669311523
2025-09-06,2025-09-22,3.5,7.2977076,-3.7977075576782227
2025-09-06,2025-09-23,3.3,7.4231772,-4.123177242279053
2025-09-06,2025-09-24,3.7,7.524924,-3.824923801422119
2025-09-06,2025-09-25,3.8,7.4133415,-3.613341522216797
2025-09-06,2025-09-26,6.8,8.352888,-1.5528881072998049
2025-09-06,2025-09-27,9.7,6.2052393,3.4947607040405266
2025-09-06,2025-09-28,9.6,7.2854643,2.3145357131958004
2025-09-06,2025-09-29,9.8,8.397136,1.4028642654418952
2025-09-06,2025-09-30,11.399999999999999,7.2231064,4.176893615722655
2025-09-06,2025-10-01,11.7,8.944725,2.7552749633789055
2025-09-06,2025-10-02,11.9,6.8136916,5.086308383941651
2025-09-06,2025-10-03,4.8,8.385906,-3.585906219482422
2025-09-06,2025-10-04,4.2,7.1710267,-2.9710267066955565
2025-09-06,2025-10-05,3.9000000000000004,8.979909,-5.079908943176269
2025-09-06,2025-10-06,6.3,7.070984,-0.7709838867187502
2025-09-07,2025-09-08,5.2,7.251655,-2.051655101776123
2025-09-07,2025-09-09,5.6,7.6818795,-2.08187952041626
2025-09-07,2025-09-10,4.9,6.9498763,-2.0498763084411618
2025-09-07,2025-09-11,5.1,6.997045,-1.8970450401306156
2025-09-07,2025-09-12,5.8,5.9726586,-0.1726586341857912
2025-09-07,2025-09-13,4.6,7.555999,-2.955998802185059
2025-09-07,2025-09-14,3.5,7.7599134,-4.259913444519043
2025-09-07,2025-09-15,5.4,7.520707,-2.1207071304321286
2025-09-07,2025-09-16,5.299999999999999,7.494052,-2.1940519332885753
2025-09-07,2025-09-17,3.8,8.76241,-4.962410163879395
2025-09-07,2025-09-18,4.5,9.289799,-4.789798736572266
2025-09-07,2025-09-19,8.0,7.648936,0.35106420516967773
2025-09-07,2025-09-20,5.6,8.352788,-2.7527879714965824
2025-09-07,2025-09-21,2.2,7.560197,-5.360196876525879
2025-09-07,2025-09-22,3.5,7.2571454,-3.757145404815674
2025-09-07,2025-09-23,3.3,7.242712,-3.9427120208740236
2025-09-07,2025-09-24,3.7,7.3416815,-3.6416814804077147
2025-09-07,2025-09-25,3.8,7.6181583,-3.8181583404541017
2025-09-07,2025-09-26,6.8,7.426416,-0.6264159202575685
2025-09-07,2025-09-27,9.7,8.393006,1.3069936752319329
2025-09-07,2025-09-28,9.6,6.3159227,3.2840772628784176
2025-09-07,2025-09-29,9.8,7.1913304,2.608669567108155
2025-09-07,2025-09-30,11.399999999999999,8.225522,3.174477958679198
2025-09-07,2025-10-01,11.7,7.450726,4.249273967742919
2025-09-07,2025-10-02,11.9,9.070156,2.829843902587891
2025-09-07,2025-10-03,4.8,6.9512305,-2.151230525970459
2025-09-07,2025-10-04,4.2,8.256558,-4.056558418273926
2025-09-07,2025-10-05,3.9000000000000004,7.27172,-3.371719932556152
2025-09-07,2025-10-06,6.3,9.04958,-2.7495796203613283
2025-09-07,2025-10-07,6.7,7.142364,-0.4423640251159666
2025-09-08,2025-09-09,5.6,7.225011,-1.6250108718872074
2025-09-08,2025-09-10,4.9,7.7897778,-2.8897777557373043
2025-09-08,2025-09-11,5.1,6.996704,-1.8967041015625004
2025-09-08,2025-09-12,5.8,7.1962724,-1.396272373199463
2025-09-08,2025-09-13,4.6,5.733289,-1.1332887649536136
2025-09-08,2025-09-14,3.5,7.517083,-4.017083168029785
2025-09-08,2025-09-15,5.4,7.786918,-2.38691816329956
2025-09-08,2025-09-16,5.299999999999999,7.5912604,-2.2912604331970226
2025-09-08,2025-09-17,3.8,7.6788263,-3.8788263320922853
2025-09-08,2025-09-18,4.5,8.748461,-4.24846076965332
2025-09-08,2025-09-19,8.0,9.457009,-1.4570093154907227
2025-09-08,2025-09-20,5.6,7.6516175,-2.051617527008057
2025-09-08,2025-09-21,2.2,8.375727,-6.175726699829101
2025-09-08,2025-09-22,3.5,7.7107425,-4.210742473602295
2025-09-08,2025-09-23,3.3,7.230397,-3.9303972244262697
2025-09-08,2025-09-24,3.7,7.0661674,-3.36616735458374
2025-09-08,2025-09-25,3.8,7.204254,-3.404254150390625
2025-09-08,2025-09-26,6.8,7.66535,-0.8653499603271486
2025-09-08,2025-09-27,9.7,7.3934875,2.306512546539306
2025-09-08,2025-09-28,9.6,8.321802,1.278197860717773
2025-09-08,2025-09-29,9.8,6.33447,3.46553020477295
2025-09-08,2025-09-30,11.399999999999999,7.1193876,4.280612373352049
2025-09-08,2025-10-01,11.7,8.298733,3.40126724243164
2025-09-08,2025-10-02,11.9,7.522668,4.37733211517334
2025-09-08,2025-10-03,4.8,9.0674305,-4.2674304962158205
2025-09-08,2025-10-04,4.2,6.9206176,-2.720617580413818
2025-09-08,2025-10-05,3.9000000000000004,8.198601,-4.298600769042968
2025-09-08,2025-10-06,6.3,7.4408174,-1.1408173561096193
2025-09-08,2025-10-07,6.7,9.152992,-2.452992248535156
2025-09-08,2025-10-08,5.9,7.124166,-1.2241660118103024
2025-09-09,2025-09-10,4.9,7.3665624,-2.4665623664855953
2025-09-09,2025-09-11,5.1,7.863047,-2.7630471229553226
2025-09-09,2025-09-12,5.8,7.083477,-1.283477020263672
2025-09-09,2025-09-13,4.6,7.190283,-2.590282821655274
2025-09-09,2025-09-14,3.5,5.7935295,-2.293529510498047
2025-09-09,2025-09-15,5.4,7.4431677,-2.043167686462402
2025-09-09,2025-09-16,5.299999999999999,7.700763,-2.400763225555421
2025-09-09,2025-09-17,3.8,7.629824,-3.829824161529541
2025-09-09,2025-09-18,4.5,7.8388615,-3.3388614654541016
2025-09-09,2025-09-19,8.0,8.68302,-0.6830196380615234
2025-09-09,2025-09-20,5.6,9.570796,-3.9707960128784183
2025-09-09,2025-09-21,2.2,7.6714892,-5.4714892387390135
2025-09-09,2025-09-22,3.5,8.443012,-4.943012237548828
2025-09-09,2025-09-23,3.3,7.8212576,-4.521257591247559
2025-09-09,2025-09-24,3.7,7.1039596,-3.403959560394287
2025-09-09,2025-09-25,3.8,6.952949,-3.1529490470886232
2025-09-09,2025-09-26,6.8,7.2323184,-0.4323184013366701
2025-09-09,2025-09-27,9.7,7.8015227,1.8984772682189934
2025-09-09,2025-09-28,9.6,7.39436,2.2056399345397946
2025-09-09,2025-09-29,9.8,8.266624,1.533375549316407
2025-09-09,2025-09-30,11.399999999999999,6.2527313,5.147268676757811
2025-09-09,2025-10-01,11.7,7.269016,4.430984210968017
2025-09-09,2025-10-02,11.9,8.420483,3.4795173645019535
2025-09-09,2025-10-03,4.8,7.5601,-2.760100078582764
2025-09-09,2025-10-04,4.2,9.037481,-4.837481307983398
2025-09-09,2025-10-05,3.9000000000000004,6.7928143,-2.892814254760742
2025-09-09,2025-10-06,6.3,8.083021,-1.7830211639404299
2025-09-09,2025-10-07,6.7,7.5706525,-0.8706524848937987
2025-09-09,2025-10-08,5.9,9.203292,-3.3032918930053707
2025-09-09,2025-10-09,7.7,7.1514354,0.5485646247863771
2025-09-10,2025-09-11,5.1,7.5457716,-2.4457715988159183
2025-09-10,2025-09-12,5.8,7.9413843,-2.141384315490723
2025-09-10,2025-09-13,4.6,7.215968,-2.6159681320190433
2025-09-10,2025-09-14,3.5,7.0163803,-3.5163803100585938
2025-09-10,2025-09-15,5.4,5.997417,-0.5974169731140133
2025-09-10,2025-09-16,5.299999999999999,7.4890327,-2.189032745361329
2025-09-10,2025-09-17,3.8,7.627726,-3.8277260780334474
2025-09-10,2025-09-18,4.5,7.542301,-3.0423011779785156
2025-09-10,2025-09-19,8.0,7.9351573,0.06484270095825195
2025-09-10,2025-09-20,5.6,8.671228,-3.071228408813477
2025-09-10,2025-09-21,2.2,9.558215,-7.3582151412963865
2025-09-10,2025-09-22,3.5,7.551906,-4.051906108856201
2025-09-10,2025-09-23,3.3,8.558588,-5.258588027954102
2025-09-10,2025-09-24,3.7,7.866999,-4.16699914932251
2025-09-10,2025-09-25,3.8,6.9734173,-3.1734172821044924
2025-09-10,2025-09-26,6.8,6.9188485,-0.11884851455688494
2025-09-10,2025-09-27,9.7,7.2912498,2.4087502479553216
2025-09-10,2025-09-28,9.6,7.8882737,1.7117262840270993
2025-09-10,2025-09-29,9.8,7.3886876,2.41131238937378
2025-09-10,2025-09-30,11.399999999999999,8.206693,3.193307304382323
2025-09-10,2025-10-01,11.7,6.1896987,5.510301303863525
2025-09-10,2025-10-02,11.9,7.5321345,4.367865467071534
2025-09-10,2025-10-03,4.8,8.673829,-3.8738290786743166
2025-09-10,2025-10-04,4.2,7.504522,-3.30452184677124
2025-09-10,2025-10-05,3.9000000000000004,9.086522,-5.186522102355957
2025-09-10,2025-10-06,6.3,6.6252966,-0.3252965927124025
2025-09-10,2025-10-07,6.7,8.050153,-1.350152778625488
2025-09-10,2025-10-08,5.9,7.688215,-1.7882147789001461
2025-09-10,2025-10-09,7.7,9.195678,-1.4956777572631834
2025-09-10,2025-10-10,7.5,7.1818604,0.31813955307006836
2025-09-11,2025-09-12,5.8,7.744952,-1.944952201843262
2025-09-11,2025-09-13,4.6,7.902688,-3.302688026428223
2025-09-11,2025-09-14,3.5,7.2608085,-3.7608084678649902
2025-09-11,2025-09-15,5.4,6.8970313,-1.4970313072204586
2025-09-11,2025-09-16,5.299999999999999,6.125005,-0.8250047683715831
2025-09-11,2025-09-17,3.8,7.6511626,-3.851162624359131
2025-09-11,2025-09-18,4.5,7.5484242,-3.048424243927002
2025-09-11,2025-09-19,8.0,7.3091927,0.6908073425292969
2025-09-11,2025-09-20,5.6,7.9483676,-2.3483675956726078
2025-09-11,2025-09-21,2.2,8.628917,-6.42891674041748
2025-09-11,2025-09-22,3.5,9.52197,-6.021969795227051
2025-09-11,2025-09-23,3.3,7.444075,-4.144075107574463
2025-09-11,2025-09-24,3.7,8.684033,-4.984033393859863
2025-09-11,2025-09-25,3.8,7.9133177,-4.113317680358887
2025-09-11,2025-09-26,6.8,6.8864584,-0.08645839691162127
2025-09-11,2025-09-27,9.7,7.019226,2.6807739257812493
2025-09-11,2025-09-28,9.6,7.4868674,2.113132572174072
2025-09-11,2025-09-29,9.8,7.8881555,1.9118445396423347
2025-09-11,2025-09-30,11.399999999999999,7.3166976,4.0833024024963365
2025-09-11,2025-10-01,11.7,8.078516,3.6214839935302727
2025-09-11,2025-10-02,11.9,6.1394696,5.7605303764343265
2025-09-11,2025-10-03,4.8,7.6696534,-2.869653415679932
2025-09-11,2025-10-04,4.2,8.896496,-4.696495819091797
2025-09-11,2025-10-05,3.9000000000000004,7.47698,-3.5769802093505856
2025-09-11,2025-10-06,6.3,9.147784,-2.847784233093262
2025-09-11,2025-10-07,6.7,6.624076,0.07592411041259783
2025-09-11,2025-10-08,5.9,8.007952,-2.107951736450195
2025-09-11,2025-10-09,7.7,7.758352,-0.05835180282592756
2025-09-11,2025-10-10,7.5,9.314894,-1.8148937225341797
2025-09-11,2025-10-11,11.9,7.3013177,4.598682308197022
2025-09-12,2025-09-13,4.6,7.8356876,-3.235687637329102
2025-09-12,2025-09-14,3.5,7.894297,-4.394297122955322
2025-09-12,2025-09-15,5.4,7.1779675,-1.777967548370361
2025-09-12,2025-09-16,5.299999999999999,6.824316,-1.5243160247802745
2025-09-12,2025-09-17,3.8,6.1879344,-2.3879343986511232
2025-09-12,2025-09-18,4.5,7.7476993,-3.24769926071167
2025-09-12,2025-09-19,8.0,7.465415,0.5345849990844727
2025-09-12,2025-09-20,5.6,7.201233,-1.6012329101562504
2025-09-12,2025-09-21,2.2,7.9526753,-5.752675342559814
2025-09-12,2025-09-22,3.5,8.550866,-5.05086612701416
2025-09-12,2025-09-23,3.3,9.504841,-6.204840850830078
2025-09-12,2025-09-24,3.7,7.4884114,-3.7884114265441893
2025-09-12,2025-09-25,3.8,8.652479,-4.85247917175293
2025-09-12,2025-09-26,6.8,7.9472175,-1.1472174644470217
2025-09-12,2025-09-27,9.7,6.8715973,2.828402709960937
2025-09-12,2025-09-28,9.6,7.1322217,2.4677783012390133
2025-09-12,2025-09-29,9.8,7.6174755,2.182524490356446
2025-09-12,2025-09-30,11.399999999999999,7.887994,3.5120061874389634
2025-09-12,2025-10-01,11.7,7.242824,4.457175922393798
2025-09-12,2025-10-02,11.9,8.017158,3.8828424453735355
2025-09-12,2025-10-03,4.8,6.145499,-1.3454992294311525
2025-09-12,2025-10-04,4.2,7.6665063,-3.466506290435791
2025-09-12,2025-10-05,3.9000000000000004,8.876792,-4.976791954040527
2025-09-12,2025-10-06,6.3,7.4567747,-1.156774711608887
2025-09-12,2025-10-07,6.7,9.205372,-2.505371856689453
2025-09-12,2025-10-08,5.9,6.686895,-0.7868948936462399
2025-09-12,2025-10-09,7.7,7.9334893,-0.23348932266235334
2025-09-12,2025-10-10,7.5,7.7359185,-0.23591852188110352
2025-09-12,2025-10-11,11.9,9.391192,2.5088075637817386
2025-09-12,2025-10-12,14.8,7.3972735,7.4027264595031745
2025-09-13,2025-09-14,3.5,7.6951265,-4.195126533508301
2025-09-13,2025-09-15,5.4,7.911357,-2.511356925964355
2025-09-13,2025-09-16,5.299999999999999,7.083899,-1.7838990211486827
2025-09-13,2025-09-17,3.8,6.8413787,-3.041378688812256
2025-09-13,2025-09-18,4.5,6.212333,-1.7123332023620605
2025-09-13,2025-09-19,8.0,7.8147855,0.18521451950073242
2025-09-13,2025-09-20,5.6,7.517795,-1.9177950859069828
2025-09-13,2025-09-21,2.2,7.085406,-4.885405826568603
2025-09-13,2025-09-22,3.5,7.7967887,-4.296788692474365
2025-09-13,2025-09-23,3.3,8.737435,-5.437435340881348
2025-09-13,2025-09-24,3.7,9.34722,-5.647220420837402
2025-09-13,2025-09-25,3.8,7.693935,-3.8939349174499513
2025-09-13,2025-09-26,6.8,8.555266,-1.7552663803100588
2025-09-13,2025-09-27,9.7,7.896457,1.8035428047180169
2025-09-13,2025-09-28,9.6,6.933667,2.6663328170776364
2025-09-13,2025-09-29,9.8,7.265199,2.534800815582276
2025-09-13,2025-09-30,11.399999999999999,7.564338,3.8356617927551255
2025-09-13,2025-10-01,11.7,7.8764234,3.823576641082763
2025-09-13,2025-10-02,11.9,7.2074594,4.692540550231934
2025-09-13,2025-10-03,4.8,8.009128,-3.2091276168823244
2025-09-13,2025-10-04,4.2,6.2499423,-2.0499423027038572
2025-09-13,2025-10-05,3.9000000000000004,7.604427,-3.704426860809326
2025-09-13,2025-10-06,6.3,8.629143,-2.329142761230469
2025-09-13,2025-10-07,6.7,7.6199207,-0.9199207305908201
2025-09-13,2025-10-08,5.9,9.208936,-3.308935737609863
2025-09-13,2025-10-09,7.7,6.8381705,0.8618294715881349
2025-09-13,2025-10-10,7.5,7.9024935,-0.4024934768676758
2025-09-13,2025-10-11,11.9,7.678829,4.221170806884766
2025-09-13,2025-10-12,14.8,9.305502,5.49449806213379
2025-09-13,2025-10-13,4.7,7.438663,-2.7386630058288572
2025-09-14,2025-09-15,5.4,7.564903,-2.164902782440185
2025-09-14,2025-09-16,5.299999999999999,7.879199,-2.579199028015138
2025-09-14,2025-09-17,3.8,7.0746036,-3.27460355758667
2025-09-14,2025-09-18,4.5,7.034742,-2.5347418785095215
2025-09-14,2025-09-19,8.0,6.2096434,1.7903566360473633
2025-09-14,2025-09-20,5.6,7.8651752,-2.265175247192383
2025-09-14,2025-09-21,2.2,7.6243787,-5.424378681182861
2025-09-14,2025-09-22,3.5,7.0596466,-3.5596466064453125
2025-09-14,2025-09-23,3.3,7.5816183,-4.281618309020996
2025-09-14,2025-09-24,3.7,8.920369,-5.220369148254394
2025-09-14,2025-09-25,3.8,9.214114,-5.414114189147949
2025-09-14,2025-09-26,6.8,7.787353,-0.987353038787842
2025-09-14,2025-09-27,9.7,8.483785,1.2162153244018548
2025-09-14,2025-09-28,9.6,7.8795986,1.7204013824462887
2025-09-14,2025-09-29,9.8,7.0527606,2.7472393989562995
2025-09-14,2025-09-30,11.399999999999999,7.332878,4.06712188720703
2025-09-14,2025-10-01,11.7,7.5069795,4.19302053451538
2025-09-14,2025-10-02,11.9,7.8561134,4.04388656616211
2025-09-14,2025-10-03,4.8,7.15424,-2.354240131378174
2025-09-14,2025-10-04,4.2,7.9165473,-3.7165472984313963
2025-09-14,2025-10-05,3.9000000000000004,6.3573503,-2.457350349426269
2025-09-14,2025-10-06,6.3,7.560844,-1.2608439445495607
2025-09-14,2025-10-07,6.7,8.4555,-1.7554996490478514
2025-09-14,2025-10-08,5.9,7.759714,-1.8597141265869137
2025-09-14,2025-10-09,7.7,9.151678,-1.4516780853271483
2025-09-14,2025-10-10,7.5,6.897638,0.6023621559143066
2025-09-14,2025-10-11,11.9,7.910587,3.989413166046143
2025-09-14,2025-10-12,14.8,7.595916,7.204084205627442
2025-09-14,2025-10-13,4.7,9.174844,-4.4748437881469725
2025-09-14,2025-10-14,2.8,7.415518,-4.615517807006836
2025-09-15,2025-09-16,5.299999999999999,7.737948,-2.437947940826417
2025-09-15,2025-09-17,3.8,7.743419,-3.943419170379639
2025-09-15,2025-09-18,4.5,7.098725,-2.598724842071533
2025-09-15,2025-09-19,8.0,7.3654985,0.6345014572143555
2025-09-15,2025-09-20,5.6,5.9283185,-0.3283185005187992
2025-09-15,2025-09-21,2.2,7.9746876,-5.774687576293945
2025-09-15,2025-09-22,3.5,7.6241474,-4.124147415161133
2025-09-15,2025-09-23,3.3,7.0414863,-3.7414862632751467
2025-09-15,2025-09-24,3.7,7.5799317,-3.8799317359924315
2025-09-15,2025-09-25,3.8,8.896591,-5.096591186523438
2025-09-15,2025-09-26,6.8,9.370219,-2.5702192306518556
2025-09-15,2025-09-27,9.7,7.7808414,1.9191586494445794
2025-09-15,2025-09-28,9.6,8.639519,0.9604812622070309
2025-09-15,2025-09-29,9.8,8.100695,1.6993053436279304
2025-09-15,2025-09-30,11.399999999999999,7.0926394,4.307360553741454
2025-09-15,2025-10-01,11.7,7.404192,4.295808029174804
2025-09-15,2025-10-02,11.9,7.596024,4.30397596359253
2025-09-15,2025-10-03,4.8,7.7477317,-2.947731685638428
2025-09-15,2025-10-04,4.2,7.0302057,-2.830205726623535
2025-09-15,2025-10-05,3.9000000000000004,7.7298255,-3.8298254966735836
2025-09-15,2025-10-06,6.3,6.2751956,0.0248044013977049
2025-09-15,2025-10-07,6.7,7.39539,-0.6953900337219237
2025-09-15,2025-10-08,5.9,8.600662,-2.700662231445312
2025-09-15,2025-10-09,7.7,8.005533,-0.3055332183837889
2025-09-15,2025-10-10,7.5,8.911504,-1.411503791809082
2025-09-15,2025-10-11,11.9,6.966347,4.933652782440186
2025-09-15,2025-10-12,14.8,7.819502,6.980498123168946
2025-09-15,2025-10-13,4.7,7.7204657,-3.0204656600952147
2025-09-15,2025-10-14,2.8,9.460646,-6.66064567565918
2025-09-15,2025-10-15,3.0,7.490644,-4.4906439781188965
2025-09-16,2025-09-17,3.8,7.908988,-4.1089879989624025
2025-09-16,2025-09-18,4.5,7.7439857,-3.243985652923584
2025-09-16,2025-09-19,8.0,7.0759,0.9240999221801758
2025-09-16,2025-09-20,5.6,7.342967,-1.7429670333862308
2025-09-16,2025-09-21,2.2,5.9337606,-3.733760643005371
2025-09-16,2025-09-22,3.5,7.928736,-4.428736209869385
2025-09-16,2025-09-23,3.3,7.5474443,-4.247444343566895
2025-09-16,2025-09-24,3.7,7.1490817,-3.4490817070007322
2025-09-16,2025-09-25,3.8,7.7058463,-3.9058463096618654
2025-09-16,2025-09-26,6.8,8.844189,-2.044188690185547
2025-09-16,2025-09-27,9.7,9.51174,0.18826026916503835
2025-09-16,2025-09-28,9.6,7.843785,1.7562151908874508
2025-09-16,2025-09-29,9.8,8.780004,1.0199964523315437
2025-09-16,2025-09-30,11.399999999999999,8.20314,3.196859741210936
2025-09-16,2025-10-01,11.7,7.0221624,4.6778375625610344
2025-09-16,2025-10-02,11.9,7.47641,4.423590087890625
2025-09-16,2025-10-03,4.8,7.649213,-2.8492128372192385
2025-09-16,2025-10-04,4.2,7.87166,-3.671660232543945
2025-09-16,2025-10-05,3.9000000000000004,7.0318675,-3.1318675041198727
2025-09-16,2025-10-06,6.3,7.7582345,-1.45823450088501
2025-09-16,2025-10-07,6.7,6.1299014,0.5700985908508303
2025-09-16,2025-10-08,5.9,7.418272,-1.5182720184326168
2025-09-16,2025-10-09,7.7,8.629631,-0.9296310424804686
2025-09-16,2025-10-10,7.5,8.150902,-0.6509017944335938
2025-09-16,2025-10-11,11.9,8.757511,3.1424888610839847
2025-09-16,2025-10-12,14.8,6.9745064,7.825493621826173
2025-09-16,2025-10-13,4.7,7.704012,-3.0040119171142576
2025-09-16,2025-10-14,2.8,7.8230867,-5.023086738586426
2025-09-16,2025-10-15,3.0,9.618019,-6.618019104003906
2025-09-16,2025-10-16,4.4,7.5495353,-3.149535274505615
2025-09-17,2025-09-18,4.5,8.058083,-3.5580825805664062
2025-09-17,2025-09-19,8.0,7.869535,0.13046503067016602
2025-09-17,2025-09-20,5.6,7.1175466,-1.5175465583801273
2025-09-17,2025-09-21,2.2,7.191501,-4.991501140594482
2025-09-17,2025-09-22,3.5,6.1422987,-2.642298698425293
2025-09-17,2025-09-23,3.3,7.9512343,-4.651234340667725
2025-09-17,2025-09-24,3.7,7.484709,-3.784708786010742
2025-09-17,2025-09-25,3.8,7.262104,-3.4621040344238283
2025-09-17,2025-09-26,6.8,7.821397,-1.021396827697754
2025-09-17,2025-09-27,9.7,8.84214,0.857859802246093
2025-09-17,2025-09-28,9.6,9.556487,0.04351291656494105
2025-09-17,2025-09-29,9.8,7.7502937,2.0497062683105476
2025-09-17,2025-09-30,11.399999999999999,8.857389,2.5426105499267564
2025-09-17,2025-10-01,11.7,8.247076,3.452923965454101
2025-09-17,2025-10-02,11.9,6.959676,4.940324211120606
2025-09-17,2025-10-03,4.8,7.484512,-2.6845118522644045
2025-09-17,2025-10-04,4.2,7.660409,-3.4604089736938475
2025-09-17,2025-10-05,3.9000000000000004,8.0518,-4.1517997741699215
2025-09-17,2025-10-06,6.3,7.006793,-0.7067930221557619
2025-09-17,2025-10-07,6.7,7.780188,-1.0801880836486815
2025-09-17,2025-10-08,5.9,6.0040703,-0.10407028198242152
2025-09-17,2025-10-09,7.7,7.625747,0.07425279617309588
2025-09-17,2025-10-10,7.5,8.7587,-1.2587003707885742
2025-09-17,2025-10-11,11.9,8.139713,3.7602867126464847
2025-09-17,2025-10-12,14.8,8.708214,6.091786193847657
2025-09-17,2025-10-13,4.7,6.791327,-2.0913269996643065
2025-09-17,2025-10-14,2.8,7.6296344,-4.829634380340576
2025-09-17,2025-10-15,3.0,7.9100685,-4.910068511962891
2025-09-17,2025-10-16,4.4,9.622045,-5.222044563293457
2025-09-17,2025-10-17,6.0,7.5166316,-1.5166316032409668
2025-09-18,2025-09-19,8.0,8.147098,-0.14709758758544922
2025-09-18,2025-09-20,5.6,7.9860945,-2.386094474792481
2025-09-18,2025-09-21,2.2,7.0940695,-4.894069480895996
2025-09-18,2025-09-22,3.5,7.0522733,-3.5522732734680176
2025-09-18,2025-09-23,3.3,6.281201,-2.9812008857727053
2025-09-18,2025-09-24,3.7,7.9765816,-4.276581573486328
2025-09-18,2025-09-25,3.8,7.4547687,-3.6547686576843263
2025-09-18,2025-09-26,6.8,7.242052,-0.4420520782470705
2025-09-18,2025-09-27,9.7,7.9280148,1.7719852447509759
2025-09-18,2025-09-28,9.6,8.832196,0.7678037643432614
2025-09-18,2025-09-29,9.8,9.56722,0.23278026580810618
2025-09-18,2025-09-30,11.399999999999999,7.672978,3.7270220756530748
2025-09-18,2025-10-01,11.7,8.879733,2.820266914367675
2025-09-18,2025-10-02,11.9,8.223127,3.6768726348876957
2025-09-18,2025-10-03,4.8,6.942984,-2.1429841041564943
2025-09-18,2025-10-04,4.2,7.5276117,-3.32761173248291
2025-09-18,2025-10-05,3.9000000000000004,7.6851516,-3.7851515769958493
2025-09-18,2025-10-06,6.3,8.142489,-1.8424894332885744
2025-09-18,2025-10-07,6.7,6.967085,-0.2670848846435545
2025-09-18,2025-10-08,5.9,7.8084283,-1.9084282875061032
2025-09-18,2025-10-09,7.7,5.923502,1.7764980316162111
2025-09-18,2025-10-10,7.5,7.7238054,-0.22380542755126953
2025-09-18,2025-10-11,11.9,8.817397,3.0826028823852543
2025-09-18,2025-10-12,14.8,8.111308,6.688691902160645
2025-09-18,2025-10-13,4.7,8.736171,-4.036170768737793
2025-09-18,2025-10-14,2.8,6.7173896,-3.9173895835876467
2025-09-18,2025-10-15,3.0,7.5769176,-4.57691764831543
2025-09-18,2025-10-16,4.4,7.9581766,-3.5581766128540036
2025-09-18,2025-10-17,6.0,9.669383,-3.6693830490112305
2025-09-18,2025-10-18,9.7,7.539818,2.1601821899414055
2025-09-19,2025-09-20,5.6,8.038067,-2.4380668640136722
2025-09-19,2025-09-21,2.2,8.105356,-5.905356216430664
2025-09-19,2025-09-22,3.5,6.9888964,-3.488896369934082
2025-09-19,2025-09-23,3.3,6.930785,-3.6307851791381838
2025-09-19,2025-09-24,3.7,6.331611,-2.631611156463623
2025-09-19,2025-09-25,3.8,7.930871,-4.13087100982666
2025-09-19,2025-09-26,6.8,7.417572,-0.6175720214843752
2025-09-19,2025-09-27,9.7,7.3378987,2.36210126876831
2025-09-19,2025-09-28,9.6,8.073622,1.52637825012207
2025-09-19,2025-09-29,9.8,8.783,1.0170000076293952
2025-09-19,2025-09-30,11.399999999999999,9.614848,1.785151863098143
2025-09-19,2025-10-01,11.7,7.7367373,3.963262748718261
2025-09-19,2025-10-02,11.9,8.723022,3.1769775390625004
2025-09-19,2025-10-03,4.8,8.165008,-3.3650075912475588
2025-09-19,2025-10-04,4.2,6.968991,-2.7689908027648924
2025-09-19,2025-10-05,3.9000000000000004,7.465928,-3.5659280776977536
2025-09-19,2025-10-06,6.3,7.609767,-1.3097669601440431
2025-09-19,2025-10-07,6.7,8.203387,-1.5033872604370115
2025-09-19,2025-10-08,5.9,6.9871006,-1.0871006011962887
2025-09-19,2025-10-09,7.7,7.928429,-0.22842912673950178
2025-09-19,2025-10-10,7.5,5.9583497,1.5416502952575684
2025-09-19,2025-10-11,11.9,7.62488,4.2751201629638675
2025-09-19,2025-10-12,14.8,8.63921,6.160790252685548
2025-09-19,2025-10-13,4.7,7.95969,-3.2596900939941404
2025-09-19,2025-10-14,2.8,8.88183,-6.081830215454102
2025-09-19,2025-10-15,3.0,6.7572536,-3.757253646850586
2025-09-19,2025-10-16,4.4,7.6030097,-3.203009700775146
2025-09-19,2025-10-17,6.0,7.9057083,-1.9057083129882812
2025-09-19,2025-10-18,9.7,9.567287,0.13271255493163991
2025-09-19,2025-10-19,7.3,7.5550933,-0.25509328842163104
2025-09-20,2025-09-21,2.2,7.86245,-5.662450122833252
2025-09-20,2025-09-22,3.5,8.141657,-4.641656875610352
2025-09-20,2025-09-23,3.3,6.966187,-3.6661870002746584
2025-09-20,2025-09-24,3.7,6.9665413,-3.266541290283203
2025-09-20,2025-09-25,3.8,6.391417,-2.5914170265197756
2025-09-20,2025-09-26,6.8,8.013891,-1.2138912200927736
2025-09-20,2025-09-27,9.7,7.4508963,2.2491037368774407
2025-09-20,2025-09-28,9.6,7.23588,2.3641201019287106
2025-09-20,2025-09-29,9.8,7.91154,1.8884599685668952
2025-09-20,2025-09-30,11.399999999999999,8.987158,2.412842178344725
2025-09-20,2025-10-01,11.7,9.445689,2.254310798645019
2025-09-20,2025-10-02,11.9,7.8765464,4.023453617095948
2025-09-20,2025-10-03,4.8,8.572012,-3.772011947631836
2025-09-20,2025-10-04,4.2,8.082642,-3.8826416015625
2025-09-20,2025-10-05,3.9000000000000004,7.022425,-3.1224251747131344
2025-09-20,2025-10-06,6.3,7.506114,-1.2061140060424806
2025-09-20,2025-10-07,6.7,7.586542,-0.8865421295166014
2025-09-20,2025-10-08,5.9,8.214331,-2.314330673217773
2025-09-20,2025-10-09,7.7,6.9659395,0.7340604782104494
2025-09-20,2025-10-10,7.5,7.906451,-0.4064512252807617
2025-09-20,2025-10-11,11.9,6.0676103,5.8323897361755375
2025-09-20,2025-10-12,14.8,7.589344,7.210655975341798
2025-09-20,2025-10-13,4.7,8.458789,-3.7587888717651365
2025-09-20,2025-10-14,2.8,8.040791,-5.240790557861328
2025-09-20,2025-10-15,3.0,8.939447,-5.939447402954102
2025-09-20,2025-10-16,4.4,6.795969,-2.3959690093994137
2025-09-20,2025-10-17,6.0,7.613261,-1.6132612228393555
2025-09-20,2025-10-18,9.7,7.8585334,1.8414666175842278
2025-09-20,2025-10-19,7.3,9.404617,-2.1046173095703127
2025-09-20,2025-10-20,8.4,7.555062,0.8449381828308109
2025-09-21,2025-09-22,3.5,7.7568946,-4.256894588470459
2025-09-21,2025-09-23,3.3,8.100899,-4.800898742675781
2025-09-21,2025-09-24,3.7,6.8339047,-3.13390474319458
2025-09-21,2025-09-25,3.8,7.122226,-3.3222262382507326
2025-09-21,2025-09-26,6.8,6.3394475,0.4605525016784666
2025-09-21,2025-09-27,9.7,7.9109316,1.789068412780761
2025-09-21,2025-09-28,9.6,7.4269876,2.1730123519897457
2025-09-21,2025-09-29,9.8,7.2086635,2.5913365364074714
2025-09-21,2025-09-30,11.399999999999999,7.7527533,3.6472467422485337
2025-09-21,2025-10-01,11.7,9.059617,2.6403829574584954
2025-09-21,2025-10-02,11.9,9.35702,2.5429796218872074
2025-09-21,2025-10-03,4.8,8.085206,-3.2852060317993166
2025-09-21,2025-10-04,4.2,8.465379,-4.265378761291504
2025-09-21,2025-10-05,3.9000000000000004,8.011584,-4.111584281921386
2025-09-21,2025-10-06,6.3,7.066006,-0.7660061836242678
2025-09-21,2025-10-07,6.7,7.6274366,-0.9274366378784178
2025-09-21,2025-10-08,5.9,7.608305,-1.7083049774169918
2025-09-21,2025-10-09,7.7,8.246278,-0.5462778091430662
2025-09-21,2025-10-10,7.5,6.979722,0.5202779769897461
2025-09-21,2025-10-11,11.9,7.812763,4.087236785888672
2025-09-21,2025-10-12,14.8,6.126365,8.673634815216065
2025-09-21,2025-10-13,4.7,7.4944215,-2.7944214820861815
2025-09-21,2025-10-14,2.8,8.203642,-5.403641891479492
2025-09-21,2025-10-15,3.0,8.263407,-5.263406753540039
2025-09-21,2025-10-16,4.4,8.863413,-4.463412857055664
2025-09-21,2025-10-17,6.0,6.943336,-0.943336009979248
2025-09-21,2025-10-18,9.7,7.5593014,2.140698623657226
2025-09-21,2025-10-19,7.3,7.795058,-0.49505777359008807
2025-09-21,2025-10-20,8.4,9.326665,-0.9266649246215817
2025-09-21,2025-10-21,7.2,7.6671314,-0.46713142395019513
2025-09-22,2025-09-23,3.3,7.759111,-4.459110927581787
2025-09-22,2025-09-24,3.7,8.120788,-4.420787620544433
2025-09-22,2025-09-25,3.8,6.901617,-3.1016170501708986
2025-09-22,2025-09-26,6.8,7.428631,-0.628630828857422
2025-09-22,2025-09-27,9.7,6.199081,3.50091905593872
2025-09-22,2025-09-28,9.6,7.8517723,1.7482276916503903
2025-09-22,2025-09-29,9.8,7.3660007,2.4339993476867683
2025-09-22,2025-09-30,11.399999999999999,7.4724574,3.9275425910949693
2025-09-22,2025-10-01,11.7,7.861214,3.83878583908081
2025-09-22,2025-10-02,11.9,9.023829,2.8761705398559574
2025-09-22,2025-10-03,4.8,9.527577,-4.72757740020752
2025-09-22,2025-10-04,4.2,8.173592,-3.973591613769531
2025-09-22,2025-10-05,3.9000000000000004,8.340566,-4.440565681457519
2025-09-22,2025-10-06,6.3,8.282647,-1.9826471328735353
2025-09-22,2025-10-07,6.7,7.161051,-0.4610507965087889
2025-09-22,2025-10-08,5.9,7.501112,-1.6011119842529293
2025-09-22,2025-10-09,7.7,7.4630427,0.23695726394653338
2025-09-22,2025-10-10,7.5,8.222029,-0.7220287322998047
2025-09-22,2025-10-11,11.9,6.952388,4.947612190246582
2025-09-22,2025-10-12,14.8,7.647927,7.152073192596436
2025-09-22,2025-10-13,4.7,6.125851,-1.4258511543273924
2025-09-22,2025-10-14,2.8,7.375532,-4.575532150268555
2025-09-22,2025-10-15,3.0,8.131184,-5.131183624267578
2025-09-22,2025-10-16,4.4,8.237236,-3.8372360229492184
2025-09-22,2025-10-17,6.0,8.74258,-2.7425804138183594
2025-09-22,2025-10-18,9.7,6.8569407,2.8430592536926262
2025-09-22,2025-10-19,7.3,7.577958,-0.2779581069946291
2025-09-22,2025-10-20,8.4,7.7807336,0.6192664146423343
2025-09-22,2025-10-21,7.2,9.224041,-2.0240409851074217
2025-09-22,2025-10-22,6.6,7.6674986,-1.067498588562012
2025-09-23,2025-09-24,3.7,7.9186406,-4.218640613555908
2025-09-23,2025-09-25,3.8,8.117827,-4.317827415466309
2025-09-23,2025-09-26,6.8,7.0282135,-0.22821350097656268
2025-09-23,2025-09-27,9.7,7.5266542,2.173345756530761
2025-09-23,2025-09-28,9.6,6.3703218,3.2296782493591305
2025-09-23,2025-09-29,9.8,7.76079,2.0392101287841804
2025-09-23,2025-09-30,11.399999999999999,7.2835803,4.11641969680786
2025-09-23,2025-10-01,11.7,7.602384,4.097615909576415
2025-09-23,2025-10-02,11.9,7.9405136,3.9594863891601566
2025-09-23,2025-10-03,4.8,8.955031,-4.155031394958496
2025-09-23,2025-10-04,4.2,9.638825,-5.438825416564941
2025-09-23,2025-10-05,3.9000000000000004,8.211968,-4.311968421936035
2025-09-23,2025-10-06,6.3,8.267456,-1.9674560546875002
2025-09-23,2025-10-07,6.7,8.498473,-1.7984731674194334
2025-09-23,2025-10-08,5.9,7.1360044,-1.2360044479370114
2025-09-23,2025-10-09,7.7,7.3753257,0.32467432022094744
2025-09-23,2025-10-10,7.5,7.4613347,0.0386652946472168
2025-09-23,2025-10-11,11.9,8.288565,3.6114353179931644
2025-09-23,2025-10-12,14.8,6.9399185,7.8600814819335945
2025-09-23,2025-10-13,4.7,7.4917088,-2.791708755493164
2025-09-23,2025-10-14,2.8,6.004427,-3.204426956176758
2025-09-23,2025-10-15,3.0,7.454589,-4.454588890075684
2025-09-23,2025-10-16,4.4,8.132781,-3.7327810287475582
2025-09-23,2025-10-17,6.0,8.179763,-2.179762840270996
2025-09-23,2025-10-18,9.7,8.597199,1.1028005599975579
2025-09-23,2025-10-19,7.3,6.636472,0.6635277748107908
2025-09-23,2025-10-20,8.4,7.5436735,0.8563264846801761
2025-09-23,2025-10-21,7.2,7.752296,-0.5522959709167479
2025-09-23,2025-10-22,6.6,9.0870905,-2.4870904922485355
2025-09-23,2025-10-23,3.1,7.672257,-4.572256946563721
2025-09-24,2025-09-25,3.8,8.049747,-4.249747467041016
2025-09-24,2025-09-26,6.8,8.108979,-1.3089792251586916
2025-09-24,2025-09-27,9.7,7.0930185,2.606981468200683
2025-09-24,2025-09-28,9.6,7.4525166,2.147483444213867
2025-09-24,2025-09-29,9.8,6.5931687,3.2068312644958503
2025-09-24,2025-09-30,11.399999999999999,7.67935,3.7206501007080064
2025-09-24,2025-10-01,11.7,7.1554523,4.544547748565673
2025-09-24,2025-10-02,11.9,7.6336584,4.266341590881348
2025-09-24,2025-10-03,4.8,8.068653,-3.2686531066894533
2025-09-24,2025-10-04,4.2,8.857222,-4.6572216033935545
2025-09-24,2025-10-05,3.9000000000000004,9.676779,-5.776778793334961
2025-09-24,2025-10-06,6.3,8.239793,-1.939792823791504
2025-09-24,2025-10-07,6.7,8.25344,-1.5534399032592772
2025-09-24,2025-10-08,5.9,8.636147,-2.736146545410156
2025-09-24,2025-10-09,7.7,7.0783343,0.621665668487549
2025-09-24,2025-10-10,7.5,7.294798,0.2052021026611328
2025-09-24,2025-10-11,11.9,7.4960165,4.403983497619629
2025-09-24,2025-10-12,14.8,8.3375845,6.462415504455567
2025-09-24,2025-10-13,4.7,6.94995,-2.2499502182006834
2025-09-24,2025-10-14,2.8,7.3980093,-4.598009300231934
2025-09-24,2025-10-15,3.0,5.8920393,-2.8920392990112305
2025-09-24,2025-10-16,4.4,7.4983287,-3.0983286857604977
2025-09-24,2025-10-17,6.0,8.14678,-2.146780014038086
2025-09-24,2025-10-18,9.7,8.0799885,1.6200115203857415
2025-09-24,2025-10-19,7.3,8.53086,-1.23085994720459
2025-09-24,2025-10-20,8.4,6.5224986,1.8775013923645023
2025-09-24,2025-10-21,7.2,7.511527,-0.31152706146240217
2025-09-24,2025-10-22,6.6,7.748698,-1.1486982345581058
2025-09-24,2025-10-23,3.1,8.994178,-5.89417781829834
2025-09-24,2025-10-24,4.5,7.782882,-3.2828822135925293
2025-09-25,2025-09-26,6.8,8.120763,-1.3207628250122072
2025-09-25,2025-09-27,9.7,8.092557,1.6074430465698235
2025-09-25,2025-09-28,9.6,7.108075,2.4919248580932614
2025-09-25,2025-09-29,9.8,7.337081,2.4629190444946296
2025-09-25,2025-09-30,11.399999999999999,6.787686,4.612314128875731
2025-09-25,2025-10-01,11.7,7.6427155,4.057284545898437
2025-09-25,2025-10-02,11.9,7.006355,4.893645191192627
2025-09-25,2025-10-03,4.8,7.5573463,-2.757346343994141
2025-09-25,2025-10-04,4.2,8.170352,-3.970351982116699
2025-09-25,2025-10-05,3.9000000000000004,8.747509,-4.8475090026855465
2025-09-25,2025-10-06,6.3,9.638936,-3.3389360427856447
2025-09-25,2025-10-07,6.7,8.261906,-1.5619056701660154
2025-09-25,2025-10-08,5.9,8.199611,-2.2996107101440426
2025-09-25,2025-10-09,7.7,8.725383,-1.0253828048706053
2025-09-25,2025-10-10,7.5,7.0470552,0.4529447555541992
2025-09-25,2025-10-11,11.9,7.264983,4.635016822814942
2025-09-25,2025-10-12,14.8,7.5734034,7.226596641540528
2025-09-25,2025-10-13,4.7,8.347096,-3.6470964431762694
2025-09-25,2025-10-14,2.8,6.918501,-4.118500900268555
2025-09-25,2025-10-15,3.0,7.285872,-4.285871982574463
2025-09-25,2025-10-16,4.4,5.825719,-1.4257188796997067
2025-09-25,2025-10-17,6.0,7.4615197,-1.461519718170166
2025-09-25,2025-10-18,9.7,8.097516,1.602483940124511
2025-09-25,2025-10-19,7.3,7.915712,-0.6157118797302248
2025-09-25,2025-10-20,8.4,8.55147,-0.15146980285644496
2025-09-25,2025-10-21,7.2,6.495484,0.704516124725342
2025-09-25,2025-10-22,6.6,7.465707,-0.865706825256348
2025-09-25,2025-10-23,3.1,7.705911,-4.605911159515381
2025-09-25,2025-10-24,4.5,8.93054,-4.430540084838867
2025-09-25,2025-10-25,3.7,7.939641,-4.239640998840332
2025-09-26,2025-09-27,9.7,8.125617,1.5743829727172844
2025-09-26,2025-09-28,9.6,8.134834,1.4651657104492184
2025-09-26,2025-09-29,9.8,7.165438,2.6345618247985847
2025-09-26,2025-09-30,11.399999999999999,7.283362,4.116638088226317
2025-09-26,2025-10-01,11.7,7.0057864,4.694213581085204
2025-09-26,2025-10-02,11.9,7.6922107,4.207789325714112
2025-09-26,2025-10-03,4.8,7.005239,-2.205239009857178
2025-09-26,2025-10-04,4.2,7.4521375,-3.252137470245361
2025-09-26,2025-10-05,3.9000000000000004,8.189636,-4.28963623046875
2025-09-26,2025-10-06,6.3,8.702162,-2.40216178894043
2025-09-26,2025-10-07,6.7,9.571344,-2.8713443756103514
2025-09-26,2025-10-08,5.9,8.238105,-2.3381048202514645
2025-09-26,2025-10-09,7.7,7.997501,-0.29750089645385724
2025-09-26,2025-10-10,7.5,8.805552,-1.305551528930664
2025-09-26,2025-10-11,11.9,7.0892987,4.8107012748718265
2025-09-26,2025-10-12,14.8,7.177449,7.622550773620606
2025-09-26,2025-10-13,4.7,7.541611,-2.8416111946105955
2025-09-26,2025-10-14,2.8,8.2976,-5.497599792480469
2025-09-26,2025-10-15,3.0,6.8185635,-3.818563461303711
2025-09-26,2025-10-16,4.4,7.1654515,-2.7654515266418453
2025-09-26,2025-10-17,6.0,5.844672,0.15532779693603516
2025-09-26,2025-10-18,9.7,7.420291,2.27970905303955
2025-09-26,2025-10-19,7.3,7.994074,-0.6940738677978517
2025-09-26,2025-10-20,8.4,7.651344,0.7486561775207523
2025-09-26,2025-10-21,7.2,8.660982,-1.4609821319580076
2025-09-26,2025-10-22,6.6,6.3788886,0.22111139297485316
2025-09-26,2025-10-23,3.1,7.500757,-4.400757217407227
2025-09-26,2025-10-24,4.5,7.55783,-3.0578298568725586
2025-09-26,2025-10-25,3.7,8.720064,-5.020064163208008
2025-09-26,2025-10-26,3.0,7.9485016,-4.9485015869140625
2025-09-27,2025-09-28,9.6,7.945177,1.6548229217529293
2025-09-27,2025-09-29,9.8,8.07412,1.725880432128907
2025-09-27,2025-09-30,11.399999999999999,7.1231575,4.2768424987792955
2025-09-27,2025-10-01,11.7,7.3688793,4.331120681762695
2025-09-27,2025-10-02,11.9,7.1049547,4.795045280456543
2025-09-27,2025-10-03,4.8,7.8031635,-3.003163528442383
2025-09-27,2025-10-04,4.2,7.115576,-2.9155757904052733
2025-09-27,2025-10-05,3.9000000000000004,7.2960567,-3.396056747436523
2025-09-27,2025-10-06,6.3,7.97208,-1.6720802307128908
2025-09-27,2025-10-07,6.7,8.8715515,-2.171551513671875
2025-09-27,2025-10-08,5.9,9.398301,-3.4983011245727536
2025-09-27,2025-10-09,7.7,8.406428,-0.7064283370971678
2025-09-27,2025-10-10,7.5,7.7796655,-0.279665470123291
2025-09-27,2025-10-11,11.9,8.802847,3.0971530914306644
2025-09-27,2025-10-12,14.8,7.1816425,7.618357467651368
2025-09-27,2025-10-13,4.7,7.1763105,-2.4763105392456053
2025-09-27,2025-10-14,2.8,7.4378386,-4.637838554382324
2025-09-27,2025-10-15,3.0,8.176624,-5.176624298095703
2025-09-27,2025-10-16,4.4,6.7399197,-2.3399196624755856
2025-09-27,2025-10-17,6.0,7.0704303,-1.0704302787780762
2025-09-27,2025-10-18,9.7,5.9346642,3.7653357505798333
2025-09-27,2025-10-19,7.3,7.272317,0.027683067321777166
2025-09-27,2025-10-20,8.4,7.7280703,0.6719297409057621
2025-09-27,2025-10-21,7.2,7.6502275,-0.45022754669189435
2025-09-27,2025-10-22,6.6,8.69862,-2.0986198425292972
2025-09-27,2025-10-23,3.1,6.480218,-3.380217933654785
2025-09-27,2025-10-24,4.5,7.5794597,-3.0794596672058105
2025-09-27,2025-10-25,3.7,7.3823786,-3.682378578186035
2025-09-27,2025-10-26,3.0,8.451796,-5.45179557800293
2025-09-27,2025-10-27,4.8,7.943977,-3.1439768791198732
2025-09-28,2025-09-29,9.8,7.7431517,2.056848335266114
2025-09-28,2025-09-30,11.399999999999999,8.013789,3.3862108230590806
2025-09-28,2025-10-01,11.7,7.1679335,4.532066535949706
2025-09-28,2025-10-02,11.9,7.491674,4.408326053619385
2025-09-28,2025-10-03,4.8,7.2069764,-2.406976413726807
2025-09-28,2025-10-04,4.2,7.8850427,-3.685042667388916
2025-09-28,2025-10-05,3.9000000000000004,7.311313,-3.411313152313232
2025-09-28,2025-10-06,6.3,7.2535715,-0.9535715103149416
2025-09-28,2025-10-07,6.7,7.7760572,-1.0760572433471678
2025-09-28,2025-10-08,5.9,9.069079,-3.1690793991088864
2025-09-28,2025-10-09,7.7,9.225152,-1.525152015686035
2025-09-28,2025-10-10,7.5,8.442702,-0.9427022933959961
2025-09-28,2025-10-11,11.9,7.662182,4.2378181457519535
2025-09-28,2025-10-12,14.8,8.776595,6.02340488433838
2025-09-28,2025-10-13,4.7,7.3169403,-2.6169403076171873
2025-09-28,2025-10-14,2.8,7.1270504,-4.327050399780274
2025-09-28,2025-10-15,3.0,7.2596235,-4.2596235275268555
2025-09-28,2025-10-16,4.4,8.110294,-3.7102943420410153
2025-09-28,2025-10-17,6.0,6.651152,-0.6511521339416504
2025-09-28,2025-10-18,9.7,7.008084,2.6919161796569817
2025-09-28,2025-10-19,7.3,6.023894,1.2761061668395994
2025-09-28,2025-10-20,8.4,7.213024,1.1869758605957035
2025-09-28,2025-10-21,7.2,7.5504627,-0.35046272277832013
2025-09-28,2025-10-22,6.6,7.6500773,-1.050077342987061
2025-09-28,2025-10-23,3.1,8.665376,-5.565375709533692
2025-09-28,2025-10-24,4.5,6.551099,-2.0510988235473633
2025-09-28,2025-10-25,3.7,7.700321,-4.0003211975097654
2025-09-28,2025-10-26,3.0,7.2539673,-4.25396728515625
2025-09-28,2025-10-27,4.8,8.164039,-3.36403865814209
2025-09-28,2025-10-28,5.0,7.8742433,-2.8742432594299316
2025-09-29,2025-09-30,11.399999999999999,7.609156,3.790843868255614
2025-09-29,2025-10-01,11.7,7.965182,3.7348181724548333
2025-09-29,2025-10-02,11.9,7.3649635,4.53503646850586
2025-09-29,2025-10-03,4.8,7.807563,-3.007562828063965
2025-09-29,2025-10-04,4.2,7.1078806,-2.9078805923461912
2025-09-29,2025-10-05,3.9000000000000004,7.997748,-4.097747898101806
2025-09-29,2025-10-06,6.3,7.4294763,-1.1294762611389162
2025-09-29,2025-10-07,6.7,7.656706,-0.956705856323242
2025-09-29,2025-10-08,5.9,7.9016623,-2.0016623497009274
2025-09-29,2025-10-09,7.7,9.096627,-1.3966272354125975
2025-09-29,2025-10-10,7.5,9.338746,-1.8387460708618164
2025-09-29,2025-10-11,11.9,8.359454,3.5405458450317386
2025-09-29,2025-10-12,14.8,7.569313,7.2306869506835945
2025-09-29,2025-10-13,4.7,9.031907,-4.331907081604004
2025-09-29,2025-10-14,2.8,7.5276017,-4.727601718902588
2025-09-29,2025-10-15,3.0,6.9159045,-3.9159045219421387
2025-09-29,2025-10-16,4.4,7.0099163,-2.609916305541992
2025-09-29,2025-10-17,6.0,7.960723,-1.9607229232788086
2025-09-29,2025-10-18,9.7,6.56589,3.1341101646423333
2025-09-29,2025-10-19,7.3,6.9288254,0.3711746215820311
2025-09-29,2025-10-20,8.4,6.0612597,2.3387402534484867
2025-09-29,2025-10-21,7.2,7.0849338,0.11506624221801776
2025-09-29,2025-10-22,6.6,7.548571,-0.9485711097717289
2025-09-29,2025-10-23,3.1,7.449547,-4.349546813964844
2025-09-29,2025-10-24,4.5,8.573491,-4.073491096496582
2025-09-29,2025-10-25,3.7,6.523529,-2.823529052734375
2025-09-29,2025-10-26,3.0,7.88292,-4.882919788360596
2025-09-29,2025-10-27,4.8,7.199441,-2.399440956115723
2025-09-29,2025-10-28,5.0,7.990243,-2.9902429580688477
2025-09-29,2025-10-29,4.7,7.714179,-3.0141790390014647
2025-09-30,2025-10-01,11.7,7.666168,4.033831787109374
2025-09-30,2025-10-02,11.9,7.9302797,3.969720268249512
2025-09-30,2025-10-03,4.8,7.5088167,-2.708816719055176
2025-09-30,2025-10-04,4.2,7.8192163,-3.619216251373291
2025-09-30,2025-10-05,3.9000000000000004,7.2447696,-3.3447695732116696
2025-09-30,2025-10-06,6.3,7.978391,-1.6783911705017092
2025-09-30,2025-10-07,6.7,7.428747,-0.7287471771240233
2025-09-30,2025-10-08,5.9,7.8947573,-1.994757270812988
2025-09-30,2025-10-09,7.7,8.052944,-0.3529441833496092
2025-09-30,2025-10-10,7.5,9.038871,-1.5388708114624023
2025-09-30,2025-10-11,11.9,9.452539,2.447460556030274
2025-09-30,2025-10-12,14.8,8.299655,6.5003450393676765
2025-09-30,2025-10-13,4.7,7.5891185,-2.889118480682373
2025-09-30,2025-10-14,2.8,9.131701,-6.331701469421387
2025-09-30,2025-10-15,3.0,7.5473094,-4.547309398651123
2025-09-30,2025-10-16,4.4,6.7725716,-2.3725715637207028
2025-09-30,2025-10-17,6.0,6.9925127,-0.9925127029418945
2025-09-30,2025-10-18,9.7,7.992542,1.7074582099914544
2025-09-30,2025-10-19,7.3,6.556629,0.7433708190917967
2025-09-30,2025-10-20,8.4,6.966551,1.4334491729736332
2025-09-30,2025-10-21,7.2,5.962445,1.23755521774292
2025-09-30,2025-10-22,6.6,7.1655493,-0.5655492782592777
2025-09-30,2025-10-23,3.1,7.610504,-4.510504150390625
2025-09-30,2025-10-24,4.5,7.319452,-2.8194518089294434
2025-09-30,2025-10-25,3.7,8.493495,-4.793494987487793
2025-09-30,2025-10-26,3.0,6.4325604,-3.432560443878174
2025-09-30,2025-10-27,4.8,7.9220285,-3.1220285415649416
2025-09-30,2025-10-28,5.0,7.1911983,-2.1911983489990234
2025-09-30,2025-10-29,4.7,7.918006,-3.2180059432983397
2025-09-30,2025-10-30,5.1,7.6416216,-2.541621589660645
2025-10-01,2025-10-02,11.9,7.6811004,4.2188996315002445
2025-10-01,2025-10-03,4.8,8.12105,-3.3210498809814455
2025-10-01,2025-10-04,4.2,7.5663295,-3.366329479217529
2025-10-01,2025-10-05,3.9000000000000004,7.561569,-3.661569213867187
2025-10-01,2025-10-06,6.3,7.4161706,-1.1161705970764162
2025-10-01,2025-10-07,6.7,7.9027634,-1.2027633666992186
2025-10-01,2025-10-08,5.9,7.264174,-1.3641739845275875
2025-10-01,2025-10-09,7.7,7.8960395,-0.1960394859313963
2025-10-01,2025-10-10,7.5,8.302997,-0.8029966354370117
2025-10-01,2025-10-11,11.9,8.823246,3.0767539978027347
2025-10-01,2025-10-12,14.8,9.434042,5.36595802307129
2025-10-01,2025-10-13,4.7,8.11176,-3.411760139465332
2025-10-01,2025-10-14,2.8,7.6606016,-4.860601615905762
2025-10-01,2025-10-15,3.0,9.137696,-6.137696266174316
2025-10-01,2025-10-16,4.4,7.422117,-3.022117233276367
2025-10-01,2025-10-17,6.0,6.50443,-0.504429817199707
2025-10-01,2025-10-18,9.7,6.9954176,2.7045824050903313
2025-10-01,2025-10-19,7.3,8.055082,-0.7550823211669924
2025-10-01,2025-10-20,8.4,6.618272,1.7817281723022464
2025-10-01,2025-10-21,7.2,7.0365653,0.16343469619750994
2025-10-01,2025-10-22,6.6,6.025438,0.5745621681213375
2025-10-01,2025-10-23,3.1,7.4373503,-4.337350273132325
2025-10-01,2025-10-24,4.5,7.9461617,-3.4461617469787598
2025-10-01,2025-10-25,3.7,7.00584,-3.3058398246765135
2025-10-01,2025-10-26,3.0,8.754937,-5.754937171936035
2025-10-01,2025-10-27,4.8,6.1861906,-1.3861906051635744
2025-10-01,2025-10-28,5.0,7.8497005,-2.849700450897217
2025-10-01,2025-10-29,4.7,7.2715764,-2.571576404571533
2025-10-01,2025-10-30,5.1,7.920611,-2.820610904693604
2025-10-01,2025-10-31,4.5,7.5957565,-3.0957565307617188
2025-10-02,2025-10-03,4.8,7.6992645,-2.8992645263671877
2025-10-02,2025-10-04,4.2,8.256884,-4.05688362121582
2025-10-02,2025-10-05,3.9000000000000004,7.5136476,-3.6136475563049313
2025-10-02,2025-10-06,6.3,7.2752023,-0.9752022743225099
2025-10-02,2025-10-07,6.7,7.479623,-0.7796228408813475
2025-10-02,2025-10-08,5.9,7.9061327,-2.0061326980590817
2025-10-02,2025-10-09,7.7,7.122976,0.5770241737365724
2025-10-02,2025-10-10,7.5,7.7461753,-0.24617528915405273
2025-10-02,2025-10-11,11.9,8.445769,3.4542306900024418
2025-10-02,2025-10-12,14.8,8.607458,6.192541885375977
2025-10-02,2025-10-13,4.7,9.415856,-4.71585636138916
2025-10-02,2025-10-14,2.8,7.9639907,-5.163990688323975
2025-10-02,2025-10-15,3.0,7.692219,-4.692218780517578
2025-10-02,2025-10-16,4.4,9.028972,-4.628971672058105
2025-10-02,2025-10-17,6.0,7.2878337,-1.2878336906433105
2025-10-02,2025-10-18,9.7,6.3806224,3.3193776130676262
2025-10-02,2025-10-19,7.3,7.041399,0.2586009979248045
2025-10-02,2025-10-20,8.4,8.07888,0.3211196899414066
2025-10-02,2025-10-21,7.2,6.686256,0.5137440681457521
2025-10-02,2025-10-22,6.6,7.1225348,-0.5225347518920902
2025-10-02,2025-10-23,3.1,6.1211057,-3.021105670928955
2025-10-02,2025-10-24,4.5,7.5948706,-3.0948705673217773
2025-10-02,2025-10-25,3.7,8.195889,-4.495889472961426
2025-10-02,2025-10-26,3.0,6.7793174,-3.7793173789978027
2025-10-02,2025-10-27,4.8,9.052102,-4.252102088928223
2025-10-02,2025-10-28,5.0,6.0685573,-1.0685572624206543
2025-10-02,2025-10-29,4.7,7.7980766,-3.0980766296386717
2025-10-02,2025-10-30,5.1,7.3442693,-2.2442692756652836
2025-10-02,2025-10-31,4.5,8.03266,-3.5326595306396484
2025-10-02,2025-11-01,4.6,7.5800548,-2.9800547599792484
2025-10-03,2025-10-04,4.2,7.677067,-3.4770668029785154
2025-10-03,2025-10-05,3.9000000000000004,8.304464,-4.404464340209961
2025-10-03,2025-10-06,6.3,7.4485817,-1.1485816955566408
2025-10-03,2025-10-07,6.7,7.0449367,-0.3449366569519041
2025-10-03,2025-10-08,5.9,7.503815,-1.6038151741027828
2025-10-03,2025-10-09,7.7,8.005251,-0.30525093078613263
2025-10-03,2025-10-10,7.5,7.156203,0.3437972068786621
2025-10-03,2025-10-11,11.9,7.3401504,4.559849643707276
2025-10-03,2025-10-12,14.8,8.429586,6.37041358947754
2025-10-03,2025-10-13,4.7,8.494043,-3.7940433502197264
2025-10-03,2025-10-14,2.8,9.323557,-6.523556900024414
2025-10-03,2025-10-15,3.0,7.7451434,-4.745143413543701
2025-10-03,2025-10-16,4.4,7.73279,-3.3327899932861325
2025-10-03,2025-10-17,6.0,8.896952,-2.896951675415039
2025-10-03,2025-10-18,9.7,7.1820717,2.5179283142089837
2025-10-03,2025-10-19,7.3,6.2338185,1.0661814689636229
2025-10-03,2025-10-20,8.4,7.0952992,1.3047007560729984
2025-10-03,2025-10-21,7.2,8.018415,-0.8184154510498045
2025-10-03,2025-10-22,6.6,6.7130585,-0.11305847167968786
2025-10-03,2025-10-23,3.1,7.1445694,-4.044569396972657
2025-10-03,2025-10-24,4.5,6.2666273,-1.766627311706543
2025-10-03,2025-10-25,3.7,7.746478,-4.0464780807495115
2025-10-03,2025-10-26,3.0,8.493807,-5.493806838989258
2025-10-03,2025-10-27,4.8,6.6171327,-1.8171326637268068
2025-10-03,2025-10-28,5.0,9.360056,-4.360055923461914
2025-10-03,2025-10-29,4.7,5.9635577,-1.263557720184326
2025-10-03,2025-10-30,5.1,7.7953153,-2.695315265655518
2025-10-03,2025-10-31,4.5,7.415601,-2.9156007766723633
2025-10-03,2025-11-01,4.6,8.197347,-3.597346687316895
2025-10-03,2025-11-02,4.7,7.5355935,-2.835593509674072
2025-10-04,2025-10-05,3.9000000000000004,7.6596503,-3.759650325775146
2025-10-04,2025-10-06,6.3,8.179532,-1.879532051086426
2025-10-04,2025-10-07,6.7,7.261199,-0.5611989974975584
2025-10-04,2025-10-08,5.9,7.094493,-1.1944929122924801
2025-10-04,2025-10-09,7.7,7.2716737,0.42832632064819354
2025-10-04,2025-10-10,7.5,8.069441,-0.5694408416748047
2025-10-04,2025-10-11,11.9,7.28252,4.617480182647705
2025-10-04,2025-10-12,14.8,6.8437705,7.956229496002198
2025-10-04,2025-10-13,4.7,8.195437,-3.495437431335449
2025-10-04,2025-10-14,2.8,8.440038,-5.640037727355957
2025-10-04,2025-10-15,3.0,9.181564,-6.1815643310546875
2025-10-04,2025-10-16,4.4,7.764932,-3.3649321556091305
2025-10-04,2025-10-17,6.0,7.8831778,-1.8831777572631836
2025-10-04,2025-10-18,9.7,8.659139,1.0408613204956048
2025-10-04,2025-10-19,7.3,7.1085,0.19149999618530256
2025-10-04,2025-10-20,8.4,6.439689,1.9603108406066898
2025-10-04,2025-10-21,7.2,7.295825,-0.09582500457763654
2025-10-04,2025-10-22,6.6,7.8521123,-1.2521122932434086
2025-10-04,2025-10-23,3.1,6.7845206,-3.684520626068115
2025-10-04,2025-10-24,4.5,7.1660614,-2.6660614013671875
2025-10-04,2025-10-25,3.7,6.3798633,-2.6798632621765135
2025-10-04,2025-10-26,3.0,7.706074,-4.706074237823486
2025-10-04,2025-10-27,4.8,8.592107,-3.792106819152832
2025-10-04,2025-10-28,5.0,6.9165473,-1.9165472984313965
2025-10-04,2025-10-29,4.7,9.467581,-4.767580795288086
2025-10-04,2025-10-30,5.1,6.2115874,-1.1115874290466312
2025-10-04,2025-10-31,4.5,7.759328,-3.2593278884887695
2025-10-04,2025-11-01,4.6,7.5007935,-2.9007934570312504
2025-10-04,2025-11-02,4.7,8.621497,-3.9214971542358397
2025-10-04,2025-11-03,4.2,7.6302547,-3.4302547454833983
2025-10-05,2025-10-06,6.3,7.5253487,-1.2253486633300783
2025-10-05,2025-10-07,6.7,8.176819,-1.4768188476562498
2025-10-05,2025-10-08,5.9,7.0604687,-1.1604686737060543
2025-10-05,2025-10-09,7.7,7.104808,0.5951921463012697
2025-10-05,2025-10-10,7.5,7.0583353,0.4416646957397461
2025-10-05,2025-10-11,11.9,7.8993545,4.000645542144776
2025-10-05,2025-10-12,14.8,7.4518723,7.3481276512146
2025-10-05,2025-10-13,4.7,6.6178346,-1.9178345680236815
2025-10-05,2025-10-14,2.8,8.099824,-5.299823951721192
2025-10-05,2025-10-15,3.0,8.420491,-5.4204912185668945
2025-10-05,2025-10-16,4.4,9.065332,-4.665332412719726
2025-10-05,2025-10-17,6.0,7.8417487,-1.8417487144470215
2025-10-05,2025-10-18,9.7,8.034139,1.6658613204956048
2025-10-05,2025-10-19,7.3,8.389529,-1.0895292282104494
2025-10-05,2025-10-20,8.4,7.0980644,1.3019355773925785
2025-10-05,2025-10-21,7.2,6.5743995,0.6256005287170412
2025-10-05,2025-10-22,6.6,7.2896886,-0.6896885871887211
2025-10-05,2025-10-23,3.1,7.83796,-4.73795976638794
2025-10-05,2025-10-24,4.5,6.892722,-2.3927221298217773
2025-10-05,2025-10-25,3.7,7.3277974,-3.6277974128723143
2025-10-05,2025-10-26,3.0,6.4660997,-3.466099739074707
2025-10-05,2025-10-27,4.8,7.6468673,-2.8468672752380373
2025-10-05,2025-10-28,5.0,8.486046,-3.4860458374023438
2025-10-05,2025-10-29,4.7,7.2265882,-2.526588249206543
2025-10-05,2025-10-30,5.1,9.488911,-4.3889106750488285
2025-10-05,2025-10-31,4.5,6.4336977,-1.9336977005004883
2025-10-05,2025-11-01,4.6,7.6607776,-3.060777568817139
2025-10-05,2025-11-02,4.7,7.5863023,-2.886302280426025
2025-10-05,2025-11-03,4.2,8.973782,-4.773781585693359
2025-10-05,2025-11-04,4.7,7.697794,-2.997793960571289
2025-10-06,2025-10-07,6.7,7.4470344,-0.7470343589782713
2025-10-06,2025-10-08,5.9,8.338633,-2.4386325836181637
2025-10-06,2025-10-09,7.7,7.0272646,0.6727354049682619
2025-10-06,2025-10-10,7.5,7.1962447,0.3037552833557129
2025-10-06,2025-10-11,11.9,6.7673154,5.13268461227417
2025-10-06,2025-10-12,14.8,7.8252378,6.974762248992921
2025-10-06,2025-10-13,4.7,7.550877,-2.8508770942687987
2025-10-06,2025-10-14,2.8,6.8345137,-4.034513664245606
2025-10-06,2025-10-15,3.0,8.328885,-5.328885078430176
2025-10-06,2025-10-16,4.4,8.390287,-3.990287399291992
2025-10-06,2025-10-17,6.0,9.254476,-3.2544755935668945
2025-10-06,2025-10-18,9.7,7.7757354,1.9242646217346184
2025-10-06,2025-10-19,7.3,8.070771,-0.7707712173461916
2025-10-06,2025-10-20,8.4,8.440647,-0.04064712524414027
2025-10-06,2025-10-21,7.2,7.1002913,0.09970874786376971
2025-10-06,2025-10-22,6.6,6.431984,0.1680160522460934
2025-10-06,2025-10-23,3.1,7.048751,-3.948750877380371
2025-10-06,2025-10-24,4.5,7.886403,-3.3864030838012695
2025-10-06,2025-10-25,3.7,6.907575,-3.2075751304626463
2025-10-06,2025-10-26,3.0,7.4074564,-4.407456398010254
2025-10-06,2025-10-27,4.8,6.4679003,-1.6679002761840822
2025-10-06,2025-10-28,5.0,7.5814266,-2.5814266204833984
2025-10-06,2025-10-29,4.7,8.5297785,-3.829778480529785
2025-10-06,2025-10-30,5.1,7.2347693,-2.1347693443298343
2025-10-06,2025-10-31,4.5,9.54108,-5.041080474853516
2025-10-06,2025-11-01,4.6,6.4412193,-1.8412193298339847
2025-10-06,2025-11-02,4.7,7.653311,-2.9533107757568358
2025-10-06,2025-11-03,4.2,7.735933,-3.5359328269958494
2025-10-06,2025-11-04,4.7,9.102296,-4.402295875549316
2025-10-06,2025-11-05,8.8,7.602852,1.1971481323242195
2025-10-07,2025-10-08,5.9,7.526498,-1.6264978408813473
2025-10-07,2025-10-09,7.7,8.535942,-0.8359420776367186
2025-10-07,2025-10-10,7.5,7.08158,0.41841983795166016
2025-10-07,2025-10-11,11.9,7.064312,4.8356880187988285
2025-10-07,2025-10-12,14.8,6.8451743,7.954825687408448
2025-10-07,2025-10-13,4.7,7.764131,-3.0641310691833494
2025-10-07,2025-10-14,2.8,7.586676,-4.786676120758057
2025-10-07,2025-10-15,3.0,6.882061,-3.882061004638672
2025-10-07,2025-10-16,4.4,8.55479,-4.154789543151855
2025-10-07,2025-10-17,6.0,8.392013,-2.392012596130371
2025-10-07,2025-10-18,9.7,9.389292,0.3107082366943352
2025-10-07,2025-10-19,7.3,7.6809163,-0.38091630935668963
2025-10-07,2025-10-20,8.4,8.16452,0.23547973632812536
2025-10-07,2025-10-21,7.2,8.427446,-1.2274463653564451
2025-10-07,2025-10-22,6.6,6.9912953,-0.3912953376770023
2025-10-07,2025-10-23,3.1,6.2828116,-3.182811641693115
2025-10-07,2025-10-24,4.5,6.9937987,-2.4937987327575684
2025-10-07,2025-10-25,3.7,8.081198,-4.381197738647461
2025-10-07,2025-10-26,3.0,6.9591517,-3.9591517448425293
2025-10-07,2025-10-27,4.8,7.542484,-2.7424838066101076
2025-10-07,2025-10-28,5.0,6.3933654,-1.3933653831481934
2025-10-07,2025-10-29,4.7,7.806244,-3.106243896484375
2025-10-07,2025-10-30,5.1,8.7283325,-3.6283325195312504
2025-10-07,2025-10-31,4.5,7.229505,-2.7295050621032715
2025-10-07,2025-11-01,4.6,9.644288,-5.044288063049317
2025-10-07,2025-11-02,4.7,6.2700515,-1.5700514793395994
2025-10-07,2025-11-03,4.2,7.590708,-3.390707778930664
2025-10-07,2025-11-04,4.7,7.90631,-3.2063100814819334
2025-10-07,2025-11-05,8.8,9.189449,-0.38944931030273366
2025-10-07,2025-11-06,8.2,7.5245366,0.6754633903503411
2025-10-08,2025-10-09,7.7,7.5692396,0.1307603836059572
2025-10-08,2025-10-10,7.5,8.790709,-1.2907085418701172
2025-10-08,2025-10-11,11.9,7.14105,4.758950138092041
2025-10-08,2025-10-12,14.8,6.8496804,7.9503195762634284
2025-10-08,2025-10-13,4.7,7.021288,-2.32128791809082
2025-10-08,2025-10-14,2.8,7.755241,-4.955240917205811
2025-10-08,2025-10-15,3.0,7.604969,-4.604969024658203
2025-10-08,2025-10-16,4.4,6.935164,-2.5351639747619625
2025-10-08,2025-10-17,6.0,8.780761,-2.7807607650756836
2025-10-08,2025-10-18,9.7,8.40525,1.2947504043579094
2025-10-08,2025-10-19,7.3,9.421971,-2.121971321105957
2025-10-08,2025-10-20,8.4,7.538405,0.8615950584411625
2025-10-08,2025-10-21,7.2,8.2180195,-1.0180194854736326
2025-10-08,2025-10-22,6.6,8.355229,-1.7552293777465824
2025-10-08,2025-10-23,3.1,6.9099464,-3.8099464416503905
2025-10-08,2025-10-24,4.5,6.1867476,-1.6867475509643555
2025-10-08,2025-10-25,3.7,6.9319506,-3.231950569152832
2025-10-08,2025-10-26,3.0,8.255282,-5.255282402038574
2025-10-08,2025-10-27,4.8,6.9996037,-2.1996037483215334
2025-10-08,2025-10-28,5.0,7.71255,-2.712550163269043
2025-10-08,2025-10-29,4.7,6.3471856,-1.6471856117248533
2025-10-08,2025-10-30,5.1,8.056083,-2.9560827255249027
2025-10-08,2025-10-31,4.5,8.918427,-4.418427467346191
2025-10-08,2025-11-01,4.6,7.1320095,-2.5320095062255863
2025-10-08,2025-11-02,4.7,9.8194,-5.119399833679199
2025-10-08,2025-11-03,4.2,6.0898585,-1.8898585319519041
2025-10-08,2025-11-04,4.7,7.576636,-2.8766358375549315
2025-10-08,2025-11-05,8.8,8.054157,0.7458427429199226
2025-10-08,2025-11-06,8.2,9.202126,-1.002125549316407
2025-10-08,2025-11-07,7.3,7.4457903,-0.1457902908325197
2025-10-09,2025-10-10,7.5,7.5929337,-0.09293365478515625
2025-10-09,2025-10-11,11.9,8.99956,2.9004396438598636
2025-10-09,2025-10-12,14.8,7.163315,7.636685180664063
2025-10-09,2025-10-13,4.7,6.755446,-2.0554459571838377
2025-10-09,2025-10-14,2.8,7.15847,-4.358470153808594
2025-10-09,2025-10-15,3.0,7.8109217,-4.810921669006348
2025-10-09,2025-10-16,4.4,7.5694985,-3.169498538970947
2025-10-09,2025-10-17,6.0,6.9775696,-0.977569580078125
2025-10-09,2025-10-18,9.7,8.92937,0.7706300735473626
2025-10-09,2025-10-19,7.3,8.395282,-1.095281791687012
2025-10-09,2025-10-20,8.4,9.415349,-1.0153490066528317
2025-10-09,2025-10-21,7.2,7.418518,-0.21851806640624982
2025-10-09,2025-10-22,6.6,8.16945,-1.5694498062133793
2025-10-09,2025-10-23,3.1,8.262406,-5.162406349182129
2025-10-09,2025-10-24,4.5,6.912545,-2.4125452041625977
2025-10-09,2025-10-25,3.7,6.1750207,-2.475020694732666
2025-10-09,2025-10-26,3.0,6.978652,-3.978652000427246
2025-10-09,2025-10-27,4.8,8.378519,-3.5785190582275392
2025-10-09,2025-10-28,5.0,7.002369,-2.002368927001953
2025-10-09,2025-10-29,4.7,7.807483,-3.1074831962585447
2025-10-09,2025-10-30,5.1,6.3283725,-1.2283724784851078
2025-10-09,2025-10-31,4.5,8.163606,-3.6636056900024414
2025-10-09,2025-11-01,4.6,9.000536,-4.400535964965821
2025-10-09,2025-11-02,4.7,7.018981,-2.3189809799194334
2025-10-09,2025-11-03,4.2,9.997839,-5.797838973999023
2025-10-09,2025-11-04,4.7,5.9614162,-1.2614162445068358
2025-10-09,2025-11-05,8.8,7.548394,1.2516057968139656
2025-10-09,2025-11-06,8.2,8.155991,0.04400939941406179
2025-10-09,2025-11-07,7.3,9.260979,-1.960978698730469
2025-10-09,2025-11-08,12.4,7.3927183,5.007281684875489
2025-10-10,2025-10-11,11.9,7.5255895,4.37441053390503
2025-10-10,2025-10-12,14.8,9.21411,5.585889625549317
2025-10-10,2025-10-13,4.7,7.187278,-2.487277793884277
2025-10-10,2025-10-14,2.8,6.6422067,-3.84220666885376
2025-10-10,2025-10-15,3.0,7.3359685,-4.335968494415283
2025-10-10,2025-10-16,4.4,7.8283834,-3.4283834457397457
2025-10-10,2025-10-17,6.0,7.664504,-1.664504051208496
2025-10-10,2025-10-18,9.7,7.0116982,2.688301753997802
2025-10-10,2025-10-19,7.3,9.047286,-1.7472860336303713
2025-10-10,2025-10-20,8.4,8.473458,-0.0734582901000973
2025-10-10,2025-10-21,7.2,9.369768,-2.169768142700195
2025-10-10,2025-10-22,6.6,7.3110347,-0.7110346794128422
2025-10-10,2025-10-23,3.1,8.043107,-4.943107032775879
2025-10-10,2025-10-24,4.5,8.101798,-3.6017980575561523
2025-10-10,2025-10-25,3.7,6.9953084,-3.2953083992004393
2025-10-10,2025-10-26,3.0,6.1281114,-3.1281113624572754
2025-10-10,2025-10-27,4.8,6.909423,-2.1094228744506838
2025-10-10,2025-10-28,5.0,8.505329,-3.505329132080078
2025-10-10,2025-10-29,4.7,7.0179915,-2.317991542816162
2025-10-10,2025-10-30,5.1,7.9686074,-2.8686074256896976
2025-10-10,2025-10-31,4.5,6.363639,-1.8636388778686523
2025-10-10,2025-11-01,4.6,8.186489,-3.5864891052246097
2025-10-10,2025-11-02,4.7,8.9315405,-4.231540489196777
2025-10-10,2025-11-03,4.2,6.9235926,-2.7235925674438475
2025-10-10,2025-11-04,4.7,10.13114,-5.431139755249023
2025-10-10,2025-11-05,8.8,5.849271,2.950729179382325
2025-10-10,2025-11-06,8.2,7.5801935,0.6198064804077141
2025-10-10,2025-11-07,7.3,8.235966,-0.9359657287597658
2025-10-10,2025-11-08,12.4,9.241831,3.1581691741943363
2025-10-10,2025-11-09,8.8,7.3022146,1.4977853775024421
2025-10-11,2025-10-12,14.8,7.3172703,7.482729721069337
2025-10-11,2025-10-13,4.7,9.330573,-4.630573081970215
2025-10-11,2025-10-14,2.8,7.0523705,-4.252370548248291
2025-10-11,2025-10-15,3.0,6.5635753,-3.563575267791748
2025-10-11,2025-10-16,4.4,7.3885045,-2.9885045051574703
2025-10-11,2025-10-17,6.0,7.7132597,-1.7132596969604492
2025-10-11,2025-10-18,9.7,7.6561837,2.0438162803649895
2025-10-11,2025-10-19,7.3,7.02738,0.2726200103759764
2025-10-11,2025-10-20,8.4,8.988507,-0.5885072708129879
2025-10-11,2025-10-21,7.2,8.5671015,-1.36710147857666
2025-10-11,2025-10-22,6.6,9.272794,-2.672793769836426
2025-10-11,2025-10-23,3.1,7.5482783,-4.448278331756592
2025-10-11,2025-10-24,4.5,7.8453674,-3.345367431640625
2025-10-11,2025-10-25,3.7,7.8723536,-4.1723535537719725
2025-10-11,2025-10-26,3.0,7.037938,-4.037938117980957
2025-10-11,2025-10-27,4.8,6.185758,-1.3857581138610842
2025-10-11,2025-10-28,5.0,6.866057,-1.8660569190979004
2025-10-11,2025-10-29,4.7,8.580851,-3.880850601196289
2025-10-11,2025-10-30,5.1,7.134094,-2.0340942382812504
2025-10-11,2025-10-31,4.5,8.0997,-3.5996999740600586
2025-10-11,2025-11-01,4.6,6.5053377,-1.9053377151489261
2025-10-11,2025-11-02,4.7,8.20502,-3.505019950866699
2025-10-11,2025-11-03,4.2,8.617672,-4.417671966552734
2025-10-11,2025-11-04,4.7,7.047816,-2.3478157997131346
2025-10-11,2025-11-05,8.8,10.233208,-1.433207702636718
2025-10-11,2025-11-06,8.2,5.984884,2.2151162147521966
2025-10-11,2025-11-07,7.3,7.593673,-0.2936732292175295
2025-10-11,2025-11-08,12.4,8.18722,4.212780380249024
2025-10-11,2025-11-09,8.8,9.087602,-0.2876016616821282
2025-10-11,2025-11-10,4.4,7.336416,-2.9364157676696774
2025-10-12,2025-10-13,4.7,7.1603346,-2.460334587097168
2025-10-12,2025-10-14,2.8,9.365595,-6.565594863891602
2025-10-12,2025-10-15,3.0,6.98229,-3.9822897911071777
2025-10-12,2025-10-16,4.4,6.594845,-2.194844818115234
2025-10-12,2025-10-17,6.0,7.4101,-1.410099983215332
2025-10-12,2025-10-18,9.7,7.5940332,2.1059667587280266
2025-10-12,2025-10-19,7.3,7.604081,-0.3040811538696291
2025-10-12,2025-10-20,8.4,6.990411,1.4095891952514652
2025-10-12,2025-10-21,7.2,8.910536,-1.7105358123779295
2025-10-12,2025-10-22,6.6,8.638015,-2.0380147933959964
2025-10-12,2025-10-23,3.1,9.183567,-6.083567047119141
2025-10-12,2025-10-24,4.5,7.768156,-3.268156051635742
2025-10-12,2025-10-25,3.7,7.695494,-3.995494174957275
2025-10-12,2025-10-26,3.0,7.7642145,-4.764214515686035
2025-10-12,2025-10-27,4.8,7.065127,-2.265126895904541
2025-10-12,2025-10-28,5.0,6.1930985,-1.193098545074463
2025-10-12,2025-10-29,4.7,6.8507743,-2.15077428817749
2025-10-12,2025-10-30,5.1,8.6374655,-3.5374654769897464
2025-10-12,2025-10-31,4.5,7.212793,-2.7127928733825684
2025-10-12,2025-11-01,4.6,8.082633,-3.4826330184936527
2025-10-12,2025-11-02,4.7,6.633915,-1.9339149475097654
2025-10-12,2025-11-03,4.2,8.182718,-3.982718276977539
2025-10-12,2025-11-04,4.7,8.374318,-3.6743181228637694
2025-10-12,2025-11-05,8.8,7.174389,1.6256111145019538
2025-10-12,2025-11-06,8.2,10.252825,-2.052824783325196
2025-10-12,2025-11-07,7.3,6.096428,1.203572082519531
2025-10-12,2025-11-08,12.4,7.5815897,4.8184103012084964
2025-10-12,2025-11-09,8.8,8.150836,0.649164009094239
2025-10-12,2025-11-10,4.4,8.895967,-4.495966529846191
2025-10-12,2025-11-11,5.0,7.4367123,-2.4367122650146484
2025-10-13,2025-10-14,2.8,7.1956553,-4.395655345916748
2025-10-13,2025-10-15,3.0,9.372951,-6.372950553894043
2025-10-13,2025-10-16,4.4,7.0874043,-2.6874042510986325
2025-10-13,2025-10-17,6.0,6.7579083,-0.7579083442687988
2025-10-13,2025-10-18,9.7,7.3251886,2.374811363220214
2025-10-13,2025-10-19,7.3,7.634337,-0.33433694839477557
2025-10-13,2025-10-20,8.4,7.50275,0.8972500801086429
2025-10-13,2025-10-21,7.2,7.1044993,0.09550065994262713
2025-10-13,2025-10-22,6.6,9.00225,-2.4022497177124027
2025-10-13,2025-10-23,3.1,8.650947,-5.550946617126465
2025-10-13,2025-10-24,4.5,9.284191,-4.784191131591797
2025-10-13,2025-10-25,3.7,7.7798185,-4.079818534851074
2025-10-13,2025-10-26,3.0,7.623854,-4.623854160308838
2025-10-13,2025-10-27,4.8,8.034858,-3.234857749938965
2025-10-13,2025-10-28,5.0,7.0657096,-2.0657095909118652
2025-10-13,2025-10-29,4.7,6.0501976,-1.3501976013183592
2025-10-13,2025-10-30,5.1,6.768553,-1.6685527801513675
2025-10-13,2025-10-31,4.5,8.592812,-4.092811584472656
2025-10-13,2025-11-01,4.6,7.17017,-2.570169830322266
2025-10-13,2025-11-02,4.7,7.817116,-3.117115783691406
2025-10-13,2025-11-03,4.2,6.660273,-2.4602730751037596
2025-10-13,2025-11-04,4.7,8.237217,-3.5372169494628904
2025-10-13,2025-11-05,8.8,8.50565,0.2943504333496101
2025-10-13,2025-11-06,8.2,7.108678,1.0913221359252923
2025-10-13,2025-11-07,7.3,10.239743,-2.939743232727051
2025-10-13,2025-11-08,12.4,6.030492,6.369508171081543
2025-10-13,2025-11-09,8.8,7.617177,1.1828229904174812
2025-10-13,2025-11-10,4.4,8.194036,-3.7940355300903317
2025-10-13,2025-11-11,5.0,8.7203,-3.72029972076416
2025-10-13,2025-11-12,7.7,7.469304,0.23069591522216815
2025-10-14,2025-10-15,3.0,7.440854,-4.440854072570801
2025-10-14,2025-10-16,4.4,9.327637,-4.92763671875
2025-10-14,2025-10-17,6.0,7.1760287,-1.1760287284851074
2025-10-14,2025-10-18,9.7,6.802502,2.897497844696044
2025-10-14,2025-10-19,7.3,7.4144692,-0.11446924209594744
2025-10-14,2025-10-20,8.4,7.643267,0.7567328453063968
2025-10-14,2025-10-21,7.2,7.39337,-0.1933701515197752
2025-10-14,2025-10-22,6.6,7.035636,-0.4356359481811527
2025-10-14,2025-10-23,3.1,8.9935,-5.893499755859375
2025-10-14,2025-10-24,4.5,8.571095,-4.0710954666137695
2025-10-14,2025-10-25,3.7,9.339705,-5.639705467224121
2025-10-14,2025-10-26,3.0,7.74788,-4.747879981994629
2025-10-14,2025-10-27,4.8,7.6668067,-2.866806697845459
2025-10-14,2025-10-28,5.0,8.189606,-3.189605712890625
2025-10-14,2025-10-29,4.7,6.9370546,-2.237054634094238
2025-10-14,2025-10-30,5.1,6.040201,-0.9402011871337894
2025-10-14,2025-10-31,4.5,6.9066987,-2.406698703765869
2025-10-14,2025-11-01,4.6,8.577126,-3.9771255493164066
2025-10-14,2025-11-02,4.7,7.1542563,-2.4542563438415526
2025-10-14,2025-11-03,4.2,7.5995407,-3.3995407104492186
2025-10-14,2025-11-04,4.7,6.550675,-1.8506749153137205
2025-10-14,2025-11-05,8.8,8.472031,0.3279693603515632
2025-10-14,2025-11-06,8.2,8.75222,-0.5522201538085945
2025-10-14,2025-11-07,7.3,7.136923,0.16307716369628888
2025-10-14,2025-11-08,12.4,10.193111,2.206888580322266
2025-10-14,2025-11-09,8.8,5.8717914,2.9282086372375495
2025-10-14,2025-11-10,4.4,7.5944166,-3.1944166183471676
2025-10-14,2025-11-11,5.0,8.236317,-3.236316680908203
2025-10-14,2025-11-12,7.7,8.70509,-1.0050895690917967
2025-10-14,2025-11-13,7.4,7.524716,-0.12471590042114222
2025-10-15,2025-10-16,4.4,7.6298437,-3.229843711853027
2025-10-15,2025-10-17,6.0,9.29498,-3.294980049133301
2025-10-15,2025-10-18,9.7,7.1705337,2.5294663429260247
2025-10-15,2025-10-19,7.3,6.7366395,0.5633605003356932
2025-10-15,2025-10-20,8.4,7.5432405,0.8567594528198246
2025-10-15,2025-10-21,7.2,7.618654,-0.41865377426147443
2025-10-15,2025-10-22,6.6,7.2505684,-0.6505683898925785
2025-10-15,2025-10-23,3.1,6.9694643,-3.869464302062988
2025-10-15,2025-10-24,4.5,9.006528,-4.506527900695801
2025-10-15,2025-10-25,3.7,8.459918,-4.7599180221557615
2025-10-15,2025-10-26,3.0,9.32661,-6.3266096115112305
2025-10-15,2025-10-27,4.8,7.754985,-2.9549848556518556
2025-10-15,2025-10-28,5.0,7.7102776,-2.710277557373047
2025-10-15,2025-10-29,4.7,8.3115835,-3.6115835189819334
2025-10-15,2025-10-30,5.1,6.810734,-1.710733795166016
2025-10-15,2025-10-31,4.5,6.076878,-1.5768780708312988
2025-10-15,2025-11-01,4.6,7.0298414,-2.4298414230346683
2025-10-15,2025-11-02,4.7,8.557102,-3.8571022033691404
2025-10-15,2025-11-03,4.2,7.1540666,-2.9540665626525877
2025-10-15,2025-11-04,4.7,7.4394283,-2.7394283294677733
2025-10-15,2025-11-05,8.8,6.439879,2.3601210594177253
2025-10-15,2025-11-06,8.2,8.643964,-0.443963813781739
2025-10-15,2025-11-07,7.3,8.914301,-1.6143009185791017
2025-10-15,2025-11-08,12.4,7.1492243,5.250775718688965
2025-10-15,2025-11-09,8.8,10.153729,-1.3537294387817376
2025-10-15,2025-11-10,4.4,5.776369,-1.3763690948486325
2025-10-15,2025-11-11,5.0,7.5391674,-2.5391674041748047
2025-10-15,2025-11-12,7.7,8.255165,-0.5551651000976561
2025-10-15,2025-11-13,7.4,8.713797,-1.3137966156005856
2025-10-15,2025-11-14,12.5,7.642905,4.857094764709473
2025-10-16,2025-10-17,6.0,7.718533,-1.7185330390930176
2025-10-16,2025-10-18,9.7,9.246032,0.4539682388305657
2025-10-16,2025-10-19,7.3,7.1186166,0.18138341903686506
2025-10-16,2025-10-20,8.4,6.678078,1.721921825408936
2025-10-16,2025-10-21,7.2,7.645355,-0.4453552246093748
2025-10-16,2025-10-22,6.6,7.643717,-1.0437168121337894
2025-10-16,2025-10-23,3.1,7.133483,-4.033482933044434
2025-10-16,2025-10-24,4.5,6.9200706,-2.4200706481933594
2025-10-16,2025-10-25,3.7,8.998471,-5.298471260070801
2025-10-16,2025-10-26,3.0,8.357115,-5.357114791870117
2025-10-16,2025-10-27,4.8,9.301905,-4.501904678344727
2025-10-16,2025-10-28,5.0,7.78104,-2.7810401916503906
2025-10-16,2025-10-29,4.7,7.666451,-2.9664509773254393
2025-10-16,2025-10-30,5.1,8.391434,-3.291433715820313
2025-10-16,2025-10-31,4.5,6.761877,-2.2618770599365234
2025-10-16,2025-11-01,4.6,6.1297073,-1.5297073364257816
2025-10-16,2025-11-02,4.7,7.134745,-2.434745121002197
2025-10-16,2025-11-03,4.2,8.49412,-4.294119644165039
2025-10-16,2025-11-04,4.7,7.163393,-2.4633930206298826
2025-10-16,2025-11-05,8.8,7.3321295,1.4678705215454109
2025-10-16,2025-11-06,8.2,6.383439,1.8165609359741204
2025-10-16,2025-11-07,7.3,8.659988,-1.3599884033203127
2025-10-16,2025-11-08,12.4,8.943229,3.456771278381348
2025-10-16,2025-11-09,8.8,7.0821686,1.7178314208984382
2025-10-16,2025-11-10,4.4,10.172764,-5.77276382446289
2025-10-16,2025-11-11,5.0,5.7542677,-0.754267692565918
2025-10-16,2025-11-12,7.7,7.5363135,0.1636864662170412
2025-10-16,2025-11-13,7.4,8.201168,-0.801168060302734
2025-10-16,2025-11-14,12.5,8.700522,3.7994775772094727
2025-10-16,2025-11-15,7.4,7.735895,-0.3358951568603512
2025-10-17,2025-10-18,9.7,7.729243,1.9707571983337395
2025-10-17,2025-10-19,7.3,9.188385,-1.8883850097656252
2025-10-17,2025-10-20,8.4,7.0961967,1.3038033485412601
2025-10-17,2025-10-21,7.2,6.684874,0.5151259422302248
2025-10-17,2025-10-22,6.6,7.752798,-1.1527980804443363
2025-10-17,2025-10-23,3.1,7.69729,-4.597289943695069
2025-10-17,2025-10-24,4.5,7.155873,-2.6558728218078613
2025-10-17,2025-10-25,3.7,6.82199,-3.1219900131225584
2025-10-17,2025-10-26,3.0,8.967517,-5.967516899108887
2025-10-17,2025-10-27,4.8,8.332989,-3.532988739013672
2025-10-17,2025-10-28,5.0,9.27305,-4.273050308227539
2025-10-17,2025-10-29,4.7,7.8033,-3.1032999038696287
2025-10-17,2025-10-30,5.1,7.5524616,-2.452461624145508
2025-10-17,2025-10-31,4.5,8.438654,-3.9386539459228516
2025-10-17,2025-11-01,4.6,6.82223,-2.222229862213135
2025-10-17,2025-11-02,4.7,6.1347337,-1.4347336769104002
2025-10-17,2025-11-03,4.2,7.182319,-2.982319164276123
2025-10-17,2025-11-04,4.7,8.392055,-3.692054557800293
2025-10-17,2025-11-05,8.8,7.1666193,1.6333806991577156
2025-10-17,2025-11-06,8.2,7.2853208,0.9146792411804192
2025-10-17,2025-11-07,7.3,6.389609,0.9103911399841307
2025-10-17,2025-11-08,12.4,8.558431,3.841569328308106
2025-10-17,2025-11-09,8.8,8.869224,-0.06922359466552663
2025-10-17,2025-11-10,4.4,6.977606,-2.577605819702148
2025-10-17,2025-11-11,5.0,10.222511,-5.222511291503906
2025-10-17,2025-11-12,7.7,5.744897,1.95510311126709
2025-10-17,2025-11-13,7.4,7.600294,-0.20029411315917933
2025-10-17,2025-11-14,12.5,8.104527,4.395472526550293
2025-10-17,2025-11-15,7.4,8.665045,-1.265044784545898
2025-10-17,2025-11-16,2.9,7.7759614,-4.875961399078369
2025-10-18,2025-10-19,7.3,7.596404,-0.29640407562255877
2025-10-18,2025-10-20,8.4,9.056471,-0.6564708709716793
2025-10-18,2025-10-21,7.2,7.020689,0.179310989379883
2025-10-18,2025-10-22,6.6,6.847167,-0.24716701507568395
2025-10-18,2025-10-23,3.1,7.708781,-4.608780765533448
2025-10-18,2025-10-24,4.5,7.729084,-3.229084014892578
2025-10-18,2025-10-25,3.7,7.278686,-3.5786860466003416
2025-10-18,2025-10-26,3.0,6.6205425,-3.620542526245117
2025-10-18,2025-10-27,4.8,8.724251,-3.9242507934570314
2025-10-18,2025-10-28,5.0,8.468946,-3.4689464569091797
2025-10-18,2025-10-29,4.7,9.158109,-4.458108711242676
2025-10-18,2025-10-30,5.1,8.010053,-2.9100526809692386
2025-10-18,2025-10-31,4.5,7.4590654,-2.9590654373168945
2025-10-18,2025-11-01,4.6,8.401773,-3.8017734527587894
2025-10-18,2025-11-02,4.7,6.9248166,-2.224816608428955
2025-10-18,2025-11-03,4.2,6.223134,-2.0231340408325194
2025-10-18,2025-11-04,4.7,7.1852636,-2.485263633728027
2025-10-18,2025-11-05,8.8,8.240185,0.5598152160644538
2025-10-18,2025-11-06,8.2,7.187304,1.0126959800720208
2025-10-18,2025-11-07,7.3,7.2533393,0.04666070938110334
2025-10-18,2025-11-08,12.4,6.4672537,5.932746315002442
2025-10-18,2025-11-09,8.8,8.370311,0.42968921661377024
2025-10-18,2025-11-10,4.4,8.612871,-4.212871170043945
2025-10-18,2025-11-11,5.0,7.121356,-2.1213560104370117
2025-10-18,2025-11-12,7.7,10.205526,-2.5055263519287108
2025-10-18,2025-11-13,7.4,5.925192,1.4748081207275394
2025-10-18,2025-11-14,12.5,7.6600037,4.839996337890625
2025-10-18,2025-11-15,7.4,7.9726677,-0.5726676940917965
2025-10-18,2025-11-16,2.9,8.638467,-5.738466835021972
2025-10-18,2025-11-17,4.0,7.815017,-3.8150172233581543
2025-10-19,2025-10-20,8.4,7.434707,0.9652928352355961
2025-10-19,2025-10-21,7.2,8.929662,-1.7296617507934569
2025-10-19,2025-10-22,6.6,7.055363,-0.4553631782531742
2025-10-19,2025-10-23,3.1,6.975647,-3.87564697265625
2025-10-19,2025-10-24,4.5,7.6744614,-3.1744613647460938
2025-10-19,2025-10-25,3.7,7.793517,-4.093517112731933
2025-10-19,2025-10-26,3.0,7.493406,-4.493405818939209
2025-10-19,2025-10-27,4.8,6.421119,-1.6211192131042482
2025-10-19,2025-10-28,5.0,8.495979,-3.4959793090820312
2025-10-19,2025-10-29,4.7,8.638852,-3.9388521194458006
2025-10-19,2025-10-30,5.1,9.034195,-3.934194946289063
2025-10-19,2025-10-31,4.5,8.013331,-3.513331413269043
2025-10-19,2025-11-01,4.6,7.4808693,-2.880869293212891
2025-10-19,2025-11-02,4.7,8.417544,-3.717544364929199
2025-10-19,2025-11-03,4.2,7.0015574,-2.8015573501586912
2025-10-19,2025-11-04,4.7,6.1585116,-1.4585116386413572
2025-10-19,2025-11-05,8.8,7.067902,1.7320979118347175
2025-10-19,2025-11-06,8.2,8.129511,0.07048912048339773
2025-10-19,2025-11-07,7.3,7.128029,0.17197113037109357
2025-10-19,2025-11-08,12.4,7.160103,5.239897155761719
2025-10-19,2025-11-09,8.8,6.5626445,2.237355518341065
2025-10-19,2025-11-10,4.4,8.308555,-3.908554649353027
2025-10-19,2025-11-11,5.0,8.52843,-3.5284299850463867
2025-10-19,2025-11-12,7.7,7.1360087,0.5639912605285646
2025-10-19,2025-11-13,7.4,10.215244,-2.8152442932128903
2025-10-19,2025-11-14,12.5,6.039224,6.460775852203369
2025-10-19,2025-11-15,7.4,7.767616,-0.3676157951354977
2025-10-19,2025-11-16,2.9,7.8565392,-4.956539249420166
2025-10-19,2025-11-17,4.0,8.483852,-4.483852386474609
2025-10-19,2025-11-18,9.1,7.7755237,1.324476337432861
2025-10-20,2025-10-21,7.2,7.402656,-0.20265607833862287
2025-10-20,2025-10-22,6.6,8.826225,-2.226225280761719
2025-10-20,2025-10-23,3.1,7.2534485,-4.153448486328125
2025-10-20,2025-10-24,4.5,7.1537166,-2.653716564178467
2025-10-20,2025-10-25,3.7,7.441006,-3.7410061836242674
2025-10-20,2025-10-26,3.0,8.005031,-5.005030632019043
2025-10-20,2025-10-27,4.8,7.57475,-2.7747499465942385
2025-10-20,2025-10-28,5.0,6.5833654,-1.5833654403686523
2025-10-20,2025-10-29,4.7,8.474621,-3.7746208190917967
2025-10-20,2025-10-30,5.1,8.709693,-3.60969295501709
2025-10-20,2025-10-31,4.5,9.085573,-4.585573196411133
2025-10-20,2025-11-01,4.6,7.782223,-3.182223224639893
2025-10-20,2025-11-02,4.7,7.582144,-2.8821437835693358
2025-10-20,2025-11-03,4.2,8.656215,-4.456214714050293
2025-10-20,2025-11-04,4.7,7.0443783,-2.3443782806396483
2025-10-20,2025-11-05,8.8,6.059598,2.740402030944825
2025-10-20,2025-11-06,8.2,6.882718,1.3172819137573235
2025-10-20,2025-11-07,7.3,7.9315953,-0.6315953254699709
2025-10-20,2025-11-08,12.4,7.0446105,5.355389499664307
2025-10-20,2025-11-09,8.8,6.9608407,1.839159297943116
2025-10-20,2025-11-10,4.4,6.595673,-2.195673084259033
2025-10-20,2025-11-11,5.0,8.276296,-3.2762956619262695
2025-10-20,2025-11-12,7.7,8.764395,-1.0643947601318358
2025-10-20,2025-11-13,7.4,6.943329,0.45667114257812536
2025-10-20,2025-11-14,12.5,10.223708,2.276291847229004
2025-10-20,2025-11-15,7.4,6.0248337,1.3751663208007816
2025-10-20,2025-11-16,2.9,7.9544086,-5.0544086456298825
2025-10-20,2025-11-17,4.0,7.8593845,-3.859384536743164
2025-10-20,2025-11-18,9.1,8.397036,0.7029644012451168
2025-10-20,2025-11-19,3.0,7.638708,-4.638708114624023
2025-10-21,2025-10-22,6.6,7.635025,-1.0350250244140629
2025-10-21,2025-10-23,3.1,8.63273,-5.532729530334473
2025-10-21,2025-10-24,4.5,7.3744664,-2.8744664192199707
2025-10-21,2025-10-25,3.7,7.1989603,-3.4989603042602537
2025-10-21,2025-10-26,3.0,7.31884,-4.318840026855469
2025-10-21,2025-10-27,4.8,8.147637,-3.3476373672485353
2025-10-21,2025-10-28,5.0,7.536352,-2.5363521575927734
2025-10-21,2025-10-29,4.7,6.598746,-1.898745822906494
2025-10-21,2025-10-30,5.1,8.406831,-3.3068307876586918
2025-10-21,2025-10-31,4.5,8.680191,-4.1801910400390625
2025-10-21,2025-11-01,4.6,9.140113,-4.54011287689209
2025-10-21,2025-11-02,4.7,7.6363926,-2.936392593383789
2025-10-21,2025-11-03,4.2,7.8247747,-3.6247747421264647
2025-10-21,2025-11-04,4.7,8.743329,-4.043329048156738
2025-10-21,2025-11-05,8.8,6.9733152,1.826684761047364
2025-10-21,2025-11-06,8.2,6.220814,1.979185771942138
2025-10-21,2025-11-07,7.3,7.026967,0.2730329513549803
2025-10-21,2025-11-08,12.4,7.8267365,4.573263549804688
2025-10-21,2025-11-09,8.8,6.9998693,1.8001306533813484
2025-10-21,2025-11-10,4.4,6.85169,-2.45168981552124
2025-10-21,2025-11-11,5.0,6.463279,-1.4632787704467773
2025-10-21,2025-11-12,7.7,8.318539,-0.6185386657714842
2025-10-21,2025-11-13,7.4,9.010833,-1.6108327865600582
2025-10-21,2025-11-14,12.5,6.9639215,5.536078453063965
2025-10-21,2025-11-15,7.4,10.118544,-2.7185436248779293
2025-10-21,2025-11-16,2.9,6.0945544,-3.1945544242858888
2025-10-21,2025-11-17,4.0,7.9754076,-3.975407600402832
2025-10-21,2025-11-18,9.1,7.9105477,1.1894522666931149
2025-10-21,2025-11-19,3.0,8.581611,-5.581610679626465
2025-10-21,2025-11-20,4.2,7.654533,-3.4545329093933104
2025-10-22,2025-10-23,3.1,7.728048,-4.628047847747803
2025-10-22,2025-10-24,4.5,8.572122,-4.072121620178223
2025-10-22,2025-10-25,3.7,7.4345713,-3.7345712661743162
2025-10-22,2025-10-26,3.0,7.0580935,-4.058093547821045
2025-10-22,2025-10-27,4.8,7.274338,-2.4743377685546877
2025-10-22,2025-10-28,5.0,8.223967,-3.223966598510742
2025-10-22,2025-10-29,4.7,7.417296,-2.717295932769775
2025-10-22,2025-10-30,5.1,6.735972,-1.6359719276428226
2025-10-22,2025-10-31,4.5,8.443972,-3.943971633911133
2025-10-22,2025-11-01,4.6,8.631581,-4.03158130645752
2025-10-22,2025-11-02,4.7,9.115767,-4.4157665252685545
2025-10-22,2025-11-03,4.2,7.5194354,-3.319435405731201
2025-10-22,2025-11-04,4.7,7.971558,-3.271558094024658
2025-10-22,2025-11-05,8.8,8.745259,0.05474071502685618
2025-10-22,2025-11-06,8.2,6.9306283,1.2693717002868645
2025-10-22,2025-11-07,7.3,6.3873587,0.9126413345336912
2025-10-22,2025-11-08,12.4,7.0756874,5.324312591552735
2025-10-22,2025-11-09,8.8,7.768235,1.0317647933959968
2025-10-22,2025-11-10,4.4,7.0177565,-2.6177564620971676
2025-10-22,2025-11-11,5.0,6.859374,-1.8593740463256836
2025-10-22,2025-11-12,7.7,6.418002,1.281997871398926
2025-10-22,2025-11-13,7.4,8.33048,-0.9304796218872067
2025-10-22,2025-11-14,12.5,9.113614,3.386385917663574
2025-10-22,2025-11-15,7.4,6.8594866,0.5405134201049808
2025-10-22,2025-11-16,2.9,10.118384,-7.2183843612670895
2025-10-22,2025-11-17,4.0,6.1872315,-2.1872315406799316
2025-10-22,2025-11-18,9.1,8.01346,1.0865398406982418
2025-10-22,2025-11-19,3.0,7.942924,-4.9429240226745605
2025-10-22,2025-11-20,4.2,8.662097,-4.4620969772338865
2025-10-22,2025-11-21,8.4,7.687386,0.7126139640808109
2025-10-23,2025-10-24,4.5,7.9220095,-3.4220094680786133
2025-10-23,2025-10-25,3.7,8.432679,-4.732679176330566
2025-10-23,2025-10-26,3.0,7.5579305,-4.5579304695129395
2025-10-23,2025-10-27,4.8,7.034455,-2.2344548225402834
2025-10-23,2025-10-28,5.0,7.2965417,-2.296541690826416
2025-10-23,2025-10-29,4.7,8.455198,-3.755198287963867
2025-10-23,2025-10-30,5.1,7.3102293,-2.210229301452637
2025-10-23,2025-10-31,4.5,6.7112274,-2.2112274169921875
2025-10-23,2025-11-01,4.6,8.39732,-3.7973197937011722
2025-10-23,2025-11-02,4.7,8.631377,-3.9313772201538084
2025-10-23,2025-11-03,4.2,9.047561,-4.847560691833496
2025-10-23,2025-11-04,4.7,7.332994,-2.632993984222412
2025-10-23,2025-11-05,8.8,8.128644,0.6713560104370124
2025-10-23,2025-11-06,8.2,8.761004,-0.5610044479370124
2025-10-23,2025-11-07,7.3,6.989937,0.3100631713867186
2025-10-23,2025-11-08,12.4,6.649975,5.7500251770019535
2025-10-23,2025-11-09,8.8,7.331805,1.468194770812989
2025-10-23,2025-11-10,4.4,7.702479,-3.3024788856506344
2025-10-23,2025-11-11,5.0,6.9715595,-1.9715595245361328
2025-10-23,2025-11-12,7.7,6.7684402,0.9315597534179689
2025-10-23,2025-11-13,7.4,6.3826118,1.0173882484436039
2025-10-23,2025-11-14,12.5,8.306788,4.193211555480957
2025-10-23,2025-11-15,7.4,9.293457,-1.8934570312499996
2025-10-23,2025-11-16,2.9,6.816861,-3.916861152648926
2025-10-23,2025-11-17,4.0,10.059092,-6.059091567993164
2025-10-23,2025-11-18,9.1,6.2466197,2.8533802986145016
2025-10-23,2025-11-19,3.0,8.00901,-5.009010314941406
2025-10-23,2025-11-20,4.2,8.015176,-3.8151758193969725
2025-10-23,2025-11-21,8.4,8.896376,-0.49637565612792933
2025-10-23,2025-11-22,5.1,7.774756,-2.674755954742432
2025-10-24,2025-10-25,3.7,8.110253,-4.41025333404541
2025-10-24,2025-10-26,3.0,8.321812,-5.321811676025391
2025-10-24,2025-10-27,4.8,7.4957542,-2.6957542419433596
2025-10-24,2025-10-28,5.0,7.097439,-2.0974388122558594
2025-10-24,2025-10-29,4.7,7.217824,-2.5178239822387694
2025-10-24,2025-10-30,5.1,8.582666,-3.482666397094727
2025-10-24,2025-10-31,4.5,7.1561923,-2.6561923027038574
2025-10-24,2025-11-01,4.6,6.779659,-2.1796587944030765
2025-10-24,2025-11-02,4.7,8.350373,-3.6503732681274412
2025-10-24,2025-11-03,4.2,8.537739,-4.337738800048828
2025-10-24,2025-11-04,4.7,9.038785,-4.338784980773926
2025-10-24,2025-11-05,8.8,7.3549685,1.4450314521789558
2025-10-24,2025-11-06,8.2,8.132541,0.06745929718017507
2025-10-24,2025-11-07,7.3,8.74241,-1.4424097061157228
2025-10-24,2025-11-08,12.4,7.1076727,5.2923273086547855
2025-10-24,2025-11-09,8.8,7.0294027,1.7705972671508796
2025-10-24,2025-11-10,4.4,7.59536,-3.1953598022460934
2025-10-24,2025-11-11,5.0,7.6417227,-2.6417226791381836
2025-10-24,2025-11-12,7.7,6.886235,0.8137647628784181
2025-10-24,2025-11-13,7.4,6.7163134,0.6836866378784183
2025-10-24,2025-11-14,12.5,6.362536,6.1374640464782715
2025-10-24,2025-11-15,7.4,8.110389,-0.7103887557983395
2025-10-24,2025-11-16,2.9,9.178488,-6.278487777709961
2025-10-24,2025-11-17,4.0,6.869488,-2.869487762451172
2025-10-24,2025-11-18,9.1,9.9454,-0.8454002380371097
2025-10-24,2025-11-19,3.0,6.443546,-3.4435458183288574
2025-10-24,2025-11-20,4.2,7.9106617,-3.710661697387695
2025-10-24,2025-11-21,8.4,7.9902105,0.4097894668579105
2025-10-24,2025-11-22,5.1,9.121629,-4.021628761291504
2025-10-24,2025-11-23,4.1,7.905346,-3.8053459167480472
2025-10-25,2025-10-26,3.0,8.064713,-5.0647125244140625
2025-10-25,2025-10-27,4.8,8.2876425,-3.4876424789428713
2025-10-25,2025-10-28,5.0,7.5240407,-2.524040699005127
2025-10-25,2025-10-29,4.7,7.2080607,-2.5080607414245604
2025-10-25,2025-10-30,5.1,7.219866,-2.1198657989501957
2025-10-25,2025-10-31,4.5,8.671383,-4.171382904052734
2025-10-25,2025-11-01,4.6,7.2154484,-2.615448379516602
2025-10-25,2025-11-02,4.7,6.75775,-2.057750034332275
2025-10-25,2025-11-03,4.2,8.186779,-3.9867790222167967
2025-10-25,2025-11-04,4.7,8.772743,-4.072743225097656
2025-10-25,2025-11-05,8.8,8.888702,-0.08870239257812429
2025-10-25,2025-11-06,8.2,7.5360274,0.6639725685119622
2025-10-25,2025-11-07,7.3,8.0937605,-0.7937604904174806
2025-10-25,2025-11-08,12.4,8.670964,3.7290357589721683
2025-10-25,2025-11-09,8.8,7.331,1.469000148773194
2025-10-25,2025-11-10,4.4,7.3441443,-2.9441443443298336
2025-10-25,2025-11-11,5.0,7.630838,-2.630837917327881
2025-10-25,2025-11-12,7.7,7.596979,0.10302085876464862
2025-10-25,2025-11-13,7.4,6.856482,0.5435179710388187
2025-10-25,2025-11-14,12.5,6.7578435,5.742156505584717
2025-10-25,2025-11-15,7.4,6.4782104,0.9217895507812504
2025-10-25,2025-11-16,2.9,7.9453588,-5.045358753204345
2025-10-25,2025-11-17,4.0,8.864917,-4.864916801452637
2025-10-25,2025-11-18,9.1,7.0861535,2.0138464927673336
2025-10-25,2025-11-19,3.0,9.791003,-6.791003227233887
2025-10-25,2025-11-20,4.2,6.6288733,-2.428873348236084
2025-10-25,2025-11-21,8.4,7.868948,0.5310520172119144
2025-10-25,2025-11-22,5.1,7.9240913,-2.8240913391113285
2025-10-25,2025-11-23,4.1,9.15538,-5.055380249023438
2025-10-25,2025-11-24,3.2,7.958863,-4.758862781524658
2025-10-26,2025-10-27,4.8,7.9827766,-3.1827766418457033
2025-10-26,2025-10-28,5.0,8.27708,-3.2770795822143555
2025-10-26,2025-10-29,4.7,7.5726542,-2.8726542472839354
2025-10-26,2025-10-30,5.1,7.384777,-2.2847770690917972
2025-10-26,2025-10-31,4.5,7.2280707,-2.7280707359313965
2025-10-26,2025-11-01,4.6,8.716279,-4.116279029846192
2025-10-26,2025-11-02,4.7,7.336106,-2.6361058235168455
2025-10-26,2025-11-03,4.2,6.867183,-2.667183208465576
2025-10-26,2025-11-04,4.7,8.06401,-3.364009666442871
2025-10-26,2025-11-05,8.8,8.961345,-0.16134471893310476
2025-10-26,2025-11-06,8.2,8.80294,-0.6029403686523445
2025-10-26,2025-11-07,7.3,7.602833,-0.3028327941894533
2025-10-26,2025-11-08,12.4,8.068586,4.331413650512696
2025-10-26,2025-11-09,8.8,8.613508,0.18649177551269602
2025-10-26,2025-11-10,4.4,7.560673,-3.1606732368469235
2025-10-26,2025-11-11,5.0,7.537501,-2.5375008583068848
2025-10-26,2025-11-12,7.7,7.6259503,0.07404966354370135
2025-10-26,2025-11-13,7.4,7.617976,-0.2179761886596676
2025-10-26,2025-11-14,12.5,6.791485,5.708515167236328
2025-10-26,2025-11-15,7.4,6.777948,0.622052097320557
2025-10-26,2025-11-16,2.9,6.5770135,-3.6770134925842286
2025-10-26,2025-11-17,4.0,7.8316417,-3.831641674041748
2025-10-26,2025-11-18,9.1,8.618134,0.48186645507812464
2025-10-26,2025-11-19,3.0,7.262033,-4.262032985687256
2025-10-26,2025-11-20,4.2,9.616913,-5.416912841796875
2025-10-26,2025-11-21,8.4,6.7455673,1.6544326782226566
2025-10-26,2025-11-22,5.1,7.859842,-2.759841823577881
2025-10-26,2025-11-23,4.1,7.8486457,-3.748645687103272
2025-10-26,2025-11-24,3.2,9.101712,-5.901712226867676
2025-10-26,2025-11-25,3.6,7.9368505,-4.336850547790528
2025-10-27,2025-10-28,5.0,8.003527,-3.0035266876220703
2025-10-27,2025-10-29,4.7,8.315743,-3.6157434463500975
2025-10-27,2025-10-30,5.1,7.6288495,-2.528849506378174
2025-10-27,2025-10-31,4.5,7.634296,-3.13429594039917
2025-10-27,2025-11-01,4.6,6.9917994,-2.391799354553223
2025-10-27,2025-11-02,4.7,8.780479,-4.080479431152344
2025-10-27,2025-11-03,4.2,7.326753,-3.1267531394958494
2025-10-27,2025-11-04,4.7,7.137434,-2.4374340057373045
2025-10-27,2025-11-05,8.8,8.1899805,0.610019493103028
2025-10-27,2025-11-06,8.2,9.021234,-0.8212335586547859
2025-10-27,2025-11-07,7.3,8.996535,-1.6965353012084963
2025-10-27,2025-11-08,12.4,7.5841928,4.815807247161866
2025-10-27,2025-11-09,8.8,8.088654,0.7113464355468757
2025-10-27,2025-11-10,4.4,8.816461,-4.416460609436035
2025-10-27,2025-11-11,5.0,7.68496,-2.684959888458252
2025-10-27,2025-11-12,7.7,7.510327,0.1896731376647951
2025-10-27,2025-11-13,7.4,7.53267,-0.13267002105712855
2025-10-27,2025-11-14,12.5,7.6376276,4.862372398376465
2025-10-27,2025-11-15,7.4,6.667679,0.7323211669921879
2025-10-27,2025-11-16,2.9,6.6896544,-3.789654350280762
2025-10-27,2025-11-17,4.0,6.5679493,-2.5679492950439453
2025-10-27,2025-11-18,9.1,7.6771035,1.4228964805603024
2025-10-27,2025-11-19,3.0,8.649765,-5.6497650146484375
2025-10-27,2025-11-20,4.2,7.34085,-3.1408498764038084
2025-10-27,2025-11-21,8.4,9.474547,-1.0745473861694332
2025-10-27,2025-11-22,5.1,6.7551103,-1.6551102638244632
2025-10-27,2025-11-23,4.1,7.826823,-3.726823234558106
2025-10-27,2025-11-24,3.2,7.936717,-4.73671703338623
2025-10-27,2025-11-25,3.6,9.170233,-5.570232772827149
2025-10-27,2025-11-26,11.0,7.8966637,3.1033363342285156
2025-10-28,2025-10-29,4.7,8.146923,-3.4469230651855467
2025-10-28,2025-10-30,5.1,8.359757,-3.2597574234008793
2025-10-28,2025-10-31,4.5,7.65556,-3.15556001663208
2025-10-28,2025-11-01,4.6,7.5738916,-2.973891639709473
2025-10-28,2025-11-02,4.7,7.035757,-2.3357570648193358
2025-10-28,2025-11-03,4.2,8.77361,-4.573610115051269
2025-10-28,2025-11-04,4.7,7.2954516,-2.5954516410827635
2025-10-28,2025-11-05,8.8,7.242894,1.5571058273315437
2025-10-28,2025-11-06,8.2,8.30464,-0.1046398162841804
2025-10-28,2025-11-07,7.3,9.038791,-1.7387907028198244
2025-10-28,2025-11-08,12.4,9.1537,3.2463001251220707
2025-10-28,2025-11-09,8.8,7.5459347,1.2540653228759773
2025-10-28,2025-11-10,4.4,8.222577,-3.822577095031738
2025-10-28,2025-11-11,5.0,8.866053,-3.8660526275634766
2025-10-28,2025-11-12,7.7,7.6276317,0.07236833572387713
2025-10-28,2025-11-13,7.4,7.5008535,-0.10085353851318324
2025-10-28,2025-11-14,12.5,7.573287,4.926712989807129
2025-10-28,2025-11-15,7.4,7.8124084,-0.41240844726562464
2025-10-28,2025-11-16,2.9,6.631634,-3.73163423538208
2025-10-28,2025-11-17,4.0,6.748008,-2.7480077743530273
2025-10-28,2025-11-18,9.1,6.4472523,2.6527477264404293
2025-10-28,2025-11-19,3.0,7.7541947,-4.754194736480713
2025-10-28,2025-11-20,4.2,8.774878,-4.574877548217773
2025-10-28,2025-11-21,8.4,7.44333,0.956670188903809
2025-10-28,2025-11-22,5.1,9.374558,-4.274558448791504
2025-10-28,2025-11-23,4.1,6.679921,-2.57992115020752
2025-10-28,2025-11-24,3.2,7.746732,-4.546732234954834
2025-10-28,2025-11-25,3.6,8.048662,-4.448662185668946
2025-10-28,2025-11-26,11.0,9.2708435,1.729156494140625
2025-10-28,2025-11-27,3.5,7.878112,-4.378111839294434
2025-10-29,2025-10-30,5.1,8.228596,-3.1285957336425785
2025-10-29,2025-10-31,4.5,8.534408,-4.034407615661621
2025-10-29,2025-11-01,4.6,7.7375,-3.1375001907348636
2025-10-29,2025-11-02,4.7,7.382975,-2.682975101470947
2025-10-29,2025-11-03,4.2,7.1928573,-2.992857265472412
2025-10-29,2025-11-04,4.7,8.809022,-4.109021949768066
2025-10-29,2025-11-05,8.8,7.259967,1.540033149719239
2025-10-29,2025-11-06,8.2,7.381673,0.8183271408081048
2025-10-29,2025-11-07,7.3,8.455401,-1.155401420593262
2025-10-29,2025-11-08,12.4,9.068716,3.3312839508056644
2025-10-29,2025-11-09,8.8,9.198506,-0.3985063552856438
2025-10-29,2025-11-10,4.4,7.4230237,-3.023023700714111
2025-10-29,2025-11-11,5.0,8.286984,-3.286984443664551
2025-10-29,2025-11-12,7.7,8.865916,-1.1659162521362303
2025-10-29,2025-11-13,7.4,7.5822797,-0.18227968215942347
2025-10-29,2025-11-14,12.5,7.505379,4.9946208000183105
2025-10-29,2025-11-15,7.4,7.4957147,-0.09571466445922816
2025-10-29,2025-11-16,2.9,7.968807,-5.068807220458984
2025-10-29,2025-11-17,4.0,6.608695,-2.6086950302124023
2025-10-29,2025-11-18,9.1,6.8520627,2.2479372978210446
2025-10-29,2025-11-19,3.0,6.39169,-3.3916897773742676
2025-10-29,2025-11-20,4.2,7.9178743,-3.7178743362426756
2025-10-29,2025-11-21,8.4,8.890919,-0.49091873168945277
2025-10-29,2025-11-22,5.1,7.347556,-2.2475561141967777
2025-10-29,2025-11-23,4.1,9.4205265,-5.320526504516602
2025-10-29,2025-11-24,3.2,6.5349154,-3.3349154472351072
2025-10-29,2025-11-25,3.6,7.76246,-4.162460231781006
2025-10-29,2025-11-26,11.0,8.120949,2.8790512084960938
2025-10-29,2025-11-27,3.5,9.206761,-5.706761360168457
2025-10-29,2025-11-28,5.699999999999999,7.8080974,-2.1080973625183113
2025-10-30,2025-10-31,4.5,8.301236,-3.801236152648926
2025-10-30,2025-11-01,4.6,8.615179,-4.015179061889649
2025-10-30,2025-11-02,4.7,7.7873497,-3.087349700927734
2025-10-30,2025-11-03,4.2,7.3140836,-3.1140835762023924
2025-10-30,2025-11-04,4.7,7.30372,-2.6037199974060057
2025-10-30,2025-11-05,8.8,8.89549,-0.09548969268798757
2025-10-30,2025-11-06,8.2,7.1155486,1.0844513893127434
2025-10-30,2025-11-07,7.3,7.580977,-0.28097696304321307
2025-10-30,2025-11-08,12.4,8.548997,3.8510030746459964
2025-10-30,2025-11-09,8.8,9.029838,-0.22983760833740163
2025-10-30,2025-11-10,4.4,9.227435,-4.827435111999511
2025-10-30,2025-11-11,5.0,7.3698745,-2.3698744773864746
2025-10-30,2025-11-12,7.7,8.221943,-0.521942901611328
2025-10-30,2025-11-13,7.4,8.856715,-1.4567152023315426
2025-10-30,2025-11-14,12.5,7.637993,4.862007141113281
2025-10-30,2025-11-15,7.4,7.6266875,-0.2266875267028805
2025-10-30,2025-11-16,2.9,7.5497837,-4.649783706665039
2025-10-30,2025-11-17,4.0,8.036786,-4.036786079406738
2025-10-30,2025-11-18,9.1,6.598208,2.5017920494079586
2025-10-30,2025-11-19,3.0,6.8743987,-3.874398708343506
2025-10-30,2025-11-20,4.2,6.3845873,-2.184587287902832
2025-10-30,2025-11-21,8.4,7.913779,0.4862212181091312
2025-10-30,2025-11-22,5.1,8.859021,-3.7590211868286136
2025-10-30,2025-11-23,4.1,7.207113,-3.107112789154053
2025-10-30,2025-11-24,3.2,9.458969,-6.258969116210937
2025-10-30,2025-11-25,3.6,6.4947376,-2.8947376251220702
2025-10-30,2025-11-26,11.0,7.7855477,3.2144522666931152
2025-10-30,2025-11-27,3.5,8.110761,-4.610760688781738
2025-10-30,2025-11-28,5.699999999999999,9.161825,-3.4618251800537116
2025-10-30,2025-11-29,3.8,7.8086123,-4.00861234664917
2025-10-31,2025-11-01,4.6,8.289296,-3.68929615020752
2025-10-31,2025-11-02,4.7,8.674877,-3.9748771667480467
2025-10-31,2025-11-03,4.2,7.8888516,-3.6888516426086424
2025-10-31,2025-11-04,4.7,7.220878,-2.5208781242370604
2025-10-31,2025-11-05,8.8,7.4913373,1.3086627006530769
2025-10-31,2025-11-06,8.2,8.99507,-0.7950704574584968
2025-10-31,2025-11-07,7.3,7.1104918,0.1895082473754881
2025-10-31,2025-11-08,12.4,7.5527716,4.8472284317016605
2025-10-31,2025-11-09,8.8,8.547822,0.2521780014038093
2025-10-31,2025-11-10,4.4,9.123892,-4.723891830444336
2025-10-31,2025-11-11,5.0,9.169149,-4.169149398803711
2025-10-31,2025-11-12,7.7,7.2930546,0.4069454193115236
2025-10-31,2025-11-13,7.4,8.076811,-0.6768108367919918
2025-10-31,2025-11-14,12.5,8.850017,3.6499834060668945
2025-10-31,2025-11-15,7.4,7.739664,-0.3396640777587887
2025-10-31,2025-11-16,2.9,7.607725,-4.707725143432617
2025-10-31,2025-11-17,4.0,7.509028,-3.5090279579162598
2025-10-31,2025-11-18,9.1,8.059577,1.0404230117797848
2025-10-31,2025-11-19,3.0,6.5594296,-3.55942964553833
2025-10-31,2025-11-20,4.2,6.849286,-2.649286079406738
2025-10-31,2025-11-21,8.4,6.45776,1.942240142822266
2025-10-31,2025-11-22,5.1,7.9104385,-2.8104385375976566
2025-10-31,2025-11-23,4.1,8.793199,-4.693198585510254
2025-10-31,2025-11-24,3.2,7.0124145,-3.812414455413818
2025-10-31,2025-11-25,3.6,9.534407,-5.934406661987305
2025-10-31,2025-11-26,11.0,6.3923097,4.607690334320068
2025-10-31,2025-11-27,3.5,7.8548174,-4.3548173904418945
2025-10-31,2025-11-28,5.699999999999999,8.04295,-2.3429496765136726
2025-10-31,2025-11-29,3.8,8.988235,-5.188235473632813
2025-10-31,2025-11-30,4.6,7.7737236,-3.1737236022949222
2025-11-01,2025-11-02,4.7,8.098643,-3.3986433029174803
2025-11-01,2025-11-03,4.2,8.607038,-4.407037544250488
2025-11-01,2025-11-04,4.7,7.9142222,-3.214222240447998
2025-11-01,2025-11-05,8.8,7.199434,1.600566196441651
2025-11-01,2025-11-06,8.2,7.503527,0.6964728355407708
2025-11-01,2025-11-07,7.3,9.02153,-1.7215301513671877
2025-11-01,2025-11-08,12.4,7.2640805,5.13591947555542
2025-11-01,2025-11-09,8.8,7.2132173,1.5867827415466316
2025-11-01,2025-11-10,4.4,8.345455,-3.945455169677734
2025-11-01,2025-11-11,5.0,9.3308735,-4.330873489379883
2025-11-01,2025-11-12,7.7,9.000436,-1.3004358291625975
2025-11-01,2025-11-13,7.4,7.313605,0.08639516830444371
2025-11-01,2025-11-14,12.5,8.161041,4.338958740234375
2025-11-01,2025-11-15,7.4,8.770234,-1.370234107971191
2025-11-01,2025-11-16,2.9,7.8004885,-4.900488471984863
2025-11-01,2025-11-17,4.0,7.492873,-3.492873191833496
2025-11-01,2025-11-18,9.1,7.4834404,1.6165596008300778
2025-11-01,2025-11-19,3.0,8.012879,-5.012879371643066
2025-11-01,2025-11-20,4.2,6.679348,-2.479347991943359
2025-11-01,2025-11-21,8.4,6.9057918,1.4942082405090336
2025-11-01,2025-11-22,5.1,6.690742,-1.5907420158386234
2025-11-01,2025-11-23,4.1,7.9732757,-3.873275661468506
2025-11-01,2025-11-24,3.2,8.83381,-5.6338098526000975
2025-11-01,2025-11-25,3.6,7.060982,-3.4609822273254394
2025-11-01,2025-11-26,11.0,9.641371,1.3586292266845703
2025-11-01,2025-11-27,3.5,6.424786,-2.92478609085083
2025-11-01,2025-11-28,5.699999999999999,7.894615,-2.1946151733398445
2025-11-01,2025-11-29,3.8,8.024141,-4.224141311645508
2025-11-01,2025-11-30,4.6,9.021023,-4.42102279663086
2025-11-01,2025-12-01,3.5,7.7321687,-4.232168674468994
2025-11-02,2025-11-03,4.2,7.840201,-3.640200901031494
2025-11-02,2025-11-04,4.7,8.577847,-3.877846527099609
2025-11-02,2025-11-05,8.8,7.832735,0.9672649383544929
2025-11-02,2025-11-06,8.2,7.200527,0.9994728088378899
2025-11-02,2025-11-07,7.3,7.3418527,-0.04185266494750994
2025-11-02,2025-11-08,12.4,8.887572,3.5124277114868168
2025-11-02,2025-11-09,8.8,7.4446254,1.3553746223449714
2025-11-02,2025-11-10,4.4,7.178397,-2.778397178649902
2025-11-02,2025-11-11,5.0,8.238108,-3.238107681274414
2025-11-02,2025-11-12,7.7,9.344383,-1.6443832397460936
2025-11-02,2025-11-13,7.4,8.969708,-1.569708442687988
2025-11-02,2025-11-14,12.5,7.403118,5.096881866455078
2025-11-02,2025-11-15,7.4,8.179135,-0.7791353225708004
2025-11-02,2025-11-16,2.9,8.59997,-5.699969863891601
2025-11-02,2025-11-17,4.0,7.8787537,-3.878753662109375
2025-11-02,2025-11-18,9.1,7.4602065,1.639793491363525
2025-11-02,2025-11-19,3.0,7.3142858,-4.314285755157471
2025-11-02,2025-11-20,4.2,7.9707155,-3.770715522766113
2025-11-02,2025-11-21,8.4,6.8413167,1.558683300018311
2025-11-02,2025-11-22,5.1,7.1345954,-2.034595394134522
2025-11-02,2025-11-23,4.1,6.909829,-2.809829139709473
2025-11-02,2025-11-24,3.2,7.885993,-4.685993003845215
2025-11-02,2025-11-25,3.6,8.619718,-5.019717597961426
2025-11-02,2025-11-26,11.0,7.0711184,3.9288816452026367
2025-11-02,2025-11-27,3.5,9.719577,-6.219576835632324
2025-11-02,2025-11-28,5.699999999999999,6.5907054,-0.8907053947448738
2025-11-02,2025-11-29,3.8,7.9915614,-4.1915614128112795
2025-11-02,2025-11-30,4.6,7.894223,-3.294223213195801
2025-11-02,2025-12-01,3.5,9.005018,-5.50501823425293
2025-11-02,2025-12-02,4.8,7.6218677,-2.821867656707764
2025-11-03,2025-11-04,4.7,7.7997737,-3.0997736930847166
2025-11-03,2025-11-05,8.8,8.616249,0.18375091552734446
2025-11-03,2025-11-06,8.2,7.8219366,0.37806339263915945
2025-11-03,2025-11-07,7.3,7.3106127,-0.010612678527832209
2025-11-03,2025-11-08,12.4,7.0126286,5.387371444702149
2025-11-03,2025-11-09,8.8,8.840619,-0.04061908721923757
2025-11-03,2025-11-10,4.4,7.438392,-3.0383921623229977
2025-11-03,2025-11-11,5.0,7.2024164,-2.20241641998291
2025-11-03,2025-11-12,7.7,8.322531,-0.6225307464599608
2025-11-03,2025-11-13,7.4,9.276645,-1.8766447067260739
2025-11-03,2025-11-14,12.5,9.162392,3.3376083374023438
2025-11-03,2025-11-15,7.4,7.3852286,0.014771366119385121
2025-11-03,2025-11-16,2.9,8.209071,-5.309071159362793
2025-11-03,2025-11-17,4.0,8.703035,-4.703035354614258
2025-11-03,2025-11-18,9.1,7.8327208,1.267279243469238
2025-11-03,2025-11-19,3.0,7.245624,-4.24562406539917
2025-11-03,2025-11-20,4.2,7.1746864,-2.9746864318847654
2025-11-03,2025-11-21,8.4,7.9560847,0.44391527175903356
2025-11-03,2025-11-22,5.1,6.855564,-1.755564117431641
2025-11-03,2025-11-23,4.1,7.126787,-3.0267871856689457
2025-11-03,2025-11-24,3.2,6.9622846,-3.7622845649719237
2025-11-03,2025-11-25,3.6,7.81931,-4.219310188293457
2025-11-03,2025-11-26,11.0,8.733034,2.266965866088867
2025-11-03,2025-11-27,3.5,7.038065,-3.538064956665039
2025-11-03,2025-11-28,5.699999999999999,9.776167,-4.076166915893555
2025-11-03,2025-11-29,3.8,6.5445995,-2.744599533081055
2025-11-03,2025-11-30,4.6,7.953628,-3.3536280632019047
2025-11-03,2025-12-01,3.5,7.975314,-4.475314140319824
2025-11-03,2025-12-02,4.8,9.1221,-4.322099876403809
2025-11-03,2025-12-03,6.500000000000001,7.5160756,-1.016075611114501
2025-11-04,2025-11-05,8.8,7.86611,0.9338901519775398
2025-11-04,2025-11-06,8.2,8.740465,-0.540465164184571
2025-11-04,2025-11-07,7.3,7.777534,-0.4775340080261232
2025-11-04,2025-11-08,12.4,7.0987744,5.301225566864014
2025-11-04,2025-11-09,8.8,6.9653926,1.834607410430909
2025-11-04,2025-11-10,4.4,8.680185,-4.280185317993164
2025-11-04,2025-11-11,5.0,7.458118,-2.458117961883545
2025-11-04,2025-11-12,7.7,7.056636,0.6433641433715822
2025-11-04,2025-11-13,7.4,8.4576435,-1.0576435089111325
2025-11-04,2025-11-14,12.5,9.2139015,3.2860984802246094
2025-11-04,2025-11-15,7.4,9.314937,-1.9149366378784176
2025-11-04,2025-11-16,2.9,7.3564987,-4.456498718261718
2025-11-04,2025-11-17,4.0,8.336347,-4.336346626281738
2025-11-04,2025-11-18,9.1,8.64455,0.4554496765136715
2025-11-04,2025-11-19,3.0,7.621434,-4.621434211730957
2025-11-04,2025-11-20,4.2,7.0434003,-2.8434002876281737
2025-11-04,2025-11-21,8.4,7.075041,1.3249591827392582
2025-11-04,2025-11-22,5.1,8.068879,-2.9688791275024418
2025-11-04,2025-11-23,4.1,6.9530377,-2.853037738800049
2025-11-04,2025-11-24,3.2,7.2779913,-4.07799129486084
2025-11-04,2025-11-25,3.6,6.913678,-3.313678169250488
2025-11-04,2025-11-26,11.0,7.994493,3.005506992340088
2025-11-04,2025-11-27,3.5,8.919797,-5.419796943664551
2025-11-04,2025-11-28,5.699999999999999,7.050144,-1.3501441955566413
2025-11-04,2025-11-29,3.8,9.909624,-6.1096240997314455
2025-11-04,2025-11-30,4.6,6.4264536,-1.8264535903930668
2025-11-04,2025-12-01,3.5,7.891466,-4.39146614074707
2025-11-04,2025-12-02,4.8,8.10152,-3.301519584655762
2025-11-04,2025-12-03,6.500000000000001,9.237434,-2.7374343872070304
2025-11-04,2025-12-04,6.500000000000001,7.4390945,-0.9390945434570304
2025-11-05,2025-11-06,8.2,7.9060936,0.2939064025878899
2025-11-05,2025-11-07,7.3,8.907643,-1.6076433181762697
2025-11-05,2025-11-08,12.4,7.6526895,4.747310543060303
2025-11-05,2025-11-09,8.8,6.8282576,1.9717424392700202
2025-11-05,2025-11-10,4.4,6.920716,-2.520715808868408
2025-11-05,2025-11-11,5.0,8.543369,-3.5433692932128906
2025-11-05,2025-11-12,7.7,7.421681,0.27831907272338885
2025-11-05,2025-11-13,7.4,6.936623,0.4633769035339359
2025-11-05,2025-11-14,12.5,8.617525,3.882474899291992
2025-11-05,2025-11-15,7.4,9.060281,-1.6602807998657223
2025-11-05,2025-11-16,2.9,9.412457,-6.512457466125488
2025-11-05,2025-11-17,4.0,7.2976217,-3.297621726989746
2025-11-05,2025-11-18,9.1,8.418646,0.6813541412353512
2025-11-05,2025-11-19,3.0,8.471111,-5.471111297607422
2025-11-05,2025-11-20,4.2,7.399151,-3.1991508483886717
2025-11-05,2025-11-21,8.4,6.938174,1.4618262290954593
2025-11-05,2025-11-22,5.1,7.019666,-1.9196661949157718
2025-11-05,2025-11-23,4.1,8.135002,-4.035002136230469
2025-11-05,2025-11-24,3.2,7.060887,-3.8608868598937987
2025-11-05,2025-11-25,3.6,7.4747753,-3.8747753143310546
2025-11-05,2025-11-26,11.0,6.8624516,4.137548446655273
2025-11-05,2025-11-27,3.5,8.115468,-4.6154680252075195
2025-11-05,2025-11-28,5.699999999999999,9.067242,-3.3672416687011726
2025-11-05,2025-11-29,3.8,6.95476,-3.1547600746154787
2025-11-05,2025-11-30,4.6,10.175016,-5.5750164031982425
2025-11-05,2025-12-01,3.5,6.396648,-2.8966479301452637
2025-11-05,2025-12-02,4.8,7.887954,-3.0879542350769045
2025-11-05,2025-12-03,6.500000000000001,8.19462,-1.6946201324462882
2025-11-05,2025-12-04,6.500000000000001,9.314843,-2.8148431777954093
2025-11-05,2025-12-05,6.4,7.417124,-1.0171237945556637
2025-11-06,2025-11-07,7.3,7.9035683,-0.6035682678222658
2025-11-06,2025-11-08,12.4,9.038658,3.3613418579101566
2025-11-06,2025-11-09,8.8,7.5869093,1.2130907058715827
2025-11-06,2025-11-10,4.4,6.5909057,-2.190905666351318
2025-11-06,2025-11-11,5.0,6.957146,-1.957146167755127
2025-11-06,2025-11-12,7.7,8.561954,-0.861953544616699
2025-11-06,2025-11-13,7.4,7.3855906,0.014409446716308949
2025-11-06,2025-11-14,12.5,6.8327785,5.667221546173096
2025-11-06,2025-11-15,7.4,8.710656,-1.3106561660766598
2025-11-06,2025-11-16,2.9,8.970612,-6.070611572265625
2025-11-06,2025-11-17,4.0,9.4453745,-5.445374488830566
2025-11-06,2025-11-18,9.1,7.2006507,1.8993493080139157
2025-11-06,2025-11-19,3.0,8.387494,-5.387494087219238
2025-11-06,2025-11-20,4.2,8.3000555,-4.100055503845215
2025-11-06,2025-11-21,8.4,7.27087,1.129129791259766
2025-11-06,2025-11-22,5.1,6.8761415,-1.7761415481567386
2025-11-06,2025-11-23,4.1,7.003678,-2.903677845001221
2025-11-06,2025-11-24,3.2,8.179009,-4.979009437561035
2025-11-06,2025-11-25,3.6,7.143731,-3.543731117248535
2025-11-06,2025-11-26,11.0,7.622542,3.377458095550537
2025-11-06,2025-11-27,3.5,6.8694887,-3.3694887161254883
2025-11-06,2025-11-28,5.699999999999999,8.193279,-2.4932792663574226
2025-11-06,2025-11-29,3.8,9.1653385,-5.365338516235352
2025-11-06,2025-11-30,4.6,6.759929,-2.159929180145264
2025-11-06,2025-12-01,3.5,10.46129,-6.96129035949707
2025-11-06,2025-12-02,4.8,6.357837,-1.557837200164795
2025-11-06,2025-12-03,6.500000000000001,7.945901,-1.4459009170532218
2025-11-06,2025-12-04,6.500000000000001,8.224254,-1.7242536544799796
2025-11-06,2025-12-05,6.4,9.286058,-2.88605842590332
2025-11-06,2025-12-06,6.1000000000000005,7.361935,-1.261935138702392
2025-11-07,2025-11-08,12.4,7.8692617,4.530738258361817
2025-11-07,2025-11-09,8.8,9.127867,-0.3278667449951165
2025-11-07,2025-11-10,4.4,7.5660157,-3.1660157203674313
2025-11-07,2025-11-11,5.0,6.433117,-1.4331169128417969
2025-11-07,2025-11-12,7.7,7.0319138,0.6680862426757814
2025-11-07,2025-11-13,7.4,8.622637,-1.222636795043945
2025-11-07,2025-11-14,12.5,7.404909,5.095090866088867
2025-11-07,2025-11-15,7.4,6.6922975,0.7077025413513187
2025-11-07,2025-11-16,2.9,8.729586,-5.8295856475830075
2025-11-07,2025-11-17,4.0,8.937841,-4.937841415405273
2025-11-07,2025-11-18,9.1,9.431117,-0.3311170578002933
2025-11-07,2025-11-19,3.0,7.1422467,-4.142246723175049
2025-11-07,2025-11-20,4.2,8.253156,-4.053155708312988
2025-11-07,2025-11-21,8.4,8.137403,0.2625974655151371
2025-11-07,2025-11-22,5.1,7.230816,-2.1308158874511722
2025-11-07,2025-11-23,4.1,6.8287344,-2.728734397888184
2025-11-07,2025-11-24,3.2,6.9994135,-3.79941349029541
2025-11-07,2025-11-25,3.6,8.167701,-4.56770076751709
2025-11-07,2025-11-26,11.0,7.202968,3.797031879425049
2025-11-07,2025-11-27,3.5,7.728979,-4.228979110717773
2025-11-07,2025-11-28,5.699999999999999,6.9376745,-1.237674522399903
2025-11-07,2025-11-29,3.8,8.2264805,-4.426480484008789
2025-11-07,2025-11-30,4.6,9.169811,-4.569811248779297
2025-11-07,2025-12-01,3.5,6.57124,-3.071239948272705
2025-11-07,2025-12-02,4.8,10.722473,-5.92247314453125
2025-11-07,2025-12-03,6.500000000000001,6.3320923,0.1679077148437509
2025-11-07,2025-12-04,6.500000000000001,8.041593,-1.541592597961425
2025-11-07,2025-12-05,6.4,8.192011,-1.7920108795166012
2025-11-07,2025-12-06,6.1000000000000005,9.194129,-3.0941289901733393
2025-11-07,2025-12-07,4.3,7.29879,-2.998789978027344
2025-11-08,2025-11-09,8.8,7.6860485,1.113951492309571
2025-11-08,2025-11-10,4.4,9.108028,-4.708028411865234
2025-11-08,2025-11-11,5.0,7.5611057,-2.561105728149414
2025-11-08,2025-11-12,7.7,6.542951,1.1570488929748537
2025-11-08,2025-11-13,7.4,6.9863625,0.41363754272460973
2025-11-08,2025-11-14,12.5,8.636825,3.863175392150879
2025-11-08,2025-11-15,7.4,7.545914,-0.14591417312622035
2025-11-08,2025-11-16,2.9,6.5452394,-3.6452394485473634
2025-11-08,2025-11-17,4.0,8.553458,-4.553458213806152
2025-11-08,2025-11-18,9.1,9.080147,0.019853210449218395
2025-11-08,2025-11-19,3.0,9.294307,-6.294306755065918
2025-11-08,2025-11-20,4.2,7.3167214,-3.116721439361572
2025-11-08,2025-11-21,8.4,8.116095,0.2839054107666019
2025-11-08,2025-11-22,5.1,7.9385753,-2.8385752677917484
2025-11-08,2025-11-23,4.1,7.3228607,-3.222860717773438
2025-11-08,2025-11-24,3.2,6.9204884,-3.720488357543945
2025-11-08,2025-11-25,3.6,6.981578,-3.3815778732299804
2025-11-08,2025-11-26,11.0,8.040239,2.9597606658935547
2025-11-08,2025-11-27,3.5,7.3213487,-3.8213486671447754
2025-11-08,2025-11-28,5.699999999999999,7.8589225,-2.158922481536866
2025-11-08,2025-11-29,3.8,7.0757675,-3.275767517089844
2025-11-08,2025-11-30,4.6,8.116494,-3.516494178771973
2025-11-08,2025-12-01,3.5,8.924756,-5.424756050109863
2025-11-08,2025-12-02,4.8,6.685322,-1.8853218078613283
2025-11-08,2025-12-03,6.500000000000001,10.793475,-4.293475151062011
2025-11-08,2025-12-04,6.500000000000001,6.489208,0.010791778564454013
2025-11-08,2025-12-05,6.4,8.162269,-1.7622686386108395
2025-11-08,2025-12-06,6.1000000000000005,8.12187,-2.021870040893554
2025-11-08,2025-12-07,4.3,9.130658,-4.8306581497192385
2025-11-08,2025-12-08,5.299999999999999,7.2655015,-1.9655014991760265
2025-11-09,2025-11-10,4.4,7.4883575,-3.088357543945312
2025-11-09,2025-11-11,5.0,9.063863,-4.0638628005981445
2025-11-09,2025-11-12,7.7,7.5667415,0.13325853347778338
2025-11-09,2025-11-13,7.4,6.6803284,0.7196716308593754
2025-11-09,2025-11-14,12.5,6.9560413,5.54395866394043
2025-11-09,2025-11-15,7.4,8.563301,-1.163301086425781
2025-11-09,2025-11-16,2.9,7.625708,-4.725708103179931
2025-11-09,2025-11-17,4.0,6.5389996,-2.538999557495117
2025-11-09,2025-11-18,9.1,8.447105,0.6528945922851559
2025-11-09,2025-11-19,3.0,9.147782,-6.147782325744629
2025-11-09,2025-11-20,4.2,9.211028,-5.011028099060058
2025-11-09,2025-11-21,8.4,7.463143,0.9368571281433109
2025-11-09,2025-11-22,5.1,7.986164,-2.8861640930175785
2025-11-09,2025-11-23,4.1,7.8451204,-3.745120429992676
2025-11-09,2025-11-24,3.2,7.4247766,-4.224776554107666
2025-11-09,2025-11-25,3.6,6.9008994,-3.3008994102478026
2025-11-09,2025-11-26,11.0,6.940092,4.059907913208008
2025-11-09,2025-11-27,3.5,7.9945555,-4.494555473327637
2025-11-09,2025-11-28,5.699999999999999,7.379478,-1.6794779777526863
2025-11-09,2025-11-29,3.8,7.8900614,-4.090061378479004
2025-11-09,2025-11-30,4.6,7.208297,-2.6082967758178714
2025-11-09,2025-12-01,3.5,8.032682,-4.532682418823242
2025-11-09,2025-12-02,4.8,8.670883,-3.8708831787109377
2025-11-09,2025-12-03,6.500000000000001,6.736768,-0.2367677688598624
2025-11-09,2025-12-04,6.500000000000001,10.791672,-4.291671752929687
2025-11-09,2025-12-05,6.4,6.63622,-0.23621997833251918
2025-11-09,2025-12-06,6.1000000000000005,8.221844,-2.1218437194824213
2025-11-09,2025-12-07,4.3,8.022086,-3.7220861434936525
2025-11-09,2025-12-08,5.299999999999999,8.96146,-3.6614601135253917
2025-11-09,2025-12-09,5.5,7.2490807,-1.7490806579589844
2025-11-10,2025-11-11,5.0,7.4679594,-2.467959403991699
2025-11-10,2025-11-12,7.7,9.092583,-1.3925827026367186
2025-11-10,2025-11-13,7.4,7.729039,-0.3290391921997067
2025-11-10,2025-11-14,12.5,6.8012404,5.69875955581665
2025-11-10,2025-11-15,7.4,6.8213286,0.5786713600158695
2025-11-10,2025-11-16,2.9,8.647319,-5.747318840026855
2025-11-10,2025-11-17,4.0,7.617049,-3.617049217224121
2025-11-10,2025-11-18,9.1,6.5490866,2.5509134292602536
2025-11-10,2025-11-19,3.0,8.520535,-5.520535469055176
2025-11-10,2025-11-20,4.2,9.196884,-4.996884155273437
2025-11-10,2025-11-21,8.4,9.277783,-0.8777833938598629
2025-11-10,2025-11-22,5.1,7.349337,-2.2493371009826664
2025-11-10,2025-11-23,4.1,7.9478273,-3.8478273391723636
2025-11-10,2025-11-24,3.2,8.018407,-4.818406867980957
2025-11-10,2025-11-25,3.6,7.4068713,-3.8068713188171386
2025-11-10,2025-11-26,11.0,6.7233233,4.276676654815674
2025-11-10,2025-11-27,3.5,6.842861,-3.3428611755371094
2025-11-10,2025-11-28,5.699999999999999,7.935912,-2.2359121322631843
2025-11-10,2025-11-29,3.8,7.3248553,-3.5248553276062013
2025-11-10,2025-11-30,4.6,7.7006555,-3.1006554603576664
2025-11-10,2025-12-01,3.5,7.2600446,-3.760044574737549
2025-11-10,2025-12-02,4.8,8.04146,-3.2414600372314455
2025-11-10,2025-12-03,6.500000000000001,8.841287,-2.3412866592407218
2025-11-10,2025-12-04,6.500000000000001,6.6481814,-0.14818143844604403
2025-11-10,2025-12-05,6.4,10.829411,-4.429410552978515
2025-11-10,2025-12-06,6.1000000000000005,6.524312,-0.424312019348144
2025-11-10,2025-12-07,4.3,8.262857,-3.9628574371337892
2025-11-10,2025-12-08,5.299999999999999,8.104659,-2.804659080505372
2025-11-10,2025-12-09,5.5,8.881665,-3.3816652297973633
2025-11-10,2025-12-10,6.900000000000001,7.175747,-0.27574691772460813
2025-11-11,2025-11-12,7.7,7.6088204,0.09117956161499041
2025-11-11,2025-11-13,7.4,9.073923,-1.6739231109619137
2025-11-11,2025-11-14,12.5,7.798347,4.701653003692627
2025-11-11,2025-11-15,7.4,6.8018093,0.5981906890869144
2025-11-11,2025-11-16,2.9,6.833395,-3.933395004272461
2025-11-11,2025-11-17,4.0,8.663879,-4.66387939453125
2025-11-11,2025-11-18,9.1,7.534403,1.5655971527099606
2025-11-11,2025-11-19,3.0,6.540559,-3.5405588150024414
2025-11-11,2025-11-20,4.2,8.565943,-4.365942764282226
2025-11-11,2025-11-21,8.4,9.120065,-0.7200647354125973
2025-11-11,2025-11-22,5.1,9.344507,-4.244507217407227
2025-11-11,2025-11-23,4.1,7.2988086,-3.198808574676514
2025-11-11,2025-11-24,3.2,7.997283,-4.797282981872558
2025-11-11,2025-11-25,3.6,8.099046,-4.499045753479004
2025-11-11,2025-11-26,11.0,7.2784324,3.7215676307678223
2025-11-11,2025-11-27,3.5,6.6797566,-3.1797566413879395
2025-11-11,2025-11-28,5.699999999999999,6.9332175,-1.2332175254821784
2025-11-11,2025-11-29,3.8,7.937382,-4.137382221221924
2025-11-11,2025-11-30,4.6,7.302202,-2.7022022247314457
2025-11-11,2025-12-01,3.5,7.5941534,-4.09415340423584
2025-11-11,2025-12-02,4.8,7.17753,-2.377529811859131
2025-11-11,2025-12-03,6.500000000000001,8.170748,-1.670747756958007
2025-11-11,2025-12-04,6.500000000000001,9.027248,-2.5272483825683585
2025-11-11,2025-12-05,6.4,6.626795,-0.2267948150634762
2025-11-11,2025-12-06,6.1000000000000005,10.850448,-4.750447654724121
2025-11-11,2025-12-07,4.3,6.450469,-2.1504690170288088
2025-11-11,2025-12-08,5.299999999999999,8.240236,-2.940236282348634
2025-11-11,2025-12-09,5.5,8.158513,-2.658513069152832
2025-11-11,2025-12-10,6.900000000000001,8.900438,-2.000438308715819
2025-11-11,2025-12-11,6.500000000000001,7.1812224,-0.681222438812255
2025-11-12,2025-11-13,7.4,7.772619,-0.3726187705993649
2025-11-12,2025-11-14,12.5,9.085231,3.414769172668457
2025-11-12,2025-11-15,7.4,7.777986,-0.37798604965209925
2025-11-12,2025-11-16,2.9,6.683351,-3.7833510398864747
2025-11-12,2025-11-17,4.0,6.9005375,-2.9005374908447266
2025-11-12,2025-11-18,9.1,8.65622,0.44377956390380824
2025-11-12,2025-11-19,3.0,7.430452,-4.4304518699646
2025-11-12,2025-11-20,4.2,6.4476867,-2.247686672210693
2025-11-12,2025-11-21,8.4,8.632858,-0.23285827636718714
2025-11-12,2025-11-22,5.1,9.024302,-3.9243015289306644
2025-11-12,2025-11-23,4.1,9.365659,-5.265658760070801
2025-11-12,2025-11-24,3.2,7.258832,-4.058831977844238
2025-11-12,2025-11-25,3.6,8.085313,-4.485312843322754
2025-11-12,2025-11-26,11.0,8.120438,2.8795623779296875
2025-11-12,2025-11-27,3.5,7.1414437,-3.6414437294006348
2025-11-12,2025-11-28,5.699999999999999,6.6992946,-0.999294567108155
2025-11-12,2025-11-29,3.8,7.042714,-3.2427141189575197
2025-11-12,2025-11-30,4.6,7.949291,-3.3492912292480472
2025-11-12,2025-12-01,3.5,7.288909,-3.7889089584350586
2025-11-12,2025-12-02,4.8,7.5589433,-2.758943271636963
2025-11-12,2025-12-03,6.500000000000001,7.076012,-0.5760121345520011
2025-11-12,2025-12-04,6.500000000000001,8.293372,-1.793372154235839
2025-11-12,2025-12-05,6.4,9.212603,-2.812602615356445
2025-11-12,2025-12-06,6.1000000000000005,6.6002984,-0.500298404693603
2025-11-12,2025-12-07,4.3,10.912374,-6.612373542785645
2025-11-12,2025-12-08,5.299999999999999,6.40133,-1.1013299942016612
2025-11-12,2025-12-09,5.5,8.175199,-2.675198554992676
2025-11-12,2025-12-10,6.900000000000001,8.208149,-1.3081489562988269
2025-11-12,2025-12-11,6.500000000000001,8.970391,-2.4703912734985343
2025-11-12,2025-12-12,6.8,7.263213,-0.46321315765380877
2025-11-13,2025-11-14,12.5,7.8111324,4.688867568969727
2025-11-13,2025-11-15,7.4,9.084702,-1.6847015380859371
2025-11-13,2025-11-16,2.9,7.7239966,-4.823996639251709
2025-11-13,2025-11-17,4.0,6.5403686,-2.5403685569763184
2025-11-13,2025-11-18,9.1,6.9803896,2.1196104049682614
2025-11-13,2025-11-19,3.0,8.723278,-5.723278045654297
2025-11-13,2025-11-20,4.2,7.3780875,-3.178087520599365
2025-11-13,2025-11-21,8.4,6.4047117,1.9952882766723636
2025-11-13,2025-11-22,5.1,8.655744,-3.5557435989379886
2025-11-13,2025-11-23,4.1,8.962082,-4.862081909179688
2025-11-13,2025-11-24,3.2,9.345365,-6.145364570617676
2025-11-13,2025-11-25,3.6,7.183418,-3.583417797088623
2025-11-13,2025-11-26,11.0,8.100442,2.8995580673217773
2025-11-13,2025-11-27,3.5,8.101856,-4.601856231689453
2025-11-13,2025-11-28,5.699999999999999,7.0590434,-1.3590434074401863
2025-11-13,2025-11-29,3.8,6.713969,-2.9139692306518556
2025-11-13,2025-11-30,4.6,7.1190934,-2.5190934181213382
2025-11-13,2025-12-01,3.5,7.9737206,-4.473720550537109
2025-11-13,2025-12-02,4.8,7.283972,-2.4839717864990236
2025-11-13,2025-12-03,6.500000000000001,7.561601,-1.0616011619567862
2025-11-13,2025-12-04,6.500000000000001,7.0353594,-0.5353593826293936
2025-11-13,2025-12-05,6.4,8.34608,-1.9460798263549801
2025-11-13,2025-12-06,6.1000000000000005,9.3194065,-3.2194065093994135
2025-11-13,2025-12-07,4.3,6.523919,-2.2239191055297853
2025-11-13,2025-12-08,5.299999999999999,10.988167,-5.688166809082032
2025-11-13,2025-12-09,5.5,6.3736377,-0.8736376762390137
2025-11-13,2025-12-10,6.900000000000001,8.171214,-1.2712141036987292
2025-11-13,2025-12-11,6.500000000000001,8.214128,-1.714127540588378
2025-11-13,2025-12-12,6.8,8.986634,-2.1866342544555666
2025-11-13,2025-12-13,8.7,7.2880726,1.411927413940429
2025-11-14,2025-11-15,7.4,7.761924,-0.361923789978027
2025-11-14,2025-11-16,2.9,9.16051,-6.260510063171386
2025-11-14,2025-11-17,4.0,7.689224,-3.6892237663269043
2025-11-14,2025-11-18,9.1,6.3819103,2.71808967590332
2025-11-14,2025-11-19,3.0,7.0945377,-4.094537734985352
2025-11-14,2025-11-20,4.2,8.764428,-4.56442813873291
2025-11-14,2025-11-21,8.4,7.431851,0.9681490898132328
2025-11-14,2025-11-22,5.1,6.373111,-1.2731107711791996
2025-11-14,2025-11-23,4.1,8.687325,-4.587324523925782
2025-11-14,2025-11-24,3.2,8.940157,-5.740156936645508
2025-11-14,2025-11-25,3.6,9.300113,-5.7001127243042
2025-11-14,2025-11-26,11.0,7.112888,3.8871121406555176
2025-11-14,2025-11-27,3.5,7.99219,-4.492189884185791
2025-11-14,2025-11-28,5.699999999999999,8.010404,-2.3104036331176765
2025-11-14,2025-11-29,3.8,7.044152,-3.244151782989502
2025-11-14,2025-11-30,4.6,6.6978006,-2.0978006362915043
2025-11-14,2025-12-01,3.5,7.0771294,-3.577129364013672
2025-11-14,2025-12-02,4.8,7.966616,-3.166616153717041
2025-11-14,2025-12-03,6.500000000000001,7.3012795,-0.8012795448303214
2025-11-14,2025-12-04,6.500000000000001,7.6507764,-1.1507763862609854
2025-11-14,2025-12-05,6.4,7.07014,-0.6701398849487301
2025-11-14,2025-12-06,6.1000000000000005,8.3763895,-2.2763895034790034
2025-11-14,2025-12-07,4.3,9.30365,-5.00364990234375
2025-11-14,2025-12-08,5.299999999999999,6.3758497,-1.075849723815919
2025-11-14,2025-12-09,5.5,11.135365,-5.635364532470703
2025-11-14,2025-12-10,6.900000000000001,6.33113,0.5688699722290051
2025-11-14,2025-12-11,6.500000000000001,8.259644,-1.7596435546874991
2025-11-14,2025-12-12,6.8,8.1547,-1.35470027923584
2025-11-14,2025-12-13,8.7,8.873383,-0.1733825683593757
2025-11-14,2025-12-14,5.6,7.244491,-1.6444911003112797
2025-11-15,2025-11-16,2.9,7.641145,-4.741145229339599
2025-11-15,2025-11-17,4.0,9.127445,-5.127445220947266
2025-11-15,2025-11-18,9.1,7.645242,1.4547577857971188
2025-11-15,2025-11-19,3.0,6.5017633,-3.501763343811035
2025-11-15,2025-11-20,4.2,7.104333,-2.90433292388916
2025-11-15,2025-11-21,8.4,8.789063,-0.38906345367431605
2025-11-15,2025-11-22,5.1,7.5091543,-2.409154319763184
2025-11-15,2025-11-23,4.1,6.317134,-2.2171339035034183
2025-11-15,2025-11-24,3.2,8.540234,-5.340233612060547
2025-11-15,2025-11-25,3.6,9.048892,-5.4488920211792
2025-11-15,2025-11-26,11.0,9.213887,1.7861127853393555
2025-11-15,2025-11-27,3.5,7.3397517,-3.839751720428467
2025-11-15,2025-11-28,5.699999999999999,7.849282,-2.149281787872315
2025-11-15,2025-11-29,3.8,7.94271,-4.1427099227905275
2025-11-15,2025-11-30,4.6,7.167137,-2.567137145996094
2025-11-15,2025-12-01,3.5,6.8326755,-3.3326754570007324
2025-11-15,2025-12-02,4.8,7.065627,-2.2656270980834963
2025-11-15,2025-12-03,6.500000000000001,7.8561845,-1.356184482574462
2025-11-15,2025-12-04,6.500000000000001,7.3373995,-0.8373994827270499
2025-11-15,2025-12-05,6.4,7.705911,-1.3059111595153805
2025-11-15,2025-12-06,6.1000000000000005,7.1639285,-1.0639285087585444
2025-11-15,2025-12-07,4.3,8.336467,-4.036466789245606
2025-11-15,2025-12-08,5.299999999999999,9.036148,-3.7361480712890636
2025-11-15,2025-12-09,5.5,6.4552135,-0.9552135467529297
2025-11-15,2025-12-10,6.900000000000001,11.167284,-4.267284011840819
2025-11-15,2025-12-11,6.500000000000001,6.5114317,-0.01143169403076083
2025-11-15,2025-12-12,6.8,8.346508,-1.546508026123047
2025-11-15,2025-12-13,8.7,7.9863906,0.7136094093322747
2025-11-15,2025-12-14,5.6,8.720142,-3.1201423645019535
2025-11-15,2025-12-15,8.1,7.2636385,0.8363615036010739
2025-11-16,2025-11-17,4.0,7.5931973,-3.5931973457336426
2025-11-16,2025-11-18,9.1,8.994459,0.10554084777831996
2025-11-16,2025-11-19,3.0,7.5565,-4.55649995803833
2025-11-16,2025-11-20,4.2,6.7235246,-2.5235245704650877
2025-11-16,2025-11-21,8.4,7.0242653,1.3757347106933597
2025-11-16,2025-11-22,5.1,8.680015,-3.5800146102905277
2025-11-16,2025-11-23,4.1,7.555211,-3.4552110671997074
2025-11-16,2025-11-24,3.2,6.2636194,-3.0636194229125975
2025-11-16,2025-11-25,3.6,8.407303,-4.807302856445313
2025-11-16,2025-11-26,11.0,9.063227,1.9367733001708984
2025-11-16,2025-11-27,3.5,9.237201,-5.737200736999512
2025-11-16,2025-11-28,5.699999999999999,7.526793,-1.826793003082276
2025-11-16,2025-11-29,3.8,7.8139224,-4.01392240524292
2025-11-16,2025-11-30,4.6,7.9085464,-3.3085464477539066
2025-11-16,2025-12-01,3.5,7.272337,-3.772336959838867
2025-11-16,2025-12-02,4.8,6.9454384,-2.145438385009766
2025-11-16,2025-12-03,6.500000000000001,7.132721,-0.6327209472656241
2025-11-16,2025-12-04,6.500000000000001,7.805916,-1.3059158325195304
2025-11-16,2025-12-05,6.4,7.4047,-1.0046998023986813
2025-11-16,2025-12-06,6.1000000000000005,7.6565566,-1.556556606292724
2025-11-16,2025-12-07,4.3,7.187741,-2.8877408027648928
2025-11-16,2025-12-08,5.299999999999999,8.199577,-2.89957733154297
2025-11-16,2025-12-09,5.5,8.800941,-3.3009414672851562
2025-11-16,2025-12-10,6.900000000000001,6.656533,0.2434672355651868
2025-11-16,2025-12-11,6.500000000000001,11.056043,-4.556042671203612
2025-11-16,2025-12-12,6.8,6.7086916,0.09130840301513654
2025-11-16,2025-12-13,8.7,8.355967,0.3440334320068352
2025-11-16,2025-12-14,5.6,7.878728,-2.2787279129028324
2025-11-16,2025-12-15,8.1,8.736209,-0.6362089157104496
2025-11-16,2025-12-16,6.1000000000000005,7.3638945,-1.2638944625854487
2025-11-17,2025-11-18,9.1,7.6231294,1.4768706321716305
2025-11-17,2025-11-19,3.0,8.952181,-5.952180862426758
2025-11-17,2025-11-20,4.2,7.704148,-3.5041478157043455
2025-11-17,2025-11-21,8.4,7.061327,1.33867301940918
2025-11-17,2025-11-22,5.1,6.801484,-1.7014841079711918
2025-11-17,2025-11-23,4.1,8.760349,-4.660349273681641
2025-11-17,2025-11-24,3.2,7.542836,-4.342836189270019
2025-11-17,2025-11-25,3.6,6.470697,-2.8706969261169433
2025-11-17,2025-11-26,11.0,8.474645,2.525355339050293
2025-11-17,2025-11-27,3.5,9.078602,-5.578601837158203
2025-11-17,2025-11-28,5.699999999999999,9.355491,-3.655490684509278
2025-11-17,2025-11-29,3.8,7.485083,-3.685083103179932
2025-11-17,2025-11-30,4.6,7.7955046,-3.1955045700073246
2025-11-17,2025-12-01,3.5,8.12323,-4.62322998046875
2025-11-17,2025-12-02,4.8,7.3691363,-2.5691363334655763
2025-11-17,2025-12-03,6.500000000000001,6.9535837,-0.4535837173461905
2025-11-17,2025-12-04,6.500000000000001,7.1145363,-0.6145362854003897
2025-11-17,2025-12-05,6.4,7.754438,-1.3544379234313961
2025-11-17,2025-12-06,6.1000000000000005,7.3453,-1.2453001976013178
2025-11-17,2025-12-07,4.3,7.483989,-3.1839887619018556
2025-11-17,2025-12-08,5.299999999999999,7.1400437,-1.8400437355041515
2025-11-17,2025-12-09,5.5,7.9489202,-2.448920249938965
2025-11-17,2025-12-10,6.900000000000001,8.808027,-1.9080272674560534
2025-11-17,2025-12-11,6.500000000000001,6.730518,-0.23051786422729403
2025-11-17,2025-12-12,6.8,10.860219,-4.06021900177002
2025-11-17,2025-12-13,8.7,6.6535196,2.0464803695678704
2025-11-17,2025-12-14,5.6,8.365162,-2.7651618957519535
2025-11-17,2025-12-15,8.1,7.9895926,0.11040744781494105
2025-11-17,2025-12-16,6.1000000000000005,8.868308,-2.768308067321777
2025-11-17,2025-12-17,8.4,7.3478575,1.0521425247192386
2025-11-18,2025-11-19,3.0,7.765988,-4.765987873077393
2025-11-18,2025-11-20,4.2,8.966977,-4.766977119445801
2025-11-18,2025-11-21,8.4,7.817246,0.5827540397644047
2025-11-18,2025-11-22,5.1,7.175062,-2.07506217956543
2025-11-18,2025-11-23,4.1,6.872577,-2.7725771903991703
2025-11-18,2025-11-24,3.2,8.777871,-5.5778711318969725
2025-11-18,2025-11-25,3.6,7.4323306,-3.83233060836792
2025-11-18,2025-11-26,11.0,6.7377005,4.262299537658691
2025-11-18,2025-11-27,3.5,8.558695,-5.058694839477539
2025-11-18,2025-11-28,5.699999999999999,8.983328,-3.2833278656005866
2025-11-18,2025-11-29,3.8,9.435711,-5.635710906982422
2025-11-18,2025-11-30,4.6,7.443488,-2.843488121032715
2025-11-18,2025-12-01,3.5,7.757235,-4.257235050201416
2025-11-18,2025-12-02,4.8,8.266849,-3.4668485641479494
2025-11-18,2025-12-03,6.500000000000001,7.33712,-0.8371200561523429
2025-11-18,2025-12-04,6.500000000000001,6.9472423,-0.44724225997924716
2025-11-18,2025-12-05,6.4,7.220907,-0.8209072113037106
2025-11-18,2025-12-06,6.1000000000000005,7.8530426,-1.753042602539062
2025-11-18,2025-12-07,4.3,7.2756457,-2.975645732879639
2025-11-18,2025-12-08,5.299999999999999,7.372581,-2.0725810050964366
2025-11-18,2025-12-09,5.5,7.023236,-1.52323579788208
2025-11-18,2025-12-10,6.900000000000001,7.943772,-1.0437718391418445
2025-11-18,2025-12-11,6.500000000000001,8.848987,-2.348986625671386
2025-11-18,2025-12-12,6.8,6.749093,0.050906944274902166
2025-11-18,2025-12-13,8.7,10.688653,-1.9886529922485359
2025-11-18,2025-12-14,5.6,6.495561,-0.8955611228942875
2025-11-18,2025-12-15,8.1,8.288147,-0.18814697265625036
2025-11-18,2025-12-16,6.1000000000000005,8.064204,-1.9642042160034174
2025-11-18,2025-12-17,8.4,8.897297,-0.49729690551757777
2025-11-18,2025-12-18,3.3,7.3080654,-4.008065414428711
2025-11-19,2025-11-20,4.2,7.980342,-3.780341911315918
2025-11-19,2025-11-21,8.4,8.959691,-0.5596910476684567
2025-11-19,2025-11-22,5.1,7.9389505,-2.8389505386352543
2025-11-19,2025-11-23,4.1,7.132628,-3.0326279640197757
2025-11-19,2025-11-24,3.2,7.139194,-3.9391940116882322
2025-11-19,2025-11-25,3.6,8.925384,-5.325383567810059
2025-11-19,2025-11-26,11.0,7.3122463,3.687753677368164
2025-11-19,2025-11-27,3.5,6.75376,-3.2537598609924316
2025-11-19,2025-11-28,5.699999999999999,8.646025,-2.946024703979493
2025-11-19,2025-11-29,3.8,8.988221,-5.188221168518067
2025-11-19,2025-11-30,4.6,9.4323,-4.832299613952637
2025-11-19,2025-12-01,3.5,7.3114123,-3.8114123344421387
2025-11-19,2025-12-02,4.8,7.8261547,-3.026154708862305
2025-11-19,2025-12-03,6.500000000000001,8.449668,-1.9496679306030265
2025-11-19,2025-12-04,6.500000000000001,7.3114295,-0.8114295005798331
2025-11-19,2025-12-05,6.4,6.953297,-0.553297138214111
2025-11-19,2025-12-06,6.1000000000000005,7.390263,-1.2902630805969233
2025-11-19,2025-12-07,4.3,8.017297,-3.7172967910766603
2025-11-19,2025-12-08,5.299999999999999,7.16493,-1.8649298667907726
2025-11-19,2025-12-09,5.5,7.211157,-1.7111568450927734
2025-11-19,2025-12-10,6.900000000000001,6.9241114,-0.024111366271971413
2025-11-19,2025-12-11,6.500000000000001,8.040232,-1.5402317047119132
2025-11-19,2025-12-12,6.8,9.045406,-2.2454063415527346
2025-11-19,2025-12-13,8.7,6.753295,1.9467050552368157
2025-11-19,2025-12-14,5.6,10.5406685,-4.9406684875488285
2025-11-19,2025-12-15,8.1,6.300474,1.7995258331298825
2025-11-19,2025-12-16,6.1000000000000005,8.15058,-2.0505804061889643
2025-11-19,2025-12-17,8.4,8.200162,0.19983806610107457
2025-11-19,2025-12-18,3.3,8.978537,-5.678536605834961
2025-11-19,2025-12-19,5.2,7.3667145,-2.1667144775390623
2025-11-20,2025-11-21,8.4,8.161284,0.23871555328369176
2025-11-20,2025-11-22,5.1,8.9818535,-3.8818534851074222
2025-11-20,2025-11-23,4.1,7.9377112,-3.8377112388610843
2025-11-20,2025-11-24,3.2,7.1556387,-3.9556386947631834
2025-11-20,2025-11-25,3.6,7.279338,-3.6793378829956054
2025-11-20,2025-11-26,11.0,9.0329075,1.967092514038086
2025-11-20,2025-11-27,3.5,7.166788,-3.666788101196289
2025-11-20,2025-11-28,5.699999999999999,6.8849773,-1.184977340698243
2025-11-20,2025-11-29,3.8,8.723122,-4.923121643066406
2025-11-20,2025-11-30,4.6,8.890136,-4.290135765075684
2025-11-20,2025-12-01,3.5,9.419136,-5.919136047363281
2025-11-20,2025-12-02,4.8,7.257971,-2.4579708099365236
2025-11-20,2025-12-03,6.500000000000001,7.817624,-1.31762409210205
2025-11-20,2025-12-04,6.500000000000001,8.504345,-2.004344940185546
2025-11-20,2025-12-05,6.4,7.3792715,-0.9792715072631832
2025-11-20,2025-12-06,6.1000000000000005,7.1540246,-1.0540246009826655
2025-11-20,2025-12-07,4.3,7.5641623,-3.2641622543334963
2025-11-20,2025-12-08,5.299999999999999,8.092534,-2.792534065246583
2025-11-20,2025-12-09,5.5,7.073744,-1.5737438201904297
2025-11-20,2025-12-10,6.900000000000001,7.148998,-0.24899778366088743
2025-11-20,2025-12-11,6.500000000000001,6.8565035,-0.3565034866332999
2025-11-20,2025-12-12,6.8,7.969933,-1.1699330329895021
2025-11-20,2025-12-13,8.7,9.030681,-0.3306806564331062
2025-11-20,2025-12-14,5.6,6.7381115,-1.13811149597168
2025-11-20,2025-12-15,8.1,10.446673,-2.346673393249512
2025-11-20,2025-12-16,6.1000000000000005,6.2596073,-0.15960731506347603
2025-11-20,2025-12-17,8.4,8.042687,0.3573125839233402
2025-11-20,2025-12-18,3.3,8.24733,-4.947329711914063
2025-11-20,2025-12-19,5.2,9.128168,-3.9281681060791014
2025-11-20,2025-12-20,6.2,7.4472475,-1.247247505187988
2025-11-21,2025-11-22,5.1,8.2406435,-3.1406435012817386
2025-11-21,2025-11-23,4.1,9.019012,-4.919012451171875
2025-11-21,2025-11-24,3.2,7.939916,-4.739916133880615
2025-11-21,2025-11-25,3.6,7.1975803,-3.597580337524414
2025-11-21,2025-11-26,11.0,7.4480014,3.5519986152648926
2025-11-21,2025-11-27,3.5,9.109575,-5.609575271606445
2025-11-21,2025-11-28,5.699999999999999,7.10306,-1.4030597686767585
2025-11-21,2025-11-29,3.8,7.0911703,-3.2911703109741213
2025-11-21,2025-11-30,4.6,8.801902,-4.201901817321778
2025-11-21,2025-12-01,3.5,8.86251,-5.362509727478027
2025-11-21,2025-12-02,4.8,9.46239,-4.662389945983887
2025-11-21,2025-12-03,6.500000000000001,7.291681,-0.7916808128356925
2025-11-21,2025-12-04,6.500000000000001,7.667167,-1.1671671867370597
2025-11-21,2025-12-05,6.4,8.532994,-2.1329942703247067
2025-11-21,2025-12-06,6.1000000000000005,7.5450034,-1.4450034141540522
2025-11-21,2025-12-07,4.3,7.2446456,-2.9446455955505373
2025-11-21,2025-12-08,5.299999999999999,7.636547,-2.336547088623048
2025-11-21,2025-12-09,5.5,8.184558,-2.6845579147338867
2025-11-21,2025-12-10,6.900000000000001,7.002353,-0.10235319137573118
2025-11-21,2025-12-11,6.500000000000001,7.168806,-0.6688060760498038
2025-11-21,2025-12-12,6.8,6.8389344,-0.03893442153930682
2025-11-21,2025-12-13,8.7,7.788657,0.911342811584472
2025-11-21,2025-12-14,5.6,8.830315,-3.230314636230469
2025-11-21,2025-12-15,8.1,6.668207,1.431792831420898
2025-11-21,2025-12-16,6.1000000000000005,10.365245,-4.26524486541748
2025-11-21,2025-12-17,8.4,6.220118,2.1798819541931156
2025-11-21,2025-12-18,3.3,7.997762,-4.697762203216553
2025-11-21,2025-12-19,5.2,8.211961,-3.0119607925415037
2025-11-21,2025-12-20,6.2,9.134316,-2.9343164443969725
2025-11-21,2025-12-21,10.900000000000002,7.476263,3.4237369537353537
2025-11-22,2025-11-23,4.1,8.088452,-3.9884523391723636
2025-11-22,2025-11-24,3.2,9.01509,-5.815089988708496
2025-11-22,2025-11-25,3.6,8.012268,-4.41226806640625
2025-11-22,2025-11-26,11.0,7.2087965,3.791203498840332
2025-11-22,2025-11-27,3.5,7.6539283,-4.153928279876709
2025-11-22,2025-11-28,5.699999999999999,9.155649,-3.4556491851806648
2025-11-22,2025-11-29,3.8,7.1712227,-3.3712226867675783
2025-11-22,2025-11-30,4.6,7.183336,-2.5833357810974125
2025-11-22,2025-12-01,3.5,8.693073,-5.193073272705078
2025-11-22,2025-12-02,4.8,9.060312,-4.260312271118164
2025-11-22,2025-12-03,6.500000000000001,9.311704,-2.8117036819458
2025-11-22,2025-12-04,6.500000000000001,7.422114,-0.9221138954162589
2025-11-22,2025-12-05,6.4,7.5167947,-1.116794681549072
2025-11-22,2025-12-06,6.1000000000000005,8.52279,-2.4227899551391596
2025-11-22,2025-12-07,4.3,7.7470193,-3.4470192909240724
2025-11-22,2025-12-08,5.299999999999999,7.2922387,-1.992238712310792
2025-11-22,2025-12-09,5.5,7.5808163,-2.0808162689208984
2025-11-22,2025-12-10,6.900000000000001,8.217043,-1.3170429229736316
2025-11-22,2025-12-11,6.500000000000001,6.993398,-0.49339818954467685
2025-11-22,2025-12-12,6.8,7.175123,-0.37512321472167987
2025-11-22,2025-12-13,8.7,6.9925256,1.7074744224548333
2025-11-22,2025-12-14,5.6,7.7519517,-2.1519516944885257
2025-11-22,2025-12-15,8.1,8.547474,-0.4474739074707035
2025-11-22,2025-12-16,6.1000000000000005,6.735167,-0.6351670265197749
2025-11-22,2025-12-17,8.4,10.240181,-1.840180969238281
2025-11-22,2025-12-18,3.3,6.2574086,-2.957408618927002
2025-11-22,2025-12-19,5.2,8.051596,-2.8515956878662108
2025-11-22,2025-12-20,6.2,8.121262,-1.9212615966796873
2025-11-22,2025-12-21,10.900000000000002,8.930068,1.969931983947756
2025-11-22,2025-12-22,16.0,7.4778137,8.522186279296875
2025-11-23,2025-11-24,3.2,7.9978414,-4.797841358184814
2025-11-23,2025-11-25,3.6,8.912389,-5.312388801574707
2025-11-23,2025-11-26,11.0,8.060982,2.9390182495117188
2025-11-23,2025-11-27,3.5,7.2549853,-3.7549853324890137
2025-11-23,2025-11-28,5.699999999999999,7.753887,-2.0538871765136726
2025-11-23,2025-11-29,3.8,9.164224,-5.364223670959473
2025-11-23,2025-11-30,4.6,7.3018193,-2.7018193244934086
2025-11-23,2025-12-01,3.5,7.164534,-3.664534091949463
2025-11-23,2025-12-02,4.8,8.5522,-3.7522003173828127
2025-11-23,2025-12-03,6.500000000000001,9.238283,-2.738283157348632
2025-11-23,2025-12-04,6.500000000000001,9.172591,-2.67259120941162
2025-11-23,2025-12-05,6.4,7.4174547,-1.0174547195434567
2025-11-23,2025-12-06,6.1000000000000005,7.5939336,-1.4939335823059077
2025-11-23,2025-12-07,4.3,8.466561,-4.166561317443848
2025-11-23,2025-12-08,5.299999999999999,7.8896093,-2.5896093368530284
2025-11-23,2025-12-09,5.5,7.3457403,-1.8457403182983398
2025-11-23,2025-12-10,6.900000000000001,7.5646033,-0.6646033287048327
2025-11-23,2025-12-11,6.500000000000001,8.21889,-1.7188901901245108
2025-11-23,2025-12-12,6.8,7.012116,-0.21211595535278338
2025-11-23,2025-12-13,8.7,7.1590343,1.5409657478332512
2025-11-23,2025-12-14,5.6,7.0916657,-1.4916657447814945
2025-11-23,2025-12-15,8.1,7.7414885,0.3585115432739254
2025-11-23,2025-12-16,6.1000000000000005,8.48727,-2.387270355224609
2025-11-23,2025-12-17,8.4,6.8710685,1.5289315223693851
2025-11-23,2025-12-18,3.3,10.094671,-6.794671249389649
2025-11-23,2025-12-19,5.2,6.3483,-1.148299980163574
2025-11-23,2025-12-20,6.2,8.106466,-1.9064662933349608
2025-11-23,2025-12-21,10.900000000000002,8.089423,2.8105768203735373
2025-11-23,2025-12-22,16.0,8.841112,7.15888786315918
2025-11-23,2025-12-23,15.3,7.524807,7.775193023681641
2025-11-24,2025-11-25,3.6,7.981696,-4.381696128845215
2025-11-24,2025-11-26,11.0,8.916087,2.0839128494262695
2025-11-24,2025-11-27,3.5,8.192399,-4.692399024963379
2025-11-24,2025-11-28,5.699999999999999,7.4266453,-1.7266452789306648
2025-11-24,2025-11-29,3.8,7.5276723,-3.727672290802002
2025-11-24,2025-11-30,4.6,9.312321,-4.712320709228516
2025-11-24,2025-12-01,3.5,7.2923822,-3.79238224029541
2025-11-24,2025-12-02,4.8,7.3930264,-2.593026351928711
2025-11-24,2025-12-03,6.500000000000001,8.618716,-2.1187162399291983
2025-11-24,2025-12-04,6.500000000000001,9.294062,-2.7940616607666007
2025-11-24,2025-12-05,6.4,9.241025,-2.8410249710083004
2025-11-24,2025-12-06,6.1000000000000005,7.313372,-1.213372135162353
2025-11-24,2025-12-07,4.3,7.6291075,-3.329107475280762
2025-11-24,2025-12-08,5.299999999999999,8.706715,-3.406714630126954
2025-11-24,2025-12-09,5.5,7.9624496,-2.462449550628662
2025-11-24,2025-12-10,6.900000000000001,7.2993255,-0.3993254661560046
2025-11-24,2025-12-11,6.500000000000001,7.399208,-0.8992080688476554
2025-11-24,2025-12-12,6.8,8.118835,-1.3188354492187502
2025-11-24,2025-12-13,8.7,6.8785696,1.8214303970336907
2025-11-24,2025-12-14,5.6,6.9808197,-1.3808197021484379
2025-11-24,2025-12-15,8.1,7.124827,0.9751730918884274
2025-11-24,2025-12-16,6.1000000000000005,7.6606236,-1.5606235504150385
2025-11-24,2025-12-17,8.4,8.624145,-0.22414455413818324
2025-11-24,2025-12-18,3.3,6.7691736,-3.469173622131348
2025-11-24,2025-12-19,5.2,10.065336,-4.865336227416992
2025-11-24,2025-12-20,6.2,6.3656135,-0.1656134605407713
2025-11-24,2025-12-21,10.900000000000002,8.211372,2.688627624511721
2025-11-24,2025-12-22,16.0,8.145329,7.854670524597168
2025-11-24,2025-12-23,15.3,8.757172,6.542828369140626
2025-11-24,2025-12-24,5.6,7.4890237,-1.8890236854553226
2025-11-25,2025-11-26,11.0,8.13391,2.8660898208618164
2025-11-25,2025-11-27,3.5,8.929909,-5.429908752441406
2025-11-25,2025-11-28,5.699999999999999,8.294047,-2.594047355651856
2025-11-25,2025-11-29,3.8,7.4422436,-3.642243576049805
2025-11-25,2025-11-30,4.6,7.5465827,-2.946582698822022
2025-11-25,2025-12-01,3.5,9.330661,-5.830660820007324
2025-11-25,2025-12-02,4.8,7.292547,-2.4925472259521486
2025-11-25,2025-12-03,6.500000000000001,7.4329996,-0.932999610900878
2025-11-25,2025-12-04,6.500000000000001,8.694379,-2.1943788528442374
2025-11-25,2025-12-05,6.4,9.318321,-2.9183212280273434
2025-11-25,2025-12-06,6.1000000000000005,9.322145,-3.2221454620361323
2025-11-25,2025-12-07,4.3,7.2648177,-2.9648177146911623
2025-11-25,2025-12-08,5.299999999999999,7.7266836,-2.4266836166381847
2025-11-25,2025-12-09,5.5,8.81326,-3.313260078430176
2025-11-25,2025-12-10,6.900000000000001,7.9553757,-1.0553756713867175
2025-11-25,2025-12-11,6.500000000000001,7.3182235,-0.8182234764099112
2025-11-25,2025-12-12,6.8,7.408481,-0.6084811210632326
2025-11-25,2025-12-13,8.7,8.154255,0.5457450866699212
2025-11-25,2025-12-14,5.6,6.8002195,-1.200219535827637
2025-11-25,2025-12-15,8.1,6.950416,1.1495839118957516
2025-11-25,2025-12-16,6.1000000000000005,7.023431,-0.9234308242797846
2025-11-25,2025-12-17,8.4,7.7430058,0.6569942474365238
2025-11-25,2025-12-18,3.3,8.744159,-5.444158744812012
2025-11-25,2025-12-19,5.2,6.789544,-1.589544105529785
2025-11-25,2025-12-20,6.2,9.997572,-3.7975719451904295
2025-11-25,2025-12-21,10.900000000000002,6.3010187,4.598981285095217
2025-11-25,2025-12-22,16.0,8.179126,7.820874214172363
2025-11-25,2025-12-23,15.3,8.201083,7.0989168167114265
2025-11-25,2025-12-24,5.6,8.840858,-3.2408584594726566
2025-11-25,2025-12-25,4.3,7.487952,-3.18795223236084
2025-11-26,2025-11-27,3.5,8.218744,-4.718744277954102
2025-11-26,2025-11-28,5.699999999999999,8.993342,-3.2933423995971687
2025-11-26,2025-11-29,3.8,8.242641,-4.4426414489746096
2025-11-26,2025-11-30,4.6,7.3678403,-2.7678402900695804
2025-11-26,2025-12-01,3.5,7.5716743,-4.071674346923828
2025-11-26,2025-12-02,4.8,9.303113,-4.5031129837036135
2025-11-26,2025-12-03,6.500000000000001,7.13,-0.6300001144409171
2025-11-26,2025-12-04,6.500000000000001,7.7393675,-1.2393674850463858
2025-11-26,2025-12-05,6.4,8.822796,-2.4227958679199215
2025-11-26,2025-12-06,6.1000000000000005,9.168581,-3.0685810089111323
2025-11-26,2025-12-07,4.3,9.423765,-5.123765182495117
2025-11-26,2025-12-08,5.299999999999999,7.272336,-1.9723360061645518
2025-11-26,2025-12-09,5.5,7.6920085,-2.1920084953308105
2025-11-26,2025-12-10,6.900000000000001,8.802513,-1.9025131225585925
2025-11-26,2025-12-11,6.500000000000001,7.917144,-1.4171438217163077
2025-11-26,2025-12-12,6.8,7.3980494,-0.5980493545532228
2025-11-26,2025-12-13,8.7,7.4300733,1.269926738739013
2025-11-26,2025-12-14,5.6,8.227137,-2.627136611938477
2025-11-26,2025-12-15,8.1,6.789789,1.310210800170898
2025-11-26,2025-12-16,6.1000000000000005,7.0222325,-0.9222325325012202
2025-11-26,2025-12-17,8.4,6.9331803,1.4668196678161625
2025-11-26,2025-12-18,3.3,7.7108274,-4.410827350616455
2025-11-26,2025-12-19,5.2,8.691122,-3.4911220550537108
2025-11-26,2025-12-20,6.2,6.718579,-0.5185788154602049
2025-11-26,2025-12-21,10.900000000000002,9.972005,0.9279951095581076
2025-11-26,2025-12-22,16.0,6.3037457,9.696254253387451
2025-11-26,2025-12-23,15.3,8.162898,7.137101936340333
2025-11-26,2025-12-24,5.6,8.204631,-2.604630851745606
2025-11-26,2025-12-25,4.3,8.820278,-4.5202781677246096
2025-11-26,2025-12-26,10.2,7.483707,2.716293048858642
2025-11-27,2025-11-28,5.699999999999999,8.389073,-2.6890733718872077
2025-11-27,2025-11-29,3.8,8.979673,-5.179673385620117
2025-11-27,2025-11-30,4.6,8.278632,-3.678632164001465
2025-11-27,2025-12-01,3.5,7.2890964,-3.7890963554382324
2025-11-27,2025-12-02,4.8,7.7628508,-2.9628507614135744
2025-11-27,2025-12-03,6.500000000000001,9.440175,-2.9401750564575186
2025-11-27,2025-12-04,6.500000000000001,6.963434,-0.4634342193603507
2025-11-27,2025-12-05,6.4,7.7343545,-1.334354496002197
2025-11-27,2025-12-06,6.1000000000000005,8.854507,-2.754507446289062
2025-11-27,2025-12-07,4.3,9.145145,-4.845145416259766
2025-11-27,2025-12-08,5.299999999999999,9.437025,-4.137025070190431
2025-11-27,2025-12-09,5.5,7.2092366,-1.7092366218566895
2025-11-27,2025-12-10,6.900000000000001,7.6577215,-0.7577215194702136
2025-11-27,2025-12-11,6.500000000000001,8.854125,-2.3541250228881827
2025-11-27,2025-12-12,6.8,7.9320087,-1.132008743286133
2025-11-27,2025-12-13,8.7,7.479843,1.2201568603515618
2025-11-27,2025-12-14,5.6,7.6087494,-2.008749389648438
2025-11-27,2025-12-15,8.1,8.337606,-0.2376064300537113
2025-11-27,2025-12-16,6.1000000000000005,6.717945,-0.6179450988769526
2025-11-27,2025-12-17,8.4,6.934757,1.4652427673339847
2025-11-27,2025-12-18,3.3,6.882175,-3.5821749687194826
2025-11-27,2025-12-19,5.2,7.721799,-2.5217988967895506
2025-11-27,2025-12-20,6.2,8.740521,-2.540521430969238
2025-11-27,2025-12-21,10.900000000000002,6.648097,4.251902961730959
2025-11-27,2025-12-22,16.0,9.919827,6.080172538757324
2025-11-27,2025-12-23,15.3,6.222536,9.077463912963868
2025-11-27,2025-12-24,5.6,8.06998,-2.4699796676635746
2025-11-27,2025-12-25,4.3,8.225668,-3.925667953491211
2025-11-27,2025-12-26,10.2,8.831984,1.3680164337158196
2025-11-27,2025-12-27,3.9000000000000004,7.54633,-3.6463299751281735
2025-11-28,2025-11-29,3.8,8.534056,-4.734055709838867
2025-11-28,2025-11-30,4.6,8.928941,-4.328940773010254
2025-11-28,2025-12-01,3.5,8.21158,-4.711580276489258
2025-11-28,2025-12-02,4.8,7.2564816,-2.4564816474914553
2025-11-28,2025-12-03,6.500000000000001,7.837309,-1.3373088836669913
2025-11-28,2025-12-04,6.500000000000001,9.499473,-2.9994726181030265
2025-11-28,2025-12-05,6.4,6.8904805,-0.4904805183410641
2025-11-28,2025-12-06,6.1000000000000005,7.6020117,-1.5020116806030268
2025-11-28,2025-12-07,4.3,8.818552,-4.518552017211914
2025-11-28,2025-12-08,5.299999999999999,9.139035,-3.839035224914552
2025-11-28,2025-12-09,5.5,9.436957,-3.936957359313965
2025-11-28,2025-12-10,6.900000000000001,7.2405634,-0.3405633926391589
2025-11-28,2025-12-11,6.500000000000001,7.6545334,-1.1545333862304679
2025-11-28,2025-12-12,6.8,8.844238,-2.04423828125
2025-11-28,2025-12-13,8.7,7.9649725,0.7350275039672844
2025-11-28,2025-12-14,5.6,7.597664,-1.9976638793945316
2025-11-28,2025-12-15,8.1,7.7482114,0.35178861618041957
2025-11-28,2025-12-16,6.1000000000000005,8.344229,-2.2442287445068354
2025-11-28,2025-12-17,8.4,6.677847,1.7221530914306644
2025-11-28,2025-12-18,3.3,6.889592,-3.589592170715332
2025-11-28,2025-12-19,5.2,6.8732715,-1.6732714653015135
2025-11-28,2025-12-20,6.2,7.6689124,-1.4689124107360838
2025-11-28,2025-12-21,10.900000000000002,8.748822,2.151177787780764
2025-11-28,2025-12-22,16.0,6.6943116,9.305688381195068
2025-11-28,2025-12-23,15.3,9.892351,5.407648849487305
2025-11-28,2025-12-24,5.6,6.237116,-0.6371158599853519
2025-11-28,2025-12-25,4.3,7.9900193,-3.6900193214416506
2025-11-28,2025-12-26,10.2,8.214779,1.985221099853515
2025-11-28,2025-12-27,3.9000000000000004,8.920175,-5.020174598693847
2025-11-28,2025-12-28,4.5,7.662407,-3.1624069213867188
2025-11-29,2025-11-30,4.6,8.424958,-3.8249582290649418
2025-11-29,2025-12-01,3.5,8.894018,-5.394018173217773
2025-11-29,2025-12-02,4.8,8.20652,-3.4065200805664064
2025-11-29,2025-12-03,6.500000000000001,7.2555804,-0.7555804252624503
2025-11-29,2025-12-04,6.500000000000001,7.9027944,-1.402794361114501
2025-11-29,2025-12-05,6.4,9.5244465,-3.1244464874267575
2025-11-29,2025-12-06,6.1000000000000005,7.020463,-0.9204629898071284
2025-11-29,2025-12-07,4.3,7.493927,-3.193927001953125
2025-11-29,2025-12-08,5.299999999999999,8.650079,-3.3500787734985362
2025-11-29,2025-12-09,5.5,9.340383,-3.8403825759887695
2025-11-29,2025-12-10,6.900000000000001,9.265972,-2.3659721374511706
2025-11-29,2025-12-11,6.500000000000001,7.3695674,-0.8695673942565909
2025-11-29,2025-12-12,6.8,7.6360264,-0.8360263824462892
2025-11-29,2025-12-13,8.7,8.7831745,-0.08317451477050852
2025-11-29,2025-12-14,5.6,8.077467,-2.47746696472168
2025-11-29,2025-12-15,8.1,7.7215996,0.37840042114257777
2025-11-29,2025-12-16,6.1000000000000005,7.670881,-1.570880794525146
2025-11-29,2025-12-17,8.4,8.277279,0.12272109985351598
2025-11-29,2025-12-18,3.3,6.699766,-3.3997661590576174
2025-11-29,2025-12-19,5.2,6.920395,-1.7203948974609373
2025-11-29,2025-12-20,6.2,7.003692,-0.8036921501159666
2025-11-29,2025-12-21,10.900000000000002,7.6598926,3.2401074409484885
2025-11-29,2025-12-22,16.0,8.585078,7.414921760559082
2025-11-29,2025-12-23,15.3,6.828154,8.47184591293335
2025-11-29,2025-12-24,5.6,9.836207,-4.236207389831543
2025-11-29,2025-12-25,4.3,6.349278,-2.049277973175049
2025-11-29,2025-12-26,10.2,8.056171,2.143828582763671
2025-11-29,2025-12-27,3.9000000000000004,8.124847,-4.224847412109375
2025-11-29,2025-12-28,4.5,8.795374,-4.295373916625977
2025-11-29,2025-12-29,3.5,7.705416,-4.205416202545166
2025-11-30,2025-12-01,3.5,8.283139,-4.783139228820801
2025-11-30,2025-12-02,4.8,8.826492,-4.026492309570313
2025-11-30,2025-12-03,6.500000000000001,8.194454,-1.6944541931152335
2025-11-30,2025-12-04,6.500000000000001,7.4067235,-0.9067234992980948
2025-11-30,2025-12-05,6.4,7.856409,-1.4564090728759762
2025-11-30,2025-12-06,6.1000000000000005,9.460167,-3.360166931152343
2025-11-30,2025-12-07,4.3,7.1616235,-2.861623477935791
2025-11-30,2025-12-08,5.299999999999999,7.530688,-2.2306878089904796
2025-11-30,2025-12-09,5.5,8.522241,-3.02224063873291
2025-11-30,2025-12-10,6.900000000000001,9.448695,-2.5486951828002917
2025-11-30,2025-12-11,6.500000000000001,9.15974,-2.659740447998046
2025-11-30,2025-12-12,6.8,7.4706306,-0.6706306457519533
2025-11-30,2025-12-13,8.7,7.6315866,1.0684134483337395
2025-11-30,2025-12-14,5.6,8.714594,-3.114593887329102
2025-11-30,2025-12-15,8.1,8.236417,-0.13641681671142614
2025-11-30,2025-12-16,6.1000000000000005,7.835651,-1.7356509208679194
2025-11-30,2025-12-17,8.4,7.59823,0.801770114898682
2025-11-30,2025-12-18,3.3,8.198687,-4.8986865997314455
2025-11-30,2025-12-19,5.2,6.708775,-1.5087750434875487
2025-11-30,2025-12-20,6.2,6.940176,-0.7401760101318358
2025-11-30,2025-12-21,10.900000000000002,7.0875406,3.8124593734741232
2025-11-30,2025-12-22,16.0,7.5656395,8.43436050415039
2025-11-30,2025-12-23,15.3,8.360608,6.939391899108887
2025-11-30,2025-12-24,5.6,6.9494176,-1.349417591094971
2025-11-30,2025-12-25,4.3,9.733363,-5.433363151550293
2025-11-30,2025-12-26,10.2,6.5277767,3.672223281860351
2025-11-30,2025-12-27,3.9000000000000004,8.131314,-4.231314277648925
2025-11-30,2025-12-28,4.5,8.009098,-3.5090980529785156
2025-11-30,2025-12-29,3.5,8.704691,-5.204690933227539
2025-11-30,2025-12-30,3.9000000000000004,7.7401114,-3.8401113510131832
