Forecast_Origin,Target_Date,Actual_PM25,Predicted_PM25,Residual
2024-12-31,2025-01-01,4.0,5.30403,-1.304029941558838
2024-12-31,2025-01-02,6.4,6.9748793,-0.5748792648315426
2024-12-31,2025-01-03,13.7,6.968401,6.731599044799804
2024-12-31,2025-01-04,13.499999999999998,6.9214168,6.578583240509031
2024-12-31,2025-01-05,3.0,7.1915827,-4.191582679748535
2024-12-31,2025-01-06,9.0,9.024855,-0.024854660034179688
2024-12-31,2025-01-07,15.0,9.031367,5.968632698059082
2024-12-31,2025-01-08,5.733333333333332,8.9263735,-3.1930401484171567
2024-12-31,2025-01-09,7.233333333333332,10.225966,-2.9926331202189145
2024-12-31,2025-01-10,11.799999999999994,9.625284,2.1747158050537045
2024-12-31,2025-01-11,39.0,9.679585,29.320414543151855
2024-12-31,2025-01-12,36.0,9.483163,26.516837120056152
2024-12-31,2025-01-13,12.3,7.995259,4.304741191864014
2024-12-31,2025-01-14,16.5,8.247551,8.252449035644531
2025-01-01,2025-01-02,6.4,5.083397,1.3166030883789066
2025-01-01,2025-01-03,13.7,7.0320063,6.667993736267089
2025-01-01,2025-01-04,13.499999999999998,6.7354245,6.764575481414793
2025-01-01,2025-01-05,3.0,7.112974,-4.112974166870117
2025-01-01,2025-01-06,9.0,7.700453,1.2995471954345703
2025-01-01,2025-01-07,15.0,9.506231,5.493768692016602
2025-01-01,2025-01-08,5.733333333333332,9.569805,-3.8364718119303403
2025-01-01,2025-01-09,7.233333333333332,9.689402,-2.4560682932535824
2025-01-01,2025-01-10,11.799999999999994,10.569931,1.230068969726556
2025-01-01,2025-01-11,39.0,9.985307,29.01469326019287
2025-01-01,2025-01-12,36.0,9.99778,26.002220153808594
2025-01-01,2025-01-13,12.3,9.9206505,2.3793495178222663
2025-01-01,2025-01-14,16.5,8.531877,7.968123435974121
2025-01-01,2025-01-15,17.8,8.21741,9.582589912414551
2025-01-02,2025-01-03,13.7,5.2502575,8.44974250793457
2025-01-02,2025-01-04,13.499999999999998,7.4357276,6.064272403717039
2025-01-02,2025-01-05,3.0,6.9108176,-3.9108176231384277
2025-01-02,2025-01-06,9.0,7.6017303,1.3982696533203125
2025-01-02,2025-01-07,15.0,8.388964,6.61103630065918
2025-01-02,2025-01-08,5.733333333333332,10.120757,-4.387423769632977
2025-01-02,2025-01-09,7.233333333333332,10.115366,-2.8820326487223324
2025-01-02,2025-01-10,11.799999999999994,10.258449,1.5415513992309506
2025-01-02,2025-01-11,39.0,10.803666,28.19633388519287
2025-01-02,2025-01-12,36.0,10.151577,25.84842300415039
2025-01-02,2025-01-13,12.3,10.272243,2.0277574539184577
2025-01-02,2025-01-14,16.5,10.310436,6.189563751220703
2025-01-02,2025-01-15,17.8,8.852611,8.94738941192627
2025-01-02,2025-01-16,14.1,8.16508,5.934919929504394
2025-01-03,2025-01-04,13.499999999999998,5.7174544,7.782545566558836
2025-01-03,2025-01-05,3.0,8.081288,-5.0812883377075195
2025-01-03,2025-01-06,9.0,7.3240647,1.6759352684020996
2025-01-03,2025-01-07,15.0,8.251867,6.748132705688477
2025-01-03,2025-01-08,5.733333333333332,9.071912,-3.3385784784952817
2025-01-03,2025-01-09,7.233333333333332,10.58926,-3.3559267679850278
2025-01-03,2025-01-10,11.799999999999994,10.528383,1.2716167449951108
2025-01-03,2025-01-11,39.0,10.543774,28.456226348876953
2025-01-03,2025-01-12,36.0,10.79615,25.20384979248047
2025-01-03,2025-01-13,12.3,10.166004,2.1339958190917976
2025-01-03,2025-01-14,16.5,10.363675,6.136324882507324
2025-01-03,2025-01-15,17.8,10.468017,7.331983375549317
2025-01-03,2025-01-16,14.1,8.900069,5.1999307632446286
2025-01-03,2025-01-17,20.8,8.042707,12.757292556762696
2025-01-04,2025-01-05,3.0,6.286055,-3.286055088043213
2025-01-04,2025-01-06,9.0,8.757382,0.24261760711669922
2025-01-04,2025-01-07,15.0,7.9537106,7.046289443969727
2025-01-04,2025-01-08,5.733333333333332,8.797815,-3.064481989542645
2025-01-04,2025-01-09,7.233333333333332,9.355693,-2.122359530131024
2025-01-04,2025-01-10,11.799999999999994,10.721601,1.0783994674682553
2025-01-04,2025-01-11,39.0,10.762368,28.237631797790527
2025-01-04,2025-01-12,36.0,10.575764,25.424236297607422
2025-01-04,2025-01-13,12.3,10.8233385,1.4766614913940437
2025-01-04,2025-01-14,16.5,10.091837,6.408163070678711
2025-01-04,2025-01-15,17.8,10.375328,7.424671936035157
2025-01-04,2025-01-16,14.1,10.376157,3.723843193054199
2025-01-04,2025-01-17,20.8,8.749194,12.050805854797364
2025-01-04,2025-01-18,29.199999999999996,7.920711,21.27928895950317
2025-01-05,2025-01-06,9.0,6.490612,2.509387969970703
2025-01-05,2025-01-07,15.0,8.973755,6.0262451171875
2025-01-05,2025-01-08,5.733333333333332,8.237519,-2.50418593088786
2025-01-05,2025-01-09,7.233333333333332,8.972721,-1.739387766520184
2025-01-05,2025-01-10,11.799999999999994,9.266693,2.5333068847656186
2025-01-05,2025-01-11,39.0,10.4322195,28.56778049468994
2025-01-05,2025-01-12,36.0,10.744124,25.25587558746338
2025-01-05,2025-01-13,12.3,10.186065,2.113935279846192
2025-01-05,2025-01-14,16.5,10.608897,5.8911027908325195
2025-01-05,2025-01-15,17.8,9.857698,7.942301559448243
2025-01-05,2025-01-16,14.1,10.177578,3.9224220275878903
2025-01-05,2025-01-17,20.8,9.985319,10.814680862426759
2025-01-05,2025-01-18,29.199999999999996,8.581552,20.618448448181148
2025-01-05,2025-01-19,23.099999999999998,7.744101,15.355898952484129
2025-01-06,2025-01-07,15.0,6.6589775,8.341022491455078
2025-01-06,2025-01-08,5.733333333333332,8.791543,-3.058209673563641
2025-01-06,2025-01-09,7.233333333333332,7.940096,-0.7067625681559262
2025-01-06,2025-01-10,11.799999999999994,8.804845,2.9951551437377866
2025-01-06,2025-01-11,39.0,9.158657,29.84134292602539
2025-01-06,2025-01-12,36.0,10.055619,25.94438076019287
2025-01-06,2025-01-13,12.3,10.423947,1.87605266571045
2025-01-06,2025-01-14,16.5,9.840726,6.659274101257324
2025-01-06,2025-01-15,17.8,10.140206,7.659793663024903
2025-01-06,2025-01-16,14.1,9.287786,4.812214469909668
2025-01-06,2025-01-17,20.8,9.640654,11.159346389770509
2025-01-06,2025-01-18,29.199999999999996,9.563462,19.636537742614742
2025-01-06,2025-01-19,23.099999999999998,8.378145,14.72185478210449
2025-01-06,2025-01-20,21.1,7.458696,13.641304111480714
2025-01-07,2025-01-08,5.733333333333332,7.062677,-1.3293435732523617
2025-01-07,2025-01-09,7.233333333333332,8.795735,-1.562402025858563
2025-01-07,2025-01-10,11.799999999999994,7.8593493,3.9406507492065366
2025-01-07,2025-01-11,39.0,8.782112,30.21788787841797
2025-01-07,2025-01-12,36.0,9.199745,26.800254821777344
2025-01-07,2025-01-13,12.3,9.815089,2.4849107742309577
2025-01-07,2025-01-14,16.5,10.210069,6.289931297302246
2025-01-07,2025-01-15,17.8,9.612777,8.18722324371338
2025-01-07,2025-01-16,14.1,9.676843,4.4231573104858395
2025-01-07,2025-01-17,20.8,8.699573,12.100427436828614
2025-01-07,2025-01-18,29.199999999999996,9.135516,20.064483833312984
2025-01-07,2025-01-19,23.099999999999998,9.293472,13.806527709960935
2025-01-07,2025-01-20,21.1,8.199198,12.900802230834962
2025-01-07,2025-01-21,24.399999999999995,7.280642,17.119357967376704
2025-01-08,2025-01-09,7.233333333333332,7.6767464,-0.4434130350748715
2025-01-08,2025-01-10,11.799999999999994,9.026057,2.7739427566528256
2025-01-08,2025-01-11,39.0,8.055522,30.944478034973145
2025-01-08,2025-01-12,36.0,8.879851,27.12014865875244
2025-01-08,2025-01-13,12.3,9.370708,2.929291534423829
2025-01-08,2025-01-14,16.5,9.702069,6.797930717468262
2025-01-08,2025-01-15,17.8,10.042916,7.757083702087403
2025-01-08,2025-01-16,14.1,9.431025,4.668975448608398
2025-01-08,2025-01-17,20.8,9.1960745,11.603925514221192
2025-01-08,2025-01-18,29.199999999999996,8.260217,20.939783287048336
2025-01-08,2025-01-19,23.099999999999998,8.723923,14.37607727050781
2025-01-08,2025-01-20,21.1,9.272004,11.82799587249756
2025-01-08,2025-01-21,24.399999999999995,8.131593,16.26840724945068
2025-01-08,2025-01-22,28.099999999999998,7.3277907,20.7722092628479
2025-01-09,2025-01-10,11.799999999999994,8.120311,3.679689216613763
2025-01-09,2025-01-11,39.0,9.169506,29.830493927001953
2025-01-09,2025-01-12,36.0,8.228138,27.771862030029297
2025-01-09,2025-01-13,12.3,8.986609,3.313390541076661
2025-01-09,2025-01-14,16.5,9.317049,7.182950973510742
2025-01-09,2025-01-15,17.8,9.433772,8.366227912902833
2025-01-09,2025-01-16,14.1,9.642977,4.457023239135742
2025-01-09,2025-01-17,20.8,9.023759,11.776241111755372
2025-01-09,2025-01-18,29.199999999999996,8.605299,20.594701004028316
2025-01-09,2025-01-19,23.099999999999998,7.7858353,15.314164733886717
2025-01-09,2025-01-20,21.1,8.238153,12.8618465423584
2025-01-09,2025-01-21,24.399999999999995,9.089725,15.310275459289546
2025-01-09,2025-01-22,28.099999999999998,7.878507,20.221492862701414
2025-01-09,2025-01-23,12.8,7.247587,5.5524127960205085
2025-01-10,2025-01-11,39.0,8.63941,30.3605899810791
2025-01-10,2025-01-12,36.0,9.45586,26.544139862060547
2025-01-10,2025-01-13,12.3,8.537552,3.762448120117188
2025-01-10,2025-01-14,16.5,9.0476885,7.4523115158081055
2025-01-10,2025-01-15,17.8,9.168665,8.631335067749024
2025-01-10,2025-01-16,14.1,9.128421,4.97157917022705
2025-01-10,2025-01-17,20.8,9.175004,11.624995994567872
2025-01-10,2025-01-18,29.199999999999996,8.571724,20.628276062011714
2025-01-10,2025-01-19,23.099999999999998,7.9281363,15.171863651275633
2025-01-10,2025-01-20,21.1,7.3746634,13.725336647033693
2025-01-10,2025-01-21,24.399999999999995,7.738686,16.66131391525268
2025-01-10,2025-01-22,28.099999999999998,8.708668,19.391332244873045
2025-01-10,2025-01-23,12.8,7.628868,5.171131896972657
2025-01-10,2025-01-24,9.6,7.2221684,2.3778315544128414
2025-01-11,2025-01-12,36.0,9.4415865,26.5584135055542
2025-01-11,2025-01-13,12.3,10.042793,2.2572067260742195
2025-01-11,2025-01-14,16.5,9.088552,7.411447525024414
2025-01-11,2025-01-15,17.8,9.2570915,8.542908477783204
2025-01-11,2025-01-16,14.1,8.900534,5.199466323852539
2025-01-11,2025-01-17,20.8,8.628048,12.171952056884766
2025-01-11,2025-01-18,29.199999999999996,8.757774,20.442225646972652
2025-01-11,2025-01-19,23.099999999999998,8.083332,15.01666793823242
2025-01-11,2025-01-20,21.1,7.4513125,13.648687458038331
2025-01-11,2025-01-21,24.399999999999995,6.983139,17.416860961914058
2025-01-11,2025-01-22,28.099999999999998,7.393527,20.706472969055174
2025-01-11,2025-01-23,12.8,8.188649,4.611350822448731
2025-01-11,2025-01-24,9.6,7.1905403,2.4094596862792965
2025-01-11,2025-01-25,7.5,7.114762,0.3852381706237793
2025-01-12,2025-01-13,12.3,10.273791,2.026208686828614
2025-01-12,2025-01-14,16.5,10.728917,5.771082878112793
2025-01-12,2025-01-15,17.8,9.728021,8.071979331970216
2025-01-12,2025-01-16,14.1,9.392925,4.707074737548828
2025-01-12,2025-01-17,20.8,8.498025,12.301975059509278
2025-01-12,2025-01-18,29.199999999999996,8.043019,21.156980705261226
2025-01-12,2025-01-19,23.099999999999998,8.32806,14.771939849853513
2025-01-12,2025-01-20,21.1,7.518312,13.581688022613527
2025-01-12,2025-01-21,24.399999999999995,7.085493,17.31450691223144
2025-01-12,2025-01-22,28.099999999999998,6.590265,21.509735202789305
2025-01-12,2025-01-23,12.8,7.0626163,5.737383651733399
2025-01-12,2025-01-24,9.6,7.7027154,1.8972846031188961
2025-01-12,2025-01-25,7.5,6.8210664,0.6789336204528809
2025-01-12,2025-01-26,5.1,7.027348,-1.9273480415344242
2025-01-13,2025-01-14,16.5,10.66625,5.833749771118164
2025-01-13,2025-01-15,17.8,10.629404,7.170595932006837
2025-01-13,2025-01-16,14.1,9.501142,4.598858451843261
2025-01-13,2025-01-17,20.8,9.092645,11.707355308532716
2025-01-13,2025-01-18,29.199999999999996,7.994569,21.20543117523193
2025-01-13,2025-01-19,23.099999999999998,7.4702716,15.629728412628172
2025-01-13,2025-01-20,21.1,7.766853,13.333147144317628
2025-01-13,2025-01-21,24.399999999999995,7.080134,17.319866085052485
2025-01-13,2025-01-22,28.099999999999998,6.8406224,21.259377574920652
2025-01-13,2025-01-23,12.8,6.1336017,6.6663983345031745
2025-01-13,2025-01-24,9.6,6.7112427,2.8887573242187496
2025-01-13,2025-01-25,7.5,7.6343102,-0.13431024551391602
2025-01-13,2025-01-26,5.1,6.7554274,-1.6554273605346683
2025-01-13,2025-01-27,4.1,7.1751714,-3.0751713752746586
2025-01-14,2025-01-15,17.8,10.677675,7.122324752807618
2025-01-14,2025-01-16,14.1,10.192435,3.9075647354125973
2025-01-14,2025-01-17,20.8,8.93005,11.869950103759766
2025-01-14,2025-01-18,29.199999999999996,8.69001,20.509989929199214
2025-01-14,2025-01-19,23.099999999999998,7.5470614,15.55293855667114
2025-01-14,2025-01-20,21.1,7.048347,14.051653003692628
2025-01-14,2025-01-21,24.399999999999995,7.280748,17.119252109527583
2025-01-14,2025-01-22,28.099999999999998,6.867277,21.232722854614256
2025-01-14,2025-01-23,12.8,6.771758,6.028241920471192
2025-01-14,2025-01-24,9.6,5.90965,3.6903501510620114
2025-01-14,2025-01-25,7.5,6.6246433,0.8753566741943359
2025-01-14,2025-01-26,5.1,7.7587266,-2.6587265968322757
2025-01-14,2025-01-27,4.1,6.8521633,-2.7521633148193363
2025-01-14,2025-01-28,5.0,7.42069,-2.4206900596618652
2025-01-15,2025-01-16,14.1,10.426136,3.6738639831542965
2025-01-15,2025-01-17,20.8,9.671836,11.128164100646973
2025-01-15,2025-01-18,29.199999999999996,8.323921,20.876078796386714
2025-01-15,2025-01-19,23.099999999999998,8.333696,14.766303634643553
2025-01-15,2025-01-20,21.1,7.2904816,13.809518432617189
2025-01-15,2025-01-21,24.399999999999995,6.9101205,17.48987951278686
2025-01-15,2025-01-22,28.099999999999998,6.934818,21.16518220901489
2025-01-15,2025-01-23,12.8,6.830974,5.969025897979737
2025-01-15,2025-01-24,9.6,6.8720136,2.727986431121826
2025-01-15,2025-01-25,7.5,5.915443,1.584557056427002
2025-01-15,2025-01-26,5.1,6.773179,-1.6731790542602543
2025-01-15,2025-01-27,4.1,8.021129,-3.921128654479981
2025-01-15,2025-01-28,5.0,7.0576663,-2.057666301727295
2025-01-15,2025-01-29,7.800000000000001,7.725343,0.0746567726135261
2025-01-16,2025-01-17,20.8,10.08128,10.718720245361329
2025-01-16,2025-01-18,29.199999999999996,9.2258835,19.974116516113277
2025-01-16,2025-01-19,23.099999999999998,7.9078383,15.192161655426023
2025-01-16,2025-01-20,21.1,8.109034,12.990966415405275
2025-01-16,2025-01-21,24.399999999999995,7.1569314,17.243068599700923
2025-01-16,2025-01-22,28.099999999999998,6.903115,21.196885204315183
2025-01-16,2025-01-23,12.8,6.689547,6.110452938079835
2025-01-16,2025-01-24,9.6,6.8567824,2.74321756362915
2025-01-16,2025-01-25,7.5,7.0018535,0.49814653396606445
2025-01-16,2025-01-26,5.1,6.0770288,-0.9770287513732914
2025-01-16,2025-01-27,4.1,6.941112,-2.841112041473389
2025-01-16,2025-01-28,5.0,8.21481,-3.214810371398926
2025-01-16,2025-01-29,7.800000000000001,7.2606177,0.5393822669982917
2025-01-16,2025-01-30,7.7,7.9404564,-0.2404563903808592
2025-01-17,2025-01-18,29.199999999999996,9.599512,19.60048789978027
2025-01-17,2025-01-19,23.099999999999998,8.839014,14.260985946655271
2025-01-17,2025-01-20,21.1,7.5632706,13.536729431152345
2025-01-17,2025-01-21,24.399999999999995,7.9062676,16.49373235702514
2025-01-17,2025-01-22,28.099999999999998,7.0624175,21.037582492828367
2025-01-17,2025-01-23,12.8,6.887072,5.912927913665772
2025-01-17,2025-01-24,9.6,6.5263853,3.073614692687988
2025-01-17,2025-01-25,7.5,6.8995748,0.6004252433776855
2025-01-17,2025-01-26,5.1,7.1434917,-2.0434917449951175
2025-01-17,2025-01-27,4.1,6.3234363,-2.223436260223389
2025-01-17,2025-01-28,5.0,7.125667,-2.125667095184326
2025-01-17,2025-01-29,7.800000000000001,8.309163,-0.5091630935668938
2025-01-17,2025-01-30,7.7,7.347052,0.35294790267944354
2025-01-17,2025-01-31,7.800000000000001,8.039484,-0.23948402404785085
2025-01-18,2025-01-19,23.099999999999998,9.34299,13.757010078430174
2025-01-18,2025-01-20,21.1,8.739654,12.360346412658693
2025-01-18,2025-01-21,24.399999999999995,7.519133,16.880866909027095
2025-01-18,2025-01-22,28.099999999999998,7.879157,20.220842933654783
2025-01-18,2025-01-23,12.8,6.882154,5.917846012115479
2025-01-18,2025-01-24,9.6,6.84561,2.7543898582458493
2025-01-18,2025-01-25,7.5,6.5467935,0.9532065391540527
2025-01-18,2025-01-26,5.1,6.9083424,-1.8083423614501957
2025-01-18,2025-01-27,4.1,7.5111403,-3.4111403465271
2025-01-18,2025-01-28,5.0,6.4649324,-1.4649324417114258
2025-01-18,2025-01-29,7.800000000000001,7.346592,0.4534080505371101
2025-01-18,2025-01-30,7.7,8.251577,-0.5515773773193358
2025-01-18,2025-01-31,7.800000000000001,7.2478027,0.5521972656250007
2025-01-18,2025-02-01,10.0,7.970167,2.0298328399658203
2025-01-19,2025-01-20,21.1,9.179452,11.920548057556154
2025-01-19,2025-01-21,24.399999999999995,8.769781,15.630218887329097
2025-01-19,2025-01-22,28.099999999999998,7.6241345,20.475865459442137
2025-01-19,2025-01-23,12.8,7.945821,4.854179191589356
2025-01-19,2025-01-24,9.6,6.7676644,2.832335567474365
2025-01-19,2025-01-25,7.5,6.9338794,0.5661206245422363
2025-01-19,2025-01-26,5.1,6.694138,-1.594138050079346
2025-01-19,2025-01-27,4.1,6.866468,-2.766467952728272
2025-01-19,2025-01-28,5.0,7.91692,-2.9169201850891113
2025-01-19,2025-01-29,7.800000000000001,6.5375085,1.2624915122985847
2025-01-19,2025-01-30,7.7,7.4544625,0.2455374717712404
2025-01-19,2025-01-31,7.800000000000001,8.039408,-0.23940773010253835
2025-01-19,2025-02-01,10.0,7.1633034,2.8366966247558594
2025-01-19,2025-02-02,17.9,7.8117228,10.08827724456787
2025-01-20,2025-01-21,24.399999999999995,9.203496,15.196504020690913
2025-01-20,2025-01-22,28.099999999999998,8.670843,19.42915687561035
2025-01-20,2025-01-23,12.8,7.517737,5.282263088226319
2025-01-20,2025-01-24,9.6,7.838466,1.7615338325500485
2025-01-20,2025-01-25,7.5,6.7769136,0.7230863571166992
2025-01-20,2025-01-26,5.1,7.0001817,-1.9001816749572757
2025-01-20,2025-01-27,4.1,6.624778,-2.5247777938842777
2025-01-20,2025-01-28,5.0,6.929174,-1.9291739463806152
2025-01-20,2025-01-29,7.800000000000001,7.982964,-0.18296403884887624
2025-01-20,2025-01-30,7.7,6.442471,1.2575289726257326
2025-01-20,2025-01-31,7.800000000000001,7.3977175,0.40228252410888743
2025-01-20,2025-02-01,10.0,7.954489,2.045510768890381
2025-01-20,2025-02-02,17.9,7.2210603,10.678939723968504
2025-01-20,2025-02-03,18.2,7.788112,10.411887836456298
2025-01-21,2025-01-22,28.099999999999998,9.324192,18.775807952880857
2025-01-21,2025-01-23,12.8,8.604018,4.195981788635255
2025-01-21,2025-01-24,9.6,7.479607,2.1203928947448727
2025-01-21,2025-01-25,7.5,7.7058873,-0.2058873176574707
2025-01-21,2025-01-26,5.1,6.7720942,-1.6720942497253422
2025-01-21,2025-01-27,4.1,7.0689597,-2.968959712982178
2025-01-21,2025-01-28,5.0,6.5025115,-1.5025115013122559
2025-01-21,2025-01-29,7.800000000000001,6.9957647,0.8042352676391609
2025-01-21,2025-01-30,7.7,7.883162,-0.1831620216369627
2025-01-21,2025-01-31,7.800000000000001,6.3023562,1.4976437568664558
2025-01-21,2025-02-01,10.0,7.3083663,2.691633701324463
2025-01-21,2025-02-02,17.9,7.8734202,10.026579761505126
2025-01-21,2025-02-03,18.2,7.3126016,10.887398433685302
2025-01-21,2025-02-04,6.900000000000001,7.792605,-0.8926049232482898
2025-01-22,2025-01-23,12.8,9.558252,3.241747665405274
2025-01-22,2025-01-24,9.6,8.727627,0.8723731994628903
2025-01-22,2025-01-25,7.5,7.617982,-0.1179819107055664
2025-01-22,2025-01-26,5.1,7.731775,-2.6317748069763187
2025-01-22,2025-01-27,4.1,6.9306927,-2.8306926727294925
2025-01-22,2025-01-28,5.0,7.2280207,-2.228020668029785
2025-01-22,2025-01-29,7.800000000000001,6.4887114,1.3112886428833015
2025-01-22,2025-01-30,7.7,7.1652594,0.5347406387329103
2025-01-22,2025-01-31,7.800000000000001,7.860122,-0.060122203826903586
2025-01-22,2025-02-01,10.0,6.3039937,3.6960062980651855
2025-01-22,2025-02-02,17.9,7.301874,10.598125839233397
2025-01-22,2025-02-03,18.2,8.000616,10.1993839263916
2025-01-22,2025-02-04,6.900000000000001,7.488059,-0.5880590438842761
2025-01-22,2025-02-05,7.9,7.8798513,0.02014865875244176
2025-01-23,2025-01-24,9.6,9.227827,0.37217292785644496
2025-01-23,2025-01-25,7.5,8.485957,-0.985957145690918
2025-01-23,2025-01-26,5.1,7.4457603,-2.345760250091553
2025-01-23,2025-01-27,4.1,7.5082107,-3.4082106590271
2025-01-23,2025-01-28,5.0,6.8446875,-1.8446874618530273
2025-01-23,2025-01-29,7.800000000000001,7.1135783,0.6864216804504402
2025-01-23,2025-01-30,7.7,6.3432736,1.356726360321045
2025-01-23,2025-01-31,7.800000000000001,7.0842323,0.7157676696777351
2025-01-23,2025-02-01,10.0,7.7738886,2.22611141204834
2025-01-23,2025-02-02,17.9,6.414957,11.48504295349121
2025-01-23,2025-02-03,18.2,7.347414,10.852585983276366
2025-01-23,2025-02-04,6.900000000000001,8.140264,-1.2402635574340808
2025-01-23,2025-02-05,7.9,7.5612745,0.3387254714965824
2025-01-23,2025-02-06,9.2,7.924208,1.2757918357849114
2025-01-24,2025-01-25,7.5,8.662142,-1.1621417999267578
2025-01-24,2025-01-26,5.1,8.129572,-3.029571914672852
2025-01-24,2025-01-27,4.1,7.1774173,-3.0774172782897953
2025-01-24,2025-01-28,5.0,7.241398,-2.2413978576660156
2025-01-24,2025-01-29,7.800000000000001,6.7003384,1.0996616363525398
2025-01-24,2025-01-30,7.7,6.930391,0.7696091651916506
2025-01-24,2025-01-31,7.800000000000001,6.258562,1.5414379119873054
2025-01-24,2025-02-01,10.0,6.972946,3.0270538330078125
2025-01-24,2025-02-02,17.9,7.7090106,10.190989398956297
2025-01-24,2025-02-03,18.2,6.6066227,11.593377304077148
2025-01-24,2025-02-04,6.900000000000001,7.33544,-0.4354401588439929
2025-01-24,2025-02-05,7.9,8.155417,-0.255417442321777
2025-01-24,2025-02-06,9.2,7.570022,1.629977893829345
2025-01-24,2025-02-07,11.0,7.8867793,3.113220691680908
2025-01-25,2025-01-26,5.1,8.18866,-3.0886596679687504
2025-01-25,2025-01-27,4.1,7.880506,-3.780506038665772
2025-01-25,2025-01-28,5.0,7.272405,-2.2724051475524902
2025-01-25,2025-01-29,7.800000000000001,7.215203,0.5847971916198738
2025-01-25,2025-01-30,7.7,6.574408,1.1255919456481935
2025-01-25,2025-01-31,7.800000000000001,7.025393,0.7746069908142097
2025-01-25,2025-02-01,10.0,6.543761,3.4562392234802246
2025-01-25,2025-02-02,17.9,7.0201592,10.879840755462645
2025-01-25,2025-02-03,18.2,8.01344,10.186559867858886
2025-01-25,2025-02-04,6.900000000000001,6.9807816,-0.08078155517578
2025-01-25,2025-02-05,7.9,7.492518,0.4074820518493656
2025-01-25,2025-02-06,9.2,8.014895,1.18510456085205
2025-01-25,2025-02-07,11.0,7.5984917,3.401508331298828
2025-01-25,2025-02-08,20.8,7.9292374,12.870762634277344
2025-01-26,2025-01-27,4.1,7.8681273,-3.7681273460388187
2025-01-26,2025-01-28,5.0,7.7398357,-2.739835739135742
2025-01-26,2025-01-29,7.800000000000001,7.5059786,0.29402141571044993
2025-01-26,2025-01-30,7.7,7.3092756,0.3907243728637697
2025-01-26,2025-01-31,7.800000000000001,6.5797367,1.2202632904052741
2025-01-26,2025-02-01,10.0,7.299737,2.700263023376465
2025-01-26,2025-02-02,17.9,6.9887733,10.911226654052733
2025-01-26,2025-02-03,18.2,7.1003046,11.09969539642334
2025-01-26,2025-02-04,6.900000000000001,8.286901,-1.3869014739990222
2025-01-26,2025-02-05,7.9,7.32769,0.5723098754882816
2025-01-26,2025-02-06,9.2,7.6118326,1.5881673812866204
2025-01-26,2025-02-07,11.0,7.7445483,3.2554516792297363
2025-01-26,2025-02-08,20.8,7.6608477,13.139152336120606
2025-01-26,2025-02-09,20.0,7.8843737,12.115626335144043
2025-01-27,2025-01-28,5.0,7.5657473,-2.5657472610473633
2025-01-27,2025-01-29,7.800000000000001,7.5472403,0.2527597427368171
2025-01-27,2025-01-30,7.7,7.2395787,0.4604212760925295
2025-01-27,2025-01-31,7.800000000000001,7.216188,0.5838120460510261
2025-01-27,2025-02-01,10.0,6.907078,3.0929222106933594
2025-01-27,2025-02-02,17.9,7.596784,10.303215885162352
2025-01-27,2025-02-03,18.2,7.3407636,10.859236431121825
2025-01-27,2025-02-04,6.900000000000001,7.3236938,-0.4236937522888171
2025-01-27,2025-02-05,7.9,8.344411,-0.4444108963012692
2025-01-27,2025-02-06,9.2,7.431061,1.7689392089843743
2025-01-27,2025-02-07,11.0,7.5115266,3.488473415374756
2025-01-27,2025-02-08,20.8,7.550379,13.249621200561524
2025-01-27,2025-02-09,20.0,7.730286,12.269713878631592
2025-01-27,2025-02-10,33.89999999999999,7.6799917,26.220008277893058
2025-01-28,2025-01-29,7.800000000000001,7.504138,0.295862007141114
2025-01-28,2025-01-30,7.7,7.5249357,0.17506427764892596
2025-01-28,2025-01-31,7.800000000000001,7.0734816,0.7265184402465827
2025-01-28,2025-02-01,10.0,7.2249913,2.7750086784362793
2025-01-28,2025-02-02,17.9,7.3600516,10.539948368072508
2025-01-28,2025-02-03,18.2,7.9691267,10.230873298645019
2025-01-28,2025-02-04,6.900000000000001,7.7485523,-0.8485523223876941
2025-01-28,2025-02-05,7.9,7.6353087,0.264691257476807
2025-01-28,2025-02-06,9.2,8.299994,0.9000055313110344
2025-01-28,2025-02-07,11.0,7.407883,3.5921168327331543
2025-01-28,2025-02-08,20.8,7.394341,13.405659008026124
2025-01-28,2025-02-09,20.0,7.412891,12.587109088897705
2025-01-28,2025-02-10,33.89999999999999,7.7467318,26.153268241882316
2025-01-28,2025-02-11,26.6,7.4184074,19.181592559814455
2025-01-29,2025-01-30,7.7,7.492006,0.20799417495727557
2025-01-29,2025-01-31,7.800000000000001,7.5310864,0.2689135551452644
2025-01-29,2025-02-01,10.0,6.97077,3.0292301177978516
2025-01-29,2025-02-02,17.9,7.2548265,10.645173454284667
2025-01-29,2025-02-03,18.2,7.709771,10.490228843688964
2025-01-29,2025-02-04,6.900000000000001,8.244743,-1.3447433471679675
2025-01-29,2025-02-05,7.9,8.0369625,-0.13696250915527308
2025-01-29,2025-02-06,9.2,7.8537383,1.3462616920471184
2025-01-29,2025-02-07,11.0,8.188193,2.8118066787719727
2025-01-29,2025-02-08,20.8,7.34785,13.45215015411377
2025-01-29,2025-02-09,20.0,7.310282,12.689717769622803
2025-01-29,2025-02-10,33.89999999999999,7.3844633,26.515536689758292
2025-01-29,2025-02-11,26.6,7.7196546,18.88034543991089
2025-01-29,2025-02-12,21.0,7.293559,13.706440925598145
2025-01-30,2025-01-31,7.800000000000001,7.2897825,0.510217475891114
2025-01-30,2025-02-01,10.0,7.3722215,2.6277785301208496
2025-01-30,2025-02-02,17.9,6.849799,11.050200843811034
2025-01-30,2025-02-03,18.2,7.1637793,11.036220741271972
2025-01-30,2025-02-04,6.900000000000001,7.7506223,-0.8506222724914538
2025-01-30,2025-02-05,7.9,8.265306,-0.36530647277831996
2025-01-30,2025-02-06,9.2,8.088657,1.1113426208496087
2025-01-30,2025-02-07,11.0,7.8497396,3.1502604484558105
2025-01-30,2025-02-08,20.8,7.9111104,12.888889598846436
2025-01-30,2025-02-09,20.0,7.3143764,12.68562364578247
2025-01-30,2025-02-10,33.89999999999999,7.1638885,26.736111545562736
2025-01-30,2025-02-11,26.6,7.3385186,19.261481380462648
2025-01-30,2025-02-12,21.0,7.5721803,13.427819728851318
2025-01-30,2025-02-13,21.199999999999996,7.1983943,14.001605701446529
2025-01-31,2025-02-01,10.0,7.0381546,2.9618453979492188
2025-01-31,2025-02-02,17.9,7.2208815,10.67911853790283
2025-01-31,2025-02-03,18.2,6.7898703,11.410129737854003
2025-01-31,2025-02-04,6.900000000000001,6.902238,-0.002237892150877663
2025-01-31,2025-02-05,7.9,7.492142,0.40785779953002965
2025-01-31,2025-02-06,9.2,8.037235,1.1627647399902337
2025-01-31,2025-02-07,11.0,7.8685865,3.131413459777832
2025-01-31,2025-02-08,20.8,7.724789,13.075210857391358
2025-01-31,2025-02-09,20.0,7.396798,12.603201866149902
2025-01-31,2025-02-10,33.89999999999999,7.3551807,26.544819259643546
2025-01-31,2025-02-11,26.6,7.003928,19.596071815490724
2025-01-31,2025-02-12,21.0,7.2218456,13.778154373168945
2025-01-31,2025-02-13,21.199999999999996,7.451368,13.748632144927974
2025-01-31,2025-02-14,22.799999999999997,7.26624,15.533759880065915
2025-02-01,2025-02-02,17.9,7.133063,10.766937160491942
2025-02-01,2025-02-03,18.2,7.3433824,10.856617641448974
2025-02-01,2025-02-04,6.900000000000001,7.1768336,-0.27683362960815305
2025-02-01,2025-02-05,7.9,6.9826894,0.9173106193542484
2025-02-01,2025-02-06,9.2,7.264005,1.9359948158264153
2025-02-01,2025-02-07,11.0,7.876298,3.123702049255371
2025-02-01,2025-02-08,20.8,7.8639846,12.936015415191651
2025-02-01,2025-02-09,20.0,7.5736947,12.426305294036865
2025-02-01,2025-02-10,33.89999999999999,7.190113,26.70988693237304
2025-02-01,2025-02-11,26.6,7.405233,19.19476709365845
2025-02-01,2025-02-12,21.0,6.9772444,14.02275562286377
2025-02-01,2025-02-13,21.199999999999996,6.968546,14.231454086303707
2025-02-01,2025-02-14,22.799999999999997,7.267877,15.532122898101804
2025-02-01,2025-02-15,25.9,7.1706223,18.729377651214598
2025-02-02,2025-02-03,18.2,7.503828,10.696171951293945
2025-02-02,2025-02-04,6.900000000000001,7.74863,-0.8486300468444812
2025-02-02,2025-02-05,7.9,7.8173785,0.08262147903442418
2025-02-02,2025-02-06,9.2,7.3086653,1.8913347244262688
2025-02-02,2025-02-07,11.0,7.1062336,3.893766403198242
2025-02-02,2025-02-08,20.8,7.778795,13.021205234527589
2025-02-02,2025-02-09,20.0,8.023652,11.976347923278809
2025-02-02,2025-02-10,33.89999999999999,7.378197,26.52180280685424
2025-02-02,2025-02-11,26.6,7.1551237,19.444876289367677
2025-02-02,2025-02-12,21.0,7.3864737,13.613526344299316
2025-02-02,2025-02-13,21.199999999999996,6.9499745,14.250025463104244
2025-02-02,2025-02-14,22.799999999999997,6.636913,16.16308717727661
2025-02-02,2025-02-15,25.9,7.079197,18.820803070068358
2025-02-02,2025-02-16,21.800000000000004,6.980745,14.819255161285405
2025-02-03,2025-02-04,6.900000000000001,8.010445,-1.11044464111328
2025-02-03,2025-02-05,7.9,8.089728,-0.1897283554077145
2025-02-03,2025-02-06,9.2,8.015259,1.1847412109374993
2025-02-03,2025-02-07,11.0,7.400435,3.599565029144287
2025-02-03,2025-02-08,20.8,7.113486,13.686514186859132
2025-02-03,2025-02-09,20.0,7.6508236,12.349176406860352
2025-02-03,2025-02-10,33.89999999999999,7.930149,25.96985092163085
2025-02-03,2025-02-11,26.6,7.3117647,19.28823528289795
2025-02-03,2025-02-12,21.0,6.97536,14.024640083312988
2025-02-03,2025-02-13,21.199999999999996,7.0853715,14.114628505706783
2025-02-03,2025-02-14,22.799999999999997,6.75262,16.04737977981567
2025-02-03,2025-02-15,25.9,6.528927,19.371073150634764
2025-02-03,2025-02-16,21.800000000000004,6.969441,14.830559062957768
2025-02-03,2025-02-17,20.500000000000004,6.8453846,13.654615402221683
2025-02-04,2025-02-05,7.9,8.114522,-0.21452198028564418
2025-02-04,2025-02-06,9.2,8.019795,1.1802045822143548
2025-02-04,2025-02-07,11.0,7.7724595,3.2275404930114746
2025-02-04,2025-02-08,20.8,7.2464423,13.553557682037354
2025-02-04,2025-02-09,20.0,6.954596,13.045403957366943
2025-02-04,2025-02-10,33.89999999999999,7.3831763,26.516823673248282
2025-02-04,2025-02-11,26.6,7.6795087,18.920491313934328
2025-02-04,2025-02-12,21.0,7.200216,13.799784183502197
2025-02-04,2025-02-13,21.199999999999996,6.729075,14.470925045013423
2025-02-04,2025-02-14,22.799999999999997,6.7798896,16.02011041641235
2025-02-04,2025-02-15,25.9,6.5531816,19.346818351745604
2025-02-04,2025-02-16,21.800000000000004,6.6288047,15.171195316314702
2025-02-04,2025-02-17,20.500000000000004,6.935164,13.56483602523804
2025-02-04,2025-02-18,30.899999999999995,6.791348,24.108652019500727
2025-02-05,2025-02-06,9.2,7.9118094,1.288190555572509
2025-02-05,2025-02-07,11.0,7.7004595,3.2995405197143555
2025-02-05,2025-02-08,20.8,7.331399,13.468601036071778
2025-02-05,2025-02-09,20.0,7.0341473,12.965852737426758
2025-02-05,2025-02-10,33.89999999999999,6.738681,27.161319160461417
2025-02-05,2025-02-11,26.6,7.1024566,19.49754343032837
2025-02-05,2025-02-12,21.0,7.444073,13.55592679977417
2025-02-05,2025-02-13,21.199999999999996,7.080493,14.119507026672359
2025-02-05,2025-02-14,22.799999999999997,6.5643506,16.23564939498901
2025-02-05,2025-02-15,25.9,6.6270304,19.27296962738037
2025-02-05,2025-02-16,21.800000000000004,6.463408,15.336592006683354
2025-02-05,2025-02-17,20.500000000000004,6.8952146,13.604785442352298
2025-02-05,2025-02-18,30.899999999999995,6.951256,23.94874420166015
2025-02-05,2025-02-19,31.999999999999996,6.9040623,25.095937728881832
2025-02-06,2025-02-07,11.0,7.871727,3.1282730102539062
2025-02-06,2025-02-08,20.8,7.635243,13.16475706100464
2025-02-06,2025-02-09,20.0,7.195871,12.804129123687744
2025-02-06,2025-02-10,33.89999999999999,7.0510726,26.84892740249633
2025-02-06,2025-02-11,26.6,6.730904,19.869095897674562
2025-02-06,2025-02-12,21.0,7.0447297,13.955270290374756
2025-02-06,2025-02-13,21.199999999999996,7.3899136,13.810086441040035
2025-02-06,2025-02-14,22.799999999999997,7.130983,15.669017124176023
2025-02-06,2025-02-15,25.9,6.523181,19.376819038391112
2025-02-06,2025-02-16,21.800000000000004,6.7340384,15.065961647033696
2025-02-06,2025-02-17,20.500000000000004,6.4331346,14.066865444183353
2025-02-06,2025-02-18,30.899999999999995,7.177684,23.722316169738765
2025-02-06,2025-02-19,31.999999999999996,7.040877,24.959123134613034
2025-02-06,2025-02-20,6.7,7.1015596,-0.4015596389770506
2025-02-07,2025-02-08,20.8,7.690628,13.109371948242188
2025-02-07,2025-02-09,20.0,7.5851083,12.414891719818115
2025-02-07,2025-02-10,33.89999999999999,7.0563807,26.843619251251212
2025-02-07,2025-02-11,26.6,6.9809794,19.619020557403566
2025-02-07,2025-02-12,21.0,6.6438136,14.356186389923096
2025-02-07,2025-02-13,21.199999999999996,6.9005337,14.299466323852535
2025-02-07,2025-02-14,22.799999999999997,7.287051,15.512948799133298
2025-02-07,2025-02-15,25.9,7.142478,18.75752201080322
2025-02-07,2025-02-16,21.800000000000004,6.4218917,15.378108310699467
2025-02-07,2025-02-17,20.500000000000004,6.944792,13.555208206176761
2025-02-07,2025-02-18,30.899999999999995,6.4508743,24.449125671386714
2025-02-07,2025-02-19,31.999999999999996,7.293713,24.70628690719604
2025-02-07,2025-02-20,6.7,7.1291456,-0.4291456222534178
2025-02-07,2025-02-21,8.7,7.2414002,1.4585997581481926
2025-02-08,2025-02-09,20.0,7.7362313,12.263768672943115
2025-02-08,2025-02-10,33.89999999999999,7.791445,26.10855522155761
2025-02-08,2025-02-11,26.6,7.2553325,19.344667530059816
2025-02-08,2025-02-12,21.0,7.0370445,13.962955474853516
2025-02-08,2025-02-13,21.199999999999996,6.432376,14.767624092102047
2025-02-08,2025-02-14,22.799999999999997,6.647219,16.152780818939206
2025-02-08,2025-02-15,25.9,7.223986,18.67601385116577
2025-02-08,2025-02-16,21.800000000000004,7.0378113,14.76218872070313
2025-02-08,2025-02-17,20.500000000000004,6.4835157,14.016484260559086
2025-02-08,2025-02-18,30.899999999999995,7.061531,23.838468933105464
2025-02-08,2025-02-19,31.999999999999996,6.6111536,25.3888463973999
2025-02-08,2025-02-20,6.7,7.2298803,-0.5298803329467772
2025-02-08,2025-02-21,8.7,7.1000276,1.5999724388122551
2025-02-08,2025-02-22,7.4,7.2860537,0.11394634246826207
2025-02-09,2025-02-10,33.89999999999999,7.8580437,26.041956329345695
2025-02-09,2025-02-11,26.6,8.064888,18.53511199951172
2025-02-09,2025-02-12,21.0,7.5576935,13.442306518554688
2025-02-09,2025-02-13,21.199999999999996,7.161973,14.038027000427242
2025-02-09,2025-02-14,22.799999999999997,6.338634,16.46136598587036
2025-02-09,2025-02-15,25.9,6.534243,19.365756893157958
2025-02-09,2025-02-16,21.800000000000004,7.336319,14.463681030273442
2025-02-09,2025-02-17,20.500000000000004,6.919936,13.580063819885257
2025-02-09,2025-02-18,30.899999999999995,6.8052816,24.094718360900874
2025-02-09,2025-02-19,31.999999999999996,7.1864767,24.8135232925415
2025-02-09,2025-02-20,6.7,6.87086,-0.1708600997924803
2025-02-09,2025-02-21,8.7,7.1993093,1.5006906509399407
2025-02-09,2025-02-22,7.4,7.1674776,0.23252239227294957
2025-02-09,2025-02-23,4.8,7.3619275,-2.5619275093078615
2025-02-10,2025-02-11,26.6,8.381266,18.218734359741212
2025-02-10,2025-02-12,21.0,8.405277,12.594722747802734
2025-02-10,2025-02-13,21.199999999999996,7.562031,13.637969207763668
2025-02-10,2025-02-14,22.799999999999997,7.2989426,15.501057434082028
2025-02-10,2025-02-15,25.9,6.5658875,19.334112548828124
2025-02-10,2025-02-16,21.800000000000004,6.51682,15.283180046081547
2025-02-10,2025-02-17,20.500000000000004,7.3128314,13.187168598175052
2025-02-10,2025-02-18,30.899999999999995,7.0491285,23.850871467590327
2025-02-10,2025-02-19,31.999999999999996,7.0338697,24.96613025665283
2025-02-10,2025-02-20,6.7,7.063999,-0.36399917602539045
2025-02-10,2025-02-21,8.7,6.963267,1.736733150482177
2025-02-10,2025-02-22,7.4,7.3700128,0.02998723983764684
2025-02-10,2025-02-23,4.8,7.302546,-2.50254602432251
2025-02-10,2025-02-24,4.7,7.458678,-2.758677768707275
2025-02-11,2025-02-12,21.0,8.969988,12.030012130737305
2025-02-11,2025-02-13,21.199999999999996,8.784586,12.415414047241207
2025-02-11,2025-02-14,22.799999999999997,7.7027473,15.097252655029294
2025-02-11,2025-02-15,25.9,7.417906,18.48209419250488
2025-02-11,2025-02-16,21.800000000000004,6.7711177,15.028882312774662
2025-02-11,2025-02-17,20.500000000000004,6.526446,13.9735541343689
2025-02-11,2025-02-18,30.899999999999995,7.175277,23.724722766876216
2025-02-11,2025-02-19,31.999999999999996,7.1925454,24.80745458602905
2025-02-11,2025-02-20,6.7,7.1671877,-0.4671876907348631
2025-02-11,2025-02-21,8.7,6.8964486,1.8035513877868645
2025-02-11,2025-02-22,7.4,7.005358,0.39464178085327184
2025-02-11,2025-02-23,4.8,7.698631,-2.8986308097839357
2025-02-11,2025-02-24,4.7,7.499991,-2.799990940093994
2025-02-11,2025-02-25,6.0,7.630687,-1.6306872367858887
2025-02-12,2025-02-13,21.199999999999996,9.449104,11.750895690917964
2025-02-12,2025-02-14,22.799999999999997,9.080069,13.719931411743161
2025-02-12,2025-02-15,25.9,7.8865356,18.01346435546875
2025-02-12,2025-02-16,21.800000000000004,7.5538454,14.246154594421391
2025-02-12,2025-02-17,20.500000000000004,6.9296846,13.570315361022953
2025-02-12,2025-02-18,30.899999999999995,6.5438247,24.35617532730102
2025-02-12,2025-02-19,31.999999999999996,6.99941,25.000589847564694
2025-02-12,2025-02-20,6.7,7.27606,-0.576060104370117
2025-02-12,2025-02-21,8.7,7.2217717,1.478228282928466
2025-02-12,2025-02-22,7.4,6.8198442,0.5801557540893558
2025-02-12,2025-02-23,4.8,7.013229,-2.2132288932800295
2025-02-12,2025-02-24,4.7,8.016713,-3.3167131423950194
2025-02-12,2025-02-25,6.0,7.6436615,-1.6436614990234375
2025-02-12,2025-02-26,5.9,7.812784,-1.9127841949462887
2025-02-13,2025-02-14,22.799999999999997,9.700162,13.099838066101071
2025-02-13,2025-02-15,25.9,9.238522,16.661478424072264
2025-02-13,2025-02-16,21.800000000000004,8.073065,13.726935195922856
2025-02-13,2025-02-17,20.500000000000004,7.728993,12.771007061004642
2025-02-13,2025-02-18,30.899999999999995,7.083242,23.816758060455317
2025-02-13,2025-02-19,31.999999999999996,6.6336365,25.36636352539062
2025-02-13,2025-02-20,6.7,6.8779535,-0.17795352935790998
2025-02-13,2025-02-21,8.7,7.380933,1.319067192077636
2025-02-13,2025-02-22,7.4,7.336439,0.06356086730957067
2025-02-13,2025-02-23,4.8,6.95502,-2.1550199508666994
2025-02-13,2025-02-24,4.7,7.0997047,-2.3997047424316404
2025-02-13,2025-02-25,6.0,8.275724,-2.275724411010742
2025-02-13,2025-02-26,5.9,7.772125,-1.8721247673034664
2025-02-13,2025-02-27,5.2,8.028016,-2.8280160903930662
2025-02-14,2025-02-15,25.9,9.808385,16.09161510467529
2025-02-14,2025-02-16,21.800000000000004,9.382378,12.417622375488286
2025-02-14,2025-02-17,20.500000000000004,8.3253565,12.174643516540531
2025-02-14,2025-02-18,30.899999999999995,7.9630413,22.936958694458003
2025-02-14,2025-02-19,31.999999999999996,7.2799287,24.720071315765377
2025-02-14,2025-02-20,6.7,6.804662,-0.10466222763061506
2025-02-14,2025-02-21,8.7,6.8514786,1.848521423339843
2025-02-14,2025-02-22,7.4,7.4929066,-0.09290657043456996
2025-02-14,2025-02-23,4.8,7.4692574,-2.6692573547363283
2025-02-14,2025-02-24,4.7,7.185446,-2.4854457855224608
2025-02-14,2025-02-25,6.0,7.197021,-1.1970210075378418
2025-02-14,2025-02-26,5.9,8.296782,-2.396781539916992
2025-02-14,2025-02-27,5.2,7.7928886,-2.5928886413574217
2025-02-14,2025-02-28,11.5,8.096062,3.4039382934570312
2025-02-15,2025-02-16,21.800000000000004,9.8676195,11.932380485534672
2025-02-15,2025-02-17,20.500000000000004,9.594638,10.90536212921143
2025-02-15,2025-02-18,30.899999999999995,8.685578,22.214421653747554
2025-02-15,2025-02-19,31.999999999999996,8.183881,23.816119194030758
2025-02-15,2025-02-20,6.7,7.241393,-0.5413930892944334
2025-02-15,2025-02-21,8.7,6.8412175,1.858782482147216
2025-02-15,2025-02-22,7.4,6.906132,0.4938677787780765
2025-02-15,2025-02-23,4.8,7.480519,-2.6805188179016115
2025-02-15,2025-02-24,4.7,7.691738,-2.991738128662109
2025-02-15,2025-02-25,6.0,7.33079,-1.3307900428771973
2025-02-15,2025-02-26,5.9,7.3075085,-1.4075084686279293
2025-02-15,2025-02-27,5.2,7.9860744,-2.7860744476318358
2025-02-15,2025-02-28,11.5,7.5892925,3.910707473754883
2025-02-15,2025-03-01,11.0,7.905012,3.0949878692626953
2025-02-16,2025-02-17,20.500000000000004,9.887571,10.612428665161136
2025-02-16,2025-02-18,30.899999999999995,9.801385,21.09861507415771
2025-02-16,2025-02-19,31.999999999999996,9.064693,22.935306549072262
2025-02-16,2025-02-20,6.7,8.386764,-1.686763572692871
2025-02-16,2025-02-21,8.7,7.1483154,1.5516845703124993
2025-02-16,2025-02-22,7.4,6.9131355,0.48686447143554723
2025-02-16,2025-02-23,4.8,7.0507555,-2.250755500793457
2025-02-16,2025-02-24,4.7,7.353202,-2.653201866149902
2025-02-16,2025-02-25,6.0,7.9199867,-1.9199867248535156
2025-02-16,2025-02-26,5.9,7.376551,-1.4765511512756344
2025-02-16,2025-02-27,5.2,7.328503,-2.128503131866455
2025-02-16,2025-02-28,11.5,7.552091,3.947908878326416
2025-02-16,2025-03-01,11.0,7.4126415,3.5873584747314453
2025-02-16,2025-03-02,21.0,7.6337147,13.36628532409668
2025-02-17,2025-02-18,30.899999999999995,10.190329,20.709671401977534
2025-02-17,2025-02-19,31.999999999999996,9.897523,22.10247707366943
2025-02-17,2025-02-20,6.7,9.055313,-2.3553131103515623
2025-02-17,2025-02-21,8.7,8.501222,0.19877834320068288
2025-02-17,2025-02-22,7.4,7.311065,0.08893480300903356
2025-02-17,2025-02-23,4.8,7.1585717,-2.358571720123291
2025-02-17,2025-02-24,4.7,7.2051516,-2.505151557922363
2025-02-17,2025-02-25,6.0,7.3719554,-1.371955394744873
2025-02-17,2025-02-26,5.9,7.940375,-2.0403748512268063
2025-02-17,2025-02-27,5.2,7.121313,-1.9213130950927733
2025-02-17,2025-02-28,11.5,7.073523,4.426476955413818
2025-02-17,2025-03-01,11.0,7.228881,3.7711191177368164
2025-02-17,2025-03-02,21.0,7.3691745,13.630825519561768
2025-02-17,2025-03-03,26.5,7.464769,19.035231113433838
2025-02-18,2025-02-19,31.999999999999996,10.611053,21.38894653320312
2025-02-18,2025-02-20,6.7,10.002239,-3.3022392272949217
2025-02-18,2025-02-21,8.7,8.987542,-0.28754215240478587
2025-02-18,2025-02-22,7.4,8.585329,-1.1853290557861325
2025-02-18,2025-02-23,4.8,7.425563,-2.625562858581543
2025-02-18,2025-02-24,4.7,7.3318067,-2.631806659698486
2025-02-18,2025-02-25,6.0,7.253391,-1.2533907890319824
2025-02-18,2025-02-26,5.9,7.3899255,-1.4899254798889157
2025-02-18,2025-02-27,5.2,7.8310184,-2.6310184478759764
2025-02-18,2025-02-28,11.5,6.7665567,4.733443260192871
2025-02-18,2025-03-01,11.0,6.81964,4.180359840393066
2025-02-18,2025-03-02,21.0,6.9719644,14.028035640716553
2025-02-18,2025-03-03,26.5,7.338976,19.16102409362793
2025-02-18,2025-03-04,27.799999999999997,7.290493,20.509506988525388
2025-02-19,2025-02-20,6.7,10.891995,-4.191995429992676
2025-02-19,2025-02-21,8.7,10.126188,-1.426188278198243
2025-02-19,2025-02-22,7.4,8.965776,-1.565776443481445
2025-02-19,2025-02-23,4.8,8.688091,-3.888091278076172
2025-02-19,2025-02-24,4.7,7.6271963,-2.9271963119506834
2025-02-19,2025-02-25,6.0,7.508361,-1.5083608627319336
2025-02-19,2025-02-26,5.9,7.266046,-1.366046047210693
2025-02-19,2025-02-27,5.2,7.5022335,-2.3022335052490233
2025-02-19,2025-02-28,11.5,7.830121,3.6698789596557617
2025-02-19,2025-03-01,11.0,6.61277,4.387229919433594
2025-02-19,2025-03-02,21.0,6.8416357,14.158364295959473
2025-02-19,2025-03-03,26.5,7.144486,19.35551404953003
2025-02-19,2025-03-04,27.799999999999997,7.414228,20.3857720375061
2025-02-19,2025-03-05,39.9,7.2977395,32.602260494232176
2025-02-20,2025-02-21,8.7,10.509128,-1.809127616882325
2025-02-20,2025-02-22,7.4,9.797812,-2.397812461853027
2025-02-20,2025-02-23,4.8,8.558004,-3.758004379272461
2025-02-20,2025-02-24,4.7,8.333447,-3.633447456359863
2025-02-20,2025-02-25,6.0,7.4261827,-1.426182746887207
2025-02-20,2025-02-26,5.9,7.301904,-1.401904201507568
2025-02-20,2025-02-27,5.2,7.0071816,-1.807181644439697
2025-02-20,2025-02-28,11.5,7.3424063,4.157593727111816
2025-02-20,2025-03-01,11.0,7.689138,3.3108620643615723
2025-02-20,2025-03-02,21.0,6.594774,14.405226230621338
2025-02-20,2025-03-03,26.5,6.9063387,19.593661308288574
2025-02-20,2025-03-04,27.799999999999997,7.356889,20.44311122894287
2025-02-20,2025-03-05,39.9,7.414749,32.485250854492186
2025-02-20,2025-03-06,23.599999999999998,7.2914553,16.308544731140135
2025-02-21,2025-02-22,7.4,9.901918,-2.5019184112548825
2025-02-21,2025-02-23,4.8,9.359225,-4.559225273132324
2025-02-21,2025-02-24,4.7,8.074549,-3.3745487213134764
2025-02-21,2025-02-25,6.0,7.8702807,-1.8702807426452637
2025-02-21,2025-02-26,5.9,7.07312,-1.1731201171874996
2025-02-21,2025-02-27,5.2,6.9955583,-1.7955582618713377
2025-02-21,2025-02-28,11.5,6.7395897,4.760410308837891
2025-02-21,2025-03-01,11.0,7.187953,3.812047004699707
2025-02-21,2025-03-02,21.0,7.547442,13.452558040618896
2025-02-21,2025-03-03,26.5,6.723492,19.77650785446167
2025-02-21,2025-03-04,27.799999999999997,7.007095,20.792905139923093
2025-02-21,2025-03-05,39.9,7.4471006,32.45289936065674
2025-02-21,2025-03-06,23.599999999999998,7.4671965,16.132803535461424
2025-02-21,2025-03-07,12.0,7.332065,4.667934894561768
2025-02-22,2025-02-23,4.8,9.153132,-4.353132438659668
2025-02-22,2025-02-24,4.7,8.824261,-4.124260711669922
2025-02-22,2025-02-25,6.0,7.8526154,-1.8526153564453125
2025-02-22,2025-02-26,5.9,7.5369754,-1.6369753837585446
2025-02-22,2025-02-27,5.2,6.6676407,-1.467640686035156
2025-02-22,2025-02-28,11.5,6.854931,4.645069122314453
2025-02-22,2025-03-01,11.0,6.7554812,4.244518756866455
2025-02-22,2025-03-02,21.0,7.08836,13.911640167236328
2025-02-22,2025-03-03,26.5,7.6274343,18.872565746307373
2025-02-22,2025-03-04,27.799999999999997,7.05374,20.746259975433347
2025-02-22,2025-03-05,39.9,7.1560383,32.74396171569824
2025-02-22,2025-03-06,23.599999999999998,7.2449837,16.355016326904295
2025-02-22,2025-03-07,12.0,7.44292,4.557079792022705
2025-02-22,2025-03-08,21.1,7.301372,13.798627948760988
2025-02-23,2025-02-24,4.7,8.503249,-3.803249168395996
2025-02-23,2025-02-25,6.0,8.336411,-2.336411476135254
2025-02-23,2025-02-26,5.9,7.7964144,-1.8964143753051754
2025-02-23,2025-02-27,5.2,7.3570867,-2.157086658477783
2025-02-23,2025-02-28,11.5,6.348403,5.151597023010254
2025-02-23,2025-03-01,11.0,6.852568,4.14743185043335
2025-02-23,2025-03-02,21.0,6.890968,14.109032154083252
2025-02-23,2025-03-03,26.5,6.937319,19.562681198120117
2025-02-23,2025-03-04,27.799999999999997,7.7062078,20.093792247772214
2025-02-23,2025-03-05,39.9,7.2490053,32.65099468231201
2025-02-23,2025-03-06,23.599999999999998,7.204875,16.395125007629392
2025-02-23,2025-03-07,12.0,6.878221,5.121778964996338
2025-02-23,2025-03-08,21.1,7.3238497,13.77615032196045
2025-02-23,2025-03-09,34.7,7.1218753,27.578124713897708
2025-02-24,2025-02-25,6.0,8.047288,-2.047287940979004
2025-02-24,2025-02-26,5.9,7.951937,-2.0519371986389157
2025-02-24,2025-02-27,5.2,7.4144673,-2.2144673347473143
2025-02-24,2025-02-28,11.5,7.0986285,4.401371479034424
2025-02-24,2025-03-01,11.0,6.443888,4.556111812591553
2025-02-24,2025-03-02,21.0,7.008582,13.99141788482666
2025-02-24,2025-03-03,26.5,7.0733876,19.426612377166748
2025-02-24,2025-03-04,27.799999999999997,7.0611706,20.738829421997067
2025-02-24,2025-03-05,39.9,7.665135,32.2348650932312
2025-02-24,2025-03-06,23.599999999999998,7.309176,16.290824031829832
2025-02-24,2025-03-07,12.0,7.0865006,4.913499355316162
2025-02-24,2025-03-08,21.1,6.6752377,14.424762344360353
2025-02-24,2025-03-09,34.7,7.3929825,27.307017517089847
2025-02-24,2025-03-10,59.800000000000004,6.9872975,52.81270246505738
2025-02-25,2025-02-26,5.9,7.8724995,-1.9724994659423825
2025-02-25,2025-02-27,5.2,7.791563,-2.591563034057617
2025-02-25,2025-02-28,11.5,7.1954207,4.304579257965088
2025-02-25,2025-03-01,11.0,7.066211,3.933788776397705
2025-02-25,2025-03-02,21.0,6.807212,14.192788124084473
2025-02-25,2025-03-03,26.5,7.423161,19.076838970184326
2025-02-25,2025-03-04,27.799999999999997,7.4485497,20.351450252532956
2025-02-25,2025-03-05,39.9,7.37516,32.52483978271484
2025-02-25,2025-03-06,23.599999999999998,7.7600603,15.839939689636228
2025-02-25,2025-03-07,12.0,7.312954,4.687046051025391
2025-02-25,2025-03-08,21.1,7.0304484,14.06955156326294
2025-02-25,2025-03-09,34.7,6.627609,28.072391223907474
2025-02-25,2025-03-10,59.800000000000004,7.4630885,52.33691148757935
2025-02-25,2025-03-11,7.7,6.896932,0.8030678749084474
2025-02-26,2025-02-27,5.2,7.661388,-2.4613879203796385
2025-02-26,2025-02-28,11.5,7.626993,3.873006820678711
2025-02-26,2025-03-01,11.0,6.942538,4.057462215423584
2025-02-26,2025-03-02,21.0,7.023729,13.976271152496338
2025-02-26,2025-03-03,26.5,7.14942,19.3505802154541
2025-02-26,2025-03-04,27.799999999999997,7.775225,20.024774837493894
2025-02-26,2025-03-05,39.9,7.7757382,32.12426176071167
2025-02-26,2025-03-06,23.599999999999998,7.638259,15.961741065979002
2025-02-26,2025-03-07,12.0,7.781284,4.218716144561768
2025-02-26,2025-03-08,21.1,7.3637495,13.736250495910646
2025-02-26,2025-03-09,34.7,6.9962344,27.703765583038333
2025-02-26,2025-03-10,59.800000000000004,6.6776814,53.122318553924565
2025-02-26,2025-03-11,7.7,7.4917192,0.20828075408935565
2025-02-26,2025-03-12,6.2,6.8517427,-0.6517427444458006
2025-02-27,2025-02-28,11.5,7.3210125,4.178987503051758
2025-02-27,2025-03-01,11.0,7.3931255,3.606874465942383
2025-02-27,2025-03-02,21.0,6.7970495,14.202950477600098
2025-02-27,2025-03-03,26.5,6.9203525,19.579647541046143
2025-02-27,2025-03-04,27.799999999999997,7.184408,20.615591812133786
2025-02-27,2025-03-05,39.9,7.865428,32.03457202911377
2025-02-27,2025-03-06,23.599999999999998,7.8383565,15.761643505096433
2025-02-27,2025-03-07,12.0,7.6890364,4.3109636306762695
2025-02-27,2025-03-08,21.1,7.5922513,13.507748699188234
2025-02-27,2025-03-09,34.7,7.4120755,27.287924480438235
2025-02-27,2025-03-10,59.800000000000004,6.8854666,52.914533424377446
2025-02-27,2025-03-11,7.7,6.6803813,1.0196187019348146
2025-02-27,2025-03-12,6.2,7.359578,-1.1595781326293944
2025-02-27,2025-03-13,5.299999999999999,6.7808537,-1.4808537483215343
2025-02-28,2025-03-01,11.0,7.1009407,3.899059295654297
2025-02-28,2025-03-02,21.0,7.374182,13.625817775726318
2025-02-28,2025-03-03,26.5,6.8966594,19.60334062576294
2025-02-28,2025-03-04,27.799999999999997,6.9005623,20.899437713623044
2025-02-28,2025-03-05,39.9,7.134112,32.765888118743895
2025-02-28,2025-03-06,23.599999999999998,7.880272,15.719728088378904
2025-02-28,2025-03-07,12.0,7.85945,4.140550136566162
2025-02-28,2025-03-08,21.1,7.6594357,13.440564250946046
2025-02-28,2025-03-09,34.7,7.3538046,27.34619541168213
2025-02-28,2025-03-10,59.800000000000004,7.5006413,52.29935865402222
2025-02-28,2025-03-11,7.7,6.8454947,0.8545052528381349
2025-02-28,2025-03-12,6.2,6.639279,-0.4392788887023924
2025-02-28,2025-03-13,5.299999999999999,7.2006583,-1.9006583213806163
2025-02-28,2025-03-14,7.9,6.811021,1.0889791488647464
2025-03-01,2025-03-02,21.0,7.196797,13.803203105926514
2025-03-01,2025-03-03,26.5,7.628345,18.871654987335205
2025-03-01,2025-03-04,27.799999999999997,7.465103,20.334896850585935
2025-03-01,2025-03-05,39.9,7.1198454,32.780154609680174
2025-03-01,2025-03-06,23.599999999999998,7.0093083,16.590691661834715
2025-03-01,2025-03-07,12.0,7.874177,4.125823020935059
2025-03-01,2025-03-08,21.1,7.9995193,13.10048065185547
2025-03-01,2025-03-09,34.7,7.564369,27.135630798339847
2025-03-01,2025-03-10,59.800000000000004,7.375047,52.42495279312134
2025-03-01,2025-03-11,7.7,7.632,0.0680000305175783
2025-03-01,2025-03-12,6.2,6.9377236,-0.7377236366271971
2025-03-01,2025-03-13,5.299999999999999,6.5441065,-1.2441064834594737
2025-03-01,2025-03-14,7.9,7.0364084,0.863591575622559
2025-03-01,2025-03-15,6.0,6.7794776,-0.779477596282959
2025-03-02,2025-03-03,26.5,7.485467,19.014533042907715
2025-03-02,2025-03-04,27.799999999999997,8.047051,19.752948570251462
2025-03-02,2025-03-05,39.9,8.112224,31.787776374816893
2025-03-02,2025-03-06,23.599999999999998,7.4890165,16.11098346710205
2025-03-02,2025-03-07,12.0,6.9333687,5.066631317138672
2025-03-02,2025-03-08,21.1,7.8316317,13.268368339538576
2025-03-02,2025-03-09,34.7,8.156408,26.54359169006348
2025-03-02,2025-03-10,59.800000000000004,7.403492,52.39650802612305
2025-03-02,2025-03-11,7.7,7.486302,0.21369810104370135
2025-03-02,2025-03-12,6.2,7.688185,-1.4881852149963377
2025-03-02,2025-03-13,5.299999999999999,7.045476,-1.745475959777833
2025-03-02,2025-03-14,7.9,6.392373,1.5076269149780277
2025-03-02,2025-03-15,6.0,6.8714037,-0.871403694152832
2025-03-02,2025-03-16,4.6,6.6855006,-2.0855006217956547
2025-03-03,2025-03-04,27.799999999999997,8.16657,19.633430290222165
2025-03-03,2025-03-05,39.9,8.5338745,31.36612548828125
2025-03-03,2025-03-06,23.599999999999998,8.437243,15.162756538391111
2025-03-03,2025-03-07,12.0,7.7731586,4.226841449737549
2025-03-03,2025-03-08,21.1,7.062909,14.037090873718263
2025-03-03,2025-03-09,34.7,7.8071027,26.892897319793704
2025-03-03,2025-03-10,59.800000000000004,8.089312,51.71068840026856
2025-03-03,2025-03-11,7.7,7.398088,0.30191202163696307
2025-03-03,2025-03-12,6.2,7.381123,-1.1811230659484862
2025-03-03,2025-03-13,5.299999999999999,7.3674583,-2.0674583435058604
2025-03-03,2025-03-14,7.9,6.875915,1.0240849494934086
2025-03-03,2025-03-15,6.0,6.398521,-0.39852094650268555
2025-03-03,2025-03-16,4.6,6.82516,-2.2251600265502933
2025-03-03,2025-03-17,8.5,6.6525826,1.8474173545837402
2025-03-04,2025-03-05,39.9,8.91797,30.982030296325682
2025-03-04,2025-03-06,23.599999999999998,8.990234,14.609765624999998
2025-03-04,2025-03-07,12.0,8.6852665,3.3147335052490234
2025-03-04,2025-03-08,21.1,8.081148,13.018851852416994
2025-03-04,2025-03-09,34.7,7.246763,27.453236770629886
2025-03-04,2025-03-10,59.800000000000004,7.8338904,51.96610956192017
2025-03-04,2025-03-11,7.7,7.9563293,-0.2563293457031248
2025-03-04,2025-03-12,6.2,7.429538,-1.229537773132324
2025-03-04,2025-03-13,5.299999999999999,7.2190385,-1.919038486480714
2025-03-04,2025-03-14,7.9,6.9833317,0.9166683197021488
2025-03-04,2025-03-15,6.0,6.6566105,-0.6566104888916016
2025-03-04,2025-03-16,4.6,6.4248123,-1.8248123168945316
2025-03-04,2025-03-17,8.5,6.814619,1.6853809356689453
2025-03-04,2025-03-18,15.1,6.6193714,8.48062858581543
2025-03-05,2025-03-06,23.599999999999998,9.609258,13.990742301940916
2025-03-05,2025-03-07,12.0,9.391317,2.608682632446289
2025-03-05,2025-03-08,21.1,8.798106,12.301893806457521
2025-03-05,2025-03-09,34.7,8.33527,26.364730072021487
2025-03-05,2025-03-10,59.800000000000004,7.3677583,52.432241725921635
2025-03-05,2025-03-11,7.7,7.6615024,0.038497638702392756
2025-03-05,2025-03-12,6.2,7.6123085,-1.4123085021972654
2025-03-05,2025-03-13,5.299999999999999,7.350342,-2.050341796875001
2025-03-05,2025-03-14,7.9,6.922335,0.9776648521423343
2025-03-05,2025-03-15,6.0,6.5750446,-0.5750446319580078
2025-03-05,2025-03-16,4.6,6.4487705,-1.8487705230712894
2025-03-05,2025-03-17,8.5,6.539869,1.9601311683654785
2025-03-05,2025-03-18,15.1,6.763241,8.336759185791015
2025-03-05,2025-03-19,22.899999999999995,6.6153784,16.284621620178218
2025-03-06,2025-03-07,12.0,10.041184,1.958815574645996
2025-03-06,2025-03-08,21.1,9.6448345,11.455165481567384
2025-03-06,2025-03-09,34.7,8.845748,25.85425205230713
2025-03-06,2025-03-10,59.800000000000004,8.379967,51.42003326416016
2025-03-06,2025-03-11,7.7,7.285032,0.4149682044982912
2025-03-06,2025-03-12,6.2,7.330927,-1.1309268951416014
2025-03-06,2025-03-13,5.299999999999999,7.106421,-1.8064209938049327
2025-03-06,2025-03-14,7.9,7.121807,0.7781929016113285
2025-03-06,2025-03-15,6.0,6.5554085,-0.5554084777832031
2025-03-06,2025-03-16,4.6,6.2597847,-1.6597846984863285
2025-03-06,2025-03-17,8.5,6.2250586,2.2749414443969727
2025-03-06,2025-03-18,15.1,6.6803594,8.419640636444091
2025-03-06,2025-03-19,22.899999999999995,6.776046,16.123954200744624
2025-03-06,2025-03-20,18.5,6.690852,11.809147834777832
2025-03-07,2025-03-08,21.1,10.086342,11.013658142089845
2025-03-07,2025-03-09,34.7,9.643266,25.056734275817874
2025-03-07,2025-03-10,59.800000000000004,8.643825,51.15617542266846
2025-03-07,2025-03-11,7.7,8.190689,-0.4906890869140623
2025-03-07,2025-03-12,6.2,7.040788,-0.8407881736755369
2025-03-07,2025-03-13,5.299999999999999,6.917902,-1.6179019927978526
2025-03-07,2025-03-14,7.9,6.633748,1.2662519454956058
2025-03-07,2025-03-15,6.0,6.8556795,-0.8556795120239258
2025-03-07,2025-03-16,4.6,6.2686505,-1.6686505317687992
2025-03-07,2025-03-17,8.5,6.1380596,2.361940383911133
2025-03-07,2025-03-18,15.1,6.1101046,8.989895439147949
2025-03-07,2025-03-19,22.899999999999995,6.688652,16.211347961425776
2025-03-07,2025-03-20,18.5,6.811766,11.688233852386475
2025-03-07,2025-03-21,25.1,6.76015,18.33985004425049
2025-03-08,2025-03-09,34.7,9.985312,24.714687538146975
2025-03-08,2025-03-10,59.800000000000004,9.542917,50.25708274841309
2025-03-08,2025-03-11,7.7,8.668932,-0.9689319610595701
2025-03-08,2025-03-12,6.2,8.12891,-1.9289100646972654
2025-03-08,2025-03-13,5.299999999999999,6.7199106,-1.4199106216430675
2025-03-08,2025-03-14,7.9,6.588983,1.311016941070557
2025-03-08,2025-03-15,6.0,6.4740024,-0.4740023612976074
2025-03-08,2025-03-16,4.6,6.6489496,-2.0489496231079105
2025-03-08,2025-03-17,8.5,6.338933,2.161067008972168
2025-03-08,2025-03-18,15.1,6.2846975,8.815302467346191
2025-03-08,2025-03-19,22.899999999999995,6.153626,16.746374034881587
2025-03-08,2025-03-20,18.5,6.4898925,12.010107517242432
2025-03-08,2025-03-21,25.1,6.7916093,18.30839071273804
2025-03-08,2025-03-22,10.900000000000002,6.7822185,4.117781543731692
2025-03-09,2025-03-10,59.800000000000004,10.033945,49.76605491638184
2025-03-09,2025-03-11,7.7,9.606055,-1.9060552597045897
2025-03-09,2025-03-12,6.2,8.785582,-2.585581588745117
2025-03-09,2025-03-13,5.299999999999999,8.255677,-2.9556772232055675
2025-03-09,2025-03-14,7.9,6.5609674,1.3390325546264652
2025-03-09,2025-03-15,6.0,6.4154873,-0.41548728942871094
2025-03-09,2025-03-16,4.6,6.5097756,-1.9097756385803226
2025-03-09,2025-03-17,8.5,6.4911046,2.0088953971862793
2025-03-09,2025-03-18,15.1,6.574215,8.525785064697265
2025-03-09,2025-03-19,22.899999999999995,6.317591,16.58240880966186
2025-03-09,2025-03-20,18.5,6.2122116,12.287788391113281
2025-03-09,2025-03-21,25.1,6.225812,18.874188041687013
2025-03-09,2025-03-22,10.900000000000002,6.7776833,4.1223167419433615
2025-03-09,2025-03-23,29.199999999999996,6.6796794,22.520320606231685
2025-03-10,2025-03-11,7.7,10.53387,-2.833869743347168
2025-03-10,2025-03-12,6.2,9.802478,-3.6024778366088865
2025-03-10,2025-03-13,5.299999999999999,8.55512,-3.2551204681396495
2025-03-10,2025-03-14,7.9,8.337638,-0.437637901306152
2025-03-10,2025-03-15,6.0,6.65631,-0.6563100814819336
2025-03-10,2025-03-16,4.6,6.2010846,-1.6010846138000492
2025-03-10,2025-03-17,8.5,6.318357,2.181643009185791
2025-03-10,2025-03-18,15.1,6.5268784,8.573121643066406
2025-03-10,2025-03-19,22.899999999999995,6.597651,16.302348995208735
2025-03-10,2025-03-20,18.5,5.871327,12.628673076629639
2025-03-10,2025-03-21,25.1,6.0150075,19.084992504119874
2025-03-10,2025-03-22,10.900000000000002,6.2119465,4.688053512573244
2025-03-10,2025-03-23,29.199999999999996,6.7641287,22.435871315002437
2025-03-10,2025-03-24,32.8,6.590852,26.209148216247556
2025-03-11,2025-03-12,6.2,10.529177,-4.329176712036133
2025-03-11,2025-03-13,5.299999999999999,9.676929,-4.376929473876954
2025-03-11,2025-03-14,7.9,8.160558,-0.2605577468872067
2025-03-11,2025-03-15,6.0,7.967128,-1.967127799987793
2025-03-11,2025-03-16,4.6,6.4544954,-1.8544954299926761
2025-03-11,2025-03-17,8.5,5.9538193,2.5461807250976562
2025-03-11,2025-03-18,15.1,6.1028438,8.997156238555908
2025-03-11,2025-03-19,22.899999999999995,6.465109,16.434891128540034
2025-03-11,2025-03-20,18.5,6.7741337,11.725866317749023
2025-03-11,2025-03-21,25.1,5.5763917,19.52360830307007
2025-03-11,2025-03-22,10.900000000000002,5.8778887,5.022111320495608
2025-03-11,2025-03-23,29.199999999999996,6.612905,22.587094974517818
2025-03-11,2025-03-24,32.8,6.909273,25.89072685241699
2025-03-11,2025-03-25,25.299999999999997,6.687202,18.612798023223874
2025-03-12,2025-03-13,5.299999999999999,9.959168,-4.6591684341430675
2025-03-12,2025-03-14,7.9,9.113863,-1.2138629913330075
2025-03-12,2025-03-15,6.0,7.3169737,-1.3169736862182617
2025-03-12,2025-03-16,4.6,7.4257107,-2.8257106781005863
2025-03-12,2025-03-17,8.5,6.1543036,2.345696449279785
2025-03-12,2025-03-18,15.1,5.692089,9.407910919189453
2025-03-12,2025-03-19,22.899999999999995,5.9954886,16.904511356353755
2025-03-12,2025-03-20,18.5,6.3763247,12.123675346374512
2025-03-12,2025-03-21,25.1,7.0705695,18.02943048477173
2025-03-12,2025-03-22,10.900000000000002,5.6077147,5.292285346984865
2025-03-12,2025-03-23,29.199999999999996,5.9990315,23.200968456268306
2025-03-12,2025-03-24,32.8,7.1101923,25.689807701110837
2025-03-12,2025-03-25,25.299999999999997,7.0342884,18.265711593627927
2025-03-12,2025-03-26,14.2,6.9501762,7.249823760986327
2025-03-13,2025-03-14,7.9,9.439122,-1.5391222000122067
2025-03-13,2025-03-15,6.0,8.611045,-2.6110448837280273
2025-03-13,2025-03-16,4.6,6.890848,-2.2908481597900394
2025-03-13,2025-03-17,8.5,7.1367755,1.3632245063781738
2025-03-13,2025-03-18,15.1,6.2016287,8.898371315002441
2025-03-13,2025-03-19,22.899999999999995,5.965453,16.93454685211181
2025-03-13,2025-03-20,18.5,6.135019,12.364981174468994
2025-03-13,2025-03-21,25.1,6.587943,18.5120569229126
2025-03-13,2025-03-22,10.900000000000002,7.378864,3.521136188507082
2025-03-13,2025-03-23,29.199999999999996,6.047812,23.152188014984127
2025-03-13,2025-03-24,32.8,6.200395,26.59960489273071
2025-03-13,2025-03-25,25.299999999999997,7.459327,17.84067277908325
2025-03-13,2025-03-26,14.2,7.2937737,6.906226348876952
2025-03-13,2025-03-27,13.6,7.2991037,6.300896263122558
2025-03-14,2025-03-15,6.0,9.089338,-3.0893383026123047
2025-03-14,2025-03-16,4.6,8.370848,-3.7708477020263675
2025-03-14,2025-03-17,8.5,6.971006,1.528994083404541
2025-03-14,2025-03-18,15.1,7.093649,8.006351089477539
2025-03-14,2025-03-19,22.899999999999995,6.344578,16.555422210693354
2025-03-14,2025-03-20,18.5,6.356107,12.143892765045166
2025-03-14,2025-03-21,25.1,6.3648663,18.735133743286134
2025-03-14,2025-03-22,10.900000000000002,6.807783,4.0922168731689474
2025-03-14,2025-03-23,29.199999999999996,7.4518776,21.748122406005855
2025-03-14,2025-03-24,32.8,6.5681124,26.231887626647946
2025-03-14,2025-03-25,25.299999999999997,6.3535976,18.946402359008786
2025-03-14,2025-03-26,14.2,7.4231663,6.776833724975585
2025-03-14,2025-03-27,13.6,7.416198,6.183802223205566
2025-03-14,2025-03-28,4.6,7.4452443,-2.8452443122863773
2025-03-15,2025-03-16,4.6,8.832395,-4.232394599914551
2025-03-15,2025-03-17,8.5,8.314625,0.18537521362304688
2025-03-15,2025-03-18,15.1,7.40516,7.694840049743652
2025-03-15,2025-03-19,22.899999999999995,7.2663693,15.63363065719604
2025-03-15,2025-03-20,18.5,6.387306,12.112693786621094
2025-03-15,2025-03-21,25.1,6.7166324,18.38336763381958
2025-03-15,2025-03-22,10.900000000000002,6.7884707,4.111529254913332
2025-03-15,2025-03-23,29.199999999999996,6.962966,22.237034034729
2025-03-15,2025-03-24,32.8,7.7159123,25.084087657928464
2025-03-15,2025-03-25,25.299999999999997,7.129371,18.17062883377075
2025-03-15,2025-03-26,14.2,6.570155,7.629844856262206
2025-03-15,2025-03-27,13.6,7.1110973,6.48890266418457
2025-03-15,2025-03-28,4.6,7.348668,-2.7486680984497074
2025-03-15,2025-03-29,5.4,7.3613987,-1.9613986968994137
2025-03-16,2025-03-17,8.5,8.739253,-0.23925304412841797
2025-03-16,2025-03-18,15.1,8.434112,6.665888404846191
2025-03-16,2025-03-19,22.899999999999995,7.9054327,14.994567298889155
2025-03-16,2025-03-20,18.5,7.6071496,10.892850399017334
2025-03-16,2025-03-21,25.1,6.5871835,18.512816524505617
2025-03-16,2025-03-22,10.900000000000002,7.2268033,3.6731966972351096
2025-03-16,2025-03-23,29.199999999999996,7.4060082,21.793991756439205
2025-03-16,2025-03-24,32.8,7.1328554,25.66714458465576
2025-03-16,2025-03-25,25.299999999999997,8.092296,17.207704353332517
2025-03-16,2025-03-26,14.2,7.573703,6.626297187805175
2025-03-16,2025-03-27,13.6,6.7886105,6.811389541625976
2025-03-16,2025-03-28,4.6,6.737964,-2.1379641532897953
2025-03-16,2025-03-29,5.4,7.2638974,-1.8638974189758297
2025-03-16,2025-03-30,6.0,7.1504498,-1.1504497528076172
2025-03-17,2025-03-18,15.1,8.931185,6.168815231323242
2025-03-17,2025-03-19,22.899999999999995,8.638474,14.261525535583491
2025-03-17,2025-03-20,18.5,7.8942146,10.605785369873047
2025-03-17,2025-03-21,25.1,7.827406,17.27259407043457
2025-03-17,2025-03-22,10.900000000000002,7.2146096,3.68539037704468
2025-03-17,2025-03-23,29.199999999999996,7.914074,21.2859260559082
2025-03-17,2025-03-24,32.8,8.0030775,24.796922492980954
2025-03-17,2025-03-25,25.299999999999997,7.5878534,17.712146568298337
2025-03-17,2025-03-26,14.2,8.400757,5.799243164062499
2025-03-17,2025-03-27,13.6,7.6892486,5.910751438140869
2025-03-17,2025-03-28,4.6,6.883652,-2.283652210235596
2025-03-17,2025-03-29,5.4,6.5840034,-1.1840034484863278
2025-03-17,2025-03-30,6.0,7.3577113,-1.3577113151550293
2025-03-17,2025-03-31,6.3,6.96527,-0.6652700424194338
2025-03-18,2025-03-19,22.899999999999995,9.349041,13.550959014892573
2025-03-18,2025-03-20,18.5,8.962097,9.53790283203125
2025-03-18,2025-03-21,25.1,8.136206,16.963794326782228
2025-03-18,2025-03-22,10.900000000000002,8.154656,2.745343589782717
2025-03-18,2025-03-23,29.199999999999996,7.7453165,21.454683494567867
2025-03-18,2025-03-24,32.8,8.496495,24.30350475311279
2025-03-18,2025-03-25,25.299999999999997,8.468702,16.831297683715817
2025-03-18,2025-03-26,14.2,8.039274,6.160725784301757
2025-03-18,2025-03-27,13.6,8.510792,5.0892082214355465
2025-03-18,2025-03-28,4.6,7.733519,-3.1335190773010257
2025-03-18,2025-03-29,5.4,6.921047,-1.521047210693359
2025-03-18,2025-03-30,6.0,6.562461,-0.5624608993530273
2025-03-18,2025-03-31,6.3,7.4157596,-1.115759563446045
2025-03-18,2025-04-01,9.7,6.8446264,2.855373573303222
2025-03-19,2025-03-20,18.5,9.788519,8.711481094360352
2025-03-19,2025-03-21,25.1,9.344496,15.755504226684572
2025-03-19,2025-03-22,10.900000000000002,8.411708,2.488292121887209
2025-03-19,2025-03-23,29.199999999999996,8.407721,20.792279434204097
2025-03-19,2025-03-24,32.8,8.072508,24.72749214172363
2025-03-19,2025-03-25,25.299999999999997,8.769848,16.53015213012695
2025-03-19,2025-03-26,14.2,8.617911,5.582088661193847
2025-03-19,2025-03-27,13.6,8.236508,5.363491630554199
2025-03-19,2025-03-28,4.6,8.330516,-3.730515861511231
2025-03-19,2025-03-29,5.4,7.628768,-2.2287679672241207
2025-03-19,2025-03-30,6.0,6.883931,-0.8839311599731445
2025-03-19,2025-03-31,6.3,6.627025,-0.32702512741088885
2025-03-19,2025-04-01,9.7,7.3845987,2.3154012680053704
2025-03-19,2025-04-02,11.0,6.75714,4.242859840393066
2025-03-20,2025-03-21,25.1,10.065303,15.034697151184083
2025-03-20,2025-03-22,10.900000000000002,9.621876,1.278124237060549
2025-03-20,2025-03-23,29.199999999999996,8.628837,20.571163368225093
2025-03-20,2025-03-24,32.8,8.479188,24.32081203460693
2025-03-20,2025-03-25,25.299999999999997,8.127642,17.172358322143552
2025-03-20,2025-03-26,14.2,8.736484,5.463516426086425
2025-03-20,2025-03-27,13.6,8.430995,5.169005012512207
2025-03-20,2025-03-28,4.6,8.199469,-3.599468612670899
2025-03-20,2025-03-29,5.4,7.91661,-2.5166097640991207
2025-03-20,2025-03-30,6.0,7.4960666,-1.4960665702819824
2025-03-20,2025-03-31,6.3,6.750034,-0.4500338554382326
2025-03-20,2025-04-01,9.7,6.620686,3.079313945770263
2025-03-20,2025-04-02,11.0,7.3160534,3.6839466094970703
2025-03-20,2025-04-03,20.7,6.688095,14.011904907226562
2025-03-21,2025-03-22,10.900000000000002,10.145889,0.7541107177734396
2025-03-21,2025-03-23,29.199999999999996,9.793924,19.406075668334957
2025-03-21,2025-03-24,32.8,8.693607,24.10639266967773
2025-03-21,2025-03-25,25.299999999999997,8.379928,16.920072364807126
2025-03-21,2025-03-26,14.2,7.932301,6.267698955535888
2025-03-21,2025-03-27,13.6,8.397892,5.202108001708984
2025-03-21,2025-03-28,4.6,7.976582,-3.3765820503234867
2025-03-21,2025-03-29,5.4,7.9826784,-2.582678413391113
2025-03-21,2025-03-30,6.0,7.326856,-1.3268561363220215
2025-03-21,2025-03-31,6.3,7.3179526,-1.017952632904053
2025-03-21,2025-04-01,9.7,6.5728717,3.127128314971923
2025-03-21,2025-04-02,11.0,6.393462,4.606537818908691
2025-03-21,2025-04-03,20.7,7.173377,13.52662296295166
2025-03-21,2025-04-04,21.800000000000004,6.560865,15.239135074615483
2025-03-22,2025-03-23,29.199999999999996,9.969857,19.230142784118648
2025-03-22,2025-03-24,32.8,9.775696,23.024304199218747
2025-03-22,2025-03-25,25.299999999999997,8.838544,16.46145610809326
2025-03-22,2025-03-26,14.2,8.145549,6.054451179504394
2025-03-22,2025-03-27,13.6,7.3502617,6.249738311767578
2025-03-22,2025-03-28,4.6,7.7956944,-3.1956943511962894
2025-03-22,2025-03-29,5.4,7.5250993,-2.1250992774963375
2025-03-22,2025-03-30,6.0,7.5729184,-1.57291841506958
2025-03-22,2025-03-31,6.3,6.9112716,-0.6112715721130373
2025-03-22,2025-04-01,9.7,7.2398996,2.460100364685058
2025-03-22,2025-04-02,11.0,6.502767,4.497232913970947
2025-03-22,2025-04-03,20.7,6.056691,14.64330883026123
2025-03-22,2025-04-04,21.800000000000004,7.0189795,14.781020450592045
2025-03-22,2025-04-05,5.4,6.4422603,-1.0422602653503414
2025-03-23,2025-03-24,32.8,9.917067,22.882933425903317
2025-03-23,2025-03-25,25.299999999999997,9.736619,15.563381004333493
2025-03-23,2025-03-26,14.2,8.9801035,5.219896507263183
2025-03-23,2025-03-27,13.6,8.098096,5.501904106140136
2025-03-23,2025-03-28,4.6,6.84193,-2.241929912567139
2025-03-23,2025-03-29,5.4,7.1834726,-1.783472633361816
2025-03-23,2025-03-30,6.0,7.1867485,-1.1867485046386719
2025-03-23,2025-03-31,6.3,7.123326,-0.823325824737549
2025-03-23,2025-04-01,9.7,6.5825887,3.11741132736206
2025-03-23,2025-04-02,11.0,7.099534,3.900465965270996
2025-03-23,2025-04-03,20.7,6.4601493,14.239850711822509
2025-03-23,2025-04-04,21.800000000000004,5.722851,16.077149200439457
2025-03-23,2025-04-05,5.4,6.8492503,-1.4492503166198727
2025-03-23,2025-04-06,4.9,6.3652825,-1.4652825355529782
2025-03-24,2025-03-25,25.299999999999997,10.084862,15.215138244628903
2025-03-24,2025-03-26,14.2,9.709312,4.4906875610351555
2025-03-24,2025-03-27,13.6,8.792633,4.807366943359375
2025-03-24,2025-03-28,4.6,7.9258537,-3.3258537292480472
2025-03-24,2025-03-29,5.4,6.624629,-1.2246290206909176
2025-03-24,2025-03-30,6.0,6.6927485,-0.6927485466003418
2025-03-24,2025-03-31,6.3,6.8054585,-0.5054585456848146
2025-03-24,2025-04-01,9.7,6.929211,2.770788860321044
2025-03-24,2025-04-02,11.0,6.302898,4.697102069854736
2025-03-24,2025-04-03,20.7,6.7104106,13.989589405059814
2025-03-24,2025-04-04,21.800000000000004,6.204082,15.59591798782349
2025-03-24,2025-04-05,5.4,5.672985,-0.2729850769042965
2025-03-24,2025-04-06,4.9,6.8599257,-1.9599257469177243
2025-03-24,2025-04-07,9.3,6.406062,2.8939378738403327
2025-03-25,2025-03-26,14.2,9.996294,4.203705978393554
2025-03-25,2025-03-27,13.6,9.453749,4.14625129699707
2025-03-25,2025-03-28,4.6,8.387775,-3.7877754211425785
2025-03-25,2025-03-29,5.4,7.5545063,-2.1545063018798825
2025-03-25,2025-03-30,6.0,6.363352,-0.36335182189941406
2025-03-25,2025-03-31,6.3,6.280962,0.01903800964355451
2025-03-25,2025-04-01,9.7,6.3344097,3.365590286254882
2025-03-25,2025-04-02,11.0,6.7038374,4.2961626052856445
2025-03-25,2025-04-03,20.7,6.0365357,14.663464260101318
2025-03-25,2025-04-04,21.800000000000004,6.350152,15.449847984313969
2025-03-25,2025-04-05,5.4,6.0029993,-0.6029993057250973
2025-03-25,2025-04-06,4.9,5.648726,-0.7487259864807125
2025-03-25,2025-04-07,9.3,6.90037,2.3996298789978034
2025-03-25,2025-04-08,14.9,6.5076227,8.392377281188965
2025-03-26,2025-03-27,13.6,9.724104,3.875896072387695
2025-03-26,2025-03-28,4.6,9.106596,-4.5065959930419925
2025-03-26,2025-03-29,5.4,7.946103,-2.5461030960083004
2025-03-26,2025-03-30,6.0,7.2010317,-1.2010316848754883
2025-03-26,2025-03-31,6.3,6.162474,0.13752584457397443
2025-03-26,2025-04-01,9.7,6.0612435,3.6387564659118645
2025-03-26,2025-04-02,11.0,6.041691,4.958309173583984
2025-03-26,2025-04-03,20.7,6.5753865,14.12461347579956
2025-03-26,2025-04-04,21.800000000000004,6.007181,15.792818832397465
2025-03-26,2025-04-05,5.4,6.2040114,-0.8040114402770993
2025-03-26,2025-04-06,4.9,5.965706,-1.065705871582031
2025-03-26,2025-04-07,9.3,5.825818,3.4741819381713874
2025-03-26,2025-04-08,14.9,7.0695987,7.83040132522583
2025-03-26,2025-04-09,8.7,6.7264442,1.9735557556152337
2025-03-27,2025-03-28,4.6,9.228871,-4.62887134552002
2025-03-27,2025-03-29,5.4,8.611793,-3.2117925643920895
2025-03-27,2025-03-30,6.0,7.4325194,-1.4325194358825684
2025-03-27,2025-03-31,6.3,6.8486977,-0.5486976623535158
2025-03-27,2025-04-01,9.7,5.982599,3.717401218414306
2025-03-27,2025-04-02,11.0,5.9088845,5.091115474700928
2025-03-27,2025-04-03,20.7,5.785066,14.9149338722229
2025-03-27,2025-04-04,21.800000000000004,6.4599447,15.340055274963383
2025-03-27,2025-04-05,5.4,5.992429,-0.5924287796020504
2025-03-27,2025-04-06,4.9,6.246353,-1.3463531494140621
2025-03-27,2025-04-07,9.3,6.0232787,3.2767212867736824
2025-03-27,2025-04-08,14.9,6.0050797,8.894920253753662
2025-03-27,2025-04-09,8.7,7.1527853,1.5472146987915032
2025-03-27,2025-04-10,9.2,6.935448,2.2645518302917473
2025-03-28,2025-03-29,5.4,8.3839445,-2.983944511413574
2025-03-28,2025-03-30,6.0,7.9825177,-1.9825177192687988
2025-03-28,2025-03-31,6.3,6.845666,-0.5456659317016603
2025-03-28,2025-04-01,9.7,6.404133,3.295867156982421
2025-03-28,2025-04-02,11.0,5.736406,5.263594150543213
2025-03-28,2025-04-03,20.7,5.786714,14.91328592300415
2025-03-28,2025-04-04,21.800000000000004,5.6226234,16.17737655639649
2025-03-28,2025-04-05,5.4,6.3266335,-0.9266334533691403
2025-03-28,2025-04-06,4.9,6.0426507,-1.1426506996154782
2025-03-28,2025-04-07,9.3,6.382447,2.9175532341003425
2025-03-28,2025-04-08,14.9,6.066675,8.833324813842774
2025-03-28,2025-04-09,8.7,6.0419607,2.6580392837524407
2025-03-28,2025-04-10,9.2,7.2073503,1.9926497459411614
2025-03-28,2025-04-11,15.2,6.9428167,8.257183265686034
2025-03-29,2025-03-30,6.0,7.6422186,-1.6422185897827148
2025-03-29,2025-03-31,6.3,7.4686403,-1.1686403274536135
2025-03-29,2025-04-01,9.7,6.7396293,2.960370731353759
2025-03-29,2025-04-02,11.0,6.2488875,4.751112461090088
2025-03-29,2025-04-03,20.7,5.4224005,15.27759952545166
2025-03-29,2025-04-04,21.800000000000004,5.748722,16.05127792358399
2025-03-29,2025-04-05,5.4,5.752355,-0.3523550987243649
2025-03-29,2025-04-06,4.9,6.229866,-1.329866027832031
2025-03-29,2025-04-07,9.3,6.3182087,2.981791305541993
2025-03-29,2025-04-08,14.9,6.7155566,8.184443378448487
2025-03-29,2025-04-09,8.7,6.2381644,2.461835575103759
2025-03-29,2025-04-10,9.2,5.975096,3.224903774261474
2025-03-29,2025-04-11,15.2,7.0636487,8.136351299285888
2025-03-29,2025-04-12,23.599999999999998,6.900693,16.699307060241697
2025-03-30,2025-03-31,6.3,7.032547,-0.7325469970703127
2025-03-30,2025-04-01,9.7,7.0579696,2.642030429840087
2025-03-30,2025-04-02,11.0,6.701267,4.298733234405518
2025-03-30,2025-04-03,20.7,6.2623067,14.437693309783935
2025-03-30,2025-04-04,21.800000000000004,5.291068,16.508931922912602
2025-03-30,2025-04-05,5.4,5.9075966,-0.5075965881347653
2025-03-30,2025-04-06,4.9,6.0803013,-1.1803012847900387
2025-03-30,2025-04-07,9.3,6.1817994,3.118200588226319
2025-03-30,2025-04-08,14.9,6.677371,8.222628974914551
2025-03-30,2025-04-09,8.7,6.966321,1.733679008483886
2025-03-30,2025-04-10,9.2,6.3815904,2.818409633636474
2025-03-30,2025-04-11,15.2,5.7640696,9.435930442810058
2025-03-30,2025-04-12,23.599999999999998,6.9323306,16.667669391632078
2025-03-30,2025-04-13,10.599999999999998,6.6973705,3.902629470825193
2025-03-31,2025-04-01,9.7,7.1593986,2.540601444244384
2025-03-31,2025-04-02,11.0,7.113787,3.8862128257751465
2025-03-31,2025-04-03,20.7,6.7424955,13.9575044631958
2025-03-31,2025-04-04,21.800000000000004,6.4803004,15.31969957351685
2025-03-31,2025-04-05,5.4,5.792508,-0.3925081253051754
2025-03-31,2025-04-06,4.9,6.5202923,-1.6202922821044918
2025-03-31,2025-04-07,9.3,6.624881,2.6751192092895515
2025-03-31,2025-04-08,14.9,6.653387,8.246612930297852
2025-03-31,2025-04-09,8.7,7.035999,1.6640011787414544
2025-03-31,2025-04-10,9.2,7.095379,2.1046211242675774
2025-03-31,2025-04-11,15.2,6.418838,8.781161975860595
2025-03-31,2025-04-12,23.599999999999998,5.8420672,17.757932758331297
2025-03-31,2025-04-13,10.599999999999998,7.119097,3.4809027671813944
2025-03-31,2025-04-14,6.2,6.751859,-0.5518591880798338
2025-04-01,2025-04-02,11.0,7.3035407,3.6964592933654785
2025-04-01,2025-04-03,20.7,7.167716,13.532283973693847
2025-04-01,2025-04-04,21.800000000000004,6.6720033,15.127996730804448
2025-04-01,2025-04-05,5.4,6.677493,-1.2774930953979489
2025-04-01,2025-04-06,4.9,6.3477054,-1.4477053642272946
2025-04-01,2025-04-07,9.3,7.089839,2.2101610183715827
2025-04-01,2025-04-08,14.9,7.166927,7.733073139190674
2025-04-01,2025-04-09,8.7,7.079093,1.620907020568847
2025-04-01,2025-04-10,9.2,7.2777576,1.922242355346679
2025-04-01,2025-04-11,15.2,7.144564,8.055435848236083
2025-04-01,2025-04-12,23.599999999999998,6.4050846,17.194915390014646
2025-04-01,2025-04-13,10.599999999999998,5.9441686,4.655831432342527
2025-04-01,2025-04-14,6.2,7.2418356,-1.041835594177246
2025-04-01,2025-04-15,10.4,6.6226335,3.7773665428161625
2025-04-02,2025-04-03,20.7,7.4697156,13.230284404754638
2025-04-02,2025-04-04,21.800000000000004,7.2870193,14.512980747222905
2025-04-02,2025-04-05,5.4,6.642226,-1.2422262191772457
2025-04-02,2025-04-06,4.9,6.880512,-1.9805122375488278
2025-04-02,2025-04-07,9.3,6.794756,2.5052440643310554
2025-04-02,2025-04-08,14.9,7.487561,7.412438774108887
2025-04-02,2025-04-09,8.7,7.562077,1.1379229545593255
2025-04-02,2025-04-10,9.2,7.3994985,1.8005015373229973
2025-04-02,2025-04-11,15.2,7.336462,7.863537979125976
2025-04-02,2025-04-12,23.599999999999998,7.157544,16.442455863952635
2025-04-02,2025-04-13,10.599999999999998,6.285011,4.31498918533325
2025-04-02,2025-04-14,6.2,6.0778193,0.12218065261840838
2025-04-02,2025-04-15,10.4,7.2276783,3.172321701049805
2025-04-02,2025-04-16,4.4,6.4192057,-2.0192056655883786
2025-04-03,2025-04-04,21.800000000000004,7.6898537,14.110146331787114
2025-04-03,2025-04-05,5.4,7.5362577,-2.136257743835449
2025-04-03,2025-04-06,4.9,6.665038,-1.7650381088256832
2025-04-03,2025-04-07,9.3,7.0791907,2.2208092689514167
2025-04-03,2025-04-08,14.9,7.086641,7.813359165191651
2025-04-03,2025-04-09,8.7,7.626128,1.0738718032836907
2025-04-03,2025-04-10,9.2,7.695559,1.5044409751892083
2025-04-03,2025-04-11,15.2,7.547172,7.652827930450439
2025-04-03,2025-04-12,23.599999999999998,7.212741,16.387259101867674
2025-04-03,2025-04-13,10.599999999999998,7.086824,3.5131760597228983
2025-04-03,2025-04-14,6.2,6.1496,0.05039997100830096
2025-04-03,2025-04-15,10.4,6.191838,4.2081622123718265
2025-04-03,2025-04-16,4.4,7.083117,-2.683117008209228
2025-04-03,2025-04-17,6.500000000000001,6.1944113,0.3055887222290048
2025-04-04,2025-04-05,5.4,7.9121833,-2.512183284759521
2025-04-04,2025-04-06,4.9,7.8494573,-2.949457263946533
2025-04-04,2025-04-07,9.3,6.8427844,2.457215595245362
2025-04-04,2025-04-08,14.9,7.201888,7.698111915588379
2025-04-04,2025-04-09,8.7,7.138447,1.5615531921386712
2025-04-04,2025-04-10,9.2,7.511943,1.6880571365356438
2025-04-04,2025-04-11,15.2,7.526016,7.673983764648437
2025-04-04,2025-04-12,23.599999999999998,7.49924,16.100760078430174
2025-04-04,2025-04-13,10.599999999999998,6.8655777,3.7344223022460916
2025-04-04,2025-04-14,6.2,6.9635334,-0.7635334014892576
2025-04-04,2025-04-15,10.4,5.941152,4.458847904205323
2025-04-04,2025-04-16,4.4,6.145899,-1.7458988189697262
2025-04-04,2025-04-17,6.500000000000001,6.8616014,-0.3616013526916495
2025-04-04,2025-04-18,8.7,5.983139,2.716860961914062
2025-04-05,2025-04-06,4.9,7.8560705,-2.956070518493652
2025-04-05,2025-04-07,9.3,8.01016,1.2898395538330085
2025-04-05,2025-04-08,14.9,7.172024,7.727976226806641
2025-04-05,2025-04-09,8.7,7.2156878,1.4843122482299798
2025-04-05,2025-04-10,9.2,6.7683554,2.431644630432128
2025-04-05,2025-04-11,15.2,7.1325583,8.067441654205322
2025-04-05,2025-04-12,23.599999999999998,7.3213058,16.27869424819946
2025-04-05,2025-04-13,10.599999999999998,7.192389,3.4076109886169412
2025-04-05,2025-04-14,6.2,6.789689,-0.5896890640258787
2025-04-05,2025-04-15,10.4,6.954561,3.4454387664794925
2025-04-05,2025-04-16,4.4,5.8522143,-1.4522143363952633
2025-04-05,2025-04-17,6.500000000000001,6.015306,0.4846940040588388
2025-04-05,2025-04-18,8.7,6.5324388,2.167561244964599
2025-04-05,2025-04-19,8.1,5.7483044,2.35169563293457
2025-04-06,2025-04-07,9.3,7.773564,1.5264361381530769
2025-04-06,2025-04-08,14.9,8.066392,6.8336080551147464
2025-04-06,2025-04-09,8.7,7.5567183,1.1432816505432122
2025-04-06,2025-04-10,9.2,7.338651,1.8613488197326653
2025-04-06,2025-04-11,15.2,6.3841906,8.815809440612792
2025-04-06,2025-04-12,23.599999999999998,6.9065175,16.693482494354246
2025-04-06,2025-04-13,10.599999999999998,7.347952,3.252048110961912
2025-04-06,2025-04-14,6.2,6.908031,-0.7080309867858885
2025-04-06,2025-04-15,10.4,6.9437366,3.4562634468078617
2025-04-06,2025-04-16,4.4,7.0469656,-2.6469655990600582
2025-04-06,2025-04-17,6.500000000000001,5.9085336,0.5914664268493661
2025-04-06,2025-04-18,8.7,5.903758,2.796241950988769
2025-04-06,2025-04-19,8.1,6.3329744,1.7670255661010739
2025-04-06,2025-04-20,5.6,5.650947,-0.0509470939636234
2025-04-07,2025-04-08,14.9,7.9281397,6.971860313415528
2025-04-07,2025-04-09,8.7,8.040557,0.6594430923461907
2025-04-07,2025-04-10,9.2,7.611136,1.5888640403747551
2025-04-07,2025-04-11,15.2,7.366261,7.833738994598388
2025-04-07,2025-04-12,23.599999999999998,6.3428407,17.25715932846069
2025-04-07,2025-04-13,10.599999999999998,6.9530153,3.6469846725463846
2025-04-07,2025-04-14,6.2,7.373647,-1.1736472129821776
2025-04-07,2025-04-15,10.4,6.9796443,3.4203557014465336
2025-04-07,2025-04-16,4.4,6.91136,-2.5113597869873043
2025-04-07,2025-04-17,6.500000000000001,7.0153546,-0.5153546333312979
2025-04-07,2025-04-18,8.7,5.7937655,2.906234455108642
2025-04-07,2025-04-19,8.1,5.8916326,2.2083674430847164
2025-04-07,2025-04-20,5.6,6.42462,-0.8246201515197757
2025-04-07,2025-04-21,10.8,5.7986436,5.001356410980225
2025-04-08,2025-04-09,8.7,8.2703705,0.4296295166015618
2025-04-08,2025-04-10,9.2,8.187753,1.0122472763061516
2025-04-08,2025-04-11,15.2,7.664324,7.535676193237304
2025-04-08,2025-04-12,23.599999999999998,7.5088377,16.09116230010986
2025-04-08,2025-04-13,10.599999999999998,6.5399146,4.060085391998289
2025-04-08,2025-04-14,6.2,7.1596346,-0.9596345901489256
2025-04-08,2025-04-15,10.4,7.5101786,2.8898214340209964
2025-04-08,2025-04-16,4.4,7.2087026,-2.8087025642395016
2025-04-08,2025-04-17,6.500000000000001,6.92139,-0.42139005661010653
2025-04-08,2025-04-18,8.7,6.968698,1.7313019752502434
2025-04-08,2025-04-19,8.1,5.7643666,2.3356333732604977
2025-04-08,2025-04-20,5.6,6.019269,-0.41926898956298864
2025-04-08,2025-04-21,10.8,6.5890427,4.210957336425782
2025-04-08,2025-04-22,5.8,6.005124,-0.20512409210205096
2025-04-09,2025-04-10,9.2,8.497238,0.7027618408203118
2025-04-09,2025-04-11,15.2,8.299524,6.900475692749023
2025-04-09,2025-04-12,23.599999999999998,7.634834,15.965166187286375
2025-04-09,2025-04-13,10.599999999999998,7.565192,3.034807777404783
2025-04-09,2025-04-14,6.2,6.7214756,-0.5214756011962889
2025-04-09,2025-04-15,10.4,7.302436,3.0975641250610355
2025-04-09,2025-04-16,4.4,7.5491023,-3.1491023063659664
2025-04-09,2025-04-17,6.500000000000001,7.3869424,-0.8869423866271964
2025-04-09,2025-04-18,8.7,6.8671584,1.8328415870666497
2025-04-09,2025-04-19,8.1,6.9893546,1.1106453895568844
2025-04-09,2025-04-20,5.6,5.783733,-0.18373289108276403
2025-04-09,2025-04-21,10.8,6.2585754,4.541424560546876
2025-04-09,2025-04-22,5.8,6.760996,-0.9609958648681642
2025-04-09,2025-04-23,3.9000000000000004,6.238763,-2.338762855529785
2025-04-10,2025-04-11,15.2,8.689511,6.5104887008666985
2025-04-10,2025-04-12,23.599999999999998,8.486705,15.113295173645017
2025-04-10,2025-04-13,10.599999999999998,7.661661,2.938338851928709
2025-04-10,2025-04-14,6.2,7.704309,-1.5043089866638182
2025-04-10,2025-04-15,10.4,6.989093,3.4109071731567386
2025-04-10,2025-04-16,4.4,7.5411186,-3.1411186218261715
2025-04-10,2025-04-17,6.500000000000001,7.7110286,-1.211028575897216
2025-04-10,2025-04-18,8.7,7.6105843,1.0894157409667962
2025-04-10,2025-04-19,8.1,6.936583,1.1634169578552243
2025-04-10,2025-04-20,5.6,7.1862254,-1.5862254142761234
2025-04-10,2025-04-21,10.8,5.938916,4.861083793640137
2025-04-10,2025-04-22,5.8,6.5138063,-0.7138063430786135
2025-04-10,2025-04-23,3.9000000000000004,6.9566283,-3.056628322601318
2025-04-10,2025-04-24,8.0,6.4789677,1.5210323333740234
2025-04-11,2025-04-12,23.599999999999998,8.719257,14.88074264526367
2025-04-11,2025-04-13,10.599999999999998,8.674412,1.9255882263183572
2025-04-11,2025-04-14,6.2,7.7327375,-1.5327375411987303
2025-04-11,2025-04-15,10.4,7.801119,2.5988811492919925
2025-04-11,2025-04-16,4.4,7.127929,-2.7279292106628414
2025-04-11,2025-04-17,6.500000000000001,7.7085295,-1.2085294723510733
2025-04-11,2025-04-18,8.7,7.749335,0.9506651878356926
2025-04-11,2025-04-19,8.1,7.7261744,0.373825645446777
2025-04-11,2025-04-20,5.6,6.957403,-1.3574031829833988
2025-04-11,2025-04-21,10.8,7.3734374,3.4265625953674324
2025-04-11,2025-04-22,5.8,6.1527495,-0.35274953842163104
2025-04-11,2025-04-23,3.9000000000000004,6.5863037,-2.6863037109374996
2025-04-11,2025-04-24,8.0,7.1158633,0.8841366767883301
2025-04-11,2025-04-25,9.6,6.6285715,2.9714284896850582
2025-04-12,2025-04-13,10.599999999999998,8.707934,1.8920656204223611
2025-04-12,2025-04-14,6.2,8.84519,-2.6451900482177733
2025-04-12,2025-04-15,10.4,7.9723997,2.4276002883911136
2025-04-12,2025-04-16,4.4,7.883934,-3.4839340209960934
2025-04-12,2025-04-17,6.500000000000001,6.946848,-0.4468479156494132
2025-04-12,2025-04-18,8.7,7.52227,1.1777297973632805
2025-04-12,2025-04-19,8.1,7.595845,0.5041547775268551
2025-04-12,2025-04-20,5.6,7.575976,-1.9759758949279789
2025-04-12,2025-04-21,10.8,6.974114,3.8258860588073738
2025-04-12,2025-04-22,5.8,7.433048,-1.6330477714538576
2025-04-12,2025-04-23,3.9000000000000004,6.3498664,-2.449866390228271
2025-04-12,2025-04-24,8.0,6.4657607,1.5342392921447754
2025-04-12,2025-04-25,9.6,6.995986,2.6040140151977536
2025-04-12,2025-04-26,16.7,6.6056085,10.094391536712646
2025-04-13,2025-04-14,6.2,8.461786,-2.2617862701416014
2025-04-13,2025-04-15,10.4,8.803237,1.5967630386352543
2025-04-13,2025-04-16,4.4,8.106926,-3.7069259643554684
2025-04-13,2025-04-17,6.500000000000001,7.7657447,-1.265744686126708
2025-04-13,2025-04-18,8.7,6.5713477,2.1286522865295403
2025-04-13,2025-04-19,8.1,7.2060947,0.8939052581787106
2025-04-13,2025-04-20,5.6,7.370026,-1.7700261116027836
2025-04-13,2025-04-21,10.8,7.1984324,3.6015675544738777
2025-04-13,2025-04-22,5.8,6.9854336,-1.1854335784912111
2025-04-13,2025-04-23,3.9000000000000004,7.3296986,-3.42969856262207
2025-04-13,2025-04-24,8.0,6.4460645,1.5539355278015137
2025-04-13,2025-04-25,9.6,6.2164197,3.3835803031921383
2025-04-13,2025-04-26,16.7,6.823984,9.876015853881835
2025-04-13,2025-04-27,17.1,6.416407,10.683592891693117
2025-04-14,2025-04-15,10.4,8.348523,2.051476860046387
2025-04-14,2025-04-16,4.4,8.591237,-4.191237068176269
2025-04-14,2025-04-17,6.500000000000001,7.8657303,-1.3657302856445304
2025-04-14,2025-04-18,8.7,7.5155554,1.184444618225097
2025-04-14,2025-04-19,8.1,6.398269,1.7017308235168453
2025-04-14,2025-04-20,5.6,7.0339212,-1.4339212417602543
2025-04-14,2025-04-21,10.8,7.179366,3.6206338882446296
2025-04-14,2025-04-22,5.8,7.099316,-1.2993161201477053
2025-04-14,2025-04-23,3.9000000000000004,6.9075475,-3.0075474739074703
2025-04-14,2025-04-24,8.0,7.1058598,0.8941402435302734
2025-04-14,2025-04-25,9.6,6.3906054,3.209394550323486
2025-04-14,2025-04-26,16.7,6.2602983,10.439701747894286
2025-04-14,2025-04-27,17.1,6.9175124,10.182487583160402
2025-04-14,2025-04-28,12.200000000000001,6.525876,5.67412395477295
2025-04-15,2025-04-16,4.4,8.306977,-3.906977272033691
2025-04-15,2025-04-17,6.500000000000001,8.404471,-1.9044713973999015
2025-04-15,2025-04-18,8.7,7.532695,1.1673051834106438
2025-04-15,2025-04-19,8.1,7.300061,0.7999387741088864
2025-04-15,2025-04-20,5.6,6.458053,-0.8580531120300297
2025-04-15,2025-04-21,10.8,7.0539317,3.7460682868957527
2025-04-15,2025-04-22,5.8,7.1327987,-1.3327986717224123
2025-04-15,2025-04-23,3.9000000000000004,7.2306986,-3.3306985855102536
2025-04-15,2025-04-24,8.0,6.8263,1.1736998558044434
2025-04-15,2025-04-25,9.6,7.0085106,2.5914894104003903
2025-04-15,2025-04-26,16.7,6.3968105,10.303189468383788
2025-04-15,2025-04-27,17.1,6.3396015,10.760398483276369
2025-04-15,2025-04-28,12.200000000000001,7.1417522,5.058247756958009
2025-04-15,2025-04-29,13.7,6.702075,6.997924995422363
2025-04-16,2025-04-17,6.500000000000001,8.1461935,-1.6461935043334952
2025-04-16,2025-04-18,8.7,8.128509,0.5714914321899407
2025-04-16,2025-04-19,8.1,7.20263,0.8973699569702145
2025-04-16,2025-04-20,5.6,7.156931,-1.5569309234619144
2025-04-16,2025-04-21,10.8,6.5662475,4.233752536773682
2025-04-16,2025-04-22,5.8,7.125678,-1.325678062438965
2025-04-16,2025-04-23,3.9000000000000004,7.1806397,-3.2806397438049313
2025-04-16,2025-04-24,8.0,7.329505,0.6704950332641602
2025-04-16,2025-04-25,9.6,6.767658,2.8323417663574215
2025-04-16,2025-04-26,16.7,6.942766,9.757233810424804
2025-04-16,2025-04-27,17.1,6.323911,10.776088809967042
2025-04-16,2025-04-28,12.200000000000001,6.4297433,5.770256710052491
2025-04-16,2025-04-29,13.7,7.2573676,6.442632389068603
2025-04-16,2025-04-30,15.4,6.7458534,8.654146575927735
2025-04-17,2025-04-18,8.7,7.8851075,0.8148924827575676
2025-04-17,2025-04-19,8.1,7.8799586,0.22004137039184535
2025-04-17,2025-04-20,5.6,6.9891663,-1.3891662597656254
2025-04-17,2025-04-21,10.8,7.0409255,3.759074497222901
2025-04-17,2025-04-22,5.8,6.576369,-0.7763688087463381
2025-04-17,2025-04-23,3.9000000000000004,7.1568427,-3.256842708587646
2025-04-17,2025-04-24,8.0,7.1175604,0.8824396133422852
2025-04-17,2025-04-25,9.6,7.366196,2.233803844451904
2025-04-17,2025-04-26,16.7,6.636684,10.063316059112548
2025-04-17,2025-04-27,17.1,6.9662085,10.133791542053224
2025-04-17,2025-04-28,12.200000000000001,6.31633,5.883670043945314
2025-04-17,2025-04-29,13.7,6.5435004,7.156499576568603
2025-04-17,2025-04-30,15.4,7.3622336,8.037766361236573
2025-04-17,2025-05-01,14.5,6.9006734,7.5993266105651855
2025-04-18,2025-04-19,8.1,7.66913,0.43087015151977504
2025-04-18,2025-04-20,5.6,7.7148843,-2.1148842811584476
2025-04-18,2025-04-21,10.8,6.8463182,3.9536817550659187
2025-04-18,2025-04-22,5.8,6.977491,-1.1774909019470217
2025-04-18,2025-04-23,3.9000000000000004,6.6370893,-2.7370892524719235
2025-04-18,2025-04-24,8.0,7.1796026,0.8203973770141602
2025-04-18,2025-04-25,9.6,7.100795,2.4992052078247067
2025-04-18,2025-04-26,16.7,7.3714085,9.328591537475585
2025-04-18,2025-04-27,17.1,6.440975,10.659024810791017
2025-04-18,2025-04-28,12.200000000000001,7.0456204,5.1543795585632335
2025-04-18,2025-04-29,13.7,6.266969,7.433030796051025
2025-04-18,2025-04-30,15.4,6.4578733,8.942126655578614
2025-04-18,2025-05-01,14.5,7.330723,7.169277191162109
2025-04-18,2025-05-02,12.3,6.893675,5.4063251495361335
2025-04-19,2025-04-20,5.6,7.4375825,-1.8375824928283695
2025-04-19,2025-04-21,10.8,7.600276,3.1997240066528327
2025-04-19,2025-04-22,5.8,6.883709,-1.083708953857422
2025-04-19,2025-04-23,3.9000000000000004,7.0265546,-3.1265545845031735
2025-04-19,2025-04-24,8.0,6.551667,1.4483327865600586
2025-04-19,2025-04-25,9.6,7.0716085,2.5283914566040036
2025-04-19,2025-04-26,16.7,7.166816,9.533183765411376
2025-04-19,2025-04-27,17.1,7.2561145,9.843885517120363
2025-04-19,2025-04-28,12.200000000000001,6.505444,5.694555950164796
2025-04-19,2025-04-29,13.7,7.1436577,6.556342315673827
2025-04-19,2025-04-30,15.4,6.3049617,9.095038318634034
2025-04-19,2025-05-01,14.5,6.198478,8.30152177810669
2025-04-19,2025-05-02,12.3,7.0829926,5.217007446289063
2025-04-19,2025-05-03,7.0,6.6490784,0.350921630859375
2025-04-20,2025-04-21,10.8,7.3124394,3.4875605583190925
2025-04-20,2025-04-22,5.8,7.610979,-1.8109790802001955
2025-04-20,2025-04-23,3.9000000000000004,7.171097,-3.271096801757812
2025-04-20,2025-04-24,8.0,7.1263747,0.8736252784729004
2025-04-20,2025-04-25,9.6,6.3948174,3.2051826477050778
2025-04-20,2025-04-26,16.7,6.9895253,9.710474681854247
2025-04-20,2025-04-27,17.1,7.2976565,9.802343463897706
2025-04-20,2025-04-28,12.200000000000001,7.083059,5.116941165924073
2025-04-20,2025-04-29,13.7,6.6062646,7.093735408782958
2025-04-20,2025-04-30,15.4,7.2240357,8.175964260101319
2025-04-20,2025-05-01,14.5,6.3929496,8.10705041885376
2025-04-20,2025-05-02,12.3,5.934204,6.365795898437501
2025-04-20,2025-05-03,7.0,6.8778934,0.12210655212402344
2025-04-20,2025-05-04,2.9,6.4353366,-3.5353365898132325
2025-04-21,2025-04-22,5.8,7.3089027,-1.5089027404785158
2025-04-21,2025-04-23,3.9000000000000004,7.514679,-3.6146789550781246
2025-04-21,2025-04-24,8.0,7.0176134,0.982386589050293
2025-04-21,2025-04-25,9.6,6.92782,2.672179794311523
2025-04-21,2025-04-26,16.7,6.356311,10.343689155578613
2025-04-21,2025-04-27,17.1,6.909231,10.190768814086915
2025-04-21,2025-04-28,12.200000000000001,7.2285132,4.971486759185792
2025-04-21,2025-04-29,13.7,7.1204777,6.579522323608398
2025-04-21,2025-04-30,15.4,6.4736056,8.926394367218018
2025-04-21,2025-05-01,14.5,7.13802,7.361979961395264
2025-04-21,2025-05-02,12.3,6.3564262,5.943573760986329
2025-04-21,2025-05-03,7.0,5.8540826,1.1459174156188965
2025-04-21,2025-05-04,2.9,6.950886,-4.050885772705078
2025-04-21,2025-05-05,3.0,6.4902515,-3.4902515411376953
2025-04-22,2025-04-23,3.9000000000000004,7.335307,-3.435307121276855
2025-04-22,2025-04-24,8.0,7.413284,0.5867161750793457
2025-04-22,2025-04-25,9.6,6.834179,2.7658210754394528
2025-04-22,2025-04-26,16.7,6.7712893,9.928710651397704
2025-04-22,2025-04-27,17.1,6.419571,10.680429077148439
2025-04-22,2025-04-28,12.200000000000001,6.9613132,5.238686752319337
2025-04-22,2025-04-29,13.7,7.240991,6.459008884429931
2025-04-22,2025-04-30,15.4,7.2843847,8.115615272521973
2025-04-22,2025-05-01,14.5,6.4470778,8.052922248840332
2025-04-22,2025-05-02,12.3,7.0741396,5.225860404968262
2025-04-22,2025-05-03,7.0,6.355913,0.6440868377685547
2025-04-22,2025-05-04,2.9,5.9780602,-3.078060245513916
2025-04-22,2025-05-05,3.0,7.1559215,-4.155921459197998
2025-04-22,2025-05-06,4.0,6.6950073,-2.69500732421875
2025-04-23,2025-04-24,8.0,7.191171,0.8088288307189941
2025-04-23,2025-04-25,9.6,7.202484,2.3975158691406246
2025-04-23,2025-04-26,16.7,6.4832563,10.216743659973144
2025-04-23,2025-04-27,17.1,6.529167,10.570832824707033
2025-04-23,2025-04-28,12.200000000000001,6.488998,5.711002063751222
2025-04-23,2025-04-29,13.7,6.9412484,6.7587515830993645
2025-04-23,2025-04-30,15.4,7.225276,8.174724006652832
2025-04-23,2025-05-01,14.5,7.467772,7.032227993011475
2025-04-23,2025-05-02,12.3,6.403202,5.896797943115235
2025-04-23,2025-05-03,7.0,7.2226853,-0.2226853370666504
2025-04-23,2025-05-04,2.9,6.49382,-3.5938201904296876
2025-04-23,2025-05-05,3.0,6.314981,-3.314980983734131
2025-04-23,2025-05-06,4.0,7.466168,-3.46616792678833
2025-04-23,2025-05-07,5.0,7.060423,-2.060422897338867
2025-04-24,2025-04-25,9.6,7.1765895,2.4234105110168453
2025-04-24,2025-04-26,16.7,7.178522,9.521477890014648
2025-04-24,2025-04-27,17.1,6.357129,10.742870903015138
2025-04-24,2025-04-28,12.200000000000001,6.4721007,5.727899265289308
2025-04-24,2025-04-29,13.7,6.6300964,7.069903564453124
2025-04-24,2025-04-30,15.4,6.977581,8.422418975830078
2025-04-24,2025-05-01,14.5,7.2571354,7.242864608764648
2025-04-24,2025-05-02,12.3,7.6864324,4.6135676383972175
2025-04-24,2025-05-03,7.0,6.4249606,0.5750393867492676
2025-04-24,2025-05-04,2.9,7.463666,-4.563665962219238
2025-04-24,2025-05-05,3.0,6.683665,-3.6836647987365723
2025-04-24,2025-05-06,4.0,6.7092676,-2.7092676162719727
2025-04-24,2025-05-07,5.0,7.7426715,-2.742671489715576
2025-04-24,2025-05-08,4.4,7.4346123,-3.0346122741699215
2025-04-25,2025-04-26,16.7,7.081121,9.618879032135009
2025-04-25,2025-04-27,17.1,7.2046733,9.895326709747316
2025-04-25,2025-04-28,12.200000000000001,6.334789,5.865211200714112
2025-04-25,2025-04-29,13.7,6.406963,7.293037128448486
2025-04-25,2025-04-30,15.4,6.681451,8.718549156188965
2025-04-25,2025-05-01,14.5,6.9423265,7.557673454284668
2025-04-25,2025-05-02,12.3,7.2447033,5.055296707153321
2025-04-25,2025-05-03,7.0,7.7926903,-0.7926902770996094
2025-04-25,2025-05-04,2.9,6.407778,-3.507777786254883
2025-04-25,2025-05-05,3.0,7.751052,-4.751051902770996
2025-04-25,2025-05-06,4.0,6.9016657,-2.901665687561035
2025-04-25,2025-05-07,5.0,6.982853,-1.9828529357910156
2025-04-25,2025-05-08,4.4,7.9418807,-3.5418807029724118
2025-04-25,2025-05-09,8.3,7.7387815,0.5612185478210456
2025-04-26,2025-04-27,17.1,6.998258,10.101741886138917
2025-04-26,2025-04-28,12.200000000000001,7.306167,4.893832874298097
2025-04-26,2025-04-29,13.7,6.5560803,7.143919658660888
2025-04-26,2025-04-30,15.4,6.444192,8.955808067321778
2025-04-26,2025-05-01,14.5,6.543264,7.956736087799072
2025-04-26,2025-05-02,12.3,6.747946,5.55205421447754
2025-04-26,2025-05-03,7.0,7.2594423,-0.2594423294067383
2025-04-26,2025-05-04,2.9,7.777621,-4.877620792388916
2025-04-26,2025-05-05,3.0,6.6514897,-3.651489734649658
2025-04-26,2025-05-06,4.0,8.055776,-4.0557756423950195
2025-04-26,2025-05-07,5.0,7.291333,-2.2913331985473633
2025-04-26,2025-05-08,4.4,7.1604605,-2.7604604721069332
2025-04-26,2025-05-09,8.3,7.987971,0.31202917098999094
2025-04-26,2025-05-10,8.3,7.9309044,0.36909561157226634
2025-04-27,2025-04-28,12.200000000000001,6.836128,5.36387176513672
2025-04-27,2025-04-29,13.7,7.392396,6.307604026794433
2025-04-27,2025-04-30,15.4,6.8236756,8.576324367523194
2025-04-27,2025-05-01,14.5,6.3555284,8.144471645355225
2025-04-27,2025-05-02,12.3,6.230593,6.06940679550171
2025-04-27,2025-05-03,7.0,6.470933,0.5290670394897461
2025-04-27,2025-05-04,2.9,7.250732,-4.350731945037841
2025-04-27,2025-05-05,3.0,7.597027,-4.597026824951172
2025-04-27,2025-05-06,4.0,6.93868,-2.9386801719665527
2025-04-27,2025-05-07,5.0,8.266789,-3.266789436340332
2025-04-27,2025-05-08,4.4,7.745876,-3.345875835418701
2025-04-27,2025-05-09,8.3,7.2694945,1.0305054664611824
2025-04-27,2025-05-10,8.3,8.09558,0.20441989898681712
2025-04-27,2025-05-11,9.9,8.093011,1.8069890975952152
2025-04-28,2025-04-29,13.7,6.9184165,6.7815834999084466
2025-04-28,2025-04-30,15.4,7.3187957,8.081204319000244
2025-04-28,2025-05-01,14.5,6.808369,7.691630840301514
2025-04-28,2025-05-02,12.3,6.2938194,6.006180572509766
2025-04-28,2025-05-03,7.0,6.2803683,0.7196316719055176
2025-04-28,2025-05-04,2.9,6.523623,-3.623622989654541
2025-04-28,2025-05-05,3.0,7.275453,-4.275453090667725
2025-04-28,2025-05-06,4.0,7.792265,-3.792264938354492
2025-04-28,2025-05-07,5.0,7.304279,-2.30427885055542
2025-04-28,2025-05-08,4.4,8.393031,-3.9930311203002926
2025-04-28,2025-05-09,8.3,8.0169325,0.28306751251220774
2025-04-28,2025-05-10,8.3,7.632355,0.6676447868347175
2025-04-28,2025-05-11,9.9,8.521887,1.378113174438477
2025-04-28,2025-05-12,10.100000000000001,8.493524,1.6064764022827163
2025-04-29,2025-04-30,15.4,7.131406,8.2685941696167
2025-04-29,2025-05-01,14.5,7.288817,7.211183071136475
2025-04-29,2025-05-02,12.3,6.7950835,5.50491647720337
2025-04-29,2025-05-03,7.0,6.369816,0.6301841735839844
2025-04-29,2025-05-04,2.9,6.5197887,-3.6197887420654298
2025-04-29,2025-05-05,3.0,6.7841954,-3.7841954231262207
2025-04-29,2025-05-06,4.0,7.4039626,-3.4039626121520996
2025-04-29,2025-05-07,5.0,8.206911,-3.206911087036133
2025-04-29,2025-05-08,4.4,7.7247543,-3.3247543334960934
2025-04-29,2025-05-09,8.3,8.582317,-0.28231735229492116
2025-04-29,2025-05-10,8.3,8.300063,-6.313323974538321e-05
2025-04-29,2025-05-11,9.9,8.071625,1.8283752441406254
2025-04-29,2025-05-12,10.100000000000001,9.004544,1.0954557418823256
2025-04-29,2025-05-13,9.3,8.936182,0.36381797790527415
2025-04-30,2025-05-01,14.5,7.3679714,7.132028579711914
2025-04-30,2025-05-02,12.3,7.3320794,4.967920589447022
2025-04-30,2025-05-03,7.0,6.8777037,0.12229633331298828
2025-04-30,2025-05-04,2.9,6.5578685,-3.657868480682373
2025-04-30,2025-05-05,3.0,6.8775373,-3.877537250518799
2025-04-30,2025-05-06,4.0,7.172578,-3.1725778579711914
2025-04-30,2025-05-07,5.0,7.5927157,-2.5927157402038574
2025-04-30,2025-05-08,4.4,8.7198105,-4.319810485839843
2025-04-30,2025-05-09,8.3,8.202139,0.09786109924316477
2025-04-30,2025-05-10,8.3,8.920748,-0.6207477569580071
2025-04-30,2025-05-11,9.9,8.658669,1.2413305282592777
2025-04-30,2025-05-12,10.100000000000001,8.595093,1.5049072265625014
2025-04-30,2025-05-13,9.3,9.524988,-0.22498817443847585
2025-04-30,2025-05-14,7.7,9.401531,-1.7015312194824217
2025-05-01,2025-05-02,12.3,7.7064695,4.593530464172364
2025-05-01,2025-05-03,7.0,7.607078,-0.6070780754089355
2025-05-01,2025-05-04,2.9,7.247154,-4.347154235839843
2025-05-01,2025-05-05,3.0,6.9873805,-3.9873805046081543
2025-05-01,2025-05-06,4.0,7.3918633,-3.3918633460998535
2025-05-01,2025-05-07,5.0,7.6831613,-2.6831612586975098
2025-05-01,2025-05-08,4.4,7.7412105,-3.3412104606628414
2025-05-01,2025-05-09,8.3,9.019317,-0.7193166732788079
2025-05-01,2025-05-10,8.3,8.466258,-0.16625804901122976
2025-05-01,2025-05-11,9.9,9.126268,0.77373161315918
2025-05-01,2025-05-12,10.100000000000001,8.824691,1.2753091812133803
2025-05-01,2025-05-13,9.3,8.866684,0.4333160400390632
2025-05-01,2025-05-14,7.7,9.742472,-2.042471694946289
2025-05-01,2025-05-15,5.699999999999999,9.486019,-3.786019134521485
2025-05-02,2025-05-03,7.0,7.7907653,-0.7907652854919434
2025-05-02,2025-05-04,2.9,7.8411794,-4.941179370880127
2025-05-02,2025-05-05,3.0,7.4889708,-4.488970756530762
2025-05-02,2025-05-06,4.0,7.3849196,-3.3849196434020996
2025-05-02,2025-05-07,5.0,7.7488594,-2.748859405517578
2025-05-02,2025-05-08,4.4,8.007606,-3.6076055526733395
2025-05-02,2025-05-09,8.3,7.7770424,0.5229576110839851
2025-05-02,2025-05-10,8.3,8.989074,-0.6890737533569329
2025-05-02,2025-05-11,9.9,8.4283495,1.4716505050659183
2025-05-02,2025-05-12,10.100000000000001,9.112308,0.9876924514770522
2025-05-02,2025-05-13,9.3,8.794754,0.5052459716796882
2025-05-02,2025-05-14,7.7,8.695044,-0.9950435638427733
2025-05-02,2025-05-15,5.699999999999999,9.510994,-3.810993957519532
2025-05-02,2025-05-16,7.0,9.122245,-2.1222448348999023
2025-05-03,2025-05-04,2.9,7.9981427,-5.0981427192687985
2025-05-03,2025-05-05,3.0,8.347153,-5.3471527099609375
2025-05-03,2025-05-06,4.0,8.136104,-4.136103630065918
2025-05-03,2025-05-07,5.0,7.9645534,-2.9645533561706543
2025-05-03,2025-05-08,4.4,8.005777,-3.6057773590087887
2025-05-03,2025-05-09,8.3,8.255273,0.044727134704590554
2025-05-03,2025-05-10,8.3,8.10546,0.19453983306884837
2025-05-03,2025-05-11,9.9,8.971758,0.928242111206055
2025-05-03,2025-05-12,10.100000000000001,8.692088,1.407911872863771
2025-05-03,2025-05-13,9.3,9.239445,0.060555267333985086
2025-05-03,2025-05-14,7.7,8.844179,-1.1441791534423826
2025-05-03,2025-05-15,5.699999999999999,8.452429,-2.752428817749024
2025-05-03,2025-05-16,7.0,9.125551,-2.125551223754883
2025-05-03,2025-05-17,5.9,8.678989,-2.7789894104003903
2025-05-04,2025-05-05,3.0,8.141982,-5.141982078552246
2025-05-04,2025-05-06,4.0,8.819926,-4.8199262619018555
2025-05-04,2025-05-07,5.0,8.810167,-3.8101673126220703
2025-05-04,2025-05-08,4.4,8.548421,-4.148420906066894
2025-05-04,2025-05-09,8.3,8.179075,0.12092475891113352
2025-05-04,2025-05-10,8.3,8.498912,-0.19891185760497976
2025-05-04,2025-05-11,9.9,8.63565,1.2643503189086918
2025-05-04,2025-05-12,10.100000000000001,8.867722,1.232278442382814
2025-05-04,2025-05-13,9.3,9.071305,0.2286947250366218
2025-05-04,2025-05-14,7.7,9.347806,-1.6478059768676756
2025-05-04,2025-05-15,5.699999999999999,8.861733,-3.1617334365844734
2025-05-04,2025-05-16,7.0,8.159533,-1.1595325469970703
2025-05-04,2025-05-17,5.9,8.699882,-2.799881553649902
2025-05-04,2025-05-18,7.1,8.180385,-1.0803846359252933
2025-05-05,2025-05-06,4.0,8.472825,-4.472825050354004
2025-05-05,2025-05-07,5.0,9.120471,-4.120471000671387
2025-05-05,2025-05-08,4.4,9.101972,-4.701971626281738
2025-05-05,2025-05-09,8.3,8.901857,-0.6018573760986321
2025-05-05,2025-05-10,8.3,8.524473,-0.22447319030761648
2025-05-05,2025-05-11,9.9,8.877624,1.0223764419555668
2025-05-05,2025-05-12,10.100000000000001,9.139487,0.9605127334594741
2025-05-05,2025-05-13,9.3,9.042055,0.2579448699951179
2025-05-05,2025-05-14,7.7,9.242726,-1.5427263259887694
2025-05-05,2025-05-15,5.699999999999999,9.355794,-3.6557939529418952
2025-05-05,2025-05-16,7.0,8.70504,-1.7050399780273438
2025-05-05,2025-05-17,5.9,8.047118,-2.1471181869506832
2025-05-05,2025-05-18,7.1,8.565541,-1.4655412673950199
2025-05-05,2025-05-19,7.9,7.949214,-0.049213981628417613
2025-05-06,2025-05-07,5.0,8.844859,-3.8448591232299805
2025-05-06,2025-05-08,4.4,9.393962,-4.993961906433105
2025-05-06,2025-05-09,8.3,9.253851,-0.9538509368896477
2025-05-06,2025-05-10,8.3,9.195014,-0.8950139999389641
2025-05-06,2025-05-11,9.9,8.948828,0.9511722564697269
2025-05-06,2025-05-12,10.100000000000001,9.321441,0.7785593032836928
2025-05-06,2025-05-13,9.3,9.658,-0.35799999237060476
2025-05-06,2025-05-14,7.7,9.344217,-1.6442173004150389
2025-05-06,2025-05-15,5.699999999999999,9.352693,-3.652692604064942
2025-05-06,2025-05-16,7.0,9.368499,-2.3684988021850586
2025-05-06,2025-05-17,5.9,8.566541,-2.666540718078613
2025-05-06,2025-05-18,7.1,7.9991417,-0.8991416931152347
2025-05-06,2025-05-19,7.9,8.506828,-0.6068283081054684
2025-05-06,2025-05-20,7.4,7.7821236,-0.38212356567382777
2025-05-07,2025-05-08,4.4,9.0434675,-4.64346752166748
2025-05-07,2025-05-09,8.3,9.590505,-1.2905046463012688
2025-05-07,2025-05-10,8.3,9.253685,-0.953684997558593
2025-05-07,2025-05-11,9.9,9.333535,0.5664648056030277
2025-05-07,2025-05-12,10.100000000000001,9.233678,0.8663221359252944
2025-05-07,2025-05-13,9.3,9.591656,-0.29165573120117116
2025-05-07,2025-05-14,7.7,9.9656315,-2.2656314849853514
2025-05-07,2025-05-15,5.699999999999999,9.541597,-3.8415973663330085
2025-05-07,2025-05-16,7.0,9.335737,-2.3357372283935547
2025-05-07,2025-05-17,5.9,9.389258,-3.4892583847045895
2025-05-07,2025-05-18,7.1,8.45864,-1.3586400985717777
2025-05-07,2025-05-19,7.9,8.044049,-0.14404926300048793
2025-05-07,2025-05-20,7.4,8.511126,-1.111125564575195
2025-05-07,2025-05-21,8.6,7.6872625,0.9127374649047848
2025-05-08,2025-05-09,8.3,9.157575,-0.8575746536254876
2025-05-08,2025-05-10,8.3,9.772781,-1.4727813720703118
2025-05-08,2025-05-11,9.9,9.240271,0.6597293853759769
2025-05-08,2025-05-12,10.100000000000001,9.439433,0.660566902160646
2025-05-08,2025-05-13,9.3,9.436438,-0.13643760681152273
2025-05-08,2025-05-14,7.7,9.750228,-2.050227928161621
2025-05-08,2025-05-15,5.699999999999999,10.129841,-4.429840850830079
2025-05-08,2025-05-16,7.0,9.621751,-2.621750831604004
2025-05-08,2025-05-17,5.9,9.181385,-3.2813850402832028
2025-05-08,2025-05-18,7.1,9.416782,-2.316782379150391
2025-05-08,2025-05-19,7.9,8.301034,-0.4010339736938473
2025-05-08,2025-05-20,7.4,8.035456,-0.6354557037353512
2025-05-08,2025-05-21,8.6,8.426799,0.17320117950439418
2025-05-08,2025-05-22,6.7,7.5426993,-0.8426993370056151
2025-05-09,2025-05-10,8.3,9.208273,-0.9082729339599602
2025-05-09,2025-05-11,9.9,10.014681,-0.11468086242675746
2025-05-09,2025-05-12,10.100000000000001,9.354039,0.7459608078002944
2025-05-09,2025-05-13,9.3,9.52582,-0.2258197784423821
2025-05-09,2025-05-14,7.7,9.462835,-1.7628353118896483
2025-05-09,2025-05-15,5.699999999999999,9.753076,-4.053075599670411
2025-05-09,2025-05-16,7.0,10.11732,-3.1173200607299805
2025-05-09,2025-05-17,5.9,9.566492,-3.666492080688476
2025-05-09,2025-05-18,7.1,8.900954,-1.8009542465209964
2025-05-09,2025-05-19,7.9,9.434156,-1.5341564178466793
2025-05-09,2025-05-20,7.4,8.157277,-0.7572771072387692
2025-05-09,2025-05-21,8.6,7.8894954,0.7105046272277828
2025-05-09,2025-05-22,6.7,8.318088,-1.618087577819824
2025-05-09,2025-05-23,8.5,7.4209886,1.0790114402770996
2025-05-10,2025-05-11,9.9,9.258539,0.6414608001708988
2025-05-10,2025-05-12,10.100000000000001,10.307795,-0.20779457092285014
2025-05-10,2025-05-13,9.3,9.752157,-0.4521572113037102
2025-05-10,2025-05-14,7.7,9.66604,-1.9660404205322264
2025-05-10,2025-05-15,5.699999999999999,9.23147,-3.5314701080322273
2025-05-10,2025-05-16,7.0,9.5697365,-2.5697364807128906
2025-05-10,2025-05-17,5.9,10.087824,-4.187823867797851
2025-05-10,2025-05-18,7.1,9.329267,-2.2292665481567386
2025-05-10,2025-05-19,7.9,8.779508,-0.8795076370239254
2025-05-10,2025-05-20,7.4,9.443285,-2.04328498840332
2025-05-10,2025-05-21,8.6,8.111671,0.4883285522460934
2025-05-10,2025-05-22,6.7,7.581716,-0.8817160606384276
2025-05-10,2025-05-23,8.5,8.025622,0.4743776321411133
2025-05-10,2025-05-24,6.7,7.216842,-0.5168421745300291
2025-05-11,2025-05-12,10.100000000000001,9.287885,0.8121152877807631
2025-05-11,2025-05-13,9.3,10.522539,-1.2225391387939446
2025-05-11,2025-05-14,7.7,10.184775,-2.484775352478027
2025-05-11,2025-05-15,5.699999999999999,9.76821,-4.068210411071778
2025-05-11,2025-05-16,7.0,8.8873415,-1.8873414993286133
2025-05-11,2025-05-17,5.9,9.287167,-3.387166595458984
2025-05-11,2025-05-18,7.1,10.002457,-2.902456665039063
2025-05-11,2025-05-19,7.9,8.911253,-1.0112529754638668
2025-05-11,2025-05-20,7.4,8.621965,-1.221965408325195
2025-05-11,2025-05-21,8.6,9.312025,-0.71202507019043
2025-05-11,2025-05-22,6.7,8.025386,-1.3253858566284178
2025-05-11,2025-05-23,8.5,7.1566815,1.3433184623718262
2025-05-11,2025-05-24,6.7,7.7334566,-1.0334566116333006
2025-05-11,2025-05-25,5.0,6.97118,-1.9711799621582031
2025-05-12,2025-05-13,9.3,9.500797,-0.20079727172851491
2025-05-12,2025-05-14,7.7,10.411921,-2.7119205474853514
2025-05-12,2025-05-15,5.699999999999999,10.037809,-4.337809371948243
2025-05-12,2025-05-16,7.0,9.607963,-2.6079626083374023
2025-05-12,2025-05-17,5.9,8.7916975,-2.89169750213623
2025-05-12,2025-05-18,7.1,9.11309,-2.0130895614624027
2025-05-12,2025-05-19,7.9,9.799601,-1.8996006011962887
2025-05-12,2025-05-20,7.4,8.711248,-1.311248397827148
2025-05-12,2025-05-21,8.6,8.232425,0.3675752639770504
2025-05-12,2025-05-22,6.7,8.88081,-2.1808097839355467
2025-05-12,2025-05-23,8.5,7.6856513,0.8143486976623535
2025-05-12,2025-05-24,6.7,6.85527,-0.15526990890502912
2025-05-12,2025-05-25,5.0,7.5628576,-2.5628576278686523
2025-05-12,2025-05-26,5.2,6.832535,-1.6325347900390623
2025-05-13,2025-05-14,7.7,9.747459,-2.0474594116210936
2025-05-13,2025-05-15,5.699999999999999,10.271065,-4.571064758300782
2025-05-13,2025-05-16,7.0,9.798068,-2.798068046569824
2025-05-13,2025-05-17,5.9,9.43245,-3.5324502944946286
2025-05-13,2025-05-18,7.1,8.745794,-1.6457942962646488
2025-05-13,2025-05-19,7.9,8.996295,-1.0962949752807614
2025-05-13,2025-05-20,7.4,9.617133,-2.2171331405639645
2025-05-13,2025-05-21,8.6,8.662998,-0.06299819946289098
2025-05-13,2025-05-22,6.7,7.872653,-1.172653007507324
2025-05-13,2025-05-23,8.5,8.476103,0.023897171020507812
2025-05-13,2025-05-24,6.7,7.411207,-0.7112071990966795
2025-05-13,2025-05-25,5.0,6.693889,-1.6938891410827637
2025-05-13,2025-05-26,5.2,7.546249,-2.346248912811279
2025-05-13,2025-05-27,4.7,6.8310995,-2.131099510192871
2025-05-14,2025-05-15,5.699999999999999,9.819599,-4.119599151611329
2025-05-14,2025-05-16,7.0,10.057999,-3.0579986572265625
2025-05-14,2025-05-17,5.9,9.47177,-3.5717702865600582
2025-05-14,2025-05-18,7.1,9.221137,-2.121137046813965
2025-05-14,2025-05-19,7.9,8.677396,-0.7773958206176754
2025-05-14,2025-05-20,7.4,8.836217,-1.4362169265747067
2025-05-14,2025-05-21,8.6,9.422278,-0.8222784042358402
2025-05-14,2025-05-22,6.7,8.607792,-1.9077919006347654
2025-05-14,2025-05-23,8.5,7.5598736,0.9401264190673828
2025-05-14,2025-05-24,6.7,8.216337,-1.516337203979492
2025-05-14,2025-05-25,5.0,7.199158,-2.199158191680908
2025-05-14,2025-05-26,5.2,6.697127,-1.4971268653869627
2025-05-14,2025-05-27,4.7,7.5796804,-2.8796804428100584
2025-05-14,2025-05-28,5.5,6.912213,-1.41221284866333
2025-05-15,2025-05-16,7.0,9.485287,-2.4852867126464844
2025-05-15,2025-05-17,5.9,9.687257,-3.787256813049316
2025-05-15,2025-05-18,7.1,8.950342,-1.850342178344727
2025-05-15,2025-05-19,7.9,8.794825,-0.8948246002197262
2025-05-15,2025-05-20,7.4,8.362885,-0.962885475158691
2025-05-15,2025-05-21,8.6,8.411488,0.18851242065429652
2025-05-15,2025-05-22,6.7,9.059983,-2.3599832534790037
2025-05-15,2025-05-23,8.5,8.374585,0.12541484832763672
2025-05-15,2025-05-24,6.7,7.171386,-0.4713857650756834
2025-05-15,2025-05-25,5.0,8.064907,-3.0649070739746094
2025-05-15,2025-05-26,5.2,7.016104,-1.816104221343994
2025-05-15,2025-05-27,4.7,6.738499,-2.0384991645812987
2025-05-15,2025-05-28,5.5,7.544726,-2.0447258949279785
2025-05-15,2025-05-29,6.8,6.9595876,-0.15958757400512713
2025-05-16,2025-05-17,5.9,9.028877,-3.128877258300781
2025-05-16,2025-05-18,7.1,9.354672,-2.254672431945801
2025-05-16,2025-05-19,7.9,8.536045,-0.6360450744628903
2025-05-16,2025-05-20,7.4,8.348903,-0.9489027023315426
2025-05-16,2025-05-21,8.6,7.95424,0.6457601547241207
2025-05-16,2025-05-22,6.7,7.9328127,-1.232812690734863
2025-05-16,2025-05-23,8.5,8.690703,-0.1907033920288086
2025-05-16,2025-05-24,6.7,8.089164,-1.3891637802124022
2025-05-16,2025-05-25,5.0,6.777064,-1.7770638465881348
2025-05-16,2025-05-26,5.2,8.041814,-2.841813850402832
2025-05-16,2025-05-27,4.7,6.89114,-2.191139984130859
2025-05-16,2025-05-28,5.5,6.7096257,-1.2096257209777832
2025-05-16,2025-05-29,6.8,7.546798,-0.7467982292175295
2025-05-16,2025-05-30,7.2,7.045693,0.15430707931518572
2025-05-17,2025-05-18,7.1,8.643456,-1.5434564590454105
2025-05-17,2025-05-19,7.9,9.156377,-1.2563768386840817
2025-05-17,2025-05-20,7.4,8.48838,-1.088380432128906
2025-05-17,2025-05-21,8.6,8.121447,0.47855339050292933
2025-05-17,2025-05-22,6.7,7.5380573,-0.8380573272705076
2025-05-17,2025-05-23,8.5,7.4843516,1.015648365020752
2025-05-17,2025-05-24,6.7,8.55712,-1.8571203231811522
2025-05-17,2025-05-25,5.0,7.805188,-2.8051881790161133
2025-05-17,2025-05-26,5.2,6.768494,-1.568494129180908
2025-05-17,2025-05-27,4.7,8.16531,-3.465309906005859
2025-05-17,2025-05-28,5.5,6.9588737,-1.4588737487792969
2025-05-17,2025-05-29,6.8,6.6124196,0.18758039474487287
2025-05-17,2025-05-30,7.2,7.4208436,-0.22084360122680646
2025-05-17,2025-05-31,6.7,7.0293574,-0.3293574333190916
2025-05-18,2025-05-19,7.9,8.301343,-0.4013429641723629
2025-05-18,2025-05-20,7.4,8.991081,-1.5910812377929684
2025-05-18,2025-05-21,8.6,8.545023,0.05497703552246058
2025-05-18,2025-05-22,6.7,7.9834404,-1.2834403991699217
2025-05-18,2025-05-23,8.5,7.150957,1.3490428924560547
2025-05-18,2025-05-24,6.7,7.12912,-0.4291198730468748
2025-05-18,2025-05-25,5.0,8.543084,-3.543084144592285
2025-05-18,2025-05-26,5.2,7.512545,-2.312545108795166
2025-05-18,2025-05-27,4.7,6.9119005,-2.211900520324707
2025-05-18,2025-05-28,5.5,8.275378,-2.7753782272338867
2025-05-18,2025-05-29,6.8,7.126008,-0.3260080337524416
2025-05-18,2025-05-30,7.2,6.4827914,0.7172085762023928
2025-05-18,2025-05-31,6.7,7.366838,-0.6668379783630369
2025-05-18,2025-06-01,5.6,7.0101523,-1.410152339935303
2025-05-19,2025-05-20,7.4,8.264112,-0.8641124725341793
2025-05-19,2025-05-21,8.6,8.737416,-0.1374162673950199
2025-05-19,2025-05-22,6.7,8.286055,-1.5860546112060545
2025-05-19,2025-05-23,8.5,7.743114,0.7568860054016113
2025-05-19,2025-05-24,6.7,7.091659,-0.3916590690612791
2025-05-19,2025-05-25,5.0,7.052233,-2.0522332191467285
2025-05-19,2025-05-26,5.2,8.473236,-3.273236083984375
2025-05-19,2025-05-27,4.7,7.568772,-2.8687718391418455
2025-05-19,2025-05-28,5.5,6.9422746,-1.442274570465088
2025-05-19,2025-05-29,6.8,8.220755,-1.4207546234130861
2025-05-19,2025-05-30,7.2,7.144481,0.055518817901611506
2025-05-19,2025-05-31,6.7,6.545808,0.15419216156005877
2025-05-19,2025-06-01,5.6,7.6175003,-2.0175003051757816
2025-05-19,2025-06-02,5.6,7.2190127,-1.6190127372741703
2025-05-20,2025-05-21,8.6,8.366668,0.23333225250244105
2025-05-20,2025-05-22,6.7,8.528678,-1.8286779403686522
2025-05-20,2025-05-23,8.5,8.023111,0.47688865661621094
2025-05-20,2025-05-24,6.7,7.6394677,-0.9394677162170408
2025-05-20,2025-05-25,5.0,7.2655816,-2.2655816078186035
2025-05-20,2025-05-26,5.2,7.1883564,-1.9883563995361326
2025-05-20,2025-05-27,4.7,8.52737,-3.827370452880859
2025-05-20,2025-05-28,5.5,7.8525863,-2.352586269378662
2025-05-20,2025-05-29,6.8,7.0770183,-0.2770182609558107
2025-05-20,2025-05-30,7.2,8.229468,-1.0294683456420897
2025-05-20,2025-05-31,6.7,7.2172523,-0.5172522544860838
2025-05-20,2025-06-01,5.6,6.776439,-1.176439189910889
2025-05-20,2025-06-02,5.6,7.95117,-2.3511699676513675
2025-05-20,2025-06-03,5.4,7.523187,-2.123187160491943
2025-05-21,2025-05-22,6.7,8.334447,-1.6344469070434569
2025-05-21,2025-05-23,8.5,8.304914,0.1950855255126953
2025-05-21,2025-05-24,6.7,7.713032,-1.013031768798828
2025-05-21,2025-05-25,5.0,7.56471,-2.5647101402282715
2025-05-21,2025-05-26,5.2,7.5615106,-2.3615105628967283
2025-05-21,2025-05-27,4.7,7.421703,-2.7217028617858885
2025-05-21,2025-05-28,5.5,8.621141,-3.1211414337158203
2025-05-21,2025-05-29,6.8,8.255127,-1.4551269531250002
2025-05-21,2025-05-30,7.2,7.350072,-0.15007190704345685
2025-05-21,2025-05-31,6.7,8.501611,-1.80161075592041
2025-05-21,2025-06-01,5.6,7.4789467,-1.878946685791016
2025-05-21,2025-06-02,5.6,7.161655,-1.5616549491882328
2025-05-21,2025-06-03,5.4,8.431262,-3.0312620162963864
2025-05-21,2025-06-04,7.0,7.936437,-0.9364371299743652
2025-05-22,2025-05-23,8.5,8.283039,0.21696090698242188
2025-05-22,2025-05-24,6.7,8.2554,-1.555399703979492
2025-05-22,2025-05-25,5.0,7.574923,-2.574923038482666
2025-05-22,2025-05-26,5.2,7.5649185,-2.364918518066406
2025-05-22,2025-05-27,4.7,7.8241963,-3.1241963386535643
2025-05-22,2025-05-28,5.5,7.6246195,-2.124619483947754
2025-05-22,2025-05-29,6.8,8.704869,-1.9048692703247072
2025-05-22,2025-05-30,7.2,8.517075,-1.3170745849609373
2025-05-22,2025-05-31,6.7,7.544517,-0.8445170402526854
2025-05-22,2025-06-01,5.6,8.770843,-3.170842552185059
2025-05-22,2025-06-02,5.6,7.7176085,-2.117608451843262
2025-05-22,2025-06-03,5.4,7.589372,-2.1893721580505368
2025-05-22,2025-06-04,7.0,8.719308,-1.7193078994750977
2025-05-22,2025-06-05,6.0,8.250838,-2.250838279724121
2025-05-23,2025-05-24,6.7,7.966331,-1.2663310050964354
2025-05-23,2025-05-25,5.0,8.111797,-3.111797332763672
2025-05-23,2025-05-26,5.2,7.4289618,-2.2289617538452147
2025-05-23,2025-05-27,4.7,7.551063,-2.851063060760498
2025-05-23,2025-05-28,5.5,7.9420667,-2.4420666694641113
2025-05-23,2025-05-29,6.8,7.7347345,-0.9347345352172853
2025-05-23,2025-05-30,7.2,8.730976,-1.530976104736328
2025-05-23,2025-05-31,6.7,8.562601,-1.8626010894775389
2025-05-23,2025-06-01,5.6,7.6146927,-2.0146926879882816
2025-05-23,2025-06-02,5.6,9.0039,-3.4038995742797855
2025-05-23,2025-06-03,5.4,7.9007297,-2.500729656219482
2025-05-23,2025-06-04,7.0,7.7577577,-0.7577576637268066
2025-05-23,2025-06-05,6.0,8.751281,-2.7512807846069336
2025-05-23,2025-06-06,5.0,8.33413,-3.33413028717041
2025-05-24,2025-05-25,5.0,7.3817477,-2.3817477226257324
2025-05-24,2025-05-26,5.2,7.889775,-2.6897747993469237
2025-05-24,2025-05-27,4.7,7.293536,-2.5935361862182615
2025-05-24,2025-05-28,5.5,7.3737335,-1.8737335205078125
2025-05-24,2025-05-29,6.8,7.673522,-0.8735219955444338
2025-05-24,2025-05-30,7.2,7.4840794,-0.2840793609619139
2025-05-24,2025-05-31,6.7,8.643253,-1.9432533264160154
2025-05-24,2025-06-01,5.6,8.398916,-2.7989162445068363
2025-05-24,2025-06-02,5.6,7.82748,-2.2274798393249515
2025-05-24,2025-06-03,5.4,9.196976,-3.796975708007812
2025-05-24,2025-06-04,7.0,8.19566,-1.1956596374511719
2025-05-24,2025-06-05,6.0,7.7465,-1.746500015258789
2025-05-24,2025-06-06,5.0,8.635021,-3.635021209716797
2025-05-24,2025-06-07,4.3,8.246396,-3.946396064758301
2025-05-25,2025-05-26,5.2,6.746586,-1.5465858459472654
2025-05-25,2025-05-27,4.7,7.6512895,-2.9512894630432127
2025-05-25,2025-05-28,5.5,7.2543197,-1.754319667816162
2025-05-25,2025-05-29,6.8,7.296508,-0.49650783538818377
2025-05-25,2025-05-30,7.2,7.3253183,-0.12531833648681623
2025-05-25,2025-05-31,6.7,7.215027,-0.5150268554687498
2025-05-25,2025-06-01,5.6,8.586694,-2.9866937637329105
2025-05-25,2025-06-02,5.6,8.122947,-2.5229467391967777
2025-05-25,2025-06-03,5.4,8.122823,-2.722822761535644
2025-05-25,2025-06-04,7.0,9.208228,-2.20822811126709
2025-05-25,2025-06-05,6.0,8.4087,-2.4086999893188477
2025-05-25,2025-06-06,5.0,7.655926,-2.65592622756958
2025-05-25,2025-06-07,4.3,8.47876,-4.178759765625
2025-05-25,2025-06-08,5.6,7.9625535,-2.3625535011291507
2025-05-26,2025-05-27,4.7,6.4111495,-1.711149501800537
2025-05-26,2025-05-28,5.5,7.302098,-1.8020977973937988
2025-05-26,2025-05-29,6.8,6.9214454,-0.12144536972045916
2025-05-26,2025-05-30,7.2,7.113415,0.0865852355957033
2025-05-26,2025-05-31,6.7,7.2831335,-0.5831335067749022
2025-05-26,2025-06-01,5.6,7.1554327,-1.5554327011108402
2025-05-26,2025-06-02,5.6,8.547656,-2.947656059265137
2025-05-26,2025-06-03,5.4,8.124364,-2.7243638992309567
2025-05-26,2025-06-04,7.0,8.15524,-1.1552400588989258
2025-05-26,2025-06-05,6.0,9.078293,-3.0782928466796875
2025-05-26,2025-06-06,5.0,8.390853,-3.390852928161621
2025-05-26,2025-06-07,4.3,7.6958227,-3.3958227157592775
2025-05-26,2025-06-08,5.6,8.554841,-2.9548410415649418
2025-05-26,2025-06-09,17.7,7.863397,9.836602878570556
2025-05-27,2025-05-28,5.5,6.0956564,-0.5956563949584961
2025-05-27,2025-05-29,6.8,6.9190164,-0.11901636123657244
2025-05-27,2025-05-30,7.2,6.4291267,0.770873260498047
2025-05-27,2025-05-31,6.7,6.88343,-0.18343000411987287
2025-05-27,2025-06-01,5.6,7.339109,-1.7391089439392093
2025-05-27,2025-06-02,5.6,7.145118,-1.5451182365417484
2025-05-27,2025-06-03,5.4,8.548177,-3.148176765441894
2025-05-27,2025-06-04,7.0,8.28159,-1.281590461730957
2025-05-27,2025-06-05,6.0,8.175753,-2.175752639770508
2025-05-27,2025-06-06,5.0,9.034282,-4.0342817306518555
2025-05-27,2025-06-07,4.3,8.414126,-4.114126396179199
2025-05-27,2025-06-08,5.6,7.811479,-2.2114790916442875
2025-05-27,2025-06-09,17.7,8.7773485,8.922651481628417
2025-05-27,2025-06-10,6.2,7.8895626,-1.6895626068115233
2025-05-28,2025-05-29,6.8,5.8599586,0.9400413513183592
2025-05-28,2025-05-30,7.2,6.6314034,0.5685965538024904
2025-05-28,2025-05-31,6.7,6.028801,0.6711990356445314
2025-05-28,2025-06-01,5.6,6.742392,-1.1423920631408695
2025-05-28,2025-06-02,5.6,7.423564,-1.8235639572143558
2025-05-28,2025-06-03,5.4,7.194563,-1.7945629119873043
2025-05-28,2025-06-04,7.0,8.519516,-1.5195159912109375
2025-05-28,2025-06-05,6.0,8.441831,-2.441830635070801
2025-05-28,2025-06-06,5.0,8.194698,-3.1946983337402344
2025-05-28,2025-06-07,4.3,8.989878,-4.689877700805664
2025-05-28,2025-06-08,5.6,8.417911,-2.8179105758666996
2025-05-28,2025-06-09,17.7,8.012795,9.687204551696777
2025-05-28,2025-06-10,6.2,8.964954,-2.764954376220703
2025-05-28,2025-06-11,8.8,7.9535375,0.846462535858155
2025-05-29,2025-05-30,7.2,5.624618,1.5753819465637209
2025-05-29,2025-05-31,6.7,6.3688784,0.3311216354370119
2025-05-29,2025-06-01,5.6,5.703047,-0.10304679870605504
2025-05-29,2025-06-02,5.6,6.6148944,-1.0148943901062015
2025-05-29,2025-06-03,5.4,7.417523,-2.0175229072570797
2025-05-29,2025-06-04,7.0,7.1402698,-0.14026975631713867
2025-05-29,2025-06-05,6.0,8.381565,-2.3815650939941406
2025-05-29,2025-06-06,5.0,8.471224,-3.471223831176758
2025-05-29,2025-06-07,4.3,8.0794735,-3.7794734954833986
2025-05-29,2025-06-08,5.6,8.978401,-3.3784011840820316
2025-05-29,2025-06-09,17.7,8.382816,9.317183685302734
2025-05-29,2025-06-10,6.2,8.146304,-1.946304130554199
2025-05-29,2025-06-11,8.8,9.029363,-0.22936267852783132
2025-05-29,2025-06-12,12.0,8.003592,3.996408462524414
2025-05-30,2025-05-31,6.7,5.3737783,1.3262216567993166
2025-05-30,2025-06-01,5.6,6.199001,-0.5990008354187015
2025-05-30,2025-06-02,5.6,5.5101323,0.08986768722534144
2025-05-30,2025-06-03,5.4,6.4605274,-1.060527420043945
2025-05-30,2025-06-04,7.0,7.2947035,-0.29470348358154297
2025-05-30,2025-06-05,6.0,6.9937515,-0.9937515258789062
2025-05-30,2025-06-06,5.0,8.148078,-3.148077964782715
2025-05-30,2025-06-07,4.3,8.380279,-4.080278587341309
2025-05-30,2025-06-08,5.6,7.8574986,-2.257498645782471
2025-05-30,2025-06-09,17.7,8.962128,8.737872314453124
2025-05-30,2025-06-10,6.2,8.328426,-2.128426361083984
2025-05-30,2025-06-11,8.8,8.121056,0.678944396972657
2025-05-30,2025-06-12,12.0,9.031512,2.9684877395629883
2025-05-30,2025-06-13,9.9,8.011099,1.8889011383056644
2025-05-31,2025-06-01,5.6,5.1367655,0.46323451995849574
2025-05-31,2025-06-02,5.6,6.1038175,-0.5038174629211429
2025-05-31,2025-06-03,5.4,5.6103644,-0.21036443710327113
2025-05-31,2025-06-04,7.0,6.3665223,0.6334776878356934
2025-05-31,2025-06-05,6.0,6.9853883,-0.9853882789611816
2025-05-31,2025-06-06,5.0,6.708365,-1.7083649635314941
2025-05-31,2025-06-07,4.3,7.948127,-3.648126792907715
2025-05-31,2025-06-08,5.6,8.155531,-2.55553092956543
2025-05-31,2025-06-09,17.7,7.843477,9.85652322769165
2025-05-31,2025-06-10,6.2,8.958015,-2.758015441894531
2025-05-31,2025-06-11,8.8,8.35434,0.4456604003906257
2025-05-31,2025-06-12,12.0,7.9605155,4.03948450088501
2025-05-31,2025-06-13,9.9,8.848319,1.051680946350098
2025-05-31,2025-06-14,7.6,7.9585166,-0.3585165977478031
2025-06-01,2025-06-02,5.6,5.1029067,0.49709329605102504
2025-06-01,2025-06-03,5.4,6.2186637,-0.8186636924743649
2025-06-01,2025-06-04,7.0,6.087004,0.9129958152770996
2025-06-01,2025-06-05,6.0,6.6536393,-0.6536393165588379
2025-06-01,2025-06-06,5.0,6.896878,-1.8968777656555176
2025-06-01,2025-06-07,4.3,6.7181926,-2.4181925773620607
2025-06-01,2025-06-08,5.6,7.975024,-2.375024223327637
2025-06-01,2025-06-09,17.7,7.8656073,9.834392738342284
2025-06-01,2025-06-10,6.2,8.021524,-1.8215244293212889
2025-06-01,2025-06-11,8.8,8.863968,-0.06396789550781179
2025-06-01,2025-06-12,12.0,8.341347,3.6586532592773438
2025-06-01,2025-06-13,9.9,7.6289735,2.2710265159606937
2025-06-01,2025-06-14,7.6,8.472032,-0.8720315933227543
2025-06-01,2025-06-15,6.6,7.5977707,-0.9977706909179691
2025-06-02,2025-06-03,5.4,5.5277715,-0.12777147293090785
2025-06-02,2025-06-04,7.0,6.367686,0.6323142051696777
2025-06-02,2025-06-05,6.0,6.419249,-0.4192490577697754
2025-06-02,2025-06-06,5.0,7.0170126,-2.017012596130371
2025-06-02,2025-06-07,4.3,7.1986055,-2.898605537414551
2025-06-02,2025-06-08,5.6,7.0764775,-1.4764775276184086
2025-06-02,2025-06-09,17.7,8.109948,9.59005184173584
2025-06-02,2025-06-10,6.2,7.933915,-1.7339151382446287
2025-06-02,2025-06-11,8.8,8.010224,0.7897756576538093
2025-06-02,2025-06-12,12.0,8.668682,3.331317901611328
2025-06-02,2025-06-13,9.9,8.139418,1.7605823516845707
2025-06-02,2025-06-14,7.6,7.4073734,0.19262657165527308
2025-06-02,2025-06-15,6.6,8.298777,-1.6987766265869144
2025-06-02,2025-06-16,7.3,7.41801,-0.11801023483276385
2025-06-03,2025-06-04,7.0,5.904594,1.0954060554504395
2025-06-03,2025-06-05,6.0,6.488742,-0.4887418746948242
2025-06-03,2025-06-06,5.0,6.4902763,-1.4902763366699219
2025-06-03,2025-06-07,4.3,7.2158875,-2.915887546539307
2025-06-03,2025-06-08,5.6,7.4393606,-1.839360618591309
2025-06-03,2025-06-09,17.7,7.3328853,10.367114734649657
2025-06-03,2025-06-10,6.2,8.182127,-1.982126998901367
2025-06-03,2025-06-11,8.8,8.024582,0.7754180908203132
2025-06-03,2025-06-12,12.0,7.8719707,4.1280293464660645
2025-06-03,2025-06-13,9.9,8.406119,1.493880653381348
2025-06-03,2025-06-14,7.6,7.910407,-0.3104070663452152
2025-06-03,2025-06-15,6.6,7.2436213,-0.6436213493347172
2025-06-03,2025-06-16,7.3,8.132211,-0.8322107315063478
2025-06-03,2025-06-17,7.5,7.240701,0.25929880142211914
2025-06-04,2025-06-05,6.0,6.1777024,-0.1777024269104004
2025-06-04,2025-06-06,5.0,6.628465,-1.628465175628662
2025-06-04,2025-06-07,4.3,6.4914994,-2.191499423980713
2025-06-04,2025-06-08,5.6,7.364266,-1.7642659187316898
2025-06-04,2025-06-09,17.7,7.6223083,10.077691745758056
2025-06-04,2025-06-10,6.2,7.49487,-1.2948701858520506
2025-06-04,2025-06-11,8.8,8.183249,0.6167505264282234
2025-06-04,2025-06-12,12.0,8.035227,3.964773178100586
2025-06-04,2025-06-13,9.9,7.6776147,2.2223853111267093
2025-06-04,2025-06-14,7.6,8.153556,-0.5535558700561527
2025-06-04,2025-06-15,6.6,7.6623664,-1.0623663902282718
2025-06-04,2025-06-16,7.3,7.1819453,0.11805467605590803
2025-06-04,2025-06-17,7.5,7.993477,-0.49347686767578125
2025-06-04,2025-06-18,8.4,7.1179476,1.2820524215698246
2025-06-05,2025-06-06,5.0,6.241343,-1.2413430213928223
2025-06-05,2025-06-07,4.3,6.6793146,-2.3793146133422853
2025-06-05,2025-06-08,5.6,6.3496213,-0.7496212959289554
2025-06-05,2025-06-09,17.7,7.3085475,10.391452503204345
2025-06-05,2025-06-10,6.2,7.614174,-1.414173889160156
2025-06-05,2025-06-11,8.8,7.4071913,1.3928087234497077
2025-06-05,2025-06-12,12.0,7.9733624,4.026637554168701
2025-06-05,2025-06-13,9.9,7.848941,2.051059150695801
2025-06-05,2025-06-14,7.6,7.300844,0.29915580749511683
2025-06-05,2025-06-15,6.6,7.929599,-1.3295988082885746
2025-06-05,2025-06-16,7.3,7.4332576,-0.13325757980346697
2025-06-05,2025-06-17,7.5,7.1100016,0.3899984359741211
2025-06-05,2025-06-18,8.4,7.865881,0.5341190338134769
2025-06-05,2025-06-19,13.3,7.046294,6.253705787658692
2025-06-06,2025-06-07,4.3,6.1457872,-1.8457872390747072
2025-06-06,2025-06-08,5.6,6.7375565,-1.1375564575195316
2025-06-06,2025-06-09,17.7,6.2883205,11.411679458618163
2025-06-06,2025-06-10,6.2,7.2637143,-1.06371431350708
2025-06-06,2025-06-11,8.8,7.458451,1.34154920578003
2025-06-06,2025-06-12,12.0,7.202467,4.79753303527832
2025-06-06,2025-06-13,9.9,7.705021,2.1949790954589847
2025-06-06,2025-06-14,7.6,7.5293093,0.07069072723388636
2025-06-06,2025-06-15,6.6,6.872456,-0.2724560737609867
2025-06-06,2025-06-16,7.3,7.6895704,-0.38957042694091815
2025-06-06,2025-06-17,7.5,7.1355762,0.3644237518310547
2025-06-06,2025-06-18,8.4,6.8936877,1.5063122749328617
2025-06-06,2025-06-19,13.3,7.6440973,5.6559026718139656
2025-06-06,2025-06-20,13.499999999999998,6.8670955,6.632904529571531
2025-06-07,2025-06-08,5.6,5.918675,-0.3186749458312992
2025-06-07,2025-06-09,17.7,6.7956977,10.904302310943603
2025-06-07,2025-06-10,6.2,6.3535514,-0.15355138778686506
2025-06-07,2025-06-11,8.8,7.1549997,1.6450002670288093
2025-06-07,2025-06-12,12.0,7.1447644,4.855235576629639
2025-06-07,2025-06-13,9.9,6.8307157,3.0692843437194828
2025-06-07,2025-06-14,7.6,7.514011,0.08598909378051722
2025-06-07,2025-06-15,6.6,7.1430845,-0.5430845260620121
2025-06-07,2025-06-16,7.3,6.697771,0.6022289276123045
2025-06-07,2025-06-17,7.5,7.606204,-0.10620403289794922
2025-06-07,2025-06-18,8.4,7.060153,1.3398469924926761
2025-06-07,2025-06-19,13.3,6.580255,6.719744968414307
2025-06-07,2025-06-20,13.499999999999998,7.392732,6.107267856597899
2025-06-07,2025-06-21,11.1,6.714744,4.385255908966064
2025-06-08,2025-06-09,17.7,5.784793,11.91520709991455
2025-06-08,2025-06-10,6.2,6.897888,-0.6978881835937498
2025-06-08,2025-06-11,8.8,6.633975,2.1660249710083015
2025-06-08,2025-06-12,12.0,7.2261124,4.773887634277344
2025-06-08,2025-06-13,9.9,6.8254714,3.0745285987854007
2025-06-08,2025-06-14,7.6,6.545258,1.0547419548034664
2025-06-08,2025-06-15,6.6,7.4805756,-0.8805755615234379
2025-06-08,2025-06-16,7.3,6.7389517,0.5610483169555662
2025-06-08,2025-06-17,7.5,6.7286687,0.7713313102722168
2025-06-08,2025-06-18,8.4,7.494489,0.9055108070373539
2025-06-08,2025-06-19,13.3,7.0365357,6.263464260101319
2025-06-08,2025-06-20,13.499999999999998,6.252537,7.247463226318358
2025-06-08,2025-06-21,11.1,7.110128,3.989872074127197
2025-06-08,2025-06-22,7.2,6.5158253,0.6841747283935549
2025-06-09,2025-06-10,6.2,6.124473,0.07552690505981463
2025-06-09,2025-06-11,8.8,6.9913,1.8086998939514167
2025-06-09,2025-06-12,12.0,6.61535,5.384650230407715
2025-06-09,2025-06-13,9.9,7.2659106,2.6340893745422367
2025-06-09,2025-06-14,7.6,6.8446493,0.7553506851196286
2025-06-09,2025-06-15,6.6,6.462992,0.13700780868530238
2025-06-09,2025-06-16,7.3,7.481971,-0.18197078704834002
2025-06-09,2025-06-17,7.5,6.688338,0.8116621971130371
2025-06-09,2025-06-18,8.4,6.6342444,1.7657555580139164
2025-06-09,2025-06-19,13.3,7.2548404,6.045159626007081
2025-06-09,2025-06-20,13.499999999999998,6.923488,6.576511859893797
2025-06-09,2025-06-21,11.1,6.193507,4.906492805480957
2025-06-09,2025-06-22,7.2,7.072262,0.1277381896972658
2025-06-09,2025-06-23,5.8,6.5663905,-0.7663905143737795
2025-06-10,2025-06-11,8.8,6.43138,2.368620204925538
2025-06-10,2025-06-12,12.0,7.012246,4.987753868103027
2025-06-10,2025-06-13,9.9,6.455967,3.4440330505371097
2025-06-10,2025-06-14,7.6,7.177252,0.4227481842041012
2025-06-10,2025-06-15,6.6,6.8807263,-0.2807263374328617
2025-06-10,2025-06-16,7.3,6.396389,0.9036109924316404
2025-06-10,2025-06-17,7.5,7.3731403,0.1268596649169922
2025-06-10,2025-06-18,8.4,6.7160144,1.6839856147766117
2025-06-10,2025-06-19,13.3,6.514721,6.785279083251954
2025-06-10,2025-06-20,13.499999999999998,6.960476,6.539524078369139
2025-06-10,2025-06-21,11.1,6.7565117,4.343488311767578
2025-06-10,2025-06-22,7.2,6.3320374,0.8679625511169435
2025-06-10,2025-06-23,5.8,7.140494,-1.3404938697814943
2025-06-10,2025-06-24,6.3,6.702641,-0.402641010284424
2025-06-11,2025-06-12,12.0,6.7185316,5.281468391418457
2025-06-11,2025-06-13,9.9,7.0614147,2.8385852813720707
2025-06-11,2025-06-14,7.6,6.2928524,1.3071475982666012
2025-06-11,2025-06-15,6.6,7.0983057,-0.498305702209473
2025-06-11,2025-06-16,7.3,6.9357185,0.3642814636230467
2025-06-11,2025-06-17,7.5,6.335347,1.1646528244018555
2025-06-11,2025-06-18,8.4,7.2142467,1.1857532501220707
2025-06-11,2025-06-19,13.3,6.7994065,6.5005934715271
2025-06-11,2025-06-20,13.499999999999998,6.406519,7.093481063842772
2025-06-11,2025-06-21,11.1,6.8416996,4.258300399780273
2025-06-11,2025-06-22,7.2,6.7313223,0.4686777114868166
2025-06-11,2025-06-23,5.8,6.6397004,-0.8397004127502443
2025-06-11,2025-06-24,6.3,7.3648615,-1.0648614883422853
2025-06-11,2025-06-25,6.2,7.0450773,-0.845077323913574
2025-06-12,2025-06-13,9.9,6.931363,2.9686368942260746
2025-06-12,2025-06-14,7.6,7.0666623,0.5333376884460446
2025-06-12,2025-06-15,6.6,6.1731334,0.4268666267395016
2025-06-12,2025-06-16,7.3,7.0416117,0.2583883285522459
2025-06-12,2025-06-17,7.5,6.9540796,0.5459203720092773
2025-06-12,2025-06-18,8.4,6.272983,2.127016925811768
2025-06-12,2025-06-19,13.3,6.9899898,6.310010242462159
2025-06-12,2025-06-20,13.499999999999998,6.80225,6.697750091552733
2025-06-12,2025-06-21,11.1,6.2278075,4.872192478179931
2025-06-12,2025-06-22,7.2,6.8082366,0.3917634010314943
2025-06-12,2025-06-23,5.8,6.6803675,-0.8803674697875978
2025-06-12,2025-06-24,6.3,6.816812,-0.516812038421631
2025-06-12,2025-06-25,6.2,7.5086703,-1.3086703300476072
2025-06-12,2025-06-26,5.9,7.2985272,-1.3985272407531735
2025-06-13,2025-06-14,7.6,7.086403,0.5135971069335934
2025-06-13,2025-06-15,6.6,7.132836,-0.5328358650207523
2025-06-13,2025-06-16,7.3,6.232497,1.0675027847290037
2025-06-13,2025-06-17,7.5,7.0224266,0.4775733947753906
2025-06-13,2025-06-18,8.4,6.951633,1.448367023468018
2025-06-13,2025-06-19,13.3,6.2124543,7.087545680999757
2025-06-13,2025-06-20,13.499999999999998,6.763811,6.736188888549803
2025-06-13,2025-06-21,11.1,6.74056,4.359439945220947
2025-06-13,2025-06-22,7.2,5.9839554,1.216044616699219
2025-06-13,2025-06-23,5.8,6.851027,-1.051027011871338
2025-06-13,2025-06-24,6.3,6.6163344,-0.3163344383239748
2025-06-13,2025-06-25,6.2,6.771343,-0.5713432312011717
2025-06-13,2025-06-26,5.9,7.5765085,-1.676508522033691
2025-06-13,2025-06-27,6.0,7.444689,-1.4446887969970703
2025-06-14,2025-06-15,6.6,6.9440126,-0.34401264190673864
2025-06-14,2025-06-16,7.3,7.101115,0.19888477325439435
2025-06-14,2025-06-17,7.5,6.388679,1.111320972442627
2025-06-14,2025-06-18,8.4,6.9742618,1.4257382392883304
2025-06-14,2025-06-19,13.3,6.6441717,6.655828285217286
2025-06-14,2025-06-20,13.499999999999998,5.874766,7.625234127044676
2025-06-14,2025-06-21,11.1,6.5572457,4.54275426864624
2025-06-14,2025-06-22,7.2,6.4479675,0.7520324707031252
2025-06-14,2025-06-23,5.8,5.9368935,-0.1368934631347658
2025-06-14,2025-06-24,6.3,6.900301,-0.600300979614258
2025-06-14,2025-06-25,6.2,6.598005,-0.3980048179626463
2025-06-14,2025-06-26,5.9,6.5128584,-0.6128583908081051
2025-06-14,2025-06-27,6.0,7.370543,-1.3705430030822754
2025-06-14,2025-06-28,4.8,7.344306,-2.544305992126465
2025-06-15,2025-06-16,7.3,6.709843,0.590156841278076
2025-06-15,2025-06-17,7.5,7.0501947,0.44980525970458984
2025-06-15,2025-06-18,8.4,6.677771,1.7222289085388187
2025-06-15,2025-06-19,13.3,6.9933577,6.30664234161377
2025-06-15,2025-06-20,13.499999999999998,6.3107824,7.189217567443846
2025-06-15,2025-06-21,11.1,5.6279783,5.472021675109863
2025-06-15,2025-06-22,7.2,6.5638647,0.6361352920532228
2025-06-15,2025-06-23,5.8,6.1352534,-0.335253429412842
2025-06-15,2025-06-24,6.3,6.1122274,0.18777256011962873
2025-06-15,2025-06-25,6.2,6.978725,-0.778724956512451
2025-06-15,2025-06-26,5.9,6.659322,-0.7593217849731442
2025-06-15,2025-06-27,6.0,6.2224603,-0.22246026992797852
2025-06-15,2025-06-28,4.8,7.191485,-2.3914849281311037
2025-06-15,2025-06-29,5.8,7.1775274,-1.37752742767334
2025-06-16,2025-06-17,7.5,6.783465,0.7165350914001465
2025-06-16,2025-06-18,8.4,6.878829,1.5211709976196293
2025-06-16,2025-06-19,13.3,6.605901,6.694099235534669
2025-06-16,2025-06-20,13.499999999999998,6.9389715,6.561028480529783
2025-06-16,2025-06-21,11.1,6.363098,4.73690185546875
2025-06-16,2025-06-22,7.2,5.7746053,1.4253947257995607
2025-06-16,2025-06-23,5.8,6.6867414,-0.886741352081299
2025-06-16,2025-06-24,6.3,6.2703424,0.029657649993896307
2025-06-16,2025-06-25,6.2,6.2383156,-0.03831558227539045
2025-06-16,2025-06-26,5.9,6.9976215,-1.0976215362548825
2025-06-16,2025-06-27,6.0,6.6435137,-0.6435136795043945
2025-06-16,2025-06-28,4.8,6.161564,-1.3615638732910158
2025-06-16,2025-06-29,5.8,7.361799,-1.5617987632751467
2025-06-16,2025-06-30,8.5,7.275339,1.224660873413086
2025-06-17,2025-06-18,8.4,6.883267,1.5167330741882328
2025-06-17,2025-06-19,13.3,6.720104,6.579895782470704
2025-06-17,2025-06-20,13.499999999999998,6.453192,7.046807765960692
2025-06-17,2025-06-21,11.1,6.91129,4.188709831237793
2025-06-17,2025-06-22,7.2,6.5216527,0.6783473014831545
2025-06-17,2025-06-23,5.8,6.0341372,-0.2341372489929201
2025-06-17,2025-06-24,6.3,6.8088984,-0.508898448944092
2025-06-17,2025-06-25,6.2,6.5507708,-0.35077075958251935
2025-06-17,2025-06-26,5.9,6.3698697,-0.4698697090148922
2025-06-17,2025-06-27,6.0,6.9976354,-0.9976353645324707
2025-06-17,2025-06-28,4.8,6.6616025,-1.8616024971008303
2025-06-17,2025-06-29,5.8,6.2528243,-0.4528243064880373
2025-06-17,2025-06-30,8.5,7.5779157,0.9220843315124512
2025-06-17,2025-07-01,9.9,7.418836,2.481163883209229
2025-06-18,2025-06-19,13.3,6.9559546,6.344045448303223
2025-06-18,2025-06-20,13.499999999999998,6.617557,6.882442951202391
2025-06-18,2025-06-21,11.1,6.3018537,4.798146343231201
2025-06-18,2025-06-22,7.2,6.940101,0.25989885330200213
2025-06-18,2025-06-23,5.8,6.7703853,-0.970385265350342
2025-06-18,2025-06-24,6.3,6.367704,-0.06770391464233416
2025-06-18,2025-06-25,6.2,6.9335127,-0.7335126876831053
2025-06-18,2025-06-26,5.9,6.8462787,-0.9462786674499508
2025-06-18,2025-06-27,6.0,6.502943,-0.5029430389404297
2025-06-18,2025-06-28,4.8,7.0522304,-2.2522303581237795
2025-06-18,2025-06-29,5.8,6.7296195,-0.9296195030212404
2025-06-18,2025-06-30,8.5,6.4494534,2.050546646118164
2025-06-18,2025-07-01,9.9,7.789729,2.1102708816528324
2025-06-18,2025-07-02,4.7,7.5803747,-2.880374717712402
2025-06-19,2025-06-20,13.499999999999998,7.261896,6.238103866577147
2025-06-19,2025-06-21,11.1,6.8064895,4.29351053237915
2025-06-19,2025-06-22,7.2,6.364868,0.8351318359375002
2025-06-19,2025-06-23,5.8,7.1308928,-1.3308927536010744
2025-06-19,2025-06-24,6.3,7.147804,-0.8478037834167482
2025-06-19,2025-06-25,6.2,6.692289,-0.4922888755798338
2025-06-19,2025-06-26,5.9,7.060833,-1.1608329772949215
2025-06-19,2025-06-27,6.0,7.143391,-1.1433911323547363
2025-06-19,2025-06-28,4.8,6.57034,-1.770340156555176
2025-06-19,2025-06-29,5.8,7.191646,-1.3916460990905763
2025-06-19,2025-06-30,8.5,6.820638,1.6793618202209473
2025-06-19,2025-07-01,9.9,6.690828,3.2091721534729007
2025-06-19,2025-07-02,4.7,7.958034,-3.258034038543701
2025-06-19,2025-07-03,4.2,7.7576056,-3.5576055526733397
2025-06-20,2025-06-21,11.1,7.499157,3.6008430480957028
2025-06-20,2025-06-22,7.2,7.0942183,0.10578174591064471
2025-06-20,2025-06-23,5.8,6.523901,-0.7239009857177736
2025-06-20,2025-06-24,6.3,7.252082,-0.952081871032715
2025-06-20,2025-06-25,6.2,7.3592186,-1.1592185974121092
2025-06-20,2025-06-26,5.9,6.824564,-0.9245639801025387
2025-06-20,2025-06-27,6.0,7.0432158,-1.0432157516479492
2025-06-20,2025-06-28,4.8,7.255558,-2.455558013916016
2025-06-20,2025-06-29,5.8,6.479742,-0.6797420501708986
2025-06-20,2025-06-30,8.5,7.30254,1.1974601745605469
2025-06-20,2025-07-01,9.9,6.864626,3.0353740692138675
2025-06-20,2025-07-02,4.7,6.753498,-2.053498077392578
2025-06-20,2025-07-03,4.2,7.9978113,-3.7978113174438475
2025-06-20,2025-07-04,6.8,7.79643,-0.9964301109313967
2025-06-21,2025-06-22,7.2,7.6798344,-0.4798343658447264
2025-06-21,2025-06-23,5.8,7.423785,-1.623785209655762
2025-06-21,2025-06-24,6.3,6.964281,-0.6642810821533205
2025-06-21,2025-06-25,6.2,7.4350114,-1.2350113868713377
2025-06-21,2025-06-26,5.9,7.3680596,-1.4680596351623532
2025-06-21,2025-06-27,6.0,6.7464433,-0.7464432716369629
2025-06-21,2025-06-28,4.8,7.084884,-2.2848841667175295
2025-06-21,2025-06-29,5.8,7.1647935,-1.3647934913635256
2025-06-21,2025-06-30,8.5,6.570581,1.9294190406799316
2025-06-21,2025-07-01,9.9,7.4553676,2.444632434844971
2025-06-21,2025-07-02,4.7,6.9539027,-2.253902721405029
2025-06-21,2025-07-03,4.2,6.648519,-2.4485190391540526
2025-06-21,2025-07-04,6.8,7.8166404,-1.016640377044678
2025-06-21,2025-07-05,5.0,7.710317,-2.7103171348571777
2025-06-22,2025-06-23,5.8,7.506279,-1.706278991699219
2025-06-22,2025-06-24,6.3,7.4669933,-1.1669933319091799
2025-06-22,2025-06-25,6.2,7.2447753,-1.0447752952575682
2025-06-22,2025-06-26,5.9,7.5006795,-1.600679492950439
2025-06-22,2025-06-27,6.0,7.107484,-1.1074838638305664
2025-06-22,2025-06-28,4.8,6.4973693,-1.6973692893981935
2025-06-22,2025-06-29,5.8,7.1583424,-1.3583423614501955
2025-06-22,2025-06-30,8.5,6.8237042,1.6762957572937012
2025-06-22,2025-07-01,9.9,6.7308993,3.169100666046143
2025-06-22,2025-07-02,4.7,7.4664526,-2.766452598571777
2025-06-22,2025-07-03,4.2,6.963829,-2.7638290405273436
2025-06-22,2025-07-04,6.8,6.3580327,0.4419672966003416
2025-06-22,2025-07-05,5.0,7.469179,-2.469179153442383
2025-06-22,2025-07-06,3.8,7.366208,-3.566208076477051
2025-06-23,2025-06-24,6.3,7.3661265,-1.0661265373229982
2025-06-23,2025-06-25,6.2,7.2175717,-1.01757173538208
2025-06-23,2025-06-26,5.9,7.073816,-1.173815822601318
2025-06-23,2025-06-27,6.0,7.3280177,-1.3280177116394043
2025-06-23,2025-06-28,4.8,6.984312,-2.1843120574951174
2025-06-23,2025-06-29,5.8,6.4161334,-0.6161334037780763
2025-06-23,2025-06-30,8.5,7.1703196,1.3296804428100586
2025-06-23,2025-07-01,9.9,6.7694097,3.130590343475342
2025-06-23,2025-07-02,4.7,6.7086077,-2.0086076736450194
2025-06-23,2025-07-03,4.2,7.32005,-3.12004976272583
2025-06-23,2025-07-04,6.8,6.8095737,-0.0095736503601076
2025-06-23,2025-07-05,5.0,6.2688866,-1.2688865661621094
2025-06-23,2025-07-06,3.8,7.458714,-3.658714008331299
2025-06-23,2025-07-07,4.3,7.214854,-2.9148537635803224
2025-06-24,2025-06-25,6.2,7.1390605,-0.9390604972839354
2025-06-24,2025-06-26,5.9,6.895586,-0.995586013793945
2025-06-24,2025-06-27,6.0,6.6876364,-0.6876363754272461
2025-06-24,2025-06-28,4.8,6.998933,-2.1989328384399416
2025-06-24,2025-06-29,5.8,6.865717,-1.0657169342041017
2025-06-24,2025-06-30,8.5,6.3360853,2.163914680480957
2025-06-24,2025-07-01,9.9,7.145429,2.754570865631104
2025-06-24,2025-07-02,4.7,6.8129888,-2.112988758087158
2025-06-24,2025-07-03,4.2,6.5904803,-2.390480327606201
2025-06-24,2025-07-04,6.8,7.1756577,-0.37565774917602557
2025-06-24,2025-07-05,5.0,6.6812925,-1.6812925338745117
2025-06-24,2025-07-06,3.8,6.275226,-2.47522611618042
2025-06-24,2025-07-07,4.3,7.5763717,-3.2763716697692873
2025-06-24,2025-07-08,5.4,7.1721034,-1.772103404998779
2025-06-25,2025-06-26,5.9,6.834138,-0.934137916564941
2025-06-25,2025-06-27,6.0,6.545945,-0.5459451675415039
2025-06-25,2025-06-28,4.8,6.24564,-1.4456398010253908
2025-06-25,2025-06-29,5.8,6.648162,-0.8481618881225588
2025-06-25,2025-06-30,8.5,6.749723,1.750277042388916
2025-06-25,2025-07-01,9.9,6.2834616,3.6165384292602543
2025-06-25,2025-07-02,4.7,7.0322037,-2.332203674316406
2025-06-25,2025-07-03,4.2,6.862496,-2.6624958992004393
2025-06-25,2025-07-04,6.8,6.4450483,0.35495166778564435
2025-06-25,2025-07-05,5.0,7.0859466,-2.085946559906006
2025-06-25,2025-07-06,3.8,6.6076107,-2.8076107025146486
2025-06-25,2025-07-07,4.3,6.3957653,-2.09576530456543
2025-06-25,2025-07-08,5.4,7.767682,-2.367682075500488
2025-06-25,2025-07-09,5.6,7.257922,-1.657922172546387
2025-06-26,2025-06-27,6.0,6.4554048,-0.45540475845336914
2025-06-26,2025-06-28,4.8,6.201912,-1.4019119262695314
2025-06-26,2025-06-29,5.8,5.831243,-0.031243038177490412
2025-06-26,2025-06-30,8.5,6.3888173,2.111182689666748
2025-06-26,2025-07-01,9.9,6.6371565,3.26284351348877
2025-06-26,2025-07-02,4.7,6.2241516,-1.5241516113281248
2025-06-26,2025-07-03,4.2,6.9111724,-2.7111723899841307
2025-06-26,2025-07-04,6.8,6.858523,-0.05852289199829119
2025-06-26,2025-07-05,5.0,6.298412,-1.2984118461608887
2025-06-26,2025-07-06,3.8,7.0768375,-3.2768375396728517
2025-06-26,2025-07-07,4.3,6.5312014,-2.2312013626098635
2025-06-26,2025-07-08,5.4,6.4714565,-1.0714565277099606
2025-06-26,2025-07-09,5.6,7.8622246,-2.2622245788574222
2025-06-26,2025-07-10,6.2,7.2701592,-1.0701592445373533
2025-06-27,2025-06-28,4.8,6.0868254,-1.2868253707885744
2025-06-27,2025-06-29,5.8,5.9242277,-0.1242277145385744
2025-06-27,2025-06-30,8.5,5.549649,2.9503512382507324
2025-06-27,2025-07-01,9.9,6.17459,3.7254098892211918
2025-06-27,2025-07-02,4.7,6.551255,-1.8512552261352537
2025-06-27,2025-07-03,4.2,6.1414022,-1.941402244567871
2025-06-27,2025-07-04,6.8,6.8307676,-0.030767631530761896
2025-06-27,2025-07-05,5.0,6.7703266,-1.7703266143798828
2025-06-27,2025-07-06,3.8,6.1047907,-2.3047906875610353
2025-06-27,2025-07-07,4.3,7.1639323,-2.8639323234558107
2025-06-27,2025-07-08,5.4,6.487735,-1.0877347946166989
2025-06-27,2025-07-09,5.6,6.443909,-0.8439091682434086
2025-06-27,2025-07-10,6.2,7.8779216,-1.6779215812683104
2025-06-27,2025-07-11,9.4,7.3014946,2.0985054016113285
2025-06-28,2025-06-29,5.8,5.6821194,0.11788063049316388
2025-06-28,2025-06-30,8.5,5.771493,2.7285070419311523
2025-06-28,2025-07-01,9.9,5.5474095,4.352590465545655
2025-06-28,2025-07-02,4.7,6.023048,-1.3230479240417479
2025-06-28,2025-07-03,4.2,6.247625,-2.04762487411499
2025-06-28,2025-07-04,6.8,5.822837,0.9771631240844725
2025-06-28,2025-07-05,5.0,6.727764,-1.7277641296386719
2025-06-28,2025-07-06,3.8,6.52985,-2.729850006103516
2025-06-28,2025-07-07,4.3,6.1233335,-1.8233334541320803
2025-06-28,2025-07-08,5.4,7.2465754,-1.8465753555297848
2025-06-28,2025-07-09,5.6,6.5363398,-0.9363397598266605
2025-06-28,2025-07-10,6.2,6.3226643,-0.12266426086425763
2025-06-28,2025-07-11,9.4,7.708189,1.6918109893798832
2025-06-28,2025-07-12,7.6,7.193998,0.40600214004516566
2025-06-29,2025-06-30,8.5,5.4297957,3.070204257965088
2025-06-29,2025-07-01,9.9,5.7192464,4.180753612518311
2025-06-29,2025-07-02,4.7,5.781145,-1.0811450958251951
2025-06-29,2025-07-03,4.2,6.0226154,-1.8226154327392576
2025-06-29,2025-07-04,6.8,6.013362,0.7866380691528319
2025-06-29,2025-07-05,5.0,5.643166,-0.6431660652160645
2025-06-29,2025-07-06,3.8,6.779059,-2.979058933258057
2025-06-29,2025-07-07,4.3,6.3408847,-2.0408846855163576
2025-06-29,2025-07-08,5.4,6.3212576,-0.9212575912475582
2025-06-29,2025-07-09,5.6,7.3663745,-1.766374492645264
2025-06-29,2025-07-10,6.2,6.702345,-0.5023448944091795
2025-06-29,2025-07-11,9.4,6.183867,3.21613302230835
2025-06-29,2025-07-12,7.6,7.6101694,-0.010169410705566762
2025-06-29,2025-07-13,7.0,7.146299,-0.14629888534545898
2025-06-30,2025-07-01,9.9,5.738053,4.16194715499878
2025-06-30,2025-07-02,4.7,5.6719966,-0.9719965934753416
2025-06-30,2025-07-03,4.2,5.8572197,-1.6572196960449217
2025-06-30,2025-07-04,6.8,6.1000977,0.6999023437499998
2025-06-30,2025-07-05,5.0,6.159487,-1.1594867706298828
2025-06-30,2025-07-06,3.8,5.7707148,-1.9707147598266603
2025-06-30,2025-07-07,4.3,6.851915,-2.5519148826599123
2025-06-30,2025-07-08,5.4,6.573284,-1.1732841491699215
2025-06-30,2025-07-09,5.6,6.401518,-0.8015178680419925
2025-06-30,2025-07-10,6.2,7.3728147,-1.172814655303955
2025-06-30,2025-07-11,9.4,6.7661138,2.633886241912842
2025-06-30,2025-07-12,7.6,6.268856,1.3311439514160153
2025-06-30,2025-07-13,7.0,7.8013186,-0.8013186454772949
2025-06-30,2025-07-14,6.7,7.3644195,-0.6644194602966307
2025-07-01,2025-07-02,4.7,6.224998,-1.5249979972839354
2025-07-01,2025-07-03,4.2,5.7329154,-1.53291540145874
2025-07-01,2025-07-04,6.8,5.9234295,0.8765705108642576
2025-07-01,2025-07-05,5.0,6.343282,-1.3432822227478027
2025-07-01,2025-07-06,3.8,6.575468,-2.7754680633544924
2025-07-01,2025-07-07,4.3,6.2304716,-1.9304716110229494
2025-07-01,2025-07-08,5.4,6.9909472,-1.5909472465515133
2025-07-01,2025-07-09,5.6,6.9566355,-1.3566354751586918
2025-07-01,2025-07-10,6.2,6.49687,-0.2968700408935545
2025-07-01,2025-07-11,9.4,7.28616,2.1138400077819828
2025-07-01,2025-07-12,7.6,6.7287183,0.8712817192077633
2025-07-01,2025-07-13,7.0,6.3395896,0.6604104042053223
2025-07-01,2025-07-14,6.7,7.8593426,-1.159342575073242
2025-07-01,2025-07-15,5.5,7.418621,-1.9186210632324219
2025-07-02,2025-07-03,4.2,6.470606,-2.2706058502197264
2025-07-02,2025-07-04,6.8,5.769982,1.0300181388854979
2025-07-02,2025-07-05,5.0,5.891261,-0.891261100769043
2025-07-02,2025-07-06,3.8,6.5545473,-2.7545473098754885
2025-07-02,2025-07-07,4.3,6.8479767,-2.5479766845703127
2025-07-02,2025-07-08,5.4,6.62306,-1.2230602264404293
2025-07-02,2025-07-09,5.6,7.057108,-1.4571079254150394
2025-07-02,2025-07-10,6.2,7.2254696,-1.0254695892333983
2025-07-02,2025-07-11,9.4,6.5860834,2.81391658782959
2025-07-02,2025-07-12,7.6,7.217786,0.38221416473388636
2025-07-02,2025-07-13,7.0,6.6934757,0.30652427673339844
2025-07-02,2025-07-14,6.7,6.4476366,0.25236339569091815
2025-07-02,2025-07-15,5.5,7.8129616,-2.3129615783691406
2025-07-02,2025-07-16,5.8,7.3885393,-1.5885393142700197
2025-07-03,2025-07-04,6.8,6.6571116,0.14288835525512678
2025-07-03,2025-07-05,5.0,5.9673796,-0.9673795700073242
2025-07-03,2025-07-06,3.8,6.022699,-2.2226988792419435
2025-07-03,2025-07-07,4.3,6.9124765,-2.6124765396118166
2025-07-03,2025-07-08,5.4,7.180523,-1.7805229187011715
2025-07-03,2025-07-09,5.6,7.0863776,-1.4863776206970218
2025-07-03,2025-07-10,6.2,7.278807,-1.0788071632385252
2025-07-03,2025-07-11,9.4,7.4218364,1.9781636238098148
2025-07-03,2025-07-12,7.6,6.7339764,0.8660236358642575
2025-07-03,2025-07-13,7.0,7.289254,-0.28925418853759766
2025-07-03,2025-07-14,6.7,6.706581,-0.006581115722656072
2025-07-03,2025-07-15,5.5,6.620501,-1.1205010414123535
2025-07-03,2025-07-16,5.8,7.686123,-1.8861228942871096
2025-07-03,2025-07-17,6.4,7.320258,-0.9202581405639645
2025-07-04,2025-07-05,5.0,6.7122736,-1.7122735977172852
2025-07-04,2025-07-06,3.8,6.2147865,-2.414786529541016
2025-07-04,2025-07-07,4.3,6.18376,-1.883760166168213
2025-07-04,2025-07-08,5.4,7.1799345,-1.7799345016479489
2025-07-04,2025-07-09,5.6,7.3545814,-1.7545813560485843
2025-07-04,2025-07-10,6.2,7.3841195,-1.1841195106506346
2025-07-04,2025-07-11,9.4,7.4250727,1.9749273300170902
2025-07-04,2025-07-12,7.6,7.4678793,0.13212070465087855
2025-07-04,2025-07-13,7.0,6.725359,0.2746410369873047
2025-07-04,2025-07-14,6.7,7.3660283,-0.666028308868408
2025-07-04,2025-07-15,5.5,6.669716,-1.1697158813476562
2025-07-04,2025-07-16,5.8,6.6064544,-0.806454372406006
2025-07-04,2025-07-17,6.4,7.4279275,-1.027927494049072
2025-07-04,2025-07-18,7.0,7.1189494,-0.11894941329956055
2025-07-05,2025-07-06,3.8,6.44552,-2.6455199241638185
2025-07-05,2025-07-07,4.3,6.408516,-2.1085159301757814
2025-07-05,2025-07-08,5.4,6.342643,-0.942642784118652
2025-07-05,2025-07-09,5.6,7.234069,-1.634068870544434
2025-07-05,2025-07-10,6.2,7.094706,-0.8947060585021971
2025-07-05,2025-07-11,9.4,7.219177,2.1808232307434086
2025-07-05,2025-07-12,7.6,7.3897934,0.2102066040039059
2025-07-05,2025-07-13,7.0,7.2345405,-0.23454046249389648
2025-07-05,2025-07-14,6.7,6.806266,-0.10626583099365217
2025-07-05,2025-07-15,5.5,7.373,-1.873000144958496
2025-07-05,2025-07-16,5.8,6.6951766,-0.8951766014099123
2025-07-05,2025-07-17,6.4,6.469437,-0.06943712234497035
2025-07-05,2025-07-18,7.0,6.98188,0.01811981201171875
2025-07-05,2025-07-19,5.8,6.7270064,-0.9270064353942873
2025-07-06,2025-07-07,4.3,6.2273364,-1.9273364067077638
2025-07-06,2025-07-08,5.4,6.5870113,-1.187011337280273
2025-07-06,2025-07-09,5.6,6.579805,-0.97980489730835
2025-07-06,2025-07-10,6.2,7.2891498,-1.089149761199951
2025-07-06,2025-07-11,9.4,7.005707,2.3942932128906254
2025-07-06,2025-07-12,7.6,7.2076974,0.3923026084899899
2025-07-06,2025-07-13,7.0,7.6303887,-0.6303887367248535
2025-07-06,2025-07-14,6.7,7.146081,-0.44608097076416
2025-07-06,2025-07-15,5.5,7.203723,-1.7037229537963867
2025-07-06,2025-07-16,5.8,7.6172705,-1.8172704696655275
2025-07-06,2025-07-17,6.4,6.9963675,-0.5963674545288082
2025-07-06,2025-07-18,7.0,6.423199,0.5768008232116699
2025-07-06,2025-07-19,5.8,6.9001946,-1.1001946449279787
2025-07-06,2025-07-20,3.9000000000000004,6.6277137,-2.7277136802673336
2025-07-07,2025-07-08,5.4,6.1698384,-0.7698384284973141
2025-07-07,2025-07-09,5.6,6.557185,-0.9571851730346683
2025-07-07,2025-07-10,6.2,6.47887,-0.27886991500854474
2025-07-07,2025-07-11,9.4,7.2245836,2.1754163742065433
2025-07-07,2025-07-12,7.6,7.0878954,0.5121046066284176
2025-07-07,2025-07-13,7.0,7.321621,-0.3216209411621094
2025-07-07,2025-07-14,6.7,7.753011,-1.0530112266540526
2025-07-07,2025-07-15,5.5,7.298059,-1.7980589866638184
2025-07-07,2025-07-16,5.8,7.382957,-1.5829569816589357
2025-07-07,2025-07-17,6.4,7.6422086,-1.2422085762023922
2025-07-07,2025-07-18,7.0,7.1000147,-0.10001468658447266
2025-07-07,2025-07-19,5.8,6.4887223,-0.6887223243713381
2025-07-07,2025-07-20,3.9000000000000004,7.0939937,-3.1939936637878414
2025-07-07,2025-07-21,4.3,6.709222,-2.4092218399047853
2025-07-08,2025-07-09,5.6,6.369767,-0.7697671890258793
2025-07-08,2025-07-10,6.2,6.6774874,-0.4774873733520506
2025-07-08,2025-07-11,9.4,6.4440827,2.955917263031006
2025-07-08,2025-07-12,7.6,7.317132,0.2828680038452145
2025-07-08,2025-07-13,7.0,7.3831887,-0.38318872451782227
2025-07-08,2025-07-14,6.7,7.625225,-0.9252250671386717
2025-07-08,2025-07-15,5.5,7.955029,-2.455029010772705
2025-07-08,2025-07-16,5.8,7.5894284,-1.7894284248352053
2025-07-08,2025-07-17,6.4,7.5377445,-1.1377445220947262
2025-07-08,2025-07-18,7.0,7.5731974,-0.5731973648071289
2025-07-08,2025-07-19,5.8,7.150741,-1.3507411003112795
2025-07-08,2025-07-20,3.9000000000000004,6.6489415,-2.7489415168762203
2025-07-08,2025-07-21,4.3,7.264463,-2.964462947845459
2025-07-08,2025-07-22,4.1,6.8207536,-2.7207535743713382
2025-07-09,2025-07-10,6.2,6.667597,-0.4675968170166014
2025-07-09,2025-07-11,9.4,6.834582,2.565418148040772
2025-07-09,2025-07-12,7.6,6.4560432,1.1439567565917965
2025-07-09,2025-07-13,7.0,7.456151,-0.45615100860595703
2025-07-09,2025-07-14,6.7,7.697808,-0.9978077888488768
2025-07-09,2025-07-15,5.5,7.9168997,-2.4168996810913086
2025-07-09,2025-07-16,5.8,8.08553,-2.2855302810668947
2025-07-09,2025-07-17,6.4,7.817242,-1.4172421455383297
2025-07-09,2025-07-18,7.0,7.5541573,-0.5541572570800781
2025-07-09,2025-07-19,5.8,7.5308137,-1.7308136940002443
2025-07-09,2025-07-20,3.9000000000000004,7.1876516,-3.2876516342163082
2025-07-09,2025-07-21,4.3,6.871815,-2.5718152046203615
2025-07-09,2025-07-22,4.1,7.39842,-3.298419857025147
2025-07-09,2025-07-23,11.5,6.9786973,4.521302700042725
2025-07-10,2025-07-11,9.4,6.9277277,2.472272300720215
2025-07-10,2025-07-12,7.6,6.9834056,0.6165944099426266
2025-07-10,2025-07-13,7.0,6.5042872,0.4957127571105957
2025-07-10,2025-07-14,6.7,7.6097746,-0.909774589538574
2025-07-10,2025-07-15,5.5,7.935014,-2.435013771057129
2025-07-10,2025-07-16,5.8,8.133933,-2.3339330673217775
2025-07-10,2025-07-17,6.4,8.11475,-1.7147499084472653
2025-07-10,2025-07-18,7.0,7.9192853,-0.9192852973937988
2025-07-10,2025-07-19,5.8,7.4348173,-1.6348173141479494
2025-07-10,2025-07-20,3.9000000000000004,7.519594,-3.6195941925048825
2025-07-10,2025-07-21,4.3,7.170497,-2.870496940612793
2025-07-10,2025-07-22,4.1,6.9970036,-2.897003555297852
2025-07-10,2025-07-23,11.5,7.422208,4.077792167663574
2025-07-10,2025-07-24,6.7,7.0703464,-0.37034635543823224
2025-07-11,2025-07-12,7.6,7.257076,0.3429242134094235
2025-07-11,2025-07-13,7.0,7.2884183,-0.2884182929992676
2025-07-11,2025-07-14,6.7,6.6846037,0.015396308898925959
2025-07-11,2025-07-15,5.5,7.7936487,-2.2936487197875977
2025-07-11,2025-07-16,5.8,8.1027155,-2.3027154922485353
2025-07-11,2025-07-17,6.4,8.227879,-1.8278785705566403
2025-07-11,2025-07-18,7.0,8.068184,-1.0681838989257812
2025-07-11,2025-07-19,5.8,7.954927,-2.15492696762085
2025-07-11,2025-07-20,3.9000000000000004,7.1847663,-3.284766292572021
2025-07-11,2025-07-21,4.3,7.5437255,-3.2437254905700685
2025-07-11,2025-07-22,4.1,7.1192765,-3.0192765235900882
2025-07-11,2025-07-23,11.5,6.981889,4.518111228942871
2025-07-11,2025-07-24,6.7,7.3774886,-0.6774886131286619
2025-07-11,2025-07-25,10.0,7.1153164,2.884683609008789
2025-07-12,2025-07-13,7.0,7.504926,-0.5049262046813965
2025-07-12,2025-07-14,6.7,7.667674,-0.9676740646362303
2025-07-12,2025-07-15,5.5,7.1091547,-1.6091547012329102
2025-07-12,2025-07-16,5.8,7.976246,-2.1762458801269533
2025-07-12,2025-07-17,6.4,8.0317135,-1.631713485717773
2025-07-12,2025-07-18,7.0,8.070744,-1.0707435607910156
2025-07-12,2025-07-19,5.8,8.022946,-2.222946357727051
2025-07-12,2025-07-20,3.9000000000000004,7.812447,-3.912447071075439
2025-07-12,2025-07-21,4.3,7.138496,-2.8384959220886232
2025-07-12,2025-07-22,4.1,7.633567,-3.5335668563842777
2025-07-12,2025-07-23,11.5,7.187878,4.312121868133545
2025-07-12,2025-07-24,6.7,6.8714094,-0.1714094161987303
2025-07-12,2025-07-25,10.0,7.226881,2.7731189727783203
2025-07-12,2025-07-26,6.7,7.084581,-0.38458089828491193
2025-07-13,2025-07-14,6.7,7.677948,-0.9779479980468748
2025-07-13,2025-07-15,5.5,8.017762,-2.5177621841430664
2025-07-13,2025-07-16,5.8,7.6398273,-1.8398272514343263
2025-07-13,2025-07-17,6.4,8.127768,-1.7277675628662106
2025-07-13,2025-07-18,7.0,7.80907,-0.8090701103210449
2025-07-13,2025-07-19,5.8,7.831706,-2.0317060470581056
2025-07-13,2025-07-20,3.9000000000000004,8.036544,-4.136543846130371
2025-07-13,2025-07-21,4.3,7.568399,-3.268398952484131
2025-07-13,2025-07-22,4.1,7.203656,-3.1036561965942386
2025-07-13,2025-07-23,11.5,7.729767,3.770233154296875
2025-07-13,2025-07-24,6.7,7.306777,-0.6067770004272459
2025-07-13,2025-07-25,10.0,6.6812854,3.3187146186828613
2025-07-13,2025-07-26,6.7,7.139348,-0.43934803009033185
2025-07-13,2025-07-27,5.1,7.0305996,-1.9305995941162113
2025-07-14,2025-07-15,5.5,7.795952,-2.2959518432617188
2025-07-14,2025-07-16,5.8,7.8828244,-2.0828244209289553
2025-07-14,2025-07-17,6.4,7.5656357,-1.1656356811523434
2025-07-14,2025-07-18,7.0,7.9708934,-0.970893383026123
2025-07-14,2025-07-19,5.8,7.6389146,-1.8389145851135256
2025-07-14,2025-07-20,3.9000000000000004,7.6347923,-3.734792327880859
2025-07-14,2025-07-21,4.3,7.8882074,-3.5882074356079103
2025-07-14,2025-07-22,4.1,7.518944,-3.418943786621094
2025-07-14,2025-07-23,11.5,7.0998077,4.4001922607421875
2025-07-14,2025-07-24,6.7,7.6050863,-0.9050863265991209
2025-07-14,2025-07-25,10.0,7.165475,2.8345251083374023
2025-07-14,2025-07-26,6.7,6.545285,0.1547147750854494
2025-07-14,2025-07-27,5.1,7.164387,-2.0643872261047367
2025-07-14,2025-07-28,6.2,7.0373063,-0.8373063087463377
2025-07-15,2025-07-16,5.8,7.703412,-1.9034120559692385
2025-07-15,2025-07-17,6.4,7.5793114,-1.179311370849609
2025-07-15,2025-07-18,7.0,7.251757,-0.2517571449279785
2025-07-15,2025-07-19,5.8,7.6998734,-1.899873447418213
2025-07-15,2025-07-20,3.9000000000000004,7.502647,-3.602646923065185
2025-07-15,2025-07-21,4.3,7.477624,-3.1776239395141603
2025-07-15,2025-07-22,4.1,7.769899,-3.669898891448975
2025-07-15,2025-07-23,11.5,7.536849,3.963150978088379
2025-07-15,2025-07-24,6.7,7.0168705,-0.3168704986572264
2025-07-15,2025-07-25,10.0,7.498675,2.5013251304626465
2025-07-15,2025-07-26,6.7,7.0501885,-0.35018854141235334
2025-07-15,2025-07-27,5.1,6.5507812,-1.4507812500000004
2025-07-15,2025-07-28,6.2,7.282797,-1.0827968597412108
2025-07-15,2025-07-29,6.6,7.111303,-0.5113028526306156
2025-07-16,2025-07-17,6.4,7.5333223,-1.1333223342895504
2025-07-16,2025-07-18,7.0,7.275364,-0.2753639221191406
2025-07-16,2025-07-19,5.8,6.922949,-1.1229488372802736
2025-07-16,2025-07-20,3.9000000000000004,7.4816527,-3.581652736663818
2025-07-16,2025-07-21,4.3,7.440791,-3.140791130065918
2025-07-16,2025-07-22,4.1,7.430314,-3.3303140640258793
2025-07-16,2025-07-23,11.5,7.6771045,3.8228955268859863
2025-07-16,2025-07-24,6.7,7.565582,-0.8655817985534666
2025-07-16,2025-07-25,10.0,6.9569836,3.0430164337158203
2025-07-16,2025-07-26,6.7,7.4598136,-0.7598135948181151
2025-07-16,2025-07-27,5.1,6.993713,-1.8937129020690922
2025-07-16,2025-07-28,6.2,6.6734233,-0.47342329025268537
2025-07-16,2025-07-29,6.6,7.43471,-0.8347100257873539
2025-07-16,2025-07-30,6.3,7.251501,-0.9515010833740236
2025-07-17,2025-07-18,7.0,7.5428715,-0.5428714752197266
2025-07-17,2025-07-19,5.8,7.165703,-1.365702819824219
2025-07-17,2025-07-20,3.9000000000000004,6.7622404,-2.862240409851074
2025-07-17,2025-07-21,4.3,7.3812513,-3.081251335144043
2025-07-17,2025-07-22,4.1,7.464345,-3.36434497833252
2025-07-17,2025-07-23,11.5,7.3973637,4.102636337280273
2025-07-17,2025-07-24,6.7,7.572945,-0.8729451179504393
2025-07-17,2025-07-25,10.0,7.6246877,2.375312328338623
2025-07-17,2025-07-26,6.7,6.8119082,-0.11190824508666974
2025-07-17,2025-07-27,5.1,7.544975,-2.444974803924561
2025-07-17,2025-07-28,6.2,6.984825,-0.7848251342773436
2025-07-17,2025-07-29,6.6,6.86553,-0.2655300140380863
2025-07-17,2025-07-30,6.3,7.623587,-1.3235871315002443
2025-07-17,2025-07-31,6.500000000000001,7.4647694,-0.9647693634033194
2025-07-18,2025-07-19,5.8,7.2472053,-1.4472052574157717
2025-07-18,2025-07-20,3.9000000000000004,6.9772673,-3.077267265319824
2025-07-18,2025-07-21,4.3,6.5388813,-2.238881301879883
2025-07-18,2025-07-22,4.1,7.189215,-3.089215183258057
2025-07-18,2025-07-23,11.5,7.29589,4.204110145568848
2025-07-18,2025-07-24,6.7,7.227684,-0.5276840209960936
2025-07-18,2025-07-25,10.0,7.339377,2.660623073577881
2025-07-18,2025-07-26,6.7,7.470704,-0.7707040786743162
2025-07-18,2025-07-27,5.1,6.5705295,-1.4705294609069828
2025-07-18,2025-07-28,6.2,7.546312,-1.346311855316162
2025-07-18,2025-07-29,6.6,6.9276376,-0.3276375770568851
2025-07-18,2025-07-30,6.3,6.818014,-0.5180141448974611
2025-07-18,2025-07-31,6.500000000000001,7.678409,-1.1784090995788565
2025-07-18,2025-08-01,3.7,7.4836206,-3.7836206436157225
2025-07-19,2025-07-20,3.9000000000000004,6.865251,-2.9652510643005368
2025-07-19,2025-07-21,4.3,6.871641,-2.5716411590576174
2025-07-19,2025-07-22,4.1,6.490222,-2.390221977233887
2025-07-19,2025-07-23,11.5,6.9898944,4.510105609893799
2025-07-19,2025-07-24,6.7,7.089079,-0.389078903198242
2025-07-19,2025-07-25,10.0,6.9428916,3.0571084022521973
2025-07-19,2025-07-26,6.7,7.2681727,-0.5681727409362791
2025-07-19,2025-07-27,5.1,7.3507323,-2.2507323265075687
2025-07-19,2025-07-28,6.2,6.6793375,-0.47933750152587873
2025-07-19,2025-07-29,6.6,7.788402,-1.188402080535889
2025-07-19,2025-07-30,6.3,7.1589227,-0.8589226722717287
2025-07-19,2025-07-31,6.500000000000001,6.838865,-0.3388648033142081
2025-07-19,2025-08-01,3.7,7.8487196,-4.148719596862793
2025-07-19,2025-08-02,4.9,7.6583157,-2.7583156585693356
2025-07-20,2025-07-21,4.3,6.5766535,-2.2766534805297853
2025-07-20,2025-07-22,4.1,6.8382006,-2.7382005691528324
2025-07-20,2025-07-23,11.5,6.6410174,4.858982563018799
2025-07-20,2025-07-24,6.7,6.9474235,-0.24742345809936506
2025-07-20,2025-07-25,10.0,6.876067,3.1239328384399414
2025-07-20,2025-07-26,6.7,6.724411,-0.024411010742187322
2025-07-20,2025-07-27,5.1,7.3056445,-2.205644512176514
2025-07-20,2025-07-28,6.2,7.1345844,-0.9345844268798826
2025-07-20,2025-07-29,6.6,6.927346,-0.327346229553223
2025-07-20,2025-07-30,6.3,7.876103,-1.576102924346924
2025-07-20,2025-07-31,6.500000000000001,7.385772,-0.8857722282409659
2025-07-20,2025-08-01,3.7,6.7891207,-3.0891206741333006
2025-07-20,2025-08-02,4.9,7.874809,-2.97480878829956
2025-07-20,2025-08-03,6.1000000000000005,7.6377487,-1.5377487182617182
2025-07-21,2025-07-22,4.1,6.52086,-2.4208601951599125
2025-07-21,2025-07-23,11.5,6.662807,4.837193012237549
2025-07-21,2025-07-24,6.7,6.561623,0.13837690353393572
2025-07-21,2025-07-25,10.0,6.8656693,3.1343307495117188
2025-07-21,2025-07-26,6.7,6.901018,-0.20101814270019513
2025-07-21,2025-07-27,5.1,6.75474,-1.6547402381896976
2025-07-21,2025-07-28,6.2,7.3074603,-1.107460308074951
2025-07-21,2025-07-29,6.6,7.2244773,-0.6244772911071781
2025-07-21,2025-07-30,6.3,7.0515447,-0.7515446662902834
2025-07-21,2025-07-31,6.500000000000001,7.83873,-1.3387298583984366
2025-07-21,2025-08-01,3.7,7.445565,-3.7455652236938475
2025-07-21,2025-08-02,4.9,6.8100247,-1.9100247383117672
2025-07-21,2025-08-03,6.1000000000000005,7.986407,-1.886406803131103
2025-07-21,2025-08-04,4.7,7.7109427,-3.01094274520874
2025-07-22,2025-07-23,11.5,6.4989686,5.001031398773193
2025-07-22,2025-07-24,6.7,6.4845796,0.21542043685913104
2025-07-22,2025-07-25,10.0,6.3917704,3.608229637145996
2025-07-22,2025-07-26,6.7,6.772007,-0.07200698852539045
2025-07-22,2025-07-27,5.1,6.978785,-1.8787850379943851
2025-07-22,2025-07-28,6.2,6.861795,-0.6617949485778807
2025-07-22,2025-07-29,6.6,7.325593,-0.7255929946899418
2025-07-22,2025-07-30,6.3,7.4311695,-1.1311695098876955
2025-07-22,2025-07-31,6.500000000000001,7.1441627,-0.6441626548767081
2025-07-22,2025-08-01,3.7,7.8003187,-4.100318717956543
2025-07-22,2025-08-02,4.9,7.506911,-2.6069108009338375
2025-07-22,2025-08-03,6.1000000000000005,6.9376464,-0.8376463890075678
2025-07-22,2025-08-04,4.7,8.157768,-3.4577682495117186
2025-07-22,2025-08-05,4.7,7.8322144,-3.13221435546875
2025-07-23,2025-07-24,6.7,6.4329023,0.2670976638793947
2025-07-23,2025-07-25,10.0,6.3425703,3.6574296951293945
2025-07-23,2025-07-26,6.7,6.141782,0.5582181930541994
2025-07-23,2025-07-27,5.1,6.7337847,-1.6337846755981449
2025-07-23,2025-07-28,6.2,7.0847597,-0.8847597122192381
2025-07-23,2025-07-29,6.6,6.978626,-0.3786257743835453
2025-07-23,2025-07-30,6.3,7.3414106,-1.0414106369018556
2025-07-23,2025-07-31,6.500000000000001,7.5963554,-1.096355438232421
2025-07-23,2025-08-01,3.7,7.2544208,-3.554420757293701
2025-07-23,2025-08-02,4.9,7.792927,-2.8929267883300778
2025-07-23,2025-08-03,6.1000000000000005,7.616076,-1.516075992584228
2025-07-23,2025-08-04,4.7,7.1963215,-2.4963214874267576
2025-07-23,2025-08-05,4.7,8.282858,-3.5828578948974608
2025-07-23,2025-08-06,6.3,7.9459496,-1.6459495544433596
2025-07-24,2025-07-25,10.0,6.145231,3.854769229888916
2025-07-24,2025-07-26,6.7,6.1344185,0.565581512451172
2025-07-24,2025-07-27,5.1,5.8114824,-0.7114824295043949
2025-07-24,2025-07-28,6.2,6.5747147,-0.3747146606445311
2025-07-24,2025-07-29,6.6,7.0486546,-0.4486545562744144
2025-07-24,2025-07-30,6.3,6.9447393,-0.64473934173584
2025-07-24,2025-07-31,6.500000000000001,7.197273,-0.6972727775573722
2025-07-24,2025-08-01,3.7,7.575201,-3.8752010345458983
2025-07-24,2025-08-02,4.9,7.2711535,-2.3711534500122067
2025-07-24,2025-08-03,6.1000000000000005,7.8054256,-1.705425643920898
2025-07-24,2025-08-04,4.7,7.7291694,-3.0291693687438963
2025-07-24,2025-08-05,4.7,7.5228624,-2.822862434387207
2025-07-24,2025-08-06,6.3,8.353022,-2.0530216217041017
2025-07-24,2025-08-07,6.500000000000001,8.043699,-1.5436992645263663
2025-07-25,2025-07-26,6.7,5.9304104,0.7695896148681642
2025-07-25,2025-07-27,5.1,6.0536785,-0.9536785125732425
2025-07-25,2025-07-28,6.2,5.6479554,0.5520445823669435
2025-07-25,2025-07-29,6.6,6.5311055,0.06889448165893519
2025-07-25,2025-07-30,6.3,7.0563087,-0.7563087463378908
2025-07-25,2025-07-31,6.500000000000001,6.9403977,-0.4403977394103995
2025-07-25,2025-08-01,3.7,7.093733,-3.3937328338623045
2025-07-25,2025-08-02,4.9,7.518291,-2.6182909965515133
2025-07-25,2025-08-03,6.1000000000000005,7.2268014,-1.1268013954162592
2025-07-25,2025-08-04,4.7,7.8775134,-3.1775134086608885
2025-07-25,2025-08-05,4.7,7.8169827,-3.1169827461242674
2025-07-25,2025-08-06,6.3,7.6965375,-1.396537494659424
2025-07-25,2025-08-07,6.500000000000001,8.327658,-1.82765769958496
2025-07-25,2025-08-08,7.4,8.078958,-0.6789575576782223
2025-07-26,2025-07-27,5.1,5.6922274,-0.5922273635864261
2025-07-26,2025-07-28,6.2,6.0571322,0.14286775588989276
2025-07-26,2025-07-29,6.6,5.749246,0.8507538795471188
2025-07-26,2025-07-30,6.3,6.563372,-0.2633721351623537
2025-07-26,2025-07-31,6.500000000000001,6.955453,-0.45545291900634677
2025-07-26,2025-08-01,3.7,6.8405237,-3.1405237197875975
2025-07-26,2025-08-02,4.9,7.0633383,-2.1633382797241207
2025-07-26,2025-08-03,6.1000000000000005,7.387717,-1.2877167701721186
2025-07-26,2025-08-04,4.7,7.413432,-2.7134321212768553
2025-07-26,2025-08-05,4.7,8.009083,-3.309082794189453
2025-07-26,2025-08-06,6.3,8.003657,-1.7036573410034181
2025-07-26,2025-08-07,6.500000000000001,7.7867265,-1.286726474761962
2025-07-26,2025-08-08,7.4,8.177457,-0.7774568557739254
2025-07-26,2025-08-09,5.6,8.058503,-2.4585031509399418
2025-07-27,2025-07-28,6.2,5.468603,0.7313968658447267
2025-07-27,2025-07-29,6.6,6.1046534,0.495346641540527
2025-07-27,2025-07-30,6.3,6.0479765,0.2520235061645506
2025-07-27,2025-07-31,6.500000000000001,6.7515016,-0.25150156021118075
2025-07-27,2025-08-01,3.7,6.859944,-3.159943866729736
2025-07-27,2025-08-02,4.9,6.854941,-1.9549408912658688
2025-07-27,2025-08-03,6.1000000000000005,7.235522,-1.135521793365478
2025-07-27,2025-08-04,4.7,7.2674127,-2.5674126625061033
2025-07-27,2025-08-05,4.7,7.804706,-3.1047060966491697
2025-07-27,2025-08-06,6.3,8.156338,-1.8563377380371096
2025-07-27,2025-08-07,6.500000000000001,8.229223,-1.7292232513427725
2025-07-27,2025-08-08,7.4,7.7687593,-0.3687592506408688
2025-07-27,2025-08-09,5.6,8.0006075,-2.400607490539551
2025-07-27,2025-08-10,11.8,7.900338,3.899661827087403
2025-07-28,2025-07-29,6.6,5.6044984,0.995501613616943
2025-07-28,2025-07-30,6.3,6.0982704,0.2017295837402342
2025-07-28,2025-07-31,6.500000000000001,6.1522646,0.3477354049682626
2025-07-28,2025-08-01,3.7,6.876498,-3.176498222351074
2025-07-28,2025-08-02,4.9,7.043059,-2.1430588722229
2025-07-28,2025-08-03,6.1000000000000005,7.113479,-1.0134791374206538
2025-07-28,2025-08-04,4.7,7.431464,-2.7314641952514647
2025-07-28,2025-08-05,4.7,7.519684,-2.819683837890625
2025-07-28,2025-08-06,6.3,8.0298605,-1.7298604965209963
2025-07-28,2025-08-07,6.500000000000001,8.250575,-1.750575065612792
2025-07-28,2025-08-08,7.4,8.313223,-0.9132228851318356
2025-07-28,2025-08-09,5.6,7.820816,-2.220816040039063
2025-07-28,2025-08-10,11.8,8.070936,3.729063796997071
2025-07-28,2025-08-11,13.1,7.924109,5.175891017913818
2025-07-29,2025-07-30,6.3,5.7483063,0.5516937255859373
2025-07-29,2025-07-31,6.500000000000001,6.094736,0.4052639007568368
2025-07-29,2025-08-01,3.7,6.087172,-2.3871720314025877
2025-07-29,2025-08-02,4.9,6.907207,-2.0072070121765133
2025-07-29,2025-08-03,6.1000000000000005,7.2812176,-1.1812175750732417
2025-07-29,2025-08-04,4.7,7.416215,-2.7162149429321287
2025-07-29,2025-08-05,4.7,7.609586,-2.9095857620239256
2025-07-29,2025-08-06,6.3,7.880014,-1.580013942718506
2025-07-29,2025-08-07,6.500000000000001,8.203181,-1.703181266784667
2025-07-29,2025-08-08,7.4,8.342814,-0.9428144454956051
2025-07-29,2025-08-09,5.6,8.451341,-2.8513406753540043
2025-07-29,2025-08-10,11.8,7.9834967,3.816503334045411
2025-07-29,2025-08-11,13.1,8.255535,4.844464874267578
2025-07-29,2025-08-12,13.4,8.039477,5.360522651672364
2025-07-30,2025-07-31,6.500000000000001,5.8050385,0.6949615478515634
2025-07-30,2025-08-01,3.7,6.057721,-2.357721138000488
2025-07-30,2025-08-02,4.9,5.922876,-1.022875881195068
2025-07-30,2025-08-03,6.1000000000000005,6.9488378,-0.8488377571105952
2025-07-30,2025-08-04,4.7,7.536666,-2.836665916442871
2025-07-30,2025-08-05,4.7,7.7320514,-3.032051372528076
2025-07-30,2025-08-06,6.3,7.768819,-1.4688188552856447
2025-07-30,2025-08-07,6.500000000000001,8.215742,-1.7157421112060538
2025-07-30,2025-08-08,7.4,8.360165,-0.960164642333984
2025-07-30,2025-08-09,5.6,8.478816,-2.8788160324096683
2025-07-30,2025-08-10,11.8,8.590541,3.2094591140747077
2025-07-30,2025-08-11,13.1,8.20193,4.898069953918457
2025-07-30,2025-08-12,13.4,8.466692,4.933308029174805
2025-07-30,2025-08-13,16.8,8.168163,8.631836700439454
2025-07-31,2025-08-01,3.7,5.6654577,-1.9654577255249022
2025-07-31,2025-08-02,4.9,5.974961,-1.0749608039855953
2025-07-31,2025-08-03,6.1000000000000005,5.731841,0.36815891265869194
2025-07-31,2025-08-04,4.7,6.927265,-2.227265167236328
2025-07-31,2025-08-05,4.7,7.7283425,-3.028342533111572
2025-07-31,2025-08-06,6.3,7.939959,-1.6399590492248537
2025-07-31,2025-08-07,6.500000000000001,7.864369,-1.3643689155578604
2025-07-31,2025-08-08,7.4,8.419117,-1.0191169738769528
2025-07-31,2025-08-09,5.6,8.453084,-2.853083992004395
2025-07-31,2025-08-10,11.8,8.731038,3.068961906433106
2025-07-31,2025-08-11,13.1,8.787159,4.3128410339355465
2025-07-31,2025-08-12,13.4,8.444051,4.955949211120606
2025-07-31,2025-08-13,16.8,8.680202,8.119798469543458
2025-07-31,2025-08-14,7.0,8.329523,-1.3295230865478516
2025-08-01,2025-08-02,4.9,5.678673,-0.7786727905273434
2025-08-01,2025-08-03,6.1000000000000005,6.1776485,-0.0776485443115229
2025-08-01,2025-08-04,4.7,5.839996,-1.1399958610534666
2025-08-01,2025-08-05,4.7,7.166307,-2.466306972503662
2025-08-01,2025-08-06,6.3,8.108324,-1.8083240509033205
2025-08-01,2025-08-07,6.500000000000001,8.33358,-1.8335800170898429
2025-08-01,2025-08-08,7.4,8.094934,-0.6949344635009762
2025-08-01,2025-08-09,5.6,8.519041,-2.9190410614013675
2025-08-01,2025-08-10,11.8,8.478499,3.3215005874633796
2025-08-01,2025-08-11,13.1,8.888254,4.211745834350586
2025-08-01,2025-08-12,13.4,8.824694,4.57530632019043
2025-08-01,2025-08-13,16.8,8.505353,8.294647026062012
2025-08-01,2025-08-14,7.0,8.602256,-1.6022558212280273
2025-08-01,2025-08-15,5.8,8.147662,-2.347662162780762
2025-08-02,2025-08-03,6.1000000000000005,5.799694,0.30030593872070366
2025-08-02,2025-08-04,4.7,6.64423,-1.9442298889160154
2025-08-02,2025-08-05,4.7,6.359127,-1.6591270446777342
2025-08-02,2025-08-06,6.3,7.6779575,-1.3779575347900392
2025-08-02,2025-08-07,6.500000000000001,8.386731,-1.8867311477661124
2025-08-02,2025-08-08,7.4,8.669384,-1.2693840026855465
2025-08-02,2025-08-09,5.6,8.473398,-2.8733982086181644
2025-08-02,2025-08-10,11.8,8.540869,3.2591312408447273
2025-08-02,2025-08-11,13.1,8.778344,4.3216558456420895
2025-08-02,2025-08-12,13.4,9.065389,4.334611320495606
2025-08-02,2025-08-13,16.8,8.90282,7.897180366516114
2025-08-02,2025-08-14,7.0,8.3951235,-1.3951234817504883
2025-08-02,2025-08-15,5.8,8.254141,-2.454140853881836
2025-08-02,2025-08-16,6.1000000000000005,7.7954597,-1.6954597473144526
2025-08-03,2025-08-04,4.7,5.976003,-1.2760031700134276
2025-08-03,2025-08-05,4.7,7.174775,-2.4747751235961912
2025-08-03,2025-08-06,6.3,7.0152984,-0.715298366546631
2025-08-03,2025-08-07,6.500000000000001,8.172497,-1.672496795654296
2025-08-03,2025-08-08,7.4,8.53178,-1.1317802429199215
2025-08-03,2025-08-09,5.6,8.901394,-3.3013938903808597
2025-08-03,2025-08-10,11.8,8.924243,2.875757026672364
2025-08-03,2025-08-11,13.1,8.456535,4.643464660644531
2025-08-03,2025-08-12,13.4,9.135769,4.264231109619141
2025-08-03,2025-08-13,16.8,9.187652,7.612348365783692
2025-08-03,2025-08-14,7.0,8.947484,-1.947484016418457
2025-08-03,2025-08-15,5.8,8.117841,-2.3178407669067385
2025-08-03,2025-08-16,6.1000000000000005,7.8467627,-1.7467626571655268
2025-08-03,2025-08-17,4.3,7.3521843,-3.052184295654297
2025-08-04,2025-08-05,4.7,6.359592,-1.6595919609069822
2025-08-04,2025-08-06,6.3,7.454661,-1.1546608924865724
2025-08-04,2025-08-07,6.500000000000001,7.26781,-0.7678098678588858
2025-08-04,2025-08-08,7.4,8.371916,-0.9719158172607418
2025-08-04,2025-08-09,5.6,8.674758,-3.0747579574584964
2025-08-04,2025-08-10,11.8,9.064634,2.7353656768798835
2025-08-04,2025-08-11,13.1,9.118477,3.9815231323242184
2025-08-04,2025-08-12,13.4,8.504588,4.89541187286377
2025-08-04,2025-08-13,16.8,9.098534,7.701466369628907
2025-08-04,2025-08-14,7.0,9.000372,-2.0003719329833984
2025-08-04,2025-08-15,5.8,8.657778,-2.857777786254883
2025-08-04,2025-08-16,6.1000000000000005,7.847241,-1.7472409248352045
2025-08-04,2025-08-17,4.3,7.52805,-3.228049945831299
2025-08-04,2025-08-18,3.4,7.0156183,-3.6156183242797852
2025-08-05,2025-08-06,6.3,6.8272977,-0.5272976875305178
2025-08-05,2025-08-07,6.500000000000001,7.7261686,-1.2261686325073233
2025-08-05,2025-08-08,7.4,7.47233,-0.07233009338378871
2025-08-05,2025-08-09,5.6,8.605605,-3.0056051254272464
2025-08-05,2025-08-10,11.8,8.900963,2.899037170410157
2025-08-05,2025-08-11,13.1,9.312045,3.7879549026489254
2025-08-05,2025-08-12,13.4,9.366693,4.033307456970215
2025-08-05,2025-08-13,16.8,8.647454,8.152545738220216
2025-08-05,2025-08-14,7.0,9.03642,-2.0364198684692383
2025-08-05,2025-08-15,5.8,8.805475,-3.0054752349853517
2025-08-05,2025-08-16,6.1000000000000005,8.358898,-2.2588981628417963
2025-08-05,2025-08-17,4.3,7.66034,-3.3603398323059084
2025-08-05,2025-08-18,3.4,7.3109393,-3.9109393119812013
2025-08-05,2025-08-19,5.699999999999999,6.817895,-1.1178949356079109
2025-08-06,2025-08-07,6.500000000000001,7.3335147,-0.833514690399169
2025-08-06,2025-08-08,7.4,8.032393,-0.6323934555053707
2025-08-06,2025-08-09,5.6,7.66317,-2.063169860839844
2025-08-06,2025-08-10,11.8,8.837706,2.9622943878173835
2025-08-06,2025-08-11,13.1,9.148158,3.9518419265747067
2025-08-06,2025-08-12,13.4,9.554981,3.8450187683105472
2025-08-06,2025-08-13,16.8,9.572689,7.227310943603516
2025-08-06,2025-08-14,7.0,8.755234,-1.7552337646484375
2025-08-06,2025-08-15,5.8,8.904603,-3.1046030044555666
2025-08-06,2025-08-16,6.1000000000000005,8.682969,-2.5829690933227534
2025-08-06,2025-08-17,4.3,8.11017,-3.810170364379883
2025-08-06,2025-08-18,3.4,7.5948043,-4.194804286956787
2025-08-06,2025-08-19,5.699999999999999,7.210727,-1.5107272148132331
2025-08-06,2025-08-20,4.0,6.790129,-2.7901291847229004
2025-08-07,2025-08-08,7.4,7.518568,-0.11856803894042933
2025-08-07,2025-08-09,5.6,8.185826,-2.5858263015747074
2025-08-07,2025-08-10,11.8,7.655585,4.144415187835694
2025-08-07,2025-08-11,13.1,8.825286,4.274714088439941
2025-08-07,2025-08-12,13.4,9.082505,4.3174947738647464
2025-08-07,2025-08-13,16.8,9.45186,7.348139572143555
2025-08-07,2025-08-14,7.0,9.448909,-2.448908805847168
2025-08-07,2025-08-15,5.8,8.613392,-2.8133918762207033
2025-08-07,2025-08-16,6.1000000000000005,8.538161,-2.4381612777709956
2025-08-07,2025-08-17,4.3,8.512814,-4.2128135681152346
2025-08-07,2025-08-18,3.4,7.777016,-4.377016162872314
2025-08-07,2025-08-19,5.699999999999999,7.455256,-1.7552559852600105
2025-08-07,2025-08-20,4.0,7.0986886,-3.0986886024475098
2025-08-07,2025-08-21,3.3,6.70595,-3.4059497833251955
2025-08-08,2025-08-09,5.6,7.5376744,-1.937674427032471
2025-08-08,2025-08-10,11.8,8.303072,3.496928024291993
2025-08-08,2025-08-11,13.1,7.6604366,5.439563369750976
2025-08-08,2025-08-12,13.4,8.710978,4.689022445678711
2025-08-08,2025-08-13,16.8,8.85325,7.946750450134278
2025-08-08,2025-08-14,7.0,9.187615,-2.187615394592285
2025-08-08,2025-08-15,5.8,9.171135,-3.371134948730469
2025-08-08,2025-08-16,6.1000000000000005,8.314815,-2.2148145675659174
2025-08-08,2025-08-17,4.3,8.042168,-3.742167663574219
2025-08-08,2025-08-18,3.4,8.331745,-4.931745147705078
2025-08-08,2025-08-19,5.699999999999999,7.446046,-1.7460458755493171
2025-08-08,2025-08-20,4.0,7.2137494,-3.213749408721924
2025-08-08,2025-08-21,3.3,6.9715075,-3.671507549285889
2025-08-08,2025-08-22,5.1,6.6276755,-1.527675533294678
2025-08-09,2025-08-10,11.8,7.465258,4.334741878509522
2025-08-09,2025-08-11,13.1,8.42207,4.677930450439453
2025-08-09,2025-08-12,13.4,7.8660336,5.533966445922852
2025-08-09,2025-08-13,16.8,8.689576,8.110423851013184
2025-08-09,2025-08-14,7.0,8.515054,-1.5150537490844727
2025-08-09,2025-08-15,5.8,8.848544,-3.0485441207885744
2025-08-09,2025-08-16,6.1000000000000005,9.017273,-2.9172729492187495
2025-08-09,2025-08-17,4.3,7.9384456,-3.638445568084717
2025-08-09,2025-08-18,3.4,7.8926754,-4.492675399780273
2025-08-09,2025-08-19,5.699999999999999,8.237929,-2.537929344177247
2025-08-09,2025-08-20,4.0,7.2923408,-3.2923407554626465
2025-08-09,2025-08-21,3.3,6.945609,-3.6456090927124025
2025-08-09,2025-08-22,5.1,6.7085404,-1.6085404396057132
2025-08-09,2025-08-23,6.1000000000000005,6.504201,-0.404200935363769
2025-08-10,2025-08-11,13.1,7.5064535,5.5935464859008786
2025-08-10,2025-08-12,13.4,8.634742,4.7652582168579105
2025-08-10,2025-08-13,16.8,8.211881,8.588119316101075
2025-08-10,2025-08-14,7.0,8.76768,-1.7676801681518555
2025-08-10,2025-08-15,5.8,8.248737,-2.4487373352050783
2025-08-10,2025-08-16,6.1000000000000005,8.606326,-2.5063261032104487
2025-08-10,2025-08-17,4.3,9.016678,-4.716677856445313
2025-08-10,2025-08-18,3.4,7.59429,-4.194289779663086
2025-08-10,2025-08-19,5.699999999999999,7.9373083,-2.237308311462403
2025-08-10,2025-08-20,4.0,8.185073,-4.185072898864746
2025-08-10,2025-08-21,3.3,7.3313694,-4.031369400024414
2025-08-10,2025-08-22,5.1,6.736951,-1.6369508743286136
2025-08-10,2025-08-23,6.1000000000000005,6.5345564,-0.43455638885497994
2025-08-10,2025-08-24,1.8,6.4506307,-4.65063066482544
2025-08-11,2025-08-12,13.4,8.066675,5.333324813842774
2025-08-11,2025-08-13,16.8,8.834287,7.9657133102417
2025-08-11,2025-08-14,7.0,8.374225,-1.3742246627807617
2025-08-11,2025-08-15,5.8,8.82136,-3.0213596343994142
2025-08-11,2025-08-16,6.1000000000000005,8.278692,-2.178692245483398
2025-08-11,2025-08-17,4.3,8.566567,-4.266567420959473
2025-08-11,2025-08-18,3.4,8.946878,-5.546878433227539
2025-08-11,2025-08-19,5.699999999999999,7.6354733,-1.9354732513427741
2025-08-11,2025-08-20,4.0,7.875864,-3.875864028930664
2025-08-11,2025-08-21,3.3,7.9981503,-4.69815034866333
2025-08-11,2025-08-22,5.1,7.2566214,-2.156621360778809
2025-08-11,2025-08-23,6.1000000000000005,6.7743964,-0.674396419525146
2025-08-11,2025-08-24,1.8,6.5983353,-4.798335266113281
2025-08-11,2025-08-25,6.2,6.6488123,-0.4488122940063475
2025-08-12,2025-08-13,16.8,8.648089,8.151910591125489
2025-08-12,2025-08-14,7.0,8.9671335,-1.9671335220336914
2025-08-12,2025-08-15,5.8,8.398113,-2.598113250732422
2025-08-12,2025-08-16,6.1000000000000005,8.8272,-2.7271999359130854
2025-08-12,2025-08-17,4.3,8.350662,-4.050662231445313
2025-08-12,2025-08-18,3.4,8.543887,-5.143887138366699
2025-08-12,2025-08-19,5.699999999999999,8.754112,-3.0541122436523445
2025-08-12,2025-08-20,4.0,7.7788687,-3.7788686752319336
2025-08-12,2025-08-21,3.3,7.723751,-4.4237510681152346
2025-08-12,2025-08-22,5.1,7.7604923,-2.660492324829102
2025-08-12,2025-08-23,6.1000000000000005,7.1531377,-1.0531376838684077
2025-08-12,2025-08-24,1.8,6.842509,-5.042508792877197
2025-08-12,2025-08-25,6.2,6.775046,-0.575045871734619
2025-08-12,2025-08-26,7.3,6.877409,0.42259101867675763
2025-08-13,2025-08-14,7.0,8.868556,-1.868556022644043
2025-08-13,2025-08-15,5.8,8.8531,-3.053099822998047
2025-08-13,2025-08-16,6.1000000000000005,8.111387,-2.0113872528076167
2025-08-13,2025-08-17,4.3,8.605817,-4.3058168411254885
2025-08-13,2025-08-18,3.4,8.284076,-4.884075736999511
2025-08-13,2025-08-19,5.699999999999999,8.352382,-2.6523817062377937
2025-08-13,2025-08-20,4.0,8.414771,-4.41477108001709
2025-08-13,2025-08-21,3.3,7.7474327,-4.4474327087402346
2025-08-13,2025-08-22,5.1,7.4792156,-2.3792156219482425
2025-08-13,2025-08-23,6.1000000000000005,7.546171,-1.4461711883544917
2025-08-13,2025-08-24,1.8,7.102745,-5.302745056152344
2025-08-13,2025-08-25,6.2,6.980302,-0.7803018569946287
2025-08-13,2025-08-26,7.3,6.9612617,0.3387382507324217
2025-08-13,2025-08-27,5.9,7.1018915,-1.2018915176391598
2025-08-14,2025-08-15,5.8,8.716812,-2.9168121337890627
2025-08-14,2025-08-16,6.1000000000000005,8.633688,-2.5336879730224604
2025-08-14,2025-08-17,4.3,7.776346,-3.4763462066650392
2025-08-14,2025-08-18,3.4,8.311635,-4.911635017395019
2025-08-14,2025-08-19,5.699999999999999,8.054048,-2.354047584533692
2025-08-14,2025-08-20,4.0,8.029297,-4.029296875
2025-08-14,2025-08-21,3.3,7.996643,-4.69664306640625
2025-08-14,2025-08-22,5.1,7.5472984,-2.4472984313964847
2025-08-14,2025-08-23,6.1000000000000005,7.263911,-1.1639107704162592
2025-08-14,2025-08-24,1.8,7.4051046,-5.605104637145996
2025-08-14,2025-08-25,6.2,7.0378656,-0.83786563873291
2025-08-14,2025-08-26,7.3,7.195385,0.10461502075195295
2025-08-14,2025-08-27,5.9,7.128144,-1.2281437873840328
2025-08-14,2025-08-28,3.6,7.310823,-3.7108229637145995
2025-08-15,2025-08-16,6.1000000000000005,8.318969,-2.218968772888183
2025-08-15,2025-08-17,4.3,8.35655,-4.056550216674805
2025-08-15,2025-08-18,3.4,7.4607487,-4.060748672485351
2025-08-15,2025-08-19,5.699999999999999,8.050346,-2.3503463745117195
2025-08-15,2025-08-20,4.0,7.8012033,-3.8012032508850098
2025-08-15,2025-08-21,3.3,7.7395253,-4.439525318145752
2025-08-15,2025-08-22,5.1,7.6935716,-2.5935715675354007
2025-08-15,2025-08-23,6.1000000000000005,7.289468,-1.1894678115844721
2025-08-15,2025-08-24,1.8,7.085149,-5.285148811340332
2025-08-15,2025-08-25,6.2,7.398588,-1.198588180541992
2025-08-15,2025-08-26,7.3,7.0317907,0.2682092666625975
2025-08-15,2025-08-27,5.9,7.302285,-1.4022851943969723
2025-08-15,2025-08-28,3.6,7.2216496,-3.621649646759033
2025-08-15,2025-08-29,4.9,7.4676404,-2.567640399932861
2025-08-16,2025-08-17,4.3,7.961917,-3.6619169235229494
2025-08-16,2025-08-18,3.4,8.208162,-4.8081623077392575
2025-08-16,2025-08-19,5.699999999999999,7.487933,-1.7879331588745124
2025-08-16,2025-08-20,4.0,7.909716,-3.9097161293029785
2025-08-16,2025-08-21,3.3,7.5084667,-4.208466720581055
2025-08-16,2025-08-22,5.1,7.461346,-2.3613461494445804
2025-08-16,2025-08-23,6.1000000000000005,7.6050253,-1.5050252914428706
2025-08-16,2025-08-24,1.8,7.1116714,-5.311671447753906
2025-08-16,2025-08-25,6.2,7.198059,-0.9980590820312498
2025-08-16,2025-08-26,7.3,7.6269565,-0.3269564628601076
2025-08-16,2025-08-27,5.9,7.2069783,-1.306978321075439
2025-08-16,2025-08-28,3.6,7.354135,-3.7541350364685058
2025-08-16,2025-08-29,4.9,7.2950616,-2.395061588287353
2025-08-16,2025-08-30,3.8,7.6051474,-3.8051473617553713
2025-08-17,2025-08-18,3.4,7.764848,-4.364848232269287
2025-08-17,2025-08-19,5.699999999999999,8.197604,-2.497604179382325
2025-08-17,2025-08-20,4.0,7.8050213,-3.805021286010742
2025-08-17,2025-08-21,3.3,8.031101,-4.731101226806641
2025-08-17,2025-08-22,5.1,7.4077077,-2.3077076911926273
2025-08-17,2025-08-23,6.1000000000000005,7.4496984,-1.3496984481811518
2025-08-17,2025-08-24,1.8,7.868978,-6.068978023529053
2025-08-17,2025-08-25,6.2,7.054398,-0.8543980598449705
2025-08-17,2025-08-26,7.3,7.6009307,-0.30093069076538104
2025-08-17,2025-08-27,5.9,7.9631553,-2.0631552696228024
2025-08-17,2025-08-28,3.6,7.4713154,-3.8713153839111327
2025-08-17,2025-08-29,4.9,7.356889,-2.4568887710571286
2025-08-17,2025-08-30,3.8,7.3709183,-3.5709182739257814
2025-08-17,2025-08-31,4.6,7.655701,-3.0557011604309086
2025-08-18,2025-08-19,5.699999999999999,7.802942,-2.102941799163819
2025-08-18,2025-08-20,4.0,8.065813,-4.065813064575195
2025-08-18,2025-08-21,3.3,7.7638903,-4.463890266418457
2025-08-18,2025-08-22,5.1,7.9956098,-2.895609760284424
2025-08-18,2025-08-23,6.1000000000000005,7.5548267,-1.4548267364501948
2025-08-18,2025-08-24,1.8,7.6190414,-5.819041442871094
2025-08-18,2025-08-25,6.2,8.048152,-1.8481519699096678
2025-08-18,2025-08-26,7.3,7.340328,-0.04032821655273455
2025-08-18,2025-08-27,5.9,7.859937,-1.9599371910095211
2025-08-18,2025-08-28,3.6,8.157833,-4.557833099365235
2025-08-18,2025-08-29,4.9,7.634167,-2.7341671943664547
2025-08-18,2025-08-30,3.8,7.5049043,-3.7049042701721193
2025-08-18,2025-08-31,4.6,7.5988884,-2.9988883972167972
2025-08-18,2025-09-01,4.6,7.783598,-3.1835979461669925
2025-08-19,2025-08-20,4.0,7.878829,-3.878829002380371
2025-08-19,2025-08-21,3.3,7.940248,-4.640248012542725
2025-08-19,2025-08-22,5.1,7.6024747,-2.502474689483643
2025-08-19,2025-08-23,6.1000000000000005,7.9711943,-1.8711942672729487
2025-08-19,2025-08-24,1.8,7.8059225,-6.005922508239746
2025-08-19,2025-08-25,6.2,7.861174,-1.6611741065979002
2025-08-19,2025-08-26,7.3,8.242259,-0.9422590255737306
2025-08-19,2025-08-27,5.9,7.734913,-1.8349128723144528
2025-08-19,2025-08-28,3.6,8.074487,-4.4744867324829105
2025-08-19,2025-08-29,4.9,8.325089,-3.4250894546508786
2025-08-19,2025-08-30,3.8,7.789352,-3.9893519401550295
2025-08-19,2025-08-31,4.6,7.7282953,-3.1282953262329105
2025-08-19,2025-09-01,4.6,7.8723874,-3.2723874092102054
2025-08-19,2025-09-02,4.3,7.947315,-3.6473152160644533
2025-08-20,2025-08-21,3.3,7.8656316,-4.565631580352783
2025-08-20,2025-08-22,5.1,7.826086,-2.726086044311524
2025-08-20,2025-08-23,6.1000000000000005,7.4202547,-1.3202547073364252
2025-08-20,2025-08-24,1.8,7.9951954,-6.1951953887939455
2025-08-20,2025-08-25,6.2,8.088674,-1.8886735916137694
2025-08-20,2025-08-26,7.3,8.125328,-0.8253280639648439
2025-08-20,2025-08-27,5.9,8.460545,-2.5605445861816403
2025-08-20,2025-08-28,3.6,8.090623,-4.490622901916504
2025-08-20,2025-08-29,4.9,8.271817,-3.3718172073364254
2025-08-20,2025-08-30,3.8,8.550031,-4.7500307083129885
2025-08-20,2025-08-31,4.6,7.891295,-3.2912949562072757
2025-08-20,2025-09-01,4.6,7.9895787,-3.389578723907471
2025-08-20,2025-09-02,4.3,8.126031,-3.8260309219360353
2025-08-20,2025-09-03,4.3,8.060976,-3.760976028442383
2025-08-21,2025-08-22,5.1,7.795653,-2.6956528663635257
2025-08-21,2025-08-23,6.1000000000000005,7.789498,-1.689497852325439
2025-08-21,2025-08-24,1.8,7.3708377,-5.570837688446045
2025-08-21,2025-08-25,6.2,8.0627575,-1.8627574920654295
2025-08-21,2025-08-26,7.3,8.298625,-0.9986249923706056
2025-08-21,2025-08-27,5.9,8.318182,-2.418181991577148
2025-08-21,2025-08-28,3.6,8.630728,-5.030727767944336
2025-08-21,2025-08-29,4.9,8.308379,-3.4083791732788082
2025-08-21,2025-08-30,3.8,8.342642,-4.542641830444336
2025-08-21,2025-08-31,4.6,8.850364,-4.250363731384278
2025-08-21,2025-09-01,4.6,7.9531875,-3.353187465667725
2025-08-21,2025-09-02,4.3,8.21358,-3.913580131530762
2025-08-21,2025-09-03,4.3,8.289132,-3.989132118225098
2025-08-21,2025-09-04,6.4,8.141336,-1.7413364410400387
2025-08-22,2025-08-23,6.1000000000000005,7.541018,-1.4410180091857905
2025-08-22,2025-08-24,1.8,7.7800207,-5.9800207138061525
2025-08-22,2025-08-25,6.2,7.4090123,-1.2090123176574705
2025-08-22,2025-08-26,7.3,8.124586,-0.8245861053466799
2025-08-22,2025-08-27,5.9,8.400744,-2.5007444381713864
2025-08-22,2025-08-28,3.6,8.484259,-4.884258651733399
2025-08-22,2025-08-29,4.9,8.781395,-3.8813949584960934
2025-08-22,2025-08-30,3.8,8.3217,-4.521700096130371
2025-08-22,2025-08-31,4.6,8.308428,-3.7084278106689457
2025-08-22,2025-09-01,4.6,9.120172,-4.5201715469360355
2025-08-22,2025-09-02,4.3,8.008719,-3.7087194442749025
2025-08-22,2025-09-03,4.3,8.230072,-3.930072021484375
2025-08-22,2025-09-04,6.4,8.290723,-1.890722846984863
2025-08-22,2025-09-05,6.3,8.125539,-1.8255388259887697
2025-08-23,2025-08-24,1.8,7.47498,-5.674979877471924
2025-08-23,2025-08-25,6.2,7.972501,-1.7725008010864256
2025-08-23,2025-08-26,7.3,7.7523975,-0.4523975372314455
2025-08-23,2025-08-27,5.9,8.325277,-2.4252773284912106
2025-08-23,2025-08-28,3.6,8.424101,-4.8241008758544925
2025-08-23,2025-08-29,4.9,8.54454,-3.644540405273437
2025-08-23,2025-08-30,3.8,9.005553,-5.205553245544434
2025-08-23,2025-08-31,4.6,8.3245125,-3.7245124816894535
2025-08-23,2025-09-01,4.6,8.512684,-3.9126838684082035
2025-08-23,2025-09-02,4.3,9.4072075,-5.107207489013672
2025-08-23,2025-09-03,4.3,8.201903,-3.9019033432006838
2025-08-23,2025-09-04,6.4,8.242605,-1.8426052093505856
2025-08-23,2025-09-05,6.3,8.182711,-1.882710647583008
2025-08-23,2025-09-06,6.2,8.077658,-1.8776576995849608
2025-08-24,2025-08-25,6.2,7.4150004,-1.2150004386901854
2025-08-24,2025-08-26,7.3,8.166614,-0.8666135787963869
2025-08-24,2025-08-27,5.9,8.203345,-2.3033452987670895
2025-08-24,2025-08-28,3.6,8.5832405,-4.9832405090332035
2025-08-24,2025-08-29,4.9,8.425256,-3.52525577545166
2025-08-24,2025-08-30,3.8,8.628865,-4.828865242004395
2025-08-24,2025-08-31,4.6,9.31009,-4.710090065002442
2025-08-24,2025-09-01,4.6,8.247283,-3.647282981872559
2025-08-24,2025-09-02,4.3,8.825824,-4.525823783874512
2025-08-24,2025-09-03,4.3,9.601847,-5.301846694946289
2025-08-24,2025-09-04,6.4,8.437308,-2.037308311462402
2025-08-24,2025-09-05,6.3,8.194341,-1.8943407058715822
2025-08-24,2025-09-06,6.2,8.02007,-1.8200700759887694
2025-08-24,2025-09-07,5.9,7.949534,-2.049533939361572
2025-08-25,2025-08-26,7.3,7.634965,-0.3349649429321291
2025-08-25,2025-08-27,5.9,8.242939,-2.3429389953613278
2025-08-25,2025-08-28,3.6,8.360432,-4.7604316711425785
2025-08-25,2025-08-29,4.9,8.67671,-3.7767101287841793
2025-08-25,2025-08-30,3.8,8.602837,-4.802836608886719
2025-08-25,2025-08-31,4.6,8.799486,-4.199486160278321
2025-08-25,2025-09-01,4.6,9.436527,-4.836527252197266
2025-08-25,2025-09-02,4.3,8.416263,-4.116262626647949
2025-08-25,2025-09-03,4.3,8.927567,-4.627566528320313
2025-08-25,2025-09-04,6.4,9.617878,-3.2178779602050778
2025-08-25,2025-09-05,6.3,8.530856,-2.2308561325073244
2025-08-25,2025-09-06,6.2,8.221572,-2.021571922302246
2025-08-25,2025-09-07,5.9,8.013371,-2.1133714675903317
2025-08-25,2025-09-08,5.2,7.9991326,-2.7991326332092283
2025-08-26,2025-08-27,5.9,7.647592,-1.7475920677185055
2025-08-26,2025-08-28,3.6,8.114125,-4.51412525177002
2025-08-26,2025-08-29,4.9,8.136804,-3.23680362701416
2025-08-26,2025-08-30,3.8,8.534094,-4.734093856811524
2025-08-26,2025-08-31,4.6,8.660796,-4.060796165466309
2025-08-26,2025-09-01,4.6,8.839608,-4.239608192443848
2025-08-26,2025-09-02,4.3,9.375238,-5.075238418579102
2025-08-26,2025-09-03,4.3,8.552023,-4.252022933959961
2025-08-26,2025-09-04,6.4,8.882963,-2.482963180541992
2025-08-26,2025-09-05,6.3,9.446458,-3.146457862854004
2025-08-26,2025-09-06,6.2,8.527968,-2.327968406677246
2025-08-26,2025-09-07,5.9,8.251278,-2.351277923583984
2025-08-26,2025-09-08,5.2,8.0429,-2.8429000854492186
2025-08-26,2025-09-09,5.6,8.012941,-2.412941360473633
2025-08-27,2025-08-28,3.6,7.4897046,-3.8897046089172362
2025-08-27,2025-08-29,4.9,7.8717847,-2.971784687042236
2025-08-27,2025-08-30,3.8,7.7894945,-3.989494514465332
2025-08-27,2025-08-31,4.6,8.2766075,-3.6766075134277347
2025-08-27,2025-09-01,4.6,8.62709,-4.027090454101563
2025-08-27,2025-09-02,4.3,8.786104,-4.486104202270508
2025-08-27,2025-09-03,4.3,9.2111845,-4.911184501647949
2025-08-27,2025-09-04,6.4,8.577438,-2.177438354492187
2025-08-27,2025-09-05,6.3,8.727755,-2.427754592895508
2025-08-27,2025-09-06,6.2,9.300951,-3.10095100402832
2025-08-27,2025-09-07,5.9,8.488221,-2.588221168518066
2025-08-27,2025-09-08,5.2,8.327184,-3.127183723449707
2025-08-27,2025-09-09,5.6,8.10329,-2.503289604187012
2025-08-27,2025-09-10,4.9,8.041537,-3.141537284851074
2025-08-28,2025-08-29,4.9,7.1143184,-2.2143183708190914
2025-08-28,2025-08-30,3.8,7.5556746,-3.7556745529174806
2025-08-28,2025-08-31,4.6,7.4126363,-2.812636280059815
2025-08-28,2025-09-01,4.6,7.9716763,-3.371676349639893
2025-08-28,2025-09-02,4.3,8.450912,-4.150912475585938
2025-08-28,2025-09-03,4.3,8.589353,-4.289352607727051
2025-08-28,2025-09-04,6.4,8.948362,-2.548362350463867
2025-08-28,2025-09-05,6.3,8.414143,-2.1141426086425783
2025-08-28,2025-09-06,6.2,8.467853,-2.2678525924682615
2025-08-28,2025-09-07,5.9,9.199484,-3.2994838714599606
2025-08-28,2025-09-08,5.2,8.394441,-3.1944406509399412
2025-08-28,2025-09-09,5.6,8.382749,-2.782748603820801
2025-08-28,2025-09-10,4.9,8.116295,-3.2162948608398434
2025-08-28,2025-09-11,5.1,8.056179,-2.9561790466308597
2025-08-29,2025-08-30,3.8,6.560543,-2.7605430603027346
2025-08-29,2025-08-31,4.6,7.1933417,-2.593341732025147
2025-08-29,2025-09-01,4.6,7.0108824,-2.410882377624512
2025-08-29,2025-09-02,4.3,7.599407,-3.299407196044922
2025-08-29,2025-09-03,4.3,8.212346,-3.912346076965332
2025-08-29,2025-09-04,6.4,8.292572,-1.8925720214843746
2025-08-29,2025-09-05,6.3,8.663823,-2.363823127746582
2025-08-29,2025-09-06,6.2,8.182243,-1.9822433471679686
2025-08-29,2025-09-07,5.9,8.162584,-2.26258430480957
2025-08-29,2025-09-08,5.2,9.192841,-3.992840576171875
2025-08-29,2025-09-09,5.6,8.359373,-2.7593730926513675
2025-08-29,2025-09-10,4.9,8.334812,-3.4348121643066403
2025-08-29,2025-09-11,5.1,8.16446,-3.0644601821899418
2025-08-29,2025-09-12,5.8,8.105893,-2.305893135070801
2025-08-30,2025-08-31,4.6,6.0955124,-1.495512390136719
2025-08-30,2025-09-01,4.6,6.937044,-2.337044143676758
2025-08-30,2025-09-02,4.3,6.89122,-2.5912200927734377
2025-08-30,2025-09-03,4.3,7.3657312,-3.065731239318848
2025-08-30,2025-09-04,6.4,7.89679,-1.4967900276184078
2025-08-30,2025-09-05,6.3,7.947551,-1.6475507736206056
2025-08-30,2025-09-06,6.2,8.48078,-2.2807796478271483
2025-08-30,2025-09-07,5.9,7.8941746,-1.9941745758056637
2025-08-30,2025-09-08,5.2,8.115888,-2.915887641906738
2025-08-30,2025-09-09,5.6,9.173287,-3.573287391662598
2025-08-30,2025-09-10,4.9,8.409209,-3.5092092514038082
2025-08-30,2025-09-11,5.1,8.24971,-3.149710083007813
2025-08-30,2025-09-12,5.8,8.124562,-2.3245622634887697
2025-08-30,2025-09-13,4.6,8.098244,-3.4982437133789066
2025-08-31,2025-09-01,4.6,5.791837,-1.1918372154235843
2025-08-31,2025-09-02,4.3,6.796085,-2.4960848808288576
2025-08-31,2025-09-03,4.3,7.0549436,-2.7549435615539553
2025-08-31,2025-09-04,6.4,7.349796,-0.9497958183288571
2025-08-31,2025-09-05,6.3,7.6193805,-1.3193804740905763
2025-08-31,2025-09-06,6.2,7.693774,-1.4937742233276365
2025-08-31,2025-09-07,5.9,8.451962,-2.5519624710083004
2025-08-31,2025-09-08,5.2,7.6069303,-2.4069302558898924
2025-08-31,2025-09-09,5.6,8.216782,-2.616781616210938
2025-08-31,2025-09-10,4.9,9.137776,-4.237776374816894
2025-08-31,2025-09-11,5.1,8.449884,-3.349884414672852
2025-08-31,2025-09-12,5.8,8.032163,-2.232162666320801
2025-08-31,2025-09-13,4.6,7.9992924,-3.399292373657227
2025-08-31,2025-09-14,3.5,7.9696903,-4.469690322875977
2025-09-01,2025-09-02,4.3,6.0361633,-1.7361633300781252
2025-09-01,2025-09-03,4.3,6.7620482,-2.4620482444763185
2025-09-01,2025-09-04,6.4,7.191326,-0.7913261413574215
2025-09-01,2025-09-05,6.3,7.500802,-1.2008020401000978
2025-09-01,2025-09-06,6.2,7.8772287,-1.6772287368774412
2025-09-01,2025-09-07,5.9,7.929847,-2.0298467636108395
2025-09-01,2025-09-08,5.2,8.506857,-3.3068569183349608
2025-09-01,2025-09-09,5.6,7.7125287,-2.112528705596924
2025-09-01,2025-09-10,4.9,8.229804,-3.3298040390014645
2025-09-01,2025-09-11,5.1,8.981192,-3.8811916351318363
2025-09-01,2025-09-12,5.8,8.318028,-2.518028450012207
2025-09-01,2025-09-13,4.6,7.8053846,-3.2053846359252933
2025-09-01,2025-09-14,3.5,7.8575397,-4.357539653778076
2025-09-01,2025-09-15,5.4,7.758071,-2.3580709457397457
2025-09-02,2025-09-03,4.3,6.535402,-2.235401821136475
2025-09-02,2025-09-04,6.4,6.9615335,-0.5615335464477536
2025-09-02,2025-09-05,6.3,7.349415,-1.0494148254394533
2025-09-02,2025-09-06,6.2,7.761479,-1.5614789009094237
2025-09-02,2025-09-07,5.9,8.282219,-2.3822189331054684
2025-09-02,2025-09-08,5.2,8.325049,-3.1250494003295897
2025-09-02,2025-09-09,5.6,8.655173,-3.0551733016967777
2025-09-02,2025-09-10,4.9,7.9572167,-3.0572167396545407
2025-09-02,2025-09-11,5.1,8.216036,-3.116035842895508
2025-09-02,2025-09-12,5.8,8.77755,-2.977549743652344
2025-09-02,2025-09-13,4.6,8.157128,-3.5571283340454105
2025-09-02,2025-09-14,3.5,7.65937,-4.159369945526123
2025-09-02,2025-09-15,5.4,7.749503,-2.349503135681152
2025-09-02,2025-09-16,5.299999999999999,7.5581927,-2.2581927299499522
2025-09-03,2025-09-04,6.4,6.754476,-0.3544760704040524
2025-09-03,2025-09-05,6.3,6.954283,-0.6542832374572756
2025-09-03,2025-09-06,6.2,7.2357197,-1.0357196807861326
2025-09-03,2025-09-07,5.9,7.89915,-1.9991498947143551
2025-09-03,2025-09-08,5.2,8.538238,-3.3382375717163084
2025-09-03,2025-09-09,5.6,8.527573,-2.927572631835938
2025-09-03,2025-09-10,4.9,8.71033,-3.810330009460449
2025-09-03,2025-09-11,5.1,8.063174,-2.9631742477416996
2025-09-03,2025-09-12,5.8,8.098727,-2.2987272262573244
2025-09-03,2025-09-13,4.6,8.620281,-4.020281219482422
2025-09-03,2025-09-14,3.5,7.9303665,-4.430366516113281
2025-09-03,2025-09-15,5.4,7.481334,-2.0813342094421383
2025-09-03,2025-09-16,5.299999999999999,7.6253605,-2.3253604888916026
2025-09-03,2025-09-17,3.8,7.3604217,-3.560421657562256
2025-09-04,2025-09-05,6.3,7.0884395,-0.788439464569092
2025-09-04,2025-09-06,6.2,7.1807957,-0.9807956695556639
2025-09-04,2025-09-07,5.9,7.2599516,-1.3599515914916989
2025-09-04,2025-09-08,5.2,8.105755,-2.9057548522949217
2025-09-04,2025-09-09,5.6,8.762406,-3.1624063491821293
2025-09-04,2025-09-10,4.9,8.710975,-3.8109746932983395
2025-09-04,2025-09-11,5.1,8.738058,-3.6380580902099613
2025-09-04,2025-09-12,5.8,8.042151,-2.24215145111084
2025-09-04,2025-09-13,4.6,7.870636,-3.2706359863281254
2025-09-04,2025-09-14,3.5,8.407676,-4.907675743103027
2025-09-04,2025-09-15,5.4,7.6292562,-2.2292562484741207
2025-09-04,2025-09-16,5.299999999999999,7.296817,-1.9968168258667003
2025-09-04,2025-09-17,3.8,7.389854,-3.5898539543151857
2025-09-04,2025-09-18,4.5,7.118577,-2.618577003479004
2025-09-05,2025-09-06,6.2,7.399706,-1.1997058868408201
2025-09-05,2025-09-07,5.9,7.513187,-1.613186931610107
2025-09-05,2025-09-08,5.2,7.423535,-2.223534870147705
2025-09-05,2025-09-09,5.6,8.33147,-2.731469535827637
2025-09-05,2025-09-10,4.9,8.878604,-3.978603935241699
2025-09-05,2025-09-11,5.1,8.812094,-3.7120937347412113
2025-09-05,2025-09-12,5.8,8.703732,-2.9037315368652346
2025-09-05,2025-09-13,4.6,7.8748875,-3.2748874664306644
2025-09-05,2025-09-14,3.5,7.539516,-4.039515972137451
2025-09-05,2025-09-15,5.4,8.196873,-2.7968727111816403
2025-09-05,2025-09-16,5.299999999999999,7.3082914,-2.0082914352417003
2025-09-05,2025-09-17,3.8,7.0055304,-3.20553035736084
2025-09-05,2025-09-18,4.5,7.0856833,-2.5856833457946777
2025-09-05,2025-09-19,8.0,6.8943696,1.1056303977966309
2025-09-06,2025-09-07,5.9,7.7652025,-1.8652025222778317
2025-09-06,2025-09-08,5.2,8.015103,-2.8151033401489256
2025-09-06,2025-09-09,5.6,7.907416,-2.307415866851807
2025-09-06,2025-09-10,4.9,8.647239,-3.747238731384277
2025-09-06,2025-09-11,5.1,8.827665,-3.7276653289794925
2025-09-06,2025-09-12,5.8,8.767832,-2.9678318023681642
2025-09-06,2025-09-13,4.6,8.717785,-4.117784881591797
2025-09-06,2025-09-14,3.5,7.6787934,-4.178793430328369
2025-09-06,2025-09-15,5.4,7.433806,-2.0338059425354
2025-09-06,2025-09-16,5.299999999999999,8.099838,-2.7998382568359386
2025-09-06,2025-09-17,3.8,7.1052084,-3.3052083969116213
2025-09-06,2025-09-18,4.5,6.656763,-2.1567630767822266
2025-09-06,2025-09-19,8.0,6.78565,1.2143502235412598
2025-09-06,2025-09-20,5.6,6.724028,-1.1240281105041507
2025-09-07,2025-09-08,5.2,8.054761,-2.854760932922363
2025-09-07,2025-09-09,5.6,8.409616,-2.8096164703369144
2025-09-07,2025-09-10,4.9,8.404886,-3.5048862457275387
2025-09-07,2025-09-11,5.1,8.924972,-3.8249715805053714
2025-09-07,2025-09-12,5.8,8.63741,-2.8374101638793947
2025-09-07,2025-09-13,4.6,8.610355,-4.010355377197266
2025-09-07,2025-09-14,3.5,8.758856,-5.258855819702148
2025-09-07,2025-09-15,5.4,7.3690696,-1.9690695762634274
2025-09-07,2025-09-16,5.299999999999999,7.3891544,-2.0891544342041026
2025-09-07,2025-09-17,3.8,7.9439793,-4.143979263305664
2025-09-07,2025-09-18,4.5,6.9157615,-2.4157614707946777
2025-09-07,2025-09-19,8.0,6.203733,1.796267032623291
2025-09-07,2025-09-20,5.6,6.4322414,-0.8322414398193363
2025-09-07,2025-09-21,2.2,6.4343243,-4.234324264526367
2025-09-08,2025-09-09,5.6,8.414541,-2.8145412445068363
2025-09-08,2025-09-10,4.9,8.509978,-3.6099782943725582
2025-09-08,2025-09-11,5.1,8.502535,-3.402534866333008
2025-09-08,2025-09-12,5.8,8.927996,-3.1279956817626955
2025-09-08,2025-09-13,4.6,8.50675,-3.906750106811524
2025-09-08,2025-09-14,3.5,8.519551,-5.0195512771606445
2025-09-08,2025-09-15,5.4,8.675437,-3.275436973571777
2025-09-08,2025-09-16,5.299999999999999,7.308134,-2.0081340789794933
2025-09-08,2025-09-17,3.8,7.2416854,-3.4416853904724123
2025-09-08,2025-09-18,4.5,7.650052,-3.150052070617676
2025-09-08,2025-09-19,8.0,6.640532,1.3594679832458496
2025-09-08,2025-09-20,5.6,5.9308095,-0.3308094978332523
2025-09-08,2025-09-21,2.2,6.237912,-4.037912178039551
2025-09-08,2025-09-22,3.5,6.3152814,-2.815281391143799
2025-09-09,2025-09-10,4.9,8.777324,-3.877323722839355
2025-09-09,2025-09-11,5.1,8.5866375,-3.4866374969482425
2025-09-09,2025-09-12,5.8,8.49241,-2.692409706115723
2025-09-09,2025-09-13,4.6,8.890284,-4.290283584594727
2025-09-09,2025-09-14,3.5,8.481878,-4.981878280639648
2025-09-09,2025-09-15,5.4,8.544058,-3.1440578460693356
2025-09-09,2025-09-16,5.299999999999999,8.659556,-3.3595563888549815
2025-09-09,2025-09-17,3.8,7.374462,-3.574462127685547
2025-09-09,2025-09-18,4.5,7.1161294,-2.6161293983459473
2025-09-09,2025-09-19,8.0,7.4245896,0.5754103660583496
2025-09-09,2025-09-20,5.6,6.4561687,-0.8561686515808109
2025-09-09,2025-09-21,2.2,5.8748937,-3.6748936653137205
2025-09-09,2025-09-22,3.5,6.2461,-2.7460999488830566
2025-09-09,2025-09-23,3.3,6.41495,-3.114949893951416
2025-09-10,2025-09-11,5.1,8.878056,-3.778055572509766
2025-09-10,2025-09-12,5.8,8.483622,-2.6836215972900392
2025-09-10,2025-09-13,4.6,8.226494,-3.626493835449219
2025-09-10,2025-09-14,3.5,8.662406,-5.162405967712402
2025-09-10,2025-09-15,5.4,8.376893,-2.976893043518066
2025-09-10,2025-09-16,5.299999999999999,8.451432,-3.15143222808838
2025-09-10,2025-09-17,3.8,8.503785,-4.703785133361817
2025-09-10,2025-09-18,4.5,7.3726006,-2.872600555419922
2025-09-10,2025-09-19,8.0,6.8988614,1.1011385917663574
2025-09-10,2025-09-20,5.6,7.2872624,-1.6872624397277836
2025-09-10,2025-09-21,2.2,6.3378763,-4.137876319885254
2025-09-10,2025-09-22,3.5,5.9636545,-2.4636545181274414
2025-09-10,2025-09-23,3.3,6.379554,-3.07955379486084
2025-09-10,2025-09-24,3.7,6.57865,-2.8786499977111815
2025-09-11,2025-09-12,5.8,8.588865,-2.7888652801513674
2025-09-11,2025-09-13,4.6,8.226284,-3.6262840270996097
2025-09-11,2025-09-14,3.5,7.8406744,-4.34067440032959
2025-09-11,2025-09-15,5.4,8.374971,-2.9749713897705075
2025-09-11,2025-09-16,5.299999999999999,8.18217,-2.8821699142456065
2025-09-11,2025-09-17,3.8,8.244836,-4.44483585357666
2025-09-11,2025-09-18,4.5,8.338704,-3.8387041091918945
2025-09-11,2025-09-19,8.0,7.2506666,0.749333381652832
2025-09-11,2025-09-20,5.6,6.7185273,-1.1185273170471195
2025-09-11,2025-09-21,2.2,7.288921,-5.0889208793640135
2025-09-11,2025-09-22,3.5,6.247036,-2.7470359802246094
2025-09-11,2025-09-23,3.3,6.0433292,-2.7433292388916017
2025-09-11,2025-09-24,3.7,6.5056176,-2.805617618560791
2025-09-11,2025-09-25,3.8,6.679364,-2.8793642044067385
2025-09-12,2025-09-13,4.6,8.249175,-3.649175071716309
2025-09-12,2025-09-14,3.5,8.0452585,-4.545258522033691
2025-09-12,2025-09-15,5.4,7.557187,-2.1571870803833004
2025-09-12,2025-09-16,5.299999999999999,8.122622,-2.822621536254884
2025-09-12,2025-09-17,3.8,8.003125,-4.2031251907348635
2025-09-12,2025-09-18,4.5,8.039686,-3.5396862030029297
2025-09-12,2025-09-19,8.0,8.174859,-0.17485904693603516
2025-09-12,2025-09-20,5.6,7.0643315,-1.4643315315246586
2025-09-12,2025-09-21,2.2,6.4783254,-4.278325366973877
2025-09-12,2025-09-22,3.5,7.2933717,-3.7933716773986816
2025-09-12,2025-09-23,3.3,6.146813,-2.846812915802002
2025-09-12,2025-09-24,3.7,6.0514917,-2.3514917373657225
2025-09-12,2025-09-25,3.8,6.530118,-2.730117988586426
2025-09-12,2025-09-26,6.8,6.6934996,0.1065004348754881
2025-09-13,2025-09-14,3.5,7.866416,-4.366415977478027
2025-09-13,2025-09-15,5.4,7.932594,-2.5325938224792477
2025-09-13,2025-09-16,5.299999999999999,7.5009975,-2.200997543334962
2025-09-13,2025-09-17,3.8,7.966168,-4.16616792678833
2025-09-13,2025-09-18,4.5,7.717266,-3.217266082763672
2025-09-13,2025-09-19,8.0,7.7464404,0.25355958938598633
2025-09-13,2025-09-20,5.6,8.059017,-2.4590171813964847
2025-09-13,2025-09-21,2.2,6.8126783,-4.612678337097168
2025-09-13,2025-09-22,3.5,6.48152,-2.981520175933838
2025-09-13,2025-09-23,3.3,7.348053,-4.048052978515625
2025-09-13,2025-09-24,3.7,6.1974335,-2.4974334716796873
2025-09-13,2025-09-25,3.8,6.023283,-2.2232830047607424
2025-09-13,2025-09-26,6.8,6.467575,0.3324249267578123
2025-09-13,2025-09-27,9.7,6.69488,3.0051199913024895
2025-09-14,2025-09-15,5.4,7.544421,-2.1444211959838864
2025-09-14,2025-09-16,5.299999999999999,7.827722,-2.5277220726013194
2025-09-14,2025-09-17,3.8,7.5755825,-3.775582504272461
2025-09-14,2025-09-18,4.5,7.891304,-3.3913040161132812
2025-09-14,2025-09-19,8.0,7.454942,0.5450577735900879
2025-09-14,2025-09-20,5.6,7.5229278,-1.9229277610778812
2025-09-14,2025-09-21,2.2,8.098124,-5.898123550415039
2025-09-14,2025-09-22,3.5,6.542373,-3.0423731803894043
2025-09-14,2025-09-23,3.3,6.6348705,-3.334870529174805
2025-09-14,2025-09-24,3.7,7.415694,-3.715694236755371
2025-09-14,2025-09-25,3.8,6.334523,-2.5345232009887697
2025-09-14,2025-09-26,6.8,5.960267,0.8397329330444334
2025-09-14,2025-09-27,9.7,6.3755035,3.324496459960937
2025-09-14,2025-09-28,9.6,6.6798444,2.920155620574951
2025-09-15,2025-09-16,5.299999999999999,7.2410674,-1.941067409515382
2025-09-15,2025-09-17,3.8,7.514306,-3.7143060684204103
2025-09-15,2025-09-18,4.5,7.3001432,-2.800143241882324
2025-09-15,2025-09-19,8.0,7.646084,0.3539161682128906
2025-09-15,2025-09-20,5.6,7.1629705,-1.5629705429077152
2025-09-15,2025-09-21,2.2,7.2503543,-5.050354290008545
2025-09-15,2025-09-22,3.5,7.9563437,-4.456343650817871
2025-09-15,2025-09-23,3.3,6.4397125,-3.1397125244140627
2025-09-15,2025-09-24,3.7,6.5904126,-2.890412616729736
2025-09-15,2025-09-25,3.8,7.2019086,-3.401908588409424
2025-09-15,2025-09-26,6.8,6.15547,0.6445301055908201
2025-09-15,2025-09-27,9.7,5.814133,3.8858668327331536
2025-09-15,2025-09-28,9.6,6.2216206,3.378379440307617
2025-09-15,2025-09-29,9.8,6.4161386,3.3838613510131843
2025-09-16,2025-09-17,3.8,7.12751,-3.3275100708007814
2025-09-16,2025-09-18,4.5,7.330701,-2.8307008743286133
2025-09-16,2025-09-19,8.0,7.0477424,0.9522576332092285
2025-09-16,2025-09-20,5.6,7.449824,-1.8498238563537601
2025-09-16,2025-09-21,2.2,7.0885115,-4.88851146697998
2025-09-16,2025-09-22,3.5,7.184672,-3.6846718788146973
2025-09-16,2025-09-23,3.3,7.893319,-4.593319129943848
2025-09-16,2025-09-24,3.7,6.5367603,-2.836760330200195
2025-09-16,2025-09-25,3.8,6.571663,-2.7716629028320314
2025-09-16,2025-09-26,6.8,7.052415,-0.2524148941040041
2025-09-16,2025-09-27,9.7,6.0643415,3.635658454895019
2025-09-16,2025-09-28,9.6,5.9091177,3.690882301330566
2025-09-16,2025-09-29,9.8,6.3087783,3.491221714019776
2025-09-16,2025-09-30,11.399999999999999,6.4085975,4.991402530670165
2025-09-17,2025-09-18,4.5,6.978696,-2.478695869445801
2025-09-17,2025-09-19,8.0,7.043081,0.9569191932678223
2025-09-17,2025-09-20,5.6,6.6547112,-1.0547112464904789
2025-09-17,2025-09-21,2.2,7.179483,-4.979482936859131
2025-09-17,2025-09-22,3.5,7.046698,-3.5466980934143066
2025-09-17,2025-09-23,3.3,7.0992074,-3.799207401275635
2025-09-17,2025-09-24,3.7,7.7455626,-4.0455625534057615
2025-09-17,2025-09-25,3.8,6.5939198,-2.7939197540283205
2025-09-17,2025-09-26,6.8,6.461952,0.3380477905273436
2025-09-17,2025-09-27,9.7,7.037334,2.6626660346984856
2025-09-17,2025-09-28,9.6,6.0800085,3.5199914932250973
2025-09-17,2025-09-29,9.8,6.186619,3.61338119506836
2025-09-17,2025-09-30,11.399999999999999,6.519941,4.880059146881102
2025-09-17,2025-10-01,11.7,6.600899,5.09910078048706
2025-09-18,2025-09-19,8.0,6.7362323,1.2637677192687988
2025-09-18,2025-09-20,5.6,6.754956,-1.1549557685852054
2025-09-18,2025-09-21,2.2,6.2849364,-4.084936428070068
2025-09-18,2025-09-22,3.5,6.957161,-3.4571609497070312
2025-09-18,2025-09-23,3.3,6.9549017,-3.654901695251465
2025-09-18,2025-09-24,3.7,6.9686003,-3.268600273132324
2025-09-18,2025-09-25,3.8,7.5552664,-3.7552663803100588
2025-09-18,2025-09-26,6.8,6.571282,0.22871809005737287
2025-09-18,2025-09-27,9.7,6.315015,3.384985160827636
2025-09-18,2025-09-28,9.6,7.124071,2.4759288787841793
2025-09-18,2025-09-29,9.8,6.109089,3.6909111022949226
2025-09-18,2025-09-30,11.399999999999999,6.447378,4.952621841430663
2025-09-18,2025-10-01,11.7,6.713322,4.9866778373718255
2025-09-18,2025-10-02,11.9,6.781857,5.118142986297608
2025-09-19,2025-09-20,5.6,6.6680965,-1.0680965423583988
2025-09-19,2025-09-21,2.2,6.698471,-4.498471069335937
2025-09-19,2025-09-22,3.5,6.170112,-2.670112133026123
2025-09-19,2025-09-23,3.3,6.9244857,-3.6244856834411623
2025-09-19,2025-09-24,3.7,6.9701753,-3.270175266265869
2025-09-19,2025-09-25,3.8,6.9500527,-3.1500527381896974
2025-09-19,2025-09-26,6.8,7.416871,-0.6168710708618166
2025-09-19,2025-09-27,9.7,6.584825,3.115174961090087
2025-09-19,2025-09-28,9.6,6.1899233,3.4100767135620114
2025-09-19,2025-09-29,9.8,7.2674146,2.5325854301452644
2025-09-19,2025-09-30,11.399999999999999,6.18469,5.21531000137329
2025-09-19,2025-10-01,11.7,6.627747,5.072252941131591
2025-09-19,2025-10-02,11.9,6.884178,5.015821838378907
2025-09-19,2025-10-03,4.8,7.004162,-2.204161834716797
2025-09-20,2025-09-21,2.2,6.4448786,-4.244878578186035
2025-09-20,2025-09-22,3.5,6.564474,-3.064474105834961
2025-09-20,2025-09-23,3.3,6.185177,-2.8851768493652346
2025-09-20,2025-09-24,3.7,6.8919616,-3.191961574554443
2025-09-20,2025-09-25,3.8,6.767735,-2.967735004425049
2025-09-20,2025-09-26,6.8,6.724501,0.07549886703491193
2025-09-20,2025-09-27,9.7,7.2512746,2.4487254142761223
2025-09-20,2025-09-28,9.6,6.3978953,3.2021046638488766
2025-09-20,2025-09-29,9.8,6.226437,3.573562908172608
2025-09-20,2025-09-30,11.399999999999999,7.3613667,4.038633251190184
2025-09-20,2025-10-01,11.7,6.305834,5.394166183471679
2025-09-20,2025-10-02,11.9,6.653982,5.246017837524414
2025-09-20,2025-10-03,4.8,6.828733,-2.028732967376709
2025-09-20,2025-10-04,4.2,7.097877,-2.897877025604248
2025-09-21,2025-09-22,3.5,6.409359,-2.9093589782714844
2025-09-21,2025-09-23,3.3,6.638979,-3.338978958129883
2025-09-21,2025-09-24,3.7,6.5890646,-2.889064598083496
2025-09-21,2025-09-25,3.8,7.125604,-3.3256041526794435
2025-09-21,2025-09-26,6.8,6.657869,0.1421311378479002
2025-09-21,2025-09-27,9.7,6.679537,3.0204631805419915
2025-09-21,2025-09-28,9.6,7.387753,2.212246990203857
2025-09-21,2025-09-29,9.8,6.2929554,3.5070446014404304
2025-09-21,2025-09-30,11.399999999999999,6.58512,4.814879798889159
2025-09-21,2025-10-01,11.7,7.5647807,4.135219287872314
2025-09-21,2025-10-02,11.9,6.5129457,5.387054347991944
2025-09-21,2025-10-03,4.8,6.676454,-1.8764540672302248
2025-09-21,2025-10-04,4.2,6.7933183,-2.5933182716369627
2025-09-21,2025-10-05,3.9000000000000004,7.157701,-3.2577010154724118
2025-09-22,2025-09-23,3.3,6.7815504,-3.481550407409668
2025-09-22,2025-09-24,3.7,6.7235227,-3.023522663116455
2025-09-22,2025-09-25,3.8,6.8869042,-3.086904239654541
2025-09-22,2025-09-26,6.8,7.360498,-0.5604979515075685
2025-09-22,2025-09-27,9.7,6.889744,2.8102561950683587
2025-09-22,2025-09-28,9.6,6.9537125,2.6462875366210934
2025-09-22,2025-09-29,9.8,7.634921,2.1650789260864265
2025-09-22,2025-09-30,11.399999999999999,6.5962286,4.803771400451659
2025-09-22,2025-10-01,11.7,6.9260597,4.773940277099609
2025-09-22,2025-10-02,11.9,7.794741,4.105258846282959
2025-09-22,2025-10-03,4.8,6.6929083,-1.89290828704834
2025-09-22,2025-10-04,4.2,6.8480506,-2.648050594329834
2025-09-22,2025-10-05,3.9000000000000004,6.9449086,-3.0449086189270016
2025-09-22,2025-10-06,6.3,7.385235,-1.085234832763672
2025-09-23,2025-09-24,3.7,7.2121553,-3.5121553421020506
2025-09-23,2025-09-25,3.8,6.9116178,-3.1116177558898928
2025-09-23,2025-09-26,6.8,7.1477323,-0.34773225784301776
2025-09-23,2025-09-27,9.7,7.5813293,2.1186706542968743
2025-09-23,2025-09-28,9.6,7.28682,2.313180065155029
2025-09-23,2025-09-29,9.8,7.3825984,2.417401599884034
2025-09-23,2025-09-30,11.399999999999999,8.002747,3.3972534179687486
2025-09-23,2025-10-01,11.7,7.052726,4.647274208068847
2025-09-23,2025-10-02,11.9,7.2987456,4.6012543678283695
2025-09-23,2025-10-03,4.8,8.144608,-3.3446075439453127
2025-09-23,2025-10-04,4.2,6.9713073,-2.771307277679443
2025-09-23,2025-10-05,3.9000000000000004,7.214444,-3.3144441604614254
2025-09-23,2025-10-06,6.3,7.3039317,-1.0039317131042482
2025-09-23,2025-10-07,6.7,7.7643123,-1.0643122673034666
2025-09-24,2025-09-25,3.8,7.547923,-3.7479230880737306
2025-09-24,2025-09-26,6.8,7.1808395,-0.3808395385742189
2025-09-24,2025-09-27,9.7,7.40371,2.2962901115417473
2025-09-24,2025-09-28,9.6,7.854293,1.7457071304321286
2025-09-24,2025-09-29,9.8,7.720382,2.0796177864074714
2025-09-24,2025-09-30,11.399999999999999,7.8947897,3.5052103042602525
2025-09-24,2025-10-01,11.7,8.378577,3.3214227676391594
2025-09-24,2025-10-02,11.9,7.5380588,4.361941242218018
2025-09-24,2025-10-03,4.8,7.6970067,-2.897006702423096
2025-09-24,2025-10-04,4.2,8.607605,-4.40760498046875
2025-09-24,2025-10-05,3.9000000000000004,7.291569,-3.3915692329406735
2025-09-24,2025-10-06,6.3,7.6145835,-1.314583492279053
2025-09-24,2025-10-07,6.7,7.7153397,-1.015339660644531
2025-09-24,2025-10-08,5.9,8.113858,-2.2138582229614254
2025-09-25,2025-09-26,6.8,7.8233304,-1.0233304023742678
2025-09-25,2025-09-27,9.7,7.528174,2.1718260765075676
2025-09-25,2025-09-28,9.6,7.712135,1.8878651618957516
2025-09-25,2025-09-29,9.8,8.204977,1.5950229644775398
2025-09-25,2025-09-30,11.399999999999999,8.191916,3.2080835342407212
2025-09-25,2025-10-01,11.7,8.438296,3.2617036819458
2025-09-25,2025-10-02,11.9,8.768238,3.1317619323730472
2025-09-25,2025-10-03,4.8,7.9382615,-3.1382615089416506
2025-09-25,2025-10-04,4.2,8.00682,-3.806819725036621
2025-09-25,2025-10-05,3.9000000000000004,9.11029,-5.210289573669433
2025-09-25,2025-10-06,6.3,7.590581,-1.2905809402465822
2025-09-25,2025-10-07,6.7,7.953373,-1.2533729553222654
2025-09-25,2025-10-08,5.9,8.027559,-2.1275592803955075
2025-09-25,2025-10-09,7.7,8.338755,-0.6387546539306639
2025-09-26,2025-09-27,9.7,8.004966,1.695034217834472
2025-09-26,2025-09-28,9.6,7.9096556,1.690344429016113
2025-09-26,2025-09-29,9.8,7.9599557,1.840044307708741
2025-09-26,2025-09-30,11.399999999999999,8.473084,2.926915550231932
2025-09-26,2025-10-01,11.7,8.611584,3.0884162902832024
2025-09-26,2025-10-02,11.9,8.885728,3.0142721176147464
2025-09-26,2025-10-03,4.8,9.080292,-4.280291748046875
2025-09-26,2025-10-04,4.2,8.212877,-4.01287727355957
2025-09-26,2025-10-05,3.9000000000000004,8.166745,-4.26674518585205
2025-09-26,2025-10-06,6.3,9.548256,-3.2482559204101564
2025-09-26,2025-10-07,6.7,7.930254,-1.2302539825439451
2025-09-26,2025-10-08,5.9,8.245091,-2.3450914382934567
2025-09-26,2025-10-09,7.7,8.222218,-0.522217559814453
2025-09-26,2025-10-10,7.5,8.455886,-0.9558858871459961
2025-09-27,2025-09-28,9.6,8.058079,1.541921234130859
2025-09-27,2025-09-29,9.8,8.290583,1.5094173431396491
2025-09-27,2025-09-30,11.399999999999999,8.308067,3.091932678222655
2025-09-27,2025-10-01,11.7,8.759739,2.9402610778808587
2025-09-27,2025-10-02,11.9,8.77657,3.123429679870606
2025-09-27,2025-10-03,4.8,9.095697,-4.295697402954102
2025-09-27,2025-10-04,4.2,9.318209,-5.118208694458008
2025-09-27,2025-10-05,3.9000000000000004,8.363339,-4.4633394241333
2025-09-27,2025-10-06,6.3,8.532563,-2.2325632095336916
2025-09-27,2025-10-07,6.7,9.881138,-3.1811378479003904
2025-09-27,2025-10-08,5.9,8.390163,-2.490163421630859
2025-09-27,2025-10-09,7.7,8.485725,-0.7857254028320311
2025-09-27,2025-10-10,7.5,8.243178,-0.7431783676147461
2025-09-27,2025-10-11,11.9,8.489619,3.4103807449340824
2025-09-28,2025-09-29,9.8,7.9650416,1.8349583625793464
2025-09-28,2025-09-30,11.399999999999999,8.586931,2.8130687713623033
2025-09-28,2025-10-01,11.7,8.646963,3.0530368804931634
2025-09-28,2025-10-02,11.9,8.9422245,2.957775497436524
2025-09-28,2025-10-03,4.8,8.796804,-3.996804428100586
2025-09-28,2025-10-04,4.2,9.194944,-4.994944381713867
2025-09-28,2025-10-05,3.9000000000000004,9.543795,-5.6437946319580075
2025-09-28,2025-10-06,6.3,8.38969,-2.089690399169922
2025-09-28,2025-10-07,6.7,8.948212,-2.248211669921875
2025-09-28,2025-10-08,5.9,10.093391,-4.193391418457031
2025-09-28,2025-10-09,7.7,8.881087,-1.181087303161621
2025-09-28,2025-10-10,7.5,8.630458,-1.130457878112793
2025-09-28,2025-10-11,11.9,8.193086,3.706914329528809
2025-09-28,2025-10-12,14.8,8.4085655,6.391434478759766
2025-09-29,2025-09-30,11.399999999999999,8.088115,3.311885261535643
2025-09-29,2025-10-01,11.7,8.700842,2.999158096313476
2025-09-29,2025-10-02,11.9,8.798914,3.101086044311524
2025-09-29,2025-10-03,4.8,9.0198345,-4.219834518432617
2025-09-29,2025-10-04,4.2,8.97589,-4.775890159606933
2025-09-29,2025-10-05,3.9000000000000004,9.439058,-5.5390583038330075
2025-09-29,2025-10-06,6.3,9.643116,-3.3431159973144533
2025-09-29,2025-10-07,6.7,8.604214,-1.9042137145996092
2025-09-29,2025-10-08,5.9,9.254273,-3.354273414611816
2025-09-29,2025-10-09,7.7,10.138592,-2.4385917663574217
2025-09-29,2025-10-10,7.5,9.22056,-1.720560073852539
2025-09-29,2025-10-11,11.9,8.792701,3.1072992324829105
2025-09-29,2025-10-12,14.8,8.225189,6.574810791015626
2025-09-29,2025-10-13,4.7,8.451354,-3.7513540267944334
2025-09-30,2025-10-01,11.7,8.322813,3.377186965942382
2025-09-30,2025-10-02,11.9,8.826497,3.073502922058106
2025-09-30,2025-10-03,4.8,8.904193,-4.104192924499512
2025-09-30,2025-10-04,4.2,9.117781,-4.9177806854248045
2025-09-30,2025-10-05,3.9000000000000004,9.245664,-5.3456636428833
2025-09-30,2025-10-06,6.3,9.757051,-3.457051467895508
2025-09-30,2025-10-07,6.7,9.740182,-3.0401819229125975
2025-09-30,2025-10-08,5.9,8.89327,-2.993269538879394
2025-09-30,2025-10-09,7.7,9.505045,-1.8050449371337889
2025-09-30,2025-10-10,7.5,10.155531,-2.6555309295654297
2025-09-30,2025-10-11,11.9,9.501541,2.398458862304688
2025-09-30,2025-10-12,14.8,9.027157,5.772843170166016
2025-09-30,2025-10-13,4.7,8.36192,-3.661920356750488
2025-09-30,2025-10-14,2.8,8.582047,-5.782047462463379
2025-10-01,2025-10-02,11.9,8.989647,2.9103530883789066
2025-10-01,2025-10-03,4.8,9.281443,-4.481442642211914
2025-10-01,2025-10-04,4.2,9.256317,-5.056317138671875
2025-10-01,2025-10-05,3.9000000000000004,9.586115,-5.686114883422851
2025-10-01,2025-10-06,6.3,9.841363,-3.5413629531860353
2025-10-01,2025-10-07,6.7,10.41536,-3.7153604507446287
2025-10-01,2025-10-08,5.9,9.9907055,-4.090705490112304
2025-10-01,2025-10-09,7.7,9.281756,-1.5817564010620115
2025-10-01,2025-10-10,7.5,9.647587,-2.1475868225097656
2025-10-01,2025-10-11,11.9,10.12659,1.7734102249145511
2025-10-01,2025-10-12,14.8,9.58289,5.217110443115235
2025-10-01,2025-10-13,4.7,9.166808,-4.466808128356933
2025-10-01,2025-10-14,2.8,8.322754,-5.52275390625
2025-10-01,2025-10-15,3.0,8.460177,-5.460177421569824
2025-10-02,2025-10-03,4.8,9.640683,-4.840683174133301
2025-10-02,2025-10-04,4.2,9.787484,-5.5874841690063475
2025-10-02,2025-10-05,3.9000000000000004,9.622984,-5.722983932495117
2025-10-02,2025-10-06,6.3,10.134903,-3.8349029541015627
2025-10-02,2025-10-07,6.7,10.276745,-3.5767448425292967
2025-10-02,2025-10-08,5.9,10.919161,-5.0191608428955075
2025-10-02,2025-10-09,7.7,10.104172,-2.4041717529296873
2025-10-02,2025-10-10,7.5,9.4765,-1.9764995574951172
2025-10-02,2025-10-11,11.9,9.583052,2.3169483184814457
2025-10-02,2025-10-12,14.8,9.995819,4.804180908203126
2025-10-02,2025-10-13,4.7,9.399181,-4.699181365966797
2025-10-02,2025-10-14,2.8,9.055786,-6.2557861328125
2025-10-02,2025-10-15,3.0,8.033585,-5.0335845947265625
2025-10-02,2025-10-16,4.4,8.146787,-3.7467866897583004
2025-10-03,2025-10-04,4.2,9.752904,-5.552903938293457
2025-10-03,2025-10-05,3.9000000000000004,9.949886,-6.049886322021484
2025-10-03,2025-10-06,6.3,9.613576,-3.3135759353637697
2025-10-03,2025-10-07,6.7,10.324789,-3.6247890472412108
2025-10-03,2025-10-08,5.9,10.254141,-4.354140853881836
2025-10-03,2025-10-09,7.7,10.90794,-3.2079399108886717
2025-10-03,2025-10-10,7.5,9.954164,-2.4541635513305664
2025-10-03,2025-10-11,11.9,9.325711,2.5742887496948246
2025-10-03,2025-10-12,14.8,9.29328,5.506720352172852
2025-10-03,2025-10-13,4.7,9.693767,-4.993766593933105
2025-10-03,2025-10-14,2.8,8.970824,-6.170824241638184
2025-10-03,2025-10-15,3.0,8.7282715,-5.728271484375
2025-10-03,2025-10-16,4.4,7.5585175,-3.158517456054687
2025-10-03,2025-10-17,6.0,7.684938,-1.6849379539489746
2025-10-04,2025-10-05,3.9000000000000004,9.312742,-5.412742233276367
2025-10-04,2025-10-06,6.3,9.878446,-3.578445625305176
2025-10-04,2025-10-07,6.7,9.518341,-2.818341064453125
2025-10-04,2025-10-08,5.9,10.346514,-4.446513748168945
2025-10-04,2025-10-09,7.7,9.800908,-2.100908088684082
2025-10-04,2025-10-10,7.5,10.55715,-3.057149887084961
2025-10-04,2025-10-11,11.9,9.847657,2.052342796325684
2025-10-04,2025-10-12,14.8,8.983953,5.816046524047852
2025-10-04,2025-10-13,4.7,9.278926,-4.578925895690918
2025-10-04,2025-10-14,2.8,9.377156,-6.577156257629395
2025-10-04,2025-10-15,3.0,8.521445,-5.521445274353027
2025-10-04,2025-10-16,4.4,8.151047,-3.751046752929687
2025-10-04,2025-10-17,6.0,6.9431434,-0.943143367767334
2025-10-04,2025-10-18,9.7,7.0093937,2.6906063079833977
2025-10-05,2025-10-06,6.3,9.032498,-2.732498359680176
2025-10-05,2025-10-07,6.7,9.895855,-3.1958549499511717
2025-10-05,2025-10-08,5.9,9.670472,-3.770472145080566
2025-10-05,2025-10-09,7.7,10.403458,-2.7034576416015623
2025-10-05,2025-10-10,7.5,9.443399,-1.943399429321289
2025-10-05,2025-10-11,11.9,10.39306,1.5069402694702152
2025-10-05,2025-10-12,14.8,9.937825,4.862174797058106
2025-10-05,2025-10-13,4.7,8.683476,-3.983476448059082
2025-10-05,2025-10-14,2.8,9.333737,-6.533737373352051
2025-10-05,2025-10-15,3.0,9.058625,-6.058625221252441
2025-10-05,2025-10-16,4.4,8.14256,-3.742560005187988
2025-10-05,2025-10-17,6.0,7.5325127,-1.5325126647949219
2025-10-05,2025-10-18,9.7,6.3719687,3.3280312538146966
2025-10-05,2025-10-19,7.3,6.331591,0.9684088706970213
2025-10-06,2025-10-07,6.7,9.095162,-2.3951623916625975
2025-10-06,2025-10-08,5.9,9.844826,-3.944825744628906
2025-10-06,2025-10-09,7.7,9.576025,-1.8760250091552733
2025-10-06,2025-10-10,7.5,10.1885605,-2.6885604858398438
2025-10-06,2025-10-11,11.9,9.22739,2.6726097106933597
2025-10-06,2025-10-12,14.8,10.249654,4.550346183776856
2025-10-06,2025-10-13,4.7,9.895903,-5.195902633666992
2025-10-06,2025-10-14,2.8,8.5588045,-5.758804512023926
2025-10-06,2025-10-15,3.0,9.08968,-6.089679718017578
2025-10-06,2025-10-16,4.4,8.60786,-4.20785961151123
2025-10-06,2025-10-17,6.0,7.682627,-1.6826272010803223
2025-10-06,2025-10-18,9.7,7.1044817,2.5955183029174798
2025-10-06,2025-10-19,7.3,6.05001,1.2499897956848143
2025-10-06,2025-10-20,8.4,5.976362,2.4236377716064457
2025-10-07,2025-10-08,5.9,9.257363,-3.3573633193969723
2025-10-07,2025-10-09,7.7,9.787245,-2.0872447967529295
2025-10-07,2025-10-10,7.5,9.3588295,-1.8588294982910156
2025-10-07,2025-10-11,11.9,9.9418545,1.9581455230712894
2025-10-07,2025-10-12,14.8,9.110275,5.689724731445313
2025-10-07,2025-10-13,4.7,10.170365,-5.470365333557129
2025-10-07,2025-10-14,2.8,9.833465,-7.033464622497559
2025-10-07,2025-10-15,3.0,8.537345,-5.537344932556152
2025-10-07,2025-10-16,4.4,8.8105345,-4.410534477233886
2025-10-07,2025-10-17,6.0,8.216254,-2.216254234313965
2025-10-07,2025-10-18,9.7,7.358062,2.3419382095336907
2025-10-07,2025-10-19,7.3,6.907499,0.39250116348266584
2025-10-07,2025-10-20,8.4,5.970083,2.4299167633056644
2025-10-07,2025-10-21,7.2,5.8804007,1.3195993423461916
2025-10-08,2025-10-09,7.7,9.372516,-1.6725156784057615
2025-10-08,2025-10-10,7.5,9.670996,-2.1709957122802734
2025-10-08,2025-10-11,11.9,9.064024,2.835976028442383
2025-10-08,2025-10-12,14.8,9.68951,5.110489654541016
2025-10-08,2025-10-13,4.7,9.028493,-4.328492927551269
2025-10-08,2025-10-14,2.8,10.105968,-7.305968475341797
2025-10-08,2025-10-15,3.0,9.696419,-6.696418762207031
2025-10-08,2025-10-16,4.4,8.482577,-4.082577323913574
2025-10-08,2025-10-17,6.0,8.494958,-2.49495792388916
2025-10-08,2025-10-18,9.7,7.9442797,1.7557203292846673
2025-10-08,2025-10-19,7.3,7.153731,0.14626913070678693
2025-10-08,2025-10-20,8.4,6.872658,1.527342224121094
2025-10-08,2025-10-21,7.2,6.0248494,1.1751505851745607
2025-10-08,2025-10-22,6.6,5.950641,0.6493588447570797
2025-10-09,2025-10-10,7.5,9.402304,-1.902303695678711
2025-10-09,2025-10-11,11.9,9.529188,2.3708118438720707
2025-10-09,2025-10-12,14.8,8.799811,6.000188636779786
2025-10-09,2025-10-13,4.7,9.530331,-4.830330657958984
2025-10-09,2025-10-14,2.8,8.949924,-6.149924468994141
2025-10-09,2025-10-15,3.0,10.05984,-7.059840202331543
2025-10-09,2025-10-16,4.4,9.558757,-5.158756828308105
2025-10-09,2025-10-17,6.0,8.364847,-2.364847183227539
2025-10-09,2025-10-18,9.7,8.207225,1.4927751541137688
2025-10-09,2025-10-19,7.3,7.8132973,-0.5132972717285158
2025-10-09,2025-10-20,8.4,7.0181766,1.3818234443664554
2025-10-09,2025-10-21,7.2,6.8712325,0.32876749038696307
2025-10-09,2025-10-22,6.6,6.064475,0.5355249404907223
2025-10-09,2025-10-23,3.1,6.066792,-2.9667920112609862
2025-10-10,2025-10-11,11.9,9.313978,2.5860218048095707
2025-10-10,2025-10-12,14.8,9.408599,5.391401100158692
2025-10-10,2025-10-13,4.7,8.621513,-3.9215133666992186
2025-10-10,2025-10-14,2.8,9.360306,-6.560305786132813
2025-10-10,2025-10-15,3.0,8.770789,-5.77078914642334
2025-10-10,2025-10-16,4.4,9.9327545,-5.532754516601562
2025-10-10,2025-10-17,6.0,9.307403,-3.3074026107788086
2025-10-10,2025-10-18,9.7,8.191315,1.5086853027343743
2025-10-10,2025-10-19,7.3,7.8881063,-0.5881063461303713
2025-10-10,2025-10-20,8.4,7.7660985,0.6339015007019047
2025-10-10,2025-10-21,7.2,6.9515567,0.24844331741333026
2025-10-10,2025-10-22,6.6,6.8478713,-0.24787130355834996
2025-10-10,2025-10-23,3.1,6.068279,-2.9682787895202636
2025-10-10,2025-10-24,4.5,6.154595,-1.654594898223877
2025-10-11,2025-10-12,14.8,9.405217,5.394782829284669
2025-10-11,2025-10-13,4.7,9.573645,-4.873644638061523
2025-10-11,2025-10-14,2.8,8.870244,-6.070244026184082
2025-10-11,2025-10-15,3.0,9.461817,-6.461816787719727
2025-10-11,2025-10-16,4.4,8.616198,-4.21619758605957
2025-10-11,2025-10-17,6.0,9.850155,-3.8501548767089844
2025-10-11,2025-10-18,9.7,9.274808,0.4251920700073235
2025-10-11,2025-10-19,7.3,8.147608,-0.8476078033447267
2025-10-11,2025-10-20,8.4,7.9828396,0.4171604156494144
2025-10-11,2025-10-21,7.2,7.973017,-0.7730172157287596
2025-10-11,2025-10-22,6.6,7.2307534,-0.6307534217834476
2025-10-11,2025-10-23,3.1,6.9839416,-3.8839415550231933
2025-10-11,2025-10-24,4.5,6.153405,-1.6534051895141602
2025-10-11,2025-10-25,3.7,6.3367634,-2.6367633819580076
2025-10-12,2025-10-13,4.7,9.543524,-4.843523788452148
2025-10-12,2025-10-14,2.8,9.902877,-7.102876853942871
2025-10-12,2025-10-15,3.0,9.290325,-6.290325164794922
2025-10-12,2025-10-16,4.4,9.637644,-5.237643814086914
2025-10-12,2025-10-17,6.0,8.506136,-2.506135940551758
2025-10-12,2025-10-18,9.7,9.813107,-0.11310653686523509
2025-10-12,2025-10-19,7.3,9.356011,-2.0560113906860353
2025-10-12,2025-10-20,8.4,8.090065,0.3099349975585941
2025-10-12,2025-10-21,7.2,8.245758,-1.0457580566406248
2025-10-12,2025-10-22,6.6,8.153371,-1.5533708572387699
2025-10-12,2025-10-23,3.1,7.5841346,-4.484134578704834
2025-10-12,2025-10-24,4.5,7.138072,-2.6380720138549805
2025-10-12,2025-10-25,3.7,6.198471,-2.4984710693359373
2025-10-12,2025-10-26,3.0,6.4095755,-3.4095754623413086
2025-10-13,2025-10-14,2.8,9.73742,-6.937420082092285
2025-10-13,2025-10-15,3.0,9.984714,-6.984713554382324
2025-10-13,2025-10-16,4.4,9.305468,-4.90546760559082
2025-10-13,2025-10-17,6.0,9.560675,-3.5606746673583984
2025-10-13,2025-10-18,9.7,8.458911,1.2410890579223626
2025-10-13,2025-10-19,7.3,9.729465,-2.4294645309448244
2025-10-13,2025-10-20,8.4,9.259361,-0.8593612670898434
2025-10-13,2025-10-21,7.2,8.191249,-0.9912488937377928
2025-10-13,2025-10-22,6.6,8.42849,-1.828489685058594
2025-10-13,2025-10-23,3.1,8.142696,-5.042696380615235
2025-10-13,2025-10-24,4.5,7.7245927,-3.224592685699463
2025-10-13,2025-10-25,3.7,7.449863,-3.7498629570007322
2025-10-13,2025-10-26,3.0,6.2960405,-3.2960405349731445
2025-10-13,2025-10-27,4.8,6.5731215,-1.7731215476989748
2025-10-14,2025-10-15,3.0,9.730092,-6.7300920486450195
2025-10-14,2025-10-16,4.4,9.898335,-5.498335456848144
2025-10-14,2025-10-17,6.0,9.102659,-3.102659225463867
2025-10-14,2025-10-18,9.7,9.421051,0.2789489746093743
2025-10-14,2025-10-19,7.3,8.473535,-1.1735345840454103
2025-10-14,2025-10-20,8.4,9.694968,-1.294968223571777
2025-10-14,2025-10-21,7.2,9.25944,-2.0594404220581053
2025-10-14,2025-10-22,6.6,8.380535,-1.7805351257324222
2025-10-14,2025-10-23,3.1,8.630455,-5.530455017089844
2025-10-14,2025-10-24,4.5,8.259061,-3.759060859680176
2025-10-14,2025-10-25,3.7,7.9144626,-4.214462566375732
2025-10-14,2025-10-26,3.0,7.8429575,-4.842957496643066
2025-10-14,2025-10-27,4.8,6.536641,-1.7366411209106447
2025-10-14,2025-10-28,5.0,6.830133,-1.8301329612731934
2025-10-15,2025-10-16,4.4,9.632894,-5.232893562316894
2025-10-15,2025-10-17,6.0,9.774269,-3.7742691040039062
2025-10-15,2025-10-18,9.7,8.938277,0.7617227554321282
2025-10-15,2025-10-19,7.3,9.341932,-2.04193229675293
2025-10-15,2025-10-20,8.4,8.597008,-0.1970077514648434
2025-10-15,2025-10-21,7.2,9.803379,-2.6033790588378904
2025-10-15,2025-10-22,6.6,9.386033,-2.7860330581665043
2025-10-15,2025-10-23,3.1,8.616229,-5.516229057312012
2025-10-15,2025-10-24,4.5,8.826939,-4.326938629150391
2025-10-15,2025-10-25,3.7,8.575123,-4.875122833251953
2025-10-15,2025-10-26,3.0,8.120094,-5.120094299316406
2025-10-15,2025-10-27,4.8,8.220163,-3.4201633453369142
2025-10-15,2025-10-28,5.0,6.888112,-1.8881120681762695
2025-10-15,2025-10-29,4.7,7.144176,-2.4441760063171385
2025-10-16,2025-10-17,6.0,9.532497,-3.5324974060058594
2025-10-16,2025-10-18,9.7,9.721084,-0.021083641052246804
2025-10-16,2025-10-19,7.3,8.883791,-1.583790969848633
2025-10-16,2025-10-20,8.4,9.360666,-0.9606662750244137
2025-10-16,2025-10-21,7.2,8.773139,-1.5731389999389647
2025-10-16,2025-10-22,6.6,9.970549,-3.3705486297607425
2025-10-16,2025-10-23,3.1,9.52971,-6.429709815979004
2025-10-16,2025-10-24,4.5,8.8138,-4.313799858093262
2025-10-16,2025-10-25,3.7,8.947862,-5.247861671447754
2025-10-16,2025-10-26,3.0,8.96221,-5.962209701538086
2025-10-16,2025-10-27,4.8,8.30761,-3.507609558105469
2025-10-16,2025-10-28,5.0,8.528229,-3.528228759765625
2025-10-16,2025-10-29,4.7,7.2276134,-2.5276134490966795
2025-10-16,2025-10-30,5.1,7.4224052,-2.3224052429199222
2025-10-17,2025-10-18,9.7,9.450447,0.24955291748046804
2025-10-17,2025-10-19,7.3,9.778524,-2.478524398803711
2025-10-17,2025-10-20,8.4,8.969624,-0.5696235656738278
2025-10-17,2025-10-21,7.2,9.472283,-2.272283363342285
2025-10-17,2025-10-22,6.6,8.963065,-2.3630651473999027
2025-10-17,2025-10-23,3.1,10.167702,-7.067701721191407
2025-10-17,2025-10-24,4.5,9.672496,-5.1724958419799805
2025-10-17,2025-10-25,3.7,8.958446,-5.25844554901123
2025-10-17,2025-10-26,3.0,8.986113,-5.986112594604492
2025-10-17,2025-10-27,4.8,9.318033,-4.518033218383789
2025-10-17,2025-10-28,5.0,8.469851,-3.469850540161133
2025-10-17,2025-10-29,4.7,8.665105,-3.965104866027832
2025-10-17,2025-10-30,5.1,7.438575,-2.33857479095459
2025-10-17,2025-10-31,4.5,7.5590463,-3.0590462684631348
2025-10-18,2025-10-19,7.3,9.349805,-2.0498048782348635
2025-10-18,2025-10-20,8.4,9.878171,-1.4781709671020504
2025-10-18,2025-10-21,7.2,9.217618,-2.0176179885864256
2025-10-18,2025-10-22,6.6,9.742757,-3.142756843566895
2025-10-18,2025-10-23,3.1,9.048124,-5.9481243133544925
2025-10-18,2025-10-24,4.5,10.33396,-5.833959579467773
2025-10-18,2025-10-25,3.7,9.92159,-6.221589851379394
2025-10-18,2025-10-26,3.0,9.06055,-6.060549736022949
2025-10-18,2025-10-27,4.8,9.262585,-4.462584686279297
2025-10-18,2025-10-28,5.0,9.582605,-4.582605361938477
2025-10-18,2025-10-29,4.7,8.7490225,-4.049022483825683
2025-10-18,2025-10-30,5.1,8.680114,-3.580113792419434
2025-10-18,2025-10-31,4.5,7.4198837,-2.9198837280273438
2025-10-18,2025-11-01,4.6,7.51095,-2.910950088500977
2025-10-19,2025-10-20,8.4,8.990902,-0.590901947021484
2025-10-19,2025-10-21,7.2,9.815376,-2.615376281738281
2025-10-19,2025-10-22,6.6,9.29634,-2.6963399887084964
2025-10-19,2025-10-23,3.1,9.7554865,-6.6554864883422855
2025-10-19,2025-10-24,4.5,8.985025,-4.485025405883789
2025-10-19,2025-10-25,3.7,10.298762,-6.598762321472168
2025-10-19,2025-10-26,3.0,10.063215,-7.063215255737305
2025-10-19,2025-10-27,4.8,8.950642,-4.150641632080078
2025-10-19,2025-10-28,5.0,9.487601,-4.487601280212402
2025-10-19,2025-10-29,4.7,9.621458,-4.921458053588867
2025-10-19,2025-10-30,5.1,8.899803,-3.799803161621094
2025-10-19,2025-10-31,4.5,8.554748,-4.054747581481934
2025-10-19,2025-11-01,4.6,7.2666607,-2.6666606903076175
2025-10-19,2025-11-02,4.7,7.287568,-2.5875680923461912
2025-10-20,2025-10-21,7.2,8.775122,-1.5751216888427733
2025-10-20,2025-10-22,6.6,9.569575,-2.9695753097534183
2025-10-20,2025-10-23,3.1,9.036843,-5.936843299865723
2025-10-20,2025-10-24,4.5,9.423497,-4.923497200012207
2025-10-20,2025-10-25,3.7,8.933532,-5.233531761169433
2025-10-20,2025-10-26,3.0,10.085422,-7.085421562194824
2025-10-20,2025-10-27,4.8,9.845985,-5.045985412597656
2025-10-20,2025-10-28,5.0,8.813003,-3.813002586364746
2025-10-20,2025-10-29,4.7,9.323854,-4.623854446411133
2025-10-20,2025-10-30,5.1,9.271483,-4.171483421325684
2025-10-20,2025-10-31,4.5,8.696911,-4.196910858154297
2025-10-20,2025-11-01,4.6,8.334302,-3.7343019485473636
2025-10-20,2025-11-02,4.7,7.0239825,-2.323982524871826
2025-10-20,2025-11-03,4.2,7.042277,-2.842276859283447
2025-10-21,2025-10-22,6.6,8.5217085,-1.9217084884643558
2025-10-21,2025-10-23,3.1,9.230814,-6.130813980102539
2025-10-21,2025-10-24,4.5,8.671124,-4.171124458312988
2025-10-21,2025-10-25,3.7,9.010155,-5.310154724121094
2025-10-21,2025-10-26,3.0,8.754025,-5.754025459289551
2025-10-21,2025-10-27,4.8,9.757631,-4.957631301879883
2025-10-21,2025-10-28,5.0,9.542952,-4.542951583862305
2025-10-21,2025-10-29,4.7,8.6054535,-3.9054534912109373
2025-10-21,2025-10-30,5.1,8.972712,-3.872711563110352
2025-10-21,2025-10-31,4.5,8.784246,-4.284246444702148
2025-10-21,2025-11-01,4.6,8.317087,-3.7170871734619144
2025-10-21,2025-11-02,4.7,8.0171585,-3.317158508300781
2025-10-21,2025-11-03,4.2,6.8099527,-2.6099527359008787
2025-10-21,2025-11-04,4.7,6.7732472,-2.0732472419738768
2025-10-22,2025-10-23,3.1,8.305349,-5.205349349975586
2025-10-22,2025-10-24,4.5,8.897876,-4.397875785827637
2025-10-22,2025-10-25,3.7,8.36515,-4.665150451660156
2025-10-22,2025-10-26,3.0,8.619728,-5.619728088378906
2025-10-22,2025-10-27,4.8,8.609055,-3.8090545654296877
2025-10-22,2025-10-28,5.0,9.500329,-4.50032901763916
2025-10-22,2025-10-29,4.7,9.27678,-4.576780128479004
2025-10-22,2025-10-30,5.1,8.3896675,-3.2896675109863285
2025-10-22,2025-10-31,4.5,8.608881,-4.108880996704102
2025-10-22,2025-11-01,4.6,8.44149,-3.841490173339844
2025-10-22,2025-11-02,4.7,8.012949,-3.312948989868164
2025-10-22,2025-11-03,4.2,7.862017,-3.6620171546936033
2025-10-22,2025-11-04,4.7,6.7796564,-2.079656410217285
2025-10-22,2025-11-05,8.8,6.742528,2.0574720382690437
2025-10-23,2025-10-24,4.5,7.706574,-3.206573963165283
2025-10-23,2025-10-25,3.7,8.333482,-4.633481788635254
2025-10-23,2025-10-26,3.0,7.7817187,-4.781718730926514
2025-10-23,2025-10-27,4.8,8.065908,-3.265908432006836
2025-10-23,2025-10-28,5.0,8.20862,-3.208620071411133
2025-10-23,2025-10-29,4.7,8.983309,-4.283308792114258
2025-10-23,2025-10-30,5.1,8.834513,-3.7345127105712894
2025-10-23,2025-10-31,4.5,7.9478426,-3.447842597961426
2025-10-23,2025-11-01,4.6,8.063988,-3.463987731933594
2025-10-23,2025-11-02,4.7,8.066308,-3.36630802154541
2025-10-23,2025-11-03,4.2,7.572659,-3.3726590156555174
2025-10-23,2025-11-04,4.7,7.60055,-2.9005501747131346
2025-10-23,2025-11-05,8.8,6.63134,2.168659973144532
2025-10-23,2025-11-06,8.2,6.5757685,1.6242315292358391
2025-10-24,2025-10-25,3.7,7.0737967,-3.37379674911499
2025-10-24,2025-10-26,3.0,7.8401637,-4.840163707733154
2025-10-24,2025-10-27,4.8,7.31095,-2.510949802398682
2025-10-24,2025-10-28,5.0,7.6080484,-2.608048439025879
2025-10-24,2025-10-29,4.7,7.762239,-3.0622389793395994
2025-10-24,2025-10-30,5.1,8.487257,-3.38725700378418
2025-10-24,2025-10-31,4.5,8.42547,-3.9254703521728516
2025-10-24,2025-11-01,4.6,7.479136,-2.8791359901428226
2025-10-24,2025-11-02,4.7,7.5228076,-2.8228075981140135
2025-10-24,2025-11-03,4.2,7.7999005,-3.5999005317687987
2025-10-24,2025-11-04,4.7,7.1543527,-2.4543526649475096
2025-10-24,2025-11-05,8.8,7.3112926,1.488707351684571
2025-10-24,2025-11-06,8.2,6.470654,1.7293459892272942
2025-10-24,2025-11-07,7.3,6.4116244,0.8883755683898924
2025-10-25,2025-10-26,3.0,6.436072,-3.4360718727111816
2025-10-25,2025-10-27,4.8,7.356918,-2.5569178581237795
2025-10-25,2025-10-28,5.0,7.0325313,-2.032531261444092
2025-10-25,2025-10-29,4.7,7.28191,-2.581909942626953
2025-10-25,2025-10-30,5.1,7.266297,-2.1662968635559086
2025-10-25,2025-10-31,4.5,8.0677595,-3.5677595138549805
2025-10-25,2025-11-01,4.6,8.093054,-3.493053817749024
2025-10-25,2025-11-02,4.7,7.0883274,-2.388327407836914
2025-10-25,2025-11-03,4.2,7.299255,-3.0992548942565916
2025-10-25,2025-11-04,4.7,7.680235,-2.980234909057617
2025-10-25,2025-11-05,8.8,7.026617,1.7733829498291023
2025-10-25,2025-11-06,8.2,7.100243,1.0997569084167473
2025-10-25,2025-11-07,7.3,6.307922,0.992078113555908
2025-10-25,2025-11-08,12.4,6.319033,6.080966854095459
2025-10-26,2025-10-27,4.8,5.916418,-1.1164180755615236
2025-10-26,2025-10-28,5.0,7.015642,-2.0156421661376953
2025-10-26,2025-10-29,4.7,6.9754934,-2.2754934310913084
2025-10-26,2025-10-30,5.1,7.104707,-2.0047067642211918
2025-10-26,2025-10-31,4.5,6.8576703,-2.357670307159424
2025-10-26,2025-11-01,4.6,7.8192863,-3.2192863464355472
2025-10-26,2025-11-02,4.7,7.9400434,-3.2400434494018553
2025-10-26,2025-11-03,4.2,6.770235,-2.5702350616455076
2025-10-26,2025-11-04,4.7,7.2959337,-2.595933723449707
2025-10-26,2025-11-05,8.8,7.643602,1.1563981056213386
2025-10-26,2025-11-06,8.2,7.057303,1.1426970481872551
2025-10-26,2025-11-07,7.3,6.9156256,0.38437442779541
2025-10-26,2025-11-08,12.4,6.1783285,6.221671485900879
2025-10-26,2025-11-09,8.8,6.20971,2.5902898788452156
2025-10-27,2025-10-28,5.0,5.741904,-0.7419037818908691
2025-10-27,2025-10-29,4.7,6.7503333,-2.050333309173584
2025-10-27,2025-10-30,5.1,6.767521,-1.667520904541016
2025-10-27,2025-10-31,4.5,6.9068146,-2.4068145751953125
2025-10-27,2025-11-01,4.6,6.6775503,-2.077550315856934
2025-10-27,2025-11-02,4.7,7.699263,-2.9992630958557127
2025-10-27,2025-11-03,4.2,7.8160157,-3.6160157203674315
2025-10-27,2025-11-04,4.7,6.7497096,-2.049709606170654
2025-10-27,2025-11-05,8.8,7.2563763,1.5436237335205085
2025-10-27,2025-11-06,8.2,7.5015965,0.6984035491943352
2025-10-27,2025-11-07,7.3,6.896104,0.4038961410522459
2025-10-27,2025-11-08,12.4,6.734578,5.665421867370606
2025-10-27,2025-11-09,8.8,6.0626884,2.7373116493225105
2025-10-27,2025-11-10,4.4,6.1147327,-1.71473274230957
2025-10-28,2025-10-29,4.7,5.690793,-0.9907930374145506
2025-10-28,2025-10-30,5.1,6.5565963,-1.4565962791442875
2025-10-28,2025-10-31,4.5,6.499859,-1.9998588562011719
2025-10-28,2025-11-01,4.6,6.746602,-2.146602058410645
2025-10-28,2025-11-02,4.7,6.6545515,-1.9545515060424803
2025-10-28,2025-11-03,4.2,7.6565647,-3.456564712524414
2025-10-28,2025-11-04,4.7,7.76199,-3.0619900703430174
2025-10-28,2025-11-05,8.8,6.8830543,1.9169457435607917
2025-10-28,2025-11-06,8.2,7.2217197,0.9782802581787102
2025-10-28,2025-11-07,7.3,7.438627,-0.13862676620483416
2025-10-28,2025-11-08,12.4,6.8095818,5.5904182434082035
2025-10-28,2025-11-09,8.8,6.743296,2.0567038536071784
2025-10-28,2025-11-10,4.4,6.1500688,-1.7500687599182125
2025-10-28,2025-11-11,5.0,6.198458,-1.198458194732666
2025-10-29,2025-10-30,5.1,5.661682,-0.5616821289062504
2025-10-29,2025-10-31,4.5,6.391027,-1.8910269737243652
2025-10-29,2025-11-01,4.6,6.209745,-1.6097449302673343
2025-10-29,2025-11-02,4.7,6.5477633,-1.8477633476257322
2025-10-29,2025-11-03,4.2,6.724106,-2.5241058349609373
2025-10-29,2025-11-04,4.7,7.67212,-2.9721200942993162
2025-10-29,2025-11-05,8.8,7.691644,1.1083558082580574
2025-10-29,2025-11-06,8.2,7.01643,1.1835700988769524
2025-10-29,2025-11-07,7.3,7.1603675,0.13963251113891584
2025-10-29,2025-11-08,12.4,7.4968743,4.903125667572022
2025-10-29,2025-11-09,8.8,6.865063,1.9349368095397956
2025-10-29,2025-11-10,4.4,6.97327,-2.573269939422607
2025-10-29,2025-11-11,5.0,6.399758,-1.3997578620910645
2025-10-29,2025-11-12,7.7,6.472693,1.2273070335388185
2025-10-30,2025-10-31,4.5,5.6654806,-1.165480613708496
2025-10-30,2025-11-01,4.6,6.2972455,-1.6972455024719242
2025-10-30,2025-11-02,4.7,6.0783806,-1.3783805847167967
2025-10-30,2025-11-03,4.2,6.471406,-2.2714059829711912
2025-10-30,2025-11-04,4.7,6.80648,-2.1064799308776854
2025-10-30,2025-11-05,8.8,7.7258816,1.0741184234619148
2025-10-30,2025-11-06,8.2,7.6237016,0.5762984275817864
2025-10-30,2025-11-07,7.3,7.079384,0.22061614990234357
2025-10-30,2025-11-08,12.4,7.0870748,5.312925243377686
2025-10-30,2025-11-09,8.8,7.685649,1.1143510818481452
2025-10-30,2025-11-10,4.4,6.9923134,-2.5923133850097653
2025-10-30,2025-11-11,5.0,7.269493,-2.2694931030273438
2025-10-30,2025-11-12,7.7,6.6844993,1.0155007362365724
2025-10-30,2025-11-13,7.4,6.8424487,0.5575512886047367
2025-10-31,2025-11-01,4.6,5.551512,-0.9515117645263675
2025-10-31,2025-11-02,4.7,6.17109,-1.4710901260375975
2025-10-31,2025-11-03,4.2,5.9603844,-1.7603843688964842
2025-10-31,2025-11-04,4.7,6.369782,-1.669781970977783
2025-10-31,2025-11-05,8.8,6.8769903,1.9230096817016609
2025-10-31,2025-11-06,8.2,7.718719,0.4812809944152825
2025-10-31,2025-11-07,7.3,7.568945,-0.2689449310302736
2025-10-31,2025-11-08,12.4,7.1084113,5.291588687896729
2025-10-31,2025-11-09,8.8,7.0016637,1.79833631515503
2025-10-31,2025-11-10,4.4,7.9958425,-3.5958424568176266
2025-10-31,2025-11-11,5.0,7.200525,-2.2005248069763184
2025-10-31,2025-11-12,7.7,7.571013,0.1289870262145998
2025-10-31,2025-11-13,7.4,6.9795003,0.4204997062683109
2025-10-31,2025-11-14,12.5,7.2461905,5.253809452056885
2025-11-01,2025-11-02,4.7,5.4528284,-0.7528284072875975
2025-11-01,2025-11-03,4.2,6.1612453,-1.9612453460693358
2025-11-01,2025-11-04,4.7,6.086088,-1.386088180541992
2025-11-01,2025-11-05,8.8,6.5835266,2.2164733886718757
2025-11-01,2025-11-06,8.2,7.075664,1.1243359565734856
2025-11-01,2025-11-07,7.3,7.861684,-0.5616838455200197
2025-11-01,2025-11-08,12.4,7.8008537,4.5991462707519535
2025-11-01,2025-11-09,8.8,7.2240744,1.5759256362915046
2025-11-01,2025-11-10,4.4,7.2433834,-2.843383407592773
2025-11-01,2025-11-11,5.0,8.265399,-3.2653989791870117
2025-11-01,2025-11-12,7.7,7.413743,0.28625698089599627
2025-11-01,2025-11-13,7.4,7.592201,-0.1922012329101559
2025-11-01,2025-11-14,12.5,6.9725065,5.527493476867676
2025-11-01,2025-11-15,7.4,7.2367444,0.16325559616088903
2025-11-02,2025-11-03,4.2,5.683564,-1.4835641860961912
2025-11-02,2025-11-04,4.7,6.5665994,-1.866599369049072
2025-11-02,2025-11-05,8.8,6.6699367,2.1300633430480964
2025-11-02,2025-11-06,8.2,7.0938687,1.1061312675476067
2025-11-02,2025-11-07,7.3,7.3760386,-0.07603855133056658
2025-11-02,2025-11-08,12.4,8.281918,4.118082427978516
2025-11-02,2025-11-09,8.8,8.231186,0.5688140869140632
2025-11-02,2025-11-10,4.4,7.370623,-2.970623111724853
2025-11-02,2025-11-11,5.0,7.66132,-2.661320209503174
2025-11-02,2025-11-12,7.7,8.356096,-0.6560962677001951
2025-11-02,2025-11-13,7.4,7.581696,-0.18169603347778285
2025-11-02,2025-11-14,12.5,7.400813,5.099186897277832
2025-11-02,2025-11-15,7.4,6.7897897,0.6102103233337406
2025-11-02,2025-11-16,2.9,6.9059434,-4.005943393707275
2025-11-03,2025-11-04,4.7,6.1978974,-1.497897434234619
2025-11-03,2025-11-05,8.8,6.924512,1.8754880905151374
2025-11-03,2025-11-06,8.2,7.0197,1.1802999496459954
2025-11-03,2025-11-07,7.3,7.455964,-0.15596408843994158
2025-11-03,2025-11-08,12.4,7.6758757,4.724124336242676
2025-11-03,2025-11-09,8.8,8.602232,0.19776802062988352
2025-11-03,2025-11-10,4.4,8.503732,-4.103731727600097
2025-11-03,2025-11-11,5.0,7.573268,-2.573267936706543
2025-11-03,2025-11-12,7.7,7.763621,-0.06362085342407209
2025-11-03,2025-11-13,7.4,8.125605,-0.7256046295166012
2025-11-03,2025-11-14,12.5,7.3208237,5.179176330566406
2025-11-03,2025-11-15,7.4,7.073398,0.32660188674926793
2025-11-03,2025-11-16,2.9,6.4078393,-3.507839298248291
2025-11-03,2025-11-17,4.0,6.4624906,-2.4624905586242676
2025-11-04,2025-11-05,8.8,6.8373194,1.962680625915528
2025-11-04,2025-11-06,8.2,7.2953706,0.9046294212341301
2025-11-04,2025-11-07,7.3,7.24223,0.057770061492919744
2025-11-04,2025-11-08,12.4,7.743944,4.65605583190918
2025-11-04,2025-11-09,8.8,7.9778295,0.822170543670655
2025-11-04,2025-11-10,4.4,8.883115,-4.4831148147583
2025-11-04,2025-11-11,5.0,8.711173,-3.7111730575561523
2025-11-04,2025-11-12,7.7,7.824797,-0.12479715347290021
2025-11-04,2025-11-13,7.4,7.7284155,-0.328415489196777
2025-11-04,2025-11-14,12.5,7.8731017,4.626898288726807
2025-11-04,2025-11-15,7.4,7.028309,0.37169113159179723
2025-11-04,2025-11-16,2.9,6.8439374,-3.943937397003174
2025-11-04,2025-11-17,4.0,6.182269,-2.1822690963745117
2025-11-04,2025-11-18,9.1,6.2120514,2.887948608398437
2025-11-05,2025-11-06,8.2,7.624556,0.5754439353942864
2025-11-05,2025-11-07,7.3,7.7822924,-0.4822923660278322
2025-11-05,2025-11-08,12.4,7.5002637,4.899736309051514
2025-11-05,2025-11-09,8.8,8.082907,0.7170932769775398
2025-11-05,2025-11-10,4.4,8.32789,-3.9278903961181637
2025-11-05,2025-11-11,5.0,9.154971,-4.154971122741699
2025-11-05,2025-11-12,7.7,8.854865,-1.1548650741577147
2025-11-05,2025-11-13,7.4,8.021864,-0.6218639373779293
2025-11-05,2025-11-14,12.5,7.5952287,4.904771327972412
2025-11-05,2025-11-15,7.4,7.6502357,-0.25023565292358363
2025-11-05,2025-11-16,2.9,6.7661686,-3.8661685943603517
2025-11-05,2025-11-17,4.0,6.740654,-2.7406539916992188
2025-11-05,2025-11-18,9.1,6.093528,3.0064722061157223
2025-11-05,2025-11-19,3.0,6.1199145,-3.1199145317077637
2025-11-06,2025-11-07,7.3,8.201668,-0.9016677856445314
2025-11-06,2025-11-08,12.4,8.107877,4.292123222351075
2025-11-06,2025-11-09,8.8,7.6285653,1.171434688568116
2025-11-06,2025-11-10,4.4,8.266199,-3.866199111938476
2025-11-06,2025-11-11,5.0,8.461145,-3.4611454010009766
2025-11-06,2025-11-12,7.7,9.195956,-1.495956230163574
2025-11-06,2025-11-13,7.4,8.7249565,-1.3249565124511715
2025-11-06,2025-11-14,12.5,7.992316,4.507684230804443
2025-11-06,2025-11-15,7.4,7.2823067,0.11769332885742223
2025-11-06,2025-11-16,2.9,7.435538,-4.535537815093994
2025-11-06,2025-11-17,4.0,6.5046473,-2.5046472549438477
2025-11-06,2025-11-18,9.1,6.6613927,2.438607311248779
2025-11-06,2025-11-19,3.0,6.038838,-3.0388379096984863
2025-11-06,2025-11-20,4.2,6.121524,-1.921523857116699
2025-11-07,2025-11-08,12.4,8.542176,3.857823753356934
2025-11-07,2025-11-09,8.8,8.311579,0.48842124938964915
2025-11-07,2025-11-10,4.4,7.7292314,-3.3292313575744625
2025-11-07,2025-11-11,5.0,8.30691,-3.3069095611572266
2025-11-07,2025-11-12,7.7,8.416472,-0.7164724349975584
2025-11-07,2025-11-13,7.4,9.084494,-1.6844936370849606
2025-11-07,2025-11-14,12.5,8.459378,4.040621757507324
2025-11-07,2025-11-15,7.4,7.824991,-0.4249912261962887
2025-11-07,2025-11-16,2.9,6.887464,-3.9874640464782716
2025-11-07,2025-11-17,4.0,7.3018246,-3.3018245697021484
2025-11-07,2025-11-18,9.1,6.300902,2.7990981101989743
2025-11-07,2025-11-19,3.0,6.5110717,-3.5110716819763184
2025-11-07,2025-11-20,4.2,6.008455,-1.8084547996520994
2025-11-07,2025-11-21,8.4,6.1546874,2.245312595367432
2025-11-08,2025-11-09,8.8,8.636455,0.16354541778564524
2025-11-08,2025-11-10,4.4,8.415211,-4.015210723876953
2025-11-08,2025-11-11,5.0,7.931331,-2.931331157684326
2025-11-08,2025-11-12,7.7,8.401949,-0.7019489288330076
2025-11-08,2025-11-13,7.4,8.148605,-0.7486053466796871
2025-11-08,2025-11-14,12.5,8.8381405,3.6618595123291016
2025-11-08,2025-11-15,7.4,8.237255,-0.8372550964355465
2025-11-08,2025-11-16,2.9,7.55268,-4.6526800155639645
2025-11-08,2025-11-17,4.0,6.7814245,-2.7814245223999023
2025-11-08,2025-11-18,9.1,7.203905,1.8960948944091793
2025-11-08,2025-11-19,3.0,6.303294,-3.3032941818237305
2025-11-08,2025-11-20,4.2,6.3093157,-2.1093156814575194
2025-11-08,2025-11-21,8.4,5.8628716,2.537128353118897
2025-11-08,2025-11-22,5.1,6.104984,-1.0049838066101078
2025-11-09,2025-11-10,4.4,8.683245,-4.283244705200195
2025-11-09,2025-11-11,5.0,8.574207,-3.574207305908203
2025-11-09,2025-11-12,7.7,8.311227,-0.6112268447875975
2025-11-09,2025-11-13,7.4,8.511474,-1.1114736557006832
2025-11-09,2025-11-14,12.5,7.87869,4.621310234069824
2025-11-09,2025-11-15,7.4,8.68874,-1.2887397766113278
2025-11-09,2025-11-16,2.9,8.174646,-5.274646377563476
2025-11-09,2025-11-17,4.0,7.2673254,-3.2673254013061523
2025-11-09,2025-11-18,9.1,6.905319,2.194680786132812
2025-11-09,2025-11-19,3.0,7.149324,-4.1493239402771
2025-11-09,2025-11-20,4.2,6.4181647,-2.2181647300720213
2025-11-09,2025-11-21,8.4,6.1713724,2.2286275863647464
2025-11-09,2025-11-22,5.1,5.7456517,-0.6456517219543461
2025-11-09,2025-11-23,4.1,6.040204,-1.9402040481567386
2025-11-10,2025-11-11,5.0,8.706035,-3.7060346603393555
2025-11-10,2025-11-12,7.7,8.491352,-0.791352081298828
2025-11-10,2025-11-13,7.4,8.232262,-0.8322616577148434
2025-11-10,2025-11-14,12.5,8.324164,4.175835609436035
2025-11-10,2025-11-15,7.4,7.660312,-0.26031217575073207
2025-11-10,2025-11-16,2.9,8.480347,-5.5803466796875
2025-11-10,2025-11-17,4.0,8.013526,-4.01352596282959
2025-11-10,2025-11-18,9.1,7.1458054,1.954194641113281
2025-11-10,2025-11-19,3.0,6.935491,-3.9354910850524902
2025-11-10,2025-11-20,4.2,6.920908,-2.720907974243164
2025-11-10,2025-11-21,8.4,6.305473,2.09452714920044
2025-11-10,2025-11-22,5.1,6.0997095,-0.999709510803223
2025-11-10,2025-11-23,4.1,5.5957994,-1.4957994461059574
2025-11-10,2025-11-24,3.2,5.9776607,-2.7776606559753416
2025-11-11,2025-11-12,7.7,8.772777,-1.0727766036987303
2025-11-11,2025-11-13,7.4,8.410731,-1.0107313156127926
2025-11-11,2025-11-14,12.5,8.093889,4.406110763549805
2025-11-11,2025-11-15,7.4,8.179483,-0.7794834136962887
2025-11-11,2025-11-16,2.9,7.611531,-4.711530780792236
2025-11-11,2025-11-17,4.0,8.43282,-4.4328203201293945
2025-11-11,2025-11-18,9.1,8.006797,1.0932031631469723
2025-11-11,2025-11-19,3.0,7.185296,-4.185296058654785
2025-11-11,2025-11-20,4.2,6.969397,-2.7693970680236815
2025-11-11,2025-11-21,8.4,6.7898006,1.610199356079102
2025-11-11,2025-11-22,5.1,6.2402635,-1.1402634620666507
2025-11-11,2025-11-23,4.1,6.145061,-2.045061016082764
2025-11-11,2025-11-24,3.2,5.6437654,-2.4437654495239256
2025-11-11,2025-11-25,3.6,6.074221,-2.474221134185791
2025-11-12,2025-11-13,7.4,8.835496,-1.4354959487915036
2025-11-12,2025-11-14,12.5,8.329956,4.1700439453125
2025-11-12,2025-11-15,7.4,7.8788304,-0.47883043289184535
2025-11-12,2025-11-16,2.9,8.096585,-5.196585273742675
2025-11-12,2025-11-17,4.0,7.6664333,-3.666433334350586
2025-11-12,2025-11-18,9.1,8.450019,0.6499811172485348
2025-11-12,2025-11-19,3.0,8.01047,-5.010470390319824
2025-11-12,2025-11-20,4.2,7.2550507,-3.0550506591796873
2025-11-12,2025-11-21,8.4,6.92674,1.4732598304748539
2025-11-12,2025-11-22,5.1,6.7189193,-1.6189192771911625
2025-11-12,2025-11-23,4.1,6.166704,-2.0667041778564457
2025-11-12,2025-11-24,3.2,6.2378263,-3.037826347351074
2025-11-12,2025-11-25,3.6,5.7448587,-2.144858741760254
2025-11-12,2025-11-26,11.0,6.1852326,4.814767360687256
2025-11-13,2025-11-14,12.5,8.675142,3.824857711791992
2025-11-13,2025-11-15,7.4,8.093682,-0.6936822891235348
2025-11-13,2025-11-16,2.9,7.5714445,-4.671444511413574
2025-11-13,2025-11-17,4.0,7.9463305,-3.9463305473327637
2025-11-13,2025-11-18,9.1,7.650181,1.449819183349609
2025-11-13,2025-11-19,3.0,8.360039,-5.360038757324219
2025-11-13,2025-11-20,4.2,7.912682,-3.7126820564270018
2025-11-13,2025-11-21,8.4,7.2185087,1.1814912796020511
2025-11-13,2025-11-22,5.1,6.8003817,-1.7003816604614261
2025-11-13,2025-11-23,4.1,6.764088,-2.6640881538391117
2025-11-13,2025-11-24,3.2,6.123293,-2.9232929229736326
2025-11-13,2025-11-25,3.6,6.3484077,-2.748407745361328
2025-11-13,2025-11-26,11.0,5.8726087,5.127391338348389
2025-11-13,2025-11-27,3.5,6.3577657,-2.8577656745910645
2025-11-14,2025-11-15,7.4,8.527599,-1.1275993347167965
2025-11-14,2025-11-16,2.9,7.9671617,-5.067161655426025
2025-11-14,2025-11-17,4.0,7.348747,-3.3487467765808105
2025-11-14,2025-11-18,9.1,7.770498,1.329502201080322
2025-11-14,2025-11-19,3.0,7.6304755,-4.6304755210876465
2025-11-14,2025-11-20,4.2,8.232391,-4.032391357421875
2025-11-14,2025-11-21,8.4,7.7211876,0.678812408447266
2025-11-14,2025-11-22,5.1,7.132323,-2.0323227882385257
2025-11-14,2025-11-23,4.1,6.596381,-2.496381187438965
2025-11-14,2025-11-24,3.2,6.8072596,-3.6072595596313475
2025-11-14,2025-11-25,3.6,6.148694,-2.548694038391113
2025-11-14,2025-11-26,11.0,6.4418254,4.5581746101379395
2025-11-14,2025-11-27,3.5,6.0037823,-2.503782272338867
2025-11-14,2025-11-28,5.699999999999999,6.507562,-0.8075621604919441
2025-11-15,2025-11-16,2.9,8.420901,-5.520901298522949
2025-11-15,2025-11-17,4.0,7.931894,-3.931893825531006
2025-11-15,2025-11-18,9.1,7.438888,1.6611119270324703
2025-11-15,2025-11-19,3.0,7.775171,-4.775170803070068
2025-11-15,2025-11-20,4.2,7.534462,-3.334461975097656
2025-11-15,2025-11-21,8.4,8.130403,0.26959743499755895
2025-11-15,2025-11-22,5.1,7.6143446,-2.5143445968627933
2025-11-15,2025-11-23,4.1,7.021173,-2.9211730003356937
2025-11-15,2025-11-24,3.2,6.664176,-3.464175987243652
2025-11-15,2025-11-25,3.6,6.883328,-3.2833279609680175
2025-11-15,2025-11-26,11.0,6.3609524,4.639047622680664
2025-11-15,2025-11-27,3.5,6.5484543,-3.0484542846679688
2025-11-15,2025-11-28,5.699999999999999,6.0874557,-0.38745574951171946
2025-11-15,2025-11-29,3.8,6.620221,-2.8202211380004885
2025-11-16,2025-11-17,4.0,8.314493,-4.314493179321289
2025-11-16,2025-11-18,9.1,8.003246,1.0967536926269528
2025-11-16,2025-11-19,3.0,7.7876854,-4.787685394287109
2025-11-16,2025-11-20,4.2,7.989609,-3.7896087646484373
2025-11-16,2025-11-21,8.4,7.4412236,0.9587763786315922
2025-11-16,2025-11-22,5.1,8.172982,-3.072982215881348
2025-11-16,2025-11-23,4.1,7.7490754,-3.6490754127502445
2025-11-16,2025-11-24,3.2,6.971347,-3.771346855163574
2025-11-16,2025-11-25,3.6,7.0220466,-3.4220465660095214
2025-11-16,2025-11-26,11.0,7.0819983,3.918001651763916
2025-11-16,2025-11-27,3.5,6.6145825,-3.1145825386047363
2025-11-16,2025-11-28,5.699999999999999,6.5532646,-0.8532646179199226
2025-11-16,2025-11-29,3.8,6.120753,-2.320752811431885
2025-11-16,2025-11-30,4.6,6.6008058,-2.000805759429932
2025-11-17,2025-11-18,9.1,8.271035,0.828964805603027
2025-11-17,2025-11-19,3.0,7.9869547,-4.986954689025879
2025-11-17,2025-11-20,4.2,7.88898,-3.688979911804199
2025-11-17,2025-11-21,8.4,8.027287,0.37271347045898473
2025-11-17,2025-11-22,5.1,7.425245,-2.325244808197022
2025-11-17,2025-11-23,4.1,8.298719,-4.19871940612793
2025-11-17,2025-11-24,3.2,7.9105806,-4.710580635070801
2025-11-17,2025-11-25,3.6,7.071427,-3.4714268684387206
2025-11-17,2025-11-26,11.0,7.253785,3.7462148666381836
2025-11-17,2025-11-27,3.5,7.109466,-3.609466075897217
2025-11-17,2025-11-28,5.699999999999999,6.58411,-0.8841097831726081
2025-11-17,2025-11-29,3.8,6.384294,-2.5842940330505373
2025-11-17,2025-11-30,4.6,5.949442,-1.3494419097900394
2025-11-17,2025-12-01,3.5,6.4254336,-2.92543363571167
2025-11-18,2025-11-19,3.0,8.346164,-5.346163749694824
2025-11-18,2025-11-20,4.2,8.07655,-3.8765495300292967
2025-11-18,2025-11-21,8.4,7.981817,0.4181832313537601
2025-11-18,2025-11-22,5.1,8.0368,-2.9368003845214847
2025-11-18,2025-11-23,4.1,7.5063534,-3.406353378295899
2025-11-18,2025-11-24,3.2,8.517736,-5.317736434936523
2025-11-18,2025-11-25,3.6,8.149019,-4.549019241333008
2025-11-18,2025-11-26,11.0,7.242726,3.7572741508483887
2025-11-18,2025-11-27,3.5,7.421345,-3.9213452339172363
2025-11-18,2025-11-28,5.699999999999999,7.1513896,-1.4513895988464363
2025-11-18,2025-11-29,3.8,6.602643,-2.8026430130004885
2025-11-18,2025-11-30,4.6,6.423179,-1.823179149627686
2025-11-18,2025-12-01,3.5,5.9397516,-2.439751625061035
2025-11-18,2025-12-02,4.8,6.416418,-1.6164180755615236
2025-11-19,2025-11-20,4.2,8.068484,-3.868484306335449
2025-11-19,2025-11-21,8.4,7.953182,0.446817779541016
2025-11-19,2025-11-22,5.1,7.7996025,-2.6996025085449222
2025-11-19,2025-11-23,4.1,7.8893123,-3.789312267303467
2025-11-19,2025-11-24,3.2,7.4814034,-4.281403350830078
2025-11-19,2025-11-25,3.6,8.578145,-4.978145027160645
2025-11-19,2025-11-26,11.0,8.290118,2.7098817825317383
2025-11-19,2025-11-27,3.5,7.2787414,-3.7787413597106934
2025-11-19,2025-11-28,5.699999999999999,7.477034,-1.7770340919494636
2025-11-19,2025-11-29,3.8,7.256335,-3.4563347816467287
2025-11-19,2025-11-30,4.6,6.5693865,-1.9693864822387699
2025-11-19,2025-12-01,3.5,6.512905,-3.0129051208496094
2025-11-19,2025-12-02,4.8,6.003437,-1.2034370422363283
2025-11-19,2025-12-03,6.500000000000001,6.4332104,0.0667896270751962
2025-11-20,2025-11-21,8.4,7.944943,0.4550570487976078
2025-11-20,2025-11-22,5.1,7.966754,-2.866753959655762
2025-11-20,2025-11-23,4.1,7.790194,-3.6901940345764164
2025-11-20,2025-11-24,3.2,7.9375167,-4.737516689300537
2025-11-20,2025-11-25,3.6,7.602,-4.002000236511231
2025-11-20,2025-11-26,11.0,8.818518,2.1814823150634766
2025-11-20,2025-11-27,3.5,8.513172,-5.013172149658203
2025-11-20,2025-11-28,5.699999999999999,7.3323193,-1.6323192596435554
2025-11-20,2025-11-29,3.8,7.5278606,-3.7278606414794924
2025-11-20,2025-11-30,4.6,7.4483685,-2.848368549346924
2025-11-20,2025-12-01,3.5,6.5915213,-3.0915212631225586
2025-11-20,2025-12-02,4.8,6.6034107,-1.8034107208251955
2025-11-20,2025-12-03,6.500000000000001,6.0792427,0.42075729370117276
2025-11-20,2025-12-04,6.500000000000001,6.4798183,0.02018165588378995
2025-11-21,2025-11-22,5.1,7.86846,-2.7684601783752445
2025-11-21,2025-11-23,4.1,8.061736,-3.961736106872559
2025-11-21,2025-11-24,3.2,7.8667884,-4.666788387298584
2025-11-21,2025-11-25,3.6,8.060638,-4.460638427734375
2025-11-21,2025-11-26,11.0,7.7144904,3.2855095863342285
2025-11-21,2025-11-27,3.5,9.064452,-5.564452171325684
2025-11-21,2025-11-28,5.699999999999999,8.660478,-2.9604776382446296
2025-11-21,2025-11-29,3.8,7.397088,-3.5970880508422853
2025-11-21,2025-11-30,4.6,7.569877,-2.969877147674561
2025-11-21,2025-12-01,3.5,7.672417,-4.172417163848877
2025-11-21,2025-12-02,4.8,6.7109942,-1.9109942436218263
2025-11-21,2025-12-03,6.500000000000001,6.6935935,-0.19359350204467685
2025-11-21,2025-12-04,6.500000000000001,6.141333,0.35866689682006925
2025-11-21,2025-12-05,6.4,6.5257893,-0.12578926086425746
2025-11-22,2025-11-23,4.1,7.660659,-3.5606588363647464
2025-11-22,2025-11-24,3.2,8.072951,-4.872951316833496
2025-11-22,2025-11-25,3.6,8.027882,-4.4278816223144535
2025-11-22,2025-11-26,11.0,8.124145,2.8758554458618164
2025-11-22,2025-11-27,3.5,7.6558967,-4.1558966636657715
2025-11-22,2025-11-28,5.699999999999999,9.170138,-3.470138359069825
2025-11-22,2025-11-29,3.8,8.803398,-5.003398132324219
2025-11-22,2025-11-30,4.6,7.4589024,-2.8589023590087894
2025-11-22,2025-12-01,3.5,7.822028,-4.322028160095215
2025-11-22,2025-12-02,4.8,8.01151,-3.211509895324707
2025-11-22,2025-12-03,6.500000000000001,7.0735836,-0.5735836029052725
2025-11-22,2025-12-04,6.500000000000001,6.8711853,-0.3711853027343741
2025-11-22,2025-12-05,6.4,6.2126822,0.18731775283813512
2025-11-22,2025-12-06,6.1000000000000005,6.653495,-0.5534948348999018
2025-11-23,2025-11-24,3.2,7.3467216,-4.146721649169922
2025-11-23,2025-11-25,3.6,8.0445175,-4.444517517089844
2025-11-23,2025-11-26,11.0,8.136959,2.8630409240722656
2025-11-23,2025-11-27,3.5,8.159314,-4.659314155578613
2025-11-23,2025-11-28,5.699999999999999,7.5273495,-1.8273494720458991
2025-11-23,2025-11-29,3.8,9.153706,-5.353705596923828
2025-11-23,2025-11-30,4.6,8.866214,-4.26621379852295
2025-11-23,2025-12-01,3.5,7.424858,-3.9248580932617188
2025-11-23,2025-12-02,4.8,8.03623,-3.2362300872802736
2025-11-23,2025-12-03,6.500000000000001,8.17952,-1.6795196533203116
2025-11-23,2025-12-04,6.500000000000001,7.340992,-0.8409919738769522
2025-11-23,2025-12-05,6.4,6.8650007,-0.4650007247924801
2025-11-23,2025-12-06,6.1000000000000005,6.1887035,-0.08870353698730415
2025-11-23,2025-12-07,4.3,6.531853,-2.231853199005127
2025-11-24,2025-11-25,3.6,7.263571,-3.663570785522461
2025-11-24,2025-11-26,11.0,7.9716516,3.028348445892334
2025-11-24,2025-11-27,3.5,8.02492,-4.524920463562012
2025-11-24,2025-11-28,5.699999999999999,7.999477,-2.299476909637452
2025-11-24,2025-11-29,3.8,7.510135,-3.7101351737976076
2025-11-24,2025-11-30,4.6,9.121518,-4.521518135070801
2025-11-24,2025-12-01,3.5,8.809047,-5.309046745300293
2025-11-24,2025-12-02,4.8,7.495043,-2.6950428009033205
2025-11-24,2025-12-03,6.500000000000001,8.031448,-1.5314483642578116
2025-11-24,2025-12-04,6.500000000000001,8.038546,-1.538545608520507
2025-11-24,2025-12-05,6.4,7.2585244,-0.8585244178771969
2025-11-24,2025-12-06,6.1000000000000005,6.7646737,-0.6646737098693842
2025-11-24,2025-12-07,4.3,6.0817137,-1.781713676452637
2025-11-24,2025-12-08,5.299999999999999,6.362134,-1.0621339797973643
2025-11-25,2025-11-26,11.0,7.339658,3.660342216491699
2025-11-25,2025-11-27,3.5,7.9308295,-4.4308295249938965
2025-11-25,2025-11-28,5.699999999999999,7.9131894,-2.213189411163331
2025-11-25,2025-11-29,3.8,7.9604034,-4.160403442382813
2025-11-25,2025-11-30,4.6,7.6128435,-3.01284351348877
2025-11-25,2025-12-01,3.5,9.224145,-5.72414493560791
2025-11-25,2025-12-02,4.8,8.893604,-4.093604278564453
2025-11-25,2025-12-03,6.500000000000001,7.6525826,-1.1525826454162589
2025-11-25,2025-12-04,6.500000000000001,8.015955,-1.5159549713134757
2025-11-25,2025-12-05,6.4,7.9282584,-1.5282584190368649
2025-11-25,2025-12-06,6.1000000000000005,7.1893916,-1.0893916130065913
2025-11-25,2025-12-07,4.3,6.698504,-2.3985039710998537
2025-11-25,2025-12-08,5.299999999999999,6.072514,-0.7725140571594249
2025-11-25,2025-12-09,5.5,6.293811,-0.7938108444213867
2025-11-26,2025-11-27,3.5,7.575076,-4.075076103210449
2025-11-26,2025-11-28,5.699999999999999,8.070473,-2.370472717285157
2025-11-26,2025-11-29,3.8,7.9682693,-4.168269348144531
2025-11-26,2025-11-30,4.6,8.040761,-3.44076099395752
2025-11-26,2025-12-01,3.5,7.783639,-4.283638954162598
2025-11-26,2025-12-02,4.8,9.358464,-4.558464241027832
2025-11-26,2025-12-03,6.500000000000001,8.985463,-2.4854631423950186
2025-11-26,2025-12-04,6.500000000000001,7.781384,-1.2813839912414542
2025-11-26,2025-12-05,6.4,8.014993,-1.6149927139282223
2025-11-26,2025-12-06,6.1000000000000005,7.961812,-1.861812019348144
2025-11-26,2025-12-07,4.3,7.2591,-2.9590999603271486
2025-11-26,2025-12-08,5.299999999999999,6.8976274,-1.597627353668214
2025-11-26,2025-12-09,5.5,6.2286325,-0.7286324501037598
2025-11-26,2025-12-10,6.900000000000001,6.478691,0.4213088989257825
2025-11-27,2025-11-28,5.699999999999999,7.408948,-1.708947944641114
2025-11-27,2025-11-29,3.8,7.9694786,-4.1694786071777346
2025-11-27,2025-11-30,4.6,7.7609773,-3.1609772682189945
2025-11-27,2025-12-01,3.5,7.8804717,-4.380471706390381
2025-11-27,2025-12-02,4.8,7.697177,-2.8971769332885744
2025-11-27,2025-12-03,6.500000000000001,9.156698,-2.65669822692871
2025-11-27,2025-12-04,6.500000000000001,8.773588,-2.2735881805419913
2025-11-27,2025-12-05,6.4,7.6317782,-1.231778240203857
2025-11-27,2025-12-06,6.1000000000000005,7.7890606,-1.6890605926513667
2025-11-27,2025-12-07,4.3,7.9741416,-3.674141597747803
2025-11-27,2025-12-08,5.299999999999999,7.227341,-1.9273411750793468
2025-11-27,2025-12-09,5.5,7.168006,-1.6680059432983398
2025-11-27,2025-12-10,6.900000000000001,6.3480725,0.5519274711608899
2025-11-27,2025-12-11,6.500000000000001,6.6196604,-0.11966037750244052
2025-11-28,2025-11-29,3.8,7.1010885,-3.3010885238647463
2025-11-28,2025-11-30,4.6,7.76438,-3.164379978179932
2025-11-28,2025-12-01,3.5,7.469169,-3.9691691398620605
2025-11-28,2025-12-02,4.8,7.7540245,-2.9540245056152346
2025-11-28,2025-12-03,6.500000000000001,7.5583296,-1.0583295822143546
2025-11-28,2025-12-04,6.500000000000001,8.935149,-2.4351491928100577
2025-11-28,2025-12-05,6.4,8.531865,-2.1318651199340817
2025-11-28,2025-12-06,6.1000000000000005,7.5004478,-1.4004477500915522
2025-11-28,2025-12-07,4.3,7.59004,-3.29004020690918
2025-11-28,2025-12-08,5.299999999999999,8.061788,-2.7617876052856456
2025-11-28,2025-12-09,5.5,7.2181954,-1.7181954383850098
2025-11-28,2025-12-10,6.900000000000001,7.318081,-0.41808090209960813
2025-11-28,2025-12-11,6.500000000000001,6.3962603,0.10373973846435636
2025-11-28,2025-12-12,6.8,6.69565,0.10434989929199201
2025-11-29,2025-11-30,4.6,6.684905,-2.084905052185059
2025-11-29,2025-12-01,3.5,7.4530854,-3.953085422515869
2025-11-29,2025-12-02,4.8,7.3256946,-2.525694561004639
2025-11-29,2025-12-03,6.500000000000001,7.6149697,-1.1149697303771964
2025-11-29,2025-12-04,6.500000000000001,7.2791038,-0.7791037559509268
2025-11-29,2025-12-05,6.4,8.659484,-2.2594839096069332
2025-11-29,2025-12-06,6.1000000000000005,8.30209,-2.202089691162109
2025-11-29,2025-12-07,4.3,7.3551426,-3.0551425933837892
2025-11-29,2025-12-08,5.299999999999999,7.5706496,-2.2706496238708507
2025-11-29,2025-12-09,5.5,8.203549,-2.703549385070801
2025-11-29,2025-12-10,6.900000000000001,7.3986645,-0.49866447448730344
2025-11-29,2025-12-11,6.500000000000001,7.40377,-0.9037699699401847
2025-11-29,2025-12-12,6.8,6.3976235,0.40237646102905256
2025-11-29,2025-12-13,8.7,6.774717,1.9252831459045403
2025-11-30,2025-12-01,3.5,6.468166,-2.968165874481201
2025-11-30,2025-12-02,4.8,7.375386,-2.5753862380981447
2025-11-30,2025-12-03,6.500000000000001,7.5366554,-1.0366554260253897
2025-11-30,2025-12-04,6.500000000000001,7.7152786,-1.2152786254882804
2025-11-30,2025-12-05,6.4,7.157082,-0.7570820808410641
2025-11-30,2025-12-06,6.1000000000000005,8.675192,-2.5751918792724604
2025-11-30,2025-12-07,4.3,8.357245,-4.057245445251465
2025-11-30,2025-12-08,5.299999999999999,7.3059096,-2.0059096336364757
2025-11-30,2025-12-09,5.5,7.801986,-2.3019862174987793
2025-11-30,2025-12-10,6.900000000000001,8.379366,-1.4793659210205066
2025-11-30,2025-12-11,6.500000000000001,7.6884737,-1.18847370147705
2025-11-30,2025-12-12,6.8,7.386677,-0.5866767883300783
2025-11-30,2025-12-13,8.7,6.420577,2.279422950744628
2025-11-30,2025-12-14,5.6,6.7743306,-1.1743306159973148
2025-12-01,2025-12-02,4.8,6.498223,-1.6982228279113771
2025-12-01,2025-12-03,6.500000000000001,7.3640547,-0.8640546798706046
2025-12-01,2025-12-04,6.500000000000001,7.5045,-1.004499912261962
2025-12-01,2025-12-05,6.4,7.554053,-1.1540528297424313
2025-12-01,2025-12-06,6.1000000000000005,7.2528,-1.1527999877929682
2025-12-01,2025-12-07,4.3,8.773552,-4.473551940917969
2025-12-01,2025-12-08,5.299999999999999,8.437621,-3.1376211166381847
2025-12-01,2025-12-09,5.5,7.418555,-1.9185547828674316
2025-12-01,2025-12-10,6.900000000000001,7.799327,-0.8993268966674792
2025-12-01,2025-12-11,6.500000000000001,8.207796,-1.707796096801757
2025-12-01,2025-12-12,6.8,7.4852476,-0.6852476119995119
2025-12-01,2025-12-13,8.7,7.218938,1.4810621261596673
2025-12-01,2025-12-14,5.6,6.2592735,-0.6592735290527347
2025-12-01,2025-12-15,8.1,6.49849,1.601510143280029
2025-12-02,2025-12-03,6.500000000000001,6.6530857,-0.15308570861816317
2025-12-02,2025-12-04,6.500000000000001,7.412633,-0.9126329421997061
2025-12-02,2025-12-05,6.4,7.4238434,-1.0238433837890621
2025-12-02,2025-12-06,6.1000000000000005,7.48953,-1.3895300865173335
2025-12-02,2025-12-07,4.3,7.394811,-3.0948111534118654
2025-12-02,2025-12-08,5.299999999999999,8.8676195,-3.567619514465333
2025-12-02,2025-12-09,5.5,8.617262,-3.1172618865966797
2025-12-02,2025-12-10,6.900000000000001,7.5805254,-0.6805253982543933
2025-12-02,2025-12-11,6.500000000000001,7.7524476,-1.2524476051330558
2025-12-02,2025-12-12,6.8,8.005037,-1.205037307739258
2025-12-02,2025-12-13,8.7,7.188907,1.5110928535461419
2025-12-02,2025-12-14,5.6,7.0443172,-1.4443172454833988
2025-12-02,2025-12-15,8.1,6.117982,1.9820180892944332
2025-12-02,2025-12-16,6.1000000000000005,6.2939467,-0.19394674301147408
2025-12-03,2025-12-04,6.500000000000001,6.966508,-0.466507911682128
2025-12-03,2025-12-05,6.4,7.6057725,-1.205772495269775
2025-12-03,2025-12-06,6.1000000000000005,7.447977,-1.3479770660400385
2025-12-03,2025-12-07,4.3,7.575564,-3.275563907623291
2025-12-03,2025-12-08,5.299999999999999,7.633129,-2.333129119873048
2025-12-03,2025-12-09,5.5,9.041009,-3.541008949279785
2025-12-03,2025-12-10,6.900000000000001,8.835764,-1.9357639312744128
2025-12-03,2025-12-11,6.500000000000001,7.705595,-1.2055950164794913
2025-12-03,2025-12-12,6.8,7.709764,-0.9097640037536623
2025-12-03,2025-12-13,8.7,7.8200397,0.8799602508544915
2025-12-03,2025-12-14,5.6,6.9197693,-1.3197692871093754
2025-12-03,2025-12-15,8.1,6.96441,1.1355901718139645
2025-12-03,2025-12-16,6.1000000000000005,6.0330906,0.06690940856933647
2025-12-03,2025-12-17,8.4,6.184525,2.2154749870300297
2025-12-04,2025-12-05,6.4,7.0433903,-0.6433902740478512
2025-12-04,2025-12-06,6.1000000000000005,7.6167965,-1.516796493530273
2025-12-04,2025-12-07,4.3,7.35334,-3.0533401489257814
2025-12-04,2025-12-08,5.299999999999999,7.506458,-2.206457805633546
2025-12-04,2025-12-09,5.5,7.6145487,-2.114548683166504
2025-12-04,2025-12-10,6.900000000000001,8.914035,-2.014034843444823
2025-12-04,2025-12-11,6.500000000000001,8.76786,-2.2678604125976554
2025-12-04,2025-12-12,6.8,7.561718,-0.761717987060547
2025-12-04,2025-12-13,8.7,7.3966484,1.3033515930175774
2025-12-04,2025-12-14,5.6,7.6097383,-2.009738349914551
2025-12-04,2025-12-15,8.1,6.5441527,1.5558472633361813
2025-12-04,2025-12-16,6.1000000000000005,6.7773533,-0.6773532867431635
2025-12-04,2025-12-17,8.4,5.872864,2.5271362304687504
2025-12-04,2025-12-18,3.3,6.034692,-2.7346918106079103
2025-12-05,2025-12-06,6.1000000000000005,7.109389,-1.0093888282775874
2025-12-05,2025-12-07,4.3,7.6327643,-3.3327643394470217
2025-12-05,2025-12-08,5.299999999999999,7.369652,-2.069651794433595
2025-12-05,2025-12-09,5.5,7.4287043,-1.9287042617797852
2025-12-05,2025-12-10,6.900000000000001,7.4713087,-0.5713087081909167
2025-12-05,2025-12-11,6.500000000000001,8.737291,-2.2372913360595694
2025-12-05,2025-12-12,6.8,8.574664,-1.774664115905762
2025-12-05,2025-12-13,8.7,7.3060145,1.39398546218872
2025-12-05,2025-12-14,5.6,7.0103045,-1.4103044509887699
2025-12-05,2025-12-15,8.1,7.356819,0.7431808471679684
2025-12-05,2025-12-16,6.1000000000000005,6.1690598,-0.06905975341796822
2025-12-05,2025-12-17,8.4,6.513432,1.8865679740905765
2025-12-05,2025-12-18,3.3,5.6821084,-2.3821084022521974
2025-12-05,2025-12-19,5.2,5.905741,-0.7057412147521971
2025-12-06,2025-12-07,4.3,6.8043733,-2.5043732643127443
2025-12-06,2025-12-08,5.299999999999999,7.364435,-2.0644351959228526
2025-12-06,2025-12-09,5.5,7.3041015,-1.8041014671325684
2025-12-06,2025-12-10,6.900000000000001,7.2647333,-0.3647333145141589
2025-12-06,2025-12-11,6.500000000000001,7.0919676,-0.5919675827026358
2025-12-06,2025-12-12,6.8,8.325711,-1.525711250305176
2025-12-06,2025-12-13,8.7,8.334248,0.36575241088867116
2025-12-06,2025-12-14,5.6,6.9144025,-1.3144024848937992
2025-12-06,2025-12-15,8.1,6.826835,1.273164844512939
2025-12-06,2025-12-16,6.1000000000000005,7.175389,-1.0753888130187983
2025-12-06,2025-12-17,8.4,5.9782405,2.4217595100402836
2025-12-06,2025-12-18,3.3,6.168617,-2.8686167716979982
2025-12-06,2025-12-19,5.2,5.3605943,-0.1605942726135252
2025-12-06,2025-12-20,6.2,5.69592,0.5040800094604494
2025-12-07,2025-12-08,5.299999999999999,6.4700413,-1.1700412750244151
2025-12-07,2025-12-09,5.5,7.088215,-1.5882148742675781
2025-12-07,2025-12-10,6.900000000000001,7.2892475,-0.38924751281738157
2025-12-07,2025-12-11,6.500000000000001,7.100396,-0.6003961563110343
2025-12-07,2025-12-12,6.8,6.692592,0.10740785598754865
2025-12-07,2025-12-13,8.7,7.972389,0.727610778808593
2025-12-07,2025-12-14,5.6,8.120486,-2.5204862594604496
2025-12-07,2025-12-15,8.1,6.5115094,1.5884905815124508
2025-12-07,2025-12-16,6.1000000000000005,6.7864556,-0.686455631256103
2025-12-07,2025-12-17,8.4,6.930702,1.469297790527344
2025-12-07,2025-12-18,3.3,5.8778157,-2.5778157234191896
2025-12-07,2025-12-19,5.2,5.8516927,-0.6516926765441893
2025-12-07,2025-12-20,6.2,5.0559382,1.1440617561340334
2025-12-07,2025-12-21,10.900000000000002,5.430611,5.469388866424563
2025-12-08,2025-12-09,5.5,6.409232,-0.9092321395874023
2025-12-08,2025-12-10,6.900000000000001,6.7993493,0.10065069198608523
2025-12-08,2025-12-11,6.500000000000001,7.0006623,-0.5006623268127433
2025-12-08,2025-12-12,6.8,6.7933774,0.006622600555419744
2025-12-08,2025-12-13,8.7,6.428513,2.2714869499206536
2025-12-08,2025-12-14,5.6,7.6368947,-2.0368947029113773
2025-12-08,2025-12-15,8.1,7.849586,0.2504139900207516
2025-12-08,2025-12-16,6.1000000000000005,6.320555,-0.22055521011352486
2025-12-08,2025-12-17,8.4,6.6012206,1.798779392242432
2025-12-08,2025-12-18,3.3,6.5310173,-3.231017303466797
2025-12-08,2025-12-19,5.2,5.548835,-0.34883480072021467
2025-12-08,2025-12-20,6.2,5.5691557,0.630844306945801
2025-12-08,2025-12-21,10.900000000000002,4.7604513,6.139548683166506
2025-12-08,2025-12-22,16.0,5.212618,10.787382125854492
2025-12-09,2025-12-10,6.900000000000001,6.3401265,0.5598734855651868
2025-12-09,2025-12-11,6.500000000000001,6.4761715,0.02382850646972745
2025-12-09,2025-12-12,6.8,6.5844617,0.2155383110046385
2025-12-09,2025-12-13,8.7,6.517656,2.182344150543212
2025-12-09,2025-12-14,5.6,6.2508593,-0.6508592605590824
2025-12-09,2025-12-15,8.1,7.352528,0.7474719047546383
2025-12-09,2025-12-16,6.1000000000000005,7.6755657,-1.5755657196044917
2025-12-09,2025-12-17,8.4,6.244347,2.1556529045104984
2025-12-09,2025-12-18,3.3,6.3929577,-3.09295768737793
2025-12-09,2025-12-19,5.2,6.2263575,-1.0263574600219725
2025-12-09,2025-12-20,6.2,5.276675,0.923324775695801
2025-12-09,2025-12-21,10.900000000000002,5.410448,5.489551925659182
2025-12-09,2025-12-22,16.0,4.658938,11.341062068939209
2025-12-09,2025-12-23,15.3,5.173268,10.12673215866089
2025-12-10,2025-12-11,6.500000000000001,6.2832494,0.21675062179565519
2025-12-10,2025-12-12,6.8,6.2709923,0.5290077209472654
2025-12-10,2025-12-13,8.7,6.2405434,2.4594566345214837
2025-12-10,2025-12-14,5.6,6.348047,-0.7480467796325687
2025-12-10,2025-12-15,8.1,6.1153965,1.9846035003662106
2025-12-10,2025-12-16,6.1000000000000005,7.1419415,-1.0419415473937983
2025-12-10,2025-12-17,8.4,7.4994464,0.9005536079406742
2025-12-10,2025-12-18,3.3,6.165165,-2.865164947509766
2025-12-10,2025-12-19,5.2,6.2048893,-1.0048892974853514
2025-12-10,2025-12-20,6.2,5.9728603,0.22713966369628924
2025-12-10,2025-12-21,10.900000000000002,5.0678835,5.832116508483889
2025-12-10,2025-12-22,16.0,5.3524528,10.647547245025635
2025-12-10,2025-12-23,15.3,4.613094,10.686906147003175
2025-12-10,2025-12-24,5.6,5.136212,0.46378812789916957
2025-12-11,2025-12-12,6.8,6.230803,0.5691969871520994
2025-12-11,2025-12-13,8.7,6.1527915,2.5472084999084466
2025-12-11,2025-12-14,5.6,6.044244,-0.4442438125610355
2025-12-11,2025-12-15,8.1,6.203521,1.896479225158691
2025-12-11,2025-12-16,6.1000000000000005,6.0312567,0.06874332427978569
2025-12-11,2025-12-17,8.4,7.008162,1.3918379783630375
2025-12-11,2025-12-18,3.3,7.2853355,-3.9853355407714846
2025-12-11,2025-12-19,5.2,6.0585938,-0.8585937499999998
2025-12-11,2025-12-20,6.2,6.0048976,0.19510240554809588
2025-12-11,2025-12-21,10.900000000000002,5.918292,4.98170795440674
2025-12-11,2025-12-22,16.0,4.9870853,11.012914657592773
2025-12-11,2025-12-23,15.3,5.501497,9.798503208160401
2025-12-11,2025-12-24,5.6,4.744355,0.8556447982788082
2025-12-11,2025-12-25,4.3,5.334861,-1.0348608016967775
2025-12-12,2025-12-13,8.7,6.068015,2.631984901428222
2025-12-12,2025-12-14,5.6,5.9967604,-0.3967603683471683
2025-12-12,2025-12-15,8.1,5.84685,2.253150081634521
2025-12-12,2025-12-16,6.1000000000000005,6.022958,0.07704219818115288
2025-12-12,2025-12-17,8.4,5.868742,2.531258010864258
2025-12-12,2025-12-18,3.3,6.843994,-3.543994140625
2025-12-12,2025-12-19,5.2,6.9918075,-1.791807460784912
2025-12-12,2025-12-20,6.2,5.920605,0.2793948173522951
2025-12-12,2025-12-21,10.900000000000002,5.7693815,5.130618476867678
2025-12-12,2025-12-22,16.0,5.9650626,10.034937381744385
2025-12-12,2025-12-23,15.3,4.9974637,10.302536296844483
2025-12-12,2025-12-24,5.6,5.6002865,-0.00028648376464879277
2025-12-12,2025-12-25,4.3,4.8800325,-0.580032539367676
2025-12-12,2025-12-26,10.2,5.548251,4.651748847961425
2025-12-13,2025-12-14,5.6,5.8776255,-0.27762546539306676
2025-12-13,2025-12-15,8.1,5.95068,2.1493202209472653
2025-12-13,2025-12-16,6.1000000000000005,6.006822,0.09317789077758842
2025-12-13,2025-12-17,8.4,6.026913,2.3730868339538578
2025-12-13,2025-12-18,3.3,5.729198,-2.429197978973389
2025-12-13,2025-12-19,5.2,6.819842,-1.6198418617248533
2025-12-13,2025-12-20,6.2,6.90667,-0.7066700935363768
2025-12-13,2025-12-21,10.900000000000002,5.8348646,5.065135383605959
2025-12-13,2025-12-22,16.0,6.004766,9.99523401260376
2025-12-13,2025-12-23,15.3,6.2062297,9.09377031326294
2025-12-13,2025-12-24,5.6,5.3730507,0.22694931030273402
2025-12-13,2025-12-25,4.3,5.817329,-1.5173289299011232
2025-12-13,2025-12-26,10.2,5.028847,5.171152782440185
2025-12-13,2025-12-27,3.9000000000000004,5.8436427,-1.943642711639404
2025-12-14,2025-12-15,8.1,5.6720505,2.427949523925781
2025-12-14,2025-12-16,6.1000000000000005,5.966107,0.13389310836792045
2025-12-14,2025-12-17,8.4,6.314246,2.0857538223266605
2025-12-14,2025-12-18,3.3,6.1096706,-2.809670639038086
2025-12-14,2025-12-19,5.2,5.6137104,-0.41371040344238263
2025-12-14,2025-12-20,6.2,6.929099,-0.7290990829467772
2025-12-14,2025-12-21,10.900000000000002,6.99687,3.9031299591064474
2025-12-14,2025-12-22,16.0,5.7895427,10.21045732498169
2025-12-14,2025-12-23,15.3,6.46374,8.836260128021241
2025-12-14,2025-12-24,5.6,6.4558544,-0.855854415893555
2025-12-14,2025-12-25,4.3,5.813728,-1.5137278556823732
2025-12-14,2025-12-26,10.2,5.9823756,4.217624378204345
2025-12-14,2025-12-27,3.9000000000000004,5.1210256,-1.2210255622863766
2025-12-14,2025-12-28,4.5,5.967111,-1.4671111106872559
2025-12-15,2025-12-16,6.1000000000000005,5.81541,0.28458986282348686
2025-12-15,2025-12-17,8.4,6.0356064,2.3643936157226566
2025-12-15,2025-12-18,3.3,6.36466,-3.0646597862243654
2025-12-15,2025-12-19,5.2,6.128136,-0.9281361579895018
2025-12-15,2025-12-20,6.2,5.7142887,0.4857112884521486
2025-12-15,2025-12-21,10.900000000000002,7.0770273,3.8229726791381857
2025-12-15,2025-12-22,16.0,7.1161957,8.883804321289062
2025-12-15,2025-12-23,15.3,5.9948006,9.305199432373048
2025-12-15,2025-12-24,5.6,6.7678246,-1.1678246498107914
2025-12-15,2025-12-25,4.3,6.532747,-2.2327467918396
2025-12-15,2025-12-26,10.2,5.9435797,4.2564203262329094
2025-12-15,2025-12-27,3.9000000000000004,6.1099167,-2.2099166870117184
2025-12-15,2025-12-28,4.5,5.145509,-0.6455087661743164
2025-12-15,2025-12-29,3.5,6.029047,-2.5290470123291016
2025-12-16,2025-12-17,8.4,6.0190206,2.380979442596436
2025-12-16,2025-12-18,3.3,6.1080256,-2.8080255508422853
2025-12-16,2025-12-19,5.2,6.3115897,-1.11158971786499
2025-12-16,2025-12-20,6.2,6.148106,0.05189390182495135
2025-12-16,2025-12-21,10.900000000000002,5.876724,5.023276233673098
2025-12-16,2025-12-22,16.0,7.2302856,8.76971435546875
2025-12-16,2025-12-23,15.3,7.2498865,8.050113487243653
2025-12-16,2025-12-24,5.6,6.2928696,-0.6928695678710941
2025-12-16,2025-12-25,4.3,6.9930463,-2.693046283721924
2025-12-16,2025-12-26,10.2,6.6139092,3.5860907554626458
2025-12-16,2025-12-27,3.9000000000000004,6.0951233,-2.1951232910156246
2025-12-16,2025-12-28,4.5,6.3293886,-1.8293886184692383
2025-12-16,2025-12-29,3.5,5.329859,-1.8298587799072266
2025-12-16,2025-12-30,3.9000000000000004,6.18754,-2.2875400543212887
